ISO-10303-21;
HEADER;
FILE_DESCRIPTION(('ViewDefinition[AISC_Steel_Detailing]', 'Option [BaseQuantities:Off]', 'Option [GridExport:On]', 'Option [Assemblies:On]', 'Option [Bolts:On]', 'Option [Rebars:On]', 'Option [PourObjects:Off]', 'Option [Welds:On]', 'Option [SurfaceTreatments:On]', 'Option [LocationBy:0]', 'Option [ViewColors:Off]', 'Option [SectionedSpine:Off]', 'Option [PropertySets:On]', 'Option [Export all:Off]'),'2;1');
FILE_NAME('col03.ifc','2026-04-07T16:19:09',('PC\\gcorrea'),('Structural Designer'),'IFC Database version: Work','Tekla Structures 2020 Service Pack 5, IFC Export Version: 4.0.0.0 Dec  7 2020','');
FILE_SCHEMA(('IFC2X3'));
ENDSEC;

DATA;
#1= IFCPERSON('PC\\gcorrea','Undefined',$,$,$,$,$,$);
#2= IFCORGANIZATION($,'Trimble Solutions Corporation',$,$,$);
#3= IFCPERSONANDORGANIZATION(#1,#2,$);
#4= IFCAPPLICATION(#2,'2020 Service Pack 5','Tekla Structures','Multi material modeling');
#5= IFCOWNERHISTORY(#3,#4,$,.NOCHANGE.,$,$,$,1775596749);
#6= IFCCARTESIANPOINT((0.,0.,0.));
#7= IFCDIRECTION((1.,0.,0.));
#8= IFCDIRECTION((0.,1.,0.));
#9= IFCDIRECTION((0.,0.,1.));
#10= IFCAXIS2PLACEMENT3D(#6,#9,#7);
#11= IFCGEOMETRICREPRESENTATIONCONTEXT($,'Model',3,1.E-05,#10,$);
#12= IFCGEOMETRICREPRESENTATIONSUBCONTEXT('Body','Model',*,*,*,*,#11,$,.MODEL_VIEW.,$);
#13= IFCGEOMETRICREPRESENTATIONSUBCONTEXT('Axis','Model',*,*,*,*,#11,$,.GRAPH_VIEW.,$);
#14= IFCGEOMETRICREPRESENTATIONSUBCONTEXT('FootPrint','Model',*,*,*,*,#11,$,.MODEL_VIEW.,$);
#15= IFCSIUNIT(*,.LENGTHUNIT.,.MILLI.,.METRE.);
#16= IFCMEASUREWITHUNIT(IFCRATIOMEASURE(304.8),#15);
#17= IFCDIMENSIONALEXPONENTS(1,0,0,0,0,0,0);
#18= IFCCONVERSIONBASEDUNIT(#17,.LENGTHUNIT.,'FOOT',#16);
#19= IFCSIUNIT(*,.AREAUNIT.,$,.SQUARE_METRE.);
#20= IFCMEASUREWITHUNIT(IFCRATIOMEASURE(0.09290304),#19);
#21= IFCDIMENSIONALEXPONENTS(2,0,0,0,0,0,0);
#22= IFCCONVERSIONBASEDUNIT(#21,.AREAUNIT.,'SQUARE FOOT',#20);
#23= IFCSIUNIT(*,.VOLUMEUNIT.,$,.CUBIC_METRE.);
#24= IFCMEASUREWITHUNIT(IFCRATIOMEASURE(0.028316846592),#23);
#25= IFCDIMENSIONALEXPONENTS(3,0,0,0,0,0,0);
#26= IFCCONVERSIONBASEDUNIT(#25,.VOLUMEUNIT.,'CUBIC FOOT',#24);
#27= IFCSIUNIT(*,.MASSUNIT.,.KILO.,.GRAM.);
#28= IFCSIUNIT(*,.TIMEUNIT.,$,.SECOND.);
#29= IFCSIUNIT(*,.PLANEANGLEUNIT.,$,.RADIAN.);
#30= IFCMEASUREWITHUNIT(IFCRATIOMEASURE(0.0174532925199433),#29);
#31= IFCDIMENSIONALEXPONENTS(0,0,0,0,0,0,0);
#32= IFCCONVERSIONBASEDUNIT(#31,.PLANEANGLEUNIT.,'DEGREE',#30);
#33= IFCSIUNIT(*,.SOLIDANGLEUNIT.,$,.STERADIAN.);
#34= IFCSIUNIT(*,.THERMODYNAMICTEMPERATUREUNIT.,$,.DEGREE_CELSIUS.);
#35= IFCSIUNIT(*,.LUMINOUSINTENSITYUNIT.,$,.LUMEN.);
#36= IFCUNITASSIGNMENT((#15,#19,#23,#27,#28,#29,#33,#34,#35));
#37= IFCPROJECT('2G7ZFDNE16yBDU14FA92Me',#5,'Proyecto',$,$,$,$,(#11),#36);
#38= IFCLOCALPLACEMENT($,#10);
#39= IFCSITE('2xvEzEinjBTea80yOTcujY',#5,'Obra',$,$,#38,$,$,.ELEMENT.,$,$,$,$,$);
#40= IFCLOCALPLACEMENT(#38,#10);
#41= IFCBUILDING('3poWipuvj1FRH$vNlkDCnq',#5,'Undefined',$,$,#40,$,$,.ELEMENT.,$,$,$);
#42= IFCLOCALPLACEMENT(#40,#10);
#43= IFCBUILDINGSTOREY('29hdEUCErFze9E_VIAceOd',#5,'Undefined',$,$,#42,$,$,.ELEMENT.,0.);
#44= IFCOWNERHISTORY(#3,#4,$,.NOCHANGE.,$,$,$,1775595600);
#45= IFCLOCALPLACEMENT(#42,#10);
#46= IFCELEMENTASSEMBLY('3pRILz4lj3VOMKWO$CVGdD',#44,'COLUMN',$,$,#45,$,'C/22(?)',.NOTDEFINED.,.RIGID_FRAME.);
#47= IFCPROPERTYSINGLEVALUE('OnSiteBy',$,$,$);
#48= IFCPROPERTYSET('1IG8WjqZbDa9s7niqikFoT',#5,'AISC_EM11_Pset_SchedulingInformation',$,(#47));
#49= IFCPROPERTYSINGLEVALUE('DrawingNumber',$,IFCIDENTIFIER('[C.22]'),$);
#50= IFCPROPERTYSET('3ON7YbFK5FD8n46bkH_uUe',#5,'AISC_EM11_Pset_DrawingNumber',$,(#49));
#51= IFCPROPERTYSINGLEVALUE('AssemblyMark',$,IFCIDENTIFIER('C/22(?)'),$);
#52= IFCPROPERTYSINGLEVALUE('PrelimMark',$,$,$);
#53= IFCPROPERTYSINGLEVALUE('ShippingMark',$,IFCINTEGER(0),$);
#54= IFCPROPERTYSET('0haC_116bCnPpNdR_w3K5E',#5,'AISC_EM11_Pset_AssemblyIdentification','AssemblyIdentity',(#51,#52,#53));
#55= IFCCARTESIANPOINT((85002.3859711801,1349.29938896803,23375.));
#56= IFCDIRECTION((0.,-1.,0.));
#57= IFCAXIS2PLACEMENT3D(#55,#56,#9);
#58= IFCLOCALPLACEMENT(#45,#57);
#59= IFCCARTESIANPOINT((-72.599999905,0.,0.));
#60= IFCCARTESIANPOINT((-72.599999905,-0.0038359661702998,8.83704267774692));
#61= IFCCARTESIANPOINT((72.599999905,-0.0038359661702998,8.83704267774692));
#62= IFCCARTESIANPOINT((72.599999905,0.,0.));
#63= IFCPOLYLOOP((#59,#60,#61,#62));
#64= IFCFACEOUTERBOUND(#63,.T.);
#65= IFCFACE((#64));
#66= IFCCARTESIANPOINT((-72.599999905,-8.80980185436783,-0.693346442726124));
#67= IFCCARTESIANPOINT((72.599999905,-8.80980185436783,-0.693346442726124));
#68= IFCPOLYLOOP((#60,#66,#67,#61));
#69= IFCFACEOUTERBOUND(#68,.T.);
#70= IFCFACE((#69));
#71= IFCPOLYLOOP((#66,#59,#62,#67));
#72= IFCFACEOUTERBOUND(#71,.T.);
#73= IFCFACE((#72));
#74= IFCPOLYLOOP((#67,#62,#61));
#75= IFCFACEOUTERBOUND(#74,.T.);
#76= IFCFACE((#75));
#77= IFCPOLYLOOP((#66,#60,#59));
#78= IFCFACEOUTERBOUND(#77,.T.);
#79= IFCFACE((#78));
#80= IFCCLOSEDSHELL((#65,#70,#73,#76,#79));
#81= IFCFACETEDBREP(#80);
#82= IFCSHAPEREPRESENTATION(#12,'Body','Brep',(#81));
#83= IFCPOLYLINE((#59,#62));
#84= IFCSHAPEREPRESENTATION(#13,'Axis','GeometricCurveSet',(#83));
#85= IFCPRODUCTDEFINITIONSHAPE($,$,(#82,#84));
#86= IFCFASTENER('3I1pCGCpTBKxb_e5uqT$TF',#44,'Weld',$,$,#58,#85,'IDd2073310-3337-4b53-b97e-a05e3477f74f');
#87= IFCPROPERTYSINGLEVALUE('FieldWeld',$,IFCBOOLEAN(.F.),$);
#88= IFCPROPERTYSINGLEVALUE('WeldDescription',$,$,$);
#89= IFCPROPERTYSINGLEVALUE('WeldCategory',$,IFCLABEL('Ninguno'),$);
#90= IFCPROPERTYSINGLEVALUE('WPSCode',$,IFCIDENTIFIER('Ninguno'),$);
#91= IFCPROPERTYSINGLEVALUE('WeldID',$,IFCINTEGER(94706075),$);
#92= IFCPROPERTYSINGLEVALUE('z',$,IFCPOSITIVELENGTHMEASURE(6.),$);
#93= IFCPROPERTYSINGLEVALUE('s',$,IFCPOSITIVELENGTHMEASURE(0.),$);
#94= IFCPROPERTYSINGLEVALUE('n',$,$,$);
#95= IFCPROPERTYSINGLEVALUE('l',$,IFCPOSITIVELENGTHMEASURE(145.2),$);
#96= IFCPROPERTYSINGLEVALUE('e',$,IFCPOSITIVELENGTHMEASURE(0.),$);
#97= IFCPROPERTYSINGLEVALUE('d',$,IFCPOSITIVELENGTHMEASURE(0.),$);
#98= IFCPROPERTYSINGLEVALUE('c',$,IFCPOSITIVELENGTHMEASURE(6.),$);
#99= IFCPROPERTYSINGLEVALUE('a',$,IFCPOSITIVELENGTHMEASURE(0.),$);
#100= IFCPROPERTYSINGLEVALUE('Staggered',$,IFCBOOLEAN(.F.),$);
#101= IFCPROPERTYSINGLEVALUE('Intermittent',$,IFCBOOLEAN(.F.),$);
#102= IFCPROPERTYSINGLEVALUE('WeldType1',$,IFCLABEL('SOLDADURA'),$);
#103= IFCPROPERTYSET('1gqIMlb9f7EhTkIzZ5D5TD',#5,'AISC_EM11_Pset_Weld','WeldIdentity',(#87,#88,#89,#90,#91,#92,#93,#94,#95,#96,#97,#98,#99,#100,#101,#102));
#104= IFCCARTESIANPOINT((85002.3859711801,1349.29938896803,19125.));
#105= IFCAXIS2PLACEMENT3D(#104,#56,#9);
#106= IFCLOCALPLACEMENT(#45,#105);
#107= IFCSHAPEREPRESENTATION(#12,'Body','Brep',(#81));
#108= IFCSHAPEREPRESENTATION(#13,'Axis','GeometricCurveSet',(#83));
#109= IFCPRODUCTDEFINITIONSHAPE($,$,(#107,#108));
#110= IFCFASTENER('0$g9HKhGX7J8EuQ22BdLj6',#44,'Weld',$,$,#106,#109,'ID3fa89454-ad08-474c-83b8-68208b9d5b46');
#111= IFCPROPERTYSINGLEVALUE('WeldID',$,IFCINTEGER(94705472),$);
#112= IFCPROPERTYSET('2NBBRNK8j1SeHvJxezZBRI',#5,'AISC_EM11_Pset_Weld','WeldIdentity',(#87,#88,#89,#90,#111,#92,#93,#94,#95,#96,#97,#98,#99,#100,#101,#102));
#113= IFCCARTESIANPOINT((85000.,1349.28932952881,13675.));
#114= IFCDIRECTION((0.,0.,-1.));
#115= IFCAXIS2PLACEMENT3D(#113,#56,#114);
#116= IFCLOCALPLACEMENT(#45,#115);
#117= IFCCARTESIANPOINT((-80.,0.,8.1707967860209));
#118= IFCCARTESIANPOINT((-80.,0.,0.));
#119= IFCCARTESIANPOINT((80.,0.,0.));
#120= IFCCARTESIANPOINT((80.,0.,8.1707967860209));
#121= IFCPOLYLOOP((#117,#118,#119,#120));
#122= IFCFACEOUTERBOUND(#121,.T.);
#123= IFCFACE((#122));
#124= IFCCARTESIANPOINT((-80.,8.14560894638998,0.641073327207323));
#125= IFCCARTESIANPOINT((80.,8.14560894638998,0.641073327207323));
#126= IFCPOLYLOOP((#118,#124,#125,#119));
#127= IFCFACEOUTERBOUND(#126,.T.);
#128= IFCFACE((#127));
#129= IFCPOLYLOOP((#124,#117,#120,#125));
#130= IFCFACEOUTERBOUND(#129,.T.);
#131= IFCFACE((#130));
#132= IFCPOLYLOOP((#125,#120,#119));
#133= IFCFACEOUTERBOUND(#132,.T.);
#134= IFCFACE((#133));
#135= IFCPOLYLOOP((#124,#118,#117));
#136= IFCFACEOUTERBOUND(#135,.T.);
#137= IFCFACE((#136));
#138= IFCCLOSEDSHELL((#123,#128,#131,#134,#137));
#139= IFCFACETEDBREP(#138);
#140= IFCSHAPEREPRESENTATION(#12,'Body','Brep',(#139));
#141= IFCPOLYLINE((#118,#119));
#142= IFCSHAPEREPRESENTATION(#13,'Axis','GeometricCurveSet',(#141));
#143= IFCPRODUCTDEFINITIONSHAPE($,$,(#140,#142));
#144= IFCFASTENER('3RZV$N1nHE_e2Z$3AFvLyO',#44,'Weld',$,$,#116,#143,'IDdb8dffd7-0714-4efa-80a3-fc328fe55f18');
#145= IFCPROPERTYSINGLEVALUE('WeldID',$,IFCINTEGER(94704845),$);
#146= IFCPROPERTYSINGLEVALUE('l',$,IFCPOSITIVELENGTHMEASURE(160.),$);
#147= IFCPROPERTYSET('1y2Hcvj9XElxm9UBfvjgvi',#5,'AISC_EM11_Pset_Weld','WeldIdentity',(#87,#88,#89,#90,#145,#92,#93,#94,#146,#96,#97,#98,#99,#100,#101,#102));
#148= IFCOWNERHISTORY(#3,#4,$,.NOCHANGE.,$,$,$,1774990800);
#149= IFCLOCALPLACEMENT(#42,#10);
#150= IFCELEMENTASSEMBLY('36bfN5aFL17RYlAiDbRSiA',#148,'BEAM',$,$,#149,$,'B/1131',.NOTDEFINED.,.RIGID_FRAME.);
#151= IFCPROPERTYSINGLEVALUE('DrawingNumber',$,IFCIDENTIFIER(''),$);
#152= IFCPROPERTYSET('1ASSfdPCn8X8u1rDexgP7l',#5,'AISC_EM11_Pset_DrawingNumber',$,(#151));
#153= IFCPROPERTYSINGLEVALUE('AssemblyMark',$,IFCIDENTIFIER('B/1131'),$);
#154= IFCPROPERTYSET('2FYBCUCG1BR99utE5SK2cj',#5,'AISC_EM11_Pset_AssemblyIdentification','AssemblyIdentity',(#153,#52,#53));
#155= IFCCARTESIANPOINT((84999.9997253418,1867.28930791274,23600.));
#156= IFCAXIS2PLACEMENT3D(#155,#8,#114);
#157= IFCLOCALPLACEMENT(#149,#156);
#158= IFCCARTESIANPOINT((13.85640646056,0.));
#159= IFCCARTESIANPOINT((6.92820323028,12.0000000000017));
#160= IFCCARTESIANPOINT((-6.92820323028,12.0000000000017));
#161= IFCCARTESIANPOINT((-13.85640646056,0.));
#162= IFCCARTESIANPOINT((-6.92820323028,-12.0000000000017));
#163= IFCCARTESIANPOINT((6.92820323028,-12.0000000000017));
#164= IFCPOLYLINE((#158,#159,#160,#161,#162,#163,#158));
#165= IFCARBITRARYCLOSEDPROFILEDEF(.AREA.,$,#164);
#166= IFCCARTESIANPOINT((0.,-23.8599999525055,0.));
#167= IFCAXIS2PLACEMENT3D(#166,#8,#7);
#168= IFCEXTRUDEDAREASOLID(#165,#167,#9,10.56);
#169= IFCDIRECTION((1.,0.));
#170= IFCCARTESIANPOINT((0.,0.));
#171= IFCAXIS2PLACEMENT2D(#170,#169);
#172= IFCCIRCLEPROFILEDEF(.AREA.,$,#171,8.);
#173= IFCCARTESIANPOINT((0.,-13.2999999525055,0.));
#174= IFCAXIS2PLACEMENT3D(#173,#8,#7);
#175= IFCEXTRUDEDAREASOLID(#172,#174,#9,45.);
#176= IFCCIRCLEPROFILEDEF(.AREA.,$,#171,15.);
#177= IFCCARTESIANPOINT((0.,3.29999995249248,0.));
#178= IFCAXIS2PLACEMENT3D(#177,#8,#7);
#179= IFCEXTRUDEDAREASOLID(#176,#178,#9,8.);
#180= IFCCARTESIANPOINT((0.,11.2999999524925,0.));
#181= IFCAXIS2PLACEMENT3D(#180,#8,#7);
#182= IFCEXTRUDEDAREASOLID(#165,#181,#9,13.);
#183= IFCCARTESIANPOINT((75.,0.,40.));
#184= IFCCARTESIANTRANSFORMATIONOPERATOR3D($,$,#183,$,$);
#185= IFCSHAPEREPRESENTATION(#12,'Body','SweptSolid',(#168,#175,#179,#182));
#186= IFCREPRESENTATIONMAP(#10,#185);
#187= IFCMAPPEDITEM(#186,#184);
#188= IFCCARTESIANPOINT((135.,0.,40.));
#189= IFCCARTESIANTRANSFORMATIONOPERATOR3D($,$,#188,$,$);
#190= IFCMAPPEDITEM(#186,#189);
#191= IFCCARTESIANPOINT((195.,0.,40.));
#192= IFCCARTESIANTRANSFORMATIONOPERATOR3D($,$,#191,$,$);
#193= IFCMAPPEDITEM(#186,#192);
#194= IFCSHAPEREPRESENTATION(#12,'Body','MappedRepresentation',(#187,#190,#193));
#195= IFCCARTESIANPOINT((0.,45.,0.));
#196= IFCPOLYLINE((#166,#195));
#197= IFCSHAPEREPRESENTATION(#12,'Axis','GeometricCurveSet',(#196));
#198= IFCREPRESENTATIONMAP(#10,#197);
#199= IFCMAPPEDITEM(#198,#184);
#200= IFCMAPPEDITEM(#198,#189);
#201= IFCMAPPEDITEM(#198,#192);
#202= IFCSHAPEREPRESENTATION(#12,'Axis','MappedRepresentation',(#199,#200,#201));
#203= IFCPRODUCTDEFINITIONSHAPE($,$,(#194,#202));
#204= IFCMECHANICALFASTENER('2XqCJ8OUr5LR_DTbnvpfgw',#148,'Bolt assembly',$,$,#157,#203,'IDa1d0c4c8-61ed-4555-bf8d-765c79ce9aba',16.,45.);
#205= IFCPROPERTYSINGLEVALUE('BoltFieldAssembled',$,IFCBOOLEAN(.F.),$);
#206= IFCPROPERTYSINGLEVALUE('BoltGrade',$,IFCIDENTIFIER('5.6'),$);
#207= IFCPROPERTYSINGLEVALUE('BoltDiameter',$,IFCPOSITIVELENGTHMEASURE(16.),$);
#208= IFCPROPERTYSINGLEVALUE('BoltLength',$,IFCPOSITIVELENGTHMEASURE(45.),$);
#209= IFCPROPERTYSINGLEVALUE('BoltStandard',$,IFCIDENTIFIER('7990'),$);
#210= IFCPROPERTYSINGLEVALUE('BoltType',$,IFCIDENTIFIER('7990'),$);
#211= IFCPROPERTYSET('1fliLjaOT8sQTawQKP6g1U',#5,'AISC_EM11_Pset_Bolt','BoltIdentity',(#205,#206,#207,#208,#209,#210));
#212= IFCPROPERTYSINGLEVALUE('NutSize',$,IFCPOSITIVELENGTHMEASURE(16.),$);
#213= IFCPROPERTYSINGLEVALUE('NutStandard',$,IFCIDENTIFIER('555'),$);
#214= IFCPROPERTYSET('0Z0NMt$qrB69XjFw$4Jyle',#5,'AISC_EM11_Pset_Nut','NutIdentity',(#212,#213));
#215= IFCPROPERTYSINGLEVALUE('WasherThickness',$,IFCPOSITIVELENGTHMEASURE(8.),$);
#216= IFCPROPERTYSINGLEVALUE('WasherSize',$,IFCPOSITIVELENGTHMEASURE(16.),$);
#217= IFCPROPERTYSINGLEVALUE('WasherStandard',$,IFCIDENTIFIER('7989'),$);
#218= IFCPROPERTYSINGLEVALUE('HeadSideWashers',$,IFCBOOLEAN(.F.),$);
#219= IFCPROPERTYSET('0uqCkNTQnFMRkRE4L$sIOf',#5,'AISC_EM11_Pset_Washer','WasherIdentity',(#215,#216,#217,#218));
#220= IFCMATERIAL('Undefined');
#221= IFCCARTESIANPOINT((85003.2997253418,1857.28930791274,23465.));
#222= IFCAXIS2PLACEMENT3D(#221,#8,#114);
#223= IFCLOCALPLACEMENT(#45,#222);
#224= IFCCARTESIANPOINT((-95.,0.,6.80899732168405));
#225= IFCCARTESIANPOINT((-95.,0.,0.));
#226= IFCCARTESIANPOINT((95.,0.,0.));
#227= IFCCARTESIANPOINT((95.,0.,6.80899732168405));
#228= IFCPOLYLOOP((#224,#225,#226,#227));
#229= IFCFACEOUTERBOUND(#228,.T.);
#230= IFCFACE((#229));
#231= IFCCARTESIANPOINT((-95.,6.78800745532499,0.534227772672693));
#232= IFCCARTESIANPOINT((95.,6.78800745532499,0.534227772672693));
#233= IFCPOLYLOOP((#225,#231,#232,#226));
#234= IFCFACEOUTERBOUND(#233,.T.);
#235= IFCFACE((#234));
#236= IFCPOLYLOOP((#231,#224,#227,#232));
#237= IFCFACEOUTERBOUND(#236,.T.);
#238= IFCFACE((#237));
#239= IFCPOLYLOOP((#232,#227,#226));
#240= IFCFACEOUTERBOUND(#239,.T.);
#241= IFCFACE((#240));
#242= IFCPOLYLOOP((#231,#225,#224));
#243= IFCFACEOUTERBOUND(#242,.T.);
#244= IFCFACE((#243));
#245= IFCCARTESIANPOINT((95.,-10.,7.36593180385285));
#246= IFCCARTESIANPOINT((95.,-10.,0.));
#247= IFCCARTESIANPOINT((-95.,-10.,0.));
#248= IFCCARTESIANPOINT((-95.,-10.,7.36593180385285));
#249= IFCPOLYLOOP((#245,#246,#247,#248));
#250= IFCFACEOUTERBOUND(#249,.T.);
#251= IFCFACE((#250));
#252= IFCCARTESIANPOINT((95.,-17.3432250943588,-0.577924348523311));
#253= IFCCARTESIANPOINT((-95.,-17.3432250943588,-0.577924348523311));
#254= IFCPOLYLOOP((#246,#252,#253,#247));
#255= IFCFACEOUTERBOUND(#254,.T.);
#256= IFCFACE((#255));
#257= IFCPOLYLOOP((#252,#245,#248,#253));
#258= IFCFACEOUTERBOUND(#257,.T.);
#259= IFCFACE((#258));
#260= IFCPOLYLOOP((#253,#248,#247));
#261= IFCFACEOUTERBOUND(#260,.T.);
#262= IFCFACE((#261));
#263= IFCPOLYLOOP((#252,#246,#245));
#264= IFCFACEOUTERBOUND(#263,.T.);
#265= IFCFACE((#264));
#266= IFCCLOSEDSHELL((#230,#235,#238,#241,#244,#251,#256,#259,#262,#265));
#267= IFCFACETEDBREP(#266);
#268= IFCSHAPEREPRESENTATION(#12,'Body','Brep',(#267));
#269= IFCPOLYLINE((#225,#226));
#270= IFCCARTESIANPOINT((95.,0.,10.));
#271= IFCCARTESIANPOINT((-95.,0.,10.));
#272= IFCPOLYLINE((#270,#271));
#273= IFCSHAPEREPRESENTATION(#13,'Axis','GeometricCurveSet',(#269,#272));
#274= IFCPRODUCTDEFINITIONSHAPE($,$,(#268,#273));
#275= IFCFASTENER('1p1oEFEcv2BOpiRc5qDxb2',#148,'Weld',$,$,#223,#274,'ID7307238f-3a6e-422d-8cec-6e617437b942');
#276= IFCPROPERTYSINGLEVALUE('WeldID',$,IFCINTEGER(94526286),$);
#277= IFCPROPERTYSINGLEVALUE('z',$,IFCPOSITIVELENGTHMEASURE(5.),$);
#278= IFCPROPERTYSINGLEVALUE('l',$,IFCPOSITIVELENGTHMEASURE(190.),$);
#279= IFCPROPERTYSINGLEVALUE('d',$,IFCPOSITIVELENGTHMEASURE(5.),$);
#280= IFCPROPERTYSINGLEVALUE('c',$,IFCPOSITIVELENGTHMEASURE(5.),$);
#281= IFCPROPERTYSET('0VRBZ1tP16MAl7yyy34XtO',#5,'AISC_EM11_Pset_Weld','WeldIdentity',(#87,#88,#89,#90,#276,#277,#93,#94,#278,#96,#279,#280,#99,#100,#101,#102));
#282= IFCCARTESIANPOINT((85008.2997252943,1902.28930791274,23370.));
#283= IFCAXIS2PLACEMENT3D(#282,#9,#56);
#284= IFCLOCALPLACEMENT(#45,#283);
#285= IFCRECTANGLEPROFILEDEF(.AREA.,'PL10*90',#171,10.,90.);
#286= IFCCARTESIANPOINT((0.,0.,190.));
#287= IFCAXIS2PLACEMENT3D(#286,#114,#8);
#288= IFCEXTRUDEDAREASOLID(#285,#287,#9,190.);
#289= IFCSHAPEREPRESENTATION(#12,'Body','SweptSolid',(#288));
#290= IFCPRODUCTDEFINITIONSHAPE($,$,(#289));
#291= IFCDISCRETEACCESSORY('0U8zHrcfrFzfPSQh3LoRJw',#148,'Support section',$,$,#284,#290,'1367');
#292= IFCLOCALPLACEMENT(#45,#156);
#293= IFCCIRCLEPROFILEDEF(.AREA.,$,#171,9.5);
#294= IFCCARTESIANPOINT((0.,-13.3999999525055,0.));
#295= IFCAXIS2PLACEMENT3D(#294,#8,#7);
#296= IFCEXTRUDEDAREASOLID(#293,#295,#9,10.2);
#297= IFCSHAPEREPRESENTATION(#12,'Body','SweptSolid',(#296));
#298= IFCREPRESENTATIONMAP(#10,#297);
#299= IFCMAPPEDITEM(#298,#184);
#300= IFCMAPPEDITEM(#298,#189);
#301= IFCMAPPEDITEM(#298,#192);
#302= IFCSHAPEREPRESENTATION(#12,'Body','MappedRepresentation',(#299,#300,#301));
#303= IFCPRODUCTDEFINITIONSHAPE($,$,(#302));
#304= IFCOPENINGELEMENT('1I0vIFx5f3Mep_9gD56svO',#5,$,$,'Opening',#292,#303,$);
#305= IFCRELVOIDSELEMENT('2hAM45k3z6NfVj1dNby6nr',#5,'Drill Hole',$,#291,#304);
#306= IFCPROPERTYSINGLEVALUE('FeatureSubTypes',$,IFCLABEL('TORNILLO'),$);
#307= IFCPROPERTYSINGLEVALUE('RectangleOpeningWidth',$,$,$);
#308= IFCPROPERTYSINGLEVALUE('RectangleOpeningHeight',$,$,$);
#309= IFCPROPERTYSINGLEVALUE('OpeningDiameter',$,$,$);
#310= IFCPROPERTYSET('3iBZiVkZHFUhMHXVBlmAjh',#5,'AISC_EM11_Pset_Opening/Cope',$,(#306,#307,#308,#309));
#311= IFCPROPERTYSINGLEVALUE('PieceMark',$,IFCIDENTIFIER('PLACA'),$);
#312= IFCPROPERTYSINGLEVALUE('IndicationMark',$,IFCIDENTIFIER('1367'),$);
#313= IFCPROPERTYSINGLEVALUE('PrelimMark',$,IFCIDENTIFIER(''),$);
#314= IFCPROPERTYSINGLEVALUE('MainPieceTag',$,IFCBOOLEAN(.F.),$);
#315= IFCPROPERTYSET('127oFtRBr2RR9yKN53PqYx',#5,'AISC_EM11_Pset_PieceIdentification','PieceIdentity',(#311,#312,#313,#314));
#316= IFCPROPERTYSINGLEVALUE('MaterialType',$,IFCIDENTIFIER('STEEL'),$);
#317= IFCPROPERTYSINGLEVALUE('MaterialGrade',$,IFCIDENTIFIER('S235JR'),$);
#318= IFCPROPERTYSET('0JGkbNmyjFcORuH0BP00Wf',#5,'AISC_EM11_Pset_Material',$,(#316,#317));
#319= IFCMATERIAL('STEEL/S235JR');
#320= IFCLOCALPLACEMENT(#42,#10);
#321= IFCELEMENTASSEMBLY('3OTtw4c8PEOgvWiJlGdP8v',#44,'BEAM',$,$,#320,$,'B/387(?)',.NOTDEFINED.,.RIGID_FRAME.);
#322= IFCPROPERTYSINGLEVALUE('AssemblyMark',$,IFCIDENTIFIER('B/387(?)'),$);
#323= IFCPROPERTYSET('2j_fTHDLzCB8fUBg5hZbe6',#5,'AISC_EM11_Pset_AssemblyIdentification','AssemblyIdentity',(#322,#52,#53));
#324= IFCCARTESIANPOINT((84696.0126004331,1603.95549542573,23160.));
#325= IFCDIRECTION((-7.12890000286279E-05,0.999999997458939,0.));
#326= IFCDIRECTION((-0.999999997458939,-7.12890000326365E-05,0.));
#327= IFCAXIS2PLACEMENT3D(#324,#325,#326);
#328= IFCLOCALPLACEMENT(#320,#327);
#329= IFCCARTESIANPOINT((17.3205080757,0.));
#330= IFCCARTESIANPOINT((8.66025403785,15.0000000000021));
#331= IFCCARTESIANPOINT((-8.66025403785,15.0000000000021));
#332= IFCCARTESIANPOINT((-17.3205080757,0.));
#333= IFCCARTESIANPOINT((-8.66025403785,-15.0000000000021));
#334= IFCCARTESIANPOINT((8.66025403785,-15.0000000000021));
#335= IFCPOLYLINE((#329,#330,#331,#332,#333,#334,#329));
#336= IFCARBITRARYCLOSEDPROFILEDEF(.AREA.,$,#335);
#337= IFCCARTESIANPOINT((0.,-32.2,0.));
#338= IFCAXIS2PLACEMENT3D(#337,#8,#7);
#339= IFCEXTRUDEDAREASOLID(#336,#338,#9,13.2);
#340= IFCCIRCLEPROFILEDEF(.AREA.,$,#171,10.);
#341= IFCCARTESIANPOINT((0.,-19.,0.));
#342= IFCAXIS2PLACEMENT3D(#341,#8,#7);
#343= IFCEXTRUDEDAREASOLID(#340,#342,#9,55.);
#344= IFCCIRCLEPROFILEDEF(.AREA.,$,#171,18.);
#345= IFCCARTESIANPOINT((0.,4.60000037999998,0.));
#346= IFCAXIS2PLACEMENT3D(#345,#8,#7);
#347= IFCEXTRUDEDAREASOLID(#344,#346,#9,8.);
#348= IFCCARTESIANPOINT((0.,12.60000038,0.));
#349= IFCAXIS2PLACEMENT3D(#348,#8,#7);
#350= IFCEXTRUDEDAREASOLID(#336,#349,#9,16.);
#351= IFCCARTESIANPOINT((-1.45519152283669E-10,0.,-49.9999999999934));
#352= IFCCARTESIANTRANSFORMATIONOPERATOR3D($,$,#351,$,$);
#353= IFCSHAPEREPRESENTATION(#12,'Body','SweptSolid',(#339,#343,#347,#350));
#354= IFCREPRESENTATIONMAP(#10,#353);
#355= IFCMAPPEDITEM(#354,#352);
#356= IFCCARTESIANPOINT((69.9999999990832,0.,-49.9999999995478));
#357= IFCCARTESIANTRANSFORMATIONOPERATOR3D($,$,#356,$,$);
#358= IFCMAPPEDITEM(#354,#357);
#359= IFCCARTESIANPOINT((139.999999998297,0.,-49.9999999991021));
#360= IFCCARTESIANTRANSFORMATIONOPERATOR3D($,$,#359,$,$);
#361= IFCMAPPEDITEM(#354,#360);
#362= IFCCARTESIANPOINT((209.999999997526,0.,-49.9999999986564));
#363= IFCCARTESIANTRANSFORMATIONOPERATOR3D($,$,#362,$,$);
#364= IFCMAPPEDITEM(#354,#363);
#365= IFCCARTESIANPOINT((279.999999996755,0.,-49.9999999982108));
#366= IFCCARTESIANTRANSFORMATIONOPERATOR3D($,$,#365,$,$);
#367= IFCMAPPEDITEM(#354,#366);
#368= IFCCARTESIANPOINT((349.999999995984,0.,-49.9999999977651));
#369= IFCCARTESIANTRANSFORMATIONOPERATOR3D($,$,#368,$,$);
#370= IFCMAPPEDITEM(#354,#369);
#371= IFCCARTESIANPOINT((419.999999995212,0.,-49.9999999973195));
#372= IFCCARTESIANTRANSFORMATIONOPERATOR3D($,$,#371,$,$);
#373= IFCMAPPEDITEM(#354,#372);
#374= IFCCARTESIANPOINT((1.74622982740402E-10,0.,49.9999999999932));
#375= IFCCARTESIANTRANSFORMATIONOPERATOR3D($,$,#374,$,$);
#376= IFCMAPPEDITEM(#354,#375);
#377= IFCCARTESIANPOINT((69.9999999994034,0.,50.0000000004388));
#378= IFCCARTESIANTRANSFORMATIONOPERATOR3D($,$,#377,$,$);
#379= IFCMAPPEDITEM(#354,#378);
#380= IFCCARTESIANPOINT((139.999999998618,0.,50.0000000008845));
#381= IFCCARTESIANTRANSFORMATIONOPERATOR3D($,$,#380,$,$);
#382= IFCMAPPEDITEM(#354,#381);
#383= IFCCARTESIANPOINT((209.999999997846,0.,50.0000000013301));
#384= IFCCARTESIANTRANSFORMATIONOPERATOR3D($,$,#383,$,$);
#385= IFCMAPPEDITEM(#354,#384);
#386= IFCCARTESIANPOINT((279.999999997075,0.,50.0000000017756));
#387= IFCCARTESIANTRANSFORMATIONOPERATOR3D($,$,#386,$,$);
#388= IFCMAPPEDITEM(#354,#387);
#389= IFCCARTESIANPOINT((349.999999996304,0.,50.0000000022214));
#390= IFCCARTESIANTRANSFORMATIONOPERATOR3D($,$,#389,$,$);
#391= IFCMAPPEDITEM(#354,#390);
#392= IFCCARTESIANPOINT((419.999999995533,0.,50.0000000026671));
#393= IFCCARTESIANTRANSFORMATIONOPERATOR3D($,$,#392,$,$);
#394= IFCMAPPEDITEM(#354,#393);
#395= IFCSHAPEREPRESENTATION(#12,'Body','MappedRepresentation',(#355,#358,#361,#364,#367,#370,#373,#376,#379,#382,#385,#388,#391,#394));
#396= IFCCARTESIANPOINT((0.,55.,0.));
#397= IFCPOLYLINE((#337,#396));
#398= IFCSHAPEREPRESENTATION(#12,'Axis','GeometricCurveSet',(#397));
#399= IFCREPRESENTATIONMAP(#10,#398);
#400= IFCMAPPEDITEM(#399,#352);
#401= IFCMAPPEDITEM(#399,#357);
#402= IFCMAPPEDITEM(#399,#360);
#403= IFCMAPPEDITEM(#399,#363);
#404= IFCMAPPEDITEM(#399,#366);
#405= IFCMAPPEDITEM(#399,#369);
#406= IFCMAPPEDITEM(#399,#372);
#407= IFCMAPPEDITEM(#399,#375);
#408= IFCMAPPEDITEM(#399,#378);
#409= IFCMAPPEDITEM(#399,#381);
#410= IFCMAPPEDITEM(#399,#384);
#411= IFCMAPPEDITEM(#399,#387);
#412= IFCMAPPEDITEM(#399,#390);
#413= IFCMAPPEDITEM(#399,#393);
#414= IFCSHAPEREPRESENTATION(#12,'Axis','MappedRepresentation',(#400,#401,#402,#403,#404,#405,#406,#407,#408,#409,#410,#411,#412,#413));
#415= IFCPRODUCTDEFINITIONSHAPE($,$,(#395,#414));
#416= IFCMECHANICALFASTENER('2j2bErK214CvxjnBuu$SZy',#44,'Bolt assembly',$,$,#328,#415,'IDad0a53b5-5020-4433-9eed-c4be38fdc8fc',20.,55.);
#417= IFCPROPERTYSINGLEVALUE('BoltDiameter',$,IFCPOSITIVELENGTHMEASURE(20.),$);
#418= IFCPROPERTYSINGLEVALUE('BoltLength',$,IFCPOSITIVELENGTHMEASURE(55.),$);
#419= IFCPROPERTYSET('1B3aj3V$n6zOK7jYgAgzuX',#5,'AISC_EM11_Pset_Bolt','BoltIdentity',(#205,#206,#417,#418,#209,#210));
#420= IFCPROPERTYSINGLEVALUE('NutSize',$,IFCPOSITIVELENGTHMEASURE(20.),$);
#421= IFCPROPERTYSET('3cujCgoo1DThINjfvN8GzM',#5,'AISC_EM11_Pset_Nut','NutIdentity',(#420,#213));
#422= IFCPROPERTYSINGLEVALUE('WasherSize',$,IFCPOSITIVELENGTHMEASURE(20.),$);
#423= IFCPROPERTYSET('2YZICxVhr9LxRXkiyHqqVZ',#5,'AISC_EM11_Pset_Washer','WasherIdentity',(#215,#422,#217,#218));
#424= IFCOWNERHISTORY(#3,#4,$,.NOCHANGE.,$,$,$,1773860400);
#425= IFCLOCALPLACEMENT(#42,#10);
#426= IFCELEMENTASSEMBLY('1eUfL1FlLBIwzEfLcNMuOR',#148,'BEAM',$,$,#425,$,'B/388',.NOTDEFINED.,.RIGID_FRAME.);
#427= IFCPROPERTYSINGLEVALUE('AssemblyMark',$,IFCIDENTIFIER('B/388'),$);
#428= IFCPROPERTYSET('3I1O2OlI94eBQzP3$7O7YG',#5,'AISC_EM11_Pset_AssemblyIdentification','AssemblyIdentity',(#427,#52,#53));
#429= IFCCARTESIANPOINT((85309.,1603.28929908432,23160.));
#430= IFCAXIS2PLACEMENT3D(#429,#56,#7);
#431= IFCLOCALPLACEMENT(#425,#430);
#432= IFCEXTRUDEDAREASOLID(#340,#342,#9,70.);
#433= IFCCARTESIANPOINT((0.,21.,0.));
#434= IFCAXIS2PLACEMENT3D(#433,#8,#7);
#435= IFCEXTRUDEDAREASOLID(#344,#434,#9,8.);
#436= IFCCARTESIANPOINT((0.,29.,0.));
#437= IFCAXIS2PLACEMENT3D(#436,#8,#7);
#438= IFCEXTRUDEDAREASOLID(#336,#437,#9,16.);
#439= IFCCARTESIANPOINT((0.,0.,75.));
#440= IFCCARTESIANTRANSFORMATIONOPERATOR3D($,$,#439,$,$);
#441= IFCSHAPEREPRESENTATION(#12,'Body','SweptSolid',(#339,#432,#435,#438));
#442= IFCREPRESENTATIONMAP(#10,#441);
#443= IFCMAPPEDITEM(#442,#440);
#444= IFCCARTESIANPOINT((75.,0.,75.));
#445= IFCCARTESIANTRANSFORMATIONOPERATOR3D($,$,#444,$,$);
#446= IFCMAPPEDITEM(#442,#445);
#447= IFCCARTESIANPOINT((150.,0.,75.));
#448= IFCCARTESIANTRANSFORMATIONOPERATOR3D($,$,#447,$,$);
#449= IFCMAPPEDITEM(#442,#448);
#450= IFCCARTESIANPOINT((225.,0.,75.));
#451= IFCCARTESIANTRANSFORMATIONOPERATOR3D($,$,#450,$,$);
#452= IFCMAPPEDITEM(#442,#451);
#453= IFCCARTESIANPOINT((300.,0.,75.));
#454= IFCCARTESIANTRANSFORMATIONOPERATOR3D($,$,#453,$,$);
#455= IFCMAPPEDITEM(#442,#454);
#456= IFCCARTESIANPOINT((375.,0.,75.));
#457= IFCCARTESIANTRANSFORMATIONOPERATOR3D($,$,#456,$,$);
#458= IFCMAPPEDITEM(#442,#457);
#459= IFCCARTESIANPOINT((450.,0.,75.));
#460= IFCCARTESIANTRANSFORMATIONOPERATOR3D($,$,#459,$,$);
#461= IFCMAPPEDITEM(#442,#460);
#462= IFCCARTESIANPOINT((525.,0.,75.));
#463= IFCCARTESIANTRANSFORMATIONOPERATOR3D($,$,#462,$,$);
#464= IFCMAPPEDITEM(#442,#463);
#465= IFCCARTESIANPOINT((600.,0.,75.));
#466= IFCCARTESIANTRANSFORMATIONOPERATOR3D($,$,#465,$,$);
#467= IFCMAPPEDITEM(#442,#466);
#468= IFCCARTESIANPOINT((675.,0.,75.));
#469= IFCCARTESIANTRANSFORMATIONOPERATOR3D($,$,#468,$,$);
#470= IFCMAPPEDITEM(#442,#469);
#471= IFCCARTESIANPOINT((0.,0.,-75.));
#472= IFCCARTESIANTRANSFORMATIONOPERATOR3D($,$,#471,$,$);
#473= IFCMAPPEDITEM(#442,#472);
#474= IFCCARTESIANPOINT((75.,0.,-75.));
#475= IFCCARTESIANTRANSFORMATIONOPERATOR3D($,$,#474,$,$);
#476= IFCMAPPEDITEM(#442,#475);
#477= IFCCARTESIANPOINT((150.,0.,-75.));
#478= IFCCARTESIANTRANSFORMATIONOPERATOR3D($,$,#477,$,$);
#479= IFCMAPPEDITEM(#442,#478);
#480= IFCCARTESIANPOINT((225.,0.,-75.));
#481= IFCCARTESIANTRANSFORMATIONOPERATOR3D($,$,#480,$,$);
#482= IFCMAPPEDITEM(#442,#481);
#483= IFCCARTESIANPOINT((300.,0.,-75.));
#484= IFCCARTESIANTRANSFORMATIONOPERATOR3D($,$,#483,$,$);
#485= IFCMAPPEDITEM(#442,#484);
#486= IFCCARTESIANPOINT((375.,0.,-75.));
#487= IFCCARTESIANTRANSFORMATIONOPERATOR3D($,$,#486,$,$);
#488= IFCMAPPEDITEM(#442,#487);
#489= IFCCARTESIANPOINT((450.,0.,-75.));
#490= IFCCARTESIANTRANSFORMATIONOPERATOR3D($,$,#489,$,$);
#491= IFCMAPPEDITEM(#442,#490);
#492= IFCCARTESIANPOINT((525.,0.,-75.));
#493= IFCCARTESIANTRANSFORMATIONOPERATOR3D($,$,#492,$,$);
#494= IFCMAPPEDITEM(#442,#493);
#495= IFCCARTESIANPOINT((600.,0.,-75.));
#496= IFCCARTESIANTRANSFORMATIONOPERATOR3D($,$,#495,$,$);
#497= IFCMAPPEDITEM(#442,#496);
#498= IFCCARTESIANPOINT((675.,0.,-75.));
#499= IFCCARTESIANTRANSFORMATIONOPERATOR3D($,$,#498,$,$);
#500= IFCMAPPEDITEM(#442,#499);
#501= IFCSHAPEREPRESENTATION(#12,'Body','MappedRepresentation',(#443,#446,#449,#452,#455,#458,#461,#464,#467,#470,#473,#476,#479,#482,#485,#488,#491,#494,#497,#500));
#502= IFCCARTESIANPOINT((0.,70.,0.));
#503= IFCPOLYLINE((#337,#502));
#504= IFCSHAPEREPRESENTATION(#12,'Axis','GeometricCurveSet',(#503));
#505= IFCREPRESENTATIONMAP(#10,#504);
#506= IFCMAPPEDITEM(#505,#440);
#507= IFCMAPPEDITEM(#505,#445);
#508= IFCMAPPEDITEM(#505,#448);
#509= IFCMAPPEDITEM(#505,#451);
#510= IFCMAPPEDITEM(#505,#454);
#511= IFCMAPPEDITEM(#505,#457);
#512= IFCMAPPEDITEM(#505,#460);
#513= IFCMAPPEDITEM(#505,#463);
#514= IFCMAPPEDITEM(#505,#466);
#515= IFCMAPPEDITEM(#505,#469);
#516= IFCMAPPEDITEM(#505,#472);
#517= IFCMAPPEDITEM(#505,#475);
#518= IFCMAPPEDITEM(#505,#478);
#519= IFCMAPPEDITEM(#505,#481);
#520= IFCMAPPEDITEM(#505,#484);
#521= IFCMAPPEDITEM(#505,#487);
#522= IFCMAPPEDITEM(#505,#490);
#523= IFCMAPPEDITEM(#505,#493);
#524= IFCMAPPEDITEM(#505,#496);
#525= IFCMAPPEDITEM(#505,#499);
#526= IFCSHAPEREPRESENTATION(#12,'Axis','MappedRepresentation',(#506,#507,#508,#509,#510,#511,#512,#513,#514,#515,#516,#517,#518,#519,#520,#521,#522,#523,#524,#525));
#527= IFCPRODUCTDEFINITIONSHAPE($,$,(#501,#526));
#528= IFCMECHANICALFASTENER('2ZxHJr_c9EThKF6C6r58nJ',#424,'Bolt assembly',$,$,#431,#527,'IDa3ed14f5-fa62-4e76-b50f-18c1b5148c53',20.,70.);
#529= IFCPROPERTYSINGLEVALUE('BoltLength',$,IFCPOSITIVELENGTHMEASURE(70.),$);
#530= IFCPROPERTYSET('069JweYOXAj8rrnM0xwKwV',#5,'AISC_EM11_Pset_Bolt','BoltIdentity',(#205,#206,#417,#529,#209,#210));
#531= IFCCARTESIANPOINT((86024.,1479.28853064979,23150.5));
#532= IFCAXIS2PLACEMENT3D(#531,#9,#8);
#533= IFCLOCALPLACEMENT(#45,#532);
#534= IFCCARTESIANPOINT((250.,0.));
#535= IFCCARTESIANPOINT((403.000793457031,1024.));
#536= IFCCARTESIANPOINT((249.666961669922,1787.99267578125));
#537= IFCCARTESIANPOINT((-0.333040356636047,1787.97485351563));
#538= IFCCARTESIANPOINT((-154.999206542969,1023.99993896484));
#539= IFCPOLYLINE((#170,#534,#535,#536,#537,#538,#170));
#540= IFCARBITRARYCLOSEDPROFILEDEF(.AREA.,'PL19*552',#539);
#541= IFCCARTESIANPOINT((0.,0.,-9.5));
#542= IFCAXIS2PLACEMENT3D(#541,#9,#7);
#543= IFCEXTRUDEDAREASOLID(#540,#542,#9,19.);
#544= IFCSHAPEREPRESENTATION(#12,'Body','SweptSolid',(#543));
#545= IFCPRODUCTDEFINITIONSHAPE($,$,(#544));
#546= IFCDISCRETEACCESSORY('0H2D7A2UfEIAgORotFYygr',#44,'Steel plate',$,$,#533,#545,'1280(?)');
#547= IFCLOCALPLACEMENT(#45,#532);
#548= IFCCIRCLEPROFILEDEF(.AREA.,'\S\X518*25',#171,259.);
#549= IFCCARTESIANPOINT((125.886617905667,1024.,-1090.5));
#550= IFCAXIS2PLACEMENT3D(#549,#9,#8);
#551= IFCEXTRUDEDAREASOLID(#548,#550,#9,3000.);
#552= IFCSHAPEREPRESENTATION(#12,'Body','SweptSolid',(#551));
#553= IFCPRODUCTDEFINITIONSHAPE($,$,(#552));
#554= IFCOPENINGELEMENT('3YqhSY9_HAOu7YX6mou7jD',#5,$,$,'Recess',#547,#553,$);
#555= IFCRELVOIDSELEMENT('3Cdw5KF3jB0AlvpTld_F4o',#5,$,$,#546,#554);
#556= IFCPROPERTYSINGLEVALUE('FeatureSubTypes',$,$,$);
#557= IFCPROPERTYSINGLEVALUE('OpeningDiameter',$,IFCPOSITIVELENGTHMEASURE(518.),$);
#558= IFCPROPERTYSET('2ohDdM7V58Afa7i28zMJ1C',#5,'AISC_EM11_Pset_Opening/Cope',$,(#556,#307,#308,#557));
#559= IFCLOCALPLACEMENT(#45,#327);
#560= IFCCIRCLEPROFILEDEF(.AREA.,$,#171,11.5);
#561= IFCCARTESIANPOINT((0.,-19.1,0.));
#562= IFCAXIS2PLACEMENT3D(#561,#8,#7);
#563= IFCEXTRUDEDAREASOLID(#560,#562,#9,19.2);
#564= IFCSHAPEREPRESENTATION(#12,'Body','SweptSolid',(#563));
#565= IFCREPRESENTATIONMAP(#10,#564);
#566= IFCMAPPEDITEM(#565,#352);
#567= IFCMAPPEDITEM(#565,#357);
#568= IFCMAPPEDITEM(#565,#360);
#569= IFCMAPPEDITEM(#565,#363);
#570= IFCMAPPEDITEM(#565,#366);
#571= IFCMAPPEDITEM(#565,#369);
#572= IFCMAPPEDITEM(#565,#372);
#573= IFCMAPPEDITEM(#565,#375);
#574= IFCMAPPEDITEM(#565,#378);
#575= IFCMAPPEDITEM(#565,#381);
#576= IFCMAPPEDITEM(#565,#384);
#577= IFCMAPPEDITEM(#565,#387);
#578= IFCMAPPEDITEM(#565,#390);
#579= IFCMAPPEDITEM(#565,#393);
#580= IFCSHAPEREPRESENTATION(#12,'Body','MappedRepresentation',(#566,#567,#568,#569,#570,#571,#572,#573,#574,#575,#576,#577,#578,#579));
#581= IFCPRODUCTDEFINITIONSHAPE($,$,(#580));
#582= IFCOPENINGELEMENT('3YKald9K961QMsaeaqomhF',#5,$,$,'Opening',#559,#581,$);
#583= IFCRELVOIDSELEMENT('2_50lRkg57kA8pMuIDgrx9',#5,'Drill Hole',$,#546,#582);
#584= IFCLOCALPLACEMENT(#45,#430);
#585= IFCMAPPEDITEM(#565,#440);
#586= IFCMAPPEDITEM(#565,#445);
#587= IFCMAPPEDITEM(#565,#448);
#588= IFCMAPPEDITEM(#565,#451);
#589= IFCMAPPEDITEM(#565,#454);
#590= IFCMAPPEDITEM(#565,#457);
#591= IFCMAPPEDITEM(#565,#460);
#592= IFCMAPPEDITEM(#565,#463);
#593= IFCMAPPEDITEM(#565,#466);
#594= IFCMAPPEDITEM(#565,#469);
#595= IFCMAPPEDITEM(#565,#472);
#596= IFCMAPPEDITEM(#565,#475);
#597= IFCMAPPEDITEM(#565,#478);
#598= IFCMAPPEDITEM(#565,#481);
#599= IFCMAPPEDITEM(#565,#484);
#600= IFCMAPPEDITEM(#565,#487);
#601= IFCMAPPEDITEM(#565,#490);
#602= IFCMAPPEDITEM(#565,#493);
#603= IFCMAPPEDITEM(#565,#496);
#604= IFCMAPPEDITEM(#565,#499);
#605= IFCSHAPEREPRESENTATION(#12,'Body','MappedRepresentation',(#585,#586,#587,#588,#589,#590,#591,#592,#593,#594,#595,#596,#597,#598,#599,#600,#601,#602,#603,#604));
#606= IFCPRODUCTDEFINITIONSHAPE($,$,(#605));
#607= IFCOPENINGELEMENT('0MoTbWRGL5BxnUXFt5fUTc',#5,$,$,'Opening',#584,#606,$);
#608= IFCRELVOIDSELEMENT('3DN9yMeJ593QwqrzR$rAq_',#5,'Drill Hole',$,#546,#607);
#609= IFCPROPERTYSINGLEVALUE('PieceMark',$,IFCIDENTIFIER('PLATE'),$);
#610= IFCPROPERTYSINGLEVALUE('IndicationMark',$,IFCIDENTIFIER('1280(?)'),$);
#611= IFCPROPERTYSET('1Hy$3FMRj6re85K8UUoTqi',#5,'AISC_EM11_Pset_PieceIdentification','PieceIdentity',(#609,#610,#313,#314));
#612= IFCCARTESIANPOINT((84736.0072537583,1603.38149666646,23600.));
#613= IFCDIRECTION((-1.,0.,0.));
#614= IFCAXIS2PLACEMENT3D(#612,#613,#114);
#615= IFCLOCALPLACEMENT(#320,#614);
#616= IFCCARTESIANPOINT((0.,-27.8999998095,0.));
#617= IFCAXIS2PLACEMENT3D(#616,#8,#7);
#618= IFCEXTRUDEDAREASOLID(#336,#617,#9,13.2);
#619= IFCCARTESIANPOINT((0.,-14.6999998095,0.));
#620= IFCAXIS2PLACEMENT3D(#619,#8,#7);
#621= IFCEXTRUDEDAREASOLID(#340,#620,#9,50.);
#622= IFCCARTESIANPOINT((0.,4.70000070949732,0.));
#623= IFCAXIS2PLACEMENT3D(#622,#8,#7);
#624= IFCEXTRUDEDAREASOLID(#344,#623,#9,8.);
#625= IFCCARTESIANPOINT((0.,12.7000007094973,0.));
#626= IFCAXIS2PLACEMENT3D(#625,#8,#7);
#627= IFCEXTRUDEDAREASOLID(#336,#626,#9,16.);
#628= IFCCARTESIANPOINT((85.,0.,40.));
#629= IFCCARTESIANTRANSFORMATIONOPERATOR3D($,$,#628,$,$);
#630= IFCSHAPEREPRESENTATION(#12,'Body','SweptSolid',(#618,#621,#624,#627));
#631= IFCREPRESENTATIONMAP(#10,#630);
#632= IFCMAPPEDITEM(#631,#629);
#633= IFCCARTESIANPOINT((155.,0.,40.));
#634= IFCCARTESIANTRANSFORMATIONOPERATOR3D($,$,#633,$,$);
#635= IFCMAPPEDITEM(#631,#634);
#636= IFCCARTESIANPOINT((225.,0.,40.));
#637= IFCCARTESIANTRANSFORMATIONOPERATOR3D($,$,#636,$,$);
#638= IFCMAPPEDITEM(#631,#637);
#639= IFCCARTESIANPOINT((295.,0.,40.));
#640= IFCCARTESIANTRANSFORMATIONOPERATOR3D($,$,#639,$,$);
#641= IFCMAPPEDITEM(#631,#640);
#642= IFCCARTESIANPOINT((365.,0.,40.));
#643= IFCCARTESIANTRANSFORMATIONOPERATOR3D($,$,#642,$,$);
#644= IFCMAPPEDITEM(#631,#643);
#645= IFCSHAPEREPRESENTATION(#12,'Body','MappedRepresentation',(#632,#635,#638,#641,#644));
#646= IFCCARTESIANPOINT((0.,50.,0.));
#647= IFCPOLYLINE((#616,#646));
#648= IFCSHAPEREPRESENTATION(#12,'Axis','GeometricCurveSet',(#647));
#649= IFCREPRESENTATIONMAP(#10,#648);
#650= IFCMAPPEDITEM(#649,#629);
#651= IFCMAPPEDITEM(#649,#634);
#652= IFCMAPPEDITEM(#649,#637);
#653= IFCMAPPEDITEM(#649,#640);
#654= IFCMAPPEDITEM(#649,#643);
#655= IFCSHAPEREPRESENTATION(#12,'Axis','MappedRepresentation',(#650,#651,#652,#653,#654));
#656= IFCPRODUCTDEFINITIONSHAPE($,$,(#645,#655));
#657= IFCMECHANICALFASTENER('3F2gAR0kT4QPnoLH5JZbv_',#148,'Bolt assembly',$,$,#615,#656,'IDcf0aa29b-02e7-4469-9c72-5511538e5e7e',20.,50.);
#658= IFCPROPERTYSINGLEVALUE('BoltLength',$,IFCPOSITIVELENGTHMEASURE(50.),$);
#659= IFCPROPERTYSET('1SZcdX7mXFSA131Yo2tSYr',#5,'AISC_EM11_Pset_Bolt','BoltIdentity',(#205,#206,#417,#658,#209,#210));
#660= IFCCARTESIANPOINT((84746.0072537583,1608.08149726718,23375.));
#661= IFCAXIS2PLACEMENT3D(#660,#613,#114);
#662= IFCLOCALPLACEMENT(#45,#661);
#663= IFCCARTESIANPOINT((-180.,0.,6.80899732168473));
#664= IFCCARTESIANPOINT((-180.,0.,0.));
#665= IFCCARTESIANPOINT((180.,0.,0.));
#666= IFCCARTESIANPOINT((180.,0.,6.80899732168473));
#667= IFCPOLYLOOP((#663,#664,#665,#666));
#668= IFCFACEOUTERBOUND(#667,.T.);
#669= IFCFACE((#668));
#670= IFCCARTESIANPOINT((-180.,6.78800745532862,0.534227772674058));
#671= IFCCARTESIANPOINT((180.,6.78800745532862,0.534227772674058));
#672= IFCPOLYLOOP((#664,#670,#671,#665));
#673= IFCFACEOUTERBOUND(#672,.T.);
#674= IFCFACE((#673));
#675= IFCPOLYLOOP((#670,#663,#666,#671));
#676= IFCFACEOUTERBOUND(#675,.T.);
#677= IFCFACE((#676));
#678= IFCPOLYLOOP((#671,#666,#665));
#679= IFCFACEOUTERBOUND(#678,.T.);
#680= IFCFACE((#679));
#681= IFCPOLYLOOP((#670,#664,#663));
#682= IFCFACEOUTERBOUND(#681,.T.);
#683= IFCFACE((#682));
#684= IFCCARTESIANPOINT((180.,-10.,7.36593180385535));
#685= IFCCARTESIANPOINT((180.,-10.,0.));
#686= IFCCARTESIANPOINT((-180.,-10.,0.));
#687= IFCCARTESIANPOINT((-180.,-10.,7.36593180385535));
#688= IFCPOLYLOOP((#684,#685,#686,#687));
#689= IFCFACEOUTERBOUND(#688,.T.);
#690= IFCFACE((#689));
#691= IFCCARTESIANPOINT((180.,-17.3432250943576,-0.57792434853036));
#692= IFCCARTESIANPOINT((-180.,-17.3432250943576,-0.57792434853036));
#693= IFCPOLYLOOP((#685,#691,#692,#686));
#694= IFCFACEOUTERBOUND(#693,.T.);
#695= IFCFACE((#694));
#696= IFCPOLYLOOP((#691,#684,#687,#692));
#697= IFCFACEOUTERBOUND(#696,.T.);
#698= IFCFACE((#697));
#699= IFCPOLYLOOP((#692,#687,#686));
#700= IFCFACEOUTERBOUND(#699,.T.);
#701= IFCFACE((#700));
#702= IFCPOLYLOOP((#691,#685,#684));
#703= IFCFACEOUTERBOUND(#702,.T.);
#704= IFCFACE((#703));
#705= IFCCLOSEDSHELL((#669,#674,#677,#680,#683,#690,#695,#698,#701,#704));
#706= IFCFACETEDBREP(#705);
#707= IFCSHAPEREPRESENTATION(#12,'Body','Brep',(#706));
#708= IFCPOLYLINE((#664,#665));
#709= IFCCARTESIANPOINT((180.,0.,10.));
#710= IFCCARTESIANPOINT((-180.,0.,10.));
#711= IFCPOLYLINE((#709,#710));
#712= IFCSHAPEREPRESENTATION(#13,'Axis','GeometricCurveSet',(#708,#711));
#713= IFCPRODUCTDEFINITIONSHAPE($,$,(#707,#712));
#714= IFCFASTENER('07PGiQgIX1AQqE2a6dgXi1',#148,'Weld',$,$,#662,#713,'ID07650b1a-a928-4129-ad0e-0a41a7aa1b01');
#715= IFCPROPERTYSINGLEVALUE('WeldID',$,IFCINTEGER(94221829),$);
#716= IFCPROPERTYSINGLEVALUE('l',$,IFCPOSITIVELENGTHMEASURE(360.),$);
#717= IFCPROPERTYSET('1OLwhlIVL1fR3lP$kA9Nv4',#5,'AISC_EM11_Pset_Weld','WeldIdentity',(#87,#88,#89,#90,#715,#277,#93,#94,#716,#96,#279,#280,#99,#100,#101,#102));
#718= IFCCARTESIANPOINT((84701.0072538993,1613.08149647596,23195.));
#719= IFCAXIS2PLACEMENT3D(#718,#9,#7);
#720= IFCLOCALPLACEMENT(#45,#719);
#721= IFCCARTESIANPOINT((0.,0.,360.));
#722= IFCAXIS2PLACEMENT3D(#721,#114,#8);
#723= IFCEXTRUDEDAREASOLID(#285,#722,#9,360.);
#724= IFCSHAPEREPRESENTATION(#12,'Body','SweptSolid',(#723));
#725= IFCPRODUCTDEFINITIONSHAPE($,$,(#724));
#726= IFCDISCRETEACCESSORY('2y522aXRT0s9tAZwwyUdEM',#148,'Support section',$,$,#720,#725,'1068');
#727= IFCLOCALPLACEMENT(#45,#614);
#728= IFCCARTESIANPOINT((0.,-14.7999998095,0.));
#729= IFCAXIS2PLACEMENT3D(#728,#8,#7);
#730= IFCEXTRUDEDAREASOLID(#560,#729,#9,10.2);
#731= IFCSHAPEREPRESENTATION(#12,'Body','SweptSolid',(#730));
#732= IFCREPRESENTATIONMAP(#10,#731);
#733= IFCMAPPEDITEM(#732,#629);
#734= IFCMAPPEDITEM(#732,#634);
#735= IFCMAPPEDITEM(#732,#637);
#736= IFCMAPPEDITEM(#732,#640);
#737= IFCMAPPEDITEM(#732,#643);
#738= IFCSHAPEREPRESENTATION(#12,'Body','MappedRepresentation',(#733,#734,#735,#736,#737));
#739= IFCPRODUCTDEFINITIONSHAPE($,$,(#738));
#740= IFCOPENINGELEMENT('1RZBPOzEX16eKDYtW4zQMP',#5,$,$,'Opening',#727,#739,$);
#741= IFCRELVOIDSELEMENT('2ZfNxj3WD2wRgKwcVAIS57',#5,'Drill Hole',$,#726,#740);
#742= IFCPROPERTYSINGLEVALUE('IndicationMark',$,IFCIDENTIFIER('1068'),$);
#743= IFCPROPERTYSET('2i8sdVMIbDZuLAils5ocEi',#5,'AISC_EM11_Pset_PieceIdentification','PieceIdentity',(#311,#742,#313,#314));
#744= IFCCARTESIANPOINT((85263.9927466046,1603.38149265555,23600.));
#745= IFCAXIS2PLACEMENT3D(#744,#7,#114);
#746= IFCLOCALPLACEMENT(#425,#745);
#747= IFCCARTESIANPOINT((0.,-18.95,0.));
#748= IFCAXIS2PLACEMENT3D(#747,#8,#7);
#749= IFCEXTRUDEDAREASOLID(#336,#748,#9,13.2);
#750= IFCCARTESIANPOINT((0.,-5.75000000000001,0.));
#751= IFCAXIS2PLACEMENT3D(#750,#8,#7);
#752= IFCEXTRUDEDAREASOLID(#340,#751,#9,55.);
#753= IFCCARTESIANPOINT((0.,15.7499999999998,0.));
#754= IFCAXIS2PLACEMENT3D(#753,#8,#7);
#755= IFCEXTRUDEDAREASOLID(#344,#754,#9,8.);
#756= IFCCARTESIANPOINT((0.,23.7499999999998,0.));
#757= IFCAXIS2PLACEMENT3D(#756,#8,#7);
#758= IFCEXTRUDEDAREASOLID(#336,#757,#9,16.);
#759= IFCCARTESIANPOINT((80.,0.,45.));
#760= IFCCARTESIANTRANSFORMATIONOPERATOR3D($,$,#759,$,$);
#761= IFCSHAPEREPRESENTATION(#12,'Body','SweptSolid',(#749,#752,#755,#758));
#762= IFCREPRESENTATIONMAP(#10,#761);
#763= IFCMAPPEDITEM(#762,#760);
#764= IFCCARTESIANPOINT((150.,0.,45.));
#765= IFCCARTESIANTRANSFORMATIONOPERATOR3D($,$,#764,$,$);
#766= IFCMAPPEDITEM(#762,#765);
#767= IFCCARTESIANPOINT((220.,0.,45.));
#768= IFCCARTESIANTRANSFORMATIONOPERATOR3D($,$,#767,$,$);
#769= IFCMAPPEDITEM(#762,#768);
#770= IFCCARTESIANPOINT((290.,0.,45.));
#771= IFCCARTESIANTRANSFORMATIONOPERATOR3D($,$,#770,$,$);
#772= IFCMAPPEDITEM(#762,#771);
#773= IFCCARTESIANPOINT((360.,0.,45.));
#774= IFCCARTESIANTRANSFORMATIONOPERATOR3D($,$,#773,$,$);
#775= IFCMAPPEDITEM(#762,#774);
#776= IFCSHAPEREPRESENTATION(#12,'Body','MappedRepresentation',(#763,#766,#769,#772,#775));
#777= IFCPOLYLINE((#747,#396));
#778= IFCSHAPEREPRESENTATION(#12,'Axis','GeometricCurveSet',(#777));
#779= IFCREPRESENTATIONMAP(#10,#778);
#780= IFCMAPPEDITEM(#779,#760);
#781= IFCMAPPEDITEM(#779,#765);
#782= IFCMAPPEDITEM(#779,#768);
#783= IFCMAPPEDITEM(#779,#771);
#784= IFCMAPPEDITEM(#779,#774);
#785= IFCSHAPEREPRESENTATION(#12,'Axis','MappedRepresentation',(#780,#781,#782,#783,#784));
#786= IFCPRODUCTDEFINITIONSHAPE($,$,(#776,#785));
#787= IFCMECHANICALFASTENER('3FmaYGSX13Uw_vUHQdCQtp',#148,'Bolt assembly',$,$,#746,#786,'IDcfc24890-7210-437b-afb9-7916a731adf3',20.,55.);
#788= IFCPROPERTYSINGLEVALUE('BoltStandard',$,IFCIDENTIFIER('7968'),$);
#789= IFCPROPERTYSINGLEVALUE('BoltType',$,IFCIDENTIFIER('7968'),$);
#790= IFCPROPERTYSET('2FRSjgAXD2SfBJOWui0ji_',#5,'AISC_EM11_Pset_Bolt','BoltIdentity',(#205,#206,#417,#418,#788,#789));
#791= IFCCARTESIANPOINT((85253.9927466046,1619.13149265555,23380.));
#792= IFCAXIS2PLACEMENT3D(#791,#7,#114);
#793= IFCLOCALPLACEMENT(#45,#792);
#794= IFCCARTESIANPOINT((-180.,0.,7.36593180385535));
#795= IFCCARTESIANPOINT((180.,0.,7.36593180385535));
#796= IFCPOLYLOOP((#794,#664,#665,#795));
#797= IFCFACEOUTERBOUND(#796,.T.);
#798= IFCFACE((#797));
#799= IFCCARTESIANPOINT((-180.,7.34322509435765,-0.57792434853036));
#800= IFCCARTESIANPOINT((180.,7.34322509435765,-0.57792434853036));
#801= IFCPOLYLOOP((#664,#799,#800,#665));
#802= IFCFACEOUTERBOUND(#801,.T.);
#803= IFCFACE((#802));
#804= IFCPOLYLOOP((#799,#794,#795,#800));
#805= IFCFACEOUTERBOUND(#804,.T.);
#806= IFCFACE((#805));
#807= IFCPOLYLOOP((#800,#795,#665));
#808= IFCFACEOUTERBOUND(#807,.T.);
#809= IFCFACE((#808));
#810= IFCPOLYLOOP((#799,#664,#794));
#811= IFCFACEOUTERBOUND(#810,.T.);
#812= IFCFACE((#811));
#813= IFCCARTESIANPOINT((180.,-10.,6.80899732168473));
#814= IFCCARTESIANPOINT((-180.,-10.,6.80899732168473));
#815= IFCPOLYLOOP((#813,#685,#686,#814));
#816= IFCFACEOUTERBOUND(#815,.T.);
#817= IFCFACE((#816));
#818= IFCCARTESIANPOINT((180.,-16.7880074553286,0.534227772674058));
#819= IFCCARTESIANPOINT((-180.,-16.7880074553286,0.534227772674058));
#820= IFCPOLYLOOP((#685,#818,#819,#686));
#821= IFCFACEOUTERBOUND(#820,.T.);
#822= IFCFACE((#821));
#823= IFCPOLYLOOP((#818,#813,#814,#819));
#824= IFCFACEOUTERBOUND(#823,.T.);
#825= IFCFACE((#824));
#826= IFCPOLYLOOP((#819,#814,#686));
#827= IFCFACEOUTERBOUND(#826,.T.);
#828= IFCFACE((#827));
#829= IFCPOLYLOOP((#818,#685,#813));
#830= IFCFACEOUTERBOUND(#829,.T.);
#831= IFCFACE((#830));
#832= IFCCLOSEDSHELL((#798,#803,#806,#809,#812,#817,#822,#825,#828,#831));
#833= IFCFACETEDBREP(#832);
#834= IFCSHAPEREPRESENTATION(#12,'Body','Brep',(#833));
#835= IFCSHAPEREPRESENTATION(#13,'Axis','GeometricCurveSet',(#708,#711));
#836= IFCPRODUCTDEFINITIONSHAPE($,$,(#834,#835));
#837= IFCFASTENER('3IwO7j1Kn2MAC4bjufRoQt',#148,'Weld',$,$,#793,#836,'IDd2e981ed-054c-4258-a304-96de296f26b7');
#838= IFCPROPERTYSINGLEVALUE('WeldID',$,IFCINTEGER(94221394),$);
#839= IFCPROPERTYSET('3KMjur6MrEdvkDrEIJWLKi',#5,'AISC_EM11_Pset_Weld','WeldIdentity',(#87,#88,#89,#90,#838,#277,#93,#94,#716,#96,#279,#280,#99,#100,#101,#102));
#840= IFCCARTESIANPOINT((85303.9927466046,1614.13149265555,23200.));
#841= IFCAXIS2PLACEMENT3D(#840,#9,#613);
#842= IFCLOCALPLACEMENT(#45,#841);
#843= IFCRECTANGLEPROFILEDEF(.AREA.,'PL10*100',#171,10.,100.);
#844= IFCEXTRUDEDAREASOLID(#843,#722,#9,360.);
#845= IFCSHAPEREPRESENTATION(#12,'Body','SweptSolid',(#844));
#846= IFCPRODUCTDEFINITIONSHAPE($,$,(#845));
#847= IFCDISCRETEACCESSORY('3RB93Hc9b9qwAWaiaFz_Y$',#148,'Support section',$,$,#842,#846,'1126');
#848= IFCLOCALPLACEMENT(#45,#745);
#849= IFCCARTESIANPOINT((0.,5.64999999999977,0.));
#850= IFCAXIS2PLACEMENT3D(#849,#8,#7);
#851= IFCEXTRUDEDAREASOLID(#560,#850,#9,10.2);
#852= IFCSHAPEREPRESENTATION(#12,'Body','SweptSolid',(#851));
#853= IFCREPRESENTATIONMAP(#10,#852);
#854= IFCMAPPEDITEM(#853,#760);
#855= IFCMAPPEDITEM(#853,#765);
#856= IFCMAPPEDITEM(#853,#768);
#857= IFCMAPPEDITEM(#853,#771);
#858= IFCMAPPEDITEM(#853,#774);
#859= IFCSHAPEREPRESENTATION(#12,'Body','MappedRepresentation',(#854,#855,#856,#857,#858));
#860= IFCPRODUCTDEFINITIONSHAPE($,$,(#859));
#861= IFCOPENINGELEMENT('0tGJItsh15jP4stnwQfyg8',#5,$,$,'Opening',#848,#860,$);
#862= IFCRELVOIDSELEMENT('3zkVI5NGf4txuvwEvIS4zk',#5,'Drill Hole',$,#847,#861);
#863= IFCPROPERTYSINGLEVALUE('IndicationMark',$,IFCIDENTIFIER('1126'),$);
#864= IFCPROPERTYSET('3m0ApWYTz0KvVB8qTW4X3_',#5,'AISC_EM11_Pset_PieceIdentification','PieceIdentity',(#311,#863,#313,#314));
#865= IFCCARTESIANPOINT((84696.0126004331,1603.95549542573,23600.));
#866= IFCDIRECTION((7.12890000286279E-05,-0.999999997458939,0.));
#867= IFCAXIS2PLACEMENT3D(#865,#866,#326);
#868= IFCLOCALPLACEMENT(#320,#867);
#869= IFCEXTRUDEDAREASOLID(#340,#342,#9,65.);
#870= IFCCARTESIANPOINT((0.,14.60000038,0.));
#871= IFCAXIS2PLACEMENT3D(#870,#8,#7);
#872= IFCEXTRUDEDAREASOLID(#344,#871,#9,8.);
#873= IFCCARTESIANPOINT((0.,22.60000038,0.));
#874= IFCAXIS2PLACEMENT3D(#873,#8,#7);
#875= IFCEXTRUDEDAREASOLID(#336,#874,#9,16.);
#876= IFCSHAPEREPRESENTATION(#12,'Body','SweptSolid',(#339,#869,#872,#875));
#877= IFCREPRESENTATIONMAP(#10,#876);
#878= IFCMAPPEDITEM(#877,#352);
#879= IFCMAPPEDITEM(#877,#357);
#880= IFCMAPPEDITEM(#877,#360);
#881= IFCMAPPEDITEM(#877,#363);
#882= IFCMAPPEDITEM(#877,#366);
#883= IFCMAPPEDITEM(#877,#369);
#884= IFCMAPPEDITEM(#877,#372);
#885= IFCMAPPEDITEM(#877,#375);
#886= IFCMAPPEDITEM(#877,#378);
#887= IFCMAPPEDITEM(#877,#381);
#888= IFCMAPPEDITEM(#877,#384);
#889= IFCMAPPEDITEM(#877,#387);
#890= IFCMAPPEDITEM(#877,#390);
#891= IFCMAPPEDITEM(#877,#393);
#892= IFCSHAPEREPRESENTATION(#12,'Body','MappedRepresentation',(#878,#879,#880,#881,#882,#883,#884,#885,#886,#887,#888,#889,#890,#891));
#893= IFCCARTESIANPOINT((0.,65.,0.));
#894= IFCPOLYLINE((#337,#893));
#895= IFCSHAPEREPRESENTATION(#12,'Axis','GeometricCurveSet',(#894));
#896= IFCREPRESENTATIONMAP(#10,#895);
#897= IFCMAPPEDITEM(#896,#352);
#898= IFCMAPPEDITEM(#896,#357);
#899= IFCMAPPEDITEM(#896,#360);
#900= IFCMAPPEDITEM(#896,#363);
#901= IFCMAPPEDITEM(#896,#366);
#902= IFCMAPPEDITEM(#896,#369);
#903= IFCMAPPEDITEM(#896,#372);
#904= IFCMAPPEDITEM(#896,#375);
#905= IFCMAPPEDITEM(#896,#378);
#906= IFCMAPPEDITEM(#896,#381);
#907= IFCMAPPEDITEM(#896,#384);
#908= IFCMAPPEDITEM(#896,#387);
#909= IFCMAPPEDITEM(#896,#390);
#910= IFCMAPPEDITEM(#896,#393);
#911= IFCSHAPEREPRESENTATION(#12,'Axis','MappedRepresentation',(#897,#898,#899,#900,#901,#902,#903,#904,#905,#906,#907,#908,#909,#910));
#912= IFCPRODUCTDEFINITIONSHAPE($,$,(#892,#911));
#913= IFCMECHANICALFASTENER('3x8hWxsTzAlgG8$Lnz8fIF',#44,'Bolt assembly',$,$,#868,#912,'IDfb22b83b-d9df-4abe-a408-fd5c7d22948f',20.,65.);
#914= IFCPROPERTYSINGLEVALUE('BoltLength',$,IFCPOSITIVELENGTHMEASURE(65.),$);
#915= IFCPROPERTYSET('23eOcPcVLBYvorYG2HaD2d',#5,'AISC_EM11_Pset_Bolt','BoltIdentity',(#205,#206,#417,#914,#209,#210));
#916= IFCOWNERHISTORY(#3,#4,$,.NOCHANGE.,$,$,$,1773849600);
#917= IFCCARTESIANPOINT((85309.,1603.28929908432,23600.));
#918= IFCAXIS2PLACEMENT3D(#917,#8,#7);
#919= IFCLOCALPLACEMENT(#425,#918);
#920= IFCSHAPEREPRESENTATION(#12,'Body','MappedRepresentation',(#473,#476,#479,#482,#485,#488,#491,#494,#497,#500,#443,#446,#449,#452,#455,#458,#461,#464,#467,#470));
#921= IFCSHAPEREPRESENTATION(#12,'Axis','MappedRepresentation',(#516,#517,#518,#519,#520,#521,#522,#523,#524,#525,#506,#507,#508,#509,#510,#511,#512,#513,#514,#515));
#922= IFCPRODUCTDEFINITIONSHAPE($,$,(#920,#921));
#923= IFCMECHANICALFASTENER('3HKgPbxSH6MhxidQqJToAB',#916,'Bolt assembly',$,$,#919,#922,'IDd152a665-edc4-465a-beec-9dad1377228b',20.,70.);
#924= IFCCARTESIANPOINT((86024.,1479.28853064979,23609.5));
#925= IFCAXIS2PLACEMENT3D(#924,#9,#8);
#926= IFCLOCALPLACEMENT(#45,#925);
#927= IFCSHAPEREPRESENTATION(#12,'Body','SweptSolid',(#543));
#928= IFCPRODUCTDEFINITIONSHAPE($,$,(#927));
#929= IFCDISCRETEACCESSORY('3itcEN38n6mh5uTnJt6HOg',#44,'Steel plate',$,$,#926,#928,'1280(?)');
#930= IFCLOCALPLACEMENT(#45,#925);
#931= IFCCARTESIANPOINT((125.886617905667,1024.,1090.5));
#932= IFCAXIS2PLACEMENT3D(#931,#114,#56);
#933= IFCEXTRUDEDAREASOLID(#548,#932,#9,3000.);
#934= IFCSHAPEREPRESENTATION(#12,'Body','SweptSolid',(#933));
#935= IFCPRODUCTDEFINITIONSHAPE($,$,(#934));
#936= IFCOPENINGELEMENT('1lGODAt_15ShCIbEbCiH1_',#5,$,$,'Recess',#930,#935,$);
#937= IFCRELVOIDSELEMENT('0$AnlbiI9EU8wt6tjX_7yt',#5,$,$,#929,#936);
#938= IFCLOCALPLACEMENT(#45,#867);
#939= IFCSHAPEREPRESENTATION(#12,'Body','MappedRepresentation',(#566,#567,#568,#569,#570,#571,#572,#573,#574,#575,#576,#577,#578,#579));
#940= IFCPRODUCTDEFINITIONSHAPE($,$,(#939));
#941= IFCOPENINGELEMENT('1tycWDEWr7D8NSzvOo8hqI',#5,$,$,'Opening',#938,#940,$);
#942= IFCRELVOIDSELEMENT('0PfWOD4mv58f7JgbIXn085',#5,'Drill Hole',$,#929,#941);
#943= IFCLOCALPLACEMENT(#45,#918);
#944= IFCSHAPEREPRESENTATION(#12,'Body','MappedRepresentation',(#595,#596,#597,#598,#599,#600,#601,#602,#603,#604,#585,#586,#587,#588,#589,#590,#591,#592,#593,#594));
#945= IFCPRODUCTDEFINITIONSHAPE($,$,(#944));
#946= IFCOPENINGELEMENT('2_wRC2bef5GfRUjKAFXyZA',#5,$,$,'Opening',#943,#945,$);
#947= IFCRELVOIDSELEMENT('1VYrmCGBvAThXNvrb5OUpR',#5,'Drill Hole',$,#929,#946);
#948= IFCCARTESIANPOINT((85000.0227891272,1126.60679726765,23410.));
#949= IFCAXIS2PLACEMENT3D(#948,#8,#114);
#950= IFCLOCALPLACEMENT(#45,#949);
#951= IFCCARTESIANPOINT((10.39230484542,0.));
#952= IFCCARTESIANPOINT((5.19615242271,9.00000000000127));
#953= IFCCARTESIANPOINT((-5.19615242271,9.00000000000127));
#954= IFCCARTESIANPOINT((-10.39230484542,0.));
#955= IFCCARTESIANPOINT((-5.19615242271,-9.00000000000127));
#956= IFCCARTESIANPOINT((5.19615242271,-9.00000000000127));
#957= IFCPOLYLINE((#951,#952,#953,#954,#955,#956,#951));
#958= IFCARBITRARYCLOSEDPROFILEDEF(.AREA.,$,#957);
#959= IFCCARTESIANPOINT((0.,-10.42,0.));
#960= IFCAXIS2PLACEMENT3D(#959,#8,#7);
#961= IFCEXTRUDEDAREASOLID(#958,#960,#9,7.92);
#962= IFCCIRCLEPROFILEDEF(.AREA.,$,#171,6.);
#963= IFCCARTESIANPOINT((0.,-2.5,0.));
#964= IFCAXIS2PLACEMENT3D(#963,#8,#7);
#965= IFCEXTRUDEDAREASOLID(#962,#964,#9,35.);
#966= IFCCIRCLEPROFILEDEF(.AREA.,$,#171,12.);
#967= IFCCARTESIANPOINT((0.,8.50000000000766,0.));
#968= IFCAXIS2PLACEMENT3D(#967,#8,#7);
#969= IFCEXTRUDEDAREASOLID(#966,#968,#9,8.);
#970= IFCCARTESIANPOINT((10.96965511461,0.));
#971= IFCCARTESIANPOINT((5.484827557305,9.50000000000134));
#972= IFCCARTESIANPOINT((-5.484827557305,9.50000000000134));
#973= IFCCARTESIANPOINT((-10.96965511461,0.));
#974= IFCCARTESIANPOINT((-5.484827557305,-9.50000000000134));
#975= IFCCARTESIANPOINT((5.484827557305,-9.50000000000134));
#976= IFCPOLYLINE((#970,#971,#972,#973,#974,#975,#970));
#977= IFCARBITRARYCLOSEDPROFILEDEF(.AREA.,$,#976);
#978= IFCCARTESIANPOINT((0.,16.5000000000077,0.));
#979= IFCAXIS2PLACEMENT3D(#978,#8,#7);
#980= IFCEXTRUDEDAREASOLID(#977,#979,#9,10.);
#981= IFCCARTESIANPOINT((0.,0.,-22.5));
#982= IFCCARTESIANTRANSFORMATIONOPERATOR3D($,$,#981,$,$);
#983= IFCSHAPEREPRESENTATION(#12,'Body','SweptSolid',(#961,#965,#969,#980));
#984= IFCREPRESENTATIONMAP(#10,#983);
#985= IFCMAPPEDITEM(#984,#982);
#986= IFCCARTESIANPOINT((70.,0.,-22.5));
#987= IFCCARTESIANTRANSFORMATIONOPERATOR3D($,$,#986,$,$);
#988= IFCMAPPEDITEM(#984,#987);
#989= IFCCARTESIANPOINT((0.,0.,22.5));
#990= IFCCARTESIANTRANSFORMATIONOPERATOR3D($,$,#989,$,$);
#991= IFCMAPPEDITEM(#984,#990);
#992= IFCCARTESIANPOINT((70.,0.,22.5));
#993= IFCCARTESIANTRANSFORMATIONOPERATOR3D($,$,#992,$,$);
#994= IFCMAPPEDITEM(#984,#993);
#995= IFCSHAPEREPRESENTATION(#12,'Body','MappedRepresentation',(#985,#988,#991,#994));
#996= IFCCARTESIANPOINT((0.,35.,0.));
#997= IFCPOLYLINE((#959,#996));
#998= IFCSHAPEREPRESENTATION(#12,'Axis','GeometricCurveSet',(#997));
#999= IFCREPRESENTATIONMAP(#10,#998);
#1000= IFCMAPPEDITEM(#999,#982);
#1001= IFCMAPPEDITEM(#999,#987);
#1002= IFCMAPPEDITEM(#999,#990);
#1003= IFCMAPPEDITEM(#999,#993);
#1004= IFCSHAPEREPRESENTATION(#12,'Axis','MappedRepresentation',(#1000,#1001,#1002,#1003));
#1005= IFCPRODUCTDEFINITIONSHAPE($,$,(#995,#1004));
#1006= IFCMECHANICALFASTENER('2KAc5kYWD2uB4TP6uxF8q8',#44,'Bolt assembly',$,$,#950,#1005,'ID942a616e-8a03-42e0-b11d-646e3b3c8d08',12.,35.);
#1007= IFCPROPERTYSINGLEVALUE('BoltDiameter',$,IFCPOSITIVELENGTHMEASURE(12.),$);
#1008= IFCPROPERTYSINGLEVALUE('BoltLength',$,IFCPOSITIVELENGTHMEASURE(35.),$);
#1009= IFCPROPERTYSET('3b9FZmAbvAE8CSqd7NA0pb',#5,'AISC_EM11_Pset_Bolt','BoltIdentity',(#205,#206,#1007,#1008,#209,#210));
#1010= IFCPROPERTYSINGLEVALUE('NutSize',$,IFCPOSITIVELENGTHMEASURE(12.),$);
#1011= IFCPROPERTYSET('0oYAN6TMrFAeQ7g$_puIvr',#5,'AISC_EM11_Pset_Nut','NutIdentity',(#1010,#213));
#1012= IFCPROPERTYSINGLEVALUE('WasherSize',$,IFCPOSITIVELENGTHMEASURE(12.),$);
#1013= IFCPROPERTYSET('1RGGc3np1Bk9OLjnZZk7py',#5,'AISC_EM11_Pset_Washer','WasherIdentity',(#215,#1012,#217,#218));
#1014= IFCCARTESIANPOINT((84999.8859714156,1349.29830377303,23375.));
#1015= IFCDIRECTION((0.000434077999932813,-0.999999905788141,0.));
#1016= IFCAXIS2PLACEMENT3D(#1014,#9,#1015);
#1017= IFCLOCALPLACEMENT(#45,#1016);
#1018= IFCISHAPEPROFILEDEF(.AREA.,'IPE160',#171,82.,160.,5.,7.400000095,9.);
#1019= IFCCARTESIANPOINT((272.74545770439,-1.47855608889326E-17,-3.63797880709171E-12));
#1020= IFCAXIS2PLACEMENT3D(#1019,#613,#56);
#1021= IFCEXTRUDEDAREASOLID(#1018,#1020,#9,272.75);
#1022= IFCDIRECTION((-0.999999905788141,0.000434077999932693,0.));
#1023= IFCCARTESIANPOINT((272.691540204152,0.018448314993293,-180.000000000004));
#1024= IFCDIRECTION((0.000434077999932693,0.999999905788141,0.));
#1025= IFCAXIS2PLACEMENT3D(#1023,#1022,#1024);
#1026= IFCPLANE(#1025);
#1027= IFCHALFSPACESOLID(#1026,.T.);
#1028= IFCBOOLEANCLIPPINGRESULT(.DIFFERENCE.,#1021,#1027);
#1029= IFCSHAPEREPRESENTATION(#12,'Body','Clipping',(#1028));
#1030= IFCPRODUCTDEFINITIONSHAPE($,$,(#1029));
#1031= IFCDISCRETEACCESSORY('0iyza3u_H9WgDWIsv1j6lw',#44,'Support section',$,$,#1017,#1030,'b/164');
#1032= IFCLOCALPLACEMENT(#45,#949);
#1033= IFCCIRCLEPROFILEDEF(.AREA.,$,#171,7.5);
#1034= IFCCARTESIANPOINT((0.,-2.6,0.));
#1035= IFCAXIS2PLACEMENT3D(#1034,#8,#7);
#1036= IFCEXTRUDEDAREASOLID(#1033,#1035,#9,5.2);
#1037= IFCSHAPEREPRESENTATION(#12,'Body','SweptSolid',(#1036));
#1038= IFCREPRESENTATIONMAP(#10,#1037);
#1039= IFCMAPPEDITEM(#1038,#982);
#1040= IFCMAPPEDITEM(#1038,#987);
#1041= IFCMAPPEDITEM(#1038,#990);
#1042= IFCMAPPEDITEM(#1038,#993);
#1043= IFCSHAPEREPRESENTATION(#12,'Body','MappedRepresentation',(#1039,#1040,#1041,#1042));
#1044= IFCPRODUCTDEFINITIONSHAPE($,$,(#1043));
#1045= IFCOPENINGELEMENT('2igsyai619OQLJFpj3IL6T',#5,$,$,'Opening',#1032,#1044,$);
#1046= IFCRELVOIDSELEMENT('35JlnsZY1EUeyHCK2YQaQa',#5,'Drill Hole',$,#1031,#1045);
#1047= IFCPROPERTYSINGLEVALUE('PieceMark',$,IFCIDENTIFIER('BEAM'),$);
#1048= IFCPROPERTYSINGLEVALUE('IndicationMark',$,IFCIDENTIFIER('b/164'),$);
#1049= IFCPROPERTYSET('2M9b43bhX8HAvhbmHJYiYd',#5,'AISC_EM11_Pset_PieceIdentification','PieceIdentity',(#1047,#1048,#313,#314));
#1050= IFCCARTESIANPOINT((85000.0227891272,1126.60679726765,19160.));
#1051= IFCAXIS2PLACEMENT3D(#1050,#8,#114);
#1052= IFCLOCALPLACEMENT(#45,#1051);
#1053= IFCSHAPEREPRESENTATION(#12,'Body','MappedRepresentation',(#985,#988,#991,#994));
#1054= IFCSHAPEREPRESENTATION(#12,'Axis','MappedRepresentation',(#1000,#1001,#1002,#1003));
#1055= IFCPRODUCTDEFINITIONSHAPE($,$,(#1053,#1054));
#1056= IFCMECHANICALFASTENER('1JQLISgrz5rBEr9HluGTsx',#44,'Bolt assembly',$,$,#1052,#1055,'ID5369549c-ab5f-45d4-b3b5-251bf841ddbb',12.,35.);
#1057= IFCCARTESIANPOINT((84999.8859714156,1349.29830377303,19125.));
#1058= IFCAXIS2PLACEMENT3D(#1057,#9,#1015);
#1059= IFCLOCALPLACEMENT(#45,#1058);
#1060= IFCPLANE(#1025);
#1061= IFCHALFSPACESOLID(#1060,.T.);
#1062= IFCBOOLEANCLIPPINGRESULT(.DIFFERENCE.,#1021,#1061);
#1063= IFCSHAPEREPRESENTATION(#12,'Body','Clipping',(#1062));
#1064= IFCPRODUCTDEFINITIONSHAPE($,$,(#1063));
#1065= IFCDISCRETEACCESSORY('1YMuPaE0L26ePWEHHGbbw$',#44,'Support section',$,$,#1059,#1064,'b/164');
#1066= IFCLOCALPLACEMENT(#45,#1051);
#1067= IFCSHAPEREPRESENTATION(#12,'Body','MappedRepresentation',(#1039,#1040,#1041,#1042));
#1068= IFCPRODUCTDEFINITIONSHAPE($,$,(#1067));
#1069= IFCOPENINGELEMENT('3197LK87LAoBTnSRfecMLX',#5,$,$,'Opening',#1066,#1068,$);
#1070= IFCRELVOIDSELEMENT('2l4UWnJo97ThaFj9vd9J_U',#5,'Drill Hole',$,#1065,#1069);
#1071= IFCOWNERHISTORY(#3,#4,$,.NOCHANGE.,$,$,$,1773345600);
#1072= IFCOWNERHISTORY(#3,#4,$,.NOCHANGE.,$,$,$,1775491200);
#1073= IFCLOCALPLACEMENT(#42,#10);
#1074= IFCELEMENTASSEMBLY('3BgsJNGcTAMxcWc7HNKpbj',#1072,'BEAM',$,$,#1073,$,'B/1038',.NOTDEFINED.,.RIGID_FRAME.);
#1075= IFCPROPERTYSINGLEVALUE('AssemblyMark',$,IFCIDENTIFIER('B/1038'),$);
#1076= IFCPROPERTYSET('2ujAGtlw53WflVWOejtk3r',#5,'AISC_EM11_Pset_AssemblyIdentification','AssemblyIdentity',(#1075,#52,#53));
#1077= IFCCARTESIANPOINT((85263.9927678447,1603.38122277425,19350.));
#1078= IFCAXIS2PLACEMENT3D(#1077,#7,#114);
#1079= IFCLOCALPLACEMENT(#1073,#1078);
#1080= IFCCARTESIANPOINT((0.,-28.95,0.));
#1081= IFCAXIS2PLACEMENT3D(#1080,#8,#7);
#1082= IFCEXTRUDEDAREASOLID(#336,#1081,#9,13.2);
#1083= IFCCARTESIANPOINT((0.,-15.75,0.));
#1084= IFCAXIS2PLACEMENT3D(#1083,#8,#7);
#1085= IFCEXTRUDEDAREASOLID(#340,#1084,#9,55.);
#1086= IFCCARTESIANPOINT((0.,5.75,0.));
#1087= IFCAXIS2PLACEMENT3D(#1086,#8,#7);
#1088= IFCEXTRUDEDAREASOLID(#344,#1087,#9,8.);
#1089= IFCCARTESIANPOINT((0.,13.75,0.));
#1090= IFCAXIS2PLACEMENT3D(#1089,#8,#7);
#1091= IFCEXTRUDEDAREASOLID(#336,#1090,#9,16.);
#1092= IFCSHAPEREPRESENTATION(#12,'Body','SweptSolid',(#1082,#1085,#1088,#1091));
#1093= IFCREPRESENTATIONMAP(#10,#1092);
#1094= IFCMAPPEDITEM(#1093,#760);
#1095= IFCMAPPEDITEM(#1093,#765);
#1096= IFCMAPPEDITEM(#1093,#768);
#1097= IFCMAPPEDITEM(#1093,#771);
#1098= IFCMAPPEDITEM(#1093,#774);
#1099= IFCSHAPEREPRESENTATION(#12,'Body','MappedRepresentation',(#1094,#1095,#1096,#1097,#1098));
#1100= IFCPOLYLINE((#1080,#396));
#1101= IFCSHAPEREPRESENTATION(#12,'Axis','GeometricCurveSet',(#1100));
#1102= IFCREPRESENTATIONMAP(#10,#1101);
#1103= IFCMAPPEDITEM(#1102,#760);
#1104= IFCMAPPEDITEM(#1102,#765);
#1105= IFCMAPPEDITEM(#1102,#768);
#1106= IFCMAPPEDITEM(#1102,#771);
#1107= IFCMAPPEDITEM(#1102,#774);
#1108= IFCSHAPEREPRESENTATION(#12,'Axis','MappedRepresentation',(#1103,#1104,#1105,#1106,#1107));
#1109= IFCPRODUCTDEFINITIONSHAPE($,$,(#1099,#1108));
#1110= IFCMECHANICALFASTENER('2pkRTsMIrF8fT9FJ$zBH5O',#1071,'Bolt assembly',$,$,#1079,#1109,'IDb3b9b776-592d-4f22-9749-3d3ffd2d1158',20.,55.);
#1111= IFCOWNERHISTORY(#3,#4,$,.NOCHANGE.,$,$,$,1773342000);
#1112= IFCCARTESIANPOINT((85253.993,1597.631,19130.));
#1113= IFCAXIS2PLACEMENT3D(#1112,#7,#114);
#1114= IFCLOCALPLACEMENT(#45,#1113);
#1115= IFCSHAPEREPRESENTATION(#12,'Body','Brep',(#706));
#1116= IFCSHAPEREPRESENTATION(#13,'Axis','GeometricCurveSet',(#708,#711));
#1117= IFCPRODUCTDEFINITIONSHAPE($,$,(#1115,#1116));
#1118= IFCFASTENER('0Jok_rT6v3ixFl5pl9hxw2',#1111,'Weld',$,$,#1114,#1117,'ID13caefb5-746e-43b3-b3ef-173bc9afbe82');
#1119= IFCPROPERTYSINGLEVALUE('WeldID',$,IFCINTEGER(93780731),$);
#1120= IFCPROPERTYSET('2DdT1s$ZvClRLLv_QD9kAP',#5,'AISC_EM11_Pset_Weld','WeldIdentity',(#87,#88,#89,#90,#1119,#277,#93,#94,#716,#96,#279,#280,#99,#100,#101,#102));
#1121= IFCCARTESIANPOINT((85303.9927678447,1592.63122277425,18950.));
#1122= IFCAXIS2PLACEMENT3D(#1121,#9,#613);
#1123= IFCLOCALPLACEMENT(#45,#1122);
#1124= IFCSHAPEREPRESENTATION(#12,'Body','SweptSolid',(#844));
#1125= IFCPRODUCTDEFINITIONSHAPE($,$,(#1124));
#1126= IFCDISCRETEACCESSORY('1n0zF7jez5bfUJHstVrtf9',#1071,'Support section',$,$,#1123,#1125,'1126');
#1127= IFCLOCALPLACEMENT(#45,#1078);
#1128= IFCCARTESIANPOINT((0.,-15.85,0.));
#1129= IFCAXIS2PLACEMENT3D(#1128,#8,#7);
#1130= IFCEXTRUDEDAREASOLID(#560,#1129,#9,10.2);
#1131= IFCSHAPEREPRESENTATION(#12,'Body','SweptSolid',(#1130));
#1132= IFCREPRESENTATIONMAP(#10,#1131);
#1133= IFCMAPPEDITEM(#1132,#760);
#1134= IFCMAPPEDITEM(#1132,#765);
#1135= IFCMAPPEDITEM(#1132,#768);
#1136= IFCMAPPEDITEM(#1132,#771);
#1137= IFCMAPPEDITEM(#1132,#774);
#1138= IFCSHAPEREPRESENTATION(#12,'Body','MappedRepresentation',(#1133,#1134,#1135,#1136,#1137));
#1139= IFCPRODUCTDEFINITIONSHAPE($,$,(#1138));
#1140= IFCOPENINGELEMENT('2wxR8EQrf7a8p463K8JAMI',#5,$,$,'Opening',#1127,#1139,$);
#1141= IFCRELVOIDSELEMENT('1Uf5qYqYX4iuVBoXo$2dEt',#5,'Drill Hole',$,#1126,#1140);
#1142= IFCOWNERHISTORY(#3,#4,$,.NOCHANGE.,$,$,$,1774022400);
#1143= IFCLOCALPLACEMENT(#42,#10);
#1144= IFCELEMENTASSEMBLY('06sTPCj097E8guQgV5VTuf',#1142,'PLATE',$,$,#1143,$,'A/117',.NOTDEFINED.,.RIGID_FRAME.);
#1145= IFCPROPERTYSINGLEVALUE('AssemblyMark',$,IFCIDENTIFIER('A/117'),$);
#1146= IFCPROPERTYSET('3jnzXYQOH7HB6ozi_q6e6G',#5,'AISC_EM11_Pset_AssemblyIdentification','AssemblyIdentity',(#1145,#52,#53));
#1147= IFCCARTESIANPOINT((84736.0072697715,1603.38169955414,19350.));
#1148= IFCAXIS2PLACEMENT3D(#1147,#613,#114);
#1149= IFCLOCALPLACEMENT(#1143,#1148);
#1150= IFCSHAPEREPRESENTATION(#12,'Body','MappedRepresentation',(#1094,#1095,#1096,#1097,#1098));
#1151= IFCSHAPEREPRESENTATION(#12,'Axis','MappedRepresentation',(#1103,#1104,#1105,#1106,#1107));
#1152= IFCPRODUCTDEFINITIONSHAPE($,$,(#1150,#1151));
#1153= IFCMECHANICALFASTENER('1vTDGLWtHDTBgRZlzXBx0x',#1111,'Bolt assembly',$,$,#1149,#1152,'ID7974d415-8374-4d74-ba9b-8eff612fb03b',20.,55.);
#1154= IFCCARTESIANPOINT((84746.007,1609.132,19130.));
#1155= IFCAXIS2PLACEMENT3D(#1154,#613,#114);
#1156= IFCLOCALPLACEMENT(#45,#1155);
#1157= IFCSHAPEREPRESENTATION(#12,'Body','Brep',(#706));
#1158= IFCSHAPEREPRESENTATION(#13,'Axis','GeometricCurveSet',(#708,#711));
#1159= IFCPRODUCTDEFINITIONSHAPE($,$,(#1157,#1158));
#1160= IFCFASTENER('1RjKa$$F55pRR1agKoVe$S',#1111,'Weld',$,$,#1156,#1159,'ID5bb5493f-fcf1-45cd-b6c1-92a5327e8fdc');
#1161= IFCPROPERTYSINGLEVALUE('WeldID',$,IFCINTEGER(93780318),$);
#1162= IFCPROPERTYSET('381yM2YI95bQveLW2obrlL',#5,'AISC_EM11_Pset_Weld','WeldIdentity',(#87,#88,#89,#90,#1161,#277,#93,#94,#716,#96,#279,#280,#99,#100,#101,#102));
#1163= IFCCARTESIANPOINT((84696.0072701107,1614.13169955414,18950.));
#1164= IFCAXIS2PLACEMENT3D(#1163,#9,#7);
#1165= IFCLOCALPLACEMENT(#45,#1164);
#1166= IFCSHAPEREPRESENTATION(#12,'Body','SweptSolid',(#844));
#1167= IFCPRODUCTDEFINITIONSHAPE($,$,(#1166));
#1168= IFCDISCRETEACCESSORY('1IupokcwzA2Otu2IwR9OHy',#1111,'Support section',$,$,#1165,#1167,'1126');
#1169= IFCLOCALPLACEMENT(#45,#1148);
#1170= IFCSHAPEREPRESENTATION(#12,'Body','MappedRepresentation',(#1133,#1134,#1135,#1136,#1137));
#1171= IFCPRODUCTDEFINITIONSHAPE($,$,(#1170));
#1172= IFCOPENINGELEMENT('2birAtLQ18AxsBCED3J2Xr',#5,$,$,'Opening',#1169,#1171,$);
#1173= IFCRELVOIDSELEMENT('3xe_qUVOX06gYckcXoFY09',#5,'Drill Hole',$,#1168,#1172);
#1174= IFCCARTESIANPOINT((84691.0126164472,1603.95549542545,18910.));
#1175= IFCAXIS2PLACEMENT3D(#1174,#325,#326);
#1176= IFCLOCALPLACEMENT(#1143,#1175);
#1177= IFCSHAPEREPRESENTATION(#12,'Body','MappedRepresentation',(#443,#446,#449,#452,#455,#458,#461,#464,#467,#470,#473,#476,#479,#482,#485,#488,#491,#494,#497,#500));
#1178= IFCSHAPEREPRESENTATION(#12,'Axis','MappedRepresentation',(#506,#507,#508,#509,#510,#511,#512,#513,#514,#515,#516,#517,#518,#519,#520,#521,#522,#523,#524,#525));
#1179= IFCPRODUCTDEFINITIONSHAPE($,$,(#1177,#1178));
#1180= IFCMECHANICALFASTENER('2gn6P6C$v35PYMUApY9dZI',#1111,'Bolt assembly',$,$,#1176,#1179,'IDaac46646-33fe-4315-9896-78ace22678d2',20.,70.);
#1181= IFCCARTESIANPOINT((85309.,1603.28929908432,18910.));
#1182= IFCAXIS2PLACEMENT3D(#1181,#56,#7);
#1183= IFCLOCALPLACEMENT(#1073,#1182);
#1184= IFCSHAPEREPRESENTATION(#12,'Body','MappedRepresentation',(#443,#446,#449,#452,#455,#458,#461,#464,#467,#470,#473,#476,#479,#482,#485,#488,#491,#494,#497,#500));
#1185= IFCSHAPEREPRESENTATION(#12,'Axis','MappedRepresentation',(#506,#507,#508,#509,#510,#511,#512,#513,#514,#515,#516,#517,#518,#519,#520,#521,#522,#523,#524,#525));
#1186= IFCPRODUCTDEFINITIONSHAPE($,$,(#1184,#1185));
#1187= IFCMECHANICALFASTENER('29w7qmlSX0re$kdcSlj06t',#1111,'Bolt assembly',$,$,#1183,#1186,'ID89e87d30-bdc8-40d6-8fee-9e672fb401b7',20.,70.);
#1188= IFCCARTESIANPOINT((84691.0126164472,1603.95549542545,19350.));
#1189= IFCAXIS2PLACEMENT3D(#1188,#866,#326);
#1190= IFCLOCALPLACEMENT(#1143,#1189);
#1191= IFCSHAPEREPRESENTATION(#12,'Body','MappedRepresentation',(#473,#476,#479,#482,#485,#488,#491,#494,#497,#500,#443,#446,#449,#452,#455,#458,#461,#464,#467,#470));
#1192= IFCSHAPEREPRESENTATION(#12,'Axis','MappedRepresentation',(#516,#517,#518,#519,#520,#521,#522,#523,#524,#525,#506,#507,#508,#509,#510,#511,#512,#513,#514,#515));
#1193= IFCPRODUCTDEFINITIONSHAPE($,$,(#1191,#1192));
#1194= IFCMECHANICALFASTENER('0DlWgFggvElgHzqrhOn9UW',#1111,'Bolt assembly',$,$,#1190,#1193,'ID0dbe0a8f-aaae-4ebe-a47d-d35ad8c497a0',20.,70.);
#1195= IFCCARTESIANPOINT((85309.,1603.28929908432,19350.));
#1196= IFCAXIS2PLACEMENT3D(#1195,#8,#7);
#1197= IFCLOCALPLACEMENT(#1073,#1196);
#1198= IFCSHAPEREPRESENTATION(#12,'Body','MappedRepresentation',(#473,#476,#479,#482,#485,#488,#491,#494,#497,#500,#443,#446,#449,#452,#455,#458,#461,#464,#467,#470));
#1199= IFCSHAPEREPRESENTATION(#12,'Axis','MappedRepresentation',(#516,#517,#518,#519,#520,#521,#522,#523,#524,#525,#506,#507,#508,#509,#510,#511,#512,#513,#514,#515));
#1200= IFCPRODUCTDEFINITIONSHAPE($,$,(#1198,#1199));
#1201= IFCMECHANICALFASTENER('2dBRfGS0zBkOGyqp35sF5i',#1111,'Bolt assembly',$,$,#1197,#1200,'IDa72dba50-700f-4bb9-843c-d330c5d8f16c',20.,70.);
#1202= IFCOWNERHISTORY(#3,#4,$,.NOCHANGE.,$,$,$,1774983600);
#1203= IFCCARTESIANPOINT((86024.,1479.28853064979,19359.5));
#1204= IFCAXIS2PLACEMENT3D(#1203,#9,#8);
#1205= IFCLOCALPLACEMENT(#45,#1204);
#1206= IFCCARTESIANPOINT((249.666961669922,2047.99267578125));
#1207= IFCCARTESIANPOINT((-0.333040356636047,2047.97485351563));
#1208= IFCPOLYLINE((#170,#534,#535,#1206,#1207,#538,#170));
#1209= IFCARBITRARYCLOSEDPROFILEDEF(.AREA.,'PL19*553',#1208);
#1210= IFCEXTRUDEDAREASOLID(#1209,#542,#9,19.);
#1211= IFCSHAPEREPRESENTATION(#12,'Body','SweptSolid',(#1210));
#1212= IFCPRODUCTDEFINITIONSHAPE($,$,(#1211));
#1213= IFCDISCRETEACCESSORY('0EW_9oDij49etowEsrFgDt',#1202,'Steel plate',$,$,#1205,#1212,'1124');
#1214= IFCLOCALPLACEMENT(#45,#1204);
#1215= IFCSHAPEREPRESENTATION(#12,'Body','SweptSolid',(#933));
#1216= IFCPRODUCTDEFINITIONSHAPE($,$,(#1215));
#1217= IFCOPENINGELEMENT('2Ny$1ip0b2gR2gNIa151Nn',#5,$,$,'Recess',#1214,#1216,$);
#1218= IFCRELVOIDSELEMENT('0BRMdktj10rRzqXhSbg8zu',#5,$,$,#1213,#1217);
#1219= IFCLOCALPLACEMENT(#45,#1189);
#1220= IFCSHAPEREPRESENTATION(#12,'Body','MappedRepresentation',(#595,#596,#597,#598,#599,#600,#601,#602,#603,#604,#585,#586,#587,#588,#589,#590,#591,#592,#593,#594));
#1221= IFCPRODUCTDEFINITIONSHAPE($,$,(#1220));
#1222= IFCOPENINGELEMENT('0_q33ihkr5teU14Qdeuqmc',#5,$,$,'Opening',#1219,#1221,$);
#1223= IFCRELVOIDSELEMENT('36Daf12VP43xWXfTWaH_4_',#5,'Drill Hole',$,#1213,#1222);
#1224= IFCLOCALPLACEMENT(#45,#1196);
#1225= IFCSHAPEREPRESENTATION(#12,'Body','MappedRepresentation',(#595,#596,#597,#598,#599,#600,#601,#602,#603,#604,#585,#586,#587,#588,#589,#590,#591,#592,#593,#594));
#1226= IFCPRODUCTDEFINITIONSHAPE($,$,(#1225));
#1227= IFCOPENINGELEMENT('28ZYYrvtz3HvyzvjFuxaAF',#5,$,$,'Opening',#1224,#1226,$);
#1228= IFCRELVOIDSELEMENT('3WuHNMttn4pQdkcf$sr_sn',#5,'Drill Hole',$,#1213,#1227);
#1229= IFCPROPERTYSINGLEVALUE('IndicationMark',$,IFCIDENTIFIER('1124'),$);
#1230= IFCPROPERTYSET('1n9ZDpZtfEsurBugkP4VkA',#5,'AISC_EM11_Pset_PieceIdentification','PieceIdentity',(#609,#1229,#313,#314));
#1231= IFCCARTESIANPOINT((86024.,1479.28853064979,18900.5));
#1232= IFCAXIS2PLACEMENT3D(#1231,#9,#8);
#1233= IFCLOCALPLACEMENT(#45,#1232);
#1234= IFCCARTESIANPOINT((403.000793457031,1024.22961425781));
#1235= IFCCARTESIANPOINT((-153.72151184082,1032.12023925781));
#1236= IFCPOLYLINE((#170,#534,#1234,#1206,#1207,#1235,#170));
#1237= IFCARBITRARYCLOSEDPROFILEDEF(.AREA.,'PL19*549',#1236);
#1238= IFCEXTRUDEDAREASOLID(#1237,#542,#9,19.);
#1239= IFCSHAPEREPRESENTATION(#12,'Body','SweptSolid',(#1238));
#1240= IFCPRODUCTDEFINITIONSHAPE($,$,(#1239));
#1241= IFCDISCRETEACCESSORY('3K02wR4ALEXfbPzl7WRsr$',#1202,'Steel plate',$,$,#1233,#1240,'1123');
#1242= IFCLOCALPLACEMENT(#45,#1232);
#1243= IFCSHAPEREPRESENTATION(#12,'Body','SweptSolid',(#933));
#1244= IFCPRODUCTDEFINITIONSHAPE($,$,(#1243));
#1245= IFCOPENINGELEMENT('0wOjPyqlD3HflprmySNNgu',#5,$,$,'Recess',#1242,#1244,$);
#1246= IFCRELVOIDSELEMENT('2_WrFkKAb1FhzVa4un4ZRQ',#5,$,$,#1241,#1245);
#1247= IFCLOCALPLACEMENT(#45,#1175);
#1248= IFCSHAPEREPRESENTATION(#12,'Body','MappedRepresentation',(#585,#586,#587,#588,#589,#590,#591,#592,#593,#594,#595,#596,#597,#598,#599,#600,#601,#602,#603,#604));
#1249= IFCPRODUCTDEFINITIONSHAPE($,$,(#1248));
#1250= IFCOPENINGELEMENT('0FrzEAhmz1XPPPRIs1sf5P',#5,$,$,'Opening',#1247,#1249,$);
#1251= IFCRELVOIDSELEMENT('2QhE88g1TCBASUzSYIgR8L',#5,'Drill Hole',$,#1241,#1250);
#1252= IFCLOCALPLACEMENT(#45,#1182);
#1253= IFCSHAPEREPRESENTATION(#12,'Body','MappedRepresentation',(#585,#586,#587,#588,#589,#590,#591,#592,#593,#594,#595,#596,#597,#598,#599,#600,#601,#602,#603,#604));
#1254= IFCPRODUCTDEFINITIONSHAPE($,$,(#1253));
#1255= IFCOPENINGELEMENT('0sW27CrorENQLaMiHifxAu',#5,$,$,'Opening',#1252,#1254,$);
#1256= IFCRELVOIDSELEMENT('23D88z$c9D2B9_vOseFyGi',#5,'Drill Hole',$,#1241,#1255);
#1257= IFCPROPERTYSINGLEVALUE('IndicationMark',$,IFCIDENTIFIER('1123'),$);
#1258= IFCPROPERTYSET('2VvdZ52j556PGc5beSZ4Ov',#5,'AISC_EM11_Pset_PieceIdentification','PieceIdentity',(#609,#1257,#313,#314));
#1259= IFCCARTESIANPOINT((85000.,1126.60679726765,13710.));
#1260= IFCAXIS2PLACEMENT3D(#1259,#8,#114);
#1261= IFCLOCALPLACEMENT(#45,#1260);
#1262= IFCSHAPEREPRESENTATION(#12,'Body','MappedRepresentation',(#985,#988,#991,#994));
#1263= IFCSHAPEREPRESENTATION(#12,'Axis','MappedRepresentation',(#1000,#1001,#1002,#1003));
#1264= IFCPRODUCTDEFINITIONSHAPE($,$,(#1262,#1263));
#1265= IFCMECHANICALFASTENER('2z5oAPbmL5Ygh1EqJ9sZvT',#44,'Bolt assembly',$,$,#1261,#1264,'IDbd172299-9705-458a-aac1-3b44c9da3e5d',12.,35.);
#1266= IFCOWNERHISTORY(#3,#4,$,.NOCHANGE.,$,$,$,1774987200);
#1267= IFCLOCALPLACEMENT(#42,#10);
#1268= IFCELEMENTASSEMBLY('01z0vklR148PIOAGOnYO$Q',#1072,'BEAM',$,$,#1267,$,'B/170',.NOTDEFINED.,.RIGID_FRAME.);
#1269= IFCPROPERTYSINGLEVALUE('AssemblyMark',$,IFCIDENTIFIER('B/170'),$);
#1270= IFCPROPERTYSET('05A5GUfHjFXgYkHdwW6idH',#5,'AISC_EM11_Pset_AssemblyIdentification','AssemblyIdentity',(#1269,#52,#53));
#1271= IFCCARTESIANPOINT((85264.,1603.28932922881,13900.));
#1272= IFCAXIS2PLACEMENT3D(#1271,#7,#114);
#1273= IFCLOCALPLACEMENT(#1267,#1272);
#1274= IFCCARTESIANPOINT((80.,0.,40.));
#1275= IFCCARTESIANTRANSFORMATIONOPERATOR3D($,$,#1274,$,$);
#1276= IFCMAPPEDITEM(#762,#1275);
#1277= IFCCARTESIANPOINT((150.,0.,40.));
#1278= IFCCARTESIANTRANSFORMATIONOPERATOR3D($,$,#1277,$,$);
#1279= IFCMAPPEDITEM(#762,#1278);
#1280= IFCCARTESIANPOINT((220.,0.,40.));
#1281= IFCCARTESIANTRANSFORMATIONOPERATOR3D($,$,#1280,$,$);
#1282= IFCMAPPEDITEM(#762,#1281);
#1283= IFCCARTESIANPOINT((290.,0.,40.));
#1284= IFCCARTESIANTRANSFORMATIONOPERATOR3D($,$,#1283,$,$);
#1285= IFCMAPPEDITEM(#762,#1284);
#1286= IFCCARTESIANPOINT((360.,0.,40.));
#1287= IFCCARTESIANTRANSFORMATIONOPERATOR3D($,$,#1286,$,$);
#1288= IFCMAPPEDITEM(#762,#1287);
#1289= IFCSHAPEREPRESENTATION(#12,'Body','MappedRepresentation',(#1276,#1279,#1282,#1285,#1288));
#1290= IFCMAPPEDITEM(#779,#1275);
#1291= IFCMAPPEDITEM(#779,#1278);
#1292= IFCMAPPEDITEM(#779,#1281);
#1293= IFCMAPPEDITEM(#779,#1284);
#1294= IFCMAPPEDITEM(#779,#1287);
#1295= IFCSHAPEREPRESENTATION(#12,'Axis','MappedRepresentation',(#1290,#1291,#1292,#1293,#1294));
#1296= IFCPRODUCTDEFINITIONSHAPE($,$,(#1289,#1295));
#1297= IFCMECHANICALFASTENER('0d5srqWYr4XByGAtujl1iF',#1266,'Bolt assembly',$,$,#1273,#1296,'ID27176d74-822d-4484-bf10-2b7e2dbc1b0f',20.,55.);
#1298= IFCCARTESIANPOINT((85254.,1619.03932952881,13680.));
#1299= IFCAXIS2PLACEMENT3D(#1298,#7,#114);
#1300= IFCLOCALPLACEMENT(#45,#1299);
#1301= IFCSHAPEREPRESENTATION(#12,'Body','Brep',(#833));
#1302= IFCSHAPEREPRESENTATION(#13,'Axis','GeometricCurveSet',(#708,#711));
#1303= IFCPRODUCTDEFINITIONSHAPE($,$,(#1301,#1302));
#1304= IFCFASTENER('0bG_ppLez38hku8lCkPlLW',#1266,'Weld',$,$,#1300,#1303,'ID2543ecf3-568f-4322-bbb8-22f32e66f560');
#1305= IFCPROPERTYSINGLEVALUE('WeldID',$,IFCINTEGER(93186179),$);
#1306= IFCPROPERTYSET('2qYsW6RarBCA_p5lYSe47R',#5,'AISC_EM11_Pset_Weld','WeldIdentity',(#87,#88,#89,#90,#1305,#277,#93,#94,#716,#96,#279,#280,#99,#100,#101,#102));
#1307= IFCCARTESIANPOINT((85299.0000000862,1614.03932922881,13500.));
#1308= IFCAXIS2PLACEMENT3D(#1307,#9,#613);
#1309= IFCLOCALPLACEMENT(#45,#1308);
#1310= IFCSHAPEREPRESENTATION(#12,'Body','SweptSolid',(#723));
#1311= IFCPRODUCTDEFINITIONSHAPE($,$,(#1310));
#1312= IFCDISCRETEACCESSORY('39Tc63lxr4DAsV1JE3youp',#1266,'Support section',$,$,#1309,#1311,'1068');
#1313= IFCLOCALPLACEMENT(#45,#1272);
#1314= IFCMAPPEDITEM(#853,#1275);
#1315= IFCMAPPEDITEM(#853,#1278);
#1316= IFCMAPPEDITEM(#853,#1281);
#1317= IFCMAPPEDITEM(#853,#1284);
#1318= IFCMAPPEDITEM(#853,#1287);
#1319= IFCSHAPEREPRESENTATION(#12,'Body','MappedRepresentation',(#1314,#1315,#1316,#1317,#1318));
#1320= IFCPRODUCTDEFINITIONSHAPE($,$,(#1319));
#1321= IFCOPENINGELEMENT('0zL_nGB5L5YhRsuS2IZJCm',#5,$,$,'Opening',#1313,#1320,$);
#1322= IFCRELVOIDSELEMENT('0NEU30t5T7CAgOD8eQT$pS',#5,'Drill Hole',$,#1312,#1321);
#1323= IFCOWNERHISTORY(#3,#4,$,.NOCHANGE.,$,$,$,1773147600);
#1324= IFCOWNERHISTORY(#3,#4,$,.NOCHANGE.,$,$,$,1775073600);
#1325= IFCLOCALPLACEMENT(#42,#10);
#1326= IFCELEMENTASSEMBLY('2opVDxoR52GAZwayfIPdPa',#1324,'PLATE',$,$,#1325,$,'A/44',.NOTDEFINED.,.RIGID_FRAME.);
#1327= IFCPROPERTYSINGLEVALUE('AssemblyMark',$,IFCIDENTIFIER('A/44'),$);
#1328= IFCPROPERTYSET('1jXhy3GOP9QBR8X9fhy7Z3',#5,'AISC_EM11_Pset_AssemblyIdentification','AssemblyIdentity',(#1327,#52,#53));
#1329= IFCCARTESIANPOINT((84736.0072697715,1603.38169955417,13900.));
#1330= IFCAXIS2PLACEMENT3D(#1329,#613,#114);
#1331= IFCLOCALPLACEMENT(#1325,#1330);
#1332= IFCSHAPEREPRESENTATION(#12,'Body','MappedRepresentation',(#1094,#1095,#1096,#1097,#1098));
#1333= IFCSHAPEREPRESENTATION(#12,'Axis','MappedRepresentation',(#1103,#1104,#1105,#1106,#1107));
#1334= IFCPRODUCTDEFINITIONSHAPE($,$,(#1332,#1333));
#1335= IFCMECHANICALFASTENER('3G3cIEkND1AvlgFhkMjF09',#1323,'Bolt assembly',$,$,#1331,#1334,'IDd00e648e-b973-412b-9bea-3ebb96b4f009',20.,55.);
#1336= IFCOWNERHISTORY(#3,#4,$,.NOCHANGE.,$,$,$,1772658000);
#1337= IFCCARTESIANPOINT((84746.007,1609.132,13680.));
#1338= IFCAXIS2PLACEMENT3D(#1337,#613,#114);
#1339= IFCLOCALPLACEMENT(#45,#1338);
#1340= IFCSHAPEREPRESENTATION(#12,'Body','Brep',(#706));
#1341= IFCSHAPEREPRESENTATION(#13,'Axis','GeometricCurveSet',(#708,#711));
#1342= IFCPRODUCTDEFINITIONSHAPE($,$,(#1340,#1341));
#1343= IFCFASTENER('2r7$KlqSv95xT0A$tTOK7m',#1336,'Weld',$,$,#1339,#1342,'IDb51ff52f-d1ce-4917-b740-2bfddd6141f0');
#1344= IFCPROPERTYSINGLEVALUE('WeldID',$,IFCINTEGER(93185770),$);
#1345= IFCPROPERTYSET('0PHMQuQb99m8FhqmFJltdX',#5,'AISC_EM11_Pset_Weld','WeldIdentity',(#87,#88,#89,#90,#1344,#277,#93,#94,#716,#96,#279,#280,#99,#100,#101,#102));
#1346= IFCCARTESIANPOINT((84696.0072701107,1614.13169955417,13500.));
#1347= IFCAXIS2PLACEMENT3D(#1346,#9,#7);
#1348= IFCLOCALPLACEMENT(#45,#1347);
#1349= IFCSHAPEREPRESENTATION(#12,'Body','SweptSolid',(#844));
#1350= IFCPRODUCTDEFINITIONSHAPE($,$,(#1349));
#1351= IFCDISCRETEACCESSORY('0zyA5dfm17ZgpE1$Z_qGL1',#1323,'Support section',$,$,#1348,#1350,'1126');
#1352= IFCLOCALPLACEMENT(#45,#1330);
#1353= IFCSHAPEREPRESENTATION(#12,'Body','MappedRepresentation',(#1133,#1134,#1135,#1136,#1137));
#1354= IFCPRODUCTDEFINITIONSHAPE($,$,(#1353));
#1355= IFCOPENINGELEMENT('2MebQJ1tX2OfgcIe2mMRQi',#5,$,$,'Opening',#1352,#1354,$);
#1356= IFCRELVOIDSELEMENT('0ReSi7w_zBLxidS0dM4EUP',#5,'Drill Hole',$,#1351,#1355);
#1357= IFCCARTESIANPOINT((84691.0126164472,1603.95549542545,13460.));
#1358= IFCAXIS2PLACEMENT3D(#1357,#325,#326);
#1359= IFCLOCALPLACEMENT(#1325,#1358);
#1360= IFCSHAPEREPRESENTATION(#12,'Body','MappedRepresentation',(#443,#446,#449,#452,#455,#458,#461,#464,#467,#470,#473,#476,#479,#482,#485,#488,#491,#494,#497,#500));
#1361= IFCSHAPEREPRESENTATION(#12,'Axis','MappedRepresentation',(#506,#507,#508,#509,#510,#511,#512,#513,#514,#515,#516,#517,#518,#519,#520,#521,#522,#523,#524,#525));
#1362= IFCPRODUCTDEFINITIONSHAPE($,$,(#1360,#1361));
#1363= IFCMECHANICALFASTENER('03rh1ewWz3FvZvZxBOYKiw',#1323,'Bolt assembly',$,$,#1359,#1362,'ID03d6b068-ea0f-433f-98f9-8fb2d8894b3a',20.,70.);
#1364= IFCCARTESIANPOINT((85309.,1603.28929908432,13460.));
#1365= IFCAXIS2PLACEMENT3D(#1364,#56,#7);
#1366= IFCLOCALPLACEMENT(#1267,#1365);
#1367= IFCSHAPEREPRESENTATION(#12,'Body','MappedRepresentation',(#443,#446,#449,#452,#455,#458,#461,#464,#467,#470,#473,#476,#479,#482,#485,#488,#491,#494,#497,#500));
#1368= IFCSHAPEREPRESENTATION(#12,'Axis','MappedRepresentation',(#506,#507,#508,#509,#510,#511,#512,#513,#514,#515,#516,#517,#518,#519,#520,#521,#522,#523,#524,#525));
#1369= IFCPRODUCTDEFINITIONSHAPE($,$,(#1367,#1368));
#1370= IFCMECHANICALFASTENER('1OJwujxL94h9SkQoYrf$3q',#1336,'Bolt assembly',$,$,#1366,#1369,'ID584fae2d-ed52-44ac-972e-6b28b5a7f0f4',20.,70.);
#1371= IFCCARTESIANPOINT((84691.0126164472,1603.95549542545,13900.));
#1372= IFCAXIS2PLACEMENT3D(#1371,#866,#326);
#1373= IFCLOCALPLACEMENT(#1325,#1372);
#1374= IFCSHAPEREPRESENTATION(#12,'Body','MappedRepresentation',(#473,#476,#479,#482,#485,#488,#491,#494,#497,#500,#443,#446,#449,#452,#455,#458,#461,#464,#467,#470));
#1375= IFCSHAPEREPRESENTATION(#12,'Axis','MappedRepresentation',(#516,#517,#518,#519,#520,#521,#522,#523,#524,#525,#506,#507,#508,#509,#510,#511,#512,#513,#514,#515));
#1376= IFCPRODUCTDEFINITIONSHAPE($,$,(#1374,#1375));
#1377= IFCMECHANICALFASTENER('1t1R8Kwk5EZ9BHQfTNhOMG',#1323,'Bolt assembly',$,$,#1373,#1376,'ID7705b214-eae1-4e8c-92d1-6a9757ad8590',20.,70.);
#1378= IFCCARTESIANPOINT((85309.,1603.28929908432,13900.));
#1379= IFCAXIS2PLACEMENT3D(#1378,#8,#7);
#1380= IFCLOCALPLACEMENT(#1267,#1379);
#1381= IFCSHAPEREPRESENTATION(#12,'Body','MappedRepresentation',(#473,#476,#479,#482,#485,#488,#491,#494,#497,#500,#443,#446,#449,#452,#455,#458,#461,#464,#467,#470));
#1382= IFCSHAPEREPRESENTATION(#12,'Axis','MappedRepresentation',(#516,#517,#518,#519,#520,#521,#522,#523,#524,#525,#506,#507,#508,#509,#510,#511,#512,#513,#514,#515));
#1383= IFCPRODUCTDEFINITIONSHAPE($,$,(#1381,#1382));
#1384= IFCMECHANICALFASTENER('1$jK_YoE9DMxwpVTfV7G3N',#1336,'Bolt assembly',$,$,#1380,#1383,'ID7fb54fa2-c8e2-4d5b-beb3-7dda5f1d00d7',20.,70.);
#1385= IFCCARTESIANPOINT((86024.,1479.28853064979,13909.5));
#1386= IFCAXIS2PLACEMENT3D(#1385,#9,#8);
#1387= IFCLOCALPLACEMENT(#45,#1386);
#1388= IFCSHAPEREPRESENTATION(#12,'Body','SweptSolid',(#1210));
#1389= IFCPRODUCTDEFINITIONSHAPE($,$,(#1388));
#1390= IFCDISCRETEACCESSORY('1Xtj1Y3ZX5EgijMLxNfjle',#1323,'Steel plate',$,$,#1387,#1389,'1124');
#1391= IFCLOCALPLACEMENT(#45,#1386);
#1392= IFCSHAPEREPRESENTATION(#12,'Body','SweptSolid',(#933));
#1393= IFCPRODUCTDEFINITIONSHAPE($,$,(#1392));
#1394= IFCOPENINGELEMENT('1EhPeIA6TEEwIdZLBbaNeC',#5,$,$,'Recess',#1391,#1393,$);
#1395= IFCRELVOIDSELEMENT('3QWvr1TsLFP9DW5WMftQ6X',#5,$,$,#1390,#1394);
#1396= IFCLOCALPLACEMENT(#45,#1372);
#1397= IFCSHAPEREPRESENTATION(#12,'Body','MappedRepresentation',(#595,#596,#597,#598,#599,#600,#601,#602,#603,#604,#585,#586,#587,#588,#589,#590,#591,#592,#593,#594));
#1398= IFCPRODUCTDEFINITIONSHAPE($,$,(#1397));
#1399= IFCOPENINGELEMENT('0KfG5VlU97zvv__PcOb5mK',#5,$,$,'Opening',#1396,#1398,$);
#1400= IFCRELVOIDSELEMENT('0VkVCpE9r1ZQF3aglxCTCE',#5,'Drill Hole',$,#1390,#1399);
#1401= IFCLOCALPLACEMENT(#45,#1379);
#1402= IFCSHAPEREPRESENTATION(#12,'Body','MappedRepresentation',(#595,#596,#597,#598,#599,#600,#601,#602,#603,#604,#585,#586,#587,#588,#589,#590,#591,#592,#593,#594));
#1403= IFCPRODUCTDEFINITIONSHAPE($,$,(#1402));
#1404= IFCOPENINGELEMENT('3YMJW390115gZmZnfMX0bx',#5,$,$,'Opening',#1401,#1403,$);
#1405= IFCRELVOIDSELEMENT('1gZ3lR_y9CcRNeLc9hp6TC',#5,'Drill Hole',$,#1390,#1404);
#1406= IFCCARTESIANPOINT((86024.,1479.28853064979,13450.5));
#1407= IFCAXIS2PLACEMENT3D(#1406,#9,#8);
#1408= IFCLOCALPLACEMENT(#45,#1407);
#1409= IFCSHAPEREPRESENTATION(#12,'Body','SweptSolid',(#1238));
#1410= IFCPRODUCTDEFINITIONSHAPE($,$,(#1409));
#1411= IFCDISCRETEACCESSORY('3MX6tJcZTEK8vs1sv8gvXe',#1202,'Steel plate',$,$,#1408,#1410,'1123');
#1412= IFCLOCALPLACEMENT(#45,#1407);
#1413= IFCSHAPEREPRESENTATION(#12,'Body','SweptSolid',(#933));
#1414= IFCPRODUCTDEFINITIONSHAPE($,$,(#1413));
#1415= IFCOPENINGELEMENT('3cXDoWEn9CsewmNAFy50Wg',#5,$,$,'Recess',#1412,#1414,$);
#1416= IFCRELVOIDSELEMENT('2P6mqOo0PDGhO3NoXgZ5JU',#5,$,$,#1411,#1415);
#1417= IFCLOCALPLACEMENT(#45,#1358);
#1418= IFCSHAPEREPRESENTATION(#12,'Body','MappedRepresentation',(#585,#586,#587,#588,#589,#590,#591,#592,#593,#594,#595,#596,#597,#598,#599,#600,#601,#602,#603,#604));
#1419= IFCPRODUCTDEFINITIONSHAPE($,$,(#1418));
#1420= IFCOPENINGELEMENT('1dTlzTApfBe8dSxYA5pYN8',#5,$,$,'Opening',#1417,#1419,$);
#1421= IFCRELVOIDSELEMENT('1tSIvWSvXAsQIzjSyr_3Mw',#5,'Drill Hole',$,#1411,#1420);
#1422= IFCLOCALPLACEMENT(#45,#1365);
#1423= IFCSHAPEREPRESENTATION(#12,'Body','MappedRepresentation',(#585,#586,#587,#588,#589,#590,#591,#592,#593,#594,#595,#596,#597,#598,#599,#600,#601,#602,#603,#604));
#1424= IFCPRODUCTDEFINITIONSHAPE($,$,(#1423));
#1425= IFCOPENINGELEMENT('0GH1UIsEv9GucAEv5iIJkb',#5,$,$,'Opening',#1422,#1424,$);
#1426= IFCRELVOIDSELEMENT('1YTNNL0M1Effj7yUEvZlFN',#5,'Drill Hole',$,#1411,#1425);
#1427= IFCAXIS2PLACEMENT3D(#113,#9,#56);
#1428= IFCLOCALPLACEMENT(#45,#1427);
#1429= IFCCARTESIANPOINT((272.682532261148,0.,0.));
#1430= IFCAXIS2PLACEMENT3D(#1429,#613,#56);
#1431= IFCEXTRUDEDAREASOLID(#1018,#1430,#9,272.68);
#1432= IFCCARTESIANPOINT((272.682532261148,0.,-180.));
#1433= IFCAXIS2PLACEMENT3D(#1432,#613,#8);
#1434= IFCPLANE(#1433);
#1435= IFCHALFSPACESOLID(#1434,.T.);
#1436= IFCBOOLEANCLIPPINGRESULT(.DIFFERENCE.,#1431,#1435);
#1437= IFCSHAPEREPRESENTATION(#12,'Body','Clipping',(#1436));
#1438= IFCPRODUCTDEFINITIONSHAPE($,$,(#1437));
#1439= IFCDISCRETEACCESSORY('3z3vVQQfD1NwGzksf6nppX',#44,'Support section',$,$,#1428,#1438,'b/164');
#1440= IFCLOCALPLACEMENT(#45,#1260);
#1441= IFCSHAPEREPRESENTATION(#12,'Body','MappedRepresentation',(#1039,#1040,#1041,#1042));
#1442= IFCPRODUCTDEFINITIONSHAPE($,$,(#1441));
#1443= IFCOPENINGELEMENT('1_DW1G6j52zfVyaWOZSo0D',#5,$,$,'Opening',#1440,#1442,$);
#1444= IFCRELVOIDSELEMENT('2CFF93y3L4RROsZQI2SWWa',#5,'Drill Hole',$,#1439,#1443);
#1445= IFCOWNERHISTORY(#3,#4,$,.NOCHANGE.,$,$,$,1764176400);
#1446= IFCCARTESIANPOINT((85000.,1857.28932952881,8419.));
#1447= IFCAXIS2PLACEMENT3D(#1446,#7,#56);
#1448= IFCLOCALPLACEMENT(#45,#1447);
#1449= IFCCARTESIANPOINT((18.47520861408,0.));
#1450= IFCCARTESIANPOINT((9.23760430704,16.0000000000023));
#1451= IFCCARTESIANPOINT((-9.23760430704,16.0000000000023));
#1452= IFCCARTESIANPOINT((-18.47520861408,0.));
#1453= IFCCARTESIANPOINT((-9.23760430704,-16.0000000000023));
#1454= IFCCARTESIANPOINT((9.23760430704,-16.0000000000023));
#1455= IFCPOLYLINE((#1449,#1450,#1451,#1452,#1453,#1454,#1449));
#1456= IFCARBITRARYCLOSEDPROFILEDEF(.AREA.,$,#1455);
#1457= IFCCARTESIANPOINT((0.,-13.,0.));
#1458= IFCAXIS2PLACEMENT3D(#1457,#8,#7);
#1459= IFCEXTRUDEDAREASOLID(#1456,#1458,#9,13.);
#1460= IFCAXIS2PLACEMENT3D(#6,#8,#7);
#1461= IFCEXTRUDEDAREASOLID(#340,#1460,#9,45.);
#1462= IFCCIRCLEPROFILEDEF(.AREA.,$,#171,18.5);
#1463= IFCCARTESIANPOINT((0.,19.,0.));
#1464= IFCAXIS2PLACEMENT3D(#1463,#8,#7);
#1465= IFCEXTRUDEDAREASOLID(#1462,#1464,#9,4.);
#1466= IFCCARTESIANPOINT((0.,23.,0.));
#1467= IFCAXIS2PLACEMENT3D(#1466,#8,#7);
#1468= IFCEXTRUDEDAREASOLID(#1456,#1467,#9,16.);
#1469= IFCCARTESIANPOINT((4.,0.,250.));
#1470= IFCCARTESIANTRANSFORMATIONOPERATOR3D($,$,#1469,$,$);
#1471= IFCSHAPEREPRESENTATION(#12,'Body','SweptSolid',(#1459,#1461,#1465,#1468));
#1472= IFCREPRESENTATIONMAP(#10,#1471);
#1473= IFCMAPPEDITEM(#1472,#1470);
#1474= IFCCARTESIANPOINT((4.,0.,-250.));
#1475= IFCCARTESIANTRANSFORMATIONOPERATOR3D($,$,#1474,$,$);
#1476= IFCMAPPEDITEM(#1472,#1475);
#1477= IFCCARTESIANPOINT((504.,0.,250.));
#1478= IFCCARTESIANTRANSFORMATIONOPERATOR3D($,$,#1477,$,$);
#1479= IFCMAPPEDITEM(#1472,#1478);
#1480= IFCCARTESIANPOINT((504.,0.,-250.));
#1481= IFCCARTESIANTRANSFORMATIONOPERATOR3D($,$,#1480,$,$);
#1482= IFCMAPPEDITEM(#1472,#1481);
#1483= IFCSHAPEREPRESENTATION(#12,'Body','MappedRepresentation',(#1473,#1476,#1479,#1482));
#1484= IFCPOLYLINE((#1457,#195));
#1485= IFCSHAPEREPRESENTATION(#12,'Axis','GeometricCurveSet',(#1484));
#1486= IFCREPRESENTATIONMAP(#10,#1485);
#1487= IFCMAPPEDITEM(#1486,#1470);
#1488= IFCMAPPEDITEM(#1486,#1475);
#1489= IFCMAPPEDITEM(#1486,#1478);
#1490= IFCMAPPEDITEM(#1486,#1481);
#1491= IFCSHAPEREPRESENTATION(#12,'Axis','MappedRepresentation',(#1487,#1488,#1489,#1490));
#1492= IFCPRODUCTDEFINITIONSHAPE($,$,(#1483,#1491));
#1493= IFCMECHANICALFASTENER('2KQ8gWCPbBW9ENzh49PARJ',#1445,'Bolt assembly',$,$,#1448,#1492,'ID94688aa0-3199-4b80-9397-f6b10964a6d3',20.,45.);
#1494= IFCPROPERTYSINGLEVALUE('BoltGrade',$,IFCIDENTIFIER('10.9'),$);
#1495= IFCPROPERTYSINGLEVALUE('BoltStandard',$,IFCIDENTIFIER('6914'),$);
#1496= IFCPROPERTYSINGLEVALUE('BoltType',$,IFCIDENTIFIER('6914'),$);
#1497= IFCPROPERTYSET('0YXiNw3df5A9_pUynVuTWE',#5,'AISC_EM11_Pset_Bolt','BoltIdentity',(#205,#1494,#417,#208,#1495,#1496));
#1498= IFCPROPERTYSINGLEVALUE('NutStandard',$,IFCIDENTIFIER('6915'),$);
#1499= IFCPROPERTYSET('3ZqBgXI_96jP3rJ52L3Obe',#5,'AISC_EM11_Pset_Nut','NutIdentity',(#420,#1498));
#1500= IFCPROPERTYSINGLEVALUE('WasherThickness',$,IFCPOSITIVELENGTHMEASURE(4.),$);
#1501= IFCPROPERTYSINGLEVALUE('WasherStandard',$,IFCIDENTIFIER('6916'),$);
#1502= IFCPROPERTYSET('2J4klEEpzAK9OmDzBna6Ld',#5,'AISC_EM11_Pset_Washer','WasherIdentity',(#1500,#422,#1501,#218));
#1503= IFCCARTESIANPOINT((85252.4364192556,1583.4221524687,8419.));
#1504= IFCDIRECTION((0.996917333713494,-0.0784590959773136,0.));
#1505= IFCDIRECTION((0.0784590959773141,0.996917333713494,0.));
#1506= IFCAXIS2PLACEMENT3D(#1503,#1504,#1505);
#1507= IFCLOCALPLACEMENT(#45,#1506);
#1508= IFCCARTESIANPOINT((19.9286103146969,0.,-506.434005537521));
#1509= IFCCARTESIANPOINT((19.9286103146969,8.48528137423818,-506.434005537521));
#1510= IFCCARTESIANPOINT((-19.9286103150625,8.48528137423818,-506.434005537652));
#1511= IFCCARTESIANPOINT((-19.9286103150625,0.,-506.434005537652));
#1512= IFCPOLYLOOP((#1508,#1509,#1510,#1511));
#1513= IFCFACEOUTERBOUND(#1512,.T.);
#1514= IFCFACE((#1513));
#1515= IFCCARTESIANPOINT((20.5964164417346,0.,-514.919286911754));
#1516= IFCCARTESIANPOINT((-20.5964164421057,0.,-514.919286911914));
#1517= IFCPOLYLOOP((#1509,#1515,#1516,#1510));
#1518= IFCFACEOUTERBOUND(#1517,.T.);
#1519= IFCFACE((#1518));
#1520= IFCPOLYLOOP((#1515,#1508,#1511,#1516));
#1521= IFCFACEOUTERBOUND(#1520,.T.);
#1522= IFCFACE((#1521));
#1523= IFCCARTESIANPOINT((59.2951224192402,0.,-500.198962550145));
#1524= IFCCARTESIANPOINT((59.2951224192402,8.48528137423818,-500.198962550145));
#1525= IFCPOLYLOOP((#1523,#1524,#1509,#1508));
#1526= IFCFACEOUTERBOUND(#1525,.T.);
#1527= IFCFACE((#1526));
#1528= IFCCARTESIANPOINT((61.2820971971869,0.,-508.475308135938));
#1529= IFCPOLYLOOP((#1524,#1528,#1515,#1509));
#1530= IFCFACEOUTERBOUND(#1529,.T.);
#1531= IFCFACE((#1530));
#1532= IFCPOLYLOOP((#1528,#1523,#1508,#1515));
#1533= IFCFACEOUTERBOUND(#1532,.T.);
#1534= IFCFACE((#1533));
#1535= IFCCARTESIANPOINT((97.2015918205907,0.,-487.882404026852));
#1536= IFCCARTESIANPOINT((97.2015918205907,8.48528137423818,-487.882404026852));
#1537= IFCPOLYLOOP((#1535,#1536,#1524,#1523));
#1538= IFCFACEOUTERBOUND(#1537,.T.);
#1539= IFCFACE((#1538));
#1540= IFCCARTESIANPOINT((100.458809336023,0.,-495.746022728214));
#1541= IFCPOLYLOOP((#1536,#1540,#1528,#1524));
#1542= IFCFACEOUTERBOUND(#1541,.T.);
#1543= IFCFACE((#1542));
#1544= IFCPOLYLOOP((#1540,#1535,#1523,#1528));
#1545= IFCFACEOUTERBOUND(#1544,.T.);
#1546= IFCFACE((#1545));
#1547= IFCCARTESIANPOINT((132.714635437727,0.,-469.787604514742));
#1548= IFCCARTESIANPOINT((132.714635437727,8.48528137423818,-469.787604514742));
#1549= IFCPOLYLOOP((#1547,#1548,#1536,#1535));
#1550= IFCFACEOUTERBOUND(#1549,.T.);
#1551= IFCFACE((#1550));
#1552= IFCCARTESIANPOINT((137.161892185333,0.,-477.044867941426));
#1553= IFCPOLYLOOP((#1548,#1552,#1540,#1536));
#1554= IFCFACEOUTERBOUND(#1553,.T.);
#1555= IFCFACE((#1554));
#1556= IFCPOLYLOOP((#1552,#1547,#1535,#1540));
#1557= IFCFACEOUTERBOUND(#1556,.T.);
#1558= IFCFACE((#1557));
#1559= IFCCARTESIANPOINT((164.959804275763,0.,-446.360118031051));
#1560= IFCCARTESIANPOINT((164.959804275763,8.48528137423818,-446.360118031051));
#1561= IFCPOLYLOOP((#1559,#1560,#1548,#1547));
#1562= IFCFACEOUTERBOUND(#1561,.T.);
#1563= IFCFACE((#1562));
#1564= IFCCARTESIANPOINT((170.487594034816,0.,-452.832328271994));
#1565= IFCPOLYLOOP((#1560,#1564,#1552,#1548));
#1566= IFCFACEOUTERBOUND(#1565,.T.);
#1567= IFCFACE((#1566));
#1568= IFCPOLYLOOP((#1564,#1559,#1547,#1552));
#1569= IFCFACEOUTERBOUND(#1568,.T.);
#1570= IFCFACE((#1569));
#1571= IFCCARTESIANPOINT((193.143115262324,0.,-418.176807044336));
#1572= IFCCARTESIANPOINT((193.143115262324,8.48528137423818,-418.176807044336));
#1573= IFCPOLYLOOP((#1571,#1572,#1560,#1559));
#1574= IFCFACEOUTERBOUND(#1573,.T.);
#1575= IFCFACE((#1574));
#1576= IFCCARTESIANPOINT((199.615325503273,0.,-423.704596803378));
#1577= IFCPOLYLOOP((#1572,#1576,#1564,#1560));
#1578= IFCFACEOUTERBOUND(#1577,.T.);
#1579= IFCFACE((#1578));
#1580= IFCPOLYLOOP((#1576,#1571,#1559,#1564));
#1581= IFCFACEOUTERBOUND(#1580,.T.);
#1582= IFCFACE((#1581));
#1583= IFCCARTESIANPOINT((216.570601745876,0.,-385.931638206152));
#1584= IFCCARTESIANPOINT((216.570601745876,8.48528137423818,-385.931638206152));
#1585= IFCPOLYLOOP((#1583,#1584,#1572,#1571));
#1586= IFCFACEOUTERBOUND(#1585,.T.);
#1587= IFCFACE((#1586));
#1588= IFCCARTESIANPOINT((223.827865172556,0.,-390.378894953741));
#1589= IFCPOLYLOOP((#1584,#1588,#1576,#1572));
#1590= IFCFACEOUTERBOUND(#1589,.T.);
#1591= IFCFACE((#1590));
#1592= IFCPOLYLOOP((#1588,#1583,#1571,#1576));
#1593= IFCFACEOUTERBOUND(#1592,.T.);
#1594= IFCFACE((#1593));
#1595= IFCCARTESIANPOINT((234.665401257824,0.,-350.418594588875));
#1596= IFCCARTESIANPOINT((234.665401257824,8.48528137423818,-350.418594588875));
#1597= IFCPOLYLOOP((#1595,#1596,#1584,#1583));
#1598= IFCFACEOUTERBOUND(#1597,.T.);
#1599= IFCFACE((#1598));
#1600= IFCCARTESIANPOINT((242.529019959189,0.,-353.675812104295));
#1601= IFCPOLYLOOP((#1596,#1600,#1588,#1584));
#1602= IFCFACEOUTERBOUND(#1601,.T.);
#1603= IFCFACE((#1602));
#1604= IFCPOLYLOOP((#1600,#1595,#1583,#1588));
#1605= IFCFACEOUTERBOUND(#1604,.T.);
#1606= IFCFACE((#1605));
#1607= IFCCARTESIANPOINT((246.981959780986,0.,-312.512125187408));
#1608= IFCCARTESIANPOINT((246.981959780986,8.48528137423818,-312.512125187408));
#1609= IFCPOLYLOOP((#1607,#1608,#1596,#1595));
#1610= IFCFACEOUTERBOUND(#1609,.T.);
#1611= IFCFACE((#1610));
#1612= IFCCARTESIANPOINT((255.258305366757,0.,-314.499099965353));
#1613= IFCPOLYLOOP((#1608,#1612,#1600,#1596));
#1614= IFCFACEOUTERBOUND(#1613,.T.);
#1615= IFCFACE((#1614));
#1616= IFCPOLYLOOP((#1612,#1607,#1595,#1600));
#1617= IFCFACEOUTERBOUND(#1616,.T.);
#1618= IFCFACE((#1617));
#1619= IFCCARTESIANPOINT((253.217002768206,0.,-273.145613082786));
#1620= IFCCARTESIANPOINT((253.217002768206,8.48528137423818,-273.145613082786));
#1621= IFCPOLYLOOP((#1619,#1620,#1608,#1607));
#1622= IFCFACEOUTERBOUND(#1621,.T.);
#1623= IFCFACE((#1622));
#1624= IFCCARTESIANPOINT((261.702284142448,0.,-273.813419209793));
#1625= IFCPOLYLOOP((#1620,#1624,#1612,#1608));
#1626= IFCFACEOUTERBOUND(#1625,.T.);
#1627= IFCFACE((#1626));
#1628= IFCPOLYLOOP((#1624,#1619,#1607,#1612));
#1629= IFCFACEOUTERBOUND(#1628,.T.);
#1630= IFCFACE((#1629));
#1631= IFCCARTESIANPOINT((253.21700276822,0.,-233.28839245296));
#1632= IFCCARTESIANPOINT((253.21700276822,8.48528137423818,-233.28839245296));
#1633= IFCPOLYLOOP((#1631,#1632,#1620,#1619));
#1634= IFCFACEOUTERBOUND(#1633,.T.);
#1635= IFCFACE((#1634));
#1636= IFCCARTESIANPOINT((261.702284142462,0.,-232.62058632588));
#1637= IFCPOLYLOOP((#1632,#1636,#1624,#1620));
#1638= IFCFACEOUTERBOUND(#1637,.T.);
#1639= IFCFACE((#1638));
#1640= IFCPOLYLOOP((#1636,#1631,#1619,#1624));
#1641= IFCFACEOUTERBOUND(#1640,.T.);
#1642= IFCFACE((#1641));
#1643= IFCCARTESIANPOINT((246.981959781027,0.,-193.921880348353));
#1644= IFCCARTESIANPOINT((246.981959781027,8.48528137423818,-193.921880348353));
#1645= IFCPOLYLOOP((#1643,#1644,#1632,#1631));
#1646= IFCFACEOUTERBOUND(#1645,.T.);
#1647= IFCFACE((#1646));
#1648= IFCCARTESIANPOINT((255.258305366802,0.,-191.934905570364));
#1649= IFCPOLYLOOP((#1644,#1648,#1636,#1632));
#1650= IFCFACEOUTERBOUND(#1649,.T.);
#1651= IFCFACE((#1650));
#1652= IFCPOLYLOOP((#1648,#1643,#1631,#1636));
#1653= IFCFACEOUTERBOUND(#1652,.T.);
#1654= IFCFACE((#1653));
#1655= IFCCARTESIANPOINT((234.665401257895,0.,-156.015410946959));
#1656= IFCCARTESIANPOINT((234.665401257895,8.48528137423818,-156.015410946959));
#1657= IFCPOLYLOOP((#1655,#1656,#1644,#1643));
#1658= IFCFACEOUTERBOUND(#1657,.T.);
#1659= IFCFACE((#1658));
#1660= IFCCARTESIANPOINT((242.529019959262,0.,-152.758193431495));
#1661= IFCPOLYLOOP((#1656,#1660,#1648,#1644));
#1662= IFCFACEOUTERBOUND(#1661,.T.);
#1663= IFCFACE((#1662));
#1664= IFCPOLYLOOP((#1660,#1655,#1643,#1648));
#1665= IFCFACEOUTERBOUND(#1664,.T.);
#1666= IFCFACE((#1665));
#1667= IFCCARTESIANPOINT((216.570601745974,0.,-120.502367329827));
#1668= IFCCARTESIANPOINT((216.570601745974,8.48528137423818,-120.502367329827));
#1669= IFCPOLYLOOP((#1667,#1668,#1656,#1655));
#1670= IFCFACEOUTERBOUND(#1669,.T.);
#1671= IFCFACE((#1670));
#1672= IFCCARTESIANPOINT((223.827865172654,0.,-116.055110582209));
#1673= IFCPOLYLOOP((#1668,#1672,#1660,#1656));
#1674= IFCFACEOUTERBOUND(#1673,.T.);
#1675= IFCFACE((#1674));
#1676= IFCPOLYLOOP((#1672,#1667,#1655,#1660));
#1677= IFCFACEOUTERBOUND(#1676,.T.);
#1678= IFCFACE((#1677));
#1679= IFCCARTESIANPOINT((193.143115262446,0.,-88.2571984918322));
#1680= IFCCARTESIANPOINT((193.143115262446,8.48528137423818,-88.2571984918322));
#1681= IFCPOLYLOOP((#1679,#1680,#1668,#1667));
#1682= IFCFACEOUTERBOUND(#1681,.T.);
#1683= IFCFACE((#1682));
#1684= IFCCARTESIANPOINT((199.615325503397,0.,-82.7294087327318));
#1685= IFCPOLYLOOP((#1680,#1684,#1672,#1668));
#1686= IFCFACEOUTERBOUND(#1685,.T.);
#1687= IFCFACE((#1686));
#1688= IFCPOLYLOOP((#1684,#1679,#1667,#1672));
#1689= IFCFACEOUTERBOUND(#1688,.T.);
#1690= IFCFACE((#1689));
#1691= IFCCARTESIANPOINT((164.959804275904,0.,-60.0738875053357));
#1692= IFCCARTESIANPOINT((164.959804275904,8.48528137423818,-60.0738875053357));
#1693= IFCPOLYLOOP((#1691,#1692,#1680,#1679));
#1694= IFCFACEOUTERBOUND(#1693,.T.);
#1695= IFCFACE((#1694));
#1696= IFCCARTESIANPOINT((170.487594034961,0.,-53.6016772643488));
#1697= IFCPOLYLOOP((#1692,#1696,#1684,#1680));
#1698= IFCFACEOUTERBOUND(#1697,.T.);
#1699= IFCFACE((#1698));
#1700= IFCPOLYLOOP((#1696,#1691,#1679,#1684));
#1701= IFCFACEOUTERBOUND(#1700,.T.);
#1702= IFCFACE((#1701));
#1703= IFCCARTESIANPOINT((132.714635437886,0.,-36.646401021877));
#1704= IFCCARTESIANPOINT((132.714635437886,8.48528137423818,-36.646401021877));
#1705= IFCPOLYLOOP((#1703,#1704,#1692,#1691));
#1706= IFCFACEOUTERBOUND(#1705,.T.);
#1707= IFCFACE((#1706));
#1708= IFCCARTESIANPOINT((137.161892185497,0.,-29.3891375951498));
#1709= IFCPOLYLOOP((#1704,#1708,#1696,#1692));
#1710= IFCFACEOUTERBOUND(#1709,.T.);
#1711= IFCFACE((#1710));
#1712= IFCPOLYLOOP((#1708,#1703,#1691,#1696));
#1713= IFCFACEOUTERBOUND(#1712,.T.);
#1714= IFCFACE((#1713));
#1715= IFCCARTESIANPOINT((97.2015918207617,0.,-18.5516015100293));
#1716= IFCCARTESIANPOINT((97.2015918207617,8.48528137423818,-18.5516015100293));
#1717= IFCPOLYLOOP((#1715,#1716,#1704,#1703));
#1718= IFCFACEOUTERBOUND(#1717,.T.);
#1719= IFCFACE((#1718));
#1720= IFCCARTESIANPOINT((100.458809336202,0.,-10.6879828086385));
#1721= IFCPOLYLOOP((#1716,#1720,#1708,#1704));
#1722= IFCFACEOUTERBOUND(#1721,.T.);
#1723= IFCFACE((#1722));
#1724= IFCPOLYLOOP((#1720,#1715,#1703,#1708));
#1725= IFCFACEOUTERBOUND(#1724,.T.);
#1726= IFCFACE((#1725));
#1727= IFCCARTESIANPOINT((59.2951224194203,0.,-6.23504298699845));
#1728= IFCCARTESIANPOINT((59.2951224194203,8.48528137423818,-6.23504298699845));
#1729= IFCPOLYLOOP((#1727,#1728,#1716,#1715));
#1730= IFCFACEOUTERBOUND(#1729,.T.);
#1731= IFCFACE((#1730));
#1732= IFCCARTESIANPOINT((61.2820971973724,0.,2.04130259879457));
#1733= IFCPOLYLOOP((#1728,#1732,#1720,#1716));
#1734= IFCFACEOUTERBOUND(#1733,.T.);
#1735= IFCFACE((#1734));
#1736= IFCPOLYLOOP((#1732,#1727,#1715,#1720));
#1737= IFCFACEOUTERBOUND(#1736,.T.);
#1738= IFCFACE((#1737));
#1739= IFCCARTESIANPOINT((19.9286103148825,0.,8.73114913702011E-11));
#1740= IFCCARTESIANPOINT((19.9286103148825,8.48528137423818,8.73114913702011E-11));
#1741= IFCPOLYLOOP((#1739,#1740,#1728,#1727));
#1742= IFCFACEOUTERBOUND(#1741,.T.);
#1743= IFCFACE((#1742));
#1744= IFCCARTESIANPOINT((20.5964164419256,0.,8.48528137434914));
#1745= IFCPOLYLOOP((#1740,#1744,#1732,#1728));
#1746= IFCFACEOUTERBOUND(#1745,.T.);
#1747= IFCFACE((#1746));
#1748= IFCPOLYLOOP((#1744,#1739,#1727,#1732));
#1749= IFCFACEOUTERBOUND(#1748,.T.);
#1750= IFCFACE((#1749));
#1751= IFCCARTESIANPOINT((-19.9286103148788,0.,-5.82076609134674E-11));
#1752= IFCCARTESIANPOINT((-19.9286103148788,8.48528137423818,-5.82076609134674E-11));
#1753= IFCPOLYLOOP((#1751,#1752,#1740,#1739));
#1754= IFCFACEOUTERBOUND(#1753,.T.);
#1755= IFCFACE((#1754));
#1756= IFCCARTESIANPOINT((-20.5964164419147,0.,8.48528137417452));
#1757= IFCPOLYLOOP((#1752,#1756,#1744,#1740));
#1758= IFCFACEOUTERBOUND(#1757,.T.);
#1759= IFCFACE((#1758));
#1760= IFCPOLYLOOP((#1756,#1751,#1739,#1744));
#1761= IFCFACEOUTERBOUND(#1760,.T.);
#1762= IFCFACE((#1761));
#1763= IFCCARTESIANPOINT((-59.2951224194221,0.,-6.23504298743501));
#1764= IFCCARTESIANPOINT((-59.2951224194221,8.48528137423818,-6.23504298743501));
#1765= IFCPOLYLOOP((#1763,#1764,#1752,#1751));
#1766= IFCFACEOUTERBOUND(#1765,.T.);
#1767= IFCFACE((#1766));
#1768= IFCCARTESIANPOINT((-61.2820971973688,0.,2.04130259835802));
#1769= IFCPOLYLOOP((#1764,#1768,#1756,#1752));
#1770= IFCFACEOUTERBOUND(#1769,.T.);
#1771= IFCFACE((#1770));
#1772= IFCPOLYLOOP((#1768,#1763,#1751,#1756));
#1773= IFCFACEOUTERBOUND(#1772,.T.);
#1774= IFCFACE((#1773));
#1775= IFCCARTESIANPOINT((-97.2015918207726,0.,-18.5516015107278));
#1776= IFCCARTESIANPOINT((-97.2015918207726,8.48528137423818,-18.5516015107278));
#1777= IFCPOLYLOOP((#1775,#1776,#1764,#1763));
#1778= IFCFACEOUTERBOUND(#1777,.T.);
#1779= IFCFACE((#1778));
#1780= IFCCARTESIANPOINT((-100.458809336207,0.,-10.6879828093661));
#1781= IFCPOLYLOOP((#1776,#1780,#1768,#1764));
#1782= IFCFACEOUTERBOUND(#1781,.T.);
#1783= IFCFACE((#1782));
#1784= IFCPOLYLOOP((#1780,#1775,#1763,#1768));
#1785= IFCFACEOUTERBOUND(#1784,.T.);
#1786= IFCFACE((#1785));
#1787= IFCCARTESIANPOINT((-132.714635437911,0.,-36.6464010228374));
#1788= IFCCARTESIANPOINT((-132.714635437911,8.48528137423818,-36.6464010228374));
#1789= IFCPOLYLOOP((#1787,#1788,#1776,#1775));
#1790= IFCFACEOUTERBOUND(#1789,.T.);
#1791= IFCFACE((#1790));
#1792= IFCCARTESIANPOINT((-137.161892185516,0.,-29.3891375961539));
#1793= IFCPOLYLOOP((#1788,#1792,#1780,#1776));
#1794= IFCFACEOUTERBOUND(#1793,.T.);
#1795= IFCFACE((#1794));
#1796= IFCPOLYLOOP((#1792,#1787,#1775,#1780));
#1797= IFCFACEOUTERBOUND(#1796,.T.);
#1798= IFCFACE((#1797));
#1799= IFCCARTESIANPOINT((-164.959804275945,0.,-60.073887506529));
#1800= IFCCARTESIANPOINT((-164.959804275945,8.48528137423818,-60.073887506529));
#1801= IFCPOLYLOOP((#1799,#1800,#1788,#1787));
#1802= IFCFACEOUTERBOUND(#1801,.T.);
#1803= IFCFACE((#1802));
#1804= IFCCARTESIANPOINT((-170.487594034998,0.,-53.6016772655857));
#1805= IFCPOLYLOOP((#1800,#1804,#1792,#1788));
#1806= IFCFACEOUTERBOUND(#1805,.T.);
#1807= IFCFACE((#1806));
#1808= IFCPOLYLOOP((#1804,#1799,#1787,#1792));
#1809= IFCFACEOUTERBOUND(#1808,.T.);
#1810= IFCFACE((#1809));
#1811= IFCCARTESIANPOINT((-193.143115262506,0.,-88.2571984932438));
#1812= IFCCARTESIANPOINT((-193.143115262506,8.48528137423818,-88.2571984932438));
#1813= IFCPOLYLOOP((#1811,#1812,#1800,#1799));
#1814= IFCFACEOUTERBOUND(#1813,.T.);
#1815= IFCFACE((#1814));
#1816= IFCCARTESIANPOINT((-199.615325503455,0.,-82.7294087342016));
#1817= IFCPOLYLOOP((#1812,#1816,#1804,#1800));
#1818= IFCFACEOUTERBOUND(#1817,.T.);
#1819= IFCFACE((#1818));
#1820= IFCPOLYLOOP((#1816,#1811,#1799,#1804));
#1821= IFCFACEOUTERBOUND(#1820,.T.);
#1822= IFCFACE((#1821));
#1823= IFCCARTESIANPOINT((-216.57060174606,0.,-120.502367331428));
#1824= IFCCARTESIANPOINT((-216.57060174606,8.48528137423818,-120.502367331428));
#1825= IFCPOLYLOOP((#1823,#1824,#1812,#1811));
#1826= IFCFACEOUTERBOUND(#1825,.T.);
#1827= IFCFACE((#1826));
#1828= IFCCARTESIANPOINT((-223.827865172736,0.,-116.055110583824));
#1829= IFCPOLYLOOP((#1824,#1828,#1816,#1812));
#1830= IFCFACEOUTERBOUND(#1829,.T.);
#1831= IFCFACE((#1830));
#1832= IFCPOLYLOOP((#1828,#1823,#1811,#1816));
#1833= IFCFACEOUTERBOUND(#1832,.T.);
#1834= IFCFACE((#1833));
#1835= IFCCARTESIANPOINT((-234.665401258007,0.,-156.015410948705));
#1836= IFCCARTESIANPOINT((-234.665401258007,8.48528137423818,-156.015410948705));
#1837= IFCPOLYLOOP((#1835,#1836,#1824,#1823));
#1838= IFCFACEOUTERBOUND(#1837,.T.);
#1839= IFCFACE((#1838));
#1840= IFCCARTESIANPOINT((-242.529019959372,0.,-152.758193433285));
#1841= IFCPOLYLOOP((#1836,#1840,#1828,#1824));
#1842= IFCFACEOUTERBOUND(#1841,.T.);
#1843= IFCFACE((#1842));
#1844= IFCPOLYLOOP((#1840,#1835,#1823,#1828));
#1845= IFCFACEOUTERBOUND(#1844,.T.);
#1846= IFCFACE((#1845));
#1847= IFCCARTESIANPOINT((-246.981959781167,0.,-193.921880350172));
#1848= IFCCARTESIANPOINT((-246.981959781167,8.48528137423818,-193.921880350172));
#1849= IFCPOLYLOOP((#1847,#1848,#1836,#1835));
#1850= IFCFACEOUTERBOUND(#1849,.T.);
#1851= IFCFACE((#1850));
#1852= IFCCARTESIANPOINT((-255.25830536694,0.,-191.934905572227));
#1853= IFCPOLYLOOP((#1848,#1852,#1840,#1836));
#1854= IFCFACEOUTERBOUND(#1853,.T.);
#1855= IFCFACE((#1854));
#1856= IFCPOLYLOOP((#1852,#1847,#1835,#1840));
#1857= IFCFACEOUTERBOUND(#1856,.T.);
#1858= IFCFACE((#1857));
#1859= IFCCARTESIANPOINT((-253.217002768387,0.,-233.288392454779));
#1860= IFCCARTESIANPOINT((-253.217002768387,8.48528137423818,-233.288392454779));
#1861= IFCPOLYLOOP((#1859,#1860,#1848,#1847));
#1862= IFCFACEOUTERBOUND(#1861,.T.);
#1863= IFCFACE((#1862));
#1864= IFCCARTESIANPOINT((-261.70228414263,0.,-232.620586327786));
#1865= IFCPOLYLOOP((#1860,#1864,#1852,#1848));
#1866= IFCFACEOUTERBOUND(#1865,.T.);
#1867= IFCFACE((#1866));
#1868= IFCPOLYLOOP((#1864,#1859,#1847,#1852));
#1869= IFCFACEOUTERBOUND(#1868,.T.);
#1870= IFCFACE((#1869));
#1871= IFCCARTESIANPOINT((-253.217002768401,0.,-273.145613084635));
#1872= IFCCARTESIANPOINT((-253.217002768401,8.48528137423818,-273.145613084635));
#1873= IFCPOLYLOOP((#1871,#1872,#1860,#1859));
#1874= IFCFACEOUTERBOUND(#1873,.T.);
#1875= IFCFACE((#1874));
#1876= IFCCARTESIANPOINT((-261.702284142644,0.,-273.8134192117));
#1877= IFCPOLYLOOP((#1872,#1876,#1864,#1860));
#1878= IFCFACEOUTERBOUND(#1877,.T.);
#1879= IFCFACE((#1878));
#1880= IFCPOLYLOOP((#1876,#1871,#1859,#1864));
#1881= IFCFACEOUTERBOUND(#1880,.T.);
#1882= IFCFACE((#1881));
#1883= IFCCARTESIANPOINT((-246.981959781211,0.,-312.512125189227));
#1884= IFCCARTESIANPOINT((-246.981959781211,8.48528137423818,-312.512125189227));
#1885= IFCPOLYLOOP((#1883,#1884,#1872,#1871));
#1886= IFCFACEOUTERBOUND(#1885,.T.);
#1887= IFCFACE((#1886));
#1888= IFCCARTESIANPOINT((-255.258305366984,0.,-314.499099967201));
#1889= IFCPOLYLOOP((#1884,#1888,#1876,#1872));
#1890= IFCFACEOUTERBOUND(#1889,.T.);
#1891= IFCFACE((#1890));
#1892= IFCPOLYLOOP((#1888,#1883,#1871,#1876));
#1893= IFCFACEOUTERBOUND(#1892,.T.);
#1894= IFCFACE((#1893));
#1895= IFCCARTESIANPOINT((-234.665401258077,0.,-350.418594590607));
#1896= IFCCARTESIANPOINT((-234.665401258077,8.48528137423818,-350.418594590607));
#1897= IFCPOLYLOOP((#1895,#1896,#1884,#1883));
#1898= IFCFACEOUTERBOUND(#1897,.T.);
#1899= IFCFACE((#1898));
#1900= IFCCARTESIANPOINT((-242.529019959446,0.,-353.675812106085));
#1901= IFCPOLYLOOP((#1896,#1900,#1888,#1884));
#1902= IFCFACEOUTERBOUND(#1901,.T.);
#1903= IFCFACE((#1902));
#1904= IFCPOLYLOOP((#1900,#1895,#1883,#1888));
#1905= IFCFACEOUTERBOUND(#1904,.T.);
#1906= IFCFACE((#1905));
#1907= IFCCARTESIANPOINT((-216.570601746155,0.,-385.931638207738));
#1908= IFCCARTESIANPOINT((-216.570601746155,8.48528137423818,-385.931638207738));
#1909= IFCPOLYLOOP((#1907,#1908,#1896,#1895));
#1910= IFCFACEOUTERBOUND(#1909,.T.);
#1911= IFCFACE((#1910));
#1912= IFCCARTESIANPOINT((-223.827865172837,0.,-390.378894955371));
#1913= IFCPOLYLOOP((#1908,#1912,#1900,#1896));
#1914= IFCFACEOUTERBOUND(#1913,.T.);
#1915= IFCFACE((#1914));
#1916= IFCPOLYLOOP((#1912,#1907,#1895,#1900));
#1917= IFCFACEOUTERBOUND(#1916,.T.);
#1918= IFCFACE((#1917));
#1919= IFCCARTESIANPOINT((-193.143115262628,0.,-418.176807045747));
#1920= IFCCARTESIANPOINT((-193.143115262628,8.48528137423818,-418.176807045747));
#1921= IFCPOLYLOOP((#1919,#1920,#1908,#1907));
#1922= IFCFACEOUTERBOUND(#1921,.T.);
#1923= IFCFACE((#1922));
#1924= IFCCARTESIANPOINT((-199.615325503581,0.,-423.704596804848));
#1925= IFCPOLYLOOP((#1920,#1924,#1912,#1908));
#1926= IFCFACEOUTERBOUND(#1925,.T.);
#1927= IFCFACE((#1926));
#1928= IFCPOLYLOOP((#1924,#1919,#1907,#1912));
#1929= IFCFACEOUTERBOUND(#1928,.T.);
#1930= IFCFACE((#1929));
#1931= IFCCARTESIANPOINT((-164.959804276086,0.,-446.360118032244));
#1932= IFCCARTESIANPOINT((-164.959804276086,8.48528137423818,-446.360118032244));
#1933= IFCPOLYLOOP((#1931,#1932,#1920,#1919));
#1934= IFCFACEOUTERBOUND(#1933,.T.);
#1935= IFCFACE((#1934));
#1936= IFCCARTESIANPOINT((-170.487594035142,0.,-452.832328273216));
#1937= IFCPOLYLOOP((#1932,#1936,#1924,#1920));
#1938= IFCFACEOUTERBOUND(#1937,.T.);
#1939= IFCFACE((#1938));
#1940= IFCPOLYLOOP((#1936,#1931,#1919,#1924));
#1941= IFCFACEOUTERBOUND(#1940,.T.);
#1942= IFCFACE((#1941));
#1943= IFCCARTESIANPOINT((-132.714635438067,0.,-469.787604515703));
#1944= IFCCARTESIANPOINT((-132.714635438067,8.48528137423818,-469.787604515703));
#1945= IFCPOLYLOOP((#1943,#1944,#1932,#1931));
#1946= IFCFACEOUTERBOUND(#1945,.T.);
#1947= IFCFACE((#1946));
#1948= IFCCARTESIANPOINT((-137.16189218568,0.,-477.04486794243));
#1949= IFCPOLYLOOP((#1944,#1948,#1936,#1932));
#1950= IFCFACEOUTERBOUND(#1949,.T.);
#1951= IFCFACE((#1950));
#1952= IFCPOLYLOOP((#1948,#1943,#1931,#1936));
#1953= IFCFACEOUTERBOUND(#1952,.T.);
#1954= IFCFACE((#1953));
#1955= IFCCARTESIANPOINT((-97.2015918209436,0.,-487.88240402755));
#1956= IFCCARTESIANPOINT((-97.2015918209436,8.48528137423818,-487.88240402755));
#1957= IFCPOLYLOOP((#1955,#1956,#1944,#1943));
#1958= IFCFACEOUTERBOUND(#1957,.T.);
#1959= IFCFACE((#1958));
#1960= IFCCARTESIANPOINT((-100.458809336383,0.,-495.746022728927));
#1961= IFCPOLYLOOP((#1956,#1960,#1948,#1944));
#1962= IFCFACEOUTERBOUND(#1961,.T.);
#1963= IFCFACE((#1962));
#1964= IFCPOLYLOOP((#1960,#1955,#1943,#1948));
#1965= IFCFACEOUTERBOUND(#1964,.T.);
#1966= IFCFACE((#1965));
#1967= IFCCARTESIANPOINT((-59.2951224196022,0.,-500.198962550581));
#1968= IFCCARTESIANPOINT((-59.2951224196022,8.48528137423818,-500.198962550581));
#1969= IFCPOLYLOOP((#1967,#1968,#1956,#1955));
#1970= IFCFACEOUTERBOUND(#1969,.T.);
#1971= IFCFACE((#1970));
#1972= IFCCARTESIANPOINT((-61.2820971975561,0.,-508.475308136374));
#1973= IFCPOLYLOOP((#1968,#1972,#1960,#1956));
#1974= IFCFACEOUTERBOUND(#1973,.T.);
#1975= IFCFACE((#1974));
#1976= IFCPOLYLOOP((#1972,#1967,#1955,#1960));
#1977= IFCFACEOUTERBOUND(#1976,.T.);
#1978= IFCFACE((#1977));
#1979= IFCPOLYLOOP((#1511,#1510,#1968,#1967));
#1980= IFCFACEOUTERBOUND(#1979,.T.);
#1981= IFCFACE((#1980));
#1982= IFCPOLYLOOP((#1510,#1516,#1972,#1968));
#1983= IFCFACEOUTERBOUND(#1982,.T.);
#1984= IFCFACE((#1983));
#1985= IFCPOLYLOOP((#1516,#1511,#1967,#1972));
#1986= IFCFACEOUTERBOUND(#1985,.T.);
#1987= IFCFACE((#1986));
#1988= IFCPOLYLOOP((#1516,#1511,#1510));
#1989= IFCFACEOUTERBOUND(#1988,.T.);
#1990= IFCFACE((#1989));
#1991= IFCPOLYLOOP((#1516,#1510,#1511));
#1992= IFCFACEOUTERBOUND(#1991,.T.);
#1993= IFCFACE((#1992));
#1994= IFCCARTESIANPOINT((-56.4937780533273,0.,-488.530523505775));
#1995= IFCCARTESIANPOINT((-56.4937780533273,8.48528137423818,-488.530523505775));
#1996= IFCCARTESIANPOINT((-18.9871011663236,8.48528137423818,-494.47099753283));
#1997= IFCCARTESIANPOINT((-18.9871011663236,0.,-494.47099753283));
#1998= IFCPOLYLOOP((#1994,#1995,#1996,#1997));
#1999= IFCFACEOUTERBOUND(#1998,.T.);
#2000= IFCFACE((#1999));
#2001= IFCCARTESIANPOINT((-54.5068032753716,0.,-480.254177919982));
#2002= IFCCARTESIANPOINT((-18.3192950392804,0.,-485.985716158568));
#2003= IFCPOLYLOOP((#1995,#2001,#2002,#1996));
#2004= IFCFACEOUTERBOUND(#2003,.T.);
#2005= IFCFACE((#2004));
#2006= IFCPOLYLOOP((#2001,#1994,#1997,#2002));
#2007= IFCFACEOUTERBOUND(#2006,.T.);
#2008= IFCFACE((#2007));
#2009= IFCCARTESIANPOINT((-92.6093906325577,0.,-476.795849637376));
#2010= IFCCARTESIANPOINT((-92.6093906325577,8.48528137423818,-476.795849637376));
#2011= IFCPOLYLOOP((#2009,#2010,#1995,#1994));
#2012= IFCFACEOUTERBOUND(#2011,.T.);
#2013= IFCFACE((#2012));
#2014= IFCCARTESIANPOINT((-89.3521731171168,0.,-468.93223093597));
#2015= IFCPOLYLOOP((#2010,#2014,#2001,#1995));
#2016= IFCFACEOUTERBOUND(#2015,.T.);
#2017= IFCFACE((#2016));
#2018= IFCPOLYLOOP((#2014,#2009,#1994,#2001));
#2019= IFCFACEOUTERBOUND(#2018,.T.);
#2020= IFCFACE((#2019));
#2021= IFCCARTESIANPOINT((-126.444652661471,0.,-459.555922543412));
#2022= IFCCARTESIANPOINT((-126.444652661471,8.48528137423818,-459.555922543412));
#2023= IFCPOLYLOOP((#2021,#2022,#2010,#2009));
#2024= IFCFACEOUTERBOUND(#2023,.T.);
#2025= IFCFACE((#2024));
#2026= IFCCARTESIANPOINT((-121.99739591386,0.,-452.298659116699));
#2027= IFCPOLYLOOP((#2022,#2026,#2014,#2010));
#2028= IFCFACEOUTERBOUND(#2027,.T.);
#2029= IFCFACE((#2028));
#2030= IFCPOLYLOOP((#2026,#2021,#2009,#2014));
#2031= IFCFACEOUTERBOUND(#2030,.T.);
#2032= IFCFACE((#2031));
#2033= IFCCARTESIANPOINT((-157.166427696118,0.,-437.235246444994));
#2034= IFCCARTESIANPOINT((-157.166427696118,8.48528137423818,-437.235246444994));
#2035= IFCPOLYLOOP((#2033,#2034,#2022,#2021));
#2036= IFCFACEOUTERBOUND(#2035,.T.);
#2037= IFCFACE((#2036));
#2038= IFCCARTESIANPOINT((-151.638637937062,0.,-430.763036204007));
#2039= IFCPOLYLOOP((#2034,#2038,#2026,#2022));
#2040= IFCFACEOUTERBOUND(#2039,.T.);
#2041= IFCFACE((#2040));
#2042= IFCPOLYLOOP((#2038,#2033,#2021,#2026));
#2043= IFCFACEOUTERBOUND(#2042,.T.);
#2044= IFCFACE((#2043));
#2045= IFCCARTESIANPOINT((-184.018243675421,0.,-410.383430465721));
#2046= IFCCARTESIANPOINT((-184.018243675421,8.48528137423818,-410.383430465721));
#2047= IFCPOLYLOOP((#2045,#2046,#2034,#2033));
#2048= IFCFACEOUTERBOUND(#2047,.T.);
#2049= IFCFACE((#2048));
#2050= IFCCARTESIANPOINT((-177.546033434469,0.,-404.855640706635));
#2051= IFCPOLYLOOP((#2046,#2050,#2038,#2034));
#2052= IFCFACEOUTERBOUND(#2051,.T.);
#2053= IFCFACE((#2052));
#2054= IFCPOLYLOOP((#2050,#2045,#2033,#2038));
#2055= IFCFACEOUTERBOUND(#2054,.T.);
#2056= IFCFACE((#2055));
#2057= IFCCARTESIANPOINT((-206.338919773902,0.,-379.661655431104));
#2058= IFCCARTESIANPOINT((-206.338919773902,8.48528137423818,-379.661655431104));
#2059= IFCPOLYLOOP((#2057,#2058,#2046,#2045));
#2060= IFCFACEOUTERBOUND(#2059,.T.);
#2061= IFCFACE((#2060));
#2062= IFCCARTESIANPOINT((-199.08165634722,0.,-375.214398683442));
#2063= IFCPOLYLOOP((#2058,#2062,#2050,#2046));
#2064= IFCFACEOUTERBOUND(#2063,.T.);
#2065= IFCFACE((#2064));
#2066= IFCPOLYLOOP((#2062,#2057,#2045,#2050));
#2067= IFCFACEOUTERBOUND(#2066,.T.);
#2068= IFCFACE((#2067));
#2069= IFCCARTESIANPOINT((-223.578846867935,0.,-345.826393402167));
#2070= IFCCARTESIANPOINT((-223.578846867935,8.48528137423818,-345.826393402167));
#2071= IFCPOLYLOOP((#2069,#2070,#2058,#2057));
#2072= IFCFACEOUTERBOUND(#2071,.T.);
#2073= IFCFACE((#2072));
#2074= IFCCARTESIANPOINT((-215.715228166567,0.,-342.569175886689));
#2075= IFCPOLYLOOP((#2070,#2074,#2062,#2058));
#2076= IFCFACEOUTERBOUND(#2075,.T.);
#2077= IFCFACE((#2076));
#2078= IFCPOLYLOOP((#2074,#2069,#2057,#2062));
#2079= IFCFACEOUTERBOUND(#2078,.T.);
#2080= IFCFACE((#2079));
#2081= IFCCARTESIANPOINT((-235.313520736434,0.,-309.710780822905));
#2082= IFCCARTESIANPOINT((-235.313520736434,8.48528137423818,-309.710780822905));
#2083= IFCPOLYLOOP((#2081,#2082,#2070,#2069));
#2084= IFCFACEOUTERBOUND(#2083,.T.);
#2085= IFCFACE((#2084));
#2086= IFCCARTESIANPOINT((-227.037175150659,0.,-307.723806044931));
#2087= IFCPOLYLOOP((#2082,#2086,#2074,#2070));
#2088= IFCFACEOUTERBOUND(#2087,.T.);
#2089= IFCFACE((#2088));
#2090= IFCPOLYLOOP((#2086,#2081,#2069,#2074));
#2091= IFCFACEOUTERBOUND(#2090,.T.);
#2092= IFCFACE((#2091));
#2093= IFCCARTESIANPOINT((-241.253994763601,0.,-272.204103935859));
#2094= IFCCARTESIANPOINT((-241.253994763601,8.48528137423818,-272.204103935859));
#2095= IFCPOLYLOOP((#2093,#2094,#2082,#2081));
#2096= IFCFACEOUTERBOUND(#2095,.T.);
#2097= IFCFACE((#2096));
#2098= IFCCARTESIANPOINT((-232.768713389359,0.,-271.53629780878));
#2099= IFCPOLYLOOP((#2094,#2098,#2086,#2082));
#2100= IFCFACEOUTERBOUND(#2099,.T.);
#2101= IFCFACE((#2100));
#2102= IFCPOLYLOOP((#2098,#2093,#2081,#2086));
#2103= IFCFACEOUTERBOUND(#2102,.T.);
#2104= IFCFACE((#2103));
#2105= IFCCARTESIANPOINT((-241.253994763587,0.,-234.229901603481));
#2106= IFCCARTESIANPOINT((-241.253994763587,8.48528137423818,-234.229901603481));
#2107= IFCPOLYLOOP((#2105,#2106,#2094,#2093));
#2108= IFCFACEOUTERBOUND(#2107,.T.);
#2109= IFCFACE((#2108));
#2110= IFCCARTESIANPOINT((-232.768713389345,0.,-234.897707730488));
#2111= IFCPOLYLOOP((#2106,#2110,#2098,#2094));
#2112= IFCFACEOUTERBOUND(#2111,.T.);
#2113= IFCFACE((#2112));
#2114= IFCPOLYLOOP((#2110,#2105,#2093,#2098));
#2115= IFCFACEOUTERBOUND(#2114,.T.);
#2116= IFCFACE((#2115));
#2117= IFCCARTESIANPOINT((-235.31352073639,0.,-196.723224716377));
#2118= IFCCARTESIANPOINT((-235.31352073639,8.48528137423818,-196.723224716377));
#2119= IFCPOLYLOOP((#2117,#2118,#2106,#2105));
#2120= IFCFACEOUTERBOUND(#2119,.T.);
#2121= IFCFACE((#2120));
#2122= IFCCARTESIANPOINT((-227.037175150619,0.,-198.710199494308));
#2123= IFCPOLYLOOP((#2118,#2122,#2110,#2106));
#2124= IFCFACEOUTERBOUND(#2123,.T.);
#2125= IFCFACE((#2124));
#2126= IFCPOLYLOOP((#2122,#2117,#2105,#2110));
#2127= IFCFACEOUTERBOUND(#2126,.T.);
#2128= IFCFACE((#2127));
#2129= IFCCARTESIANPOINT((-223.578846867867,0.,-160.607612137028));
#2130= IFCCARTESIANPOINT((-223.578846867867,8.48528137423818,-160.607612137028));
#2131= IFCPOLYLOOP((#2129,#2130,#2118,#2117));
#2132= IFCFACEOUTERBOUND(#2131,.T.);
#2133= IFCFACE((#2132));
#2134= IFCCARTESIANPOINT((-215.715228166502,0.,-163.864829652448));
#2135= IFCPOLYLOOP((#2130,#2134,#2122,#2118));
#2136= IFCFACEOUTERBOUND(#2135,.T.);
#2137= IFCFACE((#2136));
#2138= IFCPOLYLOOP((#2134,#2129,#2117,#2122));
#2139= IFCFACEOUTERBOUND(#2138,.T.);
#2140= IFCFACE((#2139));
#2141= IFCCARTESIANPOINT((-206.33891977381,0.,-126.772350108004));
#2142= IFCCARTESIANPOINT((-206.33891977381,8.48528137423818,-126.772350108004));
#2143= IFCPOLYLOOP((#2141,#2142,#2130,#2129));
#2144= IFCFACEOUTERBOUND(#2143,.T.);
#2145= IFCFACE((#2144));
#2146= IFCCARTESIANPOINT((-199.081656347131,0.,-131.219606855579));
#2147= IFCPOLYLOOP((#2142,#2146,#2134,#2130));
#2148= IFCFACEOUTERBOUND(#2147,.T.);
#2149= IFCFACE((#2148));
#2150= IFCPOLYLOOP((#2146,#2141,#2129,#2134));
#2151= IFCFACEOUTERBOUND(#2150,.T.);
#2152= IFCFACE((#2151));
#2153= IFCCARTESIANPOINT((-184.018243675306,0.,-96.0505750731827));
#2154= IFCCARTESIANPOINT((-184.018243675306,8.48528137423818,-96.0505750731827));
#2155= IFCPOLYLOOP((#2153,#2154,#2142,#2141));
#2156= IFCFACEOUTERBOUND(#2155,.T.);
#2157= IFCFACE((#2156));
#2158= IFCCARTESIANPOINT((-177.546033434359,0.,-101.578364832225));
#2159= IFCPOLYLOOP((#2154,#2158,#2146,#2142));
#2160= IFCFACEOUTERBOUND(#2159,.T.);
#2161= IFCFACE((#2160));
#2162= IFCPOLYLOOP((#2158,#2153,#2141,#2146));
#2163= IFCFACEOUTERBOUND(#2162,.T.);
#2164= IFCFACE((#2163));
#2165= IFCCARTESIANPOINT((-157.166427695985,0.,-69.1987590937497));
#2166= IFCCARTESIANPOINT((-157.166427695985,8.48528137423818,-69.1987590937497));
#2167= IFCPOLYLOOP((#2165,#2166,#2154,#2153));
#2168= IFCFACEOUTERBOUND(#2167,.T.);
#2169= IFCFACE((#2168));
#2170= IFCCARTESIANPOINT((-151.638637936932,0.,-75.6709693346784));
#2171= IFCPOLYLOOP((#2166,#2170,#2158,#2154));
#2172= IFCFACEOUTERBOUND(#2171,.T.);
#2173= IFCFACE((#2172));
#2174= IFCPOLYLOOP((#2170,#2165,#2153,#2158));
#2175= IFCFACEOUTERBOUND(#2174,.T.);
#2176= IFCFACE((#2175));
#2177= IFCCARTESIANPOINT((-126.44465266132,0.,-46.8780829950847));
#2178= IFCCARTESIANPOINT((-126.44465266132,8.48528137423818,-46.8780829950847));
#2179= IFCPOLYLOOP((#2177,#2178,#2166,#2165));
#2180= IFCFACEOUTERBOUND(#2179,.T.);
#2181= IFCFACE((#2180));
#2182= IFCCARTESIANPOINT((-121.997395913713,0.,-54.1353464217536));
#2183= IFCPOLYLOOP((#2178,#2182,#2170,#2166));
#2184= IFCFACEOUTERBOUND(#2183,.T.);
#2185= IFCFACE((#2184));
#2186= IFCPOLYLOOP((#2182,#2177,#2165,#2170));
#2187= IFCFACEOUTERBOUND(#2186,.T.);
#2188= IFCFACE((#2187));
#2189= IFCCARTESIANPOINT((-92.6093906323949,0.,-29.6381559008878));
#2190= IFCCARTESIANPOINT((-92.6093906323949,8.48528137423818,-29.6381559008878));
#2191= IFCPOLYLOOP((#2189,#2190,#2178,#2177));
#2192= IFCFACEOUTERBOUND(#2191,.T.);
#2193= IFCFACE((#2192));
#2194= IFCCARTESIANPOINT((-89.3521731169612,0.,-37.5017746022495));
#2195= IFCPOLYLOOP((#2190,#2194,#2182,#2178));
#2196= IFCFACEOUTERBOUND(#2195,.T.);
#2197= IFCFACE((#2196));
#2198= IFCPOLYLOOP((#2194,#2189,#2177,#2182));
#2199= IFCFACEOUTERBOUND(#2198,.T.);
#2200= IFCFACE((#2199));
#2201= IFCCARTESIANPOINT((-56.4937780531545,0.,-17.9034820321976));
#2202= IFCCARTESIANPOINT((-56.4937780531545,8.48528137423818,-17.9034820321976));
#2203= IFCPOLYLOOP((#2201,#2202,#2190,#2189));
#2204= IFCFACEOUTERBOUND(#2203,.T.);
#2205= IFCFACE((#2204));
#2206= IFCCARTESIANPOINT((-54.506803275206,0.,-26.1798276179907));
#2207= IFCPOLYLOOP((#2202,#2206,#2194,#2190));
#2208= IFCFACEOUTERBOUND(#2207,.T.);
#2209= IFCFACE((#2208));
#2210= IFCPOLYLOOP((#2206,#2201,#2189,#2194));
#2211= IFCFACEOUTERBOUND(#2210,.T.);
#2212= IFCFACE((#2211));
#2213= IFCCARTESIANPOINT((-18.9871011661489,0.,-11.963008004881));
#2214= IFCCARTESIANPOINT((-18.9871011661489,8.48528137423818,-11.963008004881));
#2215= IFCPOLYLOOP((#2213,#2214,#2202,#2201));
#2216= IFCFACEOUTERBOUND(#2215,.T.);
#2217= IFCFACE((#2216));
#2218= IFCCARTESIANPOINT((-18.3192950391112,0.,-20.4482893791283));
#2219= IFCPOLYLOOP((#2214,#2218,#2206,#2202));
#2220= IFCFACEOUTERBOUND(#2219,.T.);
#2221= IFCFACE((#2220));
#2222= IFCPOLYLOOP((#2218,#2213,#2201,#2206));
#2223= IFCFACEOUTERBOUND(#2222,.T.);
#2224= IFCFACE((#2223));
#2225= IFCCARTESIANPOINT((18.9871011661435,0.,-11.9630080047355));
#2226= IFCCARTESIANPOINT((18.9871011661435,8.48528137423818,-11.9630080047355));
#2227= IFCPOLYLOOP((#2225,#2226,#2214,#2213));
#2228= IFCFACEOUTERBOUND(#2227,.T.);
#2229= IFCFACE((#2228));
#2230= IFCCARTESIANPOINT((18.3192950391003,0.,-20.4482893790118));
#2231= IFCPOLYLOOP((#2226,#2230,#2218,#2214));
#2232= IFCFACEOUTERBOUND(#2231,.T.);
#2233= IFCFACE((#2232));
#2234= IFCPOLYLOOP((#2230,#2225,#2213,#2218));
#2235= IFCFACEOUTERBOUND(#2234,.T.);
#2236= IFCFACE((#2235));
#2237= IFCCARTESIANPOINT((56.4937780531436,0.,-17.9034820318047));
#2238= IFCCARTESIANPOINT((56.4937780531436,8.48528137423818,-17.9034820318047));
#2239= IFCPOLYLOOP((#2237,#2238,#2226,#2225));
#2240= IFCFACEOUTERBOUND(#2239,.T.);
#2241= IFCFACE((#2240));
#2242= IFCCARTESIANPOINT((54.5068032751897,0.,-26.1798276175978));
#2243= IFCPOLYLOOP((#2238,#2242,#2230,#2226));
#2244= IFCFACEOUTERBOUND(#2243,.T.);
#2245= IFCFACE((#2244));
#2246= IFCPOLYLOOP((#2242,#2237,#2225,#2230));
#2247= IFCFACEOUTERBOUND(#2246,.T.);
#2248= IFCFACE((#2247));
#2249= IFCCARTESIANPOINT((92.6093906323749,0.,-29.6381559002039));
#2250= IFCCARTESIANPOINT((92.6093906323749,8.48528137423818,-29.6381559002039));
#2251= IFCPOLYLOOP((#2249,#2250,#2238,#2237));
#2252= IFCFACEOUTERBOUND(#2251,.T.);
#2253= IFCFACE((#2252));
#2254= IFCCARTESIANPOINT((89.3521731169349,0.,-37.5017746015947));
#2255= IFCPOLYLOOP((#2250,#2254,#2242,#2238));
#2256= IFCFACEOUTERBOUND(#2255,.T.);
#2257= IFCFACE((#2256));
#2258= IFCPOLYLOOP((#2254,#2249,#2237,#2242));
#2259= IFCFACEOUTERBOUND(#2258,.T.);
#2260= IFCFACE((#2259));
#2261= IFCCARTESIANPOINT((126.444652661288,0.,-46.8780829941679));
#2262= IFCCARTESIANPOINT((126.444652661288,8.48528137423818,-46.8780829941679));
#2263= IFCPOLYLOOP((#2261,#2262,#2250,#2249));
#2264= IFCFACEOUTERBOUND(#2263,.T.);
#2265= IFCFACE((#2264));
#2266= IFCCARTESIANPOINT((121.997395913679,0.,-54.135346420866));
#2267= IFCPOLYLOOP((#2262,#2266,#2254,#2250));
#2268= IFCFACEOUTERBOUND(#2267,.T.);
#2269= IFCFACE((#2268));
#2270= IFCPOLYLOOP((#2266,#2261,#2249,#2254));
#2271= IFCFACEOUTERBOUND(#2270,.T.);
#2272= IFCFACE((#2271));
#2273= IFCCARTESIANPOINT((157.166427695936,0.,-69.1987590925855));
#2274= IFCCARTESIANPOINT((157.166427695936,8.48528137423818,-69.1987590925855));
#2275= IFCPOLYLOOP((#2273,#2274,#2262,#2261));
#2276= IFCFACEOUTERBOUND(#2275,.T.);
#2277= IFCFACE((#2276));
#2278= IFCCARTESIANPOINT((151.63863793688,0.,-75.6709693335579));
#2279= IFCPOLYLOOP((#2274,#2278,#2266,#2262));
#2280= IFCFACEOUTERBOUND(#2279,.T.);
#2281= IFCFACE((#2280));
#2282= IFCPOLYLOOP((#2278,#2273,#2261,#2266));
#2283= IFCFACEOUTERBOUND(#2282,.T.);
#2284= IFCFACE((#2283));
#2285= IFCCARTESIANPOINT((184.018243675238,0.,-96.0505750718585));
#2286= IFCCARTESIANPOINT((184.018243675238,8.48528137423818,-96.0505750718585));
#2287= IFCPOLYLOOP((#2285,#2286,#2274,#2273));
#2288= IFCFACEOUTERBOUND(#2287,.T.);
#2289= IFCFACE((#2288));
#2290= IFCCARTESIANPOINT((177.546033434288,0.,-101.578364830944));
#2291= IFCPOLYLOOP((#2286,#2290,#2278,#2274));
#2292= IFCFACEOUTERBOUND(#2291,.T.);
#2293= IFCFACE((#2292));
#2294= IFCPOLYLOOP((#2290,#2285,#2273,#2278));
#2295= IFCFACEOUTERBOUND(#2294,.T.);
#2296= IFCFACE((#2295));
#2297= IFCCARTESIANPOINT((206.338919773718,0.,-126.772350106476));
#2298= IFCCARTESIANPOINT((206.338919773718,8.48528137423818,-126.772350106476));
#2299= IFCPOLYLOOP((#2297,#2298,#2286,#2285));
#2300= IFCFACEOUTERBOUND(#2299,.T.);
#2301= IFCFACE((#2300));
#2302= IFCCARTESIANPOINT((199.081656347038,0.,-131.219606854138));
#2303= IFCPOLYLOOP((#2298,#2302,#2290,#2286));
#2304= IFCFACEOUTERBOUND(#2303,.T.);
#2305= IFCFACE((#2304));
#2306= IFCPOLYLOOP((#2302,#2297,#2285,#2290));
#2307= IFCFACEOUTERBOUND(#2306,.T.);
#2308= IFCFACE((#2307));
#2309= IFCCARTESIANPOINT((223.578846867753,0.,-160.607612135413));
#2310= IFCCARTESIANPOINT((223.578846867753,8.48528137423818,-160.607612135413));
#2311= IFCPOLYLOOP((#2309,#2310,#2298,#2297));
#2312= IFCFACEOUTERBOUND(#2311,.T.);
#2313= IFCFACE((#2312));
#2314= IFCCARTESIANPOINT((215.715228166384,0.,-163.864829650891));
#2315= IFCPOLYLOOP((#2310,#2314,#2302,#2298));
#2316= IFCFACEOUTERBOUND(#2315,.T.);
#2317= IFCFACE((#2316));
#2318= IFCPOLYLOOP((#2314,#2309,#2297,#2302));
#2319= IFCFACEOUTERBOUND(#2318,.T.);
#2320= IFCFACE((#2319));
#2321= IFCCARTESIANPOINT((235.31352073625,0.,-196.723224714675));
#2322= IFCCARTESIANPOINT((235.31352073625,8.48528137423818,-196.723224714675));
#2323= IFCPOLYLOOP((#2321,#2322,#2310,#2309));
#2324= IFCFACEOUTERBOUND(#2323,.T.);
#2325= IFCFACE((#2324));
#2326= IFCCARTESIANPOINT((227.037175150477,0.,-198.710199492634));
#2327= IFCPOLYLOOP((#2322,#2326,#2314,#2310));
#2328= IFCFACEOUTERBOUND(#2327,.T.);
#2329= IFCFACE((#2328));
#2330= IFCPOLYLOOP((#2326,#2321,#2309,#2314));
#2331= IFCFACEOUTERBOUND(#2330,.T.);
#2332= IFCFACE((#2331));
#2333= IFCCARTESIANPOINT((241.25399476342,0.,-234.22990160172));
#2334= IFCCARTESIANPOINT((241.25399476342,8.48528137423818,-234.22990160172));
#2335= IFCPOLYLOOP((#2333,#2334,#2322,#2321));
#2336= IFCFACEOUTERBOUND(#2335,.T.);
#2337= IFCFACE((#2336));
#2338= IFCCARTESIANPOINT((232.768713389176,0.,-234.8977077288));
#2339= IFCPOLYLOOP((#2334,#2338,#2326,#2322));
#2340= IFCFACEOUTERBOUND(#2339,.T.);
#2341= IFCFACE((#2340));
#2342= IFCPOLYLOOP((#2338,#2333,#2321,#2326));
#2343= IFCFACEOUTERBOUND(#2342,.T.);
#2344= IFCFACE((#2343));
#2345= IFCCARTESIANPOINT((241.253994763403,0.,-272.204103934098));
#2346= IFCCARTESIANPOINT((241.253994763403,8.48528137423818,-272.204103934098));
#2347= IFCPOLYLOOP((#2345,#2346,#2334,#2333));
#2348= IFCFACEOUTERBOUND(#2347,.T.);
#2349= IFCFACE((#2348));
#2350= IFCCARTESIANPOINT((232.768713389163,0.,-271.536297807092));
#2351= IFCPOLYLOOP((#2346,#2350,#2338,#2334));
#2352= IFCFACEOUTERBOUND(#2351,.T.);
#2353= IFCFACE((#2352));
#2354= IFCPOLYLOOP((#2350,#2345,#2333,#2338));
#2355= IFCFACEOUTERBOUND(#2354,.T.);
#2356= IFCFACE((#2355));
#2357= IFCCARTESIANPOINT((235.31352073621,0.,-309.710780821188));
#2358= IFCCARTESIANPOINT((235.31352073621,8.48528137423818,-309.710780821188));
#2359= IFCPOLYLOOP((#2357,#2358,#2346,#2345));
#2360= IFCFACEOUTERBOUND(#2359,.T.);
#2361= IFCFACE((#2360));
#2362= IFCCARTESIANPOINT((227.037175150435,0.,-307.723806043272));
#2363= IFCPOLYLOOP((#2358,#2362,#2350,#2346));
#2364= IFCFACEOUTERBOUND(#2363,.T.);
#2365= IFCFACE((#2364));
#2366= IFCPOLYLOOP((#2362,#2357,#2345,#2350));
#2367= IFCFACEOUTERBOUND(#2366,.T.);
#2368= IFCFACE((#2367));
#2369= IFCCARTESIANPOINT((223.578846867686,0.,-345.826393400552));
#2370= IFCCARTESIANPOINT((223.578846867686,8.48528137423818,-345.826393400552));
#2371= IFCPOLYLOOP((#2369,#2370,#2358,#2357));
#2372= IFCFACEOUTERBOUND(#2371,.T.);
#2373= IFCFACE((#2372));
#2374= IFCCARTESIANPOINT((215.715228166318,0.,-342.569175885132));
#2375= IFCPOLYLOOP((#2370,#2374,#2362,#2358));
#2376= IFCFACEOUTERBOUND(#2375,.T.);
#2377= IFCFACE((#2376));
#2378= IFCPOLYLOOP((#2374,#2369,#2357,#2362));
#2379= IFCFACEOUTERBOUND(#2378,.T.);
#2380= IFCFACE((#2379));
#2381= IFCCARTESIANPOINT((206.338919773627,0.,-379.661655429576));
#2382= IFCCARTESIANPOINT((206.338919773627,8.48528137423818,-379.661655429576));
#2383= IFCPOLYLOOP((#2381,#2382,#2370,#2369));
#2384= IFCFACEOUTERBOUND(#2383,.T.);
#2385= IFCFACE((#2384));
#2386= IFCCARTESIANPOINT((199.081656346949,0.,-375.214398681986));
#2387= IFCPOLYLOOP((#2382,#2386,#2374,#2370));
#2388= IFCFACEOUTERBOUND(#2387,.T.);
#2389= IFCFACE((#2388));
#2390= IFCPOLYLOOP((#2386,#2381,#2369,#2374));
#2391= IFCFACEOUTERBOUND(#2390,.T.);
#2392= IFCFACE((#2391));
#2393= IFCCARTESIANPOINT((184.018243675124,0.,-410.383430464397));
#2394= IFCCARTESIANPOINT((184.018243675124,8.48528137423818,-410.383430464397));
#2395= IFCPOLYLOOP((#2393,#2394,#2382,#2381));
#2396= IFCFACEOUTERBOUND(#2395,.T.);
#2397= IFCFACE((#2396));
#2398= IFCCARTESIANPOINT((177.546033434175,0.,-404.855640705355));
#2399= IFCPOLYLOOP((#2394,#2398,#2386,#2382));
#2400= IFCFACEOUTERBOUND(#2399,.T.);
#2401= IFCFACE((#2400));
#2402= IFCPOLYLOOP((#2398,#2393,#2381,#2386));
#2403= IFCFACEOUTERBOUND(#2402,.T.);
#2404= IFCFACE((#2403));
#2405= IFCCARTESIANPOINT((157.166427695802,0.,-437.23524644383));
#2406= IFCCARTESIANPOINT((157.166427695802,8.48528137423818,-437.23524644383));
#2407= IFCPOLYLOOP((#2405,#2406,#2394,#2393));
#2408= IFCFACEOUTERBOUND(#2407,.T.);
#2409= IFCFACE((#2408));
#2410= IFCCARTESIANPOINT((151.63863793675,0.,-430.763036202901));
#2411= IFCPOLYLOOP((#2406,#2410,#2398,#2394));
#2412= IFCFACEOUTERBOUND(#2411,.T.);
#2413= IFCFACE((#2412));
#2414= IFCPOLYLOOP((#2410,#2405,#2393,#2398));
#2415= IFCFACEOUTERBOUND(#2414,.T.);
#2416= IFCFACE((#2415));
#2417= IFCCARTESIANPOINT((126.444652661137,0.,-459.55592254251));
#2418= IFCCARTESIANPOINT((126.444652661137,8.48528137423818,-459.55592254251));
#2419= IFCPOLYLOOP((#2417,#2418,#2406,#2405));
#2420= IFCFACEOUTERBOUND(#2419,.T.);
#2421= IFCFACE((#2420));
#2422= IFCCARTESIANPOINT((121.997395913531,0.,-452.298659115826));
#2423= IFCPOLYLOOP((#2418,#2422,#2410,#2406));
#2424= IFCFACEOUTERBOUND(#2423,.T.);
#2425= IFCFACE((#2424));
#2426= IFCPOLYLOOP((#2422,#2417,#2405,#2410));
#2427= IFCFACEOUTERBOUND(#2426,.T.);
#2428= IFCFACE((#2427));
#2429= IFCCARTESIANPOINT((92.6093906322112,0.,-476.795849636692));
#2430= IFCCARTESIANPOINT((92.6093906322112,8.48528137423818,-476.795849636692));
#2431= IFCPOLYLOOP((#2429,#2430,#2418,#2417));
#2432= IFCFACEOUTERBOUND(#2431,.T.);
#2433= IFCFACE((#2432));
#2434= IFCCARTESIANPOINT((89.3521731167784,0.,-468.93223093533));
#2435= IFCPOLYLOOP((#2430,#2434,#2422,#2418));
#2436= IFCFACEOUTERBOUND(#2435,.T.);
#2437= IFCFACE((#2436));
#2438= IFCPOLYLOOP((#2434,#2429,#2417,#2422));
#2439= IFCFACEOUTERBOUND(#2438,.T.);
#2440= IFCFACE((#2439));
#2441= IFCCARTESIANPOINT((56.4937780529726,0.,-488.530523505367));
#2442= IFCCARTESIANPOINT((56.4937780529726,8.48528137423818,-488.530523505367));
#2443= IFCPOLYLOOP((#2441,#2442,#2430,#2429));
#2444= IFCFACEOUTERBOUND(#2443,.T.);
#2445= IFCFACE((#2444));
#2446= IFCCARTESIANPOINT((54.506803275026,0.,-480.254177919574));
#2447= IFCPOLYLOOP((#2442,#2446,#2434,#2430));
#2448= IFCFACEOUTERBOUND(#2447,.T.);
#2449= IFCFACE((#2448));
#2450= IFCPOLYLOOP((#2446,#2441,#2429,#2434));
#2451= IFCFACEOUTERBOUND(#2450,.T.);
#2452= IFCFACE((#2451));
#2453= IFCCARTESIANPOINT((18.9871011659652,0.,-494.470997532699));
#2454= IFCCARTESIANPOINT((18.9871011659652,8.48528137423818,-494.470997532699));
#2455= IFCPOLYLOOP((#2453,#2454,#2442,#2441));
#2456= IFCFACEOUTERBOUND(#2455,.T.);
#2457= IFCFACE((#2456));
#2458= IFCCARTESIANPOINT((18.3192950389275,0.,-485.985716158451));
#2459= IFCPOLYLOOP((#2454,#2458,#2446,#2442));
#2460= IFCFACEOUTERBOUND(#2459,.T.);
#2461= IFCFACE((#2460));
#2462= IFCPOLYLOOP((#2458,#2453,#2441,#2446));
#2463= IFCFACEOUTERBOUND(#2462,.T.);
#2464= IFCFACE((#2463));
#2465= IFCPOLYLOOP((#1997,#1996,#2454,#2453));
#2466= IFCFACEOUTERBOUND(#2465,.T.);
#2467= IFCFACE((#2466));
#2468= IFCPOLYLOOP((#1996,#2002,#2458,#2454));
#2469= IFCFACEOUTERBOUND(#2468,.T.);
#2470= IFCFACE((#2469));
#2471= IFCPOLYLOOP((#2002,#1997,#2453,#2458));
#2472= IFCFACEOUTERBOUND(#2471,.T.);
#2473= IFCFACE((#2472));
#2474= IFCPOLYLOOP((#2002,#1997,#1996));
#2475= IFCFACEOUTERBOUND(#2474,.T.);
#2476= IFCFACE((#2475));
#2477= IFCPOLYLOOP((#2002,#1996,#1997));
#2478= IFCFACEOUTERBOUND(#2477,.T.);
#2479= IFCFACE((#2478));
#2480= IFCCLOSEDSHELL((#1514,#1519,#1522,#1527,#1531,#1534,#1539,#1543,#1546,#1551,#1555,#1558,#1563,#1567,#1570,#1575,#1579,#1582,#1587,#1591,#1594,#1599,#1603,#1606,#1611,#1615,#1618,#1623,#1627,#1630,#1635,#1639,#1642,#1647,#1651,#1654,#1659,#1663,#1666,#1671,#1675,#1678,#1683,#1687,#1690,#1695,#1699,#1702,#1707,#1711,#1714,#1719,#1723,#1726,#1731,#1735,#1738,#1743,#1747,#1750,#1755,#1759,#1762,#1767,#1771,#1774,#1779,#1783,#1786,#1791,#1795,#1798,#1803,#1807,#1810,#1815,#1819,#1822,#1827,#1831,#1834,#1839,#1843,#1846,#1851,#1855,#1858,#1863,#1867,#1870,#1875,#1879,#1882,#1887,#1891,#1894,#1899,#1903,#1906,#1911,#1915,#1918,#1923,#1927,#1930,#1935,#1939,#1942,#1947,#1951,#1954,#1959,#1963,#1966,#1971,#1975,#1978,#1981,#1984,#1987,#1990,#1993,#2000,#2005,#2008,#2013,#2017,#2020,#2025,#2029,#2032,#2037,#2041,#2044,#2049,#2053,#2056,#2061,#2065,#2068,#2073,#2077,#2080,#2085,#2089,#2092,#2097,#2101,#2104,#2109,#2113,#2116,#2121,#2125,#2128,#2133,#2137,#2140,#2145,#2149,#2152,#2157,#2161,#2164,#2169,#2173,#2176,#2181,#2185,#2188,#2193,#2197,#2200,#2205,#2209,#2212,#2217,#2221,#2224,#2229,#2233,#2236,#2241,#2245,#2248,#2253,#2257,#2260,#2265,#2269,#2272,#2277,#2281,#2284,#2289,#2293,#2296,#2301,#2305,#2308,#2313,#2317,#2320,#2325,#2329,#2332,#2337,#2341,#2344,#2349,#2353,#2356,#2361,#2365,#2368,#2373,#2377,#2380,#2385,#2389,#2392,#2397,#2401,#2404,#2409,#2413,#2416,#2421,#2425,#2428,#2433,#2437,#2440,#2445,#2449,#2452,#2457,#2461,#2464,#2467,#2470,#2473,#2476,#2479));
#2481= IFCFACETEDBREP(#2480);
#2482= IFCSHAPEREPRESENTATION(#12,'Body','Brep',(#2481));
#2483= IFCCARTESIANPOINT((-19.9286103149189,-506.434005536419,0.));
#2484= IFCCARTESIANPOINT((-59.2951224194455,-500.198962549206,0.));
#2485= IFCCARTESIANPOINT((-97.2015918207772,-487.882404026061,0.));
#2486= IFCCARTESIANPOINT((-132.714635437894,-469.787604514132,0.));
#2487= IFCCARTESIANPOINT((-164.959804275907,-446.360118030592,0.));
#2488= IFCCARTESIANPOINT((-193.143115262446,-418.176807044059,0.));
#2489= IFCCARTESIANPOINT((-216.570601745975,-385.931638206038,0.));
#2490= IFCCARTESIANPOINT((-234.665401257899,-350.418594588915,0.));
#2491= IFCCARTESIANPOINT((-246.981959781038,-312.512125187577,0.));
#2492= IFCCARTESIANPOINT((-253.217002768239,-273.14561308305,0.));
#2493= IFCCARTESIANPOINT((-253.217002768235,-233.28839245331,0.));
#2494= IFCCARTESIANPOINT((-246.981959781027,-193.921880348789,0.));
#2495= IFCCARTESIANPOINT((-234.665401257881,-156.015410947458,0.));
#2496= IFCCARTESIANPOINT((-216.57060174595,-120.502367330338,0.));
#2497= IFCCARTESIANPOINT((-193.143115262415,-88.2571984923217,0.));
#2498= IFCCARTESIANPOINT((-164.959804275871,-60.0738875057814,0.));
#2499= IFCCARTESIANPOINT((-132.714635437854,-36.6464010222638,0.));
#2500= IFCCARTESIANPOINT((-97.2015918207342,-18.5516015103356,0.));
#2501= IFCCARTESIANPOINT((-59.2951224194006,-6.23504298719857,0.));
#2502= IFCCARTESIANPOINT((59.2951224193992,-6.23504298721298,0.));
#2503= IFCCARTESIANPOINT((97.2015918207309,-18.5516015103582,0.));
#2504= IFCCARTESIANPOINT((132.714635437847,-36.6464010222873,0.));
#2505= IFCCARTESIANPOINT((164.959804275861,-60.0738875058269,0.));
#2506= IFCCARTESIANPOINT((193.1431152624,-88.2571984923606,0.));
#2507= IFCCARTESIANPOINT((216.570601745928,-120.502367330381,0.));
#2508= IFCCARTESIANPOINT((234.665401257852,-156.015410947504,0.));
#2509= IFCCARTESIANPOINT((246.981959780991,-193.921880348842,0.));
#2510= IFCCARTESIANPOINT((253.217002768192,-233.288392453369,0.));
#2511= IFCCARTESIANPOINT((253.217002768189,-273.145613083109,0.));
#2512= IFCCARTESIANPOINT((246.981959780981,-312.51212518763,0.));
#2513= IFCCARTESIANPOINT((234.665401257835,-350.418594588961,0.));
#2514= IFCCARTESIANPOINT((216.570601745904,-385.931638206081,0.));
#2515= IFCCARTESIANPOINT((193.143115262369,-418.176807044097,0.));
#2516= IFCCARTESIANPOINT((164.959804275825,-446.360118030638,0.));
#2517= IFCCARTESIANPOINT((132.714635437808,-469.787604514155,0.));
#2518= IFCCARTESIANPOINT((97.201591820688,-487.882404026084,0.));
#2519= IFCCARTESIANPOINT((59.2951224193543,-500.198962549221,0.));
#2520= IFCCARTESIANPOINT((19.9286103148265,-506.434005536419,0.));
#2521= IFCPOLYLINE((#2483,#2484,#2485,#2486,#2487,#2488,#2489,#2490,#2491,#2492,#2493,#2494,#2495,#2496,#2497,#2498,#2499,#2500,#2501,#1751,#1739,#2502,#2503,#2504,#2505,#2506,#2507,#2508,#2509,#2510,#2511,#2512,#2513,#2514,#2515,#2516,#2517,#2518,#2519,#2520,#2483));
#2522= IFCCARTESIANPOINT((-18.9871011661837,-494.470997531622,0.));
#2523= IFCCARTESIANPOINT((18.9871011660931,-494.470997531627,0.));
#2524= IFCCARTESIANPOINT((56.4937780530845,-488.530523504448,0.));
#2525= IFCCARTESIANPOINT((92.609390632308,-476.795849635948,0.));
#2526= IFCCARTESIANPOINT((126.444652661217,-459.555922541916,0.));
#2527= IFCCARTESIANPOINT((157.166427695865,-437.235246443428,0.));
#2528= IFCCARTESIANPOINT((184.018243675169,-410.383430464136,0.));
#2529= IFCCARTESIANPOINT((206.338919773656,-379.661655429483,0.));
#2530= IFCCARTESIANPOINT((223.578846867699,-345.826393400589,0.));
#2531= IFCCARTESIANPOINT((235.313520736209,-309.710780821365,0.));
#2532= IFCCARTESIANPOINT((241.253994763392,-272.204103934374,0.));
#2533= IFCCARTESIANPOINT((241.253994763395,-234.229901602095,0.));
#2534= IFCCARTESIANPOINT((235.31352073622,-196.723224715101,0.));
#2535= IFCCARTESIANPOINT((223.578846867716,-160.60761213589,0.));
#2536= IFCCARTESIANPOINT((206.338919773679,-126.772350106969,0.));
#2537= IFCCARTESIANPOINT((184.018243675198,-96.0505750723304,0.));
#2538= IFCCARTESIANPOINT((157.166427695898,-69.1987590930157,0.));
#2539= IFCCARTESIANPOINT((126.444652661255,-46.878082994535,0.));
#2540= IFCCARTESIANPOINT((92.6093906323488,-29.6381559004931,0.));
#2541= IFCCARTESIANPOINT((56.4937780531275,-17.9034820319796,0.));
#2542= IFCCARTESIANPOINT((18.9871011661375,-11.9630080047973,0.));
#2543= IFCCARTESIANPOINT((-18.9871011661393,-11.9630080047923,0.));
#2544= IFCCARTESIANPOINT((-56.4937780531308,-17.903482031971,0.));
#2545= IFCCARTESIANPOINT((-92.6093906323542,-29.6381559004708,0.));
#2546= IFCCARTESIANPOINT((-126.444652661263,-46.8780829945028,0.));
#2547= IFCCARTESIANPOINT((-157.166427695911,-69.1987590929912,0.));
#2548= IFCCARTESIANPOINT((-184.018243675216,-96.0505750722831,0.));
#2549= IFCCARTESIANPOINT((-206.338919773702,-126.772350106936,0.));
#2550= IFCCARTESIANPOINT((-223.578846867745,-160.60761213583,0.));
#2551= IFCCARTESIANPOINT((-235.313520736255,-196.723224715054,0.));
#2552= IFCCARTESIANPOINT((-241.253994763438,-234.229901602046,0.));
#2553= IFCCARTESIANPOINT((-241.253994763442,-272.204103934324,0.));
#2554= IFCCARTESIANPOINT((-235.313520736266,-309.710780821318,0.));
#2555= IFCCARTESIANPOINT((-223.578846867762,-345.82639340053,0.));
#2556= IFCCARTESIANPOINT((-206.338919773725,-379.66165542945,0.));
#2557= IFCCARTESIANPOINT((-184.018243675244,-410.383430464089,0.));
#2558= IFCCARTESIANPOINT((-157.166427695945,-437.235246443404,0.));
#2559= IFCCARTESIANPOINT((-126.444652661302,-459.555922541884,0.));
#2560= IFCCARTESIANPOINT((-92.6093906323951,-476.795849635926,0.));
#2561= IFCCARTESIANPOINT((-56.4937780531738,-488.53052350444,0.));
#2562= IFCPOLYLINE((#2522,#2523,#2524,#2525,#2526,#2527,#2528,#2529,#2530,#2531,#2532,#2533,#2534,#2535,#2536,#2537,#2538,#2539,#2540,#2541,#2542,#2543,#2544,#2545,#2546,#2547,#2548,#2549,#2550,#2551,#2552,#2553,#2554,#2555,#2556,#2557,#2558,#2559,#2560,#2561,#2522));
#2563= IFCSHAPEREPRESENTATION(#13,'Axis','GeometricCurveSet',(#2521,#2562));
#2564= IFCPRODUCTDEFINITIONSHAPE($,$,(#2482,#2563));
#2565= IFCFASTENER('2fTr_xQKv6qBUQbu7NwhXJ',#424,'Weld',$,$,#1507,#2564,'IDa9775fbb-694e-46d0-b79a-9781d7eab853');
#2566= IFCPROPERTYSINGLEVALUE('WeldID',$,IFCINTEGER(91809853),$);
#2567= IFCPROPERTYSINGLEVALUE('l',$,IFCPOSITIVELENGTHMEASURE(1594.3),$);
#2568= IFCPROPERTYSINGLEVALUE('d',$,IFCPOSITIVELENGTHMEASURE(6.),$);
#2569= IFCPROPERTYSET('05F6vWL3vEsgLLJE$Km6xO',#5,'AISC_EM11_Pset_Weld','WeldIdentity',(#87,#88,#89,#90,#2566,#92,#93,#94,#2567,#96,#2568,#98,#99,#100,#101,#102));
#2570= IFCCARTESIANPOINT((85000.,1303.28932952881,8409.5));
#2571= IFCAXIS2PLACEMENT3D(#2570,#613,#8);
#2572= IFCLOCALPLACEMENT(#45,#2571);
#2573= IFCRECTANGLEPROFILEDEF(.AREA.,'PL19*600',#171,19.,600.);
#2574= IFCCARTESIANPOINT((600.,0.,0.));
#2575= IFCAXIS2PLACEMENT3D(#2574,#613,#56);
#2576= IFCEXTRUDEDAREASOLID(#2573,#2575,#9,600.);
#2577= IFCSHAPEREPRESENTATION(#12,'Body','SweptSolid',(#2576));
#2578= IFCPRODUCTDEFINITIONSHAPE($,$,(#2577));
#2579= IFCDISCRETEACCESSORY('1oBdzHtzzBLB0WEWTbPOxN',#424,'Support section',$,$,#2572,#2578,'1009');
#2580= IFCLOCALPLACEMENT(#45,#1447);
#2581= IFCCIRCLEPROFILEDEF(.AREA.,$,#171,13.);
#2582= IFCCARTESIANPOINT((0.,-0.1,0.));
#2583= IFCAXIS2PLACEMENT3D(#2582,#8,#7);
#2584= IFCEXTRUDEDAREASOLID(#2581,#2583,#9,19.2);
#2585= IFCSHAPEREPRESENTATION(#12,'Body','SweptSolid',(#2584));
#2586= IFCREPRESENTATIONMAP(#10,#2585);
#2587= IFCMAPPEDITEM(#2586,#1470);
#2588= IFCMAPPEDITEM(#2586,#1475);
#2589= IFCMAPPEDITEM(#2586,#1478);
#2590= IFCMAPPEDITEM(#2586,#1481);
#2591= IFCSHAPEREPRESENTATION(#12,'Body','MappedRepresentation',(#2587,#2588,#2589,#2590));
#2592= IFCPRODUCTDEFINITIONSHAPE($,$,(#2591));
#2593= IFCOPENINGELEMENT('1NZWBU3NDFxgxJJMHYv7Rd',#5,$,$,'Opening',#2580,#2592,$);
#2594= IFCRELVOIDSELEMENT('1PO520RvXFlOOMwaDBqOQg',#5,'Drill Hole',$,#2579,#2593);
#2595= IFCPROPERTYSINGLEVALUE('PieceMark',$,IFCIDENTIFIER(''),$);
#2596= IFCPROPERTYSINGLEVALUE('IndicationMark',$,IFCIDENTIFIER('1009'),$);
#2597= IFCPROPERTYSET('2HBoZpYc54i94CMgRddXSR',#5,'AISC_EM11_Pset_PieceIdentification','PieceIdentity',(#2595,#2596,#313,#314));
#2598= IFCCARTESIANPOINT((85000.,1603.28932952881,8400.));
#2599= IFCAXIS2PLACEMENT3D(#2598,#9,#8);
#2600= IFCLOCALPLACEMENT(#45,#2599);
#2601= IFCCIRCLEHOLLOWPROFILEDEF(.AREA.,'\S\X508*12',#171,254.,12.);
#2602= IFCCARTESIANPOINT((0.,0.,15250.));
#2603= IFCAXIS2PLACEMENT3D(#2602,#114,#8);
#2604= IFCEXTRUDEDAREASOLID(#2601,#2603,#9,15231.);
#2605= IFCCARTESIANPOINT((-254.,0.,19.));
#2606= IFCAXIS2PLACEMENT3D(#2605,#9,#8);
#2607= IFCPLANE(#2606);
#2608= IFCHALFSPACESOLID(#2607,.T.);
#2609= IFCBOOLEANCLIPPINGRESULT(.DIFFERENCE.,#2604,#2608);
#2610= IFCSHAPEREPRESENTATION(#12,'Body','Clipping',(#2609));
#2611= IFCPRODUCTDEFINITIONSHAPE($,$,(#2610));
#2612= IFCCOLUMN('1$S9TTlM56Mu_K6YSPCfOm',#44,'main piece','\S\X508*12','\S\X508*12',#2600,#2611,'c/2');
#2613= IFCPROPERTYSINGLEVALUE('PieceMark',$,IFCIDENTIFIER('COLUMN'),$);
#2614= IFCPROPERTYSINGLEVALUE('IndicationMark',$,IFCIDENTIFIER('c/2'),$);
#2615= IFCPROPERTYSINGLEVALUE('MainPieceTag',$,IFCBOOLEAN(.T.),$);
#2616= IFCPROPERTYSET('1fI2uTiynBQhoJxsIV3uWt',#5,'AISC_EM11_Pset_PieceIdentification','PieceIdentity',(#2613,#2614,#313,#2615));
#2617= IFCPROPERTYSINGLEVALUE('SkewedAngleY',$,IFCREAL(0.),$);
#2618= IFCPROPERTYSINGLEVALUE('SkewedAngleX',$,IFCREAL(0.),$);
#2619= IFCPROPERTYSET('1Gka0l3Wb0Tfz354d7DZAn',#5,'AISC_EM11_Pset_SkewedEnd',$,(#2617,#2618));
#2620= IFCPROPERTYSET('1QCVP8HjP6F8Ti9K2AGWSN',#5,'AISC_EM11_Pset_SkewedEnd_2',$,(#2617,#2618));
#2621= IFCRELAGGREGATES('0bK4J5cBnEvvO33wDqqVuh',#5,$,$,#37,(#39));
#2622= IFCRELAGGREGATES('2tcMbNuT3WBBgLLCV66nAz',#5,$,$,#39,(#41));
#2623= IFCRELAGGREGATES('24aoj6JxT3Yv0GM_5ubGvM',#5,$,$,#41,(#43));
#2624= IFCRELAGGREGATES('16NSgDitn3CRiCGetXLZrP',#5,$,$,#46,(#2612,#2579,#2565,#1493,#1439,#1411,#1390,#1351,#1343,#1312,#1304,#1265,#1241,#1213,#1168,#1160,#1126,#1118,#1065,#1056,#1031,#1006,#929,#847,#837,#726,#714,#546,#291,#275,#144,#110,#86));
#2625= IFCRELAGGREGATES('3yaM2U8DL8wOAvm6dKeMzP',#5,$,$,#150,(#204));
#2626= IFCRELAGGREGATES('0bomC7Mr9A6e1y1aUCDRNg',#5,$,$,#321,(#913,#657,#416));
#2627= IFCRELAGGREGATES('367eNoSHfChB3bnc9pbitq',#5,$,$,#426,(#923,#787,#528));
#2628= IFCRELAGGREGATES('2wl$4HwFzBbAomwxeknqeG',#5,$,$,#1074,(#1201,#1187,#1110));
#2629= IFCRELAGGREGATES('3eTTP3I4j8UfCj2qwE4OsB',#5,$,$,#1144,(#1194,#1180,#1153));
#2630= IFCRELAGGREGATES('1_NiPa27v2egVSXaleAdpK',#5,$,$,#1268,(#1384,#1370,#1297));
#2631= IFCRELAGGREGATES('2SFV_l1zDC_PEsOmuypBZY',#5,$,$,#1326,(#1377,#1363,#1335));
#2632= IFCRELCONTAINEDINSPATIALSTRUCTURE('20SUafpb54yfTtBWDd0PGE',#5,$,$,(#1326,#1268,#1144,#1074,#426,#321,#150,#46),#43);
#2633= IFCRELCONNECTSWITHREALIZINGELEMENTS('0pyoZYuZj5lOe0NhhnNmPw',#5,$,$,$,#2612,#2579,(#2565),$);
#2634= IFCRELCONNECTSWITHREALIZINGELEMENTS('3z9TvOWcfFJw0Nif3JUn2j',#5,$,$,$,#2612,#1351,(#1343),$);
#2635= IFCRELCONNECTSWITHREALIZINGELEMENTS('0CGd2wl7D53ekfi1Qp0K7b',#5,$,$,$,#2612,#1312,(#1304),$);
#2636= IFCRELCONNECTSWITHREALIZINGELEMENTS('1SL3x$vhrApQ7WUqQnoZ74',#5,$,$,$,#2612,#1168,(#1160),$);
#2637= IFCRELCONNECTSWITHREALIZINGELEMENTS('3RLvQnBe9Anh0SyDvzEp2k',#5,$,$,$,#2612,#1126,(#1118),$);
#2638= IFCRELCONNECTSWITHREALIZINGELEMENTS('0bLkWTZVDEMh7DDiUEEHzU',#5,$,$,$,#2612,#847,(#837),$);
#2639= IFCRELCONNECTSWITHREALIZINGELEMENTS('3JCTgjQ1n4TvlB0oblzW6n',#5,$,$,$,#2612,#726,(#714),$);
#2640= IFCRELCONNECTSWITHREALIZINGELEMENTS('2rtFHIAZDDDumxVvMGcAHl',#5,$,$,$,#2612,#291,(#275),$);
#2641= IFCRELCONNECTSWITHREALIZINGELEMENTS('3Up6TfkrzEtx00gWingstK',#5,$,$,$,#2612,#1439,(#144),$);
#2642= IFCRELCONNECTSWITHREALIZINGELEMENTS('2V4WohRWnDqANwWJAaLzuL',#5,$,$,$,#2612,#1065,(#110),$);
#2643= IFCRELCONNECTSWITHREALIZINGELEMENTS('0hK4b_h492W8ejr2dXGCKa',#5,$,$,$,#2612,#1031,(#86),$);
#2644= IFCRELDEFINESBYPROPERTIES('1OisPMHTHBfQtLoSUvucKv',#5,$,$,(#1326,#1268,#1144,#1074,#426,#321,#150,#46),#48);
#2645= IFCRELDEFINESBYPROPERTIES('0ZGI9objDAx861jkE76lfs',#5,$,$,(#46),#50);
#2646= IFCRELDEFINESBYPROPERTIES('2gYrzSadrDKg_vv50kv9lx',#5,$,$,(#46),#54);
#2647= IFCRELDEFINESBYPROPERTIES('0lnIGP_bn7RRrYlzWIV$gI',#5,$,$,(#86),#103);
#2648= IFCRELDEFINESBYPROPERTIES('2Jq0Arydn1xure_me7sXy8',#5,$,$,(#110),#112);
#2649= IFCRELDEFINESBYPROPERTIES('0s$idLrTv2WfcGYDw0Hzad',#5,$,$,(#144),#147);
#2650= IFCRELDEFINESBYPROPERTIES('3RhUKRMOf4DeI4y5ZoypR7',#5,$,$,(#1326,#1268,#1144,#1074,#426,#321,#150),#152);
#2651= IFCRELDEFINESBYPROPERTIES('11qu14bpD4cvqFPEtJHXYw',#5,$,$,(#150),#154);
#2652= IFCRELDEFINESBYPROPERTIES('3_vdSD6qz3_9TNgfkPgHVX',#5,$,$,(#204),#211);
#2653= IFCRELDEFINESBYPROPERTIES('0_1bFLoMj0PghvnBcKTxqM',#5,$,$,(#204),#214);
#2654= IFCRELDEFINESBYPROPERTIES('2tl9HEQ89FAAuYAZR9rBNE',#5,$,$,(#204),#219);
#2655= IFCRELDEFINESBYPROPERTIES('30Z4p3bXL6buRfRHVXJKj$',#5,$,$,(#275),#281);
#2656= IFCRELDEFINESBYPROPERTIES('17rSHDsYTFURfo5Gjhb_xK',#5,$,$,(#2593,#1443,#1425,#1420,#1404,#1399,#1355,#1321,#1255,#1250,#1227,#1222,#1172,#1140,#1069,#1045,#946,#941,#861,#740,#607,#582,#304),#310);
#2657= IFCRELDEFINESBYPROPERTIES('2bpJJXvP9FEABJsqoLyWlb',#5,$,$,(#291),#315);
#2658= IFCRELDEFINESBYPROPERTIES('0$H$RWUc1D3xbzYlCI3xJq',#5,$,$,(#2612,#2579,#1439,#1411,#1390,#1351,#1312,#1241,#1213,#1168,#1126,#1065,#1031,#929,#847,#726,#546,#291),#318);
#2659= IFCRELDEFINESBYPROPERTIES('0lMTpdL6TDD8GkFJwKlksg',#5,$,$,(#321),#323);
#2660= IFCRELDEFINESBYPROPERTIES('06MJOgM5vFBx93z$YBM4Ex',#5,$,$,(#416),#419);
#2661= IFCRELDEFINESBYPROPERTIES('3Gs_46wF92CeLNFl2bKcD1',#5,$,$,(#1384,#1377,#1370,#1363,#1335,#1297,#1201,#1194,#1187,#1180,#1153,#1110,#923,#913,#787,#657,#528,#416),#421);
#2662= IFCRELDEFINESBYPROPERTIES('3o8gCTFz93reG1jzsYo_QJ',#5,$,$,(#1384,#1377,#1370,#1363,#1335,#1297,#1201,#1194,#1187,#1180,#1153,#1110,#923,#913,#787,#657,#528,#416),#423);
#2663= IFCRELDEFINESBYPROPERTIES('0partdYaj3PBznefW03CIS',#5,$,$,(#426),#428);
#2664= IFCRELDEFINESBYPROPERTIES('2DrDH3gNj1_uDj_WPpMWpd',#5,$,$,(#1384,#1377,#1370,#1363,#1201,#1194,#1187,#1180,#923,#528),#530);
#2665= IFCRELDEFINESBYPROPERTIES('1sXPgvkq53qwJeBUVdaWq4',#5,$,$,(#1415,#1394,#1245,#1217,#936,#554),#558);
#2666= IFCRELDEFINESBYPROPERTIES('2MW1lFumX3dxVr4Nbm6S5_',#5,$,$,(#929,#546),#611);
#2667= IFCRELDEFINESBYPROPERTIES('3U$2HPJ$z9hfwwtiIu7uMx',#5,$,$,(#657),#659);
#2668= IFCRELDEFINESBYPROPERTIES('3xwQpPNQTB3B4QBHZCvjq2',#5,$,$,(#714),#717);
#2669= IFCRELDEFINESBYPROPERTIES('3Jshu_dnz1FBFH_eqmN6X0',#5,$,$,(#1312,#726),#743);
#2670= IFCRELDEFINESBYPROPERTIES('1WVGJDWlf9LPF$LyIHTenJ',#5,$,$,(#1335,#1297,#1153,#1110,#787),#790);
#2671= IFCRELDEFINESBYPROPERTIES('17RYd9msD8$wz9E_T1nEJ1',#5,$,$,(#837),#839);
#2672= IFCRELDEFINESBYPROPERTIES('2eYzrZcVnFzx4_Jy3wiczM',#5,$,$,(#1351,#1168,#1126,#847),#864);
#2673= IFCRELDEFINESBYPROPERTIES('3Vv_m_l3D5GvNqFYuduCbt',#5,$,$,(#913),#915);
#2674= IFCRELDEFINESBYPROPERTIES('2a$0BY2prAafokqAbrmD_F',#5,$,$,(#1265,#1056,#1006),#1009);
#2675= IFCRELDEFINESBYPROPERTIES('3aO8jJQ3122eCYOcjnpQ8e',#5,$,$,(#1265,#1056,#1006),#1011);
#2676= IFCRELDEFINESBYPROPERTIES('2VYq8IqFz7fRo2RAnR8LWq',#5,$,$,(#1265,#1056,#1006),#1013);
#2677= IFCRELDEFINESBYPROPERTIES('0JfC1hcrL6tfnJlwAp5QdK',#5,$,$,(#1439,#1065,#1031),#1049);
#2678= IFCRELDEFINESBYPROPERTIES('319tpLthPBvwapSfzjLw$f',#5,$,$,(#1074),#1076);
#2679= IFCRELDEFINESBYPROPERTIES('1jbuEuDBv7dwuVWi6QzQwU',#5,$,$,(#1118),#1120);
#2680= IFCRELDEFINESBYPROPERTIES('00qgj_doDCbfpdmzZMGr9f',#5,$,$,(#1144),#1146);
#2681= IFCRELDEFINESBYPROPERTIES('0UXYVjmtT7lRZAyZLpSlCr',#5,$,$,(#1160),#1162);
#2682= IFCRELDEFINESBYPROPERTIES('13Lhq4qQrBOPM1sM_8wsJN',#5,$,$,(#1390,#1213),#1230);
#2683= IFCRELDEFINESBYPROPERTIES('0t2WCspfD5uxvVzLkJ2iiw',#5,$,$,(#1411,#1241),#1258);
#2684= IFCRELDEFINESBYPROPERTIES('2c8EcQ3RHEmxS5bwLpObVr',#5,$,$,(#1268),#1270);
#2685= IFCRELDEFINESBYPROPERTIES('3Yo4opDVv2GhY$N$Rjniku',#5,$,$,(#1304),#1306);
#2686= IFCRELDEFINESBYPROPERTIES('2lKI9c1J97YOXQXalUf7qi',#5,$,$,(#1326),#1328);
#2687= IFCRELDEFINESBYPROPERTIES('2$5RxZq4L6ue3gdSU1xJw5',#5,$,$,(#1343),#1345);
#2688= IFCRELDEFINESBYPROPERTIES('2JiWQ0knH8WA0WKULaridQ',#5,$,$,(#1493),#1497);
#2689= IFCRELDEFINESBYPROPERTIES('2CZ9in7WP6HORxozI$kCan',#5,$,$,(#1493),#1499);
#2690= IFCRELDEFINESBYPROPERTIES('2Ut49N7JrEwxZ0bc9lsmWC',#5,$,$,(#1493),#1502);
#2691= IFCRELDEFINESBYPROPERTIES('2$jevXNm5AewAJrOp59wvK',#5,$,$,(#2565),#2569);
#2692= IFCRELDEFINESBYPROPERTIES('2xeXitYp9Ez9HPCxyOHvR2',#5,$,$,(#2579),#2597);
#2693= IFCRELDEFINESBYPROPERTIES('3DnbR$Nf9AeB2ozbVnbO3m',#5,$,$,(#2612),#2616);
#2694= IFCRELDEFINESBYPROPERTIES('22p_ngpp14kej7MS5GdBtd',#5,$,$,(#2612),#2619);
#2695= IFCRELDEFINESBYPROPERTIES('0235E1_Wv8rfUpl$NR9toL',#5,$,$,(#2612),#2620);
#2696= IFCRELASSOCIATESMATERIAL('315YcOc7505RPMpvE3Dykz',#5,$,$,(#1493,#1384,#1377,#1370,#1363,#1335,#1297,#1265,#1201,#1194,#1187,#1180,#1153,#1110,#1056,#1006,#923,#913,#787,#657,#528,#416,#204),#220);
#2697= IFCRELASSOCIATESMATERIAL('3Pqa4SCqD9oP2FHjMMTFKW',#5,$,$,(#2612,#2579,#1439,#1411,#1390,#1351,#1312,#1241,#1213,#1168,#1126,#1065,#1031,#929,#847,#726,#546,#291),#319);
ENDSEC;

END-ISO-10303-21;
