ISO-10303-21;
HEADER;
FILE_DESCRIPTION(('ViewDefinition[AISC_Steel_Detailing]', 'Option [BaseQuantities:Off]', 'Option [GridExport:On]', 'Option [Assemblies:On]', 'Option [Bolts:On]', 'Option [Rebars:On]', 'Option [PourObjects:Off]', 'Option [Welds:On]', 'Option [SurfaceTreatments:On]', 'Option [LocationBy:0]', 'Option [ViewColors:Off]', 'Option [SectionedSpine:Off]', 'Option [PropertySets:On]', 'Option [Export all:Off]'),'2;1');
FILE_NAME('col07.ifc','2026-04-07T17:01:41',('PC\\gcorrea'),('Structural Designer'),'IFC Database version: Work','Tekla Structures 2020 Service Pack 5, IFC Export Version: 4.0.0.0 Dec  7 2020','');
FILE_SCHEMA(('IFC2X3'));
ENDSEC;

DATA;
#1= IFCPERSON('PC\\gcorrea','Undefined',$,$,$,$,$,$);
#2= IFCORGANIZATION($,'Trimble Solutions Corporation',$,$,$);
#3= IFCPERSONANDORGANIZATION(#1,#2,$);
#4= IFCAPPLICATION(#2,'2020 Service Pack 5','Tekla Structures','Multi material modeling');
#5= IFCOWNERHISTORY(#3,#4,$,.NOCHANGE.,$,$,$,1775599301);
#6= IFCCARTESIANPOINT((0.,0.,0.));
#7= IFCDIRECTION((1.,0.,0.));
#8= IFCDIRECTION((0.,1.,0.));
#9= IFCDIRECTION((0.,0.,1.));
#10= IFCAXIS2PLACEMENT3D(#6,#9,#7);
#11= IFCGEOMETRICREPRESENTATIONCONTEXT($,'Model',3,1.E-05,#10,$);
#12= IFCGEOMETRICREPRESENTATIONSUBCONTEXT('Body','Model',*,*,*,*,#11,$,.MODEL_VIEW.,$);
#13= IFCGEOMETRICREPRESENTATIONSUBCONTEXT('Axis','Model',*,*,*,*,#11,$,.GRAPH_VIEW.,$);
#14= IFCGEOMETRICREPRESENTATIONSUBCONTEXT('FootPrint','Model',*,*,*,*,#11,$,.MODEL_VIEW.,$);
#15= IFCSIUNIT(*,.LENGTHUNIT.,.MILLI.,.METRE.);
#16= IFCMEASUREWITHUNIT(IFCRATIOMEASURE(304.8),#15);
#17= IFCDIMENSIONALEXPONENTS(1,0,0,0,0,0,0);
#18= IFCCONVERSIONBASEDUNIT(#17,.LENGTHUNIT.,'FOOT',#16);
#19= IFCSIUNIT(*,.AREAUNIT.,$,.SQUARE_METRE.);
#20= IFCMEASUREWITHUNIT(IFCRATIOMEASURE(0.09290304),#19);
#21= IFCDIMENSIONALEXPONENTS(2,0,0,0,0,0,0);
#22= IFCCONVERSIONBASEDUNIT(#21,.AREAUNIT.,'SQUARE FOOT',#20);
#23= IFCSIUNIT(*,.VOLUMEUNIT.,$,.CUBIC_METRE.);
#24= IFCMEASUREWITHUNIT(IFCRATIOMEASURE(0.028316846592),#23);
#25= IFCDIMENSIONALEXPONENTS(3,0,0,0,0,0,0);
#26= IFCCONVERSIONBASEDUNIT(#25,.VOLUMEUNIT.,'CUBIC FOOT',#24);
#27= IFCSIUNIT(*,.MASSUNIT.,.KILO.,.GRAM.);
#28= IFCSIUNIT(*,.TIMEUNIT.,$,.SECOND.);
#29= IFCSIUNIT(*,.PLANEANGLEUNIT.,$,.RADIAN.);
#30= IFCMEASUREWITHUNIT(IFCRATIOMEASURE(0.0174532925199433),#29);
#31= IFCDIMENSIONALEXPONENTS(0,0,0,0,0,0,0);
#32= IFCCONVERSIONBASEDUNIT(#31,.PLANEANGLEUNIT.,'DEGREE',#30);
#33= IFCSIUNIT(*,.SOLIDANGLEUNIT.,$,.STERADIAN.);
#34= IFCSIUNIT(*,.THERMODYNAMICTEMPERATUREUNIT.,$,.DEGREE_CELSIUS.);
#35= IFCSIUNIT(*,.LUMINOUSINTENSITYUNIT.,$,.LUMEN.);
#36= IFCUNITASSIGNMENT((#15,#19,#23,#27,#28,#29,#33,#34,#35));
#37= IFCPROJECT('2G7ZFDNE16yBDU14FA92Me',#5,'Proyecto',$,$,$,$,(#11),#36);
#38= IFCLOCALPLACEMENT($,#10);
#39= IFCSITE('2xvEzEinjBTea80yOTcujY',#5,'Obra',$,$,#38,$,$,.ELEMENT.,$,$,$,$,$);
#40= IFCLOCALPLACEMENT(#38,#10);
#41= IFCBUILDING('0rM1vIQ6XAgQPlIK8pIbAn',#5,'Undefined',$,$,#40,$,$,.ELEMENT.,$,$,$);
#42= IFCLOCALPLACEMENT(#40,#10);
#43= IFCBUILDINGSTOREY('29hdEUCErFze9E_VIAceOd',#5,'Undefined',$,$,#42,$,$,.ELEMENT.,0.);
#44= IFCOWNERHISTORY(#3,#4,$,.NOCHANGE.,$,$,$,1775498400);
#45= IFCLOCALPLACEMENT(#42,#10);
#46= IFCELEMENTASSEMBLY('0UF3O8UYTEGwAbgAVFruQJ',#44,'BEAM',$,$,#45,$,'B/1268',.NOTDEFINED.,.RIGID_FRAME.);
#47= IFCPROPERTYSINGLEVALUE('OnSiteBy',$,$,$);
#48= IFCPROPERTYSET('0ipRCcTh97BBXyhI9r$pIF',#5,'AISC_EM11_Pset_SchedulingInformation',$,(#47));
#49= IFCPROPERTYSINGLEVALUE('DrawingNumber',$,IFCIDENTIFIER(''),$);
#50= IFCPROPERTYSET('1rOh1FNab5YgdQ32HRvnsU',#5,'AISC_EM11_Pset_DrawingNumber',$,(#49));
#51= IFCPROPERTYSINGLEVALUE('AssemblyMark',$,IFCIDENTIFIER('B/1268'),$);
#52= IFCPROPERTYSINGLEVALUE('PrelimMark',$,$,$);
#53= IFCPROPERTYSINGLEVALUE('ShippingMark',$,IFCINTEGER(0),$);
#54= IFCPROPERTYSET('3kfgDsIWnD$BBxTncE_fK$',#5,'AISC_EM11_Pset_AssemblyIdentification','AssemblyIdentity',(#51,#52,#53));
#55= IFCCARTESIANPOINT((82062.9257404047,8119.29341806647,27760.));
#56= IFCDIRECTION((0.000467666999829817,-0.999999890643783,0.));
#57= IFCDIRECTION((0.999999890643783,0.000467666999833569,0.));
#58= IFCAXIS2PLACEMENT3D(#55,#56,#57);
#59= IFCLOCALPLACEMENT(#45,#58);
#60= IFCCARTESIANPOINT((17.3205080757,0.));
#61= IFCCARTESIANPOINT((8.66025403785,15.0000000000021));
#62= IFCCARTESIANPOINT((-8.66025403785,15.0000000000021));
#63= IFCCARTESIANPOINT((-17.3205080757,0.));
#64= IFCCARTESIANPOINT((-8.66025403785,-15.0000000000021));
#65= IFCCARTESIANPOINT((8.66025403785,-15.0000000000021));
#66= IFCPOLYLINE((#60,#61,#62,#63,#64,#65,#60));
#67= IFCARBITRARYCLOSEDPROFILEDEF(.AREA.,$,#66);
#68= IFCCARTESIANPOINT((0.,-32.2,0.));
#69= IFCAXIS2PLACEMENT3D(#68,#8,#7);
#70= IFCEXTRUDEDAREASOLID(#67,#69,#9,13.2);
#71= IFCDIRECTION((1.,0.));
#72= IFCCARTESIANPOINT((0.,0.));
#73= IFCAXIS2PLACEMENT2D(#72,#71);
#74= IFCCIRCLEPROFILEDEF(.AREA.,$,#73,10.);
#75= IFCCARTESIANPOINT((0.,-19.,0.));
#76= IFCAXIS2PLACEMENT3D(#75,#8,#7);
#77= IFCEXTRUDEDAREASOLID(#74,#76,#9,60.);
#78= IFCCIRCLEPROFILEDEF(.AREA.,$,#73,18.);
#79= IFCCARTESIANPOINT((0.,7.20000075999996,0.));
#80= IFCAXIS2PLACEMENT3D(#79,#8,#7);
#81= IFCEXTRUDEDAREASOLID(#78,#80,#9,8.);
#82= IFCCARTESIANPOINT((0.,15.20000076,0.));
#83= IFCAXIS2PLACEMENT3D(#82,#8,#7);
#84= IFCEXTRUDEDAREASOLID(#67,#83,#9,16.);
#85= IFCCARTESIANPOINT((3.63797880709171E-10,0.,-50.00000000004));
#86= IFCCARTESIANTRANSFORMATIONOPERATOR3D($,$,#85,$,$);
#87= IFCSHAPEREPRESENTATION(#12,'Body','SweptSolid',(#70,#77,#81,#84));
#88= IFCREPRESENTATIONMAP(#10,#87);
#89= IFCMAPPEDITEM(#88,#86);
#90= IFCCARTESIANPOINT((70.0000000001601,0.,-49.9999999990205));
#91= IFCCARTESIANTRANSFORMATIONOPERATOR3D($,$,#90,$,$);
#92= IFCMAPPEDITEM(#88,#91);
#93= IFCCARTESIANPOINT((139.999999999971,0.,-49.9999999980018));
#94= IFCCARTESIANTRANSFORMATIONOPERATOR3D($,$,#93,$,$);
#95= IFCMAPPEDITEM(#88,#94);
#96= IFCCARTESIANPOINT((209.999999999767,0.,-49.9999999969841));
#97= IFCCARTESIANTRANSFORMATIONOPERATOR3D($,$,#96,$,$);
#98= IFCMAPPEDITEM(#88,#97);
#99= IFCCARTESIANPOINT((279.999999999563,0.,-49.9999999959655));
#100= IFCCARTESIANTRANSFORMATIONOPERATOR3D($,$,#99,$,$);
#101= IFCMAPPEDITEM(#88,#100);
#102= IFCCARTESIANPOINT((349.99999999936,0.,-49.9999999949468));
#103= IFCCARTESIANTRANSFORMATIONOPERATOR3D($,$,#102,$,$);
#104= IFCMAPPEDITEM(#88,#103);
#105= IFCCARTESIANPOINT((419.999999999156,0.,-49.9999999939282));
#106= IFCCARTESIANTRANSFORMATIONOPERATOR3D($,$,#105,$,$);
#107= IFCMAPPEDITEM(#88,#106);
#108= IFCCARTESIANPOINT((-3.63797880709171E-10,0.,50.0000000000391));
#109= IFCCARTESIANTRANSFORMATIONOPERATOR3D($,$,#108,$,$);
#110= IFCMAPPEDITEM(#88,#109);
#111= IFCCARTESIANPOINT((69.9999999994325,0.,50.0000000010577));
#112= IFCCARTESIANTRANSFORMATIONOPERATOR3D($,$,#111,$,$);
#113= IFCMAPPEDITEM(#88,#112);
#114= IFCCARTESIANPOINT((139.999999999229,0.,50.0000000020764));
#115= IFCCARTESIANTRANSFORMATIONOPERATOR3D($,$,#114,$,$);
#116= IFCMAPPEDITEM(#88,#115);
#117= IFCCARTESIANPOINT((209.99999999904,0.,50.0000000030941));
#118= IFCCARTESIANTRANSFORMATIONOPERATOR3D($,$,#117,$,$);
#119= IFCMAPPEDITEM(#88,#118);
#120= IFCCARTESIANPOINT((279.999999998836,0.,50.0000000041127));
#121= IFCCARTESIANTRANSFORMATIONOPERATOR3D($,$,#120,$,$);
#122= IFCMAPPEDITEM(#88,#121);
#123= IFCCARTESIANPOINT((349.999999998647,0.,50.0000000051323));
#124= IFCCARTESIANTRANSFORMATIONOPERATOR3D($,$,#123,$,$);
#125= IFCMAPPEDITEM(#88,#124);
#126= IFCCARTESIANPOINT((419.999999998443,0.,50.0000000061509));
#127= IFCCARTESIANTRANSFORMATIONOPERATOR3D($,$,#126,$,$);
#128= IFCMAPPEDITEM(#88,#127);
#129= IFCSHAPEREPRESENTATION(#12,'Body','MappedRepresentation',(#89,#92,#95,#98,#101,#104,#107,#110,#113,#116,#119,#122,#125,#128));
#130= IFCCARTESIANPOINT((0.,60.,0.));
#131= IFCPOLYLINE((#68,#130));
#132= IFCSHAPEREPRESENTATION(#12,'Axis','GeometricCurveSet',(#131));
#133= IFCREPRESENTATIONMAP(#10,#132);
#134= IFCMAPPEDITEM(#133,#86);
#135= IFCMAPPEDITEM(#133,#91);
#136= IFCMAPPEDITEM(#133,#94);
#137= IFCMAPPEDITEM(#133,#97);
#138= IFCMAPPEDITEM(#133,#100);
#139= IFCMAPPEDITEM(#133,#103);
#140= IFCMAPPEDITEM(#133,#106);
#141= IFCMAPPEDITEM(#133,#109);
#142= IFCMAPPEDITEM(#133,#112);
#143= IFCMAPPEDITEM(#133,#115);
#144= IFCMAPPEDITEM(#133,#118);
#145= IFCMAPPEDITEM(#133,#121);
#146= IFCMAPPEDITEM(#133,#124);
#147= IFCMAPPEDITEM(#133,#127);
#148= IFCSHAPEREPRESENTATION(#12,'Axis','MappedRepresentation',(#134,#135,#136,#137,#138,#139,#140,#141,#142,#143,#144,#145,#146,#147));
#149= IFCPRODUCTDEFINITIONSHAPE($,$,(#129,#148));
#150= IFCMECHANICALFASTENER('2GHrCwG8jAnBDAFK7kbRau',#44,'Bolt assembly',$,$,#59,#149,'ID9047533a-408b-4ac4-b34a-3d41ee95b938',20.,60.);
#151= IFCPROPERTYSINGLEVALUE('BoltFieldAssembled',$,IFCBOOLEAN(.F.),$);
#152= IFCPROPERTYSINGLEVALUE('BoltGrade',$,IFCIDENTIFIER('5.6'),$);
#153= IFCPROPERTYSINGLEVALUE('BoltDiameter',$,IFCPOSITIVELENGTHMEASURE(20.),$);
#154= IFCPROPERTYSINGLEVALUE('BoltLength',$,IFCPOSITIVELENGTHMEASURE(60.),$);
#155= IFCPROPERTYSINGLEVALUE('BoltStandard',$,IFCIDENTIFIER('7990'),$);
#156= IFCPROPERTYSINGLEVALUE('BoltType',$,IFCIDENTIFIER('7990'),$);
#157= IFCPROPERTYSET('2rUlvi1p543A0hOLBpKgx4',#5,'AISC_EM11_Pset_Bolt','BoltIdentity',(#151,#152,#153,#154,#155,#156));
#158= IFCPROPERTYSINGLEVALUE('NutSize',$,IFCPOSITIVELENGTHMEASURE(20.),$);
#159= IFCPROPERTYSINGLEVALUE('NutStandard',$,IFCIDENTIFIER('555'),$);
#160= IFCPROPERTYSET('2ilET34Wb6EfNXLFlIR4LZ',#5,'AISC_EM11_Pset_Nut','NutIdentity',(#158,#159));
#161= IFCPROPERTYSINGLEVALUE('WasherThickness',$,IFCPOSITIVELENGTHMEASURE(8.),$);
#162= IFCPROPERTYSINGLEVALUE('WasherSize',$,IFCPOSITIVELENGTHMEASURE(20.),$);
#163= IFCPROPERTYSINGLEVALUE('WasherStandard',$,IFCIDENTIFIER('7989'),$);
#164= IFCPROPERTYSINGLEVALUE('HeadSideWashers',$,IFCBOOLEAN(.F.),$);
#165= IFCPROPERTYSET('3XigDdh9jEQQpl$4EC72co',#5,'AISC_EM11_Pset_Washer','WasherIdentity',(#161,#162,#163,#164));
#166= IFCMATERIAL('Undefined');
#167= IFCLOCALPLACEMENT(#42,#10);
#168= IFCELEMENTASSEMBLY('3hV7t_CA1BC9SCkma25GP9',#44,'BEAM',$,$,#167,$,'B/1267',.NOTDEFINED.,.RIGID_FRAME.);
#169= IFCPROPERTYSINGLEVALUE('AssemblyMark',$,IFCIDENTIFIER('B/1267'),$);
#170= IFCPROPERTYSET('3Hrmx8v$nD_OI10k99mUvB',#5,'AISC_EM11_Pset_AssemblyIdentification','AssemblyIdentity',(#169,#52,#53));
#171= IFCCARTESIANPOINT((81116.8628380508,8119.90798878376,27760.));
#172= IFCAXIS2PLACEMENT3D(#171,#56,#57);
#173= IFCLOCALPLACEMENT(#167,#172);
#174= IFCSHAPEREPRESENTATION(#12,'Body','MappedRepresentation',(#89,#92,#95,#98,#101,#104,#107,#110,#113,#116,#119,#122,#125,#128));
#175= IFCSHAPEREPRESENTATION(#12,'Axis','MappedRepresentation',(#134,#135,#136,#137,#138,#139,#140,#141,#142,#143,#144,#145,#146,#147));
#176= IFCPRODUCTDEFINITIONSHAPE($,$,(#174,#175));
#177= IFCMECHANICALFASTENER('1q_uQap_b21uycnWZHem38',#44,'Bolt assembly',$,$,#173,#176,'ID74fb86a4-cfe9-4207-8f26-c608d1a300c8',20.,60.);
#178= IFCCARTESIANPOINT((82022.9608154297,8118.98632321747,28250.));
#179= IFCDIRECTION((0.,0.,-1.));
#180= IFCAXIS2PLACEMENT3D(#178,#7,#179);
#181= IFCLOCALPLACEMENT(#45,#180);
#182= IFCCARTESIANPOINT((0.,-27.8999998094998,0.));
#183= IFCAXIS2PLACEMENT3D(#182,#8,#7);
#184= IFCEXTRUDEDAREASOLID(#67,#183,#9,13.2);
#185= IFCCARTESIANPOINT((0.,-14.6999998094998,0.));
#186= IFCAXIS2PLACEMENT3D(#185,#8,#7);
#187= IFCEXTRUDEDAREASOLID(#74,#186,#9,50.);
#188= IFCCARTESIANPOINT((0.,6.76993465376292,0.));
#189= IFCAXIS2PLACEMENT3D(#188,#8,#7);
#190= IFCEXTRUDEDAREASOLID(#78,#189,#9,8.);
#191= IFCCARTESIANPOINT((0.,14.7699346537629,0.));
#192= IFCAXIS2PLACEMENT3D(#191,#8,#7);
#193= IFCEXTRUDEDAREASOLID(#67,#192,#9,16.);
#194= IFCCARTESIANPOINT((85.,0.,40.));
#195= IFCCARTESIANTRANSFORMATIONOPERATOR3D($,$,#194,$,$);
#196= IFCSHAPEREPRESENTATION(#12,'Body','SweptSolid',(#184,#187,#190,#193));
#197= IFCREPRESENTATIONMAP(#10,#196);
#198= IFCMAPPEDITEM(#197,#195);
#199= IFCCARTESIANPOINT((155.,0.,40.));
#200= IFCCARTESIANTRANSFORMATIONOPERATOR3D($,$,#199,$,$);
#201= IFCMAPPEDITEM(#197,#200);
#202= IFCCARTESIANPOINT((225.,0.,40.));
#203= IFCCARTESIANTRANSFORMATIONOPERATOR3D($,$,#202,$,$);
#204= IFCMAPPEDITEM(#197,#203);
#205= IFCCARTESIANPOINT((295.,0.,40.));
#206= IFCCARTESIANTRANSFORMATIONOPERATOR3D($,$,#205,$,$);
#207= IFCMAPPEDITEM(#197,#206);
#208= IFCCARTESIANPOINT((365.,0.,40.));
#209= IFCCARTESIANTRANSFORMATIONOPERATOR3D($,$,#208,$,$);
#210= IFCMAPPEDITEM(#197,#209);
#211= IFCSHAPEREPRESENTATION(#12,'Body','MappedRepresentation',(#198,#201,#204,#207,#210));
#212= IFCCARTESIANPOINT((0.,50.,0.));
#213= IFCPOLYLINE((#182,#212));
#214= IFCSHAPEREPRESENTATION(#12,'Axis','GeometricCurveSet',(#213));
#215= IFCREPRESENTATIONMAP(#10,#214);
#216= IFCMAPPEDITEM(#215,#195);
#217= IFCMAPPEDITEM(#215,#200);
#218= IFCMAPPEDITEM(#215,#203);
#219= IFCMAPPEDITEM(#215,#206);
#220= IFCMAPPEDITEM(#215,#209);
#221= IFCSHAPEREPRESENTATION(#12,'Axis','MappedRepresentation',(#216,#217,#218,#219,#220));
#222= IFCPRODUCTDEFINITIONSHAPE($,$,(#211,#221));
#223= IFCMECHANICALFASTENER('1XJBfFqdTCOBp28ct$udwR',#44,'Bolt assembly',$,$,#181,#222,'ID614cba4f-d277-4c60-bcc2-226dffe27e9b',20.,50.);
#224= IFCPROPERTYSINGLEVALUE('BoltLength',$,IFCPOSITIVELENGTHMEASURE(50.),$);
#225= IFCPROPERTYSINGLEVALUE('BoltStandard',$,IFCIDENTIFIER('7968'),$);
#226= IFCPROPERTYSINGLEVALUE('BoltType',$,IFCIDENTIFIER('7968'),$);
#227= IFCPROPERTYSET('0y6$At8uD1Z9l1l3_r1XX4',#5,'AISC_EM11_Pset_Bolt','BoltIdentity',(#151,#152,#153,#224,#225,#226));
#228= IFCCARTESIANPOINT((81577.0596282381,8120.10237323393,28250.));
#229= IFCDIRECTION((-1.,0.,0.));
#230= IFCAXIS2PLACEMENT3D(#228,#229,#179);
#231= IFCLOCALPLACEMENT(#167,#230);
#232= IFCCARTESIANPOINT((0.,-18.8539419297342,0.));
#233= IFCAXIS2PLACEMENT3D(#232,#8,#7);
#234= IFCEXTRUDEDAREASOLID(#67,#233,#9,13.2);
#235= IFCCARTESIANPOINT((0.,-5.65394192973417,0.));
#236= IFCAXIS2PLACEMENT3D(#235,#8,#7);
#237= IFCEXTRUDEDAREASOLID(#74,#236,#9,50.);
#238= IFCCARTESIANPOINT((0.,14.7000002773402,0.));
#239= IFCAXIS2PLACEMENT3D(#238,#8,#7);
#240= IFCEXTRUDEDAREASOLID(#78,#239,#9,8.);
#241= IFCCARTESIANPOINT((0.,22.7000002773402,0.));
#242= IFCAXIS2PLACEMENT3D(#241,#8,#7);
#243= IFCEXTRUDEDAREASOLID(#67,#242,#9,16.);
#244= IFCSHAPEREPRESENTATION(#12,'Body','SweptSolid',(#234,#237,#240,#243));
#245= IFCREPRESENTATIONMAP(#10,#244);
#246= IFCMAPPEDITEM(#245,#195);
#247= IFCMAPPEDITEM(#245,#200);
#248= IFCMAPPEDITEM(#245,#203);
#249= IFCMAPPEDITEM(#245,#206);
#250= IFCMAPPEDITEM(#245,#209);
#251= IFCSHAPEREPRESENTATION(#12,'Body','MappedRepresentation',(#246,#247,#248,#249,#250));
#252= IFCPOLYLINE((#232,#212));
#253= IFCSHAPEREPRESENTATION(#12,'Axis','GeometricCurveSet',(#252));
#254= IFCREPRESENTATIONMAP(#10,#253);
#255= IFCMAPPEDITEM(#254,#195);
#256= IFCMAPPEDITEM(#254,#200);
#257= IFCMAPPEDITEM(#254,#203);
#258= IFCMAPPEDITEM(#254,#206);
#259= IFCMAPPEDITEM(#254,#209);
#260= IFCSHAPEREPRESENTATION(#12,'Axis','MappedRepresentation',(#255,#256,#257,#258,#259));
#261= IFCPRODUCTDEFINITIONSHAPE($,$,(#251,#260));
#262= IFCMECHANICALFASTENER('1OmptAByv3x9cUn4__1K7I',#44,'Bolt assembly',$,$,#231,#261,'ID58c33dca-2fce-43ec-999e-c44fbe0541d2',20.,50.);
#263= IFCCARTESIANPOINT((82062.9257404047,8119.29341806647,28300.));
#264= IFCDIRECTION((-0.000467666999829816,0.999999890643783,0.));
#265= IFCAXIS2PLACEMENT3D(#263,#264,#57);
#266= IFCLOCALPLACEMENT(#45,#265);
#267= IFCEXTRUDEDAREASOLID(#74,#76,#9,70.);
#268= IFCCARTESIANPOINT((0.,17.20000076,0.));
#269= IFCAXIS2PLACEMENT3D(#268,#8,#7);
#270= IFCEXTRUDEDAREASOLID(#78,#269,#9,8.);
#271= IFCCARTESIANPOINT((0.,25.20000076,0.));
#272= IFCAXIS2PLACEMENT3D(#271,#8,#7);
#273= IFCEXTRUDEDAREASOLID(#67,#272,#9,16.);
#274= IFCSHAPEREPRESENTATION(#12,'Body','SweptSolid',(#70,#267,#270,#273));
#275= IFCREPRESENTATIONMAP(#10,#274);
#276= IFCMAPPEDITEM(#275,#86);
#277= IFCMAPPEDITEM(#275,#91);
#278= IFCMAPPEDITEM(#275,#94);
#279= IFCMAPPEDITEM(#275,#97);
#280= IFCMAPPEDITEM(#275,#100);
#281= IFCMAPPEDITEM(#275,#103);
#282= IFCMAPPEDITEM(#275,#106);
#283= IFCMAPPEDITEM(#275,#109);
#284= IFCMAPPEDITEM(#275,#112);
#285= IFCMAPPEDITEM(#275,#115);
#286= IFCMAPPEDITEM(#275,#118);
#287= IFCMAPPEDITEM(#275,#121);
#288= IFCMAPPEDITEM(#275,#124);
#289= IFCMAPPEDITEM(#275,#127);
#290= IFCSHAPEREPRESENTATION(#12,'Body','MappedRepresentation',(#276,#277,#278,#279,#280,#281,#282,#283,#284,#285,#286,#287,#288,#289));
#291= IFCCARTESIANPOINT((0.,70.,0.));
#292= IFCPOLYLINE((#68,#291));
#293= IFCSHAPEREPRESENTATION(#12,'Axis','GeometricCurveSet',(#292));
#294= IFCREPRESENTATIONMAP(#10,#293);
#295= IFCMAPPEDITEM(#294,#86);
#296= IFCMAPPEDITEM(#294,#91);
#297= IFCMAPPEDITEM(#294,#94);
#298= IFCMAPPEDITEM(#294,#97);
#299= IFCMAPPEDITEM(#294,#100);
#300= IFCMAPPEDITEM(#294,#103);
#301= IFCMAPPEDITEM(#294,#106);
#302= IFCMAPPEDITEM(#294,#109);
#303= IFCMAPPEDITEM(#294,#112);
#304= IFCMAPPEDITEM(#294,#115);
#305= IFCMAPPEDITEM(#294,#118);
#306= IFCMAPPEDITEM(#294,#121);
#307= IFCMAPPEDITEM(#294,#124);
#308= IFCMAPPEDITEM(#294,#127);
#309= IFCSHAPEREPRESENTATION(#12,'Axis','MappedRepresentation',(#295,#296,#297,#298,#299,#300,#301,#302,#303,#304,#305,#306,#307,#308));
#310= IFCPRODUCTDEFINITIONSHAPE($,$,(#290,#309));
#311= IFCMECHANICALFASTENER('0cdlCTtUD6vRby6ZBOheQg',#44,'Bolt assembly',$,$,#266,#310,'ID269ef31d-dde3-46e5-b97c-1a32d8ae86aa',20.,70.);
#312= IFCPROPERTYSINGLEVALUE('BoltLength',$,IFCPOSITIVELENGTHMEASURE(70.),$);
#313= IFCPROPERTYSET('3eazQllnT5NPiT33MJnzIU',#5,'AISC_EM11_Pset_Bolt','BoltIdentity',(#151,#152,#153,#312,#155,#156));
#314= IFCCARTESIANPOINT((81116.8628380508,8119.90798878376,28300.));
#315= IFCAXIS2PLACEMENT3D(#314,#264,#57);
#316= IFCLOCALPLACEMENT(#167,#315);
#317= IFCSHAPEREPRESENTATION(#12,'Body','MappedRepresentation',(#276,#277,#278,#279,#280,#281,#282,#283,#284,#285,#286,#287,#288,#289));
#318= IFCSHAPEREPRESENTATION(#12,'Axis','MappedRepresentation',(#295,#296,#297,#298,#299,#300,#301,#302,#303,#304,#305,#306,#307,#308));
#319= IFCPRODUCTDEFINITIONSHAPE($,$,(#317,#318));
#320= IFCMECHANICALFASTENER('1Ma$jHDzv1KR1lnMLXE$1y',#44,'Bolt assembly',$,$,#316,#319,'ID5693fb51-37de-4151-b06f-c565613bf07c',20.,70.);
#321= IFCOWNERHISTORY(#3,#4,$,.NOCHANGE.,$,$,$,1775505600);
#322= IFCLOCALPLACEMENT(#42,#10);
#323= IFCELEMENTASSEMBLY('0lhpp0oEf7lPUyzRaOeUDz',#321,'COLUMN',$,$,#322,$,'C/7',.NOTDEFINED.,.RIGID_FRAME.);
#324= IFCPROPERTYSINGLEVALUE('DrawingNumber',$,IFCIDENTIFIER('[C.7]'),$);
#325= IFCPROPERTYSET('0Hl62cN5XEVBFqe4$B4ZyV',#5,'AISC_EM11_Pset_DrawingNumber',$,(#324));
#326= IFCPROPERTYSINGLEVALUE('AssemblyMark',$,IFCIDENTIFIER('C/7'),$);
#327= IFCPROPERTYSET('1Z_XjmgSP3dANukACZzHgz',#5,'AISC_EM11_Pset_AssemblyIdentification','AssemblyIdentity',(#326,#52,#53));
#328= IFCCARTESIANPOINT((82002.961,8114.286,28025.));
#329= IFCAXIS2PLACEMENT3D(#328,#7,#179);
#330= IFCLOCALPLACEMENT(#322,#329);
#331= IFCCARTESIANPOINT((-180.,0.,6.78170852454787));
#332= IFCCARTESIANPOINT((-180.,0.,0.));
#333= IFCCARTESIANPOINT((180.,0.,0.));
#334= IFCCARTESIANPOINT((180.,0.,6.78170852454787));
#335= IFCPOLYLOOP((#331,#332,#333,#334));
#336= IFCFACEOUTERBOUND(#335,.T.);
#337= IFCFACE((#336));
#338= IFCCARTESIANPOINT((-180.,6.75590207615733,0.591064843552886));
#339= IFCCARTESIANPOINT((180.,6.75590207615733,0.591064843552886));
#340= IFCPOLYLOOP((#332,#338,#339,#333));
#341= IFCFACEOUTERBOUND(#340,.T.);
#342= IFCFACE((#341));
#343= IFCPOLYLOOP((#338,#331,#334,#339));
#344= IFCFACEOUTERBOUND(#343,.T.);
#345= IFCFACE((#344));
#346= IFCPOLYLOOP((#339,#334,#333));
#347= IFCFACEOUTERBOUND(#346,.T.);
#348= IFCFACE((#347));
#349= IFCPOLYLOOP((#338,#332,#331));
#350= IFCFACEOUTERBOUND(#349,.T.);
#351= IFCFACE((#350));
#352= IFCCARTESIANPOINT((180.,-10.,7.40093616461672));
#353= IFCCARTESIANPOINT((180.,-10.,0.));
#354= IFCCARTESIANPOINT((-180.,-10.,0.));
#355= IFCCARTESIANPOINT((-180.,-10.,7.40093616461672));
#356= IFCPOLYLOOP((#352,#353,#354,#355));
#357= IFCFACEOUTERBOUND(#356,.T.);
#358= IFCFACE((#357));
#359= IFCCARTESIANPOINT((180.,-17.3727733681008,-0.645034088447574));
#360= IFCCARTESIANPOINT((-180.,-17.3727733681008,-0.645034088447574));
#361= IFCPOLYLOOP((#353,#359,#360,#354));
#362= IFCFACEOUTERBOUND(#361,.T.);
#363= IFCFACE((#362));
#364= IFCPOLYLOOP((#359,#352,#355,#360));
#365= IFCFACEOUTERBOUND(#364,.T.);
#366= IFCFACE((#365));
#367= IFCPOLYLOOP((#360,#355,#354));
#368= IFCFACEOUTERBOUND(#367,.T.);
#369= IFCFACE((#368));
#370= IFCPOLYLOOP((#359,#353,#352));
#371= IFCFACEOUTERBOUND(#370,.T.);
#372= IFCFACE((#371));
#373= IFCCLOSEDSHELL((#337,#342,#345,#348,#351,#358,#363,#366,#369,#372));
#374= IFCFACETEDBREP(#373);
#375= IFCSHAPEREPRESENTATION(#12,'Body','Brep',(#374));
#376= IFCPOLYLINE((#332,#333));
#377= IFCCARTESIANPOINT((180.,0.,10.));
#378= IFCCARTESIANPOINT((-180.,0.,10.));
#379= IFCPOLYLINE((#377,#378));
#380= IFCSHAPEREPRESENTATION(#13,'Axis','GeometricCurveSet',(#376,#379));
#381= IFCPRODUCTDEFINITIONSHAPE($,$,(#375,#380));
#382= IFCFASTENER('2NLLbeHXH2MhyiMlDQclXB',#44,'Weld',$,$,#330,#381,'ID97555968-4614-425a-bf2c-5af35a9af84b');
#383= IFCPROPERTYSINGLEVALUE('FieldWeld',$,IFCBOOLEAN(.F.),$);
#384= IFCPROPERTYSINGLEVALUE('WeldDescription',$,$,$);
#385= IFCPROPERTYSINGLEVALUE('WeldCategory',$,IFCLABEL('Ninguno'),$);
#386= IFCPROPERTYSINGLEVALUE('WPSCode',$,IFCIDENTIFIER('Ninguno'),$);
#387= IFCPROPERTYSINGLEVALUE('WeldID',$,IFCINTEGER(94568781),$);
#388= IFCPROPERTYSINGLEVALUE('z',$,IFCPOSITIVELENGTHMEASURE(5.),$);
#389= IFCPROPERTYSINGLEVALUE('s',$,IFCPOSITIVELENGTHMEASURE(0.),$);
#390= IFCPROPERTYSINGLEVALUE('n',$,$,$);
#391= IFCPROPERTYSINGLEVALUE('l',$,IFCPOSITIVELENGTHMEASURE(360.),$);
#392= IFCPROPERTYSINGLEVALUE('e',$,IFCPOSITIVELENGTHMEASURE(0.),$);
#393= IFCPROPERTYSINGLEVALUE('d',$,IFCPOSITIVELENGTHMEASURE(5.),$);
#394= IFCPROPERTYSINGLEVALUE('c',$,IFCPOSITIVELENGTHMEASURE(5.),$);
#395= IFCPROPERTYSINGLEVALUE('a',$,IFCPOSITIVELENGTHMEASURE(0.),$);
#396= IFCPROPERTYSINGLEVALUE('Staggered',$,IFCBOOLEAN(.F.),$);
#397= IFCPROPERTYSINGLEVALUE('Intermittent',$,IFCBOOLEAN(.F.),$);
#398= IFCPROPERTYSINGLEVALUE('WeldType1',$,IFCLABEL('SOLDADURA'),$);
#399= IFCPROPERTYSET('3rTN4EYwnDVvnGTwE6ttB8',#5,'AISC_EM11_Pset_Weld','WeldIdentity',(#383,#384,#385,#386,#387,#388,#389,#390,#391,#392,#393,#394,#395,#396,#397,#398));
#400= IFCCARTESIANPOINT((81597.058,8105.402,28025.));
#401= IFCAXIS2PLACEMENT3D(#400,#229,#179);
#402= IFCLOCALPLACEMENT(#322,#401);
#403= IFCCARTESIANPOINT((-180.,0.,7.40093616461672));
#404= IFCCARTESIANPOINT((180.,0.,7.40093616461672));
#405= IFCPOLYLOOP((#403,#332,#333,#404));
#406= IFCFACEOUTERBOUND(#405,.T.);
#407= IFCFACE((#406));
#408= IFCCARTESIANPOINT((-180.,7.37277336810075,-0.645034088447574));
#409= IFCCARTESIANPOINT((180.,7.37277336810075,-0.645034088447574));
#410= IFCPOLYLOOP((#332,#408,#409,#333));
#411= IFCFACEOUTERBOUND(#410,.T.);
#412= IFCFACE((#411));
#413= IFCPOLYLOOP((#408,#403,#404,#409));
#414= IFCFACEOUTERBOUND(#413,.T.);
#415= IFCFACE((#414));
#416= IFCPOLYLOOP((#409,#404,#333));
#417= IFCFACEOUTERBOUND(#416,.T.);
#418= IFCFACE((#417));
#419= IFCPOLYLOOP((#408,#332,#403));
#420= IFCFACEOUTERBOUND(#419,.T.);
#421= IFCFACE((#420));
#422= IFCCARTESIANPOINT((180.,-10.,6.78170852454787));
#423= IFCCARTESIANPOINT((-180.,-10.,6.78170852454787));
#424= IFCPOLYLOOP((#422,#353,#354,#423));
#425= IFCFACEOUTERBOUND(#424,.T.);
#426= IFCFACE((#425));
#427= IFCCARTESIANPOINT((180.,-16.7559020761573,0.591064843552886));
#428= IFCCARTESIANPOINT((-180.,-16.7559020761573,0.591064843552886));
#429= IFCPOLYLOOP((#353,#427,#428,#354));
#430= IFCFACEOUTERBOUND(#429,.T.);
#431= IFCFACE((#430));
#432= IFCPOLYLOOP((#427,#422,#423,#428));
#433= IFCFACEOUTERBOUND(#432,.T.);
#434= IFCFACE((#433));
#435= IFCPOLYLOOP((#428,#423,#354));
#436= IFCFACEOUTERBOUND(#435,.T.);
#437= IFCFACE((#436));
#438= IFCPOLYLOOP((#427,#353,#422));
#439= IFCFACEOUTERBOUND(#438,.T.);
#440= IFCFACE((#439));
#441= IFCCLOSEDSHELL((#407,#412,#415,#418,#421,#426,#431,#434,#437,#440));
#442= IFCFACETEDBREP(#441);
#443= IFCSHAPEREPRESENTATION(#12,'Body','Brep',(#442));
#444= IFCSHAPEREPRESENTATION(#13,'Axis','GeometricCurveSet',(#376,#379));
#445= IFCPRODUCTDEFINITIONSHAPE($,$,(#443,#444));
#446= IFCFASTENER('0uF0Ga5mr00fLhBbB$tTUR',#44,'Weld',$,$,#402,#445,'ID383c0424-170d-4002-956b-2e52ffddd79b');
#447= IFCPROPERTYSINGLEVALUE('WeldID',$,IFCINTEGER(94568688),$);
#448= IFCPROPERTYSET('3l_150C7D7jBmkPlxGFf$8',#5,'AISC_EM11_Pset_Weld','WeldIdentity',(#383,#384,#385,#386,#447,#388,#389,#390,#391,#392,#393,#394,#395,#396,#397,#398));
#449= IFCCARTESIANPOINT((81076.9213587526,8219.87294112314,27750.5));
#450= IFCDIRECTION((0.,-1.,0.));
#451= IFCAXIS2PLACEMENT3D(#449,#9,#450);
#452= IFCLOCALPLACEMENT(#322,#451);
#453= IFCCARTESIANPOINT((200.,0.));
#454= IFCCARTESIANPOINT((328.886627197266,723.26904296875));
#455= IFCCARTESIANPOINT((200.863876342773,1446.0537109375));
#456= IFCCARTESIANPOINT((0.886617660522461,1446.03942871094));
#457= IFCCARTESIANPOINT((-127.113380432129,723.039428710938));
#458= IFCPOLYLINE((#72,#453,#454,#455,#456,#457,#72));
#459= IFCARBITRARYCLOSEDPROFILEDEF(.AREA.,'PL19*450',#458);
#460= IFCCARTESIANPOINT((0.,0.,-9.5));
#461= IFCAXIS2PLACEMENT3D(#460,#9,#7);
#462= IFCEXTRUDEDAREASOLID(#459,#461,#9,19.);
#463= IFCSHAPEREPRESENTATION(#12,'Body','SweptSolid',(#462));
#464= IFCPRODUCTDEFINITIONSHAPE($,$,(#463));
#465= IFCDISCRETEACCESSORY('3KmYvQXY5AdRVx70mUx0VX',#44,'Steel plate',$,$,#452,#464,'1048');
#466= IFCLOCALPLACEMENT(#322,#451);
#467= IFCCIRCLEPROFILEDEF(.AREA.,'\S\X412*25',#73,206.);
#468= IFCCARTESIANPOINT((100.886617905666,723.039456677114,-1090.5));
#469= IFCAXIS2PLACEMENT3D(#468,#9,#8);
#470= IFCEXTRUDEDAREASOLID(#467,#469,#9,3000.);
#471= IFCSHAPEREPRESENTATION(#12,'Body','SweptSolid',(#470));
#472= IFCPRODUCTDEFINITIONSHAPE($,$,(#471));
#473= IFCOPENINGELEMENT('09jELbsF19YgMB1QbRBD66',#5,$,$,'Recess',#466,#472,$);
#474= IFCRELVOIDSELEMENT('29OFbcovbAM8PeSWCRjxcz',#5,$,$,#465,#473);
#475= IFCPROPERTYSINGLEVALUE('FeatureSubTypes',$,$,$);
#476= IFCPROPERTYSINGLEVALUE('RectangleOpeningWidth',$,$,$);
#477= IFCPROPERTYSINGLEVALUE('RectangleOpeningHeight',$,$,$);
#478= IFCPROPERTYSINGLEVALUE('OpeningDiameter',$,IFCPOSITIVELENGTHMEASURE(412.),$);
#479= IFCPROPERTYSET('2WwgWJL4zF7RRKHdamvGUE',#5,'AISC_EM11_Pset_Opening/Cope',$,(#475,#476,#477,#478));
#480= IFCLOCALPLACEMENT(#322,#58);
#481= IFCCIRCLEPROFILEDEF(.AREA.,$,#73,11.5);
#482= IFCCARTESIANPOINT((0.,-19.1,0.));
#483= IFCAXIS2PLACEMENT3D(#482,#8,#7);
#484= IFCEXTRUDEDAREASOLID(#481,#483,#9,19.2);
#485= IFCSHAPEREPRESENTATION(#12,'Body','SweptSolid',(#484));
#486= IFCREPRESENTATIONMAP(#10,#485);
#487= IFCMAPPEDITEM(#486,#86);
#488= IFCMAPPEDITEM(#486,#91);
#489= IFCMAPPEDITEM(#486,#94);
#490= IFCMAPPEDITEM(#486,#97);
#491= IFCMAPPEDITEM(#486,#100);
#492= IFCMAPPEDITEM(#486,#103);
#493= IFCMAPPEDITEM(#486,#106);
#494= IFCMAPPEDITEM(#486,#109);
#495= IFCMAPPEDITEM(#486,#112);
#496= IFCMAPPEDITEM(#486,#115);
#497= IFCMAPPEDITEM(#486,#118);
#498= IFCMAPPEDITEM(#486,#121);
#499= IFCMAPPEDITEM(#486,#124);
#500= IFCMAPPEDITEM(#486,#127);
#501= IFCSHAPEREPRESENTATION(#12,'Body','MappedRepresentation',(#487,#488,#489,#490,#491,#492,#493,#494,#495,#496,#497,#498,#499,#500));
#502= IFCPRODUCTDEFINITIONSHAPE($,$,(#501));
#503= IFCOPENINGELEMENT('3o5dVJWbrBF8_tPzG0wWaN',#5,$,$,'Opening',#480,#502,$);
#504= IFCRELVOIDSELEMENT('2wUhwZHVDCrQI8xZHdEK7T',#5,'Drill Hole',$,#465,#503);
#505= IFCPROPERTYSINGLEVALUE('FeatureSubTypes',$,IFCLABEL('TORNILLO'),$);
#506= IFCPROPERTYSINGLEVALUE('OpeningDiameter',$,$,$);
#507= IFCPROPERTYSET('3uEMwsolD2XQsEap_gvP3O',#5,'AISC_EM11_Pset_Opening/Cope',$,(#505,#476,#477,#506));
#508= IFCLOCALPLACEMENT(#322,#172);
#509= IFCSHAPEREPRESENTATION(#12,'Body','MappedRepresentation',(#487,#488,#489,#490,#491,#492,#493,#494,#495,#496,#497,#498,#499,#500));
#510= IFCPRODUCTDEFINITIONSHAPE($,$,(#509));
#511= IFCOPENINGELEMENT('0jH6ytxpnBQ9cHoy0Y5wFz',#5,$,$,'Opening',#508,#510,$);
#512= IFCRELVOIDSELEMENT('19ujUUTjbAVxEbB9$hjI0d',#5,'Drill Hole',$,#465,#511);
#513= IFCPROPERTYSINGLEVALUE('PieceMark',$,IFCIDENTIFIER('PLATE'),$);
#514= IFCPROPERTYSINGLEVALUE('IndicationMark',$,IFCIDENTIFIER('1048'),$);
#515= IFCPROPERTYSINGLEVALUE('PrelimMark',$,IFCIDENTIFIER(''),$);
#516= IFCPROPERTYSINGLEVALUE('MainPieceTag',$,IFCBOOLEAN(.F.),$);
#517= IFCPROPERTYSET('1XYpJfO0r6iumflPyb6hm$',#5,'AISC_EM11_Pset_PieceIdentification','PieceIdentity',(#513,#514,#515,#516));
#518= IFCPROPERTYSINGLEVALUE('MaterialType',$,IFCIDENTIFIER('STEEL'),$);
#519= IFCPROPERTYSINGLEVALUE('MaterialGrade',$,IFCIDENTIFIER('S235JR'),$);
#520= IFCPROPERTYSET('0CPwK6Q6H3VgIEBNjOa1ri',#5,'AISC_EM11_Pset_Material',$,(#518,#519));
#521= IFCMATERIAL('STEEL/S235JR');
#522= IFCCARTESIANPOINT((82052.9608154297,8109.28632340797,27845.));
#523= IFCAXIS2PLACEMENT3D(#522,#9,#229);
#524= IFCLOCALPLACEMENT(#322,#523);
#525= IFCRECTANGLEPROFILEDEF(.AREA.,'PL10*100',#73,10.,100.);
#526= IFCCARTESIANPOINT((0.,0.,360.));
#527= IFCAXIS2PLACEMENT3D(#526,#179,#8);
#528= IFCEXTRUDEDAREASOLID(#525,#527,#9,360.);
#529= IFCSHAPEREPRESENTATION(#12,'Body','SweptSolid',(#528));
#530= IFCPRODUCTDEFINITIONSHAPE($,$,(#529));
#531= IFCDISCRETEACCESSORY('3izAfwi_92LeqQ4I6UZwa9',#44,'Support section',$,$,#524,#530,'1049');
#532= IFCLOCALPLACEMENT(#322,#180);
#533= IFCCARTESIANPOINT((0.,-14.7999998094998,0.));
#534= IFCAXIS2PLACEMENT3D(#533,#8,#7);
#535= IFCEXTRUDEDAREASOLID(#481,#534,#9,10.2);
#536= IFCSHAPEREPRESENTATION(#12,'Body','SweptSolid',(#535));
#537= IFCREPRESENTATIONMAP(#10,#536);
#538= IFCMAPPEDITEM(#537,#195);
#539= IFCMAPPEDITEM(#537,#200);
#540= IFCMAPPEDITEM(#537,#203);
#541= IFCMAPPEDITEM(#537,#206);
#542= IFCMAPPEDITEM(#537,#209);
#543= IFCSHAPEREPRESENTATION(#12,'Body','MappedRepresentation',(#538,#539,#540,#541,#542));
#544= IFCPRODUCTDEFINITIONSHAPE($,$,(#543));
#545= IFCOPENINGELEMENT('3NIqQ0V0v0cRDeIcTJSqFe',#5,$,$,'Opening',#532,#544,$);
#546= IFCRELVOIDSELEMENT('39r_tZqn92VRoD4RxDU2W1',#5,'Drill Hole',$,#531,#545);
#547= IFCPROPERTYSINGLEVALUE('PieceMark',$,IFCIDENTIFIER('PLACA'),$);
#548= IFCPROPERTYSINGLEVALUE('IndicationMark',$,IFCIDENTIFIER('1049'),$);
#549= IFCPROPERTYSET('2boNZJku5DK9AAydAdkXLt',#5,'AISC_EM11_Pset_PieceIdentification','PieceIdentity',(#547,#548,#515,#516));
#550= IFCCARTESIANPOINT((81547.0575311684,8110.40237295659,27845.));
#551= IFCAXIS2PLACEMENT3D(#550,#9,#7);
#552= IFCLOCALPLACEMENT(#322,#551);
#553= IFCSHAPEREPRESENTATION(#12,'Body','SweptSolid',(#528));
#554= IFCPRODUCTDEFINITIONSHAPE($,$,(#553));
#555= IFCDISCRETEACCESSORY('2NjcD4$Zj8aeJHAlJ2OuJL',#44,'Support section',$,$,#552,#554,'1049');
#556= IFCLOCALPLACEMENT(#322,#230);
#557= IFCCARTESIANPOINT((0.,4.60000027734022,0.));
#558= IFCAXIS2PLACEMENT3D(#557,#8,#7);
#559= IFCEXTRUDEDAREASOLID(#481,#558,#9,10.2);
#560= IFCSHAPEREPRESENTATION(#12,'Body','SweptSolid',(#559));
#561= IFCREPRESENTATIONMAP(#10,#560);
#562= IFCMAPPEDITEM(#561,#195);
#563= IFCMAPPEDITEM(#561,#200);
#564= IFCMAPPEDITEM(#561,#203);
#565= IFCMAPPEDITEM(#561,#206);
#566= IFCMAPPEDITEM(#561,#209);
#567= IFCSHAPEREPRESENTATION(#12,'Body','MappedRepresentation',(#562,#563,#564,#565,#566));
#568= IFCPRODUCTDEFINITIONSHAPE($,$,(#567));
#569= IFCOPENINGELEMENT('1fFjy1Ft15Qv65awgS$2Jl',#5,$,$,'Opening',#556,#568,$);
#570= IFCRELVOIDSELEMENT('1K49DMIkT0uAilP_qsnYhk',#5,'Drill Hole',$,#555,#569);
#571= IFCCARTESIANPOINT((81076.9213587526,8219.87294112314,28309.5));
#572= IFCAXIS2PLACEMENT3D(#571,#9,#450);
#573= IFCLOCALPLACEMENT(#322,#572);
#574= IFCSHAPEREPRESENTATION(#12,'Body','SweptSolid',(#462));
#575= IFCPRODUCTDEFINITIONSHAPE($,$,(#574));
#576= IFCDISCRETEACCESSORY('0WeYCG0w9EURpfnlbb8CV$',#44,'Steel plate',$,$,#573,#575,'1048');
#577= IFCLOCALPLACEMENT(#322,#572);
#578= IFCCARTESIANPOINT((100.886617905666,723.039456677114,1090.5));
#579= IFCAXIS2PLACEMENT3D(#578,#179,#450);
#580= IFCEXTRUDEDAREASOLID(#467,#579,#9,3000.);
#581= IFCSHAPEREPRESENTATION(#12,'Body','SweptSolid',(#580));
#582= IFCPRODUCTDEFINITIONSHAPE($,$,(#581));
#583= IFCOPENINGELEMENT('1r3TxMuHr41v3eekTrgFPe',#5,$,$,'Recess',#577,#582,$);
#584= IFCRELVOIDSELEMENT('3legyfqQ10aByGtbufGLRb',#5,$,$,#576,#583);
#585= IFCLOCALPLACEMENT(#322,#265);
#586= IFCSHAPEREPRESENTATION(#12,'Body','MappedRepresentation',(#487,#488,#489,#490,#491,#492,#493,#494,#495,#496,#497,#498,#499,#500));
#587= IFCPRODUCTDEFINITIONSHAPE($,$,(#586));
#588= IFCOPENINGELEMENT('0MUOAQVXP3UQnIL1wNT_yC',#5,$,$,'Opening',#585,#587,$);
#589= IFCRELVOIDSELEMENT('2$TZItivP8VvaTOAadvaEs',#5,'Drill Hole',$,#576,#588);
#590= IFCLOCALPLACEMENT(#322,#315);
#591= IFCSHAPEREPRESENTATION(#12,'Body','MappedRepresentation',(#487,#488,#489,#490,#491,#492,#493,#494,#495,#496,#497,#498,#499,#500));
#592= IFCPRODUCTDEFINITIONSHAPE($,$,(#591));
#593= IFCOPENINGELEMENT('0MiEnQGl1CrAP_JO4abwCp',#5,$,$,'Opening',#590,#592,$);
#594= IFCRELVOIDSELEMENT('1Dlq$qIyzEpgHGVjNFC4WL',#5,'Drill Hole',$,#576,#593);
#595= IFCOWNERHISTORY(#3,#4,$,.NOCHANGE.,$,$,$,1774018800);
#596= IFCLOCALPLACEMENT(#42,#10);
#597= IFCELEMENTASSEMBLY('3bLnm8_A5158FCoY4YTc91',#595,'BEAM',$,$,#596,$,'B/1149',.NOTDEFINED.,.RIGID_FRAME.);
#598= IFCPROPERTYSINGLEVALUE('AssemblyMark',$,IFCIDENTIFIER('B/1149'),$);
#599= IFCPROPERTYSET('2UjrbjWfv9sQZHv6uiqzud',#5,'AISC_EM11_Pset_AssemblyIdentification','AssemblyIdentity',(#598,#52,#53));
#600= IFCCARTESIANPOINT((81531.9783238786,8120.78390814237,18910.));
#601= IFCDIRECTION((-7.12890000286279E-05,0.999999997458939,0.));
#602= IFCDIRECTION((-0.999999997458939,-7.12890000326365E-05,0.));
#603= IFCAXIS2PLACEMENT3D(#600,#601,#602);
#604= IFCLOCALPLACEMENT(#596,#603);
#605= IFCCARTESIANPOINT((0.,21.,0.));
#606= IFCAXIS2PLACEMENT3D(#605,#8,#7);
#607= IFCEXTRUDEDAREASOLID(#78,#606,#9,8.);
#608= IFCCARTESIANPOINT((0.,29.,0.));
#609= IFCAXIS2PLACEMENT3D(#608,#8,#7);
#610= IFCEXTRUDEDAREASOLID(#67,#609,#9,16.);
#611= IFCCARTESIANPOINT((2.7648638933897E-10,0.,74.99999999999));
#612= IFCCARTESIANTRANSFORMATIONOPERATOR3D($,$,#611,$,$);
#613= IFCSHAPEREPRESENTATION(#12,'Body','SweptSolid',(#70,#267,#607,#610));
#614= IFCREPRESENTATIONMAP(#10,#613);
#615= IFCMAPPEDITEM(#614,#612);
#616= IFCCARTESIANPOINT((74.999999999447,0.,75.0000000005348));
#617= IFCCARTESIANTRANSFORMATIONOPERATOR3D($,$,#616,$,$);
#618= IFCMAPPEDITEM(#614,#617);
#619= IFCCARTESIANPOINT((149.999999998618,0.,75.0000000010814));
#620= IFCCARTESIANTRANSFORMATIONOPERATOR3D($,$,#619,$,$);
#621= IFCMAPPEDITEM(#614,#620);
#622= IFCCARTESIANPOINT((224.999999997788,0.,75.0000000016262));
#623= IFCCARTESIANTRANSFORMATIONOPERATOR3D($,$,#622,$,$);
#624= IFCMAPPEDITEM(#614,#623);
#625= IFCCARTESIANPOINT((299.999999996959,0.,75.0000000021728));
#626= IFCCARTESIANTRANSFORMATIONOPERATOR3D($,$,#625,$,$);
#627= IFCMAPPEDITEM(#614,#626);
#628= IFCCARTESIANPOINT((374.999999996129,0.,75.0000000027176));
#629= IFCCARTESIANTRANSFORMATIONOPERATOR3D($,$,#628,$,$);
#630= IFCMAPPEDITEM(#614,#629);
#631= IFCCARTESIANPOINT((449.9999999953,0.,75.0000000032642));
#632= IFCCARTESIANTRANSFORMATIONOPERATOR3D($,$,#631,$,$);
#633= IFCMAPPEDITEM(#614,#632);
#634= IFCCARTESIANPOINT((524.99999999447,0.,75.000000003809));
#635= IFCCARTESIANTRANSFORMATIONOPERATOR3D($,$,#634,$,$);
#636= IFCMAPPEDITEM(#614,#635);
#637= IFCCARTESIANPOINT((599.999999993641,0.,75.0000000043556));
#638= IFCCARTESIANTRANSFORMATIONOPERATOR3D($,$,#637,$,$);
#639= IFCMAPPEDITEM(#614,#638);
#640= IFCCARTESIANPOINT((674.999999992811,0.,75.0000000049013));
#641= IFCCARTESIANTRANSFORMATIONOPERATOR3D($,$,#640,$,$);
#642= IFCMAPPEDITEM(#614,#641);
#643= IFCCARTESIANPOINT((-2.7648638933897E-10,0.,-74.99999999999));
#644= IFCCARTESIANTRANSFORMATIONOPERATOR3D($,$,#643,$,$);
#645= IFCMAPPEDITEM(#614,#644);
#646= IFCCARTESIANPOINT((74.9999999988941,0.,-74.9999999994443));
#647= IFCCARTESIANTRANSFORMATIONOPERATOR3D($,$,#646,$,$);
#648= IFCMAPPEDITEM(#614,#647);
#649= IFCCARTESIANPOINT((149.999999998065,0.,-74.9999999988986));
#650= IFCCARTESIANTRANSFORMATIONOPERATOR3D($,$,#649,$,$);
#651= IFCMAPPEDITEM(#614,#650);
#652= IFCCARTESIANPOINT((224.999999997235,0.,-74.9999999983529));
#653= IFCCARTESIANTRANSFORMATIONOPERATOR3D($,$,#652,$,$);
#654= IFCMAPPEDITEM(#614,#653);
#655= IFCCARTESIANPOINT((299.999999996406,0.,-74.9999999978063));
#656= IFCCARTESIANTRANSFORMATIONOPERATOR3D($,$,#655,$,$);
#657= IFCMAPPEDITEM(#614,#656);
#658= IFCCARTESIANPOINT((374.999999995576,0.,-74.9999999972615));
#659= IFCCARTESIANTRANSFORMATIONOPERATOR3D($,$,#658,$,$);
#660= IFCMAPPEDITEM(#614,#659);
#661= IFCCARTESIANPOINT((449.999999994761,0.,-74.9999999967158));
#662= IFCCARTESIANTRANSFORMATIONOPERATOR3D($,$,#661,$,$);
#663= IFCMAPPEDITEM(#614,#662);
#664= IFCCARTESIANPOINT((524.999999993932,0.,-74.9999999961701));
#665= IFCCARTESIANTRANSFORMATIONOPERATOR3D($,$,#664,$,$);
#666= IFCMAPPEDITEM(#614,#665);
#667= IFCCARTESIANPOINT((599.999999993102,0.,-74.9999999956244));
#668= IFCCARTESIANTRANSFORMATIONOPERATOR3D($,$,#667,$,$);
#669= IFCMAPPEDITEM(#614,#668);
#670= IFCCARTESIANPOINT((674.999999992273,0.,-74.9999999950787));
#671= IFCCARTESIANTRANSFORMATIONOPERATOR3D($,$,#670,$,$);
#672= IFCMAPPEDITEM(#614,#671);
#673= IFCSHAPEREPRESENTATION(#12,'Body','MappedRepresentation',(#615,#618,#621,#624,#627,#630,#633,#636,#639,#642,#645,#648,#651,#654,#657,#660,#663,#666,#669,#672));
#674= IFCMAPPEDITEM(#294,#612);
#675= IFCMAPPEDITEM(#294,#617);
#676= IFCMAPPEDITEM(#294,#620);
#677= IFCMAPPEDITEM(#294,#623);
#678= IFCMAPPEDITEM(#294,#626);
#679= IFCMAPPEDITEM(#294,#629);
#680= IFCMAPPEDITEM(#294,#632);
#681= IFCMAPPEDITEM(#294,#635);
#682= IFCMAPPEDITEM(#294,#638);
#683= IFCMAPPEDITEM(#294,#641);
#684= IFCMAPPEDITEM(#294,#644);
#685= IFCMAPPEDITEM(#294,#647);
#686= IFCMAPPEDITEM(#294,#650);
#687= IFCMAPPEDITEM(#294,#653);
#688= IFCMAPPEDITEM(#294,#656);
#689= IFCMAPPEDITEM(#294,#659);
#690= IFCMAPPEDITEM(#294,#662);
#691= IFCMAPPEDITEM(#294,#665);
#692= IFCMAPPEDITEM(#294,#668);
#693= IFCMAPPEDITEM(#294,#671);
#694= IFCSHAPEREPRESENTATION(#12,'Axis','MappedRepresentation',(#674,#675,#676,#677,#678,#679,#680,#681,#682,#683,#684,#685,#686,#687,#688,#689,#690,#691,#692,#693));
#695= IFCPRODUCTDEFINITIONSHAPE($,$,(#673,#694));
#696= IFCMECHANICALFASTENER('2dx7XXtDz5OPRMFH126W$y',#595,'Bolt assembly',$,$,#604,#695,'IDa7ec7861-dcdf-4561-96d6-3d10421a0ffc',20.,70.);
#697= IFCLOCALPLACEMENT(#42,#10);
#698= IFCELEMENTASSEMBLY('29Xj9Wz8HEsvv3FqIjcAa5',#595,'BEAM',$,$,#697,$,'B/1043',.NOTDEFINED.,.RIGID_FRAME.);
#699= IFCPROPERTYSINGLEVALUE('AssemblyMark',$,IFCIDENTIFIER('B/1043'),$);
#700= IFCPROPERTYSET('3ueh9Bv5TDMBsbY6PvvMlO',#5,'AISC_EM11_Pset_AssemblyIdentification','AssemblyIdentity',(#699,#52,#53));
#701= IFCCARTESIANPOINT((82067.9432664795,8120.78390898961,18910.));
#702= IFCAXIS2PLACEMENT3D(#701,#450,#7);
#703= IFCLOCALPLACEMENT(#697,#702);
#704= IFCSHAPEREPRESENTATION(#12,'Body','MappedRepresentation',(#615,#618,#621,#624,#627,#630,#633,#636,#639,#642,#645,#648,#651,#654,#657,#660,#663,#666,#669,#672));
#705= IFCSHAPEREPRESENTATION(#12,'Axis','MappedRepresentation',(#674,#675,#676,#677,#678,#679,#680,#681,#682,#683,#684,#685,#686,#687,#688,#689,#690,#691,#692,#693));
#706= IFCPRODUCTDEFINITIONSHAPE($,$,(#704,#705));
#707= IFCMECHANICALFASTENER('37KMC2gOHFXxSC3srVg1CL',#595,'Bolt assembly',$,$,#703,#706,'IDc7516302-a984-4f87-b70c-0f6d5fa81315',20.,70.);
#708= IFCCARTESIANPOINT((81531.9783238786,8120.78390814237,19350.));
#709= IFCDIRECTION((7.12890000286279E-05,-0.999999997458939,0.));
#710= IFCAXIS2PLACEMENT3D(#708,#709,#602);
#711= IFCLOCALPLACEMENT(#596,#710);
#712= IFCSHAPEREPRESENTATION(#12,'Body','MappedRepresentation',(#645,#648,#651,#654,#657,#660,#663,#666,#669,#672,#615,#618,#621,#624,#627,#630,#633,#636,#639,#642));
#713= IFCSHAPEREPRESENTATION(#12,'Axis','MappedRepresentation',(#684,#685,#686,#687,#688,#689,#690,#691,#692,#693,#674,#675,#676,#677,#678,#679,#680,#681,#682,#683));
#714= IFCPRODUCTDEFINITIONSHAPE($,$,(#712,#713));
#715= IFCMECHANICALFASTENER('1wadkr8Uj5j9AIoOFunpRB',#595,'Bolt assembly',$,$,#711,#714,'ID7a927bb5-21eb-45b4-9292-c983f8c736cb',20.,70.);
#716= IFCCARTESIANPOINT((82067.9432664795,8120.78390898961,19350.));
#717= IFCAXIS2PLACEMENT3D(#716,#8,#7);
#718= IFCLOCALPLACEMENT(#697,#717);
#719= IFCEXTRUDEDAREASOLID(#74,#76,#9,75.);
#720= IFCSHAPEREPRESENTATION(#12,'Body','SweptSolid',(#70,#719,#607,#610));
#721= IFCREPRESENTATIONMAP(#10,#720);
#722= IFCMAPPEDITEM(#721,#644);
#723= IFCMAPPEDITEM(#721,#647);
#724= IFCMAPPEDITEM(#721,#650);
#725= IFCMAPPEDITEM(#721,#653);
#726= IFCMAPPEDITEM(#721,#656);
#727= IFCMAPPEDITEM(#721,#659);
#728= IFCMAPPEDITEM(#721,#662);
#729= IFCMAPPEDITEM(#721,#665);
#730= IFCMAPPEDITEM(#721,#668);
#731= IFCMAPPEDITEM(#721,#671);
#732= IFCMAPPEDITEM(#721,#612);
#733= IFCMAPPEDITEM(#721,#617);
#734= IFCMAPPEDITEM(#721,#620);
#735= IFCMAPPEDITEM(#721,#623);
#736= IFCMAPPEDITEM(#721,#626);
#737= IFCMAPPEDITEM(#721,#629);
#738= IFCMAPPEDITEM(#721,#632);
#739= IFCMAPPEDITEM(#721,#635);
#740= IFCMAPPEDITEM(#721,#638);
#741= IFCMAPPEDITEM(#721,#641);
#742= IFCSHAPEREPRESENTATION(#12,'Body','MappedRepresentation',(#722,#723,#724,#725,#726,#727,#728,#729,#730,#731,#732,#733,#734,#735,#736,#737,#738,#739,#740,#741));
#743= IFCCARTESIANPOINT((0.,75.,0.));
#744= IFCPOLYLINE((#68,#743));
#745= IFCSHAPEREPRESENTATION(#12,'Axis','GeometricCurveSet',(#744));
#746= IFCREPRESENTATIONMAP(#10,#745);
#747= IFCMAPPEDITEM(#746,#644);
#748= IFCMAPPEDITEM(#746,#647);
#749= IFCMAPPEDITEM(#746,#650);
#750= IFCMAPPEDITEM(#746,#653);
#751= IFCMAPPEDITEM(#746,#656);
#752= IFCMAPPEDITEM(#746,#659);
#753= IFCMAPPEDITEM(#746,#662);
#754= IFCMAPPEDITEM(#746,#665);
#755= IFCMAPPEDITEM(#746,#668);
#756= IFCMAPPEDITEM(#746,#671);
#757= IFCMAPPEDITEM(#746,#612);
#758= IFCMAPPEDITEM(#746,#617);
#759= IFCMAPPEDITEM(#746,#620);
#760= IFCMAPPEDITEM(#746,#623);
#761= IFCMAPPEDITEM(#746,#626);
#762= IFCMAPPEDITEM(#746,#629);
#763= IFCMAPPEDITEM(#746,#632);
#764= IFCMAPPEDITEM(#746,#635);
#765= IFCMAPPEDITEM(#746,#638);
#766= IFCMAPPEDITEM(#746,#641);
#767= IFCSHAPEREPRESENTATION(#12,'Axis','MappedRepresentation',(#747,#748,#749,#750,#751,#752,#753,#754,#755,#756,#757,#758,#759,#760,#761,#762,#763,#764,#765,#766));
#768= IFCPRODUCTDEFINITIONSHAPE($,$,(#742,#767));
#769= IFCMECHANICALFASTENER('3OtP$DzL50pQUhD1K10gaR',#595,'Bolt assembly',$,$,#718,#768,'IDd8dd9fcd-f551-40cd-a7ab-34150102a91b',20.,75.);
#770= IFCPROPERTYSINGLEVALUE('BoltLength',$,IFCPOSITIVELENGTHMEASURE(75.),$);
#771= IFCPROPERTYSET('28WGepu5X8DxPfwijsOXyw',#5,'AISC_EM11_Pset_Bolt','BoltIdentity',(#151,#152,#153,#770,#155,#156));
#772= IFCCARTESIANPOINT((82022.9432855341,8120.2101433831,19350.));
#773= IFCAXIS2PLACEMENT3D(#772,#7,#179);
#774= IFCLOCALPLACEMENT(#697,#773);
#775= IFCCARTESIANPOINT((19.05255888327,0.));
#776= IFCCARTESIANPOINT((9.526279441635,16.5000000000023));
#777= IFCCARTESIANPOINT((-9.526279441635,16.5000000000023));
#778= IFCCARTESIANPOINT((-19.05255888327,0.));
#779= IFCCARTESIANPOINT((-9.526279441635,-16.5000000000023));
#780= IFCCARTESIANPOINT((9.526279441635,-16.5000000000023));
#781= IFCPOLYLINE((#775,#776,#777,#778,#779,#780,#775));
#782= IFCARBITRARYCLOSEDPROFILEDEF(.AREA.,$,#781);
#783= IFCCARTESIANPOINT((0.,-30.2700000000073,0.));
#784= IFCAXIS2PLACEMENT3D(#783,#8,#7);
#785= IFCEXTRUDEDAREASOLID(#782,#784,#9,14.52);
#786= IFCCIRCLEPROFILEDEF(.AREA.,$,#73,11.);
#787= IFCCARTESIANPOINT((0.,-15.7500000000073,0.));
#788= IFCAXIS2PLACEMENT3D(#787,#8,#7);
#789= IFCEXTRUDEDAREASOLID(#786,#788,#9,55.);
#790= IFCCIRCLEPROFILEDEF(.AREA.,$,#73,20.);
#791= IFCCARTESIANPOINT((0.,5.74675535551069,0.));
#792= IFCAXIS2PLACEMENT3D(#791,#8,#7);
#793= IFCEXTRUDEDAREASOLID(#790,#792,#9,8.);
#794= IFCCARTESIANPOINT((18.47520861408,0.));
#795= IFCCARTESIANPOINT((9.23760430704,16.0000000000023));
#796= IFCCARTESIANPOINT((-9.23760430704,16.0000000000023));
#797= IFCCARTESIANPOINT((-18.47520861408,0.));
#798= IFCCARTESIANPOINT((-9.23760430704,-16.0000000000023));
#799= IFCCARTESIANPOINT((9.23760430704,-16.0000000000023));
#800= IFCPOLYLINE((#794,#795,#796,#797,#798,#799,#794));
#801= IFCARBITRARYCLOSEDPROFILEDEF(.AREA.,$,#800);
#802= IFCCARTESIANPOINT((0.,13.7467553555107,0.));
#803= IFCAXIS2PLACEMENT3D(#802,#8,#7);
#804= IFCEXTRUDEDAREASOLID(#801,#803,#9,18.);
#805= IFCCARTESIANPOINT((107.5,0.,45.));
#806= IFCCARTESIANTRANSFORMATIONOPERATOR3D($,$,#805,$,$);
#807= IFCSHAPEREPRESENTATION(#12,'Body','SweptSolid',(#785,#789,#793,#804));
#808= IFCREPRESENTATIONMAP(#10,#807);
#809= IFCMAPPEDITEM(#808,#806);
#810= IFCCARTESIANPOINT((182.5,0.,45.));
#811= IFCCARTESIANTRANSFORMATIONOPERATOR3D($,$,#810,$,$);
#812= IFCMAPPEDITEM(#808,#811);
#813= IFCCARTESIANPOINT((257.5,0.,45.));
#814= IFCCARTESIANTRANSFORMATIONOPERATOR3D($,$,#813,$,$);
#815= IFCMAPPEDITEM(#808,#814);
#816= IFCCARTESIANPOINT((332.5,0.,45.));
#817= IFCCARTESIANTRANSFORMATIONOPERATOR3D($,$,#816,$,$);
#818= IFCMAPPEDITEM(#808,#817);
#819= IFCSHAPEREPRESENTATION(#12,'Body','MappedRepresentation',(#809,#812,#815,#818));
#820= IFCCARTESIANPOINT((0.,55.,0.));
#821= IFCPOLYLINE((#783,#820));
#822= IFCSHAPEREPRESENTATION(#12,'Axis','GeometricCurveSet',(#821));
#823= IFCREPRESENTATIONMAP(#10,#822);
#824= IFCMAPPEDITEM(#823,#806);
#825= IFCMAPPEDITEM(#823,#811);
#826= IFCMAPPEDITEM(#823,#814);
#827= IFCMAPPEDITEM(#823,#817);
#828= IFCSHAPEREPRESENTATION(#12,'Axis','MappedRepresentation',(#824,#825,#826,#827));
#829= IFCPRODUCTDEFINITIONSHAPE($,$,(#819,#828));
#830= IFCMECHANICALFASTENER('0a2O3oPIf87fcVedIgqE54',#595,'Bolt assembly',$,$,#774,#829,'ID240980f2-652a-481e-999f-a274aad0e144',22.,55.);
#831= IFCPROPERTYSINGLEVALUE('BoltDiameter',$,IFCPOSITIVELENGTHMEASURE(22.),$);
#832= IFCPROPERTYSINGLEVALUE('BoltLength',$,IFCPOSITIVELENGTHMEASURE(55.),$);
#833= IFCPROPERTYSET('0EDVcOGAn6xvtZe39P1c6u',#5,'AISC_EM11_Pset_Bolt','BoltIdentity',(#151,#152,#831,#832,#155,#156));
#834= IFCPROPERTYSINGLEVALUE('NutSize',$,IFCPOSITIVELENGTHMEASURE(22.),$);
#835= IFCPROPERTYSET('3sOc8asBvBxgx0GcyAPZD8',#5,'AISC_EM11_Pset_Nut','NutIdentity',(#834,#159));
#836= IFCPROPERTYSINGLEVALUE('WasherSize',$,IFCPOSITIVELENGTHMEASURE(22.),$);
#837= IFCPROPERTYSET('39fqwNcS97oBRPcBorixXo',#5,'AISC_EM11_Pset_Washer','WasherIdentity',(#161,#836,#163,#164));
#838= IFCCARTESIANPOINT((81576.9783429322,8120.21012843586,19350.));
#839= IFCAXIS2PLACEMENT3D(#838,#229,#179);
#840= IFCLOCALPLACEMENT(#596,#839);
#841= IFCCARTESIANPOINT((0.,-20.2661345502448,0.));
#842= IFCAXIS2PLACEMENT3D(#841,#8,#7);
#843= IFCEXTRUDEDAREASOLID(#782,#842,#9,14.52);
#844= IFCCARTESIANPOINT((0.,-5.74613455024478,0.));
#845= IFCAXIS2PLACEMENT3D(#844,#8,#7);
#846= IFCEXTRUDEDAREASOLID(#786,#845,#9,55.);
#847= IFCCARTESIANPOINT((0.,15.75,0.));
#848= IFCAXIS2PLACEMENT3D(#847,#8,#7);
#849= IFCEXTRUDEDAREASOLID(#790,#848,#9,8.);
#850= IFCCARTESIANPOINT((0.,23.75,0.));
#851= IFCAXIS2PLACEMENT3D(#850,#8,#7);
#852= IFCEXTRUDEDAREASOLID(#801,#851,#9,18.);
#853= IFCSHAPEREPRESENTATION(#12,'Body','SweptSolid',(#843,#846,#849,#852));
#854= IFCREPRESENTATIONMAP(#10,#853);
#855= IFCMAPPEDITEM(#854,#806);
#856= IFCMAPPEDITEM(#854,#811);
#857= IFCMAPPEDITEM(#854,#814);
#858= IFCMAPPEDITEM(#854,#817);
#859= IFCSHAPEREPRESENTATION(#12,'Body','MappedRepresentation',(#855,#856,#857,#858));
#860= IFCPOLYLINE((#841,#820));
#861= IFCSHAPEREPRESENTATION(#12,'Axis','GeometricCurveSet',(#860));
#862= IFCREPRESENTATIONMAP(#10,#861);
#863= IFCMAPPEDITEM(#862,#806);
#864= IFCMAPPEDITEM(#862,#811);
#865= IFCMAPPEDITEM(#862,#814);
#866= IFCMAPPEDITEM(#862,#817);
#867= IFCSHAPEREPRESENTATION(#12,'Axis','MappedRepresentation',(#863,#864,#865,#866));
#868= IFCPRODUCTDEFINITIONSHAPE($,$,(#859,#867));
#869= IFCMECHANICALFASTENER('3jPnETPIb65Or9k2XL6wpW',#595,'Bolt assembly',$,$,#840,#868,'IDed67139d-6529-4615-8d49-b828551bace0',22.,55.);
#870= IFCCARTESIANPOINT((82002.943,8114.46,19130.));
#871= IFCAXIS2PLACEMENT3D(#870,#7,#179);
#872= IFCLOCALPLACEMENT(#322,#871);
#873= IFCCARTESIANPOINT((-157.5,0.,6.78170852454787));
#874= IFCCARTESIANPOINT((-157.5,0.,0.));
#875= IFCCARTESIANPOINT((157.5,0.,0.));
#876= IFCCARTESIANPOINT((157.5,0.,6.78170852454787));
#877= IFCPOLYLOOP((#873,#874,#875,#876));
#878= IFCFACEOUTERBOUND(#877,.T.);
#879= IFCFACE((#878));
#880= IFCCARTESIANPOINT((-157.5,6.75590207615733,0.591064843552886));
#881= IFCCARTESIANPOINT((157.5,6.75590207615733,0.591064843552886));
#882= IFCPOLYLOOP((#874,#880,#881,#875));
#883= IFCFACEOUTERBOUND(#882,.T.);
#884= IFCFACE((#883));
#885= IFCPOLYLOOP((#880,#873,#876,#881));
#886= IFCFACEOUTERBOUND(#885,.T.);
#887= IFCFACE((#886));
#888= IFCPOLYLOOP((#881,#876,#875));
#889= IFCFACEOUTERBOUND(#888,.T.);
#890= IFCFACE((#889));
#891= IFCPOLYLOOP((#880,#874,#873));
#892= IFCFACEOUTERBOUND(#891,.T.);
#893= IFCFACE((#892));
#894= IFCCARTESIANPOINT((157.5,-10.,7.40093616461672));
#895= IFCCARTESIANPOINT((157.5,-10.,0.));
#896= IFCCARTESIANPOINT((-157.5,-10.,0.));
#897= IFCCARTESIANPOINT((-157.5,-10.,7.40093616461672));
#898= IFCPOLYLOOP((#894,#895,#896,#897));
#899= IFCFACEOUTERBOUND(#898,.T.);
#900= IFCFACE((#899));
#901= IFCCARTESIANPOINT((157.5,-17.3727733681008,-0.645034088447574));
#902= IFCCARTESIANPOINT((-157.5,-17.3727733681008,-0.645034088447574));
#903= IFCPOLYLOOP((#895,#901,#902,#896));
#904= IFCFACEOUTERBOUND(#903,.T.);
#905= IFCFACE((#904));
#906= IFCPOLYLOOP((#901,#894,#897,#902));
#907= IFCFACEOUTERBOUND(#906,.T.);
#908= IFCFACE((#907));
#909= IFCPOLYLOOP((#902,#897,#896));
#910= IFCFACEOUTERBOUND(#909,.T.);
#911= IFCFACE((#910));
#912= IFCPOLYLOOP((#901,#895,#894));
#913= IFCFACEOUTERBOUND(#912,.T.);
#914= IFCFACE((#913));
#915= IFCCLOSEDSHELL((#879,#884,#887,#890,#893,#900,#905,#908,#911,#914));
#916= IFCFACETEDBREP(#915);
#917= IFCSHAPEREPRESENTATION(#12,'Body','Brep',(#916));
#918= IFCPOLYLINE((#874,#875));
#919= IFCCARTESIANPOINT((157.5,0.,10.));
#920= IFCCARTESIANPOINT((-157.5,0.,10.));
#921= IFCPOLYLINE((#919,#920));
#922= IFCSHAPEREPRESENTATION(#13,'Axis','GeometricCurveSet',(#918,#921));
#923= IFCPRODUCTDEFINITIONSHAPE($,$,(#917,#922));
#924= IFCFASTENER('27tkUyoHXALvvALB4aGi$W',#595,'Weld',$,$,#872,#923,'ID87dee7bc-c918-4a57-9e4a-54b12442cfe0');
#925= IFCPROPERTYSINGLEVALUE('WeldID',$,IFCINTEGER(94286913),$);
#926= IFCPROPERTYSINGLEVALUE('l',$,IFCPOSITIVELENGTHMEASURE(315.),$);
#927= IFCPROPERTYSET('3K_FlR9iX3hxEWfDid$d77',#5,'AISC_EM11_Pset_Weld','WeldIdentity',(#383,#384,#385,#386,#925,#388,#389,#390,#926,#392,#393,#394,#395,#396,#397,#398));
#928= IFCCARTESIANPOINT((81596.978,8104.46,19130.));
#929= IFCAXIS2PLACEMENT3D(#928,#229,#179);
#930= IFCLOCALPLACEMENT(#322,#929);
#931= IFCCARTESIANPOINT((-157.5,0.,7.40093616461672));
#932= IFCCARTESIANPOINT((157.5,0.,7.40093616461672));
#933= IFCPOLYLOOP((#931,#874,#875,#932));
#934= IFCFACEOUTERBOUND(#933,.T.);
#935= IFCFACE((#934));
#936= IFCCARTESIANPOINT((-157.5,7.37277336810075,-0.645034088447574));
#937= IFCCARTESIANPOINT((157.5,7.37277336810075,-0.645034088447574));
#938= IFCPOLYLOOP((#874,#936,#937,#875));
#939= IFCFACEOUTERBOUND(#938,.T.);
#940= IFCFACE((#939));
#941= IFCPOLYLOOP((#936,#931,#932,#937));
#942= IFCFACEOUTERBOUND(#941,.T.);
#943= IFCFACE((#942));
#944= IFCPOLYLOOP((#937,#932,#875));
#945= IFCFACEOUTERBOUND(#944,.T.);
#946= IFCFACE((#945));
#947= IFCPOLYLOOP((#936,#874,#931));
#948= IFCFACEOUTERBOUND(#947,.T.);
#949= IFCFACE((#948));
#950= IFCCARTESIANPOINT((157.5,-10.,6.78170852454787));
#951= IFCCARTESIANPOINT((-157.5,-10.,6.78170852454787));
#952= IFCPOLYLOOP((#950,#895,#896,#951));
#953= IFCFACEOUTERBOUND(#952,.T.);
#954= IFCFACE((#953));
#955= IFCCARTESIANPOINT((157.5,-16.7559020761573,0.591064843552886));
#956= IFCCARTESIANPOINT((-157.5,-16.7559020761573,0.591064843552886));
#957= IFCPOLYLOOP((#895,#955,#956,#896));
#958= IFCFACEOUTERBOUND(#957,.T.);
#959= IFCFACE((#958));
#960= IFCPOLYLOOP((#955,#950,#951,#956));
#961= IFCFACEOUTERBOUND(#960,.T.);
#962= IFCFACE((#961));
#963= IFCPOLYLOOP((#956,#951,#896));
#964= IFCFACEOUTERBOUND(#963,.T.);
#965= IFCFACE((#964));
#966= IFCPOLYLOOP((#955,#895,#950));
#967= IFCFACEOUTERBOUND(#966,.T.);
#968= IFCFACE((#967));
#969= IFCCLOSEDSHELL((#935,#940,#943,#946,#949,#954,#959,#962,#965,#968));
#970= IFCFACETEDBREP(#969);
#971= IFCSHAPEREPRESENTATION(#12,'Body','Brep',(#970));
#972= IFCSHAPEREPRESENTATION(#13,'Axis','GeometricCurveSet',(#918,#921));
#973= IFCPRODUCTDEFINITIONSHAPE($,$,(#971,#972));
#974= IFCFASTENER('0zTBP$Ftv8_euSFl1xojIT',#595,'Weld',$,$,#930,#973,'ID3d74b67f-3f7e-48fa-8e1c-3ef07bcad49d');
#975= IFCPROPERTYSINGLEVALUE('WeldID',$,IFCINTEGER(94286886),$);
#976= IFCPROPERTYSET('0RiMre2VD73uT_RXw9u$Zs',#5,'AISC_EM11_Pset_Weld','WeldIdentity',(#383,#384,#385,#386,#975,#388,#389,#390,#926,#392,#393,#394,#395,#396,#397,#398));
#977= IFCCARTESIANPOINT((82057.9432936416,8109.46014338309,18972.5));
#978= IFCAXIS2PLACEMENT3D(#977,#9,#229);
#979= IFCLOCALPLACEMENT(#322,#978);
#980= IFCRECTANGLEPROFILEDEF(.AREA.,'PL10*110',#73,10.,110.);
#981= IFCCARTESIANPOINT((0.,0.,315.));
#982= IFCAXIS2PLACEMENT3D(#981,#179,#8);
#983= IFCEXTRUDEDAREASOLID(#980,#982,#9,315.);
#984= IFCSHAPEREPRESENTATION(#12,'Body','SweptSolid',(#983));
#985= IFCPRODUCTDEFINITIONSHAPE($,$,(#984));
#986= IFCDISCRETEACCESSORY('35KKXt6hb1SeZJ3JwN7Nlx',#595,'Support section',$,$,#979,#985,'1053');
#987= IFCLOCALPLACEMENT(#322,#773);
#988= IFCCIRCLEPROFILEDEF(.AREA.,$,#73,12.5);
#989= IFCCARTESIANPOINT((0.,-15.8500000000073,0.));
#990= IFCAXIS2PLACEMENT3D(#989,#8,#7);
#991= IFCEXTRUDEDAREASOLID(#988,#990,#9,10.2);
#992= IFCSHAPEREPRESENTATION(#12,'Body','SweptSolid',(#991));
#993= IFCREPRESENTATIONMAP(#10,#992);
#994= IFCMAPPEDITEM(#993,#806);
#995= IFCMAPPEDITEM(#993,#811);
#996= IFCMAPPEDITEM(#993,#814);
#997= IFCMAPPEDITEM(#993,#817);
#998= IFCSHAPEREPRESENTATION(#12,'Body','MappedRepresentation',(#994,#995,#996,#997));
#999= IFCPRODUCTDEFINITIONSHAPE($,$,(#998));
#1000= IFCOPENINGELEMENT('2h1VaJVTnFh9gqxTKQevLi',#5,$,$,'Opening',#987,#999,$);
#1001= IFCRELVOIDSELEMENT('1Po5uQnN97C9UzYJki1zCH',#5,'Drill Hole',$,#986,#1000);
#1002= IFCPROPERTYSINGLEVALUE('IndicationMark',$,IFCIDENTIFIER('1053'),$);
#1003= IFCPROPERTYSET('10z1QBBuj4vAn9BybqFTxB',#5,'AISC_EM11_Pset_PieceIdentification','PieceIdentity',(#547,#1002,#515,#516));
#1004= IFCCARTESIANPOINT((81541.9783429322,8109.46012843586,18972.5));
#1005= IFCAXIS2PLACEMENT3D(#1004,#9,#7);
#1006= IFCLOCALPLACEMENT(#322,#1005);
#1007= IFCSHAPEREPRESENTATION(#12,'Body','SweptSolid',(#983));
#1008= IFCPRODUCTDEFINITIONSHAPE($,$,(#1007));
#1009= IFCDISCRETEACCESSORY('3fE_xmtT19HuLU7sv$dWm8',#595,'Support section',$,$,#1006,#1008,'1053');
#1010= IFCLOCALPLACEMENT(#322,#839);
#1011= IFCCARTESIANPOINT((0.,5.65,0.));
#1012= IFCAXIS2PLACEMENT3D(#1011,#8,#7);
#1013= IFCEXTRUDEDAREASOLID(#988,#1012,#9,10.2);
#1014= IFCSHAPEREPRESENTATION(#12,'Body','SweptSolid',(#1013));
#1015= IFCREPRESENTATIONMAP(#10,#1014);
#1016= IFCMAPPEDITEM(#1015,#806);
#1017= IFCMAPPEDITEM(#1015,#811);
#1018= IFCMAPPEDITEM(#1015,#814);
#1019= IFCMAPPEDITEM(#1015,#817);
#1020= IFCSHAPEREPRESENTATION(#12,'Body','MappedRepresentation',(#1016,#1017,#1018,#1019));
#1021= IFCPRODUCTDEFINITIONSHAPE($,$,(#1020));
#1022= IFCOPENINGELEMENT('20Xne3_7rDIg9S7BE8UATe',#5,$,$,'Opening',#1010,#1021,$);
#1023= IFCRELVOIDSELEMENT('0k6gqscI55uBqfyVghwmwl',#5,'Drill Hole',$,#1009,#1022);
#1024= IFCCARTESIANPOINT((82782.9432855331,7996.11694336639,19359.5));
#1025= IFCAXIS2PLACEMENT3D(#1024,#9,#8);
#1026= IFCLOCALPLACEMENT(#322,#1025);
#1027= IFCCARTESIANPOINT((249.999999999999,0.));
#1028= IFCCARTESIANPOINT((353.886627197265,983.212036132813));
#1029= IFCCARTESIANPOINT((249.666961669921,1965.97387695313));
#1030= IFCCARTESIANPOINT((-0.333040356636047,1965.9560546875));
#1031= IFCCARTESIANPOINT((-102.113380432129,982.982421875));
#1032= IFCPOLYLINE((#72,#1027,#1028,#1029,#1030,#1031,#72));
#1033= IFCARBITRARYCLOSEDPROFILEDEF(.AREA.,'PL19*456',#1032);
#1034= IFCEXTRUDEDAREASOLID(#1033,#461,#9,19.);
#1035= IFCSHAPEREPRESENTATION(#12,'Body','SweptSolid',(#1034));
#1036= IFCPRODUCTDEFINITIONSHAPE($,$,(#1035));
#1037= IFCDISCRETEACCESSORY('1u5thcZ8bFSuKC1WlSwy2a',#595,'Steel plate',$,$,#1026,#1036,'1110');
#1038= IFCLOCALPLACEMENT(#322,#1025);
#1039= IFCCARTESIANPOINT((125.886617905667,982.982470103423,1090.5));
#1040= IFCAXIS2PLACEMENT3D(#1039,#179,#450);
#1041= IFCEXTRUDEDAREASOLID(#467,#1040,#9,3000.);
#1042= IFCSHAPEREPRESENTATION(#12,'Body','SweptSolid',(#1041));
#1043= IFCPRODUCTDEFINITIONSHAPE($,$,(#1042));
#1044= IFCOPENINGELEMENT('2ungN5ZdX1Xv12pO7NC1Iz',#5,$,$,'Recess',#1038,#1043,$);
#1045= IFCRELVOIDSELEMENT('3v1TGi5WD6a9cGawN67kWe',#5,$,$,#1037,#1044);
#1046= IFCLOCALPLACEMENT(#322,#710);
#1047= IFCMAPPEDITEM(#486,#644);
#1048= IFCMAPPEDITEM(#486,#647);
#1049= IFCMAPPEDITEM(#486,#650);
#1050= IFCMAPPEDITEM(#486,#653);
#1051= IFCMAPPEDITEM(#486,#656);
#1052= IFCMAPPEDITEM(#486,#659);
#1053= IFCMAPPEDITEM(#486,#662);
#1054= IFCMAPPEDITEM(#486,#665);
#1055= IFCMAPPEDITEM(#486,#668);
#1056= IFCMAPPEDITEM(#486,#671);
#1057= IFCMAPPEDITEM(#486,#612);
#1058= IFCMAPPEDITEM(#486,#617);
#1059= IFCMAPPEDITEM(#486,#620);
#1060= IFCMAPPEDITEM(#486,#623);
#1061= IFCMAPPEDITEM(#486,#626);
#1062= IFCMAPPEDITEM(#486,#629);
#1063= IFCMAPPEDITEM(#486,#632);
#1064= IFCMAPPEDITEM(#486,#635);
#1065= IFCMAPPEDITEM(#486,#638);
#1066= IFCMAPPEDITEM(#486,#641);
#1067= IFCSHAPEREPRESENTATION(#12,'Body','MappedRepresentation',(#1047,#1048,#1049,#1050,#1051,#1052,#1053,#1054,#1055,#1056,#1057,#1058,#1059,#1060,#1061,#1062,#1063,#1064,#1065,#1066));
#1068= IFCPRODUCTDEFINITIONSHAPE($,$,(#1067));
#1069= IFCOPENINGELEMENT('3xFofh3M16_x2Fw5ltzXNV',#5,$,$,'Opening',#1046,#1068,$);
#1070= IFCRELVOIDSELEMENT('2NdBjJvxP7lPdVa0oSkuh1',#5,'Drill Hole',$,#1037,#1069);
#1071= IFCLOCALPLACEMENT(#322,#717);
#1072= IFCSHAPEREPRESENTATION(#12,'Body','MappedRepresentation',(#1047,#1048,#1049,#1050,#1051,#1052,#1053,#1054,#1055,#1056,#1057,#1058,#1059,#1060,#1061,#1062,#1063,#1064,#1065,#1066));
#1073= IFCPRODUCTDEFINITIONSHAPE($,$,(#1072));
#1074= IFCOPENINGELEMENT('3Ojg6ntJXB5wVMbQrCcgsS',#5,$,$,'Opening',#1071,#1073,$);
#1075= IFCRELVOIDSELEMENT('1Jh2HPs51BqfMOxmDe5osD',#5,'Drill Hole',$,#1037,#1074);
#1076= IFCPROPERTYSINGLEVALUE('IndicationMark',$,IFCIDENTIFIER('1110'),$);
#1077= IFCPROPERTYSET('3mEZ86msL8mvJj46AUnH7b',#5,'AISC_EM11_Pset_PieceIdentification','PieceIdentity',(#513,#1076,#515,#516));
#1078= IFCLOCALPLACEMENT(#322,#10);
#1079= IFCELEMENTASSEMBLY('0ZkD0npVT7dfv70CtMNEu0',#44,'PLATE',$,$,#1078,$,'A/63',.NOTDEFINED.,.RIGID_FRAME.);
#1080= IFCPROPERTYSINGLEVALUE('AssemblyMark',$,IFCIDENTIFIER('A/63'),$);
#1081= IFCPROPERTYSET('0BxoQUWEj3oftPY5xZA_wO',#5,'AISC_EM11_Pset_AssemblyIdentification','AssemblyIdentity',(#1080,#52,#53));
#1082= IFCCARTESIANPOINT((82782.9432855331,7996.11694336639,18900.5));
#1083= IFCAXIS2PLACEMENT3D(#1082,#9,#8);
#1084= IFCLOCALPLACEMENT(#1078,#1083);
#1085= IFCSHAPEREPRESENTATION(#12,'Body','SweptSolid',(#1034));
#1086= IFCPRODUCTDEFINITIONSHAPE($,$,(#1085));
#1087= IFCPLATE('1wI9BYh356Kh2_ZCoaCp0G',#44,'main piece','PL19*456','PL19*456',#1084,#1086,'1110');
#1088= IFCLOCALPLACEMENT(#1078,#1083);
#1089= IFCSHAPEREPRESENTATION(#12,'Body','SweptSolid',(#1041));
#1090= IFCPRODUCTDEFINITIONSHAPE($,$,(#1089));
#1091= IFCOPENINGELEMENT('06BGBhkgjDUfV7XRMZh6fe',#5,$,$,'Recess',#1088,#1090,$);
#1092= IFCRELVOIDSELEMENT('3dNVqmMX92l9tq4U9rmpDy',#5,$,$,#1087,#1091);
#1093= IFCLOCALPLACEMENT(#1078,#603);
#1094= IFCSHAPEREPRESENTATION(#12,'Body','MappedRepresentation',(#1057,#1058,#1059,#1060,#1061,#1062,#1063,#1064,#1065,#1066,#1047,#1048,#1049,#1050,#1051,#1052,#1053,#1054,#1055,#1056));
#1095= IFCPRODUCTDEFINITIONSHAPE($,$,(#1094));
#1096= IFCOPENINGELEMENT('0m74b2BGf1fRsLGkEr5vfp',#5,$,$,'Opening',#1093,#1095,$);
#1097= IFCRELVOIDSELEMENT('3GJYh0ro50GwkQfLCMfcb_',#5,'Drill Hole',$,#1087,#1096);
#1098= IFCLOCALPLACEMENT(#1078,#702);
#1099= IFCSHAPEREPRESENTATION(#12,'Body','MappedRepresentation',(#1057,#1058,#1059,#1060,#1061,#1062,#1063,#1064,#1065,#1066,#1047,#1048,#1049,#1050,#1051,#1052,#1053,#1054,#1055,#1056));
#1100= IFCPRODUCTDEFINITIONSHAPE($,$,(#1099));
#1101= IFCOPENINGELEMENT('2ugo14w5zCAAWgIAAAFFQj',#5,$,$,'Opening',#1098,#1100,$);
#1102= IFCRELVOIDSELEMENT('3EbxcbS$91Tx02Tl87QcHx',#5,'Drill Hole',$,#1087,#1101);
#1103= IFCPROPERTYSINGLEVALUE('MainPieceTag',$,IFCBOOLEAN(.T.),$);
#1104= IFCPROPERTYSET('0TyrnwuMj04AZKceORCUPE',#5,'AISC_EM11_Pset_PieceIdentification','PieceIdentity',(#513,#1076,#515,#1103));
#1105= IFCLOCALPLACEMENT(#42,#10);
#1106= IFCELEMENTASSEMBLY('0yQoB6YAb4CvR8G$YdEfEa',#321,'BEAM',$,$,#1105,$,'B/390',.NOTDEFINED.,.RIGID_FRAME.);
#1107= IFCPROPERTYSINGLEVALUE('AssemblyMark',$,IFCIDENTIFIER('B/390'),$);
#1108= IFCPROPERTYSET('3i5jfYXr58tBz4TbwxW9i5',#5,'AISC_EM11_Pset_AssemblyIdentification','AssemblyIdentity',(#1107,#52,#53));
#1109= IFCCARTESIANPOINT((81531.9783238786,8120.78047148926,23120.));
#1110= IFCAXIS2PLACEMENT3D(#1109,#601,#602);
#1111= IFCLOCALPLACEMENT(#1105,#1110);
#1112= IFCEXTRUDEDAREASOLID(#74,#76,#9,65.);
#1113= IFCCARTESIANPOINT((0.,13.,0.));
#1114= IFCAXIS2PLACEMENT3D(#1113,#8,#7);
#1115= IFCEXTRUDEDAREASOLID(#78,#1114,#9,8.);
#1116= IFCEXTRUDEDAREASOLID(#67,#606,#9,16.);
#1117= IFCSHAPEREPRESENTATION(#12,'Body','SweptSolid',(#70,#1112,#1115,#1116));
#1118= IFCREPRESENTATIONMAP(#10,#1117);
#1119= IFCMAPPEDITEM(#1118,#612);
#1120= IFCMAPPEDITEM(#1118,#617);
#1121= IFCMAPPEDITEM(#1118,#620);
#1122= IFCMAPPEDITEM(#1118,#623);
#1123= IFCMAPPEDITEM(#1118,#626);
#1124= IFCMAPPEDITEM(#1118,#629);
#1125= IFCMAPPEDITEM(#1118,#632);
#1126= IFCMAPPEDITEM(#1118,#635);
#1127= IFCMAPPEDITEM(#1118,#638);
#1128= IFCMAPPEDITEM(#1118,#641);
#1129= IFCMAPPEDITEM(#1118,#644);
#1130= IFCMAPPEDITEM(#1118,#647);
#1131= IFCMAPPEDITEM(#1118,#650);
#1132= IFCMAPPEDITEM(#1118,#653);
#1133= IFCMAPPEDITEM(#1118,#656);
#1134= IFCMAPPEDITEM(#1118,#659);
#1135= IFCMAPPEDITEM(#1118,#662);
#1136= IFCMAPPEDITEM(#1118,#665);
#1137= IFCMAPPEDITEM(#1118,#668);
#1138= IFCMAPPEDITEM(#1118,#671);
#1139= IFCSHAPEREPRESENTATION(#12,'Body','MappedRepresentation',(#1119,#1120,#1121,#1122,#1123,#1124,#1125,#1126,#1127,#1128,#1129,#1130,#1131,#1132,#1133,#1134,#1135,#1136,#1137,#1138));
#1140= IFCCARTESIANPOINT((0.,65.,0.));
#1141= IFCPOLYLINE((#68,#1140));
#1142= IFCSHAPEREPRESENTATION(#12,'Axis','GeometricCurveSet',(#1141));
#1143= IFCREPRESENTATIONMAP(#10,#1142);
#1144= IFCMAPPEDITEM(#1143,#612);
#1145= IFCMAPPEDITEM(#1143,#617);
#1146= IFCMAPPEDITEM(#1143,#620);
#1147= IFCMAPPEDITEM(#1143,#623);
#1148= IFCMAPPEDITEM(#1143,#626);
#1149= IFCMAPPEDITEM(#1143,#629);
#1150= IFCMAPPEDITEM(#1143,#632);
#1151= IFCMAPPEDITEM(#1143,#635);
#1152= IFCMAPPEDITEM(#1143,#638);
#1153= IFCMAPPEDITEM(#1143,#641);
#1154= IFCMAPPEDITEM(#1143,#644);
#1155= IFCMAPPEDITEM(#1143,#647);
#1156= IFCMAPPEDITEM(#1143,#650);
#1157= IFCMAPPEDITEM(#1143,#653);
#1158= IFCMAPPEDITEM(#1143,#656);
#1159= IFCMAPPEDITEM(#1143,#659);
#1160= IFCMAPPEDITEM(#1143,#662);
#1161= IFCMAPPEDITEM(#1143,#665);
#1162= IFCMAPPEDITEM(#1143,#668);
#1163= IFCMAPPEDITEM(#1143,#671);
#1164= IFCSHAPEREPRESENTATION(#12,'Axis','MappedRepresentation',(#1144,#1145,#1146,#1147,#1148,#1149,#1150,#1151,#1152,#1153,#1154,#1155,#1156,#1157,#1158,#1159,#1160,#1161,#1162,#1163));
#1165= IFCPRODUCTDEFINITIONSHAPE($,$,(#1139,#1164));
#1166= IFCMECHANICALFASTENER('3B6VAM9Ub4fP4t5z1XTGkn',#321,'Bolt assembly',$,$,#1111,#1165,'IDcb19f296-25e9-44a5-9137-17d061750bb1',20.,65.);
#1167= IFCPROPERTYSINGLEVALUE('BoltLength',$,IFCPOSITIVELENGTHMEASURE(65.),$);
#1168= IFCPROPERTYSET('3crCFnkJLBTOiibXKkvR4C',#5,'AISC_EM11_Pset_Bolt','BoltIdentity',(#151,#152,#153,#1167,#155,#156));
#1169= IFCLOCALPLACEMENT(#42,#10);
#1170= IFCELEMENTASSEMBLY('3p1scTkRbEb8TYNrhvRZV_',#321,'BEAM',$,$,#1169,$,'B/391',.NOTDEFINED.,.RIGID_FRAME.);
#1171= IFCPROPERTYSINGLEVALUE('AssemblyMark',$,IFCIDENTIFIER('B/391'),$);
#1172= IFCPROPERTYSET('1qXz9UxX17Ug45tcnOmnS8',#5,'AISC_EM11_Pset_AssemblyIdentification','AssemblyIdentity',(#1171,#52,#53));
#1173= IFCCARTESIANPOINT((82067.9432664795,8120.7804723365,23120.));
#1174= IFCAXIS2PLACEMENT3D(#1173,#450,#7);
#1175= IFCLOCALPLACEMENT(#1169,#1174);
#1176= IFCSHAPEREPRESENTATION(#12,'Body','MappedRepresentation',(#1119,#1120,#1121,#1122,#1123,#1124,#1125,#1126,#1127,#1128,#1129,#1130,#1131,#1132,#1133,#1134,#1135,#1136,#1137,#1138));
#1177= IFCSHAPEREPRESENTATION(#12,'Axis','MappedRepresentation',(#1144,#1145,#1146,#1147,#1148,#1149,#1150,#1151,#1152,#1153,#1154,#1155,#1156,#1157,#1158,#1159,#1160,#1161,#1162,#1163));
#1178= IFCPRODUCTDEFINITIONSHAPE($,$,(#1176,#1177));
#1179= IFCMECHANICALFASTENER('1T_MDLL9fBuPdG9_yFoPEp',#321,'Bolt assembly',$,$,#1175,#1178,'ID5df96355-549a-4be1-99d0-27ef0fc993b3',20.,65.);
#1180= IFCCARTESIANPOINT((81531.9783238786,8120.78047148926,23600.));
#1181= IFCAXIS2PLACEMENT3D(#1180,#709,#602);
#1182= IFCLOCALPLACEMENT(#1105,#1181);
#1183= IFCCARTESIANPOINT((0.,23.,0.));
#1184= IFCAXIS2PLACEMENT3D(#1183,#8,#7);
#1185= IFCEXTRUDEDAREASOLID(#78,#1184,#9,8.);
#1186= IFCCARTESIANPOINT((0.,31.,0.));
#1187= IFCAXIS2PLACEMENT3D(#1186,#8,#7);
#1188= IFCEXTRUDEDAREASOLID(#67,#1187,#9,16.);
#1189= IFCSHAPEREPRESENTATION(#12,'Body','SweptSolid',(#70,#719,#1185,#1188));
#1190= IFCREPRESENTATIONMAP(#10,#1189);
#1191= IFCMAPPEDITEM(#1190,#644);
#1192= IFCMAPPEDITEM(#1190,#647);
#1193= IFCMAPPEDITEM(#1190,#650);
#1194= IFCMAPPEDITEM(#1190,#653);
#1195= IFCMAPPEDITEM(#1190,#656);
#1196= IFCMAPPEDITEM(#1190,#659);
#1197= IFCMAPPEDITEM(#1190,#662);
#1198= IFCMAPPEDITEM(#1190,#665);
#1199= IFCMAPPEDITEM(#1190,#668);
#1200= IFCMAPPEDITEM(#1190,#671);
#1201= IFCMAPPEDITEM(#1190,#612);
#1202= IFCMAPPEDITEM(#1190,#617);
#1203= IFCMAPPEDITEM(#1190,#620);
#1204= IFCMAPPEDITEM(#1190,#623);
#1205= IFCMAPPEDITEM(#1190,#626);
#1206= IFCMAPPEDITEM(#1190,#629);
#1207= IFCMAPPEDITEM(#1190,#632);
#1208= IFCMAPPEDITEM(#1190,#635);
#1209= IFCMAPPEDITEM(#1190,#638);
#1210= IFCMAPPEDITEM(#1190,#641);
#1211= IFCSHAPEREPRESENTATION(#12,'Body','MappedRepresentation',(#1191,#1192,#1193,#1194,#1195,#1196,#1197,#1198,#1199,#1200,#1201,#1202,#1203,#1204,#1205,#1206,#1207,#1208,#1209,#1210));
#1212= IFCSHAPEREPRESENTATION(#12,'Axis','MappedRepresentation',(#747,#748,#749,#750,#751,#752,#753,#754,#755,#756,#757,#758,#759,#760,#761,#762,#763,#764,#765,#766));
#1213= IFCPRODUCTDEFINITIONSHAPE($,$,(#1211,#1212));
#1214= IFCMECHANICALFASTENER('311$1iHkb5LQ2BnaVbE46l',#321,'Bolt assembly',$,$,#1182,#1213,'IDc107f06c-46e9-4555-a08b-c647e53841af',20.,75.);
#1215= IFCCARTESIANPOINT((82067.9432664795,8120.7804723365,23600.));
#1216= IFCAXIS2PLACEMENT3D(#1215,#8,#7);
#1217= IFCLOCALPLACEMENT(#1169,#1216);
#1218= IFCSHAPEREPRESENTATION(#12,'Body','MappedRepresentation',(#1191,#1192,#1193,#1194,#1195,#1196,#1197,#1198,#1199,#1200,#1201,#1202,#1203,#1204,#1205,#1206,#1207,#1208,#1209,#1210));
#1219= IFCSHAPEREPRESENTATION(#12,'Axis','MappedRepresentation',(#747,#748,#749,#750,#751,#752,#753,#754,#755,#756,#757,#758,#759,#760,#761,#762,#763,#764,#765,#766));
#1220= IFCPRODUCTDEFINITIONSHAPE($,$,(#1218,#1219));
#1221= IFCMECHANICALFASTENER('2_WK0E9Ln1seWZRnAZoNKU',#321,'Bolt assembly',$,$,#1217,#1220,'IDbe81400e-255c-41da-8823-6f12a3c9751e',20.,75.);
#1222= IFCCARTESIANPOINT((82022.9432855341,8120.20670672998,23575.));
#1223= IFCAXIS2PLACEMENT3D(#1222,#7,#179);
#1224= IFCLOCALPLACEMENT(#1169,#1223);
#1225= IFCCARTESIANPOINT((0.,5.99998276914543,0.));
#1226= IFCAXIS2PLACEMENT3D(#1225,#8,#7);
#1227= IFCEXTRUDEDAREASOLID(#790,#1226,#9,8.);
#1228= IFCCARTESIANPOINT((0.,13.9999827691454,0.));
#1229= IFCAXIS2PLACEMENT3D(#1228,#8,#7);
#1230= IFCEXTRUDEDAREASOLID(#801,#1229,#9,18.);
#1231= IFCSHAPEREPRESENTATION(#12,'Body','SweptSolid',(#785,#789,#1227,#1230));
#1232= IFCREPRESENTATIONMAP(#10,#1231);
#1233= IFCMAPPEDITEM(#1232,#806);
#1234= IFCMAPPEDITEM(#1232,#811);
#1235= IFCMAPPEDITEM(#1232,#814);
#1236= IFCMAPPEDITEM(#1232,#817);
#1237= IFCSHAPEREPRESENTATION(#12,'Body','MappedRepresentation',(#1233,#1234,#1235,#1236));
#1238= IFCSHAPEREPRESENTATION(#12,'Axis','MappedRepresentation',(#824,#825,#826,#827));
#1239= IFCPRODUCTDEFINITIONSHAPE($,$,(#1237,#1238));
#1240= IFCMECHANICALFASTENER('2rc4rX0svCb860Fn521hok',#44,'Bolt assembly',$,$,#1224,#1239,'IDb5984d61-036e-4c94-8180-3f114206bcae',22.,55.);
#1241= IFCCARTESIANPOINT((81576.9783429322,8120.20669178275,23575.));
#1242= IFCAXIS2PLACEMENT3D(#1241,#229,#179);
#1243= IFCLOCALPLACEMENT(#1105,#1242);
#1244= IFCCARTESIANPOINT((0.,-20.52,0.));
#1245= IFCAXIS2PLACEMENT3D(#1244,#8,#7);
#1246= IFCEXTRUDEDAREASOLID(#782,#1245,#9,14.52);
#1247= IFCCARTESIANPOINT((0.,-6.,0.));
#1248= IFCAXIS2PLACEMENT3D(#1247,#8,#7);
#1249= IFCEXTRUDEDAREASOLID(#786,#1248,#9,55.);
#1250= IFCSHAPEREPRESENTATION(#12,'Body','SweptSolid',(#1246,#1249,#849,#852));
#1251= IFCREPRESENTATIONMAP(#10,#1250);
#1252= IFCMAPPEDITEM(#1251,#806);
#1253= IFCMAPPEDITEM(#1251,#811);
#1254= IFCMAPPEDITEM(#1251,#814);
#1255= IFCMAPPEDITEM(#1251,#817);
#1256= IFCSHAPEREPRESENTATION(#12,'Body','MappedRepresentation',(#1252,#1253,#1254,#1255));
#1257= IFCPOLYLINE((#1244,#820));
#1258= IFCSHAPEREPRESENTATION(#12,'Axis','GeometricCurveSet',(#1257));
#1259= IFCREPRESENTATIONMAP(#10,#1258);
#1260= IFCMAPPEDITEM(#1259,#806);
#1261= IFCMAPPEDITEM(#1259,#811);
#1262= IFCMAPPEDITEM(#1259,#814);
#1263= IFCMAPPEDITEM(#1259,#817);
#1264= IFCSHAPEREPRESENTATION(#12,'Axis','MappedRepresentation',(#1260,#1261,#1262,#1263));
#1265= IFCPRODUCTDEFINITIONSHAPE($,$,(#1256,#1264));
#1266= IFCMECHANICALFASTENER('2RUzCaZXr81BUiRhnPVVaT',#44,'Bolt assembly',$,$,#1243,#1265,'ID9b7bd324-8e1d-4804-b7ac-6ebc597df91d',22.,55.);
#1267= IFCCARTESIANPOINT((82002.943,8114.457,23355.));
#1268= IFCAXIS2PLACEMENT3D(#1267,#7,#179);
#1269= IFCLOCALPLACEMENT(#322,#1268);
#1270= IFCSHAPEREPRESENTATION(#12,'Body','Brep',(#916));
#1271= IFCSHAPEREPRESENTATION(#13,'Axis','GeometricCurveSet',(#918,#921));
#1272= IFCPRODUCTDEFINITIONSHAPE($,$,(#1270,#1271));
#1273= IFCFASTENER('2ygNDO53v7yAAxhwjUBhCx',#44,'Weld',$,$,#1269,#1272,'IDbca97358-143e-47f0-a2bb-afab5e2eb33b');
#1274= IFCPROPERTYSINGLEVALUE('WeldID',$,IFCINTEGER(94254591),$);
#1275= IFCPROPERTYSET('2xolDpCqb0f8NhpxnhOjwG',#5,'AISC_EM11_Pset_Weld','WeldIdentity',(#383,#384,#385,#386,#1274,#388,#389,#390,#926,#392,#393,#394,#395,#396,#397,#398));
#1276= IFCCARTESIANPOINT((81596.978,8104.457,23355.));
#1277= IFCAXIS2PLACEMENT3D(#1276,#229,#179);
#1278= IFCLOCALPLACEMENT(#322,#1277);
#1279= IFCSHAPEREPRESENTATION(#12,'Body','Brep',(#970));
#1280= IFCSHAPEREPRESENTATION(#13,'Axis','GeometricCurveSet',(#918,#921));
#1281= IFCPRODUCTDEFINITIONSHAPE($,$,(#1279,#1280));
#1282= IFCFASTENER('1uBNfdJZfBz8ruwXALv3XJ',#44,'Weld',$,$,#1278,#1281,'ID782d7a67-4e3a-4bf4-8d78-ea1295e43853');
#1283= IFCPROPERTYSINGLEVALUE('WeldID',$,IFCINTEGER(94254564),$);
#1284= IFCPROPERTYSET('0gCeg_8V13_Qjz0hCMBCg4',#5,'AISC_EM11_Pset_Weld','WeldIdentity',(#383,#384,#385,#386,#1283,#388,#389,#390,#926,#392,#393,#394,#395,#396,#397,#398));
#1285= IFCCARTESIANPOINT((82057.9432936416,8109.45670672998,23197.5));
#1286= IFCAXIS2PLACEMENT3D(#1285,#9,#229);
#1287= IFCLOCALPLACEMENT(#322,#1286);
#1288= IFCSHAPEREPRESENTATION(#12,'Body','SweptSolid',(#983));
#1289= IFCPRODUCTDEFINITIONSHAPE($,$,(#1288));
#1290= IFCDISCRETEACCESSORY('2Zha4P5I9EH9gHt_Ym37fo',#44,'Support section',$,$,#1287,#1289,'1053');
#1291= IFCLOCALPLACEMENT(#322,#1223);
#1292= IFCSHAPEREPRESENTATION(#12,'Body','MappedRepresentation',(#994,#995,#996,#997));
#1293= IFCPRODUCTDEFINITIONSHAPE($,$,(#1292));
#1294= IFCOPENINGELEMENT('3pd_GxCgv6TA1XdYQREzYt',#5,$,$,'Opening',#1291,#1293,$);
#1295= IFCRELVOIDSELEMENT('1ZL$MjWNL7yh3FSlbv_X1V',#5,'Drill Hole',$,#1290,#1294);
#1296= IFCCARTESIANPOINT((81541.9783429322,8109.45669178275,23197.5));
#1297= IFCAXIS2PLACEMENT3D(#1296,#9,#7);
#1298= IFCLOCALPLACEMENT(#322,#1297);
#1299= IFCSHAPEREPRESENTATION(#12,'Body','SweptSolid',(#983));
#1300= IFCPRODUCTDEFINITIONSHAPE($,$,(#1299));
#1301= IFCDISCRETEACCESSORY('3HVQIqBYT3FPzqftiRp82F',#44,'Support section',$,$,#1298,#1300,'1053');
#1302= IFCLOCALPLACEMENT(#322,#1242);
#1303= IFCSHAPEREPRESENTATION(#12,'Body','MappedRepresentation',(#1016,#1017,#1018,#1019));
#1304= IFCPRODUCTDEFINITIONSHAPE($,$,(#1303));
#1305= IFCOPENINGELEMENT('34$yxlTTb84uEkoGgE9Bjv',#5,$,$,'Opening',#1302,#1304,$);
#1306= IFCRELVOIDSELEMENT('0V89Geekv6uh6p89IlTxJz',#5,'Drill Hole',$,#1301,#1305);
#1307= IFCCARTESIANPOINT((82782.9432855331,7996.11350671327,23609.5));
#1308= IFCAXIS2PLACEMENT3D(#1307,#9,#8);
#1309= IFCLOCALPLACEMENT(#322,#1308);
#1310= IFCSHAPEREPRESENTATION(#12,'Body','SweptSolid',(#1034));
#1311= IFCPRODUCTDEFINITIONSHAPE($,$,(#1310));
#1312= IFCDISCRETEACCESSORY('2WGQt9t393NgUbIklslMmR',#321,'Steel plate',$,$,#1309,#1311,'1110');
#1313= IFCLOCALPLACEMENT(#322,#1308);
#1314= IFCSHAPEREPRESENTATION(#12,'Body','SweptSolid',(#1041));
#1315= IFCPRODUCTDEFINITIONSHAPE($,$,(#1314));
#1316= IFCOPENINGELEMENT('1bv6o6h6P7sx46YxK6A0tY',#5,$,$,'Recess',#1313,#1315,$);
#1317= IFCRELVOIDSELEMENT('1LzjE3jiXCYAlpFPNCwMSk',#5,$,$,#1312,#1316);
#1318= IFCLOCALPLACEMENT(#322,#1181);
#1319= IFCSHAPEREPRESENTATION(#12,'Body','MappedRepresentation',(#1047,#1048,#1049,#1050,#1051,#1052,#1053,#1054,#1055,#1056,#1057,#1058,#1059,#1060,#1061,#1062,#1063,#1064,#1065,#1066));
#1320= IFCPRODUCTDEFINITIONSHAPE($,$,(#1319));
#1321= IFCOPENINGELEMENT('2Q6AcdwTnDRxvw8_qAqQan',#5,$,$,'Opening',#1318,#1320,$);
#1322= IFCRELVOIDSELEMENT('3WKnpsgVn5wgjb_ws_twVm',#5,'Drill Hole',$,#1312,#1321);
#1323= IFCLOCALPLACEMENT(#322,#1216);
#1324= IFCSHAPEREPRESENTATION(#12,'Body','MappedRepresentation',(#1047,#1048,#1049,#1050,#1051,#1052,#1053,#1054,#1055,#1056,#1057,#1058,#1059,#1060,#1061,#1062,#1063,#1064,#1065,#1066));
#1325= IFCPRODUCTDEFINITIONSHAPE($,$,(#1324));
#1326= IFCOPENINGELEMENT('31WErQJQf8p9H12s$S$JU0',#5,$,$,'Opening',#1323,#1325,$);
#1327= IFCRELVOIDSELEMENT('0F9HD8zzv71fKsQONBDnvt',#5,'Drill Hole',$,#1312,#1326);
#1328= IFCLOCALPLACEMENT(#322,#10);
#1329= IFCELEMENTASSEMBLY('06zvhVz_181gfre2_8rdfl',#321,'PLATE',$,$,#1328,$,'A/63',.NOTDEFINED.,.RIGID_FRAME.);
#1330= IFCCARTESIANPOINT((82782.9432855331,7996.11350671327,23110.5));
#1331= IFCAXIS2PLACEMENT3D(#1330,#9,#8);
#1332= IFCLOCALPLACEMENT(#1328,#1331);
#1333= IFCSHAPEREPRESENTATION(#12,'Body','SweptSolid',(#1034));
#1334= IFCPRODUCTDEFINITIONSHAPE($,$,(#1333));
#1335= IFCPLATE('0gL4x0EJr8URzbiPobos3Y',#321,'main piece','PL19*456','PL19*456',#1332,#1334,'1110');
#1336= IFCLOCALPLACEMENT(#1328,#1331);
#1337= IFCSHAPEREPRESENTATION(#12,'Body','SweptSolid',(#1041));
#1338= IFCPRODUCTDEFINITIONSHAPE($,$,(#1337));
#1339= IFCOPENINGELEMENT('2gK162PGDAiPSeVmkr0s0D',#5,$,$,'Recess',#1336,#1338,$);
#1340= IFCRELVOIDSELEMENT('1GXdNt0fT6lvyWRQXgE1L3',#5,$,$,#1335,#1339);
#1341= IFCLOCALPLACEMENT(#1328,#1110);
#1342= IFCSHAPEREPRESENTATION(#12,'Body','MappedRepresentation',(#1057,#1058,#1059,#1060,#1061,#1062,#1063,#1064,#1065,#1066,#1047,#1048,#1049,#1050,#1051,#1052,#1053,#1054,#1055,#1056));
#1343= IFCPRODUCTDEFINITIONSHAPE($,$,(#1342));
#1344= IFCOPENINGELEMENT('2NYl4Mv4PBnR_1eSmQqG5n',#5,$,$,'Opening',#1341,#1343,$);
#1345= IFCRELVOIDSELEMENT('3fR5Zv$xLFKBxJo5EGXfuk',#5,'Drill Hole',$,#1335,#1344);
#1346= IFCLOCALPLACEMENT(#1328,#1174);
#1347= IFCSHAPEREPRESENTATION(#12,'Body','MappedRepresentation',(#1057,#1058,#1059,#1060,#1061,#1062,#1063,#1064,#1065,#1066,#1047,#1048,#1049,#1050,#1051,#1052,#1053,#1054,#1055,#1056));
#1348= IFCPRODUCTDEFINITIONSHAPE($,$,(#1347));
#1349= IFCOPENINGELEMENT('253pr55zX4rgh3mmFyXWxm',#5,$,$,'Opening',#1346,#1348,$);
#1350= IFCRELVOIDSELEMENT('1zrkcG7591oBZDAS$k$cBg',#5,'Drill Hole',$,#1335,#1349);
#1351= IFCOWNERHISTORY(#3,#4,$,.NOCHANGE.,$,$,$,1772636400);
#1352= IFCOWNERHISTORY(#3,#4,$,.NOCHANGE.,$,$,$,1774447200);
#1353= IFCLOCALPLACEMENT(#42,#10);
#1354= IFCELEMENTASSEMBLY('3BRrftraf5zhinwFqt4YbC',#1352,'BEAM',$,$,#1353,$,'B/75',.NOTDEFINED.,.RIGID_FRAME.);
#1355= IFCPROPERTYSINGLEVALUE('AssemblyMark',$,IFCIDENTIFIER('B/75'),$);
#1356= IFCPROPERTYSET('1Q5xxr8nb7AvOtOcz9rnTl',#5,'AISC_EM11_Pset_AssemblyIdentification','AssemblyIdentity',(#1355,#52,#53));
#1357= IFCCARTESIANPOINT((81531.9783238786,8120.78355314297,13460.));
#1358= IFCAXIS2PLACEMENT3D(#1357,#601,#602);
#1359= IFCLOCALPLACEMENT(#1353,#1358);
#1360= IFCSHAPEREPRESENTATION(#12,'Body','MappedRepresentation',(#615,#618,#621,#624,#627,#630,#633,#636,#639,#642,#645,#648,#651,#654,#657,#660,#663,#666,#669,#672));
#1361= IFCSHAPEREPRESENTATION(#12,'Axis','MappedRepresentation',(#674,#675,#676,#677,#678,#679,#680,#681,#682,#683,#684,#685,#686,#687,#688,#689,#690,#691,#692,#693));
#1362= IFCPRODUCTDEFINITIONSHAPE($,$,(#1360,#1361));
#1363= IFCMECHANICALFASTENER('2VrryOvKX4ExI$yvq81dsQ',#1351,'Bolt assembly',$,$,#1359,#1362,'ID9fd75f18-e548-443b-b4bf-f39d08067d9a',20.,70.);
#1364= IFCOWNERHISTORY(#3,#4,$,.NOCHANGE.,$,$,$,1775494800);
#1365= IFCLOCALPLACEMENT(#42,#10);
#1366= IFCELEMENTASSEMBLY('3iw2ncQ2bD$gPbMKmf7aIM',#1364,'BEAM',$,$,#1365,$,'B/169',.NOTDEFINED.,.RIGID_FRAME.);
#1367= IFCPROPERTYSINGLEVALUE('AssemblyMark',$,IFCIDENTIFIER('B/169'),$);
#1368= IFCPROPERTYSET('0B1cs9YIL1l99f4mEZPjEc',#5,'AISC_EM11_Pset_AssemblyIdentification','AssemblyIdentity',(#1367,#52,#53));
#1369= IFCCARTESIANPOINT((82067.9432664795,8120.78355399021,13460.));
#1370= IFCAXIS2PLACEMENT3D(#1369,#450,#7);
#1371= IFCLOCALPLACEMENT(#1365,#1370);
#1372= IFCSHAPEREPRESENTATION(#12,'Body','MappedRepresentation',(#615,#618,#621,#624,#627,#630,#633,#636,#639,#642,#645,#648,#651,#654,#657,#660,#663,#666,#669,#672));
#1373= IFCSHAPEREPRESENTATION(#12,'Axis','MappedRepresentation',(#674,#675,#676,#677,#678,#679,#680,#681,#682,#683,#684,#685,#686,#687,#688,#689,#690,#691,#692,#693));
#1374= IFCPRODUCTDEFINITIONSHAPE($,$,(#1372,#1373));
#1375= IFCMECHANICALFASTENER('12zpSuX7v7s8iH9RdlrH70',#1351,'Bolt assembly',$,$,#1371,#1374,'ID42f73738-847e-47d8-8b11-25b9efd511c0',20.,70.);
#1376= IFCCARTESIANPOINT((81531.9783238786,8120.78355314297,13900.));
#1377= IFCAXIS2PLACEMENT3D(#1376,#709,#602);
#1378= IFCLOCALPLACEMENT(#1353,#1377);
#1379= IFCSHAPEREPRESENTATION(#12,'Body','MappedRepresentation',(#722,#723,#724,#725,#726,#727,#728,#729,#730,#731,#732,#733,#734,#735,#736,#737,#738,#739,#740,#741));
#1380= IFCSHAPEREPRESENTATION(#12,'Axis','MappedRepresentation',(#747,#748,#749,#750,#751,#752,#753,#754,#755,#756,#757,#758,#759,#760,#761,#762,#763,#764,#765,#766));
#1381= IFCPRODUCTDEFINITIONSHAPE($,$,(#1379,#1380));
#1382= IFCMECHANICALFASTENER('2gK4P46uH8HwKtAz4ZgubN',#1351,'Bolt assembly',$,$,#1378,#1381,'IDaa504644-1b84-4847-a537-2bd123ab8957',20.,75.);
#1383= IFCCARTESIANPOINT((82067.9432664795,8120.78355399021,13900.));
#1384= IFCAXIS2PLACEMENT3D(#1383,#8,#7);
#1385= IFCLOCALPLACEMENT(#1365,#1384);
#1386= IFCSHAPEREPRESENTATION(#12,'Body','MappedRepresentation',(#722,#723,#724,#725,#726,#727,#728,#729,#730,#731,#732,#733,#734,#735,#736,#737,#738,#739,#740,#741));
#1387= IFCSHAPEREPRESENTATION(#12,'Axis','MappedRepresentation',(#747,#748,#749,#750,#751,#752,#753,#754,#755,#756,#757,#758,#759,#760,#761,#762,#763,#764,#765,#766));
#1388= IFCPRODUCTDEFINITIONSHAPE($,$,(#1386,#1387));
#1389= IFCMECHANICALFASTENER('0$kCKltf1FCA0oY4DRpG3p',#1351,'Bolt assembly',$,$,#1385,#1388,'ID3fb8c52f-de90-4f30-a032-88435bcd00f3',20.,75.);
#1390= IFCCARTESIANPOINT((82022.9432855341,8120.2097883837,13900.));
#1391= IFCAXIS2PLACEMENT3D(#1390,#7,#179);
#1392= IFCLOCALPLACEMENT(#1365,#1391);
#1393= IFCSHAPEREPRESENTATION(#12,'Body','MappedRepresentation',(#809,#812,#815,#818));
#1394= IFCSHAPEREPRESENTATION(#12,'Axis','MappedRepresentation',(#824,#825,#826,#827));
#1395= IFCPRODUCTDEFINITIONSHAPE($,$,(#1393,#1394));
#1396= IFCMECHANICALFASTENER('085vtll2n2LPCvWRyAcw$F',#1351,'Bolt assembly',$,$,#1392,#1395,'ID08179def-bc2c-4255-9339-81bf0a9bafcf',22.,55.);
#1397= IFCCARTESIANPOINT((81576.9783429322,8120.20977343647,13900.));
#1398= IFCAXIS2PLACEMENT3D(#1397,#229,#179);
#1399= IFCLOCALPLACEMENT(#1353,#1398);
#1400= IFCSHAPEREPRESENTATION(#12,'Body','MappedRepresentation',(#855,#856,#857,#858));
#1401= IFCSHAPEREPRESENTATION(#12,'Axis','MappedRepresentation',(#863,#864,#865,#866));
#1402= IFCPRODUCTDEFINITIONSHAPE($,$,(#1400,#1401));
#1403= IFCMECHANICALFASTENER('3x$ccrrLf2OAVr1OtLlk6o',#1351,'Bolt assembly',$,$,#1399,#1402,'IDfbfe69b5-d55a-4260-a7f5-058dd5bee1b2',22.,55.);
#1404= IFCCARTESIANPOINT((82002.943,8114.46,13680.));
#1405= IFCAXIS2PLACEMENT3D(#1404,#7,#179);
#1406= IFCLOCALPLACEMENT(#322,#1405);
#1407= IFCSHAPEREPRESENTATION(#12,'Body','Brep',(#916));
#1408= IFCSHAPEREPRESENTATION(#13,'Axis','GeometricCurveSet',(#918,#921));
#1409= IFCPRODUCTDEFINITIONSHAPE($,$,(#1407,#1408));
#1410= IFCFASTENER('2cGt0kPZTAc8GTdLyOUF0q',#1351,'Weld',$,$,#1406,#1409,'IDa643702e-6637-4a98-841d-9d5f1878f034');
#1411= IFCPROPERTYSINGLEVALUE('WeldID',$,IFCINTEGER(93147183),$);
#1412= IFCPROPERTYSET('10R9jXVszCuwgdm1SXOjlB',#5,'AISC_EM11_Pset_Weld','WeldIdentity',(#383,#384,#385,#386,#1411,#388,#389,#390,#926,#392,#393,#394,#395,#396,#397,#398));
#1413= IFCCARTESIANPOINT((81596.978,8104.46,13680.));
#1414= IFCAXIS2PLACEMENT3D(#1413,#229,#179);
#1415= IFCLOCALPLACEMENT(#322,#1414);
#1416= IFCSHAPEREPRESENTATION(#12,'Body','Brep',(#970));
#1417= IFCSHAPEREPRESENTATION(#13,'Axis','GeometricCurveSet',(#918,#921));
#1418= IFCPRODUCTDEFINITIONSHAPE($,$,(#1416,#1417));
#1419= IFCFASTENER('22$s6v70b4ffwSq5eESNfC',#1351,'Weld',$,$,#1415,#1418,'ID82ff61b9-1c09-44a6-9e9c-d05a0e717a4c');
#1420= IFCPROPERTYSINGLEVALUE('WeldID',$,IFCINTEGER(93147156),$);
#1421= IFCPROPERTYSET('0CtDcoPpf8Hvxp3Ein5Xn3',#5,'AISC_EM11_Pset_Weld','WeldIdentity',(#383,#384,#385,#386,#1420,#388,#389,#390,#926,#392,#393,#394,#395,#396,#397,#398));
#1422= IFCCARTESIANPOINT((82057.9432936416,8109.45978838369,13522.5));
#1423= IFCAXIS2PLACEMENT3D(#1422,#9,#229);
#1424= IFCLOCALPLACEMENT(#322,#1423);
#1425= IFCSHAPEREPRESENTATION(#12,'Body','SweptSolid',(#983));
#1426= IFCPRODUCTDEFINITIONSHAPE($,$,(#1425));
#1427= IFCDISCRETEACCESSORY('39BOHFgZj4uva8NzXhA51x',#1351,'Support section',$,$,#1424,#1426,'1053');
#1428= IFCLOCALPLACEMENT(#322,#1391);
#1429= IFCSHAPEREPRESENTATION(#12,'Body','MappedRepresentation',(#994,#995,#996,#997));
#1430= IFCPRODUCTDEFINITIONSHAPE($,$,(#1429));
#1431= IFCOPENINGELEMENT('3rDvy6BU52ugiIf7ckwDCh',#5,$,$,'Opening',#1428,#1430,$);
#1432= IFCRELVOIDSELEMENT('1IsyEzKCf9tuSPv5gWuiDn',#5,'Drill Hole',$,#1427,#1431);
#1433= IFCCARTESIANPOINT((81541.9783429322,8109.45977343647,13522.5));
#1434= IFCAXIS2PLACEMENT3D(#1433,#9,#7);
#1435= IFCLOCALPLACEMENT(#322,#1434);
#1436= IFCSHAPEREPRESENTATION(#12,'Body','SweptSolid',(#983));
#1437= IFCPRODUCTDEFINITIONSHAPE($,$,(#1436));
#1438= IFCDISCRETEACCESSORY('0UuYLo1L11julNg_MBKAdU',#1351,'Support section',$,$,#1435,#1437,'1053');
#1439= IFCLOCALPLACEMENT(#322,#1398);
#1440= IFCSHAPEREPRESENTATION(#12,'Body','MappedRepresentation',(#1016,#1017,#1018,#1019));
#1441= IFCPRODUCTDEFINITIONSHAPE($,$,(#1440));
#1442= IFCOPENINGELEMENT('00VNGJi49BkeTo9p_R5jeN',#5,$,$,'Opening',#1439,#1441,$);
#1443= IFCRELVOIDSELEMENT('09eswzLaTC2QC1A3PQGezU',#5,'Drill Hole',$,#1438,#1442);
#1444= IFCCARTESIANPOINT((82782.9432855331,7996.11658836699,13909.5));
#1445= IFCAXIS2PLACEMENT3D(#1444,#9,#8);
#1446= IFCLOCALPLACEMENT(#322,#1445);
#1447= IFCSHAPEREPRESENTATION(#12,'Body','SweptSolid',(#1034));
#1448= IFCPRODUCTDEFINITIONSHAPE($,$,(#1447));
#1449= IFCDISCRETEACCESSORY('3PDp3ijRb2FB$9t0oTEyt2',#1351,'Steel plate',$,$,#1446,#1448,'1110');
#1450= IFCLOCALPLACEMENT(#322,#1445);
#1451= IFCSHAPEREPRESENTATION(#12,'Body','SweptSolid',(#1041));
#1452= IFCPRODUCTDEFINITIONSHAPE($,$,(#1451));
#1453= IFCOPENINGELEMENT('1Xw4mwCQDB8QDXZemdALkO',#5,$,$,'Recess',#1450,#1452,$);
#1454= IFCRELVOIDSELEMENT('0EG9rniEP9Q9pOqNKjCIhR',#5,$,$,#1449,#1453);
#1455= IFCLOCALPLACEMENT(#322,#1377);
#1456= IFCSHAPEREPRESENTATION(#12,'Body','MappedRepresentation',(#1047,#1048,#1049,#1050,#1051,#1052,#1053,#1054,#1055,#1056,#1057,#1058,#1059,#1060,#1061,#1062,#1063,#1064,#1065,#1066));
#1457= IFCPRODUCTDEFINITIONSHAPE($,$,(#1456));
#1458= IFCOPENINGELEMENT('3Of7lidVb3tRnpXcukgg1K',#5,$,$,'Opening',#1455,#1457,$);
#1459= IFCRELVOIDSELEMENT('0pr$d8dof1qwSg4wwehXl8',#5,'Drill Hole',$,#1449,#1458);
#1460= IFCLOCALPLACEMENT(#322,#1384);
#1461= IFCSHAPEREPRESENTATION(#12,'Body','MappedRepresentation',(#1047,#1048,#1049,#1050,#1051,#1052,#1053,#1054,#1055,#1056,#1057,#1058,#1059,#1060,#1061,#1062,#1063,#1064,#1065,#1066));
#1462= IFCPRODUCTDEFINITIONSHAPE($,$,(#1461));
#1463= IFCOPENINGELEMENT('29m2wJDHPBzehp$YUkwKo8',#5,$,$,'Opening',#1460,#1462,$);
#1464= IFCRELVOIDSELEMENT('3eje5pwJzBxuJt8DRDx7Jr',#5,'Drill Hole',$,#1449,#1463);
#1465= IFCLOCALPLACEMENT(#322,#10);
#1466= IFCELEMENTASSEMBLY('2i9jr8nITCFOx9V$gukeK1',#44,'PLATE',$,$,#1465,$,'A/63',.NOTDEFINED.,.RIGID_FRAME.);
#1467= IFCCARTESIANPOINT((82782.9432855331,7996.11658836699,13450.5));
#1468= IFCAXIS2PLACEMENT3D(#1467,#9,#8);
#1469= IFCLOCALPLACEMENT(#1465,#1468);
#1470= IFCSHAPEREPRESENTATION(#12,'Body','SweptSolid',(#1034));
#1471= IFCPRODUCTDEFINITIONSHAPE($,$,(#1470));
#1472= IFCPLATE('2H9fpzMzz0WhglemSZc85L',#44,'main piece','PL19*456','PL19*456',#1469,#1471,'1110');
#1473= IFCLOCALPLACEMENT(#1465,#1468);
#1474= IFCSHAPEREPRESENTATION(#12,'Body','SweptSolid',(#1041));
#1475= IFCPRODUCTDEFINITIONSHAPE($,$,(#1474));
#1476= IFCOPENINGELEMENT('1$iPvM7Jb30vrzzs2eGPhW',#5,$,$,'Recess',#1473,#1475,$);
#1477= IFCRELVOIDSELEMENT('0Dhgcgqh10Dvsv0nrMKNhe',#5,$,$,#1472,#1476);
#1478= IFCLOCALPLACEMENT(#1465,#1358);
#1479= IFCSHAPEREPRESENTATION(#12,'Body','MappedRepresentation',(#1057,#1058,#1059,#1060,#1061,#1062,#1063,#1064,#1065,#1066,#1047,#1048,#1049,#1050,#1051,#1052,#1053,#1054,#1055,#1056));
#1480= IFCPRODUCTDEFINITIONSHAPE($,$,(#1479));
#1481= IFCOPENINGELEMENT('3RgDnRwl96WRDuSTeMKruw',#5,$,$,'Opening',#1478,#1480,$);
#1482= IFCRELVOIDSELEMENT('0hSFz6dbbEw8R537dhVtnT',#5,'Drill Hole',$,#1472,#1481);
#1483= IFCLOCALPLACEMENT(#1465,#1370);
#1484= IFCSHAPEREPRESENTATION(#12,'Body','MappedRepresentation',(#1057,#1058,#1059,#1060,#1061,#1062,#1063,#1064,#1065,#1066,#1047,#1048,#1049,#1050,#1051,#1052,#1053,#1054,#1055,#1056));
#1485= IFCPRODUCTDEFINITIONSHAPE($,$,(#1484));
#1486= IFCOPENINGELEMENT('2Nt5TFPHv9_8o8RRDDKMYz',#5,$,$,'Opening',#1483,#1485,$);
#1487= IFCRELVOIDSELEMENT('1ZgiXKSafBuxekpB42dtuG',#5,'Drill Hole',$,#1472,#1486);
#1488= IFCOWNERHISTORY(#3,#4,$,.NOCHANGE.,$,$,$,1764176400);
#1489= IFCCARTESIANPOINT((81799.9608154297,8323.40689849854,8416.));
#1490= IFCAXIS2PLACEMENT3D(#1489,#7,#450);
#1491= IFCLOCALPLACEMENT(#322,#1490);
#1492= IFCCARTESIANPOINT((15.58845726813,0.));
#1493= IFCCARTESIANPOINT((7.794228634065,13.5000000000019));
#1494= IFCCARTESIANPOINT((-7.794228634065,13.5000000000019));
#1495= IFCCARTESIANPOINT((-15.58845726813,0.));
#1496= IFCCARTESIANPOINT((-7.794228634065,-13.5000000000019));
#1497= IFCCARTESIANPOINT((7.794228634065,-13.5000000000019));
#1498= IFCPOLYLINE((#1492,#1493,#1494,#1495,#1496,#1497,#1492));
#1499= IFCARBITRARYCLOSEDPROFILEDEF(.AREA.,$,#1498);
#1500= IFCCARTESIANPOINT((0.,-10.,0.));
#1501= IFCAXIS2PLACEMENT3D(#1500,#8,#7);
#1502= IFCEXTRUDEDAREASOLID(#1499,#1501,#9,10.);
#1503= IFCCIRCLEPROFILEDEF(.AREA.,$,#73,8.);
#1504= IFCAXIS2PLACEMENT3D(#6,#8,#7);
#1505= IFCEXTRUDEDAREASOLID(#1503,#1504,#9,40.);
#1506= IFCCIRCLEPROFILEDEF(.AREA.,$,#73,15.);
#1507= IFCCARTESIANPOINT((0.,16.,0.));
#1508= IFCAXIS2PLACEMENT3D(#1507,#8,#7);
#1509= IFCEXTRUDEDAREASOLID(#1506,#1508,#9,4.);
#1510= IFCCARTESIANPOINT((0.,20.,0.));
#1511= IFCAXIS2PLACEMENT3D(#1510,#8,#7);
#1512= IFCEXTRUDEDAREASOLID(#1499,#1511,#9,13.);
#1513= IFCCARTESIANPOINT((3.,0.,200.));
#1514= IFCCARTESIANTRANSFORMATIONOPERATOR3D($,$,#1513,$,$);
#1515= IFCSHAPEREPRESENTATION(#12,'Body','SweptSolid',(#1502,#1505,#1509,#1512));
#1516= IFCREPRESENTATIONMAP(#10,#1515);
#1517= IFCMAPPEDITEM(#1516,#1514);
#1518= IFCCARTESIANPOINT((3.,0.,-200.));
#1519= IFCCARTESIANTRANSFORMATIONOPERATOR3D($,$,#1518,$,$);
#1520= IFCMAPPEDITEM(#1516,#1519);
#1521= IFCCARTESIANPOINT((403.,0.,200.));
#1522= IFCCARTESIANTRANSFORMATIONOPERATOR3D($,$,#1521,$,$);
#1523= IFCMAPPEDITEM(#1516,#1522);
#1524= IFCCARTESIANPOINT((403.,0.,-200.));
#1525= IFCCARTESIANTRANSFORMATIONOPERATOR3D($,$,#1524,$,$);
#1526= IFCMAPPEDITEM(#1516,#1525);
#1527= IFCSHAPEREPRESENTATION(#12,'Body','MappedRepresentation',(#1517,#1520,#1523,#1526));
#1528= IFCCARTESIANPOINT((0.,40.,0.));
#1529= IFCPOLYLINE((#1500,#1528));
#1530= IFCSHAPEREPRESENTATION(#12,'Axis','GeometricCurveSet',(#1529));
#1531= IFCREPRESENTATIONMAP(#10,#1530);
#1532= IFCMAPPEDITEM(#1531,#1514);
#1533= IFCMAPPEDITEM(#1531,#1519);
#1534= IFCMAPPEDITEM(#1531,#1522);
#1535= IFCMAPPEDITEM(#1531,#1525);
#1536= IFCSHAPEREPRESENTATION(#12,'Axis','MappedRepresentation',(#1532,#1533,#1534,#1535));
#1537= IFCPRODUCTDEFINITIONSHAPE($,$,(#1527,#1536));
#1538= IFCMECHANICALFASTENER('1vbyB_XXr4s9D87yX1RdyY',#1488,'Bolt assembly',$,$,#1491,#1537,'ID7997c2fe-861d-44d8-9348-1fc8416e7f22',16.,40.);
#1539= IFCPROPERTYSINGLEVALUE('BoltGrade',$,IFCIDENTIFIER('10.9'),$);
#1540= IFCPROPERTYSINGLEVALUE('BoltDiameter',$,IFCPOSITIVELENGTHMEASURE(16.),$);
#1541= IFCPROPERTYSINGLEVALUE('BoltLength',$,IFCPOSITIVELENGTHMEASURE(40.),$);
#1542= IFCPROPERTYSINGLEVALUE('BoltStandard',$,IFCIDENTIFIER('6914'),$);
#1543= IFCPROPERTYSINGLEVALUE('BoltType',$,IFCIDENTIFIER('6914'),$);
#1544= IFCPROPERTYSET('27ChsmglPCrwNfNUI8zfyz',#5,'AISC_EM11_Pset_Bolt','BoltIdentity',(#151,#1539,#1540,#1541,#1542,#1543));
#1545= IFCPROPERTYSINGLEVALUE('NutSize',$,IFCPOSITIVELENGTHMEASURE(16.),$);
#1546= IFCPROPERTYSINGLEVALUE('NutStandard',$,IFCIDENTIFIER('6915'),$);
#1547= IFCPROPERTYSET('2J$oMtFmj0SPpVrnNkAG_Y',#5,'AISC_EM11_Pset_Nut','NutIdentity',(#1545,#1546));
#1548= IFCPROPERTYSINGLEVALUE('WasherThickness',$,IFCPOSITIVELENGTHMEASURE(4.),$);
#1549= IFCPROPERTYSINGLEVALUE('WasherSize',$,IFCPOSITIVELENGTHMEASURE(16.),$);
#1550= IFCPROPERTYSINGLEVALUE('WasherStandard',$,IFCIDENTIFIER('6916'),$);
#1551= IFCPROPERTYSET('2OXhNwPov6ZvDxahhKLXeu',#5,'AISC_EM11_Pset_Washer','WasherIdentity',(#1548,#1549,#1550,#164));
#1552= IFCOWNERHISTORY(#3,#4,$,.NOCHANGE.,$,$,$,1763060400);
#1553= IFCCARTESIANPOINT((82001.4188023604,8102.78160846534,8416.));
#1554= IFCDIRECTION((0.996194698069128,-0.0871557430061811,0.));
#1555= IFCDIRECTION((0.0871557430061814,0.996194698069128,0.));
#1556= IFCAXIS2PLACEMENT3D(#1553,#1554,#1555);
#1557= IFCLOCALPLACEMENT(#322,#1556);
#1558= IFCCARTESIANPOINT((17.6926157781782,0.,-404.45504742238));
#1559= IFCCARTESIANPOINT((17.6926157781782,8.48528137423818,-404.45504742238));
#1560= IFCCARTESIANPOINT((-17.6926157773796,8.48528137423818,-404.455047422409));
#1561= IFCCARTESIANPOINT((-17.6926157773796,0.,-404.455047422409));
#1562= IFCPOLYLOOP((#1558,#1559,#1560,#1561));
#1563= IFCFACEOUTERBOUND(#1562,.T.);
#1564= IFCFACE((#1563));
#1565= IFCCARTESIANPOINT((18.4349817052607,0.,-412.940328796554));
#1566= IFCCARTESIANPOINT((-18.434981704444,0.,-412.940328796612));
#1567= IFCPOLYLOOP((#1559,#1565,#1566,#1560));
#1568= IFCFACEOUTERBOUND(#1567,.T.);
#1569= IFCFACE((#1568));
#1570= IFCPOLYLOOP((#1565,#1558,#1561,#1566));
#1571= IFCFACEOUTERBOUND(#1570,.T.);
#1572= IFCFACE((#1571));
#1573= IFCCARTESIANPOINT((52.5402661562202,0.,-398.310466446434));
#1574= IFCCARTESIANPOINT((52.5402661562202,8.48528137423818,-398.310466446434));
#1575= IFCPOLYLOOP((#1573,#1574,#1559,#1558));
#1576= IFCFACEOUTERBOUND(#1575,.T.);
#1577= IFCFACE((#1576));
#1578= IFCCARTESIANPOINT((54.744807524412,0.,-406.53792683981));
#1579= IFCPOLYLOOP((#1574,#1578,#1565,#1559));
#1580= IFCFACEOUTERBOUND(#1579,.T.);
#1581= IFCFACE((#1580));
#1582= IFCPOLYLOOP((#1578,#1573,#1558,#1565));
#1583= IFCFACEOUTERBOUND(#1582,.T.);
#1584= IFCFACE((#1583));
#1585= IFCCARTESIANPOINT((85.7915071337666,0.,-386.208004478234));
#1586= IFCCARTESIANPOINT((85.7915071337666,8.48528137423818,-386.208004478234));
#1587= IFCPOLYLOOP((#1585,#1586,#1574,#1573));
#1588= IFCFACEOUTERBOUND(#1587,.T.);
#1589= IFCFACE((#1588));
#1590= IFCCARTESIANPOINT((89.3912400691479,0.,-393.927656670043));
#1591= IFCPOLYLOOP((#1586,#1590,#1578,#1574));
#1592= IFCFACEOUTERBOUND(#1591,.T.);
#1593= IFCFACE((#1592));
#1594= IFCPOLYLOOP((#1590,#1585,#1573,#1578));
#1595= IFCFACEOUTERBOUND(#1594,.T.);
#1596= IFCFACE((#1595));
#1597= IFCCARTESIANPOINT((116.436016579659,0.,-368.515388700544));
#1598= IFCCARTESIANPOINT((116.436016579659,8.48528137423818,-368.515388700544));
#1599= IFCPOLYLOOP((#1597,#1598,#1586,#1585));
#1600= IFCFACEOUTERBOUND(#1599,.T.);
#1601= IFCFACE((#1600));
#1602= IFCCARTESIANPOINT((121.321565018536,0.,-375.492674965295));
#1603= IFCPOLYLOOP((#1598,#1602,#1590,#1586));
#1604= IFCFACEOUTERBOUND(#1603,.T.);
#1605= IFCFACE((#1604));
#1606= IFCPOLYLOOP((#1602,#1597,#1585,#1590));
#1607= IFCFACEOUTERBOUND(#1606,.T.);
#1608= IFCFACE((#1607));
#1609= IFCCARTESIANPOINT((143.54267658125,0.,-345.770200290877));
#1610= IFCCARTESIANPOINT((143.54267658125,8.48528137423818,-345.770200290877));
#1611= IFCPOLYLOOP((#1609,#1610,#1598,#1597));
#1612= IFCFACEOUTERBOUND(#1611,.T.);
#1613= IFCFACE((#1612));
#1614= IFCCARTESIANPOINT((149.565595606518,0.,-351.793119316077));
#1615= IFCPOLYLOOP((#1610,#1614,#1602,#1598));
#1616= IFCFACEOUTERBOUND(#1615,.T.);
#1617= IFCFACE((#1616));
#1618= IFCPOLYLOOP((#1614,#1609,#1597,#1602));
#1619= IFCFACEOUTERBOUND(#1618,.T.);
#1620= IFCFACE((#1619));
#1621= IFCCARTESIANPOINT((166.287864991025,0.,-318.663540289446));
#1622= IFCCARTESIANPOINT((166.287864991025,8.48528137423818,-318.663540289446));
#1623= IFCPOLYLOOP((#1621,#1622,#1610,#1609));
#1624= IFCFACEOUTERBOUND(#1623,.T.);
#1625= IFCFACE((#1624));
#1626= IFCCARTESIANPOINT((173.265151255846,0.,-323.54908872825));
#1627= IFCPOLYLOOP((#1622,#1626,#1614,#1610));
#1628= IFCFACEOUTERBOUND(#1627,.T.);
#1629= IFCFACE((#1628));
#1630= IFCPOLYLOOP((#1626,#1621,#1609,#1614));
#1631= IFCFACEOUTERBOUND(#1630,.T.);
#1632= IFCFACE((#1631));
#1633= IFCCARTESIANPOINT((183.980480768774,0.,-288.01903084373));
#1634= IFCCARTESIANPOINT((183.980480768774,8.48528137423818,-288.01903084373));
#1635= IFCPOLYLOOP((#1633,#1634,#1622,#1621));
#1636= IFCFACEOUTERBOUND(#1635,.T.);
#1637= IFCFACE((#1636));
#1638= IFCCARTESIANPOINT((191.700132960666,0.,-291.618763779072));
#1639= IFCPOLYLOOP((#1634,#1638,#1626,#1622));
#1640= IFCFACEOUTERBOUND(#1639,.T.);
#1641= IFCFACE((#1640));
#1642= IFCPOLYLOOP((#1638,#1633,#1621,#1626));
#1643= IFCFACEOUTERBOUND(#1642,.T.);
#1644= IFCFACE((#1643));
#1645= IFCCARTESIANPOINT((196.082942736986,0.,-254.767789866397));
#1646= IFCCARTESIANPOINT((196.082942736986,8.48528137423818,-254.767789866397));
#1647= IFCPOLYLOOP((#1645,#1646,#1634,#1633));
#1648= IFCFACEOUTERBOUND(#1647,.T.);
#1649= IFCFACE((#1648));
#1650= IFCCARTESIANPOINT((204.310403130434,0.,-256.97233123456));
#1651= IFCPOLYLOOP((#1646,#1650,#1638,#1634));
#1652= IFCFACEOUTERBOUND(#1651,.T.);
#1653= IFCFACE((#1652));
#1654= IFCPOLYLOOP((#1650,#1645,#1633,#1638));
#1655= IFCFACEOUTERBOUND(#1654,.T.);
#1656= IFCFACE((#1655));
#1657= IFCCARTESIANPOINT((202.227523712898,0.,-219.920139488604));
#1658= IFCCARTESIANPOINT((202.227523712898,8.48528137423818,-219.920139488604));
#1659= IFCPOLYLOOP((#1657,#1658,#1646,#1645));
#1660= IFCFACEOUTERBOUND(#1659,.T.);
#1661= IFCFACE((#1660));
#1662= IFCCARTESIANPOINT((210.712805087138,0.,-220.662505415647));
#1663= IFCPOLYLOOP((#1658,#1662,#1650,#1646));
#1664= IFCFACEOUTERBOUND(#1663,.T.);
#1665= IFCFACE((#1664));
#1666= IFCPOLYLOOP((#1662,#1657,#1645,#1650));
#1667= IFCFACEOUTERBOUND(#1666,.T.);
#1668= IFCFACE((#1667));
#1669= IFCCARTESIANPOINT((202.227523712862,0.,-184.534907933281));
#1670= IFCCARTESIANPOINT((202.227523712862,8.48528137423818,-184.534907933281));
#1671= IFCPOLYLOOP((#1669,#1670,#1658,#1657));
#1672= IFCFACEOUTERBOUND(#1671,.T.);
#1673= IFCFACE((#1672));
#1674= IFCCARTESIANPOINT((210.712805087102,0.,-183.792542006224));
#1675= IFCPOLYLOOP((#1670,#1674,#1662,#1658));
#1676= IFCFACEOUTERBOUND(#1675,.T.);
#1677= IFCFACE((#1676));
#1678= IFCPOLYLOOP((#1674,#1669,#1657,#1662));
#1679= IFCFACEOUTERBOUND(#1678,.T.);
#1680= IFCFACE((#1679));
#1681= IFCCARTESIANPOINT((196.082942736883,0.,-149.687257555503));
#1682= IFCCARTESIANPOINT((196.082942736883,8.48528137423818,-149.687257555503));
#1683= IFCPOLYLOOP((#1681,#1682,#1670,#1669));
#1684= IFCFACEOUTERBOUND(#1683,.T.);
#1685= IFCFACE((#1684));
#1686= IFCCARTESIANPOINT((204.310403130325,0.,-147.48271618734));
#1687= IFCPOLYLOOP((#1682,#1686,#1674,#1670));
#1688= IFCFACEOUTERBOUND(#1687,.T.);
#1689= IFCFACE((#1688));
#1690= IFCPOLYLOOP((#1686,#1681,#1669,#1674));
#1691= IFCFACEOUTERBOUND(#1690,.T.);
#1692= IFCFACE((#1691));
#1693= IFCCARTESIANPOINT((183.980480768605,0.,-116.436016578213));
#1694= IFCCARTESIANPOINT((183.980480768605,8.48528137423818,-116.436016578213));
#1695= IFCPOLYLOOP((#1693,#1694,#1682,#1681));
#1696= IFCFACEOUTERBOUND(#1695,.T.);
#1697= IFCFACE((#1696));
#1698= IFCCARTESIANPOINT((191.70013296049,0.,-112.836283642857));
#1699= IFCPOLYLOOP((#1694,#1698,#1686,#1682));
#1700= IFCFACEOUTERBOUND(#1699,.T.);
#1701= IFCFACE((#1700));
#1702= IFCPOLYLOOP((#1698,#1693,#1681,#1686));
#1703= IFCFACEOUTERBOUND(#1702,.T.);
#1704= IFCFACE((#1703));
#1705= IFCCARTESIANPOINT((166.287864990796,0.,-85.7915071325406));
#1706= IFCCARTESIANPOINT((166.287864990796,8.48528137423818,-85.7915071325406));
#1707= IFCPOLYLOOP((#1705,#1706,#1694,#1693));
#1708= IFCFACEOUTERBOUND(#1707,.T.);
#1709= IFCFACE((#1708));
#1710= IFCCARTESIANPOINT((173.265151255604,0.,-80.9059586937074));
#1711= IFCPOLYLOOP((#1706,#1710,#1698,#1694));
#1712= IFCFACEOUTERBOUND(#1711,.T.);
#1713= IFCFACE((#1712));
#1714= IFCPOLYLOOP((#1710,#1705,#1693,#1698));
#1715= IFCFACEOUTERBOUND(#1714,.T.);
#1716= IFCFACE((#1715));
#1717= IFCCARTESIANPOINT((143.542676580966,0.,-58.6848471311678));
#1718= IFCCARTESIANPOINT((143.542676580966,8.48528137423818,-58.6848471311678));
#1719= IFCPOLYLOOP((#1717,#1718,#1706,#1705));
#1720= IFCFACEOUTERBOUND(#1719,.T.);
#1721= IFCFACE((#1720));
#1722= IFCCARTESIANPOINT((149.56559560622,0.,-52.6619281059393));
#1723= IFCPOLYLOOP((#1718,#1722,#1710,#1706));
#1724= IFCFACEOUTERBOUND(#1723,.T.);
#1725= IFCFACE((#1724));
#1726= IFCPOLYLOOP((#1722,#1717,#1705,#1710));
#1727= IFCFACEOUTERBOUND(#1726,.T.);
#1728= IFCFACE((#1727));
#1729= IFCCARTESIANPOINT((116.43601657933,0.,-35.9396587215597));
#1730= IFCCARTESIANPOINT((116.43601657933,8.48528137423818,-35.9396587215597));
#1731= IFCPOLYLOOP((#1729,#1730,#1718,#1717));
#1732= IFCFACEOUTERBOUND(#1731,.T.);
#1733= IFCFACE((#1732));
#1734= IFCCARTESIANPOINT((121.321565018194,0.,-28.9623724567937));
#1735= IFCPOLYLOOP((#1730,#1734,#1722,#1718));
#1736= IFCFACEOUTERBOUND(#1735,.T.);
#1737= IFCFACE((#1736));
#1738= IFCPOLYLOOP((#1734,#1729,#1717,#1722));
#1739= IFCFACEOUTERBOUND(#1738,.T.);
#1740= IFCFACE((#1739));
#1741= IFCCARTESIANPOINT((85.7915071334046,0.,-18.2470429439418));
#1742= IFCCARTESIANPOINT((85.7915071334046,8.48528137423818,-18.2470429439418));
#1743= IFCPOLYLOOP((#1741,#1742,#1730,#1729));
#1744= IFCFACEOUTERBOUND(#1743,.T.);
#1745= IFCFACE((#1744));
#1746= IFCCARTESIANPOINT((89.3912400687677,0.,-10.5273907521041));
#1747= IFCPOLYLOOP((#1742,#1746,#1734,#1730));
#1748= IFCFACEOUTERBOUND(#1747,.T.);
#1749= IFCFACE((#1748));
#1750= IFCPOLYLOOP((#1746,#1741,#1729,#1734));
#1751= IFCFACEOUTERBOUND(#1750,.T.);
#1752= IFCFACE((#1751));
#1753= IFCCARTESIANPOINT((52.540266155831,0.,-6.14458097582974));
#1754= IFCCARTESIANPOINT((52.540266155831,8.48528137423818,-6.14458097582974));
#1755= IFCPOLYLOOP((#1753,#1754,#1742,#1741));
#1756= IFCFACEOUTERBOUND(#1755,.T.);
#1757= IFCFACE((#1756));
#1758= IFCCARTESIANPOINT((54.7448075240063,0.,2.08287941756134));
#1759= IFCPOLYLOOP((#1754,#1758,#1746,#1742));
#1760= IFCFACEOUTERBOUND(#1759,.T.);
#1761= IFCFACE((#1760));
#1762= IFCPOLYLOOP((#1758,#1753,#1741,#1746));
#1763= IFCFACEOUTERBOUND(#1762,.T.);
#1764= IFCFACE((#1763));
#1765= IFCCARTESIANPOINT((17.6926157777798,0.,1.45519152283669E-11));
#1766= IFCCARTESIANPOINT((17.6926157777798,8.48528137423818,1.45519152283669E-11));
#1767= IFCPOLYLOOP((#1765,#1766,#1754,#1753));
#1768= IFCFACEOUTERBOUND(#1767,.T.);
#1769= IFCFACE((#1768));
#1770= IFCCARTESIANPOINT((18.4349817048442,0.,8.48528137420362));
#1771= IFCPOLYLOOP((#1766,#1770,#1758,#1754));
#1772= IFCFACEOUTERBOUND(#1771,.T.);
#1773= IFCFACE((#1772));
#1774= IFCPOLYLOOP((#1770,#1765,#1753,#1758));
#1775= IFCFACEOUTERBOUND(#1774,.T.);
#1776= IFCFACE((#1775));
#1777= IFCCARTESIANPOINT((-17.692615777778,0.,-1.45519152283669E-11));
#1778= IFCCARTESIANPOINT((-17.692615777778,8.48528137423818,-1.45519152283669E-11));
#1779= IFCPOLYLOOP((#1777,#1778,#1766,#1765));
#1780= IFCFACEOUTERBOUND(#1779,.T.);
#1781= IFCFACE((#1780));
#1782= IFCCARTESIANPOINT((-18.4349817048605,0.,8.48528137415997));
#1783= IFCPOLYLOOP((#1778,#1782,#1770,#1766));
#1784= IFCFACEOUTERBOUND(#1783,.T.);
#1785= IFCFACE((#1784));
#1786= IFCPOLYLOOP((#1782,#1777,#1765,#1770));
#1787= IFCFACEOUTERBOUND(#1786,.T.);
#1788= IFCFACE((#1787));
#1789= IFCCARTESIANPOINT((-52.5402661558201,0.,-6.14458097596071));
#1790= IFCCARTESIANPOINT((-52.5402661558201,8.48528137423818,-6.14458097596071));
#1791= IFCPOLYLOOP((#1789,#1790,#1778,#1777));
#1792= IFCFACEOUTERBOUND(#1791,.T.);
#1793= IFCFACE((#1792));
#1794= IFCCARTESIANPOINT((-54.7448075240118,0.,2.08287941740127));
#1795= IFCPOLYLOOP((#1790,#1794,#1782,#1778));
#1796= IFCFACEOUTERBOUND(#1795,.T.);
#1797= IFCFACE((#1796));
#1798= IFCPOLYLOOP((#1794,#1789,#1777,#1782));
#1799= IFCFACEOUTERBOUND(#1798,.T.);
#1800= IFCFACE((#1799));
#1801= IFCCARTESIANPOINT((-85.7915071333682,0.,-18.2470429441746));
#1802= IFCCARTESIANPOINT((-85.7915071333682,8.48528137423818,-18.2470429441746));
#1803= IFCPOLYLOOP((#1801,#1802,#1790,#1789));
#1804= IFCFACEOUTERBOUND(#1803,.T.);
#1805= IFCFACE((#1804));
#1806= IFCCARTESIANPOINT((-89.3912400687459,0.,-10.5273907523515));
#1807= IFCPOLYLOOP((#1802,#1806,#1794,#1790));
#1808= IFCFACEOUTERBOUND(#1807,.T.);
#1809= IFCFACE((#1808));
#1810= IFCPOLYLOOP((#1806,#1801,#1789,#1794));
#1811= IFCFACEOUTERBOUND(#1810,.T.);
#1812= IFCFACE((#1811));
#1813= IFCCARTESIANPOINT((-116.436016579259,0.,-35.9396587218653));
#1814= IFCCARTESIANPOINT((-116.436016579259,8.48528137423818,-35.9396587218653));
#1815= IFCPOLYLOOP((#1813,#1814,#1802,#1801));
#1816= IFCFACEOUTERBOUND(#1815,.T.);
#1817= IFCFACE((#1816));
#1818= IFCCARTESIANPOINT((-121.321565018136,0.,-28.9623724570993));
#1819= IFCPOLYLOOP((#1814,#1818,#1806,#1802));
#1820= IFCFACEOUTERBOUND(#1819,.T.);
#1821= IFCFACE((#1820));
#1822= IFCPOLYLOOP((#1818,#1813,#1801,#1806));
#1823= IFCFACEOUTERBOUND(#1822,.T.);
#1824= IFCFACE((#1823));
#1825= IFCCARTESIANPOINT((-143.54267658085,0.,-58.684847131517));
#1826= IFCCARTESIANPOINT((-143.54267658085,8.48528137423818,-58.684847131517));
#1827= IFCPOLYLOOP((#1825,#1826,#1814,#1813));
#1828= IFCFACEOUTERBOUND(#1827,.T.);
#1829= IFCFACE((#1828));
#1830= IFCCARTESIANPOINT((-149.565595606118,0.,-52.6619281063176));
#1831= IFCPOLYLOOP((#1826,#1830,#1818,#1814));
#1832= IFCFACEOUTERBOUND(#1831,.T.);
#1833= IFCFACE((#1832));
#1834= IFCPOLYLOOP((#1830,#1825,#1813,#1818));
#1835= IFCFACEOUTERBOUND(#1834,.T.);
#1836= IFCFACE((#1835));
#1837= IFCCARTESIANPOINT((-166.287864990625,0.,-85.7915071329626));
#1838= IFCCARTESIANPOINT((-166.287864990625,8.48528137423818,-85.7915071329626));
#1839= IFCPOLYLOOP((#1837,#1838,#1826,#1825));
#1840= IFCFACEOUTERBOUND(#1839,.T.);
#1841= IFCFACE((#1840));
#1842= IFCCARTESIANPOINT((-173.265151255446,0.,-80.9059586941439));
#1843= IFCPOLYLOOP((#1838,#1842,#1830,#1826));
#1844= IFCFACEOUTERBOUND(#1843,.T.);
#1845= IFCFACE((#1844));
#1846= IFCPOLYLOOP((#1842,#1837,#1825,#1830));
#1847= IFCFACEOUTERBOUND(#1846,.T.);
#1848= IFCFACE((#1847));
#1849= IFCCARTESIANPOINT((-183.980480768374,0.,-116.436016578664));
#1850= IFCCARTESIANPOINT((-183.980480768374,8.48528137423818,-116.436016578664));
#1851= IFCPOLYLOOP((#1849,#1850,#1838,#1837));
#1852= IFCFACEOUTERBOUND(#1851,.T.);
#1853= IFCFACE((#1852));
#1854= IFCCARTESIANPOINT((-191.700132960266,0.,-112.836283643337));
#1855= IFCPOLYLOOP((#1850,#1854,#1842,#1838));
#1856= IFCFACEOUTERBOUND(#1855,.T.);
#1857= IFCFACE((#1856));
#1858= IFCPOLYLOOP((#1854,#1849,#1837,#1842));
#1859= IFCFACEOUTERBOUND(#1858,.T.);
#1860= IFCFACE((#1859));
#1861= IFCCARTESIANPOINT((-196.082942736584,0.,-149.687257555997));
#1862= IFCCARTESIANPOINT((-196.082942736584,8.48528137423818,-149.687257555997));
#1863= IFCPOLYLOOP((#1861,#1862,#1850,#1849));
#1864= IFCFACEOUTERBOUND(#1863,.T.);
#1865= IFCFACE((#1864));
#1866= IFCCARTESIANPOINT((-204.31040313003,0.,-147.482716187835));
#1867= IFCPOLYLOOP((#1862,#1866,#1854,#1850));
#1868= IFCFACEOUTERBOUND(#1867,.T.);
#1869= IFCFACE((#1868));
#1870= IFCPOLYLOOP((#1866,#1861,#1849,#1854));
#1871= IFCFACEOUTERBOUND(#1870,.T.);
#1872= IFCFACE((#1871));
#1873= IFCCARTESIANPOINT((-202.227523712498,0.,-184.534907933805));
#1874= IFCCARTESIANPOINT((-202.227523712498,8.48528137423818,-184.534907933805));
#1875= IFCPOLYLOOP((#1873,#1874,#1862,#1861));
#1876= IFCFACEOUTERBOUND(#1875,.T.);
#1877= IFCFACE((#1876));
#1878= IFCCARTESIANPOINT((-210.71280508674,0.,-183.792542006748));
#1879= IFCPOLYLOOP((#1874,#1878,#1866,#1862));
#1880= IFCFACEOUTERBOUND(#1879,.T.);
#1881= IFCFACE((#1880));
#1882= IFCPOLYLOOP((#1878,#1873,#1861,#1866));
#1883= IFCFACEOUTERBOUND(#1882,.T.);
#1884= IFCFACE((#1883));
#1885= IFCCARTESIANPOINT((-202.227523712463,0.,-219.920139489113));
#1886= IFCCARTESIANPOINT((-202.227523712463,8.48528137423818,-219.920139489113));
#1887= IFCPOLYLOOP((#1885,#1886,#1874,#1873));
#1888= IFCFACEOUTERBOUND(#1887,.T.);
#1889= IFCFACE((#1888));
#1890= IFCCARTESIANPOINT((-210.712805086701,0.,-220.662505416185));
#1891= IFCPOLYLOOP((#1886,#1890,#1878,#1874));
#1892= IFCFACEOUTERBOUND(#1891,.T.);
#1893= IFCFACE((#1892));
#1894= IFCPOLYLOOP((#1890,#1885,#1873,#1878));
#1895= IFCFACEOUTERBOUND(#1894,.T.);
#1896= IFCFACE((#1895));
#1897= IFCCARTESIANPOINT((-196.082942736482,0.,-254.767789866892));
#1898= IFCCARTESIANPOINT((-196.082942736482,8.48528137423818,-254.767789866892));
#1899= IFCPOLYLOOP((#1897,#1898,#1886,#1885));
#1900= IFCFACEOUTERBOUND(#1899,.T.);
#1901= IFCFACE((#1900));
#1902= IFCCARTESIANPOINT((-204.310403129924,0.,-256.972331235069));
#1903= IFCPOLYLOOP((#1898,#1902,#1890,#1886));
#1904= IFCFACEOUTERBOUND(#1903,.T.);
#1905= IFCFACE((#1904));
#1906= IFCPOLYLOOP((#1902,#1897,#1885,#1890));
#1907= IFCFACEOUTERBOUND(#1906,.T.);
#1908= IFCFACE((#1907));
#1909= IFCCARTESIANPOINT((-183.980480768207,0.,-288.019030844196));
#1910= IFCCARTESIANPOINT((-183.980480768207,8.48528137423818,-288.019030844196));
#1911= IFCPOLYLOOP((#1909,#1910,#1898,#1897));
#1912= IFCFACEOUTERBOUND(#1911,.T.);
#1913= IFCFACE((#1912));
#1914= IFCCARTESIANPOINT((-191.70013296009,0.,-291.618763779552));
#1915= IFCPOLYLOOP((#1910,#1914,#1902,#1898));
#1916= IFCFACEOUTERBOUND(#1915,.T.);
#1917= IFCFACE((#1916));
#1918= IFCPOLYLOOP((#1914,#1909,#1897,#1902));
#1919= IFCFACEOUTERBOUND(#1918,.T.);
#1920= IFCFACE((#1919));
#1921= IFCCARTESIANPOINT((-166.287864990396,0.,-318.663540289854));
#1922= IFCCARTESIANPOINT((-166.287864990396,8.48528137423818,-318.663540289854));
#1923= IFCPOLYLOOP((#1921,#1922,#1910,#1909));
#1924= IFCFACEOUTERBOUND(#1923,.T.);
#1925= IFCFACE((#1924));
#1926= IFCCARTESIANPOINT((-173.265151255206,0.,-323.549088728701));
#1927= IFCPOLYLOOP((#1922,#1926,#1914,#1910));
#1928= IFCFACEOUTERBOUND(#1927,.T.);
#1929= IFCFACE((#1928));
#1930= IFCPOLYLOOP((#1926,#1921,#1909,#1914));
#1931= IFCFACEOUTERBOUND(#1930,.T.);
#1932= IFCFACE((#1931));
#1933= IFCCARTESIANPOINT((-143.542676580566,0.,-345.770200291241));
#1934= IFCCARTESIANPOINT((-143.542676580566,8.48528137423818,-345.770200291241));
#1935= IFCPOLYLOOP((#1933,#1934,#1922,#1921));
#1936= IFCFACEOUTERBOUND(#1935,.T.);
#1937= IFCFACE((#1936));
#1938= IFCCARTESIANPOINT((-149.56559560582,0.,-351.793119316455));
#1939= IFCPOLYLOOP((#1934,#1938,#1926,#1922));
#1940= IFCFACEOUTERBOUND(#1939,.T.);
#1941= IFCFACE((#1940));
#1942= IFCPOLYLOOP((#1938,#1933,#1921,#1926));
#1943= IFCFACEOUTERBOUND(#1942,.T.);
#1944= IFCFACE((#1943));
#1945= IFCCARTESIANPOINT((-116.436016578928,0.,-368.515388700835));
#1946= IFCCARTESIANPOINT((-116.436016578928,8.48528137423818,-368.515388700835));
#1947= IFCPOLYLOOP((#1945,#1946,#1934,#1933));
#1948= IFCFACEOUTERBOUND(#1947,.T.);
#1949= IFCFACE((#1948));
#1950= IFCCARTESIANPOINT((-121.321565017794,0.,-375.492674965601));
#1951= IFCPOLYLOOP((#1946,#1950,#1938,#1934));
#1952= IFCFACEOUTERBOUND(#1951,.T.);
#1953= IFCFACE((#1952));
#1954= IFCPOLYLOOP((#1950,#1945,#1933,#1938));
#1955= IFCFACEOUTERBOUND(#1954,.T.);
#1956= IFCFACE((#1955));
#1957= IFCCARTESIANPOINT((-85.7915071330044,0.,-386.208004478452));
#1958= IFCCARTESIANPOINT((-85.7915071330044,8.48528137423818,-386.208004478452));
#1959= IFCPOLYLOOP((#1957,#1958,#1946,#1945));
#1960= IFCFACEOUTERBOUND(#1959,.T.);
#1961= IFCFACE((#1960));
#1962= IFCCARTESIANPOINT((-89.3912400683676,0.,-393.927656670276));
#1963= IFCPOLYLOOP((#1958,#1962,#1950,#1946));
#1964= IFCFACEOUTERBOUND(#1963,.T.);
#1965= IFCFACE((#1964));
#1966= IFCPOLYLOOP((#1962,#1957,#1945,#1950));
#1967= IFCFACEOUTERBOUND(#1966,.T.);
#1968= IFCFACE((#1967));
#1969= IFCCARTESIANPOINT((-52.5402661554326,0.,-398.310466446579));
#1970= IFCCARTESIANPOINT((-52.5402661554326,8.48528137423818,-398.310466446579));
#1971= IFCPOLYLOOP((#1969,#1970,#1958,#1957));
#1972= IFCFACEOUTERBOUND(#1971,.T.);
#1973= IFCFACE((#1972));
#1974= IFCCARTESIANPOINT((-54.744807523608,0.,-406.53792683997));
#1975= IFCPOLYLOOP((#1970,#1974,#1962,#1958));
#1976= IFCFACEOUTERBOUND(#1975,.T.);
#1977= IFCFACE((#1976));
#1978= IFCPOLYLOOP((#1974,#1969,#1957,#1962));
#1979= IFCFACEOUTERBOUND(#1978,.T.);
#1980= IFCFACE((#1979));
#1981= IFCPOLYLOOP((#1561,#1560,#1970,#1969));
#1982= IFCFACEOUTERBOUND(#1981,.T.);
#1983= IFCFACE((#1982));
#1984= IFCPOLYLOOP((#1560,#1566,#1974,#1970));
#1985= IFCFACEOUTERBOUND(#1984,.T.);
#1986= IFCFACE((#1985));
#1987= IFCPOLYLOOP((#1566,#1561,#1969,#1974));
#1988= IFCFACEOUTERBOUND(#1987,.T.);
#1989= IFCFACE((#1988));
#1990= IFCPOLYLOOP((#1566,#1561,#1560));
#1991= IFCFACEOUTERBOUND(#1990,.T.);
#1992= IFCFACE((#1991));
#1993= IFCPOLYLOOP((#1566,#1560,#1561));
#1994= IFCFACEOUTERBOUND(#1993,.T.);
#1995= IFCFACE((#1994));
#1996= IFCCARTESIANPOINT((-49.4344376142126,0.,-386.719356531161));
#1997= IFCCARTESIANPOINT((-49.4344376142126,8.48528137423818,-386.719356531161));
#1998= IFCCARTESIANPOINT((-16.6467468644205,8.48528137423818,-392.500711045417));
#1999= IFCCARTESIANPOINT((-16.6467468644205,0.,-392.500711045417));
#2000= IFCPOLYLOOP((#1996,#1997,#1998,#1999));
#2001= IFCFACEOUTERBOUND(#2000,.T.);
#2002= IFCFACE((#2001));
#2003= IFCCARTESIANPOINT((-47.2298962460391,0.,-378.491896137799));
#2004= IFCCARTESIANPOINT((-15.9043809373525,0.,-384.015429671213));
#2005= IFCPOLYLOOP((#1997,#2003,#2004,#1998));
#2006= IFCFACEOUTERBOUND(#2005,.T.);
#2007= IFCFACE((#2006));
#2008= IFCPOLYLOOP((#2003,#1996,#1999,#2004));
#2009= IFCFACEOUTERBOUND(#2008,.T.);
#2010= IFCFACE((#2009));
#2011= IFCCARTESIANPOINT((-80.7200879921256,0.,-375.332311034086));
#2012= IFCCARTESIANPOINT((-80.7200879921256,8.48528137423818,-375.332311034086));
#2013= IFCPOLYLOOP((#2011,#2012,#1997,#1996));
#2014= IFCFACEOUTERBOUND(#2013,.T.);
#2015= IFCFACE((#2014));
#2016= IFCCARTESIANPOINT((-77.1203550567625,0.,-367.612658842248));
#2017= IFCPOLYLOOP((#2012,#2016,#2003,#1997));
#2018= IFCFACEOUTERBOUND(#2017,.T.);
#2019= IFCFACE((#2018));
#2020= IFCPOLYLOOP((#2016,#2011,#1996,#2003));
#2021= IFCFACEOUTERBOUND(#2020,.T.);
#2022= IFCFACE((#2021));
#2023= IFCCARTESIANPOINT((-109.553099342726,0.,-358.685564169442));
#2024= IFCCARTESIANPOINT((-109.553099342726,8.48528137423818,-358.685564169442));
#2025= IFCPOLYLOOP((#2023,#2024,#2012,#2011));
#2026= IFCFACEOUTERBOUND(#2025,.T.);
#2027= IFCFACE((#2026));
#2028= IFCCARTESIANPOINT((-104.667550903863,0.,-351.708277904676));
#2029= IFCPOLYLOOP((#2024,#2028,#2016,#2012));
#2030= IFCFACEOUTERBOUND(#2029,.T.);
#2031= IFCFACE((#2030));
#2032= IFCPOLYLOOP((#2028,#2023,#2011,#2016));
#2033= IFCFACEOUTERBOUND(#2032,.T.);
#2034= IFCFACE((#2033));
#2035= IFCCARTESIANPOINT((-135.057395206333,0.,-337.284918917037));
#2036= IFCCARTESIANPOINT((-135.057395206333,8.48528137423818,-337.284918917037));
#2037= IFCPOLYLOOP((#2035,#2036,#2024,#2023));
#2038= IFCFACEOUTERBOUND(#2037,.T.);
#2039= IFCFACE((#2038));
#2040= IFCCARTESIANPOINT((-129.034476181076,0.,-331.261999891809));
#2041= IFCPOLYLOOP((#2036,#2040,#2028,#2024));
#2042= IFCFACEOUTERBOUND(#2041,.T.);
#2043= IFCFACE((#2042));
#2044= IFCPOLYLOOP((#2040,#2035,#2023,#2028));
#2045= IFCFACEOUTERBOUND(#2044,.T.);
#2046= IFCFACE((#2045));
#2047= IFCCARTESIANPOINT((-156.458040458932,0.,-311.780623053666));
#2048= IFCCARTESIANPOINT((-156.458040458932,8.48528137423818,-311.780623053666));
#2049= IFCPOLYLOOP((#2047,#2048,#2036,#2035));
#2050= IFCFACEOUTERBOUND(#2049,.T.);
#2051= IFCFACE((#2050));
#2052= IFCCARTESIANPOINT((-149.480754194121,0.,-306.895074614818));
#2053= IFCPOLYLOOP((#2048,#2052,#2040,#2036));
#2054= IFCFACEOUTERBOUND(#2053,.T.);
#2055= IFCFACE((#2054));
#2056= IFCPOLYLOOP((#2052,#2047,#2035,#2040));
#2057= IFCFACEOUTERBOUND(#2056,.T.);
#2058= IFCFACE((#2057));
#2059= IFCCARTESIANPOINT((-173.104787323768,0.,-282.947611703319));
#2060= IFCCARTESIANPOINT((-173.104787323768,8.48528137423818,-282.947611703319));
#2061= IFCPOLYLOOP((#2059,#2060,#2048,#2047));
#2062= IFCFACEOUTERBOUND(#2061,.T.);
#2063= IFCFACE((#2062));
#2064= IFCCARTESIANPOINT((-165.385135131883,0.,-279.347878767963));
#2065= IFCPOLYLOOP((#2060,#2064,#2052,#2048));
#2066= IFCFACEOUTERBOUND(#2065,.T.);
#2067= IFCFACE((#2066));
#2068= IFCPOLYLOOP((#2064,#2059,#2047,#2052));
#2069= IFCFACEOUTERBOUND(#2068,.T.);
#2070= IFCFACE((#2069));
#2071= IFCCARTESIANPOINT((-184.491832821013,0.,-251.661961325663));
#2072= IFCCARTESIANPOINT((-184.491832821013,8.48528137423818,-251.661961325663));
#2073= IFCPOLYLOOP((#2071,#2072,#2060,#2059));
#2074= IFCFACEOUTERBOUND(#2073,.T.);
#2075= IFCFACE((#2074));
#2076= IFCCARTESIANPOINT((-176.264372427571,0.,-249.4574199575));
#2077= IFCPOLYLOOP((#2072,#2076,#2064,#2060));
#2078= IFCFACEOUTERBOUND(#2077,.T.);
#2079= IFCFACE((#2078));
#2080= IFCPOLYLOOP((#2076,#2071,#2059,#2064));
#2081= IFCFACEOUTERBOUND(#2080,.T.);
#2082= IFCFACE((#2081));
#2083= IFCCARTESIANPOINT((-190.273187335357,0.,-218.874270576111));
#2084= IFCCARTESIANPOINT((-190.273187335357,8.48528137423818,-218.874270576111));
#2085= IFCPOLYLOOP((#2083,#2084,#2072,#2071));
#2086= IFCFACEOUTERBOUND(#2085,.T.);
#2087= IFCFACE((#2086));
#2088= IFCCARTESIANPOINT((-181.787905961119,0.,-218.131904649039));
#2089= IFCPOLYLOOP((#2084,#2088,#2076,#2072));
#2090= IFCFACEOUTERBOUND(#2089,.T.);
#2091= IFCFACE((#2090));
#2092= IFCPOLYLOOP((#2088,#2083,#2071,#2076));
#2093= IFCFACEOUTERBOUND(#2092,.T.);
#2094= IFCFACE((#2093));
#2095= IFCCARTESIANPOINT((-190.273187335391,0.,-185.580776846749));
#2096= IFCCARTESIANPOINT((-190.273187335391,8.48528137423818,-185.580776846749));
#2097= IFCPOLYLOOP((#2095,#2096,#2084,#2083));
#2098= IFCFACEOUTERBOUND(#2097,.T.);
#2099= IFCFACE((#2098));
#2100= IFCCARTESIANPOINT((-181.78790596115,0.,-186.323142773806));
#2101= IFCPOLYLOOP((#2096,#2100,#2088,#2084));
#2102= IFCFACEOUTERBOUND(#2101,.T.);
#2103= IFCFACE((#2102));
#2104= IFCPOLYLOOP((#2100,#2095,#2083,#2088));
#2105= IFCFACEOUTERBOUND(#2104,.T.);
#2106= IFCFACE((#2105));
#2107= IFCCARTESIANPOINT((-184.491832821112,0.,-152.793086097212));
#2108= IFCCARTESIANPOINT((-184.491832821112,8.48528137423818,-152.793086097212));
#2109= IFCPOLYLOOP((#2107,#2108,#2096,#2095));
#2110= IFCFACEOUTERBOUND(#2109,.T.);
#2111= IFCFACE((#2110));
#2112= IFCCARTESIANPOINT((-176.264372427666,0.,-154.997627465345));
#2113= IFCPOLYLOOP((#2108,#2112,#2100,#2096));
#2114= IFCFACEOUTERBOUND(#2113,.T.);
#2115= IFCFACE((#2114));
#2116= IFCPOLYLOOP((#2112,#2107,#2095,#2100));
#2117= IFCFACEOUTERBOUND(#2116,.T.);
#2118= IFCFACE((#2117));
#2119= IFCCARTESIANPOINT((-173.104787323928,0.,-121.507435719512));
#2120= IFCCARTESIANPOINT((-173.104787323928,8.48528137423818,-121.507435719512));
#2121= IFCPOLYLOOP((#2119,#2120,#2108,#2107));
#2122= IFCFACEOUTERBOUND(#2121,.T.);
#2123= IFCFACE((#2122));
#2124= IFCCARTESIANPOINT((-165.385135132035,0.,-125.107168654838));
#2125= IFCPOLYLOOP((#2120,#2124,#2112,#2108));
#2126= IFCFACEOUTERBOUND(#2125,.T.);
#2127= IFCFACE((#2126));
#2128= IFCPOLYLOOP((#2124,#2119,#2107,#2112));
#2129= IFCFACEOUTERBOUND(#2128,.T.);
#2130= IFCFACE((#2129));
#2131= IFCCARTESIANPOINT((-156.458040459149,0.,-92.674424369121));
#2132= IFCCARTESIANPOINT((-156.458040459149,8.48528137423818,-92.674424369121));
#2133= IFCPOLYLOOP((#2131,#2132,#2120,#2119));
#2134= IFCFACEOUTERBOUND(#2133,.T.);
#2135= IFCFACE((#2134));
#2136= IFCCARTESIANPOINT((-149.480754194328,0.,-97.5599728079396));
#2137= IFCPOLYLOOP((#2132,#2136,#2124,#2120));
#2138= IFCFACEOUTERBOUND(#2137,.T.);
#2139= IFCFACE((#2138));
#2140= IFCPOLYLOOP((#2136,#2131,#2119,#2124));
#2141= IFCFACEOUTERBOUND(#2140,.T.);
#2142= IFCFACE((#2141));
#2143= IFCCARTESIANPOINT((-135.057395206602,0.,-67.1701285057061));
#2144= IFCCARTESIANPOINT((-135.057395206602,8.48528137423818,-67.1701285057061));
#2145= IFCPOLYLOOP((#2143,#2144,#2132,#2131));
#2146= IFCFACEOUTERBOUND(#2145,.T.);
#2147= IFCFACE((#2146));
#2148= IFCCARTESIANPOINT((-129.034476181334,0.,-73.1930475309055));
#2149= IFCPOLYLOOP((#2144,#2148,#2136,#2132));
#2150= IFCFACEOUTERBOUND(#2149,.T.);
#2151= IFCFACE((#2150));
#2152= IFCPOLYLOOP((#2148,#2143,#2131,#2136));
#2153= IFCFACEOUTERBOUND(#2152,.T.);
#2154= IFCFACE((#2153));
#2155= IFCCARTESIANPOINT((-109.553099343035,0.,-45.7694832532579));
#2156= IFCCARTESIANPOINT((-109.553099343035,8.48528137423818,-45.7694832532579));
#2157= IFCPOLYLOOP((#2155,#2156,#2144,#2143));
#2158= IFCFACEOUTERBOUND(#2157,.T.);
#2159= IFCFACE((#2158));
#2160= IFCCARTESIANPOINT((-104.667550904156,0.,-52.7467695179948));
#2161= IFCPOLYLOOP((#2156,#2160,#2148,#2144));
#2162= IFCFACEOUTERBOUND(#2161,.T.);
#2163= IFCFACE((#2162));
#2164= IFCPOLYLOOP((#2160,#2155,#2143,#2148));
#2165= IFCFACEOUTERBOUND(#2164,.T.);
#2166= IFCFACE((#2165));
#2167= IFCCARTESIANPOINT((-80.7200879924658,0.,-29.1227363885118));
#2168= IFCCARTESIANPOINT((-80.7200879924658,8.48528137423818,-29.1227363885118));
#2169= IFCPOLYLOOP((#2167,#2168,#2156,#2155));
#2170= IFCFACEOUTERBOUND(#2169,.T.);
#2171= IFCFACE((#2170));
#2172= IFCCARTESIANPOINT((-77.1203550570881,0.,-36.8423885803495));
#2173= IFCPOLYLOOP((#2168,#2172,#2160,#2156));
#2174= IFCFACEOUTERBOUND(#2173,.T.);
#2175= IFCFACE((#2174));
#2176= IFCPOLYLOOP((#2172,#2167,#2155,#2160));
#2177= IFCFACEOUTERBOUND(#2176,.T.);
#2178= IFCFACE((#2177));
#2179= IFCCARTESIANPOINT((-49.4344376145764,0.,-17.7356908913498));
#2180= IFCCARTESIANPOINT((-49.4344376145764,8.48528137423818,-17.7356908913498));
#2181= IFCPOLYLOOP((#2179,#2180,#2168,#2167));
#2182= IFCFACEOUTERBOUND(#2181,.T.);
#2183= IFCFACE((#2182));
#2184= IFCCARTESIANPOINT((-47.2298962463883,0.,-25.9631512847263));
#2185= IFCPOLYLOOP((#2180,#2184,#2172,#2168));
#2186= IFCFACEOUTERBOUND(#2185,.T.);
#2187= IFCFACE((#2186));
#2188= IFCPOLYLOOP((#2184,#2179,#2167,#2172));
#2189= IFCFACEOUTERBOUND(#2188,.T.);
#2190= IFCFACE((#2189));
#2191= IFCCARTESIANPOINT((-16.6467468647952,0.,-11.9543363770354));
#2192= IFCCARTESIANPOINT((-16.6467468647952,8.48528137423818,-11.9543363770354));
#2193= IFCPOLYLOOP((#2191,#2192,#2180,#2179));
#2194= IFCFACEOUTERBOUND(#2193,.T.);
#2195= IFCFACE((#2194));
#2196= IFCCARTESIANPOINT((-15.9043809377126,0.,-20.4396177512099));
#2197= IFCPOLYLOOP((#2192,#2196,#2184,#2180));
#2198= IFCFACEOUTERBOUND(#2197,.T.);
#2199= IFCFACE((#2198));
#2200= IFCPOLYLOOP((#2196,#2191,#2179,#2184));
#2201= IFCFACEOUTERBOUND(#2200,.T.);
#2202= IFCFACE((#2201));
#2203= IFCCARTESIANPOINT((16.6467468648189,0.,-11.9543363769917));
#2204= IFCCARTESIANPOINT((16.6467468648189,8.48528137423818,-11.9543363769917));
#2205= IFCPOLYLOOP((#2203,#2204,#2192,#2191));
#2206= IFCFACEOUTERBOUND(#2205,.T.);
#2207= IFCFACE((#2206));
#2208= IFCCARTESIANPOINT((15.9043809377526,0.,-20.4396177511808));
#2209= IFCPOLYLOOP((#2204,#2208,#2196,#2192));
#2210= IFCFACEOUTERBOUND(#2209,.T.);
#2211= IFCFACE((#2210));
#2212= IFCPOLYLOOP((#2208,#2203,#2191,#2196));
#2213= IFCFACEOUTERBOUND(#2212,.T.);
#2214= IFCFACE((#2213));
#2215= IFCCARTESIANPOINT((49.4344376146128,0.,-17.7356908912334));
#2216= IFCCARTESIANPOINT((49.4344376146128,8.48528137423818,-17.7356908912334));
#2217= IFCPOLYLOOP((#2215,#2216,#2204,#2203));
#2218= IFCFACEOUTERBOUND(#2217,.T.);
#2219= IFCFACE((#2218));
#2220= IFCCARTESIANPOINT((47.2298962464392,0.,-25.9631512846099));
#2221= IFCPOLYLOOP((#2216,#2220,#2208,#2204));
#2222= IFCFACEOUTERBOUND(#2221,.T.);
#2223= IFCFACE((#2222));
#2224= IFCPOLYLOOP((#2220,#2215,#2203,#2208));
#2225= IFCFACEOUTERBOUND(#2224,.T.);
#2226= IFCFACE((#2225));
#2227= IFCCARTESIANPOINT((80.720087992524,0.,-29.1227363883081));
#2228= IFCCARTESIANPOINT((80.720087992524,8.48528137423818,-29.1227363883081));
#2229= IFCPOLYLOOP((#2227,#2228,#2216,#2215));
#2230= IFCFACEOUTERBOUND(#2229,.T.);
#2231= IFCFACE((#2230));
#2232= IFCCARTESIANPOINT((77.1203550571645,0.,-36.8423885801458));
#2233= IFCPOLYLOOP((#2228,#2232,#2220,#2216));
#2234= IFCFACEOUTERBOUND(#2233,.T.);
#2235= IFCFACE((#2234));
#2236= IFCPOLYLOOP((#2232,#2227,#2215,#2220));
#2237= IFCFACEOUTERBOUND(#2236,.T.);
#2238= IFCFACE((#2237));
#2239= IFCCARTESIANPOINT((109.553099343126,0.,-45.7694832529669));
#2240= IFCCARTESIANPOINT((109.553099343126,8.48528137423818,-45.7694832529669));
#2241= IFCPOLYLOOP((#2239,#2240,#2228,#2227));
#2242= IFCFACEOUTERBOUND(#2241,.T.);
#2243= IFCFACE((#2242));
#2244= IFCCARTESIANPOINT((104.66755090426,0.,-52.7467695177329));
#2245= IFCPOLYLOOP((#2240,#2244,#2232,#2228));
#2246= IFCFACEOUTERBOUND(#2245,.T.);
#2247= IFCFACE((#2246));
#2248= IFCPOLYLOOP((#2244,#2239,#2227,#2232));
#2249= IFCFACEOUTERBOUND(#2248,.T.);
#2250= IFCFACE((#2249));
#2251= IFCCARTESIANPOINT((135.057395206733,0.,-67.1701285053568));
#2252= IFCCARTESIANPOINT((135.057395206733,8.48528137423818,-67.1701285053568));
#2253= IFCPOLYLOOP((#2251,#2252,#2240,#2239));
#2254= IFCFACEOUTERBOUND(#2253,.T.);
#2255= IFCFACE((#2254));
#2256= IFCCARTESIANPOINT((129.034476181476,0.,-73.1930475305708));
#2257= IFCPOLYLOOP((#2252,#2256,#2244,#2240));
#2258= IFCFACEOUTERBOUND(#2257,.T.);
#2259= IFCFACE((#2258));
#2260= IFCPOLYLOOP((#2256,#2251,#2239,#2244));
#2261= IFCFACEOUTERBOUND(#2260,.T.);
#2262= IFCFACE((#2261));
#2263= IFCCARTESIANPOINT((156.458040459331,0.,-92.6744243687281));
#2264= IFCCARTESIANPOINT((156.458040459331,8.48528137423818,-92.6744243687281));
#2265= IFCPOLYLOOP((#2263,#2264,#2252,#2251));
#2266= IFCFACEOUTERBOUND(#2265,.T.);
#2267= IFCFACE((#2266));
#2268= IFCCARTESIANPOINT((149.480754194521,0.,-97.5599728075613));
#2269= IFCPOLYLOOP((#2264,#2268,#2256,#2252));
#2270= IFCFACEOUTERBOUND(#2269,.T.);
#2271= IFCFACE((#2270));
#2272= IFCPOLYLOOP((#2268,#2263,#2251,#2256));
#2273= IFCFACEOUTERBOUND(#2272,.T.);
#2274= IFCFACE((#2273));
#2275= IFCCARTESIANPOINT((173.104787324168,0.,-121.50743571909));
#2276= IFCCARTESIANPOINT((173.104787324168,8.48528137423818,-121.50743571909));
#2277= IFCPOLYLOOP((#2275,#2276,#2264,#2263));
#2278= IFCFACEOUTERBOUND(#2277,.T.);
#2279= IFCFACE((#2278));
#2280= IFCCARTESIANPOINT((165.385135132283,0.,-125.107168654446));
#2281= IFCPOLYLOOP((#2276,#2280,#2268,#2264));
#2282= IFCFACEOUTERBOUND(#2281,.T.);
#2283= IFCFACE((#2282));
#2284= IFCPOLYLOOP((#2280,#2275,#2263,#2268));
#2285= IFCFACEOUTERBOUND(#2284,.T.);
#2286= IFCFACE((#2285));
#2287= IFCCARTESIANPOINT((184.491832821417,0.,-152.793086096732));
#2288= IFCCARTESIANPOINT((184.491832821417,8.48528137423818,-152.793086096732));
#2289= IFCPOLYLOOP((#2287,#2288,#2276,#2275));
#2290= IFCFACEOUTERBOUND(#2289,.T.);
#2291= IFCFACE((#2290));
#2292= IFCCARTESIANPOINT((176.264372427975,0.,-154.997627464894));
#2293= IFCPOLYLOOP((#2288,#2292,#2280,#2276));
#2294= IFCFACEOUTERBOUND(#2293,.T.);
#2295= IFCFACE((#2294));
#2296= IFCPOLYLOOP((#2292,#2287,#2275,#2280));
#2297= IFCFACEOUTERBOUND(#2296,.T.);
#2298= IFCFACE((#2297));
#2299= IFCCARTESIANPOINT((190.273187335761,0.,-185.580776846284));
#2300= IFCCARTESIANPOINT((190.273187335761,8.48528137423818,-185.580776846284));
#2301= IFCPOLYLOOP((#2299,#2300,#2288,#2287));
#2302= IFCFACEOUTERBOUND(#2301,.T.);
#2303= IFCFACE((#2302));
#2304= IFCCARTESIANPOINT((181.787905961521,0.,-186.32314277337));
#2305= IFCPOLYLOOP((#2300,#2304,#2292,#2288));
#2306= IFCFACEOUTERBOUND(#2305,.T.);
#2307= IFCFACE((#2306));
#2308= IFCPOLYLOOP((#2304,#2299,#2287,#2292));
#2309= IFCFACEOUTERBOUND(#2308,.T.);
#2310= IFCFACE((#2309));
#2311= IFCCARTESIANPOINT((190.273187335792,0.,-218.874270575645));
#2312= IFCCARTESIANPOINT((190.273187335792,8.48528137423818,-218.874270575645));
#2313= IFCPOLYLOOP((#2311,#2312,#2300,#2299));
#2314= IFCFACEOUTERBOUND(#2313,.T.);
#2315= IFCFACE((#2314));
#2316= IFCCARTESIANPOINT((181.787905961553,0.,-218.131904648573));
#2317= IFCPOLYLOOP((#2312,#2316,#2304,#2300));
#2318= IFCFACEOUTERBOUND(#2317,.T.);
#2319= IFCFACE((#2318));
#2320= IFCPOLYLOOP((#2316,#2311,#2299,#2304));
#2321= IFCFACEOUTERBOUND(#2320,.T.);
#2322= IFCFACE((#2321));
#2323= IFCCARTESIANPOINT((184.491832821512,0.,-251.661961325182));
#2324= IFCCARTESIANPOINT((184.491832821512,8.48528137423818,-251.661961325182));
#2325= IFCPOLYLOOP((#2323,#2324,#2312,#2311));
#2326= IFCFACEOUTERBOUND(#2325,.T.);
#2327= IFCFACE((#2326));
#2328= IFCCARTESIANPOINT((176.264372428066,0.,-249.457419957034));
#2329= IFCPOLYLOOP((#2324,#2328,#2316,#2312));
#2330= IFCFACEOUTERBOUND(#2329,.T.);
#2331= IFCFACE((#2330));
#2332= IFCPOLYLOOP((#2328,#2323,#2311,#2316));
#2333= IFCFACEOUTERBOUND(#2332,.T.);
#2334= IFCFACE((#2333));
#2335= IFCCARTESIANPOINT((173.104787324328,0.,-282.947611702897));
#2336= IFCCARTESIANPOINT((173.104787324328,8.48528137423818,-282.947611702897));
#2337= IFCPOLYLOOP((#2335,#2336,#2324,#2323));
#2338= IFCFACEOUTERBOUND(#2337,.T.);
#2339= IFCFACE((#2338));
#2340= IFCCARTESIANPOINT((165.385135132436,0.,-279.347878767556));
#2341= IFCPOLYLOOP((#2336,#2340,#2328,#2324));
#2342= IFCFACEOUTERBOUND(#2341,.T.);
#2343= IFCFACE((#2342));
#2344= IFCPOLYLOOP((#2340,#2335,#2323,#2328));
#2345= IFCFACEOUTERBOUND(#2344,.T.);
#2346= IFCFACE((#2345));
#2347= IFCCARTESIANPOINT((156.458040459549,0.,-311.780623053273));
#2348= IFCCARTESIANPOINT((156.458040459549,8.48528137423818,-311.780623053273));
#2349= IFCPOLYLOOP((#2347,#2348,#2336,#2335));
#2350= IFCFACEOUTERBOUND(#2349,.T.);
#2351= IFCFACE((#2350));
#2352= IFCCARTESIANPOINT((149.48075419473,0.,-306.895074614455));
#2353= IFCPOLYLOOP((#2348,#2352,#2340,#2336));
#2354= IFCFACEOUTERBOUND(#2353,.T.);
#2355= IFCFACE((#2354));
#2356= IFCPOLYLOOP((#2352,#2347,#2335,#2340));
#2357= IFCFACEOUTERBOUND(#2356,.T.);
#2358= IFCFACE((#2357));
#2359= IFCCARTESIANPOINT((135.057395207001,0.,-337.284918916703));
#2360= IFCCARTESIANPOINT((135.057395207001,8.48528137423818,-337.284918916703));
#2361= IFCPOLYLOOP((#2359,#2360,#2348,#2347));
#2362= IFCFACEOUTERBOUND(#2361,.T.);
#2363= IFCFACE((#2362));
#2364= IFCCARTESIANPOINT((129.034476181734,0.,-331.261999891489));
#2365= IFCPOLYLOOP((#2360,#2364,#2352,#2348));
#2366= IFCFACEOUTERBOUND(#2365,.T.);
#2367= IFCFACE((#2366));
#2368= IFCPOLYLOOP((#2364,#2359,#2347,#2352));
#2369= IFCFACEOUTERBOUND(#2368,.T.);
#2370= IFCFACE((#2369));
#2371= IFCCARTESIANPOINT((109.553099343435,0.,-358.685564169151));
#2372= IFCCARTESIANPOINT((109.553099343435,8.48528137423818,-358.685564169151));
#2373= IFCPOLYLOOP((#2371,#2372,#2360,#2359));
#2374= IFCFACEOUTERBOUND(#2373,.T.);
#2375= IFCFACE((#2374));
#2376= IFCCARTESIANPOINT((104.667550904558,0.,-351.708277904385));
#2377= IFCPOLYLOOP((#2372,#2376,#2364,#2360));
#2378= IFCFACEOUTERBOUND(#2377,.T.);
#2379= IFCFACE((#2378));
#2380= IFCPOLYLOOP((#2376,#2371,#2359,#2364));
#2381= IFCFACEOUTERBOUND(#2380,.T.);
#2382= IFCFACE((#2381));
#2383= IFCCARTESIANPOINT((80.720087992866,0.,-375.332311033868));
#2384= IFCCARTESIANPOINT((80.720087992866,8.48528137423818,-375.332311033868));
#2385= IFCPOLYLOOP((#2383,#2384,#2372,#2371));
#2386= IFCFACEOUTERBOUND(#2385,.T.);
#2387= IFCFACE((#2386));
#2388= IFCCARTESIANPOINT((77.1203550574883,0.,-367.612658842059));
#2389= IFCPOLYLOOP((#2384,#2388,#2376,#2372));
#2390= IFCFACEOUTERBOUND(#2389,.T.);
#2391= IFCFACE((#2390));
#2392= IFCPOLYLOOP((#2388,#2383,#2371,#2376));
#2393= IFCFACEOUTERBOUND(#2392,.T.);
#2394= IFCFACE((#2393));
#2395= IFCCARTESIANPOINT((49.4344376149766,0.,-386.719356531059));
#2396= IFCCARTESIANPOINT((49.4344376149766,8.48528137423818,-386.719356531059));
#2397= IFCPOLYLOOP((#2395,#2396,#2384,#2383));
#2398= IFCFACEOUTERBOUND(#2397,.T.);
#2399= IFCFACE((#2398));
#2400= IFCCARTESIANPOINT((47.2298962467885,0.,-378.491896137668));
#2401= IFCPOLYLOOP((#2396,#2400,#2388,#2384));
#2402= IFCFACEOUTERBOUND(#2401,.T.);
#2403= IFCFACE((#2402));
#2404= IFCPOLYLOOP((#2400,#2395,#2383,#2388));
#2405= IFCFACEOUTERBOUND(#2404,.T.);
#2406= IFCFACE((#2405));
#2407= IFCCARTESIANPOINT((16.6467468651954,0.,-392.500711045359));
#2408= IFCCARTESIANPOINT((16.6467468651954,8.48528137423818,-392.500711045359));
#2409= IFCPOLYLOOP((#2407,#2408,#2396,#2395));
#2410= IFCFACEOUTERBOUND(#2409,.T.);
#2411= IFCFACE((#2410));
#2412= IFCCARTESIANPOINT((15.9043809381128,0.,-384.01542967117));
#2413= IFCPOLYLOOP((#2408,#2412,#2400,#2396));
#2414= IFCFACEOUTERBOUND(#2413,.T.);
#2415= IFCFACE((#2414));
#2416= IFCPOLYLOOP((#2412,#2407,#2395,#2400));
#2417= IFCFACEOUTERBOUND(#2416,.T.);
#2418= IFCFACE((#2417));
#2419= IFCPOLYLOOP((#1999,#1998,#2408,#2407));
#2420= IFCFACEOUTERBOUND(#2419,.T.);
#2421= IFCFACE((#2420));
#2422= IFCPOLYLOOP((#1998,#2004,#2412,#2408));
#2423= IFCFACEOUTERBOUND(#2422,.T.);
#2424= IFCFACE((#2423));
#2425= IFCPOLYLOOP((#2004,#1999,#2407,#2412));
#2426= IFCFACEOUTERBOUND(#2425,.T.);
#2427= IFCFACE((#2426));
#2428= IFCPOLYLOOP((#2004,#1999,#1998));
#2429= IFCFACEOUTERBOUND(#2428,.T.);
#2430= IFCFACE((#2429));
#2431= IFCPOLYLOOP((#2004,#1998,#1999));
#2432= IFCFACEOUTERBOUND(#2431,.T.);
#2433= IFCFACE((#2432));
#2434= IFCCLOSEDSHELL((#1564,#1569,#1572,#1577,#1581,#1584,#1589,#1593,#1596,#1601,#1605,#1608,#1613,#1617,#1620,#1625,#1629,#1632,#1637,#1641,#1644,#1649,#1653,#1656,#1661,#1665,#1668,#1673,#1677,#1680,#1685,#1689,#1692,#1697,#1701,#1704,#1709,#1713,#1716,#1721,#1725,#1728,#1733,#1737,#1740,#1745,#1749,#1752,#1757,#1761,#1764,#1769,#1773,#1776,#1781,#1785,#1788,#1793,#1797,#1800,#1805,#1809,#1812,#1817,#1821,#1824,#1829,#1833,#1836,#1841,#1845,#1848,#1853,#1857,#1860,#1865,#1869,#1872,#1877,#1881,#1884,#1889,#1893,#1896,#1901,#1905,#1908,#1913,#1917,#1920,#1925,#1929,#1932,#1937,#1941,#1944,#1949,#1953,#1956,#1961,#1965,#1968,#1973,#1977,#1980,#1983,#1986,#1989,#1992,#1995,#2002,#2007,#2010,#2015,#2019,#2022,#2027,#2031,#2034,#2039,#2043,#2046,#2051,#2055,#2058,#2063,#2067,#2070,#2075,#2079,#2082,#2087,#2091,#2094,#2099,#2103,#2106,#2111,#2115,#2118,#2123,#2127,#2130,#2135,#2139,#2142,#2147,#2151,#2154,#2159,#2163,#2166,#2171,#2175,#2178,#2183,#2187,#2190,#2195,#2199,#2202,#2207,#2211,#2214,#2219,#2223,#2226,#2231,#2235,#2238,#2243,#2247,#2250,#2255,#2259,#2262,#2267,#2271,#2274,#2279,#2283,#2286,#2291,#2295,#2298,#2303,#2307,#2310,#2315,#2319,#2322,#2327,#2331,#2334,#2339,#2343,#2346,#2351,#2355,#2358,#2363,#2367,#2370,#2375,#2379,#2382,#2387,#2391,#2394,#2399,#2403,#2406,#2411,#2415,#2418,#2421,#2424,#2427,#2430,#2433));
#2435= IFCFACETEDBREP(#2434);
#2436= IFCSHAPEREPRESENTATION(#12,'Body','Brep',(#2435));
#2437= IFCCARTESIANPOINT((-17.6926157777158,-404.455047425253,0.));
#2438= IFCCARTESIANPOINT((-52.5402661557541,-398.31046644932,0.));
#2439= IFCCARTESIANPOINT((-85.7915071333061,-386.20800448108,0.));
#2440= IFCCARTESIANPOINT((-116.436016579208,-368.515388703303,0.));
#2441= IFCCARTESIANPOINT((-143.542676580818,-345.770200293512,0.));
#2442= IFCCARTESIANPOINT((-166.28786499062,-318.663540291916,0.));
#2443= IFCCARTESIANPOINT((-183.980480768398,-288.019030846015,0.));
#2444= IFCCARTESIANPOINT((-196.082942736644,-254.767789868469,0.));
#2445= IFCCARTESIANPOINT((-202.227523712593,-219.920139490437,0.));
#2446= IFCCARTESIANPOINT((-202.227523712598,-184.534907934881,0.));
#2447= IFCCARTESIANPOINT((-196.082942736659,-149.687257556837,0.));
#2448= IFCCARTESIANPOINT((-183.980480768423,-116.43601657929,0.));
#2449= IFCCARTESIANPOINT((-166.287864990653,-85.7915071333887,0.));
#2450= IFCCARTESIANPOINT((-143.542676580861,-58.6848471317753,0.));
#2451= IFCCARTESIANPOINT((-116.436016579258,-35.939658721983,0.));
#2452= IFCCARTESIANPOINT((-85.7915071333603,-18.2470429442053,0.));
#2453= IFCCARTESIANPOINT((-52.5402661558111,-6.14458097595207,0.));
#2454= IFCCARTESIANPOINT((52.5402661558126,-6.14458097593314,0.));
#2455= IFCCARTESIANPOINT((85.7915071333646,-18.2470429441728,0.));
#2456= IFCCARTESIANPOINT((116.436016579267,-35.9396587219503,0.));
#2457= IFCCARTESIANPOINT((143.542676580877,-58.6848471317411,0.));
#2458= IFCCARTESIANPOINT((166.287864990677,-85.7915071333367,0.));
#2459= IFCCARTESIANPOINT((183.980480768457,-116.436016579238,0.));
#2460= IFCCARTESIANPOINT((196.082942736703,-149.687257556784,0.));
#2461= IFCCARTESIANPOINT((202.227523712652,-184.534907934816,0.));
#2462= IFCCARTESIANPOINT((202.227523712656,-219.920139490372,0.));
#2463= IFCCARTESIANPOINT((196.082942736717,-254.767789868416,0.));
#2464= IFCCARTESIANPOINT((183.980480768482,-288.019030845963,0.));
#2465= IFCCARTESIANPOINT((166.287864990712,-318.663540291864,0.));
#2466= IFCCARTESIANPOINT((143.542676580919,-345.770200293478,0.));
#2467= IFCCARTESIANPOINT((116.436016579316,-368.51538870327,0.));
#2468= IFCCARTESIANPOINT((85.7915071334188,-386.208004481048,0.));
#2469= IFCCARTESIANPOINT((52.5402661558697,-398.310466449301,0.));
#2470= IFCCARTESIANPOINT((17.6926157778328,-404.455047425253,0.));
#2471= IFCPOLYLINE((#2437,#2438,#2439,#2440,#2441,#2442,#2443,#2444,#2445,#2446,#2447,#2448,#2449,#2450,#2451,#2452,#2453,#1777,#1765,#2454,#2455,#2456,#2457,#2458,#2459,#2460,#2461,#2462,#2463,#2464,#2465,#2466,#2467,#2468,#2469,#2470,#2437));
#2472= IFCCARTESIANPOINT((-16.6467468647456,-392.500711048152,0.));
#2473= IFCCARTESIANPOINT((16.6467468648594,-392.500711048147,0.));
#2474= IFCCARTESIANPOINT((49.4344376146379,-386.719356533833,0.));
#2475= IFCCARTESIANPOINT((80.7200879925278,-375.33231103662,0.));
#2476= IFCCARTESIANPOINT((109.553099343103,-358.685564171801,0.));
#2477= IFCCARTESIANPOINT((135.057395206679,-337.284918919233,0.));
#2478= IFCCARTESIANPOINT((156.458040459243,-311.780623055653,0.));
#2479= IFCCARTESIANPOINT((173.104787324042,-282.947611705079,0.));
#2480= IFCCARTESIANPOINT((184.49183282125,-251.661961327175,0.));
#2481= IFCCARTESIANPOINT((190.273187335555,-218.874270577401,0.));
#2482= IFCCARTESIANPOINT((190.27318733555,-185.580776847802,0.));
#2483= IFCCARTESIANPOINT((184.491832821235,-152.793086098014,0.));
#2484= IFCCARTESIANPOINT((173.104787324018,-121.507435720128,0.));
#2485= IFCCARTESIANPOINT((156.45804045921,-92.6744243695576,0.));
#2486= IFCCARTESIANPOINT((135.05739520664,-67.1701285059827,0.));
#2487= IFCCARTESIANPOINT((109.553099343057,-45.7694832534076,0.));
#2488= IFCCARTESIANPOINT((80.7200879924781,-29.1227363886125,0.));
#2489= IFCCARTESIANPOINT((49.4344376145834,-17.7356908914073,0.));
#2490= IFCCARTESIANPOINT((16.6467468648041,-11.9543363771011,0.));
#2491= IFCCARTESIANPOINT((-16.6467468648009,-11.9543363771057,0.));
#2492= IFCCARTESIANPOINT((-49.4344376145793,-17.7356908914196,0.));
#2493= IFCCARTESIANPOINT((-80.7200879924693,-29.1227363886327,0.));
#2494= IFCCARTESIANPOINT((-109.553099343044,-45.7694832534516,0.));
#2495= IFCCARTESIANPOINT((-135.057395206622,-67.1701285060196,0.));
#2496= IFCCARTESIANPOINT((-156.458040459185,-92.6744243695998,0.));
#2497= IFCCARTESIANPOINT((-173.104787323982,-121.507435720174,0.));
#2498= IFCCARTESIANPOINT((-184.491832821191,-152.793086098078,0.));
#2499= IFCCARTESIANPOINT((-190.273187335497,-185.580776847852,0.));
#2500= IFCCARTESIANPOINT((-190.273187335492,-218.874270577451,0.));
#2501= IFCCARTESIANPOINT((-184.491832821176,-251.661961327239,0.));
#2502= IFCCARTESIANPOINT((-173.10478732396,-282.947611705125,0.));
#2503= IFCCARTESIANPOINT((-156.458040459152,-311.780623055695,0.));
#2504= IFCCARTESIANPOINT((-135.057395206581,-337.28491891927,0.));
#2505= IFCCARTESIANPOINT((-109.553099342998,-358.685564171845,0.));
#2506= IFCCARTESIANPOINT((-80.7200879924196,-375.33231103664,0.));
#2507= IFCCARTESIANPOINT((-49.4344376145249,-386.719356533846,0.));
#2508= IFCPOLYLINE((#2472,#2473,#2474,#2475,#2476,#2477,#2478,#2479,#2480,#2481,#2482,#2483,#2484,#2485,#2486,#2487,#2488,#2489,#2490,#2491,#2492,#2493,#2494,#2495,#2496,#2497,#2498,#2499,#2500,#2501,#2502,#2503,#2504,#2505,#2506,#2507,#2472));
#2509= IFCSHAPEREPRESENTATION(#13,'Axis','GeometricCurveSet',(#2471,#2508));
#2510= IFCPRODUCTDEFINITIONSHAPE($,$,(#2436,#2509));
#2511= IFCFASTENER('2sXgFfrBz48wFlba90y$3C',#1552,'Weld',$,$,#1557,#2510,'IDb686a3e9-d4bf-4423-a3ef-964240f3f0cc');
#2512= IFCPROPERTYSINGLEVALUE('WeldID',$,IFCINTEGER(91808355),$);
#2513= IFCPROPERTYSINGLEVALUE('z',$,IFCPOSITIVELENGTHMEASURE(6.),$);
#2514= IFCPROPERTYSINGLEVALUE('l',$,IFCPOSITIVELENGTHMEASURE(1273.9),$);
#2515= IFCPROPERTYSINGLEVALUE('d',$,IFCPOSITIVELENGTHMEASURE(6.),$);
#2516= IFCPROPERTYSINGLEVALUE('c',$,IFCPOSITIVELENGTHMEASURE(6.),$);
#2517= IFCPROPERTYSET('3SyvUZfuX0MPiz7IuCDns6',#5,'AISC_EM11_Pset_Weld','WeldIdentity',(#383,#384,#385,#386,#2512,#2513,#389,#390,#2514,#392,#2515,#2516,#395,#396,#397,#398));
#2518= IFCCARTESIANPOINT((81799.9608154297,7870.40689849854,8408.));
#2519= IFCAXIS2PLACEMENT3D(#2518,#229,#8);
#2520= IFCLOCALPLACEMENT(#322,#2519);
#2521= IFCRECTANGLEPROFILEDEF(.AREA.,'PL16*500',#73,16.,500.);
#2522= IFCCARTESIANPOINT((500.,0.,0.));
#2523= IFCAXIS2PLACEMENT3D(#2522,#229,#450);
#2524= IFCEXTRUDEDAREASOLID(#2521,#2523,#9,500.);
#2525= IFCSHAPEREPRESENTATION(#12,'Body','SweptSolid',(#2524));
#2526= IFCPRODUCTDEFINITIONSHAPE($,$,(#2525));
#2527= IFCDISCRETEACCESSORY('2JJ8jdYC5608kJkHyGvFPe',#1488,'Support section',$,$,#2520,#2526,'1007');
#2528= IFCLOCALPLACEMENT(#322,#1490);
#2529= IFCCARTESIANPOINT((0.,-0.1,0.));
#2530= IFCAXIS2PLACEMENT3D(#2529,#8,#7);
#2531= IFCEXTRUDEDAREASOLID(#786,#2530,#9,16.2);
#2532= IFCSHAPEREPRESENTATION(#12,'Body','SweptSolid',(#2531));
#2533= IFCREPRESENTATIONMAP(#10,#2532);
#2534= IFCMAPPEDITEM(#2533,#1514);
#2535= IFCMAPPEDITEM(#2533,#1519);
#2536= IFCMAPPEDITEM(#2533,#1522);
#2537= IFCMAPPEDITEM(#2533,#1525);
#2538= IFCSHAPEREPRESENTATION(#12,'Body','MappedRepresentation',(#2534,#2535,#2536,#2537));
#2539= IFCPRODUCTDEFINITIONSHAPE($,$,(#2538));
#2540= IFCOPENINGELEMENT('3YXM9sgHvFAuPEPfJLhSjg',#5,$,$,'Opening',#2528,#2539,$);
#2541= IFCRELVOIDSELEMENT('0vTZ4iG6X1_fmP2a4P2u2a',#5,'Drill Hole',$,#2527,#2540);
#2542= IFCPROPERTYSINGLEVALUE('PieceMark',$,IFCIDENTIFIER(''),$);
#2543= IFCPROPERTYSINGLEVALUE('IndicationMark',$,IFCIDENTIFIER('1007'),$);
#2544= IFCPROPERTYSET('29uYlSBiP6Qu1jyJNZs0zS',#5,'AISC_EM11_Pset_PieceIdentification','PieceIdentity',(#2542,#2543,#515,#516));
#2545= IFCCARTESIANPOINT((81799.9608154297,8120.40689849854,8400.));
#2546= IFCAXIS2PLACEMENT3D(#2545,#9,#8);
#2547= IFCLOCALPLACEMENT(#322,#2546);
#2548= IFCCIRCLEHOLLOWPROFILEDEF(.AREA.,'\S\X406*12',#73,203.,12.);
#2549= IFCCARTESIANPOINT((0.,0.,19950.));
#2550= IFCAXIS2PLACEMENT3D(#2549,#179,#8);
#2551= IFCEXTRUDEDAREASOLID(#2548,#2550,#9,19934.);
#2552= IFCCARTESIANPOINT((-203.,0.,16.));
#2553= IFCAXIS2PLACEMENT3D(#2552,#9,#8);
#2554= IFCPLANE(#2553);
#2555= IFCHALFSPACESOLID(#2554,.T.);
#2556= IFCBOOLEANCLIPPINGRESULT(.DIFFERENCE.,#2551,#2555);
#2557= IFCSHAPEREPRESENTATION(#12,'Body','Clipping',(#2556));
#2558= IFCPRODUCTDEFINITIONSHAPE($,$,(#2557));
#2559= IFCCOLUMN('22pJ_bMw136BG1DtGvEoHe',#44,'main piece','\S\X406*12','\S\X406*12',#2547,#2558,'c/8');
#2560= IFCPROPERTYSINGLEVALUE('PieceMark',$,IFCIDENTIFIER('COLUMN'),$);
#2561= IFCPROPERTYSINGLEVALUE('IndicationMark',$,IFCIDENTIFIER('c/8'),$);
#2562= IFCPROPERTYSET('2crpgdsbHB_RLOjuGSgDrC',#5,'AISC_EM11_Pset_PieceIdentification','PieceIdentity',(#2560,#2561,#515,#1103));
#2563= IFCPROPERTYSINGLEVALUE('SkewedAngleY',$,IFCREAL(0.),$);
#2564= IFCPROPERTYSINGLEVALUE('SkewedAngleX',$,IFCREAL(0.),$);
#2565= IFCPROPERTYSET('3G0BSALKb4l8$j1uxuVWw0',#5,'AISC_EM11_Pset_SkewedEnd',$,(#2563,#2564));
#2566= IFCPROPERTYSET('3zHlmHG9b1r9WMvIowZHdg',#5,'AISC_EM11_Pset_SkewedEnd_2',$,(#2563,#2564));
#2567= IFCRELAGGREGATES('086VkIepX21BrpgR2irlfL',#5,$,$,#37,(#39));
#2568= IFCRELAGGREGATES('2QOn0aw5pKJT75yjK_71xd',#5,$,$,#39,(#41));
#2569= IFCRELAGGREGATES('3ubfM$EU10bg_FeFyR50Ea',#5,$,$,#41,(#43));
#2570= IFCRELAGGREGATES('2H$uY5XyzEYBnBmnGHsPss',#5,$,$,#46,(#311,#223,#150));
#2571= IFCRELAGGREGATES('1Vi7ryCO52NxihqNaXtlbj',#5,$,$,#168,(#320,#262,#177));
#2572= IFCRELAGGREGATES('27ENKnAn16RfxnTQXsrxCI',#5,$,$,#323,(#2559,#2527,#2511,#1538,#1466,#1449,#1438,#1427,#1419,#1410,#1329,#1312,#1301,#1290,#1282,#1273,#1079,#1037,#1009,#986,#974,#924,#576,#555,#531,#465,#446,#382));
#2573= IFCRELAGGREGATES('1Xc1y36l50AAwlmUBGcWpS',#5,$,$,#597,(#869,#715,#696));
#2574= IFCRELAGGREGATES('2YSmfUVYP5xOokLToEFQoq',#5,$,$,#698,(#830,#769,#707));
#2575= IFCRELAGGREGATES('1AMMh1kYv3aeH5x_rYdMFY',#5,$,$,#1079,(#1087));
#2576= IFCRELAGGREGATES('3yCufXPTDCpRmliWHHj0n_',#5,$,$,#1106,(#1266,#1214,#1166));
#2577= IFCRELAGGREGATES('33YAUXR$DF0wMkHfGg$dnk',#5,$,$,#1170,(#1240,#1221,#1179));
#2578= IFCRELAGGREGATES('3XuQGL7Tb6RvjLoYfL8wwm',#5,$,$,#1329,(#1335));
#2579= IFCRELAGGREGATES('1rC0MuR01BcgBhUO0o_jDi',#5,$,$,#1354,(#1403,#1382,#1363));
#2580= IFCRELAGGREGATES('35HHalSZP9CuIU6derYucQ',#5,$,$,#1366,(#1396,#1389,#1375));
#2581= IFCRELAGGREGATES('3yPLruGzHCbwkmX6doGcS9',#5,$,$,#1466,(#1472));
#2582= IFCRELCONTAINEDINSPATIALSTRUCTURE('39oFstaeLA9AlgD0b338f_',#5,$,$,(#1366,#1354,#1170,#1106,#698,#597,#323,#168,#46),#43);
#2583= IFCRELCONNECTSWITHREALIZINGELEMENTS('36j8e1Tkz0Pf$fVP6T9H8m',#5,$,$,$,#2559,#2527,(#2511),$);
#2584= IFCRELCONNECTSWITHREALIZINGELEMENTS('00uAT51cr66fwxIHV1qgxz',#5,$,$,$,#2559,#1438,(#1419),$);
#2585= IFCRELCONNECTSWITHREALIZINGELEMENTS('3kc7BNdgr4LfjE3zjMDDVj',#5,$,$,$,#2559,#1427,(#1410),$);
#2586= IFCRELCONNECTSWITHREALIZINGELEMENTS('0$IXUczdjAAfzC9QwmFJj1',#5,$,$,$,#2559,#1301,(#1282),$);
#2587= IFCRELCONNECTSWITHREALIZINGELEMENTS('3cfkcPCQn6x9yZ3ivq6iIz',#5,$,$,$,#2559,#1290,(#1273),$);
#2588= IFCRELCONNECTSWITHREALIZINGELEMENTS('0H9eDt31H3SQbxs0oHJZSr',#5,$,$,$,#2559,#1009,(#974),$);
#2589= IFCRELCONNECTSWITHREALIZINGELEMENTS('1CJ6whUuH4VRMM2c5qdrfe',#5,$,$,$,#2559,#986,(#924),$);
#2590= IFCRELCONNECTSWITHREALIZINGELEMENTS('3_cXRpwnr9IgsPWY0W35x0',#5,$,$,$,#2559,#555,(#446),$);
#2591= IFCRELCONNECTSWITHREALIZINGELEMENTS('0wE6fhHfX89PYc7Ky4htlT',#5,$,$,$,#2559,#531,(#382),$);
#2592= IFCRELDEFINESBYPROPERTIES('34gva827j5tu9G5eIx5FA2',#5,$,$,(#1466,#1366,#1354,#1329,#1170,#1106,#1079,#698,#597,#323,#168,#46),#48);
#2593= IFCRELDEFINESBYPROPERTIES('2dOPPuT0X7Sf$wFZuhOk_Z',#5,$,$,(#1466,#1366,#1354,#1329,#1170,#1106,#1079,#698,#597,#168,#46),#50);
#2594= IFCRELDEFINESBYPROPERTIES('24owm3rtD4KuPFkMMhkkqS',#5,$,$,(#46),#54);
#2595= IFCRELDEFINESBYPROPERTIES('0db46nXpH4gwVMbzl4XUo5',#5,$,$,(#177,#150),#157);
#2596= IFCRELDEFINESBYPROPERTIES('3AeKs$tI59Cx0EaSW5qT6a',#5,$,$,(#1389,#1382,#1375,#1363,#1221,#1214,#1179,#1166,#769,#715,#707,#696,#320,#311,#262,#223,#177,#150),#160);
#2597= IFCRELDEFINESBYPROPERTIES('0AapYW_IHBofEx09UlV4sI',#5,$,$,(#1389,#1382,#1375,#1363,#1221,#1214,#1179,#1166,#769,#715,#707,#696,#320,#311,#262,#223,#177,#150),#165);
#2598= IFCRELDEFINESBYPROPERTIES('06u8stM8HD$hJ3$yFCjgnw',#5,$,$,(#168),#170);
#2599= IFCRELDEFINESBYPROPERTIES('15TeBltqj9RB4XhDa7uVMN',#5,$,$,(#262,#223),#227);
#2600= IFCRELDEFINESBYPROPERTIES('1EuHlXoE552uxA$CgN5i79',#5,$,$,(#1375,#1363,#715,#707,#696,#320,#311),#313);
#2601= IFCRELDEFINESBYPROPERTIES('2zxpwSBXXBRxGZGCMKayph',#5,$,$,(#323),#325);
#2602= IFCRELDEFINESBYPROPERTIES('0BmsTvt0HD4xmlJQl1eo16',#5,$,$,(#323),#327);
#2603= IFCRELDEFINESBYPROPERTIES('38lfc2fMr6BPalKYL81WxC',#5,$,$,(#382),#399);
#2604= IFCRELDEFINESBYPROPERTIES('2mHtBjmvL3N8g66GCnHZ2z',#5,$,$,(#446),#448);
#2605= IFCRELDEFINESBYPROPERTIES('3ib8xMkqL28PTdwWd4MZYl',#5,$,$,(#1476,#1453,#1339,#1316,#1091,#1044,#583,#473),#479);
#2606= IFCRELDEFINESBYPROPERTIES('2dGe$z9cvEU9cILLDDVTJe',#5,$,$,(#2540,#1486,#1481,#1463,#1458,#1442,#1431,#1349,#1344,#1326,#1321,#1305,#1294,#1101,#1096,#1074,#1069,#1022,#1000,#593,#588,#569,#545,#511,#503),#507);
#2607= IFCRELDEFINESBYPROPERTIES('3kUyqeYtb5E9M9SOGdus1R',#5,$,$,(#576,#465),#517);
#2608= IFCRELDEFINESBYPROPERTIES('2lbEdTsPj4ePWkeFFh_JPl',#5,$,$,(#2559,#2527,#1472,#1449,#1438,#1427,#1335,#1312,#1301,#1290,#1087,#1037,#1009,#986,#576,#555,#531,#465),#520);
#2609= IFCRELDEFINESBYPROPERTIES('122my7qdj3WhPoX3MMtnpG',#5,$,$,(#555,#531),#549);
#2610= IFCRELDEFINESBYPROPERTIES('2go95_gGnCtezbWMRh1eUl',#5,$,$,(#597),#599);
#2611= IFCRELDEFINESBYPROPERTIES('2LP5qoQFjCtPyPJeo4yUGp',#5,$,$,(#698),#700);
#2612= IFCRELDEFINESBYPROPERTIES('3hrbnrDEz0XwZ5wX8I$WLz',#5,$,$,(#1389,#1382,#1221,#1214,#769),#771);
#2613= IFCRELDEFINESBYPROPERTIES('2bwGtURHX23wDDTZbA3W0b',#5,$,$,(#1403,#1396,#1266,#1240,#869,#830),#833);
#2614= IFCRELDEFINESBYPROPERTIES('3oQNmuYm589x5gGznHhIrv',#5,$,$,(#1403,#1396,#1266,#1240,#869,#830),#835);
#2615= IFCRELDEFINESBYPROPERTIES('3KlU4CG8z5TfN_SIr07kiB',#5,$,$,(#1403,#1396,#1266,#1240,#869,#830),#837);
#2616= IFCRELDEFINESBYPROPERTIES('2EDNZPmuXASgnKzMqSsw75',#5,$,$,(#924),#927);
#2617= IFCRELDEFINESBYPROPERTIES('04jsOY645AsQK2UlEBqtkb',#5,$,$,(#974),#976);
#2618= IFCRELDEFINESBYPROPERTIES('2AaXFB4in5Dhke6Qao6H$B',#5,$,$,(#1438,#1427,#1301,#1290,#1009,#986),#1003);
#2619= IFCRELDEFINESBYPROPERTIES('1VxNnpysz4hhBLiaEMnOO$',#5,$,$,(#1449,#1312,#1037),#1077);
#2620= IFCRELDEFINESBYPROPERTIES('3E8$47vOP7dwZdjLTpb$fy',#5,$,$,(#1466,#1329,#1079),#1081);
#2621= IFCRELDEFINESBYPROPERTIES('0552RLTlfF8BFDyxWuwWWV',#5,$,$,(#1472,#1335,#1087),#1104);
#2622= IFCRELDEFINESBYPROPERTIES('1XEoJCr_X11eBqL9EEpoyo',#5,$,$,(#1106),#1108);
#2623= IFCRELDEFINESBYPROPERTIES('192hOiXn52VRQOXCheNZit',#5,$,$,(#1179,#1166),#1168);
#2624= IFCRELDEFINESBYPROPERTIES('0gmSpdYfD189AIVwtJ8P0I',#5,$,$,(#1170),#1172);
#2625= IFCRELDEFINESBYPROPERTIES('2GYfG1$0H9_PQrwgZlc1u4',#5,$,$,(#1273),#1275);
#2626= IFCRELDEFINESBYPROPERTIES('1vDEw8GiD55RXOI_G_eNjL',#5,$,$,(#1282),#1284);
#2627= IFCRELDEFINESBYPROPERTIES('1p0iY4UVbDWwvfjpbV93LN',#5,$,$,(#1354),#1356);
#2628= IFCRELDEFINESBYPROPERTIES('3N3zz$EF5BmfXnSP4eTatF',#5,$,$,(#1366),#1368);
#2629= IFCRELDEFINESBYPROPERTIES('2Ubs6bCVjEwx5ENcAli8k8',#5,$,$,(#1410),#1412);
#2630= IFCRELDEFINESBYPROPERTIES('2_eH1VhkjCePaSSKriVYNI',#5,$,$,(#1419),#1421);
#2631= IFCRELDEFINESBYPROPERTIES('0gDtFVOnL0HgTDBTle2ifH',#5,$,$,(#1538),#1544);
#2632= IFCRELDEFINESBYPROPERTIES('1gCyqqPNbDRRQQIab9nd4d',#5,$,$,(#1538),#1547);
#2633= IFCRELDEFINESBYPROPERTIES('3e$DCQCoHER9PqV08LhDPr',#5,$,$,(#1538),#1551);
#2634= IFCRELDEFINESBYPROPERTIES('3UGsVflFz5M8UfB0SoZnpo',#5,$,$,(#2511),#2517);
#2635= IFCRELDEFINESBYPROPERTIES('1QbDW2Y5X1xgYMHzqxT6ek',#5,$,$,(#2527),#2544);
#2636= IFCRELDEFINESBYPROPERTIES('1lD4zJl31ArhUryXd4N9Wv',#5,$,$,(#2559),#2562);
#2637= IFCRELDEFINESBYPROPERTIES('1UBO_R6w56df8tgO$gUnoO',#5,$,$,(#2559),#2565);
#2638= IFCRELDEFINESBYPROPERTIES('2Eqmw_Haf7aBSsi0Nv1L80',#5,$,$,(#2559),#2566);
#2639= IFCRELASSOCIATESMATERIAL('11XvX6i1PC2RTctbgRGpaL',#5,$,$,(#1538,#1403,#1396,#1389,#1382,#1375,#1363,#1266,#1240,#1221,#1214,#1179,#1166,#869,#830,#769,#715,#707,#696,#320,#311,#262,#223,#177,#150),#166);
#2640= IFCRELASSOCIATESMATERIAL('1j5qUnfn908eH0ZxVwwYC_',#5,$,$,(#2559,#2527,#1472,#1449,#1438,#1427,#1335,#1312,#1301,#1290,#1087,#1037,#1009,#986,#576,#555,#531,#465),#521);
ENDSEC;

END-ISO-10303-21;
