ISO-10303-21;
HEADER;
FILE_DESCRIPTION(('ViewDefinition[AISC_Steel_Detailing]', 'Option [BaseQuantities:Off]', 'Option [GridExport:On]', 'Option [Assemblies:On]', 'Option [Bolts:On]', 'Option [Rebars:On]', 'Option [PourObjects:Off]', 'Option [Welds:On]', 'Option [SurfaceTreatments:On]', 'Option [LocationBy:0]', 'Option [ViewColors:Off]', 'Option [SectionedSpine:Off]', 'Option [PropertySets:On]', 'Option [Export all:Off]'),'2;1');
FILE_NAME('col05.ifc','2026-04-08T11:35:00',('PC\\gcorrea'),('Structural Designer'),'IFC Database version: Work','Tekla Structures 2020 Service Pack 5, IFC Export Version: 4.0.0.0 Dec  7 2020','');
FILE_SCHEMA(('IFC2X3'));
ENDSEC;

DATA;
#1= IFCPERSON('PC\\gcorrea','Undefined',$,$,$,$,$,$);
#2= IFCORGANIZATION($,'Trimble Solutions Corporation',$,$,$);
#3= IFCPERSONANDORGANIZATION(#1,#2,$);
#4= IFCAPPLICATION(#2,'2020 Service Pack 5','Tekla Structures','Multi material modeling');
#5= IFCOWNERHISTORY(#3,#4,$,.NOCHANGE.,$,$,$,1775666100);
#6= IFCCARTESIANPOINT((0.,0.,0.));
#7= IFCDIRECTION((1.,0.,0.));
#8= IFCDIRECTION((0.,1.,0.));
#9= IFCDIRECTION((0.,0.,1.));
#10= IFCAXIS2PLACEMENT3D(#6,#9,#7);
#11= IFCGEOMETRICREPRESENTATIONCONTEXT($,'Model',3,1.E-05,#10,$);
#12= IFCGEOMETRICREPRESENTATIONSUBCONTEXT('Body','Model',*,*,*,*,#11,$,.MODEL_VIEW.,$);
#13= IFCGEOMETRICREPRESENTATIONSUBCONTEXT('Axis','Model',*,*,*,*,#11,$,.GRAPH_VIEW.,$);
#14= IFCGEOMETRICREPRESENTATIONSUBCONTEXT('FootPrint','Model',*,*,*,*,#11,$,.MODEL_VIEW.,$);
#15= IFCSIUNIT(*,.LENGTHUNIT.,.MILLI.,.METRE.);
#16= IFCMEASUREWITHUNIT(IFCRATIOMEASURE(304.8),#15);
#17= IFCDIMENSIONALEXPONENTS(1,0,0,0,0,0,0);
#18= IFCCONVERSIONBASEDUNIT(#17,.LENGTHUNIT.,'FOOT',#16);
#19= IFCSIUNIT(*,.AREAUNIT.,$,.SQUARE_METRE.);
#20= IFCMEASUREWITHUNIT(IFCRATIOMEASURE(0.09290304),#19);
#21= IFCDIMENSIONALEXPONENTS(2,0,0,0,0,0,0);
#22= IFCCONVERSIONBASEDUNIT(#21,.AREAUNIT.,'SQUARE FOOT',#20);
#23= IFCSIUNIT(*,.VOLUMEUNIT.,$,.CUBIC_METRE.);
#24= IFCMEASUREWITHUNIT(IFCRATIOMEASURE(0.028316846592),#23);
#25= IFCDIMENSIONALEXPONENTS(3,0,0,0,0,0,0);
#26= IFCCONVERSIONBASEDUNIT(#25,.VOLUMEUNIT.,'CUBIC FOOT',#24);
#27= IFCSIUNIT(*,.MASSUNIT.,.KILO.,.GRAM.);
#28= IFCSIUNIT(*,.TIMEUNIT.,$,.SECOND.);
#29= IFCSIUNIT(*,.PLANEANGLEUNIT.,$,.RADIAN.);
#30= IFCMEASUREWITHUNIT(IFCRATIOMEASURE(0.0174532925199433),#29);
#31= IFCDIMENSIONALEXPONENTS(0,0,0,0,0,0,0);
#32= IFCCONVERSIONBASEDUNIT(#31,.PLANEANGLEUNIT.,'DEGREE',#30);
#33= IFCSIUNIT(*,.SOLIDANGLEUNIT.,$,.STERADIAN.);
#34= IFCSIUNIT(*,.THERMODYNAMICTEMPERATUREUNIT.,$,.DEGREE_CELSIUS.);
#35= IFCSIUNIT(*,.LUMINOUSINTENSITYUNIT.,$,.LUMEN.);
#36= IFCUNITASSIGNMENT((#15,#19,#23,#27,#28,#29,#33,#34,#35));
#37= IFCPROJECT('2G7ZFDNE16yBDU14FA92Me',#5,'Proyecto',$,$,$,$,(#11),#36);
#38= IFCLOCALPLACEMENT($,#10);
#39= IFCSITE('2xvEzEinjBTea80yOTcujY',#5,'Obra',$,$,#38,$,$,.ELEMENT.,$,$,$,$,$);
#40= IFCLOCALPLACEMENT(#38,#10);
#41= IFCBUILDING('1bcYPceHfDxffkyznoj6iS',#5,'Undefined',$,$,#40,$,$,.ELEMENT.,$,$,$);
#42= IFCLOCALPLACEMENT(#40,#10);
#43= IFCBUILDINGSTOREY('29hdEUCErFze9E_VIAceOd',#5,'Undefined',$,$,#42,$,$,.ELEMENT.,0.);
#44= IFCOWNERHISTORY(#3,#4,$,.NOCHANGE.,$,$,$,1775664000);
#45= IFCLOCALPLACEMENT(#42,#10);
#46= IFCELEMENTASSEMBLY('0Xr7IuMWj7sx6INC2TGPL1',#44,'BEAM',$,$,#45,$,'B/1274',.NOTDEFINED.,.RIGID_FRAME.);
#47= IFCPROPERTYSINGLEVALUE('OnSiteBy',$,$,$);
#48= IFCPROPERTYSET('2gzLc22bj4auY2WO15bA6y',#5,'AISC_EM11_Pset_SchedulingInformation',$,(#47));
#49= IFCPROPERTYSINGLEVALUE('DrawingNumber',$,IFCIDENTIFIER('[B.1274]'),$);
#50= IFCPROPERTYSET('2WjHoToMH5Of1WTSl1cC9l',#5,'AISC_EM11_Pset_DrawingNumber',$,(#49));
#51= IFCPROPERTYSINGLEVALUE('AssemblyMark',$,IFCIDENTIFIER('B/1274'),$);
#52= IFCPROPERTYSINGLEVALUE('PrelimMark',$,$,$);
#53= IFCPROPERTYSINGLEVALUE('ShippingMark',$,IFCINTEGER(0),$);
#54= IFCPROPERTYSET('0NjDjOWZX2M8tZreCkFcko',#5,'AISC_EM11_Pset_AssemblyIdentification','AssemblyIdentity',(#51,#52,#53));
#55= IFCCARTESIANPOINT((93500.,1730.88135818832,13459.9999823205));
#56= IFCDIRECTION((0.,-1.,0.));
#57= IFCDIRECTION((-1.,0.,0.));
#58= IFCAXIS2PLACEMENT3D(#55,#56,#57);
#59= IFCLOCALPLACEMENT(#45,#58);
#60= IFCCARTESIANPOINT((-125.,0.,-8.48528137423864));
#61= IFCCARTESIANPOINT((-125.,0.,0.));
#62= IFCCARTESIANPOINT((125.,0.,0.));
#63= IFCCARTESIANPOINT((125.,0.,-8.48528137423864));
#64= IFCPOLYLOOP((#60,#61,#62,#63));
#65= IFCFACEOUTERBOUND(#64,.T.);
#66= IFCFACE((#65));
#67= IFCCARTESIANPOINT((-125.,-8.48528137423818,0.));
#68= IFCCARTESIANPOINT((125.,-8.48528137423818,0.));
#69= IFCPOLYLOOP((#61,#67,#68,#62));
#70= IFCFACEOUTERBOUND(#69,.T.);
#71= IFCFACE((#70));
#72= IFCPOLYLOOP((#67,#60,#63,#68));
#73= IFCFACEOUTERBOUND(#72,.T.);
#74= IFCFACE((#73));
#75= IFCPOLYLOOP((#68,#63,#62));
#76= IFCFACEOUTERBOUND(#75,.T.);
#77= IFCFACE((#76));
#78= IFCPOLYLOOP((#67,#61,#60));
#79= IFCFACEOUTERBOUND(#78,.T.);
#80= IFCFACE((#79));
#81= IFCCLOSEDSHELL((#66,#71,#74,#77,#80));
#82= IFCFACETEDBREP(#81);
#83= IFCSHAPEREPRESENTATION(#12,'Body','Brep',(#82));
#84= IFCPOLYLINE((#61,#62));
#85= IFCSHAPEREPRESENTATION(#13,'Axis','GeometricCurveSet',(#84));
#86= IFCPRODUCTDEFINITIONSHAPE($,$,(#83,#85));
#87= IFCFASTENER('2xski0_7nBN8u3ntE91do3',#44,'Weld',$,$,#59,#86,'IDbbdaeb00-f87c-4b5c-8e03-c77389067c83');
#88= IFCPROPERTYSINGLEVALUE('FieldWeld',$,IFCBOOLEAN(.F.),$);
#89= IFCPROPERTYSINGLEVALUE('WeldDescription',$,$,$);
#90= IFCPROPERTYSINGLEVALUE('WeldCategory',$,IFCLABEL('Ninguno'),$);
#91= IFCPROPERTYSINGLEVALUE('WPSCode',$,IFCIDENTIFIER('Ninguno'),$);
#92= IFCPROPERTYSINGLEVALUE('WeldID',$,IFCINTEGER(97616011),$);
#93= IFCPROPERTYSINGLEVALUE('z',$,IFCPOSITIVELENGTHMEASURE(6.),$);
#94= IFCPROPERTYSINGLEVALUE('s',$,IFCPOSITIVELENGTHMEASURE(0.),$);
#95= IFCPROPERTYSINGLEVALUE('n',$,$,$);
#96= IFCPROPERTYSINGLEVALUE('l',$,IFCPOSITIVELENGTHMEASURE(250.),$);
#97= IFCPROPERTYSINGLEVALUE('e',$,IFCPOSITIVELENGTHMEASURE(0.),$);
#98= IFCPROPERTYSINGLEVALUE('d',$,IFCPOSITIVELENGTHMEASURE(0.),$);
#99= IFCPROPERTYSINGLEVALUE('c',$,IFCPOSITIVELENGTHMEASURE(6.),$);
#100= IFCPROPERTYSINGLEVALUE('a',$,IFCPOSITIVELENGTHMEASURE(0.),$);
#101= IFCPROPERTYSINGLEVALUE('Staggered',$,IFCBOOLEAN(.F.),$);
#102= IFCPROPERTYSINGLEVALUE('Intermittent',$,IFCBOOLEAN(.F.),$);
#103= IFCPROPERTYSINGLEVALUE('WeldType1',$,IFCLABEL('SOLDADURA'),$);
#104= IFCPROPERTYSET('2rln5zL4rALe5kU6PfDYxb',#5,'AISC_EM11_Pset_Weld','WeldIdentity',(#88,#89,#90,#91,#92,#93,#94,#95,#96,#97,#98,#99,#100,#101,#102,#103));
#105= IFCCARTESIANPOINT((93625.,1728.38135910034,13909.5));
#106= IFCDIRECTION((0.,0.,-1.));
#107= IFCAXIS2PLACEMENT3D(#105,#56,#106);
#108= IFCLOCALPLACEMENT(#45,#107);
#109= IFCCARTESIANPOINT((-9.5,0.,0.));
#110= IFCCARTESIANPOINT((-9.5,-8.48528137423273,0.));
#111= IFCCARTESIANPOINT((9.5,-8.48528137423273,0.));
#112= IFCCARTESIANPOINT((9.5,0.,0.));
#113= IFCPOLYLOOP((#109,#110,#111,#112));
#114= IFCFACEOUTERBOUND(#113,.T.);
#115= IFCFACE((#114));
#116= IFCCARTESIANPOINT((-9.5,0.,-8.48528137423864));
#117= IFCCARTESIANPOINT((9.5,0.,-8.48528137423864));
#118= IFCPOLYLOOP((#110,#116,#117,#111));
#119= IFCFACEOUTERBOUND(#118,.T.);
#120= IFCFACE((#119));
#121= IFCPOLYLOOP((#116,#109,#112,#117));
#122= IFCFACEOUTERBOUND(#121,.T.);
#123= IFCFACE((#122));
#124= IFCPOLYLOOP((#117,#112,#111));
#125= IFCFACEOUTERBOUND(#124,.T.);
#126= IFCFACE((#125));
#127= IFCPOLYLOOP((#116,#110,#109));
#128= IFCFACEOUTERBOUND(#127,.T.);
#129= IFCFACE((#128));
#130= IFCCLOSEDSHELL((#115,#120,#123,#126,#129));
#131= IFCFACETEDBREP(#130);
#132= IFCSHAPEREPRESENTATION(#12,'Body','Brep',(#131));
#133= IFCPOLYLINE((#109,#112));
#134= IFCSHAPEREPRESENTATION(#13,'Axis','GeometricCurveSet',(#133));
#135= IFCPRODUCTDEFINITIONSHAPE($,$,(#132,#134));
#136= IFCFASTENER('3N9QfWNQLBiBHcNCOVFiFU',#44,'Weld',$,$,#108,#135,'IDd725aa60-5da5-4bb0-b466-5cc61f3ec3de');
#137= IFCPROPERTYSINGLEVALUE('WeldID',$,IFCINTEGER(97615980),$);
#138= IFCPROPERTYSINGLEVALUE('l',$,IFCPOSITIVELENGTHMEASURE(19.),$);
#139= IFCPROPERTYSET('1pdzAVEk1F8eeohBFz9lZ4',#5,'AISC_EM11_Pset_Weld','WeldIdentity',(#88,#89,#90,#91,#137,#93,#94,#95,#138,#97,#98,#99,#100,#101,#102,#103));
#140= IFCCARTESIANPOINT((93624.9999989385,1603.38135910034,13900.));
#141= IFCAXIS2PLACEMENT3D(#140,#57,#56);
#142= IFCLOCALPLACEMENT(#45,#141);
#143= IFCCARTESIANPOINT((-124.999999927916,-439.999999140879,8.48528144593001));
#144= IFCCARTESIANPOINT((-125.,-440.,-4.51109372079372E-10));
#145= IFCCARTESIANPOINT((-125.,-419.000000000002,-2.1266023395583E-06));
#146= IFCCARTESIANPOINT((-125.000000000026,-418.999999213045,8.48527931977878));
#147= IFCPOLYLOOP((#143,#144,#145,#146));
#148= IFCFACEOUTERBOUND(#147,.T.);
#149= IFCFACE((#148));
#150= IFCCARTESIANPOINT((-133.485281446378,-448.485281446377,7.86443706601858E-07));
#151= IFCCARTESIANPOINT((-133.485281446378,-410.514718553624,-3.05789581034333E-06));
#152= IFCPOLYLOOP((#144,#150,#151,#145));
#153= IFCFACEOUTERBOUND(#152,.T.);
#154= IFCFACE((#153));
#155= IFCPOLYLOOP((#150,#143,#146,#151));
#156= IFCFACEOUTERBOUND(#155,.T.);
#157= IFCFACE((#156));
#158= IFCPOLYLOOP((#151,#146,#145));
#159= IFCFACEOUTERBOUND(#158,.T.);
#160= IFCFACE((#159));
#161= IFCPOLYLOOP((#150,#144,#143));
#162= IFCFACEOUTERBOUND(#161,.T.);
#163= IFCFACE((#162));
#164= IFCCARTESIANPOINT((-5.6578495132535,-21.0000000000018,-1.11121335066855E-06));
#165= IFCCARTESIANPOINT((-5.65784944111465,-21.0000000000018,-8.48528255755082));
#166= IFCCARTESIANPOINT((-125.000000357383,-20.9999995704547,-8.48528350083507));
#167= IFCCARTESIANPOINT((-125.,-21.0000000000018,-2.1266023395583E-06));
#168= IFCPOLYLOOP((#164,#165,#166,#167));
#169= IFCFACEOUTERBOUND(#168,.T.);
#170= IFCFACE((#169));
#171= IFCCARTESIANPOINT((-14.1431309595901,-29.4852814463393,-1.03918137028813E-06));
#172= IFCCARTESIANPOINT((-133.485281374238,-29.48528137424,-2.19879439100623E-06));
#173= IFCPOLYLOOP((#165,#171,#172,#166));
#174= IFCFACEOUTERBOUND(#173,.T.);
#175= IFCFACE((#174));
#176= IFCPOLYLOOP((#171,#164,#167,#172));
#177= IFCFACEOUTERBOUND(#176,.T.);
#178= IFCFACE((#177));
#179= IFCCARTESIANPOINT((-5.6578495132535,-419.000000000002,-1.11121335066855E-06));
#180= IFCCARTESIANPOINT((-5.65784944110214,-419.000000000015,-8.48528248544608));
#181= IFCPOLYLOOP((#179,#180,#165,#164));
#182= IFCFACEOUTERBOUND(#181,.T.);
#183= IFCFACE((#182));
#184= IFCCARTESIANPOINT((-14.1431308874921,-410.514718625764,-1.18340540211648E-06));
#185= IFCPOLYLOOP((#180,#184,#171,#165));
#186= IFCFACEOUTERBOUND(#185,.T.);
#187= IFCFACE((#186));
#188= IFCPOLYLOOP((#184,#179,#164,#171));
#189= IFCFACEOUTERBOUND(#188,.T.);
#190= IFCFACE((#189));
#191= IFCCARTESIANPOINT((-125.000000357383,-419.000000429549,-8.48528350083507));
#192= IFCPOLYLOOP((#145,#191,#180,#179));
#193= IFCFACEOUTERBOUND(#192,.T.);
#194= IFCFACE((#193));
#195= IFCPOLYLOOP((#191,#151,#184,#180));
#196= IFCFACEOUTERBOUND(#195,.T.);
#197= IFCFACE((#196));
#198= IFCPOLYLOOP((#151,#145,#179,#184));
#199= IFCFACEOUTERBOUND(#198,.T.);
#200= IFCFACE((#199));
#201= IFCPOLYLOOP((#172,#167,#166));
#202= IFCFACEOUTERBOUND(#201,.T.);
#203= IFCFACE((#202));
#204= IFCPOLYLOOP((#151,#191,#145));
#205= IFCFACEOUTERBOUND(#204,.T.);
#206= IFCFACE((#205));
#207= IFCCARTESIANPOINT((-125.000000000026,-21.0000007869585,8.48527931977878));
#208= IFCCARTESIANPOINT((-124.999999963944,-8.95150151336566E-07,8.48528144593001));
#209= IFCPOLYLOOP((#207,#167,#61,#208));
#210= IFCFACEOUTERBOUND(#209,.T.);
#211= IFCFACE((#210));
#212= IFCCARTESIANPOINT((-133.485281446378,8.48528144637748,7.86443706601858E-07));
#213= IFCPOLYLOOP((#167,#172,#212,#61));
#214= IFCFACEOUTERBOUND(#213,.T.);
#215= IFCFACE((#214));
#216= IFCPOLYLOOP((#172,#207,#208,#212));
#217= IFCFACEOUTERBOUND(#216,.T.);
#218= IFCFACE((#217));
#219= IFCPOLYLOOP((#212,#208,#61));
#220= IFCFACEOUTERBOUND(#219,.T.);
#221= IFCFACE((#220));
#222= IFCPOLYLOOP((#172,#167,#207));
#223= IFCFACEOUTERBOUND(#222,.T.);
#224= IFCFACE((#223));
#225= IFCPOLYLOOP((#61,#60,#63,#62));
#226= IFCFACEOUTERBOUND(#225,.T.);
#227= IFCFACE((#226));
#228= IFCCARTESIANPOINT((133.485281374239,8.48528137423637,4.80213202536106E-10));
#229= IFCPOLYLOOP((#60,#212,#228,#63));
#230= IFCFACEOUTERBOUND(#229,.T.);
#231= IFCFACE((#230));
#232= IFCPOLYLOOP((#212,#61,#62,#228));
#233= IFCFACEOUTERBOUND(#232,.T.);
#234= IFCFACE((#233));
#235= IFCPOLYLOOP((#228,#62,#63));
#236= IFCFACEOUTERBOUND(#235,.T.);
#237= IFCFACE((#236));
#238= IFCPOLYLOOP((#212,#60,#61));
#239= IFCFACEOUTERBOUND(#238,.T.);
#240= IFCFACE((#239));
#241= IFCCARTESIANPOINT((125.000000036056,-8.21770299808122E-07,8.48528130254999));
#242= IFCCARTESIANPOINT((125.,-21.0000000000018,-2.12255690712482E-06));
#243= IFCCARTESIANPOINT((125.000000075564,-21.0000008543739,8.48527917954198));
#244= IFCPOLYLOOP((#241,#62,#242,#243));
#245= IFCFACEOUTERBOUND(#244,.T.);
#246= IFCFACE((#245));
#247= IFCCARTESIANPOINT((133.485281302099,-29.4852813021007,-2.90818570647389E-06));
#248= IFCPOLYLOOP((#62,#228,#247,#242));
#249= IFCFACEOUTERBOUND(#248,.T.);
#250= IFCFACE((#249));
#251= IFCPOLYLOOP((#228,#241,#243,#247));
#252= IFCFACEOUTERBOUND(#251,.T.);
#253= IFCFACE((#252));
#254= IFCPOLYLOOP((#247,#243,#242));
#255= IFCFACEOUTERBOUND(#254,.T.);
#256= IFCFACE((#255));
#257= IFCPOLYLOOP((#228,#62,#241));
#258= IFCFACEOUTERBOUND(#257,.T.);
#259= IFCFACE((#258));
#260= IFCCARTESIANPOINT((5.8421504867465,-419.000000000002,-1.01336627267301E-06));
#261= IFCCARTESIANPOINT((5.84215055888535,-419.000000000002,-8.48528231550881));
#262= IFCCARTESIANPOINT((124.999999643251,-418.99999957109,-8.48528137378162));
#263= IFCCARTESIANPOINT((125.,-419.000000000002,4.51109372079372E-10));
#264= IFCPOLYLOOP((#260,#261,#262,#263));
#265= IFCFACEOUTERBOUND(#264,.T.);
#266= IFCFACE((#265));
#267= IFCCARTESIANPOINT((14.327431788887,-410.514718697861,-1.08539825305343E-06));
#268= IFCCARTESIANPOINT((133.485281374239,-410.514718625764,7.26431608200073E-08));
#269= IFCPOLYLOOP((#261,#267,#268,#262));
#270= IFCFACEOUTERBOUND(#269,.T.);
#271= IFCFACE((#270));
#272= IFCPOLYLOOP((#267,#260,#263,#268));
#273= IFCFACEOUTERBOUND(#272,.T.);
#274= IFCFACE((#273));
#275= IFCCARTESIANPOINT((5.8421504867465,-21.0000000000018,-1.01336627267301E-06));
#276= IFCCARTESIANPOINT((5.84215048330771,-20.9999999244246,-8.485282387599));
#277= IFCPOLYLOOP((#275,#276,#261,#260));
#278= IFCFACEOUTERBOUND(#277,.T.);
#279= IFCFACE((#278));
#280= IFCCARTESIANPOINT((14.3274318609851,-29.48528137424,-1.09235406853259E-06));
#281= IFCPOLYLOOP((#276,#280,#267,#261));
#282= IFCFACEOUTERBOUND(#281,.T.);
#283= IFCFACE((#282));
#284= IFCPOLYLOOP((#280,#275,#260,#267));
#285= IFCFACEOUTERBOUND(#284,.T.);
#286= IFCFACE((#285));
#287= IFCCARTESIANPOINT((125.000000349896,-20.9999995710896,-8.48528349678963));
#288= IFCPOLYLOOP((#242,#287,#276,#275));
#289= IFCFACEOUTERBOUND(#288,.T.);
#290= IFCFACE((#289));
#291= IFCPOLYLOOP((#287,#247,#280,#276));
#292= IFCFACEOUTERBOUND(#291,.T.);
#293= IFCFACE((#292));
#294= IFCPOLYLOOP((#247,#242,#275,#280));
#295= IFCFACEOUTERBOUND(#294,.T.);
#296= IFCFACE((#295));
#297= IFCPOLYLOOP((#268,#263,#262));
#298= IFCFACEOUTERBOUND(#297,.T.);
#299= IFCFACE((#298));
#300= IFCPOLYLOOP((#247,#287,#242));
#301= IFCFACEOUTERBOUND(#300,.T.);
#302= IFCFACE((#301));
#303= IFCCARTESIANPOINT((124.999999999974,-419.000000785689,8.48528130254999));
#304= IFCCARTESIANPOINT((125.,-440.,-2.12255690712482E-06));
#305= IFCCARTESIANPOINT((125.000000072084,-440.000000857852,8.48527917954198));
#306= IFCPOLYLOOP((#303,#263,#304,#305));
#307= IFCFACEOUTERBOUND(#306,.T.);
#308= IFCFACE((#307));
#309= IFCCARTESIANPOINT((133.485281302099,-448.485281302099,-2.90818570647389E-06));
#310= IFCPOLYLOOP((#263,#268,#309,#304));
#311= IFCFACEOUTERBOUND(#310,.T.);
#312= IFCFACE((#311));
#313= IFCPOLYLOOP((#268,#303,#305,#309));
#314= IFCFACEOUTERBOUND(#313,.T.);
#315= IFCFACE((#314));
#316= IFCPOLYLOOP((#309,#305,#304));
#317= IFCFACEOUTERBOUND(#316,.T.);
#318= IFCFACE((#317));
#319= IFCPOLYLOOP((#268,#263,#303));
#320= IFCFACEOUTERBOUND(#319,.T.);
#321= IFCFACE((#320));
#322= IFCCARTESIANPOINT((125.000000356855,-439.999999571088,-8.48528349678963));
#323= IFCCARTESIANPOINT((-124.99999964251,-440.000000429547,-8.48528137468384));
#324= IFCPOLYLOOP((#304,#322,#323,#144));
#325= IFCFACEOUTERBOUND(#324,.T.);
#326= IFCFACE((#325));
#327= IFCPOLYLOOP((#322,#309,#150,#323));
#328= IFCFACEOUTERBOUND(#327,.T.);
#329= IFCFACE((#328));
#330= IFCPOLYLOOP((#309,#304,#144,#150));
#331= IFCFACEOUTERBOUND(#330,.T.);
#332= IFCFACE((#331));
#333= IFCPOLYLOOP((#150,#144,#323));
#334= IFCFACEOUTERBOUND(#333,.T.);
#335= IFCFACE((#334));
#336= IFCPOLYLOOP((#309,#322,#304));
#337= IFCFACEOUTERBOUND(#336,.T.);
#338= IFCFACE((#337));
#339= IFCCLOSEDSHELL((#149,#154,#157,#160,#163,#170,#175,#178,#183,#187,#190,#194,#197,#200,#203,#206,#211,#215,#218,#221,#224,#227,#231,#234,#237,#240,#246,#250,#253,#256,#259,#266,#271,#274,#279,#283,#286,#290,#293,#296,#299,#302,#308,#312,#315,#318,#321,#326,#329,#332,#335,#338));
#340= IFCFACETEDBREP(#339);
#341= IFCSHAPEREPRESENTATION(#12,'Body','Brep',(#340));
#342= IFCCARTESIANPOINT((-125.,0.,440.));
#343= IFCCARTESIANPOINT((-125.,-2.12615123018622E-06,419.000000000002));
#344= IFCCARTESIANPOINT((-5.6578495132535,-1.11118424683809E-06,419.000000000002));
#345= IFCCARTESIANPOINT((-5.6578495132535,-1.11118424683809E-06,21.0000000000018));
#346= IFCCARTESIANPOINT((-125.,-2.12615123018622E-06,21.0000000000018));
#347= IFCCARTESIANPOINT((125.,-2.12299346458167E-06,21.0000000000018));
#348= IFCCARTESIANPOINT((5.8421504867465,-1.01338082458824E-06,21.0000000000018));
#349= IFCCARTESIANPOINT((5.8421504867465,-1.01338082458824E-06,419.000000000002));
#350= IFCCARTESIANPOINT((125.,1.45519152283669E-11,419.000000000002));
#351= IFCCARTESIANPOINT((125.,-2.12299346458167E-06,440.));
#352= IFCPOLYLINE((#342,#343,#344,#345,#346,#61,#62,#347,#348,#349,#350,#351,#342));
#353= IFCSHAPEREPRESENTATION(#13,'Axis','GeometricCurveSet',(#352));
#354= IFCPRODUCTDEFINITIONSHAPE($,$,(#341,#353));
#355= IFCFASTENER('3OqpYo$296cwTTQ8Qog8Yd',#44,'Weld',$,$,#142,#354,'IDd8d338b2-fc22-469b-a75d-6886b2a888a7');
#356= IFCPROPERTYSINGLEVALUE('WeldID',$,IFCINTEGER(97615673),$);
#357= IFCPROPERTYSINGLEVALUE('l',$,IFCPOSITIVELENGTHMEASURE(1857.),$);
#358= IFCPROPERTYSET('2nDMmZRYv19e29cAyTPaWS',#5,'AISC_EM11_Pset_Weld','WeldIdentity',(#88,#89,#90,#91,#356,#93,#94,#95,#357,#97,#98,#99,#100,#101,#102,#103));
#359= IFCCARTESIANPOINT((94461.4158902952,2234.28919316847,13879.));
#360= IFCAXIS2PLACEMENT3D(#359,#56,#7);
#361= IFCLOCALPLACEMENT(#45,#360);
#362= IFCCARTESIANPOINT((-83.625,-398.,1.52340362546965E-10));
#363= IFCCARTESIANPOINT((-83.6250000339787,-398.,8.48528135740526));
#364= IFCCARTESIANPOINT((-227.875000016982,-398.000000016993,8.48528137465337));
#365= IFCCARTESIANPOINT((-227.875,-398.,4.14729584008455E-10));
#366= IFCPOLYLOOP((#362,#363,#364,#365));
#367= IFCFACEOUTERBOUND(#366,.T.);
#368= IFCFACE((#367));
#369= IFCCARTESIANPOINT((-92.1102813572506,-389.514718642748,1.52340362546965E-10));
#370= IFCCARTESIANPOINT((-236.360281374233,-389.514718625762,4.30190993938595E-10));
#371= IFCPOLYLOOP((#363,#369,#370,#364));
#372= IFCFACEOUTERBOUND(#371,.T.);
#373= IFCFACE((#372));
#374= IFCPOLYLOOP((#369,#362,#365,#370));
#375= IFCFACEOUTERBOUND(#374,.T.);
#376= IFCFACE((#375));
#377= IFCCARTESIANPOINT((-83.625,0.,1.52340362546965E-10));
#378= IFCCARTESIANPOINT((-83.6250000169821,1.69929990079254E-08,8.48528137439098));
#379= IFCPOLYLOOP((#377,#378,#363,#362));
#380= IFCFACEOUTERBOUND(#379,.T.);
#381= IFCFACE((#380));
#382= IFCCARTESIANPOINT((-92.1102813742327,-8.48528137423818,1.67801772477105E-10));
#383= IFCPOLYLOOP((#378,#382,#369,#363));
#384= IFCFACEOUTERBOUND(#383,.T.);
#385= IFCFACE((#384));
#386= IFCPOLYLOOP((#382,#377,#362,#369));
#387= IFCFACEOUTERBOUND(#386,.T.);
#388= IFCFACE((#387));
#389= IFCCARTESIANPOINT((-227.875,0.,4.14729584008455E-10));
#390= IFCCARTESIANPOINT((-227.875000033979,0.,8.48528135766765));
#391= IFCPOLYLOOP((#389,#390,#378,#377));
#392= IFCFACEOUTERBOUND(#391,.T.);
#393= IFCFACE((#392));
#394= IFCCARTESIANPOINT((-236.360281357251,-8.48528135725246,4.14729584008455E-10));
#395= IFCPOLYLOOP((#390,#394,#382,#378));
#396= IFCFACEOUTERBOUND(#395,.T.);
#397= IFCFACE((#396));
#398= IFCPOLYLOOP((#394,#389,#377,#382));
#399= IFCFACEOUTERBOUND(#398,.T.);
#400= IFCFACE((#399));
#401= IFCCARTESIANPOINT((-227.875,21.,4.14729584008455E-10));
#402= IFCCARTESIANPOINT((-227.875000016982,20.999999983007,8.48528137465337));
#403= IFCPOLYLOOP((#401,#402,#390,#389));
#404= IFCFACEOUTERBOUND(#403,.T.);
#405= IFCFACE((#404));
#406= IFCCARTESIANPOINT((-236.360281374233,29.4852813742382,4.30190993938595E-10));
#407= IFCPOLYLOOP((#402,#406,#394,#390));
#408= IFCFACEOUTERBOUND(#407,.T.);
#409= IFCFACE((#408));
#410= IFCPOLYLOOP((#406,#401,#389,#394));
#411= IFCFACEOUTERBOUND(#410,.T.);
#412= IFCFACE((#411));
#413= IFCCARTESIANPOINT((72.125,21.,-1.30967237055302E-10));
#414= IFCCARTESIANPOINT((72.1249999660213,21.,8.48528139109339));
#415= IFCPOLYLOOP((#413,#414,#402,#401));
#416= IFCFACEOUTERBOUND(#415,.T.);
#417= IFCFACE((#416));
#418= IFCCARTESIANPOINT((80.6102813912294,29.4852813912239,-1.30967237055302E-10));
#419= IFCPOLYLOOP((#414,#418,#406,#402));
#420= IFCFACEOUTERBOUND(#419,.T.);
#421= IFCFACE((#420));
#422= IFCPOLYLOOP((#418,#413,#401,#406));
#423= IFCFACEOUTERBOUND(#422,.T.);
#424= IFCFACE((#423));
#425= IFCCARTESIANPOINT((72.125,0.,-1.30967237055302E-10));
#426= IFCCARTESIANPOINT((72.1249999830179,-1.69929990079254E-08,8.48528137410767));
#427= IFCPOLYLOOP((#425,#426,#414,#413));
#428= IFCFACEOUTERBOUND(#427,.T.);
#429= IFCFACE((#428));
#430= IFCCARTESIANPOINT((80.6102813742327,-8.48528137423818,-1.46428646985441E-10));
#431= IFCPOLYLOOP((#426,#430,#418,#414));
#432= IFCFACEOUTERBOUND(#431,.T.);
#433= IFCFACE((#432));
#434= IFCPOLYLOOP((#430,#425,#413,#418));
#435= IFCFACEOUTERBOUND(#434,.T.);
#436= IFCFACE((#435));
#437= IFCCARTESIANPOINT((-72.125,0.,1.31421984406188E-10));
#438= IFCCARTESIANPOINT((-72.1250000339642,0.,8.48528139135578));
#439= IFCPOLYLOOP((#437,#438,#426,#425));
#440= IFCFACEOUTERBOUND(#439,.T.);
#441= IFCFACE((#440));
#442= IFCCARTESIANPOINT((-63.6397186087706,-8.48528139122391,1.31421984406188E-10));
#443= IFCPOLYLOOP((#438,#442,#430,#426));
#444= IFCFACEOUTERBOUND(#443,.T.);
#445= IFCFACE((#444));
#446= IFCPOLYLOOP((#442,#437,#425,#430));
#447= IFCFACEOUTERBOUND(#446,.T.);
#448= IFCFACE((#447));
#449= IFCCARTESIANPOINT((-72.125,-398.,1.31421984406188E-10));
#450= IFCCARTESIANPOINT((-72.1250000169821,-397.999999983007,8.48528137437006));
#451= IFCPOLYLOOP((#449,#450,#438,#437));
#452= IFCFACEOUTERBOUND(#451,.T.);
#453= IFCFACE((#452));
#454= IFCCARTESIANPOINT((-63.6397186257673,-389.514718625762,1.15960574476048E-10));
#455= IFCPOLYLOOP((#450,#454,#442,#438));
#456= IFCFACEOUTERBOUND(#455,.T.);
#457= IFCFACE((#456));
#458= IFCPOLYLOOP((#454,#449,#437,#442));
#459= IFCFACEOUTERBOUND(#458,.T.);
#460= IFCFACE((#459));
#461= IFCCARTESIANPOINT((72.125,-398.,-1.30967237055302E-10));
#462= IFCCARTESIANPOINT((72.1249999660213,-398.,8.48528139109339));
#463= IFCPOLYLOOP((#461,#462,#450,#449));
#464= IFCFACEOUTERBOUND(#463,.T.);
#465= IFCFACE((#464));
#466= IFCCARTESIANPOINT((80.6102813912294,-389.514718608776,-1.30967237055302E-10));
#467= IFCPOLYLOOP((#462,#466,#454,#450));
#468= IFCFACEOUTERBOUND(#467,.T.);
#469= IFCFACE((#468));
#470= IFCPOLYLOOP((#466,#461,#449,#454));
#471= IFCFACEOUTERBOUND(#470,.T.);
#472= IFCFACE((#471));
#473= IFCCARTESIANPOINT((72.125,-419.,-1.30967237055302E-10));
#474= IFCCARTESIANPOINT((72.1249999830179,-419.000000016993,8.48528137410767));
#475= IFCPOLYLOOP((#473,#474,#462,#461));
#476= IFCFACEOUTERBOUND(#475,.T.);
#477= IFCFACE((#476));
#478= IFCCARTESIANPOINT((80.6102813742327,-427.485281374238,-1.46428646985441E-10));
#479= IFCPOLYLOOP((#474,#478,#466,#462));
#480= IFCFACEOUTERBOUND(#479,.T.);
#481= IFCFACE((#480));
#482= IFCPOLYLOOP((#478,#473,#461,#466));
#483= IFCFACEOUTERBOUND(#482,.T.);
#484= IFCFACE((#483));
#485= IFCCARTESIANPOINT((-227.875,-419.,4.14729584008455E-10));
#486= IFCCARTESIANPOINT((-227.875000033979,-419.,8.48528135766765));
#487= IFCPOLYLOOP((#485,#486,#474,#473));
#488= IFCFACEOUTERBOUND(#487,.T.);
#489= IFCFACE((#488));
#490= IFCCARTESIANPOINT((-236.360281357251,-427.485281357252,4.14729584008455E-10));
#491= IFCPOLYLOOP((#486,#490,#478,#474));
#492= IFCFACEOUTERBOUND(#491,.T.);
#493= IFCFACE((#492));
#494= IFCPOLYLOOP((#490,#485,#473,#478));
#495= IFCFACEOUTERBOUND(#494,.T.);
#496= IFCFACE((#495));
#497= IFCPOLYLOOP((#365,#364,#486,#485));
#498= IFCFACEOUTERBOUND(#497,.T.);
#499= IFCFACE((#498));
#500= IFCPOLYLOOP((#364,#370,#490,#486));
#501= IFCFACEOUTERBOUND(#500,.T.);
#502= IFCFACE((#501));
#503= IFCPOLYLOOP((#370,#365,#485,#490));
#504= IFCFACEOUTERBOUND(#503,.T.);
#505= IFCFACE((#504));
#506= IFCPOLYLOOP((#370,#365,#364));
#507= IFCFACEOUTERBOUND(#506,.T.);
#508= IFCFACE((#507));
#509= IFCPOLYLOOP((#370,#364,#365));
#510= IFCFACEOUTERBOUND(#509,.T.);
#511= IFCFACE((#510));
#512= IFCCLOSEDSHELL((#368,#373,#376,#381,#385,#388,#393,#397,#400,#405,#409,#412,#417,#421,#424,#429,#433,#436,#441,#445,#448,#453,#457,#460,#465,#469,#472,#477,#481,#484,#489,#493,#496,#499,#502,#505,#508,#511));
#513= IFCFACETEDBREP(#512);
#514= IFCSHAPEREPRESENTATION(#12,'Body','Brep',(#513));
#515= IFCCARTESIANPOINT((-227.875,4.14729584008455E-10,398.));
#516= IFCCARTESIANPOINT((-227.875,4.14729584008455E-10,419.));
#517= IFCCARTESIANPOINT((72.125,-1.30967237055302E-10,419.));
#518= IFCCARTESIANPOINT((72.125,-1.30967237055302E-10,398.));
#519= IFCCARTESIANPOINT((-72.125,1.31421984406188E-10,398.));
#520= IFCCARTESIANPOINT((72.125,-1.30967237055302E-10,-21.));
#521= IFCCARTESIANPOINT((-227.875,4.14729584008455E-10,-21.));
#522= IFCCARTESIANPOINT((-83.625,1.52340362546965E-10,398.));
#523= IFCPOLYLINE((#515,#516,#517,#518,#519,#437,#425,#520,#521,#389,#377,#522,#515));
#524= IFCSHAPEREPRESENTATION(#13,'Axis','GeometricCurveSet',(#523));
#525= IFCPRODUCTDEFINITIONSHAPE($,$,(#514,#524));
#526= IFCFASTENER('267xKqWjP2xh3ffMWNpKbO',#44,'Weld',$,$,#361,#525,'ID861fb534-82d6-42ee-b0e9-a56817cd4958');
#527= IFCPROPERTYSINGLEVALUE('WeldID',$,IFCINTEGER(97615606),$);
#528= IFCPROPERTYSINGLEVALUE('l',$,IFCPOSITIVELENGTHMEASURE(2057.),$);
#529= IFCPROPERTYSET('3jvF6j1r96PB3KZcMcRt5$',#5,'AISC_EM11_Pset_Weld','WeldIdentity',(#88,#89,#90,#91,#527,#93,#94,#95,#528,#97,#98,#99,#100,#101,#102,#103));
#530= IFCCARTESIANPOINT((94377.790887793,1609.0391958161,13680.));
#531= IFCAXIS2PLACEMENT3D(#530,#56,#9);
#532= IFCLOCALPLACEMENT(#45,#531);
#533= IFCCARTESIANPOINT((-188.800000000183,-11.5,1.95479060494108E-07));
#534= IFCCARTESIANPOINT((-193.392201208488,-11.5000000582222,-4.59220097297816));
#535= IFCCARTESIANPOINT((-193.39220116887,-5.82222128286958E-08,-4.59220120830673));
#536= IFCCARTESIANPOINT((-188.800000000414,0.,0.));
#537= IFCPOLYLOOP((#533,#534,#535,#536));
#538= IFCFACEOUTERBOUND(#537,.T.);
#539= IFCFACE((#538));
#540= IFCCARTESIANPOINT((-195.294353201807,-17.9943532017496,3.05871253658552E-07));
#541= IFCCARTESIANPOINT((-195.294353202298,6.49435320174962,-1.10392193164444E-07));
#542= IFCPOLYLOOP((#534,#540,#541,#535));
#543= IFCFACEOUTERBOUND(#542,.T.);
#544= IFCFACE((#543));
#545= IFCPOLYLOOP((#540,#533,#536,#541));
#546= IFCFACEOUTERBOUND(#545,.T.);
#547= IFCFACE((#546));
#548= IFCPOLYLOOP((#541,#536,#535));
#549= IFCFACEOUTERBOUND(#548,.T.);
#550= IFCFACE((#549));
#551= IFCPOLYLOOP((#540,#534,#533));
#552= IFCFACEOUTERBOUND(#551,.T.);
#553= IFCFACE((#552));
#554= IFCCARTESIANPOINT((-197.285281319502,-3.39496182277799E-08,-8.48528131909165));
#555= IFCCARTESIANPOINT((197.28528131951,-3.39496182277799E-08,-8.48528131909143));
#556= IFCCARTESIANPOINT((188.800000000414,0.,0.));
#557= IFCPOLYLOOP((#536,#554,#555,#556));
#558= IFCFACEOUTERBOUND(#557,.T.);
#559= IFCFACE((#558));
#560= IFCCARTESIANPOINT((-197.285281319691,8.48528131909552,-1.4425017980102E-07));
#561= IFCCARTESIANPOINT((197.285281319691,8.48528131909552,-1.4425017980102E-07));
#562= IFCPOLYLOOP((#554,#560,#561,#555));
#563= IFCFACEOUTERBOUND(#562,.T.);
#564= IFCFACE((#563));
#565= IFCPOLYLOOP((#560,#536,#556,#561));
#566= IFCFACEOUTERBOUND(#565,.T.);
#567= IFCFACE((#566));
#568= IFCPOLYLOOP((#561,#556,#555));
#569= IFCFACEOUTERBOUND(#568,.T.);
#570= IFCFACE((#569));
#571= IFCPOLYLOOP((#560,#554,#536));
#572= IFCFACEOUTERBOUND(#571,.T.);
#573= IFCFACE((#572));
#574= IFCCARTESIANPOINT((193.392201168872,-5.82222128286958E-08,-4.59220120830446));
#575= IFCCARTESIANPOINT((193.392201208489,-11.5000000582222,-4.59220097297566));
#576= IFCCARTESIANPOINT((188.800000000183,-11.5,1.95479060494108E-07));
#577= IFCPOLYLOOP((#556,#574,#575,#576));
#578= IFCFACEOUTERBOUND(#577,.T.);
#579= IFCFACE((#578));
#580= IFCCARTESIANPOINT((195.294353202298,6.49435320174962,-1.10392193164444E-07));
#581= IFCCARTESIANPOINT((195.294353201807,-17.9943532017496,3.05871253658552E-07));
#582= IFCPOLYLOOP((#574,#580,#581,#575));
#583= IFCFACEOUTERBOUND(#582,.T.);
#584= IFCFACE((#583));
#585= IFCPOLYLOOP((#580,#556,#576,#581));
#586= IFCFACEOUTERBOUND(#585,.T.);
#587= IFCFACE((#586));
#588= IFCPOLYLOOP((#581,#576,#575));
#589= IFCFACEOUTERBOUND(#588,.T.);
#590= IFCFACE((#589));
#591= IFCPOLYLOOP((#580,#574,#556));
#592= IFCFACEOUTERBOUND(#591,.T.);
#593= IFCFACE((#592));
#594= IFCCARTESIANPOINT((197.285281429573,-11.5000000339496,-8.48528123390656));
#595= IFCCARTESIANPOINT((-197.285281429566,-11.5000000339496,-8.48528123390656));
#596= IFCPOLYLOOP((#576,#594,#595,#533));
#597= IFCFACEOUTERBOUND(#596,.T.);
#598= IFCFACE((#597));
#599= IFCCARTESIANPOINT((197.285281429382,-19.9852814293845,3.39729240295128E-07));
#600= IFCCARTESIANPOINT((-197.285281429382,-19.9852814293845,3.39729240295128E-07));
#601= IFCPOLYLOOP((#594,#599,#600,#595));
#602= IFCFACEOUTERBOUND(#601,.T.);
#603= IFCFACE((#602));
#604= IFCPOLYLOOP((#599,#576,#533,#600));
#605= IFCFACEOUTERBOUND(#604,.T.);
#606= IFCFACE((#605));
#607= IFCPOLYLOOP((#600,#533,#595));
#608= IFCFACEOUTERBOUND(#607,.T.);
#609= IFCFACE((#608));
#610= IFCPOLYLOOP((#599,#594,#576));
#611= IFCFACEOUTERBOUND(#610,.T.);
#612= IFCFACE((#611));
#613= IFCCLOSEDSHELL((#539,#544,#547,#550,#553,#559,#564,#567,#570,#573,#579,#584,#587,#590,#593,#598,#603,#606,#609,#612));
#614= IFCFACETEDBREP(#613);
#615= IFCSHAPEREPRESENTATION(#12,'Body','Brep',(#614));
#616= IFCCARTESIANPOINT((-188.800000000183,1.95479060494108E-07,11.5));
#617= IFCCARTESIANPOINT((188.800000000183,1.95479060494108E-07,11.5));
#618= IFCPOLYLINE((#616,#536,#556,#617,#616));
#619= IFCSHAPEREPRESENTATION(#13,'Axis','GeometricCurveSet',(#618));
#620= IFCPRODUCTDEFINITIONSHAPE($,$,(#615,#619));
#621= IFCFASTENER('0JxBSD_uf0eg$ZVrjqeR1U',#44,'Weld',$,$,#532,#620,'ID13ecb70d-fb8a-40a2-afe3-7f5b74a1b05e');
#622= IFCPROPERTYSINGLEVALUE('WeldID',$,IFCINTEGER(97615577),$);
#623= IFCPROPERTYSINGLEVALUE('l',$,IFCPOSITIVELENGTHMEASURE(778.2),$);
#624= IFCPROPERTYSET('2xTxpJlqr1vO6yxrLAMnR2',#5,'AISC_EM11_Pset_Weld','WeldIdentity',(#88,#89,#90,#91,#622,#93,#94,#95,#623,#97,#98,#99,#100,#101,#102,#103));
#625= IFCLOCALPLACEMENT(#42,#10);
#626= IFCELEMENTASSEMBLY('1eUfL1FlLBIwzEfLcNMuOR',#44,'BEAM',$,$,#625,$,'B/388',.NOTDEFINED.,.RIGID_FRAME.);
#627= IFCPROPERTYSINGLEVALUE('DrawingNumber',$,IFCIDENTIFIER(''),$);
#628= IFCPROPERTYSET('37K$r2ArTFnAY1CVNIdEmH',#5,'AISC_EM11_Pset_DrawingNumber',$,(#627));
#629= IFCPROPERTYSINGLEVALUE('AssemblyMark',$,IFCIDENTIFIER('B/388'),$);
#630= IFCPROPERTYSET('1w$sN53q18uAEOKVul5cwA',#5,'AISC_EM11_Pset_AssemblyIdentification','AssemblyIdentity',(#629,#52,#53));
#631= IFCCARTESIANPOINT((93320.,1603.28920788778,23160.0000000696));
#632= IFCAXIS2PLACEMENT3D(#631,#8,#57);
#633= IFCLOCALPLACEMENT(#625,#632);
#634= IFCCARTESIANPOINT((17.3205080757,0.));
#635= IFCCARTESIANPOINT((8.66025403785,15.0000000000021));
#636= IFCCARTESIANPOINT((-8.66025403785,15.0000000000021));
#637= IFCCARTESIANPOINT((-17.3205080757,0.));
#638= IFCCARTESIANPOINT((-8.66025403785,-15.0000000000021));
#639= IFCCARTESIANPOINT((8.66025403785,-15.0000000000021));
#640= IFCPOLYLINE((#634,#635,#636,#637,#638,#639,#634));
#641= IFCARBITRARYCLOSEDPROFILEDEF(.AREA.,$,#640);
#642= IFCCARTESIANPOINT((0.,-32.2000000000001,0.));
#643= IFCAXIS2PLACEMENT3D(#642,#8,#7);
#644= IFCEXTRUDEDAREASOLID(#641,#643,#9,13.2);
#645= IFCDIRECTION((1.,0.));
#646= IFCCARTESIANPOINT((0.,0.));
#647= IFCAXIS2PLACEMENT2D(#646,#645);
#648= IFCCIRCLEPROFILEDEF(.AREA.,$,#647,10.);
#649= IFCCARTESIANPOINT((0.,-19.0000000000001,0.));
#650= IFCAXIS2PLACEMENT3D(#649,#8,#7);
#651= IFCEXTRUDEDAREASOLID(#648,#650,#9,70.);
#652= IFCCIRCLEPROFILEDEF(.AREA.,$,#647,18.);
#653= IFCCARTESIANPOINT((0.,20.9999999304055,0.));
#654= IFCAXIS2PLACEMENT3D(#653,#8,#7);
#655= IFCEXTRUDEDAREASOLID(#652,#654,#9,8.);
#656= IFCCARTESIANPOINT((0.,28.9999999304055,0.));
#657= IFCAXIS2PLACEMENT3D(#656,#8,#7);
#658= IFCEXTRUDEDAREASOLID(#641,#657,#9,16.);
#659= IFCCARTESIANPOINT((-2.3283064365387E-10,0.,75.));
#660= IFCCARTESIANTRANSFORMATIONOPERATOR3D($,$,#659,$,$);
#661= IFCSHAPEREPRESENTATION(#12,'Body','SweptSolid',(#644,#651,#655,#658));
#662= IFCREPRESENTATIONMAP(#10,#661);
#663= IFCMAPPEDITEM(#662,#660);
#664= IFCCARTESIANPOINT((74.9999999997672,0.,74.9999999995566));
#665= IFCCARTESIANTRANSFORMATIONOPERATOR3D($,$,#664,$,$);
#666= IFCMAPPEDITEM(#662,#665);
#667= IFCCARTESIANPOINT((149.999999999767,0.,74.9999999991132));
#668= IFCCARTESIANTRANSFORMATIONOPERATOR3D($,$,#667,$,$);
#669= IFCMAPPEDITEM(#662,#668);
#670= IFCCARTESIANPOINT((224.999999999767,0.,74.9999999986699));
#671= IFCCARTESIANTRANSFORMATIONOPERATOR3D($,$,#670,$,$);
#672= IFCMAPPEDITEM(#662,#671);
#673= IFCCARTESIANPOINT((299.999999999767,0.,74.9999999982265));
#674= IFCCARTESIANTRANSFORMATIONOPERATOR3D($,$,#673,$,$);
#675= IFCMAPPEDITEM(#662,#674);
#676= IFCCARTESIANPOINT((374.999999999767,0.,74.9999999977831));
#677= IFCCARTESIANTRANSFORMATIONOPERATOR3D($,$,#676,$,$);
#678= IFCMAPPEDITEM(#662,#677);
#679= IFCCARTESIANPOINT((449.999999999767,0.,74.9999999973397));
#680= IFCCARTESIANTRANSFORMATIONOPERATOR3D($,$,#679,$,$);
#681= IFCMAPPEDITEM(#662,#680);
#682= IFCCARTESIANPOINT((524.999999999767,0.,74.9999999968963));
#683= IFCCARTESIANTRANSFORMATIONOPERATOR3D($,$,#682,$,$);
#684= IFCMAPPEDITEM(#662,#683);
#685= IFCCARTESIANPOINT((599.999999999767,0.,74.999999996453));
#686= IFCCARTESIANTRANSFORMATIONOPERATOR3D($,$,#685,$,$);
#687= IFCMAPPEDITEM(#662,#686);
#688= IFCCARTESIANPOINT((674.999999999767,0.,74.9999999960096));
#689= IFCCARTESIANTRANSFORMATIONOPERATOR3D($,$,#688,$,$);
#690= IFCMAPPEDITEM(#662,#689);
#691= IFCCARTESIANPOINT((2.18278728425503E-10,0.,-75.));
#692= IFCCARTESIANTRANSFORMATIONOPERATOR3D($,$,#691,$,$);
#693= IFCMAPPEDITEM(#662,#692);
#694= IFCCARTESIANPOINT((75.0000000002183,0.,-75.0000000004434));
#695= IFCCARTESIANTRANSFORMATIONOPERATOR3D($,$,#694,$,$);
#696= IFCMAPPEDITEM(#662,#695);
#697= IFCCARTESIANPOINT((150.000000000218,0.,-75.0000000008868));
#698= IFCCARTESIANTRANSFORMATIONOPERATOR3D($,$,#697,$,$);
#699= IFCMAPPEDITEM(#662,#698);
#700= IFCCARTESIANPOINT((225.000000000218,0.,-75.0000000013301));
#701= IFCCARTESIANTRANSFORMATIONOPERATOR3D($,$,#700,$,$);
#702= IFCMAPPEDITEM(#662,#701);
#703= IFCCARTESIANPOINT((300.000000000218,0.,-75.0000000017735));
#704= IFCCARTESIANTRANSFORMATIONOPERATOR3D($,$,#703,$,$);
#705= IFCMAPPEDITEM(#662,#704);
#706= IFCCARTESIANPOINT((375.000000000218,0.,-75.0000000022169));
#707= IFCCARTESIANTRANSFORMATIONOPERATOR3D($,$,#706,$,$);
#708= IFCMAPPEDITEM(#662,#707);
#709= IFCCARTESIANPOINT((450.000000000218,0.,-75.0000000026603));
#710= IFCCARTESIANTRANSFORMATIONOPERATOR3D($,$,#709,$,$);
#711= IFCMAPPEDITEM(#662,#710);
#712= IFCCARTESIANPOINT((525.000000000218,0.,-75.0000000031037));
#713= IFCCARTESIANTRANSFORMATIONOPERATOR3D($,$,#712,$,$);
#714= IFCMAPPEDITEM(#662,#713);
#715= IFCCARTESIANPOINT((600.000000000218,0.,-75.000000003547));
#716= IFCCARTESIANTRANSFORMATIONOPERATOR3D($,$,#715,$,$);
#717= IFCMAPPEDITEM(#662,#716);
#718= IFCCARTESIANPOINT((675.000000000218,0.,-75.0000000039904));
#719= IFCCARTESIANTRANSFORMATIONOPERATOR3D($,$,#718,$,$);
#720= IFCMAPPEDITEM(#662,#719);
#721= IFCSHAPEREPRESENTATION(#12,'Body','MappedRepresentation',(#663,#666,#669,#672,#675,#678,#681,#684,#687,#690,#693,#696,#699,#702,#705,#708,#711,#714,#717,#720));
#722= IFCCARTESIANPOINT((0.,70.,0.));
#723= IFCPOLYLINE((#642,#722));
#724= IFCSHAPEREPRESENTATION(#12,'Axis','GeometricCurveSet',(#723));
#725= IFCREPRESENTATIONMAP(#10,#724);
#726= IFCMAPPEDITEM(#725,#660);
#727= IFCMAPPEDITEM(#725,#665);
#728= IFCMAPPEDITEM(#725,#668);
#729= IFCMAPPEDITEM(#725,#671);
#730= IFCMAPPEDITEM(#725,#674);
#731= IFCMAPPEDITEM(#725,#677);
#732= IFCMAPPEDITEM(#725,#680);
#733= IFCMAPPEDITEM(#725,#683);
#734= IFCMAPPEDITEM(#725,#686);
#735= IFCMAPPEDITEM(#725,#689);
#736= IFCMAPPEDITEM(#725,#692);
#737= IFCMAPPEDITEM(#725,#695);
#738= IFCMAPPEDITEM(#725,#698);
#739= IFCMAPPEDITEM(#725,#701);
#740= IFCMAPPEDITEM(#725,#704);
#741= IFCMAPPEDITEM(#725,#707);
#742= IFCMAPPEDITEM(#725,#710);
#743= IFCMAPPEDITEM(#725,#713);
#744= IFCMAPPEDITEM(#725,#716);
#745= IFCMAPPEDITEM(#725,#719);
#746= IFCSHAPEREPRESENTATION(#12,'Axis','MappedRepresentation',(#726,#727,#728,#729,#730,#731,#732,#733,#734,#735,#736,#737,#738,#739,#740,#741,#742,#743,#744,#745));
#747= IFCPRODUCTDEFINITIONSHAPE($,$,(#721,#746));
#748= IFCMECHANICALFASTENER('0oCU6l2WPFeeKikIEnXt42',#44,'Bolt assembly',$,$,#633,#747,'ID3231e1af-0a06-4fa2-852c-b923b1877102',20.,70.);
#749= IFCPROPERTYSINGLEVALUE('BoltFieldAssembled',$,IFCBOOLEAN(.F.),$);
#750= IFCPROPERTYSINGLEVALUE('BoltGrade',$,IFCIDENTIFIER('5.6'),$);
#751= IFCPROPERTYSINGLEVALUE('BoltDiameter',$,IFCPOSITIVELENGTHMEASURE(20.),$);
#752= IFCPROPERTYSINGLEVALUE('BoltLength',$,IFCPOSITIVELENGTHMEASURE(70.),$);
#753= IFCPROPERTYSINGLEVALUE('BoltStandard',$,IFCIDENTIFIER('7990'),$);
#754= IFCPROPERTYSINGLEVALUE('BoltType',$,IFCIDENTIFIER('7990'),$);
#755= IFCPROPERTYSET('1fP47HLrPD5P9v4ydBze58',#5,'AISC_EM11_Pset_Bolt','BoltIdentity',(#749,#750,#751,#752,#753,#754));
#756= IFCPROPERTYSINGLEVALUE('NutSize',$,IFCPOSITIVELENGTHMEASURE(20.),$);
#757= IFCPROPERTYSINGLEVALUE('NutStandard',$,IFCIDENTIFIER('555'),$);
#758= IFCPROPERTYSET('0IePc1kLb6ZxkEoRO78t5Q',#5,'AISC_EM11_Pset_Nut','NutIdentity',(#756,#757));
#759= IFCPROPERTYSINGLEVALUE('WasherThickness',$,IFCPOSITIVELENGTHMEASURE(8.),$);
#760= IFCPROPERTYSINGLEVALUE('WasherSize',$,IFCPOSITIVELENGTHMEASURE(20.),$);
#761= IFCPROPERTYSINGLEVALUE('WasherStandard',$,IFCIDENTIFIER('7989'),$);
#762= IFCPROPERTYSINGLEVALUE('HeadSideWashers',$,IFCBOOLEAN(.F.),$);
#763= IFCPROPERTYSET('2qyM$Ja6jADPU7AksRbdoj',#5,'AISC_EM11_Pset_Washer','WasherIdentity',(#759,#760,#761,#762));
#764= IFCMATERIAL('Undefined');
#765= IFCCARTESIANPOINT((93320.,1603.28920788778,23599.9999999304));
#766= IFCAXIS2PLACEMENT3D(#765,#56,#57);
#767= IFCLOCALPLACEMENT(#625,#766);
#768= IFCEXTRUDEDAREASOLID(#648,#650,#9,95.);
#769= IFCSHAPEREPRESENTATION(#12,'Body','SweptSolid',(#644,#768,#655,#658));
#770= IFCREPRESENTATIONMAP(#10,#769);
#771= IFCMAPPEDITEM(#770,#692);
#772= IFCMAPPEDITEM(#770,#695);
#773= IFCMAPPEDITEM(#770,#698);
#774= IFCMAPPEDITEM(#770,#701);
#775= IFCMAPPEDITEM(#770,#704);
#776= IFCMAPPEDITEM(#770,#707);
#777= IFCMAPPEDITEM(#770,#710);
#778= IFCMAPPEDITEM(#770,#713);
#779= IFCMAPPEDITEM(#770,#716);
#780= IFCMAPPEDITEM(#770,#719);
#781= IFCMAPPEDITEM(#770,#660);
#782= IFCMAPPEDITEM(#770,#665);
#783= IFCMAPPEDITEM(#770,#668);
#784= IFCMAPPEDITEM(#770,#671);
#785= IFCMAPPEDITEM(#770,#674);
#786= IFCMAPPEDITEM(#770,#677);
#787= IFCMAPPEDITEM(#770,#680);
#788= IFCMAPPEDITEM(#770,#683);
#789= IFCMAPPEDITEM(#770,#686);
#790= IFCMAPPEDITEM(#770,#689);
#791= IFCSHAPEREPRESENTATION(#12,'Body','MappedRepresentation',(#771,#772,#773,#774,#775,#776,#777,#778,#779,#780,#781,#782,#783,#784,#785,#786,#787,#788,#789,#790));
#792= IFCCARTESIANPOINT((0.,95.,0.));
#793= IFCPOLYLINE((#642,#792));
#794= IFCSHAPEREPRESENTATION(#12,'Axis','GeometricCurveSet',(#793));
#795= IFCREPRESENTATIONMAP(#10,#794);
#796= IFCMAPPEDITEM(#795,#692);
#797= IFCMAPPEDITEM(#795,#695);
#798= IFCMAPPEDITEM(#795,#698);
#799= IFCMAPPEDITEM(#795,#701);
#800= IFCMAPPEDITEM(#795,#704);
#801= IFCMAPPEDITEM(#795,#707);
#802= IFCMAPPEDITEM(#795,#710);
#803= IFCMAPPEDITEM(#795,#713);
#804= IFCMAPPEDITEM(#795,#716);
#805= IFCMAPPEDITEM(#795,#719);
#806= IFCMAPPEDITEM(#795,#660);
#807= IFCMAPPEDITEM(#795,#665);
#808= IFCMAPPEDITEM(#795,#668);
#809= IFCMAPPEDITEM(#795,#671);
#810= IFCMAPPEDITEM(#795,#674);
#811= IFCMAPPEDITEM(#795,#677);
#812= IFCMAPPEDITEM(#795,#680);
#813= IFCMAPPEDITEM(#795,#683);
#814= IFCMAPPEDITEM(#795,#686);
#815= IFCMAPPEDITEM(#795,#689);
#816= IFCSHAPEREPRESENTATION(#12,'Axis','MappedRepresentation',(#796,#797,#798,#799,#800,#801,#802,#803,#804,#805,#806,#807,#808,#809,#810,#811,#812,#813,#814,#815));
#817= IFCPRODUCTDEFINITIONSHAPE($,$,(#791,#816));
#818= IFCMECHANICALFASTENER('1YTrCsMJX4WAbR12QM7gNh',#44,'Bolt assembly',$,$,#767,#817,'ID62775336-5938-4480-a95b-0426961ea5eb',20.,95.);
#819= IFCPROPERTYSINGLEVALUE('BoltLength',$,IFCPOSITIVELENGTHMEASURE(95.),$);
#820= IFCPROPERTYSET('2rJdz6wwr77R7aJmHhj8da',#5,'AISC_EM11_Pset_Bolt','BoltIdentity',(#749,#750,#751,#819,#753,#754));
#821= IFCCARTESIANPOINT((92597.2185630219,1723.41333952634,23150.5000000696));
#822= IFCAXIS2PLACEMENT3D(#821,#9,#56);
#823= IFCLOCALPLACEMENT(#45,#822);
#824= IFCCARTESIANPOINT((92597.2185630219,1723.41333952634,23609.4999999304));
#825= IFCAXIS2PLACEMENT3D(#824,#9,#56);
#826= IFCLOCALPLACEMENT(#45,#825);
#827= IFCCARTESIANPOINT((93521.7495554155,1478.24229353707,23447.599999905));
#828= IFCDIRECTION((-0.00639381900211447,-0.999979559330374,0.));
#829= IFCDIRECTION((0.999979559330374,-0.00639381900210984,0.));
#830= IFCAXIS2PLACEMENT3D(#827,#828,#829);
#831= IFCLOCALPLACEMENT(#45,#830);
#832= IFCCARTESIANPOINT((-24.2500000001455,-145.19999981,-6.09361450187862E-11));
#833= IFCCARTESIANPOINT((-62.7500000003347,-145.19999981,-1.57797330757603E-10));
#834= IFCCARTESIANPOINT((-32.7081111978332,-136.741888612327,0.0540807374618453));
#835= IFCPOLYLOOP((#832,#833,#834));
#836= IFCFACEOUTERBOUND(#835,.T.);
#837= IFCFACE((#836));
#838= IFCCARTESIANPOINT((-71.2352813745965,-136.71471843576,-1.79170456249267E-10));
#839= IFCCARTESIANPOINT((-62.7500000003201,-145.199999809978,8.48528137407993));
#840= IFCPOLYLOOP((#838,#839,#834));
#841= IFCFACEOUTERBOUND(#840,.T.);
#842= IFCFACE((#841));
#843= IFCCARTESIANPOINT((-24.2500000001019,-145.19999981,8.45828409060232));
#844= IFCPOLYLOOP((#832,#843,#839,#833));
#845= IFCFACEOUTERBOUND(#844,.T.);
#846= IFCFACE((#845));
#847= IFCPOLYLOOP((#843,#834,#839));
#848= IFCFACEOUTERBOUND(#847,.T.);
#849= IFCFACE((#848));
#850= IFCPOLYLOOP((#838,#834,#833));
#851= IFCFACEOUTERBOUND(#850,.T.);
#852= IFCFACE((#851));
#853= IFCCARTESIANPOINT((-24.2500000001455,0.,-6.09361450187862E-11));
#854= IFCCARTESIANPOINT((-32.7352813743928,-8.48528137424,-8.230927051045E-11));
#855= IFCPOLYLOOP((#853,#832,#854));
#856= IFCFACEOUTERBOUND(#855,.T.);
#857= IFCFACE((#856));
#858= IFCCARTESIANPOINT((-24.2500000001164,-2.18278728425503E-11,8.48528137417679));
#859= IFCPOLYLOOP((#854,#834,#858));
#860= IFCFACEOUTERBOUND(#859,.T.);
#861= IFCFACE((#860));
#862= IFCPOLYLOOP((#853,#858,#843,#832));
#863= IFCFACEOUTERBOUND(#862,.T.);
#864= IFCFACE((#863));
#865= IFCPOLYLOOP((#843,#858,#834));
#866= IFCFACEOUTERBOUND(#865,.T.);
#867= IFCFACE((#866));
#868= IFCPOLYLOOP((#834,#854,#832));
#869= IFCFACEOUTERBOUND(#868,.T.);
#870= IFCFACE((#869));
#871= IFCCARTESIANPOINT((-62.7500000003347,0.,-1.57797330757603E-10));
#872= IFCPOLYLOOP((#853,#854,#871));
#873= IFCFACEOUTERBOUND(#872,.T.);
#874= IFCFACE((#873));
#875= IFCCARTESIANPOINT((-71.2081111980369,-8.45811119767313,0.0540807373649841));
#876= IFCCARTESIANPOINT((-62.7500000003056,0.,8.45828409050546));
#877= IFCPOLYLOOP((#875,#854,#876));
#878= IFCFACEOUTERBOUND(#877,.T.);
#879= IFCFACE((#878));
#880= IFCPOLYLOOP((#871,#876,#858,#853));
#881= IFCFACEOUTERBOUND(#880,.T.);
#882= IFCFACE((#881));
#883= IFCPOLYLOOP((#858,#876,#854));
#884= IFCFACEOUTERBOUND(#883,.T.);
#885= IFCFACE((#884));
#886= IFCPOLYLOOP((#875,#871,#854));
#887= IFCFACEOUTERBOUND(#886,.T.);
#888= IFCFACE((#887));
#889= IFCCARTESIANPOINT((-62.7500000003347,7.400000095,-1.57797330757603E-10));
#890= IFCCARTESIANPOINT((-71.2352813745965,15.88528146924,-1.79170456249267E-10));
#891= IFCPOLYLOOP((#889,#871,#890));
#892= IFCFACEOUTERBOUND(#891,.T.);
#893= IFCFACE((#892));
#894= IFCPOLYLOOP((#875,#876,#890));
#895= IFCFACEOUTERBOUND(#894,.T.);
#896= IFCFACE((#895));
#897= IFCCARTESIANPOINT((-62.7500000003201,7.40000009502182,8.48528137407993));
#898= IFCPOLYLOOP((#889,#897,#876,#871));
#899= IFCFACEOUTERBOUND(#898,.T.);
#900= IFCFACE((#899));
#901= IFCPOLYLOOP((#897,#890,#876));
#902= IFCFACEOUTERBOUND(#901,.T.);
#903= IFCFACE((#902));
#904= IFCPOLYLOOP((#875,#890,#871));
#905= IFCFACEOUTERBOUND(#904,.T.);
#906= IFCFACE((#905));
#907= IFCCARTESIANPOINT((19.2500000001019,7.400000095,4.82032191939652E-11));
#908= IFCCARTESIANPOINT((27.7623648282752,15.912364923166,-0.0544276324590101));
#909= IFCPOLYLOOP((#907,#889,#908));
#910= IFCFACEOUTERBOUND(#909,.T.);
#911= IFCFACE((#910));
#912= IFCPOLYLOOP((#890,#897,#908));
#913= IFCFACEOUTERBOUND(#912,.T.);
#914= IFCFACE((#913));
#915= IFCCARTESIANPOINT((19.2500000001455,7.400000095,8.51253883020672));
#916= IFCPOLYLOOP((#907,#915,#897,#889));
#917= IFCFACEOUTERBOUND(#916,.T.);
#918= IFCFACE((#917));
#919= IFCPOLYLOOP((#915,#908,#897));
#920= IFCFACEOUTERBOUND(#919,.T.);
#921= IFCFACE((#920));
#922= IFCPOLYLOOP((#890,#908,#889));
#923= IFCFACEOUTERBOUND(#922,.T.);
#924= IFCFACE((#923));
#925= IFCCARTESIANPOINT((19.2500000001019,0.,4.82032191939652E-11));
#926= IFCCARTESIANPOINT((27.7352813743491,-8.48528137424,6.9576344685629E-11));
#927= IFCPOLYLOOP((#925,#907,#926));
#928= IFCFACEOUTERBOUND(#927,.T.);
#929= IFCFACE((#928));
#930= IFCPOLYLOOP((#908,#915,#926));
#931= IFCFACEOUTERBOUND(#930,.T.);
#932= IFCFACE((#931));
#933= IFCCARTESIANPOINT((19.2500000001164,2.18278728425503E-11,8.48528137428593));
#934= IFCPOLYLOOP((#925,#933,#915,#907));
#935= IFCFACEOUTERBOUND(#934,.T.);
#936= IFCFACE((#935));
#937= IFCPOLYLOOP((#933,#926,#915));
#938= IFCFACEOUTERBOUND(#937,.T.);
#939= IFCFACE((#938));
#940= IFCPOLYLOOP((#908,#926,#907));
#941= IFCFACEOUTERBOUND(#940,.T.);
#942= IFCFACE((#941));
#943= IFCCARTESIANPOINT((-19.2500000001019,0.,-4.86579665448517E-11));
#944= IFCCARTESIANPOINT((-10.7376351719286,-8.51236482816603,-0.0544276325554165));
#945= IFCPOLYLOOP((#943,#925,#944));
#946= IFCFACEOUTERBOUND(#945,.T.);
#947= IFCFACE((#946));
#948= IFCPOLYLOOP((#926,#933,#944));
#949= IFCFACEOUTERBOUND(#948,.T.);
#950= IFCFACE((#949));
#951= IFCCARTESIANPOINT((-19.2500000000582,0.,8.51253883011032));
#952= IFCPOLYLOOP((#943,#951,#933,#925));
#953= IFCFACEOUTERBOUND(#952,.T.);
#954= IFCFACE((#953));
#955= IFCPOLYLOOP((#951,#944,#933));
#956= IFCFACEOUTERBOUND(#955,.T.);
#957= IFCFACE((#956));
#958= IFCPOLYLOOP((#926,#944,#925));
#959= IFCFACEOUTERBOUND(#958,.T.);
#960= IFCFACE((#959));
#961= IFCCARTESIANPOINT((-19.2500000001019,-145.19999981,-4.86579665448517E-11));
#962= IFCCARTESIANPOINT((-10.7647186258546,-136.71471843576,-2.72848410531878E-11));
#963= IFCPOLYLOOP((#961,#943,#962));
#964= IFCFACEOUTERBOUND(#963,.T.);
#965= IFCFACE((#964));
#966= IFCCARTESIANPOINT((-19.2500000000728,-145.199999810022,8.48528137418907));
#967= IFCPOLYLOOP((#962,#944,#966));
#968= IFCFACEOUTERBOUND(#967,.T.);
#969= IFCFACE((#968));
#970= IFCPOLYLOOP((#961,#966,#951,#943));
#971= IFCFACEOUTERBOUND(#970,.T.);
#972= IFCFACE((#971));
#973= IFCPOLYLOOP((#951,#966,#944));
#974= IFCFACEOUTERBOUND(#973,.T.);
#975= IFCFACE((#974));
#976= IFCPOLYLOOP((#944,#962,#943));
#977= IFCFACEOUTERBOUND(#976,.T.);
#978= IFCFACE((#977));
#979= IFCCARTESIANPOINT((19.2500000001019,-145.19999981,4.82032191939652E-11));
#980= IFCPOLYLOOP((#961,#962,#979));
#981= IFCFACEOUTERBOUND(#980,.T.);
#982= IFCFACE((#981));
#983= IFCCARTESIANPOINT((27.7623648282752,-136.687634981834,-0.0544276324590101));
#984= IFCCARTESIANPOINT((19.2500000001455,-145.19999981,8.51253883020672));
#985= IFCPOLYLOOP((#983,#962,#984));
#986= IFCFACEOUTERBOUND(#985,.T.);
#987= IFCFACE((#986));
#988= IFCPOLYLOOP((#979,#984,#966,#961));
#989= IFCFACEOUTERBOUND(#988,.T.);
#990= IFCFACE((#989));
#991= IFCPOLYLOOP((#966,#984,#962));
#992= IFCFACEOUTERBOUND(#991,.T.);
#993= IFCFACE((#992));
#994= IFCPOLYLOOP((#983,#979,#962));
#995= IFCFACEOUTERBOUND(#994,.T.);
#996= IFCFACE((#995));
#997= IFCCARTESIANPOINT((19.2500000001019,-152.599999905,4.82032191939652E-11));
#998= IFCCARTESIANPOINT((27.7352813743491,-161.08528127924,6.9576344685629E-11));
#999= IFCPOLYLOOP((#997,#979,#998));
#1000= IFCFACEOUTERBOUND(#999,.T.);
#1001= IFCFACE((#1000));
#1002= IFCPOLYLOOP((#983,#984,#998));
#1003= IFCFACEOUTERBOUND(#1002,.T.);
#1004= IFCFACE((#1003));
#1005= IFCCARTESIANPOINT((19.2500000001164,-152.599999904978,8.48528137428593));
#1006= IFCPOLYLOOP((#997,#1005,#984,#979));
#1007= IFCFACEOUTERBOUND(#1006,.T.);
#1008= IFCFACE((#1007));
#1009= IFCPOLYLOOP((#1005,#998,#984));
#1010= IFCFACEOUTERBOUND(#1009,.T.);
#1011= IFCFACE((#1010));
#1012= IFCPOLYLOOP((#983,#998,#979));
#1013= IFCFACEOUTERBOUND(#1012,.T.);
#1014= IFCFACE((#1013));
#1015= IFCCARTESIANPOINT((-62.7500000003347,-152.599999905,-1.57797330757603E-10));
#1016= IFCCARTESIANPOINT((-71.2081111980369,-161.058111102673,0.0540807373649841));
#1017= IFCPOLYLOOP((#1015,#997,#1016));
#1018= IFCFACEOUTERBOUND(#1017,.T.);
#1019= IFCFACE((#1018));
#1020= IFCPOLYLOOP((#998,#1005,#1016));
#1021= IFCFACEOUTERBOUND(#1020,.T.);
#1022= IFCFACE((#1021));
#1023= IFCCARTESIANPOINT((-62.7500000003056,-152.599999905,8.45828409050546));
#1024= IFCPOLYLOOP((#1015,#1023,#1005,#997));
#1025= IFCFACEOUTERBOUND(#1024,.T.);
#1026= IFCFACE((#1025));
#1027= IFCPOLYLOOP((#1023,#1016,#1005));
#1028= IFCFACEOUTERBOUND(#1027,.T.);
#1029= IFCFACE((#1028));
#1030= IFCPOLYLOOP((#998,#1016,#997));
#1031= IFCFACEOUTERBOUND(#1030,.T.);
#1032= IFCFACE((#1031));
#1033= IFCCARTESIANPOINT((-62.7500000003056,-145.19999981,8.45828409050546));
#1034= IFCPOLYLOOP((#833,#1033,#1023,#1015));
#1035= IFCFACEOUTERBOUND(#1034,.T.);
#1036= IFCFACE((#1035));
#1037= IFCCARTESIANPOINT((-71.2081111980369,-136.741888612327,0.0540807373649841));
#1038= IFCPOLYLOOP((#1033,#1037,#1016,#1023));
#1039= IFCFACEOUTERBOUND(#1038,.T.);
#1040= IFCFACE((#1039));
#1041= IFCPOLYLOOP((#1037,#833,#1015,#1016));
#1042= IFCFACEOUTERBOUND(#1041,.T.);
#1043= IFCFACE((#1042));
#1044= IFCPOLYLOOP((#838,#833,#839));
#1045= IFCFACEOUTERBOUND(#1044,.T.);
#1046= IFCFACE((#1045));
#1047= IFCPOLYLOOP((#1037,#1033,#833));
#1048= IFCFACEOUTERBOUND(#1047,.T.);
#1049= IFCFACE((#1048));
#1050= IFCCLOSEDSHELL((#837,#842,#846,#849,#852,#857,#861,#864,#867,#870,#874,#879,#882,#885,#888,#893,#896,#900,#903,#906,#911,#914,#918,#921,#924,#929,#932,#936,#939,#942,#947,#950,#954,#957,#960,#965,#969,#972,#975,#978,#982,#987,#990,#993,#996,#1001,#1004,#1008,#1011,#1014,#1019,#1022,#1026,#1029,#1032,#1036,#1040,#1043,#1046,#1049));
#1051= IFCFACETEDBREP(#1050);
#1052= IFCSHAPEREPRESENTATION(#12,'Body','Brep',(#1051));
#1053= IFCCARTESIANPOINT((-62.7500000002183,-1.56433088704944E-10,145.19999981));
#1054= IFCCARTESIANPOINT((-62.7500000002183,-1.56433088704944E-10,152.599999905));
#1055= IFCCARTESIANPOINT((19.2500000000728,4.77484718430787E-11,152.599999905));
#1056= IFCCARTESIANPOINT((19.2500000000728,4.77484718430787E-11,145.19999981));
#1057= IFCCARTESIANPOINT((-19.2500000000582,-4.82032191939652E-11,145.19999981));
#1058= IFCCARTESIANPOINT((19.2500000000728,4.77484718430787E-11,-7.400000095));
#1059= IFCCARTESIANPOINT((-62.7500000002183,-1.56433088704944E-10,-7.400000095));
#1060= IFCCARTESIANPOINT((-24.2500000000873,-6.04813976678997E-11,145.19999981));
#1061= IFCPOLYLINE((#1053,#1054,#1055,#1056,#1057,#943,#925,#1058,#1059,#871,#853,#1060,#1053));
#1062= IFCSHAPEREPRESENTATION(#13,'Axis','GeometricCurveSet',(#1061));
#1063= IFCPRODUCTDEFINITIONSHAPE($,$,(#1052,#1062));
#1064= IFCFASTENER('2TsPFG_0TCyhnmBe94$FRy',#44,'Weld',$,$,#831,#1063,'ID9dd993d0-f807-4cf2-bc70-2e8244fcf6fc');
#1065= IFCPROPERTYSINGLEVALUE('WeldID',$,IFCINTEGER(97612186),$);
#1066= IFCPROPERTYSINGLEVALUE('l',$,IFCPOSITIVELENGTHMEASURE(638.),$);
#1067= IFCPROPERTYSET('3bbvXOznjAVgysfXsioF2Q',#5,'AISC_EM11_Pset_Weld','WeldIdentity',(#88,#89,#90,#91,#1065,#93,#94,#95,#1066,#97,#98,#99,#100,#101,#102,#103));
#1068= IFCOWNERHISTORY(#3,#4,$,.NOCHANGE.,$,$,$,1775595600);
#1069= IFCCARTESIANPOINT((93521.7495554155,1478.24229353707,13747.599999905));
#1070= IFCAXIS2PLACEMENT3D(#1069,#828,#829);
#1071= IFCLOCALPLACEMENT(#45,#1070);
#1072= IFCSHAPEREPRESENTATION(#12,'Body','Brep',(#1051));
#1073= IFCSHAPEREPRESENTATION(#13,'Axis','GeometricCurveSet',(#1061));
#1074= IFCPRODUCTDEFINITIONSHAPE($,$,(#1072,#1073));
#1075= IFCFASTENER('1$VuqwjZn2bALwhg5Q4jFP',#1068,'Weld',$,$,#1071,#1074,'ID7f7f8d3a-b63c-4294-a57a-aea15a12d3d9');
#1076= IFCPROPERTYSINGLEVALUE('WeldID',$,IFCINTEGER(97559254),$);
#1077= IFCPROPERTYSET('0ncRFw9wj0Bh8t_p6xN5N3',#5,'AISC_EM11_Pset_Weld','WeldIdentity',(#88,#89,#90,#91,#1076,#93,#94,#95,#1066,#97,#98,#99,#100,#101,#102,#103));
#1078= IFCOWNERHISTORY(#3,#4,$,.NOCHANGE.,$,$,$,1775491200);
#1079= IFCCARTESIANPOINT((93624.9936597496,1603.38135910034,19350.));
#1080= IFCDIRECTION((-5.07220000074634E-05,-0.999999998713639,0.));
#1081= IFCAXIS2PLACEMENT3D(#1079,#106,#1080);
#1082= IFCLOCALPLACEMENT(#45,#1081);
#1083= IFCCARTESIANPOINT((-124.999569748629,8.48571024001285,439.99487604497));
#1084= IFCCARTESIANPOINT((-125.000000804032,-0.012680500280112,419.));
#1085= IFCCARTESIANPOINT((-125.000000804043,8.47302997729275,418.995306457142));
#1086= IFCPOLYLOOP((#1083,#342,#1084,#1085));
#1087= IFCFACEOUTERBOUND(#1086,.T.);
#1088= IFCFACE((#1087));
#1089= IFCCARTESIANPOINT((-133.485711687417,0.00469354355300311,448.485710726502));
#1090= IFCCARTESIANPOINT((-133.485712850393,-0.018234867558931,410.51428974963));
#1091= IFCPOLYLOOP((#342,#1089,#1090,#1084));
#1092= IFCFACEOUTERBOUND(#1091,.T.);
#1093= IFCFACE((#1092));
#1094= IFCPOLYLOOP((#1089,#1083,#1085,#1090));
#1095= IFCFACEOUTERBOUND(#1094,.T.);
#1096= IFCFACE((#1095));
#1097= IFCPOLYLOOP((#1090,#1085,#1084));
#1098= IFCFACEOUTERBOUND(#1097,.T.);
#1099= IFCFACE((#1098));
#1100= IFCPOLYLOOP((#1089,#342,#1083));
#1101= IFCFACEOUTERBOUND(#1100,.T.);
#1102= IFCFACE((#1101));
#1103= IFCCARTESIANPOINT((-5.75000031419677,-0.00663190189516172,21.));
#1104= IFCCARTESIANPOINT((-5.74956990194937,-8.49234368845646,21.));
#1105= IFCCARTESIANPOINT((-125.002132261188,-8.49796044666437,20.9974381527609));
#1106= IFCCARTESIANPOINT((-125.000000804032,-0.012680500280112,21.));
#1107= IFCPOLYLOOP((#1103,#1104,#1105,#1106));
#1108= IFCFACEOUTERBOUND(#1107,.T.);
#1109= IFCFACE((#1108));
#1110= IFCCARTESIANPOINT((-14.2357121007094,-0.0062014895665925,29.4857117537649));
#1111= IFCCARTESIANPOINT((-133.485281140195,-0.0131108906643931,29.48528137424));
#1112= IFCPOLYLOOP((#1104,#1110,#1111,#1105));
#1113= IFCFACEOUTERBOUND(#1112,.T.);
#1114= IFCFACE((#1113));
#1115= IFCPOLYLOOP((#1110,#1103,#1106,#1111));
#1116= IFCFACEOUTERBOUND(#1115,.T.);
#1117= IFCFACE((#1116));
#1118= IFCCARTESIANPOINT((-5.75000031419677,-0.00663190189516172,419.));
#1119= IFCCARTESIANPOINT((-5.74956992375519,-8.49191326527216,419.000000000025));
#1120= IFCPOLYLOOP((#1118,#1119,#1104,#1103));
#1121= IFCFACEOUTERBOUND(#1120,.T.);
#1122= IFCFACE((#1121));
#1123= IFCCARTESIANPOINT((-14.235281677521,-0.00706229232309852,410.51471862576));
#1124= IFCPOLYLOOP((#1119,#1123,#1110,#1104));
#1125= IFCFACEOUTERBOUND(#1124,.T.);
#1126= IFCFACE((#1125));
#1127= IFCPOLYLOOP((#1123,#1118,#1103,#1110));
#1128= IFCFACEOUTERBOUND(#1127,.T.);
#1129= IFCFACE((#1128));
#1130= IFCCARTESIANPOINT((-125.002132261188,-8.49796044666437,419.002561847239));
#1131= IFCPOLYLOOP((#1084,#1130,#1119,#1118));
#1132= IFCFACEOUTERBOUND(#1131,.T.);
#1133= IFCFACE((#1132));
#1134= IFCCARTESIANPOINT((-133.485281140195,-0.0131108906643931,410.51471862576));
#1135= IFCPOLYLOOP((#1130,#1134,#1123,#1119));
#1136= IFCFACEOUTERBOUND(#1135,.T.);
#1137= IFCFACE((#1136));
#1138= IFCPOLYLOOP((#1134,#1084,#1118,#1123));
#1139= IFCFACEOUTERBOUND(#1138,.T.);
#1140= IFCFACE((#1139));
#1141= IFCPOLYLOOP((#1111,#1106,#1105));
#1142= IFCFACEOUTERBOUND(#1141,.T.);
#1143= IFCFACE((#1142));
#1144= IFCPOLYLOOP((#1134,#1130,#1084));
#1145= IFCFACEOUTERBOUND(#1144,.T.);
#1146= IFCFACE((#1145));
#1147= IFCCARTESIANPOINT((-125.000000804043,8.47302997729275,21.0046935428581));
#1148= IFCCARTESIANPOINT((-124.99978495474,8.48571011006425,0.00533916109270649));
#1149= IFCPOLYLOOP((#1147,#1106,#61,#1148));
#1150= IFCFACEOUTERBOUND(#1149,.T.);
#1151= IFCFACE((#1150));
#1152= IFCCARTESIANPOINT((-133.485712850393,-0.018234867558931,29.4857102503702));
#1153= IFCCARTESIANPOINT((-133.485711687417,0.00469354340748396,-8.48571049935344));
#1154= IFCPOLYLOOP((#1106,#1152,#1153,#61));
#1155= IFCFACEOUTERBOUND(#1154,.T.);
#1156= IFCFACE((#1155));
#1157= IFCPOLYLOOP((#1152,#1147,#1148,#1153));
#1158= IFCFACEOUTERBOUND(#1157,.T.);
#1159= IFCFACE((#1158));
#1160= IFCPOLYLOOP((#1153,#1148,#61));
#1161= IFCFACEOUTERBOUND(#1160,.T.);
#1162= IFCFACE((#1161));
#1163= IFCPOLYLOOP((#1152,#1106,#1147));
#1164= IFCFACEOUTERBOUND(#1163,.T.);
#1165= IFCFACE((#1164));
#1166= IFCCARTESIANPOINT((-124.997438313291,-8.48527982685482,-0.00256184701356688));
#1167= IFCCARTESIANPOINT((124.997438313293,-8.48527982790256,-0.00256184716999996));
#1168= IFCPOLYLOOP((#61,#1166,#1167,#62));
#1169= IFCFACEOUTERBOUND(#1168,.T.);
#1170= IFCFACE((#1169));
#1171= IFCCARTESIANPOINT((-133.485279728277,5.38420863449574E-10,-8.48528137424));
#1172= IFCCARTESIANPOINT((133.485280248045,-5.82076609134674E-10,-8.48528137424));
#1173= IFCPOLYLOOP((#1166,#1171,#1172,#1167));
#1174= IFCFACEOUTERBOUND(#1173,.T.);
#1175= IFCFACE((#1174));
#1176= IFCPOLYLOOP((#1171,#61,#62,#1172));
#1177= IFCFACEOUTERBOUND(#1176,.T.);
#1178= IFCFACE((#1177));
#1179= IFCPOLYLOOP((#1172,#62,#1167));
#1180= IFCFACEOUTERBOUND(#1179,.T.);
#1181= IFCFACE((#1180));
#1182= IFCPOLYLOOP((#1171,#1166,#61));
#1183= IFCFACEOUTERBOUND(#1182,.T.);
#1184= IFCFACE((#1183));
#1185= IFCCARTESIANPOINT((125.00021534513,8.48484958827612,0.00490825101223891));
#1186= IFCCARTESIANPOINT((124.99999951767,-0.012680501313298,21.));
#1187= IFCCARTESIANPOINT((125.000450637755,8.47216896893224,21.0051026837391));
#1188= IFCPOLYLOOP((#1185,#62,#1186,#1187));
#1189= IFCFACEOUTERBOUND(#1188,.T.);
#1190= IFCFACE((#1189));
#1191= IFCCARTESIANPOINT((133.484851426397,0.00555380315927323,-8.48484919895418));
#1192= IFCCARTESIANPOINT((133.484850263475,-0.0173735682619736,29.4848499665713));
#1193= IFCPOLYLOOP((#62,#1191,#1192,#1186));
#1194= IFCFACEOUTERBOUND(#1193,.T.);
#1195= IFCFACE((#1194));
#1196= IFCPOLYLOOP((#1191,#1185,#1187,#1192));
#1197= IFCFACEOUTERBOUND(#1196,.T.);
#1198= IFCFACE((#1197));
#1199= IFCPOLYLOOP((#1192,#1187,#1186));
#1200= IFCFACEOUTERBOUND(#1199,.T.);
#1201= IFCFACE((#1200));
#1202= IFCPOLYLOOP((#1191,#62,#1185));
#1203= IFCFACEOUTERBOUND(#1202,.T.);
#1204= IFCFACE((#1203));
#1205= IFCCARTESIANPOINT((5.74999967101598,-0.00604859892337117,419.));
#1206= IFCCARTESIANPOINT((5.75043003960309,-8.49089960458514,419.));
#1207= IFCCARTESIANPOINT((124.997868703694,-8.48527994692267,418.997438152761));
#1208= IFCPOLYLOOP((#1205,#1206,#1207,#350));
#1209= IFCFACEOUTERBOUND(#1208,.T.);
#1210= IFCFACE((#1209));
#1211= IFCCARTESIANPOINT((14.2348506766427,-0.00647896759619471,410.515149027116));
#1212= IFCCARTESIANPOINT((133.485280497013,0.000430389845860191,410.51471862576));
#1213= IFCPOLYLOOP((#1206,#1211,#1212,#1207));
#1214= IFCFACEOUTERBOUND(#1213,.T.);
#1215= IFCFACE((#1214));
#1216= IFCPOLYLOOP((#1211,#1205,#350,#1212));
#1217= IFCFACEOUTERBOUND(#1216,.T.);
#1218= IFCFACE((#1217));
#1219= IFCCARTESIANPOINT((5.74999967101598,-0.00604859892337117,21.));
#1220= IFCCARTESIANPOINT((5.74997891841167,-8.49132993719832,20.9995488569803));
#1221= IFCPOLYLOOP((#1219,#1220,#1206,#1205));
#1222= IFCFACEOUTERBOUND(#1221,.T.);
#1223= IFCFACE((#1222));
#1224= IFCCARTESIANPOINT((14.2352810321336,-0.0065204945858568,29.48528137424));
#1225= IFCPOLYLOOP((#1220,#1224,#1211,#1206));
#1226= IFCFACEOUTERBOUND(#1225,.T.);
#1227= IFCFACE((#1226));
#1228= IFCPOLYLOOP((#1224,#1219,#1205,#1211));
#1229= IFCFACEOUTERBOUND(#1228,.T.);
#1230= IFCFACE((#1229));
#1231= IFCCARTESIANPOINT((125.002089469687,-8.49796045802941,20.9974381528991));
#1232= IFCPOLYLOOP((#1186,#1231,#1220,#1219));
#1233= IFCFACEOUTERBOUND(#1232,.T.);
#1234= IFCFACE((#1233));
#1235= IFCCARTESIANPOINT((133.485279356921,-0.0131523969030241,29.48528137424));
#1236= IFCPOLYLOOP((#1231,#1235,#1224,#1220));
#1237= IFCFACEOUTERBOUND(#1236,.T.);
#1238= IFCFACE((#1237));
#1239= IFCPOLYLOOP((#1235,#1186,#1219,#1224));
#1240= IFCFACEOUTERBOUND(#1239,.T.);
#1241= IFCFACE((#1240));
#1242= IFCPOLYLOOP((#1212,#350,#1207));
#1243= IFCFACEOUTERBOUND(#1242,.T.);
#1244= IFCFACE((#1243));
#1245= IFCPOLYLOOP((#1235,#1231,#1186));
#1246= IFCFACEOUTERBOUND(#1245,.T.);
#1247= IFCFACE((#1246));
#1248= IFCCARTESIANPOINT((125.000000160838,8.4848496963823,419.004693066752));
#1249= IFCCARTESIANPOINT((124.99999951767,-0.012680501313298,440.));
#1250= IFCCARTESIANPOINT((125.000429886231,8.47216895755264,440.005123435261));
#1251= IFCPOLYLOOP((#1248,#350,#1249,#1250));
#1252= IFCFACEOUTERBOUND(#1251,.T.);
#1253= IFCFACE((#1252));
#1254= IFCCARTESIANPOINT((133.484851426397,0.0055538033193443,410.51515053026));
#1255= IFCCARTESIANPOINT((133.484850263475,-0.0173735682474216,448.484849945824));
#1256= IFCPOLYLOOP((#350,#1254,#1255,#1249));
#1257= IFCFACEOUTERBOUND(#1256,.T.);
#1258= IFCFACE((#1257));
#1259= IFCPOLYLOOP((#1254,#1248,#1250,#1255));
#1260= IFCFACEOUTERBOUND(#1259,.T.);
#1261= IFCFACE((#1260));
#1262= IFCPOLYLOOP((#1255,#1250,#1249));
#1263= IFCFACEOUTERBOUND(#1262,.T.);
#1264= IFCFACE((#1263));
#1265= IFCPOLYLOOP((#1254,#350,#1248));
#1266= IFCFACEOUTERBOUND(#1265,.T.);
#1267= IFCFACE((#1266));
#1268= IFCCARTESIANPOINT((125.00213097484,-8.4979604477121,439.997438152906));
#1269= IFCCARTESIANPOINT((-124.997868703681,-8.48527994588949,440.002561847094));
#1270= IFCPOLYLOOP((#1268,#1269,#1249));
#1271= IFCFACEOUTERBOUND(#1270,.T.);
#1272= IFCFACE((#1271));
#1273= IFCPOLYLOOP((#342,#1249,#1269));
#1274= IFCFACEOUTERBOUND(#1273,.T.);
#1275= IFCFACE((#1274));
#1276= IFCCARTESIANPOINT((133.485279334065,-0.0131108917412348,448.48528137424));
#1277= IFCCARTESIANPOINT((-133.485279977246,0.000430390922701918,448.48528137424));
#1278= IFCPOLYLOOP((#1268,#1276,#1277,#1269));
#1279= IFCFACEOUTERBOUND(#1278,.T.);
#1280= IFCFACE((#1279));
#1281= IFCPOLYLOOP((#1276,#1249,#342,#1277));
#1282= IFCFACEOUTERBOUND(#1281,.T.);
#1283= IFCFACE((#1282));
#1284= IFCPOLYLOOP((#1277,#342,#1269));
#1285= IFCFACEOUTERBOUND(#1284,.T.);
#1286= IFCFACE((#1285));
#1287= IFCPOLYLOOP((#1276,#1268,#1249));
#1288= IFCFACEOUTERBOUND(#1287,.T.);
#1289= IFCFACE((#1288));
#1290= IFCCLOSEDSHELL((#1088,#1093,#1096,#1099,#1102,#1109,#1114,#1117,#1122,#1126,#1129,#1133,#1137,#1140,#1143,#1146,#1151,#1156,#1159,#1162,#1165,#1170,#1175,#1178,#1181,#1184,#1190,#1195,#1198,#1201,#1204,#1210,#1215,#1218,#1223,#1227,#1230,#1234,#1238,#1241,#1244,#1247,#1253,#1258,#1261,#1264,#1267,#1272,#1275,#1280,#1283,#1286,#1289));
#1291= IFCFACETEDBREP(#1290);
#1292= IFCSHAPEREPRESENTATION(#12,'Body','Brep',(#1291));
#1293= IFCCARTESIANPOINT((-125.000000160837,440.,2.44710918195779E-11));
#1294= IFCCARTESIANPOINT((-125.000000804018,419.,0.012680500803981));
#1295= IFCCARTESIANPOINT((-5.75000031419586,419.,0.00663190190400087));
#1296= IFCCARTESIANPOINT((-5.75000031419586,21.,0.00663190190400087));
#1297= IFCCARTESIANPOINT((-125.000000804018,21.,0.012680500803981));
#1298= IFCCARTESIANPOINT((124.999999517657,21.,0.0126805007556925));
#1299= IFCCARTESIANPOINT((5.74999967101576,21.,0.0060485988761485));
#1300= IFCCARTESIANPOINT((5.74999967101576,419.,0.0060485988761485));
#1301= IFCCARTESIANPOINT((125.000000160837,419.,-2.3845814212109E-11));
#1302= IFCCARTESIANPOINT((124.999999517657,440.,0.0126805007556925));
#1303= IFCPOLYLINE((#1293,#1294,#1295,#1296,#1297,#61,#62,#1298,#1299,#1300,#1301,#1302,#1293));
#1304= IFCSHAPEREPRESENTATION(#13,'Axis','GeometricCurveSet',(#1303));
#1305= IFCPRODUCTDEFINITIONSHAPE($,$,(#1292,#1304));
#1306= IFCFASTENER('3oD7GTRDr6nQxcg5oN5vHX',#1078,'Weld',$,$,#1082,#1305,'IDf234741d-6cdd-46c5-aee6-a85c97179461');
#1307= IFCPROPERTYSINGLEVALUE('WeldID',$,IFCINTEGER(97522063),$);
#1308= IFCPROPERTYSET('3AgSzIKr1FWfZPCDdciWyl',#5,'AISC_EM11_Pset_Weld','WeldIdentity',(#88,#89,#90,#91,#1307,#93,#94,#95,#357,#97,#98,#99,#100,#101,#102,#103));
#1309= IFCCARTESIANPOINT((94377.7908877931,1609.05536150615,19130.0000000015));
#1310= IFCAXIS2PLACEMENT3D(#1309,#56,#9);
#1311= IFCLOCALPLACEMENT(#45,#1310);
#1312= IFCCARTESIANPOINT((-188.80000000188,-11.5,0.00119378048475483));
#1313= IFCCARTESIANPOINT((-193.3923600737,-11.500317800761,-4.59084849946248));
#1314= IFCCARTESIANPOINT((-193.392042279775,-0.00031781176221557,-4.59236006783613));
#1315= IFCPOLYLOOP((#1312,#1313,#1314,#536));
#1316= IFCFACEOUTERBOUND(#1315,.T.);
#1317= IFCFACE((#1316));
#1318= IFCCARTESIANPOINT((-195.294353206864,-17.9943531665776,0.0018679397953747));
#1319= IFCCARTESIANPOINT((-195.294353194011,6.49435316657764,-0.000674159310619871));
#1320= IFCPOLYLOOP((#1313,#1318,#1319,#1314));
#1321= IFCFACEOUTERBOUND(#1320,.T.);
#1322= IFCFACE((#1321));
#1323= IFCPOLYLOOP((#1318,#1312,#536,#1319));
#1324= IFCFACEOUTERBOUND(#1323,.T.);
#1325= IFCFACE((#1324));
#1326= IFCPOLYLOOP((#1319,#536,#1314));
#1327= IFCFACEOUTERBOUND(#1326,.T.);
#1328= IFCFACE((#1327));
#1329= IFCPOLYLOOP((#1318,#1313,#1312));
#1330= IFCFACEOUTERBOUND(#1329,.T.);
#1331= IFCFACE((#1330));
#1332= IFCCARTESIANPOINT((-197.284840962107,-3.39496182277799E-08,-8.48484100969813));
#1333= IFCCARTESIANPOINT((197.284840962104,-3.39496182277799E-08,-8.48484100969813));
#1334= IFCPOLYLOOP((#536,#1332,#1333,#556));
#1335= IFCFACEOUTERBOUND(#1334,.T.);
#1336= IFCFACE((#1335));
#1337= IFCCARTESIANPOINT((-197.284841001107,8.4848409639817,-0.000880785890331026));
#1338= IFCCARTESIANPOINT((197.284841001107,8.4848409639817,-0.000880785890331026));
#1339= IFCPOLYLOOP((#1332,#1337,#1338,#1333));
#1340= IFCFACEOUTERBOUND(#1339,.T.);
#1341= IFCFACE((#1340));
#1342= IFCPOLYLOOP((#1337,#536,#556,#1338));
#1343= IFCFACEOUTERBOUND(#1342,.T.);
#1344= IFCFACE((#1343));
#1345= IFCPOLYLOOP((#1338,#556,#1333));
#1346= IFCFACEOUTERBOUND(#1345,.T.);
#1347= IFCFACE((#1346));
#1348= IFCPOLYLOOP((#1337,#1332,#536));
#1349= IFCFACEOUTERBOUND(#1348,.T.);
#1350= IFCFACE((#1349));
#1351= IFCCARTESIANPOINT((193.392042279775,-0.00031781176221557,-4.59236006783726));
#1352= IFCCARTESIANPOINT((193.392360073703,-11.500317800761,-4.59084849946453));
#1353= IFCCARTESIANPOINT((188.800000001887,-11.5,0.00119378048475483));
#1354= IFCPOLYLOOP((#556,#1351,#1352,#1353));
#1355= IFCFACEOUTERBOUND(#1354,.T.);
#1356= IFCFACE((#1355));
#1357= IFCCARTESIANPOINT((195.294353194011,6.49435316657764,-0.000674159310619871));
#1358= IFCCARTESIANPOINT((195.294353206871,-17.9943531665776,0.0018679397953747));
#1359= IFCPOLYLOOP((#1351,#1357,#1358,#1352));
#1360= IFCFACEOUTERBOUND(#1359,.T.);
#1361= IFCFACE((#1360));
#1362= IFCPOLYLOOP((#1357,#556,#1353,#1358));
#1363= IFCFACEOUTERBOUND(#1362,.T.);
#1364= IFCFACE((#1363));
#1365= IFCPOLYLOOP((#1358,#1353,#1352));
#1366= IFCFACEOUTERBOUND(#1365,.T.);
#1367= IFCFACE((#1366));
#1368= IFCPOLYLOOP((#1357,#1351,#556));
#1369= IFCFACEOUTERBOUND(#1368,.T.);
#1370= IFCFACE((#1369));
#1371= IFCCARTESIANPOINT((197.285721765791,-11.5000000339642,-8.4845280268662));
#1372= IFCCARTESIANPOINT((-197.285721765791,-11.5000000339642,-8.4845280268662));
#1373= IFCPOLYLOOP((#1353,#1371,#1372,#1312));
#1374= IFCFACEOUTERBOUND(#1373,.T.);
#1375= IFCFACE((#1374));
#1376= IFCCARTESIANPOINT((197.285721813678,-19.9857217616373,0.00207465780795246));
#1377= IFCCARTESIANPOINT((-197.285721813671,-19.9857217616373,0.00207465780795246));
#1378= IFCPOLYLOOP((#1371,#1376,#1377,#1372));
#1379= IFCFACEOUTERBOUND(#1378,.T.);
#1380= IFCFACE((#1379));
#1381= IFCPOLYLOOP((#1376,#1353,#1312,#1377));
#1382= IFCFACEOUTERBOUND(#1381,.T.);
#1383= IFCFACE((#1382));
#1384= IFCPOLYLOOP((#1377,#1312,#1372));
#1385= IFCFACEOUTERBOUND(#1384,.T.);
#1386= IFCFACE((#1385));
#1387= IFCPOLYLOOP((#1376,#1371,#1353));
#1388= IFCFACEOUTERBOUND(#1387,.T.);
#1389= IFCFACE((#1388));
#1390= IFCCLOSEDSHELL((#1317,#1322,#1325,#1328,#1331,#1336,#1341,#1344,#1347,#1350,#1356,#1361,#1364,#1367,#1370,#1375,#1380,#1383,#1386,#1389));
#1391= IFCFACETEDBREP(#1390);
#1392= IFCSHAPEREPRESENTATION(#12,'Body','Brep',(#1391));
#1393= IFCCARTESIANPOINT((-188.80000000188,0.00119378048475483,11.5));
#1394= IFCCARTESIANPOINT((188.800000001887,0.00119378048475483,11.5));
#1395= IFCPOLYLINE((#1393,#536,#556,#1394,#1393));
#1396= IFCSHAPEREPRESENTATION(#13,'Axis','GeometricCurveSet',(#1395));
#1397= IFCPRODUCTDEFINITIONSHAPE($,$,(#1392,#1396));
#1398= IFCFASTENER('1JvC4z$$z9pfxRc0IOsltU',#1078,'Weld',$,$,#1311,#1397,'ID53e4c13d-ffff-49ce-9edb-980498dafdde');
#1399= IFCPROPERTYSINGLEVALUE('WeldID',$,IFCINTEGER(97521839),$);
#1400= IFCPROPERTYSET('2IQKHIyKf3owGEFLz9Vj7O',#5,'AISC_EM11_Pset_Weld','WeldIdentity',(#88,#89,#90,#91,#1399,#93,#94,#95,#623,#97,#98,#99,#100,#101,#102,#103));
#1401= IFCDIRECTION((-0.000101443999985349,-0.999999994854557,0.));
#1402= IFCAXIS2PLACEMENT3D(#1309,#1401,#9);
#1403= IFCLOCALPLACEMENT(#45,#1402);
#1404= IFCCARTESIANPOINT((-197.219326800216,-11.4997087721276,-8.41874419509259));
#1405= IFCCARTESIANPOINT((-197.21874418305,0.000291330128675327,-8.41932680615332));
#1406= IFCPOLYLOOP((#533,#1404,#1405,#536));
#1407= IFCFACEOUTERBOUND(#1406,.T.);
#1408= IFCFACE((#1407));
#1409= IFCCARTESIANPOINT((-200.706314211016,-23.4063142647647,-1.39152689371258E-10));
#1410= IFCCARTESIANPOINT((-200.706314192485,11.9063142028026,7.07132130628452E-11));
#1411= IFCPOLYLOOP((#1404,#1409,#1410,#1405));
#1412= IFCFACEOUTERBOUND(#1411,.T.);
#1413= IFCFACE((#1412));
#1414= IFCPOLYLOOP((#1409,#533,#536,#1410));
#1415= IFCFACEOUTERBOUND(#1414,.T.);
#1416= IFCFACE((#1415));
#1417= IFCPOLYLOOP((#1410,#536,#1405));
#1418= IFCFACEOUTERBOUND(#1417,.T.);
#1419= IFCFACE((#1418));
#1420= IFCPOLYLOOP((#1409,#1404,#533));
#1421= IFCFACEOUTERBOUND(#1420,.T.);
#1422= IFCFACE((#1421));
#1423= IFCCARTESIANPOINT((-204.355541767341,0.00161471184401307,-15.5555417673208));
#1424= IFCCARTESIANPOINT((204.355541767334,0.00161471184401307,-15.5555417673208));
#1425= IFCPOLYLOOP((#536,#1423,#1424,#556));
#1426= IFCFACEOUTERBOUND(#1425,.T.);
#1427= IFCFACE((#1426));
#1428= IFCCARTESIANPOINT((-204.35554183881,15.5555418510339,9.23137122299522E-11));
#1429= IFCCARTESIANPOINT((204.355541838806,15.5555418510339,9.23137122299522E-11));
#1430= IFCPOLYLOOP((#1423,#1428,#1429,#1424));
#1431= IFCFACEOUTERBOUND(#1430,.T.);
#1432= IFCFACE((#1431));
#1433= IFCPOLYLOOP((#1428,#536,#556,#1429));
#1434= IFCFACEOUTERBOUND(#1433,.T.);
#1435= IFCFACE((#1434));
#1436= IFCPOLYLOOP((#1429,#556,#1424));
#1437= IFCFACEOUTERBOUND(#1436,.T.);
#1438= IFCFACE((#1437));
#1439= IFCPOLYLOOP((#1428,#1423,#536));
#1440= IFCFACEOUTERBOUND(#1439,.T.);
#1441= IFCFACE((#1440));
#1442= IFCCARTESIANPOINT((197.218744183047,0.000291330128675327,-8.41932680615514));
#1443= IFCCARTESIANPOINT((197.219326800219,-11.4997087721276,-8.41874419509622));
#1444= IFCPOLYLOOP((#556,#1442,#1443,#576));
#1445= IFCFACEOUTERBOUND(#1444,.T.);
#1446= IFCFACE((#1445));
#1447= IFCCARTESIANPOINT((200.706314192481,11.9063142028026,7.07132130628452E-11));
#1448= IFCCARTESIANPOINT((200.706314211024,-23.4063142647647,-1.39152689371258E-10));
#1449= IFCPOLYLOOP((#1442,#1447,#1448,#1443));
#1450= IFCFACEOUTERBOUND(#1449,.T.);
#1451= IFCFACE((#1450));
#1452= IFCPOLYLOOP((#1447,#556,#576,#1448));
#1453= IFCFACEOUTERBOUND(#1452,.T.);
#1454= IFCFACE((#1453));
#1455= IFCPOLYLOOP((#1448,#576,#1443));
#1456= IFCFACEOUTERBOUND(#1455,.T.);
#1457= IFCFACE((#1456));
#1458= IFCPOLYLOOP((#1447,#1442,#556));
#1459= IFCFACEOUTERBOUND(#1458,.T.);
#1460= IFCFACE((#1459));
#1461= IFCCARTESIANPOINT((204.357156569033,-11.49838518248,-15.5571565630494));
#1462= IFCCARTESIANPOINT((-204.357156569036,-11.49838518248,-15.5571565630494));
#1463= IFCPOLYLOOP((#576,#1461,#1462,#533));
#1464= IFCFACEOUTERBOUND(#1463,.T.);
#1465= IFCFACE((#1464));
#1466= IFCCARTESIANPOINT((204.35715665685,-27.057156708659,-1.60525814862922E-10));
#1467= IFCCARTESIANPOINT((-204.357156656843,-27.057156708659,-1.60525814862922E-10));
#1468= IFCPOLYLOOP((#1461,#1466,#1467,#1462));
#1469= IFCFACEOUTERBOUND(#1468,.T.);
#1470= IFCFACE((#1469));
#1471= IFCPOLYLOOP((#1466,#576,#533,#1467));
#1472= IFCFACEOUTERBOUND(#1471,.T.);
#1473= IFCFACE((#1472));
#1474= IFCPOLYLOOP((#1467,#533,#1462));
#1475= IFCFACEOUTERBOUND(#1474,.T.);
#1476= IFCFACE((#1475));
#1477= IFCPOLYLOOP((#1466,#1461,#576));
#1478= IFCFACEOUTERBOUND(#1477,.T.);
#1479= IFCFACE((#1478));
#1480= IFCCLOSEDSHELL((#1408,#1413,#1416,#1419,#1422,#1427,#1432,#1435,#1438,#1441,#1446,#1451,#1454,#1457,#1460,#1465,#1470,#1473,#1476,#1479));
#1481= IFCFACETEDBREP(#1480);
#1482= IFCSHAPEREPRESENTATION(#12,'Body','Brep',(#1481));
#1483= IFCSHAPEREPRESENTATION(#13,'Axis','GeometricCurveSet',(#618));
#1484= IFCPRODUCTDEFINITIONSHAPE($,$,(#1482,#1483));
#1485= IFCFASTENER('2WccnKV$zFGQ8J73EzTgfw',#1078,'Weld',$,$,#1403,#1484,'IDa09a6c54-7fff-4f41-a213-1c33bd76aa7a');
#1486= IFCPROPERTYSINGLEVALUE('WeldID',$,IFCINTEGER(97521414),$);
#1487= IFCPROPERTYSINGLEVALUE('z',$,IFCPOSITIVELENGTHMEASURE(11.),$);
#1488= IFCPROPERTYSINGLEVALUE('d',$,IFCPOSITIVELENGTHMEASURE(19.),$);
#1489= IFCPROPERTYSINGLEVALUE('c',$,IFCPOSITIVELENGTHMEASURE(11.),$);
#1490= IFCPROPERTYSET('3lHCHK8EnCe90ozZ8W5Mz3',#5,'AISC_EM11_Pset_Weld','WeldIdentity',(#88,#89,#90,#91,#1486,#1487,#94,#95,#623,#97,#1488,#1489,#100,#101,#102,#103));
#1491= IFCLOCALPLACEMENT(#45,#1402);
#1492= IFCCARTESIANPOINT((-203.342473562643,-11.4994969249674,-14.5414672460192));
#1493= IFCCARTESIANPOINT((-203.341467228285,0.000503206596476957,-14.5424735742649));
#1494= IFCPOLYLOOP((#533,#1492,#1493,#536));
#1495= IFCFACEOUTERBOUND(#1494,.T.);
#1496= IFCFACE((#1495));
#1497= IFCCARTESIANPOINT((-209.365451817659,-32.0654518668161,-1.90539140021428E-10));
#1498= IFCCARTESIANPOINT((-209.365451790036,20.5654518048541,1.22099663713016E-10));
#1499= IFCPOLYLOOP((#1492,#1497,#1498,#1493));
#1500= IFCFACEOUTERBOUND(#1499,.T.);
#1501= IFCFACE((#1500));
#1502= IFCPOLYLOOP((#1497,#533,#536,#1498));
#1503= IFCFACEOUTERBOUND(#1502,.T.);
#1504= IFCFACE((#1503));
#1505= IFCPOLYLOOP((#1498,#536,#1493));
#1506= IFCFACEOUTERBOUND(#1505,.T.);
#1507= IFCFACE((#1506));
#1508= IFCPOLYLOOP((#1497,#1492,#533));
#1509= IFCFACEOUTERBOUND(#1508,.T.);
#1510= IFCFACE((#1509));
#1511= IFCCARTESIANPOINT((-215.668663055701,0.00278904773585964,-26.8686630526452));
#1512= IFCCARTESIANPOINT((215.668663055687,0.00278904773585964,-26.8686630526452));
#1513= IFCPOLYLOOP((#536,#1511,#1512,#556));
#1514= IFCFACEOUTERBOUND(#1513,.T.);
#1515= IFCFACE((#1514));
#1516= IFCCARTESIANPOINT((-215.668663179145,26.8686631972378,1.59616320161149E-10));
#1517= IFCCARTESIANPOINT((215.668663179138,26.8686631972378,1.59616320161149E-10));
#1518= IFCPOLYLOOP((#1511,#1516,#1517,#1512));
#1519= IFCFACEOUTERBOUND(#1518,.T.);
#1520= IFCFACE((#1519));
#1521= IFCPOLYLOOP((#1516,#536,#556,#1517));
#1522= IFCFACEOUTERBOUND(#1521,.T.);
#1523= IFCFACE((#1522));
#1524= IFCPOLYLOOP((#1517,#556,#1512));
#1525= IFCFACEOUTERBOUND(#1524,.T.);
#1526= IFCFACE((#1525));
#1527= IFCPOLYLOOP((#1516,#1511,#536));
#1528= IFCFACEOUTERBOUND(#1527,.T.);
#1529= IFCFACE((#1528));
#1530= IFCCARTESIANPOINT((203.341467228285,0.000503206611028872,-14.5424735742681));
#1531= IFCCARTESIANPOINT((203.342473562643,-11.4994969249674,-14.5414672460256));
#1532= IFCPOLYLOOP((#556,#1530,#1531,#576));
#1533= IFCFACEOUTERBOUND(#1532,.T.);
#1534= IFCFACE((#1533));
#1535= IFCCARTESIANPOINT((209.365451790032,20.5654518048541,1.22099663713016E-10));
#1536= IFCCARTESIANPOINT((209.36545181767,-32.0654518668161,-1.90539140021428E-10));
#1537= IFCPOLYLOOP((#1530,#1535,#1536,#1531));
#1538= IFCFACEOUTERBOUND(#1537,.T.);
#1539= IFCFACE((#1538));
#1540= IFCPOLYLOOP((#1535,#556,#576,#1536));
#1541= IFCFACEOUTERBOUND(#1540,.T.);
#1542= IFCFACE((#1541));
#1543= IFCPOLYLOOP((#1536,#576,#1531));
#1544= IFCFACEOUTERBOUND(#1543,.T.);
#1545= IFCFACE((#1544));
#1546= IFCPOLYLOOP((#1535,#1530,#556));
#1547= IFCFACEOUTERBOUND(#1546,.T.);
#1548= IFCFACE((#1547));
#1549= IFCCARTESIANPOINT((215.671452254232,-11.4972107246722,-26.8714522452176));
#1550= IFCCARTESIANPOINT((-215.671452254242,-11.4972107246722,-26.8714522452176));
#1551= IFCPOLYLOOP((#576,#1549,#1550,#533));
#1552= IFCFACEOUTERBOUND(#1551,.T.);
#1553= IFCFACE((#1552));
#1554= IFCCARTESIANPOINT((215.671452405917,-38.3714524516981,-2.28055796469562E-10));
#1555= IFCCARTESIANPOINT((-215.671452405906,-38.3714524516981,-2.28055796469562E-10));
#1556= IFCPOLYLOOP((#1549,#1554,#1555,#1550));
#1557= IFCFACEOUTERBOUND(#1556,.T.);
#1558= IFCFACE((#1557));
#1559= IFCPOLYLOOP((#1554,#576,#533,#1555));
#1560= IFCFACEOUTERBOUND(#1559,.T.);
#1561= IFCFACE((#1560));
#1562= IFCPOLYLOOP((#1555,#533,#1550));
#1563= IFCFACEOUTERBOUND(#1562,.T.);
#1564= IFCFACE((#1563));
#1565= IFCPOLYLOOP((#1554,#1549,#576));
#1566= IFCFACEOUTERBOUND(#1565,.T.);
#1567= IFCFACE((#1566));
#1568= IFCCLOSEDSHELL((#1496,#1501,#1504,#1507,#1510,#1515,#1520,#1523,#1526,#1529,#1534,#1539,#1542,#1545,#1548,#1553,#1558,#1561,#1564,#1567));
#1569= IFCFACETEDBREP(#1568);
#1570= IFCSHAPEREPRESENTATION(#12,'Body','Brep',(#1569));
#1571= IFCSHAPEREPRESENTATION(#13,'Axis','GeometricCurveSet',(#618));
#1572= IFCPRODUCTDEFINITIONSHAPE($,$,(#1570,#1571));
#1573= IFCFASTENER('2UWi2bwFHBsAZn1euMWQG1',#1078,'Weld',$,$,#1491,#1572,'ID9e82c0a5-e8f4-4bd8-a8f1-068e1681a401');
#1574= IFCPROPERTYSINGLEVALUE('WeldID',$,IFCINTEGER(97521388),$);
#1575= IFCPROPERTYSINGLEVALUE('z',$,IFCPOSITIVELENGTHMEASURE(19.),$);
#1576= IFCPROPERTYSINGLEVALUE('d',$,IFCPOSITIVELENGTHMEASURE(11.),$);
#1577= IFCPROPERTYSINGLEVALUE('c',$,IFCPOSITIVELENGTHMEASURE(19.),$);
#1578= IFCPROPERTYSET('3iorzglKX5kxJpy8oK39ps',#5,'AISC_EM11_Pset_Weld','WeldIdentity',(#88,#89,#90,#91,#1574,#1575,#94,#95,#623,#97,#1576,#1577,#100,#101,#102,#103));
#1579= IFCDIRECTION((0.000101443999985349,0.999999994854557,0.));
#1580= IFCAXIS2PLACEMENT3D(#1309,#1579,#9);
#1581= IFCLOCALPLACEMENT(#45,#1580);
#1582= IFCCARTESIANPOINT((-188.80000000188,11.5000000619475,6.84394763084128E-11));
#1583= IFCCARTESIANPOINT((-193.3923600737,11.4998411765846,4.59204228826343));
#1584= IFCCARTESIANPOINT((-193.392042279775,-0.000158907350851223,4.59236007608365));
#1585= IFCPOLYLOOP((#1582,#1583,#1584,#536));
#1586= IFCFACEOUTERBOUND(#1585,.T.);
#1587= IFCFACE((#1586));
#1588= IFCCARTESIANPOINT((-195.294353206864,17.9943532634788,1.06865627458319E-10));
#1589= IFCCARTESIANPOINT((-195.294353194011,-6.49435320153134,-3.86535248253495E-11));
#1590= IFCPOLYLOOP((#1583,#1588,#1589,#1584));
#1591= IFCFACEOUTERBOUND(#1590,.T.);
#1592= IFCFACE((#1591));
#1593= IFCPOLYLOOP((#1588,#1582,#536,#1589));
#1594= IFCFACEOUTERBOUND(#1593,.T.);
#1595= IFCFACE((#1594));
#1596= IFCPOLYLOOP((#1589,#536,#1584));
#1597= IFCFACEOUTERBOUND(#1596,.T.);
#1598= IFCFACE((#1597));
#1599= IFCPOLYLOOP((#1588,#1583,#1582));
#1600= IFCFACEOUTERBOUND(#1599,.T.);
#1601= IFCFACE((#1600));
#1602= IFCCARTESIANPOINT((-197.2848409621,-0.000880751918884926,8.48484096397578));
#1603= IFCCARTESIANPOINT((197.284840962093,-0.000880751918884926,8.48484096397578));
#1604= IFCPOLYLOOP((#536,#1602,#1603,#556));
#1605= IFCFACEOUTERBOUND(#1604,.T.);
#1606= IFCFACE((#1605));
#1607= IFCCARTESIANPOINT((-197.284841001117,-8.48484100963105,-1.54614099301398E-11));
#1608= IFCCARTESIANPOINT((197.284841001114,-8.48484100963105,-1.54614099301398E-11));
#1609= IFCPOLYLOOP((#1602,#1607,#1608,#1603));
#1610= IFCFACEOUTERBOUND(#1609,.T.);
#1611= IFCFACE((#1610));
#1612= IFCPOLYLOOP((#1607,#536,#556,#1608));
#1613= IFCFACEOUTERBOUND(#1612,.T.);
#1614= IFCFACE((#1613));
#1615= IFCPOLYLOOP((#1608,#556,#1603));
#1616= IFCFACEOUTERBOUND(#1615,.T.);
#1617= IFCFACE((#1616));
#1618= IFCPOLYLOOP((#1607,#1602,#536));
#1619= IFCFACEOUTERBOUND(#1618,.T.);
#1620= IFCFACE((#1619));
#1621= IFCCARTESIANPOINT((193.392042279775,-0.000158907350851223,4.59236007608479));
#1622= IFCCARTESIANPOINT((193.392360073703,11.4998411765846,4.59204228826525));
#1623= IFCCARTESIANPOINT((188.800000001887,11.5000000619475,6.84394763084128E-11));
#1624= IFCPOLYLOOP((#556,#1621,#1622,#1623));
#1625= IFCFACEOUTERBOUND(#1624,.T.);
#1626= IFCFACE((#1625));
#1627= IFCCARTESIANPOINT((195.294353194011,-6.49435320153134,-3.86535248253495E-11));
#1628= IFCCARTESIANPOINT((195.294353206871,17.9943532634788,1.06865627458319E-10));
#1629= IFCPOLYLOOP((#1621,#1627,#1628,#1622));
#1630= IFCFACEOUTERBOUND(#1629,.T.);
#1631= IFCFACE((#1630));
#1632= IFCPOLYLOOP((#1627,#556,#1623,#1628));
#1633= IFCFACEOUTERBOUND(#1632,.T.);
#1634= IFCFACE((#1633));
#1635= IFCPOLYLOOP((#1628,#1623,#1622));
#1636= IFCFACEOUTERBOUND(#1635,.T.);
#1637= IFCFACE((#1636));
#1638= IFCPOLYLOOP((#1627,#1621,#556));
#1639= IFCFACEOUTERBOUND(#1638,.T.);
#1640= IFCFACE((#1639));
#1641= IFCCARTESIANPOINT((197.285721765802,11.4991192185989,8.48572176171183));
#1642= IFCCARTESIANPOINT((-197.285721765802,11.4991192185989,8.48572176171183));
#1643= IFCPOLYLOOP((#1623,#1641,#1642,#1582));
#1644= IFCFACEOUTERBOUND(#1643,.T.);
#1645= IFCFACE((#1644));
#1646= IFCCARTESIANPOINT((197.285721813667,19.9857218692487,8.41282599139959E-11));
#1647= IFCCARTESIANPOINT((-197.28572181366,19.9857218692487,8.41282599139959E-11));
#1648= IFCPOLYLOOP((#1641,#1646,#1647,#1642));
#1649= IFCFACEOUTERBOUND(#1648,.T.);
#1650= IFCFACE((#1649));
#1651= IFCPOLYLOOP((#1646,#1623,#1582,#1647));
#1652= IFCFACEOUTERBOUND(#1651,.T.);
#1653= IFCFACE((#1652));
#1654= IFCPOLYLOOP((#1647,#1582,#1642));
#1655= IFCFACEOUTERBOUND(#1654,.T.);
#1656= IFCFACE((#1655));
#1657= IFCPOLYLOOP((#1646,#1641,#1623));
#1658= IFCFACEOUTERBOUND(#1657,.T.);
#1659= IFCFACE((#1658));
#1660= IFCCLOSEDSHELL((#1587,#1592,#1595,#1598,#1601,#1606,#1611,#1614,#1617,#1620,#1626,#1631,#1634,#1637,#1640,#1645,#1650,#1653,#1656,#1659));
#1661= IFCFACETEDBREP(#1660);
#1662= IFCSHAPEREPRESENTATION(#12,'Body','Brep',(#1661));
#1663= IFCCARTESIANPOINT((-188.800000001882,6.77573552820832E-11,-11.5000000620057));
#1664= IFCCARTESIANPOINT((188.800000001886,6.77573552820832E-11,-11.5000000620057));
#1665= IFCPOLYLINE((#1663,#536,#556,#1664,#1663));
#1666= IFCSHAPEREPRESENTATION(#13,'Axis','GeometricCurveSet',(#1665));
#1667= IFCPRODUCTDEFINITIONSHAPE($,$,(#1662,#1666));
#1668= IFCFASTENER('0jtMqjva14bPHfp2xzjWKS',#1078,'Weld',$,$,#1581,#1667,'ID2ddd6d2d-e640-4495-9469-cc2efdb6051c');
#1669= IFCPROPERTYSINGLEVALUE('WeldID',$,IFCINTEGER(97521319),$);
#1670= IFCPROPERTYSINGLEVALUE('d',$,IFCPOSITIVELENGTHMEASURE(6.),$);
#1671= IFCPROPERTYSET('1A1rHu8UX1nftlD02Sgoo1',#5,'AISC_EM11_Pset_Weld','WeldIdentity',(#88,#89,#90,#91,#1669,#93,#94,#95,#623,#97,#1670,#99,#100,#101,#102,#103));
#1672= IFCLOCALPLACEMENT(#42,#10);
#1673= IFCELEMENTASSEMBLY('2LcOUfGO547PEVMHRd679Z',#1078,'BEAM',$,$,#1672,$,'B/1264',.NOTDEFINED.,.RIGID_FRAME.);
#1674= IFCPROPERTYSINGLEVALUE('AssemblyMark',$,IFCIDENTIFIER('B/1264'),$);
#1675= IFCPROPERTYSET('1d7VQ1Mxf0rAgT59_qgLQ8',#5,'AISC_EM11_Pset_AssemblyIdentification','AssemblyIdentity',(#1674,#52,#53));
#1676= IFCCARTESIANPOINT((94533.5434584913,2253.28919316768,19130.));
#1677= IFCAXIS2PLACEMENT3D(#1676,#106,#57);
#1678= IFCLOCALPLACEMENT(#1672,#1677);
#1679= IFCCARTESIANPOINT((0.,19.,0.));
#1680= IFCAXIS2PLACEMENT3D(#1679,#8,#7);
#1681= IFCEXTRUDEDAREASOLID(#652,#1680,#9,8.);
#1682= IFCCARTESIANPOINT((0.,27.,0.));
#1683= IFCAXIS2PLACEMENT3D(#1682,#8,#7);
#1684= IFCEXTRUDEDAREASOLID(#641,#1683,#9,16.);
#1685= IFCCARTESIANPOINT((-50.,0.,-250.));
#1686= IFCCARTESIANTRANSFORMATIONOPERATOR3D($,$,#1685,$,$);
#1687= IFCSHAPEREPRESENTATION(#12,'Body','SweptSolid',(#644,#651,#1681,#1684));
#1688= IFCREPRESENTATIONMAP(#10,#1687);
#1689= IFCMAPPEDITEM(#1688,#1686);
#1690= IFCCARTESIANPOINT((-50.,0.,-150.));
#1691= IFCCARTESIANTRANSFORMATIONOPERATOR3D($,$,#1690,$,$);
#1692= IFCMAPPEDITEM(#1688,#1691);
#1693= IFCCARTESIANPOINT((-50.,0.,150.));
#1694= IFCCARTESIANTRANSFORMATIONOPERATOR3D($,$,#1693,$,$);
#1695= IFCMAPPEDITEM(#1688,#1694);
#1696= IFCCARTESIANPOINT((-50.,0.,250.));
#1697= IFCCARTESIANTRANSFORMATIONOPERATOR3D($,$,#1696,$,$);
#1698= IFCMAPPEDITEM(#1688,#1697);
#1699= IFCCARTESIANPOINT((350.,0.,-250.));
#1700= IFCCARTESIANTRANSFORMATIONOPERATOR3D($,$,#1699,$,$);
#1701= IFCMAPPEDITEM(#1688,#1700);
#1702= IFCCARTESIANPOINT((350.,0.,-150.));
#1703= IFCCARTESIANTRANSFORMATIONOPERATOR3D($,$,#1702,$,$);
#1704= IFCMAPPEDITEM(#1688,#1703);
#1705= IFCCARTESIANPOINT((350.,0.,150.));
#1706= IFCCARTESIANTRANSFORMATIONOPERATOR3D($,$,#1705,$,$);
#1707= IFCMAPPEDITEM(#1688,#1706);
#1708= IFCCARTESIANPOINT((350.,0.,250.));
#1709= IFCCARTESIANTRANSFORMATIONOPERATOR3D($,$,#1708,$,$);
#1710= IFCMAPPEDITEM(#1688,#1709);
#1711= IFCSHAPEREPRESENTATION(#12,'Body','MappedRepresentation',(#1689,#1692,#1695,#1698,#1701,#1704,#1707,#1710));
#1712= IFCMAPPEDITEM(#725,#1686);
#1713= IFCMAPPEDITEM(#725,#1691);
#1714= IFCMAPPEDITEM(#725,#1694);
#1715= IFCMAPPEDITEM(#725,#1697);
#1716= IFCMAPPEDITEM(#725,#1700);
#1717= IFCMAPPEDITEM(#725,#1703);
#1718= IFCMAPPEDITEM(#725,#1706);
#1719= IFCMAPPEDITEM(#725,#1709);
#1720= IFCSHAPEREPRESENTATION(#12,'Axis','MappedRepresentation',(#1712,#1713,#1714,#1715,#1716,#1717,#1718,#1719));
#1721= IFCPRODUCTDEFINITIONSHAPE($,$,(#1711,#1720));
#1722= IFCMECHANICALFASTENER('0jcgNwyWHB1x4OijqZ0Q4M',#1078,'Bolt assembly',$,$,#1678,#1721,'ID2d9aa5fa-f204-4b07-b118-b2dd2301a116',20.,70.);
#1723= IFCCARTESIANPOINT((94383.540553833,2234.28919316832,18910.));
#1724= IFCAXIS2PLACEMENT3D(#1723,#9,#7);
#1725= IFCLOCALPLACEMENT(#45,#1724);
#1726= IFCCARTESIANPOINT((-150.,0.,0.));
#1727= IFCCARTESIANPOINT((-150.,-8.48528137423864,0.));
#1728= IFCCARTESIANPOINT((150.,-8.48528137423864,0.));
#1729= IFCCARTESIANPOINT((150.,0.,0.));
#1730= IFCPOLYLOOP((#1726,#1727,#1728,#1729));
#1731= IFCFACEOUTERBOUND(#1730,.T.);
#1732= IFCFACE((#1731));
#1733= IFCCARTESIANPOINT((-150.,0.,-8.48528137424));
#1734= IFCCARTESIANPOINT((150.,0.,-8.48528137424));
#1735= IFCPOLYLOOP((#1727,#1733,#1734,#1728));
#1736= IFCFACEOUTERBOUND(#1735,.T.);
#1737= IFCFACE((#1736));
#1738= IFCPOLYLOOP((#1733,#1726,#1729,#1734));
#1739= IFCFACEOUTERBOUND(#1738,.T.);
#1740= IFCFACE((#1739));
#1741= IFCPOLYLOOP((#1734,#1729,#1728));
#1742= IFCFACEOUTERBOUND(#1741,.T.);
#1743= IFCFACE((#1742));
#1744= IFCPOLYLOOP((#1733,#1727,#1726));
#1745= IFCFACEOUTERBOUND(#1744,.T.);
#1746= IFCFACE((#1745));
#1747= IFCCARTESIANPOINT((150.,0.,21.));
#1748= IFCCARTESIANPOINT((150.,-8.48528137423864,21.));
#1749= IFCCARTESIANPOINT((5.75,-8.48528137423864,21.));
#1750= IFCCARTESIANPOINT((5.75,0.,21.));
#1751= IFCPOLYLOOP((#1747,#1748,#1749,#1750));
#1752= IFCFACEOUTERBOUND(#1751,.T.);
#1753= IFCFACE((#1752));
#1754= IFCCARTESIANPOINT((150.,0.,29.48528137424));
#1755= IFCCARTESIANPOINT((5.75,0.,29.48528137424));
#1756= IFCPOLYLOOP((#1748,#1754,#1755,#1749));
#1757= IFCFACEOUTERBOUND(#1756,.T.);
#1758= IFCFACE((#1757));
#1759= IFCPOLYLOOP((#1754,#1747,#1750,#1755));
#1760= IFCFACEOUTERBOUND(#1759,.T.);
#1761= IFCFACE((#1760));
#1762= IFCPOLYLOOP((#1755,#1750,#1749));
#1763= IFCFACEOUTERBOUND(#1762,.T.);
#1764= IFCFACE((#1763));
#1765= IFCPOLYLOOP((#1754,#1748,#1747));
#1766= IFCFACEOUTERBOUND(#1765,.T.);
#1767= IFCFACE((#1766));
#1768= IFCCARTESIANPOINT((-5.75,0.,21.));
#1769= IFCCARTESIANPOINT((-5.75,-8.48528137423864,21.));
#1770= IFCCARTESIANPOINT((-150.,-8.48528137423864,21.));
#1771= IFCCARTESIANPOINT((-150.,0.,21.));
#1772= IFCPOLYLOOP((#1768,#1769,#1770,#1771));
#1773= IFCFACEOUTERBOUND(#1772,.T.);
#1774= IFCFACE((#1773));
#1775= IFCCARTESIANPOINT((-5.75,0.,29.48528137424));
#1776= IFCCARTESIANPOINT((-150.,0.,29.48528137424));
#1777= IFCPOLYLOOP((#1769,#1775,#1776,#1770));
#1778= IFCFACEOUTERBOUND(#1777,.T.);
#1779= IFCFACE((#1778));
#1780= IFCPOLYLOOP((#1775,#1768,#1771,#1776));
#1781= IFCFACEOUTERBOUND(#1780,.T.);
#1782= IFCFACE((#1781));
#1783= IFCPOLYLOOP((#1776,#1771,#1770));
#1784= IFCFACEOUTERBOUND(#1783,.T.);
#1785= IFCFACE((#1784));
#1786= IFCPOLYLOOP((#1775,#1769,#1768));
#1787= IFCFACEOUTERBOUND(#1786,.T.);
#1788= IFCFACE((#1787));
#1789= IFCCLOSEDSHELL((#1732,#1737,#1740,#1743,#1746,#1753,#1758,#1761,#1764,#1767,#1774,#1779,#1782,#1785,#1788));
#1790= IFCFACETEDBREP(#1789);
#1791= IFCSHAPEREPRESENTATION(#12,'Body','Brep',(#1790));
#1792= IFCPOLYLINE((#1726,#1729));
#1793= IFCCARTESIANPOINT((150.,21.,0.));
#1794= IFCCARTESIANPOINT((5.74999999999999,21.,0.));
#1795= IFCPOLYLINE((#1793,#1794));
#1796= IFCCARTESIANPOINT((-5.75000000000001,21.,0.));
#1797= IFCCARTESIANPOINT((-150.,21.,0.));
#1798= IFCPOLYLINE((#1796,#1797));
#1799= IFCSHAPEREPRESENTATION(#13,'Axis','GeometricCurveSet',(#1792,#1795,#1798));
#1800= IFCPRODUCTDEFINITIONSHAPE($,$,(#1791,#1799));
#1801= IFCFASTENER('1VS6F8XLH9Tgs0tEtDGW8h',#1078,'Weld',$,$,#1725,#1800,'ID5f7063c8-8554-4976-ad80-dcedcd42022b');
#1802= IFCPROPERTYSINGLEVALUE('WeldID',$,IFCINTEGER(97520205),$);
#1803= IFCPROPERTYSINGLEVALUE('l',$,IFCPOSITIVELENGTHMEASURE(300.),$);
#1804= IFCPROPERTYSET('3LvokG7IbCzP8b$lHECmKz',#5,'AISC_EM11_Pset_Weld','WeldIdentity',(#88,#89,#90,#91,#1802,#93,#94,#95,#1803,#97,#1670,#99,#100,#101,#102,#103));
#1805= IFCCARTESIANPOINT((94377.790553833,2234.28919316832,19130.));
#1806= IFCAXIS2PLACEMENT3D(#1805,#7,#106);
#1807= IFCLOCALPLACEMENT(#45,#1806);
#1808= IFCCARTESIANPOINT((-199.,0.,0.));
#1809= IFCCARTESIANPOINT((-199.,-14.1421355954344,-5.65923983231187E-08));
#1810= IFCCARTESIANPOINT((199.,-14.1421355954344,-5.65923983231187E-08));
#1811= IFCCARTESIANPOINT((199.,0.,0.));
#1812= IFCPOLYLOOP((#1808,#1809,#1810,#1811));
#1813= IFCFACEOUTERBOUND(#1812,.T.);
#1814= IFCFACE((#1813));
#1815= IFCCARTESIANPOINT((-199.,0.,-14.1421355954371));
#1816= IFCCARTESIANPOINT((199.,0.,-14.1421355954371));
#1817= IFCPOLYLOOP((#1809,#1815,#1816,#1810));
#1818= IFCFACEOUTERBOUND(#1817,.T.);
#1819= IFCFACE((#1818));
#1820= IFCPOLYLOOP((#1815,#1808,#1811,#1816));
#1821= IFCFACEOUTERBOUND(#1820,.T.);
#1822= IFCFACE((#1821));
#1823= IFCPOLYLOOP((#1816,#1811,#1810));
#1824= IFCFACEOUTERBOUND(#1823,.T.);
#1825= IFCFACE((#1824));
#1826= IFCPOLYLOOP((#1815,#1809,#1808));
#1827= IFCFACEOUTERBOUND(#1826,.T.);
#1828= IFCFACE((#1827));
#1829= IFCCARTESIANPOINT((199.,0.,11.5));
#1830= IFCCARTESIANPOINT((199.,-14.1421356520277,11.4999999434076));
#1831= IFCCARTESIANPOINT((-199.,-14.1421356520277,11.4999999434076));
#1832= IFCCARTESIANPOINT((-199.,0.,11.5));
#1833= IFCPOLYLOOP((#1829,#1830,#1831,#1832));
#1834= IFCFACEOUTERBOUND(#1833,.T.);
#1835= IFCFACE((#1834));
#1836= IFCCARTESIANPOINT((199.,0.,25.6421356520295));
#1837= IFCCARTESIANPOINT((-199.,0.,25.6421356520295));
#1838= IFCPOLYLOOP((#1830,#1836,#1837,#1831));
#1839= IFCFACEOUTERBOUND(#1838,.T.);
#1840= IFCFACE((#1839));
#1841= IFCPOLYLOOP((#1836,#1829,#1832,#1837));
#1842= IFCFACEOUTERBOUND(#1841,.T.);
#1843= IFCFACE((#1842));
#1844= IFCPOLYLOOP((#1837,#1832,#1831));
#1845= IFCFACEOUTERBOUND(#1844,.T.);
#1846= IFCFACE((#1845));
#1847= IFCPOLYLOOP((#1836,#1830,#1829));
#1848= IFCFACEOUTERBOUND(#1847,.T.);
#1849= IFCFACE((#1848));
#1850= IFCCLOSEDSHELL((#1814,#1819,#1822,#1825,#1828,#1835,#1840,#1843,#1846,#1849));
#1851= IFCFACETEDBREP(#1850);
#1852= IFCSHAPEREPRESENTATION(#12,'Body','Brep',(#1851));
#1853= IFCPOLYLINE((#1808,#1811));
#1854= IFCCARTESIANPOINT((199.,11.5,0.));
#1855= IFCCARTESIANPOINT((-199.,11.5,0.));
#1856= IFCPOLYLINE((#1854,#1855));
#1857= IFCSHAPEREPRESENTATION(#13,'Axis','GeometricCurveSet',(#1853,#1856));
#1858= IFCPRODUCTDEFINITIONSHAPE($,$,(#1852,#1857));
#1859= IFCFASTENER('2s$ldebyv2Y8u7wLRsYTKJ',#1078,'Weld',$,$,#1807,#1858,'IDb6fef9e8-97ce-4288-8e07-e956f689d513');
#1860= IFCPROPERTYSINGLEVALUE('WeldID',$,IFCINTEGER(97520178),$);
#1861= IFCPROPERTYSINGLEVALUE('z',$,IFCPOSITIVELENGTHMEASURE(10.),$);
#1862= IFCPROPERTYSINGLEVALUE('l',$,IFCPOSITIVELENGTHMEASURE(398.),$);
#1863= IFCPROPERTYSINGLEVALUE('d',$,IFCPOSITIVELENGTHMEASURE(10.),$);
#1864= IFCPROPERTYSINGLEVALUE('c',$,IFCPOSITIVELENGTHMEASURE(10.),$);
#1865= IFCPROPERTYSET('0rLwpjPcH1Whep$vpDU095',#5,'AISC_EM11_Pset_Weld','WeldIdentity',(#88,#89,#90,#91,#1860,#1861,#94,#95,#1862,#97,#1863,#1864,#100,#101,#102,#103));
#1866= IFCCARTESIANPOINT((94389.290553833,2234.28919316832,19130.));
#1867= IFCAXIS2PLACEMENT3D(#1866,#57,#9);
#1868= IFCLOCALPLACEMENT(#45,#1867);
#1869= IFCSHAPEREPRESENTATION(#12,'Body','Brep',(#1851));
#1870= IFCSHAPEREPRESENTATION(#13,'Axis','GeometricCurveSet',(#1853,#1856));
#1871= IFCPRODUCTDEFINITIONSHAPE($,$,(#1869,#1870));
#1872= IFCFASTENER('36zGhOomb4$ht81SRv4F81',#1078,'Weld',$,$,#1868,#1871,'IDc6f50ad8-cb09-44fe-bdc8-05c6f910f201');
#1873= IFCPROPERTYSINGLEVALUE('WeldID',$,IFCINTEGER(97520129),$);
#1874= IFCPROPERTYSET('0jbLN7FL19eBsC6qcOOChZ',#5,'AISC_EM11_Pset_Weld','WeldIdentity',(#88,#89,#90,#91,#1873,#1861,#94,#95,#1862,#97,#1863,#1864,#100,#101,#102,#103));
#1875= IFCCARTESIANPOINT((94133.5435060078,2243.78919316832,19130.));
#1876= IFCAXIS2PLACEMENT3D(#1875,#106,#7);
#1877= IFCLOCALPLACEMENT(#45,#1876);
#1878= IFCRECTANGLEPROFILEDEF(.AREA.,'PL19*600',#647,19.,600.);
#1879= IFCCARTESIANPOINT((500.,0.,0.));
#1880= IFCAXIS2PLACEMENT3D(#1879,#57,#56);
#1881= IFCEXTRUDEDAREASOLID(#1878,#1880,#9,500.);
#1882= IFCSHAPEREPRESENTATION(#12,'Body','SweptSolid',(#1881));
#1883= IFCPRODUCTDEFINITIONSHAPE($,$,(#1882));
#1884= IFCDISCRETEACCESSORY('14aihn5UL4EAvoz62lUZi9',#44,'Support section',$,$,#1877,#1883,'1375');
#1885= IFCLOCALPLACEMENT(#45,#1677);
#1886= IFCCIRCLEPROFILEDEF(.AREA.,$,#647,11.);
#1887= IFCCARTESIANPOINT((0.,-19.0999999993634,0.));
#1888= IFCAXIS2PLACEMENT3D(#1887,#8,#7);
#1889= IFCEXTRUDEDAREASOLID(#1886,#1888,#9,19.2);
#1890= IFCSHAPEREPRESENTATION(#12,'Body','SweptSolid',(#1889));
#1891= IFCREPRESENTATIONMAP(#10,#1890);
#1892= IFCMAPPEDITEM(#1891,#1686);
#1893= IFCMAPPEDITEM(#1891,#1691);
#1894= IFCMAPPEDITEM(#1891,#1694);
#1895= IFCMAPPEDITEM(#1891,#1697);
#1896= IFCMAPPEDITEM(#1891,#1700);
#1897= IFCMAPPEDITEM(#1891,#1703);
#1898= IFCMAPPEDITEM(#1891,#1706);
#1899= IFCMAPPEDITEM(#1891,#1709);
#1900= IFCSHAPEREPRESENTATION(#12,'Body','MappedRepresentation',(#1892,#1893,#1894,#1895,#1896,#1897,#1898,#1899));
#1901= IFCPRODUCTDEFINITIONSHAPE($,$,(#1900));
#1902= IFCOPENINGELEMENT('0fcoIaD_z44gj3jMtLFU_l',#5,$,$,'Opening',#1885,#1901,$);
#1903= IFCRELVOIDSELEMENT('1MrwK5uVPCKvtvYPSD4n2h',#5,'Drill Hole',$,#1884,#1902);
#1904= IFCPROPERTYSINGLEVALUE('FeatureSubTypes',$,IFCLABEL('TORNILLO'),$);
#1905= IFCPROPERTYSINGLEVALUE('RectangleOpeningWidth',$,$,$);
#1906= IFCPROPERTYSINGLEVALUE('RectangleOpeningHeight',$,$,$);
#1907= IFCPROPERTYSINGLEVALUE('OpeningDiameter',$,$,$);
#1908= IFCPROPERTYSET('1O47ugth18juWr2c69_8nN',#5,'AISC_EM11_Pset_Opening/Cope',$,(#1904,#1905,#1906,#1907));
#1909= IFCPROPERTYSINGLEVALUE('PieceMark',$,IFCIDENTIFIER('PLACA'),$);
#1910= IFCPROPERTYSINGLEVALUE('IndicationMark',$,IFCIDENTIFIER('1375'),$);
#1911= IFCPROPERTYSINGLEVALUE('PrelimMark',$,IFCIDENTIFIER(''),$);
#1912= IFCPROPERTYSINGLEVALUE('MainPieceTag',$,IFCBOOLEAN(.F.),$);
#1913= IFCPROPERTYSET('2QVj1by6f4oAa9gGvQYJk3',#5,'AISC_EM11_Pset_PieceIdentification','PieceIdentity',(#1909,#1910,#1911,#1912));
#1914= IFCPROPERTYSINGLEVALUE('MaterialType',$,IFCIDENTIFIER('STEEL'),$);
#1915= IFCPROPERTYSINGLEVALUE('MaterialGrade',$,IFCIDENTIFIER('S235JR'),$);
#1916= IFCPROPERTYSET('0Y7bMcZYX7PORxIdnNqjSb',#5,'AISC_EM11_Pset_Material',$,(#1914,#1915));
#1917= IFCMATERIAL('STEEL/S235JR');
#1918= IFCCARTESIANPOINT((94383.540887793,1609.03919571836,19130.));
#1919= IFCAXIS2PLACEMENT3D(#1918,#9,#8);
#1920= IFCLOCALPLACEMENT(#45,#1919);
#1921= IFCISHAPEPROFILEDEF(.AREA.,'HEA450',#647,300.,440.,11.5,21.,27.);
#1922= IFCCARTESIANPOINT((625.250601521932,-5.17195175566061E-22,0.));
#1923= IFCAXIS2PLACEMENT3D(#1922,#57,#56);
#1924= IFCEXTRUDEDAREASOLID(#1921,#1923,#9,625.24);
#1925= IFCCARTESIANPOINT((625.249993449957,1000.,0.));
#1926= IFCAXIS2PLACEMENT3D(#1925,#57,#9);
#1927= IFCPLANE(#1926);
#1928= IFCHALFSPACESOLID(#1927,.T.);
#1929= IFCBOOLEANCLIPPINGRESULT(.DIFFERENCE.,#1924,#1928);
#1930= IFCDIRECTION((-0.999999994612469,0.000103802999961747,0.));
#1931= IFCCARTESIANPOINT((0.0155688975410158,0.,1000.));
#1932= IFCDIRECTION((-0.000103802999961747,-0.999999994612469,0.));
#1933= IFCAXIS2PLACEMENT3D(#1931,#1930,#1932);
#1934= IFCPLANE(#1933);
#1935= IFCHALFSPACESOLID(#1934,.F.);
#1936= IFCBOOLEANCLIPPINGRESULT(.DIFFERENCE.,#1929,#1935);
#1937= IFCSHAPEREPRESENTATION(#12,'Body','Clipping',(#1936));
#1938= IFCPRODUCTDEFINITIONSHAPE($,$,(#1937));
#1939= IFCDISCRETEACCESSORY('3Bi03j3KL8JxPsJ0KJ$sOW',#44,'Support section',$,$,#1920,#1938,'b/134');
#1940= IFCLOCALPLACEMENT(#45,#1919);
#1941= IFCDIRECTION((-0.707106781188389,0.707106781184706));
#1942= IFCCARTESIANPOINT((5.93969678879511,5.93969678877512));
#1943= IFCAXIS2PLACEMENT2D(#1942,#1941);
#1944= IFCCIRCLE(#1943,8.4);
#1945= IFCTRIMMEDCURVE(#1944,(IFCPARAMETERVALUE(0.)),(IFCPARAMETERVALUE(3.14159265358857)),.T.,.PARAMETER.);
#1946= IFCCOMPOSITECURVESEGMENT(.CONTINUOUS.,.T.,#1945);
#1947= IFCCARTESIANPOINT((11.8793935775975,-1.08926201392023E-11));
#1948= IFCCARTESIANPOINT((-1.45519152283669E-11,11.8793935775539));
#1949= IFCPOLYLINE((#1947,#1948));
#1950= IFCCOMPOSITECURVESEGMENT(.CONTINUOUS.,.T.,#1949);
#1951= IFCCOMPOSITECURVE((#1946,#1950),.T.);
#1952= IFCARBITRARYCLOSEDPROFILEDEF(.AREA.,'PL66.7*14',#1951);
#1953= IFCDIRECTION((-0.707106777281929,7.34001716455746E-05,-0.707106781281568));
#1954= IFCCARTESIANPOINT((147.269031509297,33.3497148269724,-190.600000000001));
#1955= IFCAXIS2PLACEMENT3D(#1954,#1932,#1953);
#1956= IFCEXTRUDEDAREASOLID(#1952,#1955,#9,66.7);
#1957= IFCSHAPEREPRESENTATION(#12,'Body','SweptSolid',(#1956));
#1958= IFCPRODUCTDEFINITIONSHAPE($,$,(#1957));
#1959= IFCOPENINGELEMENT('0F$bQ3pIf1tgVzIgFLKhI_',#5,$,$,'Recess',#1940,#1958,$);
#1960= IFCRELVOIDSELEMENT('1bGcM0OVzC2Ad998Wl0p1l',#5,$,$,#1939,#1959);
#1961= IFCPROPERTYSINGLEVALUE('FeatureSubTypes',$,$,$);
#1962= IFCPROPERTYSINGLEVALUE('RectangleOpeningWidth',$,IFCPOSITIVELENGTHMEASURE(66.7),$);
#1963= IFCPROPERTYSINGLEVALUE('RectangleOpeningHeight',$,IFCPOSITIVELENGTHMEASURE(66.7),$);
#1964= IFCPROPERTYSET('2Xz0bGqY15JOwc2YZ_hDlD',#5,'AISC_EM11_Pset_Opening/Cope',$,(#1961,#1962,#1963,#1907));
#1965= IFCLOCALPLACEMENT(#45,#1919);
#1966= IFCCARTESIANPOINT((15.8391914368021,1.2732925824821E-11));
#1967= IFCCARTESIANPOINT((7.91959571840198,7.91959571836742));
#1968= IFCPOLYLINE((#646,#1966,#1967,#646));
#1969= IFCARBITRARYCLOSEDPROFILEDEF(.AREA.,'PL66.7*11',#1968);
#1970= IFCDIRECTION((-0.707106777281946,7.34001713395128E-05,0.707106781281551));
#1971= IFCCARTESIANPOINT((10.7190307195502,33.3492005371134,-199.49999999999));
#1972= IFCAXIS2PLACEMENT3D(#1971,#1932,#1970);
#1973= IFCEXTRUDEDAREASOLID(#1969,#1972,#9,66.7);
#1974= IFCSHAPEREPRESENTATION(#12,'Body','SweptSolid',(#1973));
#1975= IFCPRODUCTDEFINITIONSHAPE($,$,(#1974));
#1976= IFCOPENINGELEMENT('1YyyteXRD8xx7j2fuK7wM$',#5,$,$,'Recess',#1965,#1975,$);
#1977= IFCRELVOIDSELEMENT('1ieFSXRz91NOoHiI$RpWta',#5,$,$,#1939,#1976);
#1978= IFCLOCALPLACEMENT(#45,#1919);
#1979= IFCDIRECTION((-0.707106781187143,-0.707106781185952));
#1980= IFCAXIS2PLACEMENT2D(#1942,#1979);
#1981= IFCCIRCLE(#1980,8.4);
#1982= IFCTRIMMEDCURVE(#1981,(IFCPARAMETERVALUE(0.)),(IFCPARAMETERVALUE(3.14159265358765)),.T.,.PARAMETER.);
#1983= IFCCOMPOSITECURVESEGMENT(.CONTINUOUS.,.T.,#1982);
#1984= IFCCARTESIANPOINT((11.8793935775993,11.8793935775539));
#1985= IFCPOLYLINE((#1984,#646));
#1986= IFCCOMPOSITECURVESEGMENT(.CONTINUOUS.,.T.,#1985);
#1987= IFCCOMPOSITECURVE((#1983,#1986),.T.);
#1988= IFCARBITRARYCLOSEDPROFILEDEF(.AREA.,'PL66.7*14',#1987);
#1989= IFCDIRECTION((0.707106777281843,-7.34001716455835E-05,-0.707106781281654));
#1990= IFCCARTESIANPOINT((138.869031554548,33.3505867722031,199.000000000003));
#1991= IFCAXIS2PLACEMENT3D(#1990,#1932,#1989);
#1992= IFCEXTRUDEDAREASOLID(#1988,#1991,#9,66.7);
#1993= IFCSHAPEREPRESENTATION(#12,'Body','SweptSolid',(#1992));
#1994= IFCPRODUCTDEFINITIONSHAPE($,$,(#1993));
#1995= IFCOPENINGELEMENT('15ExYGqQz7xBlsGT4GOX7r',#5,$,$,'Recess',#1978,#1994,$);
#1996= IFCRELVOIDSELEMENT('3ILbbC4DvAbgdtWMZJkAff',#5,$,$,#1939,#1995);
#1997= IFCLOCALPLACEMENT(#45,#1919);
#1998= IFCDIRECTION((0.707106777281946,-7.34001713395128E-05,0.707106781281551));
#1999= IFCCARTESIANPOINT((-0.480969220115152,33.350363130832,188.299999999993));
#2000= IFCAXIS2PLACEMENT3D(#1999,#1932,#1998);
#2001= IFCEXTRUDEDAREASOLID(#1969,#2000,#9,66.7);
#2002= IFCSHAPEREPRESENTATION(#12,'Body','SweptSolid',(#2001));
#2003= IFCPRODUCTDEFINITIONSHAPE($,$,(#2002));
#2004= IFCOPENINGELEMENT('0MV88yVsH0OfQVcZVKgedK',#5,$,$,'Recess',#1997,#2003,$);
#2005= IFCRELVOIDSELEMENT('3QjotH5C19$wqXPrvG7YKh',#5,$,$,#1939,#2004);
#2006= IFCLOCALPLACEMENT(#45,#1919);
#2007= IFCRECTANGLEPROFILEDEF(.AREA.,'PL27.2*150',#647,27.2,150.);
#2008= IFCDIRECTION((0.000103802999961679,0.999999994612469,0.));
#2009= IFCCARTESIANPOINT((72.2497904510398,-152.007499763941,-208.399999999998));
#2010= IFCAXIS2PLACEMENT3D(#2009,#2008,#106);
#2011= IFCEXTRUDEDAREASOLID(#2007,#2010,#9,304.06);
#2012= IFCSHAPEREPRESENTATION(#12,'Body','SweptSolid',(#2011));
#2013= IFCPRODUCTDEFINITIONSHAPE($,$,(#2012));
#2014= IFCOPENINGELEMENT('0Mohf4k5L7PuFEmcGXUHpl',#5,$,$,'Recess',#2006,#2013,$);
#2015= IFCRELVOIDSELEMENT('3b8etfAKn49xn$c6kJKMv5',#5,$,$,#1939,#2014);
#2016= IFCPROPERTYSINGLEVALUE('RectangleOpeningWidth',$,IFCPOSITIVELENGTHMEASURE(27.2),$);
#2017= IFCPROPERTYSINGLEVALUE('RectangleOpeningHeight',$,IFCPOSITIVELENGTHMEASURE(150.),$);
#2018= IFCPROPERTYSET('2VKlVtKuD2xOkH4RkDfF3Y',#5,'AISC_EM11_Pset_Opening/Cope',$,(#1961,#2016,#2017,#1907));
#2019= IFCLOCALPLACEMENT(#45,#1919);
#2020= IFCCARTESIANPOINT((72.2497904510398,-152.007499763941,208.400000000001));
#2021= IFCAXIS2PLACEMENT3D(#2020,#2008,#106);
#2022= IFCEXTRUDEDAREASOLID(#2007,#2021,#9,304.06);
#2023= IFCSHAPEREPRESENTATION(#12,'Body','SweptSolid',(#2022));
#2024= IFCPRODUCTDEFINITIONSHAPE($,$,(#2023));
#2025= IFCOPENINGELEMENT('09ETsB8ov3yO85SVg55bJ7',#5,$,$,'Recess',#2019,#2024,$);
#2026= IFCRELVOIDSELEMENT('0yodoHP5TEfOIvsYbRsckA',#5,$,$,#1939,#2025);
#2027= IFCPROPERTYSINGLEVALUE('PieceMark',$,IFCIDENTIFIER('BEAM'),$);
#2028= IFCPROPERTYSINGLEVALUE('IndicationMark',$,IFCIDENTIFIER('b/134'),$);
#2029= IFCPROPERTYSET('3HKM7CvXTFhxfnwItgt2zf',#5,'AISC_EM11_Pset_PieceIdentification','PieceIdentity',(#2027,#2028,#1911,#1912));
#2030= IFCLOCALPLACEMENT(#42,#10);
#2031= IFCELEMENTASSEMBLY('3BgsJNGcTAMxcWc7HNKpbj',#1078,'BEAM',$,$,#2030,$,'B/1038',.NOTDEFINED.,.RIGID_FRAME.);
#2032= IFCPROPERTYSINGLEVALUE('AssemblyMark',$,IFCIDENTIFIER('B/1038'),$);
#2033= IFCPROPERTYSET('2304Vt6zvFaxUfV9v9iW$W',#5,'AISC_EM11_Pset_AssemblyIdentification','AssemblyIdentity',(#2032,#52,#53));
#2034= IFCCARTESIANPOINT((93320.,1603.28920788778,18910.0000000696));
#2035= IFCAXIS2PLACEMENT3D(#2034,#8,#57);
#2036= IFCLOCALPLACEMENT(#2030,#2035);
#2037= IFCSHAPEREPRESENTATION(#12,'Body','MappedRepresentation',(#663,#666,#669,#672,#675,#678,#681,#684,#687,#690,#693,#696,#699,#702,#705,#708,#711,#714,#717,#720));
#2038= IFCSHAPEREPRESENTATION(#12,'Axis','MappedRepresentation',(#726,#727,#728,#729,#730,#731,#732,#733,#734,#735,#736,#737,#738,#739,#740,#741,#742,#743,#744,#745));
#2039= IFCPRODUCTDEFINITIONSHAPE($,$,(#2037,#2038));
#2040= IFCMECHANICALFASTENER('0axUMiSvL2P9P4XarGlG6t',#1078,'Bolt assembly',$,$,#2036,#2039,'ID24ede5ac-7395-4264-9644-864d50bd01b7',20.,70.);
#2041= IFCCARTESIANPOINT((92597.2185630219,1723.41333952634,18900.5000000696));
#2042= IFCAXIS2PLACEMENT3D(#2041,#9,#56);
#2043= IFCLOCALPLACEMENT(#45,#2042);
#2044= IFCCARTESIANPOINT((93320.,1603.28920788778,19349.9999999304));
#2045= IFCAXIS2PLACEMENT3D(#2044,#56,#57);
#2046= IFCLOCALPLACEMENT(#2030,#2045);
#2047= IFCSHAPEREPRESENTATION(#12,'Body','MappedRepresentation',(#771,#772,#773,#774,#775,#776,#777,#778,#779,#780,#781,#782,#783,#784,#785,#786,#787,#788,#789,#790));
#2048= IFCSHAPEREPRESENTATION(#12,'Axis','MappedRepresentation',(#796,#797,#798,#799,#800,#801,#802,#803,#804,#805,#806,#807,#808,#809,#810,#811,#812,#813,#814,#815));
#2049= IFCPRODUCTDEFINITIONSHAPE($,$,(#2047,#2048));
#2050= IFCMECHANICALFASTENER('1UDCfgNib11PmNRcT6DeG6',#1078,'Bolt assembly',$,$,#2046,#2049,'ID5e34ca6a-5ec9-4105-9c17-6e6746368406',20.,95.);
#2051= IFCCARTESIANPOINT((92597.2185630219,1723.41333952634,19359.4999999304));
#2052= IFCAXIS2PLACEMENT3D(#2051,#9,#56);
#2053= IFCLOCALPLACEMENT(#45,#2052);
#2054= IFCLOCALPLACEMENT(#42,#10);
#2055= IFCELEMENTASSEMBLY('01z0vklR148PIOAGOnYO$Q',#1078,'BEAM',$,$,#2054,$,'B/170',.NOTDEFINED.,.RIGID_FRAME.);
#2056= IFCPROPERTYSINGLEVALUE('AssemblyMark',$,IFCIDENTIFIER('B/170'),$);
#2057= IFCPROPERTYSET('1F0SurOBX4d9yyi2xM1zj9',#5,'AISC_EM11_Pset_AssemblyIdentification','AssemblyIdentity',(#2056,#52,#53));
#2058= IFCCARTESIANPOINT((93320.,1603.28920788778,13460.));
#2059= IFCAXIS2PLACEMENT3D(#2058,#8,#57);
#2060= IFCLOCALPLACEMENT(#2054,#2059);
#2061= IFCCARTESIANPOINT((0.,-56.1999999999999,0.));
#2062= IFCAXIS2PLACEMENT3D(#2061,#8,#7);
#2063= IFCEXTRUDEDAREASOLID(#641,#2062,#9,13.2);
#2064= IFCCARTESIANPOINT((0.,-42.9999999999999,0.));
#2065= IFCAXIS2PLACEMENT3D(#2064,#8,#7);
#2066= IFCEXTRUDEDAREASOLID(#648,#2065,#9,95.);
#2067= IFCSHAPEREPRESENTATION(#12,'Body','SweptSolid',(#2063,#2066,#655,#658));
#2068= IFCREPRESENTATIONMAP(#10,#2067);
#2069= IFCMAPPEDITEM(#2068,#660);
#2070= IFCMAPPEDITEM(#2068,#665);
#2071= IFCMAPPEDITEM(#2068,#668);
#2072= IFCMAPPEDITEM(#2068,#671);
#2073= IFCMAPPEDITEM(#2068,#674);
#2074= IFCMAPPEDITEM(#2068,#677);
#2075= IFCMAPPEDITEM(#2068,#680);
#2076= IFCMAPPEDITEM(#2068,#683);
#2077= IFCMAPPEDITEM(#2068,#686);
#2078= IFCMAPPEDITEM(#2068,#689);
#2079= IFCMAPPEDITEM(#2068,#692);
#2080= IFCMAPPEDITEM(#2068,#695);
#2081= IFCMAPPEDITEM(#2068,#698);
#2082= IFCMAPPEDITEM(#2068,#701);
#2083= IFCMAPPEDITEM(#2068,#704);
#2084= IFCMAPPEDITEM(#2068,#707);
#2085= IFCMAPPEDITEM(#2068,#710);
#2086= IFCMAPPEDITEM(#2068,#713);
#2087= IFCMAPPEDITEM(#2068,#716);
#2088= IFCMAPPEDITEM(#2068,#719);
#2089= IFCSHAPEREPRESENTATION(#12,'Body','MappedRepresentation',(#2069,#2070,#2071,#2072,#2073,#2074,#2075,#2076,#2077,#2078,#2079,#2080,#2081,#2082,#2083,#2084,#2085,#2086,#2087,#2088));
#2090= IFCPOLYLINE((#2061,#792));
#2091= IFCSHAPEREPRESENTATION(#12,'Axis','GeometricCurveSet',(#2090));
#2092= IFCREPRESENTATIONMAP(#10,#2091);
#2093= IFCMAPPEDITEM(#2092,#660);
#2094= IFCMAPPEDITEM(#2092,#665);
#2095= IFCMAPPEDITEM(#2092,#668);
#2096= IFCMAPPEDITEM(#2092,#671);
#2097= IFCMAPPEDITEM(#2092,#674);
#2098= IFCMAPPEDITEM(#2092,#677);
#2099= IFCMAPPEDITEM(#2092,#680);
#2100= IFCMAPPEDITEM(#2092,#683);
#2101= IFCMAPPEDITEM(#2092,#686);
#2102= IFCMAPPEDITEM(#2092,#689);
#2103= IFCMAPPEDITEM(#2092,#692);
#2104= IFCMAPPEDITEM(#2092,#695);
#2105= IFCMAPPEDITEM(#2092,#698);
#2106= IFCMAPPEDITEM(#2092,#701);
#2107= IFCMAPPEDITEM(#2092,#704);
#2108= IFCMAPPEDITEM(#2092,#707);
#2109= IFCMAPPEDITEM(#2092,#710);
#2110= IFCMAPPEDITEM(#2092,#713);
#2111= IFCMAPPEDITEM(#2092,#716);
#2112= IFCMAPPEDITEM(#2092,#719);
#2113= IFCSHAPEREPRESENTATION(#12,'Axis','MappedRepresentation',(#2093,#2094,#2095,#2096,#2097,#2098,#2099,#2100,#2101,#2102,#2103,#2104,#2105,#2106,#2107,#2108,#2109,#2110,#2111,#2112));
#2114= IFCPRODUCTDEFINITIONSHAPE($,$,(#2089,#2113));
#2115= IFCMECHANICALFASTENER('27MZT91OP7BO$kL0mxus4P',#1078,'Bolt assembly',$,$,#2060,#2114,'ID875a3749-0586-472d-8fee-540c3be36119',20.,95.);
#2116= IFCCARTESIANPOINT((92597.2185630219,1723.41333861431,13450.4999823205));
#2117= IFCAXIS2PLACEMENT3D(#2116,#9,#56);
#2118= IFCLOCALPLACEMENT(#45,#2117);
#2119= IFCLOCALPLACEMENT(#42,#10);
#2120= IFCELEMENTASSEMBLY('3NDTMq4DbC4f6KvEiUlqAB',#1078,'BEAM',$,$,#2119,$,'B/1264',.NOTDEFINED.,.RIGID_FRAME.);
#2121= IFCCARTESIANPOINT((94533.5408905869,2253.28919316833,13680.));
#2122= IFCAXIS2PLACEMENT3D(#2121,#106,#57);
#2123= IFCLOCALPLACEMENT(#2119,#2122);
#2124= IFCSHAPEREPRESENTATION(#12,'Body','MappedRepresentation',(#1689,#1692,#1695,#1698,#1701,#1704,#1707,#1710));
#2125= IFCSHAPEREPRESENTATION(#12,'Axis','MappedRepresentation',(#1712,#1713,#1714,#1715,#1716,#1717,#1718,#1719));
#2126= IFCPRODUCTDEFINITIONSHAPE($,$,(#2124,#2125));
#2127= IFCMECHANICALFASTENER('0_7XLkcdLCTBMnYJloZwoM',#1078,'Bolt assembly',$,$,#2123,#2126,'ID3e1e156e-9a75-4c74-b5b1-893bf28fac96',20.,70.);
#2128= IFCCARTESIANPOINT((94133.5408905869,2243.78919316833,13680.));
#2129= IFCAXIS2PLACEMENT3D(#2128,#106,#7);
#2130= IFCLOCALPLACEMENT(#45,#2129);
#2131= IFCSHAPEREPRESENTATION(#12,'Body','SweptSolid',(#1881));
#2132= IFCPRODUCTDEFINITIONSHAPE($,$,(#2131));
#2133= IFCDISCRETEACCESSORY('3NYZbBtVX9WAsl0LsroQIF',#44,'Support section',$,$,#2130,#2132,'1375');
#2134= IFCLOCALPLACEMENT(#45,#2122);
#2135= IFCSHAPEREPRESENTATION(#12,'Body','MappedRepresentation',(#1892,#1893,#1894,#1895,#1896,#1897,#1898,#1899));
#2136= IFCPRODUCTDEFINITIONSHAPE($,$,(#2135));
#2137= IFCOPENINGELEMENT('0zmK_XrRP4rBM2WEb$YGLm',#5,$,$,'Opening',#2134,#2136,$);
#2138= IFCRELVOIDSELEMENT('2mMKY8axLBIA7sgb6izohJ',#5,'Drill Hole',$,#2133,#2137);
#2139= IFCCARTESIANPOINT((93320.,1603.28920788778,13900.));
#2140= IFCAXIS2PLACEMENT3D(#2139,#56,#57);
#2141= IFCLOCALPLACEMENT(#2054,#2140);
#2142= IFCSHAPEREPRESENTATION(#12,'Body','MappedRepresentation',(#2079,#2080,#2081,#2082,#2083,#2084,#2085,#2086,#2087,#2088,#2069,#2070,#2071,#2072,#2073,#2074,#2075,#2076,#2077,#2078));
#2143= IFCSHAPEREPRESENTATION(#12,'Axis','MappedRepresentation',(#2103,#2104,#2105,#2106,#2107,#2108,#2109,#2110,#2111,#2112,#2093,#2094,#2095,#2096,#2097,#2098,#2099,#2100,#2101,#2102));
#2144= IFCPRODUCTDEFINITIONSHAPE($,$,(#2142,#2143));
#2145= IFCMECHANICALFASTENER('0OnP2Ykxz5vQSCXYtOkNCZ',#1078,'Bolt assembly',$,$,#2141,#2144,'ID18c590a2-bbbf-45e5-a70c-862dd8b97323',20.,95.);
#2146= IFCCARTESIANPOINT((92597.2185630219,1723.41333952634,13909.5));
#2147= IFCAXIS2PLACEMENT3D(#2146,#9,#56);
#2148= IFCLOCALPLACEMENT(#45,#2147);
#2149= IFCOWNERHISTORY(#3,#4,$,.NOCHANGE.,$,$,$,1775073600);
#2150= IFCCARTESIANPOINT((93500.,1728.38135910034,8416.));
#2151= IFCAXIS2PLACEMENT3D(#2150,#56,#57);
#2152= IFCLOCALPLACEMENT(#45,#2151);
#2153= IFCCARTESIANPOINT((125.,0.,250.));
#2154= IFCCARTESIANPOINT((125.,-8.48528137423818,250.));
#2155= IFCCARTESIANPOINT((-125.,-8.48528137423818,250.));
#2156= IFCCARTESIANPOINT((-125.,0.,250.));
#2157= IFCPOLYLOOP((#2153,#2154,#2155,#2156));
#2158= IFCFACEOUTERBOUND(#2157,.T.);
#2159= IFCFACE((#2158));
#2160= IFCCARTESIANPOINT((133.485281374233,0.,258.485281374239));
#2161= IFCCARTESIANPOINT((-133.485281374233,0.,258.485281374239));
#2162= IFCPOLYLOOP((#2154,#2160,#2161,#2155));
#2163= IFCFACEOUTERBOUND(#2162,.T.);
#2164= IFCFACE((#2163));
#2165= IFCPOLYLOOP((#2160,#2153,#2156,#2161));
#2166= IFCFACEOUTERBOUND(#2165,.T.);
#2167= IFCFACE((#2166));
#2168= IFCPOLYLOOP((#62,#68,#2154,#2153));
#2169= IFCFACEOUTERBOUND(#2168,.T.);
#2170= IFCFACE((#2169));
#2171= IFCPOLYLOOP((#68,#1172,#2160,#2154));
#2172= IFCFACEOUTERBOUND(#2171,.T.);
#2173= IFCFACE((#2172));
#2174= IFCPOLYLOOP((#1172,#62,#2153,#2160));
#2175= IFCFACEOUTERBOUND(#2174,.T.);
#2176= IFCFACE((#2175));
#2177= IFCPOLYLOOP((#67,#1171,#1172,#68));
#2178= IFCFACEOUTERBOUND(#2177,.T.);
#2179= IFCFACE((#2178));
#2180= IFCPOLYLOOP((#2156,#2155,#67,#61));
#2181= IFCFACEOUTERBOUND(#2180,.T.);
#2182= IFCFACE((#2181));
#2183= IFCPOLYLOOP((#2155,#2161,#1171,#67));
#2184= IFCFACEOUTERBOUND(#2183,.T.);
#2185= IFCFACE((#2184));
#2186= IFCPOLYLOOP((#2161,#2156,#61,#1171));
#2187= IFCFACEOUTERBOUND(#2186,.T.);
#2188= IFCFACE((#2187));
#2189= IFCPOLYLOOP((#2161,#2156,#2155));
#2190= IFCFACEOUTERBOUND(#2189,.T.);
#2191= IFCFACE((#2190));
#2192= IFCPOLYLOOP((#2161,#2155,#2156));
#2193= IFCFACEOUTERBOUND(#2192,.T.);
#2194= IFCFACE((#2193));
#2195= IFCCLOSEDSHELL((#2159,#2164,#2167,#2170,#2173,#2176,#71,#2179,#1178,#2182,#2185,#2188,#2191,#2194));
#2196= IFCFACETEDBREP(#2195);
#2197= IFCSHAPEREPRESENTATION(#12,'Body','Brep',(#2196));
#2198= IFCCARTESIANPOINT((-125.,250.,0.));
#2199= IFCCARTESIANPOINT((125.,250.,0.));
#2200= IFCPOLYLINE((#2198,#61,#62,#2199,#2198));
#2201= IFCSHAPEREPRESENTATION(#13,'Axis','GeometricCurveSet',(#2200));
#2202= IFCPRODUCTDEFINITIONSHAPE($,$,(#2197,#2201));
#2203= IFCFASTENER('2hN5ptL5rCTvodXc4tz_ru',#2149,'Weld',$,$,#2152,#2202,'IDab5c5cf7-545d-4c77-9ca7-866137f7ed78');
#2204= IFCPROPERTYSINGLEVALUE('WeldID',$,IFCINTEGER(97509994),$);
#2205= IFCPROPERTYSINGLEVALUE('l',$,IFCPOSITIVELENGTHMEASURE(1000.),$);
#2206= IFCPROPERTYSET('1vW8d4OmL26RM1RUlROxZH',#5,'AISC_EM11_Pset_Weld','WeldIdentity',(#88,#89,#90,#91,#2204,#93,#94,#95,#2205,#97,#98,#99,#100,#101,#102,#103));
#2207= IFCOWNERHISTORY(#3,#4,$,.NOCHANGE.,$,$,$,1773766800);
#2208= IFCCARTESIANPOINT((94420.0008133774,1126.60679726765,23410.));
#2209= IFCAXIS2PLACEMENT3D(#2208,#8,#106);
#2210= IFCLOCALPLACEMENT(#45,#2209);
#2211= IFCCARTESIANPOINT((10.39230484542,0.));
#2212= IFCCARTESIANPOINT((5.19615242271,9.00000000000127));
#2213= IFCCARTESIANPOINT((-5.19615242271,9.00000000000127));
#2214= IFCCARTESIANPOINT((-10.39230484542,0.));
#2215= IFCCARTESIANPOINT((-5.19615242271,-9.00000000000127));
#2216= IFCCARTESIANPOINT((5.19615242271,-9.00000000000127));
#2217= IFCPOLYLINE((#2211,#2212,#2213,#2214,#2215,#2216,#2211));
#2218= IFCARBITRARYCLOSEDPROFILEDEF(.AREA.,$,#2217);
#2219= IFCCARTESIANPOINT((0.,-10.42,0.));
#2220= IFCAXIS2PLACEMENT3D(#2219,#8,#7);
#2221= IFCEXTRUDEDAREASOLID(#2218,#2220,#9,7.92);
#2222= IFCCIRCLEPROFILEDEF(.AREA.,$,#647,6.);
#2223= IFCCARTESIANPOINT((0.,-2.5,0.));
#2224= IFCAXIS2PLACEMENT3D(#2223,#8,#7);
#2225= IFCEXTRUDEDAREASOLID(#2222,#2224,#9,35.);
#2226= IFCCIRCLEPROFILEDEF(.AREA.,$,#647,12.);
#2227= IFCCARTESIANPOINT((0.,8.49999999999474,0.));
#2228= IFCAXIS2PLACEMENT3D(#2227,#8,#7);
#2229= IFCEXTRUDEDAREASOLID(#2226,#2228,#9,8.);
#2230= IFCCARTESIANPOINT((10.96965511461,0.));
#2231= IFCCARTESIANPOINT((5.484827557305,9.50000000000134));
#2232= IFCCARTESIANPOINT((-5.484827557305,9.50000000000134));
#2233= IFCCARTESIANPOINT((-10.96965511461,0.));
#2234= IFCCARTESIANPOINT((-5.484827557305,-9.50000000000134));
#2235= IFCCARTESIANPOINT((5.484827557305,-9.50000000000134));
#2236= IFCPOLYLINE((#2230,#2231,#2232,#2233,#2234,#2235,#2230));
#2237= IFCARBITRARYCLOSEDPROFILEDEF(.AREA.,$,#2236);
#2238= IFCCARTESIANPOINT((0.,16.4999999999947,0.));
#2239= IFCAXIS2PLACEMENT3D(#2238,#8,#7);
#2240= IFCEXTRUDEDAREASOLID(#2237,#2239,#9,10.);
#2241= IFCCARTESIANPOINT((0.,0.,-22.5));
#2242= IFCCARTESIANTRANSFORMATIONOPERATOR3D($,$,#2241,$,$);
#2243= IFCSHAPEREPRESENTATION(#12,'Body','SweptSolid',(#2221,#2225,#2229,#2240));
#2244= IFCREPRESENTATIONMAP(#10,#2243);
#2245= IFCMAPPEDITEM(#2244,#2242);
#2246= IFCCARTESIANPOINT((70.,0.,-22.5));
#2247= IFCCARTESIANTRANSFORMATIONOPERATOR3D($,$,#2246,$,$);
#2248= IFCMAPPEDITEM(#2244,#2247);
#2249= IFCCARTESIANPOINT((0.,0.,22.5));
#2250= IFCCARTESIANTRANSFORMATIONOPERATOR3D($,$,#2249,$,$);
#2251= IFCMAPPEDITEM(#2244,#2250);
#2252= IFCCARTESIANPOINT((70.,0.,22.5));
#2253= IFCCARTESIANTRANSFORMATIONOPERATOR3D($,$,#2252,$,$);
#2254= IFCMAPPEDITEM(#2244,#2253);
#2255= IFCSHAPEREPRESENTATION(#12,'Body','MappedRepresentation',(#2245,#2248,#2251,#2254));
#2256= IFCCARTESIANPOINT((0.,35.,0.));
#2257= IFCPOLYLINE((#2219,#2256));
#2258= IFCSHAPEREPRESENTATION(#12,'Axis','GeometricCurveSet',(#2257));
#2259= IFCREPRESENTATIONMAP(#10,#2258);
#2260= IFCMAPPEDITEM(#2259,#2242);
#2261= IFCMAPPEDITEM(#2259,#2247);
#2262= IFCMAPPEDITEM(#2259,#2250);
#2263= IFCMAPPEDITEM(#2259,#2253);
#2264= IFCSHAPEREPRESENTATION(#12,'Axis','MappedRepresentation',(#2260,#2261,#2262,#2263));
#2265= IFCPRODUCTDEFINITIONSHAPE($,$,(#2255,#2264));
#2266= IFCMECHANICALFASTENER('3q9Swh1Wz9hwe_z2MxqJB0',#2207,'Bolt assembly',$,$,#2210,#2265,'IDf425ceab-060f-49af-aa3e-f425bbd132c0',12.,35.);
#2267= IFCPROPERTYSINGLEVALUE('BoltDiameter',$,IFCPOSITIVELENGTHMEASURE(12.),$);
#2268= IFCPROPERTYSINGLEVALUE('BoltLength',$,IFCPOSITIVELENGTHMEASURE(35.),$);
#2269= IFCPROPERTYSET('0pbIPHv_P1RAH1Ig23Dm1E',#5,'AISC_EM11_Pset_Bolt','BoltIdentity',(#749,#750,#2267,#2268,#753,#754));
#2270= IFCPROPERTYSINGLEVALUE('NutSize',$,IFCPOSITIVELENGTHMEASURE(12.),$);
#2271= IFCPROPERTYSET('3GOovGk6b16xgZXos9kSuE',#5,'AISC_EM11_Pset_Nut','NutIdentity',(#2270,#757));
#2272= IFCPROPERTYSINGLEVALUE('WasherSize',$,IFCPOSITIVELENGTHMEASURE(12.),$);
#2273= IFCPROPERTYSET('27CxQmeMrB2AoRSsO6H_9R',#5,'AISC_EM11_Pset_Washer','WasherIdentity',(#759,#2272,#761,#762));
#2274= IFCCARTESIANPOINT((94414.5008133774,1019.10679726511,23444.4999988878));
#2275= IFCAXIS2PLACEMENT3D(#2274,#56,#7);
#2276= IFCLOCALPLACEMENT(#45,#2275);
#2277= IFCCARTESIANPOINT((-3.,-8.48528137424,-47.4999972904643));
#2278= IFCCARTESIANPOINT((-3.,0.,-47.4999972904643));
#2279= IFCCARTESIANPOINT((-3.,0.,0.));
#2280= IFCCARTESIANPOINT((-3.,-8.48528137424,8.48528137426001));
#2281= IFCPOLYLOOP((#2277,#2278,#2279,#2280));
#2282= IFCFACEOUTERBOUND(#2281,.T.);
#2283= IFCFACE((#2282));
#2284= IFCCARTESIANPOINT((-11.4852813742327,0.,-55.9852786647029));
#2285= IFCCARTESIANPOINT((-11.4852813742327,0.,8.48528137423853));
#2286= IFCPOLYLOOP((#2278,#2284,#2285,#2279));
#2287= IFCFACEOUTERBOUND(#2286,.T.);
#2288= IFCFACE((#2287));
#2289= IFCPOLYLOOP((#2284,#2277,#2280,#2285));
#2290= IFCFACEOUTERBOUND(#2289,.T.);
#2291= IFCFACE((#2290));
#2292= IFCPOLYLOOP((#2285,#2280,#2279));
#2293= IFCFACEOUTERBOUND(#2292,.T.);
#2294= IFCFACE((#2293));
#2295= IFCPOLYLOOP((#2284,#2278,#2277));
#2296= IFCFACEOUTERBOUND(#2295,.T.);
#2297= IFCFACE((#2296));
#2298= IFCCARTESIANPOINT((-3.,-4.59220118837402,4.59220118838573));
#2299= IFCCARTESIANPOINT((3.,0.,0.));
#2300= IFCCARTESIANPOINT((3.,-4.59220118837402,4.59220118838573));
#2301= IFCPOLYLOOP((#2298,#2279,#2299,#2300));
#2302= IFCFACEOUTERBOUND(#2301,.T.);
#2303= IFCFACE((#2302));
#2304= IFCCARTESIANPOINT((-9.49435320174962,0.,6.49435320175269));
#2305= IFCCARTESIANPOINT((9.49435320174962,0.,6.49435320175269));
#2306= IFCPOLYLOOP((#2279,#2304,#2305,#2299));
#2307= IFCFACEOUTERBOUND(#2306,.T.);
#2308= IFCFACE((#2307));
#2309= IFCPOLYLOOP((#2304,#2298,#2300,#2305));
#2310= IFCFACEOUTERBOUND(#2309,.T.);
#2311= IFCFACE((#2310));
#2312= IFCPOLYLOOP((#2305,#2300,#2299));
#2313= IFCFACEOUTERBOUND(#2312,.T.);
#2314= IFCFACE((#2313));
#2315= IFCPOLYLOOP((#2304,#2279,#2298));
#2316= IFCFACEOUTERBOUND(#2315,.T.);
#2317= IFCFACE((#2316));
#2318= IFCCARTESIANPOINT((3.,-8.48528137424,8.48528137426001));
#2319= IFCCARTESIANPOINT((3.,0.,-47.4999972904643));
#2320= IFCCARTESIANPOINT((3.,-8.48528137424,-47.4999972904643));
#2321= IFCPOLYLOOP((#2318,#2299,#2319,#2320));
#2322= IFCFACEOUTERBOUND(#2321,.T.);
#2323= IFCFACE((#2322));
#2324= IFCCARTESIANPOINT((11.4852813742327,0.,8.48528137423853));
#2325= IFCCARTESIANPOINT((11.4852813742327,0.,-55.9852786647029));
#2326= IFCPOLYLOOP((#2299,#2324,#2325,#2319));
#2327= IFCFACEOUTERBOUND(#2326,.T.);
#2328= IFCFACE((#2327));
#2329= IFCPOLYLOOP((#2324,#2318,#2320,#2325));
#2330= IFCFACEOUTERBOUND(#2329,.T.);
#2331= IFCFACE((#2330));
#2332= IFCPOLYLOOP((#2325,#2320,#2319));
#2333= IFCFACEOUTERBOUND(#2332,.T.);
#2334= IFCFACE((#2333));
#2335= IFCPOLYLOOP((#2324,#2299,#2318));
#2336= IFCFACEOUTERBOUND(#2335,.T.);
#2337= IFCFACE((#2336));
#2338= IFCCARTESIANPOINT((3.,13.5024762862413,-47.4999972904643));
#2339= IFCCARTESIANPOINT((-3.,13.5024762862413,-47.4999972904643));
#2340= IFCPOLYLOOP((#2319,#2338,#2339,#2278));
#2341= IFCFACEOUTERBOUND(#2340,.T.);
#2342= IFCFACE((#2341));
#2343= IFCCARTESIANPOINT((13.750162219003,-8.17012105941831,-58.2501595094714));
#2344= IFCCARTESIANPOINT((-13.750162219003,-8.17012105941831,-58.2501595094714));
#2345= IFCPOLYLOOP((#2338,#2343,#2344,#2339));
#2346= IFCFACEOUTERBOUND(#2345,.T.);
#2347= IFCFACE((#2346));
#2348= IFCPOLYLOOP((#2343,#2319,#2278,#2344));
#2349= IFCFACEOUTERBOUND(#2348,.T.);
#2350= IFCFACE((#2349));
#2351= IFCPOLYLOOP((#2344,#2278,#2339));
#2352= IFCFACEOUTERBOUND(#2351,.T.);
#2353= IFCFACE((#2352));
#2354= IFCPOLYLOOP((#2343,#2338,#2319));
#2355= IFCFACEOUTERBOUND(#2354,.T.);
#2356= IFCFACE((#2355));
#2357= IFCCLOSEDSHELL((#2283,#2288,#2291,#2294,#2297,#2303,#2308,#2311,#2314,#2317,#2323,#2328,#2331,#2334,#2337,#2342,#2347,#2350,#2353,#2356));
#2358= IFCFACETEDBREP(#2357);
#2359= IFCSHAPEREPRESENTATION(#12,'Body','Brep',(#2358));
#2360= IFCCARTESIANPOINT((-3.,-47.4999972904643,0.));
#2361= IFCCARTESIANPOINT((3.,-47.4999972904643,0.));
#2362= IFCPOLYLINE((#2360,#2279,#2299,#2361,#2360));
#2363= IFCSHAPEREPRESENTATION(#13,'Axis','GeometricCurveSet',(#2362));
#2364= IFCPRODUCTDEFINITIONSHAPE($,$,(#2359,#2363));
#2365= IFCFASTENER('2Pk35cGsf7ePVXNJv_Zygv',#2207,'Weld',$,$,#2276,#2364,'ID99b83166-436a-47a1-97e1-5d3e7e8fcab9');
#2366= IFCPROPERTYSINGLEVALUE('WeldID',$,IFCINTEGER(97064806),$);
#2367= IFCPROPERTYSINGLEVALUE('l',$,IFCPOSITIVELENGTHMEASURE(107.),$);
#2368= IFCPROPERTYSET('1f3V04dzT9gfUwlqbADoOK',#5,'AISC_EM11_Pset_Weld','WeldIdentity',(#88,#89,#90,#91,#2366,#93,#94,#95,#2367,#97,#98,#99,#100,#101,#102,#103));
#2369= IFCCARTESIANPOINT((94414.5008133774,1009.10679726766,23315.5));
#2370= IFCDIRECTION((0.,0.707106781186548,-0.707106781186548));
#2371= IFCAXIS2PLACEMENT3D(#2369,#7,#2370);
#2372= IFCLOCALPLACEMENT(#45,#2371);
#2373= IFCCARTESIANPOINT((14.1421356201008,5.0931703299284E-11));
#2374= IFCCARTESIANPOINT((48.083259582414,33.9411239625369));
#2375= IFCCARTESIANPOINT((49.8510246275564,49.1439247132585));
#2376= IFCCARTESIANPOINT((106.419567105162,105.71246719116));
#2377= IFCCARTESIANPOINT((106.419566628271,126.925670149921));
#2378= IFCCARTESIANPOINT((42.7799572968698,190.56527375896));
#2379= IFCCARTESIANPOINT((21.5667533844375,190.565273282069));
#2380= IFCCARTESIANPOINT((-35.0017852784713,133.996734618864));
#2381= IFCCARTESIANPOINT((-50.5581359864591,131.875411986977));
#2382= IFCCARTESIANPOINT((-84.1457061767996,98.2878417964603));
#2383= IFCCARTESIANPOINT((-84.1457061767778,84.1457061763576));
#2384= IFCPOLYLINE((#646,#2373,#2374,#2375,#2376,#2377,#2378,#2379,#2380,#2381,#2382,#2383,#646));
#2385= IFCARBITRARYCLOSEDPROFILEDEF(.AREA.,'PL6*165',#2384);
#2386= IFCCARTESIANPOINT((0.,-3.63797880709171E-12,-3.));
#2387= IFCAXIS2PLACEMENT3D(#2386,#9,#7);
#2388= IFCEXTRUDEDAREASOLID(#2385,#2387,#9,6.);
#2389= IFCSHAPEREPRESENTATION(#12,'Body','SweptSolid',(#2388));
#2390= IFCPRODUCTDEFINITIONSHAPE($,$,(#2389));
#2391= IFCDISCRETEACCESSORY('2cXFZwt2D9UQMryY283Ud6',#44,'Steel plate',$,$,#2372,#2390,'1197');
#2392= IFCLOCALPLACEMENT(#45,#2209);
#2393= IFCCIRCLEPROFILEDEF(.AREA.,$,#647,7.5);
#2394= IFCCARTESIANPOINT((0.,2.40000000000048,0.));
#2395= IFCAXIS2PLACEMENT3D(#2394,#8,#7);
#2396= IFCEXTRUDEDAREASOLID(#2393,#2395,#9,6.2);
#2397= IFCSHAPEREPRESENTATION(#12,'Body','SweptSolid',(#2396));
#2398= IFCREPRESENTATIONMAP(#10,#2397);
#2399= IFCMAPPEDITEM(#2398,#2242);
#2400= IFCMAPPEDITEM(#2398,#2247);
#2401= IFCMAPPEDITEM(#2398,#2250);
#2402= IFCMAPPEDITEM(#2398,#2253);
#2403= IFCSHAPEREPRESENTATION(#12,'Body','MappedRepresentation',(#2399,#2400,#2401,#2402));
#2404= IFCPRODUCTDEFINITIONSHAPE($,$,(#2403));
#2405= IFCOPENINGELEMENT('2sJZSPnrTC7up8vzfwY_I1',#5,$,$,'Opening',#2392,#2404,$);
#2406= IFCRELVOIDSELEMENT('25aWIOg6fAXP$l7P8IFSev',#5,'Drill Hole',$,#2391,#2405);
#2407= IFCPROPERTYSINGLEVALUE('IndicationMark',$,IFCIDENTIFIER('1197'),$);
#2408= IFCPROPERTYSET('02atxtBTHCTv3SFxx8yX0N',#5,'AISC_EM11_Pset_PieceIdentification','PieceIdentity',(#1909,#2407,#1911,#1912));
#2409= IFCCARTESIANPOINT((93497.1593308002,1126.60679726765,23410.));
#2410= IFCAXIS2PLACEMENT3D(#2409,#8,#106);
#2411= IFCLOCALPLACEMENT(#45,#2410);
#2412= IFCCARTESIANPOINT((0.,-10.8676275815911,0.));
#2413= IFCAXIS2PLACEMENT3D(#2412,#8,#7);
#2414= IFCEXTRUDEDAREASOLID(#2218,#2413,#9,7.92);
#2415= IFCCARTESIANPOINT((0.,-2.94762758159107,0.));
#2416= IFCAXIS2PLACEMENT3D(#2415,#8,#7);
#2417= IFCEXTRUDEDAREASOLID(#2222,#2416,#9,35.);
#2418= IFCSHAPEREPRESENTATION(#12,'Body','SweptSolid',(#2414,#2417,#2229,#2240));
#2419= IFCREPRESENTATIONMAP(#10,#2418);
#2420= IFCMAPPEDITEM(#2419,#2242);
#2421= IFCMAPPEDITEM(#2419,#2247);
#2422= IFCMAPPEDITEM(#2419,#2250);
#2423= IFCMAPPEDITEM(#2419,#2253);
#2424= IFCSHAPEREPRESENTATION(#12,'Body','MappedRepresentation',(#2420,#2421,#2422,#2423));
#2425= IFCPOLYLINE((#2412,#2256));
#2426= IFCSHAPEREPRESENTATION(#12,'Axis','GeometricCurveSet',(#2425));
#2427= IFCREPRESENTATIONMAP(#10,#2426);
#2428= IFCMAPPEDITEM(#2427,#2242);
#2429= IFCMAPPEDITEM(#2427,#2247);
#2430= IFCMAPPEDITEM(#2427,#2250);
#2431= IFCMAPPEDITEM(#2427,#2253);
#2432= IFCSHAPEREPRESENTATION(#12,'Axis','MappedRepresentation',(#2428,#2429,#2430,#2431));
#2433= IFCPRODUCTDEFINITIONSHAPE($,$,(#2424,#2432));
#2434= IFCMECHANICALFASTENER('2fGBV4zB99AByjQWmd2wAk',#2207,'Bolt assembly',$,$,#2411,#2433,'IDa940b7c4-f4b2-4928-bf2d-6a0c270ba2ae',12.,35.);
#2435= IFCCARTESIANPOINT((93491.6593308002,1019.10679726511,23444.4999988878));
#2436= IFCAXIS2PLACEMENT3D(#2435,#56,#7);
#2437= IFCLOCALPLACEMENT(#45,#2436);
#2438= IFCSHAPEREPRESENTATION(#12,'Body','Brep',(#2358));
#2439= IFCSHAPEREPRESENTATION(#13,'Axis','GeometricCurveSet',(#2362));
#2440= IFCPRODUCTDEFINITIONSHAPE($,$,(#2438,#2439));
#2441= IFCFASTENER('0ScCpDX394ufwJH0jP6lvL',#2207,'Weld',$,$,#2437,#2440,'ID1c98cccd-8432-44e2-9e93-440b591afe55');
#2442= IFCPROPERTYSINGLEVALUE('WeldID',$,IFCINTEGER(97064628),$);
#2443= IFCPROPERTYSET('11KBAs4hv3Ged6NzmcByNq',#5,'AISC_EM11_Pset_Weld','WeldIdentity',(#88,#89,#90,#91,#2442,#93,#94,#95,#2367,#97,#98,#99,#100,#101,#102,#103));
#2444= IFCCARTESIANPOINT((93491.6593308002,1009.10679726766,23315.5));
#2445= IFCAXIS2PLACEMENT3D(#2444,#7,#2370);
#2446= IFCLOCALPLACEMENT(#45,#2445);
#2447= IFCSHAPEREPRESENTATION(#12,'Body','SweptSolid',(#2388));
#2448= IFCPRODUCTDEFINITIONSHAPE($,$,(#2447));
#2449= IFCDISCRETEACCESSORY('3DaSz2MY58WQ9fbDdZUIZG',#44,'Steel plate',$,$,#2446,#2448,'1197');
#2450= IFCLOCALPLACEMENT(#45,#2410);
#2451= IFCSHAPEREPRESENTATION(#12,'Body','MappedRepresentation',(#2399,#2400,#2401,#2402));
#2452= IFCPRODUCTDEFINITIONSHAPE($,$,(#2451));
#2453= IFCOPENINGELEMENT('3uRyEEQsX6ghtlGkmsUeus',#5,$,$,'Opening',#2450,#2452,$);
#2454= IFCRELVOIDSELEMENT('1CzlL0cP5ADRQWoskzTZsR',#5,'Drill Hole',$,#2449,#2453);
#2455= IFCCARTESIANPOINT((94420.0008133774,1086.60704522298,23375.));
#2456= IFCAXIS2PLACEMENT3D(#2455,#9,#8);
#2457= IFCLOCALPLACEMENT(#45,#2456);
#2458= IFCISHAPEPROFILEDEF(.AREA.,'IPE160',#647,82.,160.,5.,7.400000095,9.);
#2459= IFCCARTESIANPOINT((516.682624816895,0.,0.));
#2460= IFCAXIS2PLACEMENT3D(#2459,#57,#56);
#2461= IFCEXTRUDEDAREASOLID(#2458,#2460,#9,526.68);
#2462= IFCCARTESIANPOINT((-10.0002479553223,0.,-180.));
#2463= IFCAXIS2PLACEMENT3D(#2462,#7,#56);
#2464= IFCPLANE(#2463);
#2465= IFCHALFSPACESOLID(#2464,.T.);
#2466= IFCBOOLEANCLIPPINGRESULT(.DIFFERENCE.,#2461,#2465);
#2467= IFCSHAPEREPRESENTATION(#12,'Body','Clipping',(#2466));
#2468= IFCPRODUCTDEFINITIONSHAPE($,$,(#2467));
#2469= IFCDISCRETEACCESSORY('3Zjzummw1EQ8UpYKd5rHId',#44,'Support section',$,$,#2457,#2468,'b/162');
#2470= IFCLOCALPLACEMENT(#45,#2209);
#2471= IFCCARTESIANPOINT((0.,-2.6,0.));
#2472= IFCAXIS2PLACEMENT3D(#2471,#8,#7);
#2473= IFCEXTRUDEDAREASOLID(#2393,#2472,#9,5.2);
#2474= IFCSHAPEREPRESENTATION(#12,'Body','SweptSolid',(#2473));
#2475= IFCREPRESENTATIONMAP(#10,#2474);
#2476= IFCMAPPEDITEM(#2475,#2242);
#2477= IFCMAPPEDITEM(#2475,#2247);
#2478= IFCMAPPEDITEM(#2475,#2250);
#2479= IFCMAPPEDITEM(#2475,#2253);
#2480= IFCSHAPEREPRESENTATION(#12,'Body','MappedRepresentation',(#2476,#2477,#2478,#2479));
#2481= IFCPRODUCTDEFINITIONSHAPE($,$,(#2480));
#2482= IFCOPENINGELEMENT('2kQ3MgM1L7bwbtE2FxtAXm',#5,$,$,'Opening',#2470,#2481,$);
#2483= IFCRELVOIDSELEMENT('2VlcZspuTAD8bEtJPeM3EE',#5,'Drill Hole',$,#2469,#2482);
#2484= IFCPROPERTYSINGLEVALUE('IndicationMark',$,IFCIDENTIFIER('b/162'),$);
#2485= IFCPROPERTYSET('0GQw6Fok1AuvOO78trS804',#5,'AISC_EM11_Pset_PieceIdentification','PieceIdentity',(#2027,#2484,#1911,#1912));
#2486= IFCCARTESIANPOINT((93497.4990462263,1087.23756027291,23375.));
#2487= IFCDIRECTION((0.00639381900209952,0.999979559330374,0.));
#2488= IFCAXIS2PLACEMENT3D(#2486,#9,#2487);
#2489= IFCLOCALPLACEMENT(#45,#2488);
#2490= IFCCARTESIANPOINT((391.151794232023,0.,-3.63797880709171E-12));
#2491= IFCAXIS2PLACEMENT3D(#2490,#57,#56);
#2492= IFCEXTRUDEDAREASOLID(#2458,#2491,#9,402.58);
#2493= IFCDIRECTION((0.999979559330374,0.00639381900209938,0.));
#2494= IFCCARTESIANPOINT((-10.6327177842827,0.271737307586591,-180.000000000004));
#2495= IFCDIRECTION((0.00639381900209938,-0.999979559330374,0.));
#2496= IFCAXIS2PLACEMENT3D(#2494,#2493,#2495);
#2497= IFCPLANE(#2496);
#2498= IFCHALFSPACESOLID(#2497,.T.);
#2499= IFCBOOLEANCLIPPINGRESULT(.DIFFERENCE.,#2492,#2498);
#2500= IFCSHAPEREPRESENTATION(#12,'Body','Clipping',(#2499));
#2501= IFCPRODUCTDEFINITIONSHAPE($,$,(#2500));
#2502= IFCDISCRETEACCESSORY('0K9nqEyInFLPjC0YI6QuZN',#44,'Support section',$,$,#2489,#2501,'b/146');
#2503= IFCLOCALPLACEMENT(#45,#2410);
#2504= IFCCARTESIANPOINT((0.,-3.04762758159107,0.));
#2505= IFCAXIS2PLACEMENT3D(#2504,#8,#7);
#2506= IFCEXTRUDEDAREASOLID(#2393,#2505,#9,5.2);
#2507= IFCSHAPEREPRESENTATION(#12,'Body','SweptSolid',(#2506));
#2508= IFCREPRESENTATIONMAP(#10,#2507);
#2509= IFCMAPPEDITEM(#2508,#2242);
#2510= IFCMAPPEDITEM(#2508,#2247);
#2511= IFCMAPPEDITEM(#2508,#2250);
#2512= IFCMAPPEDITEM(#2508,#2253);
#2513= IFCSHAPEREPRESENTATION(#12,'Body','MappedRepresentation',(#2509,#2510,#2511,#2512));
#2514= IFCPRODUCTDEFINITIONSHAPE($,$,(#2513));
#2515= IFCOPENINGELEMENT('0Nt8829EnAPx__6petPS0H',#5,$,$,'Opening',#2503,#2514,$);
#2516= IFCRELVOIDSELEMENT('1cDe1$moP1FRK6_gpMo8Ym',#5,'Drill Hole',$,#2502,#2515);
#2517= IFCPROPERTYSINGLEVALUE('IndicationMark',$,IFCIDENTIFIER('b/146'),$);
#2518= IFCPROPERTYSET('0PMTIEKF1FbudOI$bhb8s6',#5,'AISC_EM11_Pset_PieceIdentification','PieceIdentity',(#2027,#2517,#1911,#1912));
#2519= IFCLOCALPLACEMENT(#42,#10);
#2520= IFCELEMENTASSEMBLY('0jWIKi11f7ZRcLVd_OOGQl',#2207,'PLACA',$,$,#2519,$,'1001',.NOTDEFINED.,.RIGID_FRAME.);
#2521= IFCPROPERTYSINGLEVALUE('AssemblyMark',$,IFCIDENTIFIER('1001'),$);
#2522= IFCPROPERTYSET('0elp77QXXCofi_rz9Ic1MP',#5,'AISC_EM11_Pset_AssemblyIdentification','AssemblyIdentity',(#2521,#52,#53));
#2523= IFCCARTESIANPOINT((91798.6732758408,1005.35679726766,23410.));
#2524= IFCAXIS2PLACEMENT3D(#2523,#7,#106);
#2525= IFCLOCALPLACEMENT(#2519,#2524);
#2526= IFCCARTESIANPOINT((0.,-17.6700000000086,0.));
#2527= IFCAXIS2PLACEMENT3D(#2526,#8,#7);
#2528= IFCEXTRUDEDAREASOLID(#2218,#2527,#9,7.92);
#2529= IFCCARTESIANPOINT((0.,-9.75000000000864,0.));
#2530= IFCAXIS2PLACEMENT3D(#2529,#8,#7);
#2531= IFCEXTRUDEDAREASOLID(#2222,#2530,#9,40.);
#2532= IFCCARTESIANPOINT((0.,3.75000000000034,0.));
#2533= IFCAXIS2PLACEMENT3D(#2532,#8,#7);
#2534= IFCEXTRUDEDAREASOLID(#2226,#2533,#9,8.);
#2535= IFCCARTESIANPOINT((0.,11.7500000000003,0.));
#2536= IFCAXIS2PLACEMENT3D(#2535,#8,#7);
#2537= IFCEXTRUDEDAREASOLID(#2237,#2536,#9,10.);
#2538= IFCCARTESIANTRANSFORMATIONOPERATOR3D($,$,#6,$,$);
#2539= IFCSHAPEREPRESENTATION(#12,'Body','SweptSolid',(#2528,#2531,#2534,#2537));
#2540= IFCREPRESENTATIONMAP(#10,#2539);
#2541= IFCMAPPEDITEM(#2540,#2538);
#2542= IFCCARTESIANPOINT((0.,0.,70.));
#2543= IFCCARTESIANTRANSFORMATIONOPERATOR3D($,$,#2542,$,$);
#2544= IFCMAPPEDITEM(#2540,#2543);
#2545= IFCCARTESIANPOINT((70.,0.,0.));
#2546= IFCCARTESIANTRANSFORMATIONOPERATOR3D($,$,#2545,$,$);
#2547= IFCMAPPEDITEM(#2540,#2546);
#2548= IFCCARTESIANPOINT((70.,0.,70.));
#2549= IFCCARTESIANTRANSFORMATIONOPERATOR3D($,$,#2548,$,$);
#2550= IFCMAPPEDITEM(#2540,#2549);
#2551= IFCSHAPEREPRESENTATION(#12,'Body','MappedRepresentation',(#2541,#2544,#2547,#2550));
#2552= IFCCARTESIANPOINT((0.,40.,0.));
#2553= IFCPOLYLINE((#2526,#2552));
#2554= IFCSHAPEREPRESENTATION(#12,'Axis','GeometricCurveSet',(#2553));
#2555= IFCREPRESENTATIONMAP(#10,#2554);
#2556= IFCMAPPEDITEM(#2555,#2538);
#2557= IFCMAPPEDITEM(#2555,#2543);
#2558= IFCMAPPEDITEM(#2555,#2546);
#2559= IFCMAPPEDITEM(#2555,#2549);
#2560= IFCSHAPEREPRESENTATION(#12,'Axis','MappedRepresentation',(#2556,#2557,#2558,#2559));
#2561= IFCPRODUCTDEFINITIONSHAPE($,$,(#2551,#2560));
#2562= IFCMECHANICALFASTENER('0etvQ9XOT4jwmdBBfp0UuL',#2207,'Bolt assembly',$,$,#2525,#2561,'ID28df9689-8587-44b7-ac27-2cba7301ee15',12.,40.);
#2563= IFCPROPERTYSINGLEVALUE('BoltLength',$,IFCPOSITIVELENGTHMEASURE(40.),$);
#2564= IFCPROPERTYSET('3lVLrg81H01AY6g_1k4khl',#5,'AISC_EM11_Pset_Bolt','BoltIdentity',(#749,#750,#2267,#2563,#753,#754));
#2565= IFCCARTESIANPOINT((94941.6005829697,1034.10679726766,23375.));
#2566= IFCAXIS2PLACEMENT3D(#2565,#9,#57);
#2567= IFCLOCALPLACEMENT(#45,#2566);
#2568= IFCUSHAPEPROFILEDEF(.AREA.,'UPN160',#647,160.,65.,7.5,10.5,10.5,5.5,$,$);
#2569= IFCCARTESIANPOINT((3177.92730712891,0.,0.));
#2570= IFCAXIS2PLACEMENT3D(#2569,#57,#56);
#2571= IFCEXTRUDEDAREASOLID(#2568,#2570,#9,3177.93);
#2572= IFCCARTESIANPOINT((3177.92730712891,0.,166.349999999999));
#2573= IFCAXIS2PLACEMENT3D(#2572,#7,#8);
#2574= IFCPLANE(#2573);
#2575= IFCHALFSPACESOLID(#2574,.F.);
#2576= IFCBOOLEANCLIPPINGRESULT(.DIFFERENCE.,#2571,#2575);
#2577= IFCSHAPEREPRESENTATION(#12,'Body','Clipping',(#2576));
#2578= IFCPRODUCTDEFINITIONSHAPE($,$,(#2577));
#2579= IFCBEAM('0vzkgSJlT5m8Z1aXUvFSun',#44,'main piece','UPN160','UPN160',#2567,#2578,'b/844');
#2580= IFCLOCALPLACEMENT(#45,#2524);
#2581= IFCCIRCLEPROFILEDEF(.AREA.,$,#647,7.);
#2582= IFCCARTESIANPOINT((0.,-3.84999999999966,0.));
#2583= IFCAXIS2PLACEMENT3D(#2582,#8,#7);
#2584= IFCEXTRUDEDAREASOLID(#2581,#2583,#9,7.7);
#2585= IFCSHAPEREPRESENTATION(#12,'Body','SweptSolid',(#2584));
#2586= IFCREPRESENTATIONMAP(#10,#2585);
#2587= IFCMAPPEDITEM(#2586,#2538);
#2588= IFCMAPPEDITEM(#2586,#2543);
#2589= IFCMAPPEDITEM(#2586,#2546);
#2590= IFCMAPPEDITEM(#2586,#2549);
#2591= IFCSHAPEREPRESENTATION(#12,'Body','MappedRepresentation',(#2587,#2588,#2589,#2590));
#2592= IFCPRODUCTDEFINITIONSHAPE($,$,(#2591));
#2593= IFCOPENINGELEMENT('3fUmrW3Y5EphtfIabe_Nk7',#5,$,$,'Opening',#2580,#2592,$);
#2594= IFCRELVOIDSELEMENT('3Tc2agba56Fx8L8VAHdjXj',#5,'Drill Hole',$,#2579,#2593);
#2595= IFCPROPERTYSINGLEVALUE('IndicationMark',$,IFCIDENTIFIER('b/844'),$);
#2596= IFCPROPERTYSINGLEVALUE('MainPieceTag',$,IFCBOOLEAN(.T.),$);
#2597= IFCPROPERTYSET('1GbMvlAFD5Q8xtAGcjoc_g',#5,'AISC_EM11_Pset_PieceIdentification','PieceIdentity',(#2027,#2595,#1911,#2596));
#2598= IFCPROPERTYSINGLEVALUE('SkewedAngleY',$,IFCREAL(0.),$);
#2599= IFCPROPERTYSINGLEVALUE('SkewedAngleX',$,IFCREAL(0.),$);
#2600= IFCPROPERTYSET('2wcyLRXaf2VRvAZt$huzFF',#5,'AISC_EM11_Pset_SkewedEnd',$,(#2598,#2599));
#2601= IFCPROPERTYSET('0dx9KVxiXBufXK3SRW8hBN',#5,'AISC_EM11_Pset_SkewedEnd_2',$,(#2598,#2599));
#2602= IFCOWNERHISTORY(#3,#4,$,.NOCHANGE.,$,$,$,1773345600);
#2603= IFCCARTESIANPOINT((93365.,1603.38122277425,19350.));
#2604= IFCAXIS2PLACEMENT3D(#2603,#57,#106);
#2605= IFCLOCALPLACEMENT(#2030,#2604);
#2606= IFCCARTESIANPOINT((0.,-18.95,0.));
#2607= IFCAXIS2PLACEMENT3D(#2606,#8,#7);
#2608= IFCEXTRUDEDAREASOLID(#641,#2607,#9,13.2);
#2609= IFCCARTESIANPOINT((0.,-5.75000000000001,0.));
#2610= IFCAXIS2PLACEMENT3D(#2609,#8,#7);
#2611= IFCEXTRUDEDAREASOLID(#648,#2610,#9,55.);
#2612= IFCCARTESIANPOINT((0.,15.7499999999998,0.));
#2613= IFCAXIS2PLACEMENT3D(#2612,#8,#7);
#2614= IFCEXTRUDEDAREASOLID(#652,#2613,#9,8.);
#2615= IFCCARTESIANPOINT((0.,23.7499999999998,0.));
#2616= IFCAXIS2PLACEMENT3D(#2615,#8,#7);
#2617= IFCEXTRUDEDAREASOLID(#641,#2616,#9,16.);
#2618= IFCCARTESIANPOINT((80.,0.,45.));
#2619= IFCCARTESIANTRANSFORMATIONOPERATOR3D($,$,#2618,$,$);
#2620= IFCSHAPEREPRESENTATION(#12,'Body','SweptSolid',(#2608,#2611,#2614,#2617));
#2621= IFCREPRESENTATIONMAP(#10,#2620);
#2622= IFCMAPPEDITEM(#2621,#2619);
#2623= IFCCARTESIANPOINT((150.,0.,45.));
#2624= IFCCARTESIANTRANSFORMATIONOPERATOR3D($,$,#2623,$,$);
#2625= IFCMAPPEDITEM(#2621,#2624);
#2626= IFCCARTESIANPOINT((220.,0.,45.));
#2627= IFCCARTESIANTRANSFORMATIONOPERATOR3D($,$,#2626,$,$);
#2628= IFCMAPPEDITEM(#2621,#2627);
#2629= IFCCARTESIANPOINT((290.,0.,45.));
#2630= IFCCARTESIANTRANSFORMATIONOPERATOR3D($,$,#2629,$,$);
#2631= IFCMAPPEDITEM(#2621,#2630);
#2632= IFCCARTESIANPOINT((360.,0.,45.));
#2633= IFCCARTESIANTRANSFORMATIONOPERATOR3D($,$,#2632,$,$);
#2634= IFCMAPPEDITEM(#2621,#2633);
#2635= IFCSHAPEREPRESENTATION(#12,'Body','MappedRepresentation',(#2622,#2625,#2628,#2631,#2634));
#2636= IFCCARTESIANPOINT((0.,55.,0.));
#2637= IFCPOLYLINE((#2606,#2636));
#2638= IFCSHAPEREPRESENTATION(#12,'Axis','GeometricCurveSet',(#2637));
#2639= IFCREPRESENTATIONMAP(#10,#2638);
#2640= IFCMAPPEDITEM(#2639,#2619);
#2641= IFCMAPPEDITEM(#2639,#2624);
#2642= IFCMAPPEDITEM(#2639,#2627);
#2643= IFCMAPPEDITEM(#2639,#2630);
#2644= IFCMAPPEDITEM(#2639,#2633);
#2645= IFCSHAPEREPRESENTATION(#12,'Axis','MappedRepresentation',(#2640,#2641,#2642,#2643,#2644));
#2646= IFCPRODUCTDEFINITIONSHAPE($,$,(#2635,#2645));
#2647= IFCMECHANICALFASTENER('1FFzRkKNb0k8uoFulThfHq',#2602,'Bolt assembly',$,$,#2605,#2646,'ID4f3fd6ee-5179-40b8-8e32-3f8bddae9474',20.,55.);
#2648= IFCPROPERTYSINGLEVALUE('BoltLength',$,IFCPOSITIVELENGTHMEASURE(55.),$);
#2649= IFCPROPERTYSINGLEVALUE('BoltStandard',$,IFCIDENTIFIER('7968'),$);
#2650= IFCPROPERTYSINGLEVALUE('BoltType',$,IFCIDENTIFIER('7968'),$);
#2651= IFCPROPERTYSET('0LdcVIRfz4QwbTE03Up$Es',#5,'AISC_EM11_Pset_Bolt','BoltIdentity',(#749,#750,#751,#2648,#2649,#2650));
#2652= IFCOWNERHISTORY(#3,#4,$,.NOCHANGE.,$,$,$,1773871200);
#2653= IFCCARTESIANPOINT((93375.,1587.631,19130.));
#2654= IFCAXIS2PLACEMENT3D(#2653,#57,#106);
#2655= IFCLOCALPLACEMENT(#45,#2654);
#2656= IFCCARTESIANPOINT((-180.,0.,5.65685424949334));
#2657= IFCCARTESIANPOINT((-180.,0.,0.));
#2658= IFCCARTESIANPOINT((180.,0.,0.));
#2659= IFCCARTESIANPOINT((180.,0.,5.65685424949334));
#2660= IFCPOLYLOOP((#2656,#2657,#2658,#2659));
#2661= IFCFACEOUTERBOUND(#2660,.T.);
#2662= IFCFACE((#2661));
#2663= IFCCARTESIANPOINT((-180.,5.65685424949243,0.));
#2664= IFCCARTESIANPOINT((180.,5.65685424949243,0.));
#2665= IFCPOLYLOOP((#2657,#2663,#2664,#2658));
#2666= IFCFACEOUTERBOUND(#2665,.T.);
#2667= IFCFACE((#2666));
#2668= IFCPOLYLOOP((#2663,#2656,#2659,#2664));
#2669= IFCFACEOUTERBOUND(#2668,.T.);
#2670= IFCFACE((#2669));
#2671= IFCPOLYLOOP((#2664,#2659,#2658));
#2672= IFCFACEOUTERBOUND(#2671,.T.);
#2673= IFCFACE((#2672));
#2674= IFCPOLYLOOP((#2663,#2657,#2656));
#2675= IFCFACEOUTERBOUND(#2674,.T.);
#2676= IFCFACE((#2675));
#2677= IFCCARTESIANPOINT((180.,-10.,5.65685424949334));
#2678= IFCCARTESIANPOINT((180.,-10.,0.));
#2679= IFCCARTESIANPOINT((-180.,-10.,0.));
#2680= IFCCARTESIANPOINT((-180.,-10.,5.65685424949334));
#2681= IFCPOLYLOOP((#2677,#2678,#2679,#2680));
#2682= IFCFACEOUTERBOUND(#2681,.T.);
#2683= IFCFACE((#2682));
#2684= IFCCARTESIANPOINT((180.,-15.6568542494924,0.));
#2685= IFCCARTESIANPOINT((-180.,-15.6568542494924,0.));
#2686= IFCPOLYLOOP((#2678,#2684,#2685,#2679));
#2687= IFCFACEOUTERBOUND(#2686,.T.);
#2688= IFCFACE((#2687));
#2689= IFCPOLYLOOP((#2684,#2677,#2680,#2685));
#2690= IFCFACEOUTERBOUND(#2689,.T.);
#2691= IFCFACE((#2690));
#2692= IFCPOLYLOOP((#2685,#2680,#2679));
#2693= IFCFACEOUTERBOUND(#2692,.T.);
#2694= IFCFACE((#2693));
#2695= IFCPOLYLOOP((#2684,#2678,#2677));
#2696= IFCFACEOUTERBOUND(#2695,.T.);
#2697= IFCFACE((#2696));
#2698= IFCCLOSEDSHELL((#2662,#2667,#2670,#2673,#2676,#2683,#2688,#2691,#2694,#2697));
#2699= IFCFACETEDBREP(#2698);
#2700= IFCSHAPEREPRESENTATION(#12,'Body','Brep',(#2699));
#2701= IFCPOLYLINE((#2657,#2658));
#2702= IFCCARTESIANPOINT((180.,0.,10.));
#2703= IFCCARTESIANPOINT((-180.,0.,10.));
#2704= IFCPOLYLINE((#2702,#2703));
#2705= IFCSHAPEREPRESENTATION(#13,'Axis','GeometricCurveSet',(#2701,#2704));
#2706= IFCPRODUCTDEFINITIONSHAPE($,$,(#2700,#2705));
#2707= IFCFASTENER('2PJm5HV0f43OFmVgeq85ip',#2652,'Weld',$,$,#2655,#2706,'ID994f0151-7c0a-440d-83f0-7eaa34205b33');
#2708= IFCPROPERTYSINGLEVALUE('WeldID',$,IFCINTEGER(96758399),$);
#2709= IFCPROPERTYSINGLEVALUE('z',$,IFCPOSITIVELENGTHMEASURE(4.),$);
#2710= IFCPROPERTYSINGLEVALUE('l',$,IFCPOSITIVELENGTHMEASURE(360.),$);
#2711= IFCPROPERTYSINGLEVALUE('d',$,IFCPOSITIVELENGTHMEASURE(4.),$);
#2712= IFCPROPERTYSINGLEVALUE('c',$,IFCPOSITIVELENGTHMEASURE(4.),$);
#2713= IFCPROPERTYSET('3oTYMKPHzCKOJIcibR5mqw',#5,'AISC_EM11_Pset_Weld','WeldIdentity',(#88,#89,#90,#91,#2708,#2709,#94,#95,#2710,#97,#2711,#2712,#100,#101,#102,#103));
#2714= IFCCARTESIANPOINT((93325.,1592.63122277425,18950.));
#2715= IFCAXIS2PLACEMENT3D(#2714,#9,#7);
#2716= IFCLOCALPLACEMENT(#45,#2715);
#2717= IFCRECTANGLEPROFILEDEF(.AREA.,'PL10*100',#647,10.,100.);
#2718= IFCCARTESIANPOINT((0.,0.,360.));
#2719= IFCAXIS2PLACEMENT3D(#2718,#106,#8);
#2720= IFCEXTRUDEDAREASOLID(#2717,#2719,#9,360.);
#2721= IFCSHAPEREPRESENTATION(#12,'Body','SweptSolid',(#2720));
#2722= IFCPRODUCTDEFINITIONSHAPE($,$,(#2721));
#2723= IFCDISCRETEACCESSORY('0mtQV96Wz2RAj0cPEH4qSL',#44,'Support section',$,$,#2716,#2722,'1126');
#2724= IFCLOCALPLACEMENT(#45,#2604);
#2725= IFCCIRCLEPROFILEDEF(.AREA.,$,#647,11.5);
#2726= IFCCARTESIANPOINT((0.,5.64999999999977,0.));
#2727= IFCAXIS2PLACEMENT3D(#2726,#8,#7);
#2728= IFCEXTRUDEDAREASOLID(#2725,#2727,#9,10.2);
#2729= IFCSHAPEREPRESENTATION(#12,'Body','SweptSolid',(#2728));
#2730= IFCREPRESENTATIONMAP(#10,#2729);
#2731= IFCMAPPEDITEM(#2730,#2619);
#2732= IFCMAPPEDITEM(#2730,#2624);
#2733= IFCMAPPEDITEM(#2730,#2627);
#2734= IFCMAPPEDITEM(#2730,#2630);
#2735= IFCMAPPEDITEM(#2730,#2633);
#2736= IFCSHAPEREPRESENTATION(#12,'Body','MappedRepresentation',(#2731,#2732,#2733,#2734,#2735));
#2737= IFCPRODUCTDEFINITIONSHAPE($,$,(#2736));
#2738= IFCOPENINGELEMENT('112sqyh$b2k94rpHV_ZoRU',#5,$,$,'Opening',#2724,#2737,$);
#2739= IFCRELVOIDSELEMENT('1VUs333dXDGfWYzq7RWEWK',#5,'Drill Hole',$,#2723,#2738);
#2740= IFCPROPERTYSINGLEVALUE('IndicationMark',$,IFCIDENTIFIER('1126'),$);
#2741= IFCPROPERTYSET('2Bgt$mTKX418s6CZjNHxgH',#5,'AISC_EM11_Pset_PieceIdentification','PieceIdentity',(#1909,#2740,#1911,#1912));
#2742= IFCOWNERHISTORY(#3,#4,$,.NOCHANGE.,$,$,$,1773176400);
#2743= IFCCARTESIANPOINT((93497.1593308002,1126.60679726765,13710.));
#2744= IFCAXIS2PLACEMENT3D(#2743,#8,#106);
#2745= IFCLOCALPLACEMENT(#45,#2744);
#2746= IFCSHAPEREPRESENTATION(#12,'Body','MappedRepresentation',(#2420,#2421,#2422,#2423));
#2747= IFCSHAPEREPRESENTATION(#12,'Axis','MappedRepresentation',(#2428,#2429,#2430,#2431));
#2748= IFCPRODUCTDEFINITIONSHAPE($,$,(#2746,#2747));
#2749= IFCMECHANICALFASTENER('24s3muF4n3gfVY2Y9tnNmY',#2742,'Bolt assembly',$,$,#2745,#2748,'ID84d83c38-3c4c-43aa-97e2-0a2277c57c22',12.,35.);
#2750= IFCOWNERHISTORY(#3,#4,$,.NOCHANGE.,$,$,$,1772719200);
#2751= IFCCARTESIANPOINT((93365.,1603.28920801325,13900.));
#2752= IFCAXIS2PLACEMENT3D(#2751,#57,#106);
#2753= IFCLOCALPLACEMENT(#2054,#2752);
#2754= IFCSHAPEREPRESENTATION(#12,'Body','MappedRepresentation',(#2622,#2625,#2628,#2631,#2634));
#2755= IFCSHAPEREPRESENTATION(#12,'Axis','MappedRepresentation',(#2640,#2641,#2642,#2643,#2644));
#2756= IFCPRODUCTDEFINITIONSHAPE($,$,(#2754,#2755));
#2757= IFCMECHANICALFASTENER('2dxi2iRRb6nBkFGn6qdRog',#2750,'Bolt assembly',$,$,#2753,#2756,'IDa7eec0ac-6db9-46c4-bb8f-4311b49dbcaa',20.,55.);
#2758= IFCCARTESIANPOINT((93375.,1587.539,13680.));
#2759= IFCAXIS2PLACEMENT3D(#2758,#57,#106);
#2760= IFCLOCALPLACEMENT(#45,#2759);
#2761= IFCSHAPEREPRESENTATION(#12,'Body','Brep',(#2699));
#2762= IFCSHAPEREPRESENTATION(#13,'Axis','GeometricCurveSet',(#2701,#2704));
#2763= IFCPRODUCTDEFINITIONSHAPE($,$,(#2761,#2762));
#2764= IFCFASTENER('2F7_W$JVf40ed26msc_5B3',#2652,'Weld',$,$,#2760,#2763,'ID8f1fe83f-4dfa-4402-89c2-1b0da6f852c3');
#2765= IFCPROPERTYSINGLEVALUE('WeldID',$,IFCINTEGER(96155075),$);
#2766= IFCPROPERTYSET('2IQ5fREbbBp8YU5as1Muk_',#5,'AISC_EM11_Pset_Weld','WeldIdentity',(#88,#89,#90,#91,#2765,#2709,#94,#95,#2710,#97,#2711,#2712,#100,#101,#102,#103));
#2767= IFCCARTESIANPOINT((93324.9999999138,1592.53920801325,13500.));
#2768= IFCAXIS2PLACEMENT3D(#2767,#9,#7);
#2769= IFCLOCALPLACEMENT(#45,#2768);
#2770= IFCSHAPEREPRESENTATION(#12,'Body','SweptSolid',(#2720));
#2771= IFCPRODUCTDEFINITIONSHAPE($,$,(#2770));
#2772= IFCDISCRETEACCESSORY('1d7mDg6tP85wPIbkA7oTJv',#44,'Support section',$,$,#2769,#2771,'1126');
#2773= IFCLOCALPLACEMENT(#45,#2752);
#2774= IFCSHAPEREPRESENTATION(#12,'Body','MappedRepresentation',(#2731,#2732,#2733,#2734,#2735));
#2775= IFCPRODUCTDEFINITIONSHAPE($,$,(#2774));
#2776= IFCOPENINGELEMENT('1aIjjEvY976fOSBhoXDrh$',#5,$,$,'Opening',#2773,#2775,$);
#2777= IFCRELVOIDSELEMENT('2EE5sAIqP0LuAg51k7uUzV',#5,'Drill Hole',$,#2772,#2776);
#2778= IFCOWNERHISTORY(#3,#4,$,.NOCHANGE.,$,$,$,1771272000);
#2779= IFCAXIS2PLACEMENT3D(#2150,#7,#56);
#2780= IFCLOCALPLACEMENT(#45,#2779);
#2781= IFCCARTESIANPOINT((15.58845726813,0.));
#2782= IFCCARTESIANPOINT((7.794228634065,13.5000000000019));
#2783= IFCCARTESIANPOINT((-7.794228634065,13.5000000000019));
#2784= IFCCARTESIANPOINT((-15.58845726813,0.));
#2785= IFCCARTESIANPOINT((-7.794228634065,-13.5000000000019));
#2786= IFCCARTESIANPOINT((7.794228634065,-13.5000000000019));
#2787= IFCPOLYLINE((#2781,#2782,#2783,#2784,#2785,#2786,#2781));
#2788= IFCARBITRARYCLOSEDPROFILEDEF(.AREA.,$,#2787);
#2789= IFCCARTESIANPOINT((0.,-10.,0.));
#2790= IFCAXIS2PLACEMENT3D(#2789,#8,#7);
#2791= IFCEXTRUDEDAREASOLID(#2788,#2790,#9,10.);
#2792= IFCCIRCLEPROFILEDEF(.AREA.,$,#647,8.);
#2793= IFCAXIS2PLACEMENT3D(#6,#8,#7);
#2794= IFCEXTRUDEDAREASOLID(#2792,#2793,#9,40.);
#2795= IFCCIRCLEPROFILEDEF(.AREA.,$,#647,15.);
#2796= IFCCARTESIANPOINT((0.,16.,0.));
#2797= IFCAXIS2PLACEMENT3D(#2796,#8,#7);
#2798= IFCEXTRUDEDAREASOLID(#2795,#2797,#9,4.);
#2799= IFCCARTESIANPOINT((0.,20.,0.));
#2800= IFCAXIS2PLACEMENT3D(#2799,#8,#7);
#2801= IFCEXTRUDEDAREASOLID(#2788,#2800,#9,13.);
#2802= IFCCARTESIANPOINT((-75.,0.,200.));
#2803= IFCCARTESIANTRANSFORMATIONOPERATOR3D($,$,#2802,$,$);
#2804= IFCSHAPEREPRESENTATION(#12,'Body','SweptSolid',(#2791,#2794,#2798,#2801));
#2805= IFCREPRESENTATIONMAP(#10,#2804);
#2806= IFCMAPPEDITEM(#2805,#2803);
#2807= IFCCARTESIANPOINT((-75.,0.,-200.));
#2808= IFCCARTESIANTRANSFORMATIONOPERATOR3D($,$,#2807,$,$);
#2809= IFCMAPPEDITEM(#2805,#2808);
#2810= IFCCARTESIANPOINT((325.,0.,200.));
#2811= IFCCARTESIANTRANSFORMATIONOPERATOR3D($,$,#2810,$,$);
#2812= IFCMAPPEDITEM(#2805,#2811);
#2813= IFCCARTESIANPOINT((325.,0.,-200.));
#2814= IFCCARTESIANTRANSFORMATIONOPERATOR3D($,$,#2813,$,$);
#2815= IFCMAPPEDITEM(#2805,#2814);
#2816= IFCSHAPEREPRESENTATION(#12,'Body','MappedRepresentation',(#2806,#2809,#2812,#2815));
#2817= IFCPOLYLINE((#2789,#2552));
#2818= IFCSHAPEREPRESENTATION(#12,'Axis','GeometricCurveSet',(#2817));
#2819= IFCREPRESENTATIONMAP(#10,#2818);
#2820= IFCMAPPEDITEM(#2819,#2803);
#2821= IFCMAPPEDITEM(#2819,#2808);
#2822= IFCMAPPEDITEM(#2819,#2811);
#2823= IFCMAPPEDITEM(#2819,#2814);
#2824= IFCSHAPEREPRESENTATION(#12,'Axis','MappedRepresentation',(#2820,#2821,#2822,#2823));
#2825= IFCPRODUCTDEFINITIONSHAPE($,$,(#2816,#2824));
#2826= IFCMECHANICALFASTENER('1GND05CXb9WQTaj6MQugj3',#2778,'Bolt assembly',$,$,#2780,#2825,'ID505cd005-3219-4981-a764-b4659ae2ab43',16.,40.);
#2827= IFCPROPERTYSINGLEVALUE('BoltGrade',$,IFCIDENTIFIER('10.9'),$);
#2828= IFCPROPERTYSINGLEVALUE('BoltDiameter',$,IFCPOSITIVELENGTHMEASURE(16.),$);
#2829= IFCPROPERTYSINGLEVALUE('BoltStandard',$,IFCIDENTIFIER('6914'),$);
#2830= IFCPROPERTYSINGLEVALUE('BoltType',$,IFCIDENTIFIER('6914'),$);
#2831= IFCPROPERTYSET('1yCtKqDBj9txHpHVEjEDqD',#5,'AISC_EM11_Pset_Bolt','BoltIdentity',(#749,#2827,#2828,#2563,#2829,#2830));
#2832= IFCPROPERTYSINGLEVALUE('NutSize',$,IFCPOSITIVELENGTHMEASURE(16.),$);
#2833= IFCPROPERTYSINGLEVALUE('NutStandard',$,IFCIDENTIFIER('6915'),$);
#2834= IFCPROPERTYSET('1TAGFB6ODAefgpDQMVXC8X',#5,'AISC_EM11_Pset_Nut','NutIdentity',(#2832,#2833));
#2835= IFCPROPERTYSINGLEVALUE('WasherThickness',$,IFCPOSITIVELENGTHMEASURE(4.),$);
#2836= IFCPROPERTYSINGLEVALUE('WasherSize',$,IFCPOSITIVELENGTHMEASURE(16.),$);
#2837= IFCPROPERTYSINGLEVALUE('WasherStandard',$,IFCIDENTIFIER('6916'),$);
#2838= IFCPROPERTYSET('1Y9S3Gq7bEDQwsp9Y4ltws',#5,'AISC_EM11_Pset_Washer','WasherIdentity',(#2835,#2836,#2837,#762));
#2839= IFCLOCALPLACEMENT(#45,#2151);
#2840= IFCCARTESIANPOINT((-117.,0.,8.));
#2841= IFCCARTESIANPOINT((-117.,-8.48528137423818,8.));
#2842= IFCCARTESIANPOINT((-117.,-8.48528137423818,242.));
#2843= IFCCARTESIANPOINT((-117.,0.,242.));
#2844= IFCPOLYLOOP((#2840,#2841,#2842,#2843));
#2845= IFCFACEOUTERBOUND(#2844,.T.);
#2846= IFCFACE((#2845));
#2847= IFCCARTESIANPOINT((-108.514718625767,0.,16.4852813742386));
#2848= IFCCARTESIANPOINT((-108.514718625767,0.,233.514718625761));
#2849= IFCPOLYLOOP((#2841,#2847,#2848,#2842));
#2850= IFCFACEOUTERBOUND(#2849,.T.);
#2851= IFCFACE((#2850));
#2852= IFCPOLYLOOP((#2847,#2840,#2843,#2848));
#2853= IFCFACEOUTERBOUND(#2852,.T.);
#2854= IFCFACE((#2853));
#2855= IFCCARTESIANPOINT((117.,0.,8.));
#2856= IFCCARTESIANPOINT((117.,-8.48528137423818,8.));
#2857= IFCPOLYLOOP((#2855,#2856,#2841,#2840));
#2858= IFCFACEOUTERBOUND(#2857,.T.);
#2859= IFCFACE((#2858));
#2860= IFCCARTESIANPOINT((108.514718625767,0.,16.4852813742386));
#2861= IFCPOLYLOOP((#2856,#2860,#2847,#2841));
#2862= IFCFACEOUTERBOUND(#2861,.T.);
#2863= IFCFACE((#2862));
#2864= IFCPOLYLOOP((#2860,#2855,#2840,#2847));
#2865= IFCFACEOUTERBOUND(#2864,.T.);
#2866= IFCFACE((#2865));
#2867= IFCCARTESIANPOINT((117.,0.,242.));
#2868= IFCCARTESIANPOINT((117.,-8.48528137423818,242.));
#2869= IFCPOLYLOOP((#2867,#2868,#2856,#2855));
#2870= IFCFACEOUTERBOUND(#2869,.T.);
#2871= IFCFACE((#2870));
#2872= IFCCARTESIANPOINT((108.514718625767,0.,233.514718625761));
#2873= IFCPOLYLOOP((#2868,#2872,#2860,#2856));
#2874= IFCFACEOUTERBOUND(#2873,.T.);
#2875= IFCFACE((#2874));
#2876= IFCPOLYLOOP((#2872,#2867,#2855,#2860));
#2877= IFCFACEOUTERBOUND(#2876,.T.);
#2878= IFCFACE((#2877));
#2879= IFCPOLYLOOP((#2843,#2842,#2868,#2867));
#2880= IFCFACEOUTERBOUND(#2879,.T.);
#2881= IFCFACE((#2880));
#2882= IFCPOLYLOOP((#2842,#2848,#2872,#2868));
#2883= IFCFACEOUTERBOUND(#2882,.T.);
#2884= IFCFACE((#2883));
#2885= IFCPOLYLOOP((#2848,#2843,#2867,#2872));
#2886= IFCFACEOUTERBOUND(#2885,.T.);
#2887= IFCFACE((#2886));
#2888= IFCPOLYLOOP((#2848,#2843,#2842));
#2889= IFCFACEOUTERBOUND(#2888,.T.);
#2890= IFCFACE((#2889));
#2891= IFCPOLYLOOP((#2848,#2842,#2843));
#2892= IFCFACEOUTERBOUND(#2891,.T.);
#2893= IFCFACE((#2892));
#2894= IFCCLOSEDSHELL((#2159,#2164,#2167,#2170,#2173,#2176,#71,#2179,#1178,#2182,#2185,#2188,#2191,#2194,#2846,#2851,#2854,#2859,#2863,#2866,#2871,#2875,#2878,#2881,#2884,#2887,#2890,#2893));
#2895= IFCFACETEDBREP(#2894);
#2896= IFCSHAPEREPRESENTATION(#12,'Body','Brep',(#2895));
#2897= IFCCARTESIANPOINT((-117.,242.,0.));
#2898= IFCCARTESIANPOINT((117.,242.,0.));
#2899= IFCCARTESIANPOINT((117.,8.,0.));
#2900= IFCCARTESIANPOINT((-117.,8.,0.));
#2901= IFCPOLYLINE((#2897,#2898,#2899,#2900,#2897));
#2902= IFCSHAPEREPRESENTATION(#13,'Axis','GeometricCurveSet',(#2200,#2901));
#2903= IFCPRODUCTDEFINITIONSHAPE($,$,(#2896,#2902));
#2904= IFCFASTENER('0qHLFZYOD8E9AxsatDTByg',#2652,'Weld',$,$,#2839,#2903,'ID344553e3-8983-4838-92bb-da4dcd74bf2a');
#2905= IFCPROPERTYSINGLEVALUE('WeldID',$,IFCINTEGER(95749733),$);
#2906= IFCPROPERTYSET('3Vq4coA498Q9ujfbS9BhKp',#5,'AISC_EM11_Pset_Weld','WeldIdentity',(#88,#89,#90,#91,#2905,#93,#94,#95,#2205,#97,#1670,#99,#100,#101,#102,#103));
#2907= IFCCARTESIANPOINT((93500.,1353.38135910034,8408.));
#2908= IFCAXIS2PLACEMENT3D(#2907,#57,#8);
#2909= IFCLOCALPLACEMENT(#45,#2908);
#2910= IFCRECTANGLEPROFILEDEF(.AREA.,'PL16*500',#647,16.,500.);
#2911= IFCEXTRUDEDAREASOLID(#2910,#1880,#9,500.);
#2912= IFCSHAPEREPRESENTATION(#12,'Body','SweptSolid',(#2911));
#2913= IFCPRODUCTDEFINITIONSHAPE($,$,(#2912));
#2914= IFCDISCRETEACCESSORY('3tx$N4vtv358m4jZwEEWLB',#44,'Support section',$,$,#2909,#2913,'1007');
#2915= IFCLOCALPLACEMENT(#45,#2779);
#2916= IFCCARTESIANPOINT((0.,-0.1,0.));
#2917= IFCAXIS2PLACEMENT3D(#2916,#8,#7);
#2918= IFCEXTRUDEDAREASOLID(#1886,#2917,#9,16.2);
#2919= IFCSHAPEREPRESENTATION(#12,'Body','SweptSolid',(#2918));
#2920= IFCREPRESENTATIONMAP(#10,#2919);
#2921= IFCMAPPEDITEM(#2920,#2803);
#2922= IFCMAPPEDITEM(#2920,#2808);
#2923= IFCMAPPEDITEM(#2920,#2811);
#2924= IFCMAPPEDITEM(#2920,#2814);
#2925= IFCSHAPEREPRESENTATION(#12,'Body','MappedRepresentation',(#2921,#2922,#2923,#2924));
#2926= IFCPRODUCTDEFINITIONSHAPE($,$,(#2925));
#2927= IFCOPENINGELEMENT('0OQYXrfdf97h3dBBJxLChX',#5,$,$,'Opening',#2915,#2926,$);
#2928= IFCRELVOIDSELEMENT('0tC0f_cbHCRR2QOc0IS6N4',#5,'Drill Hole',$,#2914,#2927);
#2929= IFCPROPERTYSINGLEVALUE('PieceMark',$,IFCIDENTIFIER(''),$);
#2930= IFCPROPERTYSINGLEVALUE('IndicationMark',$,IFCIDENTIFIER('1007'),$);
#2931= IFCPROPERTYSET('3ejY1qDcr5BRexateHpu4o',#5,'AISC_EM11_Pset_PieceIdentification','PieceIdentity',(#2929,#2930,#1911,#1912));
#2932= IFCCARTESIANPOINT((93625.,1603.2892086136,13680.));
#2933= IFCAXIS2PLACEMENT3D(#2932,#9,#7);
#2934= IFCLOCALPLACEMENT(#45,#2933);
#2935= IFCCARTESIANPOINT((908.542416440876,0.,0.));
#2936= IFCAXIS2PLACEMENT3D(#2935,#57,#56);
#2937= IFCEXTRUDEDAREASOLID(#1921,#2936,#9,908.54);
#2938= IFCSHAPEREPRESENTATION(#12,'Body','SweptSolid',(#2937));
#2939= IFCPRODUCTDEFINITIONSHAPE($,$,(#2938));
#2940= IFCDISCRETEACCESSORY('3GuQKUQVv9TeeWB9dUlzn8',#44,'Support section',$,$,#2934,#2939,'b/841');
#2941= IFCPROPERTYSINGLEVALUE('IndicationMark',$,IFCIDENTIFIER('b/841'),$);
#2942= IFCPROPERTYSET('1AezXAnyz9MRypUCVo1oar',#5,'AISC_EM11_Pset_PieceIdentification','PieceIdentity',(#2027,#2941,#1911,#1912));
#2943= IFCCARTESIANPOINT((93625.,1603.38135910034,19130.));
#2944= IFCDIRECTION((0.999999994854557,-0.000101443999985328,0.));
#2945= IFCAXIS2PLACEMENT3D(#2943,#9,#2944);
#2946= IFCLOCALPLACEMENT(#45,#2945);
#2947= IFCSHAPEREPRESENTATION(#12,'Body','SweptSolid',(#2937));
#2948= IFCPRODUCTDEFINITIONSHAPE($,$,(#2947));
#2949= IFCDISCRETEACCESSORY('1x$erbCVv7M9FW_PBwBIfx',#44,'Support section',$,$,#2946,#2948,'b/841');
#2950= IFCCARTESIANPOINT((93497.4990462263,1087.23756027291,13675.));
#2951= IFCAXIS2PLACEMENT3D(#2950,#9,#2487);
#2952= IFCLOCALPLACEMENT(#45,#2951);
#2953= IFCPLANE(#2496);
#2954= IFCHALFSPACESOLID(#2953,.T.);
#2955= IFCBOOLEANCLIPPINGRESULT(.DIFFERENCE.,#2492,#2954);
#2956= IFCSHAPEREPRESENTATION(#12,'Body','Clipping',(#2955));
#2957= IFCPRODUCTDEFINITIONSHAPE($,$,(#2956));
#2958= IFCDISCRETEACCESSORY('3oRM_t8xb3k9kdtADycuK4',#44,'Support section',$,$,#2952,#2957,'b/146');
#2959= IFCLOCALPLACEMENT(#45,#2744);
#2960= IFCSHAPEREPRESENTATION(#12,'Body','MappedRepresentation',(#2509,#2510,#2511,#2512));
#2961= IFCPRODUCTDEFINITIONSHAPE($,$,(#2960));
#2962= IFCOPENINGELEMENT('1jC0vc_1TBI9TcMMF2tcdM',#5,$,$,'Opening',#2959,#2961,$);
#2963= IFCRELVOIDSELEMENT('2arJnY9cH40vj5nllf7qxu',#5,'Drill Hole',$,#2958,#2962);
#2964= IFCCARTESIANPOINT((94383.540887793,1609.03919571836,13680.));
#2965= IFCAXIS2PLACEMENT3D(#2964,#9,#8);
#2966= IFCLOCALPLACEMENT(#45,#2965);
#2967= IFCCARTESIANPOINT((625.249998761515,0.,0.));
#2968= IFCAXIS2PLACEMENT3D(#2967,#57,#56);
#2969= IFCEXTRUDEDAREASOLID(#1921,#2968,#9,625.25);
#2970= IFCPLANE(#1926);
#2971= IFCHALFSPACESOLID(#2970,.T.);
#2972= IFCBOOLEANCLIPPINGRESULT(.DIFFERENCE.,#2969,#2971);
#2973= IFCCARTESIANPOINT((1.81898940354586E-12,0.,1000.));
#2974= IFCAXIS2PLACEMENT3D(#2973,#57,#56);
#2975= IFCPLANE(#2974);
#2976= IFCHALFSPACESOLID(#2975,.F.);
#2977= IFCBOOLEANCLIPPINGRESULT(.DIFFERENCE.,#2972,#2976);
#2978= IFCSHAPEREPRESENTATION(#12,'Body','Clipping',(#2977));
#2979= IFCPRODUCTDEFINITIONSHAPE($,$,(#2978));
#2980= IFCDISCRETEACCESSORY('1FhZzl16v8TwO64XIh9oLw',#44,'Support section',$,$,#2966,#2979,'b/134');
#2981= IFCLOCALPLACEMENT(#45,#2965);
#2982= IFCDIRECTION((-0.707106781186567,9.17139203494293E-09,-0.707106781186528));
#2983= IFCCARTESIANPOINT((147.250000435119,33.3499980867433,-190.600000000007));
#2984= IFCAXIS2PLACEMENT3D(#2983,#56,#2982);
#2985= IFCEXTRUDEDAREASOLID(#1952,#2984,#9,66.7);
#2986= IFCSHAPEREPRESENTATION(#12,'Body','SweptSolid',(#2985));
#2987= IFCPRODUCTDEFINITIONSHAPE($,$,(#2986));
#2988= IFCOPENINGELEMENT('0HIUX0M7fBRRKrMoDM9sRm',#5,$,$,'Recess',#2981,#2987,$);
#2989= IFCRELVOIDSELEMENT('2MY6CUwn999PC_lBCQ1od$',#5,$,$,#2980,#2988);
#2990= IFCLOCALPLACEMENT(#45,#2965);
#2991= IFCDIRECTION((-0.707106781186547,9.17200452053873E-09,0.707106781186547));
#2992= IFCCARTESIANPOINT((10.7000004325804,33.3499998999847,-199.50000000001));
#2993= IFCAXIS2PLACEMENT3D(#2992,#56,#2991);
#2994= IFCEXTRUDEDAREASOLID(#1969,#2993,#9,66.7);
#2995= IFCSHAPEREPRESENTATION(#12,'Body','SweptSolid',(#2994));
#2996= IFCPRODUCTDEFINITIONSHAPE($,$,(#2995));
#2997= IFCOPENINGELEMENT('1hjkBWXDX5QBF475dnts63',#5,$,$,'Recess',#2990,#2996,$);
#2998= IFCRELVOIDSELEMENT('1CbPSxcbTF5xcIEXHeirNs',#5,$,$,#2980,#2997);
#2999= IFCLOCALPLACEMENT(#45,#2965);
#3000= IFCDIRECTION((0.707106781186538,-9.17139203494353E-09,-0.707106781186557));
#3001= IFCCARTESIANPOINT((138.850000435119,33.3499981958827,199.000000000004));
#3002= IFCAXIS2PLACEMENT3D(#3001,#56,#3000);
#3003= IFCEXTRUDEDAREASOLID(#1988,#3002,#9,66.7);
#3004= IFCSHAPEREPRESENTATION(#12,'Body','SweptSolid',(#3003));
#3005= IFCPRODUCTDEFINITIONSHAPE($,$,(#3004));
#3006= IFCOPENINGELEMENT('2RcSC4XL9C9vrSQ1VIdpyL',#5,$,$,'Recess',#2999,#3005,$);
#3007= IFCRELVOIDSELEMENT('0x0QG6giP1Ovcf2v8UYuBp',#5,$,$,#2980,#3006);
#3008= IFCLOCALPLACEMENT(#45,#2965);
#3009= IFCDIRECTION((0.707106781186547,-9.17200452053873E-09,0.707106781186547));
#3010= IFCCARTESIANPOINT((-0.499999567419604,33.3500000455038,188.300000000009));
#3011= IFCAXIS2PLACEMENT3D(#3010,#56,#3009);
#3012= IFCEXTRUDEDAREASOLID(#1969,#3011,#9,66.7);
#3013= IFCSHAPEREPRESENTATION(#12,'Body','SweptSolid',(#3012));
#3014= IFCPRODUCTDEFINITIONSHAPE($,$,(#3013));
#3015= IFCOPENINGELEMENT('1HaiYeYbXB9frKWYT3NYwN',#5,$,$,'Recess',#3008,#3014,$);
#3016= IFCRELVOIDSELEMENT('0jxe3yF_HAiQqhN2uhRUFf',#5,$,$,#2980,#3015);
#3017= IFCLOCALPLACEMENT(#45,#2965);
#3018= IFCCARTESIANPOINT((72.2499980281177,-152.000000938264,-208.4));
#3019= IFCAXIS2PLACEMENT3D(#3018,#8,#106);
#3020= IFCEXTRUDEDAREASOLID(#2007,#3019,#9,304.);
#3021= IFCSHAPEREPRESENTATION(#12,'Body','SweptSolid',(#3020));
#3022= IFCPRODUCTDEFINITIONSHAPE($,$,(#3021));
#3023= IFCOPENINGELEMENT('32xirN3CP5g8BQqCQyHEtU',#5,$,$,'Recess',#3017,#3022,$);
#3024= IFCRELVOIDSELEMENT('0e6L75T4X9KQ5XCG0_8WbQ',#5,$,$,#2980,#3023);
#3025= IFCLOCALPLACEMENT(#45,#2965);
#3026= IFCCARTESIANPOINT((72.2499980281177,-152.000000938264,208.4));
#3027= IFCAXIS2PLACEMENT3D(#3026,#8,#106);
#3028= IFCEXTRUDEDAREASOLID(#2007,#3027,#9,304.);
#3029= IFCSHAPEREPRESENTATION(#12,'Body','SweptSolid',(#3028));
#3030= IFCPRODUCTDEFINITIONSHAPE($,$,(#3029));
#3031= IFCOPENINGELEMENT('2sQQgEl$P5_PwiqLO$HjZN',#5,$,$,'Recess',#3025,#3030,$);
#3032= IFCRELVOIDSELEMENT('1WwLI7jYT0aepNHWYDQc7D',#5,$,$,#2980,#3031);
#3033= IFCCARTESIANPOINT((93500.,1603.38135910034,8400.));
#3034= IFCAXIS2PLACEMENT3D(#3033,#9,#8);
#3035= IFCLOCALPLACEMENT(#45,#3034);
#3036= IFCRECTANGLEHOLLOWPROFILEDEF(.AREA.,'[]250*8',#647,250.,250.,8.,8.,16.);
#3037= IFCCARTESIANPOINT((0.,0.,15250.));
#3038= IFCAXIS2PLACEMENT3D(#3037,#106,#8);
#3039= IFCEXTRUDEDAREASOLID(#3036,#3038,#9,15234.);
#3040= IFCCARTESIANPOINT((-125.,0.,16.));
#3041= IFCAXIS2PLACEMENT3D(#3040,#9,#8);
#3042= IFCPLANE(#3041);
#3043= IFCHALFSPACESOLID(#3042,.T.);
#3044= IFCBOOLEANCLIPPINGRESULT(.DIFFERENCE.,#3039,#3043);
#3045= IFCSHAPEREPRESENTATION(#12,'Body','Clipping',(#3044));
#3046= IFCPRODUCTDEFINITIONSHAPE($,$,(#3045));
#3047= IFCDISCRETEACCESSORY('2EnOX7vxzDAukbGWta3NE_',#44,'Support section',$,$,#3035,#3046,'c/5');
#3048= IFCPROPERTYSINGLEVALUE('PieceMark',$,IFCIDENTIFIER('COLUMN'),$);
#3049= IFCPROPERTYSINGLEVALUE('IndicationMark',$,IFCIDENTIFIER('c/5'),$);
#3050= IFCPROPERTYSET('2fc7yxHdTDWP6W5VtIJx5U',#5,'AISC_EM11_Pset_PieceIdentification','PieceIdentity',(#3048,#3049,#1911,#1912));
#3051= IFCRELAGGREGATES('2I0yzkiOz67g$zJWY7cGiq',#5,$,$,#37,(#39));
#3052= IFCRELAGGREGATES('2aIEF0_gFOPyHFboqPuY_6',#5,$,$,#39,(#41));
#3053= IFCRELAGGREGATES('1FmEOVQSr1pAToFIT8$rpk',#5,$,$,#41,(#43));
#3054= IFCRELAGGREGATES('3wh5rQGyj8VR$$N3oc3opJ',#5,$,$,#46,(#3047,#2980,#2958,#2949,#2940,#2914,#2904,#2826,#2772,#2764,#2749,#2723,#2707,#2579,#2502,#2469,#2449,#2441,#2434,#2391,#2365,#2266,#2203,#2133,#1939,#1884,#1872,#1859,#1801,#1668,#1573,#1485,#1398,#1306,#1075,#1064,#621,#526,#355,#136,#87));
#3055= IFCRELAGGREGATES('3Tl2XAteH6HQQxUeNxZBtQ',#5,$,$,#626,(#818,#748));
#3056= IFCRELAGGREGATES('070t_TbG9DWgBwHgpHx8RQ',#5,$,$,#1673,(#1722));
#3057= IFCRELAGGREGATES('0j7GoR2Hf3ghR7Qn0_pf0N',#5,$,$,#2031,(#2647,#2050,#2040));
#3058= IFCRELAGGREGATES('3KOrf6ixjCARsKM43XoF52',#5,$,$,#2055,(#2757,#2145,#2115));
#3059= IFCRELAGGREGATES('25HUZli5bCBfbhFVCUxzfR',#5,$,$,#2120,(#2127));
#3060= IFCRELAGGREGATES('0DWrjBsuv3C9rovn1kXprH',#5,$,$,#2520,(#2562));
#3061= IFCRELCONTAINEDINSPATIALSTRUCTURE('0JxXTEpf57yxxoEXEGmy5F',#5,$,$,(#2520,#2120,#2055,#2031,#1673,#626,#46),#43);
#3062= IFCRELCONNECTSWITHREALIZINGELEMENTS('07MLeiQrPAEvHpUZq9nGtH',#5,$,$,$,#3047,#2914,(#2904),$);
#3063= IFCRELCONNECTSWITHREALIZINGELEMENTS('1dW0PfAP91kR4VqdByEtMa',#5,$,$,$,#3047,#2772,(#2764),$);
#3064= IFCRELCONNECTSWITHREALIZINGELEMENTS('0BR$wg_Db6r8KM1BILP5iX',#5,$,$,$,#3047,#2723,(#2707),$);
#3065= IFCRELCONNECTSWITHREALIZINGELEMENTS('1TItxCYyf4w9Vm_2y5YBhd',#5,$,$,$,#3047,#2958,(#1075),$);
#3066= IFCRELCONNECTSWITHREALIZINGELEMENTS('0ZzlliI119xO9$ylYWX9sx',#5,$,$,$,#3047,#2502,(#1064),$);
#3067= IFCRELCONNECTSWITHREALIZINGELEMENTS('3vNAggCS95UBkFZGbW2RoP',#5,$,$,$,#2980,#2133,(#526),$);
#3068= IFCRELCONNECTSWITHREALIZINGELEMENTS('3PfUzbMLvAFwGVj3V91vOm',#5,$,$,$,#2949,#1939,(#1668,#1573,#1485,#1398),$);
#3069= IFCRELCONNECTSWITHREALIZINGELEMENTS('3gMxYGqWbBJPsCY242P4jg',#5,$,$,$,#2949,#3047,(#1306),$);
#3070= IFCRELCONNECTSWITHREALIZINGELEMENTS('01M3QbkKn6ix3eaKstHYfK',#5,$,$,$,#2940,#2980,(#621),$);
#3071= IFCRELCONNECTSWITHREALIZINGELEMENTS('2kwPjOg1P1x9mUBJg6$xJ8',#5,$,$,$,#2940,#3047,(#355),$);
#3072= IFCRELCONNECTSWITHREALIZINGELEMENTS('2qxle68DjEiOwMuEL1vlPp',#5,$,$,$,#2914,#3047,(#2203),$);
#3073= IFCRELCONNECTSWITHREALIZINGELEMENTS('0HEfm6yq52lBNzQOTaMiF1',#5,$,$,$,#2579,#2449,(#2441),$);
#3074= IFCRELCONNECTSWITHREALIZINGELEMENTS('1RQFSW5hTFkPyLNmgMYnGT',#5,$,$,$,#2579,#2391,(#2365),$);
#3075= IFCRELCONNECTSWITHREALIZINGELEMENTS('3pZJUbHEX8nPSFy5Lv$$es',#5,$,$,$,#1939,#1884,(#1872,#1859,#1801),$);
#3076= IFCRELDEFINESBYPROPERTIES('1EfhvHlvb3BO7SgKmYlBkL',#5,$,$,(#2520,#2120,#2055,#2031,#1673,#626,#46),#48);
#3077= IFCRELDEFINESBYPROPERTIES('1iXPlxHOfBEhezhIJzp5b5',#5,$,$,(#46),#50);
#3078= IFCRELDEFINESBYPROPERTIES('27ighirbX0dxP9C8g7CwJm',#5,$,$,(#46),#54);
#3079= IFCRELDEFINESBYPROPERTIES('3VaSHPNGn6Zgu8dm8qF5jn',#5,$,$,(#87),#104);
#3080= IFCRELDEFINESBYPROPERTIES('0_7pyrxvTEM8AKB4WvIbic',#5,$,$,(#136),#139);
#3081= IFCRELDEFINESBYPROPERTIES('3x0WIHCt13Mvt8aMFRVMiK',#5,$,$,(#355),#358);
#3082= IFCRELDEFINESBYPROPERTIES('1TJ_dUfj97HBPwFQG3cIqD',#5,$,$,(#526),#529);
#3083= IFCRELDEFINESBYPROPERTIES('2MKDr8AyT1AAFS5qHWeC75',#5,$,$,(#621),#624);
#3084= IFCRELDEFINESBYPROPERTIES('3gAELKbrD6pRue92rZSttT',#5,$,$,(#2520,#2120,#2055,#2031,#1673,#626),#628);
#3085= IFCRELDEFINESBYPROPERTIES('1wkqj1pRD1OvdXXNFF1GF9',#5,$,$,(#626),#630);
#3086= IFCRELDEFINESBYPROPERTIES('2PppTkPxfFUgUZpQ7X_1qS',#5,$,$,(#2127,#2040,#1722,#748),#755);
#3087= IFCRELDEFINESBYPROPERTIES('2mKSgB$uHFsfoHed3uQ9ME',#5,$,$,(#2757,#2647,#2145,#2127,#2115,#2050,#2040,#1722,#818,#748),#758);
#3088= IFCRELDEFINESBYPROPERTIES('0SxtdOt397QekE9VMgr77R',#5,$,$,(#2757,#2647,#2145,#2127,#2115,#2050,#2040,#1722,#818,#748),#763);
#3089= IFCRELDEFINESBYPROPERTIES('0jrTx93Qj9sP0U_cF6Dc1J',#5,$,$,(#2145,#2115,#2050,#818),#820);
#3090= IFCRELDEFINESBYPROPERTIES('0odcTsBZvEwRlOHMs1xv9M',#5,$,$,(#1064),#1067);
#3091= IFCRELDEFINESBYPROPERTIES('3vJTWFFhX4nOE45F86dr1W',#5,$,$,(#1075),#1077);
#3092= IFCRELDEFINESBYPROPERTIES('2n6AWidN53aww9W8Fu2tjH',#5,$,$,(#1306),#1308);
#3093= IFCRELDEFINESBYPROPERTIES('0f42WJHGvEJvpxAEvRca0g',#5,$,$,(#1398),#1400);
#3094= IFCRELDEFINESBYPROPERTIES('2nb7Z7uQL92hnGT69iFwNl',#5,$,$,(#1485),#1490);
#3095= IFCRELDEFINESBYPROPERTIES('3NTqGAnvr9bfej5a8lQvjz',#5,$,$,(#1573),#1578);
#3096= IFCRELDEFINESBYPROPERTIES('1jiAPaD$P0uxi88SHeTAzb',#5,$,$,(#1668),#1671);
#3097= IFCRELDEFINESBYPROPERTIES('3YfWtaOw9DKuFB7ZOEfXM3',#5,$,$,(#2120,#1673),#1675);
#3098= IFCRELDEFINESBYPROPERTIES('2OSzkgS3bElx03GIVFgzEx',#5,$,$,(#1801),#1804);
#3099= IFCRELDEFINESBYPROPERTIES('22TGmD$p149RoCZalscucf',#5,$,$,(#1859),#1865);
#3100= IFCRELDEFINESBYPROPERTIES('2ycEcpOHT16gr91Z4RzQN0',#5,$,$,(#1872),#1874);
#3101= IFCRELDEFINESBYPROPERTIES('3bLbLXtKDAI85FENot4yIE',#5,$,$,(#2962,#2927,#2776,#2738,#2593,#2515,#2482,#2453,#2405,#2137,#1902),#1908);
#3102= IFCRELDEFINESBYPROPERTIES('3J_oX$YFzAGRaw5AfxEGOg',#5,$,$,(#2133,#1884),#1913);
#3103= IFCRELDEFINESBYPROPERTIES('13W4Pc_4X14Ox1BR8UgwNG',#5,$,$,(#3047,#2980,#2958,#2949,#2940,#2914,#2772,#2723,#2579,#2502,#2469,#2449,#2391,#2133,#1939,#1884),#1916);
#3104= IFCRELDEFINESBYPROPERTIES('1khby_YN95QPyJFmuZD5nu',#5,$,$,(#3015,#3006,#2997,#2988,#2004,#1995,#1976,#1959),#1964);
#3105= IFCRELDEFINESBYPROPERTIES('0P0IT1ubT3Je76Afi0fhPP',#5,$,$,(#3031,#3023,#2025,#2014),#2018);
#3106= IFCRELDEFINESBYPROPERTIES('1XbMy8HwD6RhIRuW8khBhy',#5,$,$,(#2980,#1939),#2029);
#3107= IFCRELDEFINESBYPROPERTIES('0by6Je4h16MQszJVV_j6SX',#5,$,$,(#2031),#2033);
#3108= IFCRELDEFINESBYPROPERTIES('23x0G2e29Fju2QSq$G_yoQ',#5,$,$,(#2055),#2057);
#3109= IFCRELDEFINESBYPROPERTIES('3jZtZ6uXf6zBfcnTKLWzE4',#5,$,$,(#2203),#2206);
#3110= IFCRELDEFINESBYPROPERTIES('1zBR21QGnFExVCFSHjqvXP',#5,$,$,(#2749,#2434,#2266),#2269);
#3111= IFCRELDEFINESBYPROPERTIES('3gzUAdMXL8hPBMvED_0DXM',#5,$,$,(#2749,#2562,#2434,#2266),#2271);
#3112= IFCRELDEFINESBYPROPERTIES('2jiiUE7fv0iRO7BiIv42zl',#5,$,$,(#2749,#2562,#2434,#2266),#2273);
#3113= IFCRELDEFINESBYPROPERTIES('2Sr5HzBqz8lQAI6neaj$pv',#5,$,$,(#2365),#2368);
#3114= IFCRELDEFINESBYPROPERTIES('3U31RBQF941gF4nlWXsB7B',#5,$,$,(#2449,#2391),#2408);
#3115= IFCRELDEFINESBYPROPERTIES('13m7HMt5fCjOVsoYOmyT_I',#5,$,$,(#2441),#2443);
#3116= IFCRELDEFINESBYPROPERTIES('3MMtS$cYzDeOTKxpv7Ijx0',#5,$,$,(#2469),#2485);
#3117= IFCRELDEFINESBYPROPERTIES('331YVi8lf6zgf9axc$hgos',#5,$,$,(#2958,#2502),#2518);
#3118= IFCRELDEFINESBYPROPERTIES('1YEzvfnIX28eNWDGP3$yjG',#5,$,$,(#2520),#2522);
#3119= IFCRELDEFINESBYPROPERTIES('0ZyTpKa4r1vhc8B0BU0aev',#5,$,$,(#2562),#2564);
#3120= IFCRELDEFINESBYPROPERTIES('14TpELPyX9KRurXZBxiQnC',#5,$,$,(#2579),#2597);
#3121= IFCRELDEFINESBYPROPERTIES('3J8j_2xBHBxeOgMbl5XYMT',#5,$,$,(#2579),#2600);
#3122= IFCRELDEFINESBYPROPERTIES('0vHFoSlIL3MQSB$PON8sST',#5,$,$,(#2579),#2601);
#3123= IFCRELDEFINESBYPROPERTIES('27cvjvlBb0Xv9G8AWO_TsU',#5,$,$,(#2757,#2647),#2651);
#3124= IFCRELDEFINESBYPROPERTIES('2vlS8lnMn5exK_0t_L8mxL',#5,$,$,(#2707),#2713);
#3125= IFCRELDEFINESBYPROPERTIES('1v7TgpxR59euSip_3z2rpb',#5,$,$,(#2772,#2723),#2741);
#3126= IFCRELDEFINESBYPROPERTIES('08dCBLWFT52xd9HE56pAau',#5,$,$,(#2764),#2766);
#3127= IFCRELDEFINESBYPROPERTIES('3wh1Q6wfrAnQgGUwNF7dMj',#5,$,$,(#2826),#2831);
#3128= IFCRELDEFINESBYPROPERTIES('3lqKgLHqz2Z9HeQ42NnTQu',#5,$,$,(#2826),#2834);
#3129= IFCRELDEFINESBYPROPERTIES('0i6qXXUnP6Hwy_5ozTAJzz',#5,$,$,(#2826),#2838);
#3130= IFCRELDEFINESBYPROPERTIES('10bG3hfWfC4x1$zALANU_c',#5,$,$,(#2904),#2906);
#3131= IFCRELDEFINESBYPROPERTIES('3t4VLThT9AbgBNwkUmCTvW',#5,$,$,(#2914),#2931);
#3132= IFCRELDEFINESBYPROPERTIES('3sfojdjEP5rBkAZizJJiAF',#5,$,$,(#2949,#2940),#2942);
#3133= IFCRELDEFINESBYPROPERTIES('3oJFMMSTj4eAkuqOikqfEH',#5,$,$,(#3047),#3050);
#3134= IFCRELASSOCIATESMATERIAL('3$NlRWMDb3wRNKNGaMcWXa',#5,$,$,(#2826,#2757,#2749,#2647,#2562,#2434,#2266,#2145,#2127,#2115,#2050,#2040,#1722,#818,#748),#764);
#3135= IFCRELASSOCIATESMATERIAL('3R_whUTTz1UwOT91eQy_4e',#5,$,$,(#3047,#2980,#2958,#2949,#2940,#2914,#2772,#2723,#2579,#2502,#2469,#2449,#2391,#2133,#1939,#1884),#1917);
ENDSEC;

END-ISO-10303-21;
