ISO-10303-21;
HEADER;
FILE_DESCRIPTION(('ViewDefinition[AISC_Steel_Detailing]', 'Option [BaseQuantities:Off]', 'Option [GridExport:On]', 'Option [Assemblies:On]', 'Option [Bolts:On]', 'Option [Rebars:On]', 'Option [PourObjects:Off]', 'Option [Welds:On]', 'Option [SurfaceTreatments:On]', 'Option [LocationBy:0]', 'Option [ViewColors:Off]', 'Option [SectionedSpine:Off]', 'Option [PropertySets:On]', 'Option [Export all:Off]'),'2;1');
FILE_NAME('col02.ifc','2026-04-07T15:59:33',('PC\\gcorrea'),('Structural Designer'),'IFC Database version: Work','Tekla Structures 2020 Service Pack 5, IFC Export Version: 4.0.0.0 Dec  7 2020','');
FILE_SCHEMA(('IFC2X3'));
ENDSEC;

DATA;
#1= IFCPERSON('PC\\gcorrea','Undefined',$,$,$,$,$,$);
#2= IFCORGANIZATION($,'Trimble Solutions Corporation',$,$,$);
#3= IFCPERSONANDORGANIZATION(#1,#2,$);
#4= IFCAPPLICATION(#2,'2020 Service Pack 5','Tekla Structures','Multi material modeling');
#5= IFCOWNERHISTORY(#3,#4,$,.NOCHANGE.,$,$,$,1775595573);
#6= IFCCARTESIANPOINT((0.,0.,0.));
#7= IFCDIRECTION((1.,0.,0.));
#8= IFCDIRECTION((0.,1.,0.));
#9= IFCDIRECTION((0.,0.,1.));
#10= IFCAXIS2PLACEMENT3D(#6,#9,#7);
#11= IFCGEOMETRICREPRESENTATIONCONTEXT($,'Model',3,1.E-05,#10,$);
#12= IFCGEOMETRICREPRESENTATIONSUBCONTEXT('Body','Model',*,*,*,*,#11,$,.MODEL_VIEW.,$);
#13= IFCGEOMETRICREPRESENTATIONSUBCONTEXT('Axis','Model',*,*,*,*,#11,$,.GRAPH_VIEW.,$);
#14= IFCGEOMETRICREPRESENTATIONSUBCONTEXT('FootPrint','Model',*,*,*,*,#11,$,.MODEL_VIEW.,$);
#15= IFCSIUNIT(*,.LENGTHUNIT.,.MILLI.,.METRE.);
#16= IFCMEASUREWITHUNIT(IFCRATIOMEASURE(304.8),#15);
#17= IFCDIMENSIONALEXPONENTS(1,0,0,0,0,0,0);
#18= IFCCONVERSIONBASEDUNIT(#17,.LENGTHUNIT.,'FOOT',#16);
#19= IFCSIUNIT(*,.AREAUNIT.,$,.SQUARE_METRE.);
#20= IFCMEASUREWITHUNIT(IFCRATIOMEASURE(0.09290304),#19);
#21= IFCDIMENSIONALEXPONENTS(2,0,0,0,0,0,0);
#22= IFCCONVERSIONBASEDUNIT(#21,.AREAUNIT.,'SQUARE FOOT',#20);
#23= IFCSIUNIT(*,.VOLUMEUNIT.,$,.CUBIC_METRE.);
#24= IFCMEASUREWITHUNIT(IFCRATIOMEASURE(0.028316846592),#23);
#25= IFCDIMENSIONALEXPONENTS(3,0,0,0,0,0,0);
#26= IFCCONVERSIONBASEDUNIT(#25,.VOLUMEUNIT.,'CUBIC FOOT',#24);
#27= IFCSIUNIT(*,.MASSUNIT.,.KILO.,.GRAM.);
#28= IFCSIUNIT(*,.TIMEUNIT.,$,.SECOND.);
#29= IFCSIUNIT(*,.PLANEANGLEUNIT.,$,.RADIAN.);
#30= IFCMEASUREWITHUNIT(IFCRATIOMEASURE(0.0174532925199433),#29);
#31= IFCDIMENSIONALEXPONENTS(0,0,0,0,0,0,0);
#32= IFCCONVERSIONBASEDUNIT(#31,.PLANEANGLEUNIT.,'DEGREE',#30);
#33= IFCSIUNIT(*,.SOLIDANGLEUNIT.,$,.STERADIAN.);
#34= IFCSIUNIT(*,.THERMODYNAMICTEMPERATUREUNIT.,$,.DEGREE_CELSIUS.);
#35= IFCSIUNIT(*,.LUMINOUSINTENSITYUNIT.,$,.LUMEN.);
#36= IFCUNITASSIGNMENT((#15,#19,#23,#27,#28,#29,#33,#34,#35));
#37= IFCPROJECT('2G7ZFDNE16yBDU14FA92Me',#5,'Proyecto',$,$,$,$,(#11),#36);
#38= IFCLOCALPLACEMENT($,#10);
#39= IFCSITE('2xvEzEinjBTea80yOTcujY',#5,'Obra',$,$,#38,$,$,.ELEMENT.,$,$,$,$,$);
#40= IFCLOCALPLACEMENT(#38,#10);
#41= IFCBUILDING('02ogtQ3PLAle$wKDT$Wnce',#5,'Undefined',$,$,#40,$,$,.ELEMENT.,$,$,$);
#42= IFCLOCALPLACEMENT(#40,#10);
#43= IFCBUILDINGSTOREY('29hdEUCErFze9E_VIAceOd',#5,'Undefined',$,$,#42,$,$,.ELEMENT.,0.);
#44= IFCOWNERHISTORY(#3,#4,$,.NOCHANGE.,$,$,$,1773154800);
#45= IFCLOCALPLACEMENT(#42,#10);
#46= IFCELEMENTASSEMBLY('10SXg9vJT5VxIlLUBNqhze',#44,'BEAM',$,$,#45,$,'B/44',.NOTDEFINED.,.RIGID_FRAME.);
#47= IFCPROPERTYSINGLEVALUE('OnSiteBy',$,$,$);
#48= IFCPROPERTYSET('2R_nC8N8T75gEcNQ5TgpRh',#5,'AISC_EM11_Pset_SchedulingInformation',$,(#47));
#49= IFCPROPERTYSINGLEVALUE('DrawingNumber',$,IFCIDENTIFIER('[B.44]'),$);
#50= IFCPROPERTYSET('1ZIf_my7n8iPcg04oL9$ON',#5,'AISC_EM11_Pset_DrawingNumber',$,(#49));
#51= IFCPROPERTYSINGLEVALUE('AssemblyMark',$,IFCIDENTIFIER('B/44'),$);
#52= IFCPROPERTYSINGLEVALUE('PrelimMark',$,$,$);
#53= IFCPROPERTYSINGLEVALUE('ShippingMark',$,IFCINTEGER(0),$);
#54= IFCPROPERTYSET('3OYuGxBBrD68lSv3z9TW7N',#5,'AISC_EM11_Pset_AssemblyIdentification','AssemblyIdentity',(#51,#52,#53));
#55= IFCCARTESIANPOINT((8717.52495055561,17332.0931382296,13460.));
#56= IFCDIRECTION((0.000467666999835273,-0.999999890643783,0.));
#57= IFCDIRECTION((0.999999890643783,0.000467666999834884,0.));
#58= IFCAXIS2PLACEMENT3D(#55,#56,#57);
#59= IFCLOCALPLACEMENT(#45,#58);
#60= IFCCARTESIANPOINT((19.05255888327,0.));
#61= IFCCARTESIANPOINT((9.526279441635,16.5000000000023));
#62= IFCCARTESIANPOINT((-9.526279441635,16.5000000000023));
#63= IFCCARTESIANPOINT((-19.05255888327,0.));
#64= IFCCARTESIANPOINT((-9.526279441635,-16.5000000000023));
#65= IFCCARTESIANPOINT((9.526279441635,-16.5000000000023));
#66= IFCPOLYLINE((#60,#61,#62,#63,#64,#65,#60));
#67= IFCARBITRARYCLOSEDPROFILEDEF(.AREA.,$,#66);
#68= IFCCARTESIANPOINT((0.,-33.52,0.));
#69= IFCAXIS2PLACEMENT3D(#68,#8,#7);
#70= IFCEXTRUDEDAREASOLID(#67,#69,#9,14.52);
#71= IFCDIRECTION((1.,0.));
#72= IFCCARTESIANPOINT((0.,0.));
#73= IFCAXIS2PLACEMENT2D(#72,#71);
#74= IFCCIRCLEPROFILEDEF(.AREA.,$,#73,11.);
#75= IFCCARTESIANPOINT((0.,-19.,0.));
#76= IFCAXIS2PLACEMENT3D(#75,#8,#7);
#77= IFCEXTRUDEDAREASOLID(#74,#76,#9,75.);
#78= IFCCIRCLEPROFILEDEF(.AREA.,$,#73,20.);
#79= IFCCARTESIANPOINT((0.,21.,0.));
#80= IFCAXIS2PLACEMENT3D(#79,#8,#7);
#81= IFCEXTRUDEDAREASOLID(#78,#80,#9,8.);
#82= IFCCARTESIANPOINT((18.47520861408,0.));
#83= IFCCARTESIANPOINT((9.23760430704,16.0000000000023));
#84= IFCCARTESIANPOINT((-9.23760430704,16.0000000000023));
#85= IFCCARTESIANPOINT((-18.47520861408,0.));
#86= IFCCARTESIANPOINT((-9.23760430704,-16.0000000000023));
#87= IFCCARTESIANPOINT((9.23760430704,-16.0000000000023));
#88= IFCPOLYLINE((#82,#83,#84,#85,#86,#87,#82));
#89= IFCARBITRARYCLOSEDPROFILEDEF(.AREA.,$,#88);
#90= IFCCARTESIANPOINT((0.,29.,0.));
#91= IFCAXIS2PLACEMENT3D(#90,#8,#7);
#92= IFCEXTRUDEDAREASOLID(#89,#91,#9,18.);
#93= IFCCARTESIANPOINT((1.81898940354586E-12,0.,74.9999999997854));
#94= IFCCARTESIANTRANSFORMATIONOPERATOR3D($,$,#93,$,$);
#95= IFCSHAPEREPRESENTATION(#12,'Body','SweptSolid',(#70,#77,#81,#92));
#96= IFCREPRESENTATIONMAP(#10,#95);
#97= IFCMAPPEDITEM(#96,#94);
#98= IFCCARTESIANPOINT((75.0000000000582,0.,74.9999999997854));
#99= IFCCARTESIANTRANSFORMATIONOPERATOR3D($,$,#98,$,$);
#100= IFCMAPPEDITEM(#96,#99);
#101= IFCCARTESIANPOINT((150.000000000118,0.,74.9999999997854));
#102= IFCCARTESIANTRANSFORMATIONOPERATOR3D($,$,#101,$,$);
#103= IFCMAPPEDITEM(#96,#102);
#104= IFCCARTESIANPOINT((225.000000000176,0.,74.9999999997854));
#105= IFCCARTESIANTRANSFORMATIONOPERATOR3D($,$,#104,$,$);
#106= IFCMAPPEDITEM(#96,#105);
#107= IFCCARTESIANPOINT((300.000000000236,0.,74.9999999997854));
#108= IFCCARTESIANTRANSFORMATIONOPERATOR3D($,$,#107,$,$);
#109= IFCMAPPEDITEM(#96,#108);
#110= IFCCARTESIANPOINT((375.000000000295,0.,74.9999999997854));
#111= IFCCARTESIANTRANSFORMATIONOPERATOR3D($,$,#110,$,$);
#112= IFCMAPPEDITEM(#96,#111);
#113= IFCCARTESIANPOINT((450.000000000355,0.,74.9999999997854));
#114= IFCCARTESIANTRANSFORMATIONOPERATOR3D($,$,#113,$,$);
#115= IFCMAPPEDITEM(#96,#114);
#116= IFCCARTESIANPOINT((525.000000000413,0.,74.9999999997854));
#117= IFCCARTESIANTRANSFORMATIONOPERATOR3D($,$,#116,$,$);
#118= IFCMAPPEDITEM(#96,#117);
#119= IFCCARTESIANPOINT((600.000000000473,0.,74.9999999997854));
#120= IFCCARTESIANTRANSFORMATIONOPERATOR3D($,$,#119,$,$);
#121= IFCMAPPEDITEM(#96,#120);
#122= IFCCARTESIANPOINT((675.000000000531,0.,74.9999999997854));
#123= IFCCARTESIANTRANSFORMATIONOPERATOR3D($,$,#122,$,$);
#124= IFCMAPPEDITEM(#96,#123);
#125= IFCCARTESIANPOINT((0.,0.,-74.999999999789));
#126= IFCCARTESIANTRANSFORMATIONOPERATOR3D($,$,#125,$,$);
#127= IFCMAPPEDITEM(#96,#126);
#128= IFCCARTESIANPOINT((75.00000000006,0.,-74.9999999997854));
#129= IFCCARTESIANTRANSFORMATIONOPERATOR3D($,$,#128,$,$);
#130= IFCMAPPEDITEM(#96,#129);
#131= IFCCARTESIANPOINT((150.000000000118,0.,-74.999999999789));
#132= IFCCARTESIANTRANSFORMATIONOPERATOR3D($,$,#131,$,$);
#133= IFCMAPPEDITEM(#96,#132);
#134= IFCCARTESIANPOINT((225.000000000178,0.,-74.9999999997854));
#135= IFCCARTESIANTRANSFORMATIONOPERATOR3D($,$,#134,$,$);
#136= IFCMAPPEDITEM(#96,#135);
#137= IFCCARTESIANPOINT((300.000000000236,0.,-74.9999999997854));
#138= IFCCARTESIANTRANSFORMATIONOPERATOR3D($,$,#137,$,$);
#139= IFCMAPPEDITEM(#96,#138);
#140= IFCCARTESIANPOINT((375.000000000296,0.,-74.999999999789));
#141= IFCCARTESIANTRANSFORMATIONOPERATOR3D($,$,#140,$,$);
#142= IFCMAPPEDITEM(#96,#141);
#143= IFCCARTESIANPOINT((450.000000000355,0.,-74.9999999997854));
#144= IFCCARTESIANTRANSFORMATIONOPERATOR3D($,$,#143,$,$);
#145= IFCMAPPEDITEM(#96,#144);
#146= IFCCARTESIANPOINT((525.000000000415,0.,-74.9999999997854));
#147= IFCCARTESIANTRANSFORMATIONOPERATOR3D($,$,#146,$,$);
#148= IFCMAPPEDITEM(#96,#147);
#149= IFCCARTESIANPOINT((600.000000000473,0.,-74.999999999789));
#150= IFCCARTESIANTRANSFORMATIONOPERATOR3D($,$,#149,$,$);
#151= IFCMAPPEDITEM(#96,#150);
#152= IFCCARTESIANPOINT((675.000000000533,0.,-74.9999999997854));
#153= IFCCARTESIANTRANSFORMATIONOPERATOR3D($,$,#152,$,$);
#154= IFCMAPPEDITEM(#96,#153);
#155= IFCSHAPEREPRESENTATION(#12,'Body','MappedRepresentation',(#97,#100,#103,#106,#109,#112,#115,#118,#121,#124,#127,#130,#133,#136,#139,#142,#145,#148,#151,#154));
#156= IFCCARTESIANPOINT((0.,75.,0.));
#157= IFCPOLYLINE((#68,#156));
#158= IFCSHAPEREPRESENTATION(#12,'Axis','GeometricCurveSet',(#157));
#159= IFCREPRESENTATIONMAP(#10,#158);
#160= IFCMAPPEDITEM(#159,#94);
#161= IFCMAPPEDITEM(#159,#99);
#162= IFCMAPPEDITEM(#159,#102);
#163= IFCMAPPEDITEM(#159,#105);
#164= IFCMAPPEDITEM(#159,#108);
#165= IFCMAPPEDITEM(#159,#111);
#166= IFCMAPPEDITEM(#159,#114);
#167= IFCMAPPEDITEM(#159,#117);
#168= IFCMAPPEDITEM(#159,#120);
#169= IFCMAPPEDITEM(#159,#123);
#170= IFCMAPPEDITEM(#159,#126);
#171= IFCMAPPEDITEM(#159,#129);
#172= IFCMAPPEDITEM(#159,#132);
#173= IFCMAPPEDITEM(#159,#135);
#174= IFCMAPPEDITEM(#159,#138);
#175= IFCMAPPEDITEM(#159,#141);
#176= IFCMAPPEDITEM(#159,#144);
#177= IFCMAPPEDITEM(#159,#147);
#178= IFCMAPPEDITEM(#159,#150);
#179= IFCMAPPEDITEM(#159,#153);
#180= IFCSHAPEREPRESENTATION(#12,'Axis','MappedRepresentation',(#160,#161,#162,#163,#164,#165,#166,#167,#168,#169,#170,#171,#172,#173,#174,#175,#176,#177,#178,#179));
#181= IFCPRODUCTDEFINITIONSHAPE($,$,(#155,#180));
#182= IFCMECHANICALFASTENER('2q7YIVQUH899IXaTCysXur',#44,'Bolt assembly',$,$,#59,#181,'IDb41e249f-69e4-4824-94a1-91d33cda1e35',22.,75.);
#183= IFCPROPERTYSINGLEVALUE('BoltFieldAssembled',$,IFCBOOLEAN(.F.),$);
#184= IFCPROPERTYSINGLEVALUE('BoltGrade',$,IFCIDENTIFIER('5.6'),$);
#185= IFCPROPERTYSINGLEVALUE('BoltDiameter',$,IFCPOSITIVELENGTHMEASURE(22.),$);
#186= IFCPROPERTYSINGLEVALUE('BoltLength',$,IFCPOSITIVELENGTHMEASURE(75.),$);
#187= IFCPROPERTYSINGLEVALUE('BoltStandard',$,IFCIDENTIFIER('7990'),$);
#188= IFCPROPERTYSINGLEVALUE('BoltType',$,IFCIDENTIFIER('7990'),$);
#189= IFCPROPERTYSET('23Ub9sFonCGPW4my449OX7',#5,'AISC_EM11_Pset_Bolt','BoltIdentity',(#183,#184,#185,#186,#187,#188));
#190= IFCPROPERTYSINGLEVALUE('NutSize',$,IFCPOSITIVELENGTHMEASURE(22.),$);
#191= IFCPROPERTYSINGLEVALUE('NutStandard',$,IFCIDENTIFIER('555'),$);
#192= IFCPROPERTYSET('1NFL2VmGzEEhjXMDmysXHv',#5,'AISC_EM11_Pset_Nut','NutIdentity',(#190,#191));
#193= IFCPROPERTYSINGLEVALUE('WasherThickness',$,IFCPOSITIVELENGTHMEASURE(8.),$);
#194= IFCPROPERTYSINGLEVALUE('WasherSize',$,IFCPOSITIVELENGTHMEASURE(22.),$);
#195= IFCPROPERTYSINGLEVALUE('WasherStandard',$,IFCIDENTIFIER('7989'),$);
#196= IFCPROPERTYSINGLEVALUE('HeadSideWashers',$,IFCBOOLEAN(.F.),$);
#197= IFCPROPERTYSET('2hsuJY$8TERBZfT5qP8s04',#5,'AISC_EM11_Pset_Washer','WasherIdentity',(#193,#194,#195,#196));
#198= IFCMATERIAL('Undefined');
#199= IFCOWNERHISTORY(#3,#4,$,.NOCHANGE.,$,$,$,1774472400);
#200= IFCLOCALPLACEMENT(#42,#10);
#201= IFCELEMENTASSEMBLY('32Jr7XkML4rQmW9H$kRMxT',#199,'PLATE',$,$,#200,$,'A/49',.NOTDEFINED.,.RIGID_FRAME.);
#202= IFCPROPERTYSINGLEVALUE('DrawingNumber',$,IFCIDENTIFIER('[A.49]'),$);
#203= IFCPROPERTYSET('0nxJUhLoHBowmxfuQsVm06',#5,'AISC_EM11_Pset_DrawingNumber',$,(#202));
#204= IFCPROPERTYSINGLEVALUE('AssemblyMark',$,IFCIDENTIFIER('A/49'),$);
#205= IFCPROPERTYSET('3xlQ$VmFzDawDhFB94R0cd',#5,'AISC_EM11_Pset_AssemblyIdentification','AssemblyIdentity',(#204,#52,#53));
#206= IFCCARTESIANPOINT((7607.54303094852,17332.653927269,13460.));
#207= IFCAXIS2PLACEMENT3D(#206,#56,#57);
#208= IFCLOCALPLACEMENT(#200,#207);
#209= IFCSHAPEREPRESENTATION(#12,'Body','MappedRepresentation',(#97,#100,#103,#106,#109,#112,#115,#118,#121,#124,#127,#130,#133,#136,#139,#142,#145,#148,#151,#154));
#210= IFCSHAPEREPRESENTATION(#12,'Axis','MappedRepresentation',(#160,#161,#162,#163,#164,#165,#166,#167,#168,#169,#170,#171,#172,#173,#174,#175,#176,#177,#178,#179));
#211= IFCPRODUCTDEFINITIONSHAPE($,$,(#209,#210));
#212= IFCMECHANICALFASTENER('2608I6tjz9a9A5_qz5wsM4',#44,'Bolt assembly',$,$,#208,#211,'ID86008486-dedf-4990-9285-fb4f45eb6584',22.,75.);
#213= IFCOWNERHISTORY(#3,#4,$,.NOCHANGE.,$,$,$,1774900800);
#214= IFCLOCALPLACEMENT(#42,#10);
#215= IFCELEMENTASSEMBLY('3QQ15BzcPAtwbyduM$yOuY',#213,'COLUMN',$,$,#214,$,'C/17',.NOTDEFINED.,.RIGID_FRAME.);
#216= IFCPROPERTYSINGLEVALUE('DrawingNumber',$,IFCIDENTIFIER('[C.17]'),$);
#217= IFCPROPERTYSET('0G6V__3OTAxQ37Z33rRLzp',#5,'AISC_EM11_Pset_DrawingNumber',$,(#216));
#218= IFCPROPERTYSINGLEVALUE('AssemblyMark',$,IFCIDENTIFIER('C/17'),$);
#219= IFCPROPERTYSET('12lQkqd8fD5hqDgCGRYOCD',#5,'AISC_EM11_Pset_AssemblyIdentification','AssemblyIdentity',(#218,#52,#53));
#220= IFCLOCALPLACEMENT(#214,#10);
#221= IFCELEMENTASSEMBLY('1OgahcfTj6RvaIngu6t50e',#213,'PLATE',$,$,#220,$,'A/38',.NOTDEFINED.,.RIGID_FRAME.);
#222= IFCPROPERTYSINGLEVALUE('DrawingNumber',$,IFCIDENTIFIER(''),$);
#223= IFCPROPERTYSET('2jBGUA4Gf5EemAFdA8SwwD',#5,'AISC_EM11_Pset_DrawingNumber',$,(#222));
#224= IFCPROPERTYSINGLEVALUE('AssemblyMark',$,IFCIDENTIFIER('A/38'),$);
#225= IFCPROPERTYSET('3cyGPkEGPEr9gpVrzgxuL1',#5,'AISC_EM11_Pset_AssemblyIdentification','AssemblyIdentity',(#224,#52,#53));
#226= IFCCARTESIANPOINT((7567.77418954149,17457.8164548846,13450.5));
#227= IFCDIRECTION((0.,-1.,0.));
#228= IFCAXIS2PLACEMENT3D(#226,#9,#227);
#229= IFCLOCALPLACEMENT(#220,#228);
#230= IFCCARTESIANPOINT((250.,0.));
#231= IFCCARTESIANPOINT((305.070983886719,932.225830078125));
#232= IFCCARTESIANPOINT((251.030410766602,1864.71569824219));
#233= IFCCARTESIANPOINT((1.03041195869446,1864.71569824219));
#234= IFCCARTESIANPOINT((-49.8766784667969,932.2255859375));
#235= IFCPOLYLINE((#72,#230,#231,#232,#233,#234,#72));
#236= IFCARBITRARYCLOSEDPROFILEDEF(.AREA.,'PL19*358',#235);
#237= IFCCARTESIANPOINT((0.,0.,-9.5));
#238= IFCAXIS2PLACEMENT3D(#237,#9,#7);
#239= IFCEXTRUDEDAREASOLID(#236,#238,#9,19.);
#240= IFCSHAPEREPRESENTATION(#12,'Body','SweptSolid',(#239));
#241= IFCPRODUCTDEFINITIONSHAPE($,$,(#240));
#242= IFCPLATE('2mt73kL0v94QH5Xz9NWMms',#213,'main piece','PL19*358','PL19*358',#229,#241,'1052');
#243= IFCLOCALPLACEMENT(#220,#228);
#244= IFCCIRCLEPROFILEDEF(.AREA.,'\S\X315*20',#73,157.5);
#245= IFCDIRECTION((0.,0.,-1.));
#246= IFCCARTESIANPOINT((127.623323336633,932.225593867646,40.5));
#247= IFCAXIS2PLACEMENT3D(#246,#245,#227);
#248= IFCEXTRUDEDAREASOLID(#244,#247,#9,5534.);
#249= IFCCARTESIANPOINT((285.123323336633,932.225593867646,-5493.5));
#250= IFCAXIS2PLACEMENT3D(#249,#9,#227);
#251= IFCPLANE(#250);
#252= IFCHALFSPACESOLID(#251,.T.);
#253= IFCBOOLEANCLIPPINGRESULT(.DIFFERENCE.,#248,#252);
#254= IFCSHAPEREPRESENTATION(#12,'Body','Clipping',(#253));
#255= IFCPRODUCTDEFINITIONSHAPE($,$,(#254));
#256= IFCOPENINGELEMENT('1nJNJpR0r1O8OtEKefHbOK',#5,$,$,'Recess',#243,#255,$);
#257= IFCRELVOIDSELEMENT('0KMSxj23T9sQ5VSayBrU58',#5,$,$,#242,#256);
#258= IFCPROPERTYSINGLEVALUE('FeatureSubTypes',$,$,$);
#259= IFCPROPERTYSINGLEVALUE('RectangleOpeningWidth',$,$,$);
#260= IFCPROPERTYSINGLEVALUE('RectangleOpeningHeight',$,$,$);
#261= IFCPROPERTYSINGLEVALUE('OpeningDiameter',$,IFCPOSITIVELENGTHMEASURE(315.),$);
#262= IFCPROPERTYSET('1xpTd7E9vAwf3MctO_Z497',#5,'AISC_EM11_Pset_Opening/Cope',$,(#258,#259,#260,#261));
#263= IFCLOCALPLACEMENT(#220,#58);
#264= IFCCIRCLEPROFILEDEF(.AREA.,$,#73,12.);
#265= IFCCARTESIANPOINT((0.,-19.1,0.));
#266= IFCAXIS2PLACEMENT3D(#265,#8,#7);
#267= IFCEXTRUDEDAREASOLID(#264,#266,#9,19.2);
#268= IFCSHAPEREPRESENTATION(#12,'Body','SweptSolid',(#267));
#269= IFCREPRESENTATIONMAP(#10,#268);
#270= IFCMAPPEDITEM(#269,#94);
#271= IFCMAPPEDITEM(#269,#99);
#272= IFCMAPPEDITEM(#269,#102);
#273= IFCMAPPEDITEM(#269,#105);
#274= IFCMAPPEDITEM(#269,#108);
#275= IFCMAPPEDITEM(#269,#111);
#276= IFCMAPPEDITEM(#269,#114);
#277= IFCMAPPEDITEM(#269,#117);
#278= IFCMAPPEDITEM(#269,#120);
#279= IFCMAPPEDITEM(#269,#123);
#280= IFCMAPPEDITEM(#269,#126);
#281= IFCMAPPEDITEM(#269,#129);
#282= IFCMAPPEDITEM(#269,#132);
#283= IFCMAPPEDITEM(#269,#135);
#284= IFCMAPPEDITEM(#269,#138);
#285= IFCMAPPEDITEM(#269,#141);
#286= IFCMAPPEDITEM(#269,#144);
#287= IFCMAPPEDITEM(#269,#147);
#288= IFCMAPPEDITEM(#269,#150);
#289= IFCMAPPEDITEM(#269,#153);
#290= IFCSHAPEREPRESENTATION(#12,'Body','MappedRepresentation',(#270,#271,#272,#273,#274,#275,#276,#277,#278,#279,#280,#281,#282,#283,#284,#285,#286,#287,#288,#289));
#291= IFCPRODUCTDEFINITIONSHAPE($,$,(#290));
#292= IFCOPENINGELEMENT('0xnnDtOFH5pfKvrxtPQEWB',#5,$,$,'Opening',#263,#291,$);
#293= IFCRELVOIDSELEMENT('3bW70hQk55tB1HtOy0o70i',#5,'Drill Hole',$,#242,#292);
#294= IFCPROPERTYSINGLEVALUE('FeatureSubTypes',$,IFCLABEL('TORNILLO'),$);
#295= IFCPROPERTYSINGLEVALUE('OpeningDiameter',$,$,$);
#296= IFCPROPERTYSET('2vy8Ckg15Eqw0E_AilMlL4',#5,'AISC_EM11_Pset_Opening/Cope',$,(#294,#259,#260,#295));
#297= IFCLOCALPLACEMENT(#220,#207);
#298= IFCSHAPEREPRESENTATION(#12,'Body','MappedRepresentation',(#270,#271,#272,#273,#274,#275,#276,#277,#278,#279,#280,#281,#282,#283,#284,#285,#286,#287,#288,#289));
#299= IFCPRODUCTDEFINITIONSHAPE($,$,(#298));
#300= IFCOPENINGELEMENT('1cpxWufIn8vuZSMNX1qHzy',#5,$,$,'Opening',#297,#299,$);
#301= IFCRELVOIDSELEMENT('2lwSEIP1963h9B16zUkuUl',#5,'Drill Hole',$,#242,#300);
#302= IFCPROPERTYSINGLEVALUE('PieceMark',$,IFCIDENTIFIER('PLATE'),$);
#303= IFCPROPERTYSINGLEVALUE('IndicationMark',$,IFCIDENTIFIER('1052'),$);
#304= IFCPROPERTYSINGLEVALUE('PrelimMark',$,IFCIDENTIFIER(''),$);
#305= IFCPROPERTYSINGLEVALUE('MainPieceTag',$,IFCBOOLEAN(.T.),$);
#306= IFCPROPERTYSET('15H8HQzV18TfLDgWkWbjCc',#5,'AISC_EM11_Pset_PieceIdentification','PieceIdentity',(#302,#303,#304,#305));
#307= IFCPROPERTYSINGLEVALUE('MaterialType',$,IFCIDENTIFIER('STEEL'),$);
#308= IFCPROPERTYSINGLEVALUE('MaterialGrade',$,IFCIDENTIFIER('S235JR'),$);
#309= IFCPROPERTYSET('0rqakqRbP2lhx2YVYLzvB7',#5,'AISC_EM11_Pset_Material',$,(#307,#308));
#310= IFCMATERIAL('STEEL/S235JR');
#311= IFCCARTESIANPOINT((8672.48987553063,17330.2937279266,13900.));
#312= IFCAXIS2PLACEMENT3D(#311,#7,#245);
#313= IFCLOCALPLACEMENT(#45,#312);
#314= IFCCARTESIANPOINT((0.,-30.27,0.));
#315= IFCAXIS2PLACEMENT3D(#314,#8,#7);
#316= IFCEXTRUDEDAREASOLID(#67,#315,#9,14.52);
#317= IFCCARTESIANPOINT((0.,-15.75,0.));
#318= IFCAXIS2PLACEMENT3D(#317,#8,#7);
#319= IFCEXTRUDEDAREASOLID(#74,#318,#9,55.);
#320= IFCCARTESIANPOINT((0.,5.58848185127499,0.));
#321= IFCAXIS2PLACEMENT3D(#320,#8,#7);
#322= IFCEXTRUDEDAREASOLID(#78,#321,#9,8.);
#323= IFCCARTESIANPOINT((0.,13.588481851275,0.));
#324= IFCAXIS2PLACEMENT3D(#323,#8,#7);
#325= IFCEXTRUDEDAREASOLID(#89,#324,#9,18.);
#326= IFCCARTESIANPOINT((107.5,0.,45.));
#327= IFCCARTESIANTRANSFORMATIONOPERATOR3D($,$,#326,$,$);
#328= IFCSHAPEREPRESENTATION(#12,'Body','SweptSolid',(#316,#319,#322,#325));
#329= IFCREPRESENTATIONMAP(#10,#328);
#330= IFCMAPPEDITEM(#329,#327);
#331= IFCCARTESIANPOINT((182.5,0.,45.));
#332= IFCCARTESIANTRANSFORMATIONOPERATOR3D($,$,#331,$,$);
#333= IFCMAPPEDITEM(#329,#332);
#334= IFCCARTESIANPOINT((257.5,0.,45.));
#335= IFCCARTESIANTRANSFORMATIONOPERATOR3D($,$,#334,$,$);
#336= IFCMAPPEDITEM(#329,#335);
#337= IFCCARTESIANPOINT((332.5,0.,45.));
#338= IFCCARTESIANTRANSFORMATIONOPERATOR3D($,$,#337,$,$);
#339= IFCMAPPEDITEM(#329,#338);
#340= IFCSHAPEREPRESENTATION(#12,'Body','MappedRepresentation',(#330,#333,#336,#339));
#341= IFCCARTESIANPOINT((0.,55.,0.));
#342= IFCPOLYLINE((#314,#341));
#343= IFCSHAPEREPRESENTATION(#12,'Axis','GeometricCurveSet',(#342));
#344= IFCREPRESENTATIONMAP(#10,#343);
#345= IFCMAPPEDITEM(#344,#327);
#346= IFCMAPPEDITEM(#344,#332);
#347= IFCMAPPEDITEM(#344,#335);
#348= IFCMAPPEDITEM(#344,#338);
#349= IFCSHAPEREPRESENTATION(#12,'Axis','MappedRepresentation',(#345,#346,#347,#348));
#350= IFCPRODUCTDEFINITIONSHAPE($,$,(#340,#349));
#351= IFCMECHANICALFASTENER('36rbbEImX7WezOcnXeo$wi',#44,'Bolt assembly',$,$,#313,#350,'IDc6d6594e-4b08-4782-8f58-9b1868cbfeac',22.,55.);
#352= IFCPROPERTYSINGLEVALUE('BoltLength',$,IFCPOSITIVELENGTHMEASURE(55.),$);
#353= IFCPROPERTYSINGLEVALUE('BoltStandard',$,IFCIDENTIFIER('7968'),$);
#354= IFCPROPERTYSINGLEVALUE('BoltType',$,IFCIDENTIFIER('7968'),$);
#355= IFCPROPERTYSET('1m0PvqtXP7ieB7f4zgqare',#5,'AISC_EM11_Pset_Bolt','BoltIdentity',(#183,#184,#185,#352,#353,#354));
#356= IFCCARTESIANPOINT((8652.49,17324.544,13680.));
#357= IFCAXIS2PLACEMENT3D(#356,#7,#245);
#358= IFCLOCALPLACEMENT(#214,#357);
#359= IFCCARTESIANPOINT((-157.5,0.,6.74808341454991));
#360= IFCCARTESIANPOINT((-157.5,0.,0.));
#361= IFCCARTESIANPOINT((157.5,0.,0.));
#362= IFCCARTESIANPOINT((157.5,0.,6.74808341454991));
#363= IFCPOLYLOOP((#359,#360,#361,#362));
#364= IFCFACEOUTERBOUND(#363,.T.);
#365= IFCFACE((#364));
#366= IFCCARTESIANPOINT((-157.5,6.71558954846842,0.661427838998861));
#367= IFCCARTESIANPOINT((157.5,6.71558954846842,0.661427838998861));
#368= IFCPOLYLOOP((#360,#366,#367,#361));
#369= IFCFACEOUTERBOUND(#368,.T.);
#370= IFCFACE((#369));
#371= IFCPOLYLOOP((#366,#359,#362,#367));
#372= IFCFACEOUTERBOUND(#371,.T.);
#373= IFCFACE((#372));
#374= IFCPOLYLOOP((#367,#362,#361));
#375= IFCFACEOUTERBOUND(#374,.T.);
#376= IFCFACE((#375));
#377= IFCPOLYLOOP((#366,#360,#359));
#378= IFCFACEOUTERBOUND(#377,.T.);
#379= IFCFACE((#378));
#380= IFCCARTESIANPOINT((157.5,-10.,7.44536271002289));
#381= IFCCARTESIANPOINT((157.5,-10.,0.));
#382= IFCCARTESIANPOINT((-157.5,-10.,0.));
#383= IFCCARTESIANPOINT((-157.5,-10.,7.44536271002289));
#384= IFCPOLYLOOP((#380,#381,#382,#383));
#385= IFCFACEOUTERBOUND(#384,.T.);
#386= IFCFACE((#385));
#387= IFCCARTESIANPOINT((157.5,-17.4095112535506,-0.729773161552657));
#388= IFCCARTESIANPOINT((-157.5,-17.4095112535506,-0.729773161552657));
#389= IFCPOLYLOOP((#381,#387,#388,#382));
#390= IFCFACEOUTERBOUND(#389,.T.);
#391= IFCFACE((#390));
#392= IFCPOLYLOOP((#387,#380,#383,#388));
#393= IFCFACEOUTERBOUND(#392,.T.);
#394= IFCFACE((#393));
#395= IFCPOLYLOOP((#388,#383,#382));
#396= IFCFACEOUTERBOUND(#395,.T.);
#397= IFCFACE((#396));
#398= IFCPOLYLOOP((#387,#381,#380));
#399= IFCFACEOUTERBOUND(#398,.T.);
#400= IFCFACE((#399));
#401= IFCCLOSEDSHELL((#365,#370,#373,#376,#379,#386,#391,#394,#397,#400));
#402= IFCFACETEDBREP(#401);
#403= IFCSHAPEREPRESENTATION(#12,'Body','Brep',(#402));
#404= IFCPOLYLINE((#360,#361));
#405= IFCCARTESIANPOINT((157.5,0.,10.));
#406= IFCCARTESIANPOINT((-157.5,0.,10.));
#407= IFCPOLYLINE((#405,#406));
#408= IFCSHAPEREPRESENTATION(#13,'Axis','GeometricCurveSet',(#404,#407));
#409= IFCPRODUCTDEFINITIONSHAPE($,$,(#403,#408));
#410= IFCFASTENER('1ie_n_zB9AyeW0Sr8kbhmH',#44,'Weld',$,$,#358,#409,'ID6ca3ec7e-f4b2-4af2-8800-73522e96bc11');
#411= IFCPROPERTYSINGLEVALUE('FieldWeld',$,IFCBOOLEAN(.F.),$);
#412= IFCPROPERTYSINGLEVALUE('WeldDescription',$,$,$);
#413= IFCPROPERTYSINGLEVALUE('WeldCategory',$,IFCLABEL('Ninguno'),$);
#414= IFCPROPERTYSINGLEVALUE('WPSCode',$,IFCIDENTIFIER('Ninguno'),$);
#415= IFCPROPERTYSINGLEVALUE('WeldID',$,IFCINTEGER(92448863),$);
#416= IFCPROPERTYSINGLEVALUE('z',$,IFCPOSITIVELENGTHMEASURE(5.),$);
#417= IFCPROPERTYSINGLEVALUE('s',$,IFCPOSITIVELENGTHMEASURE(0.),$);
#418= IFCPROPERTYSINGLEVALUE('n',$,$,$);
#419= IFCPROPERTYSINGLEVALUE('l',$,IFCPOSITIVELENGTHMEASURE(315.),$);
#420= IFCPROPERTYSINGLEVALUE('e',$,IFCPOSITIVELENGTHMEASURE(0.),$);
#421= IFCPROPERTYSINGLEVALUE('d',$,IFCPOSITIVELENGTHMEASURE(5.),$);
#422= IFCPROPERTYSINGLEVALUE('c',$,IFCPOSITIVELENGTHMEASURE(5.),$);
#423= IFCPROPERTYSINGLEVALUE('a',$,IFCPOSITIVELENGTHMEASURE(0.),$);
#424= IFCPROPERTYSINGLEVALUE('Staggered',$,IFCBOOLEAN(.F.),$);
#425= IFCPROPERTYSINGLEVALUE('Intermittent',$,IFCBOOLEAN(.F.),$);
#426= IFCPROPERTYSINGLEVALUE('WeldType1',$,IFCLABEL('SOLDADURA'),$);
#427= IFCPROPERTYSET('0zaemsfwz4cRrq$BcbAaHz',#5,'AISC_EM11_Pset_Weld','WeldIdentity',(#411,#412,#413,#414,#415,#416,#417,#418,#419,#420,#421,#422,#423,#424,#425,#426));
#428= IFCCARTESIANPOINT((8707.48987553063,17319.5437279266,13522.5));
#429= IFCDIRECTION((-1.,0.,0.));
#430= IFCAXIS2PLACEMENT3D(#428,#9,#429);
#431= IFCLOCALPLACEMENT(#214,#430);
#432= IFCRECTANGLEPROFILEDEF(.AREA.,'PL10*110',#73,10.,110.);
#433= IFCCARTESIANPOINT((0.,0.,315.));
#434= IFCAXIS2PLACEMENT3D(#433,#245,#8);
#435= IFCEXTRUDEDAREASOLID(#432,#434,#9,315.);
#436= IFCSHAPEREPRESENTATION(#12,'Body','SweptSolid',(#435));
#437= IFCPRODUCTDEFINITIONSHAPE($,$,(#436));
#438= IFCDISCRETEACCESSORY('2zjjXs1IzCLAUoN5UJt0ZY',#44,'Support section',$,$,#431,#437,'1053');
#439= IFCLOCALPLACEMENT(#214,#312);
#440= IFCCIRCLEPROFILEDEF(.AREA.,$,#73,12.5);
#441= IFCCARTESIANPOINT((0.,-15.85,0.));
#442= IFCAXIS2PLACEMENT3D(#441,#8,#7);
#443= IFCEXTRUDEDAREASOLID(#440,#442,#9,10.2);
#444= IFCSHAPEREPRESENTATION(#12,'Body','SweptSolid',(#443));
#445= IFCREPRESENTATIONMAP(#10,#444);
#446= IFCMAPPEDITEM(#445,#327);
#447= IFCMAPPEDITEM(#445,#332);
#448= IFCMAPPEDITEM(#445,#335);
#449= IFCMAPPEDITEM(#445,#338);
#450= IFCSHAPEREPRESENTATION(#12,'Body','MappedRepresentation',(#446,#447,#448,#449));
#451= IFCPRODUCTDEFINITIONSHAPE($,$,(#450));
#452= IFCOPENINGELEMENT('2C8gXvxKn4Cx1tJfOEJNlX',#5,$,$,'Opening',#439,#451,$);
#453= IFCRELVOIDSELEMENT('2s2cqdlqvFAP3MhBoK_s0t',#5,'Drill Hole',$,#438,#452);
#454= IFCPROPERTYSINGLEVALUE('PieceMark',$,IFCIDENTIFIER('PLACA'),$);
#455= IFCPROPERTYSINGLEVALUE('IndicationMark',$,IFCIDENTIFIER('1053'),$);
#456= IFCPROPERTYSINGLEVALUE('MainPieceTag',$,IFCBOOLEAN(.F.),$);
#457= IFCPROPERTYSET('2mXq1fkq1409_LmYkMKCGC',#5,'AISC_EM11_Pset_PieceIdentification','PieceIdentity',(#454,#455,#304,#456));
#458= IFCCARTESIANPOINT((8327.50788210658,17330.3041467127,13900.));
#459= IFCAXIS2PLACEMENT3D(#458,#429,#245);
#460= IFCLOCALPLACEMENT(#200,#459);
#461= IFCCARTESIANPOINT((0.,-20.0989126418205,0.));
#462= IFCAXIS2PLACEMENT3D(#461,#8,#7);
#463= IFCEXTRUDEDAREASOLID(#67,#462,#9,14.52);
#464= IFCCARTESIANPOINT((0.,-5.57891264182049,0.));
#465= IFCAXIS2PLACEMENT3D(#464,#8,#7);
#466= IFCEXTRUDEDAREASOLID(#74,#465,#9,55.);
#467= IFCCARTESIANPOINT((0.,15.7500026473317,0.));
#468= IFCAXIS2PLACEMENT3D(#467,#8,#7);
#469= IFCEXTRUDEDAREASOLID(#78,#468,#9,8.);
#470= IFCCARTESIANPOINT((0.,23.7500026473317,0.));
#471= IFCAXIS2PLACEMENT3D(#470,#8,#7);
#472= IFCEXTRUDEDAREASOLID(#89,#471,#9,18.);
#473= IFCSHAPEREPRESENTATION(#12,'Body','SweptSolid',(#463,#466,#469,#472));
#474= IFCREPRESENTATIONMAP(#10,#473);
#475= IFCMAPPEDITEM(#474,#327);
#476= IFCMAPPEDITEM(#474,#332);
#477= IFCMAPPEDITEM(#474,#335);
#478= IFCMAPPEDITEM(#474,#338);
#479= IFCSHAPEREPRESENTATION(#12,'Body','MappedRepresentation',(#475,#476,#477,#478));
#480= IFCPOLYLINE((#461,#341));
#481= IFCSHAPEREPRESENTATION(#12,'Axis','GeometricCurveSet',(#480));
#482= IFCREPRESENTATIONMAP(#10,#481);
#483= IFCMAPPEDITEM(#482,#327);
#484= IFCMAPPEDITEM(#482,#332);
#485= IFCMAPPEDITEM(#482,#335);
#486= IFCMAPPEDITEM(#482,#338);
#487= IFCSHAPEREPRESENTATION(#12,'Axis','MappedRepresentation',(#483,#484,#485,#486));
#488= IFCPRODUCTDEFINITIONSHAPE($,$,(#479,#487));
#489= IFCMECHANICALFASTENER('14acpF5RjAaw4mG2JvKZHN',#44,'Bolt assembly',$,$,#460,#488,'ID44926ccf-15bb-4a93-a130-4024f9523457',22.,55.);
#490= IFCCARTESIANPOINT((8347.513,17314.554,13680.));
#491= IFCAXIS2PLACEMENT3D(#490,#429,#245);
#492= IFCLOCALPLACEMENT(#214,#491);
#493= IFCCARTESIANPOINT((-157.5,0.,7.44536271002289));
#494= IFCCARTESIANPOINT((157.5,0.,7.44536271002289));
#495= IFCPOLYLOOP((#493,#360,#361,#494));
#496= IFCFACEOUTERBOUND(#495,.T.);
#497= IFCFACE((#496));
#498= IFCCARTESIANPOINT((-157.5,7.40951125355059,-0.729773161552657));
#499= IFCCARTESIANPOINT((157.5,7.40951125355059,-0.729773161552657));
#500= IFCPOLYLOOP((#360,#498,#499,#361));
#501= IFCFACEOUTERBOUND(#500,.T.);
#502= IFCFACE((#501));
#503= IFCPOLYLOOP((#498,#493,#494,#499));
#504= IFCFACEOUTERBOUND(#503,.T.);
#505= IFCFACE((#504));
#506= IFCPOLYLOOP((#499,#494,#361));
#507= IFCFACEOUTERBOUND(#506,.T.);
#508= IFCFACE((#507));
#509= IFCPOLYLOOP((#498,#360,#493));
#510= IFCFACEOUTERBOUND(#509,.T.);
#511= IFCFACE((#510));
#512= IFCCARTESIANPOINT((157.5,-10.,6.74808341454991));
#513= IFCCARTESIANPOINT((-157.5,-10.,6.74808341454991));
#514= IFCPOLYLOOP((#512,#381,#382,#513));
#515= IFCFACEOUTERBOUND(#514,.T.);
#516= IFCFACE((#515));
#517= IFCCARTESIANPOINT((157.5,-16.7155895484684,0.661427838998861));
#518= IFCCARTESIANPOINT((-157.5,-16.7155895484684,0.661427838998861));
#519= IFCPOLYLOOP((#381,#517,#518,#382));
#520= IFCFACEOUTERBOUND(#519,.T.);
#521= IFCFACE((#520));
#522= IFCPOLYLOOP((#517,#512,#513,#518));
#523= IFCFACEOUTERBOUND(#522,.T.);
#524= IFCFACE((#523));
#525= IFCPOLYLOOP((#518,#513,#382));
#526= IFCFACEOUTERBOUND(#525,.T.);
#527= IFCFACE((#526));
#528= IFCPOLYLOOP((#517,#381,#512));
#529= IFCFACEOUTERBOUND(#528,.T.);
#530= IFCFACE((#529));
#531= IFCCLOSEDSHELL((#497,#502,#505,#508,#511,#516,#521,#524,#527,#530));
#532= IFCFACETEDBREP(#531);
#533= IFCSHAPEREPRESENTATION(#12,'Body','Brep',(#532));
#534= IFCSHAPEREPRESENTATION(#13,'Axis','GeometricCurveSet',(#404,#407));
#535= IFCPRODUCTDEFINITIONSHAPE($,$,(#533,#534));
#536= IFCFASTENER('3TuYRFPofAK8Pd_X22QJQJ',#44,'Weld',$,$,#492,#535,'IDdde226cf-672a-4a50-8667-fa1082693693');
#537= IFCPROPERTYSINGLEVALUE('WeldID',$,IFCINTEGER(92448508),$);
#538= IFCPROPERTYSET('1_4bnvPOT36veUzrnucMMc',#5,'AISC_EM11_Pset_Weld','WeldIdentity',(#411,#412,#413,#414,#537,#416,#417,#418,#419,#420,#421,#422,#423,#424,#425,#426));
#539= IFCCARTESIANPOINT((8292.51339975162,17319.5541440653,13522.5));
#540= IFCAXIS2PLACEMENT3D(#539,#9,#7);
#541= IFCLOCALPLACEMENT(#214,#540);
#542= IFCSHAPEREPRESENTATION(#12,'Body','SweptSolid',(#435));
#543= IFCPRODUCTDEFINITIONSHAPE($,$,(#542));
#544= IFCDISCRETEACCESSORY('1T9GJtCmj6U9am7al1j48w',#44,'Support section',$,$,#541,#543,'1053');
#545= IFCLOCALPLACEMENT(#214,#459);
#546= IFCCARTESIANPOINT((0.,5.65000264733171,0.));
#547= IFCAXIS2PLACEMENT3D(#546,#8,#7);
#548= IFCEXTRUDEDAREASOLID(#440,#547,#9,10.2);
#549= IFCSHAPEREPRESENTATION(#12,'Body','SweptSolid',(#548));
#550= IFCREPRESENTATIONMAP(#10,#549);
#551= IFCMAPPEDITEM(#550,#327);
#552= IFCMAPPEDITEM(#550,#332);
#553= IFCMAPPEDITEM(#550,#335);
#554= IFCMAPPEDITEM(#550,#338);
#555= IFCSHAPEREPRESENTATION(#12,'Body','MappedRepresentation',(#551,#552,#553,#554));
#556= IFCPRODUCTDEFINITIONSHAPE($,$,(#555));
#557= IFCOPENINGELEMENT('3IQ93Ci8z90wLb_m3ez3sS',#5,$,$,'Opening',#545,#556,$);
#558= IFCRELVOIDSELEMENT('2d1MXJJ$1BsQRIdBLgie2q',#5,'Drill Hole',$,#544,#557);
#559= IFCOWNERHISTORY(#3,#4,$,.NOCHANGE.,$,$,$,1772118000);
#560= IFCOWNERHISTORY(#3,#4,$,.NOCHANGE.,$,$,$,1773262800);
#561= IFCLOCALPLACEMENT(#42,#10);
#562= IFCELEMENTASSEMBLY('21G71NMuj2PhCgaxZ3sJZC',#560,'BEAM',$,$,#561,$,'B/179',.NOTDEFINED.,.RIGID_FRAME.);
#563= IFCPROPERTYSINGLEVALUE('DrawingNumber',$,IFCIDENTIFIER('[B.179]'),$);
#564= IFCPROPERTYSET('2Y4nF3mvbFR97cBnD1WVVX',#5,'AISC_EM11_Pset_DrawingNumber',$,(#563));
#565= IFCPROPERTYSINGLEVALUE('AssemblyMark',$,IFCIDENTIFIER('B/179'),$);
#566= IFCPROPERTYSET('1HBieACIb5f9DCW8fKk_6y',#5,'AISC_EM11_Pset_AssemblyIdentification','AssemblyIdentity',(#565,#52,#53));
#567= IFCCARTESIANPOINT((8499.99978340913,17492.5316133993,13900.));
#568= IFCAXIS2PLACEMENT3D(#567,#8,#245);
#569= IFCLOCALPLACEMENT(#561,#568);
#570= IFCCARTESIANPOINT((13.85640646056,0.));
#571= IFCCARTESIANPOINT((6.92820323028,12.0000000000017));
#572= IFCCARTESIANPOINT((-6.92820323028,12.0000000000017));
#573= IFCCARTESIANPOINT((-13.85640646056,0.));
#574= IFCCARTESIANPOINT((-6.92820323028,-12.0000000000017));
#575= IFCCARTESIANPOINT((6.92820323028,-12.0000000000017));
#576= IFCPOLYLINE((#570,#571,#572,#573,#574,#575,#570));
#577= IFCARBITRARYCLOSEDPROFILEDEF(.AREA.,$,#576);
#578= IFCCARTESIANPOINT((0.,-13.6599999044998,0.));
#579= IFCAXIS2PLACEMENT3D(#578,#8,#7);
#580= IFCEXTRUDEDAREASOLID(#577,#579,#9,10.56);
#581= IFCCIRCLEPROFILEDEF(.AREA.,$,#73,8.);
#582= IFCCARTESIANPOINT((0.,-3.09999990449978,0.));
#583= IFCAXIS2PLACEMENT3D(#582,#8,#7);
#584= IFCEXTRUDEDAREASOLID(#581,#583,#9,40.);
#585= IFCCIRCLEPROFILEDEF(.AREA.,$,#73,15.);
#586= IFCCARTESIANPOINT((0.,9.09999990449978,0.));
#587= IFCAXIS2PLACEMENT3D(#586,#8,#7);
#588= IFCEXTRUDEDAREASOLID(#585,#587,#9,8.);
#589= IFCCARTESIANPOINT((0.,17.0999999044998,0.));
#590= IFCAXIS2PLACEMENT3D(#589,#8,#7);
#591= IFCEXTRUDEDAREASOLID(#577,#590,#9,13.);
#592= IFCCARTESIANPOINT((60.,0.,50.));
#593= IFCCARTESIANTRANSFORMATIONOPERATOR3D($,$,#592,$,$);
#594= IFCSHAPEREPRESENTATION(#12,'Body','SweptSolid',(#580,#584,#588,#591));
#595= IFCREPRESENTATIONMAP(#10,#594);
#596= IFCMAPPEDITEM(#595,#593);
#597= IFCCARTESIANPOINT((120.,0.,50.));
#598= IFCCARTESIANTRANSFORMATIONOPERATOR3D($,$,#597,$,$);
#599= IFCMAPPEDITEM(#595,#598);
#600= IFCCARTESIANPOINT((180.,0.,50.));
#601= IFCCARTESIANTRANSFORMATIONOPERATOR3D($,$,#600,$,$);
#602= IFCMAPPEDITEM(#595,#601);
#603= IFCSHAPEREPRESENTATION(#12,'Body','MappedRepresentation',(#596,#599,#602));
#604= IFCCARTESIANPOINT((0.,40.,0.));
#605= IFCPOLYLINE((#578,#604));
#606= IFCSHAPEREPRESENTATION(#12,'Axis','GeometricCurveSet',(#605));
#607= IFCREPRESENTATIONMAP(#10,#606);
#608= IFCMAPPEDITEM(#607,#593);
#609= IFCMAPPEDITEM(#607,#598);
#610= IFCMAPPEDITEM(#607,#601);
#611= IFCSHAPEREPRESENTATION(#12,'Axis','MappedRepresentation',(#608,#609,#610));
#612= IFCPRODUCTDEFINITIONSHAPE($,$,(#603,#611));
#613= IFCMECHANICALFASTENER('3j4QjaQSLB0vYbXvG_GGsV',#559,'Bolt assembly',$,$,#569,#612,'IDed11ab64-69c5-4b03-98a5-87943e410d9f',16.,40.);
#614= IFCPROPERTYSINGLEVALUE('BoltDiameter',$,IFCPOSITIVELENGTHMEASURE(16.),$);
#615= IFCPROPERTYSINGLEVALUE('BoltLength',$,IFCPOSITIVELENGTHMEASURE(40.),$);
#616= IFCPROPERTYSET('3xCJSVF7n1wOUf$5YN4cOe',#5,'AISC_EM11_Pset_Bolt','BoltIdentity',(#183,#184,#614,#615,#353,#354));
#617= IFCPROPERTYSINGLEVALUE('NutSize',$,IFCPOSITIVELENGTHMEASURE(16.),$);
#618= IFCPROPERTYSET('3IWt8TdprCgBvOinRHYooV',#5,'AISC_EM11_Pset_Nut','NutIdentity',(#617,#191));
#619= IFCPROPERTYSINGLEVALUE('WasherSize',$,IFCPOSITIVELENGTHMEASURE(16.),$);
#620= IFCPROPERTYSET('2ogylhTT1FquM5ows7vjro',#5,'AISC_EM11_Pset_Washer','WasherIdentity',(#193,#619,#195,#196));
#621= IFCCARTESIANPOINT((8490.89978340913,17482.5316133993,13780.));
#622= IFCAXIS2PLACEMENT3D(#621,#8,#245);
#623= IFCLOCALPLACEMENT(#214,#622);
#624= IFCCARTESIANPOINT((-95.,0.,4.46721762601373));
#625= IFCCARTESIANPOINT((-95.,0.,0.));
#626= IFCCARTESIANPOINT((95.,0.,0.));
#627= IFCCARTESIANPOINT((95.,0.,4.46721762601373));
#628= IFCPOLYLOOP((#624,#625,#626,#627));
#629= IFCFACEOUTERBOUND(#628,.T.);
#630= IFCFACE((#629));
#631= IFCCARTESIANPOINT((-95.,4.44570675213072,-0.437863896931958));
#632= IFCCARTESIANPOINT((95.,4.44570675213072,-0.437863896931958));
#633= IFCPOLYLOOP((#625,#631,#632,#626));
#634= IFCFACEOUTERBOUND(#633,.T.);
#635= IFCFACE((#634));
#636= IFCPOLYLOOP((#631,#624,#627,#632));
#637= IFCFACEOUTERBOUND(#636,.T.);
#638= IFCFACE((#637));
#639= IFCPOLYLOOP((#632,#627,#626));
#640= IFCFACEOUTERBOUND(#639,.T.);
#641= IFCFACE((#640));
#642= IFCPOLYLOOP((#631,#625,#624));
#643= IFCFACEOUTERBOUND(#642,.T.);
#644= IFCFACE((#643));
#645= IFCCARTESIANPOINT((95.,-6.,4.04885004872995));
#646= IFCCARTESIANPOINT((95.,-6.,0.));
#647= IFCCARTESIANPOINT((-95.,-6.,0.));
#648= IFCCARTESIANPOINT((-95.,-6.,4.04885004872995));
#649= IFCPOLYLOOP((#645,#646,#647,#648));
#650= IFCFACEOUTERBOUND(#649,.T.);
#651= IFCFACE((#650));
#652= IFCCARTESIANPOINT((95.,-10.0293537290818,0.396856703398953));
#653= IFCCARTESIANPOINT((-95.,-10.0293537290818,0.396856703398953));
#654= IFCPOLYLOOP((#646,#652,#653,#647));
#655= IFCFACEOUTERBOUND(#654,.T.);
#656= IFCFACE((#655));
#657= IFCPOLYLOOP((#652,#645,#648,#653));
#658= IFCFACEOUTERBOUND(#657,.T.);
#659= IFCFACE((#658));
#660= IFCPOLYLOOP((#653,#648,#647));
#661= IFCFACEOUTERBOUND(#660,.T.);
#662= IFCFACE((#661));
#663= IFCPOLYLOOP((#652,#646,#645));
#664= IFCFACEOUTERBOUND(#663,.T.);
#665= IFCFACE((#664));
#666= IFCCLOSEDSHELL((#630,#635,#638,#641,#644,#651,#656,#659,#662,#665));
#667= IFCFACETEDBREP(#666);
#668= IFCSHAPEREPRESENTATION(#12,'Body','Brep',(#667));
#669= IFCPOLYLINE((#625,#626));
#670= IFCCARTESIANPOINT((95.,0.,6.));
#671= IFCCARTESIANPOINT((-95.,0.,6.));
#672= IFCPOLYLINE((#670,#671));
#673= IFCSHAPEREPRESENTATION(#13,'Axis','GeometricCurveSet',(#669,#672));
#674= IFCPRODUCTDEFINITIONSHAPE($,$,(#668,#673));
#675= IFCFASTENER('3VaZVIsRH5RhpuAr4euv9$',#559,'Weld',$,$,#623,#674,'IDdf9237d2-d9b4-456e-bcf8-2b5128e3927f');
#676= IFCPROPERTYSINGLEVALUE('WeldID',$,IFCINTEGER(92448351),$);
#677= IFCPROPERTYSINGLEVALUE('z',$,IFCPOSITIVELENGTHMEASURE(3.),$);
#678= IFCPROPERTYSINGLEVALUE('l',$,IFCPOSITIVELENGTHMEASURE(190.),$);
#679= IFCPROPERTYSINGLEVALUE('d',$,IFCPOSITIVELENGTHMEASURE(3.),$);
#680= IFCPROPERTYSINGLEVALUE('c',$,IFCPOSITIVELENGTHMEASURE(3.),$);
#681= IFCPROPERTYSET('0l0d1nQIb3KOrArzIqn8ZS',#5,'AISC_EM11_Pset_Weld','WeldIdentity',(#411,#412,#413,#414,#676,#677,#417,#418,#678,#420,#679,#680,#423,#424,#425,#426));
#682= IFCCARTESIANPOINT((8493.89978350463,17537.5316133993,13685.));
#683= IFCAXIS2PLACEMENT3D(#682,#9,#227);
#684= IFCLOCALPLACEMENT(#214,#683);
#685= IFCRECTANGLEPROFILEDEF(.AREA.,'PL6*110',#73,6.,110.);
#686= IFCCARTESIANPOINT((0.,0.,190.));
#687= IFCAXIS2PLACEMENT3D(#686,#245,#8);
#688= IFCEXTRUDEDAREASOLID(#685,#687,#9,190.);
#689= IFCSHAPEREPRESENTATION(#12,'Body','SweptSolid',(#688));
#690= IFCPRODUCTDEFINITIONSHAPE($,$,(#689));
#691= IFCDISCRETEACCESSORY('2GdSAgpU14OgV1UpPEOqJW',#559,'Support section',$,$,#684,#690,'1050');
#692= IFCLOCALPLACEMENT(#214,#568);
#693= IFCCIRCLEPROFILEDEF(.AREA.,$,#73,9.5);
#694= IFCCARTESIANPOINT((0.,2.99999990449977,0.));
#695= IFCAXIS2PLACEMENT3D(#694,#8,#7);
#696= IFCEXTRUDEDAREASOLID(#693,#695,#9,6.2);
#697= IFCSHAPEREPRESENTATION(#12,'Body','SweptSolid',(#696));
#698= IFCREPRESENTATIONMAP(#10,#697);
#699= IFCMAPPEDITEM(#698,#593);
#700= IFCMAPPEDITEM(#698,#598);
#701= IFCMAPPEDITEM(#698,#601);
#702= IFCSHAPEREPRESENTATION(#12,'Body','MappedRepresentation',(#699,#700,#701));
#703= IFCPRODUCTDEFINITIONSHAPE($,$,(#702));
#704= IFCOPENINGELEMENT('1BS57WTyfEsAA2iAYRmdMY',#5,$,$,'Opening',#692,#703,$);
#705= IFCRELVOIDSELEMENT('2B3z2siZ1A9g738RcwAykI',#5,'Drill Hole',$,#691,#704);
#706= IFCPROPERTYSINGLEVALUE('IndicationMark',$,IFCIDENTIFIER('1050'),$);
#707= IFCPROPERTYSET('04Cjos6qv7XRzwkHICGVVQ',#5,'AISC_EM11_Pset_PieceIdentification','PieceIdentity',(#454,#706,#304,#456));
#708= IFCOWNERHISTORY(#3,#4,$,.NOCHANGE.,$,$,$,1772722800);
#709= IFCLOCALPLACEMENT(#42,#10);
#710= IFCELEMENTASSEMBLY('1vfZgRCpDA6OYmAzSzGMNC',#708,'BEAM',$,$,#709,$,'B/182',.NOTDEFINED.,.RIGID_FRAME.);
#711= IFCPROPERTYSINGLEVALUE('DrawingNumber',$,IFCIDENTIFIER('[B.182]'),$);
#712= IFCPROPERTYSET('2HBO8gmA56Kx7cRzDWOIVc',#5,'AISC_EM11_Pset_DrawingNumber',$,(#711));
#713= IFCPROPERTYSINGLEVALUE('AssemblyMark',$,IFCIDENTIFIER('B/182'),$);
#714= IFCPROPERTYSET('1MSgP6T850Qfn28w_pAaB_',#5,'AISC_EM11_Pset_AssemblyIdentification','AssemblyIdentity',(#713,#52,#53));
#715= IFCCARTESIANPOINT((8500.00073708345,17167.531707328,13900.));
#716= IFCAXIS2PLACEMENT3D(#715,#227,#245);
#717= IFCLOCALPLACEMENT(#709,#716);
#718= IFCCARTESIANPOINT((0.,-24.1099999525,0.));
#719= IFCAXIS2PLACEMENT3D(#718,#8,#7);
#720= IFCEXTRUDEDAREASOLID(#577,#719,#9,10.56);
#721= IFCCARTESIANPOINT((0.,-13.5499999525,0.));
#722= IFCAXIS2PLACEMENT3D(#721,#8,#7);
#723= IFCEXTRUDEDAREASOLID(#581,#722,#9,45.);
#724= IFCCARTESIANPOINT((0.,3.5499999525,0.));
#725= IFCAXIS2PLACEMENT3D(#724,#8,#7);
#726= IFCEXTRUDEDAREASOLID(#585,#725,#9,8.);
#727= IFCCARTESIANPOINT((0.,11.5499999525,0.));
#728= IFCAXIS2PLACEMENT3D(#727,#8,#7);
#729= IFCEXTRUDEDAREASOLID(#577,#728,#9,13.);
#730= IFCCARTESIANPOINT((90.,0.,50.));
#731= IFCCARTESIANTRANSFORMATIONOPERATOR3D($,$,#730,$,$);
#732= IFCSHAPEREPRESENTATION(#12,'Body','SweptSolid',(#720,#723,#726,#729));
#733= IFCREPRESENTATIONMAP(#10,#732);
#734= IFCMAPPEDITEM(#733,#731);
#735= IFCCARTESIANPOINT((150.,0.,50.));
#736= IFCCARTESIANTRANSFORMATIONOPERATOR3D($,$,#735,$,$);
#737= IFCMAPPEDITEM(#733,#736);
#738= IFCCARTESIANPOINT((210.,0.,50.));
#739= IFCCARTESIANTRANSFORMATIONOPERATOR3D($,$,#738,$,$);
#740= IFCMAPPEDITEM(#733,#739);
#741= IFCSHAPEREPRESENTATION(#12,'Body','MappedRepresentation',(#734,#737,#740));
#742= IFCCARTESIANPOINT((0.,45.,0.));
#743= IFCPOLYLINE((#718,#742));
#744= IFCSHAPEREPRESENTATION(#12,'Axis','GeometricCurveSet',(#743));
#745= IFCREPRESENTATIONMAP(#10,#744);
#746= IFCMAPPEDITEM(#745,#731);
#747= IFCMAPPEDITEM(#745,#736);
#748= IFCMAPPEDITEM(#745,#739);
#749= IFCSHAPEREPRESENTATION(#12,'Axis','MappedRepresentation',(#746,#747,#748));
#750= IFCPRODUCTDEFINITIONSHAPE($,$,(#741,#749));
#751= IFCMECHANICALFASTENER('31DdaWLkj5meUqtRL1sHbC',#559,'Bolt assembly',$,$,#717,#750,'IDc1367920-56eb-45c2-87b4-ddb541d9194c',16.,45.);
#752= IFCPROPERTYSINGLEVALUE('BoltLength',$,IFCPOSITIVELENGTHMEASURE(45.),$);
#753= IFCPROPERTYSET('0C6f7e0DvE6f0RJI_RqQQd',#5,'AISC_EM11_Pset_Bolt','BoltIdentity',(#183,#184,#614,#752,#353,#354));
#754= IFCOWNERHISTORY(#3,#4,$,.NOCHANGE.,$,$,$,1771434000);
#755= IFCCARTESIANPOINT((8496.45073708345,17177.531707328,13750.));
#756= IFCAXIS2PLACEMENT3D(#755,#227,#245);
#757= IFCLOCALPLACEMENT(#214,#756);
#758= IFCCARTESIANPOINT((-95.,0.,6.74808341454991));
#759= IFCCARTESIANPOINT((95.,0.,6.74808341454991));
#760= IFCPOLYLOOP((#758,#625,#626,#759));
#761= IFCFACEOUTERBOUND(#760,.T.);
#762= IFCFACE((#761));
#763= IFCCARTESIANPOINT((-95.,6.71558954847023,0.66142783900068));
#764= IFCCARTESIANPOINT((95.,6.71558954847023,0.66142783900068));
#765= IFCPOLYLOOP((#625,#763,#764,#626));
#766= IFCFACEOUTERBOUND(#765,.T.);
#767= IFCFACE((#766));
#768= IFCPOLYLOOP((#763,#758,#759,#764));
#769= IFCFACEOUTERBOUND(#768,.T.);
#770= IFCFACE((#769));
#771= IFCPOLYLOOP((#764,#759,#626));
#772= IFCFACEOUTERBOUND(#771,.T.);
#773= IFCFACE((#772));
#774= IFCPOLYLOOP((#763,#625,#758));
#775= IFCFACEOUTERBOUND(#774,.T.);
#776= IFCFACE((#775));
#777= IFCCARTESIANPOINT((95.,-10.,7.44536271002289));
#778= IFCCARTESIANPOINT((95.,-10.,0.));
#779= IFCCARTESIANPOINT((-95.,-10.,0.));
#780= IFCCARTESIANPOINT((-95.,-10.,7.44536271002289));
#781= IFCPOLYLOOP((#777,#778,#779,#780));
#782= IFCFACEOUTERBOUND(#781,.T.);
#783= IFCFACE((#782));
#784= IFCCARTESIANPOINT((95.,-17.4095112535506,-0.729773161554476));
#785= IFCCARTESIANPOINT((-95.,-17.4095112535506,-0.729773161554476));
#786= IFCPOLYLOOP((#778,#784,#785,#779));
#787= IFCFACEOUTERBOUND(#786,.T.);
#788= IFCFACE((#787));
#789= IFCPOLYLOOP((#784,#777,#780,#785));
#790= IFCFACEOUTERBOUND(#789,.T.);
#791= IFCFACE((#790));
#792= IFCPOLYLOOP((#785,#780,#779));
#793= IFCFACEOUTERBOUND(#792,.T.);
#794= IFCFACE((#793));
#795= IFCPOLYLOOP((#784,#778,#777));
#796= IFCFACEOUTERBOUND(#795,.T.);
#797= IFCFACE((#796));
#798= IFCCLOSEDSHELL((#762,#767,#770,#773,#776,#783,#788,#791,#794,#797));
#799= IFCFACETEDBREP(#798);
#800= IFCSHAPEREPRESENTATION(#12,'Body','Brep',(#799));
#801= IFCCARTESIANPOINT((95.,0.,10.));
#802= IFCCARTESIANPOINT((-95.,0.,10.));
#803= IFCPOLYLINE((#801,#802));
#804= IFCSHAPEREPRESENTATION(#13,'Axis','GeometricCurveSet',(#669,#803));
#805= IFCPRODUCTDEFINITIONSHAPE($,$,(#800,#804));
#806= IFCFASTENER('366e0aQSr889yhe3KnE$mz',#754,'Weld',$,$,#757,#805,'IDc61a8024-69cd-4820-9f2b-a035313bfc3d');
#807= IFCPROPERTYSINGLEVALUE('WeldID',$,IFCINTEGER(92448091),$);
#808= IFCPROPERTYSET('0bKLdwaYz8_OmIGqaZHDSE',#5,'AISC_EM11_Pset_Weld','WeldIdentity',(#411,#412,#413,#414,#807,#416,#417,#418,#678,#420,#421,#422,#423,#424,#425,#426));
#809= IFCCARTESIANPOINT((8491.45073713095,17122.531707328,13655.));
#810= IFCAXIS2PLACEMENT3D(#809,#9,#8);
#811= IFCLOCALPLACEMENT(#214,#810);
#812= IFCEXTRUDEDAREASOLID(#432,#687,#9,190.);
#813= IFCSHAPEREPRESENTATION(#12,'Body','SweptSolid',(#812));
#814= IFCPRODUCTDEFINITIONSHAPE($,$,(#813));
#815= IFCDISCRETEACCESSORY('0NWcnnr1P34x1GhkuNalxA',#559,'Support section',$,$,#811,#814,'1051');
#816= IFCLOCALPLACEMENT(#214,#716);
#817= IFCCARTESIANPOINT((0.,-13.6499999525,0.));
#818= IFCAXIS2PLACEMENT3D(#817,#8,#7);
#819= IFCEXTRUDEDAREASOLID(#693,#818,#9,10.2);
#820= IFCSHAPEREPRESENTATION(#12,'Body','SweptSolid',(#819));
#821= IFCREPRESENTATIONMAP(#10,#820);
#822= IFCMAPPEDITEM(#821,#731);
#823= IFCMAPPEDITEM(#821,#736);
#824= IFCMAPPEDITEM(#821,#739);
#825= IFCSHAPEREPRESENTATION(#12,'Body','MappedRepresentation',(#822,#823,#824));
#826= IFCPRODUCTDEFINITIONSHAPE($,$,(#825));
#827= IFCOPENINGELEMENT('1MaLhzj_n3S8f7_y$ydGYQ',#5,$,$,'Opening',#816,#826,$);
#828= IFCRELVOIDSELEMENT('2nJeclXHT8bAqXiXCEq1f3',#5,'Drill Hole',$,#815,#827);
#829= IFCPROPERTYSINGLEVALUE('IndicationMark',$,IFCIDENTIFIER('1051'),$);
#830= IFCPROPERTYSET('0sQOltR5HAPA5YLbz0qAcd',#5,'AISC_EM11_Pset_PieceIdentification','PieceIdentity',(#454,#829,#304,#456));
#831= IFCCARTESIANPOINT((8717.52495055561,17332.0931382296,13900.));
#832= IFCDIRECTION((-0.000467666999835273,0.999999890643783,0.));
#833= IFCAXIS2PLACEMENT3D(#831,#832,#57);
#834= IFCLOCALPLACEMENT(#45,#833);
#835= IFCSHAPEREPRESENTATION(#12,'Body','MappedRepresentation',(#127,#130,#133,#136,#139,#142,#145,#148,#151,#154,#97,#100,#103,#106,#109,#112,#115,#118,#121,#124));
#836= IFCSHAPEREPRESENTATION(#12,'Axis','MappedRepresentation',(#170,#171,#172,#173,#174,#175,#176,#177,#178,#179,#160,#161,#162,#163,#164,#165,#166,#167,#168,#169));
#837= IFCPRODUCTDEFINITIONSHAPE($,$,(#835,#836));
#838= IFCMECHANICALFASTENER('3Mq5H1OuP9d95FDnWs$6hy',#44,'Bolt assembly',$,$,#834,#837,'IDd6d05441-6386-499c-914f-371836fc6afc',22.,75.);
#839= IFCCARTESIANPOINT((7607.54303094852,17332.653927269,13900.));
#840= IFCAXIS2PLACEMENT3D(#839,#832,#57);
#841= IFCLOCALPLACEMENT(#200,#840);
#842= IFCSHAPEREPRESENTATION(#12,'Body','MappedRepresentation',(#127,#130,#133,#136,#139,#142,#145,#148,#151,#154,#97,#100,#103,#106,#109,#112,#115,#118,#121,#124));
#843= IFCSHAPEREPRESENTATION(#12,'Axis','MappedRepresentation',(#170,#171,#172,#173,#174,#175,#176,#177,#178,#179,#160,#161,#162,#163,#164,#165,#166,#167,#168,#169));
#844= IFCPRODUCTDEFINITIONSHAPE($,$,(#842,#843));
#845= IFCMECHANICALFASTENER('1ZTtpxhuDEsOwBG2HhnD1h',#44,'Bolt assembly',$,$,#841,#844,'ID63777cfb-af83-4ed9-8e8b-40246bc4d06b',22.,75.);
#846= IFCLOCALPLACEMENT(#214,#10);
#847= IFCELEMENTASSEMBLY('0YXo8YHQnCyOs01WNsGR$4',#213,'PLATE',$,$,#846,$,'A/38',.NOTDEFINED.,.RIGID_FRAME.);
#848= IFCCARTESIANPOINT((7567.77418954149,17457.8164548846,13909.5));
#849= IFCAXIS2PLACEMENT3D(#848,#9,#227);
#850= IFCLOCALPLACEMENT(#846,#849);
#851= IFCSHAPEREPRESENTATION(#12,'Body','SweptSolid',(#239));
#852= IFCPRODUCTDEFINITIONSHAPE($,$,(#851));
#853= IFCPLATE('1a_2qeBRr7FRFCUXuH6rrn',#213,'main piece','PL19*358','PL19*358',#850,#852,'1052');
#854= IFCLOCALPLACEMENT(#846,#849);
#855= IFCPLANE(#250);
#856= IFCHALFSPACESOLID(#855,.T.);
#857= IFCBOOLEANCLIPPINGRESULT(.DIFFERENCE.,#248,#856);
#858= IFCSHAPEREPRESENTATION(#12,'Body','Clipping',(#857));
#859= IFCPRODUCTDEFINITIONSHAPE($,$,(#858));
#860= IFCOPENINGELEMENT('0uQORsSMj5UA6gt6mEbqv1',#5,$,$,'Recess',#854,#859,$);
#861= IFCRELVOIDSELEMENT('3r7On3zyD7W9Z9dK4P3MNL',#5,$,$,#853,#860);
#862= IFCLOCALPLACEMENT(#846,#833);
#863= IFCSHAPEREPRESENTATION(#12,'Body','MappedRepresentation',(#280,#281,#282,#283,#284,#285,#286,#287,#288,#289,#270,#271,#272,#273,#274,#275,#276,#277,#278,#279));
#864= IFCPRODUCTDEFINITIONSHAPE($,$,(#863));
#865= IFCOPENINGELEMENT('2qPINRyOLBcwaOV9MprSyS',#5,$,$,'Opening',#862,#864,$);
#866= IFCRELVOIDSELEMENT('2HFrAfZN5E19ZVLDFuKPBB',#5,'Drill Hole',$,#853,#865);
#867= IFCLOCALPLACEMENT(#846,#840);
#868= IFCSHAPEREPRESENTATION(#12,'Body','MappedRepresentation',(#280,#281,#282,#283,#284,#285,#286,#287,#288,#289,#270,#271,#272,#273,#274,#275,#276,#277,#278,#279));
#869= IFCPRODUCTDEFINITIONSHAPE($,$,(#868));
#870= IFCOPENINGELEMENT('3xg2Sn_kH61xZqr51OVcO_',#5,$,$,'Opening',#867,#869,$);
#871= IFCRELVOIDSELEMENT('2BhTdlckn15g01C1Jk4l7B',#5,'Drill Hole',$,#853,#870);
#872= IFCOWNERHISTORY(#3,#4,$,.NOCHANGE.,$,$,$,1764338400);
#873= IFCCARTESIANPOINT((8499.99978340913,17482.5316133993,8416.));
#874= IFCAXIS2PLACEMENT3D(#873,#7,#227);
#875= IFCLOCALPLACEMENT(#214,#874);
#876= IFCCARTESIANPOINT((15.58845726813,0.));
#877= IFCCARTESIANPOINT((7.794228634065,13.5000000000019));
#878= IFCCARTESIANPOINT((-7.794228634065,13.5000000000019));
#879= IFCCARTESIANPOINT((-15.58845726813,0.));
#880= IFCCARTESIANPOINT((-7.794228634065,-13.5000000000019));
#881= IFCCARTESIANPOINT((7.794228634065,-13.5000000000019));
#882= IFCPOLYLINE((#876,#877,#878,#879,#880,#881,#876));
#883= IFCARBITRARYCLOSEDPROFILEDEF(.AREA.,$,#882);
#884= IFCCARTESIANPOINT((0.,-10.,0.));
#885= IFCAXIS2PLACEMENT3D(#884,#8,#7);
#886= IFCEXTRUDEDAREASOLID(#883,#885,#9,10.);
#887= IFCAXIS2PLACEMENT3D(#6,#8,#7);
#888= IFCEXTRUDEDAREASOLID(#581,#887,#9,40.);
#889= IFCCARTESIANPOINT((0.,16.,0.));
#890= IFCAXIS2PLACEMENT3D(#889,#8,#7);
#891= IFCEXTRUDEDAREASOLID(#585,#890,#9,4.);
#892= IFCCARTESIANPOINT((0.,20.,0.));
#893= IFCAXIS2PLACEMENT3D(#892,#8,#7);
#894= IFCEXTRUDEDAREASOLID(#883,#893,#9,13.);
#895= IFCCARTESIANPOINT((2.5,0.,150.));
#896= IFCCARTESIANTRANSFORMATIONOPERATOR3D($,$,#895,$,$);
#897= IFCSHAPEREPRESENTATION(#12,'Body','SweptSolid',(#886,#888,#891,#894));
#898= IFCREPRESENTATIONMAP(#10,#897);
#899= IFCMAPPEDITEM(#898,#896);
#900= IFCCARTESIANPOINT((2.5,0.,-150.));
#901= IFCCARTESIANTRANSFORMATIONOPERATOR3D($,$,#900,$,$);
#902= IFCMAPPEDITEM(#898,#901);
#903= IFCCARTESIANPOINT((302.5,0.,150.));
#904= IFCCARTESIANTRANSFORMATIONOPERATOR3D($,$,#903,$,$);
#905= IFCMAPPEDITEM(#898,#904);
#906= IFCCARTESIANPOINT((302.5,0.,-150.));
#907= IFCCARTESIANTRANSFORMATIONOPERATOR3D($,$,#906,$,$);
#908= IFCMAPPEDITEM(#898,#907);
#909= IFCSHAPEREPRESENTATION(#12,'Body','MappedRepresentation',(#899,#902,#905,#908));
#910= IFCPOLYLINE((#884,#604));
#911= IFCSHAPEREPRESENTATION(#12,'Axis','GeometricCurveSet',(#910));
#912= IFCREPRESENTATIONMAP(#10,#911);
#913= IFCMAPPEDITEM(#912,#896);
#914= IFCMAPPEDITEM(#912,#901);
#915= IFCMAPPEDITEM(#912,#904);
#916= IFCMAPPEDITEM(#912,#907);
#917= IFCSHAPEREPRESENTATION(#12,'Axis','MappedRepresentation',(#913,#914,#915,#916));
#918= IFCPRODUCTDEFINITIONSHAPE($,$,(#909,#917));
#919= IFCMECHANICALFASTENER('1a9ZBKakf9ueRt9noIc$d9',#872,'Bolt assembly',$,$,#875,#918,'ID642632d4-92ea-49e2-86f7-271c929bf9c9',16.,40.);
#920= IFCPROPERTYSINGLEVALUE('BoltGrade',$,IFCIDENTIFIER('10.9'),$);
#921= IFCPROPERTYSINGLEVALUE('BoltStandard',$,IFCIDENTIFIER('6914'),$);
#922= IFCPROPERTYSINGLEVALUE('BoltType',$,IFCIDENTIFIER('6914'),$);
#923= IFCPROPERTYSET('33xqM7l3X49Bt48caffvNM',#5,'AISC_EM11_Pset_Bolt','BoltIdentity',(#183,#920,#614,#615,#921,#922));
#924= IFCPROPERTYSINGLEVALUE('NutStandard',$,IFCIDENTIFIER('6915'),$);
#925= IFCPROPERTYSET('2w7nzFvi5EHOH8AmbrGYT_',#5,'AISC_EM11_Pset_Nut','NutIdentity',(#617,#924));
#926= IFCPROPERTYSINGLEVALUE('WasherThickness',$,IFCPOSITIVELENGTHMEASURE(4.),$);
#927= IFCPROPERTYSINGLEVALUE('WasherStandard',$,IFCIDENTIFIER('6916'),$);
#928= IFCPROPERTYSET('2_1G2kWRXCE8cB239zN5YY',#5,'AISC_EM11_Pset_Washer','WasherIdentity',(#926,#619,#927,#196));
#929= IFCOWNERHISTORY(#3,#4,$,.NOCHANGE.,$,$,$,1770051600);
#930= IFCCARTESIANPOINT((8651.03466103988,17315.1559763455,8416.));
#931= IFCDIRECTION((0.995184726707495,-0.0980171399711689,0.));
#932= IFCDIRECTION((0.0980171399711694,0.995184726707495,0.));
#933= IFCAXIS2PLACEMENT3D(#930,#931,#932);
#934= IFCLOCALPLACEMENT(#214,#933);
#935= IFCCARTESIANPOINT((14.94761390036,0.,-303.531341635032));
#936= IFCCARTESIANPOINT((14.94761390036,8.48528137423818,-303.531341635032));
#937= IFCCARTESIANPOINT((-14.9476139001563,8.48528137423818,-303.53134163504));
#938= IFCCARTESIANPOINT((-14.9476139001563,0.,-303.53134163504));
#939= IFCPOLYLOOP((#935,#936,#937,#938));
#940= IFCFACEOUTERBOUND(#939,.T.);
#941= IFCFACE((#940));
#942= IFCCARTESIANPOINT((15.7833411707907,0.,-312.016623009271));
#943= IFCCARTESIANPOINT((-15.7833411705869,0.,-312.01662300928));
#944= IFCPOLYLOOP((#936,#942,#943,#937));
#945= IFCFACEOUTERBOUND(#944,.T.);
#946= IFCFACE((#945));
#947= IFCPOLYLOOP((#942,#935,#938,#943));
#948= IFCFACEOUTERBOUND(#947,.T.);
#949= IFCFACE((#948));
#950= IFCCARTESIANPOINT((44.2684132814065,0.,-297.699072016674));
#951= IFCCARTESIANPOINT((44.2684132814065,8.48528137423818,-297.699072016674));
#952= IFCPOLYLOOP((#950,#951,#936,#935));
#953= IFCFACEOUTERBOUND(#952,.T.);
#954= IFCFACE((#953));
#955= IFCCARTESIANPOINT((46.7434785623773,0.,-305.8582687863));
#956= IFCPOLYLOOP((#951,#955,#942,#936));
#957= IFCFACEOUTERBOUND(#956,.T.);
#958= IFCFACE((#957));
#959= IFCPOLYLOOP((#955,#950,#935,#942));
#960= IFCFACEOUTERBOUND(#959,.T.);
#961= IFCFACE((#960));
#962= IFCCARTESIANPOINT((71.888002366064,0.,-286.258663630625));
#963= IFCCARTESIANPOINT((71.888002366064,8.48528137423818,-286.258663630625));
#964= IFCPOLYLOOP((#962,#963,#951,#950));
#965= IFCFACEOUTERBOUND(#964,.T.);
#966= IFCFACE((#965));
#967= IFCCARTESIANPOINT((75.9072902868538,0.,-293.778222439514));
#968= IFCPOLYLOOP((#963,#967,#955,#951));
#969= IFCFACEOUTERBOUND(#968,.T.);
#970= IFCFACE((#969));
#971= IFCPOLYLOOP((#967,#962,#950,#955));
#972= IFCFACEOUTERBOUND(#971,.T.);
#973= IFCFACE((#972));
#974= IFCCARTESIANPOINT((96.7449758350485,0.,-269.649764955309));
#975= IFCCARTESIANPOINT((96.7449758350485,8.48528137423818,-269.649764955309));
#976= IFCPOLYLOOP((#974,#975,#963,#962));
#977= IFCFACEOUTERBOUND(#976,.T.);
#978= IFCFACE((#977));
#979= IFCCARTESIANPOINT((102.154027414908,0.,-276.24071337545));
#980= IFCPOLYLOOP((#975,#979,#967,#963));
#981= IFCFACEOUTERBOUND(#980,.T.);
#982= IFCFACE((#981));
#983= IFCPOLYLOOP((#979,#974,#962,#967));
#984= IFCFACEOUTERBOUND(#983,.T.);
#985= IFCFACE((#984));
#986= IFCCARTESIANPOINT((117.884094137906,0.,-248.510646652441));
#987= IFCCARTESIANPOINT((117.884094137906,8.48528137423818,-248.510646652441));
#988= IFCPOLYLOOP((#986,#987,#975,#974));
#989= IFCFACEOUTERBOUND(#988,.T.);
#990= IFCFACE((#989));
#991= IFCCARTESIANPOINT((124.475042558053,0.,-253.919698232296));
#992= IFCPOLYLOOP((#987,#991,#979,#975));
#993= IFCFACEOUTERBOUND(#992,.T.);
#994= IFCFACE((#993));
#995= IFCPOLYLOOP((#991,#986,#974,#979));
#996= IFCFACEOUTERBOUND(#995,.T.);
#997= IFCFACE((#996));
#998= IFCCARTESIANPOINT((134.492992813204,0.,-223.653673183442));
#999= IFCCARTESIANPOINT((134.492992813204,8.48528137423818,-223.653673183442));
#1000= IFCPOLYLOOP((#998,#999,#987,#986));
#1001= IFCFACEOUTERBOUND(#1000,.T.);
#1002= IFCFACE((#1001));
#1003= IFCCARTESIANPOINT((142.012551622094,0.,-227.672961104227));
#1004= IFCPOLYLOOP((#999,#1003,#991,#987));
#1005= IFCFACEOUTERBOUND(#1004,.T.);
#1006= IFCFACE((#1005));
#1007= IFCPOLYLOOP((#1003,#998,#986,#991));
#1008= IFCFACEOUTERBOUND(#1007,.T.);
#1009= IFCFACE((#1008));
#1010= IFCCARTESIANPOINT((145.933401199232,0.,-196.034084098777));
#1011= IFCCARTESIANPOINT((145.933401199232,8.48528137423818,-196.034084098777));
#1012= IFCPOLYLOOP((#1010,#1011,#999,#998));
#1013= IFCFACEOUTERBOUND(#1012,.T.);
#1014= IFCFACE((#1013));
#1015= IFCCARTESIANPOINT((154.092597968862,0.,-198.509149379741));
#1016= IFCPOLYLOOP((#1011,#1015,#1003,#999));
#1017= IFCFACEOUTERBOUND(#1016,.T.);
#1018= IFCFACE((#1017));
#1019= IFCPOLYLOOP((#1015,#1010,#998,#1003));
#1020= IFCFACEOUTERBOUND(#1019,.T.);
#1021= IFCFACE((#1020));
#1022= IFCCARTESIANPOINT((151.765670817571,0.,-166.713284717727));
#1023= IFCCARTESIANPOINT((151.765670817571,8.48528137423818,-166.713284717727));
#1024= IFCPOLYLOOP((#1022,#1023,#1011,#1010));
#1025= IFCFACEOUTERBOUND(#1024,.T.);
#1026= IFCFACE((#1025));
#1027= IFCCARTESIANPOINT((160.250952191815,0.,-167.549011988152));
#1028= IFCPOLYLOOP((#1023,#1027,#1015,#1011));
#1029= IFCFACEOUTERBOUND(#1028,.T.);
#1030= IFCFACE((#1029));
#1031= IFCPOLYLOOP((#1027,#1022,#1010,#1015));
#1032= IFCFACEOUTERBOUND(#1031,.T.);
#1033= IFCFACE((#1032));
#1034= IFCCARTESIANPOINT((151.765670817564,0.,-136.81805691721));
#1035= IFCCARTESIANPOINT((151.765670817564,8.48528137423818,-136.81805691721));
#1036= IFCPOLYLOOP((#1034,#1035,#1023,#1022));
#1037= IFCFACEOUTERBOUND(#1036,.T.);
#1038= IFCFACE((#1037));
#1039= IFCCARTESIANPOINT((160.250952191804,0.,-135.982329646778));
#1040= IFCPOLYLOOP((#1035,#1039,#1027,#1023));
#1041= IFCFACEOUTERBOUND(#1040,.T.);
#1042= IFCFACE((#1041));
#1043= IFCPOLYLOOP((#1039,#1034,#1022,#1027));
#1044= IFCFACEOUTERBOUND(#1043,.T.);
#1045= IFCFACE((#1044));
#1046= IFCCARTESIANPOINT((145.933401199203,0.,-107.497257536163));
#1047= IFCCARTESIANPOINT((145.933401199203,8.48528137423818,-107.497257536163));
#1048= IFCPOLYLOOP((#1046,#1047,#1035,#1034));
#1049= IFCFACEOUTERBOUND(#1048,.T.);
#1050= IFCFACE((#1049));
#1051= IFCCARTESIANPOINT((154.092597968829,0.,-105.022192255194));
#1052= IFCPOLYLOOP((#1047,#1051,#1039,#1035));
#1053= IFCFACEOUTERBOUND(#1052,.T.);
#1054= IFCFACE((#1053));
#1055= IFCPOLYLOOP((#1051,#1046,#1034,#1039));
#1056= IFCFACEOUTERBOUND(#1055,.T.);
#1057= IFCFACE((#1056));
#1058= IFCCARTESIANPOINT((134.492992813161,0.,-79.8776684515051));
#1059= IFCCARTESIANPOINT((134.492992813161,8.48528137423818,-79.8776684515051));
#1060= IFCPOLYLOOP((#1058,#1059,#1047,#1046));
#1061= IFCFACEOUTERBOUND(#1060,.T.);
#1062= IFCFACE((#1061));
#1063= IFCCARTESIANPOINT((142.012551622047,0.,-75.8583805307153));
#1064= IFCPOLYLOOP((#1059,#1063,#1051,#1047));
#1065= IFCFACEOUTERBOUND(#1064,.T.);
#1066= IFCFACE((#1065));
#1067= IFCPOLYLOOP((#1063,#1058,#1046,#1051));
#1068= IFCFACEOUTERBOUND(#1067,.T.);
#1069= IFCFACE((#1068));
#1070= IFCCARTESIANPOINT((117.88409413784,0.,-55.0206949825188));
#1071= IFCCARTESIANPOINT((117.88409413784,8.48528137423818,-55.0206949825188));
#1072= IFCPOLYLOOP((#1070,#1071,#1059,#1058));
#1073= IFCFACEOUTERBOUND(#1072,.T.);
#1074= IFCFACE((#1073));
#1075= IFCCARTESIANPOINT((124.475042557984,0.,-49.611643402658));
#1076= IFCPOLYLOOP((#1071,#1075,#1063,#1059));
#1077= IFCFACEOUTERBOUND(#1076,.T.);
#1078= IFCFACE((#1077));
#1079= IFCPOLYLOOP((#1075,#1070,#1058,#1063));
#1080= IFCFACEOUTERBOUND(#1079,.T.);
#1081= IFCFACE((#1080));
#1082= IFCCARTESIANPOINT((96.7449758349758,0.,-33.8815766796633));
#1083= IFCCARTESIANPOINT((96.7449758349758,8.48528137423818,-33.8815766796633));
#1084= IFCPOLYLOOP((#1082,#1083,#1071,#1070));
#1085= IFCFACEOUTERBOUND(#1084,.T.);
#1086= IFCFACE((#1085));
#1087= IFCCARTESIANPOINT((102.154027414828,0.,-27.2906282595186));
#1088= IFCPOLYLOOP((#1083,#1087,#1075,#1071));
#1089= IFCFACEOUTERBOUND(#1088,.T.);
#1090= IFCFACE((#1089));
#1091= IFCPOLYLOOP((#1087,#1082,#1070,#1075));
#1092= IFCFACEOUTERBOUND(#1091,.T.);
#1093= IFCFACE((#1092));
#1094= IFCCARTESIANPOINT((71.8880023659767,0.,-17.2726780043631));
#1095= IFCCARTESIANPOINT((71.8880023659767,8.48528137423818,-17.2726780043631));
#1096= IFCPOLYLOOP((#1094,#1095,#1083,#1082));
#1097= IFCFACEOUTERBOUND(#1096,.T.);
#1098= IFCFACE((#1097));
#1099= IFCCARTESIANPOINT((75.9072902867592,0.,-9.75311919547312));
#1100= IFCPOLYLOOP((#1095,#1099,#1087,#1083));
#1101= IFCFACEOUTERBOUND(#1100,.T.);
#1102= IFCFACE((#1101));
#1103= IFCPOLYLOOP((#1099,#1094,#1082,#1087));
#1104= IFCFACEOUTERBOUND(#1103,.T.);
#1105= IFCFACE((#1104));
#1106= IFCCARTESIANPOINT((44.268413281312,0.,-5.83226961833498));
#1107= IFCCARTESIANPOINT((44.268413281312,8.48528137423818,-5.83226961833498));
#1108= IFCPOLYLOOP((#1106,#1107,#1095,#1094));
#1109= IFCFACEOUTERBOUND(#1108,.T.);
#1110= IFCFACE((#1109));
#1111= IFCCARTESIANPOINT((46.7434785622754,0.,2.32692715129542));
#1112= IFCPOLYLOOP((#1107,#1111,#1099,#1095));
#1113= IFCFACEOUTERBOUND(#1112,.T.);
#1114= IFCFACE((#1113));
#1115= IFCPOLYLOOP((#1111,#1106,#1094,#1099));
#1116= IFCFACEOUTERBOUND(#1115,.T.);
#1117= IFCFACE((#1116));
#1118= IFCCARTESIANPOINT((14.9476139002581,0.,3.63797880709171E-12));
#1119= IFCCARTESIANPOINT((14.9476139002581,8.48528137423818,3.63797880709171E-12));
#1120= IFCPOLYLOOP((#1118,#1119,#1107,#1106));
#1121= IFCFACEOUTERBOUND(#1120,.T.);
#1122= IFCFACE((#1121));
#1123= IFCCARTESIANPOINT((15.7833411706815,0.,8.48528137424546));
#1124= IFCPOLYLOOP((#1119,#1123,#1111,#1107));
#1125= IFCFACEOUTERBOUND(#1124,.T.);
#1126= IFCFACE((#1125));
#1127= IFCPOLYLOOP((#1123,#1118,#1106,#1111));
#1128= IFCFACEOUTERBOUND(#1127,.T.);
#1129= IFCFACE((#1128));
#1130= IFCCARTESIANPOINT((-14.9476139002618,0.,-3.63797880709171E-12));
#1131= IFCCARTESIANPOINT((-14.9476139002618,8.48528137423818,-3.63797880709171E-12));
#1132= IFCPOLYLOOP((#1130,#1131,#1119,#1118));
#1133= IFCFACEOUTERBOUND(#1132,.T.);
#1134= IFCFACE((#1133));
#1135= IFCCARTESIANPOINT((-15.7833411706888,0.,8.48528137423455));
#1136= IFCPOLYLOOP((#1131,#1135,#1123,#1119));
#1137= IFCFACEOUTERBOUND(#1136,.T.);
#1138= IFCFACE((#1137));
#1139= IFCPOLYLOOP((#1135,#1130,#1118,#1123));
#1140= IFCFACEOUTERBOUND(#1139,.T.);
#1141= IFCFACE((#1140));
#1142= IFCCARTESIANPOINT((-44.2684132813083,0.,-5.83226961836317));
#1143= IFCCARTESIANPOINT((-44.2684132813083,8.48528137423818,-5.83226961836317));
#1144= IFCPOLYLOOP((#1142,#1143,#1131,#1130));
#1145= IFCFACEOUTERBOUND(#1144,.T.);
#1146= IFCFACE((#1145));
#1147= IFCCARTESIANPOINT((-46.7434785622754,0.,2.3269271512645));
#1148= IFCPOLYLOOP((#1143,#1147,#1135,#1131));
#1149= IFCFACEOUTERBOUND(#1148,.T.);
#1150= IFCFACE((#1149));
#1151= IFCPOLYLOOP((#1147,#1142,#1130,#1135));
#1152= IFCFACEOUTERBOUND(#1151,.T.);
#1153= IFCFACE((#1152));
#1154= IFCCARTESIANPOINT((-71.8880023659658,0.,-17.2726780044104));
#1155= IFCCARTESIANPOINT((-71.8880023659658,8.48528137423818,-17.2726780044104));
#1156= IFCPOLYLOOP((#1154,#1155,#1143,#1142));
#1157= IFCFACEOUTERBOUND(#1156,.T.);
#1158= IFCFACE((#1157));
#1159= IFCCARTESIANPOINT((-75.9072902867556,0.,-9.75311919552223));
#1160= IFCPOLYLOOP((#1155,#1159,#1147,#1143));
#1161= IFCFACEOUTERBOUND(#1160,.T.);
#1162= IFCFACE((#1161));
#1163= IFCPOLYLOOP((#1159,#1154,#1142,#1147));
#1164= IFCFACEOUTERBOUND(#1163,.T.);
#1165= IFCFACE((#1164));
#1166= IFCCARTESIANPOINT((-96.7449758349503,0.,-33.881576679727));
#1167= IFCCARTESIANPOINT((-96.7449758349503,8.48528137423818,-33.881576679727));
#1168= IFCPOLYLOOP((#1166,#1167,#1155,#1154));
#1169= IFCFACEOUTERBOUND(#1168,.T.);
#1170= IFCFACE((#1169));
#1171= IFCCARTESIANPOINT((-102.154027414806,0.,-27.290628259585));
#1172= IFCPOLYLOOP((#1167,#1171,#1159,#1155));
#1173= IFCFACEOUTERBOUND(#1172,.T.);
#1174= IFCFACE((#1173));
#1175= IFCPOLYLOOP((#1171,#1166,#1154,#1159));
#1176= IFCFACEOUTERBOUND(#1175,.T.);
#1177= IFCFACE((#1176));
#1178= IFCCARTESIANPOINT((-117.884094137808,0.,-55.0206949825961));
#1179= IFCCARTESIANPOINT((-117.884094137808,8.48528137423818,-55.0206949825961));
#1180= IFCPOLYLOOP((#1178,#1179,#1167,#1166));
#1181= IFCFACEOUTERBOUND(#1180,.T.);
#1182= IFCFACE((#1181));
#1183= IFCCARTESIANPOINT((-124.475042557955,0.,-49.6116434027399));
#1184= IFCPOLYLOOP((#1179,#1183,#1171,#1167));
#1185= IFCFACEOUTERBOUND(#1184,.T.);
#1186= IFCFACE((#1185));
#1187= IFCPOLYLOOP((#1183,#1178,#1166,#1171));
#1188= IFCFACEOUTERBOUND(#1187,.T.);
#1189= IFCFACE((#1188));
#1190= IFCCARTESIANPOINT((-134.492992813106,0.,-79.8776684515933));
#1191= IFCCARTESIANPOINT((-134.492992813106,8.48528137423818,-79.8776684515933));
#1192= IFCPOLYLOOP((#1190,#1191,#1179,#1178));
#1193= IFCFACEOUTERBOUND(#1192,.T.);
#1194= IFCFACE((#1193));
#1195= IFCCARTESIANPOINT((-142.012551621996,0.,-75.8583805308081));
#1196= IFCPOLYLOOP((#1191,#1195,#1183,#1179));
#1197= IFCFACEOUTERBOUND(#1196,.T.);
#1198= IFCFACE((#1197));
#1199= IFCPOLYLOOP((#1195,#1190,#1178,#1183));
#1200= IFCFACEOUTERBOUND(#1199,.T.);
#1201= IFCFACE((#1200));
#1202= IFCCARTESIANPOINT((-145.933401199134,0.,-107.497257536259));
#1203= IFCCARTESIANPOINT((-145.933401199134,8.48528137423818,-107.497257536259));
#1204= IFCPOLYLOOP((#1202,#1203,#1191,#1190));
#1205= IFCFACEOUTERBOUND(#1204,.T.);
#1206= IFCFACE((#1205));
#1207= IFCCARTESIANPOINT((-154.09259796876,0.,-105.022192255295));
#1208= IFCPOLYLOOP((#1203,#1207,#1195,#1191));
#1209= IFCFACEOUTERBOUND(#1208,.T.);
#1210= IFCFACE((#1209));
#1211= IFCPOLYLOOP((#1207,#1202,#1190,#1195));
#1212= IFCFACEOUTERBOUND(#1211,.T.);
#1213= IFCFACE((#1212));
#1214= IFCCARTESIANPOINT((-151.765670817473,0.,-136.818056917309));
#1215= IFCCARTESIANPOINT((-151.765670817473,8.48528137423818,-136.818056917309));
#1216= IFCPOLYLOOP((#1214,#1215,#1203,#1202));
#1217= IFCFACEOUTERBOUND(#1216,.T.);
#1218= IFCFACE((#1217));
#1219= IFCCARTESIANPOINT((-160.250952191713,0.,-135.982329646882));
#1220= IFCPOLYLOOP((#1215,#1219,#1207,#1203));
#1221= IFCFACEOUTERBOUND(#1220,.T.);
#1222= IFCFACE((#1221));
#1223= IFCPOLYLOOP((#1219,#1214,#1202,#1207));
#1224= IFCFACEOUTERBOUND(#1223,.T.);
#1225= IFCFACE((#1224));
#1226= IFCCARTESIANPOINT((-151.765670817465,0.,-166.713284717825));
#1227= IFCCARTESIANPOINT((-151.765670817465,8.48528137423818,-166.713284717825));
#1228= IFCPOLYLOOP((#1226,#1227,#1215,#1214));
#1229= IFCFACEOUTERBOUND(#1228,.T.);
#1230= IFCFACE((#1229));
#1231= IFCCARTESIANPOINT((-160.250952191702,0.,-167.549011988259));
#1232= IFCPOLYLOOP((#1227,#1231,#1219,#1215));
#1233= IFCFACEOUTERBOUND(#1232,.T.);
#1234= IFCFACE((#1233));
#1235= IFCPOLYLOOP((#1231,#1226,#1214,#1219));
#1236= IFCFACEOUTERBOUND(#1235,.T.);
#1237= IFCFACE((#1236));
#1238= IFCCARTESIANPOINT((-145.933401199105,0.,-196.034084098873));
#1239= IFCCARTESIANPOINT((-145.933401199105,8.48528137423818,-196.034084098873));
#1240= IFCPOLYLOOP((#1238,#1239,#1227,#1226));
#1241= IFCFACEOUTERBOUND(#1240,.T.);
#1242= IFCFACE((#1241));
#1243= IFCCARTESIANPOINT((-154.092597968731,0.,-198.509149379844));
#1244= IFCPOLYLOOP((#1239,#1243,#1231,#1227));
#1245= IFCFACEOUTERBOUND(#1244,.T.);
#1246= IFCFACE((#1245));
#1247= IFCPOLYLOOP((#1243,#1238,#1226,#1231));
#1248= IFCFACEOUTERBOUND(#1247,.T.);
#1249= IFCFACE((#1248));
#1250= IFCCARTESIANPOINT((-134.492992813059,0.,-223.653673183532));
#1251= IFCCARTESIANPOINT((-134.492992813059,8.48528137423818,-223.653673183532));
#1252= IFCPOLYLOOP((#1250,#1251,#1239,#1238));
#1253= IFCFACEOUTERBOUND(#1252,.T.);
#1254= IFCFACE((#1253));
#1255= IFCCARTESIANPOINT((-142.012551621945,0.,-227.67296110432));
#1256= IFCPOLYLOOP((#1251,#1255,#1243,#1239));
#1257= IFCFACEOUTERBOUND(#1256,.T.);
#1258= IFCFACE((#1257));
#1259= IFCPOLYLOOP((#1255,#1250,#1238,#1243));
#1260= IFCFACEOUTERBOUND(#1259,.T.);
#1261= IFCFACE((#1260));
#1262= IFCCARTESIANPOINT((-117.884094137742,0.,-248.510646652519));
#1263= IFCCARTESIANPOINT((-117.884094137742,8.48528137423818,-248.510646652519));
#1264= IFCPOLYLOOP((#1262,#1263,#1251,#1250));
#1265= IFCFACEOUTERBOUND(#1264,.T.);
#1266= IFCFACE((#1265));
#1267= IFCCARTESIANPOINT((-124.475042557882,0.,-253.919698232376));
#1268= IFCPOLYLOOP((#1263,#1267,#1255,#1251));
#1269= IFCFACEOUTERBOUND(#1268,.T.);
#1270= IFCFACE((#1269));
#1271= IFCPOLYLOOP((#1267,#1262,#1250,#1255));
#1272= IFCFACEOUTERBOUND(#1271,.T.);
#1273= IFCFACE((#1272));
#1274= IFCCARTESIANPOINT((-96.7449758348739,0.,-269.649764955372));
#1275= IFCCARTESIANPOINT((-96.7449758348739,8.48528137423818,-269.649764955372));
#1276= IFCPOLYLOOP((#1274,#1275,#1263,#1262));
#1277= IFCFACEOUTERBOUND(#1276,.T.);
#1278= IFCFACE((#1277));
#1279= IFCCARTESIANPOINT((-102.154027414726,0.,-276.240713375519));
#1280= IFCPOLYLOOP((#1275,#1279,#1267,#1263));
#1281= IFCFACEOUTERBOUND(#1280,.T.);
#1282= IFCFACE((#1281));
#1283= IFCPOLYLOOP((#1279,#1274,#1262,#1267));
#1284= IFCFACEOUTERBOUND(#1283,.T.);
#1285= IFCFACE((#1284));
#1286= IFCCARTESIANPOINT((-71.8880023658749,0.,-286.258663630673));
#1287= IFCCARTESIANPOINT((-71.8880023658749,8.48528137423818,-286.258663630673));
#1288= IFCPOLYLOOP((#1286,#1287,#1275,#1274));
#1289= IFCFACEOUTERBOUND(#1288,.T.);
#1290= IFCFACE((#1289));
#1291= IFCCARTESIANPOINT((-75.9072902866574,0.,-293.778222439565));
#1292= IFCPOLYLOOP((#1287,#1291,#1279,#1275));
#1293= IFCFACEOUTERBOUND(#1292,.T.);
#1294= IFCFACE((#1293));
#1295= IFCPOLYLOOP((#1291,#1286,#1274,#1279));
#1296= IFCFACEOUTERBOUND(#1295,.T.);
#1297= IFCFACE((#1296));
#1298= IFCCARTESIANPOINT((-44.2684132812101,0.,-297.699072016702));
#1299= IFCCARTESIANPOINT((-44.2684132812101,8.48528137423818,-297.699072016702));
#1300= IFCPOLYLOOP((#1298,#1299,#1287,#1286));
#1301= IFCFACEOUTERBOUND(#1300,.T.);
#1302= IFCFACE((#1301));
#1303= IFCCARTESIANPOINT((-46.7434785621736,0.,-305.858268786331));
#1304= IFCPOLYLOOP((#1299,#1303,#1291,#1287));
#1305= IFCFACEOUTERBOUND(#1304,.T.);
#1306= IFCFACE((#1305));
#1307= IFCPOLYLOOP((#1303,#1298,#1286,#1291));
#1308= IFCFACEOUTERBOUND(#1307,.T.);
#1309= IFCFACE((#1308));
#1310= IFCPOLYLOOP((#938,#937,#1299,#1298));
#1311= IFCFACEOUTERBOUND(#1310,.T.);
#1312= IFCFACE((#1311));
#1313= IFCPOLYLOOP((#937,#943,#1303,#1299));
#1314= IFCFACEOUTERBOUND(#1313,.T.);
#1315= IFCFACE((#1314));
#1316= IFCPOLYLOOP((#943,#938,#1298,#1303));
#1317= IFCFACEOUTERBOUND(#1316,.T.);
#1318= IFCFACE((#1317));
#1319= IFCPOLYLOOP((#943,#938,#937));
#1320= IFCFACEOUTERBOUND(#1319,.T.);
#1321= IFCFACE((#1320));
#1322= IFCPOLYLOOP((#943,#937,#938));
#1323= IFCFACEOUTERBOUND(#1322,.T.);
#1324= IFCFACE((#1323));
#1325= IFCCARTESIANPOINT((-41.3655665086662,0.,-288.129668659378));
#1326= IFCCARTESIANPOINT((-41.3655665086662,8.48528137423818,-288.129668659378));
#1327= IFCCARTESIANPOINT((-13.9674424968653,8.48528137423818,-293.579494368317));
#1328= IFCCARTESIANPOINT((-13.9674424968653,0.,-293.579494368317));
#1329= IFCPOLYLOOP((#1325,#1326,#1327,#1328));
#1330= IFCFACEOUTERBOUND(#1329,.T.);
#1331= IFCFACE((#1330));
#1332= IFCCARTESIANPOINT((-38.8905012277064,0.,-279.970471889748));
#1333= IFCCARTESIANPOINT((-13.1317152264382,0.,-285.094212994078));
#1334= IFCPOLYLOOP((#1326,#1332,#1333,#1327));
#1335= IFCFACEOUTERBOUND(#1334,.T.);
#1336= IFCFACE((#1335));
#1337= IFCPOLYLOOP((#1332,#1325,#1328,#1333));
#1338= IFCFACEOUTERBOUND(#1337,.T.);
#1339= IFCFACE((#1338));
#1340= IFCCARTESIANPOINT((-67.1740349976171,0.,-277.439450987188));
#1341= IFCCARTESIANPOINT((-67.1740349976171,8.48528137423818,-277.439450987188));
#1342= IFCPOLYLOOP((#1340,#1341,#1326,#1325));
#1343= IFCFACEOUTERBOUND(#1342,.T.);
#1344= IFCFACE((#1343));
#1345= IFCCARTESIANPOINT((-63.1547470768273,0.,-269.919892178297));
#1346= IFCPOLYLOOP((#1341,#1345,#1332,#1326));
#1347= IFCFACEOUTERBOUND(#1346,.T.);
#1348= IFCFACE((#1347));
#1349= IFCPOLYLOOP((#1345,#1340,#1325,#1332));
#1350= IFCFACEOUTERBOUND(#1349,.T.);
#1351= IFCFACE((#1350));
#1352= IFCCARTESIANPOINT((-90.4010429932387,0.,-261.919660421743));
#1353= IFCCARTESIANPOINT((-90.4010429932387,8.48528137423818,-261.919660421743));
#1354= IFCPOLYLOOP((#1352,#1353,#1341,#1340));
#1355= IFCFACEOUTERBOUND(#1354,.T.);
#1356= IFCFACE((#1355));
#1357= IFCCARTESIANPOINT((-84.9919914133825,0.,-255.328712001598));
#1358= IFCPOLYLOOP((#1353,#1357,#1345,#1341));
#1359= IFCFACEOUTERBOUND(#1358,.T.);
#1360= IFCFACE((#1359));
#1361= IFCPOLYLOOP((#1357,#1352,#1340,#1345));
#1362= IFCFACEOUTERBOUND(#1361,.T.);
#1363= IFCFACE((#1362));
#1364= IFCCARTESIANPOINT((-110.153989604118,0.,-242.166713810879));
#1365= IFCCARTESIANPOINT((-110.153989604118,8.48528137423818,-242.166713810879));
#1366= IFCPOLYLOOP((#1364,#1365,#1353,#1352));
#1367= IFCFACEOUTERBOUND(#1366,.T.);
#1368= IFCFACE((#1367));
#1369= IFCCARTESIANPOINT((-103.563041183974,0.,-236.75766223102));
#1370= IFCPOLYLOOP((#1365,#1369,#1357,#1353));
#1371= IFCFACEOUTERBOUND(#1370,.T.);
#1372= IFCFACE((#1371));
#1373= IFCPOLYLOOP((#1369,#1364,#1352,#1357));
#1374= IFCFACEOUTERBOUND(#1373,.T.);
#1375= IFCFACE((#1374));
#1376= IFCCARTESIANPOINT((-125.673780169578,0.,-218.939705815267));
#1377= IFCCARTESIANPOINT((-125.673780169578,8.48528137423818,-218.939705815267));
#1378= IFCPOLYLOOP((#1376,#1377,#1365,#1364));
#1379= IFCFACEOUTERBOUND(#1378,.T.);
#1380= IFCFACE((#1379));
#1381= IFCCARTESIANPOINT((-118.154221360684,0.,-214.920417894475));
#1382= IFCPOLYLOOP((#1377,#1381,#1369,#1365));
#1383= IFCFACEOUTERBOUND(#1382,.T.);
#1384= IFCFACE((#1383));
#1385= IFCPOLYLOOP((#1381,#1376,#1364,#1369));
#1386= IFCFACEOUTERBOUND(#1385,.T.);
#1387= IFCFACE((#1386));
#1388= IFCCARTESIANPOINT((-136.363997841781,0.,-193.131237326328));
#1389= IFCCARTESIANPOINT((-136.363997841781,8.48528137423818,-193.131237326328));
#1390= IFCPOLYLOOP((#1388,#1389,#1377,#1376));
#1391= IFCFACEOUTERBOUND(#1390,.T.);
#1392= IFCFACE((#1391));
#1393= IFCCARTESIANPOINT((-128.204801072156,0.,-190.656172045357));
#1394= IFCPOLYLOOP((#1389,#1393,#1381,#1377));
#1395= IFCFACEOUTERBOUND(#1394,.T.);
#1396= IFCFACE((#1395));
#1397= IFCPOLYLOOP((#1393,#1388,#1376,#1381));
#1398= IFCFACEOUTERBOUND(#1397,.T.);
#1399= IFCFACE((#1398));
#1400= IFCCARTESIANPOINT((-141.813823550739,0.,-165.733113314528));
#1401= IFCCARTESIANPOINT((-141.813823550739,8.48528137423818,-165.733113314528));
#1402= IFCPOLYLOOP((#1400,#1401,#1389,#1388));
#1403= IFCFACEOUTERBOUND(#1402,.T.);
#1404= IFCFACE((#1403));
#1405= IFCCARTESIANPOINT((-133.328542176499,0.,-164.897386044096));
#1406= IFCPOLYLOOP((#1401,#1405,#1393,#1389));
#1407= IFCFACEOUTERBOUND(#1406,.T.);
#1408= IFCFACE((#1407));
#1409= IFCPOLYLOOP((#1405,#1400,#1388,#1393));
#1410= IFCFACEOUTERBOUND(#1409,.T.);
#1411= IFCFACE((#1410));
#1412= IFCCARTESIANPOINT((-141.81382355075,0.,-137.7982283206));
#1413= IFCCARTESIANPOINT((-141.81382355075,8.48528137423818,-137.7982283206));
#1414= IFCPOLYLOOP((#1412,#1413,#1401,#1400));
#1415= IFCFACEOUTERBOUND(#1414,.T.);
#1416= IFCFACE((#1415));
#1417= IFCCARTESIANPOINT((-133.32854217651,0.,-138.633955591027));
#1418= IFCPOLYLOOP((#1413,#1417,#1405,#1401));
#1419= IFCFACEOUTERBOUND(#1418,.T.);
#1420= IFCFACE((#1419));
#1421= IFCPOLYLOOP((#1417,#1412,#1400,#1405));
#1422= IFCFACEOUTERBOUND(#1421,.T.);
#1423= IFCFACE((#1422));
#1424= IFCCARTESIANPOINT((-136.36399784181,0.,-110.400104308798));
#1425= IFCCARTESIANPOINT((-136.36399784181,8.48528137423818,-110.400104308798));
#1426= IFCPOLYLOOP((#1424,#1425,#1413,#1412));
#1427= IFCFACEOUTERBOUND(#1426,.T.);
#1428= IFCFACE((#1427));
#1429= IFCCARTESIANPOINT((-128.204801072181,0.,-112.875169589763));
#1430= IFCPOLYLOOP((#1425,#1429,#1417,#1413));
#1431= IFCFACEOUTERBOUND(#1430,.T.);
#1432= IFCFACE((#1431));
#1433= IFCPOLYLOOP((#1429,#1424,#1412,#1417));
#1434= IFCFACEOUTERBOUND(#1433,.T.);
#1435= IFCFACE((#1434));
#1436= IFCCARTESIANPOINT((-125.673780169618,0.,-84.591635819851));
#1437= IFCCARTESIANPOINT((-125.673780169618,8.48528137423818,-84.591635819851));
#1438= IFCPOLYLOOP((#1436,#1437,#1425,#1424));
#1439= IFCFACEOUTERBOUND(#1438,.T.);
#1440= IFCFACE((#1439));
#1441= IFCCARTESIANPOINT((-118.154221360728,0.,-88.6109237406363));
#1442= IFCPOLYLOOP((#1437,#1441,#1429,#1425));
#1443= IFCFACEOUTERBOUND(#1442,.T.);
#1444= IFCFACE((#1443));
#1445= IFCPOLYLOOP((#1441,#1436,#1424,#1429));
#1446= IFCFACEOUTERBOUND(#1445,.T.);
#1447= IFCFACE((#1446));
#1448= IFCCARTESIANPOINT((-110.153989604176,0.,-61.3646278242313));
#1449= IFCCARTESIANPOINT((-110.153989604176,8.48528137423818,-61.3646278242313));
#1450= IFCPOLYLOOP((#1448,#1449,#1437,#1436));
#1451= IFCFACEOUTERBOUND(#1450,.T.);
#1452= IFCFACE((#1451));
#1453= IFCCARTESIANPOINT((-103.563041184028,0.,-66.7736794040857));
#1454= IFCPOLYLOOP((#1449,#1453,#1441,#1437));
#1455= IFCFACEOUTERBOUND(#1454,.T.);
#1456= IFCFACE((#1455));
#1457= IFCPOLYLOOP((#1453,#1448,#1436,#1441));
#1458= IFCFACEOUTERBOUND(#1457,.T.);
#1459= IFCFACE((#1458));
#1460= IFCCARTESIANPOINT((-90.4010429933114,0.,-41.6116812133514));
#1461= IFCCARTESIANPOINT((-90.4010429933114,8.48528137423818,-41.6116812133514));
#1462= IFCPOLYLOOP((#1460,#1461,#1449,#1448));
#1463= IFCFACEOUTERBOUND(#1462,.T.);
#1464= IFCFACE((#1463));
#1465= IFCCARTESIANPOINT((-84.9919914134553,0.,-48.2026296334943));
#1466= IFCPOLYLOOP((#1461,#1465,#1453,#1449));
#1467= IFCFACEOUTERBOUND(#1466,.T.);
#1468= IFCFACE((#1467));
#1469= IFCPOLYLOOP((#1465,#1460,#1448,#1453));
#1470= IFCFACEOUTERBOUND(#1469,.T.);
#1471= IFCFACE((#1470));
#1472= IFCCARTESIANPOINT((-67.1740349977008,0.,-26.091890647891));
#1473= IFCCARTESIANPOINT((-67.1740349977008,8.48528137423818,-26.091890647891));
#1474= IFCPOLYLOOP((#1472,#1473,#1461,#1460));
#1475= IFCFACEOUTERBOUND(#1474,.T.);
#1476= IFCFACE((#1475));
#1477= IFCCARTESIANPOINT((-63.1547470769074,0.,-33.6114494567819));
#1478= IFCPOLYLOOP((#1473,#1477,#1465,#1461));
#1479= IFCFACEOUTERBOUND(#1478,.T.);
#1480= IFCFACE((#1479));
#1481= IFCPOLYLOOP((#1477,#1472,#1460,#1465));
#1482= IFCFACEOUTERBOUND(#1481,.T.);
#1483= IFCFACE((#1482));
#1484= IFCCARTESIANPOINT((-41.3655665087535,0.,-15.4016729756841));
#1485= IFCCARTESIANPOINT((-41.3655665087535,8.48528137423818,-15.4016729756841));
#1486= IFCPOLYLOOP((#1484,#1485,#1473,#1472));
#1487= IFCFACEOUTERBOUND(#1486,.T.);
#1488= IFCFACE((#1487));
#1489= IFCCARTESIANPOINT((-38.8905012277901,0.,-23.5608697453117));
#1490= IFCPOLYLOOP((#1485,#1489,#1477,#1473));
#1491= IFCFACEOUTERBOUND(#1490,.T.);
#1492= IFCFACE((#1491));
#1493= IFCPOLYLOOP((#1489,#1484,#1472,#1477));
#1494= IFCFACEOUTERBOUND(#1493,.T.);
#1495= IFCFACE((#1494));
#1496= IFCCARTESIANPOINT((-13.9674424969562,0.,-9.95184726672778));
#1497= IFCCARTESIANPOINT((-13.9674424969562,8.48528137423818,-9.95184726672778));
#1498= IFCPOLYLOOP((#1496,#1497,#1485,#1484));
#1499= IFCFACEOUTERBOUND(#1498,.T.);
#1500= IFCFACE((#1499));
#1501= IFCCARTESIANPOINT((-13.1317152265292,0.,-18.4371286409669));
#1502= IFCPOLYLOOP((#1497,#1501,#1489,#1485));
#1503= IFCFACEOUTERBOUND(#1502,.T.);
#1504= IFCFACE((#1503));
#1505= IFCPOLYLOOP((#1501,#1496,#1484,#1489));
#1506= IFCFACEOUTERBOUND(#1505,.T.);
#1507= IFCFACE((#1506));
#1508= IFCCARTESIANPOINT((13.9674424969635,0.,-9.95184726671869));
#1509= IFCCARTESIANPOINT((13.9674424969635,8.48528137423818,-9.95184726671869));
#1510= IFCPOLYLOOP((#1508,#1509,#1497,#1496));
#1511= IFCFACEOUTERBOUND(#1510,.T.);
#1512= IFCFACE((#1511));
#1513= IFCCARTESIANPOINT((13.1317152265401,0.,-18.4371286409587));
#1514= IFCPOLYLOOP((#1509,#1513,#1501,#1497));
#1515= IFCFACEOUTERBOUND(#1514,.T.);
#1516= IFCFACE((#1515));
#1517= IFCPOLYLOOP((#1513,#1508,#1496,#1501));
#1518= IFCFACEOUTERBOUND(#1517,.T.);
#1519= IFCFACE((#1518));
#1520= IFCCARTESIANPOINT((41.3655665087681,0.,-15.4016729756586));
#1521= IFCCARTESIANPOINT((41.3655665087681,8.48528137423818,-15.4016729756586));
#1522= IFCPOLYLOOP((#1520,#1521,#1509,#1508));
#1523= IFCFACEOUTERBOUND(#1522,.T.);
#1524= IFCFACE((#1523));
#1525= IFCCARTESIANPOINT((38.8905012278046,0.,-23.5608697452863));
#1526= IFCPOLYLOOP((#1521,#1525,#1513,#1509));
#1527= IFCFACEOUTERBOUND(#1526,.T.);
#1528= IFCFACE((#1527));
#1529= IFCPOLYLOOP((#1525,#1520,#1508,#1513));
#1530= IFCFACEOUTERBOUND(#1529,.T.);
#1531= IFCFACE((#1530));
#1532= IFCCARTESIANPOINT((67.1740349977154,0.,-26.0918906478473));
#1533= IFCCARTESIANPOINT((67.1740349977154,8.48528137423818,-26.0918906478473));
#1534= IFCPOLYLOOP((#1532,#1533,#1521,#1520));
#1535= IFCFACEOUTERBOUND(#1534,.T.);
#1536= IFCFACE((#1535));
#1537= IFCCARTESIANPOINT((63.1547470769292,0.,-33.6114494567391));
#1538= IFCPOLYLOOP((#1533,#1537,#1525,#1521));
#1539= IFCFACEOUTERBOUND(#1538,.T.);
#1540= IFCFACE((#1539));
#1541= IFCPOLYLOOP((#1537,#1532,#1520,#1525));
#1542= IFCFACEOUTERBOUND(#1541,.T.);
#1543= IFCFACE((#1542));
#1544= IFCCARTESIANPOINT((90.4010429933369,0.,-41.6116812132941));
#1545= IFCCARTESIANPOINT((90.4010429933369,8.48528137423818,-41.6116812132941));
#1546= IFCPOLYLOOP((#1544,#1545,#1533,#1532));
#1547= IFCFACEOUTERBOUND(#1546,.T.);
#1548= IFCFACE((#1547));
#1549= IFCCARTESIANPOINT((84.9919914134844,0.,-48.2026296334379));
#1550= IFCPOLYLOOP((#1545,#1549,#1537,#1533));
#1551= IFCFACEOUTERBOUND(#1550,.T.);
#1552= IFCFACE((#1551));
#1553= IFCPOLYLOOP((#1549,#1544,#1532,#1537));
#1554= IFCFACEOUTERBOUND(#1553,.T.);
#1555= IFCFACE((#1554));
#1556= IFCCARTESIANPOINT((110.15398960422,0.,-61.3646278241577));
#1557= IFCCARTESIANPOINT((110.15398960422,8.48528137423818,-61.3646278241577));
#1558= IFCPOLYLOOP((#1556,#1557,#1545,#1544));
#1559= IFCFACEOUTERBOUND(#1558,.T.);
#1560= IFCFACE((#1559));
#1561= IFCCARTESIANPOINT((103.563041184076,0.,-66.7736794040175));
#1562= IFCPOLYLOOP((#1557,#1561,#1549,#1545));
#1563= IFCFACEOUTERBOUND(#1562,.T.);
#1564= IFCFACE((#1563));
#1565= IFCPOLYLOOP((#1561,#1556,#1544,#1549));
#1566= IFCFACEOUTERBOUND(#1565,.T.);
#1567= IFCFACE((#1566));
#1568= IFCCARTESIANPOINT((125.673780169676,0.,-84.5916358197683));
#1569= IFCCARTESIANPOINT((125.673780169676,8.48528137423818,-84.5916358197683));
#1570= IFCPOLYLOOP((#1568,#1569,#1557,#1556));
#1571= IFCFACEOUTERBOUND(#1570,.T.);
#1572= IFCFACE((#1571));
#1573= IFCCARTESIANPOINT((118.154221360786,0.,-88.6109237405608));
#1574= IFCPOLYLOOP((#1569,#1573,#1561,#1557));
#1575= IFCFACEOUTERBOUND(#1574,.T.);
#1576= IFCFACE((#1575));
#1577= IFCPOLYLOOP((#1573,#1568,#1556,#1561));
#1578= IFCFACEOUTERBOUND(#1577,.T.);
#1579= IFCFACE((#1578));
#1580= IFCCARTESIANPOINT((136.36399784188,0.,-110.400104308709));
#1581= IFCCARTESIANPOINT((136.36399784188,8.48528137423818,-110.400104308709));
#1582= IFCPOLYLOOP((#1580,#1581,#1569,#1568));
#1583= IFCFACEOUTERBOUND(#1582,.T.);
#1584= IFCFACE((#1583));
#1585= IFCCARTESIANPOINT((128.204801072254,0.,-112.875169589678));
#1586= IFCPOLYLOOP((#1581,#1585,#1573,#1569));
#1587= IFCFACEOUTERBOUND(#1586,.T.);
#1588= IFCFACE((#1587));
#1589= IFCPOLYLOOP((#1585,#1580,#1568,#1573));
#1590= IFCFACEOUTERBOUND(#1589,.T.);
#1591= IFCFACE((#1590));
#1592= IFCCARTESIANPOINT((141.813823550841,0.,-137.798228320507));
#1593= IFCCARTESIANPOINT((141.813823550841,8.48528137423818,-137.798228320507));
#1594= IFCPOLYLOOP((#1592,#1593,#1581,#1580));
#1595= IFCFACEOUTERBOUND(#1594,.T.);
#1596= IFCFACE((#1595));
#1597= IFCCARTESIANPOINT((133.328542176601,0.,-138.63395559094));
#1598= IFCPOLYLOOP((#1593,#1597,#1585,#1581));
#1599= IFCFACEOUTERBOUND(#1598,.T.);
#1600= IFCFACE((#1599));
#1601= IFCPOLYLOOP((#1597,#1592,#1580,#1585));
#1602= IFCFACEOUTERBOUND(#1601,.T.);
#1603= IFCFACE((#1602));
#1604= IFCCARTESIANPOINT((141.813823550849,0.,-165.733113314435));
#1605= IFCCARTESIANPOINT((141.813823550849,8.48528137423818,-165.733113314435));
#1606= IFCPOLYLOOP((#1604,#1605,#1593,#1592));
#1607= IFCFACEOUTERBOUND(#1606,.T.);
#1608= IFCFACE((#1607));
#1609= IFCCARTESIANPOINT((133.328542176612,0.,-164.897386044008));
#1610= IFCPOLYLOOP((#1605,#1609,#1597,#1593));
#1611= IFCFACEOUTERBOUND(#1610,.T.);
#1612= IFCFACE((#1611));
#1613= IFCPOLYLOOP((#1609,#1604,#1592,#1597));
#1614= IFCFACEOUTERBOUND(#1613,.T.);
#1615= IFCFACE((#1614));
#1616= IFCCARTESIANPOINT((136.363997841912,0.,-193.131237326237));
#1617= IFCCARTESIANPOINT((136.363997841912,8.48528137423818,-193.131237326237));
#1618= IFCPOLYLOOP((#1616,#1617,#1605,#1604));
#1619= IFCFACEOUTERBOUND(#1618,.T.);
#1620= IFCFACE((#1619));
#1621= IFCCARTESIANPOINT((128.204801072279,0.,-190.656172045274));
#1622= IFCPOLYLOOP((#1617,#1621,#1609,#1605));
#1623= IFCFACEOUTERBOUND(#1622,.T.);
#1624= IFCFACE((#1623));
#1625= IFCPOLYLOOP((#1621,#1616,#1604,#1609));
#1626= IFCFACEOUTERBOUND(#1625,.T.);
#1627= IFCFACE((#1626));
#1628= IFCCARTESIANPOINT((125.67378016972,0.,-218.939705815186));
#1629= IFCCARTESIANPOINT((125.67378016972,8.48528137423818,-218.939705815186));
#1630= IFCPOLYLOOP((#1628,#1629,#1617,#1616));
#1631= IFCFACEOUTERBOUND(#1630,.T.);
#1632= IFCFACE((#1631));
#1633= IFCCARTESIANPOINT((118.154221360826,0.,-214.920417894399));
#1634= IFCPOLYLOOP((#1629,#1633,#1621,#1617));
#1635= IFCFACEOUTERBOUND(#1634,.T.);
#1636= IFCFACE((#1635));
#1637= IFCPOLYLOOP((#1633,#1628,#1616,#1621));
#1638= IFCFACEOUTERBOUND(#1637,.T.);
#1639= IFCFACE((#1638));
#1640= IFCCARTESIANPOINT((110.153989604274,0.,-242.166713810806));
#1641= IFCCARTESIANPOINT((110.153989604274,8.48528137423818,-242.166713810806));
#1642= IFCPOLYLOOP((#1640,#1641,#1629,#1628));
#1643= IFCFACEOUTERBOUND(#1642,.T.);
#1644= IFCFACE((#1643));
#1645= IFCCARTESIANPOINT((103.56304118413,0.,-236.75766223095));
#1646= IFCPOLYLOOP((#1641,#1645,#1633,#1629));
#1647= IFCFACEOUTERBOUND(#1646,.T.);
#1648= IFCFACE((#1647));
#1649= IFCPOLYLOOP((#1645,#1640,#1628,#1633));
#1650= IFCFACEOUTERBOUND(#1649,.T.);
#1651= IFCFACE((#1650));
#1652= IFCCARTESIANPOINT((90.4010429934133,0.,-261.919660421685));
#1653= IFCCARTESIANPOINT((90.4010429934133,8.48528137423818,-261.919660421685));
#1654= IFCPOLYLOOP((#1652,#1653,#1641,#1640));
#1655= IFCFACEOUTERBOUND(#1654,.T.);
#1656= IFCFACE((#1655));
#1657= IFCCARTESIANPOINT((84.9919914135535,0.,-255.328712001543));
#1658= IFCPOLYLOOP((#1653,#1657,#1645,#1641));
#1659= IFCFACEOUTERBOUND(#1658,.T.);
#1660= IFCFACE((#1659));
#1661= IFCPOLYLOOP((#1657,#1652,#1640,#1645));
#1662= IFCFACEOUTERBOUND(#1661,.T.);
#1663= IFCFACE((#1662));
#1664= IFCCARTESIANPOINT((67.1740349978027,0.,-277.439450987142));
#1665= IFCCARTESIANPOINT((67.1740349978027,8.48528137423818,-277.439450987142));
#1666= IFCPOLYLOOP((#1664,#1665,#1653,#1652));
#1667= IFCFACEOUTERBOUND(#1666,.T.);
#1668= IFCFACE((#1667));
#1669= IFCCARTESIANPOINT((63.1547470770092,0.,-269.919892178255));
#1670= IFCPOLYLOOP((#1665,#1669,#1657,#1653));
#1671= IFCFACEOUTERBOUND(#1670,.T.);
#1672= IFCFACE((#1671));
#1673= IFCPOLYLOOP((#1669,#1664,#1652,#1657));
#1674= IFCFACEOUTERBOUND(#1673,.T.);
#1675= IFCFACE((#1674));
#1676= IFCCARTESIANPOINT((41.3655665088554,0.,-288.129668659351));
#1677= IFCCARTESIANPOINT((41.3655665088554,8.48528137423818,-288.129668659351));
#1678= IFCPOLYLOOP((#1676,#1677,#1665,#1664));
#1679= IFCFACEOUTERBOUND(#1678,.T.);
#1680= IFCFACE((#1679));
#1681= IFCCARTESIANPOINT((38.8905012278919,0.,-279.970471889726));
#1682= IFCPOLYLOOP((#1677,#1681,#1669,#1665));
#1683= IFCFACEOUTERBOUND(#1682,.T.);
#1684= IFCFACE((#1683));
#1685= IFCPOLYLOOP((#1681,#1676,#1664,#1669));
#1686= IFCFACEOUTERBOUND(#1685,.T.);
#1687= IFCFACE((#1686));
#1688= IFCCARTESIANPOINT((13.9674424970581,0.,-293.579494368308));
#1689= IFCCARTESIANPOINT((13.9674424970581,8.48528137423818,-293.579494368308));
#1690= IFCPOLYLOOP((#1688,#1689,#1677,#1676));
#1691= IFCFACEOUTERBOUND(#1690,.T.);
#1692= IFCFACE((#1691));
#1693= IFCCARTESIANPOINT((13.1317152266274,0.,-285.094212994069));
#1694= IFCPOLYLOOP((#1689,#1693,#1681,#1677));
#1695= IFCFACEOUTERBOUND(#1694,.T.);
#1696= IFCFACE((#1695));
#1697= IFCPOLYLOOP((#1693,#1688,#1676,#1681));
#1698= IFCFACEOUTERBOUND(#1697,.T.);
#1699= IFCFACE((#1698));
#1700= IFCPOLYLOOP((#1328,#1327,#1689,#1688));
#1701= IFCFACEOUTERBOUND(#1700,.T.);
#1702= IFCFACE((#1701));
#1703= IFCPOLYLOOP((#1327,#1333,#1693,#1689));
#1704= IFCFACEOUTERBOUND(#1703,.T.);
#1705= IFCFACE((#1704));
#1706= IFCPOLYLOOP((#1333,#1328,#1688,#1693));
#1707= IFCFACEOUTERBOUND(#1706,.T.);
#1708= IFCFACE((#1707));
#1709= IFCPOLYLOOP((#1333,#1328,#1327));
#1710= IFCFACEOUTERBOUND(#1709,.T.);
#1711= IFCFACE((#1710));
#1712= IFCPOLYLOOP((#1333,#1327,#1328));
#1713= IFCFACEOUTERBOUND(#1712,.T.);
#1714= IFCFACE((#1713));
#1715= IFCCLOSEDSHELL((#941,#946,#949,#954,#958,#961,#966,#970,#973,#978,#982,#985,#990,#994,#997,#1002,#1006,#1009,#1014,#1018,#1021,#1026,#1030,#1033,#1038,#1042,#1045,#1050,#1054,#1057,#1062,#1066,#1069,#1074,#1078,#1081,#1086,#1090,#1093,#1098,#1102,#1105,#1110,#1114,#1117,#1122,#1126,#1129,#1134,#1138,#1141,#1146,#1150,#1153,#1158,#1162,#1165,#1170,#1174,#1177,#1182,#1186,#1189,#1194,#1198,#1201,#1206,#1210,#1213,#1218,#1222,#1225,#1230,#1234,#1237,#1242,#1246,#1249,#1254,#1258,#1261,#1266,#1270,#1273,#1278,#1282,#1285,#1290,#1294,#1297,#1302,#1306,#1309,#1312,#1315,#1318,#1321,#1324,#1331,#1336,#1339,#1344,#1348,#1351,#1356,#1360,#1363,#1368,#1372,#1375,#1380,#1384,#1387,#1392,#1396,#1399,#1404,#1408,#1411,#1416,#1420,#1423,#1428,#1432,#1435,#1440,#1444,#1447,#1452,#1456,#1459,#1464,#1468,#1471,#1476,#1480,#1483,#1488,#1492,#1495,#1500,#1504,#1507,#1512,#1516,#1519,#1524,#1528,#1531,#1536,#1540,#1543,#1548,#1552,#1555,#1560,#1564,#1567,#1572,#1576,#1579,#1584,#1588,#1591,#1596,#1600,#1603,#1608,#1612,#1615,#1620,#1624,#1627,#1632,#1636,#1639,#1644,#1648,#1651,#1656,#1660,#1663,#1668,#1672,#1675,#1680,#1684,#1687,#1692,#1696,#1699,#1702,#1705,#1708,#1711,#1714));
#1716= IFCFACETEDBREP(#1715);
#1717= IFCSHAPEREPRESENTATION(#12,'Body','Brep',(#1716));
#1718= IFCCARTESIANPOINT((-14.947613900253,-303.531341635019,0.));
#1719= IFCCARTESIANPOINT((-44.2684132813016,-297.699072016671,0.));
#1720= IFCCARTESIANPOINT((-71.8880023659603,-286.258663630634,0.));
#1721= IFCCARTESIANPOINT((-96.7449758349519,-269.649764955327,0.));
#1722= IFCCARTESIANPOINT((-117.884094137812,-248.510646652465,0.));
#1723= IFCCARTESIANPOINT((-134.492992813122,-223.653673183476,0.));
#1724= IFCCARTESIANPOINT((-145.933401199157,-196.034084098817,0.));
#1725= IFCCARTESIANPOINT((-151.765670817505,-166.713284717768,0.));
#1726= IFCCARTESIANPOINT((-151.765670817507,-136.818056917253,0.));
#1727= IFCCARTESIANPOINT((-145.933401199158,-107.497257536207,0.));
#1728= IFCCARTESIANPOINT((-134.492992813121,-79.8776684515464,0.));
#1729= IFCCARTESIANPOINT((-117.884094137817,-55.0206949825545,0.));
#1730= IFCCARTESIANPOINT((-96.7449758349541,-33.8815766796947,0.));
#1731= IFCCARTESIANPOINT((-71.8880023659645,-17.272678004387,0.));
#1732= IFCCARTESIANPOINT((-44.2684132813052,-5.83226961834811,0.));
#1733= IFCCARTESIANPOINT((44.2684132813072,-5.83226961834768,0.));
#1734= IFCCARTESIANPOINT((71.8880023659658,-17.2726780043845,0.));
#1735= IFCCARTESIANPOINT((96.7449758349575,-33.8815766796919,0.));
#1736= IFCCARTESIANPOINT((117.884094137818,-55.0206949825535,0.));
#1737= IFCCARTESIANPOINT((134.492992813127,-79.8776684515433,0.));
#1738= IFCCARTESIANPOINT((145.933401199163,-107.497257536202,0.));
#1739= IFCCARTESIANPOINT((151.765670817511,-136.81805691725,0.));
#1740= IFCCARTESIANPOINT((151.765670817513,-166.713284717766,0.));
#1741= IFCCARTESIANPOINT((145.933401199164,-196.034084098812,0.));
#1742= IFCCARTESIANPOINT((134.492992813127,-223.653673183472,0.));
#1743= IFCCARTESIANPOINT((117.884094137823,-248.510646652464,0.));
#1744= IFCCARTESIANPOINT((96.7449758349596,-269.649764955324,0.));
#1745= IFCCARTESIANPOINT((71.88800236597,-286.258663630632,0.));
#1746= IFCCARTESIANPOINT((44.2684132813107,-297.699072016671,0.));
#1747= IFCCARTESIANPOINT((14.9476139002641,-303.531341635019,0.));
#1748= IFCPOLYLINE((#1718,#1719,#1720,#1721,#1722,#1723,#1724,#1725,#1726,#1727,#1728,#1729,#1730,#1731,#1732,#1130,#1118,#1733,#1734,#1735,#1736,#1737,#1738,#1739,#1740,#1741,#1742,#1743,#1744,#1745,#1746,#1747,#1718));
#1749= IFCCARTESIANPOINT((-13.9674424969575,-293.579494368297,0.));
#1750= IFCCARTESIANPOINT((13.9674424969657,-293.579494368296,0.));
#1751= IFCCARTESIANPOINT((41.3655665087646,-288.129668659349,0.));
#1752= IFCCARTESIANPOINT((67.1740349977105,-277.439450987149,0.));
#1753= IFCCARTESIANPOINT((90.4010429933254,-261.919660421698,0.));
#1754= IFCCARTESIANPOINT((110.153989604194,-242.166713810827,0.));
#1755= IFCCARTESIANPOINT((125.673780169643,-218.939705815213,0.));
#1756= IFCCARTESIANPOINT((136.363997841842,-193.131237326269,0.));
#1757= IFCCARTESIANPOINT((141.813823550791,-165.73311331447,0.));
#1758= IFCCARTESIANPOINT((141.81382355079,-137.798228320545,0.));
#1759= IFCCARTESIANPOINT((136.363997841841,-110.400104308746,0.));
#1760= IFCCARTESIANPOINT((125.673780169642,-84.5916358198043,0.));
#1761= IFCCARTESIANPOINT((110.153989604193,-61.3646278241896,0.));
#1762= IFCCARTESIANPOINT((90.4010429933219,-41.6116812133189,0.));
#1763= IFCCARTESIANPOINT((67.1740349977046,-26.0918906478679,0.));
#1764= IFCCARTESIANPOINT((41.3655665087599,-15.4016729756704,0.));
#1765= IFCCARTESIANPOINT((13.967442496963,-9.95184726672196,0.));
#1766= IFCCARTESIANPOINT((-13.9674424969601,-9.95184726672309,0.));
#1767= IFCCARTESIANPOINT((-41.365566508759,-15.4016729756701,0.));
#1768= IFCCARTESIANPOINT((-67.174034997705,-26.0918906478699,0.));
#1769= IFCCARTESIANPOINT((-90.4010429933199,-41.611681213321,0.));
#1770= IFCCARTESIANPOINT((-110.153989604189,-61.3646278241921,0.));
#1771= IFCCARTESIANPOINT((-125.673780169638,-84.5916358198058,0.));
#1772= IFCCARTESIANPOINT((-136.363997841837,-110.40010430875,0.));
#1773= IFCCARTESIANPOINT((-141.813823550785,-137.798228320549,0.));
#1774= IFCCARTESIANPOINT((-141.813823550784,-165.733113314473,0.));
#1775= IFCCARTESIANPOINT((-136.363997841835,-193.131237326272,0.));
#1776= IFCCARTESIANPOINT((-125.673780169637,-218.939705815214,0.));
#1777= IFCCARTESIANPOINT((-110.153989604187,-242.166713810829,0.));
#1778= IFCCARTESIANPOINT((-90.4010429933163,-261.9196604217,0.));
#1779= IFCCARTESIANPOINT((-67.174034997699,-277.439450987151,0.));
#1780= IFCCARTESIANPOINT((-41.3655665087543,-288.129668659348,0.));
#1781= IFCPOLYLINE((#1749,#1750,#1751,#1752,#1753,#1754,#1755,#1756,#1757,#1758,#1759,#1760,#1761,#1762,#1763,#1764,#1765,#1766,#1767,#1768,#1769,#1770,#1771,#1772,#1773,#1774,#1775,#1776,#1777,#1778,#1779,#1780,#1749));
#1782= IFCSHAPEREPRESENTATION(#13,'Axis','GeometricCurveSet',(#1748,#1781));
#1783= IFCPRODUCTDEFINITIONSHAPE($,$,(#1717,#1782));
#1784= IFCFASTENER('3wRRMjZrv1zwstaU9OXEvr',#929,'Weld',$,$,#934,#1783,'IDfa6db5ad-8f5e-41f7-adb7-91e25884ee75');
#1785= IFCPROPERTYSINGLEVALUE('WeldID',$,IFCINTEGER(91802451),$);
#1786= IFCPROPERTYSINGLEVALUE('z',$,IFCPOSITIVELENGTHMEASURE(6.),$);
#1787= IFCPROPERTYSINGLEVALUE('l',$,IFCPOSITIVELENGTHMEASURE(956.6),$);
#1788= IFCPROPERTYSINGLEVALUE('d',$,IFCPOSITIVELENGTHMEASURE(6.),$);
#1789= IFCPROPERTYSINGLEVALUE('c',$,IFCPOSITIVELENGTHMEASURE(6.),$);
#1790= IFCPROPERTYSET('0q0ifDY5HD2Abgg2dj36RT',#5,'AISC_EM11_Pset_Weld','WeldIdentity',(#411,#412,#413,#414,#1785,#1786,#417,#418,#1787,#420,#1788,#1789,#423,#424,#425,#426));
#1791= IFCCARTESIANPOINT((8499.99978340913,17130.0316133993,8408.));
#1792= IFCAXIS2PLACEMENT3D(#1791,#429,#8);
#1793= IFCLOCALPLACEMENT(#214,#1792);
#1794= IFCRECTANGLEPROFILEDEF(.AREA.,'PL16*400',#73,16.,400.);
#1795= IFCCARTESIANPOINT((400.,0.,0.));
#1796= IFCAXIS2PLACEMENT3D(#1795,#429,#227);
#1797= IFCEXTRUDEDAREASOLID(#1794,#1796,#9,400.);
#1798= IFCSHAPEREPRESENTATION(#12,'Body','SweptSolid',(#1797));
#1799= IFCPRODUCTDEFINITIONSHAPE($,$,(#1798));
#1800= IFCDISCRETEACCESSORY('00EvMyfEP13uiCa3YamqhC',#929,'Support section',$,$,#1793,#1799,'1008');
#1801= IFCLOCALPLACEMENT(#214,#874);
#1802= IFCCARTESIANPOINT((0.,-0.1,0.));
#1803= IFCAXIS2PLACEMENT3D(#1802,#8,#7);
#1804= IFCEXTRUDEDAREASOLID(#74,#1803,#9,16.2);
#1805= IFCSHAPEREPRESENTATION(#12,'Body','SweptSolid',(#1804));
#1806= IFCREPRESENTATIONMAP(#10,#1805);
#1807= IFCMAPPEDITEM(#1806,#896);
#1808= IFCMAPPEDITEM(#1806,#901);
#1809= IFCMAPPEDITEM(#1806,#904);
#1810= IFCMAPPEDITEM(#1806,#907);
#1811= IFCSHAPEREPRESENTATION(#12,'Body','MappedRepresentation',(#1807,#1808,#1809,#1810));
#1812= IFCPRODUCTDEFINITIONSHAPE($,$,(#1811));
#1813= IFCOPENINGELEMENT('28IMs0GMn659knF86H7IOy',#5,$,$,'Opening',#1801,#1812,$);
#1814= IFCRELVOIDSELEMENT('3gClJVMp180xQzfWTft8xR',#5,'Drill Hole',$,#1800,#1813);
#1815= IFCPROPERTYSINGLEVALUE('PieceMark',$,IFCIDENTIFIER(''),$);
#1816= IFCPROPERTYSINGLEVALUE('IndicationMark',$,IFCIDENTIFIER('1008'),$);
#1817= IFCPROPERTYSET('2SFemU0bT4CeKu9U3$hoeG',#5,'AISC_EM11_Pset_PieceIdentification','PieceIdentity',(#1815,#1816,#304,#456));
#1818= IFCCARTESIANPOINT((8499.99978340913,17330.0316133993,8400.));
#1819= IFCAXIS2PLACEMENT3D(#1818,#9,#8);
#1820= IFCLOCALPLACEMENT(#214,#1819);
#1821= IFCCIRCLEHOLLOWPROFILEDEF(.AREA.,'\S\X305*10',#73,152.5,10.);
#1822= IFCCARTESIANPOINT((0.,0.,5550.));
#1823= IFCAXIS2PLACEMENT3D(#1822,#245,#8);
#1824= IFCEXTRUDEDAREASOLID(#1821,#1823,#9,5534.);
#1825= IFCCARTESIANPOINT((-152.5,0.,16.));
#1826= IFCAXIS2PLACEMENT3D(#1825,#9,#8);
#1827= IFCPLANE(#1826);
#1828= IFCHALFSPACESOLID(#1827,.T.);
#1829= IFCBOOLEANCLIPPINGRESULT(.DIFFERENCE.,#1824,#1828);
#1830= IFCSHAPEREPRESENTATION(#12,'Body','Clipping',(#1829));
#1831= IFCPRODUCTDEFINITIONSHAPE($,$,(#1830));
#1832= IFCCOLUMN('3LyKuyDuL3VfYihFP67$NQ',#44,'main piece','\S\X305*10','\S\X305*10',#1820,#1831,'c/6');
#1833= IFCPROPERTYSINGLEVALUE('PieceMark',$,IFCIDENTIFIER('COLUMN'),$);
#1834= IFCPROPERTYSINGLEVALUE('IndicationMark',$,IFCIDENTIFIER('c/6'),$);
#1835= IFCPROPERTYSET('1L9zodVFvAXuoh6HlKuDG8',#5,'AISC_EM11_Pset_PieceIdentification','PieceIdentity',(#1833,#1834,#304,#305));
#1836= IFCPROPERTYSINGLEVALUE('SkewedAngleY',$,IFCREAL(0.),$);
#1837= IFCPROPERTYSINGLEVALUE('SkewedAngleX',$,IFCREAL(0.),$);
#1838= IFCPROPERTYSET('0A_gmvnI9CbxIeqMT$yGLN',#5,'AISC_EM11_Pset_SkewedEnd',$,(#1836,#1837));
#1839= IFCPROPERTYSET('0Z2kxNNz1438LnZ9vF3PgW',#5,'AISC_EM11_Pset_SkewedEnd_2',$,(#1836,#1837));
#1840= IFCRELAGGREGATES('31kqT3yUL1fuk3RnQ8DFMj',#5,$,$,#37,(#39));
#1841= IFCRELAGGREGATES('2J06lLEmdJxA0Lj3iQVXe$',#5,$,$,#39,(#41));
#1842= IFCRELAGGREGATES('0v3xn5O8rClx0Frgnlf6nD',#5,$,$,#41,(#43));
#1843= IFCRELAGGREGATES('0EPXqLCMb9jhRaHZxDGljd',#5,$,$,#46,(#838,#351,#182));
#1844= IFCRELAGGREGATES('12u4BVK212F8z$Ea6iPmSy',#5,$,$,#201,(#845,#489,#212));
#1845= IFCRELAGGREGATES('3MLUPpoWj85Ai08fjAJC$q',#5,$,$,#215,(#1832,#1800,#1784,#919,#847,#815,#806,#691,#675,#544,#536,#438,#410,#221));
#1846= IFCRELAGGREGATES('0sLnhemXLF9uX1CM1o26eN',#5,$,$,#221,(#242));
#1847= IFCRELAGGREGATES('3lrQrsgeD9AfS$ObsucBFD',#5,$,$,#562,(#613));
#1848= IFCRELAGGREGATES('0YozDJrYD7RhqhZiyEQf6B',#5,$,$,#710,(#751));
#1849= IFCRELAGGREGATES('2XCrTwcMP84wjs_A$XMDjR',#5,$,$,#847,(#853));
#1850= IFCRELCONTAINEDINSPATIALSTRUCTURE('3VVqholjvDq8Vb7bpcy9YE',#5,$,$,(#710,#562,#215,#201,#46),#43);
#1851= IFCRELCONNECTSWITHREALIZINGELEMENTS('3PlCnZzgDAm8ouH$vglr7H',#5,$,$,$,#1832,#1800,(#1784),$);
#1852= IFCRELCONNECTSWITHREALIZINGELEMENTS('2HNtJuy0XEWfN_zN9jNn$n',#5,$,$,$,#1832,#815,(#806),$);
#1853= IFCRELCONNECTSWITHREALIZINGELEMENTS('0zL$4oTcbEmP4Nr0Fs0o5Y',#5,$,$,$,#1832,#691,(#675),$);
#1854= IFCRELCONNECTSWITHREALIZINGELEMENTS('3f_5OcKvDEbAXYbI_fXvKG',#5,$,$,$,#1832,#544,(#536),$);
#1855= IFCRELCONNECTSWITHREALIZINGELEMENTS('2VHScBGhfF29bBa5WVDi34',#5,$,$,$,#1832,#438,(#410),$);
#1856= IFCRELDEFINESBYPROPERTIES('2UzOI3eSX4jxUDESGzBUwt',#5,$,$,(#847,#710,#562,#221,#215,#201,#46),#48);
#1857= IFCRELDEFINESBYPROPERTIES('21D$KQdr5EwxUAmU82YXPW',#5,$,$,(#46),#50);
#1858= IFCRELDEFINESBYPROPERTIES('3_gM6B74f0h9iX9$ocoaK2',#5,$,$,(#46),#54);
#1859= IFCRELDEFINESBYPROPERTIES('1w94bQnsD03h661p8McpOi',#5,$,$,(#845,#838,#212,#182),#189);
#1860= IFCRELDEFINESBYPROPERTIES('32PMtCJfD6I993VXRrNmYT',#5,$,$,(#845,#838,#489,#351,#212,#182),#192);
#1861= IFCRELDEFINESBYPROPERTIES('2fPDj_3in7A8K4bbr7ffel',#5,$,$,(#845,#838,#489,#351,#212,#182),#197);
#1862= IFCRELDEFINESBYPROPERTIES('1PcvmYAxLCf8V8HU6hrZTt',#5,$,$,(#201),#203);
#1863= IFCRELDEFINESBYPROPERTIES('09UIEBiuf6wueBtTMoKsB8',#5,$,$,(#201),#205);
#1864= IFCRELDEFINESBYPROPERTIES('06StYfIQ52_8FH$_hXnP4r',#5,$,$,(#215),#217);
#1865= IFCRELDEFINESBYPROPERTIES('1l$BbdOhz3sxEGJHKrtwuP',#5,$,$,(#215),#219);
#1866= IFCRELDEFINESBYPROPERTIES('3I_tN$aST9ThnFrkii7GKV',#5,$,$,(#847,#221),#223);
#1867= IFCRELDEFINESBYPROPERTIES('3Lon1VT7f4BOsaqjQM$ZxM',#5,$,$,(#847,#221),#225);
#1868= IFCRELDEFINESBYPROPERTIES('0bVHsgRXf8RgyLKgHX8sVQ',#5,$,$,(#860,#256),#262);
#1869= IFCRELDEFINESBYPROPERTIES('1Ygcb_PRv4OB4BC$ldCHqu',#5,$,$,(#1813,#870,#865,#827,#704,#557,#452,#300,#292),#296);
#1870= IFCRELDEFINESBYPROPERTIES('1MLE3llLX6wA1kgbreYR0z',#5,$,$,(#853,#242),#306);
#1871= IFCRELDEFINESBYPROPERTIES('1_PWv8GL98kPobm0naI20i',#5,$,$,(#1832,#1800,#853,#815,#691,#544,#438,#242),#309);
#1872= IFCRELDEFINESBYPROPERTIES('2KLRP0iBn7088VjVZV$XaA',#5,$,$,(#489,#351),#355);
#1873= IFCRELDEFINESBYPROPERTIES('2tf2pMufj3MQdWHV$iBzu_',#5,$,$,(#410),#427);
#1874= IFCRELDEFINESBYPROPERTIES('33OSM1K4DESRxoXyQlfyyC',#5,$,$,(#544,#438),#457);
#1875= IFCRELDEFINESBYPROPERTIES('2K4ahdlur94eUyog30DdJE',#5,$,$,(#536),#538);
#1876= IFCRELDEFINESBYPROPERTIES('22OF3_GRTF990rk5ze$eM$',#5,$,$,(#562),#564);
#1877= IFCRELDEFINESBYPROPERTIES('0AevYiywb1eP4lAkGicgXZ',#5,$,$,(#562),#566);
#1878= IFCRELDEFINESBYPROPERTIES('0W7$DYdfbFNebl_nKR9qi_',#5,$,$,(#613),#616);
#1879= IFCRELDEFINESBYPROPERTIES('3VZEG5Gub2ogtHw6wpW0Et',#5,$,$,(#751,#613),#618);
#1880= IFCRELDEFINESBYPROPERTIES('0AKdaG4ZLBCuu2TjNrNhvK',#5,$,$,(#751,#613),#620);
#1881= IFCRELDEFINESBYPROPERTIES('24brEfSqX7s82l9mBWnZTz',#5,$,$,(#675),#681);
#1882= IFCRELDEFINESBYPROPERTIES('1rg$ezjhvCfQN18ozS5Gcs',#5,$,$,(#691),#707);
#1883= IFCRELDEFINESBYPROPERTIES('1xt22O8dr6aA6Hhedx4xzX',#5,$,$,(#710),#712);
#1884= IFCRELDEFINESBYPROPERTIES('0P1FCaNKn3hu4AZKpeSnSv',#5,$,$,(#710),#714);
#1885= IFCRELDEFINESBYPROPERTIES('01B_c2G6n0JAB3Yc6QgXL2',#5,$,$,(#751),#753);
#1886= IFCRELDEFINESBYPROPERTIES('2uXqAKYO57FgLJmZvxqrTz',#5,$,$,(#806),#808);
#1887= IFCRELDEFINESBYPROPERTIES('0UY73fAbPD$fzMkJg0vlbY',#5,$,$,(#815),#830);
#1888= IFCRELDEFINESBYPROPERTIES('1bh3T1NUPDefV49LoMzDNB',#5,$,$,(#919),#923);
#1889= IFCRELDEFINESBYPROPERTIES('3$f5jG9QHA9exKfMMLjtHU',#5,$,$,(#919),#925);
#1890= IFCRELDEFINESBYPROPERTIES('1NS6rcQhv7jhNoLpnZIZ9j',#5,$,$,(#919),#928);
#1891= IFCRELDEFINESBYPROPERTIES('3HJAcHDjv1mv9vWMxlrFu6',#5,$,$,(#1784),#1790);
#1892= IFCRELDEFINESBYPROPERTIES('0srQ$lhmf7OuTzYGCAgyo_',#5,$,$,(#1800),#1817);
#1893= IFCRELDEFINESBYPROPERTIES('0UgYVlYJbDNf0eW6_JhqXm',#5,$,$,(#1832),#1835);
#1894= IFCRELDEFINESBYPROPERTIES('3oyWmgxZLDjPRFGtr$GsyS',#5,$,$,(#1832),#1838);
#1895= IFCRELDEFINESBYPROPERTIES('1cUWJFCNH9ZgP_h8W$n8EY',#5,$,$,(#1832),#1839);
#1896= IFCRELASSOCIATESMATERIAL('2Uqhbvb$D9$gTvlAUlclNq',#5,$,$,(#919,#845,#838,#751,#613,#489,#351,#212,#182),#198);
#1897= IFCRELASSOCIATESMATERIAL('3Z_1QlvWv8EhnejtC_a4Ud',#5,$,$,(#1832,#1800,#853,#815,#691,#544,#438,#242),#310);
ENDSEC;

END-ISO-10303-21;
