ISO-10303-21;
HEADER;
FILE_DESCRIPTION(('ViewDefinition[AISC_Steel_Detailing]', 'Option [BaseQuantities:Off]', 'Option [GridExport:On]', 'Option [Assemblies:On]', 'Option [Bolts:On]', 'Option [Rebars:On]', 'Option [PourObjects:Off]', 'Option [Welds:On]', 'Option [SurfaceTreatments:On]', 'Option [LocationBy:0]', 'Option [ViewColors:Off]', 'Option [SectionedSpine:Off]', 'Option [PropertySets:On]', 'Option [Export all:Off]'),'2;1');
FILE_NAME('col01.ifc','2026-04-07T15:55:41',('PC\\gcorrea'),('Structural Designer'),'IFC Database version: Work','Tekla Structures 2020 Service Pack 5, IFC Export Version: 4.0.0.0 Dec  7 2020','');
FILE_SCHEMA(('IFC2X3'));
ENDSEC;

DATA;
#1= IFCPERSON('PC\\gcorrea','Undefined',$,$,$,$,$,$);
#2= IFCORGANIZATION($,'Trimble Solutions Corporation',$,$,$);
#3= IFCPERSONANDORGANIZATION(#1,#2,$);
#4= IFCAPPLICATION(#2,'2020 Service Pack 5','Tekla Structures','Multi material modeling');
#5= IFCOWNERHISTORY(#3,#4,$,.NOCHANGE.,$,$,$,1775595341);
#6= IFCCARTESIANPOINT((0.,0.,0.));
#7= IFCDIRECTION((1.,0.,0.));
#8= IFCDIRECTION((0.,1.,0.));
#9= IFCDIRECTION((0.,0.,1.));
#10= IFCAXIS2PLACEMENT3D(#6,#9,#7);
#11= IFCGEOMETRICREPRESENTATIONCONTEXT($,'Model',3,1.E-05,#10,$);
#12= IFCGEOMETRICREPRESENTATIONSUBCONTEXT('Body','Model',*,*,*,*,#11,$,.MODEL_VIEW.,$);
#13= IFCGEOMETRICREPRESENTATIONSUBCONTEXT('Axis','Model',*,*,*,*,#11,$,.GRAPH_VIEW.,$);
#14= IFCGEOMETRICREPRESENTATIONSUBCONTEXT('FootPrint','Model',*,*,*,*,#11,$,.MODEL_VIEW.,$);
#15= IFCSIUNIT(*,.LENGTHUNIT.,.MILLI.,.METRE.);
#16= IFCMEASUREWITHUNIT(IFCRATIOMEASURE(304.8),#15);
#17= IFCDIMENSIONALEXPONENTS(1,0,0,0,0,0,0);
#18= IFCCONVERSIONBASEDUNIT(#17,.LENGTHUNIT.,'FOOT',#16);
#19= IFCSIUNIT(*,.AREAUNIT.,$,.SQUARE_METRE.);
#20= IFCMEASUREWITHUNIT(IFCRATIOMEASURE(0.09290304),#19);
#21= IFCDIMENSIONALEXPONENTS(2,0,0,0,0,0,0);
#22= IFCCONVERSIONBASEDUNIT(#21,.AREAUNIT.,'SQUARE FOOT',#20);
#23= IFCSIUNIT(*,.VOLUMEUNIT.,$,.CUBIC_METRE.);
#24= IFCMEASUREWITHUNIT(IFCRATIOMEASURE(0.028316846592),#23);
#25= IFCDIMENSIONALEXPONENTS(3,0,0,0,0,0,0);
#26= IFCCONVERSIONBASEDUNIT(#25,.VOLUMEUNIT.,'CUBIC FOOT',#24);
#27= IFCSIUNIT(*,.MASSUNIT.,.KILO.,.GRAM.);
#28= IFCSIUNIT(*,.TIMEUNIT.,$,.SECOND.);
#29= IFCSIUNIT(*,.PLANEANGLEUNIT.,$,.RADIAN.);
#30= IFCMEASUREWITHUNIT(IFCRATIOMEASURE(0.0174532925199433),#29);
#31= IFCDIMENSIONALEXPONENTS(0,0,0,0,0,0,0);
#32= IFCCONVERSIONBASEDUNIT(#31,.PLANEANGLEUNIT.,'DEGREE',#30);
#33= IFCSIUNIT(*,.SOLIDANGLEUNIT.,$,.STERADIAN.);
#34= IFCSIUNIT(*,.THERMODYNAMICTEMPERATUREUNIT.,$,.DEGREE_CELSIUS.);
#35= IFCSIUNIT(*,.LUMINOUSINTENSITYUNIT.,$,.LUMEN.);
#36= IFCUNITASSIGNMENT((#15,#19,#23,#27,#28,#29,#33,#34,#35));
#37= IFCPROJECT('2G7ZFDNE16yBDU14FA92Me',#5,'Proyecto',$,$,$,$,(#11),#36);
#38= IFCLOCALPLACEMENT($,#10);
#39= IFCSITE('2xvEzEinjBTea80yOTcujY',#5,'Obra',$,$,#38,$,$,.ELEMENT.,$,$,$,$,$);
#40= IFCLOCALPLACEMENT(#38,#10);
#41= IFCBUILDING('3446T0KxjFARsB_J60Jrzr',#5,'Undefined',$,$,#40,$,$,.ELEMENT.,$,$,$);
#42= IFCLOCALPLACEMENT(#40,#10);
#43= IFCBUILDINGSTOREY('29hdEUCErFze9E_VIAceOd',#5,'Undefined',$,$,#42,$,$,.ELEMENT.,0.);
#44= IFCOWNERHISTORY(#3,#4,$,.NOCHANGE.,$,$,$,1775592000);
#45= IFCLOCALPLACEMENT(#42,#10);
#46= IFCELEMENTASSEMBLY('3JvcAHdgv6IPXMkqYgFFYE',#44,'COLUMN',$,$,#45,$,'C/74(?)',.NOTDEFINED.,.RIGID_FRAME.);
#47= IFCPROPERTYSINGLEVALUE('OnSiteBy',$,$,$);
#48= IFCPROPERTYSET('0hRuxXhof7Jxfdj6qIXhJ2',#5,'AISC_EM11_Pset_SchedulingInformation',$,(#47));
#49= IFCPROPERTYSINGLEVALUE('DrawingNumber',$,IFCIDENTIFIER(''),$);
#50= IFCPROPERTYSET('2AStE_02P79wRTQ_225r58',#5,'AISC_EM11_Pset_DrawingNumber',$,(#49));
#51= IFCPROPERTYSINGLEVALUE('AssemblyMark',$,IFCIDENTIFIER('C/74(?)'),$);
#52= IFCPROPERTYSINGLEVALUE('PrelimMark',$,$,$);
#53= IFCPROPERTYSINGLEVALUE('ShippingMark',$,IFCINTEGER(0),$);
#54= IFCPROPERTYSET('2bPDH1At14zxtHkV8Tz6HY',#5,'AISC_EM11_Pset_AssemblyIdentification','AssemblyIdentity',(#51,#52,#53));
#55= IFCCARTESIANPOINT((8502.49999930546,1400.29115960858,13675.));
#56= IFCDIRECTION((0.,-1.,0.));
#57= IFCAXIS2PLACEMENT3D(#55,#56,#9);
#58= IFCLOCALPLACEMENT(#45,#57);
#59= IFCCARTESIANPOINT((-72.599999905,0.,0.));
#60= IFCCARTESIANPOINT((-72.599999905,-0.006498484795884,8.87757568758366));
#61= IFCCARTESIANPOINT((72.599999905,-0.006498484795884,8.87757568758366));
#62= IFCCARTESIANPOINT((72.599999905,0.,0.));
#63= IFCPOLYLOOP((#59,#60,#61,#62));
#64= IFCFACEOUTERBOUND(#63,.T.);
#65= IFCFACE((#64));
#66= IFCCARTESIANPOINT((-72.599999905,-8.8437962013104,-0.773731910148172));
#67= IFCCARTESIANPOINT((72.599999905,-8.8437962013104,-0.773731910148172));
#68= IFCPOLYLOOP((#60,#66,#67,#61));
#69= IFCFACEOUTERBOUND(#68,.T.);
#70= IFCFACE((#69));
#71= IFCPOLYLOOP((#66,#59,#62,#67));
#72= IFCFACEOUTERBOUND(#71,.T.);
#73= IFCFACE((#72));
#74= IFCPOLYLOOP((#67,#62,#61));
#75= IFCFACEOUTERBOUND(#74,.T.);
#76= IFCFACE((#75));
#77= IFCPOLYLOOP((#66,#60,#59));
#78= IFCFACEOUTERBOUND(#77,.T.);
#79= IFCFACE((#78));
#80= IFCCLOSEDSHELL((#65,#70,#73,#76,#79));
#81= IFCFACETEDBREP(#80);
#82= IFCSHAPEREPRESENTATION(#12,'Body','Brep',(#81));
#83= IFCPOLYLINE((#59,#62));
#84= IFCSHAPEREPRESENTATION(#13,'Axis','GeometricCurveSet',(#83));
#85= IFCPRODUCTDEFINITIONSHAPE($,$,(#82,#84));
#86= IFCFASTENER('39hVwo7xD90RjeaYD8GaJW',#44,'Weld',$,$,#58,#85,'IDc9adfeb2-1fb3-4901-bb68-9223484244e0');
#87= IFCPROPERTYSINGLEVALUE('FieldWeld',$,IFCBOOLEAN(.F.),$);
#88= IFCPROPERTYSINGLEVALUE('WeldDescription',$,$,$);
#89= IFCPROPERTYSINGLEVALUE('WeldCategory',$,IFCLABEL('Ninguno'),$);
#90= IFCPROPERTYSINGLEVALUE('WPSCode',$,IFCIDENTIFIER('Ninguno'),$);
#91= IFCPROPERTYSINGLEVALUE('WeldID',$,IFCINTEGER(94699725),$);
#92= IFCPROPERTYSINGLEVALUE('z',$,IFCPOSITIVELENGTHMEASURE(6.),$);
#93= IFCPROPERTYSINGLEVALUE('s',$,IFCPOSITIVELENGTHMEASURE(0.),$);
#94= IFCPROPERTYSINGLEVALUE('n',$,$,$);
#95= IFCPROPERTYSINGLEVALUE('l',$,IFCPOSITIVELENGTHMEASURE(145.2),$);
#96= IFCPROPERTYSINGLEVALUE('e',$,IFCPOSITIVELENGTHMEASURE(0.),$);
#97= IFCPROPERTYSINGLEVALUE('d',$,IFCPOSITIVELENGTHMEASURE(0.),$);
#98= IFCPROPERTYSINGLEVALUE('c',$,IFCPOSITIVELENGTHMEASURE(6.),$);
#99= IFCPROPERTYSINGLEVALUE('a',$,IFCPOSITIVELENGTHMEASURE(0.),$);
#100= IFCPROPERTYSINGLEVALUE('Staggered',$,IFCBOOLEAN(.F.),$);
#101= IFCPROPERTYSINGLEVALUE('Intermittent',$,IFCBOOLEAN(.F.),$);
#102= IFCPROPERTYSINGLEVALUE('WeldType1',$,IFCLABEL('SOLDADURA'),$);
#103= IFCPROPERTYSET('3fQLpdKjDEef9T3qIUqYKN',#5,'AISC_EM11_Pset_Weld','WeldIdentity',(#87,#88,#89,#90,#91,#92,#93,#94,#95,#96,#97,#98,#99,#100,#101,#102));
#104= IFCCARTESIANPOINT((8502.49999930546,1400.29115960858,19125.));
#105= IFCAXIS2PLACEMENT3D(#104,#56,#9);
#106= IFCLOCALPLACEMENT(#45,#105);
#107= IFCSHAPEREPRESENTATION(#12,'Body','Brep',(#81));
#108= IFCSHAPEREPRESENTATION(#13,'Axis','GeometricCurveSet',(#83));
#109= IFCPRODUCTDEFINITIONSHAPE($,$,(#107,#108));
#110= IFCFASTENER('3xjT_wJV1A4xz9IcGlndEM',#44,'Weld',$,$,#106,#109,'IDfbb5dfba-4df0-4a13-bf49-4a642fc67396');
#111= IFCPROPERTYSINGLEVALUE('WeldID',$,IFCINTEGER(94699385),$);
#112= IFCPROPERTYSET('0TSRzGpov6lQSRK8ogrSK3',#5,'AISC_EM11_Pset_Weld','WeldIdentity',(#87,#88,#89,#90,#111,#92,#93,#94,#95,#96,#97,#98,#99,#100,#101,#102));
#113= IFCCARTESIANPOINT((8502.4999993055,1400.29115955629,23375.));
#114= IFCAXIS2PLACEMENT3D(#113,#56,#9);
#115= IFCLOCALPLACEMENT(#45,#114);
#116= IFCSHAPEREPRESENTATION(#12,'Body','Brep',(#81));
#117= IFCSHAPEREPRESENTATION(#13,'Axis','GeometricCurveSet',(#83));
#118= IFCPRODUCTDEFINITIONSHAPE($,$,(#116,#117));
#119= IFCFASTENER('1DmpGCZHf3DxazT37Z$Dhw',#44,'Weld',$,$,#115,#118,'ID4dc3340c-8d1a-4337-b93d-7431e3fcdafa');
#120= IFCPROPERTYSINGLEVALUE('WeldID',$,IFCINTEGER(94662703),$);
#121= IFCPROPERTYSET('19On3O56nB8vBaXaUnfqJO',#5,'AISC_EM11_Pset_Weld','WeldIdentity',(#87,#88,#89,#90,#120,#92,#93,#94,#95,#96,#97,#98,#99,#100,#101,#102));
#122= IFCOWNERHISTORY(#3,#4,$,.NOCHANGE.,$,$,$,1774897200);
#123= IFCLOCALPLACEMENT(#42,#10);
#124= IFCELEMENTASSEMBLY('15r64uB$T23BjjbF6mi74r',#44,'BEAM',$,$,#123,$,'B/1269(?)',.NOTDEFINED.,.RIGID_FRAME.);
#125= IFCPROPERTYSINGLEVALUE('DrawingNumber',$,IFCIDENTIFIER('[B.1269]'),$);
#126= IFCPROPERTYSET('3nK9xqRKT3vQUQW0WMIE29',#5,'AISC_EM11_Pset_DrawingNumber',$,(#125));
#127= IFCPROPERTYSINGLEVALUE('AssemblyMark',$,IFCIDENTIFIER('B/1269(?)'),$);
#128= IFCPROPERTYSET('3rxO5$CkX5zwCNQ1t7lgXC',#5,'AISC_EM11_Pset_AssemblyIdentification','AssemblyIdentity',(#127,#52,#53));
#129= IFCCARTESIANPOINT((8242.10796519996,1603.29535644531,22470.));
#130= IFCDIRECTION((-0.00143953599980887,0.999998963867516,0.));
#131= IFCDIRECTION((-0.999998963867516,-0.00143953599980912,0.));
#132= IFCAXIS2PLACEMENT3D(#129,#130,#131);
#133= IFCLOCALPLACEMENT(#123,#132);
#134= IFCCARTESIANPOINT((17.3205080757,0.));
#135= IFCCARTESIANPOINT((8.66025403785,15.0000000000021));
#136= IFCCARTESIANPOINT((-8.66025403785,15.0000000000021));
#137= IFCCARTESIANPOINT((-17.3205080757,0.));
#138= IFCCARTESIANPOINT((-8.66025403785,-15.0000000000021));
#139= IFCCARTESIANPOINT((8.66025403785,-15.0000000000021));
#140= IFCPOLYLINE((#134,#135,#136,#137,#138,#139,#134));
#141= IFCARBITRARYCLOSEDPROFILEDEF(.AREA.,$,#140);
#142= IFCCARTESIANPOINT((0.,-32.2000000000003,0.));
#143= IFCAXIS2PLACEMENT3D(#142,#8,#7);
#144= IFCEXTRUDEDAREASOLID(#141,#143,#9,13.2);
#145= IFCDIRECTION((1.,0.));
#146= IFCCARTESIANPOINT((0.,0.));
#147= IFCAXIS2PLACEMENT2D(#146,#145);
#148= IFCCIRCLEPROFILEDEF(.AREA.,$,#147,10.);
#149= IFCCARTESIANPOINT((0.,-19.0000000000002,0.));
#150= IFCAXIS2PLACEMENT3D(#149,#8,#7);
#151= IFCEXTRUDEDAREASOLID(#148,#150,#9,75.);
#152= IFCCIRCLEPROFILEDEF(.AREA.,$,#147,18.);
#153= IFCCARTESIANPOINT((0.,25.,0.));
#154= IFCAXIS2PLACEMENT3D(#153,#8,#7);
#155= IFCEXTRUDEDAREASOLID(#152,#154,#9,8.);
#156= IFCCARTESIANPOINT((0.,33.,0.));
#157= IFCAXIS2PLACEMENT3D(#156,#8,#7);
#158= IFCEXTRUDEDAREASOLID(#141,#157,#9,16.);
#159= IFCCARTESIANPOINT((3.27418092638254E-11,0.,-74.999999999995));
#160= IFCCARTESIANTRANSFORMATIONOPERATOR3D($,$,#159,$,$);
#161= IFCSHAPEREPRESENTATION(#12,'Body','SweptSolid',(#144,#151,#155,#158));
#162= IFCREPRESENTATIONMAP(#10,#161);
#163= IFCMAPPEDITEM(#162,#160);
#164= IFCCARTESIANPOINT((74.9999999999945,0.,-75.0000000000632));
#165= IFCCARTESIANTRANSFORMATIONOPERATOR3D($,$,#164,$,$);
#166= IFCMAPPEDITEM(#162,#165);
#167= IFCCARTESIANPOINT((149.999999999956,0.,-75.0000000001314));
#168= IFCCARTESIANTRANSFORMATIONOPERATOR3D($,$,#167,$,$);
#169= IFCMAPPEDITEM(#162,#168);
#170= IFCCARTESIANPOINT((224.999999999917,0.,-75.0000000001996));
#171= IFCCARTESIANTRANSFORMATIONOPERATOR3D($,$,#170,$,$);
#172= IFCMAPPEDITEM(#162,#171);
#173= IFCCARTESIANPOINT((299.999999999878,0.,-75.0000000002681));
#174= IFCCARTESIANTRANSFORMATIONOPERATOR3D($,$,#173,$,$);
#175= IFCMAPPEDITEM(#162,#174);
#176= IFCCARTESIANPOINT((374.999999999839,0.,-75.0000000003363));
#177= IFCCARTESIANTRANSFORMATIONOPERATOR3D($,$,#176,$,$);
#178= IFCMAPPEDITEM(#162,#177);
#179= IFCCARTESIANPOINT((449.999999999801,0.,-75.0000000004045));
#180= IFCCARTESIANTRANSFORMATIONOPERATOR3D($,$,#179,$,$);
#181= IFCMAPPEDITEM(#162,#180);
#182= IFCCARTESIANPOINT((524.999999999761,0.,-75.0000000004727));
#183= IFCCARTESIANTRANSFORMATIONOPERATOR3D($,$,#182,$,$);
#184= IFCMAPPEDITEM(#162,#183);
#185= IFCCARTESIANPOINT((599.999999999723,0.,-75.0000000005409));
#186= IFCCARTESIANTRANSFORMATIONOPERATOR3D($,$,#185,$,$);
#187= IFCMAPPEDITEM(#162,#186);
#188= IFCCARTESIANPOINT((674.999999999683,0.,-75.0000000006091));
#189= IFCCARTESIANTRANSFORMATIONOPERATOR3D($,$,#188,$,$);
#190= IFCMAPPEDITEM(#162,#189);
#191= IFCCARTESIANPOINT((-3.45607986673713E-11,0.,74.999999999995));
#192= IFCCARTESIANTRANSFORMATIONOPERATOR3D($,$,#191,$,$);
#193= IFCMAPPEDITEM(#162,#192);
#194= IFCCARTESIANPOINT((74.9999999999272,0.,74.9999999999268));
#195= IFCCARTESIANTRANSFORMATIONOPERATOR3D($,$,#194,$,$);
#196= IFCMAPPEDITEM(#162,#195);
#197= IFCCARTESIANPOINT((149.999999999887,0.,74.9999999998586));
#198= IFCCARTESIANTRANSFORMATIONOPERATOR3D($,$,#197,$,$);
#199= IFCMAPPEDITEM(#162,#198);
#200= IFCCARTESIANPOINT((224.999999999849,0.,74.9999999997904));
#201= IFCCARTESIANTRANSFORMATIONOPERATOR3D($,$,#200,$,$);
#202= IFCMAPPEDITEM(#162,#201);
#203= IFCCARTESIANPOINT((299.99999999981,0.,74.9999999997221));
#204= IFCCARTESIANTRANSFORMATIONOPERATOR3D($,$,#203,$,$);
#205= IFCMAPPEDITEM(#162,#204);
#206= IFCCARTESIANPOINT((374.999999999772,0.,74.9999999996539));
#207= IFCCARTESIANTRANSFORMATIONOPERATOR3D($,$,#206,$,$);
#208= IFCMAPPEDITEM(#162,#207);
#209= IFCCARTESIANPOINT((449.999999999732,0.,74.9999999995855));
#210= IFCCARTESIANTRANSFORMATIONOPERATOR3D($,$,#209,$,$);
#211= IFCMAPPEDITEM(#162,#210);
#212= IFCCARTESIANPOINT((524.999999999694,0.,74.9999999995173));
#213= IFCCARTESIANTRANSFORMATIONOPERATOR3D($,$,#212,$,$);
#214= IFCMAPPEDITEM(#162,#213);
#215= IFCCARTESIANPOINT((599.999999999654,0.,74.9999999994491));
#216= IFCCARTESIANTRANSFORMATIONOPERATOR3D($,$,#215,$,$);
#217= IFCMAPPEDITEM(#162,#216);
#218= IFCCARTESIANPOINT((674.999999999615,0.,74.9999999993809));
#219= IFCCARTESIANTRANSFORMATIONOPERATOR3D($,$,#218,$,$);
#220= IFCMAPPEDITEM(#162,#219);
#221= IFCSHAPEREPRESENTATION(#12,'Body','MappedRepresentation',(#163,#166,#169,#172,#175,#178,#181,#184,#187,#190,#193,#196,#199,#202,#205,#208,#211,#214,#217,#220));
#222= IFCCARTESIANPOINT((0.,75.,0.));
#223= IFCPOLYLINE((#142,#222));
#224= IFCSHAPEREPRESENTATION(#12,'Axis','GeometricCurveSet',(#223));
#225= IFCREPRESENTATIONMAP(#10,#224);
#226= IFCMAPPEDITEM(#225,#160);
#227= IFCMAPPEDITEM(#225,#165);
#228= IFCMAPPEDITEM(#225,#168);
#229= IFCMAPPEDITEM(#225,#171);
#230= IFCMAPPEDITEM(#225,#174);
#231= IFCMAPPEDITEM(#225,#177);
#232= IFCMAPPEDITEM(#225,#180);
#233= IFCMAPPEDITEM(#225,#183);
#234= IFCMAPPEDITEM(#225,#186);
#235= IFCMAPPEDITEM(#225,#189);
#236= IFCMAPPEDITEM(#225,#192);
#237= IFCMAPPEDITEM(#225,#195);
#238= IFCMAPPEDITEM(#225,#198);
#239= IFCMAPPEDITEM(#225,#201);
#240= IFCMAPPEDITEM(#225,#204);
#241= IFCMAPPEDITEM(#225,#207);
#242= IFCMAPPEDITEM(#225,#210);
#243= IFCMAPPEDITEM(#225,#213);
#244= IFCMAPPEDITEM(#225,#216);
#245= IFCMAPPEDITEM(#225,#219);
#246= IFCSHAPEREPRESENTATION(#12,'Axis','MappedRepresentation',(#226,#227,#228,#229,#230,#231,#232,#233,#234,#235,#236,#237,#238,#239,#240,#241,#242,#243,#244,#245));
#247= IFCPRODUCTDEFINITIONSHAPE($,$,(#221,#246));
#248= IFCMECHANICALFASTENER('3E6B3dJDz1ABEYWQJJvJvZ',#122,'Bolt assembly',$,$,#133,#247,'IDce18b0e7-4cdf-4128-b3a2-81a4d3e53e63',20.,75.);
#249= IFCPROPERTYSINGLEVALUE('BoltFieldAssembled',$,IFCBOOLEAN(.F.),$);
#250= IFCPROPERTYSINGLEVALUE('BoltGrade',$,IFCIDENTIFIER('5.6'),$);
#251= IFCPROPERTYSINGLEVALUE('BoltDiameter',$,IFCPOSITIVELENGTHMEASURE(20.),$);
#252= IFCPROPERTYSINGLEVALUE('BoltLength',$,IFCPOSITIVELENGTHMEASURE(75.),$);
#253= IFCPROPERTYSINGLEVALUE('BoltStandard',$,IFCIDENTIFIER('7990'),$);
#254= IFCPROPERTYSINGLEVALUE('BoltType',$,IFCIDENTIFIER('7990'),$);
#255= IFCPROPERTYSET('3EAK_UiZD1R9rYTGlMOfW5',#5,'AISC_EM11_Pset_Bolt','BoltIdentity',(#249,#250,#251,#252,#253,#254));
#256= IFCPROPERTYSINGLEVALUE('NutSize',$,IFCPOSITIVELENGTHMEASURE(20.),$);
#257= IFCPROPERTYSINGLEVALUE('NutStandard',$,IFCIDENTIFIER('555'),$);
#258= IFCPROPERTYSET('1j621kOFnFIAnAM$5XLrCF',#5,'AISC_EM11_Pset_Nut','NutIdentity',(#256,#257));
#259= IFCPROPERTYSINGLEVALUE('WasherThickness',$,IFCPOSITIVELENGTHMEASURE(8.),$);
#260= IFCPROPERTYSINGLEVALUE('WasherSize',$,IFCPOSITIVELENGTHMEASURE(20.),$);
#261= IFCPROPERTYSINGLEVALUE('WasherStandard',$,IFCIDENTIFIER('7989'),$);
#262= IFCPROPERTYSINGLEVALUE('HeadSideWashers',$,IFCBOOLEAN(.F.),$);
#263= IFCPROPERTYSET('1eXMwhQB51TRlGCbiOTgMU',#5,'AISC_EM11_Pset_Washer','WasherIdentity',(#259,#260,#261,#262));
#264= IFCMATERIAL('Undefined');
#265= IFCOWNERHISTORY(#3,#4,$,.NOCHANGE.,$,$,$,1774965600);
#266= IFCLOCALPLACEMENT(#42,#10);
#267= IFCELEMENTASSEMBLY('2UhBHUI0fCk8JrOejM2yVQ',#265,'BEAM',$,$,#266,$,'B/428',.NOTDEFINED.,.RIGID_FRAME.);
#268= IFCPROPERTYSINGLEVALUE('AssemblyMark',$,IFCIDENTIFIER('B/428'),$);
#269= IFCPROPERTYSET('2JbRIr3rXF9hvkPxdOXGEx',#5,'AISC_EM11_Pset_AssemblyIdentification','AssemblyIdentity',(#268,#52,#53));
#270= IFCCARTESIANPOINT((8757.99947271313,1603.29535644531,22470.));
#271= IFCAXIS2PLACEMENT3D(#270,#56,#7);
#272= IFCLOCALPLACEMENT(#266,#271);
#273= IFCSHAPEREPRESENTATION(#12,'Body','MappedRepresentation',(#163,#166,#169,#172,#175,#178,#181,#184,#187,#190,#193,#196,#199,#202,#205,#208,#211,#214,#217,#220));
#274= IFCSHAPEREPRESENTATION(#12,'Axis','MappedRepresentation',(#226,#227,#228,#229,#230,#231,#232,#233,#234,#235,#236,#237,#238,#239,#240,#241,#242,#243,#244,#245));
#275= IFCPRODUCTDEFINITIONSHAPE($,$,(#273,#274));
#276= IFCMECHANICALFASTENER('3qTaIDNhX1RfT6maeoZ0lS',#122,'Bolt assembly',$,$,#272,#275,'IDf476448d-5eb8-416e-9746-c24a328c0bdc',20.,75.);
#277= IFCCARTESIANPOINT((8242.10796519996,1603.29535644531,23600.));
#278= IFCDIRECTION((0.00143953599980887,-0.999998963867516,0.));
#279= IFCAXIS2PLACEMENT3D(#277,#278,#131);
#280= IFCLOCALPLACEMENT(#123,#279);
#281= IFCCARTESIANPOINT((19.05255888327,0.));
#282= IFCCARTESIANPOINT((9.526279441635,16.5000000000023));
#283= IFCCARTESIANPOINT((-9.526279441635,16.5000000000023));
#284= IFCCARTESIANPOINT((-19.05255888327,0.));
#285= IFCCARTESIANPOINT((-9.526279441635,-16.5000000000023));
#286= IFCCARTESIANPOINT((9.526279441635,-16.5000000000023));
#287= IFCPOLYLINE((#281,#282,#283,#284,#285,#286,#281));
#288= IFCARBITRARYCLOSEDPROFILEDEF(.AREA.,$,#287);
#289= IFCCARTESIANPOINT((0.,-33.52,0.));
#290= IFCAXIS2PLACEMENT3D(#289,#8,#7);
#291= IFCEXTRUDEDAREASOLID(#288,#290,#9,14.52);
#292= IFCCIRCLEPROFILEDEF(.AREA.,$,#147,11.);
#293= IFCEXTRUDEDAREASOLID(#292,#150,#9,80.);
#294= IFCCIRCLEPROFILEDEF(.AREA.,$,#147,20.);
#295= IFCEXTRUDEDAREASOLID(#294,#154,#9,8.);
#296= IFCCARTESIANPOINT((18.47520861408,0.));
#297= IFCCARTESIANPOINT((9.23760430704,16.0000000000023));
#298= IFCCARTESIANPOINT((-9.23760430704,16.0000000000023));
#299= IFCCARTESIANPOINT((-18.47520861408,0.));
#300= IFCCARTESIANPOINT((-9.23760430704,-16.0000000000023));
#301= IFCCARTESIANPOINT((9.23760430704,-16.0000000000023));
#302= IFCPOLYLINE((#296,#297,#298,#299,#300,#301,#296));
#303= IFCARBITRARYCLOSEDPROFILEDEF(.AREA.,$,#302);
#304= IFCEXTRUDEDAREASOLID(#303,#157,#9,18.);
#305= IFCSHAPEREPRESENTATION(#12,'Body','SweptSolid',(#291,#293,#295,#304));
#306= IFCREPRESENTATIONMAP(#10,#305);
#307= IFCMAPPEDITEM(#306,#160);
#308= IFCMAPPEDITEM(#306,#165);
#309= IFCMAPPEDITEM(#306,#168);
#310= IFCMAPPEDITEM(#306,#171);
#311= IFCMAPPEDITEM(#306,#174);
#312= IFCMAPPEDITEM(#306,#177);
#313= IFCMAPPEDITEM(#306,#180);
#314= IFCMAPPEDITEM(#306,#183);
#315= IFCMAPPEDITEM(#306,#186);
#316= IFCMAPPEDITEM(#306,#189);
#317= IFCMAPPEDITEM(#306,#192);
#318= IFCMAPPEDITEM(#306,#195);
#319= IFCMAPPEDITEM(#306,#198);
#320= IFCMAPPEDITEM(#306,#201);
#321= IFCMAPPEDITEM(#306,#204);
#322= IFCMAPPEDITEM(#306,#207);
#323= IFCMAPPEDITEM(#306,#210);
#324= IFCMAPPEDITEM(#306,#213);
#325= IFCMAPPEDITEM(#306,#216);
#326= IFCMAPPEDITEM(#306,#219);
#327= IFCSHAPEREPRESENTATION(#12,'Body','MappedRepresentation',(#307,#308,#309,#310,#311,#312,#313,#314,#315,#316,#317,#318,#319,#320,#321,#322,#323,#324,#325,#326));
#328= IFCCARTESIANPOINT((0.,80.,0.));
#329= IFCPOLYLINE((#289,#328));
#330= IFCSHAPEREPRESENTATION(#12,'Axis','GeometricCurveSet',(#329));
#331= IFCREPRESENTATIONMAP(#10,#330);
#332= IFCMAPPEDITEM(#331,#160);
#333= IFCMAPPEDITEM(#331,#165);
#334= IFCMAPPEDITEM(#331,#168);
#335= IFCMAPPEDITEM(#331,#171);
#336= IFCMAPPEDITEM(#331,#174);
#337= IFCMAPPEDITEM(#331,#177);
#338= IFCMAPPEDITEM(#331,#180);
#339= IFCMAPPEDITEM(#331,#183);
#340= IFCMAPPEDITEM(#331,#186);
#341= IFCMAPPEDITEM(#331,#189);
#342= IFCMAPPEDITEM(#331,#192);
#343= IFCMAPPEDITEM(#331,#195);
#344= IFCMAPPEDITEM(#331,#198);
#345= IFCMAPPEDITEM(#331,#201);
#346= IFCMAPPEDITEM(#331,#204);
#347= IFCMAPPEDITEM(#331,#207);
#348= IFCMAPPEDITEM(#331,#210);
#349= IFCMAPPEDITEM(#331,#213);
#350= IFCMAPPEDITEM(#331,#216);
#351= IFCMAPPEDITEM(#331,#219);
#352= IFCSHAPEREPRESENTATION(#12,'Axis','MappedRepresentation',(#332,#333,#334,#335,#336,#337,#338,#339,#340,#341,#342,#343,#344,#345,#346,#347,#348,#349,#350,#351));
#353= IFCPRODUCTDEFINITIONSHAPE($,$,(#327,#352));
#354= IFCMECHANICALFASTENER('3T4uv0eLLE9R1dtDjEF5Ug',#122,'Bolt assembly',$,$,#280,#353,'IDdd138e40-a155-4e25-b067-dcdb4e3c57aa',22.,80.);
#355= IFCPROPERTYSINGLEVALUE('BoltDiameter',$,IFCPOSITIVELENGTHMEASURE(22.),$);
#356= IFCPROPERTYSINGLEVALUE('BoltLength',$,IFCPOSITIVELENGTHMEASURE(80.),$);
#357= IFCPROPERTYSET('0qYUkyTl97tP$FwBALNeEK',#5,'AISC_EM11_Pset_Bolt','BoltIdentity',(#249,#250,#355,#356,#253,#254));
#358= IFCPROPERTYSINGLEVALUE('NutSize',$,IFCPOSITIVELENGTHMEASURE(22.),$);
#359= IFCPROPERTYSET('3j7$FxQeL7FPOqHH4ObeRD',#5,'AISC_EM11_Pset_Nut','NutIdentity',(#358,#257));
#360= IFCPROPERTYSINGLEVALUE('WasherSize',$,IFCPOSITIVELENGTHMEASURE(22.),$);
#361= IFCPROPERTYSET('1aaGcd9hH8jQagCSblU3bX',#5,'AISC_EM11_Pset_Washer','WasherIdentity',(#259,#360,#261,#262));
#362= IFCCARTESIANPOINT((8757.99947271313,1603.29535644531,23600.));
#363= IFCAXIS2PLACEMENT3D(#362,#8,#7);
#364= IFCLOCALPLACEMENT(#266,#363);
#365= IFCSHAPEREPRESENTATION(#12,'Body','MappedRepresentation',(#307,#308,#309,#310,#311,#312,#313,#314,#315,#316,#317,#318,#319,#320,#321,#322,#323,#324,#325,#326));
#366= IFCSHAPEREPRESENTATION(#12,'Axis','MappedRepresentation',(#332,#333,#334,#335,#336,#337,#338,#339,#340,#341,#342,#343,#344,#345,#346,#347,#348,#349,#350,#351));
#367= IFCPRODUCTDEFINITIONSHAPE($,$,(#365,#366));
#368= IFCMECHANICALFASTENER('1e8LlTqh91RxW9RepfvS9E',#122,'Bolt assembly',$,$,#364,#367,'ID68215bdd-d2b2-416f-b809-6e8ce9e5c24e',22.,80.);
#369= IFCCARTESIANPOINT((7526.9821776896,1477.71555391757,22460.5));
#370= IFCDIRECTION((0.,0.,-1.));
#371= IFCDIRECTION((7.11260000335885E-05,0.999999997470546,0.));
#372= IFCAXIS2PLACEMENT3D(#369,#370,#371);
#373= IFCLOCALPLACEMENT(#45,#372);
#374= IFCCARTESIANPOINT((250.573776245078,-9.09494701772928E-13));
#375= IFCCARTESIANPOINT((338.208374023385,872.993957519791));
#376= IFCCARTESIANPOINT((351.656188964789,972.99285888701));
#377= IFCCARTESIANPOINT((338.102386474557,1072.99401855501));
#378= IFCCARTESIANPOINT((250.718200683555,1945.99951171933));
#379= IFCCARTESIANPOINT((0.718205988407135,1946.01733398496));
#380= IFCCARTESIANPOINT((-104.407409667952,973.254882812791));
#381= IFCPOLYLINE((#146,#374,#375,#376,#377,#378,#379,#380,#146));
#382= IFCARBITRARYCLOSEDPROFILEDEF(.AREA.,'PL19*457',#381);
#383= IFCCARTESIANPOINT((0.,0.,-9.5));
#384= IFCAXIS2PLACEMENT3D(#383,#9,#7);
#385= IFCEXTRUDEDAREASOLID(#382,#384,#9,19.);
#386= IFCSHAPEREPRESENTATION(#12,'Body','SweptSolid',(#385));
#387= IFCPRODUCTDEFINITIONSHAPE($,$,(#386));
#388= IFCDISCRETEACCESSORY('0q0GvZo9z1We5HobEDyV7y',#44,'Steel plate',$,$,#373,#387,'1344');
#389= IFCLOCALPLACEMENT(#45,#372);
#390= IFCCIRCLEPROFILEDEF(.AREA.,'\S\X416*1',#147,208.);
#391= IFCCARTESIANPOINT((125.44962246005,973.008627383528,-5089.5));
#392= IFCAXIS2PLACEMENT3D(#391,#9,#371);
#393= IFCEXTRUDEDAREASOLID(#390,#392,#9,15184.);
#394= IFCCARTESIANPOINT((333.449621933923,972.99383317552,10094.5));
#395= IFCDIRECTION((-0.999999997470546,7.11260000334733E-05,0.));
#396= IFCAXIS2PLACEMENT3D(#394,#370,#395);
#397= IFCPLANE(#396);
#398= IFCHALFSPACESOLID(#397,.T.);
#399= IFCBOOLEANCLIPPINGRESULT(.DIFFERENCE.,#393,#398);
#400= IFCSHAPEREPRESENTATION(#12,'Body','Clipping',(#399));
#401= IFCPRODUCTDEFINITIONSHAPE($,$,(#400));
#402= IFCOPENINGELEMENT('3zyCHT2xf64AN9V6ae86xG',#5,$,$,'Recess',#389,#401,$);
#403= IFCRELVOIDSELEMENT('0iMwUppn16VeL4O5HAKqkX',#5,$,$,#388,#402);
#404= IFCPROPERTYSINGLEVALUE('FeatureSubTypes',$,$,$);
#405= IFCPROPERTYSINGLEVALUE('RectangleOpeningWidth',$,$,$);
#406= IFCPROPERTYSINGLEVALUE('RectangleOpeningHeight',$,$,$);
#407= IFCPROPERTYSINGLEVALUE('OpeningDiameter',$,IFCPOSITIVELENGTHMEASURE(416.),$);
#408= IFCPROPERTYSET('0HIEZ8YUXCoPoZfensK6yp',#5,'AISC_EM11_Pset_Opening/Cope',$,(#404,#405,#406,#407));
#409= IFCLOCALPLACEMENT(#45,#372);
#410= IFCPLANE(#396);
#411= IFCHALFSPACESOLID(#410,.T.);
#412= IFCBOOLEANCLIPPINGRESULT(.DIFFERENCE.,#393,#411);
#413= IFCSHAPEREPRESENTATION(#12,'Body','Clipping',(#412));
#414= IFCPRODUCTDEFINITIONSHAPE($,$,(#413));
#415= IFCOPENINGELEMENT('0tDaDiM_11c9jEu7C4oUot',#5,$,$,'Recess',#409,#414,$);
#416= IFCRELVOIDSELEMENT('39RYC8wij6kPBVCiVkJPTP',#5,$,$,#388,#415);
#417= IFCLOCALPLACEMENT(#45,#132);
#418= IFCCIRCLEPROFILEDEF(.AREA.,$,#147,11.5);
#419= IFCCARTESIANPOINT((0.,-19.1000000000003,0.));
#420= IFCAXIS2PLACEMENT3D(#419,#8,#7);
#421= IFCEXTRUDEDAREASOLID(#418,#420,#9,19.2);
#422= IFCSHAPEREPRESENTATION(#12,'Body','SweptSolid',(#421));
#423= IFCREPRESENTATIONMAP(#10,#422);
#424= IFCMAPPEDITEM(#423,#160);
#425= IFCMAPPEDITEM(#423,#165);
#426= IFCMAPPEDITEM(#423,#168);
#427= IFCMAPPEDITEM(#423,#171);
#428= IFCMAPPEDITEM(#423,#174);
#429= IFCMAPPEDITEM(#423,#177);
#430= IFCMAPPEDITEM(#423,#180);
#431= IFCMAPPEDITEM(#423,#183);
#432= IFCMAPPEDITEM(#423,#186);
#433= IFCMAPPEDITEM(#423,#189);
#434= IFCMAPPEDITEM(#423,#192);
#435= IFCMAPPEDITEM(#423,#195);
#436= IFCMAPPEDITEM(#423,#198);
#437= IFCMAPPEDITEM(#423,#201);
#438= IFCMAPPEDITEM(#423,#204);
#439= IFCMAPPEDITEM(#423,#207);
#440= IFCMAPPEDITEM(#423,#210);
#441= IFCMAPPEDITEM(#423,#213);
#442= IFCMAPPEDITEM(#423,#216);
#443= IFCMAPPEDITEM(#423,#219);
#444= IFCSHAPEREPRESENTATION(#12,'Body','MappedRepresentation',(#424,#425,#426,#427,#428,#429,#430,#431,#432,#433,#434,#435,#436,#437,#438,#439,#440,#441,#442,#443));
#445= IFCPRODUCTDEFINITIONSHAPE($,$,(#444));
#446= IFCOPENINGELEMENT('3a1tBXMx53ZwBsOWDKNvvH',#5,$,$,'Opening',#417,#445,$);
#447= IFCRELVOIDSELEMENT('0sAdQgSVvE9f5KZrA_iDwO',#5,'Drill Hole',$,#388,#446);
#448= IFCPROPERTYSINGLEVALUE('FeatureSubTypes',$,IFCLABEL('TORNILLO'),$);
#449= IFCPROPERTYSINGLEVALUE('OpeningDiameter',$,$,$);
#450= IFCPROPERTYSET('3Yntuo8xz6NvA6fyc2I89v',#5,'AISC_EM11_Pset_Opening/Cope',$,(#448,#405,#406,#449));
#451= IFCLOCALPLACEMENT(#45,#271);
#452= IFCSHAPEREPRESENTATION(#12,'Body','MappedRepresentation',(#424,#425,#426,#427,#428,#429,#430,#431,#432,#433,#434,#435,#436,#437,#438,#439,#440,#441,#442,#443));
#453= IFCPRODUCTDEFINITIONSHAPE($,$,(#452));
#454= IFCOPENINGELEMENT('0BuMnf6pvBZu2ZOV8POZH9',#5,$,$,'Opening',#451,#453,$);
#455= IFCRELVOIDSELEMENT('0EBJT3gmj13eQQW$v2cfdH',#5,'Drill Hole',$,#388,#454);
#456= IFCPROPERTYSINGLEVALUE('PieceMark',$,IFCIDENTIFIER('PLATE'),$);
#457= IFCPROPERTYSINGLEVALUE('IndicationMark',$,IFCIDENTIFIER('1344'),$);
#458= IFCPROPERTYSINGLEVALUE('PrelimMark',$,IFCIDENTIFIER(''),$);
#459= IFCPROPERTYSINGLEVALUE('MainPieceTag',$,IFCBOOLEAN(.F.),$);
#460= IFCPROPERTYSET('09St1Xrz19ngRWeGJGJJdr',#5,'AISC_EM11_Pset_PieceIdentification','PieceIdentity',(#456,#457,#458,#459));
#461= IFCPROPERTYSINGLEVALUE('MaterialType',$,IFCIDENTIFIER('STEEL'),$);
#462= IFCPROPERTYSINGLEVALUE('MaterialGrade',$,IFCIDENTIFIER('S235JR'),$);
#463= IFCPROPERTYSET('1oSPEMHn1B4RTUTY2ycpP8',#5,'AISC_EM11_Pset_Material',$,(#461,#462));
#464= IFCMATERIAL('STEEL/S235JR');
#465= IFCCARTESIANPOINT((7526.98217768961,1477.71555391757,23609.5));
#466= IFCAXIS2PLACEMENT3D(#465,#370,#371);
#467= IFCLOCALPLACEMENT(#45,#466);
#468= IFCSHAPEREPRESENTATION(#12,'Body','SweptSolid',(#385));
#469= IFCPRODUCTDEFINITIONSHAPE($,$,(#468));
#470= IFCDISCRETEACCESSORY('0dKaF8MSD1ywIXI8IcAfY4',#44,'Steel plate',$,$,#467,#469,'1341');
#471= IFCLOCALPLACEMENT(#45,#466);
#472= IFCCARTESIANPOINT((125.44962246005,973.008627383517,-4240.5));
#473= IFCAXIS2PLACEMENT3D(#472,#9,#371);
#474= IFCEXTRUDEDAREASOLID(#390,#473,#9,15184.);
#475= IFCCARTESIANPOINT((333.449621933924,972.993833175509,10943.5));
#476= IFCAXIS2PLACEMENT3D(#475,#370,#395);
#477= IFCPLANE(#476);
#478= IFCHALFSPACESOLID(#477,.T.);
#479= IFCBOOLEANCLIPPINGRESULT(.DIFFERENCE.,#474,#478);
#480= IFCSHAPEREPRESENTATION(#12,'Body','Clipping',(#479));
#481= IFCPRODUCTDEFINITIONSHAPE($,$,(#480));
#482= IFCOPENINGELEMENT('1w8DevFlH8Fe_j6y2OrjiK',#5,$,$,'Recess',#471,#481,$);
#483= IFCRELVOIDSELEMENT('1LTFk$LSTECgmJz8a4pnlz',#5,$,$,#470,#482);
#484= IFCLOCALPLACEMENT(#45,#279);
#485= IFCCIRCLEPROFILEDEF(.AREA.,$,#147,12.5);
#486= IFCEXTRUDEDAREASOLID(#485,#420,#9,19.2);
#487= IFCSHAPEREPRESENTATION(#12,'Body','SweptSolid',(#486));
#488= IFCREPRESENTATIONMAP(#10,#487);
#489= IFCMAPPEDITEM(#488,#160);
#490= IFCMAPPEDITEM(#488,#165);
#491= IFCMAPPEDITEM(#488,#168);
#492= IFCMAPPEDITEM(#488,#171);
#493= IFCMAPPEDITEM(#488,#174);
#494= IFCMAPPEDITEM(#488,#177);
#495= IFCMAPPEDITEM(#488,#180);
#496= IFCMAPPEDITEM(#488,#183);
#497= IFCMAPPEDITEM(#488,#186);
#498= IFCMAPPEDITEM(#488,#189);
#499= IFCMAPPEDITEM(#488,#192);
#500= IFCMAPPEDITEM(#488,#195);
#501= IFCMAPPEDITEM(#488,#198);
#502= IFCMAPPEDITEM(#488,#201);
#503= IFCMAPPEDITEM(#488,#204);
#504= IFCMAPPEDITEM(#488,#207);
#505= IFCMAPPEDITEM(#488,#210);
#506= IFCMAPPEDITEM(#488,#213);
#507= IFCMAPPEDITEM(#488,#216);
#508= IFCMAPPEDITEM(#488,#219);
#509= IFCSHAPEREPRESENTATION(#12,'Body','MappedRepresentation',(#489,#490,#491,#492,#493,#494,#495,#496,#497,#498,#499,#500,#501,#502,#503,#504,#505,#506,#507,#508));
#510= IFCPRODUCTDEFINITIONSHAPE($,$,(#509));
#511= IFCOPENINGELEMENT('13BgJHHnfAIP7z5b6aMmcN',#5,$,$,'Opening',#484,#510,$);
#512= IFCRELVOIDSELEMENT('3bgDuGrFX9xQlnCwKQj6Cm',#5,'Drill Hole',$,#470,#511);
#513= IFCLOCALPLACEMENT(#45,#363);
#514= IFCSHAPEREPRESENTATION(#12,'Body','MappedRepresentation',(#489,#490,#491,#492,#493,#494,#495,#496,#497,#498,#499,#500,#501,#502,#503,#504,#505,#506,#507,#508));
#515= IFCPRODUCTDEFINITIONSHAPE($,$,(#514));
#516= IFCOPENINGELEMENT('1eIY9YN$j79Rh4zv$Tj$kc',#5,$,$,'Opening',#513,#515,$);
#517= IFCRELVOIDSELEMENT('3yMNiW37fE$eNxuwltnS9f',#5,'Drill Hole',$,#470,#516);
#518= IFCPROPERTYSINGLEVALUE('IndicationMark',$,IFCIDENTIFIER('1341'),$);
#519= IFCPROPERTYSET('2R2S6weC18mRV5fhOhB79p',#5,'AISC_EM11_Pset_PieceIdentification','PieceIdentity',(#456,#518,#458,#459));
#520= IFCOWNERHISTORY(#3,#4,$,.NOCHANGE.,$,$,$,1774890000);
#521= IFCLOCALPLACEMENT(#42,#10);
#522= IFCELEMENTASSEMBLY('1ejDixkl9Ee86DBb2KKUf3',#520,'BEAM',$,$,#521,$,'B/1226',.NOTDEFINED.,.RIGID_FRAME.);
#523= IFCPROPERTYSINGLEVALUE('AssemblyMark',$,IFCIDENTIFIER('B/1226'),$);
#524= IFCPROPERTYSET('2rDOSpKXT1V9g5XRnYSLKE',#5,'AISC_EM11_Pset_AssemblyIdentification','AssemblyIdentity',(#523,#52,#53));
#525= IFCCARTESIANPOINT((8500.00067886651,1816.28927009719,19350.));
#526= IFCAXIS2PLACEMENT3D(#525,#8,#370);
#527= IFCLOCALPLACEMENT(#521,#526);
#528= IFCCARTESIANPOINT((13.85640646056,0.));
#529= IFCCARTESIANPOINT((6.92820323028,12.0000000000017));
#530= IFCCARTESIANPOINT((-6.92820323028,12.0000000000017));
#531= IFCCARTESIANPOINT((-13.85640646056,0.));
#532= IFCCARTESIANPOINT((-6.92820323028,-12.0000000000017));
#533= IFCCARTESIANPOINT((6.92820323028,-12.0000000000017));
#534= IFCPOLYLINE((#528,#529,#530,#531,#532,#533,#528));
#535= IFCARBITRARYCLOSEDPROFILEDEF(.AREA.,$,#534);
#536= IFCCARTESIANPOINT((0.,-26.06,0.));
#537= IFCAXIS2PLACEMENT3D(#536,#8,#7);
#538= IFCEXTRUDEDAREASOLID(#535,#537,#9,10.56);
#539= IFCCIRCLEPROFILEDEF(.AREA.,$,#147,8.);
#540= IFCCARTESIANPOINT((0.,-15.5,0.));
#541= IFCAXIS2PLACEMENT3D(#540,#8,#7);
#542= IFCEXTRUDEDAREASOLID(#539,#541,#9,50.);
#543= IFCCIRCLEPROFILEDEF(.AREA.,$,#147,15.);
#544= IFCCARTESIANPOINT((0.,5.50000088002709,0.));
#545= IFCAXIS2PLACEMENT3D(#544,#8,#7);
#546= IFCEXTRUDEDAREASOLID(#543,#545,#9,8.);
#547= IFCCARTESIANPOINT((0.,13.5000008800271,0.));
#548= IFCAXIS2PLACEMENT3D(#547,#8,#7);
#549= IFCEXTRUDEDAREASOLID(#535,#548,#9,13.);
#550= IFCCARTESIANPOINT((115.,0.,50.));
#551= IFCCARTESIANTRANSFORMATIONOPERATOR3D($,$,#550,$,$);
#552= IFCSHAPEREPRESENTATION(#12,'Body','SweptSolid',(#538,#542,#546,#549));
#553= IFCREPRESENTATIONMAP(#10,#552);
#554= IFCMAPPEDITEM(#553,#551);
#555= IFCCARTESIANPOINT((215.,0.,50.));
#556= IFCCARTESIANTRANSFORMATIONOPERATOR3D($,$,#555,$,$);
#557= IFCMAPPEDITEM(#553,#556);
#558= IFCCARTESIANPOINT((315.,0.,50.));
#559= IFCCARTESIANTRANSFORMATIONOPERATOR3D($,$,#558,$,$);
#560= IFCMAPPEDITEM(#553,#559);
#561= IFCCARTESIANPOINT((415.,0.,50.));
#562= IFCCARTESIANTRANSFORMATIONOPERATOR3D($,$,#561,$,$);
#563= IFCMAPPEDITEM(#553,#562);
#564= IFCCARTESIANPOINT((515.,0.,50.));
#565= IFCCARTESIANTRANSFORMATIONOPERATOR3D($,$,#564,$,$);
#566= IFCMAPPEDITEM(#553,#565);
#567= IFCCARTESIANPOINT((615.,0.,50.));
#568= IFCCARTESIANTRANSFORMATIONOPERATOR3D($,$,#567,$,$);
#569= IFCMAPPEDITEM(#553,#568);
#570= IFCCARTESIANPOINT((715.,0.,50.));
#571= IFCCARTESIANTRANSFORMATIONOPERATOR3D($,$,#570,$,$);
#572= IFCMAPPEDITEM(#553,#571);
#573= IFCSHAPEREPRESENTATION(#12,'Body','MappedRepresentation',(#554,#557,#560,#563,#566,#569,#572));
#574= IFCCARTESIANPOINT((0.,50.,0.));
#575= IFCPOLYLINE((#536,#574));
#576= IFCSHAPEREPRESENTATION(#12,'Axis','GeometricCurveSet',(#575));
#577= IFCREPRESENTATIONMAP(#10,#576);
#578= IFCMAPPEDITEM(#577,#551);
#579= IFCMAPPEDITEM(#577,#556);
#580= IFCMAPPEDITEM(#577,#559);
#581= IFCMAPPEDITEM(#577,#562);
#582= IFCMAPPEDITEM(#577,#565);
#583= IFCMAPPEDITEM(#577,#568);
#584= IFCMAPPEDITEM(#577,#571);
#585= IFCSHAPEREPRESENTATION(#12,'Axis','MappedRepresentation',(#578,#579,#580,#581,#582,#583,#584));
#586= IFCPRODUCTDEFINITIONSHAPE($,$,(#573,#585));
#587= IFCMECHANICALFASTENER('1TRxwA8yn1Cws72yU41BuD',#520,'Bolt assembly',$,$,#527,#586,'ID5d6fbe8a-23cc-4133-ad87-0bc78404be0d',16.,50.);
#588= IFCPROPERTYSINGLEVALUE('BoltDiameter',$,IFCPOSITIVELENGTHMEASURE(16.),$);
#589= IFCPROPERTYSINGLEVALUE('BoltLength',$,IFCPOSITIVELENGTHMEASURE(50.),$);
#590= IFCPROPERTYSET('1ZM8lvdFj9rvV5kJ9oWlAI',#5,'AISC_EM11_Pset_Bolt','BoltIdentity',(#249,#250,#588,#589,#253,#254));
#591= IFCPROPERTYSINGLEVALUE('NutSize',$,IFCPOSITIVELENGTHMEASURE(16.),$);
#592= IFCPROPERTYSET('1TgeY9VAHAzeXWuAmBscWi',#5,'AISC_EM11_Pset_Nut','NutIdentity',(#591,#257));
#593= IFCPROPERTYSINGLEVALUE('WasherSize',$,IFCPOSITIVELENGTHMEASURE(16.),$);
#594= IFCPROPERTYSET('2LMk2TXzzCjxvUnir5Kvtu',#5,'AISC_EM11_Pset_Washer','WasherIdentity',(#259,#593,#261,#262));
#595= IFCCARTESIANPOINT((8505.50067930651,1806.28927009719,18935.));
#596= IFCAXIS2PLACEMENT3D(#595,#8,#370);
#597= IFCLOCALPLACEMENT(#45,#596);
#598= IFCCARTESIANPOINT((-335.,0.,13.5634170490925));
#599= IFCCARTESIANPOINT((-335.,0.,0.));
#600= IFCCARTESIANPOINT((335.,0.,0.));
#601= IFCCARTESIANPOINT((335.,0.,13.5634170490925));
#602= IFCPOLYLOOP((#598,#599,#600,#601));
#603= IFCFACEOUTERBOUND(#602,.T.);
#604= IFCFACE((#603));
#605= IFCCARTESIANPOINT((-335.,13.5118041523128,1.18212968710986));
#606= IFCCARTESIANPOINT((335.,13.5118041523128,1.18212968710986));
#607= IFCPOLYLOOP((#599,#605,#606,#600));
#608= IFCFACEOUTERBOUND(#607,.T.);
#609= IFCFACE((#608));
#610= IFCPOLYLOOP((#605,#598,#601,#606));
#611= IFCFACEOUTERBOUND(#610,.T.);
#612= IFCFACE((#611));
#613= IFCPOLYLOOP((#606,#601,#600));
#614= IFCFACEOUTERBOUND(#613,.T.);
#615= IFCFACE((#614));
#616= IFCPOLYLOOP((#605,#599,#598));
#617= IFCFACEOUTERBOUND(#616,.T.);
#618= IFCFACE((#617));
#619= IFCCARTESIANPOINT((335.,-10.,14.8018723292225));
#620= IFCCARTESIANPOINT((335.,-10.,0.));
#621= IFCCARTESIANPOINT((-335.,-10.,0.));
#622= IFCCARTESIANPOINT((-335.,-10.,14.8018723292225));
#623= IFCPOLYLOOP((#619,#620,#621,#622));
#624= IFCFACEOUTERBOUND(#623,.T.);
#625= IFCFACE((#624));
#626= IFCCARTESIANPOINT((335.,-24.7455467362033,-1.29006817690947));
#627= IFCCARTESIANPOINT((-335.,-24.7455467362033,-1.29006817690947));
#628= IFCPOLYLOOP((#620,#626,#627,#621));
#629= IFCFACEOUTERBOUND(#628,.T.);
#630= IFCFACE((#629));
#631= IFCPOLYLOOP((#626,#619,#622,#627));
#632= IFCFACEOUTERBOUND(#631,.T.);
#633= IFCFACE((#632));
#634= IFCPOLYLOOP((#627,#622,#621));
#635= IFCFACEOUTERBOUND(#634,.T.);
#636= IFCFACE((#635));
#637= IFCPOLYLOOP((#626,#620,#619));
#638= IFCFACEOUTERBOUND(#637,.T.);
#639= IFCFACE((#638));
#640= IFCCLOSEDSHELL((#604,#609,#612,#615,#618,#625,#630,#633,#636,#639));
#641= IFCFACETEDBREP(#640);
#642= IFCSHAPEREPRESENTATION(#12,'Body','Brep',(#641));
#643= IFCPOLYLINE((#599,#600));
#644= IFCCARTESIANPOINT((335.,0.,10.));
#645= IFCCARTESIANPOINT((-335.,0.,10.));
#646= IFCPOLYLINE((#644,#645));
#647= IFCSHAPEREPRESENTATION(#13,'Axis','GeometricCurveSet',(#643,#646));
#648= IFCPRODUCTDEFINITIONSHAPE($,$,(#642,#647));
#649= IFCFASTENER('01z_5hOpH3QvqK1rZ8y93N',#520,'Weld',$,$,#597,#648,'ID01f7e16b-6334-436b-9d14-0758c8f090d7');
#650= IFCPROPERTYSINGLEVALUE('WeldID',$,IFCINTEGER(94465990),$);
#651= IFCPROPERTYSINGLEVALUE('z',$,IFCPOSITIVELENGTHMEASURE(10.),$);
#652= IFCPROPERTYSINGLEVALUE('l',$,IFCPOSITIVELENGTHMEASURE(670.),$);
#653= IFCPROPERTYSINGLEVALUE('d',$,IFCPOSITIVELENGTHMEASURE(10.),$);
#654= IFCPROPERTYSINGLEVALUE('c',$,IFCPOSITIVELENGTHMEASURE(10.),$);
#655= IFCPROPERTYSET('2rfqw2BWX7P8YucKEXYVwJ',#5,'AISC_EM11_Pset_Weld','WeldIdentity',(#87,#88,#89,#90,#650,#651,#93,#94,#652,#96,#653,#654,#99,#100,#101,#102));
#656= IFCCARTESIANPOINT((8510.50067886651,1861.28927021819,18600.));
#657= IFCAXIS2PLACEMENT3D(#656,#9,#56);
#658= IFCLOCALPLACEMENT(#45,#657);
#659= IFCRECTANGLEPROFILEDEF(.AREA.,'PL10*110',#147,10.,110.);
#660= IFCCARTESIANPOINT((0.,0.,670.));
#661= IFCAXIS2PLACEMENT3D(#660,#370,#8);
#662= IFCEXTRUDEDAREASOLID(#659,#661,#9,670.);
#663= IFCSHAPEREPRESENTATION(#12,'Body','SweptSolid',(#662));
#664= IFCPRODUCTDEFINITIONSHAPE($,$,(#663));
#665= IFCDISCRETEACCESSORY('1Ectbltbj3mxsUe$T$aFVI',#44,'Support section',$,$,#658,#664,'1342');
#666= IFCLOCALPLACEMENT(#45,#526);
#667= IFCCIRCLEPROFILEDEF(.AREA.,$,#147,9.5);
#668= IFCCARTESIANPOINT((0.,-15.6,0.));
#669= IFCAXIS2PLACEMENT3D(#668,#8,#7);
#670= IFCEXTRUDEDAREASOLID(#667,#669,#9,10.2);
#671= IFCSHAPEREPRESENTATION(#12,'Body','SweptSolid',(#670));
#672= IFCREPRESENTATIONMAP(#10,#671);
#673= IFCMAPPEDITEM(#672,#551);
#674= IFCMAPPEDITEM(#672,#556);
#675= IFCMAPPEDITEM(#672,#559);
#676= IFCMAPPEDITEM(#672,#562);
#677= IFCMAPPEDITEM(#672,#565);
#678= IFCMAPPEDITEM(#672,#568);
#679= IFCMAPPEDITEM(#672,#571);
#680= IFCSHAPEREPRESENTATION(#12,'Body','MappedRepresentation',(#673,#674,#675,#676,#677,#678,#679));
#681= IFCPRODUCTDEFINITIONSHAPE($,$,(#680));
#682= IFCOPENINGELEMENT('3s9TBfSnzCCQzMzSKOjmgm',#5,$,$,'Opening',#666,#681,$);
#683= IFCRELVOIDSELEMENT('0cK09NpKz1GRN95Zh0Y1_c',#5,'Drill Hole',$,#665,#682);
#684= IFCPROPERTYSINGLEVALUE('PieceMark',$,IFCIDENTIFIER('PLACA'),$);
#685= IFCPROPERTYSINGLEVALUE('IndicationMark',$,IFCIDENTIFIER('1342'),$);
#686= IFCPROPERTYSET('0B4bwhLGvF6h8gInLeMiRx',#5,'AISC_EM11_Pset_PieceIdentification','PieceIdentity',(#684,#685,#458,#459));
#687= IFCCARTESIANPOINT((8500.26804968869,1126.60679726765,23410.));
#688= IFCAXIS2PLACEMENT3D(#687,#8,#370);
#689= IFCLOCALPLACEMENT(#45,#688);
#690= IFCCARTESIANPOINT((10.39230484542,0.));
#691= IFCCARTESIANPOINT((5.19615242271,9.00000000000127));
#692= IFCCARTESIANPOINT((-5.19615242271,9.00000000000127));
#693= IFCCARTESIANPOINT((-10.39230484542,0.));
#694= IFCCARTESIANPOINT((-5.19615242271,-9.00000000000127));
#695= IFCCARTESIANPOINT((5.19615242271,-9.00000000000127));
#696= IFCPOLYLINE((#690,#691,#692,#693,#694,#695,#690));
#697= IFCARBITRARYCLOSEDPROFILEDEF(.AREA.,$,#696);
#698= IFCCARTESIANPOINT((0.,-10.42,0.));
#699= IFCAXIS2PLACEMENT3D(#698,#8,#7);
#700= IFCEXTRUDEDAREASOLID(#697,#699,#9,7.92);
#701= IFCCIRCLEPROFILEDEF(.AREA.,$,#147,6.);
#702= IFCCARTESIANPOINT((0.,-2.5,0.));
#703= IFCAXIS2PLACEMENT3D(#702,#8,#7);
#704= IFCEXTRUDEDAREASOLID(#701,#703,#9,35.);
#705= IFCCIRCLEPROFILEDEF(.AREA.,$,#147,12.);
#706= IFCCARTESIANPOINT((0.,8.50000000000006,0.));
#707= IFCAXIS2PLACEMENT3D(#706,#8,#7);
#708= IFCEXTRUDEDAREASOLID(#705,#707,#9,8.);
#709= IFCCARTESIANPOINT((10.96965511461,0.));
#710= IFCCARTESIANPOINT((5.484827557305,9.50000000000134));
#711= IFCCARTESIANPOINT((-5.484827557305,9.50000000000134));
#712= IFCCARTESIANPOINT((-10.96965511461,0.));
#713= IFCCARTESIANPOINT((-5.484827557305,-9.50000000000134));
#714= IFCCARTESIANPOINT((5.484827557305,-9.50000000000134));
#715= IFCPOLYLINE((#709,#710,#711,#712,#713,#714,#709));
#716= IFCARBITRARYCLOSEDPROFILEDEF(.AREA.,$,#715);
#717= IFCCARTESIANPOINT((0.,16.5000000000001,0.));
#718= IFCAXIS2PLACEMENT3D(#717,#8,#7);
#719= IFCEXTRUDEDAREASOLID(#716,#718,#9,10.);
#720= IFCCARTESIANPOINT((0.,0.,-22.5));
#721= IFCCARTESIANTRANSFORMATIONOPERATOR3D($,$,#720,$,$);
#722= IFCSHAPEREPRESENTATION(#12,'Body','SweptSolid',(#700,#704,#708,#719));
#723= IFCREPRESENTATIONMAP(#10,#722);
#724= IFCMAPPEDITEM(#723,#721);
#725= IFCCARTESIANPOINT((70.,0.,-22.5));
#726= IFCCARTESIANTRANSFORMATIONOPERATOR3D($,$,#725,$,$);
#727= IFCMAPPEDITEM(#723,#726);
#728= IFCCARTESIANPOINT((0.,0.,22.5));
#729= IFCCARTESIANTRANSFORMATIONOPERATOR3D($,$,#728,$,$);
#730= IFCMAPPEDITEM(#723,#729);
#731= IFCCARTESIANPOINT((70.,0.,22.5));
#732= IFCCARTESIANTRANSFORMATIONOPERATOR3D($,$,#731,$,$);
#733= IFCMAPPEDITEM(#723,#732);
#734= IFCSHAPEREPRESENTATION(#12,'Body','MappedRepresentation',(#724,#727,#730,#733));
#735= IFCCARTESIANPOINT((0.,35.,0.));
#736= IFCPOLYLINE((#698,#735));
#737= IFCSHAPEREPRESENTATION(#12,'Axis','GeometricCurveSet',(#736));
#738= IFCREPRESENTATIONMAP(#10,#737);
#739= IFCMAPPEDITEM(#738,#721);
#740= IFCMAPPEDITEM(#738,#726);
#741= IFCMAPPEDITEM(#738,#729);
#742= IFCMAPPEDITEM(#738,#732);
#743= IFCSHAPEREPRESENTATION(#12,'Axis','MappedRepresentation',(#739,#740,#741,#742));
#744= IFCPRODUCTDEFINITIONSHAPE($,$,(#734,#743));
#745= IFCMECHANICALFASTENER('3TbU44cAr21wM_kR6Sh1hY',#44,'Bolt assembly',$,$,#689,#744,'IDdd95e104-98ad-4207-a5be-b9b19cac1ae2',12.,35.);
#746= IFCPROPERTYSINGLEVALUE('BoltDiameter',$,IFCPOSITIVELENGTHMEASURE(12.),$);
#747= IFCPROPERTYSINGLEVALUE('BoltLength',$,IFCPOSITIVELENGTHMEASURE(35.),$);
#748= IFCPROPERTYSET('3eDRwnNRvC0hK2InScRigf',#5,'AISC_EM11_Pset_Bolt','BoltIdentity',(#249,#250,#746,#747,#253,#254));
#749= IFCPROPERTYSINGLEVALUE('NutSize',$,IFCPOSITIVELENGTHMEASURE(12.),$);
#750= IFCPROPERTYSET('1P$WTpL614Y8b_rp_GRUbS',#5,'AISC_EM11_Pset_Nut','NutIdentity',(#749,#257));
#751= IFCPROPERTYSINGLEVALUE('WasherSize',$,IFCPOSITIVELENGTHMEASURE(12.),$);
#752= IFCPROPERTYSET('0ZdWl2cmjE2O24hrBGc2Zw',#5,'AISC_EM11_Pset_Washer','WasherIdentity',(#259,#751,#261,#262));
#753= IFCCARTESIANPOINT((8500.22961891939,1086.60704522298,23375.));
#754= IFCDIRECTION((-0.000732011000058754,0.999999732079912,0.));
#755= IFCAXIS2PLACEMENT3D(#753,#9,#754);
#756= IFCLOCALPLACEMENT(#45,#755);
#757= IFCISHAPEPROFILEDEF(.AREA.,'IPE160',#147,82.,160.,5.,7.400000095,9.);
#758= IFCDIRECTION((-1.,1.0842021724855E-19,0.));
#759= IFCCARTESIANPOINT((313.682368347616,-3.40095105232884E-17,3.63797880709171E-12));
#760= IFCAXIS2PLACEMENT3D(#759,#758,#56);
#761= IFCEXTRUDEDAREASOLID(#757,#760,#9,323.77);
#762= IFCDIRECTION((0.999999732079912,-0.000732011000058719,0.));
#763= IFCCARTESIANPOINT((-10.0002734078007,-0.0311104675020033,-179.999999999996));
#764= IFCDIRECTION((-0.000732011000058719,-0.999999732079912,0.));
#765= IFCAXIS2PLACEMENT3D(#763,#762,#764);
#766= IFCPLANE(#765);
#767= IFCHALFSPACESOLID(#766,.T.);
#768= IFCBOOLEANCLIPPINGRESULT(.DIFFERENCE.,#761,#767);
#769= IFCSHAPEREPRESENTATION(#12,'Body','Clipping',(#768));
#770= IFCPRODUCTDEFINITIONSHAPE($,$,(#769));
#771= IFCDISCRETEACCESSORY('38YYSXANv6hQQSbgSi9GDS',#44,'Support section',$,$,#756,#770,'b/1139');
#772= IFCLOCALPLACEMENT(#45,#688);
#773= IFCCIRCLEPROFILEDEF(.AREA.,$,#147,7.5);
#774= IFCCARTESIANPOINT((0.,-2.6,0.));
#775= IFCAXIS2PLACEMENT3D(#774,#8,#7);
#776= IFCEXTRUDEDAREASOLID(#773,#775,#9,5.2);
#777= IFCSHAPEREPRESENTATION(#12,'Body','SweptSolid',(#776));
#778= IFCREPRESENTATIONMAP(#10,#777);
#779= IFCMAPPEDITEM(#778,#721);
#780= IFCMAPPEDITEM(#778,#726);
#781= IFCMAPPEDITEM(#778,#729);
#782= IFCMAPPEDITEM(#778,#732);
#783= IFCSHAPEREPRESENTATION(#12,'Body','MappedRepresentation',(#779,#780,#781,#782));
#784= IFCPRODUCTDEFINITIONSHAPE($,$,(#783));
#785= IFCOPENINGELEMENT('1FjVFxdjb139lBalZm4xuU',#5,$,$,'Opening',#772,#784,$);
#786= IFCRELVOIDSELEMENT('1AHCrCTQL9khfgkZEKb8wK',#5,'Drill Hole',$,#771,#785);
#787= IFCPROPERTYSINGLEVALUE('PieceMark',$,IFCIDENTIFIER('BEAM'),$);
#788= IFCPROPERTYSINGLEVALUE('IndicationMark',$,IFCIDENTIFIER('b/1139'),$);
#789= IFCPROPERTYSET('3HK9DGRdH4T9VmakpiO9DY',#5,'AISC_EM11_Pset_PieceIdentification','PieceIdentity',(#787,#788,#458,#459));
#790= IFCOWNERHISTORY(#3,#4,$,.NOCHANGE.,$,$,$,1773766800);
#791= IFCCARTESIANPOINT((8713.,1603.28932952881,23600.));
#792= IFCAXIS2PLACEMENT3D(#791,#7,#370);
#793= IFCLOCALPLACEMENT(#266,#792);
#794= IFCCARTESIANPOINT((0.,-27.06,0.));
#795= IFCAXIS2PLACEMENT3D(#794,#8,#7);
#796= IFCEXTRUDEDAREASOLID(#535,#795,#9,10.56);
#797= IFCCARTESIANPOINT((0.,-16.5,0.));
#798= IFCAXIS2PLACEMENT3D(#797,#8,#7);
#799= IFCEXTRUDEDAREASOLID(#539,#798,#9,50.);
#800= IFCCARTESIANPOINT((0.,6.5,0.));
#801= IFCAXIS2PLACEMENT3D(#800,#8,#7);
#802= IFCEXTRUDEDAREASOLID(#543,#801,#9,8.);
#803= IFCCARTESIANPOINT((0.,14.5,0.));
#804= IFCAXIS2PLACEMENT3D(#803,#8,#7);
#805= IFCEXTRUDEDAREASOLID(#535,#804,#9,13.);
#806= IFCCARTESIANPOINT((115.,0.,45.));
#807= IFCCARTESIANTRANSFORMATIONOPERATOR3D($,$,#806,$,$);
#808= IFCSHAPEREPRESENTATION(#12,'Body','SweptSolid',(#796,#799,#802,#805));
#809= IFCREPRESENTATIONMAP(#10,#808);
#810= IFCMAPPEDITEM(#809,#807);
#811= IFCCARTESIANPOINT((215.,0.,45.));
#812= IFCCARTESIANTRANSFORMATIONOPERATOR3D($,$,#811,$,$);
#813= IFCMAPPEDITEM(#809,#812);
#814= IFCCARTESIANPOINT((315.,0.,45.));
#815= IFCCARTESIANTRANSFORMATIONOPERATOR3D($,$,#814,$,$);
#816= IFCMAPPEDITEM(#809,#815);
#817= IFCCARTESIANPOINT((415.,0.,45.));
#818= IFCCARTESIANTRANSFORMATIONOPERATOR3D($,$,#817,$,$);
#819= IFCMAPPEDITEM(#809,#818);
#820= IFCCARTESIANPOINT((515.,0.,45.));
#821= IFCCARTESIANTRANSFORMATIONOPERATOR3D($,$,#820,$,$);
#822= IFCMAPPEDITEM(#809,#821);
#823= IFCCARTESIANPOINT((615.,0.,45.));
#824= IFCCARTESIANTRANSFORMATIONOPERATOR3D($,$,#823,$,$);
#825= IFCMAPPEDITEM(#809,#824);
#826= IFCCARTESIANPOINT((715.,0.,45.));
#827= IFCCARTESIANTRANSFORMATIONOPERATOR3D($,$,#826,$,$);
#828= IFCMAPPEDITEM(#809,#827);
#829= IFCCARTESIANPOINT((815.,0.,45.));
#830= IFCCARTESIANTRANSFORMATIONOPERATOR3D($,$,#829,$,$);
#831= IFCMAPPEDITEM(#809,#830);
#832= IFCCARTESIANPOINT((915.,0.,45.));
#833= IFCCARTESIANTRANSFORMATIONOPERATOR3D($,$,#832,$,$);
#834= IFCMAPPEDITEM(#809,#833);
#835= IFCCARTESIANPOINT((1015.,0.,45.));
#836= IFCCARTESIANTRANSFORMATIONOPERATOR3D($,$,#835,$,$);
#837= IFCMAPPEDITEM(#809,#836);
#838= IFCSHAPEREPRESENTATION(#12,'Body','MappedRepresentation',(#810,#813,#816,#819,#822,#825,#828,#831,#834,#837));
#839= IFCPOLYLINE((#794,#574));
#840= IFCSHAPEREPRESENTATION(#12,'Axis','GeometricCurveSet',(#839));
#841= IFCREPRESENTATIONMAP(#10,#840);
#842= IFCMAPPEDITEM(#841,#807);
#843= IFCMAPPEDITEM(#841,#812);
#844= IFCMAPPEDITEM(#841,#815);
#845= IFCMAPPEDITEM(#841,#818);
#846= IFCMAPPEDITEM(#841,#821);
#847= IFCMAPPEDITEM(#841,#824);
#848= IFCMAPPEDITEM(#841,#827);
#849= IFCMAPPEDITEM(#841,#830);
#850= IFCMAPPEDITEM(#841,#833);
#851= IFCMAPPEDITEM(#841,#836);
#852= IFCSHAPEREPRESENTATION(#12,'Axis','MappedRepresentation',(#842,#843,#844,#845,#846,#847,#848,#849,#850,#851));
#853= IFCPRODUCTDEFINITIONSHAPE($,$,(#838,#852));
#854= IFCMECHANICALFASTENER('2FAB6sKYf58vDt2Gd6xW70',#790,'Bolt assembly',$,$,#793,#853,'ID8f28b1b6-522a-4523-9377-0909c6ee01c0',16.,50.);
#855= IFCCARTESIANPOINT((8703.,1596.789,23035.));
#856= IFCAXIS2PLACEMENT3D(#855,#7,#370);
#857= IFCLOCALPLACEMENT(#45,#856);
#858= IFCCARTESIANPOINT((-485.,0.,6.78170852454605));
#859= IFCCARTESIANPOINT((-485.,0.,0.));
#860= IFCCARTESIANPOINT((485.,0.,0.));
#861= IFCCARTESIANPOINT((485.,0.,6.78170852454605));
#862= IFCPOLYLOOP((#858,#859,#860,#861));
#863= IFCFACEOUTERBOUND(#862,.T.);
#864= IFCFACE((#863));
#865= IFCCARTESIANPOINT((-485.,6.75590207615664,0.591064843554705));
#866= IFCCARTESIANPOINT((485.,6.75590207615664,0.591064843554705));
#867= IFCPOLYLOOP((#859,#865,#866,#860));
#868= IFCFACEOUTERBOUND(#867,.T.);
#869= IFCFACE((#868));
#870= IFCPOLYLOOP((#865,#858,#861,#866));
#871= IFCFACEOUTERBOUND(#870,.T.);
#872= IFCFACE((#871));
#873= IFCPOLYLOOP((#866,#861,#860));
#874= IFCFACEOUTERBOUND(#873,.T.);
#875= IFCFACE((#874));
#876= IFCPOLYLOOP((#865,#859,#858));
#877= IFCFACEOUTERBOUND(#876,.T.);
#878= IFCFACE((#877));
#879= IFCCARTESIANPOINT((485.,-10.,7.40093616461127));
#880= IFCCARTESIANPOINT((485.,-10.,0.));
#881= IFCCARTESIANPOINT((-485.,-10.,0.));
#882= IFCCARTESIANPOINT((-485.,-10.,7.40093616461127));
#883= IFCPOLYLOOP((#879,#880,#881,#882));
#884= IFCFACEOUTERBOUND(#883,.T.);
#885= IFCFACE((#884));
#886= IFCCARTESIANPOINT((485.,-17.3727733681012,-0.64503408845485));
#887= IFCCARTESIANPOINT((-485.,-17.3727733681012,-0.64503408845485));
#888= IFCPOLYLOOP((#880,#886,#887,#881));
#889= IFCFACEOUTERBOUND(#888,.T.);
#890= IFCFACE((#889));
#891= IFCPOLYLOOP((#886,#879,#882,#887));
#892= IFCFACEOUTERBOUND(#891,.T.);
#893= IFCFACE((#892));
#894= IFCPOLYLOOP((#887,#882,#881));
#895= IFCFACEOUTERBOUND(#894,.T.);
#896= IFCFACE((#895));
#897= IFCPOLYLOOP((#886,#880,#879));
#898= IFCFACEOUTERBOUND(#897,.T.);
#899= IFCFACE((#898));
#900= IFCCLOSEDSHELL((#864,#869,#872,#875,#878,#885,#890,#893,#896,#899));
#901= IFCFACETEDBREP(#900);
#902= IFCSHAPEREPRESENTATION(#12,'Body','Brep',(#901));
#903= IFCPOLYLINE((#859,#860));
#904= IFCCARTESIANPOINT((485.,0.,10.));
#905= IFCCARTESIANPOINT((-485.,0.,10.));
#906= IFCPOLYLINE((#904,#905));
#907= IFCSHAPEREPRESENTATION(#13,'Axis','GeometricCurveSet',(#903,#906));
#908= IFCPRODUCTDEFINITIONSHAPE($,$,(#902,#907));
#909= IFCFASTENER('0IjijNfU12zhxmMGYehatm',#790,'Weld',$,$,#857,#908,'ID12b6cb57-a5e0-42f6-bef0-5908a8ae4df0');
#910= IFCPROPERTYSINGLEVALUE('WeldID',$,IFCINTEGER(94037760),$);
#911= IFCPROPERTYSINGLEVALUE('z',$,IFCPOSITIVELENGTHMEASURE(5.),$);
#912= IFCPROPERTYSINGLEVALUE('l',$,IFCPOSITIVELENGTHMEASURE(970.),$);
#913= IFCPROPERTYSINGLEVALUE('d',$,IFCPOSITIVELENGTHMEASURE(5.),$);
#914= IFCPROPERTYSINGLEVALUE('c',$,IFCPOSITIVELENGTHMEASURE(5.),$);
#915= IFCPROPERTYSET('13poaQ8XXFmeYqsnf1SeZI',#5,'AISC_EM11_Pset_Weld','WeldIdentity',(#87,#88,#89,#90,#910,#911,#93,#94,#912,#96,#913,#914,#99,#100,#101,#102));
#916= IFCCARTESIANPOINT((8753.,1591.78932952881,22550.));
#917= IFCAXIS2PLACEMENT3D(#916,#9,#758);
#918= IFCLOCALPLACEMENT(#45,#917);
#919= IFCRECTANGLEPROFILEDEF(.AREA.,'PL10*100',#147,10.,100.);
#920= IFCCARTESIANPOINT((0.,0.,970.));
#921= IFCAXIS2PLACEMENT3D(#920,#370,#8);
#922= IFCEXTRUDEDAREASOLID(#919,#921,#9,970.);
#923= IFCSHAPEREPRESENTATION(#12,'Body','SweptSolid',(#922));
#924= IFCPRODUCTDEFINITIONSHAPE($,$,(#923));
#925= IFCDISCRETEACCESSORY('2Mn39cQsX9ywF4SQhLlh9r',#44,'Support section',$,$,#918,#924,'1250');
#926= IFCLOCALPLACEMENT(#45,#792);
#927= IFCCARTESIANPOINT((0.,-16.6,0.));
#928= IFCAXIS2PLACEMENT3D(#927,#8,#7);
#929= IFCEXTRUDEDAREASOLID(#667,#928,#9,10.2);
#930= IFCSHAPEREPRESENTATION(#12,'Body','SweptSolid',(#929));
#931= IFCREPRESENTATIONMAP(#10,#930);
#932= IFCMAPPEDITEM(#931,#807);
#933= IFCMAPPEDITEM(#931,#812);
#934= IFCMAPPEDITEM(#931,#815);
#935= IFCMAPPEDITEM(#931,#818);
#936= IFCMAPPEDITEM(#931,#821);
#937= IFCMAPPEDITEM(#931,#824);
#938= IFCMAPPEDITEM(#931,#827);
#939= IFCMAPPEDITEM(#931,#830);
#940= IFCMAPPEDITEM(#931,#833);
#941= IFCMAPPEDITEM(#931,#836);
#942= IFCSHAPEREPRESENTATION(#12,'Body','MappedRepresentation',(#932,#933,#934,#935,#936,#937,#938,#939,#940,#941));
#943= IFCPRODUCTDEFINITIONSHAPE($,$,(#942));
#944= IFCOPENINGELEMENT('0x0nFnHPfA3umH0vfoz4HX',#5,$,$,'Opening',#926,#943,$);
#945= IFCRELVOIDSELEMENT('3j2URWnv95TQLqf8w8OBOX',#5,'Drill Hole',$,#925,#944);
#946= IFCPROPERTYSINGLEVALUE('IndicationMark',$,IFCIDENTIFIER('1250'),$);
#947= IFCPROPERTYSET('1K_JioMZr6pwVfb0Ky4MTf',#5,'AISC_EM11_Pset_PieceIdentification','PieceIdentity',(#684,#946,#458,#459));
#948= IFCCARTESIANPOINT((8287.,1603.28932952881,23600.));
#949= IFCAXIS2PLACEMENT3D(#948,#758,#370);
#950= IFCLOCALPLACEMENT(#123,#949);
#951= IFCCARTESIANPOINT((0.,-17.06,0.));
#952= IFCAXIS2PLACEMENT3D(#951,#8,#7);
#953= IFCEXTRUDEDAREASOLID(#535,#952,#9,10.56);
#954= IFCCARTESIANPOINT((0.,-6.5,0.));
#955= IFCAXIS2PLACEMENT3D(#954,#8,#7);
#956= IFCEXTRUDEDAREASOLID(#539,#955,#9,50.);
#957= IFCEXTRUDEDAREASOLID(#543,#718,#9,8.);
#958= IFCCARTESIANPOINT((0.,24.5000000000002,0.));
#959= IFCAXIS2PLACEMENT3D(#958,#8,#7);
#960= IFCEXTRUDEDAREASOLID(#535,#959,#9,13.);
#961= IFCSHAPEREPRESENTATION(#12,'Body','SweptSolid',(#953,#956,#957,#960));
#962= IFCREPRESENTATIONMAP(#10,#961);
#963= IFCMAPPEDITEM(#962,#807);
#964= IFCMAPPEDITEM(#962,#812);
#965= IFCMAPPEDITEM(#962,#815);
#966= IFCMAPPEDITEM(#962,#818);
#967= IFCMAPPEDITEM(#962,#821);
#968= IFCMAPPEDITEM(#962,#824);
#969= IFCMAPPEDITEM(#962,#827);
#970= IFCMAPPEDITEM(#962,#830);
#971= IFCMAPPEDITEM(#962,#833);
#972= IFCMAPPEDITEM(#962,#836);
#973= IFCSHAPEREPRESENTATION(#12,'Body','MappedRepresentation',(#963,#964,#965,#966,#967,#968,#969,#970,#971,#972));
#974= IFCPOLYLINE((#951,#574));
#975= IFCSHAPEREPRESENTATION(#12,'Axis','GeometricCurveSet',(#974));
#976= IFCREPRESENTATIONMAP(#10,#975);
#977= IFCMAPPEDITEM(#976,#807);
#978= IFCMAPPEDITEM(#976,#812);
#979= IFCMAPPEDITEM(#976,#815);
#980= IFCMAPPEDITEM(#976,#818);
#981= IFCMAPPEDITEM(#976,#821);
#982= IFCMAPPEDITEM(#976,#824);
#983= IFCMAPPEDITEM(#976,#827);
#984= IFCMAPPEDITEM(#976,#830);
#985= IFCMAPPEDITEM(#976,#833);
#986= IFCMAPPEDITEM(#976,#836);
#987= IFCSHAPEREPRESENTATION(#12,'Axis','MappedRepresentation',(#977,#978,#979,#980,#981,#982,#983,#984,#985,#986));
#988= IFCPRODUCTDEFINITIONSHAPE($,$,(#973,#987));
#989= IFCMECHANICALFASTENER('27RmZEavvDIfGzBPfyqjIg',#790,'Bolt assembly',$,$,#950,#988,'ID876f08ce-939e-4d4a-943d-2d9a7cd2d4aa',16.,50.);
#990= IFCCARTESIANPOINT((8297.,1586.789,23035.));
#991= IFCAXIS2PLACEMENT3D(#990,#758,#370);
#992= IFCLOCALPLACEMENT(#45,#991);
#993= IFCCARTESIANPOINT((-485.,0.,7.40093616461127));
#994= IFCCARTESIANPOINT((485.,0.,7.40093616461127));
#995= IFCPOLYLOOP((#993,#859,#860,#994));
#996= IFCFACEOUTERBOUND(#995,.T.);
#997= IFCFACE((#996));
#998= IFCCARTESIANPOINT((-485.,7.37277336810121,-0.64503408845485));
#999= IFCCARTESIANPOINT((485.,7.37277336810121,-0.64503408845485));
#1000= IFCPOLYLOOP((#859,#998,#999,#860));
#1001= IFCFACEOUTERBOUND(#1000,.T.);
#1002= IFCFACE((#1001));
#1003= IFCPOLYLOOP((#998,#993,#994,#999));
#1004= IFCFACEOUTERBOUND(#1003,.T.);
#1005= IFCFACE((#1004));
#1006= IFCPOLYLOOP((#999,#994,#860));
#1007= IFCFACEOUTERBOUND(#1006,.T.);
#1008= IFCFACE((#1007));
#1009= IFCPOLYLOOP((#998,#859,#993));
#1010= IFCFACEOUTERBOUND(#1009,.T.);
#1011= IFCFACE((#1010));
#1012= IFCCARTESIANPOINT((485.,-10.,6.78170852454605));
#1013= IFCCARTESIANPOINT((-485.,-10.,6.78170852454605));
#1014= IFCPOLYLOOP((#1012,#880,#881,#1013));
#1015= IFCFACEOUTERBOUND(#1014,.T.);
#1016= IFCFACE((#1015));
#1017= IFCCARTESIANPOINT((485.,-16.7559020761566,0.591064843554705));
#1018= IFCCARTESIANPOINT((-485.,-16.7559020761566,0.591064843554705));
#1019= IFCPOLYLOOP((#880,#1017,#1018,#881));
#1020= IFCFACEOUTERBOUND(#1019,.T.);
#1021= IFCFACE((#1020));
#1022= IFCPOLYLOOP((#1017,#1012,#1013,#1018));
#1023= IFCFACEOUTERBOUND(#1022,.T.);
#1024= IFCFACE((#1023));
#1025= IFCPOLYLOOP((#1018,#1013,#881));
#1026= IFCFACEOUTERBOUND(#1025,.T.);
#1027= IFCFACE((#1026));
#1028= IFCPOLYLOOP((#1017,#880,#1012));
#1029= IFCFACEOUTERBOUND(#1028,.T.);
#1030= IFCFACE((#1029));
#1031= IFCCLOSEDSHELL((#997,#1002,#1005,#1008,#1011,#1016,#1021,#1024,#1027,#1030));
#1032= IFCFACETEDBREP(#1031);
#1033= IFCSHAPEREPRESENTATION(#12,'Body','Brep',(#1032));
#1034= IFCSHAPEREPRESENTATION(#13,'Axis','GeometricCurveSet',(#903,#906));
#1035= IFCPRODUCTDEFINITIONSHAPE($,$,(#1033,#1034));
#1036= IFCFASTENER('2Bial8pHX6dutqyg7hr6$r',#790,'Weld',$,$,#992,#1035,'ID8bb24bc8-cd18-469f-8df4-f2a1ebd46ff5');
#1037= IFCPROPERTYSINGLEVALUE('WeldID',$,IFCINTEGER(94037104),$);
#1038= IFCPROPERTYSET('1gMDJoFDT1IQiwk9u_7h4H',#5,'AISC_EM11_Pset_Weld','WeldIdentity',(#87,#88,#89,#90,#1037,#911,#93,#94,#912,#96,#913,#914,#99,#100,#101,#102));
#1039= IFCCARTESIANPOINT((8247.,1591.78932952881,22550.));
#1040= IFCAXIS2PLACEMENT3D(#1039,#9,#7);
#1041= IFCLOCALPLACEMENT(#45,#1040);
#1042= IFCSHAPEREPRESENTATION(#12,'Body','SweptSolid',(#922));
#1043= IFCPRODUCTDEFINITIONSHAPE($,$,(#1042));
#1044= IFCDISCRETEACCESSORY('0cZLrgR_n1QgKqPBa2q13f',#44,'Support section',$,$,#1041,#1043,'1250');
#1045= IFCLOCALPLACEMENT(#45,#949);
#1046= IFCCARTESIANPOINT((0.,6.40000000000023,0.));
#1047= IFCAXIS2PLACEMENT3D(#1046,#8,#7);
#1048= IFCEXTRUDEDAREASOLID(#667,#1047,#9,10.2);
#1049= IFCSHAPEREPRESENTATION(#12,'Body','SweptSolid',(#1048));
#1050= IFCREPRESENTATIONMAP(#10,#1049);
#1051= IFCMAPPEDITEM(#1050,#807);
#1052= IFCMAPPEDITEM(#1050,#812);
#1053= IFCMAPPEDITEM(#1050,#815);
#1054= IFCMAPPEDITEM(#1050,#818);
#1055= IFCMAPPEDITEM(#1050,#821);
#1056= IFCMAPPEDITEM(#1050,#824);
#1057= IFCMAPPEDITEM(#1050,#827);
#1058= IFCMAPPEDITEM(#1050,#830);
#1059= IFCMAPPEDITEM(#1050,#833);
#1060= IFCMAPPEDITEM(#1050,#836);
#1061= IFCSHAPEREPRESENTATION(#12,'Body','MappedRepresentation',(#1051,#1052,#1053,#1054,#1055,#1056,#1057,#1058,#1059,#1060));
#1062= IFCPRODUCTDEFINITIONSHAPE($,$,(#1061));
#1063= IFCOPENINGELEMENT('1XWwPvowz7ZunuFFIKlyaQ',#5,$,$,'Opening',#1045,#1062,$);
#1064= IFCRELVOIDSELEMENT('3YCCZPDjjFshIxA3KkDAsO',#5,'Drill Hole',$,#1044,#1063);
#1065= IFCCARTESIANPOINT((8500.26804968869,1126.60679726765,19160.));
#1066= IFCAXIS2PLACEMENT3D(#1065,#8,#370);
#1067= IFCLOCALPLACEMENT(#45,#1066);
#1068= IFCSHAPEREPRESENTATION(#12,'Body','MappedRepresentation',(#724,#727,#730,#733));
#1069= IFCSHAPEREPRESENTATION(#12,'Axis','MappedRepresentation',(#739,#740,#741,#742));
#1070= IFCPRODUCTDEFINITIONSHAPE($,$,(#1068,#1069));
#1071= IFCMECHANICALFASTENER('2ZMFgLnmT8YvQLEgxAfJfw',#44,'Bolt assembly',$,$,#1067,#1070,'IDa358fa95-c707-488b-9695-3aaecaa53a7a',12.,35.);
#1072= IFCCARTESIANPOINT((8500.22961891939,1086.60704522298,19125.));
#1073= IFCAXIS2PLACEMENT3D(#1072,#9,#754);
#1074= IFCLOCALPLACEMENT(#45,#1073);
#1075= IFCPLANE(#765);
#1076= IFCHALFSPACESOLID(#1075,.T.);
#1077= IFCBOOLEANCLIPPINGRESULT(.DIFFERENCE.,#761,#1076);
#1078= IFCSHAPEREPRESENTATION(#12,'Body','Clipping',(#1077));
#1079= IFCPRODUCTDEFINITIONSHAPE($,$,(#1078));
#1080= IFCDISCRETEACCESSORY('12uXEatBP5cQN4alC4ebYR',#44,'Support section',$,$,#1074,#1079,'b/1139');
#1081= IFCLOCALPLACEMENT(#45,#1066);
#1082= IFCSHAPEREPRESENTATION(#12,'Body','MappedRepresentation',(#779,#780,#781,#782));
#1083= IFCPRODUCTDEFINITIONSHAPE($,$,(#1082));
#1084= IFCOPENINGELEMENT('1jOywYF1DFGAUWW9XzXvK0',#5,$,$,'Opening',#1081,#1083,$);
#1085= IFCRELVOIDSELEMENT('2_XQyjZgLFvB$53h2mn_cK',#5,'Drill Hole',$,#1080,#1084);
#1086= IFCLOCALPLACEMENT(#42,#10);
#1087= IFCELEMENTASSEMBLY('06RH2brG51IALLyPoOM0Uc',#520,'BEAM',$,$,#1086,$,'B/1023',.NOTDEFINED.,.RIGID_FRAME.);
#1088= IFCPROPERTYSINGLEVALUE('AssemblyMark',$,IFCIDENTIFIER('B/1023'),$);
#1089= IFCPROPERTYSET('3ZuguLTf55VArtizPOCRL1',#5,'AISC_EM11_Pset_AssemblyIdentification','AssemblyIdentity',(#1088,#52,#53));
#1090= IFCCARTESIANPOINT((8712.99947271313,1603.29535644531,19350.));
#1091= IFCAXIS2PLACEMENT3D(#1090,#7,#370);
#1092= IFCLOCALPLACEMENT(#1086,#1091);
#1093= IFCCARTESIANPOINT((0.,-15.56,0.));
#1094= IFCAXIS2PLACEMENT3D(#1093,#8,#7);
#1095= IFCEXTRUDEDAREASOLID(#535,#1094,#9,10.56);
#1096= IFCCARTESIANPOINT((0.,-5.00000000000001,0.));
#1097= IFCAXIS2PLACEMENT3D(#1096,#8,#7);
#1098= IFCEXTRUDEDAREASOLID(#539,#1097,#9,50.);
#1099= IFCCARTESIANPOINT((0.,15.,0.));
#1100= IFCAXIS2PLACEMENT3D(#1099,#8,#7);
#1101= IFCEXTRUDEDAREASOLID(#543,#1100,#9,8.);
#1102= IFCCARTESIANPOINT((0.,23.,0.));
#1103= IFCAXIS2PLACEMENT3D(#1102,#8,#7);
#1104= IFCEXTRUDEDAREASOLID(#535,#1103,#9,13.);
#1105= IFCSHAPEREPRESENTATION(#12,'Body','SweptSolid',(#1095,#1098,#1101,#1104));
#1106= IFCREPRESENTATIONMAP(#10,#1105);
#1107= IFCMAPPEDITEM(#1106,#807);
#1108= IFCMAPPEDITEM(#1106,#812);
#1109= IFCMAPPEDITEM(#1106,#815);
#1110= IFCMAPPEDITEM(#1106,#818);
#1111= IFCMAPPEDITEM(#1106,#821);
#1112= IFCMAPPEDITEM(#1106,#824);
#1113= IFCMAPPEDITEM(#1106,#827);
#1114= IFCSHAPEREPRESENTATION(#12,'Body','MappedRepresentation',(#1107,#1108,#1109,#1110,#1111,#1112,#1113));
#1115= IFCPOLYLINE((#1093,#574));
#1116= IFCSHAPEREPRESENTATION(#12,'Axis','GeometricCurveSet',(#1115));
#1117= IFCREPRESENTATIONMAP(#10,#1116);
#1118= IFCMAPPEDITEM(#1117,#807);
#1119= IFCMAPPEDITEM(#1117,#812);
#1120= IFCMAPPEDITEM(#1117,#815);
#1121= IFCMAPPEDITEM(#1117,#818);
#1122= IFCMAPPEDITEM(#1117,#821);
#1123= IFCMAPPEDITEM(#1117,#824);
#1124= IFCMAPPEDITEM(#1117,#827);
#1125= IFCSHAPEREPRESENTATION(#12,'Axis','MappedRepresentation',(#1118,#1119,#1120,#1121,#1122,#1123,#1124));
#1126= IFCPRODUCTDEFINITIONSHAPE($,$,(#1114,#1125));
#1127= IFCMECHANICALFASTENER('3lECCpCK18NhtXnisC9aW5',#520,'Bolt assembly',$,$,#1092,#1126,'IDef38c333-3140-485e-bde1-c6cd8c264805',16.,50.);
#1128= IFCCARTESIANPOINT((8702.99947271313,1618.29535644531,18935.));
#1129= IFCAXIS2PLACEMENT3D(#1128,#7,#370);
#1130= IFCLOCALPLACEMENT(#45,#1129);
#1131= IFCCARTESIANPOINT((-335.,0.,14.8018723292225));
#1132= IFCCARTESIANPOINT((335.,0.,14.8018723292225));
#1133= IFCPOLYLOOP((#1131,#599,#600,#1132));
#1134= IFCFACEOUTERBOUND(#1133,.T.);
#1135= IFCFACE((#1134));
#1136= IFCCARTESIANPOINT((-335.,14.7455467362024,-1.2900681769097));
#1137= IFCCARTESIANPOINT((335.,14.7455467362024,-1.2900681769097));
#1138= IFCPOLYLOOP((#599,#1136,#1137,#600));
#1139= IFCFACEOUTERBOUND(#1138,.T.);
#1140= IFCFACE((#1139));
#1141= IFCPOLYLOOP((#1136,#1131,#1132,#1137));
#1142= IFCFACEOUTERBOUND(#1141,.T.);
#1143= IFCFACE((#1142));
#1144= IFCPOLYLOOP((#1137,#1132,#600));
#1145= IFCFACEOUTERBOUND(#1144,.T.);
#1146= IFCFACE((#1145));
#1147= IFCPOLYLOOP((#1136,#599,#1131));
#1148= IFCFACEOUTERBOUND(#1147,.T.);
#1149= IFCFACE((#1148));
#1150= IFCCARTESIANPOINT((335.,-10.,13.5634170490921));
#1151= IFCCARTESIANPOINT((-335.,-10.,13.5634170490921));
#1152= IFCPOLYLOOP((#1150,#620,#621,#1151));
#1153= IFCFACEOUTERBOUND(#1152,.T.);
#1154= IFCFACE((#1153));
#1155= IFCCARTESIANPOINT((335.,-23.5118041523133,1.18212968710941));
#1156= IFCCARTESIANPOINT((-335.,-23.5118041523133,1.18212968710941));
#1157= IFCPOLYLOOP((#620,#1155,#1156,#621));
#1158= IFCFACEOUTERBOUND(#1157,.T.);
#1159= IFCFACE((#1158));
#1160= IFCPOLYLOOP((#1155,#1150,#1151,#1156));
#1161= IFCFACEOUTERBOUND(#1160,.T.);
#1162= IFCFACE((#1161));
#1163= IFCPOLYLOOP((#1156,#1151,#621));
#1164= IFCFACEOUTERBOUND(#1163,.T.);
#1165= IFCFACE((#1164));
#1166= IFCPOLYLOOP((#1155,#620,#1150));
#1167= IFCFACEOUTERBOUND(#1166,.T.);
#1168= IFCFACE((#1167));
#1169= IFCCLOSEDSHELL((#1135,#1140,#1143,#1146,#1149,#1154,#1159,#1162,#1165,#1168));
#1170= IFCFACETEDBREP(#1169);
#1171= IFCSHAPEREPRESENTATION(#12,'Body','Brep',(#1170));
#1172= IFCSHAPEREPRESENTATION(#13,'Axis','GeometricCurveSet',(#643,#646));
#1173= IFCPRODUCTDEFINITIONSHAPE($,$,(#1171,#1172));
#1174= IFCFASTENER('0vGFur3T174vOKFPubGwDL',#520,'Weld',$,$,#1130,#1173,'ID3940fe35-0dd0-4713-9614-3d9e2543a355');
#1175= IFCPROPERTYSINGLEVALUE('WeldID',$,IFCINTEGER(93737405),$);
#1176= IFCPROPERTYSET('0NKBTX6xb1fBvf_ihohFG9',#5,'AISC_EM11_Pset_Weld','WeldIdentity',(#87,#88,#89,#90,#1175,#651,#93,#94,#652,#96,#653,#654,#99,#100,#101,#102));
#1177= IFCCARTESIANPOINT((8752.99947271313,1613.29535644531,18600.));
#1178= IFCAXIS2PLACEMENT3D(#1177,#9,#758);
#1179= IFCLOCALPLACEMENT(#45,#1178);
#1180= IFCEXTRUDEDAREASOLID(#919,#661,#9,670.);
#1181= IFCSHAPEREPRESENTATION(#12,'Body','SweptSolid',(#1180));
#1182= IFCPRODUCTDEFINITIONSHAPE($,$,(#1181));
#1183= IFCDISCRETEACCESSORY('0nrLW9AhX4RwZRdb25o6td',#44,'Support section',$,$,#1179,#1182,'1345');
#1184= IFCLOCALPLACEMENT(#45,#1091);
#1185= IFCCARTESIANPOINT((0.,4.9,0.));
#1186= IFCAXIS2PLACEMENT3D(#1185,#8,#7);
#1187= IFCEXTRUDEDAREASOLID(#667,#1186,#9,10.2);
#1188= IFCSHAPEREPRESENTATION(#12,'Body','SweptSolid',(#1187));
#1189= IFCREPRESENTATIONMAP(#10,#1188);
#1190= IFCMAPPEDITEM(#1189,#807);
#1191= IFCMAPPEDITEM(#1189,#812);
#1192= IFCMAPPEDITEM(#1189,#815);
#1193= IFCMAPPEDITEM(#1189,#818);
#1194= IFCMAPPEDITEM(#1189,#821);
#1195= IFCMAPPEDITEM(#1189,#824);
#1196= IFCMAPPEDITEM(#1189,#827);
#1197= IFCSHAPEREPRESENTATION(#12,'Body','MappedRepresentation',(#1190,#1191,#1192,#1193,#1194,#1195,#1196));
#1198= IFCPRODUCTDEFINITIONSHAPE($,$,(#1197));
#1199= IFCOPENINGELEMENT('3KN2vvrDz3y8hJby1Bf2Hk',#5,$,$,'Opening',#1184,#1198,$);
#1200= IFCRELVOIDSELEMENT('3SVPvhp1bF88Bp3Sp09rdI',#5,'Drill Hole',$,#1183,#1199);
#1201= IFCPROPERTYSINGLEVALUE('IndicationMark',$,IFCIDENTIFIER('1345'),$);
#1202= IFCPROPERTYSET('3kjI7p90j078AtTgk9VEZ9',#5,'AISC_EM11_Pset_PieceIdentification','PieceIdentity',(#684,#1201,#458,#459));
#1203= IFCLOCALPLACEMENT(#42,#10);
#1204= IFCELEMENTASSEMBLY('1rQQawkV1D$R_E5OAd$dRR',#44,'BEAM',$,$,#1203,$,'B/1271',.NOTDEFINED.,.RIGID_FRAME.);
#1205= IFCPROPERTYSINGLEVALUE('AssemblyMark',$,IFCIDENTIFIER('B/1271'),$);
#1206= IFCPROPERTYSET('3hGnN3w_XCSR0s3JBqoIVB',#5,'AISC_EM11_Pset_AssemblyIdentification','AssemblyIdentity',(#1205,#52,#53));
#1207= IFCCARTESIANPOINT((8287.,1603.28932952881,19350.));
#1208= IFCAXIS2PLACEMENT3D(#1207,#758,#370);
#1209= IFCLOCALPLACEMENT(#1203,#1208);
#1210= IFCSHAPEREPRESENTATION(#12,'Body','MappedRepresentation',(#1107,#1108,#1109,#1110,#1111,#1112,#1113));
#1211= IFCSHAPEREPRESENTATION(#12,'Axis','MappedRepresentation',(#1118,#1119,#1120,#1121,#1122,#1123,#1124));
#1212= IFCPRODUCTDEFINITIONSHAPE($,$,(#1210,#1211));
#1213= IFCMECHANICALFASTENER('1CSzKSa395VQooebS9DQQ0',#520,'Bolt assembly',$,$,#1209,#1212,'ID4c73d51c-9032-457d-acb2-a2570935a680',16.,50.);
#1214= IFCCARTESIANPOINT((8297.,1588.28932952881,18935.));
#1215= IFCAXIS2PLACEMENT3D(#1214,#758,#370);
#1216= IFCLOCALPLACEMENT(#45,#1215);
#1217= IFCSHAPEREPRESENTATION(#12,'Body','Brep',(#1170));
#1218= IFCSHAPEREPRESENTATION(#13,'Axis','GeometricCurveSet',(#643,#646));
#1219= IFCPRODUCTDEFINITIONSHAPE($,$,(#1217,#1218));
#1220= IFCFASTENER('2blQxP9qjDQ9q96fCZDVAR',#520,'Weld',$,$,#1216,#1219,'IDa5bdaed9-274b-4d68-9d09-1a932335f29b');
#1221= IFCPROPERTYSINGLEVALUE('WeldID',$,IFCINTEGER(93736965),$);
#1222= IFCPROPERTYSET('2qX7imsNn79P$DBClzrIWh',#5,'AISC_EM11_Pset_Weld','WeldIdentity',(#87,#88,#89,#90,#1221,#651,#93,#94,#652,#96,#653,#654,#99,#100,#101,#102));
#1223= IFCCARTESIANPOINT((8247.,1593.28932952881,18600.));
#1224= IFCAXIS2PLACEMENT3D(#1223,#9,#7);
#1225= IFCLOCALPLACEMENT(#45,#1224);
#1226= IFCSHAPEREPRESENTATION(#12,'Body','SweptSolid',(#1180));
#1227= IFCPRODUCTDEFINITIONSHAPE($,$,(#1226));
#1228= IFCDISCRETEACCESSORY('1N0EP$Bz16_AoTwyl0fbRK',#44,'Support section',$,$,#1225,#1227,'1345');
#1229= IFCLOCALPLACEMENT(#45,#1208);
#1230= IFCSHAPEREPRESENTATION(#12,'Body','MappedRepresentation',(#1190,#1191,#1192,#1193,#1194,#1195,#1196));
#1231= IFCPRODUCTDEFINITIONSHAPE($,$,(#1230));
#1232= IFCOPENINGELEMENT('2sBSyeUjv4rx1UNBySZZHZ',#5,$,$,'Opening',#1229,#1231,$);
#1233= IFCRELVOIDSELEMENT('0_zUHgCAL24xoHsiFkFUGg',#5,'Drill Hole',$,#1228,#1232);
#1234= IFCCARTESIANPOINT((8242.10796519996,1603.29535644531,18520.));
#1235= IFCAXIS2PLACEMENT3D(#1234,#130,#131);
#1236= IFCLOCALPLACEMENT(#1203,#1235);
#1237= IFCSHAPEREPRESENTATION(#12,'Body','MappedRepresentation',(#163,#166,#169,#172,#175,#178,#181,#184,#187,#190,#193,#196,#199,#202,#205,#208,#211,#214,#217,#220));
#1238= IFCSHAPEREPRESENTATION(#12,'Axis','MappedRepresentation',(#226,#227,#228,#229,#230,#231,#232,#233,#234,#235,#236,#237,#238,#239,#240,#241,#242,#243,#244,#245));
#1239= IFCPRODUCTDEFINITIONSHAPE($,$,(#1237,#1238));
#1240= IFCMECHANICALFASTENER('0n8INFpX56bwFweB8SFTfa',#520,'Bolt assembly',$,$,#1236,#1239,'ID312125cf-ce11-4697-a3fa-a0b21c3dda64',20.,75.);
#1241= IFCCARTESIANPOINT((8757.99947271313,1603.29535644531,18520.));
#1242= IFCAXIS2PLACEMENT3D(#1241,#56,#7);
#1243= IFCLOCALPLACEMENT(#1086,#1242);
#1244= IFCSHAPEREPRESENTATION(#12,'Body','MappedRepresentation',(#163,#166,#169,#172,#175,#178,#181,#184,#187,#190,#193,#196,#199,#202,#205,#208,#211,#214,#217,#220));
#1245= IFCSHAPEREPRESENTATION(#12,'Axis','MappedRepresentation',(#226,#227,#228,#229,#230,#231,#232,#233,#234,#235,#236,#237,#238,#239,#240,#241,#242,#243,#244,#245));
#1246= IFCPRODUCTDEFINITIONSHAPE($,$,(#1244,#1245));
#1247= IFCMECHANICALFASTENER('16mH2JnlH6V8HqxtG_UlEE',#520,'Bolt assembly',$,$,#1243,#1246,'ID46c11093-c6f4-467c-8474-ef743e7af38e',20.,75.);
#1248= IFCCARTESIANPOINT((8242.10796519996,1603.29535644531,19350.));
#1249= IFCAXIS2PLACEMENT3D(#1248,#278,#131);
#1250= IFCLOCALPLACEMENT(#1203,#1249);
#1251= IFCSHAPEREPRESENTATION(#12,'Body','MappedRepresentation',(#307,#308,#309,#310,#311,#312,#313,#314,#315,#316,#317,#318,#319,#320,#321,#322,#323,#324,#325,#326));
#1252= IFCSHAPEREPRESENTATION(#12,'Axis','MappedRepresentation',(#332,#333,#334,#335,#336,#337,#338,#339,#340,#341,#342,#343,#344,#345,#346,#347,#348,#349,#350,#351));
#1253= IFCPRODUCTDEFINITIONSHAPE($,$,(#1251,#1252));
#1254= IFCMECHANICALFASTENER('2rFAvGykX8TBINyMv6HVIx',#520,'Bolt assembly',$,$,#1250,#1253,'IDb53cae50-f2e8-4874-b497-f16e4645f4bb',22.,80.);
#1255= IFCCARTESIANPOINT((8757.99947271313,1603.29535644531,19350.));
#1256= IFCAXIS2PLACEMENT3D(#1255,#8,#7);
#1257= IFCLOCALPLACEMENT(#1086,#1256);
#1258= IFCSHAPEREPRESENTATION(#12,'Body','MappedRepresentation',(#307,#308,#309,#310,#311,#312,#313,#314,#315,#316,#317,#318,#319,#320,#321,#322,#323,#324,#325,#326));
#1259= IFCSHAPEREPRESENTATION(#12,'Axis','MappedRepresentation',(#332,#333,#334,#335,#336,#337,#338,#339,#340,#341,#342,#343,#344,#345,#346,#347,#348,#349,#350,#351));
#1260= IFCPRODUCTDEFINITIONSHAPE($,$,(#1258,#1259));
#1261= IFCMECHANICALFASTENER('2Km8oJkCrEjPmNMgREvzls',#520,'Bolt assembly',$,$,#1257,#1260,'ID94c08c93-b8cd-4eb5-9c17-5aa6cee7dbf6',22.,80.);
#1262= IFCCARTESIANPOINT((7526.9821776896,1477.71555391757,18510.5));
#1263= IFCAXIS2PLACEMENT3D(#1262,#370,#371);
#1264= IFCLOCALPLACEMENT(#45,#1263);
#1265= IFCSHAPEREPRESENTATION(#12,'Body','SweptSolid',(#385));
#1266= IFCPRODUCTDEFINITIONSHAPE($,$,(#1265));
#1267= IFCDISCRETEACCESSORY('2qXqHRyNv6p8kMk93cNkv6',#44,'Steel plate',$,$,#1264,#1266,'1344');
#1268= IFCLOCALPLACEMENT(#45,#1263);
#1269= IFCPLANE(#396);
#1270= IFCHALFSPACESOLID(#1269,.T.);
#1271= IFCBOOLEANCLIPPINGRESULT(.DIFFERENCE.,#393,#1270);
#1272= IFCSHAPEREPRESENTATION(#12,'Body','Clipping',(#1271));
#1273= IFCPRODUCTDEFINITIONSHAPE($,$,(#1272));
#1274= IFCOPENINGELEMENT('3CYzC$hYL83udhIXTJCjbx',#5,$,$,'Recess',#1268,#1273,$);
#1275= IFCRELVOIDSELEMENT('2otJ2YWXDCRBXLkeaeCjcm',#5,$,$,#1267,#1274);
#1276= IFCLOCALPLACEMENT(#45,#1263);
#1277= IFCPLANE(#396);
#1278= IFCHALFSPACESOLID(#1277,.T.);
#1279= IFCBOOLEANCLIPPINGRESULT(.DIFFERENCE.,#393,#1278);
#1280= IFCSHAPEREPRESENTATION(#12,'Body','Clipping',(#1279));
#1281= IFCPRODUCTDEFINITIONSHAPE($,$,(#1280));
#1282= IFCOPENINGELEMENT('2RJKLqWHv2_Oz3NedkRZK9',#5,$,$,'Recess',#1276,#1281,$);
#1283= IFCRELVOIDSELEMENT('3hneRK4_n9cfhq8OZ_rG5N',#5,$,$,#1267,#1282);
#1284= IFCLOCALPLACEMENT(#45,#1235);
#1285= IFCSHAPEREPRESENTATION(#12,'Body','MappedRepresentation',(#424,#425,#426,#427,#428,#429,#430,#431,#432,#433,#434,#435,#436,#437,#438,#439,#440,#441,#442,#443));
#1286= IFCPRODUCTDEFINITIONSHAPE($,$,(#1285));
#1287= IFCOPENINGELEMENT('1sQyfHxRPBHfM6oNTvZunO',#5,$,$,'Opening',#1284,#1286,$);
#1288= IFCRELVOIDSELEMENT('21TdFm4T9EwhJGXAJJptVn',#5,'Drill Hole',$,#1267,#1287);
#1289= IFCLOCALPLACEMENT(#45,#1242);
#1290= IFCSHAPEREPRESENTATION(#12,'Body','MappedRepresentation',(#424,#425,#426,#427,#428,#429,#430,#431,#432,#433,#434,#435,#436,#437,#438,#439,#440,#441,#442,#443));
#1291= IFCPRODUCTDEFINITIONSHAPE($,$,(#1290));
#1292= IFCOPENINGELEMENT('2lzmtMBzP9CulNHJXK17xO',#5,$,$,'Opening',#1289,#1291,$);
#1293= IFCRELVOIDSELEMENT('03m09m5ar0BOdJ5ljO6mgc',#5,'Drill Hole',$,#1267,#1292);
#1294= IFCCARTESIANPOINT((7526.98217768961,1477.71555391757,19359.5));
#1295= IFCAXIS2PLACEMENT3D(#1294,#370,#371);
#1296= IFCLOCALPLACEMENT(#45,#1295);
#1297= IFCSHAPEREPRESENTATION(#12,'Body','SweptSolid',(#385));
#1298= IFCPRODUCTDEFINITIONSHAPE($,$,(#1297));
#1299= IFCDISCRETEACCESSORY('2YC6MnRHz9oeJ_6BcHJQ63',#44,'Steel plate',$,$,#1296,#1298,'1341');
#1300= IFCLOCALPLACEMENT(#45,#1295);
#1301= IFCPLANE(#476);
#1302= IFCHALFSPACESOLID(#1301,.T.);
#1303= IFCBOOLEANCLIPPINGRESULT(.DIFFERENCE.,#474,#1302);
#1304= IFCSHAPEREPRESENTATION(#12,'Body','Clipping',(#1303));
#1305= IFCPRODUCTDEFINITIONSHAPE($,$,(#1304));
#1306= IFCOPENINGELEMENT('1UvdY7Be5EDOm9I4MaVlON',#5,$,$,'Recess',#1300,#1305,$);
#1307= IFCRELVOIDSELEMENT('04ygqU__L9ieFusEU8bJgl',#5,$,$,#1299,#1306);
#1308= IFCLOCALPLACEMENT(#45,#1249);
#1309= IFCSHAPEREPRESENTATION(#12,'Body','MappedRepresentation',(#489,#490,#491,#492,#493,#494,#495,#496,#497,#498,#499,#500,#501,#502,#503,#504,#505,#506,#507,#508));
#1310= IFCPRODUCTDEFINITIONSHAPE($,$,(#1309));
#1311= IFCOPENINGELEMENT('1MpjuMc1jFehk5PE5jG2FX',#5,$,$,'Opening',#1308,#1310,$);
#1312= IFCRELVOIDSELEMENT('01FdxZW0v2NBWnw_2BuHl3',#5,'Drill Hole',$,#1299,#1311);
#1313= IFCLOCALPLACEMENT(#45,#1256);
#1314= IFCSHAPEREPRESENTATION(#12,'Body','MappedRepresentation',(#489,#490,#491,#492,#493,#494,#495,#496,#497,#498,#499,#500,#501,#502,#503,#504,#505,#506,#507,#508));
#1315= IFCPRODUCTDEFINITIONSHAPE($,$,(#1314));
#1316= IFCOPENINGELEMENT('2huv1GYgv8yhetqJO4rV2M',#5,$,$,'Opening',#1313,#1315,$);
#1317= IFCRELVOIDSELEMENT('3YpiMCnQv6L977rT$FUegS',#5,'Drill Hole',$,#1299,#1316);
#1318= IFCCARTESIANPOINT((8500.26804968869,1126.60679726765,13710.));
#1319= IFCAXIS2PLACEMENT3D(#1318,#8,#370);
#1320= IFCLOCALPLACEMENT(#45,#1319);
#1321= IFCSHAPEREPRESENTATION(#12,'Body','MappedRepresentation',(#724,#727,#730,#733));
#1322= IFCSHAPEREPRESENTATION(#12,'Axis','MappedRepresentation',(#739,#740,#741,#742));
#1323= IFCPRODUCTDEFINITIONSHAPE($,$,(#1321,#1322));
#1324= IFCMECHANICALFASTENER('0phbpF96D9VfhC5atd6UiO',#44,'Bolt assembly',$,$,#1320,#1323,'ID33ae5ccf-2463-497e-9acc-164de719eb18',12.,35.);
#1325= IFCOWNERHISTORY(#3,#4,$,.NOCHANGE.,$,$,$,1773072000);
#1326= IFCOWNERHISTORY(#3,#4,$,.NOCHANGE.,$,$,$,1773849600);
#1327= IFCLOCALPLACEMENT(#42,#10);
#1328= IFCELEMENTASSEMBLY('12JgQAsrXD496aTNKSJzZY',#1326,'BEAM',$,$,#1327,$,'B/368',.NOTDEFINED.,.RIGID_FRAME.);
#1329= IFCPROPERTYSINGLEVALUE('AssemblyMark',$,IFCIDENTIFIER('B/368'),$);
#1330= IFCPROPERTYSET('3FNcl17iT2$gm86tenUbPL',#5,'AISC_EM11_Pset_AssemblyIdentification','AssemblyIdentity',(#1329,#52,#53));
#1331= IFCCARTESIANPOINT((8500.00067886096,1816.28927009768,23600.));
#1332= IFCAXIS2PLACEMENT3D(#1331,#8,#370);
#1333= IFCLOCALPLACEMENT(#1327,#1332);
#1334= IFCCARTESIANPOINT((0.,-26.56,0.));
#1335= IFCAXIS2PLACEMENT3D(#1334,#8,#7);
#1336= IFCEXTRUDEDAREASOLID(#535,#1335,#9,10.56);
#1337= IFCCARTESIANPOINT((0.,-16.,0.));
#1338= IFCAXIS2PLACEMENT3D(#1337,#8,#7);
#1339= IFCEXTRUDEDAREASOLID(#539,#1338,#9,50.);
#1340= IFCCARTESIANPOINT((0.,6.00000088002706,0.));
#1341= IFCAXIS2PLACEMENT3D(#1340,#8,#7);
#1342= IFCEXTRUDEDAREASOLID(#543,#1341,#9,8.);
#1343= IFCCARTESIANPOINT((0.,14.0000008800271,0.));
#1344= IFCAXIS2PLACEMENT3D(#1343,#8,#7);
#1345= IFCEXTRUDEDAREASOLID(#535,#1344,#9,13.);
#1346= IFCSHAPEREPRESENTATION(#12,'Body','SweptSolid',(#1336,#1339,#1342,#1345));
#1347= IFCREPRESENTATIONMAP(#10,#1346);
#1348= IFCMAPPEDITEM(#1347,#551);
#1349= IFCMAPPEDITEM(#1347,#556);
#1350= IFCMAPPEDITEM(#1347,#559);
#1351= IFCMAPPEDITEM(#1347,#562);
#1352= IFCMAPPEDITEM(#1347,#565);
#1353= IFCMAPPEDITEM(#1347,#568);
#1354= IFCMAPPEDITEM(#1347,#571);
#1355= IFCCARTESIANPOINT((815.,0.,50.));
#1356= IFCCARTESIANTRANSFORMATIONOPERATOR3D($,$,#1355,$,$);
#1357= IFCMAPPEDITEM(#1347,#1356);
#1358= IFCCARTESIANPOINT((915.,0.,50.));
#1359= IFCCARTESIANTRANSFORMATIONOPERATOR3D($,$,#1358,$,$);
#1360= IFCMAPPEDITEM(#1347,#1359);
#1361= IFCCARTESIANPOINT((1015.,0.,50.));
#1362= IFCCARTESIANTRANSFORMATIONOPERATOR3D($,$,#1361,$,$);
#1363= IFCMAPPEDITEM(#1347,#1362);
#1364= IFCSHAPEREPRESENTATION(#12,'Body','MappedRepresentation',(#1348,#1349,#1350,#1351,#1352,#1353,#1354,#1357,#1360,#1363));
#1365= IFCPOLYLINE((#1334,#574));
#1366= IFCSHAPEREPRESENTATION(#12,'Axis','GeometricCurveSet',(#1365));
#1367= IFCREPRESENTATIONMAP(#10,#1366);
#1368= IFCMAPPEDITEM(#1367,#551);
#1369= IFCMAPPEDITEM(#1367,#556);
#1370= IFCMAPPEDITEM(#1367,#559);
#1371= IFCMAPPEDITEM(#1367,#562);
#1372= IFCMAPPEDITEM(#1367,#565);
#1373= IFCMAPPEDITEM(#1367,#568);
#1374= IFCMAPPEDITEM(#1367,#571);
#1375= IFCMAPPEDITEM(#1367,#1356);
#1376= IFCMAPPEDITEM(#1367,#1359);
#1377= IFCMAPPEDITEM(#1367,#1362);
#1378= IFCSHAPEREPRESENTATION(#12,'Axis','MappedRepresentation',(#1368,#1369,#1370,#1371,#1372,#1373,#1374,#1375,#1376,#1377));
#1379= IFCPRODUCTDEFINITIONSHAPE($,$,(#1364,#1378));
#1380= IFCMECHANICALFASTENER('0yUkpuyp120PRl8Ira4cBt',#1325,'Bolt assembly',$,$,#1333,#1379,'ID3c7aecf8-f330-4201-96ef-212d641262f7',16.,50.);
#1381= IFCCARTESIANPOINT((8506.001,1806.289,23035.));
#1382= IFCAXIS2PLACEMENT3D(#1381,#8,#370);
#1383= IFCLOCALPLACEMENT(#45,#1382);
#1384= IFCSHAPEREPRESENTATION(#12,'Body','Brep',(#901));
#1385= IFCSHAPEREPRESENTATION(#13,'Axis','GeometricCurveSet',(#903,#906));
#1386= IFCPRODUCTDEFINITIONSHAPE($,$,(#1384,#1385));
#1387= IFCFASTENER('3mG8c$qbXBgfPLTj80BjEH',#1325,'Weld',$,$,#1383,#1386,'IDf04089bf-d258-4baa-9655-76d2002ed391');
#1388= IFCPROPERTYSINGLEVALUE('WeldID',$,IFCINTEGER(93467930),$);
#1389= IFCPROPERTYSET('3IYFlZ4ZXBSuNd0PvKXaJS',#5,'AISC_EM11_Pset_Weld','WeldIdentity',(#87,#88,#89,#90,#1388,#911,#93,#94,#912,#96,#913,#914,#99,#100,#101,#102));
#1390= IFCCARTESIANPOINT((8511.00067886096,1861.28926996568,22550.));
#1391= IFCAXIS2PLACEMENT3D(#1390,#9,#56);
#1392= IFCLOCALPLACEMENT(#45,#1391);
#1393= IFCEXTRUDEDAREASOLID(#659,#921,#9,970.);
#1394= IFCSHAPEREPRESENTATION(#12,'Body','SweptSolid',(#1393));
#1395= IFCPRODUCTDEFINITIONSHAPE($,$,(#1394));
#1396= IFCDISCRETEACCESSORY('2illpXFqL9VhC3D4F_V3TM',#44,'Support section',$,$,#1392,#1395,'1181');
#1397= IFCLOCALPLACEMENT(#45,#1332);
#1398= IFCCARTESIANPOINT((0.,-16.1,0.));
#1399= IFCAXIS2PLACEMENT3D(#1398,#8,#7);
#1400= IFCEXTRUDEDAREASOLID(#667,#1399,#9,10.2);
#1401= IFCSHAPEREPRESENTATION(#12,'Body','SweptSolid',(#1400));
#1402= IFCREPRESENTATIONMAP(#10,#1401);
#1403= IFCMAPPEDITEM(#1402,#551);
#1404= IFCMAPPEDITEM(#1402,#556);
#1405= IFCMAPPEDITEM(#1402,#559);
#1406= IFCMAPPEDITEM(#1402,#562);
#1407= IFCMAPPEDITEM(#1402,#565);
#1408= IFCMAPPEDITEM(#1402,#568);
#1409= IFCMAPPEDITEM(#1402,#571);
#1410= IFCMAPPEDITEM(#1402,#1356);
#1411= IFCMAPPEDITEM(#1402,#1359);
#1412= IFCMAPPEDITEM(#1402,#1362);
#1413= IFCSHAPEREPRESENTATION(#12,'Body','MappedRepresentation',(#1403,#1404,#1405,#1406,#1407,#1408,#1409,#1410,#1411,#1412));
#1414= IFCPRODUCTDEFINITIONSHAPE($,$,(#1413));
#1415= IFCOPENINGELEMENT('1zwsGoMxf1K8BA8_UR6wDI',#5,$,$,'Opening',#1397,#1414,$);
#1416= IFCRELVOIDSELEMENT('0niKXVugL9_8SGKEth3czO',#5,'Drill Hole',$,#1396,#1415);
#1417= IFCPROPERTYSINGLEVALUE('IndicationMark',$,IFCIDENTIFIER('1181'),$);
#1418= IFCPROPERTYSET('23YTjBENj2ZQJYK67Dwek2',#5,'AISC_EM11_Pset_PieceIdentification','PieceIdentity',(#684,#1417,#458,#459));
#1419= IFCOWNERHISTORY(#3,#4,$,.NOCHANGE.,$,$,$,1772485200);
#1420= IFCOWNERHISTORY(#3,#4,$,.NOCHANGE.,$,$,$,1774368000);
#1421= IFCLOCALPLACEMENT(#42,#10);
#1422= IFCELEMENTASSEMBLY('0OBQy1fQb4SRzVbz$4IxxS',#1420,'BEAM',$,$,#1421,$,'B/1159',.NOTDEFINED.,.RIGID_FRAME.);
#1423= IFCPROPERTYSINGLEVALUE('DrawingNumber',$,IFCIDENTIFIER('[B.1159]'),$);
#1424= IFCPROPERTYSET('3pH4CBMEv1P9JsonVhWwSe',#5,'AISC_EM11_Pset_DrawingNumber',$,(#1423));
#1425= IFCPROPERTYSINGLEVALUE('AssemblyMark',$,IFCIDENTIFIER('B/1159'),$);
#1426= IFCPROPERTYSET('0SidkezKz7N9xUhLApuXho',#5,'AISC_EM11_Pset_AssemblyIdentification','AssemblyIdentity',(#1425,#52,#53));
#1427= IFCCARTESIANPOINT((8762.96492497503,1603.59642437781,13450.));
#1428= IFCDIRECTION((0.000467666999833455,-0.999999890643783,0.));
#1429= IFCDIRECTION((0.999999890643783,0.000467666999833569,0.));
#1430= IFCAXIS2PLACEMENT3D(#1427,#1428,#1429);
#1431= IFCLOCALPLACEMENT(#1421,#1430);
#1432= IFCEXTRUDEDAREASOLID(#148,#150,#9,65.);
#1433= IFCCARTESIANPOINT((0.,14.6000003799992,0.));
#1434= IFCAXIS2PLACEMENT3D(#1433,#8,#7);
#1435= IFCEXTRUDEDAREASOLID(#152,#1434,#9,8.);
#1436= IFCCARTESIANPOINT((0.,22.6000003799992,0.));
#1437= IFCAXIS2PLACEMENT3D(#1436,#8,#7);
#1438= IFCEXTRUDEDAREASOLID(#141,#1437,#9,16.);
#1439= IFCCARTESIANPOINT((9.09494701772928E-12,0.,-49.9999999999939));
#1440= IFCCARTESIANTRANSFORMATIONOPERATOR3D($,$,#1439,$,$);
#1441= IFCSHAPEREPRESENTATION(#12,'Body','SweptSolid',(#144,#1432,#1435,#1438));
#1442= IFCREPRESENTATIONMAP(#10,#1441);
#1443= IFCMAPPEDITEM(#1442,#1440);
#1444= IFCCARTESIANPOINT((70.0000000000655,0.,-50.0000000000257));
#1445= IFCCARTESIANTRANSFORMATIONOPERATOR3D($,$,#1444,$,$);
#1446= IFCMAPPEDITEM(#1442,#1445);
#1447= IFCCARTESIANPOINT((140.00000000012,0.,-50.0000000000573));
#1448= IFCCARTESIANTRANSFORMATIONOPERATOR3D($,$,#1447,$,$);
#1449= IFCMAPPEDITEM(#1442,#1448);
#1450= IFCCARTESIANPOINT((210.000000000176,0.,-50.0000000000891));
#1451= IFCCARTESIANTRANSFORMATIONOPERATOR3D($,$,#1450,$,$);
#1452= IFCMAPPEDITEM(#1442,#1451);
#1453= IFCCARTESIANPOINT((280.000000000229,0.,-50.0000000001212));
#1454= IFCCARTESIANTRANSFORMATIONOPERATOR3D($,$,#1453,$,$);
#1455= IFCMAPPEDITEM(#1442,#1454);
#1456= IFCCARTESIANPOINT((350.000000000286,0.,-50.000000000153));
#1457= IFCCARTESIANTRANSFORMATIONOPERATOR3D($,$,#1456,$,$);
#1458= IFCMAPPEDITEM(#1442,#1457);
#1459= IFCCARTESIANPOINT((420.00000000034,0.,-50.0000000001849));
#1460= IFCCARTESIANTRANSFORMATIONOPERATOR3D($,$,#1459,$,$);
#1461= IFCMAPPEDITEM(#1442,#1460);
#1462= IFCCARTESIANPOINT((-1.2732925824821E-11,0.,49.9999999999939));
#1463= IFCCARTESIANTRANSFORMATIONOPERATOR3D($,$,#1462,$,$);
#1464= IFCMAPPEDITEM(#1442,#1463);
#1465= IFCCARTESIANPOINT((70.0000000000418,0.,49.999999999962));
#1466= IFCCARTESIANTRANSFORMATIONOPERATOR3D($,$,#1465,$,$);
#1467= IFCMAPPEDITEM(#1442,#1466);
#1468= IFCCARTESIANPOINT((140.000000000098,0.,49.9999999999302));
#1469= IFCCARTESIANTRANSFORMATIONOPERATOR3D($,$,#1468,$,$);
#1470= IFCMAPPEDITEM(#1442,#1469);
#1471= IFCCARTESIANPOINT((210.000000000153,0.,49.9999999998984));
#1472= IFCCARTESIANTRANSFORMATIONOPERATOR3D($,$,#1471,$,$);
#1473= IFCMAPPEDITEM(#1442,#1472);
#1474= IFCCARTESIANPOINT((280.000000000209,0.,49.9999999998668));
#1475= IFCCARTESIANTRANSFORMATIONOPERATOR3D($,$,#1474,$,$);
#1476= IFCMAPPEDITEM(#1442,#1475);
#1477= IFCCARTESIANPOINT((350.000000000262,0.,49.9999999998349));
#1478= IFCCARTESIANTRANSFORMATIONOPERATOR3D($,$,#1477,$,$);
#1479= IFCMAPPEDITEM(#1442,#1478);
#1480= IFCCARTESIANPOINT((420.000000000318,0.,49.9999999998029));
#1481= IFCCARTESIANTRANSFORMATIONOPERATOR3D($,$,#1480,$,$);
#1482= IFCMAPPEDITEM(#1442,#1481);
#1483= IFCSHAPEREPRESENTATION(#12,'Body','MappedRepresentation',(#1443,#1446,#1449,#1452,#1455,#1458,#1461,#1464,#1467,#1470,#1473,#1476,#1479,#1482));
#1484= IFCCARTESIANPOINT((0.,65.,0.));
#1485= IFCPOLYLINE((#142,#1484));
#1486= IFCSHAPEREPRESENTATION(#12,'Axis','GeometricCurveSet',(#1485));
#1487= IFCREPRESENTATIONMAP(#10,#1486);
#1488= IFCMAPPEDITEM(#1487,#1440);
#1489= IFCMAPPEDITEM(#1487,#1445);
#1490= IFCMAPPEDITEM(#1487,#1448);
#1491= IFCMAPPEDITEM(#1487,#1451);
#1492= IFCMAPPEDITEM(#1487,#1454);
#1493= IFCMAPPEDITEM(#1487,#1457);
#1494= IFCMAPPEDITEM(#1487,#1460);
#1495= IFCMAPPEDITEM(#1487,#1463);
#1496= IFCMAPPEDITEM(#1487,#1466);
#1497= IFCMAPPEDITEM(#1487,#1469);
#1498= IFCMAPPEDITEM(#1487,#1472);
#1499= IFCMAPPEDITEM(#1487,#1475);
#1500= IFCMAPPEDITEM(#1487,#1478);
#1501= IFCMAPPEDITEM(#1487,#1481);
#1502= IFCSHAPEREPRESENTATION(#12,'Axis','MappedRepresentation',(#1488,#1489,#1490,#1491,#1492,#1493,#1494,#1495,#1496,#1497,#1498,#1499,#1500,#1501));
#1503= IFCPRODUCTDEFINITIONSHAPE($,$,(#1483,#1502));
#1504= IFCMECHANICALFASTENER('0r5xgM_M50gRtu2sFnsrHv',#1419,'Bolt assembly',$,$,#1431,#1503,'ID3517ba96-f961-40a9-bdf8-0b63f1db5479',20.,65.);
#1505= IFCPROPERTYSINGLEVALUE('BoltLength',$,IFCPOSITIVELENGTHMEASURE(65.),$);
#1506= IFCPROPERTYSET('0$zrvOZhfE$8Dkl1jja1nd',#5,'AISC_EM11_Pset_Bolt','BoltIdentity',(#249,#250,#251,#1505,#253,#254));
#1507= IFCLOCALPLACEMENT(#42,#10);
#1508= IFCELEMENTASSEMBLY('2ZooaZ1IX5ZeBu1yR7019H',#44,'BEAM',$,$,#1507,$,'B/1179',.NOTDEFINED.,.RIGID_FRAME.);
#1509= IFCPROPERTYSINGLEVALUE('DrawingNumber',$,IFCIDENTIFIER('[B.1179]'),$);
#1510= IFCPROPERTYSET('1Rm15ztbvFgOaE$_DnqxWf',#5,'AISC_EM11_Pset_DrawingNumber',$,(#1509));
#1511= IFCPROPERTYSINGLEVALUE('AssemblyMark',$,IFCIDENTIFIER('B/1179'),$);
#1512= IFCPROPERTYSET('2ia42SWMj8nPzQageMNhqC',#5,'AISC_EM11_Pset_AssemblyIdentification','AssemblyIdentity',(#1511,#52,#53));
#1513= IFCCARTESIANPOINT((7816.90202262108,1604.21099509509,13450.));
#1514= IFCAXIS2PLACEMENT3D(#1513,#1428,#1429);
#1515= IFCLOCALPLACEMENT(#1507,#1514);
#1516= IFCSHAPEREPRESENTATION(#12,'Body','MappedRepresentation',(#1443,#1446,#1449,#1452,#1455,#1458,#1461,#1464,#1467,#1470,#1473,#1476,#1479,#1482));
#1517= IFCSHAPEREPRESENTATION(#12,'Axis','MappedRepresentation',(#1488,#1489,#1490,#1491,#1492,#1493,#1494,#1495,#1496,#1497,#1498,#1499,#1500,#1501));
#1518= IFCPRODUCTDEFINITIONSHAPE($,$,(#1516,#1517));
#1519= IFCMECHANICALFASTENER('2QKKVo7ET8kPQ7lYYzBrr7',#1419,'Bolt assembly',$,$,#1515,#1518,'ID9a5147f2-1ce7-48b9-9687-be28bd2f5d47',20.,65.);
#1520= IFCCARTESIANPOINT((7776.96054332288,1704.17594743448,13440.5));
#1521= IFCAXIS2PLACEMENT3D(#1520,#9,#56);
#1522= IFCLOCALPLACEMENT(#45,#1521);
#1523= IFCCARTESIANPOINT((200.,0.));
#1524= IFCCARTESIANPOINT((328.886627197266,723.26904296875));
#1525= IFCCARTESIANPOINT((200.863876342773,1446.0537109375));
#1526= IFCCARTESIANPOINT((0.886617660522461,1446.03942871094));
#1527= IFCCARTESIANPOINT((-127.113380432129,723.039428710938));
#1528= IFCPOLYLINE((#146,#1523,#1524,#1525,#1526,#1527,#146));
#1529= IFCARBITRARYCLOSEDPROFILEDEF(.AREA.,'PL19*450',#1528);
#1530= IFCEXTRUDEDAREASOLID(#1529,#384,#9,19.);
#1531= IFCSHAPEREPRESENTATION(#12,'Body','SweptSolid',(#1530));
#1532= IFCPRODUCTDEFINITIONSHAPE($,$,(#1531));
#1533= IFCDISCRETEACCESSORY('0cjyqBxazERu8BvBKsU7op',#44,'Steel plate',$,$,#1522,#1532,'1048(?)');
#1534= IFCLOCALPLACEMENT(#45,#1521);
#1535= IFCCIRCLEPROFILEDEF(.AREA.,'\S\X412*25',#147,206.);
#1536= IFCCARTESIANPOINT((100.886617905667,723.039456677119,-1090.5));
#1537= IFCAXIS2PLACEMENT3D(#1536,#9,#8);
#1538= IFCEXTRUDEDAREASOLID(#1535,#1537,#9,6584.);
#1539= IFCCARTESIANPOINT((306.886617905667,723.039456677119,5493.5));
#1540= IFCAXIS2PLACEMENT3D(#1539,#370,#758);
#1541= IFCPLANE(#1540);
#1542= IFCHALFSPACESOLID(#1541,.T.);
#1543= IFCBOOLEANCLIPPINGRESULT(.DIFFERENCE.,#1538,#1542);
#1544= IFCSHAPEREPRESENTATION(#12,'Body','Clipping',(#1543));
#1545= IFCPRODUCTDEFINITIONSHAPE($,$,(#1544));
#1546= IFCOPENINGELEMENT('0h32Fv9fX2LQ4PLGnfqedL',#5,$,$,'Recess',#1534,#1545,$);
#1547= IFCRELVOIDSELEMENT('1mwm89p0DCpABFmqO$JXuv',#5,$,$,#1533,#1546);
#1548= IFCPROPERTYSINGLEVALUE('OpeningDiameter',$,IFCPOSITIVELENGTHMEASURE(412.),$);
#1549= IFCPROPERTYSET('0KGLn7ugzChwHP54qyhTih',#5,'AISC_EM11_Pset_Opening/Cope',$,(#404,#405,#406,#1548));
#1550= IFCLOCALPLACEMENT(#45,#1430);
#1551= IFCMAPPEDITEM(#423,#1440);
#1552= IFCMAPPEDITEM(#423,#1445);
#1553= IFCMAPPEDITEM(#423,#1448);
#1554= IFCMAPPEDITEM(#423,#1451);
#1555= IFCMAPPEDITEM(#423,#1454);
#1556= IFCMAPPEDITEM(#423,#1457);
#1557= IFCMAPPEDITEM(#423,#1460);
#1558= IFCMAPPEDITEM(#423,#1463);
#1559= IFCMAPPEDITEM(#423,#1466);
#1560= IFCMAPPEDITEM(#423,#1469);
#1561= IFCMAPPEDITEM(#423,#1472);
#1562= IFCMAPPEDITEM(#423,#1475);
#1563= IFCMAPPEDITEM(#423,#1478);
#1564= IFCMAPPEDITEM(#423,#1481);
#1565= IFCSHAPEREPRESENTATION(#12,'Body','MappedRepresentation',(#1551,#1552,#1553,#1554,#1555,#1556,#1557,#1558,#1559,#1560,#1561,#1562,#1563,#1564));
#1566= IFCPRODUCTDEFINITIONSHAPE($,$,(#1565));
#1567= IFCOPENINGELEMENT('2lXnukOG56wuUAtW0Mp7N3',#5,$,$,'Opening',#1550,#1566,$);
#1568= IFCRELVOIDSELEMENT('0o72pZqXjBfu2RFvP$ncgp',#5,'Drill Hole',$,#1533,#1567);
#1569= IFCLOCALPLACEMENT(#45,#1514);
#1570= IFCSHAPEREPRESENTATION(#12,'Body','MappedRepresentation',(#1551,#1552,#1553,#1554,#1555,#1556,#1557,#1558,#1559,#1560,#1561,#1562,#1563,#1564));
#1571= IFCPRODUCTDEFINITIONSHAPE($,$,(#1570));
#1572= IFCOPENINGELEMENT('1lsSgU$VPBIhg2lWStdmA8',#5,$,$,'Opening',#1569,#1571,$);
#1573= IFCRELVOIDSELEMENT('3xU3VyfhH7uOj24B7Z6Re3',#5,'Drill Hole',$,#1533,#1572);
#1574= IFCPROPERTYSINGLEVALUE('IndicationMark',$,IFCIDENTIFIER('1048(?)'),$);
#1575= IFCPROPERTYSET('0u9kQvTsXFrfms9QSPze4D',#5,'AISC_EM11_Pset_PieceIdentification','PieceIdentity',(#456,#1574,#458,#459));
#1576= IFCOWNERHISTORY(#3,#4,$,.NOCHANGE.,$,$,$,1772118000);
#1577= IFCOWNERHISTORY(#3,#4,$,.NOCHANGE.,$,$,$,1773262800);
#1578= IFCLOCALPLACEMENT(#42,#10);
#1579= IFCELEMENTASSEMBLY('3Q7IvMANv4ZQXcWTVpN$A2',#1577,'BEAM',$,$,#1578,$,'B/171',.NOTDEFINED.,.RIGID_FRAME.);
#1580= IFCPROPERTYSINGLEVALUE('DrawingNumber',$,IFCIDENTIFIER('[B.171]'),$);
#1581= IFCPROPERTYSET('2PFLc7Osb7svAi_5goTlVM',#5,'AISC_EM11_Pset_DrawingNumber',$,(#1580));
#1582= IFCPROPERTYSINGLEVALUE('AssemblyMark',$,IFCIDENTIFIER('B/171'),$);
#1583= IFCPROPERTYSET('3Wx27_zj9BUxuZ9pu$0bv8',#5,'AISC_EM11_Pset_AssemblyIdentification','AssemblyIdentity',(#1582,#52,#53));
#1584= IFCCARTESIANPOINT((8499.99978340913,1816.28931057956,13900.));
#1585= IFCAXIS2PLACEMENT3D(#1584,#8,#370);
#1586= IFCLOCALPLACEMENT(#1578,#1585);
#1587= IFCCARTESIANPOINT((0.,-13.6599999044998,0.));
#1588= IFCAXIS2PLACEMENT3D(#1587,#8,#7);
#1589= IFCEXTRUDEDAREASOLID(#535,#1588,#9,10.56);
#1590= IFCCARTESIANPOINT((0.,-3.09999990449978,0.));
#1591= IFCAXIS2PLACEMENT3D(#1590,#8,#7);
#1592= IFCEXTRUDEDAREASOLID(#539,#1591,#9,40.);
#1593= IFCCARTESIANPOINT((0.,9.09999990449978,0.));
#1594= IFCAXIS2PLACEMENT3D(#1593,#8,#7);
#1595= IFCEXTRUDEDAREASOLID(#543,#1594,#9,8.);
#1596= IFCCARTESIANPOINT((0.,17.0999999044998,0.));
#1597= IFCAXIS2PLACEMENT3D(#1596,#8,#7);
#1598= IFCEXTRUDEDAREASOLID(#535,#1597,#9,13.);
#1599= IFCCARTESIANPOINT((60.,0.,50.));
#1600= IFCCARTESIANTRANSFORMATIONOPERATOR3D($,$,#1599,$,$);
#1601= IFCSHAPEREPRESENTATION(#12,'Body','SweptSolid',(#1589,#1592,#1595,#1598));
#1602= IFCREPRESENTATIONMAP(#10,#1601);
#1603= IFCMAPPEDITEM(#1602,#1600);
#1604= IFCCARTESIANPOINT((120.,0.,50.));
#1605= IFCCARTESIANTRANSFORMATIONOPERATOR3D($,$,#1604,$,$);
#1606= IFCMAPPEDITEM(#1602,#1605);
#1607= IFCCARTESIANPOINT((180.,0.,50.));
#1608= IFCCARTESIANTRANSFORMATIONOPERATOR3D($,$,#1607,$,$);
#1609= IFCMAPPEDITEM(#1602,#1608);
#1610= IFCSHAPEREPRESENTATION(#12,'Body','MappedRepresentation',(#1603,#1606,#1609));
#1611= IFCCARTESIANPOINT((0.,40.,0.));
#1612= IFCPOLYLINE((#1587,#1611));
#1613= IFCSHAPEREPRESENTATION(#12,'Axis','GeometricCurveSet',(#1612));
#1614= IFCREPRESENTATIONMAP(#10,#1613);
#1615= IFCMAPPEDITEM(#1614,#1600);
#1616= IFCMAPPEDITEM(#1614,#1605);
#1617= IFCMAPPEDITEM(#1614,#1608);
#1618= IFCSHAPEREPRESENTATION(#12,'Axis','MappedRepresentation',(#1615,#1616,#1617));
#1619= IFCPRODUCTDEFINITIONSHAPE($,$,(#1610,#1618));
#1620= IFCMECHANICALFASTENER('3TgW3OnxLElv_PQpMQfaxF',#1576,'Bolt assembly',$,$,#1586,#1619,'IDddaa00d8-c7b5-4ebf-9f99-6b359aa64ecf',16.,40.);
#1621= IFCPROPERTYSINGLEVALUE('BoltLength',$,IFCPOSITIVELENGTHMEASURE(40.),$);
#1622= IFCPROPERTYSINGLEVALUE('BoltStandard',$,IFCIDENTIFIER('7968'),$);
#1623= IFCPROPERTYSINGLEVALUE('BoltType',$,IFCIDENTIFIER('7968'),$);
#1624= IFCPROPERTYSET('3VVQv6UdnBUh799_RwjX1i',#5,'AISC_EM11_Pset_Bolt','BoltIdentity',(#249,#250,#588,#1621,#1622,#1623));
#1625= IFCCARTESIANPOINT((8490.89978340913,1806.28931057956,13780.));
#1626= IFCAXIS2PLACEMENT3D(#1625,#8,#370);
#1627= IFCLOCALPLACEMENT(#45,#1626);
#1628= IFCCARTESIANPOINT((-95.,0.,4.44056169876671));
#1629= IFCCARTESIANPOINT((-95.,0.,0.));
#1630= IFCCARTESIANPOINT((95.,0.,0.));
#1631= IFCCARTESIANPOINT((95.,0.,4.44056169876671));
#1632= IFCPOLYLOOP((#1628,#1629,#1630,#1631));
#1633= IFCFACEOUTERBOUND(#1632,.T.);
#1634= IFCFACE((#1633));
#1635= IFCCARTESIANPOINT((-95.,4.42366402086009,-0.387020453072864));
#1636= IFCCARTESIANPOINT((95.,4.42366402086009,-0.387020453072864));
#1637= IFCPOLYLOOP((#1629,#1635,#1636,#1630));
#1638= IFCFACEOUTERBOUND(#1637,.T.);
#1639= IFCFACE((#1638));
#1640= IFCPOLYLOOP((#1635,#1628,#1631,#1636));
#1641= IFCFACEOUTERBOUND(#1640,.T.);
#1642= IFCFACE((#1641));
#1643= IFCPOLYLOOP((#1636,#1631,#1630));
#1644= IFCFACEOUTERBOUND(#1643,.T.);
#1645= IFCFACE((#1644));
#1646= IFCPOLYLOOP((#1635,#1629,#1628));
#1647= IFCFACEOUTERBOUND(#1646,.T.);
#1648= IFCFACE((#1647));
#1649= IFCCARTESIANPOINT((95.,-6.,4.06902511472776));
#1650= IFCCARTESIANPOINT((95.,-6.,0.));
#1651= IFCCARTESIANPOINT((-95.,-6.,0.));
#1652= IFCCARTESIANPOINT((-95.,-6.,4.06902511472776));
#1653= IFCPOLYLOOP((#1649,#1650,#1651,#1652));
#1654= IFCFACEOUTERBOUND(#1653,.T.);
#1655= IFCFACE((#1654));
#1656= IFCCARTESIANPOINT((95.,-10.0535412456939,0.354638906133005));
#1657= IFCCARTESIANPOINT((-95.,-10.0535412456939,0.354638906133005));
#1658= IFCPOLYLOOP((#1650,#1656,#1657,#1651));
#1659= IFCFACEOUTERBOUND(#1658,.T.);
#1660= IFCFACE((#1659));
#1661= IFCPOLYLOOP((#1656,#1649,#1652,#1657));
#1662= IFCFACEOUTERBOUND(#1661,.T.);
#1663= IFCFACE((#1662));
#1664= IFCPOLYLOOP((#1657,#1652,#1651));
#1665= IFCFACEOUTERBOUND(#1664,.T.);
#1666= IFCFACE((#1665));
#1667= IFCPOLYLOOP((#1656,#1650,#1649));
#1668= IFCFACEOUTERBOUND(#1667,.T.);
#1669= IFCFACE((#1668));
#1670= IFCCLOSEDSHELL((#1634,#1639,#1642,#1645,#1648,#1655,#1660,#1663,#1666,#1669));
#1671= IFCFACETEDBREP(#1670);
#1672= IFCSHAPEREPRESENTATION(#12,'Body','Brep',(#1671));
#1673= IFCPOLYLINE((#1629,#1630));
#1674= IFCCARTESIANPOINT((95.,0.,6.));
#1675= IFCCARTESIANPOINT((-95.,0.,6.));
#1676= IFCPOLYLINE((#1674,#1675));
#1677= IFCSHAPEREPRESENTATION(#13,'Axis','GeometricCurveSet',(#1673,#1676));
#1678= IFCPRODUCTDEFINITIONSHAPE($,$,(#1672,#1677));
#1679= IFCFASTENER('18Ku3NNYH8DAvXMzHf0mCP',#1576,'Weld',$,$,#1627,#1678,'ID485380d7-5e24-4834-ae61-5bd469030319');
#1680= IFCPROPERTYSINGLEVALUE('WeldID',$,IFCINTEGER(92444969),$);
#1681= IFCPROPERTYSINGLEVALUE('z',$,IFCPOSITIVELENGTHMEASURE(3.),$);
#1682= IFCPROPERTYSINGLEVALUE('l',$,IFCPOSITIVELENGTHMEASURE(190.),$);
#1683= IFCPROPERTYSINGLEVALUE('d',$,IFCPOSITIVELENGTHMEASURE(3.),$);
#1684= IFCPROPERTYSINGLEVALUE('c',$,IFCPOSITIVELENGTHMEASURE(3.),$);
#1685= IFCPROPERTYSET('2eCDlXWu52vB7Wc_valeOm',#5,'AISC_EM11_Pset_Weld','WeldIdentity',(#87,#88,#89,#90,#1680,#1681,#93,#94,#1682,#96,#1683,#1684,#99,#100,#101,#102));
#1686= IFCCARTESIANPOINT((8493.89978350463,1861.28931057956,13685.));
#1687= IFCAXIS2PLACEMENT3D(#1686,#9,#56);
#1688= IFCLOCALPLACEMENT(#45,#1687);
#1689= IFCRECTANGLEPROFILEDEF(.AREA.,'PL6*110',#147,6.,110.);
#1690= IFCCARTESIANPOINT((0.,0.,190.));
#1691= IFCAXIS2PLACEMENT3D(#1690,#370,#8);
#1692= IFCEXTRUDEDAREASOLID(#1689,#1691,#9,190.);
#1693= IFCSHAPEREPRESENTATION(#12,'Body','SweptSolid',(#1692));
#1694= IFCPRODUCTDEFINITIONSHAPE($,$,(#1693));
#1695= IFCDISCRETEACCESSORY('1_uUFniKDAwuFbVC8L$wSB',#44,'Support section',$,$,#1688,#1694,'1050');
#1696= IFCLOCALPLACEMENT(#45,#1585);
#1697= IFCCARTESIANPOINT((0.,2.99999990449977,0.));
#1698= IFCAXIS2PLACEMENT3D(#1697,#8,#7);
#1699= IFCEXTRUDEDAREASOLID(#667,#1698,#9,6.2);
#1700= IFCSHAPEREPRESENTATION(#12,'Body','SweptSolid',(#1699));
#1701= IFCREPRESENTATIONMAP(#10,#1700);
#1702= IFCMAPPEDITEM(#1701,#1600);
#1703= IFCMAPPEDITEM(#1701,#1605);
#1704= IFCMAPPEDITEM(#1701,#1608);
#1705= IFCSHAPEREPRESENTATION(#12,'Body','MappedRepresentation',(#1702,#1703,#1704));
#1706= IFCPRODUCTDEFINITIONSHAPE($,$,(#1705));
#1707= IFCOPENINGELEMENT('0oztZD91n9ue2_Csp1dyPl',#5,$,$,'Opening',#1696,#1706,$);
#1708= IFCRELVOIDSELEMENT('1RNVN_luPCrvCmtEBDaPui',#5,'Drill Hole',$,#1695,#1707);
#1709= IFCPROPERTYSINGLEVALUE('IndicationMark',$,IFCIDENTIFIER('1050'),$);
#1710= IFCPROPERTYSET('24_eeEt6z6bu9i$zg2M2SJ',#5,'AISC_EM11_Pset_PieceIdentification','PieceIdentity',(#684,#1709,#458,#459));
#1711= IFCCARTESIANPOINT((8723.,1603.28932952881,13900.));
#1712= IFCAXIS2PLACEMENT3D(#1711,#7,#370);
#1713= IFCLOCALPLACEMENT(#1421,#1712);
#1714= IFCCARTESIANPOINT((0.,-27.8999998095,0.));
#1715= IFCAXIS2PLACEMENT3D(#1714,#8,#7);
#1716= IFCEXTRUDEDAREASOLID(#141,#1715,#9,13.2);
#1717= IFCCARTESIANPOINT((0.,-14.6999998095,0.));
#1718= IFCAXIS2PLACEMENT3D(#1717,#8,#7);
#1719= IFCEXTRUDEDAREASOLID(#148,#1718,#9,50.);
#1720= IFCCARTESIANPOINT((0.,4.69999980950001,0.));
#1721= IFCAXIS2PLACEMENT3D(#1720,#8,#7);
#1722= IFCEXTRUDEDAREASOLID(#152,#1721,#9,8.);
#1723= IFCCARTESIANPOINT((0.,12.6999998095,0.));
#1724= IFCAXIS2PLACEMENT3D(#1723,#8,#7);
#1725= IFCEXTRUDEDAREASOLID(#141,#1724,#9,16.);
#1726= IFCCARTESIANPOINT((85.,0.,40.));
#1727= IFCCARTESIANTRANSFORMATIONOPERATOR3D($,$,#1726,$,$);
#1728= IFCSHAPEREPRESENTATION(#12,'Body','SweptSolid',(#1716,#1719,#1722,#1725));
#1729= IFCREPRESENTATIONMAP(#10,#1728);
#1730= IFCMAPPEDITEM(#1729,#1727);
#1731= IFCCARTESIANPOINT((155.,0.,40.));
#1732= IFCCARTESIANTRANSFORMATIONOPERATOR3D($,$,#1731,$,$);
#1733= IFCMAPPEDITEM(#1729,#1732);
#1734= IFCCARTESIANPOINT((225.,0.,40.));
#1735= IFCCARTESIANTRANSFORMATIONOPERATOR3D($,$,#1734,$,$);
#1736= IFCMAPPEDITEM(#1729,#1735);
#1737= IFCCARTESIANPOINT((295.,0.,40.));
#1738= IFCCARTESIANTRANSFORMATIONOPERATOR3D($,$,#1737,$,$);
#1739= IFCMAPPEDITEM(#1729,#1738);
#1740= IFCCARTESIANPOINT((365.,0.,40.));
#1741= IFCCARTESIANTRANSFORMATIONOPERATOR3D($,$,#1740,$,$);
#1742= IFCMAPPEDITEM(#1729,#1741);
#1743= IFCSHAPEREPRESENTATION(#12,'Body','MappedRepresentation',(#1730,#1733,#1736,#1739,#1742));
#1744= IFCPOLYLINE((#1714,#574));
#1745= IFCSHAPEREPRESENTATION(#12,'Axis','GeometricCurveSet',(#1744));
#1746= IFCREPRESENTATIONMAP(#10,#1745);
#1747= IFCMAPPEDITEM(#1746,#1727);
#1748= IFCMAPPEDITEM(#1746,#1732);
#1749= IFCMAPPEDITEM(#1746,#1735);
#1750= IFCMAPPEDITEM(#1746,#1738);
#1751= IFCMAPPEDITEM(#1746,#1741);
#1752= IFCSHAPEREPRESENTATION(#12,'Axis','MappedRepresentation',(#1747,#1748,#1749,#1750,#1751));
#1753= IFCPRODUCTDEFINITIONSHAPE($,$,(#1743,#1752));
#1754= IFCMECHANICALFASTENER('0CfZEshGr2CQa$NNgk9MKj',#1419,'Bolt assembly',$,$,#1713,#1753,'ID0ca633b6-ad0d-4231-a93f-5d7aae25652d',20.,50.);
#1755= IFCPROPERTYSET('2W0IqniUfF6faloAn3a8dI',#5,'AISC_EM11_Pset_Bolt','BoltIdentity',(#249,#250,#251,#589,#1622,#1623));
#1756= IFCCARTESIANPOINT((8703.,1598.589,13675.));
#1757= IFCAXIS2PLACEMENT3D(#1756,#7,#370);
#1758= IFCLOCALPLACEMENT(#45,#1757);
#1759= IFCCARTESIANPOINT((-180.,0.,6.78170852454605));
#1760= IFCCARTESIANPOINT((-180.,0.,0.));
#1761= IFCCARTESIANPOINT((180.,0.,0.));
#1762= IFCCARTESIANPOINT((180.,0.,6.78170852454605));
#1763= IFCPOLYLOOP((#1759,#1760,#1761,#1762));
#1764= IFCFACEOUTERBOUND(#1763,.T.);
#1765= IFCFACE((#1764));
#1766= IFCCARTESIANPOINT((-180.,6.75590207615664,0.591064843554705));
#1767= IFCCARTESIANPOINT((180.,6.75590207615664,0.591064843554705));
#1768= IFCPOLYLOOP((#1760,#1766,#1767,#1761));
#1769= IFCFACEOUTERBOUND(#1768,.T.);
#1770= IFCFACE((#1769));
#1771= IFCPOLYLOOP((#1766,#1759,#1762,#1767));
#1772= IFCFACEOUTERBOUND(#1771,.T.);
#1773= IFCFACE((#1772));
#1774= IFCPOLYLOOP((#1767,#1762,#1761));
#1775= IFCFACEOUTERBOUND(#1774,.T.);
#1776= IFCFACE((#1775));
#1777= IFCPOLYLOOP((#1766,#1760,#1759));
#1778= IFCFACEOUTERBOUND(#1777,.T.);
#1779= IFCFACE((#1778));
#1780= IFCCARTESIANPOINT((180.,-10.,7.40093616461127));
#1781= IFCCARTESIANPOINT((180.,-10.,0.));
#1782= IFCCARTESIANPOINT((-180.,-10.,0.));
#1783= IFCCARTESIANPOINT((-180.,-10.,7.40093616461127));
#1784= IFCPOLYLOOP((#1780,#1781,#1782,#1783));
#1785= IFCFACEOUTERBOUND(#1784,.T.);
#1786= IFCFACE((#1785));
#1787= IFCCARTESIANPOINT((180.,-17.3727733681012,-0.64503408845485));
#1788= IFCCARTESIANPOINT((-180.,-17.3727733681012,-0.64503408845485));
#1789= IFCPOLYLOOP((#1781,#1787,#1788,#1782));
#1790= IFCFACEOUTERBOUND(#1789,.T.);
#1791= IFCFACE((#1790));
#1792= IFCPOLYLOOP((#1787,#1780,#1783,#1788));
#1793= IFCFACEOUTERBOUND(#1792,.T.);
#1794= IFCFACE((#1793));
#1795= IFCPOLYLOOP((#1788,#1783,#1782));
#1796= IFCFACEOUTERBOUND(#1795,.T.);
#1797= IFCFACE((#1796));
#1798= IFCPOLYLOOP((#1787,#1781,#1780));
#1799= IFCFACEOUTERBOUND(#1798,.T.);
#1800= IFCFACE((#1799));
#1801= IFCCLOSEDSHELL((#1765,#1770,#1773,#1776,#1779,#1786,#1791,#1794,#1797,#1800));
#1802= IFCFACETEDBREP(#1801);
#1803= IFCSHAPEREPRESENTATION(#12,'Body','Brep',(#1802));
#1804= IFCPOLYLINE((#1760,#1761));
#1805= IFCCARTESIANPOINT((180.,0.,10.));
#1806= IFCCARTESIANPOINT((-180.,0.,10.));
#1807= IFCPOLYLINE((#1805,#1806));
#1808= IFCSHAPEREPRESENTATION(#13,'Axis','GeometricCurveSet',(#1804,#1807));
#1809= IFCPRODUCTDEFINITIONSHAPE($,$,(#1803,#1808));
#1810= IFCFASTENER('2SKCwomBn0kvudunQK5_C3',#1419,'Weld',$,$,#1758,#1809,'ID9c50ceb2-c0bc-40bb-9e27-e3169417e303');
#1811= IFCPROPERTYSINGLEVALUE('WeldID',$,IFCINTEGER(92443766),$);
#1812= IFCPROPERTYSINGLEVALUE('l',$,IFCPOSITIVELENGTHMEASURE(360.),$);
#1813= IFCPROPERTYSET('3kuiWfS01BOACy5rVEBapX',#5,'AISC_EM11_Pset_Weld','WeldIdentity',(#87,#88,#89,#90,#1811,#911,#93,#94,#1812,#96,#913,#914,#99,#100,#101,#102));
#1814= IFCCARTESIANPOINT((8753.,1593.58932971931,13495.));
#1815= IFCAXIS2PLACEMENT3D(#1814,#9,#758);
#1816= IFCLOCALPLACEMENT(#45,#1815);
#1817= IFCCARTESIANPOINT((0.,0.,360.));
#1818= IFCAXIS2PLACEMENT3D(#1817,#370,#8);
#1819= IFCEXTRUDEDAREASOLID(#919,#1818,#9,360.);
#1820= IFCSHAPEREPRESENTATION(#12,'Body','SweptSolid',(#1819));
#1821= IFCPRODUCTDEFINITIONSHAPE($,$,(#1820));
#1822= IFCDISCRETEACCESSORY('2AyIH$re18ePFpsuCk8fn0',#44,'Support section',$,$,#1816,#1821,'1049');
#1823= IFCLOCALPLACEMENT(#45,#1712);
#1824= IFCCARTESIANPOINT((0.,-14.7999998095,0.));
#1825= IFCAXIS2PLACEMENT3D(#1824,#8,#7);
#1826= IFCEXTRUDEDAREASOLID(#418,#1825,#9,10.2);
#1827= IFCSHAPEREPRESENTATION(#12,'Body','SweptSolid',(#1826));
#1828= IFCREPRESENTATIONMAP(#10,#1827);
#1829= IFCMAPPEDITEM(#1828,#1727);
#1830= IFCMAPPEDITEM(#1828,#1732);
#1831= IFCMAPPEDITEM(#1828,#1735);
#1832= IFCMAPPEDITEM(#1828,#1738);
#1833= IFCMAPPEDITEM(#1828,#1741);
#1834= IFCSHAPEREPRESENTATION(#12,'Body','MappedRepresentation',(#1829,#1830,#1831,#1832,#1833));
#1835= IFCPRODUCTDEFINITIONSHAPE($,$,(#1834));
#1836= IFCOPENINGELEMENT('1tUpmTcOvCJhTZo4lx4Kky',#5,$,$,'Opening',#1823,#1835,$);
#1837= IFCRELVOIDSELEMENT('3c9gTTaCD1RQE1cJCEYaBN',#5,'Drill Hole',$,#1822,#1836);
#1838= IFCPROPERTYSINGLEVALUE('IndicationMark',$,IFCIDENTIFIER('1049'),$);
#1839= IFCPROPERTYSET('2uGHyeqM13mgIqhFHJFL6q',#5,'AISC_EM11_Pset_PieceIdentification','PieceIdentity',(#684,#1838,#458,#459));
#1840= IFCCARTESIANPOINT((8277.09881280836,1604.40537954527,13900.));
#1841= IFCAXIS2PLACEMENT3D(#1840,#758,#370);
#1842= IFCLOCALPLACEMENT(#1507,#1841);
#1843= IFCCARTESIANPOINT((0.,-17.886614726005,0.));
#1844= IFCAXIS2PLACEMENT3D(#1843,#8,#7);
#1845= IFCEXTRUDEDAREASOLID(#141,#1844,#9,13.2);
#1846= IFCCARTESIANPOINT((0.,-4.68661472600495,0.));
#1847= IFCAXIS2PLACEMENT3D(#1846,#8,#7);
#1848= IFCEXTRUDEDAREASOLID(#148,#1847,#9,50.);
#1849= IFCCARTESIANPOINT((0.,14.7000002773405,0.));
#1850= IFCAXIS2PLACEMENT3D(#1849,#8,#7);
#1851= IFCEXTRUDEDAREASOLID(#152,#1850,#9,8.);
#1852= IFCCARTESIANPOINT((0.,22.7000002773405,0.));
#1853= IFCAXIS2PLACEMENT3D(#1852,#8,#7);
#1854= IFCEXTRUDEDAREASOLID(#141,#1853,#9,16.);
#1855= IFCSHAPEREPRESENTATION(#12,'Body','SweptSolid',(#1845,#1848,#1851,#1854));
#1856= IFCREPRESENTATIONMAP(#10,#1855);
#1857= IFCMAPPEDITEM(#1856,#1727);
#1858= IFCMAPPEDITEM(#1856,#1732);
#1859= IFCMAPPEDITEM(#1856,#1735);
#1860= IFCMAPPEDITEM(#1856,#1738);
#1861= IFCMAPPEDITEM(#1856,#1741);
#1862= IFCSHAPEREPRESENTATION(#12,'Body','MappedRepresentation',(#1857,#1858,#1859,#1860,#1861));
#1863= IFCPOLYLINE((#1843,#574));
#1864= IFCSHAPEREPRESENTATION(#12,'Axis','GeometricCurveSet',(#1863));
#1865= IFCREPRESENTATIONMAP(#10,#1864);
#1866= IFCMAPPEDITEM(#1865,#1727);
#1867= IFCMAPPEDITEM(#1865,#1732);
#1868= IFCMAPPEDITEM(#1865,#1735);
#1869= IFCMAPPEDITEM(#1865,#1738);
#1870= IFCMAPPEDITEM(#1865,#1741);
#1871= IFCSHAPEREPRESENTATION(#12,'Axis','MappedRepresentation',(#1866,#1867,#1868,#1869,#1870));
#1872= IFCPRODUCTDEFINITIONSHAPE($,$,(#1862,#1871));
#1873= IFCMECHANICALFASTENER('0MJKPsa7593BP4_S8vPcgH',#1419,'Bolt assembly',$,$,#1842,#1872,'ID164d4676-9071-490c-b644-f9c239666a91',20.,50.);
#1874= IFCCARTESIANPOINT((8297.097,1589.705,13675.));
#1875= IFCAXIS2PLACEMENT3D(#1874,#758,#370);
#1876= IFCLOCALPLACEMENT(#45,#1875);
#1877= IFCCARTESIANPOINT((-180.,0.,7.40093616461127));
#1878= IFCCARTESIANPOINT((180.,0.,7.40093616461127));
#1879= IFCPOLYLOOP((#1877,#1760,#1761,#1878));
#1880= IFCFACEOUTERBOUND(#1879,.T.);
#1881= IFCFACE((#1880));
#1882= IFCCARTESIANPOINT((-180.,7.37277336810121,-0.64503408845485));
#1883= IFCCARTESIANPOINT((180.,7.37277336810121,-0.64503408845485));
#1884= IFCPOLYLOOP((#1760,#1882,#1883,#1761));
#1885= IFCFACEOUTERBOUND(#1884,.T.);
#1886= IFCFACE((#1885));
#1887= IFCPOLYLOOP((#1882,#1877,#1878,#1883));
#1888= IFCFACEOUTERBOUND(#1887,.T.);
#1889= IFCFACE((#1888));
#1890= IFCPOLYLOOP((#1883,#1878,#1761));
#1891= IFCFACEOUTERBOUND(#1890,.T.);
#1892= IFCFACE((#1891));
#1893= IFCPOLYLOOP((#1882,#1760,#1877));
#1894= IFCFACEOUTERBOUND(#1893,.T.);
#1895= IFCFACE((#1894));
#1896= IFCCARTESIANPOINT((180.,-10.,6.78170852454605));
#1897= IFCCARTESIANPOINT((-180.,-10.,6.78170852454605));
#1898= IFCPOLYLOOP((#1896,#1781,#1782,#1897));
#1899= IFCFACEOUTERBOUND(#1898,.T.);
#1900= IFCFACE((#1899));
#1901= IFCCARTESIANPOINT((180.,-16.7559020761566,0.591064843554705));
#1902= IFCCARTESIANPOINT((-180.,-16.7559020761566,0.591064843554705));
#1903= IFCPOLYLOOP((#1781,#1901,#1902,#1782));
#1904= IFCFACEOUTERBOUND(#1903,.T.);
#1905= IFCFACE((#1904));
#1906= IFCPOLYLOOP((#1901,#1896,#1897,#1902));
#1907= IFCFACEOUTERBOUND(#1906,.T.);
#1908= IFCFACE((#1907));
#1909= IFCPOLYLOOP((#1902,#1897,#1782));
#1910= IFCFACEOUTERBOUND(#1909,.T.);
#1911= IFCFACE((#1910));
#1912= IFCPOLYLOOP((#1901,#1781,#1896));
#1913= IFCFACEOUTERBOUND(#1912,.T.);
#1914= IFCFACE((#1913));
#1915= IFCCLOSEDSHELL((#1881,#1886,#1889,#1892,#1895,#1900,#1905,#1908,#1911,#1914));
#1916= IFCFACETEDBREP(#1915);
#1917= IFCSHAPEREPRESENTATION(#12,'Body','Brep',(#1916));
#1918= IFCSHAPEREPRESENTATION(#13,'Axis','GeometricCurveSet',(#1804,#1807));
#1919= IFCPRODUCTDEFINITIONSHAPE($,$,(#1917,#1918));
#1920= IFCFASTENER('0Jm7bBfUHB6hLpy8Xi2tUe',#1419,'Weld',$,$,#1876,#1919,'ID13c0794b-a5e4-4b1a-b573-f0886c0b77a8');
#1921= IFCPROPERTYSINGLEVALUE('WeldID',$,IFCINTEGER(92442886),$);
#1922= IFCPROPERTYSET('1XhcUvNVz71ReHALwJeiSF',#5,'AISC_EM11_Pset_Weld','WeldIdentity',(#87,#88,#89,#90,#1921,#911,#93,#94,#1812,#96,#913,#914,#99,#100,#101,#102));
#1923= IFCCARTESIANPOINT((8247.09671573874,1594.70537926793,13495.));
#1924= IFCAXIS2PLACEMENT3D(#1923,#9,#7);
#1925= IFCLOCALPLACEMENT(#45,#1924);
#1926= IFCSHAPEREPRESENTATION(#12,'Body','SweptSolid',(#1819));
#1927= IFCPRODUCTDEFINITIONSHAPE($,$,(#1926));
#1928= IFCDISCRETEACCESSORY('1o2KBpbBv0W82_JVXneRR9',#44,'Support section',$,$,#1925,#1927,'1049');
#1929= IFCLOCALPLACEMENT(#45,#1841);
#1930= IFCCARTESIANPOINT((0.,4.60000027734045,0.));
#1931= IFCAXIS2PLACEMENT3D(#1930,#8,#7);
#1932= IFCEXTRUDEDAREASOLID(#418,#1931,#9,10.2);
#1933= IFCSHAPEREPRESENTATION(#12,'Body','SweptSolid',(#1932));
#1934= IFCREPRESENTATIONMAP(#10,#1933);
#1935= IFCMAPPEDITEM(#1934,#1727);
#1936= IFCMAPPEDITEM(#1934,#1732);
#1937= IFCMAPPEDITEM(#1934,#1735);
#1938= IFCMAPPEDITEM(#1934,#1738);
#1939= IFCMAPPEDITEM(#1934,#1741);
#1940= IFCSHAPEREPRESENTATION(#12,'Body','MappedRepresentation',(#1935,#1936,#1937,#1938,#1939));
#1941= IFCPRODUCTDEFINITIONSHAPE($,$,(#1940));
#1942= IFCOPENINGELEMENT('14Ux1o1q5Brf2qACOx4x4R',#5,$,$,'Opening',#1929,#1941,$);
#1943= IFCRELVOIDSELEMENT('0eyYLQKlT8iPgXV4kA2oCs',#5,'Drill Hole',$,#1928,#1942);
#1944= IFCCARTESIANPOINT((8762.96492497503,1603.59642437781,13900.));
#1945= IFCDIRECTION((-0.000467666999833455,0.999999890643783,0.));
#1946= IFCAXIS2PLACEMENT3D(#1944,#1945,#1429);
#1947= IFCLOCALPLACEMENT(#1421,#1946);
#1948= IFCSHAPEREPRESENTATION(#12,'Body','MappedRepresentation',(#1443,#1446,#1449,#1452,#1455,#1458,#1461,#1464,#1467,#1470,#1473,#1476,#1479,#1482));
#1949= IFCSHAPEREPRESENTATION(#12,'Axis','MappedRepresentation',(#1488,#1489,#1490,#1491,#1492,#1493,#1494,#1495,#1496,#1497,#1498,#1499,#1500,#1501));
#1950= IFCPRODUCTDEFINITIONSHAPE($,$,(#1948,#1949));
#1951= IFCMECHANICALFASTENER('2YZ3z68xL6GQzIxB1nQplM',#1419,'Bolt assembly',$,$,#1947,#1950,'IDa28c3f46-23b5-4641-af52-ecb0716b3bd6',20.,65.);
#1952= IFCCARTESIANPOINT((7816.90202262108,1604.21099509509,13900.));
#1953= IFCAXIS2PLACEMENT3D(#1952,#1945,#1429);
#1954= IFCLOCALPLACEMENT(#1507,#1953);
#1955= IFCSHAPEREPRESENTATION(#12,'Body','MappedRepresentation',(#1443,#1446,#1449,#1452,#1455,#1458,#1461,#1464,#1467,#1470,#1473,#1476,#1479,#1482));
#1956= IFCSHAPEREPRESENTATION(#12,'Axis','MappedRepresentation',(#1488,#1489,#1490,#1491,#1492,#1493,#1494,#1495,#1496,#1497,#1498,#1499,#1500,#1501));
#1957= IFCPRODUCTDEFINITIONSHAPE($,$,(#1955,#1956));
#1958= IFCMECHANICALFASTENER('1RNtQrFbD1kx4pYoVazZHS',#1419,'Bolt assembly',$,$,#1954,#1957,'ID5b5f76b5-3e53-41bb-b133-8b27e4f6345c',20.,65.);
#1959= IFCLOCALPLACEMENT(#45,#10);
#1960= IFCELEMENTASSEMBLY('0QTLgtuHz7kePKcMJlIfU1',#44,'PLATE',$,$,#1959,$,'A/180',.NOTDEFINED.,.RIGID_FRAME.);
#1961= IFCPROPERTYSINGLEVALUE('AssemblyMark',$,IFCIDENTIFIER('A/180'),$);
#1962= IFCPROPERTYSET('0Lpnrs1VnFHvvYnpSYiWnd',#5,'AISC_EM11_Pset_AssemblyIdentification','AssemblyIdentity',(#1961,#52,#53));
#1963= IFCCARTESIANPOINT((7776.96054332288,1704.17594743448,13909.5));
#1964= IFCAXIS2PLACEMENT3D(#1963,#9,#56);
#1965= IFCLOCALPLACEMENT(#1959,#1964);
#1966= IFCSHAPEREPRESENTATION(#12,'Body','SweptSolid',(#1530));
#1967= IFCPRODUCTDEFINITIONSHAPE($,$,(#1966));
#1968= IFCPLATE('216YWzHxT3$A4e6HQBtWoa',#44,'main piece','PL19*450','PL19*450',#1965,#1967,'1048');
#1969= IFCLOCALPLACEMENT(#1959,#1964);
#1970= IFCCARTESIANPOINT((100.886617905667,723.039456677119,1090.5));
#1971= IFCAXIS2PLACEMENT3D(#1970,#370,#56);
#1972= IFCEXTRUDEDAREASOLID(#1535,#1971,#9,6584.);
#1973= IFCCARTESIANPOINT((306.886617905667,723.039456677119,-5493.5));
#1974= IFCAXIS2PLACEMENT3D(#1973,#9,#56);
#1975= IFCPLANE(#1974);
#1976= IFCHALFSPACESOLID(#1975,.T.);
#1977= IFCBOOLEANCLIPPINGRESULT(.DIFFERENCE.,#1972,#1976);
#1978= IFCSHAPEREPRESENTATION(#12,'Body','Clipping',(#1977));
#1979= IFCPRODUCTDEFINITIONSHAPE($,$,(#1978));
#1980= IFCOPENINGELEMENT('227bPxscn4fwfe4x_OnN2G',#5,$,$,'Recess',#1969,#1979,$);
#1981= IFCRELVOIDSELEMENT('0KwnbvwJb3ZwMQ10kfC2ER',#5,$,$,#1968,#1980);
#1982= IFCLOCALPLACEMENT(#1959,#1946);
#1983= IFCSHAPEREPRESENTATION(#12,'Body','MappedRepresentation',(#1551,#1552,#1553,#1554,#1555,#1556,#1557,#1558,#1559,#1560,#1561,#1562,#1563,#1564));
#1984= IFCPRODUCTDEFINITIONSHAPE($,$,(#1983));
#1985= IFCOPENINGELEMENT('3LKYSPM9XFQvs_70XiBndt',#5,$,$,'Opening',#1982,#1984,$);
#1986= IFCRELVOIDSELEMENT('0zNMdMj$D8WgjFZy70A986',#5,'Drill Hole',$,#1968,#1985);
#1987= IFCLOCALPLACEMENT(#1959,#1953);
#1988= IFCSHAPEREPRESENTATION(#12,'Body','MappedRepresentation',(#1551,#1552,#1553,#1554,#1555,#1556,#1557,#1558,#1559,#1560,#1561,#1562,#1563,#1564));
#1989= IFCPRODUCTDEFINITIONSHAPE($,$,(#1988));
#1990= IFCOPENINGELEMENT('0_vB3LK7L6Txm4vAZO0tbf',#5,$,$,'Opening',#1987,#1989,$);
#1991= IFCRELVOIDSELEMENT('3kymM7$IP0cRCHWB5uNa3X',#5,'Drill Hole',$,#1968,#1990);
#1992= IFCPROPERTYSINGLEVALUE('IndicationMark',$,IFCIDENTIFIER('1048'),$);
#1993= IFCPROPERTYSINGLEVALUE('MainPieceTag',$,IFCBOOLEAN(.T.),$);
#1994= IFCPROPERTYSET('3MHGybKCzB5h0$j$Yjqa_1',#5,'AISC_EM11_Pset_PieceIdentification','PieceIdentity',(#456,#1992,#458,#1993));
#1995= IFCCARTESIANPOINT((8500.22961891939,1086.60704522298,13675.));
#1996= IFCAXIS2PLACEMENT3D(#1995,#9,#754);
#1997= IFCLOCALPLACEMENT(#45,#1996);
#1998= IFCPLANE(#765);
#1999= IFCHALFSPACESOLID(#1998,.T.);
#2000= IFCBOOLEANCLIPPINGRESULT(.DIFFERENCE.,#761,#1999);
#2001= IFCSHAPEREPRESENTATION(#12,'Body','Clipping',(#2000));
#2002= IFCPRODUCTDEFINITIONSHAPE($,$,(#2001));
#2003= IFCDISCRETEACCESSORY('1w9T5BJlfCEBpxzx4twUfs',#44,'Support section',$,$,#1997,#2002,'b/1139');
#2004= IFCLOCALPLACEMENT(#45,#1319);
#2005= IFCSHAPEREPRESENTATION(#12,'Body','MappedRepresentation',(#779,#780,#781,#782));
#2006= IFCPRODUCTDEFINITIONSHAPE($,$,(#2005));
#2007= IFCOPENINGELEMENT('2EczpEFXv2Fh9oAZJ5ham$',#5,$,$,'Opening',#2004,#2006,$);
#2008= IFCRELVOIDSELEMENT('0ZBXnYPQ140BjMf0Rvm4hQ',#5,'Drill Hole',$,#2003,#2007);
#2009= IFCOWNERHISTORY(#3,#4,$,.NOCHANGE.,$,$,$,1764176400);
#2010= IFCCARTESIANPOINT((8500.,1806.28932952881,8416.));
#2011= IFCAXIS2PLACEMENT3D(#2010,#7,#56);
#2012= IFCLOCALPLACEMENT(#45,#2011);
#2013= IFCCARTESIANPOINT((15.58845726813,0.));
#2014= IFCCARTESIANPOINT((7.794228634065,13.5000000000019));
#2015= IFCCARTESIANPOINT((-7.794228634065,13.5000000000019));
#2016= IFCCARTESIANPOINT((-15.58845726813,0.));
#2017= IFCCARTESIANPOINT((-7.794228634065,-13.5000000000019));
#2018= IFCCARTESIANPOINT((7.794228634065,-13.5000000000019));
#2019= IFCPOLYLINE((#2013,#2014,#2015,#2016,#2017,#2018,#2013));
#2020= IFCARBITRARYCLOSEDPROFILEDEF(.AREA.,$,#2019);
#2021= IFCCARTESIANPOINT((0.,-10.,0.));
#2022= IFCAXIS2PLACEMENT3D(#2021,#8,#7);
#2023= IFCEXTRUDEDAREASOLID(#2020,#2022,#9,10.);
#2024= IFCAXIS2PLACEMENT3D(#6,#8,#7);
#2025= IFCEXTRUDEDAREASOLID(#539,#2024,#9,40.);
#2026= IFCCARTESIANPOINT((0.,16.,0.));
#2027= IFCAXIS2PLACEMENT3D(#2026,#8,#7);
#2028= IFCEXTRUDEDAREASOLID(#543,#2027,#9,4.);
#2029= IFCCARTESIANPOINT((0.,20.,0.));
#2030= IFCAXIS2PLACEMENT3D(#2029,#8,#7);
#2031= IFCEXTRUDEDAREASOLID(#2020,#2030,#9,13.);
#2032= IFCCARTESIANPOINT((3.,0.,200.));
#2033= IFCCARTESIANTRANSFORMATIONOPERATOR3D($,$,#2032,$,$);
#2034= IFCSHAPEREPRESENTATION(#12,'Body','SweptSolid',(#2023,#2025,#2028,#2031));
#2035= IFCREPRESENTATIONMAP(#10,#2034);
#2036= IFCMAPPEDITEM(#2035,#2033);
#2037= IFCCARTESIANPOINT((3.,0.,-200.));
#2038= IFCCARTESIANTRANSFORMATIONOPERATOR3D($,$,#2037,$,$);
#2039= IFCMAPPEDITEM(#2035,#2038);
#2040= IFCCARTESIANPOINT((403.,0.,200.));
#2041= IFCCARTESIANTRANSFORMATIONOPERATOR3D($,$,#2040,$,$);
#2042= IFCMAPPEDITEM(#2035,#2041);
#2043= IFCCARTESIANPOINT((403.,0.,-200.));
#2044= IFCCARTESIANTRANSFORMATIONOPERATOR3D($,$,#2043,$,$);
#2045= IFCMAPPEDITEM(#2035,#2044);
#2046= IFCSHAPEREPRESENTATION(#12,'Body','MappedRepresentation',(#2036,#2039,#2042,#2045));
#2047= IFCPOLYLINE((#2021,#1611));
#2048= IFCSHAPEREPRESENTATION(#12,'Axis','GeometricCurveSet',(#2047));
#2049= IFCREPRESENTATIONMAP(#10,#2048);
#2050= IFCMAPPEDITEM(#2049,#2033);
#2051= IFCMAPPEDITEM(#2049,#2038);
#2052= IFCMAPPEDITEM(#2049,#2041);
#2053= IFCMAPPEDITEM(#2049,#2044);
#2054= IFCSHAPEREPRESENTATION(#12,'Axis','MappedRepresentation',(#2050,#2051,#2052,#2053));
#2055= IFCPRODUCTDEFINITIONSHAPE($,$,(#2046,#2054));
#2056= IFCMECHANICALFASTENER('2OzsEmqe99VwaLyyqAhclS',#2009,'Bolt assembly',$,$,#2012,#2055,'ID98f763b0-d282-497f-a915-f3cd0aae6bdc',16.,40.);
#2057= IFCPROPERTYSINGLEVALUE('BoltGrade',$,IFCIDENTIFIER('10.9'),$);
#2058= IFCPROPERTYSINGLEVALUE('BoltStandard',$,IFCIDENTIFIER('6914'),$);
#2059= IFCPROPERTYSINGLEVALUE('BoltType',$,IFCIDENTIFIER('6914'),$);
#2060= IFCPROPERTYSET('0yRwXk1FT7lRNqxx__WBTc',#5,'AISC_EM11_Pset_Bolt','BoltIdentity',(#249,#2057,#588,#1621,#2058,#2059));
#2061= IFCPROPERTYSINGLEVALUE('NutStandard',$,IFCIDENTIFIER('6915'),$);
#2062= IFCPROPERTYSET('3FbA9sPsv2_wivzxL7EhQD',#5,'AISC_EM11_Pset_Nut','NutIdentity',(#591,#2061));
#2063= IFCPROPERTYSINGLEVALUE('WasherThickness',$,IFCPOSITIVELENGTHMEASURE(4.),$);
#2064= IFCPROPERTYSINGLEVALUE('WasherStandard',$,IFCIDENTIFIER('6916'),$);
#2065= IFCPROPERTYSET('1P9dGwvBTBtgSHlnHs2LRi',#5,'AISC_EM11_Pset_Washer','WasherIdentity',(#2063,#593,#2064,#262));
#2066= IFCCARTESIANPOINT((8701.45798693074,1585.66403949562,8416.));
#2067= IFCDIRECTION((0.996194698069141,-0.0871557430060266,0.));
#2068= IFCDIRECTION((0.0871557430060267,0.996194698069141,0.));
#2069= IFCAXIS2PLACEMENT3D(#2066,#2067,#2068);
#2070= IFCLOCALPLACEMENT(#45,#2069);
#2071= IFCCARTESIANPOINT((17.692615777738,0.,-404.455047425325));
#2072= IFCCARTESIANPOINT((17.692615777738,8.48528137423818,-404.455047425325));
#2073= IFCCARTESIANPOINT((-17.6926157778071,8.48528137423818,-404.455047425306));
#2074= IFCCARTESIANPOINT((-17.6926157778071,0.,-404.455047425306));
#2075= IFCPOLYLOOP((#2071,#2072,#2073,#2074));
#2076= IFCFACEOUTERBOUND(#2075,.T.);
#2077= IFCFACE((#2076));
#2078= IFCCARTESIANPOINT((18.434981704811,0.,-412.940328799565));
#2079= IFCCARTESIANPOINT((-18.4349817048815,0.,-412.940328799546));
#2080= IFCPOLYLOOP((#2072,#2078,#2079,#2073));
#2081= IFCFACEOUTERBOUND(#2080,.T.);
#2082= IFCFACE((#2081));
#2083= IFCPOLYLOOP((#2078,#2071,#2074,#2079));
#2084= IFCFACEOUTERBOUND(#2083,.T.);
#2085= IFCFACE((#2084));
#2086= IFCCARTESIANPOINT((52.5402661557719,0.,-398.310466449399));
#2087= IFCCARTESIANPOINT((52.5402661557719,8.48528137423818,-398.310466449399));
#2088= IFCPOLYLOOP((#2086,#2087,#2072,#2071));
#2089= IFCFACEOUTERBOUND(#2088,.T.);
#2090= IFCFACE((#2089));
#2091= IFCCARTESIANPOINT((54.7448075239527,0.,-406.537926842842));
#2092= IFCPOLYLOOP((#2087,#2091,#2078,#2072));
#2093= IFCFACEOUTERBOUND(#2092,.T.);
#2094= IFCFACE((#2093));
#2095= IFCPOLYLOOP((#2091,#2086,#2071,#2078));
#2096= IFCFACEOUTERBOUND(#2095,.T.);
#2097= IFCFACE((#2096));
#2098= IFCCARTESIANPOINT((85.7915071333191,0.,-386.208004481174));
#2099= IFCCARTESIANPOINT((85.7915071333191,8.48528137423818,-386.208004481174));
#2100= IFCPOLYLOOP((#2098,#2099,#2087,#2086));
#2101= IFCFACEOUTERBOUND(#2100,.T.);
#2102= IFCFACE((#2101));
#2103= IFCCARTESIANPOINT((89.3912400686881,0.,-393.927656673062));
#2104= IFCPOLYLOOP((#2099,#2103,#2091,#2087));
#2105= IFCFACEOUTERBOUND(#2104,.T.);
#2106= IFCFACE((#2105));
#2107= IFCPOLYLOOP((#2103,#2098,#2086,#2091));
#2108= IFCFACEOUTERBOUND(#2107,.T.);
#2109= IFCFACE((#2108));
#2110= IFCCARTESIANPOINT((116.436016579218,0.,-368.515388703409));
#2111= IFCCARTESIANPOINT((116.436016579218,8.48528137423818,-368.515388703409));
#2112= IFCPOLYLOOP((#2110,#2111,#2099,#2098));
#2113= IFCFACEOUTERBOUND(#2112,.T.);
#2114= IFCFACE((#2113));
#2115= IFCCARTESIANPOINT((121.321565018085,0.,-375.492674968228));
#2116= IFCPOLYLOOP((#2111,#2115,#2103,#2099));
#2117= IFCFACEOUTERBOUND(#2116,.T.);
#2118= IFCFACE((#2117));
#2119= IFCPOLYLOOP((#2115,#2110,#2098,#2103));
#2120= IFCFACEOUTERBOUND(#2119,.T.);
#2121= IFCFACE((#2120));
#2122= IFCCARTESIANPOINT((143.542676580824,0.,-345.770200293626));
#2123= IFCCARTESIANPOINT((143.542676580824,8.48528137423818,-345.770200293626));
#2124= IFCPOLYLOOP((#2122,#2123,#2111,#2110));
#2125= IFCFACEOUTERBOUND(#2124,.T.);
#2126= IFCFACE((#2125));
#2127= IFCCARTESIANPOINT((149.565595606082,0.,-351.793119318891));
#2128= IFCPOLYLOOP((#2123,#2127,#2115,#2111));
#2129= IFCFACEOUTERBOUND(#2128,.T.);
#2130= IFCFACE((#2129));
#2131= IFCPOLYLOOP((#2127,#2122,#2110,#2115));
#2132= IFCFACEOUTERBOUND(#2131,.T.);
#2133= IFCFACE((#2132));
#2134= IFCCARTESIANPOINT((166.28786499062,0.,-318.663540292026));
#2135= IFCCARTESIANPOINT((166.28786499062,8.48528137423818,-318.663540292026));
#2136= IFCPOLYLOOP((#2134,#2135,#2123,#2122));
#2137= IFCFACEOUTERBOUND(#2136,.T.);
#2138= IFCFACE((#2137));
#2139= IFCCARTESIANPOINT((173.265151255431,0.,-323.549088730899));
#2140= IFCPOLYLOOP((#2135,#2139,#2127,#2123));
#2141= IFCFACEOUTERBOUND(#2140,.T.);
#2142= IFCFACE((#2141));
#2143= IFCPOLYLOOP((#2139,#2134,#2122,#2127));
#2144= IFCFACEOUTERBOUND(#2143,.T.);
#2145= IFCFACE((#2144));
#2146= IFCCARTESIANPOINT((183.980480768395,0.,-288.019030846131));
#2147= IFCCARTESIANPOINT((183.980480768395,8.48528137423818,-288.019030846131));
#2148= IFCPOLYLOOP((#2146,#2147,#2135,#2134));
#2149= IFCFACEOUTERBOUND(#2148,.T.);
#2150= IFCFACE((#2149));
#2151= IFCCARTESIANPOINT((191.70013296028,0.,-291.618763781506));
#2152= IFCPOLYLOOP((#2147,#2151,#2139,#2135));
#2153= IFCFACEOUTERBOUND(#2152,.T.);
#2154= IFCFACE((#2153));
#2155= IFCPOLYLOOP((#2151,#2146,#2134,#2139));
#2156= IFCFACEOUTERBOUND(#2155,.T.);
#2157= IFCFACE((#2156));
#2158= IFCCARTESIANPOINT((196.082942736637,0.,-254.767789868583));
#2159= IFCCARTESIANPOINT((196.082942736637,8.48528137423818,-254.767789868583));
#2160= IFCPOLYLOOP((#2158,#2159,#2147,#2146));
#2161= IFCFACEOUTERBOUND(#2160,.T.);
#2162= IFCFACE((#2161));
#2163= IFCCARTESIANPOINT((204.310403130078,0.,-256.972331236768));
#2164= IFCPOLYLOOP((#2159,#2163,#2151,#2147));
#2165= IFCFACEOUTERBOUND(#2164,.T.);
#2166= IFCFACE((#2165));
#2167= IFCPOLYLOOP((#2163,#2158,#2146,#2151));
#2168= IFCFACEOUTERBOUND(#2167,.T.);
#2169= IFCFACE((#2168));
#2170= IFCCARTESIANPOINT((202.227523712583,0.,-219.920139490541));
#2171= IFCCARTESIANPOINT((202.227523712583,8.48528137423818,-219.920139490541));
#2172= IFCPOLYLOOP((#2170,#2171,#2159,#2158));
#2173= IFCFACEOUTERBOUND(#2172,.T.);
#2174= IFCFACE((#2173));
#2175= IFCCARTESIANPOINT((210.71280508682,0.,-220.66250541762));
#2176= IFCPOLYLOOP((#2171,#2175,#2163,#2159));
#2177= IFCFACEOUTERBOUND(#2176,.T.);
#2178= IFCFACE((#2177));
#2179= IFCPOLYLOOP((#2175,#2170,#2158,#2163));
#2180= IFCFACEOUTERBOUND(#2179,.T.);
#2181= IFCFACE((#2180));
#2182= IFCCARTESIANPOINT((202.227523712586,0.,-184.534907934987));
#2183= IFCCARTESIANPOINT((202.227523712586,8.48528137423818,-184.534907934987));
#2184= IFCPOLYLOOP((#2182,#2183,#2171,#2170));
#2185= IFCFACEOUTERBOUND(#2184,.T.);
#2186= IFCFACE((#2185));
#2187= IFCCARTESIANPOINT((210.712805086824,0.,-183.792542007915));
#2188= IFCPOLYLOOP((#2183,#2187,#2175,#2171));
#2189= IFCFACEOUTERBOUND(#2188,.T.);
#2190= IFCFACE((#2189));
#2191= IFCPOLYLOOP((#2187,#2182,#2170,#2175));
#2192= IFCFACEOUTERBOUND(#2191,.T.);
#2193= IFCFACE((#2192));
#2194= IFCCARTESIANPOINT((196.082942736646,0.,-149.68725755694));
#2195= IFCCARTESIANPOINT((196.082942736646,8.48528137423818,-149.68725755694));
#2196= IFCPOLYLOOP((#2194,#2195,#2183,#2182));
#2197= IFCFACEOUTERBOUND(#2196,.T.);
#2198= IFCFACE((#2197));
#2199= IFCCARTESIANPOINT((204.310403130087,0.,-147.482716188762));
#2200= IFCPOLYLOOP((#2195,#2199,#2187,#2183));
#2201= IFCFACEOUTERBOUND(#2200,.T.);
#2202= IFCFACE((#2201));
#2203= IFCPOLYLOOP((#2199,#2194,#2182,#2187));
#2204= IFCFACEOUTERBOUND(#2203,.T.);
#2205= IFCFACE((#2204));
#2206= IFCCARTESIANPOINT((183.98048076841,0.,-116.436016579379));
#2207= IFCCARTESIANPOINT((183.98048076841,8.48528137423818,-116.436016579379));
#2208= IFCPOLYLOOP((#2206,#2207,#2195,#2194));
#2209= IFCFACEOUTERBOUND(#2208,.T.);
#2210= IFCFACE((#2209));
#2211= IFCCARTESIANPOINT((191.700132960295,0.,-112.836283644012));
#2212= IFCPOLYLOOP((#2207,#2211,#2199,#2195));
#2213= IFCFACEOUTERBOUND(#2212,.T.);
#2214= IFCFACE((#2213));
#2215= IFCPOLYLOOP((#2211,#2206,#2194,#2199));
#2216= IFCFACEOUTERBOUND(#2215,.T.);
#2217= IFCFACE((#2216));
#2218= IFCCARTESIANPOINT((166.28786499064,0.,-85.7915071334646));
#2219= IFCCARTESIANPOINT((166.28786499064,8.48528137423818,-85.7915071334646));
#2220= IFCPOLYLOOP((#2218,#2219,#2207,#2206));
#2221= IFCFACEOUTERBOUND(#2220,.T.);
#2222= IFCFACE((#2221));
#2223= IFCCARTESIANPOINT((173.265151255452,0.,-80.9059586945987));
#2224= IFCPOLYLOOP((#2219,#2223,#2211,#2207));
#2225= IFCFACEOUTERBOUND(#2224,.T.);
#2226= IFCFACE((#2225));
#2227= IFCPOLYLOOP((#2223,#2218,#2206,#2211));
#2228= IFCFACEOUTERBOUND(#2227,.T.);
#2229= IFCFACE((#2228));
#2230= IFCCARTESIANPOINT((143.542676580848,0.,-58.6848471318426));
#2231= IFCCARTESIANPOINT((143.542676580848,8.48528137423818,-58.6848471318426));
#2232= IFCPOLYLOOP((#2230,#2231,#2219,#2218));
#2233= IFCFACEOUTERBOUND(#2232,.T.);
#2234= IFCFACE((#2233));
#2235= IFCCARTESIANPOINT((149.565595606108,0.,-52.6619281065832));
#2236= IFCPOLYLOOP((#2231,#2235,#2223,#2219));
#2237= IFCFACEOUTERBOUND(#2236,.T.);
#2238= IFCFACE((#2237));
#2239= IFCPOLYLOOP((#2235,#2230,#2218,#2223));
#2240= IFCFACEOUTERBOUND(#2239,.T.);
#2241= IFCFACE((#2240));
#2242= IFCCARTESIANPOINT((116.436016579246,0.,-35.9396587220272));
#2243= IFCCARTESIANPOINT((116.436016579246,8.48528137423818,-35.9396587220272));
#2244= IFCPOLYLOOP((#2242,#2243,#2231,#2230));
#2245= IFCFACEOUTERBOUND(#2244,.T.);
#2246= IFCFACE((#2245));
#2247= IFCCARTESIANPOINT((121.321565018116,0.,-28.9623724572157));
#2248= IFCPOLYLOOP((#2243,#2247,#2235,#2231));
#2249= IFCFACEOUTERBOUND(#2248,.T.);
#2250= IFCFACE((#2249));
#2251= IFCPOLYLOOP((#2247,#2242,#2230,#2235));
#2252= IFCFACEOUTERBOUND(#2251,.T.);
#2253= IFCFACE((#2252));
#2254= IFCCARTESIANPOINT((85.7915071333509,0.,-18.2470429442328));
#2255= IFCCARTESIANPOINT((85.7915071333509,8.48528137423818,-18.2470429442328));
#2256= IFCPOLYLOOP((#2254,#2255,#2243,#2242));
#2257= IFCFACEOUTERBOUND(#2256,.T.);
#2258= IFCFACE((#2257));
#2259= IFCCARTESIANPOINT((89.3912400687209,0.,-10.5273907523479));
#2260= IFCPOLYLOOP((#2255,#2259,#2247,#2243));
#2261= IFCFACEOUTERBOUND(#2260,.T.);
#2262= IFCFACE((#2261));
#2263= IFCPOLYLOOP((#2259,#2254,#2242,#2247));
#2264= IFCFACEOUTERBOUND(#2263,.T.);
#2265= IFCFACE((#2264));
#2266= IFCCARTESIANPOINT((52.5402661558055,0.,-6.14458097597344));
#2267= IFCCARTESIANPOINT((52.5402661558055,8.48528137423818,-6.14458097597344));
#2268= IFCPOLYLOOP((#2266,#2267,#2255,#2254));
#2269= IFCFACEOUTERBOUND(#2268,.T.);
#2270= IFCFACE((#2269));
#2271= IFCCARTESIANPOINT((54.7448075239881,0.,2.08287941747039));
#2272= IFCPOLYLOOP((#2267,#2271,#2259,#2255));
#2273= IFCFACEOUTERBOUND(#2272,.T.);
#2274= IFCFACE((#2273));
#2275= IFCPOLYLOOP((#2271,#2266,#2254,#2259));
#2276= IFCFACEOUTERBOUND(#2275,.T.);
#2277= IFCFACE((#2276));
#2278= IFCCARTESIANPOINT((17.6926157777725,0.,-9.09494701772928E-12));
#2279= IFCCARTESIANPOINT((17.6926157777725,8.48528137423818,-9.09494701772928E-12));
#2280= IFCPOLYLOOP((#2278,#2279,#2267,#2266));
#2281= IFCFACEOUTERBOUND(#2280,.T.);
#2282= IFCFACE((#2281));
#2283= IFCCARTESIANPOINT((18.4349817048469,0.,8.48528137423091));
#2284= IFCPOLYLOOP((#2279,#2283,#2271,#2267));
#2285= IFCFACEOUTERBOUND(#2284,.T.);
#2286= IFCFACE((#2285));
#2287= IFCPOLYLOOP((#2283,#2278,#2266,#2271));
#2288= IFCFACEOUTERBOUND(#2287,.T.);
#2289= IFCFACE((#2288));
#2290= IFCCARTESIANPOINT((-17.6926157777721,0.,1.09139364212751E-11));
#2291= IFCCARTESIANPOINT((-17.6926157777721,8.48528137423818,1.09139364212751E-11));
#2292= IFCPOLYLOOP((#2290,#2291,#2279,#2278));
#2293= IFCFACEOUTERBOUND(#2292,.T.);
#2294= IFCFACE((#2293));
#2295= IFCCARTESIANPOINT((-18.4349817048451,0.,8.4852813742491));
#2296= IFCPOLYLOOP((#2291,#2295,#2283,#2279));
#2297= IFCFACEOUTERBOUND(#2296,.T.);
#2298= IFCFACE((#2297));
#2299= IFCPOLYLOOP((#2295,#2290,#2278,#2283));
#2300= IFCFACEOUTERBOUND(#2299,.T.);
#2301= IFCFACE((#2300));
#2302= IFCCARTESIANPOINT((-52.5402661558064,0.,-6.14458097591705));
#2303= IFCCARTESIANPOINT((-52.5402661558064,8.48528137423818,-6.14458097591705));
#2304= IFCPOLYLOOP((#2302,#2303,#2291,#2290));
#2305= IFCFACEOUTERBOUND(#2304,.T.);
#2306= IFCFACE((#2305));
#2307= IFCCARTESIANPOINT((-54.7448075239868,0.,2.0828794175286));
#2308= IFCPOLYLOOP((#2303,#2307,#2295,#2291));
#2309= IFCFACEOUTERBOUND(#2308,.T.);
#2310= IFCFACE((#2309));
#2311= IFCPOLYLOOP((#2307,#2302,#2290,#2295));
#2312= IFCFACEOUTERBOUND(#2311,.T.);
#2313= IFCFACE((#2312));
#2314= IFCCARTESIANPOINT((-85.7915071333537,0.,-18.2470429441419));
#2315= IFCCARTESIANPOINT((-85.7915071333537,8.48528137423818,-18.2470429441419));
#2316= IFCPOLYLOOP((#2314,#2315,#2303,#2302));
#2317= IFCFACEOUTERBOUND(#2316,.T.);
#2318= IFCFACE((#2317));
#2319= IFCCARTESIANPOINT((-89.3912400687223,0.,-10.5273907522533));
#2320= IFCPOLYLOOP((#2315,#2319,#2307,#2303));
#2321= IFCFACEOUTERBOUND(#2320,.T.);
#2322= IFCFACE((#2321));
#2323= IFCPOLYLOOP((#2319,#2314,#2302,#2307));
#2324= IFCFACEOUTERBOUND(#2323,.T.);
#2325= IFCFACE((#2324));
#2326= IFCCARTESIANPOINT((-116.436016579252,0.,-35.9396587219053));
#2327= IFCCARTESIANPOINT((-116.436016579252,8.48528137423818,-35.9396587219053));
#2328= IFCPOLYLOOP((#2326,#2327,#2315,#2314));
#2329= IFCFACEOUTERBOUND(#2328,.T.);
#2330= IFCFACE((#2329));
#2331= IFCCARTESIANPOINT((-121.32156501812,0.,-28.9623724570883));
#2332= IFCPOLYLOOP((#2327,#2331,#2319,#2315));
#2333= IFCFACEOUTERBOUND(#2332,.T.);
#2334= IFCFACE((#2333));
#2335= IFCPOLYLOOP((#2331,#2326,#2314,#2319));
#2336= IFCFACEOUTERBOUND(#2335,.T.);
#2337= IFCFACE((#2336));
#2338= IFCCARTESIANPOINT((-143.542676580858,0.,-58.684847131688));
#2339= IFCCARTESIANPOINT((-143.542676580858,8.48528137423818,-58.684847131688));
#2340= IFCPOLYLOOP((#2338,#2339,#2327,#2326));
#2341= IFCFACEOUTERBOUND(#2340,.T.);
#2342= IFCFACE((#2341));
#2343= IFCCARTESIANPOINT((-149.565595606117,0.,-52.661928106425));
#2344= IFCPOLYLOOP((#2339,#2343,#2331,#2327));
#2345= IFCFACEOUTERBOUND(#2344,.T.);
#2346= IFCFACE((#2345));
#2347= IFCPOLYLOOP((#2343,#2338,#2326,#2331));
#2348= IFCFACEOUTERBOUND(#2347,.T.);
#2349= IFCFACE((#2348));
#2350= IFCCARTESIANPOINT((-166.287864990653,0.,-85.7915071332882));
#2351= IFCCARTESIANPOINT((-166.287864990653,8.48528137423818,-85.7915071332882));
#2352= IFCPOLYLOOP((#2350,#2351,#2339,#2338));
#2353= IFCFACEOUTERBOUND(#2352,.T.);
#2354= IFCFACE((#2353));
#2355= IFCCARTESIANPOINT((-173.265151255465,0.,-80.9059586944149));
#2356= IFCPOLYLOOP((#2351,#2355,#2343,#2339));
#2357= IFCFACEOUTERBOUND(#2356,.T.);
#2358= IFCFACE((#2357));
#2359= IFCPOLYLOOP((#2355,#2350,#2338,#2343));
#2360= IFCFACEOUTERBOUND(#2359,.T.);
#2361= IFCFACE((#2360));
#2362= IFCCARTESIANPOINT((-183.980480768429,0.,-116.436016579186));
#2363= IFCCARTESIANPOINT((-183.980480768429,8.48528137423818,-116.436016579186));
#2364= IFCPOLYLOOP((#2362,#2363,#2351,#2350));
#2365= IFCFACEOUTERBOUND(#2364,.T.);
#2366= IFCFACE((#2365));
#2367= IFCCARTESIANPOINT((-191.700132960314,0.,-112.83628364381));
#2368= IFCPOLYLOOP((#2363,#2367,#2355,#2351));
#2369= IFCFACEOUTERBOUND(#2368,.T.);
#2370= IFCFACE((#2369));
#2371= IFCPOLYLOOP((#2367,#2362,#2350,#2355));
#2372= IFCFACEOUTERBOUND(#2371,.T.);
#2373= IFCFACE((#2372));
#2374= IFCCARTESIANPOINT((-196.082942736672,0.,-149.687257556734));
#2375= IFCCARTESIANPOINT((-196.082942736672,8.48528137423818,-149.687257556734));
#2376= IFCPOLYLOOP((#2374,#2375,#2363,#2362));
#2377= IFCFACEOUTERBOUND(#2376,.T.);
#2378= IFCFACE((#2377));
#2379= IFCCARTESIANPOINT((-204.310403130112,0.,-147.482716188546));
#2380= IFCPOLYLOOP((#2375,#2379,#2367,#2363));
#2381= IFCFACEOUTERBOUND(#2380,.T.);
#2382= IFCFACE((#2381));
#2383= IFCPOLYLOOP((#2379,#2374,#2362,#2367));
#2384= IFCFACEOUTERBOUND(#2383,.T.);
#2385= IFCFACE((#2384));
#2386= IFCCARTESIANPOINT((-202.227523712617,0.,-184.534907934774));
#2387= IFCCARTESIANPOINT((-202.227523712617,8.48528137423818,-184.534907934774));
#2388= IFCPOLYLOOP((#2386,#2387,#2375,#2374));
#2389= IFCFACEOUTERBOUND(#2388,.T.);
#2390= IFCFACE((#2389));
#2391= IFCCARTESIANPOINT((-210.712805086855,0.,-183.792542007697));
#2392= IFCPOLYLOOP((#2387,#2391,#2379,#2375));
#2393= IFCFACEOUTERBOUND(#2392,.T.);
#2394= IFCFACE((#2393));
#2395= IFCPOLYLOOP((#2391,#2386,#2374,#2379));
#2396= IFCFACEOUTERBOUND(#2395,.T.);
#2397= IFCFACE((#2396));
#2398= IFCCARTESIANPOINT((-202.22752371262,0.,-219.92013949033));
#2399= IFCCARTESIANPOINT((-202.22752371262,8.48528137423818,-219.92013949033));
#2400= IFCPOLYLOOP((#2398,#2399,#2387,#2386));
#2401= IFCFACEOUTERBOUND(#2400,.T.);
#2402= IFCFACE((#2401));
#2403= IFCCARTESIANPOINT((-210.712805086858,0.,-220.6625054174));
#2404= IFCPOLYLOOP((#2399,#2403,#2391,#2387));
#2405= IFCFACEOUTERBOUND(#2404,.T.);
#2406= IFCFACE((#2405));
#2407= IFCPOLYLOOP((#2403,#2398,#2386,#2391));
#2408= IFCFACEOUTERBOUND(#2407,.T.);
#2409= IFCFACE((#2408));
#2410= IFCCARTESIANPOINT((-196.082942736681,0.,-254.767789868376));
#2411= IFCCARTESIANPOINT((-196.082942736681,8.48528137423818,-254.767789868376));
#2412= IFCPOLYLOOP((#2410,#2411,#2399,#2398));
#2413= IFCFACEOUTERBOUND(#2412,.T.);
#2414= IFCFACE((#2413));
#2415= IFCCARTESIANPOINT((-204.310403130122,0.,-256.972331236553));
#2416= IFCPOLYLOOP((#2411,#2415,#2403,#2399));
#2417= IFCFACEOUTERBOUND(#2416,.T.);
#2418= IFCFACE((#2417));
#2419= IFCPOLYLOOP((#2415,#2410,#2398,#2403));
#2420= IFCFACEOUTERBOUND(#2419,.T.);
#2421= IFCFACE((#2420));
#2422= IFCCARTESIANPOINT((-183.980480768444,0.,-288.019030845937));
#2423= IFCCARTESIANPOINT((-183.980480768444,8.48528137423818,-288.019030845937));
#2424= IFCPOLYLOOP((#2422,#2423,#2411,#2410));
#2425= IFCFACEOUTERBOUND(#2424,.T.);
#2426= IFCFACE((#2425));
#2427= IFCCARTESIANPOINT((-191.700132960329,0.,-291.618763781304));
#2428= IFCPOLYLOOP((#2423,#2427,#2415,#2411));
#2429= IFCFACEOUTERBOUND(#2428,.T.);
#2430= IFCFACE((#2429));
#2431= IFCPOLYLOOP((#2427,#2422,#2410,#2415));
#2432= IFCFACEOUTERBOUND(#2431,.T.);
#2433= IFCFACE((#2432));
#2434= IFCCARTESIANPOINT((-166.287864990674,0.,-318.663540291851));
#2435= IFCCARTESIANPOINT((-166.287864990674,8.48528137423818,-318.663540291851));
#2436= IFCPOLYLOOP((#2434,#2435,#2423,#2422));
#2437= IFCFACEOUTERBOUND(#2436,.T.);
#2438= IFCFACE((#2437));
#2439= IFCCARTESIANPOINT((-173.265151255486,0.,-323.549088730719));
#2440= IFCPOLYLOOP((#2435,#2439,#2427,#2423));
#2441= IFCFACEOUTERBOUND(#2440,.T.);
#2442= IFCFACE((#2441));
#2443= IFCPOLYLOOP((#2439,#2434,#2422,#2427));
#2444= IFCFACEOUTERBOUND(#2443,.T.);
#2445= IFCFACE((#2444));
#2446= IFCCARTESIANPOINT((-143.542676580882,0.,-345.770200293475));
#2447= IFCCARTESIANPOINT((-143.542676580882,8.48528137423818,-345.770200293475));
#2448= IFCPOLYLOOP((#2446,#2447,#2435,#2434));
#2449= IFCFACEOUTERBOUND(#2448,.T.);
#2450= IFCFACE((#2449));
#2451= IFCCARTESIANPOINT((-149.565595606142,0.,-351.793119318732));
#2452= IFCPOLYLOOP((#2447,#2451,#2439,#2435));
#2453= IFCFACEOUTERBOUND(#2452,.T.);
#2454= IFCFACE((#2453));
#2455= IFCPOLYLOOP((#2451,#2446,#2434,#2439));
#2456= IFCFACEOUTERBOUND(#2455,.T.);
#2457= IFCFACE((#2456));
#2458= IFCCARTESIANPOINT((-116.43601657928,0.,-368.515388703289));
#2459= IFCCARTESIANPOINT((-116.43601657928,8.48528137423818,-368.515388703289));
#2460= IFCPOLYLOOP((#2458,#2459,#2447,#2446));
#2461= IFCFACEOUTERBOUND(#2460,.T.);
#2462= IFCFACE((#2461));
#2463= IFCCARTESIANPOINT((-121.32156501815,0.,-375.4926749681));
#2464= IFCPOLYLOOP((#2459,#2463,#2451,#2447));
#2465= IFCFACEOUTERBOUND(#2464,.T.);
#2466= IFCFACE((#2465));
#2467= IFCPOLYLOOP((#2463,#2458,#2446,#2451));
#2468= IFCFACEOUTERBOUND(#2467,.T.);
#2469= IFCFACE((#2468));
#2470= IFCCARTESIANPOINT((-85.7915071333855,0.,-386.208004481083));
#2471= IFCCARTESIANPOINT((-85.7915071333855,8.48528137423818,-386.208004481083));
#2472= IFCPOLYLOOP((#2470,#2471,#2459,#2458));
#2473= IFCFACEOUTERBOUND(#2472,.T.);
#2474= IFCFACE((#2473));
#2475= IFCCARTESIANPOINT((-89.3912400687555,0.,-393.927656672968));
#2476= IFCPOLYLOOP((#2471,#2475,#2463,#2459));
#2477= IFCFACEOUTERBOUND(#2476,.T.);
#2478= IFCFACE((#2477));
#2479= IFCPOLYLOOP((#2475,#2470,#2458,#2463));
#2480= IFCFACEOUTERBOUND(#2479,.T.);
#2481= IFCFACE((#2480));
#2482= IFCCARTESIANPOINT((-52.5402661558401,0.,-398.310466449344));
#2483= IFCCARTESIANPOINT((-52.5402661558401,8.48528137423818,-398.310466449344));
#2484= IFCPOLYLOOP((#2482,#2483,#2471,#2470));
#2485= IFCFACEOUTERBOUND(#2484,.T.);
#2486= IFCFACE((#2485));
#2487= IFCCARTESIANPOINT((-54.7448075240222,0.,-406.537926842784));
#2488= IFCPOLYLOOP((#2483,#2487,#2475,#2471));
#2489= IFCFACEOUTERBOUND(#2488,.T.);
#2490= IFCFACE((#2489));
#2491= IFCPOLYLOOP((#2487,#2482,#2470,#2475));
#2492= IFCFACEOUTERBOUND(#2491,.T.);
#2493= IFCFACE((#2492));
#2494= IFCPOLYLOOP((#2074,#2073,#2483,#2482));
#2495= IFCFACEOUTERBOUND(#2494,.T.);
#2496= IFCFACE((#2495));
#2497= IFCPOLYLOOP((#2073,#2079,#2487,#2483));
#2498= IFCFACEOUTERBOUND(#2497,.T.);
#2499= IFCFACE((#2498));
#2500= IFCPOLYLOOP((#2079,#2074,#2482,#2487));
#2501= IFCFACEOUTERBOUND(#2500,.T.);
#2502= IFCFACE((#2501));
#2503= IFCPOLYLOOP((#2079,#2074,#2073));
#2504= IFCFACEOUTERBOUND(#2503,.T.);
#2505= IFCFACE((#2504));
#2506= IFCPOLYLOOP((#2079,#2073,#2074));
#2507= IFCFACEOUTERBOUND(#2506,.T.);
#2508= IFCFACE((#2507));
#2509= IFCCARTESIANPOINT((-49.4344376146091,0.,-386.719356533875));
#2510= IFCCARTESIANPOINT((-49.4344376146091,8.48528137423818,-386.719356533875));
#2511= IFCCARTESIANPOINT((-16.6467468648343,8.48528137423818,-392.500711048204));
#2512= IFCCARTESIANPOINT((-16.6467468648343,0.,-392.500711048204));
#2513= IFCPOLYLOOP((#2509,#2510,#2511,#2512));
#2514= IFCFACEOUTERBOUND(#2513,.T.);
#2515= IFCFACE((#2514));
#2516= IFCCARTESIANPOINT((-47.229896246427,0.,-378.491896140432));
#2517= IFCCARTESIANPOINT((-15.9043809377599,0.,-384.015429673965));
#2518= IFCPOLYLOOP((#2510,#2516,#2517,#2511));
#2519= IFCFACEOUTERBOUND(#2518,.T.);
#2520= IFCFACE((#2519));
#2521= IFCPOLYLOOP((#2516,#2509,#2512,#2517));
#2522= IFCFACEOUTERBOUND(#2521,.T.);
#2523= IFCFACE((#2522));
#2524= IFCCARTESIANPOINT((-80.7200879924967,0.,-375.332311036645));
#2525= IFCCARTESIANPOINT((-80.7200879924967,8.48528137423818,-375.332311036645));
#2526= IFCPOLYLOOP((#2524,#2525,#2510,#2509));
#2527= IFCFACEOUTERBOUND(#2526,.T.);
#2528= IFCFACE((#2527));
#2529= IFCCARTESIANPOINT((-77.1203550571272,0.,-367.61265884476));
#2530= IFCPOLYLOOP((#2525,#2529,#2516,#2510));
#2531= IFCFACEOUTERBOUND(#2530,.T.);
#2532= IFCFACE((#2531));
#2533= IFCPOLYLOOP((#2529,#2524,#2509,#2516));
#2534= IFCFACEOUTERBOUND(#2533,.T.);
#2535= IFCFACE((#2534));
#2536= IFCCARTESIANPOINT((-109.553099343068,0.,-358.685564171825));
#2537= IFCCARTESIANPOINT((-109.553099343068,8.48528137423818,-358.685564171825));
#2538= IFCPOLYLOOP((#2536,#2537,#2525,#2524));
#2539= IFCFACEOUTERBOUND(#2538,.T.);
#2540= IFCFACE((#2539));
#2541= IFCCARTESIANPOINT((-104.667550904199,0.,-351.708277907013));
#2542= IFCPOLYLOOP((#2537,#2541,#2529,#2525));
#2543= IFCFACEOUTERBOUND(#2542,.T.);
#2544= IFCFACE((#2543));
#2545= IFCPOLYLOOP((#2541,#2536,#2524,#2529));
#2546= IFCFACEOUTERBOUND(#2545,.T.);
#2547= IFCFACE((#2546));
#2548= IFCCARTESIANPOINT((-135.057395206644,0.,-337.284918919238));
#2549= IFCCARTESIANPOINT((-135.057395206644,8.48528137423818,-337.284918919238));
#2550= IFCPOLYLOOP((#2548,#2549,#2537,#2536));
#2551= IFCFACEOUTERBOUND(#2550,.T.);
#2552= IFCFACE((#2551));
#2553= IFCCARTESIANPOINT((-129.034476181384,0.,-331.261999893983));
#2554= IFCPOLYLOOP((#2549,#2553,#2541,#2537));
#2555= IFCFACEOUTERBOUND(#2554,.T.);
#2556= IFCFACE((#2555));
#2557= IFCPOLYLOOP((#2553,#2548,#2536,#2541));
#2558= IFCFACEOUTERBOUND(#2557,.T.);
#2559= IFCFACE((#2558));
#2560= IFCCARTESIANPOINT((-156.458040459207,0.,-311.780623055643));
#2561= IFCCARTESIANPOINT((-156.458040459207,8.48528137423818,-311.780623055643));
#2562= IFCPOLYLOOP((#2560,#2561,#2549,#2548));
#2563= IFCFACEOUTERBOUND(#2562,.T.);
#2564= IFCFACE((#2563));
#2565= IFCCARTESIANPOINT((-149.480754194394,0.,-306.895074616777));
#2566= IFCPOLYLOOP((#2561,#2565,#2553,#2549));
#2567= IFCFACEOUTERBOUND(#2566,.T.);
#2568= IFCFACE((#2567));
#2569= IFCPOLYLOOP((#2565,#2560,#2548,#2553));
#2570= IFCFACEOUTERBOUND(#2569,.T.);
#2571= IFCFACE((#2570));
#2572= IFCCARTESIANPOINT((-173.104787324005,0.,-282.947611705053));
#2573= IFCCARTESIANPOINT((-173.104787324005,8.48528137423818,-282.947611705053));
#2574= IFCPOLYLOOP((#2572,#2573,#2561,#2560));
#2575= IFCFACEOUTERBOUND(#2574,.T.);
#2576= IFCFACE((#2575));
#2577= IFCCARTESIANPOINT((-165.385135132119,0.,-279.347878769686));
#2578= IFCPOLYLOOP((#2573,#2577,#2565,#2561));
#2579= IFCFACEOUTERBOUND(#2578,.T.);
#2580= IFCFACE((#2579));
#2581= IFCPOLYLOOP((#2577,#2572,#2560,#2565));
#2582= IFCFACEOUTERBOUND(#2581,.T.);
#2583= IFCFACE((#2582));
#2584= IFCCARTESIANPOINT((-184.491832821213,0.,-251.66196132715));
#2585= IFCCARTESIANPOINT((-184.491832821213,8.48528137423818,-251.66196132715));
#2586= IFCPOLYLOOP((#2584,#2585,#2573,#2572));
#2587= IFCFACEOUTERBOUND(#2586,.T.);
#2588= IFCFACE((#2587));
#2589= IFCCARTESIANPOINT((-176.264372427772,0.,-249.457419958973));
#2590= IFCPOLYLOOP((#2585,#2589,#2577,#2573));
#2591= IFCFACEOUTERBOUND(#2590,.T.);
#2592= IFCFACE((#2591));
#2593= IFCPOLYLOOP((#2589,#2584,#2572,#2577));
#2594= IFCFACEOUTERBOUND(#2593,.T.);
#2595= IFCFACE((#2594));
#2596= IFCCARTESIANPOINT((-190.273187335521,0.,-218.874270577364));
#2597= IFCCARTESIANPOINT((-190.273187335521,8.48528137423818,-218.874270577364));
#2598= IFCPOLYLOOP((#2596,#2597,#2585,#2584));
#2599= IFCFACEOUTERBOUND(#2598,.T.);
#2600= IFCFACE((#2599));
#2601= IFCCARTESIANPOINT((-181.787905961283,0.,-218.131904650294));
#2602= IFCPOLYLOOP((#2597,#2601,#2589,#2585));
#2603= IFCFACEOUTERBOUND(#2602,.T.);
#2604= IFCFACE((#2603));
#2605= IFCPOLYLOOP((#2601,#2596,#2584,#2589));
#2606= IFCFACEOUTERBOUND(#2605,.T.);
#2607= IFCFACE((#2606));
#2608= IFCCARTESIANPOINT((-190.273187335518,0.,-185.580776847752));
#2609= IFCCARTESIANPOINT((-190.273187335518,8.48528137423818,-185.580776847752));
#2610= IFCPOLYLOOP((#2608,#2609,#2597,#2596));
#2611= IFCFACEOUTERBOUND(#2610,.T.);
#2612= IFCFACE((#2611));
#2613= IFCCARTESIANPOINT((-181.78790596128,0.,-186.323142774831));
#2614= IFCPOLYLOOP((#2609,#2613,#2601,#2597));
#2615= IFCFACEOUTERBOUND(#2614,.T.);
#2616= IFCFACE((#2615));
#2617= IFCPOLYLOOP((#2613,#2608,#2596,#2601));
#2618= IFCFACEOUTERBOUND(#2617,.T.);
#2619= IFCFACE((#2618));
#2620= IFCCARTESIANPOINT((-184.491832821204,0.,-152.79308609797));
#2621= IFCCARTESIANPOINT((-184.491832821204,8.48528137423818,-152.79308609797));
#2622= IFCPOLYLOOP((#2620,#2621,#2609,#2608));
#2623= IFCFACEOUTERBOUND(#2622,.T.);
#2624= IFCFACE((#2623));
#2625= IFCCARTESIANPOINT((-176.264372427764,0.,-154.997627466159));
#2626= IFCPOLYLOOP((#2621,#2625,#2613,#2609));
#2627= IFCFACEOUTERBOUND(#2626,.T.);
#2628= IFCFACE((#2627));
#2629= IFCPOLYLOOP((#2625,#2620,#2608,#2613));
#2630= IFCFACEOUTERBOUND(#2629,.T.);
#2631= IFCFACE((#2630));
#2632= IFCCARTESIANPOINT((-173.104787323991,0.,-121.507435720079));
#2633= IFCCARTESIANPOINT((-173.104787323991,8.48528137423818,-121.507435720079));
#2634= IFCPOLYLOOP((#2632,#2633,#2621,#2620));
#2635= IFCFACEOUTERBOUND(#2634,.T.);
#2636= IFCFACE((#2635));
#2637= IFCCARTESIANPOINT((-165.385135132105,0.,-125.107168655455));
#2638= IFCPOLYLOOP((#2633,#2637,#2625,#2621));
#2639= IFCFACEOUTERBOUND(#2638,.T.);
#2640= IFCFACE((#2639));
#2641= IFCPOLYLOOP((#2637,#2632,#2620,#2625));
#2642= IFCFACEOUTERBOUND(#2641,.T.);
#2643= IFCFACE((#2642));
#2644= IFCCARTESIANPOINT((-156.458040459187,0.,-92.6744243695066));
#2645= IFCCARTESIANPOINT((-156.458040459187,8.48528137423818,-92.6744243695066));
#2646= IFCPOLYLOOP((#2644,#2645,#2633,#2632));
#2647= IFCFACEOUTERBOUND(#2646,.T.);
#2648= IFCFACE((#2647));
#2649= IFCCARTESIANPOINT((-149.480754194376,0.,-97.5599728083816));
#2650= IFCPOLYLOOP((#2645,#2649,#2637,#2633));
#2651= IFCFACEOUTERBOUND(#2650,.T.);
#2652= IFCFACE((#2651));
#2653= IFCPOLYLOOP((#2649,#2644,#2632,#2637));
#2654= IFCFACEOUTERBOUND(#2653,.T.);
#2655= IFCFACE((#2654));
#2656= IFCCARTESIANPOINT((-135.057395206621,0.,-67.1701285059335));
#2657= IFCCARTESIANPOINT((-135.057395206621,8.48528137423818,-67.1701285059335));
#2658= IFCPOLYLOOP((#2656,#2657,#2645,#2644));
#2659= IFCFACEOUTERBOUND(#2658,.T.);
#2660= IFCFACE((#2659));
#2661= IFCCARTESIANPOINT((-129.034476181362,0.,-73.1930475311983));
#2662= IFCPOLYLOOP((#2657,#2661,#2649,#2645));
#2663= IFCFACEOUTERBOUND(#2662,.T.);
#2664= IFCFACE((#2663));
#2665= IFCPOLYLOOP((#2661,#2656,#2644,#2649));
#2666= IFCFACEOUTERBOUND(#2665,.T.);
#2667= IFCFACE((#2666));
#2668= IFCCARTESIANPOINT((-109.553099343041,0.,-45.769483253378));
#2669= IFCCARTESIANPOINT((-109.553099343041,8.48528137423818,-45.769483253378));
#2670= IFCPOLYLOOP((#2668,#2669,#2657,#2656));
#2671= IFCFACEOUTERBOUND(#2670,.T.);
#2672= IFCFACE((#2671));
#2673= IFCCARTESIANPOINT((-104.667550904173,0.,-52.7467695181949));
#2674= IFCPOLYLOOP((#2669,#2673,#2661,#2657));
#2675= IFCFACEOUTERBOUND(#2674,.T.);
#2676= IFCFACE((#2675));
#2677= IFCPOLYLOOP((#2673,#2668,#2656,#2661));
#2678= IFCFACEOUTERBOUND(#2677,.T.);
#2679= IFCFACE((#2678));
#2680= IFCCARTESIANPOINT((-80.7200879924667,0.,-29.1227363885864));
#2681= IFCCARTESIANPOINT((-80.7200879924667,8.48528137423818,-29.1227363885864));
#2682= IFCPOLYLOOP((#2680,#2681,#2669,#2668));
#2683= IFCFACEOUTERBOUND(#2682,.T.);
#2684= IFCFACE((#2683));
#2685= IFCCARTESIANPOINT((-77.1203550570981,0.,-36.842388580475));
#2686= IFCPOLYLOOP((#2681,#2685,#2673,#2669));
#2687= IFCFACEOUTERBOUND(#2686,.T.);
#2688= IFCFACE((#2687));
#2689= IFCPOLYLOOP((#2685,#2680,#2668,#2673));
#2690= IFCFACEOUTERBOUND(#2689,.T.);
#2691= IFCFACE((#2690));
#2692= IFCCARTESIANPOINT((-49.4344376145773,0.,-17.735690891388));
#2693= IFCCARTESIANPOINT((-49.4344376145773,8.48528137423818,-17.735690891388));
#2694= IFCPOLYLOOP((#2692,#2693,#2681,#2680));
#2695= IFCFACEOUTERBOUND(#2694,.T.);
#2696= IFCFACE((#2695));
#2697= IFCCARTESIANPOINT((-47.2298962463965,0.,-25.9631512848337));
#2698= IFCPOLYLOOP((#2693,#2697,#2685,#2681));
#2699= IFCFACEOUTERBOUND(#2698,.T.);
#2700= IFCFACE((#2699));
#2701= IFCPOLYLOOP((#2697,#2692,#2680,#2685));
#2702= IFCFACEOUTERBOUND(#2701,.T.);
#2703= IFCFACE((#2702));
#2704= IFCCARTESIANPOINT((-16.646746864802,0.,-11.9543363770936));
#2705= IFCCARTESIANPOINT((-16.646746864802,8.48528137423818,-11.9543363770936));
#2706= IFCPOLYLOOP((#2704,#2705,#2693,#2692));
#2707= IFCFACEOUTERBOUND(#2706,.T.);
#2708= IFCFACE((#2707));
#2709= IFCCARTESIANPOINT((-15.904380937729,0.,-20.4396177513336));
#2710= IFCPOLYLOOP((#2705,#2709,#2697,#2693));
#2711= IFCFACEOUTERBOUND(#2710,.T.);
#2712= IFCFACE((#2711));
#2713= IFCPOLYLOOP((#2709,#2704,#2692,#2697));
#2714= IFCFACEOUTERBOUND(#2713,.T.);
#2715= IFCFACE((#2714));
#2716= IFCCARTESIANPOINT((16.6467468648002,0.,-11.9543363771099));
#2717= IFCCARTESIANPOINT((16.6467468648002,8.48528137423818,-11.9543363771099));
#2718= IFCPOLYLOOP((#2716,#2717,#2705,#2704));
#2719= IFCFACEOUTERBOUND(#2718,.T.);
#2720= IFCFACE((#2719));
#2721= IFCCARTESIANPOINT((15.9043809377258,0.,-20.4396177513518));
#2722= IFCPOLYLOOP((#2717,#2721,#2709,#2705));
#2723= IFCFACEOUTERBOUND(#2722,.T.);
#2724= IFCFACE((#2723));
#2725= IFCPOLYLOOP((#2721,#2716,#2704,#2709));
#2726= IFCFACEOUTERBOUND(#2725,.T.);
#2727= IFCFACE((#2726));
#2728= IFCCARTESIANPOINT((49.4344376145746,0.,-17.7356908914408));
#2729= IFCCARTESIANPOINT((49.4344376145746,8.48528137423818,-17.7356908914408));
#2730= IFCPOLYLOOP((#2728,#2729,#2717,#2716));
#2731= IFCFACEOUTERBOUND(#2730,.T.);
#2732= IFCFACE((#2731));
#2733= IFCCARTESIANPOINT((47.2298962463924,0.,-25.9631512848828));
#2734= IFCPOLYLOOP((#2729,#2733,#2721,#2717));
#2735= IFCFACEOUTERBOUND(#2734,.T.);
#2736= IFCFACE((#2735));
#2737= IFCPOLYLOOP((#2733,#2728,#2716,#2721));
#2738= IFCFACEOUTERBOUND(#2737,.T.);
#2739= IFCFACE((#2738));
#2740= IFCCARTESIANPOINT((80.7200879924621,0.,-29.1227363886719));
#2741= IFCCARTESIANPOINT((80.7200879924621,8.48528137423818,-29.1227363886719));
#2742= IFCPOLYLOOP((#2740,#2741,#2729,#2728));
#2743= IFCFACEOUTERBOUND(#2742,.T.);
#2744= IFCFACE((#2743));
#2745= IFCCARTESIANPOINT((77.1203550570926,0.,-36.8423885805569));
#2746= IFCPOLYLOOP((#2741,#2745,#2733,#2729));
#2747= IFCFACEOUTERBOUND(#2746,.T.);
#2748= IFCFACE((#2747));
#2749= IFCPOLYLOOP((#2745,#2740,#2728,#2733));
#2750= IFCFACEOUTERBOUND(#2749,.T.);
#2751= IFCFACE((#2750));
#2752= IFCCARTESIANPOINT((109.553099343034,0.,-45.7694832534908));
#2753= IFCCARTESIANPOINT((109.553099343034,8.48528137423818,-45.7694832534908));
#2754= IFCPOLYLOOP((#2752,#2753,#2741,#2740));
#2755= IFCFACEOUTERBOUND(#2754,.T.);
#2756= IFCFACE((#2755));
#2757= IFCCARTESIANPOINT((104.667550904164,0.,-52.7467695183022));
#2758= IFCPOLYLOOP((#2753,#2757,#2745,#2741));
#2759= IFCFACEOUTERBOUND(#2758,.T.);
#2760= IFCFACE((#2759));
#2761= IFCPOLYLOOP((#2757,#2752,#2740,#2745));
#2762= IFCFACEOUTERBOUND(#2761,.T.);
#2763= IFCFACE((#2762));
#2764= IFCCARTESIANPOINT((135.05739520661,0.,-67.1701285060753));
#2765= IFCCARTESIANPOINT((135.05739520661,8.48528137423818,-67.1701285060753));
#2766= IFCPOLYLOOP((#2764,#2765,#2753,#2752));
#2767= IFCFACEOUTERBOUND(#2766,.T.);
#2768= IFCFACE((#2767));
#2769= IFCCARTESIANPOINT((129.034476181349,0.,-73.1930475313347));
#2770= IFCPOLYLOOP((#2765,#2769,#2757,#2753));
#2771= IFCFACEOUTERBOUND(#2770,.T.);
#2772= IFCFACE((#2771));
#2773= IFCPOLYLOOP((#2769,#2764,#2752,#2757));
#2774= IFCFACEOUTERBOUND(#2773,.T.);
#2775= IFCFACE((#2774));
#2776= IFCCARTESIANPOINT((156.458040459172,0.,-92.6744243696703));
#2777= IFCCARTESIANPOINT((156.458040459172,8.48528137423818,-92.6744243696703));
#2778= IFCPOLYLOOP((#2776,#2777,#2765,#2764));
#2779= IFCFACEOUTERBOUND(#2778,.T.);
#2780= IFCFACE((#2779));
#2781= IFCCARTESIANPOINT((149.48075419436,0.,-97.5599728085381));
#2782= IFCPOLYLOOP((#2777,#2781,#2769,#2765));
#2783= IFCFACEOUTERBOUND(#2782,.T.);
#2784= IFCFACE((#2783));
#2785= IFCPOLYLOOP((#2781,#2776,#2764,#2769));
#2786= IFCFACEOUTERBOUND(#2785,.T.);
#2787= IFCFACE((#2786));
#2788= IFCCARTESIANPOINT((173.10478732397,0.,-121.507435720261));
#2789= IFCCARTESIANPOINT((173.10478732397,8.48528137423818,-121.507435720261));
#2790= IFCPOLYLOOP((#2788,#2789,#2777,#2776));
#2791= IFCFACEOUTERBOUND(#2790,.T.);
#2792= IFCFACE((#2791));
#2793= IFCCARTESIANPOINT((165.385135132085,0.,-125.107168655628));
#2794= IFCPOLYLOOP((#2789,#2793,#2781,#2777));
#2795= IFCFACEOUTERBOUND(#2794,.T.);
#2796= IFCFACE((#2795));
#2797= IFCPOLYLOOP((#2793,#2788,#2776,#2781));
#2798= IFCFACEOUTERBOUND(#2797,.T.);
#2799= IFCFACE((#2798));
#2800= IFCCARTESIANPOINT((184.491832821178,0.,-152.793086098165));
#2801= IFCCARTESIANPOINT((184.491832821178,8.48528137423818,-152.793086098165));
#2802= IFCPOLYLOOP((#2800,#2801,#2789,#2788));
#2803= IFCFACEOUTERBOUND(#2802,.T.);
#2804= IFCFACE((#2803));
#2805= IFCCARTESIANPOINT((176.264372427737,0.,-154.997627466344));
#2806= IFCPOLYLOOP((#2801,#2805,#2793,#2789));
#2807= IFCFACEOUTERBOUND(#2806,.T.);
#2808= IFCFACE((#2807));
#2809= IFCPOLYLOOP((#2805,#2800,#2788,#2793));
#2810= IFCFACEOUTERBOUND(#2809,.T.);
#2811= IFCFACE((#2810));
#2812= IFCCARTESIANPOINT((190.273187335486,0.,-185.580776847952));
#2813= IFCCARTESIANPOINT((190.273187335486,8.48528137423818,-185.580776847952));
#2814= IFCPOLYLOOP((#2812,#2813,#2801,#2800));
#2815= IFCFACEOUTERBOUND(#2814,.T.);
#2816= IFCFACE((#2815));
#2817= IFCCARTESIANPOINT((181.787905961249,0.,-186.323142775022));
#2818= IFCPOLYLOOP((#2813,#2817,#2805,#2801));
#2819= IFCFACEOUTERBOUND(#2818,.T.);
#2820= IFCFACE((#2819));
#2821= IFCPOLYLOOP((#2817,#2812,#2800,#2805));
#2822= IFCFACEOUTERBOUND(#2821,.T.);
#2823= IFCFACE((#2822));
#2824= IFCCARTESIANPOINT((190.273187335483,0.,-218.874270577564));
#2825= IFCCARTESIANPOINT((190.273187335483,8.48528137423818,-218.874270577564));
#2826= IFCPOLYLOOP((#2824,#2825,#2813,#2812));
#2827= IFCFACEOUTERBOUND(#2826,.T.);
#2828= IFCFACE((#2827));
#2829= IFCCARTESIANPOINT((181.787905961246,0.,-218.131904650485));
#2830= IFCPOLYLOOP((#2825,#2829,#2817,#2813));
#2831= IFCFACEOUTERBOUND(#2830,.T.);
#2832= IFCFACE((#2831));
#2833= IFCPOLYLOOP((#2829,#2824,#2812,#2817));
#2834= IFCFACEOUTERBOUND(#2833,.T.);
#2835= IFCFACE((#2834));
#2836= IFCCARTESIANPOINT((184.49183282117,0.,-251.661961327343));
#2837= IFCCARTESIANPOINT((184.49183282117,8.48528137423818,-251.661961327343));
#2838= IFCPOLYLOOP((#2836,#2837,#2825,#2824));
#2839= IFCFACEOUTERBOUND(#2838,.T.);
#2840= IFCFACE((#2839));
#2841= IFCCARTESIANPOINT((176.26437242773,0.,-249.457419959157));
#2842= IFCPOLYLOOP((#2837,#2841,#2829,#2825));
#2843= IFCFACEOUTERBOUND(#2842,.T.);
#2844= IFCFACE((#2843));
#2845= IFCPOLYLOOP((#2841,#2836,#2824,#2829));
#2846= IFCFACEOUTERBOUND(#2845,.T.);
#2847= IFCFACE((#2846));
#2848= IFCCARTESIANPOINT((173.104787323957,0.,-282.947611705235));
#2849= IFCCARTESIANPOINT((173.104787323957,8.48528137423818,-282.947611705235));
#2850= IFCPOLYLOOP((#2848,#2849,#2837,#2836));
#2851= IFCFACEOUTERBOUND(#2850,.T.);
#2852= IFCFACE((#2851));
#2853= IFCCARTESIANPOINT((165.385135132072,0.,-279.347878769862));
#2854= IFCPOLYLOOP((#2849,#2853,#2841,#2837));
#2855= IFCFACEOUTERBOUND(#2854,.T.);
#2856= IFCFACE((#2855));
#2857= IFCPOLYLOOP((#2853,#2848,#2836,#2841));
#2858= IFCFACEOUTERBOUND(#2857,.T.);
#2859= IFCFACE((#2858));
#2860= IFCCARTESIANPOINT((156.458040459153,0.,-311.780623055807));
#2861= IFCCARTESIANPOINT((156.458040459153,8.48528137423818,-311.780623055807));
#2862= IFCPOLYLOOP((#2860,#2861,#2849,#2848));
#2863= IFCFACEOUTERBOUND(#2862,.T.);
#2864= IFCFACE((#2863));
#2865= IFCCARTESIANPOINT((149.480754194342,0.,-306.895074616936));
#2866= IFCPOLYLOOP((#2861,#2865,#2853,#2849));
#2867= IFCFACEOUTERBOUND(#2866,.T.);
#2868= IFCFACE((#2867));
#2869= IFCPOLYLOOP((#2865,#2860,#2848,#2853));
#2870= IFCFACEOUTERBOUND(#2869,.T.);
#2871= IFCFACE((#2870));
#2872= IFCCARTESIANPOINT((135.057395206587,0.,-337.284918919382));
#2873= IFCCARTESIANPOINT((135.057395206587,8.48528137423818,-337.284918919382));
#2874= IFCPOLYLOOP((#2872,#2873,#2861,#2860));
#2875= IFCFACEOUTERBOUND(#2874,.T.);
#2876= IFCFACE((#2875));
#2877= IFCCARTESIANPOINT((129.034476181328,0.,-331.261999894117));
#2878= IFCPOLYLOOP((#2873,#2877,#2865,#2861));
#2879= IFCFACEOUTERBOUND(#2878,.T.);
#2880= IFCFACE((#2879));
#2881= IFCPOLYLOOP((#2877,#2872,#2860,#2865));
#2882= IFCFACEOUTERBOUND(#2881,.T.);
#2883= IFCFACE((#2882));
#2884= IFCCARTESIANPOINT((109.553099343007,0.,-358.685564171937));
#2885= IFCCARTESIANPOINT((109.553099343007,8.48528137423818,-358.685564171937));
#2886= IFCPOLYLOOP((#2884,#2885,#2873,#2872));
#2887= IFCFACEOUTERBOUND(#2886,.T.);
#2888= IFCFACE((#2887));
#2889= IFCCARTESIANPOINT((104.667550904139,0.,-351.708277907122));
#2890= IFCPOLYLOOP((#2885,#2889,#2877,#2873));
#2891= IFCFACEOUTERBOUND(#2890,.T.);
#2892= IFCFACE((#2891));
#2893= IFCPOLYLOOP((#2889,#2884,#2872,#2877));
#2894= IFCFACEOUTERBOUND(#2893,.T.);
#2895= IFCFACE((#2894));
#2896= IFCCARTESIANPOINT((80.7200879924321,0.,-375.332311036729));
#2897= IFCCARTESIANPOINT((80.7200879924321,8.48528137423818,-375.332311036729));
#2898= IFCPOLYLOOP((#2896,#2897,#2885,#2884));
#2899= IFCFACEOUTERBOUND(#2898,.T.);
#2900= IFCFACE((#2899));
#2901= IFCCARTESIANPOINT((77.1203550570635,0.,-367.612658844841));
#2902= IFCPOLYLOOP((#2897,#2901,#2889,#2885));
#2903= IFCFACEOUTERBOUND(#2902,.T.);
#2904= IFCFACE((#2903));
#2905= IFCPOLYLOOP((#2901,#2896,#2884,#2889));
#2906= IFCFACEOUTERBOUND(#2905,.T.);
#2907= IFCFACE((#2906));
#2908= IFCCARTESIANPOINT((49.4344376145427,0.,-386.719356533927));
#2909= IFCCARTESIANPOINT((49.4344376145427,8.48528137423818,-386.719356533927));
#2910= IFCPOLYLOOP((#2908,#2909,#2897,#2896));
#2911= IFCFACEOUTERBOUND(#2910,.T.);
#2912= IFCFACE((#2911));
#2913= IFCCARTESIANPOINT((47.2298962463619,0.,-378.491896140483));
#2914= IFCPOLYLOOP((#2909,#2913,#2901,#2897));
#2915= IFCFACEOUTERBOUND(#2914,.T.);
#2916= IFCFACE((#2915));
#2917= IFCPOLYLOOP((#2913,#2908,#2896,#2901));
#2918= IFCFACEOUTERBOUND(#2917,.T.);
#2919= IFCFACE((#2918));
#2920= IFCCARTESIANPOINT((16.6467468647675,0.,-392.50071104822));
#2921= IFCCARTESIANPOINT((16.6467468647675,8.48528137423818,-392.50071104822));
#2922= IFCPOLYLOOP((#2920,#2921,#2909,#2908));
#2923= IFCFACEOUTERBOUND(#2922,.T.);
#2924= IFCFACE((#2923));
#2925= IFCCARTESIANPOINT((15.9043809376949,0.,-384.015429673982));
#2926= IFCPOLYLOOP((#2921,#2925,#2913,#2909));
#2927= IFCFACEOUTERBOUND(#2926,.T.);
#2928= IFCFACE((#2927));
#2929= IFCPOLYLOOP((#2925,#2920,#2908,#2913));
#2930= IFCFACEOUTERBOUND(#2929,.T.);
#2931= IFCFACE((#2930));
#2932= IFCPOLYLOOP((#2512,#2511,#2921,#2920));
#2933= IFCFACEOUTERBOUND(#2932,.T.);
#2934= IFCFACE((#2933));
#2935= IFCPOLYLOOP((#2511,#2517,#2925,#2921));
#2936= IFCFACEOUTERBOUND(#2935,.T.);
#2937= IFCFACE((#2936));
#2938= IFCPOLYLOOP((#2517,#2512,#2920,#2925));
#2939= IFCFACEOUTERBOUND(#2938,.T.);
#2940= IFCFACE((#2939));
#2941= IFCPOLYLOOP((#2517,#2512,#2511));
#2942= IFCFACEOUTERBOUND(#2941,.T.);
#2943= IFCFACE((#2942));
#2944= IFCPOLYLOOP((#2517,#2511,#2512));
#2945= IFCFACEOUTERBOUND(#2944,.T.);
#2946= IFCFACE((#2945));
#2947= IFCCLOSEDSHELL((#2077,#2082,#2085,#2090,#2094,#2097,#2102,#2106,#2109,#2114,#2118,#2121,#2126,#2130,#2133,#2138,#2142,#2145,#2150,#2154,#2157,#2162,#2166,#2169,#2174,#2178,#2181,#2186,#2190,#2193,#2198,#2202,#2205,#2210,#2214,#2217,#2222,#2226,#2229,#2234,#2238,#2241,#2246,#2250,#2253,#2258,#2262,#2265,#2270,#2274,#2277,#2282,#2286,#2289,#2294,#2298,#2301,#2306,#2310,#2313,#2318,#2322,#2325,#2330,#2334,#2337,#2342,#2346,#2349,#2354,#2358,#2361,#2366,#2370,#2373,#2378,#2382,#2385,#2390,#2394,#2397,#2402,#2406,#2409,#2414,#2418,#2421,#2426,#2430,#2433,#2438,#2442,#2445,#2450,#2454,#2457,#2462,#2466,#2469,#2474,#2478,#2481,#2486,#2490,#2493,#2496,#2499,#2502,#2505,#2508,#2515,#2520,#2523,#2528,#2532,#2535,#2540,#2544,#2547,#2552,#2556,#2559,#2564,#2568,#2571,#2576,#2580,#2583,#2588,#2592,#2595,#2600,#2604,#2607,#2612,#2616,#2619,#2624,#2628,#2631,#2636,#2640,#2643,#2648,#2652,#2655,#2660,#2664,#2667,#2672,#2676,#2679,#2684,#2688,#2691,#2696,#2700,#2703,#2708,#2712,#2715,#2720,#2724,#2727,#2732,#2736,#2739,#2744,#2748,#2751,#2756,#2760,#2763,#2768,#2772,#2775,#2780,#2784,#2787,#2792,#2796,#2799,#2804,#2808,#2811,#2816,#2820,#2823,#2828,#2832,#2835,#2840,#2844,#2847,#2852,#2856,#2859,#2864,#2868,#2871,#2876,#2880,#2883,#2888,#2892,#2895,#2900,#2904,#2907,#2912,#2916,#2919,#2924,#2928,#2931,#2934,#2937,#2940,#2943,#2946));
#2948= IFCFACETEDBREP(#2947);
#2949= IFCSHAPEREPRESENTATION(#12,'Body','Brep',(#2948));
#2950= IFCCARTESIANPOINT((-17.6926157777731,-404.455047425253,0.));
#2951= IFCCARTESIANPOINT((-52.5402661558103,-398.310466449309,0.));
#2952= IFCCARTESIANPOINT((-85.7915071333606,-386.208004481068,0.));
#2953= IFCCARTESIANPOINT((-116.436016579261,-368.515388703293,0.));
#2954= IFCCARTESIANPOINT((-143.542676580868,-345.770200293496,0.));
#2955= IFCCARTESIANPOINT((-166.287864990664,-318.663540291889,0.));
#2956= IFCCARTESIANPOINT((-183.980480768439,-288.019030845989,0.));
#2957= IFCCARTESIANPOINT((-196.08294273668,-254.767789868438,0.));
#2958= IFCCARTESIANPOINT((-202.227523712624,-219.920139490401,0.));
#2959= IFCCARTESIANPOINT((-202.227523712624,-184.534907934851,0.));
#2960= IFCCARTESIANPOINT((-196.08294273668,-149.687257556813,0.));
#2961= IFCCARTESIANPOINT((-183.980480768439,-116.436016579263,0.));
#2962= IFCCARTESIANPOINT((-166.287864990665,-85.7915071333624,0.));
#2963= IFCCARTESIANPOINT((-143.542676580869,-58.6848471317556,0.));
#2964= IFCCARTESIANPOINT((-116.436016579262,-35.9396587219599,0.));
#2965= IFCCARTESIANPOINT((-85.7915071333619,-18.2470429441846,0.));
#2966= IFCCARTESIANPOINT((-52.5402661558117,-6.14458097594348,0.));
#2967= IFCCARTESIANPOINT((52.5402661558117,-6.1445809759438,0.));
#2968= IFCCARTESIANPOINT((85.7915071333621,-18.2470429441849,0.));
#2969= IFCCARTESIANPOINT((116.436016579262,-35.9396587219599,0.));
#2970= IFCCARTESIANPOINT((143.542676580869,-58.684847131757,0.));
#2971= IFCCARTESIANPOINT((166.287864990666,-85.7915071333635,0.));
#2972= IFCCARTESIANPOINT((183.98048076844,-116.436016579264,0.));
#2973= IFCCARTESIANPOINT((196.082942736681,-149.687257556815,0.));
#2974= IFCCARTESIANPOINT((202.227523712625,-184.534907934851,0.));
#2975= IFCCARTESIANPOINT((202.227523712625,-219.920139490402,0.));
#2976= IFCCARTESIANPOINT((196.082942736682,-254.76778986844,0.));
#2977= IFCCARTESIANPOINT((183.980480768441,-288.01903084599,0.));
#2978= IFCCARTESIANPOINT((166.287864990666,-318.66354029189,0.));
#2979= IFCCARTESIANPOINT((143.54267658087,-345.770200293497,0.));
#2980= IFCCARTESIANPOINT((116.436016579264,-368.515388703293,0.));
#2981= IFCCARTESIANPOINT((85.7915071333634,-386.208004481068,0.));
#2982= IFCCARTESIANPOINT((52.5402661558132,-398.310466449309,0.));
#2983= IFCCARTESIANPOINT((17.6926157777761,-404.455047425253,0.));
#2984= IFCPOLYLINE((#2950,#2951,#2952,#2953,#2954,#2955,#2956,#2957,#2958,#2959,#2960,#2961,#2962,#2963,#2964,#2965,#2966,#2290,#2278,#2967,#2968,#2969,#2970,#2971,#2972,#2973,#2974,#2975,#2976,#2977,#2978,#2979,#2980,#2981,#2982,#2983,#2950));
#2985= IFCCARTESIANPOINT((-16.6467468648013,-392.500711048152,0.));
#2986= IFCCARTESIANPOINT((16.6467468648042,-392.500711048152,0.));
#2987= IFCCARTESIANPOINT((49.4344376145828,-386.719356533841,0.));
#2988= IFCCARTESIANPOINT((80.7200879924749,-375.332311036629,0.));
#2989= IFCCARTESIANPOINT((109.553099343051,-358.685564171825,0.));
#2990= IFCCARTESIANPOINT((135.057395206632,-337.284918919259,0.));
#2991= IFCCARTESIANPOINT((156.458040459198,-311.780623055678,0.));
#2992= IFCCARTESIANPOINT((173.104787324001,-282.947611705102,0.));
#2993= IFCCARTESIANPOINT((184.491832821213,-251.661961327209,0.));
#2994= IFCCARTESIANPOINT((190.273187335524,-218.87427057743,0.));
#2995= IFCCARTESIANPOINT((190.273187335524,-185.580776847824,0.));
#2996= IFCCARTESIANPOINT((184.491832821213,-152.793086098045,0.));
#2997= IFCCARTESIANPOINT((173.104787324,-121.507435720152,0.));
#2998= IFCCARTESIANPOINT((156.458040459198,-92.6744243695758,0.));
#2999= IFCCARTESIANPOINT((135.057395206631,-67.1701285059955,0.));
#3000= IFCCARTESIANPOINT((109.55309934305,-45.7694832534272,0.));
#3001= IFCCARTESIANPOINT((80.7200879924738,-29.122736388624,0.));
#3002= IFCCARTESIANPOINT((49.4344376145814,-17.7356908914122,0.));
#3003= IFCCARTESIANPOINT((16.6467468648028,-11.954336377101,0.));
#3004= IFCCARTESIANPOINT((-16.6467468648027,-11.9543363771006,0.));
#3005= IFCCARTESIANPOINT((-49.4344376145814,-17.7356908914116,0.));
#3006= IFCCARTESIANPOINT((-80.7200879924734,-29.1227363886238,0.));
#3007= IFCCARTESIANPOINT((-109.55309934305,-45.7694832534278,0.));
#3008= IFCCARTESIANPOINT((-135.05739520663,-67.1701285059941,0.));
#3009= IFCCARTESIANPOINT((-156.458040459197,-92.6744243695751,0.));
#3010= IFCCARTESIANPOINT((-173.104787324,-121.507435720151,0.));
#3011= IFCCARTESIANPOINT((-184.491832821211,-152.793086098044,0.));
#3012= IFCCARTESIANPOINT((-190.273187335523,-185.580776847823,0.));
#3013= IFCCARTESIANPOINT((-190.273187335523,-218.874270577428,0.));
#3014= IFCCARTESIANPOINT((-184.491832821211,-251.661961327208,0.));
#3015= IFCCARTESIANPOINT((-173.104787323999,-282.9476117051,0.));
#3016= IFCCARTESIANPOINT((-156.458040459196,-311.780623055677,0.));
#3017= IFCCARTESIANPOINT((-135.057395206629,-337.284918919257,0.));
#3018= IFCCARTESIANPOINT((-109.553099343048,-358.685564171826,0.));
#3019= IFCCARTESIANPOINT((-80.7200879924723,-375.332311036629,0.));
#3020= IFCCARTESIANPOINT((-49.4344376145802,-386.719356533841,0.));
#3021= IFCPOLYLINE((#2985,#2986,#2987,#2988,#2989,#2990,#2991,#2992,#2993,#2994,#2995,#2996,#2997,#2998,#2999,#3000,#3001,#3002,#3003,#3004,#3005,#3006,#3007,#3008,#3009,#3010,#3011,#3012,#3013,#3014,#3015,#3016,#3017,#3018,#3019,#3020,#2985));
#3022= IFCSHAPEREPRESENTATION(#13,'Axis','GeometricCurveSet',(#2984,#3021));
#3023= IFCPRODUCTDEFINITIONSHAPE($,$,(#2949,#3022));
#3024= IFCFASTENER('3uuQ9HHeX9EAQ2Yer25Uic',#790,'Weld',$,$,#2070,#3023,'IDf8e1a251-4688-4938-a682-8a8d4215eb26');
#3025= IFCPROPERTYSINGLEVALUE('WeldID',$,IFCINTEGER(91801705),$);
#3026= IFCPROPERTYSINGLEVALUE('l',$,IFCPOSITIVELENGTHMEASURE(1273.9),$);
#3027= IFCPROPERTYSINGLEVALUE('d',$,IFCPOSITIVELENGTHMEASURE(6.),$);
#3028= IFCPROPERTYSET('2dW0O3XbHCowUgp1boPDqM',#5,'AISC_EM11_Pset_Weld','WeldIdentity',(#87,#88,#89,#90,#3025,#92,#93,#94,#3026,#96,#3027,#98,#99,#100,#101,#102));
#3029= IFCCARTESIANPOINT((8500.,1353.28932952881,8408.));
#3030= IFCAXIS2PLACEMENT3D(#3029,#758,#8);
#3031= IFCLOCALPLACEMENT(#45,#3030);
#3032= IFCRECTANGLEPROFILEDEF(.AREA.,'PL16*500',#147,16.,500.);
#3033= IFCCARTESIANPOINT((500.,0.,0.));
#3034= IFCAXIS2PLACEMENT3D(#3033,#758,#56);
#3035= IFCEXTRUDEDAREASOLID(#3032,#3034,#9,500.);
#3036= IFCSHAPEREPRESENTATION(#12,'Body','SweptSolid',(#3035));
#3037= IFCPRODUCTDEFINITIONSHAPE($,$,(#3036));
#3038= IFCDISCRETEACCESSORY('2yiCqhDjn5WAgfWceCEn7r',#44,'Support section',$,$,#3031,#3037,'1007');
#3039= IFCLOCALPLACEMENT(#45,#2011);
#3040= IFCCARTESIANPOINT((0.,-0.1,0.));
#3041= IFCAXIS2PLACEMENT3D(#3040,#8,#7);
#3042= IFCEXTRUDEDAREASOLID(#292,#3041,#9,16.2);
#3043= IFCSHAPEREPRESENTATION(#12,'Body','SweptSolid',(#3042));
#3044= IFCREPRESENTATIONMAP(#10,#3043);
#3045= IFCMAPPEDITEM(#3044,#2033);
#3046= IFCMAPPEDITEM(#3044,#2038);
#3047= IFCMAPPEDITEM(#3044,#2041);
#3048= IFCMAPPEDITEM(#3044,#2044);
#3049= IFCSHAPEREPRESENTATION(#12,'Body','MappedRepresentation',(#3045,#3046,#3047,#3048));
#3050= IFCPRODUCTDEFINITIONSHAPE($,$,(#3049));
#3051= IFCOPENINGELEMENT('0f7yc1RK1EcAtJsVryM8yd',#5,$,$,'Opening',#3039,#3050,$);
#3052= IFCRELVOIDSELEMENT('3xRairTUH5SR$jv$_qNeB8',#5,'Drill Hole',$,#3038,#3051);
#3053= IFCPROPERTYSINGLEVALUE('PieceMark',$,IFCIDENTIFIER(''),$);
#3054= IFCPROPERTYSINGLEVALUE('IndicationMark',$,IFCIDENTIFIER('1007'),$);
#3055= IFCPROPERTYSET('3I2jb6fz5DtgsnW_3OMfgb',#5,'AISC_EM11_Pset_PieceIdentification','PieceIdentity',(#3053,#3054,#458,#459));
#3056= IFCCARTESIANPOINT((8500.,1603.28932952881,8400.));
#3057= IFCAXIS2PLACEMENT3D(#3056,#9,#8);
#3058= IFCLOCALPLACEMENT(#45,#3057);
#3059= IFCCIRCLEHOLLOWPROFILEDEF(.AREA.,'\S\X406*12',#147,203.,12.);
#3060= IFCCARTESIANPOINT((0.,0.,15250.));
#3061= IFCAXIS2PLACEMENT3D(#3060,#370,#8);
#3062= IFCEXTRUDEDAREASOLID(#3059,#3061,#9,15234.);
#3063= IFCCARTESIANPOINT((-203.,0.,16.));
#3064= IFCAXIS2PLACEMENT3D(#3063,#9,#8);
#3065= IFCPLANE(#3064);
#3066= IFCHALFSPACESOLID(#3065,.T.);
#3067= IFCBOOLEANCLIPPINGRESULT(.DIFFERENCE.,#3062,#3066);
#3068= IFCSHAPEREPRESENTATION(#12,'Body','Clipping',(#3067));
#3069= IFCPRODUCTDEFINITIONSHAPE($,$,(#3068));
#3070= IFCCOLUMN('00gslTBZ1AFAqLNThkRdbI',#44,'main piece','\S\X406*12','\S\X406*12',#3058,#3069,'c/28');
#3071= IFCPROPERTYSINGLEVALUE('PieceMark',$,IFCIDENTIFIER('COLUMN'),$);
#3072= IFCPROPERTYSINGLEVALUE('IndicationMark',$,IFCIDENTIFIER('c/28'),$);
#3073= IFCPROPERTYSET('1XshMdjjjFWui_iuisZpwY',#5,'AISC_EM11_Pset_PieceIdentification','PieceIdentity',(#3071,#3072,#458,#1993));
#3074= IFCPROPERTYSINGLEVALUE('SkewedAngleY',$,IFCREAL(0.),$);
#3075= IFCPROPERTYSINGLEVALUE('SkewedAngleX',$,IFCREAL(0.),$);
#3076= IFCPROPERTYSET('0aG1LIgB9AX85HZrbd1r04',#5,'AISC_EM11_Pset_SkewedEnd',$,(#3074,#3075));
#3077= IFCPROPERTYSET('0geQWa0nvAcgcugB8KxhjB',#5,'AISC_EM11_Pset_SkewedEnd_2',$,(#3074,#3075));
#3078= IFCRELAGGREGATES('1XW9DXbNr1o9AbCEQjPS7D',#5,$,$,#37,(#39));
#3079= IFCRELAGGREGATES('2poRVptf7J4RStUWi$hkPV',#5,$,$,#39,(#41));
#3080= IFCRELAGGREGATES('2Bq$nZzFn33f6ic6RdyMWY',#5,$,$,#41,(#43));
#3081= IFCRELAGGREGATES('2ORhFK43bEsBiAOztAPtGS',#5,$,$,#46,(#3070,#3038,#3024,#2056,#2003,#1960,#1928,#1920,#1822,#1810,#1695,#1679,#1533,#1396,#1387,#1324,#1299,#1267,#1228,#1220,#1183,#1174,#1080,#1071,#1044,#1036,#925,#909,#771,#745,#665,#649,#470,#388,#119,#110,#86));
#3082= IFCRELAGGREGATES('2m2I9hQj1ANQ6bleFhApTa',#5,$,$,#124,(#989,#354,#248));
#3083= IFCRELAGGREGATES('25gglSEfb8gfk2tstiPyn3',#5,$,$,#267,(#854,#368,#276));
#3084= IFCRELAGGREGATES('3BfZ9tFCf2qBTQbZEsi5LY',#5,$,$,#522,(#587));
#3085= IFCRELAGGREGATES('0KLbifZ5j5APC_6$MDEHEj',#5,$,$,#1087,(#1261,#1247,#1127));
#3086= IFCRELAGGREGATES('0LpJJMfgf9cfQ0DrLrK3Y0',#5,$,$,#1204,(#1254,#1240,#1213));
#3087= IFCRELAGGREGATES('3xuDbVD3991x8aZMXI3a$3',#5,$,$,#1328,(#1380));
#3088= IFCRELAGGREGATES('2SsQjBLNf4LfVTmwADkKx7',#5,$,$,#1422,(#1951,#1754,#1504));
#3089= IFCRELAGGREGATES('3XWDG$hgz7Ch3U6ij5hkJn',#5,$,$,#1508,(#1958,#1873,#1519));
#3090= IFCRELAGGREGATES('0xrbyr2856rgFHsGJjI181',#5,$,$,#1579,(#1620));
#3091= IFCRELAGGREGATES('3iEa4Cz6n5p9mt_xOMS86O',#5,$,$,#1960,(#1968));
#3092= IFCRELCONTAINEDINSPATIALSTRUCTURE('1_af7Rc3b7wBmT1Ief1DBC',#5,$,$,(#1579,#1508,#1422,#1328,#1204,#1087,#522,#267,#124,#46),#43);
#3093= IFCRELCONNECTSWITHREALIZINGELEMENTS('1KQEEv7Q524ee19EM03zBf',#5,$,$,$,#3070,#3038,(#3024),$);
#3094= IFCRELCONNECTSWITHREALIZINGELEMENTS('1UpUJwcErBSgxCr6w_IHTh',#5,$,$,$,#3070,#1928,(#1920),$);
#3095= IFCRELCONNECTSWITHREALIZINGELEMENTS('3SiZTIm2XDOOMhZqdKyx6o',#5,$,$,$,#3070,#1822,(#1810),$);
#3096= IFCRELCONNECTSWITHREALIZINGELEMENTS('3cXI1a2YjCTPyOUzIPuxB4',#5,$,$,$,#3070,#1695,(#1679),$);
#3097= IFCRELCONNECTSWITHREALIZINGELEMENTS('38p$LCZgr2mRXWcJTj593L',#5,$,$,$,#3070,#1396,(#1387),$);
#3098= IFCRELCONNECTSWITHREALIZINGELEMENTS('0$lmJKzVHEJw20okMAoPeC',#5,$,$,$,#3070,#1228,(#1220),$);
#3099= IFCRELCONNECTSWITHREALIZINGELEMENTS('1gXopFyhH4Xe$aJqz50FAe',#5,$,$,$,#3070,#1183,(#1174),$);
#3100= IFCRELCONNECTSWITHREALIZINGELEMENTS('09qKjROpXClf2gkwFjJjua',#5,$,$,$,#3070,#1044,(#1036),$);
#3101= IFCRELCONNECTSWITHREALIZINGELEMENTS('2TSaT_rij7tQdBi1HgU$3b',#5,$,$,$,#3070,#925,(#909),$);
#3102= IFCRELCONNECTSWITHREALIZINGELEMENTS('1gSfJCYAr0xOVea$54J3Hf',#5,$,$,$,#3070,#665,(#649),$);
#3103= IFCRELCONNECTSWITHREALIZINGELEMENTS('2hFJtC4qbEnxfMJ2WJJvgh',#5,$,$,$,#3070,#771,(#119),$);
#3104= IFCRELCONNECTSWITHREALIZINGELEMENTS('2kjkf5JVP0yRcgd77H5Sw5',#5,$,$,$,#3070,#1080,(#110),$);
#3105= IFCRELCONNECTSWITHREALIZINGELEMENTS('0S7vNSFmHFQAkJL3__3V5D',#5,$,$,$,#3070,#2003,(#86),$);
#3106= IFCRELDEFINESBYPROPERTIES('1b3Z$6rSb2lgPs9EouEf3D',#5,$,$,(#1960,#1579,#1508,#1422,#1328,#1204,#1087,#522,#267,#124,#46),#48);
#3107= IFCRELDEFINESBYPROPERTIES('1qftOlbCH3peSQqnq3hGio',#5,$,$,(#1960,#1328,#1204,#1087,#522,#267,#46),#50);
#3108= IFCRELDEFINESBYPROPERTIES('06yJCabZv84fxYghBY_C9B',#5,$,$,(#46),#54);
#3109= IFCRELDEFINESBYPROPERTIES('1aakAeaqv1rvTkYkhJ2Q5V',#5,$,$,(#86),#103);
#3110= IFCRELDEFINESBYPROPERTIES('1V8LXan8514AoFGjTVEYAx',#5,$,$,(#110),#112);
#3111= IFCRELDEFINESBYPROPERTIES('2LchcRwWLBhg0FTKaN2iMH',#5,$,$,(#119),#121);
#3112= IFCRELDEFINESBYPROPERTIES('3Y0YXHDRz7_urbUeRojz65',#5,$,$,(#124),#126);
#3113= IFCRELDEFINESBYPROPERTIES('38wAzQEw5BGBwdI0VZfJBn',#5,$,$,(#124),#128);
#3114= IFCRELDEFINESBYPROPERTIES('1qLOqG88T7lhWPre3A6CIA',#5,$,$,(#1247,#1240,#276,#248),#255);
#3115= IFCRELDEFINESBYPROPERTIES('0J_IcyCVb7TuucsiZ7buQh',#5,$,$,(#1958,#1951,#1873,#1754,#1519,#1504,#1247,#1240,#276,#248),#258);
#3116= IFCRELDEFINESBYPROPERTIES('1deMyHIhf1dPJ6GQR7Ysj7',#5,$,$,(#1958,#1951,#1873,#1754,#1519,#1504,#1247,#1240,#276,#248),#263);
#3117= IFCRELDEFINESBYPROPERTIES('1Oig1NFUz0Yv_DdLwAY037',#5,$,$,(#267),#269);
#3118= IFCRELDEFINESBYPROPERTIES('0YEMqOt6X7BOtNbTRg7LMS',#5,$,$,(#1261,#1254,#368,#354),#357);
#3119= IFCRELDEFINESBYPROPERTIES('0p7qAcpmr3d8021Obr_woZ',#5,$,$,(#1261,#1254,#368,#354),#359);
#3120= IFCRELDEFINESBYPROPERTIES('3UQpgj0hb1_u7vGzhsOVSU',#5,$,$,(#1261,#1254,#368,#354),#361);
#3121= IFCRELDEFINESBYPROPERTIES('1EXsemehTF_OAUXh1aZLBQ',#5,$,$,(#1306,#1282,#1274,#482,#415,#402),#408);
#3122= IFCRELDEFINESBYPROPERTIES('2DcrwPYFj8Jur8fOOICVXe',#5,$,$,(#3051,#2007,#1990,#1985,#1942,#1836,#1707,#1572,#1567,#1415,#1316,#1311,#1292,#1287,#1232,#1199,#1084,#1063,#944,#785,#682,#516,#511,#454,#446),#450);
#3123= IFCRELDEFINESBYPROPERTIES('0MpZi0F819Vvu5Z47YKhfb',#5,$,$,(#1267,#388),#460);
#3124= IFCRELDEFINESBYPROPERTIES('2ix$R9aoPADPG1uFqSCigk',#5,$,$,(#3070,#3038,#2003,#1968,#1928,#1822,#1695,#1533,#1396,#1299,#1267,#1228,#1183,#1080,#1044,#925,#771,#665,#470,#388),#463);
#3125= IFCRELDEFINESBYPROPERTIES('196AXvQBvF1xZx6ZPMJ2Ex',#5,$,$,(#1299,#470),#519);
#3126= IFCRELDEFINESBYPROPERTIES('3RhiRgLfH3nwDWl_4xSRcP',#5,$,$,(#522),#524);
#3127= IFCRELDEFINESBYPROPERTIES('3ivgkrpMnFGxCBpBX4UF08',#5,$,$,(#1380,#1213,#1127,#989,#854,#587),#590);
#3128= IFCRELDEFINESBYPROPERTIES('0$ee63_Aj0Qg8yow93vj7U',#5,$,$,(#1620,#1380,#1213,#1127,#989,#854,#587),#592);
#3129= IFCRELDEFINESBYPROPERTIES('1GmBhDiin7NwN0piQszUr2',#5,$,$,(#1620,#1380,#1213,#1127,#989,#854,#587),#594);
#3130= IFCRELDEFINESBYPROPERTIES('0NJrVwoOD8qPohNA3Yvwpc',#5,$,$,(#649),#655);
#3131= IFCRELDEFINESBYPROPERTIES('0FXJlV2tH6y9pnvsnxEk5F',#5,$,$,(#665),#686);
#3132= IFCRELDEFINESBYPROPERTIES('08u5oeh654Yhc1gO1kJpUX',#5,$,$,(#1324,#1071,#745),#748);
#3133= IFCRELDEFINESBYPROPERTIES('2EddLUMDj3jgblwazORhmj',#5,$,$,(#1324,#1071,#745),#750);
#3134= IFCRELDEFINESBYPROPERTIES('0vubn1$Yz6guKwE76PY2kD',#5,$,$,(#1324,#1071,#745),#752);
#3135= IFCRELDEFINESBYPROPERTIES('0iCFYI6ID1ff8FfxT8shfQ',#5,$,$,(#2003,#1080,#771),#789);
#3136= IFCRELDEFINESBYPROPERTIES('28f5dXQybANw9KLW14zbfL',#5,$,$,(#909),#915);
#3137= IFCRELDEFINESBYPROPERTIES('3t5DH2krX32vgCvRYgrWxh',#5,$,$,(#1044,#925),#947);
#3138= IFCRELDEFINESBYPROPERTIES('3pSDWYatL9KvG4TqYBE4JY',#5,$,$,(#1036),#1038);
#3139= IFCRELDEFINESBYPROPERTIES('2fqUsdhO10TQO90J8Yoyhx',#5,$,$,(#1087),#1089);
#3140= IFCRELDEFINESBYPROPERTIES('0048L6cyn2chLesL4ns58E',#5,$,$,(#1174),#1176);
#3141= IFCRELDEFINESBYPROPERTIES('3tdGUBM4H1_vlPqtFNVWVg',#5,$,$,(#1228,#1183),#1202);
#3142= IFCRELDEFINESBYPROPERTIES('1Yh5tqXrvDzBFVdQgSjp0r',#5,$,$,(#1204),#1206);
#3143= IFCRELDEFINESBYPROPERTIES('0omLgttpL0EPA65t2jVUf7',#5,$,$,(#1220),#1222);
#3144= IFCRELDEFINESBYPROPERTIES('0A4qleXN98cQy0uFam9nqU',#5,$,$,(#1328),#1330);
#3145= IFCRELDEFINESBYPROPERTIES('0qosl0kr1AQxZh5supOyyu',#5,$,$,(#1387),#1389);
#3146= IFCRELDEFINESBYPROPERTIES('3dTcpStUr0285t3j6uD0DA',#5,$,$,(#1396),#1418);
#3147= IFCRELDEFINESBYPROPERTIES('2KZ6no3kH93B55$9QxTkOR',#5,$,$,(#1422),#1424);
#3148= IFCRELDEFINESBYPROPERTIES('1LCAuDAFD8$AyEgPSUle9K',#5,$,$,(#1422),#1426);
#3149= IFCRELDEFINESBYPROPERTIES('2d$KKh6Ub52gLqrQlAnLGc',#5,$,$,(#1958,#1951,#1519,#1504),#1506);
#3150= IFCRELDEFINESBYPROPERTIES('0jJcCb9OH9SwvOEg0q0UTr',#5,$,$,(#1508),#1510);
#3151= IFCRELDEFINESBYPROPERTIES('3UFxPGyJb3hOT0oey64iM$',#5,$,$,(#1508),#1512);
#3152= IFCRELDEFINESBYPROPERTIES('0d6kwnDYf0XfUZi9fB3I9Q',#5,$,$,(#1980,#1546),#1549);
#3153= IFCRELDEFINESBYPROPERTIES('07APR4EvPCK8DaNPgHNqe9',#5,$,$,(#1533),#1575);
#3154= IFCRELDEFINESBYPROPERTIES('1pReE99Pr3CQmdQ9IrgGng',#5,$,$,(#1579),#1581);
#3155= IFCRELDEFINESBYPROPERTIES('1UfT5Zhrr6uAaycqKeGmdN',#5,$,$,(#1579),#1583);
#3156= IFCRELDEFINESBYPROPERTIES('1Y429biF10vQlc7xZvwZ14',#5,$,$,(#1620),#1624);
#3157= IFCRELDEFINESBYPROPERTIES('2Ub6YHdX98tPSw9KnkAd3t',#5,$,$,(#1679),#1685);
#3158= IFCRELDEFINESBYPROPERTIES('2EpdC4W4z2Beyq2fPtc04$',#5,$,$,(#1695),#1710);
#3159= IFCRELDEFINESBYPROPERTIES('1sL5NgBX5C3gJT9xxG5h3m',#5,$,$,(#1873,#1754),#1755);
#3160= IFCRELDEFINESBYPROPERTIES('2zgp2Yn9b2G97iZjheLMkf',#5,$,$,(#1810),#1813);
#3161= IFCRELDEFINESBYPROPERTIES('14n57Hion7KunmI2faJVde',#5,$,$,(#1928,#1822),#1839);
#3162= IFCRELDEFINESBYPROPERTIES('3gTXL82uHCR8__Qz4Vp7Ec',#5,$,$,(#1920),#1922);
#3163= IFCRELDEFINESBYPROPERTIES('2izCRp_PrEUBcYCWv_Td7b',#5,$,$,(#1960),#1962);
#3164= IFCRELDEFINESBYPROPERTIES('2X9iO7F4159wJ5IO$qkHbf',#5,$,$,(#1968),#1994);
#3165= IFCRELDEFINESBYPROPERTIES('0VdDBVDTL9EBEkdSE55Wjo',#5,$,$,(#2056),#2060);
#3166= IFCRELDEFINESBYPROPERTIES('2dujdzsDL9b8OO0Arb54ua',#5,$,$,(#2056),#2062);
#3167= IFCRELDEFINESBYPROPERTIES('3YkL7RMkz2MhPwQ4eKrBRJ',#5,$,$,(#2056),#2065);
#3168= IFCRELDEFINESBYPROPERTIES('2pfapYckrEfR8jqQvt7akW',#5,$,$,(#3024),#3028);
#3169= IFCRELDEFINESBYPROPERTIES('06skuO4enC$BTOchPPAw_5',#5,$,$,(#3038),#3055);
#3170= IFCRELDEFINESBYPROPERTIES('2s0VNi7FD0Yh75yAobdt2G',#5,$,$,(#3070),#3073);
#3171= IFCRELDEFINESBYPROPERTIES('0BMwdPhv5DAftGjSEdsmOx',#5,$,$,(#3070),#3076);
#3172= IFCRELDEFINESBYPROPERTIES('3CeTchkL9BQOCgGgRU_2E8',#5,$,$,(#3070),#3077);
#3173= IFCRELASSOCIATESMATERIAL('3gpKD7XC16YOlGaes0d7XG',#5,$,$,(#2056,#1958,#1951,#1873,#1754,#1620,#1519,#1504,#1380,#1324,#1261,#1254,#1247,#1240,#1213,#1127,#1071,#989,#854,#745,#587,#368,#354,#276,#248),#264);
#3174= IFCRELASSOCIATESMATERIAL('198sGHmF17fOTxrL0ZGHMP',#5,$,$,(#3070,#3038,#2003,#1968,#1928,#1822,#1695,#1533,#1396,#1299,#1267,#1228,#1183,#1080,#1044,#925,#771,#665,#470,#388),#464);
ENDSEC;

END-ISO-10303-21;
