ISO-10303-21;
HEADER;
FILE_DESCRIPTION(('ViewDefinition[AISC_Steel_Detailing]', 'Option [BaseQuantities:Off]', 'Option [GridExport:On]', 'Option [Assemblies:On]', 'Option [Bolts:On]', 'Option [Rebars:On]', 'Option [PourObjects:Off]', 'Option [Welds:On]', 'Option [SurfaceTreatments:On]', 'Option [LocationBy:0]', 'Option [ViewColors:Off]', 'Option [SectionedSpine:Off]', 'Option [PropertySets:On]', 'Option [Export all:Off]'),'2;1');
FILE_NAME('COL_CONCRETO.ifc','2026-04-08T12:19:58',('PC\\gcorrea'),('Structural Designer'),'IFC Database version: Work','Tekla Structures 2020 Service Pack 5, IFC Export Version: 4.0.0.0 Dec  7 2020','');
FILE_SCHEMA(('IFC2X3'));
ENDSEC;

DATA;
#1= IFCPERSON('PC\\gcorrea','Undefined',$,$,$,$,$,$);
#2= IFCORGANIZATION($,'Trimble Solutions Corporation',$,$,$);
#3= IFCPERSONANDORGANIZATION(#1,#2,$);
#4= IFCAPPLICATION(#2,'2020 Service Pack 5','Tekla Structures','Multi material modeling');
#5= IFCOWNERHISTORY(#3,#4,$,.NOCHANGE.,$,$,$,1775668798);
#6= IFCCARTESIANPOINT((0.,0.,0.));
#7= IFCDIRECTION((1.,0.,0.));
#8= IFCDIRECTION((0.,1.,0.));
#9= IFCDIRECTION((0.,0.,1.));
#10= IFCAXIS2PLACEMENT3D(#6,#9,#7);
#11= IFCGEOMETRICREPRESENTATIONCONTEXT($,'Model',3,1.E-05,#10,$);
#12= IFCGEOMETRICREPRESENTATIONSUBCONTEXT('Body','Model',*,*,*,*,#11,$,.MODEL_VIEW.,$);
#13= IFCGEOMETRICREPRESENTATIONSUBCONTEXT('Axis','Model',*,*,*,*,#11,$,.GRAPH_VIEW.,$);
#14= IFCGEOMETRICREPRESENTATIONSUBCONTEXT('FootPrint','Model',*,*,*,*,#11,$,.MODEL_VIEW.,$);
#15= IFCSIUNIT(*,.LENGTHUNIT.,.MILLI.,.METRE.);
#16= IFCMEASUREWITHUNIT(IFCRATIOMEASURE(304.8),#15);
#17= IFCDIMENSIONALEXPONENTS(1,0,0,0,0,0,0);
#18= IFCCONVERSIONBASEDUNIT(#17,.LENGTHUNIT.,'FOOT',#16);
#19= IFCSIUNIT(*,.AREAUNIT.,$,.SQUARE_METRE.);
#20= IFCMEASUREWITHUNIT(IFCRATIOMEASURE(0.09290304),#19);
#21= IFCDIMENSIONALEXPONENTS(2,0,0,0,0,0,0);
#22= IFCCONVERSIONBASEDUNIT(#21,.AREAUNIT.,'SQUARE FOOT',#20);
#23= IFCSIUNIT(*,.VOLUMEUNIT.,$,.CUBIC_METRE.);
#24= IFCMEASUREWITHUNIT(IFCRATIOMEASURE(0.028316846592),#23);
#25= IFCDIMENSIONALEXPONENTS(3,0,0,0,0,0,0);
#26= IFCCONVERSIONBASEDUNIT(#25,.VOLUMEUNIT.,'CUBIC FOOT',#24);
#27= IFCSIUNIT(*,.MASSUNIT.,.KILO.,.GRAM.);
#28= IFCSIUNIT(*,.TIMEUNIT.,$,.SECOND.);
#29= IFCSIUNIT(*,.PLANEANGLEUNIT.,$,.RADIAN.);
#30= IFCMEASUREWITHUNIT(IFCRATIOMEASURE(0.0174532925199433),#29);
#31= IFCDIMENSIONALEXPONENTS(0,0,0,0,0,0,0);
#32= IFCCONVERSIONBASEDUNIT(#31,.PLANEANGLEUNIT.,'DEGREE',#30);
#33= IFCSIUNIT(*,.SOLIDANGLEUNIT.,$,.STERADIAN.);
#34= IFCSIUNIT(*,.THERMODYNAMICTEMPERATUREUNIT.,$,.DEGREE_CELSIUS.);
#35= IFCSIUNIT(*,.LUMINOUSINTENSITYUNIT.,$,.LUMEN.);
#36= IFCUNITASSIGNMENT((#15,#19,#23,#27,#28,#29,#33,#34,#35));
#37= IFCPROJECT('2G7ZFDNE16yBDU14FA92Me',#5,'Proyecto',$,$,$,$,(#11),#36);
#38= IFCLOCALPLACEMENT($,#10);
#39= IFCSITE('2xvEzEinjBTea80yOTcujY',#5,'Obra',$,$,#38,$,$,.ELEMENT.,$,$,$,$,$);
#40= IFCLOCALPLACEMENT(#38,#10);
#41= IFCBUILDING('1IxaaTPhn0UBrBQUryVFSM',#5,'Undefined',$,$,#40,$,$,.ELEMENT.,$,$,$);
#42= IFCLOCALPLACEMENT(#40,#10);
#43= IFCBUILDINGSTOREY('29hdEUCErFze9E_VIAceOd',#5,'Undefined',$,$,#42,$,$,.ELEMENT.,0.);
#44= IFCOWNERHISTORY(#3,#4,$,.NOCHANGE.,$,$,$,1775649600);
#45= IFCLOCALPLACEMENT(#42,#10);
#46= IFCELEMENTASSEMBLY('3gGXfh7F549Qa0kX0Z3rm0',#44,'COLUMN',$,$,#45,$,'C/82',.NOTDEFINED.,.RIGID_FRAME.);
#47= IFCPROPERTYSINGLEVALUE('OnSiteBy',$,$,$);
#48= IFCPROPERTYSET('3DcqRqhrfE$B7gzbXudrNX',#5,'AISC_EM11_Pset_SchedulingInformation',$,(#47));
#49= IFCPROPERTYSINGLEVALUE('DrawingNumber',$,IFCIDENTIFIER(''),$);
#50= IFCPROPERTYSET('0LZFyr9DvD9AmegoL2RMr8',#5,'AISC_EM11_Pset_DrawingNumber',$,(#49));
#51= IFCPROPERTYSINGLEVALUE('AssemblyMark',$,IFCIDENTIFIER('C/82'),$);
#52= IFCPROPERTYSINGLEVALUE('PrelimMark',$,$,$);
#53= IFCPROPERTYSINGLEVALUE('ShippingMark',$,IFCINTEGER(0),$);
#54= IFCPROPERTYSET('1lEqqIWsv9X8O8xYuqNLXd',#5,'AISC_EM11_Pset_AssemblyIdentification','AssemblyIdentity',(#51,#52,#53));
#55= IFCCARTESIANPOINT((25424.1381446322,131.536319707783,23600.));
#56= IFCDIRECTION((0.471435535858753,-0.881900524735965,0.));
#57= IFCDIRECTION((-0.881900524735965,-0.471435535858754,0.));
#58= IFCAXIS2PLACEMENT3D(#55,#56,#57);
#59= IFCLOCALPLACEMENT(#45,#58);
#60= IFCCARTESIANPOINT((3.16882366006394,12.,-151.32217991745));
#61= IFCCARTESIANPOINT((0.00847505490310141,12.,-157.233885993917));
#62= IFCCARTESIANPOINT((0.00847505490310141,-5.82559774587935,-157.233885993917));
#63= IFCCARTESIANPOINT((3.16882366006394,0.,-151.32217991745));
#64= IFCPOLYLOOP((#60,#61,#62,#63));
#65= IFCFACEOUTERBOUND(#64,.T.);
#66= IFCFACE((#65));
#67= IFCCARTESIANPOINT((5.98466341676976,12.,-157.405527557135));
#68= IFCCARTESIANPOINT((5.98466341676976,-6.15605742620392,-157.405527557135));
#69= IFCPOLYLOOP((#61,#67,#68,#62));
#70= IFCFACEOUTERBOUND(#69,.T.);
#71= IFCFACE((#70));
#72= IFCPOLYLOOP((#67,#60,#63,#68));
#73= IFCFACEOUTERBOUND(#72,.T.);
#74= IFCFACE((#73));
#75= IFCPOLYLOOP((#68,#63,#62));
#76= IFCFACEOUTERBOUND(#75,.T.);
#77= IFCFACE((#76));
#78= IFCPOLYLOOP((#67,#61,#60));
#79= IFCFACEOUTERBOUND(#78,.T.);
#80= IFCFACE((#79));
#81= IFCCARTESIANPOINT((11.6511058975302,0.,-151.09659613296));
#82= IFCCARTESIANPOINT((-0.855544908114098,0.,-1.81898940354586E-12));
#83= IFCCARTESIANPOINT((7.8584002089483,0.,-8.48528137421999));
#84= IFCPOLYLOOP((#81,#63,#82,#83));
#85= IFCFACEOUTERBOUND(#84,.T.);
#86= IFCFACE((#85));
#87= IFCCARTESIANPOINT((3.39440744455351,-8.48528137424,-159.804462154925));
#88= IFCCARTESIANPOINT((-0.855544908114098,-8.48528137424,-1.81898940354586E-12));
#89= IFCPOLYLOOP((#63,#87,#88,#82));
#90= IFCFACEOUTERBOUND(#89,.T.);
#91= IFCFACE((#90));
#92= IFCPOLYLOOP((#87,#81,#83,#88));
#93= IFCFACEOUTERBOUND(#92,.T.);
#94= IFCFACE((#93));
#95= IFCPOLYLOOP((#88,#83,#82));
#96= IFCFACEOUTERBOUND(#95,.T.);
#97= IFCFACE((#96));
#98= IFCPOLYLOOP((#87,#63,#81));
#99= IFCFACEOUTERBOUND(#98,.T.);
#100= IFCFACE((#99));
#101= IFCCARTESIANPOINT((0.855544908121374,0.,1.81898940354586E-12));
#102= IFCCARTESIANPOINT((9.34082628675969,-8.48528137424,2.36468622460961E-11));
#103= IFCPOLYLOOP((#88,#82,#101,#102));
#104= IFCFACEOUTERBOUND(#103,.T.);
#105= IFCFACE((#104));
#106= IFCCARTESIANPOINT((-9.56949002518013,0.,8.48528137421636));
#107= IFCCARTESIANPOINT((0.855582783111458,3.78750155505259E-05,8.48528137390531));
#108= IFCPOLYLOOP((#82,#106,#107,#101));
#109= IFCFACEOUTERBOUND(#108,.T.);
#110= IFCFACE((#109));
#111= IFCPOLYLOOP((#106,#88,#102,#107));
#112= IFCFACEOUTERBOUND(#111,.T.);
#113= IFCFACE((#112));
#114= IFCPOLYLOOP((#107,#102,#101));
#115= IFCFACEOUTERBOUND(#114,.T.);
#116= IFCFACE((#115));
#117= IFCPOLYLOOP((#106,#82,#88));
#118= IFCFACEOUTERBOUND(#117,.T.);
#119= IFCFACE((#118));
#120= IFCCLOSEDSHELL((#66,#71,#74,#77,#80,#86,#91,#94,#97,#100,#105,#110,#113,#116,#119));
#121= IFCFACETEDBREP(#120);
#122= IFCSHAPEREPRESENTATION(#12,'Body','Brep',(#121));
#123= IFCCARTESIANPOINT((3.16882366000573,-151.322179917419,-12.));
#124= IFCCARTESIANPOINT((3.16882366000573,-151.322179917419,0.));
#125= IFCCARTESIANPOINT((0.855544901409303,-0.000107126716102357,-12.));
#126= IFCCARTESIANPOINT((-0.855546910122939,7.52782998461043E-05,-12.));
#127= IFCPOLYLINE((#123,#124,#82,#101,#125,#126));
#128= IFCSHAPEREPRESENTATION(#13,'Axis','GeometricCurveSet',(#127));
#129= IFCPRODUCTDEFINITIONSHAPE($,$,(#122,#128));
#130= IFCFASTENER('2bHsouJCr9UPgNQKmW5UMH',#44,'Weld',$,$,#59,#129,'IDa5476cb8-4ccd-4979-9a97-694c2015e591');
#131= IFCPROPERTYSINGLEVALUE('FieldWeld',$,IFCBOOLEAN(.F.),$);
#132= IFCPROPERTYSINGLEVALUE('WeldDescription',$,$,$);
#133= IFCPROPERTYSINGLEVALUE('WeldCategory',$,IFCLABEL('Ninguno'),$);
#134= IFCPROPERTYSINGLEVALUE('WPSCode',$,IFCIDENTIFIER('Ninguno'),$);
#135= IFCPROPERTYSINGLEVALUE('WeldID',$,IFCINTEGER(97649513),$);
#136= IFCPROPERTYSINGLEVALUE('z',$,IFCPOSITIVELENGTHMEASURE(6.),$);
#137= IFCPROPERTYSINGLEVALUE('s',$,IFCPOSITIVELENGTHMEASURE(0.),$);
#138= IFCPROPERTYSINGLEVALUE('n',$,$,$);
#139= IFCPROPERTYSINGLEVALUE('l',$,IFCPOSITIVELENGTHMEASURE(178.8),$);
#140= IFCPROPERTYSINGLEVALUE('e',$,IFCPOSITIVELENGTHMEASURE(0.),$);
#141= IFCPROPERTYSINGLEVALUE('d',$,IFCPOSITIVELENGTHMEASURE(0.),$);
#142= IFCPROPERTYSINGLEVALUE('c',$,IFCPOSITIVELENGTHMEASURE(6.),$);
#143= IFCPROPERTYSINGLEVALUE('a',$,IFCPOSITIVELENGTHMEASURE(0.),$);
#144= IFCPROPERTYSINGLEVALUE('Staggered',$,IFCBOOLEAN(.F.),$);
#145= IFCPROPERTYSINGLEVALUE('Intermittent',$,IFCBOOLEAN(.F.),$);
#146= IFCPROPERTYSINGLEVALUE('WeldType1',$,IFCLABEL('SOLDADURA'),$);
#147= IFCPROPERTYSET('3o0I2rjdnDPg$u7V6NIEJf',#5,'AISC_EM11_Pset_Weld','WeldIdentity',(#131,#132,#133,#134,#135,#136,#137,#138,#139,#140,#141,#142,#143,#144,#145,#146));
#148= IFCCARTESIANPOINT((25571.541736038,133.845116511873,23600.));
#149= IFCDIRECTION((-0.471396894917936,-0.881921179846435,0.));
#150= IFCDIRECTION((0.881921179846436,-0.471396894917935,0.));
#151= IFCAXIS2PLACEMENT3D(#148,#149,#150);
#152= IFCLOCALPLACEMENT(#45,#151);
#153= IFCCARTESIANPOINT((117.883880126628,55.0205950952259,590.));
#154= IFCCARTESIANPOINT((96.7448002004312,33.881515169378,590.));
#155= IFCCARTESIANPOINT((71.8878718577253,17.2726466466975,590.));
#156= IFCCARTESIANPOINT((44.2683329147367,5.83225903014136,590.));
#157= IFCCARTESIANPOINT((14.9475867637993,-1.45519152283669E-11,590.));
#158= IFCCARTESIANPOINT((-14.9475867637993,1.45519152283669E-11,590.));
#159= IFCCARTESIANPOINT((-44.2683329148131,5.8322590302796,590.));
#160= IFCCARTESIANPOINT((-71.8878718578962,17.272646647054,590.));
#161= IFCCARTESIANPOINT((-96.7448002006495,33.881515170091,590.));
#162= IFCCARTESIANPOINT((-117.883880126734,55.0205950964028,590.));
#163= IFCCARTESIANPOINT((-129.385362565936,72.2330931029992,590.));
#164= IFCCARTESIANPOINT((-129.385362565936,72.2330931029992,565.));
#165= IFCCARTESIANPOINT((-117.883880126734,55.0205950964028,565.));
#166= IFCCARTESIANPOINT((-96.7448002006495,33.881515170091,565.));
#167= IFCCARTESIANPOINT((-77.3162927731573,20.8996567965587,565.));
#168= IFCCARTESIANPOINT((-77.3162927731573,20.8996567965587,25.));
#169= IFCCARTESIANPOINT((-96.7428027204769,33.879517763562,25.));
#170= IFCCARTESIANPOINT((-117.882310702156,55.0182463802666,25.));
#171= IFCCARTESIANPOINT((-129.385362565936,72.2330931029992,25.));
#172= IFCCARTESIANPOINT((-129.385362565936,72.2330931029992,0.));
#173= IFCCARTESIANPOINT((-117.883880126734,55.0205950964028,0.));
#174= IFCCARTESIANPOINT((-96.7448002006495,33.881515170091,0.));
#175= IFCCARTESIANPOINT((-71.8878718578962,17.272646647054,0.));
#176= IFCCARTESIANPOINT((-44.2683329148131,5.8322590302796,0.));
#177= IFCCARTESIANPOINT((-14.9475867637993,1.45519152283669E-11,0.));
#178= IFCCARTESIANPOINT((14.9475867637993,-1.45519152283669E-11,0.));
#179= IFCCARTESIANPOINT((44.2683329147367,5.83225903014136,0.));
#180= IFCCARTESIANPOINT((71.8878718577253,17.2726466466975,0.));
#181= IFCCARTESIANPOINT((96.7448002004312,33.881515169378,0.));
#182= IFCCARTESIANPOINT((117.883880126628,55.0205950952259,0.));
#183= IFCCARTESIANPOINT((120.324477297596,58.6723606815558,0.));
#184= IFCCARTESIANPOINT((120.324477297596,58.6723606815558,25.));
#185= IFCCARTESIANPOINT((117.885877533441,55.0225925756822,25.));
#186= IFCCARTESIANPOINT((96.7471489165728,33.883084593961,25.));
#187= IFCCARTESIANPOINT((71.8904816233116,17.273727703363,25.));
#188= IFCCARTESIANPOINT((44.2711034379427,5.83281017456284,25.));
#189= IFCCARTESIANPOINT((14.950411575006,5.20558387506753E-08,25.));
#190= IFCCARTESIANPOINT((-14.9448162204317,-0.000551042232473264,25.));
#191= IFCCARTESIANPOINT((-44.2657231096346,5.83117806994233,25.));
#192= IFCCARTESIANPOINT((-65.8512033709085,14.7717105664906,25.));
#193= IFCCARTESIANPOINT((-65.8512033709085,14.7717105664906,565.));
#194= IFCCARTESIANPOINT((-44.2683329148131,5.8322590302796,565.));
#195= IFCCARTESIANPOINT((-14.9475867637993,1.45519152283669E-11,565.));
#196= IFCCARTESIANPOINT((14.9475867637993,-1.45519152283669E-11,565.));
#197= IFCCARTESIANPOINT((44.2683329147367,5.83225903014136,565.));
#198= IFCCARTESIANPOINT((71.8878718577253,17.2726466466975,565.));
#199= IFCCARTESIANPOINT((96.7448002004312,33.881515169378,565.));
#200= IFCCARTESIANPOINT((117.883880126628,55.0205950952259,565.));
#201= IFCCARTESIANPOINT((120.324477297596,58.6723606815558,565.));
#202= IFCCARTESIANPOINT((120.324477297596,58.6723606815558,590.));
#203= IFCPOLYLINE((#153,#154,#155,#156,#157,#158,#159,#160,#161,#162,#163,#164,#165,#166,#167,#168,#169,#170,#171,#172,#173,#174,#175,#176,#177,#178,#179,#180,#181,#182,#183,#184,#185,#186,#187,#188,#189,#190,#191,#192,#193,#194,#195,#196,#197,#198,#199,#200,#201,#202,#153));
#204= IFCSHAPEREPRESENTATION(#13,'Axis','GeometricCurveSet',(#203));
#205= IFCPRODUCTDEFINITIONSHAPE($,$,(#204));
#206= IFCFASTENER('0IGexBu3XBfgDR5oMIDbJ6',#44,'Weld',$,$,#152,#205,'ID12428ecb-e038-4ba6-a35b-1725923654c6');
#207= IFCPROPERTYSINGLEVALUE('WeldID',$,IFCINTEGER(97649324),$);
#208= IFCPROPERTYSINGLEVALUE('l',$,IFCPOSITIVELENGTHMEASURE(2330.5),$);
#209= IFCPROPERTYSET('1zkvaCt7D41e$rfVZgRC$n',#5,'AISC_EM11_Pset_Weld','WeldIdentity',(#131,#132,#133,#134,#207,#136,#137,#138,#208,#140,#141,#142,#143,#144,#145,#146));
#210= IFCCARTESIANPOINT((25348.9651223808,-14.8756370499095,23382.));
#211= IFCDIRECTION((-0.995184726707499,-0.0980171399711315,0.));
#212= IFCDIRECTION((0.0980171399711315,-0.995184726707499,0.));
#213= IFCAXIS2PLACEMENT3D(#210,#211,#212);
#214= IFCLOCALPLACEMENT(#45,#213);
#215= IFCCARTESIANPOINT((-15.7833411679362,218.,8.48528137424728));
#216= IFCCARTESIANPOINT((-14.9476138975874,218.,3.63797880709171E-12));
#217= IFCCARTESIANPOINT((14.9476139005574,218.,-6.54836185276508E-11));
#218= IFCCARTESIANPOINT((15.7833411709962,218.,8.48528137417452));
#219= IFCPOLYLOOP((#215,#216,#217,#218));
#220= IFCFACEOUTERBOUND(#219,.T.);
#221= IFCFACE((#220));
#222= IFCCARTESIANPOINT((-14.9476138975874,226.48528137424,3.63797880709171E-12));
#223= IFCCARTESIANPOINT((14.9476139005574,226.48528137424,-6.54836185276508E-11));
#224= IFCPOLYLOOP((#216,#222,#223,#217));
#225= IFCFACEOUTERBOUND(#224,.T.);
#226= IFCFACE((#225));
#227= IFCPOLYLOOP((#222,#215,#218,#223));
#228= IFCFACEOUTERBOUND(#227,.T.);
#229= IFCFACE((#228));
#230= IFCCARTESIANPOINT((-46.7434785572327,218.,2.32692715229859));
#231= IFCCARTESIANPOINT((-44.2684132764648,218.,-5.83226961738546));
#232= IFCPOLYLOOP((#230,#231,#216,#215));
#233= IFCFACEOUTERBOUND(#232,.T.);
#234= IFCFACE((#233));
#235= IFCCARTESIANPOINT((-44.2684132764648,226.48528137424,-5.83226961738546));
#236= IFCPOLYLOOP((#231,#235,#222,#216));
#237= IFCFACEOUTERBOUND(#236,.T.);
#238= IFCFACE((#237));
#239= IFCPOLYLOOP((#235,#230,#215,#222));
#240= IFCFACEOUTERBOUND(#239,.T.);
#241= IFCFACE((#240));
#242= IFCCARTESIANPOINT((-75.9072902799735,218.,-9.75311919267915));
#243= IFCCARTESIANPOINT((-71.8880023594761,218.,-17.2726780017183));
#244= IFCPOLYLOOP((#242,#243,#231,#230));
#245= IFCFACEOUTERBOUND(#244,.T.);
#246= IFCFACE((#245));
#247= IFCCARTESIANPOINT((-71.8880023594761,226.48528137424,-17.2726780017183));
#248= IFCPOLYLOOP((#243,#247,#235,#231));
#249= IFCFACEOUTERBOUND(#248,.T.);
#250= IFCFACE((#249));
#251= IFCPOLYLOOP((#247,#242,#230,#235));
#252= IFCFACEOUTERBOUND(#251,.T.);
#253= IFCFACE((#252));
#254= IFCCARTESIANPOINT((-102.154027407108,218.,-27.2906282543845));
#255= IFCCARTESIANPOINT((-96.7449758275925,218.,-33.8815766748085));
#256= IFCPOLYLOOP((#254,#255,#243,#242));
#257= IFCFACEOUTERBOUND(#256,.T.);
#258= IFCFACE((#257));
#259= IFCCARTESIANPOINT((-96.7449758275925,226.48528137424,-33.8815766748085));
#260= IFCPOLYLOOP((#255,#259,#247,#243));
#261= IFCFACEOUTERBOUND(#260,.T.);
#262= IFCFACE((#261));
#263= IFCPOLYLOOP((#259,#254,#242,#247));
#264= IFCFACEOUTERBOUND(#263,.T.);
#265= IFCFACE((#264));
#266= IFCCARTESIANPOINT((-124.475042550295,218.,-49.6116433949937));
#267= IFCCARTESIANPOINT((-117.884094130497,218.,-55.0206949752683));
#268= IFCPOLYLOOP((#266,#267,#255,#254));
#269= IFCFACEOUTERBOUND(#268,.T.);
#270= IFCFACE((#269));
#271= IFCCARTESIANPOINT((-117.884094130497,226.48528137424,-55.0206949752683));
#272= IFCPOLYLOOP((#267,#271,#259,#255));
#273= IFCFACEOUTERBOUND(#272,.T.);
#274= IFCFACE((#273));
#275= IFCPOLYLOOP((#271,#266,#254,#259));
#276= IFCFACEOUTERBOUND(#275,.T.);
#277= IFCFACE((#276));
#278= IFCCARTESIANPOINT((-142.012551615057,218.,-75.8583805202215));
#279= IFCCARTESIANPOINT((-134.492992806774,218.,-79.8776684420227));
#280= IFCPOLYLOOP((#278,#279,#267,#266));
#281= IFCFACEOUTERBOUND(#280,.T.);
#282= IFCFACE((#281));
#283= IFCCARTESIANPOINT((-134.492992806774,226.48528137424,-79.8776684420227));
#284= IFCPOLYLOOP((#279,#283,#271,#267));
#285= IFCFACEOUTERBOUND(#284,.T.);
#286= IFCFACE((#285));
#287= IFCPOLYLOOP((#283,#278,#266,#271));
#288= IFCFACEOUTERBOUND(#287,.T.);
#289= IFCFACE((#288));
#290= IFCPOLYLOOP((#223,#218,#217));
#291= IFCFACEOUTERBOUND(#290,.T.);
#292= IFCFACE((#291));
#293= IFCPOLYLOOP((#283,#279,#278));
#294= IFCFACEOUTERBOUND(#293,.T.);
#295= IFCFACE((#294));
#296= IFCCARTESIANPOINT((12.0881940546528,218.,12.2020389526915));
#297= IFCCARTESIANPOINT((25.2134268083441,218.,-2.04199714863717));
#298= IFCCARTESIANPOINT((25.2134268083441,206.,-2.04199714863717));
#299= IFCCARTESIANPOINT((12.0881940546528,206.,12.2020389526915));
#300= IFCPOLYLOOP((#296,#297,#298,#299));
#301= IFCFACEOUTERBOUND(#300,.T.);
#302= IFCFACE((#301));
#303= IFCCARTESIANPOINT((44.2104123158056,237.369158456022,-5.82073250901522));
#304= IFCCARTESIANPOINT((44.2104123158056,186.630841543978,-5.82073250901522));
#305= IFCPOLYLOOP((#297,#303,#304,#298));
#306= IFCFACEOUTERBOUND(#305,.T.);
#307= IFCFACE((#306));
#308= IFCPOLYLOOP((#303,#296,#299,#304));
#309= IFCFACEOUTERBOUND(#308,.T.);
#310= IFCFACE((#309));
#311= IFCPOLYLOOP((#304,#299,#298));
#312= IFCFACEOUTERBOUND(#311,.T.);
#313= IFCFACE((#312));
#314= IFCPOLYLOOP((#303,#297,#296));
#315= IFCFACEOUTERBOUND(#314,.T.);
#316= IFCFACE((#315));
#317= IFCCARTESIANPOINT((-75.9072902799735,206.,-9.75311919267915));
#318= IFCCARTESIANPOINT((-71.8880023594761,206.,-17.2726780017183));
#319= IFCCARTESIANPOINT((-96.7449758275925,206.,-33.8815766748085));
#320= IFCCARTESIANPOINT((-102.154027406109,206.,-27.2906282537224));
#321= IFCPOLYLOOP((#317,#318,#319,#320));
#322= IFCFACEOUTERBOUND(#321,.T.);
#323= IFCFACE((#322));
#324= IFCCARTESIANPOINT((-71.8880023594761,197.51471862576,-17.2726780017183));
#325= IFCCARTESIANPOINT((-96.7449758275925,197.51471862576,-33.8815766748085));
#326= IFCPOLYLOOP((#318,#324,#325,#319));
#327= IFCFACEOUTERBOUND(#326,.T.);
#328= IFCFACE((#327));
#329= IFCPOLYLOOP((#324,#317,#320,#325));
#330= IFCFACEOUTERBOUND(#329,.T.);
#331= IFCFACE((#330));
#332= IFCCARTESIANPOINT((-46.7434785572327,206.,2.32692715229859));
#333= IFCCARTESIANPOINT((-44.2684132764648,206.,-5.83226961738546));
#334= IFCPOLYLOOP((#332,#333,#318,#317));
#335= IFCFACEOUTERBOUND(#334,.T.);
#336= IFCFACE((#335));
#337= IFCCARTESIANPOINT((-44.2684132764648,197.51471862576,-5.83226961738546));
#338= IFCPOLYLOOP((#333,#337,#324,#318));
#339= IFCFACEOUTERBOUND(#338,.T.);
#340= IFCFACE((#339));
#341= IFCPOLYLOOP((#337,#332,#317,#324));
#342= IFCFACEOUTERBOUND(#341,.T.);
#343= IFCFACE((#342));
#344= IFCCARTESIANPOINT((-15.7833411679362,206.,8.48528137424728));
#345= IFCCARTESIANPOINT((-14.9476138975874,206.,3.63797880709171E-12));
#346= IFCPOLYLOOP((#344,#345,#333,#332));
#347= IFCFACEOUTERBOUND(#346,.T.);
#348= IFCFACE((#347));
#349= IFCCARTESIANPOINT((-14.9476138975874,197.51471862576,3.63797880709171E-12));
#350= IFCPOLYLOOP((#345,#349,#337,#333));
#351= IFCFACEOUTERBOUND(#350,.T.);
#352= IFCFACE((#351));
#353= IFCPOLYLOOP((#349,#344,#332,#337));
#354= IFCFACEOUTERBOUND(#353,.T.);
#355= IFCFACE((#354));
#356= IFCCARTESIANPOINT((15.7833411709962,206.,8.48528137417452));
#357= IFCCARTESIANPOINT((14.9476139005574,206.,-6.54836185276508E-11));
#358= IFCPOLYLOOP((#356,#357,#345,#344));
#359= IFCFACEOUTERBOUND(#358,.T.);
#360= IFCFACE((#359));
#361= IFCCARTESIANPOINT((14.9476139005574,197.51471862576,-6.54836185276508E-11));
#362= IFCPOLYLOOP((#357,#361,#349,#345));
#363= IFCFACEOUTERBOUND(#362,.T.);
#364= IFCFACE((#363));
#365= IFCPOLYLOOP((#361,#356,#344,#349));
#366= IFCFACEOUTERBOUND(#365,.T.);
#367= IFCFACE((#366));
#368= IFCPOLYLOOP((#325,#320,#319));
#369= IFCFACEOUTERBOUND(#368,.T.);
#370= IFCFACE((#369));
#371= IFCPOLYLOOP((#361,#357,#356));
#372= IFCFACEOUTERBOUND(#371,.T.);
#373= IFCFACE((#372));
#374= IFCCARTESIANPOINT((-105.90983991322,206.,-31.2940594025713));
#375= IFCCARTESIANPOINT((-100.273856668003,206.,-37.4104575128295));
#376= IFCCARTESIANPOINT((-100.273856668003,0.,-37.4104575128295));
#377= IFCCARTESIANPOINT((-105.90983991322,0.,-31.2940594025713));
#378= IFCPOLYLOOP((#374,#375,#376,#377));
#379= IFCFACEOUTERBOUND(#378,.T.);
#380= IFCFACE((#379));
#381= IFCCARTESIANPOINT((-94.3927584294197,197.682871109475,-31.5293592742673));
#382= IFCCARTESIANPOINT((-94.3927584294197,8.31712889064511,-31.5293592742673));
#383= IFCPOLYLOOP((#375,#381,#382,#376));
#384= IFCFACEOUTERBOUND(#383,.T.);
#385= IFCFACE((#384));
#386= IFCPOLYLOOP((#381,#374,#377,#382));
#387= IFCFACEOUTERBOUND(#386,.T.);
#388= IFCFACE((#387));
#389= IFCPOLYLOOP((#382,#377,#376));
#390= IFCFACEOUTERBOUND(#389,.T.);
#391= IFCFACE((#390));
#392= IFCPOLYLOOP((#381,#375,#374));
#393= IFCFACEOUTERBOUND(#392,.T.);
#394= IFCFACE((#393));
#395= IFCCARTESIANPOINT((-15.7833411706874,0.,8.48528137424));
#396= IFCCARTESIANPOINT((15.7833411706843,0.,8.48528137422909));
#397= IFCPOLYLOOP((#395,#177,#178,#396));
#398= IFCFACEOUTERBOUND(#397,.T.);
#399= IFCFACE((#398));
#400= IFCCARTESIANPOINT((-14.947613900255,8.48528137424,3.63797880709171E-12));
#401= IFCCARTESIANPOINT((14.9476139002531,8.48528137424,-7.27595761418343E-12));
#402= IFCPOLYLOOP((#177,#400,#401,#178));
#403= IFCFACEOUTERBOUND(#402,.T.);
#404= IFCFACE((#403));
#405= IFCPOLYLOOP((#400,#395,#396,#401));
#406= IFCFACEOUTERBOUND(#405,.T.);
#407= IFCFACE((#406));
#408= IFCCARTESIANPOINT((-46.7434785622786,0.,2.32692715127268));
#409= IFCCARTESIANPOINT((-44.2684132813069,0.,-5.83226961835317));
#410= IFCPOLYLOOP((#408,#409,#177,#395));
#411= IFCFACEOUTERBOUND(#410,.T.);
#412= IFCFACE((#411));
#413= IFCCARTESIANPOINT((-44.2684132813069,8.48528137424,-5.83226961835317));
#414= IFCPOLYLOOP((#409,#413,#400,#177));
#415= IFCFACEOUTERBOUND(#414,.T.);
#416= IFCFACE((#415));
#417= IFCPOLYLOOP((#413,#408,#395,#400));
#418= IFCFACEOUTERBOUND(#417,.T.);
#419= IFCFACE((#418));
#420= IFCCARTESIANPOINT((-75.907290286777,0.,-9.75311919552405));
#421= IFCCARTESIANPOINT((-71.8880023659822,0.,-17.272678004414));
#422= IFCPOLYLOOP((#420,#421,#409,#408));
#423= IFCFACEOUTERBOUND(#422,.T.);
#424= IFCFACE((#423));
#425= IFCCARTESIANPOINT((-71.8880023659822,8.48528137424,-17.272678004414));
#426= IFCPOLYLOOP((#421,#425,#413,#409));
#427= IFCFACEOUTERBOUND(#426,.T.);
#428= IFCFACE((#427));
#429= IFCPOLYLOOP((#425,#420,#408,#413));
#430= IFCFACEOUTERBOUND(#429,.T.);
#431= IFCFACE((#430));
#432= IFCCARTESIANPOINT((-102.154027414895,0.,-27.2906282596414));
#433= IFCCARTESIANPOINT((-96.7449758350008,0.,-33.8815766797634));
#434= IFCPOLYLOOP((#432,#433,#421,#420));
#435= IFCFACEOUTERBOUND(#434,.T.);
#436= IFCFACE((#435));
#437= IFCCARTESIANPOINT((-96.7449758350008,8.48528137424,-33.8815766797634));
#438= IFCPOLYLOOP((#433,#437,#425,#421));
#439= IFCFACEOUTERBOUND(#438,.T.);
#440= IFCFACE((#439));
#441= IFCPOLYLOOP((#437,#432,#420,#425));
#442= IFCFACEOUTERBOUND(#441,.T.);
#443= IFCFACE((#442));
#444= IFCPOLYLOOP((#401,#396,#178));
#445= IFCFACEOUTERBOUND(#444,.T.);
#446= IFCFACE((#445));
#447= IFCPOLYLOOP((#437,#433,#432));
#448= IFCFACEOUTERBOUND(#447,.T.);
#449= IFCFACE((#448));
#450= IFCCARTESIANPOINT((12.0881940546592,0.,12.2020389526915));
#451= IFCCARTESIANPOINT((25.2134268083441,0.,-2.04199714863717));
#452= IFCCARTESIANPOINT((25.2134268083441,-12.,-2.04199714863717));
#453= IFCCARTESIANPOINT((12.0881940546592,-12.,12.2020389526915));
#454= IFCPOLYLOOP((#450,#451,#452,#453));
#455= IFCFACEOUTERBOUND(#454,.T.);
#456= IFCFACE((#455));
#457= IFCCARTESIANPOINT((44.2104123158001,19.3691584560183,-5.82073250901885));
#458= IFCCARTESIANPOINT((44.2104123158001,-31.3691584560147,-5.82073250901885));
#459= IFCPOLYLOOP((#451,#457,#458,#452));
#460= IFCFACEOUTERBOUND(#459,.T.);
#461= IFCFACE((#460));
#462= IFCPOLYLOOP((#457,#450,#453,#458));
#463= IFCFACEOUTERBOUND(#462,.T.);
#464= IFCFACE((#463));
#465= IFCPOLYLOOP((#458,#453,#452));
#466= IFCFACEOUTERBOUND(#465,.T.);
#467= IFCFACE((#466));
#468= IFCPOLYLOOP((#457,#451,#450));
#469= IFCFACEOUTERBOUND(#468,.T.);
#470= IFCFACE((#469));
#471= IFCCARTESIANPOINT((-146.521493047296,218.,-86.450640760133));
#472= IFCPOLYLOOP((#278,#283,#471));
#473= IFCFACEOUTERBOUND(#472,.T.);
#474= IFCFACE((#473));
#475= IFCCARTESIANPOINT((-138.666067351632,218.,-89.9523615990947));
#476= IFCPOLYLOOP((#471,#475,#279,#278));
#477= IFCFACEOUTERBOUND(#476,.T.);
#478= IFCFACE((#477));
#479= IFCCARTESIANPOINT((-141.95736205111,226.600567521586,-97.8982499003068));
#480= IFCPOLYLOOP((#475,#479,#283,#279));
#481= IFCFACEOUTERBOUND(#480,.T.);
#482= IFCFACE((#481));
#483= IFCPOLYLOOP((#479,#471,#283));
#484= IFCFACEOUTERBOUND(#483,.T.);
#485= IFCFACE((#484));
#486= IFCCARTESIANPOINT((-146.41894448216,206.,-86.4963539348755));
#487= IFCCARTESIANPOINT((-141.913243954136,197.51471862576,-97.7917393876814));
#488= IFCPOLYLOOP((#486,#471,#487));
#489= IFCFACEOUTERBOUND(#488,.T.);
#490= IFCFACE((#489));
#491= IFCCARTESIANPOINT((-138.666067351632,206.,-89.9523615990947));
#492= IFCPOLYLOOP((#486,#491,#475,#471));
#493= IFCFACEOUTERBOUND(#492,.T.);
#494= IFCFACE((#493));
#495= IFCPOLYLOOP((#491,#487,#479,#475));
#496= IFCFACEOUTERBOUND(#495,.T.);
#497= IFCFACE((#496));
#498= IFCPOLYLOOP((#479,#487,#471));
#499= IFCFACEOUTERBOUND(#498,.T.);
#500= IFCFACE((#499));
#501= IFCCARTESIANPOINT((-142.012551615057,206.,-75.8583805202215));
#502= IFCCARTESIANPOINT((-134.492992806774,206.,-79.8776684420227));
#503= IFCPOLYLOOP((#501,#502,#491,#486));
#504= IFCFACEOUTERBOUND(#503,.T.);
#505= IFCFACE((#504));
#506= IFCCARTESIANPOINT((-134.492992806774,197.51471862576,-79.8776684420227));
#507= IFCPOLYLOOP((#502,#506,#487,#491));
#508= IFCFACEOUTERBOUND(#507,.T.);
#509= IFCFACE((#508));
#510= IFCPOLYLOOP((#506,#501,#486,#487));
#511= IFCFACEOUTERBOUND(#510,.T.);
#512= IFCFACE((#511));
#513= IFCCARTESIANPOINT((-124.475042550429,206.,-49.6116433951938));
#514= IFCCARTESIANPOINT((-117.884094130497,206.,-55.0206949752683));
#515= IFCPOLYLOOP((#513,#514,#502,#501));
#516= IFCFACEOUTERBOUND(#515,.T.);
#517= IFCFACE((#516));
#518= IFCCARTESIANPOINT((-117.884094130497,197.51471862576,-55.0206949752683));
#519= IFCPOLYLOOP((#514,#518,#506,#502));
#520= IFCFACEOUTERBOUND(#519,.T.);
#521= IFCFACE((#520));
#522= IFCPOLYLOOP((#518,#513,#501,#506));
#523= IFCFACEOUTERBOUND(#522,.T.);
#524= IFCFACE((#523));
#525= IFCCARTESIANPOINT((-111.452665039546,206.,-36.346654542187));
#526= IFCPOLYLOOP((#513,#518,#525));
#527= IFCFACEOUTERBOUND(#526,.T.);
#528= IFCFACE((#527));
#529= IFCCARTESIANPOINT((-105.581586632951,206.,-42.7181874777707));
#530= IFCPOLYLOOP((#525,#529,#514,#513));
#531= IFCFACEOUTERBOUND(#530,.T.);
#532= IFCFACE((#531));
#533= IFCCARTESIANPOINT((-111.708004575181,197.335936657346,-48.8446054199776));
#534= IFCPOLYLOOP((#529,#533,#518,#514));
#535= IFCFACEOUTERBOUND(#534,.T.);
#536= IFCFACE((#535));
#537= IFCPOLYLOOP((#533,#525,#518));
#538= IFCFACEOUTERBOUND(#537,.T.);
#539= IFCFACE((#538));
#540= IFCCARTESIANPOINT((-111.336318112211,0.,-36.4729189570244));
#541= IFCPOLYLOOP((#525,#533,#540));
#542= IFCFACEOUTERBOUND(#541,.T.);
#543= IFCFACE((#542));
#544= IFCCARTESIANPOINT((-105.581586632951,0.,-42.7181874777707));
#545= IFCPOLYLOOP((#540,#544,#529,#525));
#546= IFCFACEOUTERBOUND(#545,.T.);
#547= IFCFACE((#546));
#548= IFCCARTESIANPOINT((-111.581586632962,8.48528137424,-48.7181874777561));
#549= IFCPOLYLOOP((#544,#548,#533,#529));
#550= IFCFACEOUTERBOUND(#549,.T.);
#551= IFCFACE((#550));
#552= IFCPOLYLOOP((#548,#540,#533));
#553= IFCFACEOUTERBOUND(#552,.T.);
#554= IFCFACE((#553));
#555= IFCCARTESIANPOINT((-124.47504255804,0.,-49.6116434028045));
#556= IFCCARTESIANPOINT((-117.8840941379,0.,-55.0206949826716));
#557= IFCPOLYLOOP((#555,#556,#544,#540));
#558= IFCFACEOUTERBOUND(#557,.T.);
#559= IFCFACE((#558));
#560= IFCCARTESIANPOINT((-117.8840941379,8.48528137424,-55.0206949826716));
#561= IFCPOLYLOOP((#556,#560,#548,#544));
#562= IFCFACEOUTERBOUND(#561,.T.);
#563= IFCFACE((#562));
#564= IFCPOLYLOOP((#560,#555,#540,#548));
#565= IFCFACEOUTERBOUND(#564,.T.);
#566= IFCFACE((#565));
#567= IFCCARTESIANPOINT((-142.012551622148,0.,-75.858380530939));
#568= IFCCARTESIANPOINT((-134.492992813256,0.,-79.8776684517252));
#569= IFCPOLYLOOP((#567,#568,#556,#555));
#570= IFCFACEOUTERBOUND(#569,.T.);
#571= IFCFACE((#570));
#572= IFCCARTESIANPOINT((-134.492992813256,8.48528137424,-79.8776684517252));
#573= IFCPOLYLOOP((#568,#572,#560,#556));
#574= IFCFACEOUTERBOUND(#573,.T.);
#575= IFCFACE((#574));
#576= IFCPOLYLOOP((#572,#567,#555,#560));
#577= IFCFACEOUTERBOUND(#576,.T.);
#578= IFCFACE((#577));
#579= IFCCARTESIANPOINT((-146.521493047296,0.,-86.450640760133));
#580= IFCPOLYLOOP((#567,#572,#579));
#581= IFCFACEOUTERBOUND(#580,.T.);
#582= IFCFACE((#581));
#583= IFCCARTESIANPOINT((-138.666067351632,0.,-89.9523615990947));
#584= IFCPOLYLOOP((#579,#583,#568,#567));
#585= IFCFACEOUTERBOUND(#584,.T.);
#586= IFCFACE((#585));
#587= IFCCARTESIANPOINT((-141.957362051111,8.60056752163291,-97.8982499003068));
#588= IFCPOLYLOOP((#583,#587,#572,#568));
#589= IFCFACEOUTERBOUND(#588,.T.);
#590= IFCFACE((#589));
#591= IFCPOLYLOOP((#587,#579,#572));
#592= IFCFACEOUTERBOUND(#591,.T.);
#593= IFCFACE((#592));
#594= IFCCARTESIANPOINT((-146.41894448216,-12.,-86.4963539348755));
#595= IFCCARTESIANPOINT((-141.913243954135,-20.48528137424,-97.7917393876814));
#596= IFCPOLYLOOP((#594,#579,#595));
#597= IFCFACEOUTERBOUND(#596,.T.);
#598= IFCFACE((#597));
#599= IFCCARTESIANPOINT((-138.666067351632,-12.,-89.9523615990947));
#600= IFCPOLYLOOP((#594,#599,#583,#579));
#601= IFCFACEOUTERBOUND(#600,.T.);
#602= IFCFACE((#601));
#603= IFCPOLYLOOP((#599,#595,#587,#583));
#604= IFCFACEOUTERBOUND(#603,.T.);
#605= IFCFACE((#604));
#606= IFCPOLYLOOP((#587,#595,#579));
#607= IFCFACEOUTERBOUND(#606,.T.);
#608= IFCFACE((#607));
#609= IFCCARTESIANPOINT((-142.012551615057,-12.,-75.8583805202215));
#610= IFCCARTESIANPOINT((-134.492992806774,-12.,-79.8776684420227));
#611= IFCPOLYLOOP((#609,#610,#599,#594));
#612= IFCFACEOUTERBOUND(#611,.T.);
#613= IFCFACE((#612));
#614= IFCCARTESIANPOINT((-134.492992806774,-20.48528137424,-79.8776684420227));
#615= IFCPOLYLOOP((#610,#614,#595,#599));
#616= IFCFACEOUTERBOUND(#615,.T.);
#617= IFCFACE((#616));
#618= IFCPOLYLOOP((#614,#609,#594,#595));
#619= IFCFACEOUTERBOUND(#618,.T.);
#620= IFCFACE((#619));
#621= IFCCARTESIANPOINT((-124.475042550295,-12.,-49.6116433949937));
#622= IFCCARTESIANPOINT((-117.884094130497,-12.,-55.0206949752683));
#623= IFCPOLYLOOP((#621,#622,#610,#609));
#624= IFCFACEOUTERBOUND(#623,.T.);
#625= IFCFACE((#624));
#626= IFCCARTESIANPOINT((-117.884094130497,-20.48528137424,-55.0206949752683));
#627= IFCPOLYLOOP((#622,#626,#614,#610));
#628= IFCFACEOUTERBOUND(#627,.T.);
#629= IFCFACE((#628));
#630= IFCPOLYLOOP((#626,#621,#609,#614));
#631= IFCFACEOUTERBOUND(#630,.T.);
#632= IFCFACE((#631));
#633= IFCCARTESIANPOINT((-102.154027407108,-12.,-27.2906282543845));
#634= IFCCARTESIANPOINT((-96.7449758275925,-12.,-33.8815766748085));
#635= IFCPOLYLOOP((#633,#634,#622,#621));
#636= IFCFACEOUTERBOUND(#635,.T.);
#637= IFCFACE((#636));
#638= IFCCARTESIANPOINT((-96.7449758275925,-20.48528137424,-33.8815766748085));
#639= IFCPOLYLOOP((#634,#638,#626,#622));
#640= IFCFACEOUTERBOUND(#639,.T.);
#641= IFCFACE((#640));
#642= IFCPOLYLOOP((#638,#633,#621,#626));
#643= IFCFACEOUTERBOUND(#642,.T.);
#644= IFCFACE((#643));
#645= IFCCARTESIANPOINT((-75.9072902799739,-12.,-9.75311919267915));
#646= IFCCARTESIANPOINT((-71.8880023594761,-12.,-17.2726780017183));
#647= IFCPOLYLOOP((#645,#646,#634,#633));
#648= IFCFACEOUTERBOUND(#647,.T.);
#649= IFCFACE((#648));
#650= IFCCARTESIANPOINT((-71.8880023594761,-20.48528137424,-17.2726780017183));
#651= IFCPOLYLOOP((#646,#650,#638,#634));
#652= IFCFACEOUTERBOUND(#651,.T.);
#653= IFCFACE((#652));
#654= IFCPOLYLOOP((#650,#645,#633,#638));
#655= IFCFACEOUTERBOUND(#654,.T.);
#656= IFCFACE((#655));
#657= IFCCARTESIANPOINT((-46.7434785572327,-12.,2.32692715229859));
#658= IFCCARTESIANPOINT((-44.2684132764648,-12.,-5.83226961738546));
#659= IFCPOLYLOOP((#657,#658,#646,#645));
#660= IFCFACEOUTERBOUND(#659,.T.);
#661= IFCFACE((#660));
#662= IFCCARTESIANPOINT((-44.2684132764648,-20.48528137424,-5.83226961738546));
#663= IFCPOLYLOOP((#658,#662,#650,#646));
#664= IFCFACEOUTERBOUND(#663,.T.);
#665= IFCFACE((#664));
#666= IFCPOLYLOOP((#662,#657,#645,#650));
#667= IFCFACEOUTERBOUND(#666,.T.);
#668= IFCFACE((#667));
#669= IFCCARTESIANPOINT((-15.7833411679362,-12.,8.48528137424728));
#670= IFCCARTESIANPOINT((-14.9476138975874,-12.,3.63797880709171E-12));
#671= IFCPOLYLOOP((#669,#670,#658,#657));
#672= IFCFACEOUTERBOUND(#671,.T.);
#673= IFCFACE((#672));
#674= IFCCARTESIANPOINT((-14.9476138975874,-20.48528137424,3.63797880709171E-12));
#675= IFCPOLYLOOP((#670,#674,#662,#658));
#676= IFCFACEOUTERBOUND(#675,.T.);
#677= IFCFACE((#676));
#678= IFCPOLYLOOP((#674,#669,#657,#662));
#679= IFCFACEOUTERBOUND(#678,.T.);
#680= IFCFACE((#679));
#681= IFCCARTESIANPOINT((15.7833411709962,-12.,8.48528137417452));
#682= IFCCARTESIANPOINT((14.9476139005574,-12.,-6.54836185276508E-11));
#683= IFCPOLYLOOP((#681,#682,#670,#669));
#684= IFCFACEOUTERBOUND(#683,.T.);
#685= IFCFACE((#684));
#686= IFCCARTESIANPOINT((14.9476139005574,-20.48528137424,-6.54836185276508E-11));
#687= IFCPOLYLOOP((#682,#686,#674,#670));
#688= IFCFACEOUTERBOUND(#687,.T.);
#689= IFCFACE((#688));
#690= IFCPOLYLOOP((#686,#681,#669,#674));
#691= IFCFACEOUTERBOUND(#690,.T.);
#692= IFCFACE((#691));
#693= IFCPOLYLOOP((#283,#278,#279));
#694= IFCFACEOUTERBOUND(#693,.T.);
#695= IFCFACE((#694));
#696= IFCPOLYLOOP((#686,#682,#681));
#697= IFCFACEOUTERBOUND(#696,.T.);
#698= IFCFACE((#697));
#699= IFCCLOSEDSHELL((#221,#226,#229,#234,#238,#241,#246,#250,#253,#258,#262,#265,#270,#274,#277,#282,#286,#289,#292,#295,#302,#307,#310,#313,#316,#323,#328,#331,#336,#340,#343,#348,#352,#355,#360,#364,#367,#370,#373,#380,#385,#388,#391,#394,#399,#404,#407,#412,#416,#419,#424,#428,#431,#436,#440,#443,#446,#449,#456,#461,#464,#467,#470,#474,#478,#482,#485,#490,#494,#497,#500,#505,#509,#512,#517,#521,#524,#528,#532,#536,#539,#543,#547,#551,#554,#559,#563,#566,#571,#575,#578,#582,#586,#590,#593,#598,#602,#605,#608,#613,#617,#620,#625,#629,#632,#637,#641,#644,#649,#653,#656,#661,#665,#668,#673,#677,#680,#685,#689,#692,#695,#698));
#700= IFCFACETEDBREP(#699);
#701= IFCSHAPEREPRESENTATION(#12,'Body','Brep',(#700));
#702= IFCCARTESIANPOINT((-134.492992806769,-79.87766844207,-218.));
#703= IFCCARTESIANPOINT((-117.884094130492,-55.0206949753083,-218.));
#704= IFCCARTESIANPOINT((-96.7449758275889,-33.8815766748412,-218.));
#705= IFCCARTESIANPOINT((-71.8880023594729,-17.2726780017438,-218.));
#706= IFCCARTESIANPOINT((-44.2684132764625,-5.83226961740365,-218.));
#707= IFCCARTESIANPOINT((-14.9476138975865,0.,-218.));
#708= IFCCARTESIANPOINT((14.9476139005569,-6.18456397205591E-11,-218.));
#709= IFCCARTESIANPOINT((25.2134268083437,-2.04199714862989,-218.));
#710= IFCCARTESIANPOINT((25.2134268083437,-2.04199714862989,-206.));
#711= IFCCARTESIANPOINT((14.9476139005569,-6.18456397205591E-11,-206.));
#712= IFCCARTESIANPOINT((-14.9476138975865,0.,-206.));
#713= IFCCARTESIANPOINT((-44.2684132764625,-5.83226961740365,-206.));
#714= IFCCARTESIANPOINT((-71.8880023594729,-17.2726780017438,-206.));
#715= IFCCARTESIANPOINT((-96.7449758275889,-33.8815766748412,-206.));
#716= IFCCARTESIANPOINT((-100.273856667999,-37.4104575128658,-206.));
#717= IFCCARTESIANPOINT((-100.273856667999,-37.4104575128658,0.));
#718= IFCCARTESIANPOINT((-96.7449758349971,-33.8815766797961,0.));
#719= IFCCARTESIANPOINT((-71.8880023659794,-17.2726780044395,0.));
#720= IFCCARTESIANPOINT((-44.2684132813047,-5.83226961837136,0.));
#721= IFCCARTESIANPOINT((25.2134268083437,-2.04199714862989,0.));
#722= IFCCARTESIANPOINT((25.2134268083437,-2.04199714862989,12.));
#723= IFCCARTESIANPOINT((14.9476139005569,-6.18456397205591E-11,12.));
#724= IFCCARTESIANPOINT((-14.9476138975865,0.,12.));
#725= IFCCARTESIANPOINT((-44.2684132764625,-5.83226961740365,12.));
#726= IFCCARTESIANPOINT((-71.8880023594729,-17.2726780017438,12.));
#727= IFCCARTESIANPOINT((-96.7449758275889,-33.8815766748412,12.));
#728= IFCCARTESIANPOINT((-117.884094130492,-55.0206949753083,12.));
#729= IFCCARTESIANPOINT((-134.492992806769,-79.87766844207,12.));
#730= IFCCARTESIANPOINT((-138.666067351626,-89.9523615991457,12.));
#731= IFCCARTESIANPOINT((-138.666067351627,-89.9523615991457,0.));
#732= IFCCARTESIANPOINT((-134.492992813251,-79.8776684517725,0.));
#733= IFCCARTESIANPOINT((-117.884094137896,-55.0206949827116,0.));
#734= IFCCARTESIANPOINT((-105.581586632948,-42.7181874778034,0.));
#735= IFCCARTESIANPOINT((-105.581586632948,-42.7181874778034,-206.));
#736= IFCCARTESIANPOINT((-117.884094130492,-55.0206949753083,-206.));
#737= IFCCARTESIANPOINT((-134.492992806769,-79.87766844207,-206.));
#738= IFCCARTESIANPOINT((-138.666067351627,-89.9523615991457,-206.));
#739= IFCCARTESIANPOINT((-138.666067351626,-89.9523615991457,-218.));
#740= IFCPOLYLINE((#702,#703,#704,#705,#706,#707,#708,#709,#710,#711,#712,#713,#714,#715,#716,#717,#718,#719,#720,#177,#178,#721,#722,#723,#724,#725,#726,#727,#728,#729,#730,#731,#732,#733,#734,#735,#736,#737,#738,#739,#702));
#741= IFCSHAPEREPRESENTATION(#13,'Axis','GeometricCurveSet',(#740));
#742= IFCPRODUCTDEFINITIONSHAPE($,$,(#701,#741));
#743= IFCFASTENER('2gRIwSNFTDFwlaz4kNSakw',#44,'Weld',$,$,#214,#742,'IDaa6d2e9c-5cf7-4d3f-abe4-f44b97724bba');
#744= IFCPROPERTYSINGLEVALUE('WeldID',$,IFCINTEGER(97649223),$);
#745= IFCPROPERTYSINGLEVALUE('l',$,IFCPOSITIVELENGTHMEASURE(1248.),$);
#746= IFCPROPERTYSET('3E1PhDwS57Vw53BpoV88Eb',#5,'AISC_EM11_Pset_Weld','WeldIdentity',(#131,#132,#133,#134,#744,#136,#137,#138,#745,#140,#141,#142,#143,#144,#145,#146));
#747= IFCCARTESIANPOINT((25645.2315119592,44.0525455848127,19350.));
#748= IFCDIRECTION((-0.956945738575252,-0.29026686587116,0.));
#749= IFCDIRECTION((-0.29026686587116,0.956945738575252,0.));
#750= IFCAXIS2PLACEMENT3D(#747,#748,#749);
#751= IFCLOCALPLACEMENT(#45,#750);
#752= IFCCARTESIANPOINT((96.7449758355233,269.64976495404,-440.));
#753= IFCCARTESIANPOINT((117.88409413837,248.510646651281,-440.));
#754= IFCCARTESIANPOINT((134.49299281365,223.653673182413,-440.));
#755= IFCCARTESIANPOINT((145.933401199651,196.034084097886,-440.));
#756= IFCCARTESIANPOINT((151.765670817953,166.713284716978,-440.));
#757= IFCCARTESIANPOINT((151.765670817901,136.818056916607,-440.));
#758= IFCCARTESIANPOINT((145.933401199495,107.497257535699,-440.));
#759= IFCCARTESIANPOINT((134.492992813398,79.8776684511686,-440.));
#760= IFCCARTESIANPOINT((117.88409413803,55.0206949822968,-440.));
#761= IFCCARTESIANPOINT((96.7449758351113,33.8815766795342,-440.));
#762= IFCCARTESIANPOINT((71.8880023660658,17.2726780043049,-440.));
#763= IFCCARTESIANPOINT((44.2684132813602,5.83226961832042,-440.));
#764= IFCCARTESIANPOINT((14.9476139002736,0.,-440.));
#765= IFCCARTESIANPOINT((-14.9476139002727,-3.63797880709171E-12,-440.));
#766= IFCCARTESIANPOINT((-19.2527558943002,0.856345985939697,-440.));
#767= IFCCARTESIANPOINT((-19.2527558943002,0.856345985939697,-419.));
#768= IFCCARTESIANPOINT((-14.9447890883921,-3.63797880709171E-12,-419.));
#769= IFCCARTESIANPOINT((14.9503844339924,0.000551093424292048,-419.));
#770= IFCCARTESIANPOINT((44.2710230668754,5.83335062687547,-419.));
#771= IFCCARTESIANPOINT((71.8903511108401,17.2742473853868,-419.));
#772= IFCCARTESIANPOINT((96.7469732782711,33.8835741226976,-419.));
#773= IFCCARTESIANPOINT((117.885663519028,55.0230437269383,-419.));
#774= IFCCARTESIANPOINT((134.494073821844,79.8802782364219,-419.));
#775= IFCCARTESIANPOINT((143.722324524762,102.159246240102,-419.));
#776= IFCCARTESIANPOINT((143.722324524762,102.159246240102,-21.));
#777= IFCCARTESIANPOINT((134.492992813398,79.8776684511686,-21.));
#778= IFCCARTESIANPOINT((117.88409413803,55.0206949822968,-21.));
#779= IFCCARTESIANPOINT((96.7449758351113,33.8815766795342,-21.));
#780= IFCCARTESIANPOINT((71.8880023660658,17.2726780043049,-21.));
#781= IFCCARTESIANPOINT((44.2684132813602,5.83226961832042,-21.));
#782= IFCCARTESIANPOINT((14.9476139002736,0.,-21.));
#783= IFCCARTESIANPOINT((-14.9476139002727,-3.63797880709171E-12,-21.));
#784= IFCCARTESIANPOINT((-19.2527558943002,0.856345985939697,-21.));
#785= IFCCARTESIANPOINT((-19.2527558943002,0.856345985939697,0.));
#786= IFCCARTESIANPOINT((44.2684132813602,5.83226961832042,0.));
#787= IFCCARTESIANPOINT((71.8880023660658,17.2726780043049,0.));
#788= IFCCARTESIANPOINT((96.7449758351113,33.8815766795342,0.));
#789= IFCCARTESIANPOINT((117.88409413803,55.0206949822968,0.));
#790= IFCCARTESIANPOINT((134.492992813398,79.8776684511686,0.));
#791= IFCCARTESIANPOINT((145.933401199495,107.497257535699,0.));
#792= IFCCARTESIANPOINT((151.765670817901,136.818056916607,0.));
#793= IFCCARTESIANPOINT((151.765670817953,166.713284716978,0.));
#794= IFCCARTESIANPOINT((145.933401199651,196.034084097886,0.));
#795= IFCCARTESIANPOINT((134.49299281365,223.653673182413,0.));
#796= IFCCARTESIANPOINT((117.88409413837,248.510646651281,0.));
#797= IFCCARTESIANPOINT((96.7449758355233,269.64976495404,0.));
#798= IFCCARTESIANPOINT((71.888002366537,286.258663629269,0.));
#799= IFCCARTESIANPOINT((67.8326472828685,287.93844670504,0.));
#800= IFCCARTESIANPOINT((67.8326472828685,287.93844670504,-21.));
#801= IFCCARTESIANPOINT((71.8853925804051,286.259744638075,-21.));
#802= IFCCARTESIANPOINT((96.7426270900269,269.651334335605,-21.));
#803= IFCCARTESIANPOINT((117.882096694542,248.51264409511,-21.));
#804= IFCCARTESIANPOINT((134.49142343217,223.656021927782,-21.));
#805= IFCCARTESIANPOINT((145.93232019095,196.036693883754,-21.));
#806= IFCCARTESIANPOINT((151.765119724535,166.716055250687,-21.));
#807= IFCCARTESIANPOINT((151.765670817902,136.820881728083,-21.));
#808= IFCCARTESIANPOINT((147.060598313315,113.164060100975,-21.));
#809= IFCCARTESIANPOINT((147.060598313315,113.164060100975,-419.));
#810= IFCCARTESIANPOINT((151.765670817901,136.818056916607,-419.));
#811= IFCCARTESIANPOINT((151.765670817953,166.713284716978,-419.));
#812= IFCCARTESIANPOINT((145.933401199651,196.034084097886,-419.));
#813= IFCCARTESIANPOINT((134.49299281365,223.653673182413,-419.));
#814= IFCCARTESIANPOINT((117.88409413837,248.510646651281,-419.));
#815= IFCCARTESIANPOINT((96.7449758355233,269.64976495404,-419.));
#816= IFCCARTESIANPOINT((71.888002366537,286.258663629269,-419.));
#817= IFCCARTESIANPOINT((67.8326472828685,287.93844670504,-419.));
#818= IFCCARTESIANPOINT((67.8326472828685,287.93844670504,-440.));
#819= IFCCARTESIANPOINT((71.8853925804051,286.259744638075,-440.));
#820= IFCPOLYLINE((#752,#753,#754,#755,#756,#757,#758,#759,#760,#761,#762,#763,#764,#765,#766,#767,#768,#769,#770,#771,#772,#773,#774,#775,#776,#777,#778,#779,#780,#781,#782,#783,#784,#785,#177,#178,#786,#787,#788,#789,#790,#791,#792,#793,#794,#795,#796,#797,#798,#799,#800,#801,#802,#803,#804,#805,#806,#807,#808,#809,#810,#811,#812,#813,#814,#815,#816,#817,#818,#819,#752));
#821= IFCSHAPEREPRESENTATION(#13,'Axis','GeometricCurveSet',(#820));
#822= IFCPRODUCTDEFINITIONSHAPE($,$,(#821));
#823= IFCFASTENER('2b3VsYIM17Ig1OE3gID757',#44,'Weld',$,$,#751,#822,'IDa50dfda2-4960-474a-a058-383a92347147');
#824= IFCPROPERTYSINGLEVALUE('WeldID',$,IFCINTEGER(97648585),$);
#825= IFCPROPERTYSINGLEVALUE('l',$,IFCPOSITIVELENGTHMEASURE(2566.1),$);
#826= IFCPROPERTYSET('3o5TH7VS51Fx_rz1g0Oasy',#5,'AISC_EM11_Pset_Weld','WeldIdentity',(#131,#132,#133,#134,#824,#136,#137,#138,#825,#140,#141,#142,#143,#144,#145,#146));
#827= IFCOWNERHISTORY(#3,#4,$,.NOCHANGE.,$,$,$,1775664000);
#828= IFCCARTESIANPOINT((25645.2315119592,44.0525455848127,13900.));
#829= IFCAXIS2PLACEMENT3D(#828,#748,#749);
#830= IFCLOCALPLACEMENT(#45,#829);
#831= IFCSHAPEREPRESENTATION(#13,'Axis','GeometricCurveSet',(#820));
#832= IFCPRODUCTDEFINITIONSHAPE($,$,(#831));
#833= IFCFASTENER('1jM8LmWKT6vRfTdOL7fEJR',#827,'Weld',$,$,#830,#832,'ID6d588570-8147-46e5-ba5d-9d8547a4e4db');
#834= IFCPROPERTYSINGLEVALUE('WeldID',$,IFCINTEGER(97588871),$);
#835= IFCPROPERTYSET('2$4w3NLez7uPushFUDxMq8',#5,'AISC_EM11_Pset_Weld','WeldIdentity',(#131,#132,#133,#134,#834,#136,#137,#138,#825,#140,#141,#142,#143,#144,#145,#146));
#836= IFCOWNERHISTORY(#3,#4,$,.NOCHANGE.,$,$,$,1774792800);
#837= IFCCARTESIANPOINT((25494.2675684172,997.604797292647,13680.));
#838= IFCDIRECTION((-0.999999999826778,1.86129999967761E-05,0.));
#839= IFCDIRECTION((0.,0.,-1.));
#840= IFCAXIS2PLACEMENT3D(#837,#838,#839);
#841= IFCLOCALPLACEMENT(#45,#840);
#842= IFCCARTESIANPOINT((-174.,-8.00248028554051E-06,2.82842712473575));
#843= IFCCARTESIANPOINT((-174.,0.,0.));
#844= IFCCARTESIANPOINT((174.,0.,0.));
#845= IFCCARTESIANPOINT((174.,-8.00248028554051E-06,2.82842712473575));
#846= IFCPOLYLOOP((#842,#843,#844,#845));
#847= IFCFACEOUTERBOUND(#846,.T.);
#848= IFCFACE((#847));
#849= IFCCARTESIANPOINT((-174.,2.82842712473644,8.00246925791726E-06));
#850= IFCCARTESIANPOINT((174.,2.82842712473644,8.00246925791726E-06));
#851= IFCPOLYLOOP((#843,#849,#850,#844));
#852= IFCFACEOUTERBOUND(#851,.T.);
#853= IFCFACE((#852));
#854= IFCPOLYLOOP((#849,#842,#845,#850));
#855= IFCFACEOUTERBOUND(#854,.T.);
#856= IFCFACE((#855));
#857= IFCPOLYLOOP((#850,#845,#844));
#858= IFCFACEOUTERBOUND(#857,.T.);
#859= IFCFACE((#858));
#860= IFCPOLYLOOP((#849,#843,#842));
#861= IFCFACEOUTERBOUND(#860,.T.);
#862= IFCFACE((#861));
#863= IFCCARTESIANPOINT((174.,-4.00000800248017,2.82842712473939));
#864= IFCCARTESIANPOINT((174.,-3.99999999999989,3.63797880709171E-12));
#865= IFCCARTESIANPOINT((-174.,-3.99999999999989,3.63797880709171E-12));
#866= IFCCARTESIANPOINT((-174.,-4.00000800248017,2.82842712473939));
#867= IFCPOLYLOOP((#863,#864,#865,#866));
#868= IFCFACEOUTERBOUND(#867,.T.);
#869= IFCFACE((#868));
#870= IFCCARTESIANPOINT((174.,-6.82842712473291,-8.00246561993845E-06));
#871= IFCCARTESIANPOINT((-174.,-6.82842712473291,-8.00246561993845E-06));
#872= IFCPOLYLOOP((#864,#870,#871,#865));
#873= IFCFACEOUTERBOUND(#872,.T.);
#874= IFCFACE((#873));
#875= IFCPOLYLOOP((#870,#863,#866,#871));
#876= IFCFACEOUTERBOUND(#875,.T.);
#877= IFCFACE((#876));
#878= IFCPOLYLOOP((#871,#866,#865));
#879= IFCFACEOUTERBOUND(#878,.T.);
#880= IFCFACE((#879));
#881= IFCPOLYLOOP((#870,#864,#863));
#882= IFCFACEOUTERBOUND(#881,.T.);
#883= IFCFACE((#882));
#884= IFCCLOSEDSHELL((#848,#853,#856,#859,#862,#869,#874,#877,#880,#883));
#885= IFCFACETEDBREP(#884);
#886= IFCSHAPEREPRESENTATION(#12,'Body','Brep',(#885));
#887= IFCPOLYLINE((#843,#844));
#888= IFCCARTESIANPOINT((174.,0.,4.));
#889= IFCCARTESIANPOINT((-174.,0.,4.));
#890= IFCPOLYLINE((#888,#889));
#891= IFCSHAPEREPRESENTATION(#13,'Axis','GeometricCurveSet',(#887,#890));
#892= IFCPRODUCTDEFINITIONSHAPE($,$,(#886,#891));
#893= IFCFASTENER('2zJLsKH7L5ZeUA9tiRGawA',#836,'Weld',$,$,#841,#892,'IDbd4d5d94-4475-458e-878a-277b1b424e8a');
#894= IFCPROPERTYSINGLEVALUE('WeldID',$,IFCINTEGER(97396827),$);
#895= IFCPROPERTYSINGLEVALUE('z',$,IFCPOSITIVELENGTHMEASURE(2.),$);
#896= IFCPROPERTYSINGLEVALUE('l',$,IFCPOSITIVELENGTHMEASURE(348.),$);
#897= IFCPROPERTYSINGLEVALUE('d',$,IFCPOSITIVELENGTHMEASURE(2.),$);
#898= IFCPROPERTYSINGLEVALUE('c',$,IFCPOSITIVELENGTHMEASURE(2.),$);
#899= IFCPROPERTYSET('01im5tGpn45xpKBpYHEzQv',#5,'AISC_EM11_Pset_Weld','WeldIdentity',(#131,#132,#133,#134,#894,#895,#137,#138,#896,#140,#897,#898,#143,#144,#145,#146));
#900= IFCOWNERHISTORY(#3,#4,$,.NOCHANGE.,$,$,$,1773774000);
#901= IFCCARTESIANPOINT((25500.021,1136.686,23600.));
#902= IFCDIRECTION((-1.,0.,0.));
#903= IFCAXIS2PLACEMENT3D(#901,#839,#902);
#904= IFCLOCALPLACEMENT(#45,#903);
#905= IFCCARTESIANPOINT((-150.,0.,0.));
#906= IFCCARTESIANPOINT((-150.,-9.89949493661175,0.));
#907= IFCCARTESIANPOINT((150.,-9.89949493661175,0.));
#908= IFCCARTESIANPOINT((150.,0.,0.));
#909= IFCPOLYLOOP((#905,#906,#907,#908));
#910= IFCFACEOUTERBOUND(#909,.T.);
#911= IFCFACE((#910));
#912= IFCCARTESIANPOINT((-150.,0.,-9.89949493661334));
#913= IFCCARTESIANPOINT((150.,0.,-9.89949493661334));
#914= IFCPOLYLOOP((#906,#912,#913,#907));
#915= IFCFACEOUTERBOUND(#914,.T.);
#916= IFCFACE((#915));
#917= IFCPOLYLOOP((#912,#905,#908,#913));
#918= IFCFACEOUTERBOUND(#917,.T.);
#919= IFCFACE((#918));
#920= IFCPOLYLOOP((#913,#908,#907));
#921= IFCFACEOUTERBOUND(#920,.T.);
#922= IFCFACE((#921));
#923= IFCPOLYLOOP((#912,#906,#905));
#924= IFCFACEOUTERBOUND(#923,.T.);
#925= IFCFACE((#924));
#926= IFCCARTESIANPOINT((150.,0.,25.));
#927= IFCCARTESIANPOINT((150.,-9.89949493661175,25.));
#928= IFCCARTESIANPOINT((6.5,-9.89949493661175,25.));
#929= IFCCARTESIANPOINT((6.5,0.,25.));
#930= IFCPOLYLOOP((#926,#927,#928,#929));
#931= IFCFACEOUTERBOUND(#930,.T.);
#932= IFCFACE((#931));
#933= IFCCARTESIANPOINT((150.,0.,34.8994949366133));
#934= IFCCARTESIANPOINT((6.5,0.,34.8994949366133));
#935= IFCPOLYLOOP((#927,#933,#934,#928));
#936= IFCFACEOUTERBOUND(#935,.T.);
#937= IFCFACE((#936));
#938= IFCPOLYLOOP((#933,#926,#929,#934));
#939= IFCFACEOUTERBOUND(#938,.T.);
#940= IFCFACE((#939));
#941= IFCPOLYLOOP((#934,#929,#928));
#942= IFCFACEOUTERBOUND(#941,.T.);
#943= IFCFACE((#942));
#944= IFCPOLYLOOP((#933,#927,#926));
#945= IFCFACEOUTERBOUND(#944,.T.);
#946= IFCFACE((#945));
#947= IFCCARTESIANPOINT((-6.5,0.,25.));
#948= IFCCARTESIANPOINT((-6.5,-9.89949493661175,25.));
#949= IFCCARTESIANPOINT((-150.,-9.89949493661175,25.));
#950= IFCCARTESIANPOINT((-150.,0.,25.));
#951= IFCPOLYLOOP((#947,#948,#949,#950));
#952= IFCFACEOUTERBOUND(#951,.T.);
#953= IFCFACE((#952));
#954= IFCCARTESIANPOINT((-6.5,0.,34.8994949366133));
#955= IFCCARTESIANPOINT((-150.,0.,34.8994949366133));
#956= IFCPOLYLOOP((#948,#954,#955,#949));
#957= IFCFACEOUTERBOUND(#956,.T.);
#958= IFCFACE((#957));
#959= IFCPOLYLOOP((#954,#947,#950,#955));
#960= IFCFACEOUTERBOUND(#959,.T.);
#961= IFCFACE((#960));
#962= IFCPOLYLOOP((#955,#950,#949));
#963= IFCFACEOUTERBOUND(#962,.T.);
#964= IFCFACE((#963));
#965= IFCPOLYLOOP((#954,#948,#947));
#966= IFCFACEOUTERBOUND(#965,.T.);
#967= IFCFACE((#966));
#968= IFCCLOSEDSHELL((#911,#916,#919,#922,#925,#932,#937,#940,#943,#946,#953,#958,#961,#964,#967));
#969= IFCFACETEDBREP(#968);
#970= IFCSHAPEREPRESENTATION(#12,'Body','Brep',(#969));
#971= IFCPOLYLINE((#905,#908));
#972= IFCCARTESIANPOINT((150.,25.,0.));
#973= IFCCARTESIANPOINT((6.5,25.,0.));
#974= IFCPOLYLINE((#972,#973));
#975= IFCCARTESIANPOINT((-6.5,25.,0.));
#976= IFCCARTESIANPOINT((-150.,25.,0.));
#977= IFCPOLYLINE((#975,#976));
#978= IFCSHAPEREPRESENTATION(#13,'Axis','GeometricCurveSet',(#971,#974,#977));
#979= IFCPRODUCTDEFINITIONSHAPE($,$,(#970,#978));
#980= IFCFASTENER('07ekBifmjFq8iT$rrUe8Jl',#900,'Weld',$,$,#904,#979,'ID07a2e2ec-a70b-4fd0-8b1d-ff5d5ea084ef');
#981= IFCPROPERTYSINGLEVALUE('WeldID',$,IFCINTEGER(97092246),$);
#982= IFCPROPERTYSINGLEVALUE('z',$,IFCPOSITIVELENGTHMEASURE(7.),$);
#983= IFCPROPERTYSINGLEVALUE('l',$,IFCPOSITIVELENGTHMEASURE(300.),$);
#984= IFCPROPERTYSINGLEVALUE('d',$,IFCPOSITIVELENGTHMEASURE(7.),$);
#985= IFCPROPERTYSINGLEVALUE('c',$,IFCPOSITIVELENGTHMEASURE(7.),$);
#986= IFCPROPERTYSET('1gplg0Qp5FXe6fbt9E_vVf',#5,'AISC_EM11_Pset_Weld','WeldIdentity',(#131,#132,#133,#134,#981,#982,#137,#138,#983,#140,#984,#985,#143,#144,#145,#146));
#987= IFCCARTESIANPOINT((25506.521,1136.686,23305.));
#988= IFCAXIS2PLACEMENT3D(#987,#902,#9);
#989= IFCLOCALPLACEMENT(#45,#988);
#990= IFCCARTESIANPOINT((-270.,0.,0.));
#991= IFCCARTESIANPOINT((-270.,-14.1422672368913,0.000263229994743597));
#992= IFCCARTESIANPOINT((270.,-14.1422672368913,0.000263229994743597));
#993= IFCCARTESIANPOINT((270.,0.,0.));
#994= IFCPOLYLOOP((#990,#991,#992,#993));
#995= IFCFACEOUTERBOUND(#994,.T.);
#996= IFCFACE((#995));
#997= IFCCARTESIANPOINT((-270.,0.,-14.1422672393419));
#998= IFCCARTESIANPOINT((270.,0.,-14.1422672393419));
#999= IFCPOLYLOOP((#991,#997,#998,#992));
#1000= IFCFACEOUTERBOUND(#999,.T.);
#1001= IFCFACE((#1000));
#1002= IFCPOLYLOOP((#997,#990,#993,#998));
#1003= IFCFACEOUTERBOUND(#1002,.T.);
#1004= IFCFACE((#1003));
#1005= IFCPOLYLOOP((#998,#993,#992));
#1006= IFCFACEOUTERBOUND(#1005,.T.);
#1007= IFCFACE((#1006));
#1008= IFCPOLYLOOP((#997,#991,#990));
#1009= IFCFACEOUTERBOUND(#1008,.T.);
#1010= IFCFACE((#1009));
#1011= IFCCARTESIANPOINT((270.,0.,13.));
#1012= IFCCARTESIANPOINT((270.,-14.1420040093458,13.0002632250944));
#1013= IFCCARTESIANPOINT((-270.,-14.1420040093458,13.0002632250944));
#1014= IFCCARTESIANPOINT((-270.,0.,13.));
#1015= IFCPOLYLOOP((#1011,#1012,#1013,#1014));
#1016= IFCFACEOUTERBOUND(#1015,.T.);
#1017= IFCFACE((#1016));
#1018= IFCCARTESIANPOINT((270.,0.,27.1420040117955));
#1019= IFCCARTESIANPOINT((-270.,0.,27.1420040117955));
#1020= IFCPOLYLOOP((#1012,#1018,#1019,#1013));
#1021= IFCFACEOUTERBOUND(#1020,.T.);
#1022= IFCFACE((#1021));
#1023= IFCPOLYLOOP((#1018,#1011,#1014,#1019));
#1024= IFCFACEOUTERBOUND(#1023,.T.);
#1025= IFCFACE((#1024));
#1026= IFCPOLYLOOP((#1019,#1014,#1013));
#1027= IFCFACEOUTERBOUND(#1026,.T.);
#1028= IFCFACE((#1027));
#1029= IFCPOLYLOOP((#1018,#1012,#1011));
#1030= IFCFACEOUTERBOUND(#1029,.T.);
#1031= IFCFACE((#1030));
#1032= IFCCLOSEDSHELL((#996,#1001,#1004,#1007,#1010,#1017,#1022,#1025,#1028,#1031));
#1033= IFCFACETEDBREP(#1032);
#1034= IFCSHAPEREPRESENTATION(#12,'Body','Brep',(#1033));
#1035= IFCPOLYLINE((#990,#993));
#1036= IFCCARTESIANPOINT((270.,13.,0.));
#1037= IFCCARTESIANPOINT((-270.,13.,0.));
#1038= IFCPOLYLINE((#1036,#1037));
#1039= IFCSHAPEREPRESENTATION(#13,'Axis','GeometricCurveSet',(#1035,#1038));
#1040= IFCPRODUCTDEFINITIONSHAPE($,$,(#1034,#1039));
#1041= IFCFASTENER('0z9pBnybL6J9ias2haDog0',#900,'Weld',$,$,#989,#1040,'ID3d2732f1-f255-464c-9b24-d82ae4372a80');
#1042= IFCPROPERTYSINGLEVALUE('WeldID',$,IFCINTEGER(97092219),$);
#1043= IFCPROPERTYSINGLEVALUE('z',$,IFCPOSITIVELENGTHMEASURE(10.),$);
#1044= IFCPROPERTYSINGLEVALUE('l',$,IFCPOSITIVELENGTHMEASURE(540.),$);
#1045= IFCPROPERTYSINGLEVALUE('d',$,IFCPOSITIVELENGTHMEASURE(10.),$);
#1046= IFCPROPERTYSINGLEVALUE('c',$,IFCPOSITIVELENGTHMEASURE(10.),$);
#1047= IFCPROPERTYSET('2Rh4Q9TRn9jxm$Tpb8gheU',#5,'AISC_EM11_Pset_Weld','WeldIdentity',(#131,#132,#133,#134,#1042,#1043,#137,#138,#1044,#140,#1045,#1046,#143,#144,#145,#146));
#1048= IFCOWNERHISTORY(#3,#4,$,.NOCHANGE.,$,$,$,1773838800);
#1049= IFCLOCALPLACEMENT(#42,#10);
#1050= IFCELEMENTASSEMBLY('1YRXgAjET7q8auHBkr5EKH',#1048,'BEAM',$,$,#1049,$,'B/1135',.NOTDEFINED.,.RIGID_FRAME.);
#1051= IFCPROPERTYSINGLEVALUE('AssemblyMark',$,IFCIDENTIFIER('B/1135'),$);
#1052= IFCPROPERTYSET('3lJP8PvjrAjOaa6DWdAsF9',#5,'AISC_EM11_Pset_AssemblyIdentification','AssemblyIdentity',(#1051,#52,#53));
#1053= IFCCARTESIANPOINT((25350.0214508148,1155.68589166564,23305.));
#1054= IFCAXIS2PLACEMENT3D(#1053,#9,#7);
#1055= IFCLOCALPLACEMENT(#1049,#1054);
#1056= IFCCARTESIANPOINT((19.05255888327,0.));
#1057= IFCCARTESIANPOINT((9.526279441635,16.5000000000023));
#1058= IFCCARTESIANPOINT((-9.526279441635,16.5000000000023));
#1059= IFCCARTESIANPOINT((-19.05255888327,0.));
#1060= IFCCARTESIANPOINT((-9.526279441635,-16.5000000000023));
#1061= IFCCARTESIANPOINT((9.526279441635,-16.5000000000023));
#1062= IFCPOLYLINE((#1056,#1057,#1058,#1059,#1060,#1061,#1056));
#1063= IFCARBITRARYCLOSEDPROFILEDEF(.AREA.,$,#1062);
#1064= IFCCARTESIANPOINT((0.,-33.5199999998306,0.));
#1065= IFCAXIS2PLACEMENT3D(#1064,#8,#7);
#1066= IFCEXTRUDEDAREASOLID(#1063,#1065,#9,14.52);
#1067= IFCDIRECTION((1.,0.));
#1068= IFCCARTESIANPOINT((0.,0.));
#1069= IFCAXIS2PLACEMENT2D(#1068,#1067);
#1070= IFCCIRCLEPROFILEDEF(.AREA.,$,#1069,11.);
#1071= IFCCARTESIANPOINT((0.,-18.9999999998306,0.));
#1072= IFCAXIS2PLACEMENT3D(#1071,#8,#7);
#1073= IFCEXTRUDEDAREASOLID(#1070,#1072,#9,80.);
#1074= IFCCIRCLEPROFILEDEF(.AREA.,$,#1069,20.);
#1075= IFCCARTESIANPOINT((0.,19.,0.));
#1076= IFCAXIS2PLACEMENT3D(#1075,#8,#7);
#1077= IFCEXTRUDEDAREASOLID(#1074,#1076,#9,8.);
#1078= IFCCARTESIANPOINT((18.47520861408,0.));
#1079= IFCCARTESIANPOINT((9.23760430704,16.0000000000023));
#1080= IFCCARTESIANPOINT((-9.23760430704,16.0000000000023));
#1081= IFCCARTESIANPOINT((-18.47520861408,0.));
#1082= IFCCARTESIANPOINT((-9.23760430704,-16.0000000000023));
#1083= IFCCARTESIANPOINT((9.23760430704,-16.0000000000023));
#1084= IFCPOLYLINE((#1078,#1079,#1080,#1081,#1082,#1083,#1078));
#1085= IFCARBITRARYCLOSEDPROFILEDEF(.AREA.,$,#1084);
#1086= IFCCARTESIANPOINT((0.,27.,0.));
#1087= IFCAXIS2PLACEMENT3D(#1086,#8,#7);
#1088= IFCEXTRUDEDAREASOLID(#1085,#1087,#9,18.);
#1089= IFCCARTESIANPOINT((75.,0.,-345.));
#1090= IFCCARTESIANTRANSFORMATIONOPERATOR3D($,$,#1089,$,$);
#1091= IFCSHAPEREPRESENTATION(#12,'Body','SweptSolid',(#1066,#1073,#1077,#1088));
#1092= IFCREPRESENTATIONMAP(#10,#1091);
#1093= IFCMAPPEDITEM(#1092,#1090);
#1094= IFCCARTESIANPOINT((75.,0.,-225.));
#1095= IFCCARTESIANTRANSFORMATIONOPERATOR3D($,$,#1094,$,$);
#1096= IFCMAPPEDITEM(#1092,#1095);
#1097= IFCCARTESIANPOINT((75.,0.,225.));
#1098= IFCCARTESIANTRANSFORMATIONOPERATOR3D($,$,#1097,$,$);
#1099= IFCMAPPEDITEM(#1092,#1098);
#1100= IFCCARTESIANPOINT((75.,0.,345.));
#1101= IFCCARTESIANTRANSFORMATIONOPERATOR3D($,$,#1100,$,$);
#1102= IFCMAPPEDITEM(#1092,#1101);
#1103= IFCCARTESIANPOINT((225.,0.,-345.));
#1104= IFCCARTESIANTRANSFORMATIONOPERATOR3D($,$,#1103,$,$);
#1105= IFCMAPPEDITEM(#1092,#1104);
#1106= IFCCARTESIANPOINT((225.,0.,-225.));
#1107= IFCCARTESIANTRANSFORMATIONOPERATOR3D($,$,#1106,$,$);
#1108= IFCMAPPEDITEM(#1092,#1107);
#1109= IFCCARTESIANPOINT((225.,0.,225.));
#1110= IFCCARTESIANTRANSFORMATIONOPERATOR3D($,$,#1109,$,$);
#1111= IFCMAPPEDITEM(#1092,#1110);
#1112= IFCCARTESIANPOINT((225.,0.,345.));
#1113= IFCCARTESIANTRANSFORMATIONOPERATOR3D($,$,#1112,$,$);
#1114= IFCMAPPEDITEM(#1092,#1113);
#1115= IFCSHAPEREPRESENTATION(#12,'Body','MappedRepresentation',(#1093,#1096,#1099,#1102,#1105,#1108,#1111,#1114));
#1116= IFCCARTESIANPOINT((0.,80.,0.));
#1117= IFCPOLYLINE((#1064,#1116));
#1118= IFCSHAPEREPRESENTATION(#12,'Axis','GeometricCurveSet',(#1117));
#1119= IFCREPRESENTATIONMAP(#10,#1118);
#1120= IFCMAPPEDITEM(#1119,#1090);
#1121= IFCMAPPEDITEM(#1119,#1095);
#1122= IFCMAPPEDITEM(#1119,#1098);
#1123= IFCMAPPEDITEM(#1119,#1101);
#1124= IFCMAPPEDITEM(#1119,#1104);
#1125= IFCMAPPEDITEM(#1119,#1107);
#1126= IFCMAPPEDITEM(#1119,#1110);
#1127= IFCMAPPEDITEM(#1119,#1113);
#1128= IFCSHAPEREPRESENTATION(#12,'Axis','MappedRepresentation',(#1120,#1121,#1122,#1123,#1124,#1125,#1126,#1127));
#1129= IFCPRODUCTDEFINITIONSHAPE($,$,(#1115,#1128));
#1130= IFCMECHANICALFASTENER('3ECX2v78vDWRjUbhF9QeKa',#900,'Bolt assembly',$,$,#1055,#1129,'IDce3210b9-1c8e-4d81-bb5e-96b3c96a8524',22.,80.);
#1131= IFCPROPERTYSINGLEVALUE('BoltFieldAssembled',$,IFCBOOLEAN(.F.),$);
#1132= IFCPROPERTYSINGLEVALUE('BoltGrade',$,IFCIDENTIFIER('5.6'),$);
#1133= IFCPROPERTYSINGLEVALUE('BoltDiameter',$,IFCPOSITIVELENGTHMEASURE(22.),$);
#1134= IFCPROPERTYSINGLEVALUE('BoltLength',$,IFCPOSITIVELENGTHMEASURE(80.),$);
#1135= IFCPROPERTYSINGLEVALUE('BoltStandard',$,IFCIDENTIFIER('7990'),$);
#1136= IFCPROPERTYSINGLEVALUE('BoltType',$,IFCIDENTIFIER('7990'),$);
#1137= IFCPROPERTYSET('3fN2Pl0AL3FuM4NhI9NHGm',#5,'AISC_EM11_Pset_Bolt','BoltIdentity',(#1131,#1132,#1133,#1134,#1135,#1136));
#1138= IFCPROPERTYSINGLEVALUE('NutSize',$,IFCPOSITIVELENGTHMEASURE(22.),$);
#1139= IFCPROPERTYSINGLEVALUE('NutStandard',$,IFCIDENTIFIER('555'),$);
#1140= IFCPROPERTYSET('07$laxWQD5$eucc613UnCd',#5,'AISC_EM11_Pset_Nut','NutIdentity',(#1138,#1139));
#1141= IFCPROPERTYSINGLEVALUE('WasherThickness',$,IFCPOSITIVELENGTHMEASURE(8.),$);
#1142= IFCPROPERTYSINGLEVALUE('WasherSize',$,IFCPOSITIVELENGTHMEASURE(22.),$);
#1143= IFCPROPERTYSINGLEVALUE('WasherStandard',$,IFCIDENTIFIER('7989'),$);
#1144= IFCPROPERTYSINGLEVALUE('HeadSideWashers',$,IFCBOOLEAN(.F.),$);
#1145= IFCPROPERTYSET('16sKAguzf3U8Ntrv5EuARD',#5,'AISC_EM11_Pset_Washer','WasherIdentity',(#1141,#1142,#1143,#1144));
#1146= IFCMATERIAL('Undefined');
#1147= IFCCARTESIANPOINT((25493.521,1136.686,23305.));
#1148= IFCAXIS2PLACEMENT3D(#1147,#7,#839);
#1149= IFCLOCALPLACEMENT(#45,#1148);
#1150= IFCSHAPEREPRESENTATION(#12,'Body','Brep',(#1033));
#1151= IFCSHAPEREPRESENTATION(#13,'Axis','GeometricCurveSet',(#1035,#1038));
#1152= IFCPRODUCTDEFINITIONSHAPE($,$,(#1150,#1151));
#1153= IFCFASTENER('2YpnWKxCzE$ROaxDz5EQ4N',#900,'Weld',$,$,#1149,#1152,'IDa2cf1814-eccf-4efd-b624-ecdf4539a117');
#1154= IFCPROPERTYSINGLEVALUE('WeldID',$,IFCINTEGER(97091689),$);
#1155= IFCPROPERTYSET('1jY93bhQXEle2fssIEmchX',#5,'AISC_EM11_Pset_Weld','WeldIdentity',(#131,#132,#133,#134,#1154,#1043,#137,#138,#1044,#140,#1045,#1046,#143,#144,#145,#146));
#1156= IFCCARTESIANPOINT((25650.0211571325,1146.18589166581,23305.));
#1157= IFCAXIS2PLACEMENT3D(#1156,#9,#902);
#1158= IFCLOCALPLACEMENT(#45,#1157);
#1159= IFCRECTANGLEPROFILEDEF(.AREA.,'PL19*750',#1069,19.,750.);
#1160= IFCDIRECTION((0.,-1.,0.));
#1161= IFCCARTESIANPOINT((300.,0.,0.));
#1162= IFCAXIS2PLACEMENT3D(#1161,#902,#1160);
#1163= IFCEXTRUDEDAREASOLID(#1159,#1162,#9,300.);
#1164= IFCSHAPEREPRESENTATION(#12,'Body','SweptSolid',(#1163));
#1165= IFCPRODUCTDEFINITIONSHAPE($,$,(#1164));
#1166= IFCDISCRETEACCESSORY('3_GX_U_un5fwGIc$byfIg_',#44,'Support section',$,$,#1158,#1165,'1260');
#1167= IFCLOCALPLACEMENT(#45,#1054);
#1168= IFCCIRCLEPROFILEDEF(.AREA.,$,#1069,12.);
#1169= IFCCARTESIANPOINT((0.,-19.0999999998306,0.));
#1170= IFCAXIS2PLACEMENT3D(#1169,#8,#7);
#1171= IFCEXTRUDEDAREASOLID(#1168,#1170,#9,19.2);
#1172= IFCSHAPEREPRESENTATION(#12,'Body','SweptSolid',(#1171));
#1173= IFCREPRESENTATIONMAP(#10,#1172);
#1174= IFCMAPPEDITEM(#1173,#1090);
#1175= IFCMAPPEDITEM(#1173,#1095);
#1176= IFCMAPPEDITEM(#1173,#1098);
#1177= IFCMAPPEDITEM(#1173,#1101);
#1178= IFCMAPPEDITEM(#1173,#1104);
#1179= IFCMAPPEDITEM(#1173,#1107);
#1180= IFCMAPPEDITEM(#1173,#1110);
#1181= IFCMAPPEDITEM(#1173,#1113);
#1182= IFCSHAPEREPRESENTATION(#12,'Body','MappedRepresentation',(#1174,#1175,#1176,#1177,#1178,#1179,#1180,#1181));
#1183= IFCPRODUCTDEFINITIONSHAPE($,$,(#1182));
#1184= IFCOPENINGELEMENT('1EQi1QOmX5qQjgKwa_Thmy',#5,$,$,'Opening',#1167,#1183,$);
#1185= IFCRELVOIDSELEMENT('2$GXrO42f6PQF_uh3_LnmF',#5,'Drill Hole',$,#1166,#1184);
#1186= IFCPROPERTYSINGLEVALUE('FeatureSubTypes',$,IFCLABEL('TORNILLO'),$);
#1187= IFCPROPERTYSINGLEVALUE('RectangleOpeningWidth',$,$,$);
#1188= IFCPROPERTYSINGLEVALUE('RectangleOpeningHeight',$,$,$);
#1189= IFCPROPERTYSINGLEVALUE('OpeningDiameter',$,$,$);
#1190= IFCPROPERTYSET('3RlTUgT2fFM8S9CKzEeQMl',#5,'AISC_EM11_Pset_Opening/Cope',$,(#1186,#1187,#1188,#1189));
#1191= IFCPROPERTYSINGLEVALUE('PieceMark',$,IFCIDENTIFIER('PLACA'),$);
#1192= IFCPROPERTYSINGLEVALUE('IndicationMark',$,IFCIDENTIFIER('1260'),$);
#1193= IFCPROPERTYSINGLEVALUE('PrelimMark',$,IFCIDENTIFIER(''),$);
#1194= IFCPROPERTYSINGLEVALUE('MainPieceTag',$,IFCBOOLEAN(.F.),$);
#1195= IFCPROPERTYSET('3nwmHBctPDywFadPdF5R1H',#5,'AISC_EM11_Pset_PieceIdentification','PieceIdentity',(#1191,#1192,#1193,#1194));
#1196= IFCPROPERTYSINGLEVALUE('MaterialType',$,IFCIDENTIFIER('STEEL'),$);
#1197= IFCPROPERTYSINGLEVALUE('MaterialGrade',$,IFCIDENTIFIER('S235JR'),$);
#1198= IFCPROPERTYSET('3P1pCkxb1FkAZzgJ1BhLYu',#5,'AISC_EM11_Pset_Material',$,(#1196,#1197));
#1199= IFCMATERIAL('STEEL/S235JR');
#1200= IFCOWNERHISTORY(#3,#4,$,.NOCHANGE.,$,$,$,1774965600);
#1201= IFCLOCALPLACEMENT(#42,#10);
#1202= IFCELEMENTASSEMBLY('2UhBHUI0fCk8JrOejM2yVQ',#1200,'BEAM',$,$,#1201,$,'B/428',.NOTDEFINED.,.RIGID_FRAME.);
#1203= IFCPROPERTYSINGLEVALUE('AssemblyMark',$,IFCIDENTIFIER('B/428'),$);
#1204= IFCPROPERTYSET('3_ibG3Twb6MPTbzsBy5nEl',#5,'AISC_EM11_Pset_AssemblyIdentification','AssemblyIdentity',(#1203,#52,#53));
#1205= IFCCARTESIANPOINT((25423.5192478417,1034.10810017784,23434.));
#1206= IFCAXIS2PLACEMENT3D(#1205,#838,#839);
#1207= IFCLOCALPLACEMENT(#1201,#1206);
#1208= IFCCARTESIANPOINT((10.39230484542,0.));
#1209= IFCCARTESIANPOINT((5.19615242271,9.00000000000127));
#1210= IFCCARTESIANPOINT((-5.19615242271,9.00000000000127));
#1211= IFCCARTESIANPOINT((-10.39230484542,0.));
#1212= IFCCARTESIANPOINT((-5.19615242271,-9.00000000000127));
#1213= IFCCARTESIANPOINT((5.19615242271,-9.00000000000127));
#1214= IFCPOLYLINE((#1208,#1209,#1210,#1211,#1212,#1213,#1208));
#1215= IFCARBITRARYCLOSEDPROFILEDEF(.AREA.,$,#1214);
#1216= IFCCARTESIANPOINT((0.,17.0817682395128,0.));
#1217= IFCAXIS2PLACEMENT3D(#1216,#8,#7);
#1218= IFCEXTRUDEDAREASOLID(#1215,#1217,#9,7.92);
#1219= IFCCIRCLEPROFILEDEF(.AREA.,$,#1069,6.);
#1220= IFCCARTESIANPOINT((0.,25.0017682395128,0.));
#1221= IFCAXIS2PLACEMENT3D(#1220,#8,#7);
#1222= IFCEXTRUDEDAREASOLID(#1219,#1221,#9,35.);
#1223= IFCCARTESIANPOINT((0.,36.501489109522,0.));
#1224= IFCAXIS2PLACEMENT3D(#1223,#8,#7);
#1225= IFCEXTRUDEDAREASOLID(#1168,#1224,#9,8.);
#1226= IFCCARTESIANPOINT((10.96965511461,0.));
#1227= IFCCARTESIANPOINT((5.484827557305,9.50000000000134));
#1228= IFCCARTESIANPOINT((-5.484827557305,9.50000000000134));
#1229= IFCCARTESIANPOINT((-10.96965511461,0.));
#1230= IFCCARTESIANPOINT((-5.484827557305,-9.50000000000134));
#1231= IFCCARTESIANPOINT((5.484827557305,-9.50000000000134));
#1232= IFCPOLYLINE((#1226,#1227,#1228,#1229,#1230,#1231,#1226));
#1233= IFCARBITRARYCLOSEDPROFILEDEF(.AREA.,$,#1232);
#1234= IFCCARTESIANPOINT((0.,44.501489109522,0.));
#1235= IFCAXIS2PLACEMENT3D(#1234,#8,#7);
#1236= IFCEXTRUDEDAREASOLID(#1233,#1235,#9,10.);
#1237= IFCCARTESIANPOINT((25.,9.09494701772928E-11,24.9999999999309));
#1238= IFCCARTESIANTRANSFORMATIONOPERATOR3D($,$,#1237,$,$);
#1239= IFCSHAPEREPRESENTATION(#12,'Body','SweptSolid',(#1218,#1222,#1225,#1236));
#1240= IFCREPRESENTATIONMAP(#10,#1239);
#1241= IFCMAPPEDITEM(#1240,#1238);
#1242= IFCCARTESIANPOINT((25.,2.5465851649642E-10,69.9999999998035));
#1243= IFCCARTESIANTRANSFORMATIONOPERATOR3D($,$,#1242,$,$);
#1244= IFCMAPPEDITEM(#1240,#1243);
#1245= IFCCARTESIANPOINT((95.,9.09494701772928E-11,24.9999999999309));
#1246= IFCCARTESIANTRANSFORMATIONOPERATOR3D($,$,#1245,$,$);
#1247= IFCMAPPEDITEM(#1240,#1246);
#1248= IFCCARTESIANPOINT((95.,2.5465851649642E-10,69.9999999998035));
#1249= IFCCARTESIANTRANSFORMATIONOPERATOR3D($,$,#1248,$,$);
#1250= IFCMAPPEDITEM(#1240,#1249);
#1251= IFCSHAPEREPRESENTATION(#12,'Body','MappedRepresentation',(#1241,#1244,#1247,#1250));
#1252= IFCCARTESIANPOINT((0.,35.,0.));
#1253= IFCPOLYLINE((#1216,#1252));
#1254= IFCSHAPEREPRESENTATION(#12,'Axis','GeometricCurveSet',(#1253));
#1255= IFCREPRESENTATIONMAP(#10,#1254);
#1256= IFCMAPPEDITEM(#1255,#1238);
#1257= IFCMAPPEDITEM(#1255,#1243);
#1258= IFCMAPPEDITEM(#1255,#1246);
#1259= IFCMAPPEDITEM(#1255,#1249);
#1260= IFCSHAPEREPRESENTATION(#12,'Axis','MappedRepresentation',(#1256,#1257,#1258,#1259));
#1261= IFCPRODUCTDEFINITIONSHAPE($,$,(#1251,#1260));
#1262= IFCMECHANICALFASTENER('3xMvYV_vL1j8cm3Cqb6qHP',#900,'Bolt assembly',$,$,#1207,#1261,'IDfb5b989f-fb95-41b4-89b0-0ccd251b4459',12.,35.);
#1263= IFCPROPERTYSINGLEVALUE('BoltDiameter',$,IFCPOSITIVELENGTHMEASURE(12.),$);
#1264= IFCPROPERTYSINGLEVALUE('BoltLength',$,IFCPOSITIVELENGTHMEASURE(35.),$);
#1265= IFCPROPERTYSET('1J7tatHy91$w8ywc2nIE_$',#5,'AISC_EM11_Pset_Bolt','BoltIdentity',(#1131,#1132,#1263,#1264,#1135,#1136));
#1266= IFCPROPERTYSINGLEVALUE('NutSize',$,IFCPOSITIVELENGTHMEASURE(12.),$);
#1267= IFCPROPERTYSET('2NVaJnykb0rQ1jhm913ydK',#5,'AISC_EM11_Pset_Nut','NutIdentity',(#1266,#1139));
#1268= IFCPROPERTYSINGLEVALUE('WasherSize',$,IFCPOSITIVELENGTHMEASURE(12.),$);
#1269= IFCPROPERTYSET('0mTbEnTtbDJfCibNvJJ6tK',#5,'AISC_EM11_Pset_Washer','WasherIdentity',(#1141,#1268,#1143,#1144));
#1270= IFCCARTESIANPOINT((25493.518,997.605,23305.));
#1271= IFCAXIS2PLACEMENT3D(#1270,#902,#839);
#1272= IFCLOCALPLACEMENT(#45,#1271);
#1273= IFCCARTESIANPOINT((-245.,1.51953827298712E-09,2.82842712474667));
#1274= IFCCARTESIANPOINT((-245.,0.,0.));
#1275= IFCCARTESIANPOINT((245.,0.,0.));
#1276= IFCCARTESIANPOINT((245.,1.51953827298712E-09,2.82842712474667));
#1277= IFCPOLYLOOP((#1273,#1274,#1275,#1276));
#1278= IFCFACEOUTERBOUND(#1277,.T.);
#1279= IFCFACE((#1278));
#1280= IFCCARTESIANPOINT((-245.,2.8284271247469,-1.52067514136434E-09));
#1281= IFCCARTESIANPOINT((245.,2.8284271247469,-1.52067514136434E-09));
#1282= IFCPOLYLOOP((#1274,#1280,#1281,#1275));
#1283= IFCFACEOUTERBOUND(#1282,.T.);
#1284= IFCFACE((#1283));
#1285= IFCPOLYLOOP((#1280,#1273,#1276,#1281));
#1286= IFCFACEOUTERBOUND(#1285,.T.);
#1287= IFCFACE((#1286));
#1288= IFCPOLYLOOP((#1281,#1276,#1275));
#1289= IFCFACEOUTERBOUND(#1288,.T.);
#1290= IFCFACE((#1289));
#1291= IFCPOLYLOOP((#1280,#1274,#1273));
#1292= IFCFACEOUTERBOUND(#1291,.T.);
#1293= IFCFACE((#1292));
#1294= IFCCARTESIANPOINT((245.,-3.99999999848046,2.82842712474667));
#1295= IFCCARTESIANPOINT((245.,-4.,0.));
#1296= IFCCARTESIANPOINT((-245.,-4.,0.));
#1297= IFCCARTESIANPOINT((-245.,-3.99999999848046,2.82842712474667));
#1298= IFCPOLYLOOP((#1294,#1295,#1296,#1297));
#1299= IFCFACEOUTERBOUND(#1298,.T.);
#1300= IFCFACE((#1299));
#1301= IFCCARTESIANPOINT((245.,-6.82842712474542,1.52067514136434E-09));
#1302= IFCCARTESIANPOINT((-245.,-6.82842712474542,1.52067514136434E-09));
#1303= IFCPOLYLOOP((#1295,#1301,#1302,#1296));
#1304= IFCFACEOUTERBOUND(#1303,.T.);
#1305= IFCFACE((#1304));
#1306= IFCPOLYLOOP((#1301,#1294,#1297,#1302));
#1307= IFCFACEOUTERBOUND(#1306,.T.);
#1308= IFCFACE((#1307));
#1309= IFCPOLYLOOP((#1302,#1297,#1296));
#1310= IFCFACEOUTERBOUND(#1309,.T.);
#1311= IFCFACE((#1310));
#1312= IFCPOLYLOOP((#1301,#1295,#1294));
#1313= IFCFACEOUTERBOUND(#1312,.T.);
#1314= IFCFACE((#1313));
#1315= IFCCLOSEDSHELL((#1279,#1284,#1287,#1290,#1293,#1300,#1305,#1308,#1311,#1314));
#1316= IFCFACETEDBREP(#1315);
#1317= IFCSHAPEREPRESENTATION(#12,'Body','Brep',(#1316));
#1318= IFCPOLYLINE((#1274,#1275));
#1319= IFCCARTESIANPOINT((245.,0.,4.));
#1320= IFCCARTESIANPOINT((-245.,0.,4.));
#1321= IFCPOLYLINE((#1319,#1320));
#1322= IFCSHAPEREPRESENTATION(#13,'Axis','GeometricCurveSet',(#1318,#1321));
#1323= IFCPRODUCTDEFINITIONSHAPE($,$,(#1317,#1322));
#1324= IFCFASTENER('2sYW1xX65AFg_3mbUmWGJ5',#900,'Weld',$,$,#1272,#1323,'IDb68a007b-8461-4a3e-af83-c257b08104c5');
#1325= IFCPROPERTYSINGLEVALUE('WeldID',$,IFCINTEGER(97086613),$);
#1326= IFCPROPERTYSINGLEVALUE('l',$,IFCPOSITIVELENGTHMEASURE(490.),$);
#1327= IFCPROPERTYSET('30WTdfm8T0bf1k3Ykx$QQe',#5,'AISC_EM11_Pset_Weld','WeldIdentity',(#131,#132,#133,#134,#1325,#895,#137,#138,#1326,#140,#897,#898,#143,#144,#145,#146));
#1328= IFCCARTESIANPOINT((25493.5179262487,999.605308227882,23060.));
#1329= IFCDIRECTION((1.86124646952638E-05,0.999999999826788,-6.95542798703763E-16));
#1330= IFCDIRECTION((-0.707106781125308,1.31610000012642E-05,-0.707106781125308));
#1331= IFCAXIS2PLACEMENT3D(#1328,#1329,#1330);
#1332= IFCLOCALPLACEMENT(#45,#1331);
#1333= IFCCARTESIANPOINT((35.3553390503366,1.56433088704944E-10));
#1334= IFCCARTESIANPOINT((60.1040763855926,24.7487373353779));
#1335= IFCCARTESIANPOINT((-123.036575313704,207.889389033732));
#1336= IFCCARTESIANPOINT((-123.036576040349,236.173661007766));
#1337= IFCCARTESIANPOINT((-62.9325027464001,296.277740477888));
#1338= IFCCARTESIANPOINT((-147.785324096527,381.130554198187));
#1339= IFCCARTESIANPOINT((-207.88939048769,321.026475454671));
#1340= IFCCARTESIANPOINT((-236.173660281971,321.026474001416));
#1341= IFCCARTESIANPOINT((-321.733581543005,406.586395262004));
#1342= IFCCARTESIANPOINT((-346.482330322346,381.837677000241));
#1343= IFCCARTESIANPOINT((-346.482330322382,346.482330320601));
#1344= IFCPOLYLINE((#1068,#1333,#1334,#1335,#1336,#1337,#1338,#1339,#1340,#1341,#1342,#1343,#1068));
#1345= IFCARBITRARYCLOSEDPROFILEDEF(.AREA.,'PL4*165',#1344);
#1346= IFCCARTESIANPOINT((6.5263302289373E-21,1.36424205629763E-12,-1.99999999999989));
#1347= IFCAXIS2PLACEMENT3D(#1346,#9,#7);
#1348= IFCEXTRUDEDAREASOLID(#1345,#1347,#9,4.);
#1349= IFCSHAPEREPRESENTATION(#12,'Body','SweptSolid',(#1348));
#1350= IFCPRODUCTDEFINITIONSHAPE($,$,(#1349));
#1351= IFCDISCRETEACCESSORY('2QxWNbCOv0G8kTPIAiZh1t',#44,'Steel plate',$,$,#1332,#1350,'1256');
#1352= IFCLOCALPLACEMENT(#45,#1206);
#1353= IFCCIRCLEPROFILEDEF(.AREA.,$,#1069,7.);
#1354= IFCCARTESIANPOINT((0.,32.4014891095222,0.));
#1355= IFCAXIS2PLACEMENT3D(#1354,#8,#7);
#1356= IFCEXTRUDEDAREASOLID(#1353,#1355,#9,4.2);
#1357= IFCSHAPEREPRESENTATION(#12,'Body','SweptSolid',(#1356));
#1358= IFCREPRESENTATIONMAP(#10,#1357);
#1359= IFCMAPPEDITEM(#1358,#1238);
#1360= IFCMAPPEDITEM(#1358,#1243);
#1361= IFCMAPPEDITEM(#1358,#1246);
#1362= IFCMAPPEDITEM(#1358,#1249);
#1363= IFCSHAPEREPRESENTATION(#12,'Body','MappedRepresentation',(#1359,#1360,#1361,#1362));
#1364= IFCPRODUCTDEFINITIONSHAPE($,$,(#1363));
#1365= IFCOPENINGELEMENT('1EcU_Hr451DOFge05syKSV',#5,$,$,'Opening',#1352,#1364,$);
#1366= IFCRELVOIDSELEMENT('1FIPlUWAv2IQuP9XVSary9',#5,'Drill Hole',$,#1351,#1365);
#1367= IFCPROPERTYSINGLEVALUE('IndicationMark',$,IFCIDENTIFIER('1256'),$);
#1368= IFCPROPERTYSET('0omkIoU6z1JOpAofiZR_Gt',#5,'AISC_EM11_Pset_PieceIdentification','PieceIdentity',(#1191,#1367,#1193,#1194));
#1369= IFCCARTESIANPOINT((25500.,0.,23305.));
#1370= IFCAXIS2PLACEMENT3D(#1369,#9,#1329);
#1371= IFCLOCALPLACEMENT(#45,#1370);
#1372= IFCISHAPEPROFILEDEF(.AREA.,'HEA600',#1069,300.,590.,13.,25.,27.);
#1373= IFCCARTESIANPOINT((1136.68871173221,0.,0.));
#1374= IFCAXIS2PLACEMENT3D(#1373,#902,#1160);
#1375= IFCEXTRUDEDAREASOLID(#1372,#1374,#9,1136.69);
#1376= IFCDIRECTION((-0.484876882449369,0.874582419710219,0.));
#1377= IFCCARTESIANPOINT((263.490741638447,150.,-295.));
#1378= IFCAXIS2PLACEMENT3D(#1377,#1376,#9);
#1379= IFCPLANE(#1378);
#1380= IFCHALFSPACESOLID(#1379,.F.);
#1381= IFCBOOLEANCLIPPINGRESULT(.DIFFERENCE.,#1375,#1380);
#1382= IFCDIRECTION((-0.999999999826778,-1.86129999981404E-05,0.));
#1383= IFCCARTESIANPOINT((1136.7045048627,-999.999999826778,0.));
#1384= IFCAXIS2PLACEMENT3D(#1383,#1382,#839);
#1385= IFCPLANE(#1384);
#1386= IFCHALFSPACESOLID(#1385,.T.);
#1387= IFCBOOLEANCLIPPINGRESULT(.DIFFERENCE.,#1381,#1386);
#1388= IFCSHAPEREPRESENTATION(#12,'Body','Clipping',(#1387));
#1389= IFCPRODUCTDEFINITIONSHAPE($,$,(#1388));
#1390= IFCDISCRETEACCESSORY('0U9pfKDoLBpgEevQaNEeAv',#44,'Support section',$,$,#1371,#1389,'b/1019');
#1391= IFCLOCALPLACEMENT(#45,#1370);
#1392= IFCCIRCLEPROFILEDEF(.AREA.,'D305',#1069,152.5);
#1393= IFCCARTESIANPOINT((5.55111512312578E-17,0.,-355.));
#1394= IFCAXIS2PLACEMENT3D(#1393,#9,#902);
#1395= IFCEXTRUDEDAREASOLID(#1392,#1394,#9,710.);
#1396= IFCSHAPEREPRESENTATION(#12,'Body','SweptSolid',(#1395));
#1397= IFCPRODUCTDEFINITIONSHAPE($,$,(#1396));
#1398= IFCOPENINGELEMENT('12id9ex_5BcOsJrKTFp6PD',#5,$,$,'Recess',#1391,#1397,$);
#1399= IFCRELVOIDSELEMENT('0jBwuANIn6XuHdV1tSrzju',#5,$,$,#1390,#1398);
#1400= IFCPROPERTYSINGLEVALUE('FeatureSubTypes',$,$,$);
#1401= IFCPROPERTYSINGLEVALUE('OpeningDiameter',$,IFCPOSITIVELENGTHMEASURE(305.),$);
#1402= IFCPROPERTYSET('3QgXyCbGb6DRMla3ev4Gn1',#5,'AISC_EM11_Pset_Opening/Cope',$,(#1400,#1187,#1188,#1401));
#1403= IFCPROPERTYSINGLEVALUE('PieceMark',$,IFCIDENTIFIER('BEAM'),$);
#1404= IFCPROPERTYSINGLEVALUE('IndicationMark',$,IFCIDENTIFIER('b/1019'),$);
#1405= IFCPROPERTYSET('2MZlxcMnb7CAFI7$NLhgFt',#5,'AISC_EM11_Pset_PieceIdentification','PieceIdentity',(#1403,#1404,#1193,#1194));
#1406= IFCCARTESIANPOINT((25500.,0.,8400.));
#1407= IFCAXIS2PLACEMENT3D(#1406,#9,#8);
#1408= IFCLOCALPLACEMENT(#45,#1407);
#1409= IFCCIRCLEHOLLOWPROFILEDEF(.AREA.,'\S\X305*10',#1069,152.5,10.);
#1410= IFCCARTESIANPOINT((0.,0.,19450.));
#1411= IFCAXIS2PLACEMENT3D(#1410,#839,#8);
#1412= IFCEXTRUDEDAREASOLID(#1409,#1411,#9,19450.);
#1413= IFCSHAPEREPRESENTATION(#12,'Body','SweptSolid',(#1412));
#1414= IFCPRODUCTDEFINITIONSHAPE($,$,(#1413));
#1415= IFCCOLUMN('3MDxYdj8T9svkO$_PqO50P',#44,'main piece','\S\X305*10','\S\X305*10',#1408,#1414,'c/31');
#1416= IFCPROPERTYSINGLEVALUE('PieceMark',$,IFCIDENTIFIER('COLUMN'),$);
#1417= IFCPROPERTYSINGLEVALUE('IndicationMark',$,IFCIDENTIFIER('c/31'),$);
#1418= IFCPROPERTYSINGLEVALUE('MainPieceTag',$,IFCBOOLEAN(.T.),$);
#1419= IFCPROPERTYSET('3d3g_Z23D57QlyZHHt5w7h',#5,'AISC_EM11_Pset_PieceIdentification','PieceIdentity',(#1416,#1417,#1193,#1418));
#1420= IFCPROPERTYSINGLEVALUE('SkewedAngleY',$,IFCREAL(0.),$);
#1421= IFCPROPERTYSINGLEVALUE('SkewedAngleX',$,IFCREAL(0.),$);
#1422= IFCPROPERTYSET('0WSPtBNczB1fsAahvCuLay',#5,'AISC_EM11_Pset_SkewedEnd',$,(#1420,#1421));
#1423= IFCPROPERTYSET('1kdeToH_95TR01oT14MpyW',#5,'AISC_EM11_Pset_SkewedEnd_2',$,(#1420,#1421));
#1424= IFCOWNERHISTORY(#3,#4,$,.NOCHANGE.,$,$,$,1773766800);
#1425= IFCCARTESIANPOINT((23372.397,1599.366,23565.2));
#1426= IFCDIRECTION((0.798276835067301,-0.602290706050602,0.));
#1427= IFCAXIS2PLACEMENT3D(#1425,#839,#1426);
#1428= IFCLOCALPLACEMENT(#45,#1427);
#1429= IFCCARTESIANPOINT((-3.00021232582367,4.59220118838675,-4.59220118837402));
#1430= IFCCARTESIANPOINT((-3.00021232582003,-5.45696821063757E-12,0.));
#1431= IFCCARTESIANPOINT((3.00021232582731,0.,0.));
#1432= IFCCARTESIANPOINT((3.00021232582367,4.59220118839221,-4.59220118837402));
#1433= IFCPOLYLOOP((#1429,#1430,#1431,#1432));
#1434= IFCFACEOUTERBOUND(#1433,.T.);
#1435= IFCFACE((#1434));
#1436= IFCCARTESIANPOINT((-3.00021232582003,-5.45696821063757E-12,-6.49435320175689));
#1437= IFCCARTESIANPOINT((3.00021232582731,0.,-6.49435320175689));
#1438= IFCPOLYLOOP((#1430,#1436,#1437,#1431));
#1439= IFCFACEOUTERBOUND(#1438,.T.);
#1440= IFCFACE((#1439));
#1441= IFCPOLYLOOP((#1436,#1429,#1432,#1437));
#1442= IFCFACEOUTERBOUND(#1441,.T.);
#1443= IFCFACE((#1442));
#1444= IFCPOLYLOOP((#1437,#1432,#1431));
#1445= IFCFACEOUTERBOUND(#1444,.T.);
#1446= IFCFACE((#1445));
#1447= IFCPOLYLOOP((#1436,#1430,#1429));
#1448= IFCFACEOUTERBOUND(#1447,.T.);
#1449= IFCFACE((#1448));
#1450= IFCCARTESIANPOINT((3.00021232581639,8.48528137424,110.));
#1451= IFCCARTESIANPOINT((3.00021232582731,0.,110.));
#1452= IFCCARTESIANPOINT((-3.00021232582003,-5.45696821063757E-12,110.));
#1453= IFCCARTESIANPOINT((-3.00021232582731,8.48528137423273,110.));
#1454= IFCPOLYLOOP((#1450,#1451,#1452,#1453));
#1455= IFCFACEOUTERBOUND(#1454,.T.);
#1456= IFCFACE((#1455));
#1457= IFCCARTESIANPOINT((3.00021232582731,0.,118.48528137424));
#1458= IFCCARTESIANPOINT((-3.00021232582003,-5.45696821063757E-12,118.48528137424));
#1459= IFCPOLYLOOP((#1451,#1457,#1458,#1452));
#1460= IFCFACEOUTERBOUND(#1459,.T.);
#1461= IFCFACE((#1460));
#1462= IFCPOLYLOOP((#1457,#1450,#1453,#1458));
#1463= IFCFACEOUTERBOUND(#1462,.T.);
#1464= IFCFACE((#1463));
#1465= IFCPOLYLOOP((#1458,#1453,#1452));
#1466= IFCFACEOUTERBOUND(#1465,.T.);
#1467= IFCFACE((#1466));
#1468= IFCPOLYLOOP((#1457,#1451,#1450));
#1469= IFCFACEOUTERBOUND(#1468,.T.);
#1470= IFCFACE((#1469));
#1471= IFCCLOSEDSHELL((#1435,#1440,#1443,#1446,#1449,#1456,#1461,#1464,#1467,#1470));
#1472= IFCFACETEDBREP(#1471);
#1473= IFCSHAPEREPRESENTATION(#12,'Body','Brep',(#1472));
#1474= IFCPOLYLINE((#1430,#1431));
#1475= IFCCARTESIANPOINT((3.00021232582367,110.,-3.63797880709171E-12));
#1476= IFCCARTESIANPOINT((-3.00021232582367,110.,1.81898940354586E-12));
#1477= IFCPOLYLINE((#1475,#1476));
#1478= IFCSHAPEREPRESENTATION(#13,'Axis','GeometricCurveSet',(#1474,#1477));
#1479= IFCPRODUCTDEFINITIONSHAPE($,$,(#1473,#1478));
#1480= IFCFASTENER('0e90nbk791pwQCxS8_0b6t',#1424,'Weld',$,$,#1428,#1479,'ID28240c65-b872-41cf-a68c-edc23e0251b7');
#1481= IFCPROPERTYSINGLEVALUE('WeldID',$,IFCINTEGER(97070846),$);
#1482= IFCPROPERTYSINGLEVALUE('l',$,IFCPOSITIVELENGTHMEASURE(6.),$);
#1483= IFCPROPERTYSINGLEVALUE('d',$,IFCPOSITIVELENGTHMEASURE(6.),$);
#1484= IFCPROPERTYSET('22bY5$4zfDshiQdzWWMhzn',#5,'AISC_EM11_Pset_Weld','WeldIdentity',(#131,#132,#133,#134,#1481,#136,#137,#138,#1482,#140,#1483,#142,#143,#144,#145,#146));
#1485= IFCCARTESIANPOINT((23374.792,1597.559,23510.2));
#1486= IFCAXIS2PLACEMENT3D(#1485,#1160,#839);
#1487= IFCLOCALPLACEMENT(#45,#1486);
#1488= IFCCARTESIANPOINT((-55.,-5.11060996006927,6.77360065520679));
#1489= IFCCARTESIANPOINT((-55.,0.,0.));
#1490= IFCCARTESIANPOINT((55.,0.,0.));
#1491= IFCCARTESIANPOINT((55.,-5.11060996006927,6.77360065520679));
#1492= IFCPOLYLOOP((#1488,#1489,#1490,#1491));
#1493= IFCFACEOUTERBOUND(#1492,.T.);
#1494= IFCFACE((#1493));
#1495= IFCCARTESIANPOINT((-55.,6.77360065521862,5.11060996005267));
#1496= IFCCARTESIANPOINT((55.,6.77360065521862,5.11060996005267));
#1497= IFCPOLYLOOP((#1489,#1495,#1496,#1490));
#1498= IFCFACEOUTERBOUND(#1497,.T.);
#1499= IFCFACE((#1498));
#1500= IFCPOLYLOOP((#1495,#1488,#1491,#1496));
#1501= IFCFACEOUTERBOUND(#1500,.T.);
#1502= IFCFACE((#1501));
#1503= IFCPOLYLOOP((#1496,#1491,#1490));
#1504= IFCFACEOUTERBOUND(#1503,.T.);
#1505= IFCFACE((#1504));
#1506= IFCPOLYLOOP((#1495,#1489,#1488));
#1507= IFCFACEOUTERBOUND(#1506,.T.);
#1508= IFCFACE((#1507));
#1509= IFCCARTESIANPOINT((55.,-9.90060996005559,3.15960065519198));
#1510= IFCCARTESIANPOINT((55.,-4.79000000000087,-3.61400000000003));
#1511= IFCCARTESIANPOINT((-55.,-4.79000000000087,-3.61400000000003));
#1512= IFCCARTESIANPOINT((-55.,-9.90060996005559,3.15960065519198));
#1513= IFCPOLYLOOP((#1509,#1510,#1511,#1512));
#1514= IFCFACEOUTERBOUND(#1513,.T.);
#1515= IFCFACE((#1514));
#1516= IFCCARTESIANPOINT((55.,-11.5636006552049,-8.72460996004133));
#1517= IFCCARTESIANPOINT((-55.,-11.5636006552049,-8.72460996004133));
#1518= IFCPOLYLOOP((#1510,#1516,#1517,#1511));
#1519= IFCFACEOUTERBOUND(#1518,.T.);
#1520= IFCFACE((#1519));
#1521= IFCPOLYLOOP((#1516,#1509,#1512,#1517));
#1522= IFCFACEOUTERBOUND(#1521,.T.);
#1523= IFCFACE((#1522));
#1524= IFCPOLYLOOP((#1517,#1512,#1511));
#1525= IFCFACEOUTERBOUND(#1524,.T.);
#1526= IFCFACE((#1525));
#1527= IFCPOLYLOOP((#1516,#1510,#1509));
#1528= IFCFACEOUTERBOUND(#1527,.T.);
#1529= IFCFACE((#1528));
#1530= IFCCLOSEDSHELL((#1494,#1499,#1502,#1505,#1508,#1515,#1520,#1523,#1526,#1529));
#1531= IFCFACETEDBREP(#1530);
#1532= IFCSHAPEREPRESENTATION(#12,'Body','Brep',(#1531));
#1533= IFCPOLYLINE((#1489,#1490));
#1534= IFCCARTESIANPOINT((55.,-3.61400000000003,4.79000000000087));
#1535= IFCCARTESIANPOINT((-55.,-3.61400000000003,4.79000000000087));
#1536= IFCPOLYLINE((#1534,#1535));
#1537= IFCSHAPEREPRESENTATION(#13,'Axis','GeometricCurveSet',(#1533,#1536));
#1538= IFCPRODUCTDEFINITIONSHAPE($,$,(#1532,#1537));
#1539= IFCFASTENER('39OTYKjVL3OA6pP4UiFESK',#1424,'Weld',$,$,#1487,#1538,'IDc961d894-b5f5-4360-a1b3-6447ac3ce714');
#1540= IFCPROPERTYSINGLEVALUE('WeldID',$,IFCINTEGER(97070817),$);
#1541= IFCPROPERTYSINGLEVALUE('l',$,IFCPOSITIVELENGTHMEASURE(110.),$);
#1542= IFCPROPERTYSET('1YsCoTL_13CAlX0QYayn0v',#5,'AISC_EM11_Pset_Weld','WeldIdentity',(#131,#132,#133,#134,#1540,#136,#137,#138,#1541,#140,#1483,#142,#143,#144,#145,#146));
#1543= IFCCARTESIANPOINT((23372.397,1599.366,23455.));
#1544= IFCDIRECTION((-0.798276835067301,0.602290706050602,0.));
#1545= IFCAXIS2PLACEMENT3D(#1543,#9,#1544);
#1546= IFCLOCALPLACEMENT(#45,#1545);
#1547= IFCCARTESIANPOINT((-3.00021232582731,0.,8.48528137424));
#1548= IFCCARTESIANPOINT((3.00021232582003,-5.45696821063757E-12,8.48528137424));
#1549= IFCPOLYLOOP((#1430,#1547,#1548,#1431));
#1550= IFCFACEOUTERBOUND(#1549,.T.);
#1551= IFCFACE((#1550));
#1552= IFCCARTESIANPOINT((-3.00021232582731,-8.48528137423637,0.));
#1553= IFCCARTESIANPOINT((3.00021232581275,-8.48528137424546,0.));
#1554= IFCPOLYLOOP((#1547,#1552,#1553,#1548));
#1555= IFCFACEOUTERBOUND(#1554,.T.);
#1556= IFCFACE((#1555));
#1557= IFCPOLYLOOP((#1552,#1430,#1431,#1553));
#1558= IFCFACEOUTERBOUND(#1557,.T.);
#1559= IFCFACE((#1558));
#1560= IFCPOLYLOOP((#1553,#1431,#1548));
#1561= IFCFACEOUTERBOUND(#1560,.T.);
#1562= IFCFACE((#1561));
#1563= IFCPOLYLOOP((#1552,#1547,#1430));
#1564= IFCFACEOUTERBOUND(#1563,.T.);
#1565= IFCFACE((#1564));
#1566= IFCCLOSEDSHELL((#1551,#1556,#1559,#1562,#1565));
#1567= IFCFACETEDBREP(#1566);
#1568= IFCSHAPEREPRESENTATION(#12,'Body','Brep',(#1567));
#1569= IFCSHAPEREPRESENTATION(#13,'Axis','GeometricCurveSet',(#1474));
#1570= IFCPRODUCTDEFINITIONSHAPE($,$,(#1568,#1569));
#1571= IFCFASTENER('1nke3409178uMggFzJLfsx',#1424,'Weld',$,$,#1546,#1570,'ID71ba80c4-0090-4723-85aa-a8ff53569dbb');
#1572= IFCPROPERTYSINGLEVALUE('WeldID',$,IFCINTEGER(97070794),$);
#1573= IFCPROPERTYSET('0l0_cVJV9AQPbQU7oy_HWh',#5,'AISC_EM11_Pset_Weld','WeldIdentity',(#131,#132,#133,#134,#1572,#136,#137,#138,#1482,#140,#1483,#142,#143,#144,#145,#146));
#1574= IFCCARTESIANPOINT((23347.689,1561.6365,23294.8));
#1575= IFCDIRECTION((-0.602289094799953,-0.798278050734863,0.));
#1576= IFCAXIS2PLACEMENT3D(#1574,#9,#1575);
#1577= IFCLOCALPLACEMENT(#45,#1576);
#1578= IFCCARTESIANPOINT((-44.9999846138853,1.09139364212751E-11,0.));
#1579= IFCCARTESIANPOINT((-44.9999846138853,1.09139364212751E-11,-8.48528137424));
#1580= IFCCARTESIANPOINT((44.9999846138799,0.,-8.48528137424));
#1581= IFCCARTESIANPOINT((44.9999846138799,0.,0.));
#1582= IFCPOLYLOOP((#1578,#1579,#1580,#1581));
#1583= IFCFACEOUTERBOUND(#1582,.T.);
#1584= IFCFACE((#1583));
#1585= IFCCARTESIANPOINT((-44.9999846138835,8.48528137423637,0.));
#1586= IFCCARTESIANPOINT((44.999984613878,8.48528137422909,0.));
#1587= IFCPOLYLOOP((#1579,#1585,#1586,#1580));
#1588= IFCFACEOUTERBOUND(#1587,.T.);
#1589= IFCFACE((#1588));
#1590= IFCPOLYLOOP((#1585,#1578,#1581,#1586));
#1591= IFCFACEOUTERBOUND(#1590,.T.);
#1592= IFCFACE((#1591));
#1593= IFCPOLYLOOP((#1586,#1581,#1580));
#1594= IFCFACEOUTERBOUND(#1593,.T.);
#1595= IFCFACE((#1594));
#1596= IFCPOLYLOOP((#1585,#1579,#1578));
#1597= IFCFACEOUTERBOUND(#1596,.T.);
#1598= IFCFACE((#1597));
#1599= IFCCARTESIANPOINT((44.9999725027537,-6.00042465162187,0.));
#1600= IFCCARTESIANPOINT((44.9999725027501,-6.00042465161459,-8.48528137424));
#1601= IFCCARTESIANPOINT((-44.9999967250096,-6.00042465160732,-8.48528137424));
#1602= IFCCARTESIANPOINT((-44.999996725006,-6.00042465161096,0.));
#1603= IFCPOLYLOOP((#1599,#1600,#1601,#1602));
#1604= IFCFACEOUTERBOUND(#1603,.T.);
#1605= IFCFACE((#1604));
#1606= IFCCARTESIANPOINT((44.9999725027501,-14.485706025851,0.));
#1607= IFCCARTESIANPOINT((-44.9999967250114,-14.48570602584,0.));
#1608= IFCPOLYLOOP((#1600,#1606,#1607,#1601));
#1609= IFCFACEOUTERBOUND(#1608,.T.);
#1610= IFCFACE((#1609));
#1611= IFCPOLYLOOP((#1606,#1599,#1602,#1607));
#1612= IFCFACEOUTERBOUND(#1611,.T.);
#1613= IFCFACE((#1612));
#1614= IFCPOLYLOOP((#1607,#1602,#1601));
#1615= IFCFACEOUTERBOUND(#1614,.T.);
#1616= IFCFACE((#1615));
#1617= IFCPOLYLOOP((#1606,#1600,#1599));
#1618= IFCFACEOUTERBOUND(#1617,.T.);
#1619= IFCFACE((#1618));
#1620= IFCCLOSEDSHELL((#1584,#1589,#1592,#1595,#1598,#1605,#1610,#1613,#1616,#1619));
#1621= IFCFACETEDBREP(#1620);
#1622= IFCSHAPEREPRESENTATION(#12,'Body','Brep',(#1621));
#1623= IFCPOLYLINE((#1578,#1581));
#1624= IFCCARTESIANPOINT((44.9999725027428,0.,6.00042465160004));
#1625= IFCCARTESIANPOINT((-44.999996724986,0.,6.0004246516437));
#1626= IFCPOLYLINE((#1624,#1625));
#1627= IFCSHAPEREPRESENTATION(#13,'Axis','GeometricCurveSet',(#1623,#1626));
#1628= IFCPRODUCTDEFINITIONSHAPE($,$,(#1622,#1627));
#1629= IFCFASTENER('25Q2mxYY10Gu9HkXp2jXKi',#1424,'Weld',$,$,#1577,#1628,'ID85682c3b-8a20-4043-8251-ba1cc2b6152c');
#1630= IFCPROPERTYSINGLEVALUE('WeldID',$,IFCINTEGER(97070708),$);
#1631= IFCPROPERTYSINGLEVALUE('l',$,IFCPOSITIVELENGTHMEASURE(90.),$);
#1632= IFCPROPERTYSET('2hRMIyWnj09wIxhhonFhXP',#5,'AISC_EM11_Pset_Weld','WeldIdentity',(#131,#132,#133,#134,#1630,#136,#137,#138,#1631,#140,#1483,#142,#143,#144,#145,#146));
#1633= IFCDIRECTION((0.798278050734863,-0.602289094799954,0.));
#1634= IFCAXIS2PLACEMENT3D(#1574,#1633,#1575);
#1635= IFCLOCALPLACEMENT(#45,#1634);
#1636= IFCPOLYLOOP((#1578,#1585,#1586,#1581));
#1637= IFCFACEOUTERBOUND(#1636,.T.);
#1638= IFCFACE((#1637));
#1639= IFCCARTESIANPOINT((-44.9999846138817,0.,8.48528137423273));
#1640= IFCCARTESIANPOINT((44.9999846138817,0.,8.48528137422545));
#1641= IFCPOLYLOOP((#1585,#1639,#1640,#1586));
#1642= IFCFACEOUTERBOUND(#1641,.T.);
#1643= IFCFACE((#1642));
#1644= IFCPOLYLOOP((#1639,#1578,#1581,#1640));
#1645= IFCFACEOUTERBOUND(#1644,.T.);
#1646= IFCFACE((#1645));
#1647= IFCPOLYLOOP((#1640,#1581,#1586));
#1648= IFCFACEOUTERBOUND(#1647,.T.);
#1649= IFCFACE((#1648));
#1650= IFCPOLYLOOP((#1639,#1585,#1578));
#1651= IFCFACEOUTERBOUND(#1650,.T.);
#1652= IFCFACE((#1651));
#1653= IFCCARTESIANPOINT((44.9999725027556,0.,-6.00042465162551));
#1654= IFCCARTESIANPOINT((44.9999725027556,8.48528137424,-6.00042465161823));
#1655= IFCCARTESIANPOINT((-44.999996725006,8.48528137424,-6.00042465161096));
#1656= IFCCARTESIANPOINT((-44.9999967250042,0.,-6.00042465161459));
#1657= IFCPOLYLOOP((#1653,#1654,#1655,#1656));
#1658= IFCFACEOUTERBOUND(#1657,.T.);
#1659= IFCFACE((#1658));
#1660= IFCCARTESIANPOINT((44.9999725027537,0.,-14.4857060258546));
#1661= IFCCARTESIANPOINT((-44.9999967250078,0.,-14.4857060258437));
#1662= IFCPOLYLOOP((#1654,#1660,#1661,#1655));
#1663= IFCFACEOUTERBOUND(#1662,.T.);
#1664= IFCFACE((#1663));
#1665= IFCPOLYLOOP((#1660,#1653,#1656,#1661));
#1666= IFCFACEOUTERBOUND(#1665,.T.);
#1667= IFCFACE((#1666));
#1668= IFCPOLYLOOP((#1661,#1656,#1655));
#1669= IFCFACEOUTERBOUND(#1668,.T.);
#1670= IFCFACE((#1669));
#1671= IFCPOLYLOOP((#1660,#1654,#1653));
#1672= IFCFACEOUTERBOUND(#1671,.T.);
#1673= IFCFACE((#1672));
#1674= IFCCLOSEDSHELL((#1638,#1643,#1646,#1649,#1652,#1659,#1664,#1667,#1670,#1673));
#1675= IFCFACETEDBREP(#1674);
#1676= IFCSHAPEREPRESENTATION(#12,'Body','Brep',(#1675));
#1677= IFCPOLYLINE((#1599,#1602));
#1678= IFCSHAPEREPRESENTATION(#13,'Axis','GeometricCurveSet',(#1623,#1677));
#1679= IFCPRODUCTDEFINITIONSHAPE($,$,(#1676,#1678));
#1680= IFCFASTENER('2pgiF4Eo5Cdhhnw8pmDuyL',#1424,'Weld',$,$,#1635,#1679,'IDb3aac3c4-3b21-4c9e-baf1-e88cf0378f15');
#1681= IFCPROPERTYSINGLEVALUE('WeldID',$,IFCINTEGER(97070679),$);
#1682= IFCPROPERTYSET('3jN$MqdLnFiuYN32DImp4W',#5,'AISC_EM11_Pset_Weld','WeldIdentity',(#131,#132,#133,#134,#1681,#136,#137,#138,#1631,#140,#1483,#142,#143,#144,#145,#146));
#1683= IFCCARTESIANPOINT((23372.397,1599.366,23295.));
#1684= IFCAXIS2PLACEMENT3D(#1683,#839,#1426);
#1685= IFCLOCALPLACEMENT(#45,#1684);
#1686= IFCSHAPEREPRESENTATION(#12,'Body','Brep',(#1567));
#1687= IFCSHAPEREPRESENTATION(#13,'Axis','GeometricCurveSet',(#1474));
#1688= IFCPRODUCTDEFINITIONSHAPE($,$,(#1686,#1687));
#1689= IFCFASTENER('2HgyGqE8TA1v11cAn_fX8O',#1424,'Weld',$,$,#1685,#1688,'ID91abc434-3887-4a07-9041-98ac7ea61218');
#1690= IFCPROPERTYSINGLEVALUE('WeldID',$,IFCINTEGER(97070656),$);
#1691= IFCPROPERTYSET('20xqA7J9n4neEt1M5G9mxR',#5,'AISC_EM11_Pset_Weld','WeldIdentity',(#131,#132,#133,#134,#1690,#136,#137,#138,#1482,#140,#1483,#142,#143,#144,#145,#146));
#1692= IFCCARTESIANPOINT((23372.3969432344,1599.36568615613,23295.));
#1693= IFCDIRECTION((0.602291159792051,0.798276492724386,0.));
#1694= IFCAXIS2PLACEMENT3D(#1692,#1693,#1426);
#1695= IFCLOCALPLACEMENT(#42,#1694);
#1696= IFCCARTESIANPOINT((-41.0000000001237,-1.70621206052601E-09,-8.42192093841732E-10));
#1697= IFCCARTESIANPOINT((-41.0000000001164,-1.70621206052601E-09,-8.48528137509129));
#1698= IFCCARTESIANPOINT((41.0000000001346,-1.70621206052601E-09,-8.48528137488029));
#1699= IFCCARTESIANPOINT((41.0000000001346,-1.70621206052601E-09,-6.34827301837504E-10));
#1700= IFCPOLYLOOP((#1696,#1697,#1698,#1699));
#1701= IFCFACEOUTERBOUND(#1700,.T.);
#1702= IFCFACE((#1701));
#1703= IFCCARTESIANPOINT((-41.0000000001237,8.48528137253379,-8.42192093841732E-10));
#1704= IFCCARTESIANPOINT((41.0000000001346,8.48528137253379,-6.34827301837504E-10));
#1705= IFCPOLYLOOP((#1697,#1703,#1704,#1698));
#1706= IFCFACEOUTERBOUND(#1705,.T.);
#1707= IFCFACE((#1706));
#1708= IFCPOLYLOOP((#1703,#1696,#1699,#1704));
#1709= IFCFACEOUTERBOUND(#1708,.T.);
#1710= IFCFACE((#1709));
#1711= IFCPOLYLOOP((#1704,#1699,#1698));
#1712= IFCFACEOUTERBOUND(#1711,.T.);
#1713= IFCFACE((#1712));
#1714= IFCPOLYLOOP((#1703,#1697,#1696));
#1715= IFCFACEOUTERBOUND(#1714,.T.);
#1716= IFCFACE((#1715));
#1717= IFCCLOSEDSHELL((#1702,#1707,#1710,#1713,#1716));
#1718= IFCFACETEDBREP(#1717);
#1719= IFCSHAPEREPRESENTATION(#12,'Body','Brep',(#1718));
#1720= IFCPOLYLINE((#1696,#1699));
#1721= IFCSHAPEREPRESENTATION(#13,'Axis','GeometricCurveSet',(#1720,#1720));
#1722= IFCPRODUCTDEFINITIONSHAPE($,$,(#1719,#1721));
#1723= IFCFASTENER('1Jkb53Di1DDRoKGsPtpJbA',#44,'Weld',$,$,#1695,#1722,'ID53ba5143-36c0-4d35-bc94-436677cd394a');
#1724= IFCPROPERTYSINGLEVALUE('WeldID',$,IFCINTEGER(97070576),$);
#1725= IFCPROPERTYSINGLEVALUE('l',$,IFCPOSITIVELENGTHMEASURE(82.),$);
#1726= IFCPROPERTYSET('01CT97HoX7LvaL_QlymIkz',#5,'AISC_EM11_Pset_Weld','WeldIdentity',(#131,#132,#133,#134,#1724,#136,#137,#138,#1725,#140,#1483,#142,#143,#144,#145,#146));
#1727= IFCCARTESIANPOINT((23377.728,1595.344,23414.8));
#1728= IFCAXIS2PLACEMENT3D(#1727,#902,#9);
#1729= IFCLOCALPLACEMENT(#45,#1728);
#1730= IFCCARTESIANPOINT((-32.7999999999993,0.,0.));
#1731= IFCCARTESIANPOINT((-32.7999999999993,-6.7034060949461,0.));
#1732= IFCCARTESIANPOINT((32.7999999999993,-6.7034060949461,0.));
#1733= IFCCARTESIANPOINT((32.7999999999993,0.,0.));
#1734= IFCPOLYLOOP((#1730,#1731,#1732,#1733));
#1735= IFCFACEOUTERBOUND(#1734,.T.);
#1736= IFCFACE((#1735));
#1737= IFCCARTESIANPOINT((-32.7999999999993,-4.03740223147815,-5.35117150678343));
#1738= IFCCARTESIANPOINT((32.7999999999993,-4.03740223147815,-5.35117150678343));
#1739= IFCPOLYLOOP((#1731,#1737,#1738,#1732));
#1740= IFCFACEOUTERBOUND(#1739,.T.);
#1741= IFCFACE((#1740));
#1742= IFCPOLYLOOP((#1737,#1730,#1733,#1738));
#1743= IFCFACEOUTERBOUND(#1742,.T.);
#1744= IFCFACE((#1743));
#1745= IFCPOLYLOOP((#1738,#1733,#1732));
#1746= IFCFACEOUTERBOUND(#1745,.T.);
#1747= IFCFACE((#1746));
#1748= IFCPOLYLOOP((#1737,#1731,#1730));
#1749= IFCFACEOUTERBOUND(#1748,.T.);
#1750= IFCFACE((#1749));
#1751= IFCCARTESIANPOINT((32.7999999999993,3.77199999999993,5.));
#1752= IFCCARTESIANPOINT((32.7999999999993,-9.68299764093217,5.));
#1753= IFCCARTESIANPOINT((-32.7999999999993,-9.68299764093217,5.));
#1754= IFCCARTESIANPOINT((-32.7999999999993,3.77199999999993,5.));
#1755= IFCPOLYLOOP((#1751,#1752,#1753,#1754));
#1756= IFCFACEOUTERBOUND(#1755,.T.);
#1757= IFCFACE((#1756));
#1758= IFCCARTESIANPOINT((32.7999999999993,11.8758261341484,15.7408083264236));
#1759= IFCCARTESIANPOINT((-32.7999999999993,11.8758261341484,15.7408083264236));
#1760= IFCPOLYLOOP((#1752,#1758,#1759,#1753));
#1761= IFCFACEOUTERBOUND(#1760,.T.);
#1762= IFCFACE((#1761));
#1763= IFCPOLYLOOP((#1758,#1751,#1754,#1759));
#1764= IFCFACEOUTERBOUND(#1763,.T.);
#1765= IFCFACE((#1764));
#1766= IFCPOLYLOOP((#1759,#1754,#1753));
#1767= IFCFACEOUTERBOUND(#1766,.T.);
#1768= IFCFACE((#1767));
#1769= IFCPOLYLOOP((#1758,#1752,#1751));
#1770= IFCFACEOUTERBOUND(#1769,.T.);
#1771= IFCFACE((#1770));
#1772= IFCCLOSEDSHELL((#1736,#1741,#1744,#1747,#1750,#1757,#1762,#1765,#1768,#1771));
#1773= IFCFACETEDBREP(#1772);
#1774= IFCSHAPEREPRESENTATION(#12,'Body','Brep',(#1773));
#1775= IFCPOLYLINE((#1730,#1733));
#1776= IFCCARTESIANPOINT((32.7999999999993,5.,-3.77199999999993));
#1777= IFCCARTESIANPOINT((-32.7999999999993,5.,-3.77199999999993));
#1778= IFCPOLYLINE((#1776,#1777));
#1779= IFCSHAPEREPRESENTATION(#13,'Axis','GeometricCurveSet',(#1775,#1778));
#1780= IFCPRODUCTDEFINITIONSHAPE($,$,(#1774,#1779));
#1781= IFCFASTENER('0lDR9Hrz1CwPE4xAdEgNHm',#1424,'Weld',$,$,#1729,#1780,'ID2f35b251-d7d0-4ce9-9384-eca9cea97470');
#1782= IFCPROPERTYSINGLEVALUE('WeldID',$,IFCINTEGER(97070547),$);
#1783= IFCPROPERTYSINGLEVALUE('l',$,IFCPOSITIVELENGTHMEASURE(65.6),$);
#1784= IFCPROPERTYSET('3PCKBgnzLAHeYutiVsmVQv',#5,'AISC_EM11_Pset_Weld','WeldIdentity',(#131,#132,#133,#134,#1782,#136,#137,#138,#1783,#140,#1483,#142,#143,#144,#145,#146));
#1785= IFCCARTESIANPOINT((23345.2938410437,1563.44324398354,23455.19999981));
#1786= IFCDIRECTION((-0.602291159792053,-0.798276492724384,0.));
#1787= IFCAXIS2PLACEMENT3D(#1785,#9,#1786);
#1788= IFCLOCALPLACEMENT(#45,#1787);
#1789= IFCRECTANGLEPROFILEDEF(.AREA.,'PL6*90',#1069,6.,90.);
#1790= IFCCARTESIANPOINT((0.,-3.63797880709171E-12,129.999999999996));
#1791= IFCAXIS2PLACEMENT3D(#1790,#839,#8);
#1792= IFCEXTRUDEDAREASOLID(#1789,#1791,#9,130.);
#1793= IFCSHAPEREPRESENTATION(#12,'Body','SweptSolid',(#1792));
#1794= IFCPRODUCTDEFINITIONSHAPE($,$,(#1793));
#1795= IFCDISCRETEACCESSORY('0UpswVrEvCd92famLYKgoT',#44,'Support section',$,$,#1788,#1794,'1195');
#1796= IFCLOCALPLACEMENT(#45,#1787);
#1797= IFCCARTESIANPOINT((21.0000000000218,0.));
#1798= IFCCARTESIANPOINT((0.,21.));
#1799= IFCPOLYLINE((#1068,#1797,#1798,#1068));
#1800= IFCARBITRARYCLOSEDPROFILEDEF(.AREA.,'PL6*21',#1799);
#1801= IFCCARTESIANPOINT((-45.5000000000472,-2.9999999999236,130.499999999996));
#1802= IFCAXIS2PLACEMENT3D(#1801,#8,#7);
#1803= IFCEXTRUDEDAREASOLID(#1800,#1802,#9,6.);
#1804= IFCSHAPEREPRESENTATION(#12,'Body','SweptSolid',(#1803));
#1805= IFCPRODUCTDEFINITIONSHAPE($,$,(#1804));
#1806= IFCOPENINGELEMENT('3ZLLApBWnC4gRNjZPcJQd_',#5,$,$,'Recess',#1796,#1805,$);
#1807= IFCRELVOIDSELEMENT('2UxoLVenT9cAy4KCWNMOzw',#5,$,$,#1795,#1806);
#1808= IFCPROPERTYSINGLEVALUE('RectangleOpeningWidth',$,IFCPOSITIVELENGTHMEASURE(6.),$);
#1809= IFCPROPERTYSINGLEVALUE('RectangleOpeningHeight',$,IFCPOSITIVELENGTHMEASURE(6.),$);
#1810= IFCPROPERTYSET('2ux1Z01CD2sRYI9FWkJLGw',#5,'AISC_EM11_Pset_Opening/Cope',$,(#1400,#1808,#1809,#1189));
#1811= IFCLOCALPLACEMENT(#45,#1787);
#1812= IFCCARTESIANPOINT((21.0000000000236,21.));
#1813= IFCPOLYLINE((#1068,#1797,#1812,#1068));
#1814= IFCARBITRARYCLOSEDPROFILEDEF(.AREA.,'PL6*21',#1813);
#1815= IFCCARTESIANPOINT((-24.5000000000255,-2.99999999996362,-290.899999620004));
#1816= IFCAXIS2PLACEMENT3D(#1815,#8,#902);
#1817= IFCEXTRUDEDAREASOLID(#1814,#1816,#9,6.);
#1818= IFCSHAPEREPRESENTATION(#12,'Body','SweptSolid',(#1817));
#1819= IFCPRODUCTDEFINITIONSHAPE($,$,(#1818));
#1820= IFCOPENINGELEMENT('269ymcuPrAZB8LpX_OCWZt',#5,$,$,'Recess',#1811,#1819,$);
#1821= IFCRELVOIDSELEMENT('1alOXKdMj5sh6fowbh5rvH',#5,$,$,#1795,#1820);
#1822= IFCPROPERTYSINGLEVALUE('IndicationMark',$,IFCIDENTIFIER('1195'),$);
#1823= IFCPROPERTYSET('3MbLKYHLXEHOGhp$mF_iGs',#5,'AISC_EM11_Pset_PieceIdentification','PieceIdentity',(#1191,#1822,#1193,#1194));
#1824= IFCCARTESIANPOINT((23345.2938410437,1563.44324398354,23294.80000019));
#1825= IFCAXIS2PLACEMENT3D(#1824,#1786,#839);
#1826= IFCLOCALPLACEMENT(#45,#1825);
#1827= IFCCARTESIANPOINT((130.000000000004,-3.63797880709171E-12,0.));
#1828= IFCAXIS2PLACEMENT3D(#1827,#902,#1160);
#1829= IFCEXTRUDEDAREASOLID(#1789,#1828,#9,130.);
#1830= IFCSHAPEREPRESENTATION(#12,'Body','SweptSolid',(#1829));
#1831= IFCPRODUCTDEFINITIONSHAPE($,$,(#1830));
#1832= IFCDISCRETEACCESSORY('0sqj$RNSP048BpphgddaoO',#44,'Support section',$,$,#1826,#1831,'1195');
#1833= IFCLOCALPLACEMENT(#45,#1825);
#1834= IFCCARTESIANPOINT((130.500000000004,3.0000000000764,-45.5000000000474));
#1835= IFCAXIS2PLACEMENT3D(#1834,#1160,#9);
#1836= IFCEXTRUDEDAREASOLID(#1800,#1835,#9,6.);
#1837= IFCSHAPEREPRESENTATION(#12,'Body','SweptSolid',(#1836));
#1838= IFCPRODUCTDEFINITIONSHAPE($,$,(#1837));
#1839= IFCOPENINGELEMENT('0yAiwNXaP4CQD56gnfcNP6',#5,$,$,'Recess',#1833,#1838,$);
#1840= IFCRELVOIDSELEMENT('0MFv4v6dzDnfrXWvy5dnwo',#5,$,$,#1832,#1839);
#1841= IFCLOCALPLACEMENT(#45,#1825);
#1842= IFCCARTESIANPOINT((-290.899999619996,3.00000000004729,-24.5000000000255));
#1843= IFCAXIS2PLACEMENT3D(#1842,#1160,#839);
#1844= IFCEXTRUDEDAREASOLID(#1814,#1843,#9,6.);
#1845= IFCSHAPEREPRESENTATION(#12,'Body','SweptSolid',(#1844));
#1846= IFCPRODUCTDEFINITIONSHAPE($,$,(#1845));
#1847= IFCOPENINGELEMENT('3sjWpZCRzA3foTCv2rGLnj',#5,$,$,'Recess',#1841,#1846,$);
#1848= IFCRELVOIDSELEMENT('0UlFRkzSDF8xkkG$hc6cX4',#5,$,$,#1832,#1847);
#1849= IFCCARTESIANPOINT((23375.2277115708,1126.60679726765,23410.));
#1850= IFCAXIS2PLACEMENT3D(#1849,#8,#839);
#1851= IFCLOCALPLACEMENT(#45,#1850);
#1852= IFCCARTESIANPOINT((0.,-10.42,0.));
#1853= IFCAXIS2PLACEMENT3D(#1852,#8,#7);
#1854= IFCEXTRUDEDAREASOLID(#1215,#1853,#9,7.92);
#1855= IFCCARTESIANPOINT((0.,-2.5,0.));
#1856= IFCAXIS2PLACEMENT3D(#1855,#8,#7);
#1857= IFCEXTRUDEDAREASOLID(#1219,#1856,#9,35.);
#1858= IFCCARTESIANPOINT((0.,8.50000000000192,0.));
#1859= IFCAXIS2PLACEMENT3D(#1858,#8,#7);
#1860= IFCEXTRUDEDAREASOLID(#1168,#1859,#9,8.);
#1861= IFCCARTESIANPOINT((0.,16.5000000000019,0.));
#1862= IFCAXIS2PLACEMENT3D(#1861,#8,#7);
#1863= IFCEXTRUDEDAREASOLID(#1233,#1862,#9,10.);
#1864= IFCCARTESIANPOINT((0.,0.,-22.5));
#1865= IFCCARTESIANTRANSFORMATIONOPERATOR3D($,$,#1864,$,$);
#1866= IFCSHAPEREPRESENTATION(#12,'Body','SweptSolid',(#1854,#1857,#1860,#1863));
#1867= IFCREPRESENTATIONMAP(#10,#1866);
#1868= IFCMAPPEDITEM(#1867,#1865);
#1869= IFCCARTESIANPOINT((70.,0.,-22.5));
#1870= IFCCARTESIANTRANSFORMATIONOPERATOR3D($,$,#1869,$,$);
#1871= IFCMAPPEDITEM(#1867,#1870);
#1872= IFCCARTESIANPOINT((0.,0.,22.5));
#1873= IFCCARTESIANTRANSFORMATIONOPERATOR3D($,$,#1872,$,$);
#1874= IFCMAPPEDITEM(#1867,#1873);
#1875= IFCCARTESIANPOINT((70.,0.,22.5));
#1876= IFCCARTESIANTRANSFORMATIONOPERATOR3D($,$,#1875,$,$);
#1877= IFCMAPPEDITEM(#1867,#1876);
#1878= IFCSHAPEREPRESENTATION(#12,'Body','MappedRepresentation',(#1868,#1871,#1874,#1877));
#1879= IFCPOLYLINE((#1852,#1252));
#1880= IFCSHAPEREPRESENTATION(#12,'Axis','GeometricCurveSet',(#1879));
#1881= IFCREPRESENTATIONMAP(#10,#1880);
#1882= IFCMAPPEDITEM(#1881,#1865);
#1883= IFCMAPPEDITEM(#1881,#1870);
#1884= IFCMAPPEDITEM(#1881,#1873);
#1885= IFCMAPPEDITEM(#1881,#1876);
#1886= IFCSHAPEREPRESENTATION(#12,'Axis','MappedRepresentation',(#1882,#1883,#1884,#1885));
#1887= IFCPRODUCTDEFINITIONSHAPE($,$,(#1878,#1886));
#1888= IFCMECHANICALFASTENER('1IO2uLtxPErPa3PZE143My',#1424,'Bolt assembly',$,$,#1851,#1887,'ID52602e15-dfb6-4ed5-9903-6633811035bc',12.,35.);
#1889= IFCCARTESIANPOINT((23375.2277115708,1086.60704522298,23375.));
#1890= IFCAXIS2PLACEMENT3D(#1889,#9,#8);
#1891= IFCLOCALPLACEMENT(#45,#1890);
#1892= IFCISHAPEPROFILEDEF(.AREA.,'IPE160',#1069,82.,160.,5.,7.400000095,9.);
#1893= IFCCARTESIANPOINT((541.866262658661,0.,0.));
#1894= IFCAXIS2PLACEMENT3D(#1893,#902,#1160);
#1895= IFCEXTRUDEDAREASOLID(#1892,#1894,#9,583.11);
#1896= IFCCARTESIANPOINT((512.758640933065,2.83076833623272,580.));
#1897= IFCAXIS2PLACEMENT3D(#1896,#1426,#1693);
#1898= IFCPLANE(#1897);
#1899= IFCHALFSPACESOLID(#1898,.F.);
#1900= IFCBOOLEANCLIPPINGRESULT(.DIFFERENCE.,#1895,#1899);
#1901= IFCCARTESIANPOINT((-10.0002479553223,0.,-180.));
#1902= IFCAXIS2PLACEMENT3D(#1901,#7,#1160);
#1903= IFCPLANE(#1902);
#1904= IFCHALFSPACESOLID(#1903,.T.);
#1905= IFCBOOLEANCLIPPINGRESULT(.DIFFERENCE.,#1900,#1904);
#1906= IFCSHAPEREPRESENTATION(#12,'Body','Clipping',(#1905));
#1907= IFCPRODUCTDEFINITIONSHAPE($,$,(#1906));
#1908= IFCDISCRETEACCESSORY('2GVO_9QKT64fDgqfPQnAQf',#44,'Support section',$,$,#1891,#1907,'b/1007');
#1909= IFCLOCALPLACEMENT(#45,#1850);
#1910= IFCCIRCLEPROFILEDEF(.AREA.,$,#1069,7.5);
#1911= IFCCARTESIANPOINT((0.,-2.6,0.));
#1912= IFCAXIS2PLACEMENT3D(#1911,#8,#7);
#1913= IFCEXTRUDEDAREASOLID(#1910,#1912,#9,5.2);
#1914= IFCSHAPEREPRESENTATION(#12,'Body','SweptSolid',(#1913));
#1915= IFCREPRESENTATIONMAP(#10,#1914);
#1916= IFCMAPPEDITEM(#1915,#1865);
#1917= IFCMAPPEDITEM(#1915,#1870);
#1918= IFCMAPPEDITEM(#1915,#1873);
#1919= IFCMAPPEDITEM(#1915,#1876);
#1920= IFCSHAPEREPRESENTATION(#12,'Body','MappedRepresentation',(#1916,#1917,#1918,#1919));
#1921= IFCPRODUCTDEFINITIONSHAPE($,$,(#1920));
#1922= IFCOPENINGELEMENT('0qZCTLVHf81ONzG5BpjkXo',#5,$,$,'Opening',#1909,#1921,$);
#1923= IFCRELVOIDSELEMENT('0prZcJNwv4WfY7Z7D2Q0qh',#5,'Drill Hole',$,#1908,#1922);
#1924= IFCPROPERTYSINGLEVALUE('IndicationMark',$,IFCIDENTIFIER('b/1007'),$);
#1925= IFCPROPERTYSET('2DZ8jA8Cf5kvFlxOI4QjeD',#5,'AISC_EM11_Pset_PieceIdentification','PieceIdentity',(#1403,#1924,#1193,#1194));
#1926= IFCOWNERHISTORY(#3,#4,$,.NOCHANGE.,$,$,$,1773414000);
#1927= IFCOWNERHISTORY(#3,#4,$,.NOCHANGE.,$,$,$,1774018800);
#1928= IFCLOCALPLACEMENT(#42,#10);
#1929= IFCELEMENTASSEMBLY('0knnonS05D7ONJTiSU0fVq',#1927,'BEAM',$,$,#1928,$,'B/274',.NOTDEFINED.,.RIGID_FRAME.);
#1930= IFCPROPERTYSINGLEVALUE('AssemblyMark',$,IFCIDENTIFIER('B/274'),$);
#1931= IFCPROPERTYSET('1ddyN_ksb7hgz824P7ZqSR',#5,'AISC_EM11_Pset_AssemblyIdentification','AssemblyIdentity',(#1930,#52,#53));
#1932= IFCCARTESIANPOINT((25575.7692478184,1034.10549435756,19184.));
#1933= IFCDIRECTION((0.999999999826778,-1.86129999967761E-05,0.));
#1934= IFCAXIS2PLACEMENT3D(#1932,#1933,#839);
#1935= IFCLOCALPLACEMENT(#1928,#1934);
#1936= IFCCARTESIANPOINT((0.,-44.4185109213058,0.));
#1937= IFCAXIS2PLACEMENT3D(#1936,#8,#7);
#1938= IFCEXTRUDEDAREASOLID(#1215,#1937,#9,7.92);
#1939= IFCCARTESIANPOINT((0.,-36.4985109213058,0.));
#1940= IFCAXIS2PLACEMENT3D(#1939,#8,#7);
#1941= IFCEXTRUDEDAREASOLID(#1219,#1940,#9,35.);
#1942= IFCCARTESIANPOINT((0.,-24.9982317736238,0.));
#1943= IFCAXIS2PLACEMENT3D(#1942,#8,#7);
#1944= IFCEXTRUDEDAREASOLID(#1168,#1943,#9,8.);
#1945= IFCCARTESIANPOINT((0.,-16.9982317736238,0.));
#1946= IFCAXIS2PLACEMENT3D(#1945,#8,#7);
#1947= IFCEXTRUDEDAREASOLID(#1233,#1946,#9,10.);
#1948= IFCSHAPEREPRESENTATION(#12,'Body','SweptSolid',(#1938,#1941,#1944,#1947));
#1949= IFCREPRESENTATIONMAP(#10,#1948);
#1950= IFCMAPPEDITEM(#1949,#1238);
#1951= IFCMAPPEDITEM(#1949,#1243);
#1952= IFCMAPPEDITEM(#1949,#1246);
#1953= IFCMAPPEDITEM(#1949,#1249);
#1954= IFCSHAPEREPRESENTATION(#12,'Body','MappedRepresentation',(#1950,#1951,#1952,#1953));
#1955= IFCPOLYLINE((#1936,#1252));
#1956= IFCSHAPEREPRESENTATION(#12,'Axis','GeometricCurveSet',(#1955));
#1957= IFCREPRESENTATIONMAP(#10,#1956);
#1958= IFCMAPPEDITEM(#1957,#1238);
#1959= IFCMAPPEDITEM(#1957,#1243);
#1960= IFCMAPPEDITEM(#1957,#1246);
#1961= IFCMAPPEDITEM(#1957,#1249);
#1962= IFCSHAPEREPRESENTATION(#12,'Axis','MappedRepresentation',(#1958,#1959,#1960,#1961));
#1963= IFCPRODUCTDEFINITIONSHAPE($,$,(#1954,#1962));
#1964= IFCMECHANICALFASTENER('03SUUGHm98WQT1RpRwCDZ4',#1926,'Bolt assembly',$,$,#1935,#1963,'ID0371e790-4702-4881-a741-6f36fa30d8c4',12.,35.);
#1965= IFCCARTESIANPOINT((25505.768,1001.608,19130.));
#1966= IFCAXIS2PLACEMENT3D(#1965,#7,#839);
#1967= IFCLOCALPLACEMENT(#45,#1966);
#1968= IFCSHAPEREPRESENTATION(#12,'Body','Brep',(#885));
#1969= IFCSHAPEREPRESENTATION(#13,'Axis','GeometricCurveSet',(#887,#890));
#1970= IFCPRODUCTDEFINITIONSHAPE($,$,(#1968,#1969));
#1971= IFCFASTENER('1n4Tms8PTFMg2TL$DxqtPW',#1926,'Weld',$,$,#1967,#1970,'ID7111dc36-2197-4f5a-a09d-57f37bd37660');
#1972= IFCPROPERTYSINGLEVALUE('WeldID',$,IFCINTEGER(96814362),$);
#1973= IFCPROPERTYSET('1M6mluzlrEleY3HmYV7lgx',#5,'AISC_EM11_Pset_Weld','WeldIdentity',(#131,#132,#133,#134,#1972,#895,#137,#138,#896,#140,#897,#898,#143,#144,#145,#146));
#1974= IFCCARTESIANPOINT((25505.7680008137,999.608286312543,18956.));
#1975= IFCDIRECTION((-1.86124646952854E-05,-0.999999999826788,-6.73875695912998E-16));
#1976= IFCDIRECTION((0.707106781125308,-1.31610000012949E-05,-0.707106781125308));
#1977= IFCAXIS2PLACEMENT3D(#1974,#1975,#1976);
#1978= IFCLOCALPLACEMENT(#45,#1977);
#1979= IFCCARTESIANPOINT((-19.7989883385733,104.651802059131));
#1980= IFCCARTESIANPOINT((-19.798987975305,132.936072943252));
#1981= IFCCARTESIANPOINT((40.3050880434275,193.040145873896));
#1982= IFCCARTESIANPOINT((-44.5477256773047,277.892974852981));
#1983= IFCCARTESIANPOINT((-104.651802422641,217.788895019551));
#1984= IFCCARTESIANPOINT((-132.93607278067,217.788895182375));
#1985= IFCCARTESIANPOINT((-221.32441711426,306.177246092568));
#1986= IFCCARTESIANPOINT((-246.073165893607,281.42849731322));
#1987= IFCCARTESIANPOINT((-246.073165893633,246.073165892372));
#1988= IFCPOLYLINE((#1068,#1333,#1334,#1979,#1980,#1981,#1982,#1983,#1984,#1985,#1986,#1987,#1068));
#1989= IFCARBITRARYCLOSEDPROFILEDEF(.AREA.,'PL4*165',#1988);
#1990= IFCEXTRUDEDAREASOLID(#1989,#1347,#9,4.);
#1991= IFCSHAPEREPRESENTATION(#12,'Body','SweptSolid',(#1990));
#1992= IFCPRODUCTDEFINITIONSHAPE($,$,(#1991));
#1993= IFCDISCRETEACCESSORY('13hNNpFRHF2w9RmFEYr1GL',#44,'Steel plate',$,$,#1978,#1992,'1066');
#1994= IFCLOCALPLACEMENT(#45,#1934);
#1995= IFCCARTESIANPOINT((0.,-36.5985109213058,0.));
#1996= IFCAXIS2PLACEMENT3D(#1995,#8,#7);
#1997= IFCEXTRUDEDAREASOLID(#1353,#1996,#9,4.2);
#1998= IFCSHAPEREPRESENTATION(#12,'Body','SweptSolid',(#1997));
#1999= IFCREPRESENTATIONMAP(#10,#1998);
#2000= IFCMAPPEDITEM(#1999,#1238);
#2001= IFCMAPPEDITEM(#1999,#1243);
#2002= IFCMAPPEDITEM(#1999,#1246);
#2003= IFCMAPPEDITEM(#1999,#1249);
#2004= IFCSHAPEREPRESENTATION(#12,'Body','MappedRepresentation',(#2000,#2001,#2002,#2003));
#2005= IFCPRODUCTDEFINITIONSHAPE($,$,(#2004));
#2006= IFCOPENINGELEMENT('3bmjaJowbE_QtjMdiIfC9p',#5,$,$,'Opening',#1994,#2005,$);
#2007= IFCRELVOIDSELEMENT('2K97R5Td5BDOnKkA4RcUWV',#5,'Drill Hole',$,#1993,#2006);
#2008= IFCPROPERTYSINGLEVALUE('IndicationMark',$,IFCIDENTIFIER('1066'),$);
#2009= IFCPROPERTYSET('3powyy98zAuv6Xd23_Y2JY',#5,'AISC_EM11_Pset_PieceIdentification','PieceIdentity',(#1191,#2008,#1193,#1194));
#2010= IFCOWNERHISTORY(#3,#4,$,.NOCHANGE.,$,$,$,1774890000);
#2011= IFCLOCALPLACEMENT(#42,#10);
#2012= IFCELEMENTASSEMBLY('06RH2brG51IALLyPoOM0Uc',#2010,'BEAM',$,$,#2011,$,'B/1023',.NOTDEFINED.,.RIGID_FRAME.);
#2013= IFCPROPERTYSINGLEVALUE('AssemblyMark',$,IFCIDENTIFIER('B/1023'),$);
#2014= IFCPROPERTYSET('2AhuaFaAn8Ofy9CFEMg535',#5,'AISC_EM11_Pset_AssemblyIdentification','AssemblyIdentity',(#2013,#52,#53));
#2015= IFCCARTESIANPOINT((25424.2692478415,1034.10810017784,19184.));
#2016= IFCAXIS2PLACEMENT3D(#2015,#838,#839);
#2017= IFCLOCALPLACEMENT(#2011,#2016);
#2018= IFCSHAPEREPRESENTATION(#12,'Body','MappedRepresentation',(#1241,#1244,#1247,#1250));
#2019= IFCSHAPEREPRESENTATION(#12,'Axis','MappedRepresentation',(#1256,#1257,#1258,#1259));
#2020= IFCPRODUCTDEFINITIONSHAPE($,$,(#2018,#2019));
#2021= IFCMECHANICALFASTENER('1rO_mjUD12FuBvDxuUahU8',#1926,'Bolt assembly',$,$,#2017,#2020,'ID7563ec2d-78d0-423f-82f9-37be1e92b788',12.,35.);
#2022= IFCCARTESIANPOINT((25494.268,997.605,19130.));
#2023= IFCAXIS2PLACEMENT3D(#2022,#902,#839);
#2024= IFCLOCALPLACEMENT(#45,#2023);
#2025= IFCSHAPEREPRESENTATION(#12,'Body','Brep',(#885));
#2026= IFCSHAPEREPRESENTATION(#13,'Axis','GeometricCurveSet',(#887,#890));
#2027= IFCPRODUCTDEFINITIONSHAPE($,$,(#2025,#2026));
#2028= IFCFASTENER('2KjFKYLoX0QOcp5ohm$3tI',#1926,'Weld',$,$,#2024,#2027,'ID94b4f522-5728-4069-89b3-172af0fc3dd2');
#2029= IFCPROPERTYSINGLEVALUE('WeldID',$,IFCINTEGER(96813327),$);
#2030= IFCPROPERTYSET('0vr2yEf1D0e9ETzq5_TD1G',#5,'AISC_EM11_Pset_Weld','WeldIdentity',(#131,#132,#133,#134,#2029,#895,#137,#138,#896,#140,#897,#898,#143,#144,#145,#146));
#2031= IFCCARTESIANPOINT((25494.2679262488,999.605308227877,18956.));
#2032= IFCAXIS2PLACEMENT3D(#2031,#1329,#1330);
#2033= IFCLOCALPLACEMENT(#45,#2032);
#2034= IFCSHAPEREPRESENTATION(#12,'Body','SweptSolid',(#1990));
#2035= IFCPRODUCTDEFINITIONSHAPE($,$,(#2034));
#2036= IFCDISCRETEACCESSORY('1s1QWfvZT8vxRmTmifAlrG',#44,'Steel plate',$,$,#2033,#2035,'1066');
#2037= IFCLOCALPLACEMENT(#45,#2016);
#2038= IFCSHAPEREPRESENTATION(#12,'Body','MappedRepresentation',(#1359,#1360,#1361,#1362));
#2039= IFCPRODUCTDEFINITIONSHAPE($,$,(#2038));
#2040= IFCOPENINGELEMENT('1RtGZUtSX2e8egW5IXkREg',#5,$,$,'Opening',#2037,#2039,$);
#2041= IFCRELVOIDSELEMENT('3b5VxdIbTFVucRrVQQKT_W',#5,'Drill Hole',$,#2036,#2040);
#2042= IFCLOCALPLACEMENT(#42,#10);
#2043= IFCELEMENTASSEMBLY('3nd8d7nvTFZA3lYAGsLWvG',#900,'PLATE',$,$,#2042,$,'A/127',.NOTDEFINED.,.RIGID_FRAME.);
#2044= IFCPROPERTYSINGLEVALUE('AssemblyMark',$,IFCIDENTIFIER('A/127'),$);
#2045= IFCPROPERTYSET('0222FEuVP5bur0w1c5bykt',#5,'AISC_EM11_Pset_AssemblyIdentification','AssemblyIdentity',(#2044,#52,#53));
#2046= IFCCARTESIANPOINT((25350.0215838765,1155.68589174066,19130.));
#2047= IFCAXIS2PLACEMENT3D(#2046,#9,#7);
#2048= IFCLOCALPLACEMENT(#2042,#2047);
#2049= IFCCARTESIANPOINT((115.,0.,-105.));
#2050= IFCCARTESIANTRANSFORMATIONOPERATOR3D($,$,#2049,$,$);
#2051= IFCMAPPEDITEM(#1092,#2050);
#2052= IFCCARTESIANPOINT((115.,0.,-35.));
#2053= IFCCARTESIANTRANSFORMATIONOPERATOR3D($,$,#2052,$,$);
#2054= IFCMAPPEDITEM(#1092,#2053);
#2055= IFCCARTESIANPOINT((115.,0.,35.));
#2056= IFCCARTESIANTRANSFORMATIONOPERATOR3D($,$,#2055,$,$);
#2057= IFCMAPPEDITEM(#1092,#2056);
#2058= IFCCARTESIANPOINT((115.,0.,105.));
#2059= IFCCARTESIANTRANSFORMATIONOPERATOR3D($,$,#2058,$,$);
#2060= IFCMAPPEDITEM(#1092,#2059);
#2061= IFCCARTESIANPOINT((185.,0.,-105.));
#2062= IFCCARTESIANTRANSFORMATIONOPERATOR3D($,$,#2061,$,$);
#2063= IFCMAPPEDITEM(#1092,#2062);
#2064= IFCCARTESIANPOINT((185.,0.,-35.));
#2065= IFCCARTESIANTRANSFORMATIONOPERATOR3D($,$,#2064,$,$);
#2066= IFCMAPPEDITEM(#1092,#2065);
#2067= IFCCARTESIANPOINT((185.,0.,35.));
#2068= IFCCARTESIANTRANSFORMATIONOPERATOR3D($,$,#2067,$,$);
#2069= IFCMAPPEDITEM(#1092,#2068);
#2070= IFCCARTESIANPOINT((185.,0.,105.));
#2071= IFCCARTESIANTRANSFORMATIONOPERATOR3D($,$,#2070,$,$);
#2072= IFCMAPPEDITEM(#1092,#2071);
#2073= IFCSHAPEREPRESENTATION(#12,'Body','MappedRepresentation',(#2051,#2054,#2057,#2060,#2063,#2066,#2069,#2072));
#2074= IFCMAPPEDITEM(#1119,#2050);
#2075= IFCMAPPEDITEM(#1119,#2053);
#2076= IFCMAPPEDITEM(#1119,#2056);
#2077= IFCMAPPEDITEM(#1119,#2059);
#2078= IFCMAPPEDITEM(#1119,#2062);
#2079= IFCMAPPEDITEM(#1119,#2065);
#2080= IFCMAPPEDITEM(#1119,#2068);
#2081= IFCMAPPEDITEM(#1119,#2071);
#2082= IFCSHAPEREPRESENTATION(#12,'Axis','MappedRepresentation',(#2074,#2075,#2076,#2077,#2078,#2079,#2080,#2081));
#2083= IFCPRODUCTDEFINITIONSHAPE($,$,(#2073,#2082));
#2084= IFCMECHANICALFASTENER('2nr_rzmkT0$BN1EOtwsxHf',#900,'Bolt assembly',$,$,#2048,#2083,'IDb1d7ed7d-c2e7-40fc-b5c1-398dfadbb469',22.,80.);
#2085= IFCCARTESIANPOINT((25500.021,1136.686,19350.));
#2086= IFCAXIS2PLACEMENT3D(#2085,#839,#902);
#2087= IFCLOCALPLACEMENT(#45,#2086);
#2088= IFCCARTESIANPOINT((-150.,-8.48528137423864,0.));
#2089= IFCCARTESIANPOINT((150.,-8.48528137423864,0.));
#2090= IFCPOLYLOOP((#905,#2088,#2089,#908));
#2091= IFCFACEOUTERBOUND(#2090,.T.);
#2092= IFCFACE((#2091));
#2093= IFCCARTESIANPOINT((-150.,0.,-8.48528137424));
#2094= IFCCARTESIANPOINT((150.,0.,-8.48528137424));
#2095= IFCPOLYLOOP((#2088,#2093,#2094,#2089));
#2096= IFCFACEOUTERBOUND(#2095,.T.);
#2097= IFCFACE((#2096));
#2098= IFCPOLYLOOP((#2093,#905,#908,#2094));
#2099= IFCFACEOUTERBOUND(#2098,.T.);
#2100= IFCFACE((#2099));
#2101= IFCPOLYLOOP((#2094,#908,#2089));
#2102= IFCFACEOUTERBOUND(#2101,.T.);
#2103= IFCFACE((#2102));
#2104= IFCPOLYLOOP((#2093,#2088,#905));
#2105= IFCFACEOUTERBOUND(#2104,.T.);
#2106= IFCFACE((#2105));
#2107= IFCCARTESIANPOINT((-5.75,0.,21.));
#2108= IFCCARTESIANPOINT((-5.75,-8.48528137423864,21.));
#2109= IFCCARTESIANPOINT((-150.,-8.48528137423864,21.));
#2110= IFCCARTESIANPOINT((-150.,0.,21.));
#2111= IFCPOLYLOOP((#2107,#2108,#2109,#2110));
#2112= IFCFACEOUTERBOUND(#2111,.T.);
#2113= IFCFACE((#2112));
#2114= IFCCARTESIANPOINT((-5.75,0.,29.48528137424));
#2115= IFCCARTESIANPOINT((-150.,0.,29.48528137424));
#2116= IFCPOLYLOOP((#2108,#2114,#2115,#2109));
#2117= IFCFACEOUTERBOUND(#2116,.T.);
#2118= IFCFACE((#2117));
#2119= IFCPOLYLOOP((#2114,#2107,#2110,#2115));
#2120= IFCFACEOUTERBOUND(#2119,.T.);
#2121= IFCFACE((#2120));
#2122= IFCPOLYLOOP((#2115,#2110,#2109));
#2123= IFCFACEOUTERBOUND(#2122,.T.);
#2124= IFCFACE((#2123));
#2125= IFCPOLYLOOP((#2114,#2108,#2107));
#2126= IFCFACEOUTERBOUND(#2125,.T.);
#2127= IFCFACE((#2126));
#2128= IFCCARTESIANPOINT((150.,0.,21.));
#2129= IFCCARTESIANPOINT((150.,-8.48528137423864,21.));
#2130= IFCCARTESIANPOINT((5.75,-8.48528137423864,21.));
#2131= IFCCARTESIANPOINT((5.75,0.,21.));
#2132= IFCPOLYLOOP((#2128,#2129,#2130,#2131));
#2133= IFCFACEOUTERBOUND(#2132,.T.);
#2134= IFCFACE((#2133));
#2135= IFCCARTESIANPOINT((150.,0.,29.48528137424));
#2136= IFCCARTESIANPOINT((5.75,0.,29.48528137424));
#2137= IFCPOLYLOOP((#2129,#2135,#2136,#2130));
#2138= IFCFACEOUTERBOUND(#2137,.T.);
#2139= IFCFACE((#2138));
#2140= IFCPOLYLOOP((#2135,#2128,#2131,#2136));
#2141= IFCFACEOUTERBOUND(#2140,.T.);
#2142= IFCFACE((#2141));
#2143= IFCPOLYLOOP((#2136,#2131,#2130));
#2144= IFCFACEOUTERBOUND(#2143,.T.);
#2145= IFCFACE((#2144));
#2146= IFCPOLYLOOP((#2135,#2129,#2128));
#2147= IFCFACEOUTERBOUND(#2146,.T.);
#2148= IFCFACE((#2147));
#2149= IFCCLOSEDSHELL((#2092,#2097,#2100,#2103,#2106,#2113,#2118,#2121,#2124,#2127,#2134,#2139,#2142,#2145,#2148));
#2150= IFCFACETEDBREP(#2149);
#2151= IFCSHAPEREPRESENTATION(#12,'Body','Brep',(#2150));
#2152= IFCCARTESIANPOINT((-5.75,21.,0.));
#2153= IFCCARTESIANPOINT((-150.,21.,0.));
#2154= IFCPOLYLINE((#2152,#2153));
#2155= IFCCARTESIANPOINT((150.,21.,0.));
#2156= IFCCARTESIANPOINT((5.75,21.,0.));
#2157= IFCPOLYLINE((#2155,#2156));
#2158= IFCSHAPEREPRESENTATION(#13,'Axis','GeometricCurveSet',(#971,#2154,#2157));
#2159= IFCPRODUCTDEFINITIONSHAPE($,$,(#2151,#2158));
#2160= IFCFASTENER('2xCrwoV4DCPRjRv4tmubbP',#900,'Weld',$,$,#2087,#2159,'IDbb335eb2-7c43-4c65-bb5b-e44df0e25959');
#2161= IFCPROPERTYSINGLEVALUE('WeldID',$,IFCINTEGER(96679244),$);
#2162= IFCPROPERTYSET('0x$INSdmf8TgddhAj$Nb9i',#5,'AISC_EM11_Pset_Weld','WeldIdentity',(#131,#132,#133,#134,#2161,#136,#137,#138,#983,#140,#1483,#142,#143,#144,#145,#146));
#2163= IFCCARTESIANPOINT((25505.771,1136.686,19130.));
#2164= IFCAXIS2PLACEMENT3D(#2163,#902,#9);
#2165= IFCLOCALPLACEMENT(#45,#2164);
#2166= IFCCARTESIANPOINT((-199.,0.,0.));
#2167= IFCCARTESIANPOINT((-199.,-14.1422672368913,0.000263229994743597));
#2168= IFCCARTESIANPOINT((199.,-14.1422672368913,0.000263229994743597));
#2169= IFCCARTESIANPOINT((199.,0.,0.));
#2170= IFCPOLYLOOP((#2166,#2167,#2168,#2169));
#2171= IFCFACEOUTERBOUND(#2170,.T.);
#2172= IFCFACE((#2171));
#2173= IFCCARTESIANPOINT((-199.,0.,-14.1422672393419));
#2174= IFCCARTESIANPOINT((199.,0.,-14.1422672393419));
#2175= IFCPOLYLOOP((#2167,#2173,#2174,#2168));
#2176= IFCFACEOUTERBOUND(#2175,.T.);
#2177= IFCFACE((#2176));
#2178= IFCPOLYLOOP((#2173,#2166,#2169,#2174));
#2179= IFCFACEOUTERBOUND(#2178,.T.);
#2180= IFCFACE((#2179));
#2181= IFCPOLYLOOP((#2174,#2169,#2168));
#2182= IFCFACEOUTERBOUND(#2181,.T.);
#2183= IFCFACE((#2182));
#2184= IFCPOLYLOOP((#2173,#2167,#2166));
#2185= IFCFACEOUTERBOUND(#2184,.T.);
#2186= IFCFACE((#2185));
#2187= IFCCARTESIANPOINT((199.,0.,11.5));
#2188= IFCCARTESIANPOINT((199.,-14.1420040093458,11.5002632250944));
#2189= IFCCARTESIANPOINT((-199.,-14.1420040093458,11.5002632250944));
#2190= IFCCARTESIANPOINT((-199.,0.,11.5));
#2191= IFCPOLYLOOP((#2187,#2188,#2189,#2190));
#2192= IFCFACEOUTERBOUND(#2191,.T.);
#2193= IFCFACE((#2192));
#2194= IFCCARTESIANPOINT((199.,0.,25.6420040117955));
#2195= IFCCARTESIANPOINT((-199.,0.,25.6420040117955));
#2196= IFCPOLYLOOP((#2188,#2194,#2195,#2189));
#2197= IFCFACEOUTERBOUND(#2196,.T.);
#2198= IFCFACE((#2197));
#2199= IFCPOLYLOOP((#2194,#2187,#2190,#2195));
#2200= IFCFACEOUTERBOUND(#2199,.T.);
#2201= IFCFACE((#2200));
#2202= IFCPOLYLOOP((#2195,#2190,#2189));
#2203= IFCFACEOUTERBOUND(#2202,.T.);
#2204= IFCFACE((#2203));
#2205= IFCPOLYLOOP((#2194,#2188,#2187));
#2206= IFCFACEOUTERBOUND(#2205,.T.);
#2207= IFCFACE((#2206));
#2208= IFCCLOSEDSHELL((#2172,#2177,#2180,#2183,#2186,#2193,#2198,#2201,#2204,#2207));
#2209= IFCFACETEDBREP(#2208);
#2210= IFCSHAPEREPRESENTATION(#12,'Body','Brep',(#2209));
#2211= IFCPOLYLINE((#2166,#2169));
#2212= IFCCARTESIANPOINT((199.,11.5,0.));
#2213= IFCCARTESIANPOINT((-199.,11.5,0.));
#2214= IFCPOLYLINE((#2212,#2213));
#2215= IFCSHAPEREPRESENTATION(#13,'Axis','GeometricCurveSet',(#2211,#2214));
#2216= IFCPRODUCTDEFINITIONSHAPE($,$,(#2210,#2215));
#2217= IFCFASTENER('3QAKNlv2LCMvVPf0EzTJe8',#900,'Weld',$,$,#2165,#2216,'IDda2945ef-e425-4c5b-97d9-a403bd753a08');
#2218= IFCPROPERTYSINGLEVALUE('WeldID',$,IFCINTEGER(96679217),$);
#2219= IFCPROPERTYSINGLEVALUE('l',$,IFCPOSITIVELENGTHMEASURE(398.),$);
#2220= IFCPROPERTYSET('21UNxwXvDCYA$klws4JWm2',#5,'AISC_EM11_Pset_Weld','WeldIdentity',(#131,#132,#133,#134,#2218,#1043,#137,#138,#2219,#140,#1045,#1046,#143,#144,#145,#146));
#2221= IFCCARTESIANPOINT((25494.271,1136.686,19130.));
#2222= IFCAXIS2PLACEMENT3D(#2221,#7,#839);
#2223= IFCLOCALPLACEMENT(#45,#2222);
#2224= IFCCARTESIANPOINT((-199.,-14.1420040093458,-0.000263225094386144));
#2225= IFCCARTESIANPOINT((199.,-14.1420040093458,-0.000263225094386144));
#2226= IFCPOLYLOOP((#2166,#2224,#2225,#2169));
#2227= IFCFACEOUTERBOUND(#2226,.T.);
#2228= IFCFACE((#2227));
#2229= IFCCARTESIANPOINT((-199.,0.,-14.1420040117955));
#2230= IFCCARTESIANPOINT((199.,0.,-14.1420040117955));
#2231= IFCPOLYLOOP((#2224,#2229,#2230,#2225));
#2232= IFCFACEOUTERBOUND(#2231,.T.);
#2233= IFCFACE((#2232));
#2234= IFCPOLYLOOP((#2229,#2166,#2169,#2230));
#2235= IFCFACEOUTERBOUND(#2234,.T.);
#2236= IFCFACE((#2235));
#2237= IFCPOLYLOOP((#2230,#2169,#2225));
#2238= IFCFACEOUTERBOUND(#2237,.T.);
#2239= IFCFACE((#2238));
#2240= IFCPOLYLOOP((#2229,#2224,#2166));
#2241= IFCFACEOUTERBOUND(#2240,.T.);
#2242= IFCFACE((#2241));
#2243= IFCCARTESIANPOINT((199.,-14.1422672368913,11.4997367700053));
#2244= IFCCARTESIANPOINT((-199.,-14.1422672368913,11.4997367700053));
#2245= IFCPOLYLOOP((#2187,#2243,#2244,#2190));
#2246= IFCFACEOUTERBOUND(#2245,.T.);
#2247= IFCFACE((#2246));
#2248= IFCCARTESIANPOINT((199.,0.,25.6422672393419));
#2249= IFCCARTESIANPOINT((-199.,0.,25.6422672393419));
#2250= IFCPOLYLOOP((#2243,#2248,#2249,#2244));
#2251= IFCFACEOUTERBOUND(#2250,.T.);
#2252= IFCFACE((#2251));
#2253= IFCPOLYLOOP((#2248,#2187,#2190,#2249));
#2254= IFCFACEOUTERBOUND(#2253,.T.);
#2255= IFCFACE((#2254));
#2256= IFCPOLYLOOP((#2249,#2190,#2244));
#2257= IFCFACEOUTERBOUND(#2256,.T.);
#2258= IFCFACE((#2257));
#2259= IFCPOLYLOOP((#2248,#2243,#2187));
#2260= IFCFACEOUTERBOUND(#2259,.T.);
#2261= IFCFACE((#2260));
#2262= IFCCLOSEDSHELL((#2228,#2233,#2236,#2239,#2242,#2247,#2252,#2255,#2258,#2261));
#2263= IFCFACETEDBREP(#2262);
#2264= IFCSHAPEREPRESENTATION(#12,'Body','Brep',(#2263));
#2265= IFCSHAPEREPRESENTATION(#13,'Axis','GeometricCurveSet',(#2211,#2214));
#2266= IFCPRODUCTDEFINITIONSHAPE($,$,(#2264,#2265));
#2267= IFCFASTENER('3eBo8s8rv20RlGcnukeQSH',#900,'Weld',$,$,#2223,#2266,'IDe82f2236-235e-4201-bbd0-9b1e2ea1a711');
#2268= IFCPROPERTYSINGLEVALUE('WeldID',$,IFCINTEGER(96679190),$);
#2269= IFCPROPERTYSET('0qAA9KEDD78PScUR1Wncuo',#5,'AISC_EM11_Pset_Weld','WeldIdentity',(#131,#132,#133,#134,#2268,#1043,#137,#138,#2219,#140,#1045,#1046,#143,#144,#145,#146));
#2270= IFCCARTESIANPOINT((25650.0211577405,1146.18589174077,19130.));
#2271= IFCAXIS2PLACEMENT3D(#2270,#9,#902);
#2272= IFCLOCALPLACEMENT(#45,#2271);
#2273= IFCRECTANGLEPROFILEDEF(.AREA.,'PL19*600',#1069,19.,600.);
#2274= IFCEXTRUDEDAREASOLID(#2273,#1162,#9,300.);
#2275= IFCSHAPEREPRESENTATION(#12,'Body','SweptSolid',(#2274));
#2276= IFCPRODUCTDEFINITIONSHAPE($,$,(#2275));
#2277= IFCDISCRETEACCESSORY('3HIQX7PEfDfAUv7OuD7S8J',#44,'Support section',$,$,#2272,#2276,'1207');
#2278= IFCLOCALPLACEMENT(#45,#2047);
#2279= IFCMAPPEDITEM(#1173,#2050);
#2280= IFCMAPPEDITEM(#1173,#2053);
#2281= IFCMAPPEDITEM(#1173,#2056);
#2282= IFCMAPPEDITEM(#1173,#2059);
#2283= IFCMAPPEDITEM(#1173,#2062);
#2284= IFCMAPPEDITEM(#1173,#2065);
#2285= IFCMAPPEDITEM(#1173,#2068);
#2286= IFCMAPPEDITEM(#1173,#2071);
#2287= IFCSHAPEREPRESENTATION(#12,'Body','MappedRepresentation',(#2279,#2280,#2281,#2282,#2283,#2284,#2285,#2286));
#2288= IFCPRODUCTDEFINITIONSHAPE($,$,(#2287));
#2289= IFCOPENINGELEMENT('0FrNNhVW51DRxmUyRWhf5U',#5,$,$,'Opening',#2278,#2288,$);
#2290= IFCRELVOIDSELEMENT('1TAQgGD8D7VQizfPM6Yrpo',#5,'Drill Hole',$,#2277,#2289);
#2291= IFCPROPERTYSINGLEVALUE('IndicationMark',$,IFCIDENTIFIER('1207'),$);
#2292= IFCPROPERTYSET('2xsRYTP$j68QAk8seFtte1',#5,'AISC_EM11_Pset_PieceIdentification','PieceIdentity',(#1191,#2291,#1193,#1194));
#2293= IFCCARTESIANPOINT((25500.,0.,19130.));
#2294= IFCAXIS2PLACEMENT3D(#2293,#9,#1329);
#2295= IFCLOCALPLACEMENT(#45,#2294);
#2296= IFCISHAPEPROFILEDEF(.AREA.,'HEA450',#1069,300.,440.,11.5,21.,27.);
#2297= IFCEXTRUDEDAREASOLID(#2296,#1374,#9,1136.69);
#2298= IFCPLANE(#1384);
#2299= IFCHALFSPACESOLID(#2298,.T.);
#2300= IFCBOOLEANCLIPPINGRESULT(.DIFFERENCE.,#2297,#2299);
#2301= IFCSHAPEREPRESENTATION(#12,'Body','Clipping',(#2300));
#2302= IFCPRODUCTDEFINITIONSHAPE($,$,(#2301));
#2303= IFCDISCRETEACCESSORY('3Ux6we1hr7lxQg0X9hABW6',#44,'Support section',$,$,#2295,#2302,'b/1142');
#2304= IFCLOCALPLACEMENT(#45,#2294);
#2305= IFCCARTESIANPOINT((5.55111512312578E-17,0.,-280.));
#2306= IFCAXIS2PLACEMENT3D(#2305,#9,#902);
#2307= IFCEXTRUDEDAREASOLID(#1392,#2306,#9,560.);
#2308= IFCSHAPEREPRESENTATION(#12,'Body','SweptSolid',(#2307));
#2309= IFCPRODUCTDEFINITIONSHAPE($,$,(#2308));
#2310= IFCOPENINGELEMENT('2K5G5MO0LAOPw55NMK_hsu',#5,$,$,'Recess',#2304,#2309,$);
#2311= IFCRELVOIDSELEMENT('1ABoQ_CID85R4J0WAG8N9a',#5,$,$,#2303,#2310);
#2312= IFCPROPERTYSINGLEVALUE('IndicationMark',$,IFCIDENTIFIER('b/1142'),$);
#2313= IFCPROPERTYSET('32ueYxUHf4SR$6PJdN2cbq',#5,'AISC_EM11_Pset_PieceIdentification','PieceIdentity',(#1403,#2312,#1193,#1194));
#2314= IFCOWNERHISTORY(#3,#4,$,.NOCHANGE.,$,$,$,1772053200);
#2315= IFCOWNERHISTORY(#3,#4,$,.NOCHANGE.,$,$,$,1774551600);
#2316= IFCLOCALPLACEMENT(#42,#10);
#2317= IFCELEMENTASSEMBLY('1Vwb2A7h9CdhNLl1PBNWq1',#2315,'BEAM',$,$,#2316,$,'B/1160',.NOTDEFINED.,.RIGID_FRAME.);
#2318= IFCPROPERTYSINGLEVALUE('DrawingNumber',$,IFCIDENTIFIER('[B.1160]'),$);
#2319= IFCPROPERTYSET('3ks33M_q17Vfr6myQxeS_t',#5,'AISC_EM11_Pset_DrawingNumber',$,(#2318));
#2320= IFCPROPERTYSINGLEVALUE('AssemblyMark',$,IFCIDENTIFIER('B/1160'),$);
#2321= IFCPROPERTYSET('3b7oPgPjn47gZaBN0PleMP',#5,'AISC_EM11_Pset_AssemblyIdentification','AssemblyIdentity',(#2320,#52,#53));
#2322= IFCCARTESIANPOINT((25350.6015632039,1158.87536810365,13680.));
#2323= IFCAXIS2PLACEMENT3D(#2322,#9,#7);
#2324= IFCLOCALPLACEMENT(#2316,#2323);
#2325= IFCCARTESIANPOINT((17.3205080757,0.));
#2326= IFCCARTESIANPOINT((8.66025403785,15.0000000000021));
#2327= IFCCARTESIANPOINT((-8.66025403785,15.0000000000021));
#2328= IFCCARTESIANPOINT((-17.3205080757,0.));
#2329= IFCCARTESIANPOINT((-8.66025403785,-15.0000000000021));
#2330= IFCCARTESIANPOINT((8.66025403785,-15.0000000000021));
#2331= IFCPOLYLINE((#2325,#2326,#2327,#2328,#2329,#2330,#2325));
#2332= IFCARBITRARYCLOSEDPROFILEDEF(.AREA.,$,#2331);
#2333= IFCCARTESIANPOINT((0.,-32.1999999969152,0.));
#2334= IFCAXIS2PLACEMENT3D(#2333,#8,#7);
#2335= IFCEXTRUDEDAREASOLID(#2332,#2334,#9,13.2);
#2336= IFCCIRCLEPROFILEDEF(.AREA.,$,#1069,10.);
#2337= IFCEXTRUDEDAREASOLID(#2336,#1072,#9,70.);
#2338= IFCCIRCLEPROFILEDEF(.AREA.,$,#1069,18.);
#2339= IFCEXTRUDEDAREASOLID(#2338,#1076,#9,8.);
#2340= IFCEXTRUDEDAREASOLID(#2332,#1087,#9,16.);
#2341= IFCCARTESIANPOINT((50.0629692077637,0.,-250.));
#2342= IFCCARTESIANTRANSFORMATIONOPERATOR3D($,$,#2341,$,$);
#2343= IFCSHAPEREPRESENTATION(#12,'Body','SweptSolid',(#2335,#2337,#2339,#2340));
#2344= IFCREPRESENTATIONMAP(#10,#2343);
#2345= IFCMAPPEDITEM(#2344,#2342);
#2346= IFCCARTESIANPOINT((50.0629692077637,0.,-150.));
#2347= IFCCARTESIANTRANSFORMATIONOPERATOR3D($,$,#2346,$,$);
#2348= IFCMAPPEDITEM(#2344,#2347);
#2349= IFCCARTESIANPOINT((50.0629692077637,0.,150.));
#2350= IFCCARTESIANTRANSFORMATIONOPERATOR3D($,$,#2349,$,$);
#2351= IFCMAPPEDITEM(#2344,#2350);
#2352= IFCCARTESIANPOINT((50.0629692077637,0.,250.));
#2353= IFCCARTESIANTRANSFORMATIONOPERATOR3D($,$,#2352,$,$);
#2354= IFCMAPPEDITEM(#2344,#2353);
#2355= IFCCARTESIANPOINT((250.062973022461,0.,-250.));
#2356= IFCCARTESIANTRANSFORMATIONOPERATOR3D($,$,#2355,$,$);
#2357= IFCMAPPEDITEM(#2344,#2356);
#2358= IFCCARTESIANPOINT((250.062973022461,0.,-150.));
#2359= IFCCARTESIANTRANSFORMATIONOPERATOR3D($,$,#2358,$,$);
#2360= IFCMAPPEDITEM(#2344,#2359);
#2361= IFCCARTESIANPOINT((250.062973022461,0.,150.));
#2362= IFCCARTESIANTRANSFORMATIONOPERATOR3D($,$,#2361,$,$);
#2363= IFCMAPPEDITEM(#2344,#2362);
#2364= IFCCARTESIANPOINT((250.062973022461,0.,250.));
#2365= IFCCARTESIANTRANSFORMATIONOPERATOR3D($,$,#2364,$,$);
#2366= IFCMAPPEDITEM(#2344,#2365);
#2367= IFCSHAPEREPRESENTATION(#12,'Body','MappedRepresentation',(#2345,#2348,#2351,#2354,#2357,#2360,#2363,#2366));
#2368= IFCCARTESIANPOINT((0.,70.,0.));
#2369= IFCPOLYLINE((#2333,#2368));
#2370= IFCSHAPEREPRESENTATION(#12,'Axis','GeometricCurveSet',(#2369));
#2371= IFCREPRESENTATIONMAP(#10,#2370);
#2372= IFCMAPPEDITEM(#2371,#2342);
#2373= IFCMAPPEDITEM(#2371,#2347);
#2374= IFCMAPPEDITEM(#2371,#2350);
#2375= IFCMAPPEDITEM(#2371,#2353);
#2376= IFCMAPPEDITEM(#2371,#2356);
#2377= IFCMAPPEDITEM(#2371,#2359);
#2378= IFCMAPPEDITEM(#2371,#2362);
#2379= IFCMAPPEDITEM(#2371,#2365);
#2380= IFCSHAPEREPRESENTATION(#12,'Axis','MappedRepresentation',(#2372,#2373,#2374,#2375,#2376,#2377,#2378,#2379));
#2381= IFCPRODUCTDEFINITIONSHAPE($,$,(#2367,#2380));
#2382= IFCMECHANICALFASTENER('33PDFCSEX62elE4gkS$S_7',#2314,'Bolt assembly',$,$,#2324,#2381,'IDc364d3cc-70e8-460a-8bce-12ab9cfdcf87',20.,70.);
#2383= IFCPROPERTYSINGLEVALUE('BoltDiameter',$,IFCPOSITIVELENGTHMEASURE(20.),$);
#2384= IFCPROPERTYSINGLEVALUE('BoltLength',$,IFCPOSITIVELENGTHMEASURE(70.),$);
#2385= IFCPROPERTYSET('0AVQNLfUfE6BWsSYe1hgTK',#5,'AISC_EM11_Pset_Bolt','BoltIdentity',(#1131,#1132,#2383,#2384,#1135,#1136));
#2386= IFCPROPERTYSINGLEVALUE('NutSize',$,IFCPOSITIVELENGTHMEASURE(20.),$);
#2387= IFCPROPERTYSET('2UhmkjfS1CT9XRG$Cup$YM',#5,'AISC_EM11_Pset_Nut','NutIdentity',(#2386,#1139));
#2388= IFCPROPERTYSINGLEVALUE('WasherSize',$,IFCPOSITIVELENGTHMEASURE(20.),$);
#2389= IFCPROPERTYSET('1kO6Uu6kDBteErbMiwFN5L',#5,'AISC_EM11_Pset_Washer','WasherIdentity',(#1141,#2388,#1143,#1144));
#2390= IFCCARTESIANPOINT((25650.1135278079,1149.37536810674,13680.));
#2391= IFCAXIS2PLACEMENT3D(#2390,#9,#902);
#2392= IFCLOCALPLACEMENT(#45,#2391);
#2393= IFCSHAPEREPRESENTATION(#12,'Body','SweptSolid',(#2274));
#2394= IFCPRODUCTDEFINITIONSHAPE($,$,(#2393));
#2395= IFCDISCRETEACCESSORY('1lF5fKdqb9LOze24jK7er_',#44,'Support section',$,$,#2392,#2394,'1088');
#2396= IFCLOCALPLACEMENT(#45,#2323);
#2397= IFCEXTRUDEDAREASOLID(#1070,#1170,#9,19.2);
#2398= IFCSHAPEREPRESENTATION(#12,'Body','SweptSolid',(#2397));
#2399= IFCREPRESENTATIONMAP(#10,#2398);
#2400= IFCMAPPEDITEM(#2399,#2342);
#2401= IFCMAPPEDITEM(#2399,#2347);
#2402= IFCMAPPEDITEM(#2399,#2350);
#2403= IFCMAPPEDITEM(#2399,#2353);
#2404= IFCMAPPEDITEM(#2399,#2356);
#2405= IFCMAPPEDITEM(#2399,#2359);
#2406= IFCMAPPEDITEM(#2399,#2362);
#2407= IFCMAPPEDITEM(#2399,#2365);
#2408= IFCSHAPEREPRESENTATION(#12,'Body','MappedRepresentation',(#2400,#2401,#2402,#2403,#2404,#2405,#2406,#2407));
#2409= IFCPRODUCTDEFINITIONSHAPE($,$,(#2408));
#2410= IFCOPENINGELEMENT('3302JPXu1EHvKNh8AAuU2o',#5,$,$,'Opening',#2396,#2409,$);
#2411= IFCRELVOIDSELEMENT('2Opx2FHuT6_e8h6bRk7rLJ',#5,'Drill Hole',$,#2395,#2410);
#2412= IFCPROPERTYSINGLEVALUE('IndicationMark',$,IFCIDENTIFIER('1088'),$);
#2413= IFCPROPERTYSET('360BvUSWv98vzZZG7yRxOM',#5,'AISC_EM11_Pset_PieceIdentification','PieceIdentity',(#1191,#2412,#1193,#1194));
#2414= IFCOWNERHISTORY(#3,#4,$,.NOCHANGE.,$,$,$,1772049600);
#2415= IFCOWNERHISTORY(#3,#4,$,.NOCHANGE.,$,$,$,1774555200);
#2416= IFCLOCALPLACEMENT(#42,#10);
#2417= IFCELEMENTASSEMBLY('0F0XVvkwDAhfsxuvImPEhy',#2415,'BEAM',$,$,#2416,$,'B/1186',.NOTDEFINED.,.RIGID_FRAME.);
#2418= IFCPROPERTYSINGLEVALUE('AssemblyMark',$,IFCIDENTIFIER('B/1186'),$);
#2419= IFCPROPERTYSET('1n35DoS394ihOvjwtNg4ZZ',#5,'AISC_EM11_Pset_AssemblyIdentification','AssemblyIdentity',(#2418,#52,#53));
#2420= IFCCARTESIANPOINT((25575.7689042799,1034.10529625762,13734.));
#2421= IFCDIRECTION((0.999999999770099,-2.14429999950881E-05,0.));
#2422= IFCAXIS2PLACEMENT3D(#2420,#2421,#839);
#2423= IFCLOCALPLACEMENT(#2416,#2422);
#2424= IFCCARTESIANPOINT((0.,-44.4182845158999,0.));
#2425= IFCAXIS2PLACEMENT3D(#2424,#8,#7);
#2426= IFCEXTRUDEDAREASOLID(#1215,#2425,#9,7.92);
#2427= IFCCARTESIANPOINT((0.,-36.4982845158999,0.));
#2428= IFCAXIS2PLACEMENT3D(#2427,#8,#7);
#2429= IFCEXTRUDEDAREASOLID(#1219,#2428,#9,35.);
#2430= IFCCARTESIANPOINT((0.,-24.9979629201633,0.));
#2431= IFCAXIS2PLACEMENT3D(#2430,#8,#7);
#2432= IFCEXTRUDEDAREASOLID(#1168,#2431,#9,8.);
#2433= IFCCARTESIANPOINT((0.,-16.9979629201633,0.));
#2434= IFCAXIS2PLACEMENT3D(#2433,#8,#7);
#2435= IFCEXTRUDEDAREASOLID(#1233,#2434,#9,10.);
#2436= IFCSHAPEREPRESENTATION(#12,'Body','SweptSolid',(#2426,#2429,#2432,#2435));
#2437= IFCREPRESENTATIONMAP(#10,#2436);
#2438= IFCMAPPEDITEM(#2437,#1238);
#2439= IFCMAPPEDITEM(#2437,#1243);
#2440= IFCMAPPEDITEM(#2437,#1246);
#2441= IFCMAPPEDITEM(#2437,#1249);
#2442= IFCSHAPEREPRESENTATION(#12,'Body','MappedRepresentation',(#2438,#2439,#2440,#2441));
#2443= IFCPOLYLINE((#2424,#1252));
#2444= IFCSHAPEREPRESENTATION(#12,'Axis','GeometricCurveSet',(#2443));
#2445= IFCREPRESENTATIONMAP(#10,#2444);
#2446= IFCMAPPEDITEM(#2445,#1238);
#2447= IFCMAPPEDITEM(#2445,#1243);
#2448= IFCMAPPEDITEM(#2445,#1246);
#2449= IFCMAPPEDITEM(#2445,#1249);
#2450= IFCSHAPEREPRESENTATION(#12,'Axis','MappedRepresentation',(#2446,#2447,#2448,#2449));
#2451= IFCPRODUCTDEFINITIONSHAPE($,$,(#2442,#2450));
#2452= IFCMECHANICALFASTENER('0R$htjyXP2QRSzpdEM6dQC',#2414,'Bolt assembly',$,$,#2423,#2451,'ID1bfebded-f216-4269-b73d-ce73961a768c',12.,35.);
#2453= IFCCARTESIANPOINT((25505.767,997.609,13680.));
#2454= IFCAXIS2PLACEMENT3D(#2453,#7,#9);
#2455= IFCLOCALPLACEMENT(#45,#2454);
#2456= IFCSHAPEREPRESENTATION(#12,'Body','Brep',(#885));
#2457= IFCSHAPEREPRESENTATION(#13,'Axis','GeometricCurveSet',(#887,#890));
#2458= IFCPRODUCTDEFINITIONSHAPE($,$,(#2456,#2457));
#2459= IFCFASTENER('2md68gnh15TQgqwuwj0Nhz',#2315,'Weld',$,$,#2455,#2458,'IDb09c622a-c6b0-4575-aab4-eb8ead017afd');
#2460= IFCPROPERTYSINGLEVALUE('WeldID',$,IFCINTEGER(95911288),$);
#2461= IFCPROPERTYSET('2nAvYBc8z1KeTmfjeXvJiE',#5,'AISC_EM11_Pset_Weld','WeldIdentity',(#131,#132,#133,#134,#2460,#895,#137,#138,#896,#140,#897,#898,#143,#144,#145,#146));
#2462= IFCCARTESIANPOINT((25505.7674676883,999.608512708679,13506.));
#2463= IFCDIRECTION((-2.14423060344628E-05,-0.999999999770114,1.02045108474336E-15));
#2464= IFCDIRECTION((0.70710678110527,-1.51620000037102E-05,-0.70710678110527));
#2465= IFCAXIS2PLACEMENT3D(#2462,#2463,#2464);
#2466= IFCLOCALPLACEMENT(#45,#2465);
#2467= IFCSHAPEREPRESENTATION(#12,'Body','SweptSolid',(#1990));
#2468= IFCPRODUCTDEFINITIONSHAPE($,$,(#2467));
#2469= IFCDISCRETEACCESSORY('1pdKycpjz0KRjwPj1aXgrQ',#44,'Steel plate',$,$,#2466,#2468,'1066');
#2470= IFCLOCALPLACEMENT(#45,#2422);
#2471= IFCCARTESIANPOINT((0.,-36.5982845158999,0.));
#2472= IFCAXIS2PLACEMENT3D(#2471,#8,#7);
#2473= IFCEXTRUDEDAREASOLID(#1353,#2472,#9,4.2);
#2474= IFCSHAPEREPRESENTATION(#12,'Body','SweptSolid',(#2473));
#2475= IFCREPRESENTATIONMAP(#10,#2474);
#2476= IFCMAPPEDITEM(#2475,#1238);
#2477= IFCMAPPEDITEM(#2475,#1243);
#2478= IFCMAPPEDITEM(#2475,#1246);
#2479= IFCMAPPEDITEM(#2475,#1249);
#2480= IFCSHAPEREPRESENTATION(#12,'Body','MappedRepresentation',(#2476,#2477,#2478,#2479));
#2481= IFCPRODUCTDEFINITIONSHAPE($,$,(#2480));
#2482= IFCOPENINGELEMENT('2k5avhQa5DgPwq236o2sm_',#5,$,$,'Opening',#2470,#2481,$);
#2483= IFCRELVOIDSELEMENT('3imFiycVT5FvEKIerlIbXs',#5,'Drill Hole',$,#2469,#2482);
#2484= IFCOWNERHISTORY(#3,#4,$,.NOCHANGE.,$,$,$,1774454400);
#2485= IFCLOCALPLACEMENT(#42,#10);
#2486= IFCELEMENTASSEMBLY('3frwBCEkrAGw3dxsKztjwH',#2484,'BEAM',$,$,#2485,$,'B/1166',.NOTDEFINED.,.RIGID_FRAME.);
#2487= IFCPROPERTYSINGLEVALUE('AssemblyMark',$,IFCIDENTIFIER('B/1166'),$);
#2488= IFCPROPERTYSET('0VGGseZq9FyhCm_jefYvLF',#5,'AISC_EM11_Pset_AssemblyIdentification','AssemblyIdentity',(#2487,#52,#53));
#2489= IFCCARTESIANPOINT((25424.268904309,1034.10829827765,13734.));
#2490= IFCDIRECTION((-0.999999999770099,2.14429999950881E-05,0.));
#2491= IFCAXIS2PLACEMENT3D(#2489,#2490,#839);
#2492= IFCLOCALPLACEMENT(#2485,#2491);
#2493= IFCCARTESIANPOINT((0.,17.082037090734,0.));
#2494= IFCAXIS2PLACEMENT3D(#2493,#8,#7);
#2495= IFCEXTRUDEDAREASOLID(#1215,#2494,#9,7.92);
#2496= IFCCARTESIANPOINT((0.,25.002037090734,0.));
#2497= IFCAXIS2PLACEMENT3D(#2496,#8,#7);
#2498= IFCEXTRUDEDAREASOLID(#1219,#2497,#9,35.);
#2499= IFCCARTESIANPOINT((0.,36.5017155301753,0.));
#2500= IFCAXIS2PLACEMENT3D(#2499,#8,#7);
#2501= IFCEXTRUDEDAREASOLID(#1168,#2500,#9,8.);
#2502= IFCCARTESIANPOINT((0.,44.5017155301753,0.));
#2503= IFCAXIS2PLACEMENT3D(#2502,#8,#7);
#2504= IFCEXTRUDEDAREASOLID(#1233,#2503,#9,10.);
#2505= IFCSHAPEREPRESENTATION(#12,'Body','SweptSolid',(#2495,#2498,#2501,#2504));
#2506= IFCREPRESENTATIONMAP(#10,#2505);
#2507= IFCMAPPEDITEM(#2506,#1238);
#2508= IFCMAPPEDITEM(#2506,#1243);
#2509= IFCMAPPEDITEM(#2506,#1246);
#2510= IFCMAPPEDITEM(#2506,#1249);
#2511= IFCSHAPEREPRESENTATION(#12,'Body','MappedRepresentation',(#2507,#2508,#2509,#2510));
#2512= IFCPOLYLINE((#2493,#1252));
#2513= IFCSHAPEREPRESENTATION(#12,'Axis','GeometricCurveSet',(#2512));
#2514= IFCREPRESENTATIONMAP(#10,#2513);
#2515= IFCMAPPEDITEM(#2514,#1238);
#2516= IFCMAPPEDITEM(#2514,#1243);
#2517= IFCMAPPEDITEM(#2514,#1246);
#2518= IFCMAPPEDITEM(#2514,#1249);
#2519= IFCSHAPEREPRESENTATION(#12,'Axis','MappedRepresentation',(#2515,#2516,#2517,#2518));
#2520= IFCPRODUCTDEFINITIONSHAPE($,$,(#2511,#2519));
#2521= IFCMECHANICALFASTENER('15HGnUrU9D9hrrIbh0AQOY',#2414,'Bolt assembly',$,$,#2492,#2520,'ID45450c5e-d5e2-4d26-bd75-4a5ac029a622',12.,35.);
#2522= IFCCARTESIANPOINT((25494.2673817665,999.605081828109,13506.));
#2523= IFCDIRECTION((2.14423060344617E-05,0.999999999770114,1.01850629709646E-15));
#2524= IFCDIRECTION((-0.707106781105296,1.51620000037086E-05,-0.707106781105245));
#2525= IFCAXIS2PLACEMENT3D(#2522,#2523,#2524);
#2526= IFCLOCALPLACEMENT(#45,#2525);
#2527= IFCSHAPEREPRESENTATION(#12,'Body','SweptSolid',(#1990));
#2528= IFCPRODUCTDEFINITIONSHAPE($,$,(#2527));
#2529= IFCDISCRETEACCESSORY('1bum_Zi2f3HOzKAq3l8k0H',#44,'Steel plate',$,$,#2526,#2528,'1066');
#2530= IFCLOCALPLACEMENT(#45,#2491);
#2531= IFCCARTESIANPOINT((0.,32.4017155301753,0.));
#2532= IFCAXIS2PLACEMENT3D(#2531,#8,#7);
#2533= IFCEXTRUDEDAREASOLID(#1353,#2532,#9,4.2);
#2534= IFCSHAPEREPRESENTATION(#12,'Body','SweptSolid',(#2533));
#2535= IFCREPRESENTATIONMAP(#10,#2534);
#2536= IFCMAPPEDITEM(#2535,#1238);
#2537= IFCMAPPEDITEM(#2535,#1243);
#2538= IFCMAPPEDITEM(#2535,#1246);
#2539= IFCMAPPEDITEM(#2535,#1249);
#2540= IFCSHAPEREPRESENTATION(#12,'Body','MappedRepresentation',(#2536,#2537,#2538,#2539));
#2541= IFCPRODUCTDEFINITIONSHAPE($,$,(#2540));
#2542= IFCOPENINGELEMENT('0q1lLLpVTACw8OoZPpX3$I',#5,$,$,'Opening',#2530,#2541,$);
#2543= IFCRELVOIDSELEMENT('34f0FQ04jFehxuaJh2dPQ$',#5,'Drill Hole',$,#2529,#2542);
#2544= IFCCARTESIANPOINT((25500.,0.,13680.));
#2545= IFCAXIS2PLACEMENT3D(#2544,#9,#1329);
#2546= IFCLOCALPLACEMENT(#45,#2545);
#2547= IFCCARTESIANPOINT((1139.87818817369,0.,0.));
#2548= IFCAXIS2PLACEMENT3D(#2547,#902,#1160);
#2549= IFCEXTRUDEDAREASOLID(#2296,#2548,#9,1139.88);
#2550= IFCCARTESIANPOINT((1139.89398130337,-999.999955616568,0.));
#2551= IFCAXIS2PLACEMENT3D(#2550,#1382,#839);
#2552= IFCPLANE(#2551);
#2553= IFCHALFSPACESOLID(#2552,.T.);
#2554= IFCBOOLEANCLIPPINGRESULT(.DIFFERENCE.,#2549,#2553);
#2555= IFCSHAPEREPRESENTATION(#12,'Body','Clipping',(#2554));
#2556= IFCPRODUCTDEFINITIONSHAPE($,$,(#2555));
#2557= IFCDISCRETEACCESSORY('0QAM2vmKL2BeOKtMd1H7s2',#44,'Support section',$,$,#2546,#2556,'b/870');
#2558= IFCLOCALPLACEMENT(#45,#2545);
#2559= IFCSHAPEREPRESENTATION(#12,'Body','SweptSolid',(#2307));
#2560= IFCPRODUCTDEFINITIONSHAPE($,$,(#2559));
#2561= IFCOPENINGELEMENT('0fUOtpb9f6TwYnShSgzlpF',#5,$,$,'Recess',#2558,#2560,$);
#2562= IFCRELVOIDSELEMENT('0u5Wb3is11RPSmF3i2rfyZ',#5,$,$,#2557,#2561);
#2563= IFCPROPERTYSINGLEVALUE('IndicationMark',$,IFCIDENTIFIER('b/870'),$);
#2564= IFCPROPERTYSET('3MKEXFyaf7T8NuH4rWfm9o',#5,'AISC_EM11_Pset_PieceIdentification','PieceIdentity',(#1403,#2563,#1193,#1194));
#2565= IFCCARTESIANPOINT((21329.7252132108,3146.42755809599,23485.));
#2566= IFCAXIS2PLACEMENT3D(#2565,#9,#1426);
#2567= IFCLOCALPLACEMENT(#45,#2566);
#2568= IFCISHAPEPROFILEDEF(.AREA.,'HEA240',#1069,240.,230.,7.5,12.,21.);
#2569= IFCCARTESIANPOINT((5224.09783366966,0.,0.));
#2570= IFCAXIS2PLACEMENT3D(#2569,#902,#1160);
#2571= IFCEXTRUDEDAREASOLID(#2568,#2570,#9,5224.1);
#2572= IFCDIRECTION((0.395784538094661,0.918343399499989,0.));
#2573= IFCCARTESIANPOINT((4945.66045997599,120.000000000002,115.));
#2574= IFCAXIS2PLACEMENT3D(#2573,#2572,#839);
#2575= IFCPLANE(#2574);
#2576= IFCHALFSPACESOLID(#2575,.F.);
#2577= IFCBOOLEANCLIPPINGRESULT(.DIFFERENCE.,#2571,#2576);
#2578= IFCSHAPEREPRESENTATION(#12,'Body','Clipping',(#2577));
#2579= IFCPRODUCTDEFINITIONSHAPE($,$,(#2578));
#2580= IFCDISCRETEACCESSORY('102PD9PrnDKfadMhWbKPOE',#44,'Support section',$,$,#2567,#2579,'b/323');
#2581= IFCLOCALPLACEMENT(#45,#2566);
#2582= IFCCIRCLEPROFILEDEF(.AREA.,'\S\X305*10',#1069,152.5);
#2583= IFCDIRECTION((-0.798276548254708,-0.602291086192174,0.));
#2584= IFCCARTESIANPOINT((5224.09783366238,6.44769897917286E-07,4365.));
#2585= IFCAXIS2PLACEMENT3D(#2584,#839,#2583);
#2586= IFCEXTRUDEDAREASOLID(#2582,#2585,#9,19450.);
#2587= IFCSHAPEREPRESENTATION(#12,'Body','SweptSolid',(#2586));
#2588= IFCPRODUCTDEFINITIONSHAPE($,$,(#2587));
#2589= IFCOPENINGELEMENT('0nHvSlq3T25hF0LR_b98ac',#5,$,$,'Recess',#2581,#2588,$);
#2590= IFCRELVOIDSELEMENT('0XvqySMzHB$fgYOkroT4a0',#5,$,$,#2580,#2589);
#2591= IFCPROPERTYSINGLEVALUE('IndicationMark',$,IFCIDENTIFIER('b/323'),$);
#2592= IFCPROPERTYSET('13itsIza54ueFKSpYplVfZ',#5,'AISC_EM11_Pset_PieceIdentification','PieceIdentity',(#1403,#2591,#1193,#1194));
#2593= IFCRELAGGREGATES('14k0uRy$j8WgWkdwXWkNem',#5,$,$,#37,(#39));
#2594= IFCRELAGGREGATES('2M0IAjEH$Qoyo0vCpo0fw2',#5,$,$,#39,(#41));
#2595= IFCRELAGGREGATES('3TG3vNfB943fEXCQuy$x5q',#5,$,$,#41,(#43));
#2596= IFCRELAGGREGATES('05HXXgSSD2xBb$07fHqCi7',#5,$,$,#46,(#2580,#2557,#2529,#2469,#2459,#2395,#2303,#2277,#2267,#2217,#2160,#2036,#2028,#1993,#1971,#1908,#1888,#1832,#1795,#1781,#1689,#1680,#1629,#1571,#1539,#1480,#1415,#1390,#1351,#1324,#1166,#1153,#1041,#980,#893,#833,#823,#743,#206,#130));
#2597= IFCRELAGGREGATES('1rFxkDPGr52QkIWmFgPbyy',#5,$,$,#1050,(#1130));
#2598= IFCRELAGGREGATES('2PUF_Zjez0deWZAH3cbf5d',#5,$,$,#1202,(#1262));
#2599= IFCRELAGGREGATES('0o5dvnIHLDqBlra2$ncV_E',#5,$,$,#1929,(#1964));
#2600= IFCRELAGGREGATES('38uXuQD7v3iuGcthVbWvka',#5,$,$,#2012,(#2021));
#2601= IFCRELAGGREGATES('2CuglovFT4svXm5RzYXC00',#5,$,$,#2043,(#2084));
#2602= IFCRELAGGREGATES('0Z7MqasKX32e9YT4h3mhYE',#5,$,$,#2317,(#2382));
#2603= IFCRELAGGREGATES('3dZ6AdfSfBsRkpCryXTRH5',#5,$,$,#2417,(#2452));
#2604= IFCRELAGGREGATES('3HzV_FxHH05Qq24UDj8ES7',#5,$,$,#2486,(#2521));
#2605= IFCRELCONTAINEDINSPATIALSTRUCTURE('3JRTCowsr1zBuQ3KrQode5',#5,$,$,(#2486,#2417,#2317,#2043,#2012,#1929,#1723,#1202,#1050,#46),#43);
#2606= IFCRELCONNECTSWITHREALIZINGELEMENTS('3iJXNHFkrE2wT6C_CMqIam',#5,$,$,$,#2580,#1908,(#1781,#1723),$);
#2607= IFCRELCONNECTSWITHREALIZINGELEMENTS('1RIHFlSo5BRw8EJSbz1Z0Q',#5,$,$,$,#2580,#1832,(#1680,#1629),$);
#2608= IFCRELCONNECTSWITHREALIZINGELEMENTS('3LskLyxezAmhfssUCEF4CS',#5,$,$,$,#2580,#1795,(#1539,#1480),$);
#2609= IFCRELCONNECTSWITHREALIZINGELEMENTS('0rBvMOGIXCwxaMNi$EGz51',#5,$,$,$,#2580,#1390,(#130),$);
#2610= IFCRELCONNECTSWITHREALIZINGELEMENTS('3yeh71wdD9FP0IHH_Fn2KB',#5,$,$,$,#2557,#2469,(#2459),$);
#2611= IFCRELCONNECTSWITHREALIZINGELEMENTS('0TgpMAbGn8m9q50d3BxMtV',#5,$,$,$,#2557,#2529,(#893),$);
#2612= IFCRELCONNECTSWITHREALIZINGELEMENTS('1p9rRPAXzBIBwufnQU1uaD',#5,$,$,$,#2303,#2277,(#2267,#2217,#2160),$);
#2613= IFCRELCONNECTSWITHREALIZINGELEMENTS('3$8yQX$Nj5u81JFv6yHTyL',#5,$,$,$,#2303,#2036,(#2028),$);
#2614= IFCRELCONNECTSWITHREALIZINGELEMENTS('2i7eXmD21B8PF_1rSq_10y',#5,$,$,$,#2303,#1993,(#1971),$);
#2615= IFCRELCONNECTSWITHREALIZINGELEMENTS('1DWDvstMb3bQ$t__FL$j8n',#5,$,$,$,#1908,#1832,(#1689),$);
#2616= IFCRELCONNECTSWITHREALIZINGELEMENTS('1fGtvj4z9Civ1pmtMChe1R',#5,$,$,$,#1908,#1795,(#1571),$);
#2617= IFCRELCONNECTSWITHREALIZINGELEMENTS('3M10dRAAj7d8hjd8wXe_Np',#5,$,$,$,#1415,#2557,(#833),$);
#2618= IFCRELCONNECTSWITHREALIZINGELEMENTS('2mFVGISvL8ix1fH_DS$W48',#5,$,$,$,#1415,#2303,(#823),$);
#2619= IFCRELCONNECTSWITHREALIZINGELEMENTS('1rEIKi9F5569T7MLneUXdT',#5,$,$,$,#1415,#2580,(#743),$);
#2620= IFCRELCONNECTSWITHREALIZINGELEMENTS('31i6dYepf0Mu9AKYeKVnbN',#5,$,$,$,#1390,#1351,(#1324),$);
#2621= IFCRELCONNECTSWITHREALIZINGELEMENTS('3C$Z0DWRP9zeqDib_H9_lP',#5,$,$,$,#1390,#1166,(#1153,#1041,#980),$);
#2622= IFCRELCONNECTSWITHREALIZINGELEMENTS('1gksx_Po9D7ASR6ZCTTC6S',#5,$,$,$,#1390,#1415,(#206),$);
#2623= IFCRELDEFINESBYPROPERTIES('08htVyMS51mhTubrVfcQnu',#5,$,$,(#2486,#2417,#2317,#2043,#2012,#1929,#1202,#1050,#46),#48);
#2624= IFCRELDEFINESBYPROPERTIES('3QSvPe2or2cg5PP5O6NILG',#5,$,$,(#2486,#2417,#2043,#2012,#1929,#1202,#1050,#46),#50);
#2625= IFCRELDEFINESBYPROPERTIES('1XHWDfsG17mfEB7FDtkbi2',#5,$,$,(#46),#54);
#2626= IFCRELDEFINESBYPROPERTIES('2aR4lAi7v0XRMS3mtA9HVw',#5,$,$,(#130),#147);
#2627= IFCRELDEFINESBYPROPERTIES('3LNEahZdz1zepkzPRkV0dk',#5,$,$,(#206),#209);
#2628= IFCRELDEFINESBYPROPERTIES('3IveqJxj945Pbn03VCj8Kk',#5,$,$,(#743),#746);
#2629= IFCRELDEFINESBYPROPERTIES('1f6peQBQj4mfs7urPgUvjt',#5,$,$,(#823),#826);
#2630= IFCRELDEFINESBYPROPERTIES('0zeyYTntj21RxEwljkGBA5',#5,$,$,(#833),#835);
#2631= IFCRELDEFINESBYPROPERTIES('1J2GMEKOD9nPsMt2LQrC7l',#5,$,$,(#893),#899);
#2632= IFCRELDEFINESBYPROPERTIES('3lxUBRMwnEn8B_5irhdTkS',#5,$,$,(#980),#986);
#2633= IFCRELDEFINESBYPROPERTIES('0IsPBY1Ij6YQQUT7v6JJpN',#5,$,$,(#1041),#1047);
#2634= IFCRELDEFINESBYPROPERTIES('0xcRf4EZH7bxzY9o2iiAVe',#5,$,$,(#1050),#1052);
#2635= IFCRELDEFINESBYPROPERTIES('1y5CO8nJn1axOCqXLSuC8y',#5,$,$,(#2084,#1130),#1137);
#2636= IFCRELDEFINESBYPROPERTIES('3UknEYBT13Ag5nO4AOSGzf',#5,$,$,(#2084,#1130),#1140);
#2637= IFCRELDEFINESBYPROPERTIES('1mmdjDrwr0xfkAJ52JwQja',#5,$,$,(#2084,#1130),#1145);
#2638= IFCRELDEFINESBYPROPERTIES('24skgnIjjELOfoTUDNL_sg',#5,$,$,(#1153),#1155);
#2639= IFCRELDEFINESBYPROPERTIES('2oroGX1zv5FftBCGmz4j7M',#5,$,$,(#2542,#2482,#2410,#2289,#2040,#2006,#1922,#1365,#1184),#1190);
#2640= IFCRELDEFINESBYPROPERTIES('2ODqoifYvCD80LzNNLCuWM',#5,$,$,(#1166),#1195);
#2641= IFCRELDEFINESBYPROPERTIES('24qvAubwL7fQVsx76ZYiyt',#5,$,$,(#2580,#2557,#2529,#2469,#2395,#2303,#2277,#2036,#1993,#1908,#1832,#1795,#1415,#1390,#1351,#1166),#1198);
#2642= IFCRELDEFINESBYPROPERTIES('0hcih3IuXDOhSF96kr1ZAq',#5,$,$,(#1202),#1204);
#2643= IFCRELDEFINESBYPROPERTIES('0A$TpgL5v5ZeMpujcY1Mfu',#5,$,$,(#2521,#2452,#2021,#1964,#1888,#1262),#1265);
#2644= IFCRELDEFINESBYPROPERTIES('1_Z8irMoz5Hwvz4guEGUQ0',#5,$,$,(#2521,#2452,#2021,#1964,#1888,#1262),#1267);
#2645= IFCRELDEFINESBYPROPERTIES('2$UVJ8$CL0gvZmZaq0rKcn',#5,$,$,(#2521,#2452,#2021,#1964,#1888,#1262),#1269);
#2646= IFCRELDEFINESBYPROPERTIES('29EuAjosvD2hdiWZAyB4_R',#5,$,$,(#1324),#1327);
#2647= IFCRELDEFINESBYPROPERTIES('2M8CaplT9DUw1s_wK4KNKx',#5,$,$,(#1351),#1368);
#2648= IFCRELDEFINESBYPROPERTIES('01lt_3f952M8AbfwS7Va5M',#5,$,$,(#2589,#2561,#2310,#1398),#1402);
#2649= IFCRELDEFINESBYPROPERTIES('3qUig_gGn6oO3Z9u2ynjdK',#5,$,$,(#1390),#1405);
#2650= IFCRELDEFINESBYPROPERTIES('3hxwU4Dy1A3Bf1QLejmiXC',#5,$,$,(#1415),#1419);
#2651= IFCRELDEFINESBYPROPERTIES('3pMZ7UIq5DAwF51W8ByVqK',#5,$,$,(#1415),#1422);
#2652= IFCRELDEFINESBYPROPERTIES('3IdAfH3wr3hhP0m8Gpv3Kn',#5,$,$,(#1415),#1423);
#2653= IFCRELDEFINESBYPROPERTIES('243UvfInD1y83dkiz8jYoM',#5,$,$,(#1480),#1484);
#2654= IFCRELDEFINESBYPROPERTIES('3noG3Bm0zA19w3a$hkNuSk',#5,$,$,(#1539),#1542);
#2655= IFCRELDEFINESBYPROPERTIES('2t$3oQENf65e2YeVUmsUeA',#5,$,$,(#1571),#1573);
#2656= IFCRELDEFINESBYPROPERTIES('1e31SxDa1CIwKZQbsznpPC',#5,$,$,(#1629),#1632);
#2657= IFCRELDEFINESBYPROPERTIES('1l0t$2QPv0_gNtYF4ipxd2',#5,$,$,(#1680),#1682);
#2658= IFCRELDEFINESBYPROPERTIES('1I2if4Xc1FkBMW4TnXOji1',#5,$,$,(#1689),#1691);
#2659= IFCRELDEFINESBYPROPERTIES('1aPrIL$NTB2RHBf0ULavWw',#5,$,$,(#1723),#1726);
#2660= IFCRELDEFINESBYPROPERTIES('3ZZsw5V2T338ISqALfJDyj',#5,$,$,(#1781),#1784);
#2661= IFCRELDEFINESBYPROPERTIES('2NWUcs6on6XfV4NaCEUx3M',#5,$,$,(#1847,#1839,#1820,#1806),#1810);
#2662= IFCRELDEFINESBYPROPERTIES('0CSKv0ddnCDOvs65mNr957',#5,$,$,(#1832,#1795),#1823);
#2663= IFCRELDEFINESBYPROPERTIES('2cNjthqYn8qQYqhyMBlyjQ',#5,$,$,(#1908),#1925);
#2664= IFCRELDEFINESBYPROPERTIES('3p$sLUksz5uvRs$BKbCFph',#5,$,$,(#1929),#1931);
#2665= IFCRELDEFINESBYPROPERTIES('3qKNX7VKr0Ywb55vYSnVmJ',#5,$,$,(#1971),#1973);
#2666= IFCRELDEFINESBYPROPERTIES('0gG3hJyXr7EehbaBG0VQ1F',#5,$,$,(#2529,#2469,#2036,#1993),#2009);
#2667= IFCRELDEFINESBYPROPERTIES('0Qsf8oErz2_gzu4xa9kzjo',#5,$,$,(#2012),#2014);
#2668= IFCRELDEFINESBYPROPERTIES('0KHSx5a0z7PfM8mTB$M7Hv',#5,$,$,(#2028),#2030);
#2669= IFCRELDEFINESBYPROPERTIES('0EHcW2GJv4n8bYlfx98lKB',#5,$,$,(#2043),#2045);
#2670= IFCRELDEFINESBYPROPERTIES('3Z7e_vFkH7wenVZ_CqfKDA',#5,$,$,(#2160),#2162);
#2671= IFCRELDEFINESBYPROPERTIES('11g_HTr3v0PPw4$kqsMOo9',#5,$,$,(#2217),#2220);
#2672= IFCRELDEFINESBYPROPERTIES('24hm3bu6X3T9xoSY_ptS2_',#5,$,$,(#2267),#2269);
#2673= IFCRELDEFINESBYPROPERTIES('3QdiZ_Sp15Cfy1nEQkj$Vn',#5,$,$,(#2277),#2292);
#2674= IFCRELDEFINESBYPROPERTIES('3gE6RenSz7nOCPbkOe2jm$',#5,$,$,(#2303),#2313);
#2675= IFCRELDEFINESBYPROPERTIES('1Lvcacj7HF8gP$AAwx98D$',#5,$,$,(#2317),#2319);
#2676= IFCRELDEFINESBYPROPERTIES('0wWY6611n1dOahhQbXYI3W',#5,$,$,(#2317),#2321);
#2677= IFCRELDEFINESBYPROPERTIES('2pwksPxE14y9H3EnS_xNil',#5,$,$,(#2382),#2385);
#2678= IFCRELDEFINESBYPROPERTIES('3BPoePZpv17BhyLvCs6tAE',#5,$,$,(#2382),#2387);
#2679= IFCRELDEFINESBYPROPERTIES('2Kty5qK6z6wgA1iR7nKhSD',#5,$,$,(#2382),#2389);
#2680= IFCRELDEFINESBYPROPERTIES('0h01p6osnCMgT35pzSH8ds',#5,$,$,(#2395),#2413);
#2681= IFCRELDEFINESBYPROPERTIES('2tyBkF_mT1uuTlPz0O7Rg7',#5,$,$,(#2417),#2419);
#2682= IFCRELDEFINESBYPROPERTIES('0zD5ZMWAT3xgowLmqPMLpE',#5,$,$,(#2459),#2461);
#2683= IFCRELDEFINESBYPROPERTIES('219yS8ywP4M8otEv3q1Q6j',#5,$,$,(#2486),#2488);
#2684= IFCRELDEFINESBYPROPERTIES('0fNCaYnB9DqwsSAkpL3t_S',#5,$,$,(#2557),#2564);
#2685= IFCRELDEFINESBYPROPERTIES('3VyX614VT6RwpiI9_ystXC',#5,$,$,(#2580),#2592);
#2686= IFCRELASSOCIATESMATERIAL('09XJjTKF98XOIm6SA4$eok',#5,$,$,(#2521,#2452,#2382,#2084,#2021,#1964,#1888,#1262,#1130),#1146);
#2687= IFCRELASSOCIATESMATERIAL('1qy8jrk0f5Sulr5GCoKs9k',#5,$,$,(#2580,#2557,#2529,#2469,#2395,#2303,#2277,#2036,#1993,#1908,#1832,#1795,#1415,#1390,#1351,#1166),#1199);
ENDSEC;

END-ISO-10303-21;
