ISO-10303-21;
HEADER;
FILE_DESCRIPTION(('ViewDefinition[AISC_Steel_Detailing]', 'Option [BaseQuantities:Off]', 'Option [GridExport:On]', 'Option [Assemblies:On]', 'Option [Bolts:On]', 'Option [Rebars:On]', 'Option [PourObjects:Off]', 'Option [Welds:On]', 'Option [SurfaceTreatments:On]', 'Option [LocationBy:0]', 'Option [ViewColors:Off]', 'Option [SectionedSpine:Off]', 'Option [PropertySets:On]', 'Option [Export all:Off]'),'2;1');
FILE_NAME('N08.ifc','2026-05-19T11:49:12',('GIOVANNIPC\\gcorrea'),('Structural Designer'),'IFC Database version: Work','Tekla Structures 2020 Service Pack 5, IFC Export Version: 4.0.0.0 Dec  7 2020','');
FILE_SCHEMA(('IFC2X3'));
ENDSEC;

DATA;
#1= IFCPERSON('GIOVANNIPC\\gcorrea','Undefined',$,$,$,$,$,$);
#2= IFCORGANIZATION($,'Trimble Solutions Corporation',$,$,$);
#3= IFCPERSONANDORGANIZATION(#1,#2,$);
#4= IFCAPPLICATION(#2,'2020 Service Pack 5','Tekla Structures','Multi material modeling');
#5= IFCOWNERHISTORY(#3,#4,$,.NOCHANGE.,$,$,$,1779209352);
#6= IFCCARTESIANPOINT((0.,0.,0.));
#7= IFCDIRECTION((1.,0.,0.));
#8= IFCDIRECTION((0.,1.,0.));
#9= IFCDIRECTION((0.,0.,1.));
#10= IFCAXIS2PLACEMENT3D(#6,#9,#7);
#11= IFCGEOMETRICREPRESENTATIONCONTEXT($,'Model',3,1.E-05,#10,$);
#12= IFCGEOMETRICREPRESENTATIONSUBCONTEXT('Body','Model',*,*,*,*,#11,$,.MODEL_VIEW.,$);
#13= IFCGEOMETRICREPRESENTATIONSUBCONTEXT('Axis','Model',*,*,*,*,#11,$,.GRAPH_VIEW.,$);
#14= IFCGEOMETRICREPRESENTATIONSUBCONTEXT('FootPrint','Model',*,*,*,*,#11,$,.MODEL_VIEW.,$);
#15= IFCSIUNIT(*,.LENGTHUNIT.,.MILLI.,.METRE.);
#16= IFCMEASUREWITHUNIT(IFCRATIOMEASURE(304.8),#15);
#17= IFCDIMENSIONALEXPONENTS(1,0,0,0,0,0,0);
#18= IFCCONVERSIONBASEDUNIT(#17,.LENGTHUNIT.,'FOOT',#16);
#19= IFCSIUNIT(*,.AREAUNIT.,$,.SQUARE_METRE.);
#20= IFCMEASUREWITHUNIT(IFCRATIOMEASURE(0.09290304),#19);
#21= IFCDIMENSIONALEXPONENTS(2,0,0,0,0,0,0);
#22= IFCCONVERSIONBASEDUNIT(#21,.AREAUNIT.,'SQUARE FOOT',#20);
#23= IFCSIUNIT(*,.VOLUMEUNIT.,$,.CUBIC_METRE.);
#24= IFCMEASUREWITHUNIT(IFCRATIOMEASURE(0.028316846592),#23);
#25= IFCDIMENSIONALEXPONENTS(3,0,0,0,0,0,0);
#26= IFCCONVERSIONBASEDUNIT(#25,.VOLUMEUNIT.,'CUBIC FOOT',#24);
#27= IFCSIUNIT(*,.MASSUNIT.,.KILO.,.GRAM.);
#28= IFCSIUNIT(*,.TIMEUNIT.,$,.SECOND.);
#29= IFCSIUNIT(*,.PLANEANGLEUNIT.,$,.RADIAN.);
#30= IFCMEASUREWITHUNIT(IFCRATIOMEASURE(0.0174532925199433),#29);
#31= IFCDIMENSIONALEXPONENTS(0,0,0,0,0,0,0);
#32= IFCCONVERSIONBASEDUNIT(#31,.PLANEANGLEUNIT.,'DEGREE',#30);
#33= IFCSIUNIT(*,.SOLIDANGLEUNIT.,$,.STERADIAN.);
#34= IFCSIUNIT(*,.THERMODYNAMICTEMPERATUREUNIT.,$,.DEGREE_CELSIUS.);
#35= IFCSIUNIT(*,.LUMINOUSINTENSITYUNIT.,$,.LUMEN.);
#36= IFCUNITASSIGNMENT((#15,#19,#23,#27,#28,#29,#33,#34,#35));
#37= IFCPROJECT('2G7ZFDNE16yBDU14FA92Me',#5,'Proyecto',$,$,$,$,(#11),#36);
#38= IFCLOCALPLACEMENT($,#10);
#39= IFCSITE('2xvEzEinjBTea80yOTcujY',#5,'Obra',$,$,#38,$,$,.ELEMENT.,$,$,$,$,$);
#40= IFCLOCALPLACEMENT(#38,#10);
#41= IFCBUILDING('0U9t7AbnH9CAwKm4LpupeU',#5,'Undefined',$,$,#40,$,$,.ELEMENT.,$,$,$);
#42= IFCLOCALPLACEMENT(#40,#10);
#43= IFCBUILDINGSTOREY('29hdEUCErFze9E_VIAceOd',#5,'Undefined',$,$,#42,$,$,.ELEMENT.,0.);
#44= IFCOWNERHISTORY(#3,#4,$,.NOCHANGE.,$,$,$,1779188400);
#45= IFCLOCALPLACEMENT(#42,#10);
#46= IFCELEMENTASSEMBLY('1iKryfUrfFXgD4E_NVezci',#44,'COLUMN',$,$,#45,$,'C/131(?)',.NOTDEFINED.,.REINFORCEMENT_UNIT.);
#47= IFCPROPERTYSINGLEVALUE('OnSiteBy',$,$,$);
#48= IFCPROPERTYSET('0j2juhK7z24g8Uo77wBykf',#5,'AISC_EM11_Pset_SchedulingInformation',$,(#47));
#49= IFCPROPERTYSINGLEVALUE('DrawingNumber',$,IFCIDENTIFIER(''),$);
#50= IFCPROPERTYSET('2dYUv5vtr45gCzDUT2rjHZ',#5,'AISC_EM11_Pset_DrawingNumber',$,(#49));
#51= IFCPROPERTYSINGLEVALUE('AssemblyMark',$,IFCIDENTIFIER('C/131(?)'),$);
#52= IFCPROPERTYSINGLEVALUE('PrelimMark',$,$,$);
#53= IFCPROPERTYSINGLEVALUE('ShippingMark',$,IFCINTEGER(0),$);
#54= IFCPROPERTYSET('1$GdbD63bF$w97Eeq93Kcl',#5,'AISC_EM11_Pset_AssemblyIdentification','AssemblyIdentity',(#51,#52,#53));
#55= IFCCARTESIANPOINT((29400.1965637207,12750.1247711182,40850.));
#56= IFCDIRECTION((0.,-1.,0.));
#57= IFCAXIS2PLACEMENT3D(#55,#9,#56);
#58= IFCLOCALPLACEMENT(#45,#57);
#59= IFCDIRECTION((1.,0.));
#60= IFCCARTESIANPOINT((0.,0.));
#61= IFCAXIS2PLACEMENT2D(#60,#59);
#62= IFCRECTANGLEPROFILEDEF(.AREA.,'CUT400*8760',#61,400.,8760.);
#63= IFCDIRECTION((0.,0.,-1.));
#64= IFCCARTESIANPOINT((0.,0.,3999.99819946289));
#65= IFCAXIS2PLACEMENT3D(#64,#63,#8);
#66= IFCEXTRUDEDAREASOLID(#62,#65,#9,4000.);
#67= IFCSHAPEREPRESENTATION(#12,'Body','SweptSolid',(#66));
#68= IFCPRODUCTDEFINITIONSHAPE($,$,(#67));
#69= IFCCOLUMN('14mXgJMen7lxopKq_wuz6n',#44,'main piece','CUT400*8760','CUT400*8760',#58,#68,'Hormig\S\sn_C-1/32(?)');
#70= IFCPROPERTYSINGLEVALUE('PieceMark',$,IFCIDENTIFIER('COLUMN'),$);
#71= IFCPROPERTYSINGLEVALUE('IndicationMark',$,IFCIDENTIFIER('Hormig\S\sn_C-1/32(?)'),$);
#72= IFCPROPERTYSINGLEVALUE('PrelimMark',$,IFCIDENTIFIER(''),$);
#73= IFCPROPERTYSINGLEVALUE('MainPieceTag',$,IFCBOOLEAN(.T.),$);
#74= IFCPROPERTYSET('31ow_i5zH7i9Hl76fPSLaf',#5,'AISC_EM11_Pset_PieceIdentification','PieceIdentity',(#70,#71,#72,#73));
#75= IFCPROPERTYSINGLEVALUE('MaterialType',$,IFCIDENTIFIER('CONCRETE'),$);
#76= IFCPROPERTYSINGLEVALUE('MaterialGrade',$,IFCIDENTIFIER('C20/25'),$);
#77= IFCPROPERTYSET('27YAKYEXT3_xrKAJ4VHH4w',#5,'AISC_EM11_Pset_Material',$,(#75,#76));
#78= IFCPROPERTYSINGLEVALUE('SkewedAngleY',$,IFCREAL(0.),$);
#79= IFCPROPERTYSINGLEVALUE('SkewedAngleX',$,IFCREAL(0.),$);
#80= IFCPROPERTYSET('1flnJaiaD0cetdmLO6a$UT',#5,'AISC_EM11_Pset_SkewedEnd',$,(#78,#79));
#81= IFCPROPERTYSET('3DeO0qqLjAGBWVIfiqcxGL',#5,'AISC_EM11_Pset_SkewedEnd_2',$,(#78,#79));
#82= IFCMATERIAL('CONCRETE/C20/25');
#83= IFCLOCALPLACEMENT(#42,#10);
#84= IFCELEMENTASSEMBLY('3gcaz6UZDCIeRZ$M9$EFjN',#44,'COLUMN',$,$,#83,$,'C/120(?)',.NOTDEFINED.,.REINFORCEMENT_UNIT.);
#85= IFCPROPERTYSINGLEVALUE('AssemblyMark',$,IFCIDENTIFIER('C/120(?)'),$);
#86= IFCPROPERTYSET('10gsNmq7T6SB6$T8bTiYuB',#5,'AISC_EM11_Pset_AssemblyIdentification','AssemblyIdentity',(#85,#52,#53));
#87= IFCCARTESIANPOINT((51000.2125854492,8875.15612792969,40850.));
#88= IFCDIRECTION((-1.,0.,0.));
#89= IFCAXIS2PLACEMENT3D(#87,#9,#88);
#90= IFCLOCALPLACEMENT(#83,#89);
#91= IFCRECTANGLEPROFILEDEF(.AREA.,'CUT500*7600',#61,500.,7600.);
#92= IFCEXTRUDEDAREASOLID(#91,#65,#9,4000.);
#93= IFCSHAPEREPRESENTATION(#12,'Body','SweptSolid',(#92));
#94= IFCPRODUCTDEFINITIONSHAPE($,$,(#93));
#95= IFCCOLUMN('0PQ7MeV$v9ChD9S8zWtXGp',#44,'main piece','CUT500*7600','CUT500*7600',#90,#94,'Hormig\S\sn_C-1/21(?)');
#96= IFCPROPERTYSINGLEVALUE('IndicationMark',$,IFCIDENTIFIER('Hormig\S\sn_C-1/21(?)'),$);
#97= IFCPROPERTYSET('0NxcaFverF6fgtDFsIyfjb',#5,'AISC_EM11_Pset_PieceIdentification','PieceIdentity',(#70,#96,#72,#73));
#98= IFCLOCALPLACEMENT(#42,#10);
#99= IFCELEMENTASSEMBLY('2npbgr_N5BQOLLJn_Q3qiJ',#44,'COLUMN',$,$,#98,$,'C/131(?)',.NOTDEFINED.,.REINFORCEMENT_UNIT.);
#100= IFCCARTESIANPOINT((72600.249206543,12750.2065582275,40850.));
#101= IFCAXIS2PLACEMENT3D(#100,#9,#56);
#102= IFCLOCALPLACEMENT(#98,#101);
#103= IFCCARTESIANPOINT((0.,0.,4000.));
#104= IFCAXIS2PLACEMENT3D(#103,#63,#8);
#105= IFCEXTRUDEDAREASOLID(#62,#104,#9,4000.);
#106= IFCSHAPEREPRESENTATION(#12,'Body','SweptSolid',(#105));
#107= IFCPRODUCTDEFINITIONSHAPE($,$,(#106));
#108= IFCCOLUMN('1sbZ2ujCL1$PyIQ$O0dt3B',#44,'main piece','CUT400*8760','CUT400*8760',#102,#107,'Hormig\S\sn_C-1/32(?)');
#109= IFCLOCALPLACEMENT(#42,#10);
#110= IFCELEMENTASSEMBLY('2W1XQobgvFSuiEGfQjeiBG',#44,'COLUMN',$,$,#109,$,'C/125(?)',.NOTDEFINED.,.REINFORCEMENT_UNIT.);
#111= IFCPROPERTYSINGLEVALUE('AssemblyMark',$,IFCIDENTIFIER('C/125(?)'),$);
#112= IFCPROPERTYSET('0uDeMIHZ15JwWcMZGck7h5',#5,'AISC_EM11_Pset_AssemblyIdentification','AssemblyIdentity',(#111,#52,#53));
#113= IFCCARTESIANPOINT((51000.2011413574,12750.1685256958,40850.));
#114= IFCAXIS2PLACEMENT3D(#113,#9,#56);
#115= IFCLOCALPLACEMENT(#109,#114);
#116= IFCRECTANGLEPROFILEDEF(.AREA.,'CUT400*7250',#61,400.,7250.);
#117= IFCEXTRUDEDAREASOLID(#116,#104,#9,4000.);
#118= IFCSHAPEREPRESENTATION(#12,'Body','SweptSolid',(#117));
#119= IFCPRODUCTDEFINITIONSHAPE($,$,(#118));
#120= IFCCOLUMN('3rMTmyRVjA_8C8zqU3vBfu',#44,'main piece','CUT400*7250','CUT400*7250',#115,#119,'Hormig\S\sn_C-1/26(?)');
#121= IFCPROPERTYSINGLEVALUE('IndicationMark',$,IFCIDENTIFIER('Hormig\S\sn_C-1/26(?)'),$);
#122= IFCPROPERTYSET('2$9dDf9aH8vQc0pg$wsLsq',#5,'AISC_EM11_Pset_PieceIdentification','PieceIdentity',(#70,#121,#72,#73));
#123= IFCLOCALPLACEMENT(#42,#10);
#124= IFCELEMENTASSEMBLY('1jkCkeBPvD_AmcasFqle1B',#44,'COLUMN',$,$,#123,$,'C/114(?)',.NOTDEFINED.,.REINFORCEMENT_UNIT.);
#125= IFCPROPERTYSINGLEVALUE('AssemblyMark',$,IFCIDENTIFIER('C/114(?)'),$);
#126= IFCPROPERTYSET('1AYZVYQNT2VwgYTpJTrZrX',#5,'AISC_EM11_Pset_AssemblyIdentification','AssemblyIdentity',(#125,#52,#53));
#127= IFCCARTESIANPOINT((72249.9847412109,17380.1324005127,40850.));
#128= IFCAXIS2PLACEMENT3D(#127,#9,#88);
#129= IFCLOCALPLACEMENT(#123,#128);
#130= IFCRECTANGLEPROFILEDEF(.AREA.,'CUT500*8500',#61,500.,8500.);
#131= IFCEXTRUDEDAREASOLID(#130,#104,#9,4000.);
#132= IFCSHAPEREPRESENTATION(#12,'Body','SweptSolid',(#131));
#133= IFCPRODUCTDEFINITIONSHAPE($,$,(#132));
#134= IFCCOLUMN('3$lo0iKGLBafub7BZOmwk$',#44,'main piece','CUT500*8500','CUT500*8500',#129,#133,'Hormig\S\sn_C-1/15(?)');
#135= IFCPROPERTYSINGLEVALUE('IndicationMark',$,IFCIDENTIFIER('Hormig\S\sn_C-1/15(?)'),$);
#136= IFCPROPERTYSET('2WBtuu02rCFRj0TkcDczZ8',#5,'AISC_EM11_Pset_PieceIdentification','PieceIdentity',(#70,#135,#72,#73));
#137= IFCLOCALPLACEMENT(#42,#10);
#138= IFCELEMENTASSEMBLY('1zCIcPW7v7Ie97tqQ0PxSU',#44,'COLUMN',$,$,#137,$,'C/125(?)',.NOTDEFINED.,.REINFORCEMENT_UNIT.);
#139= IFCCARTESIANPOINT((51000.1973266602,16625.1561279297,40850.));
#140= IFCAXIS2PLACEMENT3D(#139,#9,#88);
#141= IFCLOCALPLACEMENT(#137,#140);
#142= IFCSHAPEREPRESENTATION(#12,'Body','SweptSolid',(#117));
#143= IFCPRODUCTDEFINITIONSHAPE($,$,(#142));
#144= IFCCOLUMN('21sXFhv1bBwPso8kBnQZdN',#44,'main piece','CUT400*7250','CUT400*7250',#141,#143,'Hormig\S\sn_C-1/26(?)');
#145= IFCLOCALPLACEMENT(#42,#10);
#146= IFCELEMENTASSEMBLY('03ia96WqTA6QLomVhTMS6E',#44,'COLUMN',$,$,#145,$,'C/114(?)',.NOTDEFINED.,.REINFORCEMENT_UNIT.);
#147= IFCCARTESIANPOINT((29750.1980895996,17380.1324005127,40850.));
#148= IFCAXIS2PLACEMENT3D(#147,#9,#88);
#149= IFCLOCALPLACEMENT(#145,#148);
#150= IFCSHAPEREPRESENTATION(#12,'Body','SweptSolid',(#131));
#151= IFCPRODUCTDEFINITIONSHAPE($,$,(#150));
#152= IFCCOLUMN('2h6JO2bWr8wuTEc1kQSIsL',#44,'main piece','CUT500*8500','CUT500*8500',#149,#151,'Hormig\S\sn_C-1/15(?)');
#153= IFCLOCALPLACEMENT(#42,#10);
#154= IFCELEMENTASSEMBLY('0BljV$aXbEd8RvWCcKjQuW',#44,'COLUMN',$,$,#153,$,'C/114(?)',.NOTDEFINED.,.REINFORCEMENT_UNIT.);
#155= IFCCARTESIANPOINT((72250.,8120.13312530518,40850.));
#156= IFCAXIS2PLACEMENT3D(#155,#9,#88);
#157= IFCLOCALPLACEMENT(#153,#156);
#158= IFCSHAPEREPRESENTATION(#12,'Body','SweptSolid',(#131));
#159= IFCPRODUCTDEFINITIONSHAPE($,$,(#158));
#160= IFCCOLUMN('0ixnr3lFz2He0LkzFYm7ST',#44,'main piece','CUT500*8500','CUT500*8500',#157,#159,'Hormig\S\sn_C-1/15(?)');
#161= IFCLOCALPLACEMENT(#42,#10);
#162= IFCELEMENTASSEMBLY('1IIAU01wPDbRZsF_543uF9',#44,'COLUMN',$,$,#161,$,'C/114(?)',.NOTDEFINED.,.REINFORCEMENT_UNIT.);
#163= IFCCARTESIANPOINT((29750.2133483887,8120.13312530518,40850.));
#164= IFCAXIS2PLACEMENT3D(#163,#9,#88);
#165= IFCLOCALPLACEMENT(#161,#164);
#166= IFCSHAPEREPRESENTATION(#12,'Body','SweptSolid',(#131));
#167= IFCPRODUCTDEFINITIONSHAPE($,$,(#166));
#168= IFCCOLUMN('1GKleeX0DEwhtE1CtGL3_A',#44,'main piece','CUT500*8500','CUT500*8500',#165,#167,'Hormig\S\sn_C-1/15(?)');
#169= IFCOWNERHISTORY(#3,#4,$,.NOCHANGE.,$,$,$,1779206400);
#170= IFCLOCALPLACEMENT(#42,#10);
#171= IFCELEMENTASSEMBLY('2IC677caH2KQBaHMh7or00',#169,'COLUMN',$,$,#170,$,'C/33(?)',.NOTDEFINED.,.REINFORCEMENT_UNIT.);
#172= IFCPROPERTYSINGLEVALUE('AssemblyMark',$,IFCIDENTIFIER('C/33(?)'),$);
#173= IFCPROPERTYSET('3lU80l55DACuBzUen3MGp0',#5,'AISC_EM11_Pset_AssemblyIdentification','AssemblyIdentity',(#172,#52,#53));
#174= IFCCARTESIANPOINT((68000.,0.,40850.));
#175= IFCAXIS2PLACEMENT3D(#174,#9,#8);
#176= IFCLOCALPLACEMENT(#170,#175);
#177= IFCCIRCLEPROFILEDEF(.AREA.,'D1400',#61,700.);
#178= IFCEXTRUDEDAREASOLID(#177,#104,#9,4000.);
#179= IFCSHAPEREPRESENTATION(#12,'Body','SweptSolid',(#178));
#180= IFCPRODUCTDEFINITIONSHAPE($,$,(#179));
#181= IFCCOLUMN('0GMBNA50r2wfLk9NW3R43O',#169,'main piece','D1400','D1400',#176,#180,'Hormig\S\sn_C-1/8(?)');
#182= IFCPROPERTYSINGLEVALUE('IndicationMark',$,IFCIDENTIFIER('Hormig\S\sn_C-1/8(?)'),$);
#183= IFCPROPERTYSET('0IugBfXV94EhGpQ1PjsFoX',#5,'AISC_EM11_Pset_PieceIdentification','PieceIdentity',(#70,#182,#72,#73));
#184= IFCLOCALPLACEMENT(#42,#10);
#185= IFCELEMENTASSEMBLY('3AINPJIIn2sAcjasJq_VW8',#169,'COLUMN',$,$,#184,$,'C/33(?)',.NOTDEFINED.,.REINFORCEMENT_UNIT.);
#186= IFCCARTESIANPOINT((51000.,0.,40850.));
#187= IFCAXIS2PLACEMENT3D(#186,#9,#8);
#188= IFCLOCALPLACEMENT(#184,#187);
#189= IFCSHAPEREPRESENTATION(#12,'Body','SweptSolid',(#178));
#190= IFCPRODUCTDEFINITIONSHAPE($,$,(#189));
#191= IFCCOLUMN('3YFj_Cojf9xv5zQBhD07p_',#169,'main piece','D1400','D1400',#188,#190,'Hormig\S\sn_C-1/8(?)');
#192= IFCLOCALPLACEMENT(#42,#10);
#193= IFCELEMENTASSEMBLY('2Y5k6iXPvBWBEEXKFA$x9U',#169,'COLUMN',$,$,#192,$,'C/33(?)',.NOTDEFINED.,.REINFORCEMENT_UNIT.);
#194= IFCCARTESIANPOINT((34000.,0.,40850.));
#195= IFCAXIS2PLACEMENT3D(#194,#9,#8);
#196= IFCLOCALPLACEMENT(#192,#195);
#197= IFCSHAPEREPRESENTATION(#12,'Body','SweptSolid',(#178));
#198= IFCPRODUCTDEFINITIONSHAPE($,$,(#197));
#199= IFCCOLUMN('2At3T0oar1p9Sx0xhdcAQj',#169,'main piece','D1400','D1400',#196,#198,'Hormig\S\sn_C-1/8(?)');
#200= IFCLOCALPLACEMENT(#42,#10);
#201= IFCELEMENTASSEMBLY('2A$8wGcwf1khnBhvWxySGs',#169,'COLUMN',$,$,#200,$,'C/138(?)',.NOTDEFINED.,.REINFORCEMENT_UNIT.);
#202= IFCPROPERTYSINGLEVALUE('AssemblyMark',$,IFCIDENTIFIER('C/138(?)'),$);
#203= IFCPROPERTYSET('0JEFQJf1P3ZO6aYjKFrawc',#5,'AISC_EM11_Pset_AssemblyIdentification','AssemblyIdentity',(#202,#52,#53));
#204= IFCCARTESIANPOINT((76500.,0.,40850.));
#205= IFCAXIS2PLACEMENT3D(#204,#9,#8);
#206= IFCLOCALPLACEMENT(#200,#205);
#207= IFCSHAPEREPRESENTATION(#12,'Body','SweptSolid',(#178));
#208= IFCPRODUCTDEFINITIONSHAPE($,$,(#207));
#209= IFCCOLUMN('39EC6SESD29xruyuRz$oS2',#169,'main piece','D1400','D1400',#206,#208,'Hormig\S\sn_C-1/37(?)');
#210= IFCPROPERTYSINGLEVALUE('IndicationMark',$,IFCIDENTIFIER('Hormig\S\sn_C-1/37(?)'),$);
#211= IFCPROPERTYSET('0HoiS7jEf0NBG4nAY8vTRK',#5,'AISC_EM11_Pset_PieceIdentification','PieceIdentity',(#70,#210,#72,#73));
#212= IFCLOCALPLACEMENT(#42,#10);
#213= IFCELEMENTASSEMBLY('1OY9oa_xj2DRKLM5K1GQny',#169,'COLUMN',$,$,#212,$,'C/138(?)',.NOTDEFINED.,.REINFORCEMENT_UNIT.);
#214= IFCCARTESIANPOINT((59500.,0.,40850.));
#215= IFCAXIS2PLACEMENT3D(#214,#9,#8);
#216= IFCLOCALPLACEMENT(#212,#215);
#217= IFCSHAPEREPRESENTATION(#12,'Body','SweptSolid',(#178));
#218= IFCPRODUCTDEFINITIONSHAPE($,$,(#217));
#219= IFCCOLUMN('2Yzw522MrD5Of1y6wqFiW3',#169,'main piece','D1400','D1400',#216,#218,'Hormig\S\sn_C-1/37(?)');
#220= IFCLOCALPLACEMENT(#42,#10);
#221= IFCELEMENTASSEMBLY('1zrJd2rET5wuM3GriyyRkC',#169,'COLUMN',$,$,#220,$,'C/138(?)',.NOTDEFINED.,.REINFORCEMENT_UNIT.);
#222= IFCCARTESIANPOINT((42500.,0.,40850.));
#223= IFCAXIS2PLACEMENT3D(#222,#9,#8);
#224= IFCLOCALPLACEMENT(#220,#223);
#225= IFCSHAPEREPRESENTATION(#12,'Body','SweptSolid',(#178));
#226= IFCPRODUCTDEFINITIONSHAPE($,$,(#225));
#227= IFCCOLUMN('0lmEzjognF$wxQ5bNupuP$',#169,'main piece','D1400','D1400',#224,#226,'Hormig\S\sn_C-1/37(?)');
#228= IFCLOCALPLACEMENT(#42,#10);
#229= IFCELEMENTASSEMBLY('19QdOOfmf2LQ24fSJW4Iiy',#169,'COLUMN',$,$,#228,$,'C/138(?)',.NOTDEFINED.,.REINFORCEMENT_UNIT.);
#230= IFCCARTESIANPOINT((25500.,0.,40850.));
#231= IFCAXIS2PLACEMENT3D(#230,#9,#8);
#232= IFCLOCALPLACEMENT(#228,#231);
#233= IFCSHAPEREPRESENTATION(#12,'Body','SweptSolid',(#178));
#234= IFCPRODUCTDEFINITIONSHAPE($,$,(#233));
#235= IFCCOLUMN('0erXKm21n92Qlz5eVeoHDT',#169,'main piece','D1400','D1400',#232,#234,'Hormig\S\sn_C-1/37(?)');
#236= IFCLOCALPLACEMENT(#42,#10);
#237= IFCELEMENTASSEMBLY('1u7y3kZnXAouRW1nofs1p2',#169,'COLUMN',$,$,#236,$,'C/33(?)',.NOTDEFINED.,.REINFORCEMENT_UNIT.);
#238= IFCCARTESIANPOINT((34000.,25500.,36850.));
#239= IFCAXIS2PLACEMENT3D(#238,#9,#8);
#240= IFCLOCALPLACEMENT(#236,#239);
#241= IFCSHAPEREPRESENTATION(#12,'Body','SweptSolid',(#178));
#242= IFCPRODUCTDEFINITIONSHAPE($,$,(#241));
#243= IFCCOLUMN('1wDBNxdyj56BieIfe4zoZa',#169,'main piece','D1400','D1400',#240,#242,'Hormig\S\sn_C-1/8(?)');
#244= IFCLOCALPLACEMENT(#42,#10);
#245= IFCELEMENTASSEMBLY('18KTafmwj0ofY5L8dPJof$',#169,'COLUMN',$,$,#244,$,'C/33(?)',.NOTDEFINED.,.REINFORCEMENT_UNIT.);
#246= IFCCARTESIANPOINT((76500.,25500.,40850.));
#247= IFCAXIS2PLACEMENT3D(#246,#9,#8);
#248= IFCLOCALPLACEMENT(#244,#247);
#249= IFCSHAPEREPRESENTATION(#12,'Body','SweptSolid',(#178));
#250= IFCPRODUCTDEFINITIONSHAPE($,$,(#249));
#251= IFCCOLUMN('3lX3WDTM10VeZoGv6glLe4',#169,'main piece','D1400','D1400',#248,#250,'Hormig\S\sn_C-1/8(?)');
#252= IFCLOCALPLACEMENT(#42,#10);
#253= IFCELEMENTASSEMBLY('2mQpwvPOP0D9xGcsHbhzBE',#169,'COLUMN',$,$,#252,$,'C/33(?)',.NOTDEFINED.,.REINFORCEMENT_UNIT.);
#254= IFCCARTESIANPOINT((68000.,25500.,40850.));
#255= IFCAXIS2PLACEMENT3D(#254,#9,#8);
#256= IFCLOCALPLACEMENT(#252,#255);
#257= IFCSHAPEREPRESENTATION(#12,'Body','SweptSolid',(#178));
#258= IFCPRODUCTDEFINITIONSHAPE($,$,(#257));
#259= IFCCOLUMN('1mzkh_Haj8evGHH6JGeN1v',#169,'main piece','D1400','D1400',#256,#258,'Hormig\S\sn_C-1/8(?)');
#260= IFCLOCALPLACEMENT(#42,#10);
#261= IFCELEMENTASSEMBLY('31nvnMxXv0tw60rDxgCsik',#169,'COLUMN',$,$,#260,$,'C/33(?)',.NOTDEFINED.,.REINFORCEMENT_UNIT.);
#262= IFCCARTESIANPOINT((59500.,25500.,40850.));
#263= IFCAXIS2PLACEMENT3D(#262,#9,#8);
#264= IFCLOCALPLACEMENT(#260,#263);
#265= IFCSHAPEREPRESENTATION(#12,'Body','SweptSolid',(#178));
#266= IFCPRODUCTDEFINITIONSHAPE($,$,(#265));
#267= IFCCOLUMN('1BpegitYXERxs1V0yu3UEo',#169,'main piece','D1400','D1400',#264,#266,'Hormig\S\sn_C-1/8(?)');
#268= IFCLOCALPLACEMENT(#42,#10);
#269= IFCELEMENTASSEMBLY('0qndgfQDT4WRDk$F7bfDAm',#169,'COLUMN',$,$,#268,$,'C/33(?)',.NOTDEFINED.,.REINFORCEMENT_UNIT.);
#270= IFCCARTESIANPOINT((51000.,25500.,40850.));
#271= IFCAXIS2PLACEMENT3D(#270,#9,#8);
#272= IFCLOCALPLACEMENT(#268,#271);
#273= IFCSHAPEREPRESENTATION(#12,'Body','SweptSolid',(#178));
#274= IFCPRODUCTDEFINITIONSHAPE($,$,(#273));
#275= IFCCOLUMN('2bm74unhP9kA0_c0lc5fMt',#169,'main piece','D1400','D1400',#272,#274,'Hormig\S\sn_C-1/8(?)');
#276= IFCLOCALPLACEMENT(#42,#10);
#277= IFCELEMENTASSEMBLY('0OW_obvlP4KfmJPTw6w3sg',#169,'COLUMN',$,$,#276,$,'C/33(?)',.NOTDEFINED.,.REINFORCEMENT_UNIT.);
#278= IFCCARTESIANPOINT((42500.,25500.,40850.));
#279= IFCAXIS2PLACEMENT3D(#278,#9,#8);
#280= IFCLOCALPLACEMENT(#276,#279);
#281= IFCSHAPEREPRESENTATION(#12,'Body','SweptSolid',(#178));
#282= IFCPRODUCTDEFINITIONSHAPE($,$,(#281));
#283= IFCCOLUMN('0BVJQDSGv1IwBKAzmUEdKh',#169,'main piece','D1400','D1400',#280,#282,'Hormig\S\sn_C-1/8(?)');
#284= IFCLOCALPLACEMENT(#42,#10);
#285= IFCELEMENTASSEMBLY('1M0eYMGofE8gw9bk_2M8JL',#169,'COLUMN',$,$,#284,$,'C/33(?)',.NOTDEFINED.,.REINFORCEMENT_UNIT.);
#286= IFCCARTESIANPOINT((34000.,25500.,40850.));
#287= IFCAXIS2PLACEMENT3D(#286,#9,#8);
#288= IFCLOCALPLACEMENT(#284,#287);
#289= IFCSHAPEREPRESENTATION(#12,'Body','SweptSolid',(#178));
#290= IFCPRODUCTDEFINITIONSHAPE($,$,(#289));
#291= IFCCOLUMN('0gL9RswtD9df2X8_mIE2rH',#169,'main piece','D1400','D1400',#288,#290,'Hormig\S\sn_C-1/8(?)');
#292= IFCLOCALPLACEMENT(#42,#10);
#293= IFCELEMENTASSEMBLY('2vEQ5vmDv9MBrTy78qIeDa',#169,'COLUMN',$,$,#292,$,'C/33(?)',.NOTDEFINED.,.REINFORCEMENT_UNIT.);
#294= IFCCARTESIANPOINT((25500.,25500.,40850.));
#295= IFCAXIS2PLACEMENT3D(#294,#9,#8);
#296= IFCLOCALPLACEMENT(#292,#295);
#297= IFCSHAPEREPRESENTATION(#12,'Body','SweptSolid',(#178));
#298= IFCPRODUCTDEFINITIONSHAPE($,$,(#297));
#299= IFCCOLUMN('26JPu8smL77RusAWTvrW_x',#169,'main piece','D1400','D1400',#296,#298,'Hormig\S\sn_C-1/8(?)');
#300= IFCOWNERHISTORY(#3,#4,$,.NOCHANGE.,$,$,$,1779202800);
#301= IFCLOCALPLACEMENT(#42,#10);
#302= IFCELEMENTASSEMBLY('12o94zmTPC4R7hdmOQZ0YR',#300,'BEAM',$,$,#301,$,'B/523(?)',.NOTDEFINED.,.RIGID_FRAME.);
#303= IFCPROPERTYSINGLEVALUE('AssemblyMark',$,IFCIDENTIFIER('B/523(?)'),$);
#304= IFCPROPERTYSET('3uSpOEicn8hhOwVW_K_Tup',#5,'AISC_EM11_Pset_AssemblyIdentification','AssemblyIdentity',(#303,#52,#53));
#305= IFCCARTESIANPOINT((65836.0926390793,7483.08259584953,40835.));
#306= IFCDIRECTION((-0.0571102009751339,-0.998367880565365,0.));
#307= IFCAXIS2PLACEMENT3D(#305,#306,#63);
#308= IFCLOCALPLACEMENT(#301,#307);
#309= IFCCARTESIANPOINT((13.85640646056,0.));
#310= IFCCARTESIANPOINT((6.92820323028,12.0000000000017));
#311= IFCCARTESIANPOINT((-6.92820323028,12.0000000000017));
#312= IFCCARTESIANPOINT((-13.85640646056,0.));
#313= IFCCARTESIANPOINT((-6.92820323028,-12.0000000000017));
#314= IFCCARTESIANPOINT((6.92820323028,-12.0000000000017));
#315= IFCPOLYLINE((#309,#310,#311,#312,#313,#314,#309));
#316= IFCARBITRARYCLOSEDPROFILEDEF(.AREA.,$,#315);
#317= IFCCARTESIANPOINT((0.,-19.6599999018799,0.));
#318= IFCAXIS2PLACEMENT3D(#317,#8,#7);
#319= IFCEXTRUDEDAREASOLID(#316,#318,#9,10.56);
#320= IFCCIRCLEPROFILEDEF(.AREA.,$,#61,8.);
#321= IFCCARTESIANPOINT((0.,-9.09999990187985,0.));
#322= IFCAXIS2PLACEMENT3D(#321,#8,#7);
#323= IFCEXTRUDEDAREASOLID(#320,#322,#9,40.);
#324= IFCCIRCLEPROFILEDEF(.AREA.,$,#61,15.);
#325= IFCCARTESIANPOINT((0.,35.3393906071424,0.));
#326= IFCAXIS2PLACEMENT3D(#325,#8,#7);
#327= IFCEXTRUDEDAREASOLID(#324,#326,#9,8.);
#328= IFCCARTESIANPOINT((0.,43.3393906071424,0.));
#329= IFCAXIS2PLACEMENT3D(#328,#8,#7);
#330= IFCEXTRUDEDAREASOLID(#316,#329,#9,13.);
#331= IFCCARTESIANPOINT((60.,-2.47382558882236E-10,50.0000000000018));
#332= IFCCARTESIANTRANSFORMATIONOPERATOR3D($,$,#331,$,$);
#333= IFCSHAPEREPRESENTATION(#12,'Body','SweptSolid',(#319,#323,#327,#330));
#334= IFCREPRESENTATIONMAP(#10,#333);
#335= IFCMAPPEDITEM(#334,#332);
#336= IFCCARTESIANPOINT((120.,-2.47382558882236E-10,50.0000000000018));
#337= IFCCARTESIANTRANSFORMATIONOPERATOR3D($,$,#336,$,$);
#338= IFCMAPPEDITEM(#334,#337);
#339= IFCCARTESIANPOINT((180.,-2.47382558882236E-10,50.0000000000018));
#340= IFCCARTESIANTRANSFORMATIONOPERATOR3D($,$,#339,$,$);
#341= IFCMAPPEDITEM(#334,#340);
#342= IFCSHAPEREPRESENTATION(#12,'Body','MappedRepresentation',(#335,#338,#341));
#343= IFCCARTESIANPOINT((0.,40.,0.));
#344= IFCPOLYLINE((#317,#343));
#345= IFCSHAPEREPRESENTATION(#12,'Axis','GeometricCurveSet',(#344));
#346= IFCREPRESENTATIONMAP(#10,#345);
#347= IFCMAPPEDITEM(#346,#332);
#348= IFCMAPPEDITEM(#346,#337);
#349= IFCMAPPEDITEM(#346,#340);
#350= IFCSHAPEREPRESENTATION(#12,'Axis','MappedRepresentation',(#347,#348,#349));
#351= IFCPRODUCTDEFINITIONSHAPE($,$,(#342,#350));
#352= IFCMECHANICALFASTENER('3ji2Rnw_z5FAalPj9PgxJ_',#300,'Bolt assembly',$,$,#308,#351,'IDedb026f1-ebef-453c-a92f-66d259abb4fe',16.,40.);
#353= IFCPROPERTYSINGLEVALUE('BoltFieldAssembled',$,IFCBOOLEAN(.F.),$);
#354= IFCPROPERTYSINGLEVALUE('BoltGrade',$,IFCIDENTIFIER('5.6'),$);
#355= IFCPROPERTYSINGLEVALUE('BoltDiameter',$,IFCPOSITIVELENGTHMEASURE(16.),$);
#356= IFCPROPERTYSINGLEVALUE('BoltLength',$,IFCPOSITIVELENGTHMEASURE(40.),$);
#357= IFCPROPERTYSINGLEVALUE('BoltStandard',$,IFCIDENTIFIER('7968'),$);
#358= IFCPROPERTYSINGLEVALUE('BoltType',$,IFCIDENTIFIER('7968'),$);
#359= IFCPROPERTYSET('3ORpP0jAf6sRNJgeDQJWx8',#5,'AISC_EM11_Pset_Bolt','BoltIdentity',(#353,#354,#355,#356,#357,#358));
#360= IFCPROPERTYSINGLEVALUE('NutSize',$,IFCPOSITIVELENGTHMEASURE(16.),$);
#361= IFCPROPERTYSINGLEVALUE('NutStandard',$,IFCIDENTIFIER('555'),$);
#362= IFCPROPERTYSET('0yxcTJHYb8Ch5jt3XmLaSD',#5,'AISC_EM11_Pset_Nut','NutIdentity',(#360,#361));
#363= IFCPROPERTYSINGLEVALUE('WasherThickness',$,IFCPOSITIVELENGTHMEASURE(8.),$);
#364= IFCPROPERTYSINGLEVALUE('WasherSize',$,IFCPOSITIVELENGTHMEASURE(16.),$);
#365= IFCPROPERTYSINGLEVALUE('WasherStandard',$,IFCIDENTIFIER('7989'),$);
#366= IFCPROPERTYSINGLEVALUE('HeadSideWashers',$,IFCBOOLEAN(.F.),$);
#367= IFCPROPERTYSET('1nwKFlbqr7kQXLkxRk8OEm',#5,'AISC_EM11_Pset_Washer','WasherIdentity',(#363,#364,#365,#366));
#368= IFCMATERIAL('Undefined');
#369= IFCLOCALPLACEMENT(#42,#10);
#370= IFCELEMENTASSEMBLY('0vOhDBuNb5fejVL3Tmwp7y',#300,$,$,$,#369,$,'A/193(?)',.NOTDEFINED.,.RIGID_FRAME.);
#371= IFCPROPERTYSINGLEVALUE('AssemblyMark',$,IFCIDENTIFIER('A/193(?)'),$);
#372= IFCPROPERTYSET('1D2_hhnurF1Q6iRou_Th9X',#5,'AISC_EM11_Pset_AssemblyIdentification','AssemblyIdentity',(#371,#52,#53));
#373= IFCCARTESIANPOINT((65880.3037766031,7501.75975054911,40771.8291777744));
#374= IFCDIRECTION((-0.373752979077326,-0.913828063678811,-0.158830037032858));
#375= IFCDIRECTION((0.841036354282424,-0.406101305135841,0.35740674411977));
#376= IFCAXIS2PLACEMENT3D(#373,#374,#375);
#377= IFCLOCALPLACEMENT(#369,#376);
#378= IFCCARTESIANPOINT((-45.3293352294277,-125.16681060369,21.6008850736325));
#379= IFCCARTESIANPOINT((-48.5765118302807,-125.369744739344,13.118030734593));
#380= IFCCARTESIANPOINT((-57.3772525401,-117.593223096117,11.775983673695));
#381= IFCCARTESIANPOINT((-50.2103870445862,-120.85380942188,20.8565612196981));
#382= IFCPOLYLOOP((#378,#379,#380,#381));
#383= IFCFACEOUTERBOUND(#382,.T.);
#384= IFCFACE((#383));
#385= IFCCARTESIANPOINT((-48.1311817227688,-133.589579099518,24.315468882116));
#386= IFCCARTESIANPOINT((-59.2699310852186,-123.747143291943,22.6168930080021));
#387= IFCPOLYLOOP((#379,#385,#386,#380));
#388= IFCFACEOUTERBOUND(#387,.T.);
#389= IFCFACE((#388));
#390= IFCPOLYLOOP((#385,#378,#381,#386));
#391= IFCFACEOUTERBOUND(#390,.T.);
#392= IFCFACE((#391));
#393= IFCPOLYLOOP((#386,#381,#380));
#394= IFCFACEOUTERBOUND(#393,.T.);
#395= IFCFACE((#394));
#396= IFCPOLYLOOP((#385,#379,#378));
#397= IFCFACEOUTERBOUND(#396,.T.);
#398= IFCFACE((#397));
#399= IFCCARTESIANPOINT((-8.33773718916927,-13.029178636405,2.248533688522));
#400= IFCCARTESIANPOINT((-13.1032863467553,-12.0998069305333,-3.08986179857311));
#401= IFCCARTESIANPOINT((-8.45235064493318,-0.123363438449815,-5.1567178462501));
#402= IFCCARTESIANPOINT((-3.2779820017895,5.45696821063757E-12,-1.45519152283669E-11));
#403= IFCPOLYLOOP((#399,#400,#401,#402));
#404= IFCFACEOUTERBOUND(#403,.T.);
#405= IFCFACE((#404));
#406= IFCCARTESIANPOINT((-14.5642272257828,-10.211485321799,4.56458272218879));
#407= IFCCARTESIANPOINT((-6.96469951509789,9.3577626808783,1.18738492474949));
#408= IFCPOLYLOOP((#400,#406,#407,#401));
#409= IFCFACEOUTERBOUND(#408,.T.);
#410= IFCFACE((#409));
#411= IFCPOLYLOOP((#406,#399,#402,#407));
#412= IFCFACEOUTERBOUND(#411,.T.);
#413= IFCFACE((#412));
#414= IFCCARTESIANPOINT((-45.1506318571337,-107.824630785375,18.6080275311397));
#415= IFCCARTESIANPOINT((-49.9161810147198,-106.895259079489,13.2696320440518));
#416= IFCPOLYLOOP((#414,#415,#400,#399));
#417= IFCFACEOUTERBOUND(#416,.T.);
#418= IFCFACE((#417));
#419= IFCCARTESIANPOINT((-51.3771218937618,-105.006937470762,20.9240765648137));
#420= IFCPOLYLOOP((#415,#419,#406,#400));
#421= IFCFACEOUTERBOUND(#420,.T.);
#422= IFCFACE((#421));
#423= IFCPOLYLOOP((#419,#414,#399,#406));
#424= IFCFACEOUTERBOUND(#423,.T.);
#425= IFCFACE((#424));
#426= IFCCARTESIANPOINT((-54.5671167165856,-118.87170257162,15.3364880917361));
#427= IFCPOLYLOOP((#381,#426,#415,#414));
#428= IFCFACEOUTERBOUND(#427,.T.);
#429= IFCFACE((#428));
#430= IFCCARTESIANPOINT((-58.9766496045049,-124.576185473516,24.3012743622676));
#431= IFCPOLYLOOP((#426,#430,#419,#415));
#432= IFCFACEOUTERBOUND(#431,.T.);
#433= IFCFACE((#432));
#434= IFCPOLYLOOP((#430,#381,#414,#419));
#435= IFCFACEOUTERBOUND(#434,.T.);
#436= IFCFACE((#435));
#437= IFCPOLYLOOP((#407,#402,#401));
#438= IFCFACEOUTERBOUND(#437,.T.);
#439= IFCFACE((#438));
#440= IFCPOLYLOOP((#430,#426,#381));
#441= IFCFACEOUTERBOUND(#440,.T.);
#442= IFCFACE((#441));
#443= IFCCARTESIANPOINT((3.2779820017895,-5.45696821063757E-12,7.27595761418343E-12));
#444= IFCCARTESIANPOINT((0.0308054009074112,-0.202934135710166,-8.48285433901765));
#445= IFCCARTESIANPOINT((5.81160933474894,-8.16818843337569,-15.0300251838635));
#446= IFCCARTESIANPOINT((6.48412162855675,-4.41767576505117,-3.63118073699297));
#447= IFCPOLYLOOP((#443,#444,#445,#446));
#448= IFCFACEOUTERBOUND(#447,.T.);
#449= IFCFACE((#448));
#450= IFCCARTESIANPOINT((7.04127021280874,8.48285433901219,-0.202934135682881));
#451= IFCCARTESIANPOINT((14.3578050656361,-1.5984529232137,-8.48942927055759));
#452= IFCPOLYLOOP((#444,#450,#451,#445));
#453= IFCFACEOUTERBOUND(#452,.T.);
#454= IFCFACE((#453));
#455= IFCPOLYLOOP((#450,#443,#446,#451));
#456= IFCFACEOUTERBOUND(#455,.T.);
#457= IFCFACE((#456));
#458= IFCCARTESIANPOINT((-11.789872084817,-0.202934135699252,-8.4828543390613));
#459= IFCPOLYLOOP((#402,#458,#444,#443));
#460= IFCFACEOUTERBOUND(#459,.T.);
#461= IFCFACE((#460));
#462= IFCCARTESIANPOINT((-7.91969365940895,8.48285433902311,-0.202934135748364));
#463= IFCPOLYLOOP((#458,#462,#450,#444));
#464= IFCFACEOUTERBOUND(#463,.T.);
#465= IFCFACE((#464));
#466= IFCPOLYLOOP((#462,#402,#443,#450));
#467= IFCFACEOUTERBOUND(#466,.T.);
#468= IFCFACE((#467));
#469= IFCPOLYLOOP((#451,#446,#445));
#470= IFCFACEOUTERBOUND(#469,.T.);
#471= IFCFACE((#470));
#472= IFCPOLYLOOP((#462,#458,#402));
#473= IFCFACEOUTERBOUND(#472,.T.);
#474= IFCFACE((#473));
#475= IFCCARTESIANPOINT((-35.3885282268311,-112.242306550395,14.9768467941685));
#476= IFCCARTESIANPOINT((-35.3885282268166,-113.469503942504,7.86582411950803));
#477= IFCCARTESIANPOINT((-40.0394639286678,-125.445947434599,9.93268016717047));
#478= IFCCARTESIANPOINT((-40.4482834142545,-125.271485186879,17.2253804827196));
#479= IFCPOLYLOOP((#475,#476,#477,#478));
#480= IFCFACEOUTERBOUND(#479,.T.);
#481= IFCFACE((#480));
#482= IFCCARTESIANPOINT((-29.1620381901594,-115.059999865027,12.6607977604799));
#483= IFCCARTESIANPOINT((-36.7615659009025,-134.629247867799,16.0379955579338));
#484= IFCPOLYLOOP((#476,#482,#483,#477));
#485= IFCFACEOUTERBOUND(#484,.T.);
#486= IFCFACE((#485));
#487= IFCPOLYLOOP((#482,#475,#478,#483));
#488= IFCFACEOUTERBOUND(#487,.T.);
#489= IFCFACE((#488));
#490= IFCCARTESIANPOINT((1.42436644117697,-17.4468544014253,-1.3826470484637));
#491= IFCCARTESIANPOINT((1.42436644113332,-18.6740517935195,-8.49366972313146));
#492= IFCPOLYLOOP((#490,#491,#476,#475));
#493= IFCFACEOUTERBOUND(#492,.T.);
#494= IFCFACE((#493));
#495= IFCCARTESIANPOINT((7.65085647784872,-20.2645477160604,-3.69869608215231));
#496= IFCPOLYLOOP((#491,#495,#482,#476));
#497= IFCFACEOUTERBOUND(#496,.T.);
#498= IFCFACE((#497));
#499= IFCPOLYLOOP((#495,#490,#475,#482));
#500= IFCFACEOUTERBOUND(#499,.T.);
#501= IFCFACE((#500));
#502= IFCCARTESIANPOINT((6.07530214295548,-6.69760830150517,-10.5605257707866));
#503= IFCPOLYLOOP((#446,#502,#491,#490));
#504= IFCFACEOUTERBOUND(#503,.T.);
#505= IFCFACE((#504));
#506= IFCCARTESIANPOINT((15.2503841885191,-0.695299713423083,-7.0758938795916));
#507= IFCPOLYLOOP((#502,#506,#495,#491));
#508= IFCFACEOUTERBOUND(#507,.T.);
#509= IFCFACE((#508));
#510= IFCPOLYLOOP((#506,#446,#490,#495));
#511= IFCFACEOUTERBOUND(#510,.T.);
#512= IFCFACE((#511));
#513= IFCPOLYLOOP((#483,#478,#477));
#514= IFCFACEOUTERBOUND(#513,.T.);
#515= IFCFACE((#514));
#516= IFCPOLYLOOP((#506,#502,#446));
#517= IFCFACEOUTERBOUND(#516,.T.);
#518= IFCFACE((#517));
#519= IFCCARTESIANPOINT((-39.7757711204904,-125.558477393786,5.22881282881281));
#520= IFCPOLYLOOP((#478,#519,#379,#378));
#521= IFCFACEOUTERBOUND(#520,.T.);
#522= IFCFACE((#521));
#523= IFCCARTESIANPOINT((-36.9924323601736,-133.828450554121,14.3303978732074));
#524= IFCPOLYLOOP((#519,#523,#385,#379));
#525= IFCFACEOUTERBOUND(#524,.T.);
#526= IFCFACE((#525));
#527= IFCPOLYLOOP((#523,#478,#378,#385));
#528= IFCFACEOUTERBOUND(#527,.T.);
#529= IFCFACE((#528));
#530= IFCPOLYLOOP((#385,#378,#379));
#531= IFCFACEOUTERBOUND(#530,.T.);
#532= IFCFACE((#531));
#533= IFCPOLYLOOP((#523,#519,#478));
#534= IFCFACEOUTERBOUND(#533,.T.);
#535= IFCFACE((#534));
#536= IFCCLOSEDSHELL((#384,#389,#392,#395,#398,#405,#410,#413,#418,#422,#425,#429,#433,#436,#439,#442,#449,#454,#457,#461,#465,#468,#471,#474,#481,#486,#489,#494,#498,#501,#505,#509,#512,#515,#518,#522,#526,#529,#532,#535));
#537= IFCFACETEDBREP(#536);
#538= IFCSHAPEREPRESENTATION(#12,'Body','Brep',(#537));
#539= IFCCARTESIANPOINT((-45.329335229515,21.6008850737344,125.166810603136));
#540= IFCCARTESIANPOINT((-50.2103870446881,20.8565612197999,120.853809421315));
#541= IFCCARTESIANPOINT((-45.1506318572356,18.6080275312343,107.824630784868));
#542= IFCCARTESIANPOINT((-8.33773718919838,2.24853368853655,13.0291786363341));
#543= IFCCARTESIANPOINT((6.4841216285422,-3.6311807369857,4.41767576505663));
#544= IFCCARTESIANPOINT((1.42436644114787,-1.38264704844187,17.4468544013762));
#545= IFCCARTESIANPOINT((-35.3885282269184,14.9768467942631,112.242306549913));
#546= IFCCARTESIANPOINT((-40.4482834143564,17.2253804828215,125.271485186338));
#547= IFCPOLYLINE((#539,#540,#541,#542,#402,#443,#543,#544,#545,#546,#539));
#548= IFCSHAPEREPRESENTATION(#13,'Axis','GeometricCurveSet',(#547));
#549= IFCPRODUCTDEFINITIONSHAPE($,$,(#538,#548));
#550= IFCFASTENER('3ywI33ARf5fA1JAH3XpTkN',#300,'Weld',$,$,#377,#549,'IDfce920c3-29ba-45a4-a053-2910e1cddb97');
#551= IFCPROPERTYSINGLEVALUE('FieldWeld',$,IFCBOOLEAN(.F.),$);
#552= IFCPROPERTYSINGLEVALUE('WeldDescription',$,$,$);
#553= IFCPROPERTYSINGLEVALUE('WeldCategory',$,IFCLABEL('Ninguno'),$);
#554= IFCPROPERTYSINGLEVALUE('WPSCode',$,IFCIDENTIFIER('Ninguno'),$);
#555= IFCPROPERTYSINGLEVALUE('WeldID',$,IFCINTEGER(118436044),$);
#556= IFCPROPERTYSINGLEVALUE('z',$,IFCPOSITIVELENGTHMEASURE(6.),$);
#557= IFCPROPERTYSINGLEVALUE('s',$,IFCPOSITIVELENGTHMEASURE(0.),$);
#558= IFCPROPERTYSINGLEVALUE('n',$,$,$);
#559= IFCPROPERTYSINGLEVALUE('l',$,IFCPOSITIVELENGTHMEASURE(288.9),$);
#560= IFCPROPERTYSINGLEVALUE('e',$,IFCPOSITIVELENGTHMEASURE(0.),$);
#561= IFCPROPERTYSINGLEVALUE('d',$,IFCPOSITIVELENGTHMEASURE(0.),$);
#562= IFCPROPERTYSINGLEVALUE('c',$,IFCPOSITIVELENGTHMEASURE(6.),$);
#563= IFCPROPERTYSINGLEVALUE('a',$,IFCPOSITIVELENGTHMEASURE(0.),$);
#564= IFCPROPERTYSINGLEVALUE('Staggered',$,IFCBOOLEAN(.F.),$);
#565= IFCPROPERTYSINGLEVALUE('Intermittent',$,IFCBOOLEAN(.F.),$);
#566= IFCPROPERTYSINGLEVALUE('WeldType1',$,IFCLABEL('SOLDADURA'),$);
#567= IFCPROPERTYSET('3o1Q5_TVb9HO_QWs8k3hVC',#5,'AISC_EM11_Pset_Weld','WeldIdentity',(#551,#552,#553,#554,#555,#556,#557,#558,#559,#560,#561,#562,#563,#564,#565,#566));
#568= IFCCARTESIANPOINT((65780.4669885562,7507.47077065069,40771.8291777744));
#569= IFCAXIS2PLACEMENT3D(#568,#374,#375);
#570= IFCLOCALPLACEMENT(#369,#569);
#571= IFCSHAPEREPRESENTATION(#12,'Body','Brep',(#537));
#572= IFCSHAPEREPRESENTATION(#13,'Axis','GeometricCurveSet',(#547));
#573= IFCPRODUCTDEFINITIONSHAPE($,$,(#571,#572));
#574= IFCFASTENER('14Amk0egf3W8VANyD$kAGW',#300,'Weld',$,$,#570,#573,'ID442b0b80-a2aa-4380-87ca-5fc37fb8a420');
#575= IFCPROPERTYSINGLEVALUE('WeldID',$,IFCINTEGER(118435999),$);
#576= IFCPROPERTYSET('1eFqqPGvj0wfT47W4Rt_lg',#5,'AISC_EM11_Pset_Weld','WeldIdentity',(#551,#552,#553,#554,#575,#556,#557,#558,#559,#560,#561,#562,#563,#564,#565,#566));
#577= IFCCARTESIANPOINT((65827.579,7493.586,40715.));
#578= IFCAXIS2PLACEMENT3D(#577,#56,#9);
#579= IFCLOCALPLACEMENT(#369,#578);
#580= IFCCARTESIANPOINT((-95.,0.24229806229414,4.23571619081122));
#581= IFCCARTESIANPOINT((-95.,0.,0.));
#582= IFCCARTESIANPOINT((95.,0.,0.));
#583= IFCCARTESIANPOINT((95.,0.24229806229414,4.23571619081122));
#584= IFCPOLYLOOP((#580,#581,#582,#583));
#585= IFCFACEOUTERBOUND(#584,.T.);
#586= IFCFACE((#585));
#587= IFCCARTESIANPOINT((-95.,4.23571619081486,-0.242298062309601));
#588= IFCCARTESIANPOINT((95.,4.23571619081486,-0.242298062309601));
#589= IFCPOLYLOOP((#581,#587,#588,#582));
#590= IFCFACEOUTERBOUND(#589,.T.);
#591= IFCFACE((#590));
#592= IFCPOLYLOOP((#587,#580,#583,#588));
#593= IFCFACEOUTERBOUND(#592,.T.);
#594= IFCFACE((#593));
#595= IFCPOLYLOOP((#588,#583,#582));
#596= IFCFACEOUTERBOUND(#595,.T.);
#597= IFCFACE((#596));
#598= IFCPOLYLOOP((#587,#581,#580));
#599= IFCFACEOUTERBOUND(#598,.T.);
#600= IFCFACE((#599));
#601= IFCCARTESIANPOINT((95.,-5.7477019377111,4.57871619079015));
#602= IFCCARTESIANPOINT((95.,-5.99000000000524,0.342999999999847));
#603= IFCCARTESIANPOINT((-95.,-5.99000000000524,0.342999999999847));
#604= IFCCARTESIANPOINT((-95.,-5.7477019377111,4.57871619079015));
#605= IFCPOLYLOOP((#601,#602,#603,#604));
#606= IFCFACEOUTERBOUND(#605,.T.);
#607= IFCFACE((#606));
#608= IFCCARTESIANPOINT((95.,-10.225716190791,0.585298062308539));
#609= IFCCARTESIANPOINT((-95.,-10.225716190791,0.585298062308539));
#610= IFCPOLYLOOP((#602,#608,#609,#603));
#611= IFCFACEOUTERBOUND(#610,.T.);
#612= IFCFACE((#611));
#613= IFCPOLYLOOP((#608,#601,#604,#609));
#614= IFCFACEOUTERBOUND(#613,.T.);
#615= IFCFACE((#614));
#616= IFCPOLYLOOP((#609,#604,#603));
#617= IFCFACEOUTERBOUND(#616,.T.);
#618= IFCFACE((#617));
#619= IFCPOLYLOOP((#608,#602,#601));
#620= IFCFACEOUTERBOUND(#619,.T.);
#621= IFCFACE((#620));
#622= IFCCLOSEDSHELL((#586,#591,#594,#597,#600,#607,#612,#615,#618,#621));
#623= IFCFACETEDBREP(#622);
#624= IFCSHAPEREPRESENTATION(#12,'Body','Brep',(#623));
#625= IFCPOLYLINE((#581,#582));
#626= IFCCARTESIANPOINT((95.,0.342999999999847,5.99000000000524));
#627= IFCCARTESIANPOINT((-95.,0.342999999999847,5.99000000000524));
#628= IFCPOLYLINE((#626,#627));
#629= IFCSHAPEREPRESENTATION(#13,'Axis','GeometricCurveSet',(#625,#628));
#630= IFCPRODUCTDEFINITIONSHAPE($,$,(#624,#629));
#631= IFCFASTENER('2sgP3JZWL1NAvTmoscBvol',#300,'Weld',$,$,#579,#630,'IDb6a990d3-8e05-415c-ae5d-c32da62f9caf');
#632= IFCPROPERTYSINGLEVALUE('WeldID',$,IFCINTEGER(118435936),$);
#633= IFCPROPERTYSINGLEVALUE('z',$,IFCPOSITIVELENGTHMEASURE(3.),$);
#634= IFCPROPERTYSINGLEVALUE('l',$,IFCPOSITIVELENGTHMEASURE(190.),$);
#635= IFCPROPERTYSINGLEVALUE('d',$,IFCPOSITIVELENGTHMEASURE(3.),$);
#636= IFCPROPERTYSINGLEVALUE('c',$,IFCPOSITIVELENGTHMEASURE(3.),$);
#637= IFCPROPERTYSET('3DlkFHFrr93eISXxKIEStx',#5,'AISC_EM11_Pset_Weld','WeldIdentity',(#551,#552,#553,#554,#632,#633,#557,#558,#634,#560,#635,#636,#563,#564,#565,#566));
#638= IFCCARTESIANPOINT((65827.4326360621,7438.50441344485,40620.));
#639= IFCDIRECTION((0.0571102009751339,0.998367880565365,0.));
#640= IFCAXIS2PLACEMENT3D(#638,#9,#639);
#641= IFCLOCALPLACEMENT(#369,#640);
#642= IFCRECTANGLEPROFILEDEF(.AREA.,'PL6*110',#61,6.,110.);
#643= IFCCARTESIANPOINT((0.,0.,190.000000000007));
#644= IFCAXIS2PLACEMENT3D(#643,#63,#8);
#645= IFCEXTRUDEDAREASOLID(#642,#644,#9,190.);
#646= IFCSHAPEREPRESENTATION(#12,'Body','SweptSolid',(#645));
#647= IFCPRODUCTDEFINITIONSHAPE($,$,(#646));
#648= IFCDISCRETEACCESSORY('3PdxSYij9EYefSUWwAY9xj',#300,'Support section',$,$,#641,#647,'1050(?)');
#649= IFCLOCALPLACEMENT(#369,#307);
#650= IFCCIRCLEPROFILEDEF(.AREA.,$,#61,9.5);
#651= IFCCARTESIANPOINT((0.,-9.19999990187985,0.));
#652= IFCAXIS2PLACEMENT3D(#651,#8,#7);
#653= IFCEXTRUDEDAREASOLID(#650,#652,#9,6.2);
#654= IFCSHAPEREPRESENTATION(#12,'Body','SweptSolid',(#653));
#655= IFCREPRESENTATIONMAP(#10,#654);
#656= IFCMAPPEDITEM(#655,#332);
#657= IFCMAPPEDITEM(#655,#337);
#658= IFCMAPPEDITEM(#655,#340);
#659= IFCSHAPEREPRESENTATION(#12,'Body','MappedRepresentation',(#656,#657,#658));
#660= IFCPRODUCTDEFINITIONSHAPE($,$,(#659));
#661= IFCOPENINGELEMENT('1kh1Jftt1AxRocIaiFW5zZ',#5,$,$,'Opening',#649,#660,$);
#662= IFCRELVOIDSELEMENT('0_P0KC3zj95geykE05gLRx',#5,'Drill Hole',$,#648,#661);
#663= IFCPROPERTYSINGLEVALUE('FeatureSubTypes',$,IFCLABEL('TORNILLO'),$);
#664= IFCPROPERTYSINGLEVALUE('RectangleOpeningWidth',$,$,$);
#665= IFCPROPERTYSINGLEVALUE('RectangleOpeningHeight',$,$,$);
#666= IFCPROPERTYSINGLEVALUE('OpeningDiameter',$,$,$);
#667= IFCPROPERTYSET('3MMxWTISXB9RsSCXkYTs4x',#5,'AISC_EM11_Pset_Opening/Cope',$,(#663,#664,#665,#666));
#668= IFCPROPERTYSINGLEVALUE('PieceMark',$,IFCIDENTIFIER('PLACA'),$);
#669= IFCPROPERTYSINGLEVALUE('IndicationMark',$,IFCIDENTIFIER('1050(?)'),$);
#670= IFCPROPERTYSINGLEVALUE('MainPieceTag',$,IFCBOOLEAN(.F.),$);
#671= IFCPROPERTYSET('0KNHILPLzBXxjuJXm4EVLO',#5,'AISC_EM11_Pset_PieceIdentification','PieceIdentity',(#668,#669,#72,#670));
#672= IFCPROPERTYSINGLEVALUE('MaterialType',$,IFCIDENTIFIER('STEEL'),$);
#673= IFCPROPERTYSINGLEVALUE('MaterialGrade',$,IFCIDENTIFIER('S235JR'),$);
#674= IFCPROPERTYSET('07fWUQqQL2jRfXa7kd_Koo',#5,'AISC_EM11_Pset_Material',$,(#672,#673));
#675= IFCMATERIAL('STEEL/S235JR');
#676= IFCCARTESIANPOINT((65897.7951101716,7758.00746559006,40645.0007506475));
#677= IFCDIRECTION((9.90096887107936E-08,1.73016938424552E-06,0.999999999998498));
#678= IFCDIRECTION((-0.057110200975051,-0.998367880563866,1.73300000382346E-06));
#679= IFCAXIS2PLACEMENT3D(#676,#677,#678);
#680= IFCLOCALPLACEMENT(#369,#679);
#681= IFCCARTESIANPOINT((2.00088834390044E-11,-7.99999999994179,-1.45519152283669E-11));
#682= IFCCARTESIANPOINT((-9.80335425992962E-06,-5.65685424946423,-5.65685424950061));
#683= IFCCARTESIANPOINT((241.499984812077,-5.65685424768162,-5.6572727701423));
#684= IFCCARTESIANPOINT((241.499994615451,-7.99999999815918,-0.000418520663515665));
#685= IFCPOLYLOOP((#681,#682,#683,#684));
#686= IFCFACEOUTERBOUND(#685,.T.);
#687= IFCFACE((#686));
#688= IFCCARTESIANPOINT((-1.38640571094584E-05,-1.45519152283669E-11,-8.));
#689= IFCCARTESIANPOINT((241.499980751376,1.76078174263239E-09,-8.00041852064169));
#690= IFCPOLYLOOP((#682,#688,#689,#683));
#691= IFCFACEOUTERBOUND(#690,.T.);
#692= IFCFACE((#691));
#693= IFCCARTESIANPOINT((-9.80338336376008E-06,5.65685424942785,-5.65685424948606));
#694= IFCCARTESIANPOINT((241.499984812048,5.65685425123229,-5.65727277013502));
#695= IFCPOLYLOOP((#688,#693,#694,#689));
#696= IFCFACEOUTERBOUND(#695,.T.);
#697= IFCFACE((#696));
#698= IFCCARTESIANPOINT((-2.00088834390044E-11,7.99999999994179,7.27595761418343E-12));
#699= IFCCARTESIANPOINT((241.499994615411,8.0000000017244,-0.000418520641687792));
#700= IFCPOLYLOOP((#693,#698,#699,#694));
#701= IFCFACEOUTERBOUND(#700,.T.);
#702= IFCFACE((#701));
#703= IFCCARTESIANPOINT((9.80335425992962E-06,5.6568542494424,5.65685424950061));
#704= IFCCARTESIANPOINT((241.500004418785,5.65685425123957,5.65643572885165));
#705= IFCPOLYLOOP((#698,#703,#704,#699));
#706= IFCFACEOUTERBOUND(#705,.T.);
#707= IFCFACE((#706));
#708= IFCCARTESIANPOINT((1.38640571094584E-05,7.27595761418343E-12,8.00000000000728));
#709= IFCCARTESIANPOINT((241.500008479488,1.78988557308912E-09,7.99958147935831));
#710= IFCPOLYLOOP((#703,#708,#709,#704));
#711= IFCFACEOUTERBOUND(#710,.T.);
#712= IFCFACE((#711));
#713= IFCCARTESIANPOINT((9.80338154477067E-06,-5.65685424944968,5.65685424948606));
#714= IFCCARTESIANPOINT((241.500004418815,-5.65685424766707,5.65643572884437));
#715= IFCPOLYLOOP((#708,#713,#714,#709));
#716= IFCFACEOUTERBOUND(#715,.T.);
#717= IFCFACE((#716));
#718= IFCPOLYLOOP((#713,#681,#684,#714));
#719= IFCFACEOUTERBOUND(#718,.T.);
#720= IFCFACE((#719));
#721= IFCPOLYLOOP((#713,#708,#703,#698,#693,#688,#682,#681));
#722= IFCFACEOUTERBOUND(#721,.T.);
#723= IFCFACE((#722));
#724= IFCCARTESIANPOINT((255.656839061656,-5.65685424757248,-5.65729730404564));
#725= IFCCARTESIANPOINT((249.999994615508,-7.99999999808642,-0.000433251196227502));
#726= IFCPOLYLOOP((#684,#683,#724,#725));
#727= IFCFACEOUTERBOUND(#726,.T.);
#728= IFCFACE((#727));
#729= IFCCARTESIANPOINT((257.999980751465,1.89174897968769E-09,-8.0004471152206));
#730= IFCPOLYLOOP((#683,#689,#729,#724));
#731= IFCFACEOUTERBOUND(#730,.T.);
#732= IFCFACE((#731));
#733= IFCCARTESIANPOINT((255.65683906161,5.65685425132688,-5.65729730402381));
#734= IFCPOLYLOOP((#689,#694,#733,#729));
#735= IFCFACEOUTERBOUND(#734,.T.);
#736= IFCFACE((#735));
#737= IFCCARTESIANPOINT((249.999994615442,8.00000000179716,-0.000433251174399629));
#738= IFCPOLYLOOP((#694,#699,#737,#733));
#739= IFCFACEOUTERBOUND(#738,.T.);
#740= IFCFACE((#739));
#741= IFCCARTESIANPOINT((244.343150169298,5.65685425127594,5.65643080166774));
#742= IFCPOLYLOOP((#699,#704,#741,#737));
#743= IFCFACEOUTERBOUND(#742,.T.);
#744= IFCFACE((#743));
#745= IFCCARTESIANPOINT((242.000008479488,1.81171344593167E-09,7.99958061285724));
#746= IFCPOLYLOOP((#704,#709,#745,#741));
#747= IFCFACEOUTERBOUND(#746,.T.);
#748= IFCFACE((#747));
#749= IFCCARTESIANPOINT((244.343150169343,-5.65685424763797,5.65643080165319));
#750= IFCPOLYLOOP((#709,#714,#749,#745));
#751= IFCFACEOUTERBOUND(#750,.T.);
#752= IFCFACE((#751));
#753= IFCPOLYLOOP((#714,#684,#725,#749));
#754= IFCFACEOUTERBOUND(#753,.T.);
#755= IFCFACE((#754));
#756= IFCCARTESIANPOINT((255.656863595477,-5.65685424751427,8.49955694556411));
#757= IFCCARTESIANPOINT((250.000009346006,-7.99999999807187,8.49956674887653));
#758= IFCPOLYLOOP((#725,#724,#756,#757));
#759= IFCFACEOUTERBOUND(#758,.T.);
#760= IFCFACE((#759));
#761= IFCCARTESIANPOINT((258.000009345958,1.94995664060116E-09,8.4995528849031));
#762= IFCPOLYLOOP((#724,#729,#761,#756));
#763= IFCFACEOUTERBOUND(#762,.T.);
#764= IFCFACE((#763));
#765= IFCCARTESIANPOINT((255.656863595432,5.65685425137781,8.49955694556411));
#766= IFCPOLYLOOP((#729,#733,#765,#761));
#767= IFCFACEOUTERBOUND(#766,.T.);
#768= IFCFACE((#767));
#769= IFCCARTESIANPOINT((250.00000934594,8.00000000182627,8.49956674887653));
#770= IFCPOLYLOOP((#733,#737,#769,#765));
#771= IFCFACEOUTERBOUND(#770,.T.);
#772= IFCFACE((#771));
#773= IFCCARTESIANPOINT((244.343155096467,5.6568542512905,8.49957655218896));
#774= IFCPOLYLOOP((#737,#741,#773,#769));
#775= IFCFACEOUTERBOUND(#774,.T.);
#776= IFCFACE((#775));
#777= IFCCARTESIANPOINT((242.000009345988,1.81171344593167E-09,8.49958061285724));
#778= IFCPOLYLOOP((#741,#745,#777,#773));
#779= IFCFACEOUTERBOUND(#778,.T.);
#780= IFCFACE((#779));
#781= IFCCARTESIANPOINT((244.343155096512,-5.65685424762341,8.49957655218896));
#782= IFCPOLYLOOP((#745,#749,#781,#777));
#783= IFCFACEOUTERBOUND(#782,.T.);
#784= IFCFACE((#783));
#785= IFCPOLYLOOP((#749,#725,#757,#781));
#786= IFCFACEOUTERBOUND(#785,.T.);
#787= IFCFACE((#786));
#788= IFCCARTESIANPOINT((255.657042094443,-5.65685424722324,111.499556948496));
#789= IFCCARTESIANPOINT((250.000187844971,-7.99999999775901,111.499566751816));
#790= IFCPOLYLOOP((#757,#756,#788,#789));
#791= IFCFACEOUTERBOUND(#790,.T.);
#792= IFCFACE((#791));
#793= IFCCARTESIANPOINT((258.000187844922,2.25554686039686E-09,111.499552887835));
#794= IFCPOLYLOOP((#756,#761,#793,#788));
#795= IFCFACEOUTERBOUND(#794,.T.);
#796= IFCFACE((#795));
#797= IFCCARTESIANPOINT((255.657042094397,5.65685425169067,111.499556948504));
#798= IFCPOLYLOOP((#761,#765,#797,#793));
#799= IFCFACEOUTERBOUND(#798,.T.);
#800= IFCFACE((#799));
#801= IFCCARTESIANPOINT((250.000187844906,8.00000000212458,111.499566751809));
#802= IFCPOLYLOOP((#765,#769,#801,#797));
#803= IFCFACEOUTERBOUND(#802,.T.);
#804= IFCFACE((#803));
#805= IFCCARTESIANPOINT((244.343333595432,5.65685425158154,111.499576555121));
#806= IFCPOLYLOOP((#769,#773,#805,#801));
#807= IFCFACEOUTERBOUND(#806,.T.);
#808= IFCFACE((#807));
#809= IFCCARTESIANPOINT((242.000187844951,2.11730366572738E-09,111.499580615789));
#810= IFCPOLYLOOP((#773,#777,#809,#805));
#811= IFCFACEOUTERBOUND(#810,.T.);
#812= IFCFACE((#811));
#813= IFCCARTESIANPOINT((244.343333595478,-5.65685424731055,111.499576555121));
#814= IFCPOLYLOOP((#777,#781,#813,#809));
#815= IFCFACEOUTERBOUND(#814,.T.);
#816= IFCFACE((#815));
#817= IFCPOLYLOOP((#781,#757,#789,#813));
#818= IFCFACEOUTERBOUND(#817,.T.);
#819= IFCFACE((#818));
#820= IFCCARTESIANPOINT((255.657066628266,-5.6568542471723,125.656411197997));
#821= IFCCARTESIANPOINT((250.000202575466,-7.9999999977299,119.999566751823));
#822= IFCPOLYLOOP((#789,#788,#820,#821));
#823= IFCFACEOUTERBOUND(#822,.T.);
#824= IFCFACE((#823));
#825= IFCCARTESIANPOINT((258.000216439415,2.29920260608196E-09,127.999552887828));
#826= IFCPOLYLOOP((#788,#793,#825,#820));
#827= IFCFACEOUTERBOUND(#826,.T.);
#828= IFCFACE((#827));
#829= IFCCARTESIANPOINT((255.65706662822,5.65685425174161,125.656411197975));
#830= IFCPOLYLOOP((#793,#797,#829,#825));
#831= IFCFACEOUTERBOUND(#830,.T.);
#832= IFCFACE((#831));
#833= IFCCARTESIANPOINT((250.000202575402,8.00000000215368,119.999566751787));
#834= IFCPOLYLOOP((#797,#801,#833,#829));
#835= IFCFACEOUTERBOUND(#834,.T.);
#836= IFCFACE((#835));
#837= IFCCARTESIANPOINT((244.343338522602,5.65685425158881,114.342722305621));
#838= IFCPOLYLOOP((#801,#805,#837,#833));
#839= IFCFACEOUTERBOUND(#838,.T.);
#840= IFCFACE((#839));
#841= IFCCARTESIANPOINT((242.00018871145,2.11002770811319E-09,111.999580615789));
#842= IFCPOLYLOOP((#805,#809,#841,#837));
#843= IFCFACEOUTERBOUND(#842,.T.);
#844= IFCFACE((#843));
#845= IFCCARTESIANPOINT((244.343338522649,-5.65685424730327,114.34272230565));
#846= IFCPOLYLOOP((#809,#813,#845,#841));
#847= IFCFACEOUTERBOUND(#846,.T.);
#848= IFCFACE((#847));
#849= IFCPOLYLOOP((#813,#789,#821,#845));
#850= IFCFACEOUTERBOUND(#849,.T.);
#851= IFCFACE((#850));
#852= IFCCARTESIANPOINT((241.500212378793,-5.65685424725962,125.656435731798));
#853= IFCCARTESIANPOINT((241.500202575466,-7.99999999778811,119.999581482305));
#854= IFCPOLYLOOP((#821,#820,#852,#853));
#855= IFCFACEOUTERBOUND(#854,.T.);
#856= IFCFACE((#855));
#857= IFCCARTESIANPOINT((241.500216439452,2.20461515709758E-09,127.999581482291));
#858= IFCPOLYLOOP((#820,#825,#857,#852));
#859= IFCFACEOUTERBOUND(#858,.T.);
#860= IFCFACE((#859));
#861= IFCCARTESIANPOINT((241.500212378771,5.65685425163247,125.656435731762));
#862= IFCPOLYLOOP((#825,#829,#861,#857));
#863= IFCFACEOUTERBOUND(#862,.T.);
#864= IFCFACE((#863));
#865= IFCCARTESIANPOINT((241.500202575438,8.00000000210275,119.999581482261));
#866= IFCPOLYLOOP((#829,#833,#865,#861));
#867= IFCFACEOUTERBOUND(#866,.T.);
#868= IFCFACE((#867));
#869= IFCCARTESIANPOINT((241.500192772113,5.65685425157426,114.342727232783));
#870= IFCPOLYLOOP((#833,#837,#869,#865));
#871= IFCFACEOUTERBOUND(#870,.T.);
#872= IFCFACE((#871));
#873= IFCCARTESIANPOINT((241.500188711452,2.11730366572738E-09,111.999581482291));
#874= IFCPOLYLOOP((#837,#841,#873,#869));
#875= IFCFACEOUTERBOUND(#874,.T.);
#876= IFCFACE((#875));
#877= IFCCARTESIANPOINT((241.500192772135,-5.65685424733238,114.342727232819));
#878= IFCPOLYLOOP((#841,#845,#877,#873));
#879= IFCFACEOUTERBOUND(#878,.T.);
#880= IFCFACE((#879));
#881= IFCPOLYLOOP((#845,#821,#853,#877));
#882= IFCFACEOUTERBOUND(#881,.T.);
#883= IFCFACE((#882));
#884= IFCCARTESIANPOINT((0.000215766076507862,-5.6568542488676,125.656854250716));
#885= IFCCARTESIANPOINT((0.000205962753170752,-7.99999999940337,120.00000000123));
#886= IFCPOLYLOOP((#853,#852,#884,#885));
#887= IFCFACEOUTERBOUND(#886,.T.);
#888= IFCFACE((#887));
#889= IFCCARTESIANPOINT((0.000219826737520634,5.82076609134674E-10,128.000000001215));
#890= IFCPOLYLOOP((#852,#857,#889,#884));
#891= IFCFACEOUTERBOUND(#890,.T.);
#892= IFCFACE((#891));
#893= IFCCARTESIANPOINT((0.000215766056498978,5.65685425003176,125.656854250694));
#894= IFCPOLYLOOP((#857,#861,#893,#889));
#895= IFCFACEOUTERBOUND(#894,.T.);
#896= IFCFACE((#895));
#897= IFCCARTESIANPOINT((0.000205962724066922,8.00000000048021,120.000000001193));
#898= IFCPOLYLOOP((#861,#865,#897,#893));
#899= IFCFACEOUTERBOUND(#898,.T.);
#900= IFCFACE((#899));
#901= IFCCARTESIANPOINT((0.000196159398910822,5.65685424997355,114.343145751714));
#902= IFCPOLYLOOP((#865,#869,#901,#897));
#903= IFCFACEOUTERBOUND(#902,.T.);
#904= IFCFACE((#903));
#905= IFCCARTESIANPOINT((0.00019209873789805,5.02041075378656E-10,112.000000001208));
#906= IFCPOLYLOOP((#869,#873,#905,#901));
#907= IFCFACEOUTERBOUND(#906,.T.);
#908= IFCFACE((#907));
#909= IFCCARTESIANPOINT((0.000196159420738695,-5.65685424894036,114.343145751736));
#910= IFCPOLYLOOP((#873,#877,#909,#905));
#911= IFCFACEOUTERBOUND(#910,.T.);
#912= IFCFACE((#911));
#913= IFCPOLYLOOP((#877,#853,#885,#909));
#914= IFCFACEOUTERBOUND(#913,.T.);
#915= IFCFACE((#914));
#916= IFCPOLYLOOP((#889,#893,#897,#901,#905,#909,#885,#884));
#917= IFCFACEOUTERBOUND(#916,.T.);
#918= IFCFACE((#917));
#919= IFCCLOSEDSHELL((#687,#692,#697,#702,#707,#712,#717,#720,#723,#728,#732,#736,#740,#744,#748,#752,#755,#760,#764,#768,#772,#776,#780,#784,#787,#792,#796,#800,#804,#808,#812,#816,#819,#824,#828,#832,#836,#840,#844,#848,#851,#856,#860,#864,#868,#872,#876,#880,#883,#888,#892,#896,#900,#904,#908,#912,#915,#918));
#920= IFCFACETEDBREP(#919);
#921= IFCSHAPEREPRESENTATION(#12,'Body','Brep',(#920));
#922= IFCPRODUCTDEFINITIONSHAPE($,$,(#921));
#923= IFCDISCRETEACCESSORY('3F1fCXOYfFZBCvWSgFBG2O',#300,'Support section',$,$,#680,#922,'1497(?)');
#924= IFCPROPERTYSINGLEVALUE('PieceMark',$,IFCIDENTIFIER(''),$);
#925= IFCPROPERTYSINGLEVALUE('IndicationMark',$,IFCIDENTIFIER('1497(?)'),$);
#926= IFCPROPERTYSET('27OGRqhqD02xNWBHlJesWq',#5,'AISC_EM11_Pset_PieceIdentification','PieceIdentity',(#924,#925,#72,#670));
#927= IFCCARTESIANPOINT((65797.9583221247,7763.71848569165,40645.0007506475));
#928= IFCAXIS2PLACEMENT3D(#927,#677,#678);
#929= IFCLOCALPLACEMENT(#369,#928);
#930= IFCSHAPEREPRESENTATION(#12,'Body','Brep',(#920));
#931= IFCPRODUCTDEFINITIONSHAPE($,$,(#930));
#932= IFCDISCRETEACCESSORY('0teJb2PHr8Vw8H7aIgvQac',#300,'Support section',$,$,#929,#931,'1497(?)');
#933= IFCCARTESIANPOINT((65836.9492920933,7498.05811405801,40595.));
#934= IFCDIRECTION((-0.998367880565365,0.0571102009751378,0.));
#935= IFCAXIS2PLACEMENT3D(#933,#9,#934);
#936= IFCLOCALPLACEMENT(#369,#935);
#937= IFCRECTANGLEPROFILEDEF(.AREA.,'PL10*200',#61,10.,200.);
#938= IFCCARTESIANPOINT((0.,0.,240.));
#939= IFCAXIS2PLACEMENT3D(#938,#63,#8);
#940= IFCEXTRUDEDAREASOLID(#937,#939,#9,240.);
#941= IFCSHAPEREPRESENTATION(#12,'Body','SweptSolid',(#940));
#942= IFCPRODUCTDEFINITIONSHAPE($,$,(#941));
#943= IFCCOLUMN('0jNVQP3Y91Nu21NCASihHO',#300,'main piece','PL10*200','PL10*200',#936,#942,'1496(?)');
#944= IFCPROPERTYSINGLEVALUE('IndicationMark',$,IFCIDENTIFIER('1496(?)'),$);
#945= IFCPROPERTYSET('2nNlWd0Pj2iQ6YIuPpv_vT',#5,'AISC_EM11_Pset_PieceIdentification','PieceIdentity',(#924,#944,#72,#73));
#946= IFCLOCALPLACEMENT(#42,#10);
#947= IFCELEMENTASSEMBLY('2B9ar16uzDiQxHyVTJYmQP',#300,'BEAM',$,$,#946,$,'B/522(?)',.NOTDEFINED.,.RIGID_FRAME.);
#948= IFCPROPERTYSINGLEVALUE('AssemblyMark',$,IFCIDENTIFIER('B/522(?)'),$);
#949= IFCPROPERTYSET('3DNLUgOYXBq9Zp2JUKbUBQ',#5,'AISC_EM11_Pset_AssemblyIdentification','AssemblyIdentity',(#948,#52,#53));
#950= IFCCARTESIANPOINT((63720.8735228372,7604.08066798646,40835.));
#951= IFCAXIS2PLACEMENT3D(#950,#306,#63);
#952= IFCLOCALPLACEMENT(#946,#951);
#953= IFCSHAPEREPRESENTATION(#12,'Body','MappedRepresentation',(#335,#338,#341));
#954= IFCSHAPEREPRESENTATION(#12,'Axis','MappedRepresentation',(#347,#348,#349));
#955= IFCPRODUCTDEFINITIONSHAPE($,$,(#953,#954));
#956= IFCMECHANICALFASTENER('1ipA1vC0P45hF0$Iwn62Vo',#300,'Bolt assembly',$,$,#952,#955,'ID6ccca079-3006-4416-b3c0-fd2eb11827f2',16.,40.);
#957= IFCLOCALPLACEMENT(#42,#10);
#958= IFCELEMENTASSEMBLY('3QKuxHgEj0H8LWwdGbpEEs',#300,$,$,$,#957,$,'A/193(?)',.NOTDEFINED.,.RIGID_FRAME.);
#959= IFCCARTESIANPOINT((63765.0846603803,7622.75782268927,40771.8291777744));
#960= IFCAXIS2PLACEMENT3D(#959,#374,#375);
#961= IFCLOCALPLACEMENT(#957,#960);
#962= IFCSHAPEREPRESENTATION(#12,'Body','Brep',(#537));
#963= IFCSHAPEREPRESENTATION(#13,'Axis','GeometricCurveSet',(#547));
#964= IFCPRODUCTDEFINITIONSHAPE($,$,(#962,#963));
#965= IFCFASTENER('2ZSXFDSyv3lhKoHo8sRo7V',#300,'Weld',$,$,#961,#964,'IDa37213cd-73ce-43be-b532-4722366f21df');
#966= IFCPROPERTYSINGLEVALUE('WeldID',$,IFCINTEGER(118435651),$);
#967= IFCPROPERTYSET('1GonDis6PCgRZoEUhYsfp8',#5,'AISC_EM11_Pset_Weld','WeldIdentity',(#551,#552,#553,#554,#966,#556,#557,#558,#559,#560,#561,#562,#563,#564,#565,#566));
#968= IFCCARTESIANPOINT((63665.2478723222,7628.46884278609,40771.8291777744));
#969= IFCAXIS2PLACEMENT3D(#968,#374,#375);
#970= IFCLOCALPLACEMENT(#957,#969);
#971= IFCSHAPEREPRESENTATION(#12,'Body','Brep',(#537));
#972= IFCSHAPEREPRESENTATION(#13,'Axis','GeometricCurveSet',(#547));
#973= IFCPRODUCTDEFINITIONSHAPE($,$,(#971,#972));
#974= IFCFASTENER('1sSH8VvPbDQwkObqpLbte6',#300,'Weld',$,$,#970,#973,'ID7671121f-e599-4d6b-ab98-974cd5977a06');
#975= IFCPROPERTYSINGLEVALUE('WeldID',$,IFCINTEGER(118435606),$);
#976= IFCPROPERTYSET('2retRuWOn9LPXIjtWVKHYy',#5,'AISC_EM11_Pset_Weld','WeldIdentity',(#551,#552,#553,#554,#975,#556,#557,#558,#559,#560,#561,#562,#563,#564,#565,#566));
#977= IFCCARTESIANPOINT((63712.359,7614.584,40715.));
#978= IFCAXIS2PLACEMENT3D(#977,#56,#9);
#979= IFCLOCALPLACEMENT(#957,#978);
#980= IFCCARTESIANPOINT((95.,-5.74870193768584,4.5787161908047));
#981= IFCCARTESIANPOINT((95.,-5.9910000000018,0.342999999999847));
#982= IFCCARTESIANPOINT((-95.,-5.9910000000018,0.342999999999847));
#983= IFCCARTESIANPOINT((-95.,-5.74870193768584,4.5787161908047));
#984= IFCPOLYLOOP((#980,#981,#982,#983));
#985= IFCFACEOUTERBOUND(#984,.T.);
#986= IFCFACE((#985));
#987= IFCCARTESIANPOINT((95.,-10.2267161908094,0.585298062307629));
#988= IFCCARTESIANPOINT((-95.,-10.2267161908094,0.585298062307629));
#989= IFCPOLYLOOP((#981,#987,#988,#982));
#990= IFCFACEOUTERBOUND(#989,.T.);
#991= IFCFACE((#990));
#992= IFCPOLYLOOP((#987,#980,#983,#988));
#993= IFCFACEOUTERBOUND(#992,.T.);
#994= IFCFACE((#993));
#995= IFCPOLYLOOP((#988,#983,#982));
#996= IFCFACEOUTERBOUND(#995,.T.);
#997= IFCFACE((#996));
#998= IFCPOLYLOOP((#987,#981,#980));
#999= IFCFACEOUTERBOUND(#998,.T.);
#1000= IFCFACE((#999));
#1001= IFCCLOSEDSHELL((#586,#591,#594,#597,#600,#986,#991,#994,#997,#1000));
#1002= IFCFACETEDBREP(#1001);
#1003= IFCSHAPEREPRESENTATION(#12,'Body','Brep',(#1002));
#1004= IFCCARTESIANPOINT((95.,0.342999999999847,5.9910000000018));
#1005= IFCCARTESIANPOINT((-95.,0.342999999999847,5.9910000000018));
#1006= IFCPOLYLINE((#1004,#1005));
#1007= IFCSHAPEREPRESENTATION(#13,'Axis','GeometricCurveSet',(#625,#1006));
#1008= IFCPRODUCTDEFINITIONSHAPE($,$,(#1003,#1007));
#1009= IFCFASTENER('2cjaSpUdD7ue8gomNhPrx9',#300,'Weld',$,$,#979,#1008,'IDa6b64733-7a73-47e2-822a-cb05eb675ec9');
#1010= IFCPROPERTYSINGLEVALUE('WeldID',$,IFCINTEGER(118435543),$);
#1011= IFCPROPERTYSET('3u8EAa4Sb7nQd96WoEcogl',#5,'AISC_EM11_Pset_Weld','WeldIdentity',(#551,#552,#553,#554,#1010,#633,#557,#558,#634,#560,#635,#636,#563,#564,#565,#566));
#1012= IFCCARTESIANPOINT((63712.2135198166,7559.50248558138,40620.));
#1013= IFCAXIS2PLACEMENT3D(#1012,#9,#639);
#1014= IFCLOCALPLACEMENT(#957,#1013);
#1015= IFCSHAPEREPRESENTATION(#12,'Body','SweptSolid',(#645));
#1016= IFCPRODUCTDEFINITIONSHAPE($,$,(#1015));
#1017= IFCDISCRETEACCESSORY('2JSd9Hhaz3YxCoYdSBsxB6',#300,'Support section',$,$,#1014,#1016,'1050(?)');
#1018= IFCLOCALPLACEMENT(#957,#951);
#1019= IFCSHAPEREPRESENTATION(#12,'Body','MappedRepresentation',(#656,#657,#658));
#1020= IFCPRODUCTDEFINITIONSHAPE($,$,(#1019));
#1021= IFCOPENINGELEMENT('2ujpEINHfBWBcYtZmkg2c1',#5,$,$,'Opening',#1018,#1020,$);
#1022= IFCRELVOIDSELEMENT('1EfOFGBdr1dxMbDmv5GV0O',#5,'Drill Hole',$,#1017,#1021);
#1023= IFCCARTESIANPOINT((63782.5759939517,7879.00553772996,40645.0007506475));
#1024= IFCAXIS2PLACEMENT3D(#1023,#677,#678);
#1025= IFCLOCALPLACEMENT(#957,#1024);
#1026= IFCSHAPEREPRESENTATION(#12,'Body','Brep',(#920));
#1027= IFCPRODUCTDEFINITIONSHAPE($,$,(#1026));
#1028= IFCDISCRETEACCESSORY('0deaFkO$z8RPtQyoAMdIRy',#300,'Support section',$,$,#1025,#1027,'1497(?)');
#1029= IFCCARTESIANPOINT((63682.7392058936,7884.71655782676,40645.0007506475));
#1030= IFCAXIS2PLACEMENT3D(#1029,#677,#678);
#1031= IFCLOCALPLACEMENT(#957,#1030);
#1032= IFCSHAPEREPRESENTATION(#12,'Body','Brep',(#920));
#1033= IFCPRODUCTDEFINITIONSHAPE($,$,(#1032));
#1034= IFCDISCRETEACCESSORY('0Bjdk6Bub9bAK6M6uPtDNJ',#300,'Support section',$,$,#1031,#1033,'1497(?)');
#1035= IFCCARTESIANPOINT((63721.730175852,7619.05618619499,40595.));
#1036= IFCAXIS2PLACEMENT3D(#1035,#9,#934);
#1037= IFCLOCALPLACEMENT(#957,#1036);
#1038= IFCSHAPEREPRESENTATION(#12,'Body','SweptSolid',(#940));
#1039= IFCPRODUCTDEFINITIONSHAPE($,$,(#1038));
#1040= IFCCOLUMN('2_KAZ44af9mv9raOU7MfzK',#300,'main piece','PL10*200','PL10*200',#1037,#1039,'1496(?)');
#1041= IFCLOCALPLACEMENT(#42,#10);
#1042= IFCELEMENTASSEMBLY('2hdYgj2eLFQeyrxiLvPSWk',#300,'BEAM',$,$,#1041,$,'B/625(?)',.NOTDEFINED.,.RIGID_FRAME.);
#1043= IFCPROPERTYSINGLEVALUE('AssemblyMark',$,IFCIDENTIFIER('B/625(?)'),$);
#1044= IFCPROPERTYSET('0rGUnu2ALC2uW$0jR2OY3r',#5,'AISC_EM11_Pset_AssemblyIdentification','AssemblyIdentity',(#1043,#52,#53));
#1045= IFCCARTESIANPOINT((61595.873522834,7725.63824153704,40835.));
#1046= IFCAXIS2PLACEMENT3D(#1045,#306,#63);
#1047= IFCLOCALPLACEMENT(#1041,#1046);
#1048= IFCSHAPEREPRESENTATION(#12,'Body','MappedRepresentation',(#335,#338,#341));
#1049= IFCSHAPEREPRESENTATION(#12,'Axis','MappedRepresentation',(#347,#348,#349));
#1050= IFCPRODUCTDEFINITIONSHAPE($,$,(#1048,#1049));
#1051= IFCMECHANICALFASTENER('3dh7Uio4b48AbLJjZFhYHt',#300,'Bolt assembly',$,$,#1047,#1050,'IDe7ac77ac-c849-4420-a955-4ed8cfae2477',16.,40.);
#1052= IFCLOCALPLACEMENT(#42,#10);
#1053= IFCELEMENTASSEMBLY('0vOwShz2L049mQy5J6EZe$',#300,$,$,$,#1052,$,'A/193(?)',.NOTDEFINED.,.RIGID_FRAME.);
#1054= IFCCARTESIANPOINT((61640.0846603788,7744.31539624016,40771.8291777744));
#1055= IFCAXIS2PLACEMENT3D(#1054,#374,#375);
#1056= IFCLOCALPLACEMENT(#1052,#1055);
#1057= IFCSHAPEREPRESENTATION(#12,'Body','Brep',(#537));
#1058= IFCSHAPEREPRESENTATION(#13,'Axis','GeometricCurveSet',(#547));
#1059= IFCPRODUCTDEFINITIONSHAPE($,$,(#1057,#1058));
#1060= IFCFASTENER('2GyfMqhob91w8y$oS9lNk9',#300,'Weld',$,$,#1056,#1059,'ID90f295b4-af29-4907-a23c-ff2709bd7b89');
#1061= IFCPROPERTYSINGLEVALUE('WeldID',$,IFCINTEGER(118435256),$);
#1062= IFCPROPERTYSET('0ugCETxRrAwQ8lonSBh$KI',#5,'AISC_EM11_Pset_Weld','WeldIdentity',(#551,#552,#553,#554,#1061,#556,#557,#558,#559,#560,#561,#562,#563,#564,#565,#566));
#1063= IFCCARTESIANPOINT((61540.2478723208,7750.02641633621,40771.8291777744));
#1064= IFCAXIS2PLACEMENT3D(#1063,#374,#375);
#1065= IFCLOCALPLACEMENT(#1052,#1064);
#1066= IFCSHAPEREPRESENTATION(#12,'Body','Brep',(#537));
#1067= IFCSHAPEREPRESENTATION(#13,'Axis','GeometricCurveSet',(#547));
#1068= IFCPRODUCTDEFINITIONSHAPE($,$,(#1066,#1067));
#1069= IFCFASTENER('2PS$t2RXPBEgLW2G90DrWu',#300,'Weld',$,$,#1065,#1068,'ID9973fdc2-6e16-4b3a-a560-090240375838');
#1070= IFCPROPERTYSINGLEVALUE('WeldID',$,IFCINTEGER(118435211),$);
#1071= IFCPROPERTYSET('0QnCkzfPv6K8Ybnh3bhPvr',#5,'AISC_EM11_Pset_Weld','WeldIdentity',(#551,#552,#553,#554,#1070,#556,#557,#558,#559,#560,#561,#562,#563,#564,#565,#566));
#1072= IFCCARTESIANPOINT((61587.359,7736.142,40715.));
#1073= IFCAXIS2PLACEMENT3D(#1072,#56,#9);
#1074= IFCLOCALPLACEMENT(#1052,#1073);
#1075= IFCSHAPEREPRESENTATION(#12,'Body','Brep',(#1002));
#1076= IFCSHAPEREPRESENTATION(#13,'Axis','GeometricCurveSet',(#625,#1006));
#1077= IFCPRODUCTDEFINITIONSHAPE($,$,(#1075,#1076));
#1078= IFCFASTENER('1TFAJSd9bBbPpcYKZUHMsO',#300,'Weld',$,$,#1074,#1077,'ID5d3ca4dc-9c99-4b95-9ce6-8948de456d98');
#1079= IFCPROPERTYSINGLEVALUE('WeldID',$,IFCINTEGER(118435148),$);
#1080= IFCPROPERTYSET('3PvAPt_8zFh9hjAN0vbFD2',#5,'AISC_EM11_Pset_Weld','WeldIdentity',(#551,#552,#553,#554,#1079,#633,#557,#558,#634,#560,#635,#636,#563,#564,#565,#566));
#1081= IFCCARTESIANPOINT((61587.213519813,7681.06005913193,40620.));
#1082= IFCAXIS2PLACEMENT3D(#1081,#9,#639);
#1083= IFCLOCALPLACEMENT(#1052,#1082);
#1084= IFCSHAPEREPRESENTATION(#12,'Body','SweptSolid',(#645));
#1085= IFCPRODUCTDEFINITIONSHAPE($,$,(#1084));
#1086= IFCDISCRETEACCESSORY('3KAiJVdHjEeOlYVkBBWSLR',#300,'Support section',$,$,#1083,#1085,'1050(?)');
#1087= IFCLOCALPLACEMENT(#1052,#1046);
#1088= IFCSHAPEREPRESENTATION(#12,'Body','MappedRepresentation',(#656,#657,#658));
#1089= IFCPRODUCTDEFINITIONSHAPE($,$,(#1088));
#1090= IFCOPENINGELEMENT('1MKoe4elf7WvNaOdHIe4lg',#5,$,$,'Opening',#1087,#1089,$);
#1091= IFCRELVOIDSELEMENT('3iQpK6khf51RNqayfX$687',#5,'Drill Hole',$,#1086,#1090);
#1092= IFCCARTESIANPOINT((61657.5759939502,8000.56311128077,40645.0007506475));
#1093= IFCAXIS2PLACEMENT3D(#1092,#677,#678);
#1094= IFCLOCALPLACEMENT(#1052,#1093);
#1095= IFCSHAPEREPRESENTATION(#12,'Body','Brep',(#920));
#1096= IFCPRODUCTDEFINITIONSHAPE($,$,(#1095));
#1097= IFCDISCRETEACCESSORY('3HmPT$IOP2tR_tqtGTR6Y_',#300,'Support section',$,$,#1094,#1096,'1497(?)');
#1098= IFCCARTESIANPOINT((61557.7392058922,8006.27413137683,40645.0007506475));
#1099= IFCAXIS2PLACEMENT3D(#1098,#677,#678);
#1100= IFCLOCALPLACEMENT(#1052,#1099);
#1101= IFCSHAPEREPRESENTATION(#12,'Body','Brep',(#920));
#1102= IFCPRODUCTDEFINITIONSHAPE($,$,(#1101));
#1103= IFCDISCRETEACCESSORY('3yRrZKy$P0cuuDpayS8hsy',#300,'Support section',$,$,#1100,#1102,'1497(?)');
#1104= IFCCARTESIANPOINT((61596.7301758489,7740.61375974556,40595.));
#1105= IFCAXIS2PLACEMENT3D(#1104,#9,#934);
#1106= IFCLOCALPLACEMENT(#1052,#1105);
#1107= IFCSHAPEREPRESENTATION(#12,'Body','SweptSolid',(#940));
#1108= IFCPRODUCTDEFINITIONSHAPE($,$,(#1107));
#1109= IFCCOLUMN('1AY2NjPsDE1RMqZV3Nxbvl',#300,'main piece','PL10*200','PL10*200',#1106,#1108,'1496(?)');
#1110= IFCLOCALPLACEMENT(#42,#10);
#1111= IFCELEMENTASSEMBLY('0RwgHH7xrAmfXoKc78EPxE',#300,'BEAM',$,$,#1110,$,'B/625(?)',.NOTDEFINED.,.RIGID_FRAME.);
#1112= IFCCARTESIANPOINT((40403.1273758913,7728.27028190337,40835.));
#1113= IFCDIRECTION((0.0551522560011072,-0.998477956020056,0.));
#1114= IFCAXIS2PLACEMENT3D(#1112,#1113,#63);
#1115= IFCLOCALPLACEMENT(#1110,#1114);
#1116= IFCCARTESIANPOINT((0.,-44.7973741086412,0.));
#1117= IFCAXIS2PLACEMENT3D(#1116,#8,#7);
#1118= IFCEXTRUDEDAREASOLID(#316,#1117,#9,10.56);
#1119= IFCCARTESIANPOINT((0.,-34.2373741086412,0.));
#1120= IFCAXIS2PLACEMENT3D(#1119,#8,#7);
#1121= IFCEXTRUDEDAREASOLID(#320,#1120,#9,40.);
#1122= IFCCARTESIANPOINT((0.,-3.09999990536178,0.));
#1123= IFCAXIS2PLACEMENT3D(#1122,#8,#7);
#1124= IFCEXTRUDEDAREASOLID(#324,#1123,#9,8.);
#1125= IFCCARTESIANPOINT((0.,4.90000009463822,0.));
#1126= IFCAXIS2PLACEMENT3D(#1125,#8,#7);
#1127= IFCEXTRUDEDAREASOLID(#316,#1126,#9,13.);
#1128= IFCSHAPEREPRESENTATION(#12,'Body','SweptSolid',(#1118,#1121,#1124,#1127));
#1129= IFCREPRESENTATIONMAP(#10,#1128);
#1130= IFCMAPPEDITEM(#1129,#332);
#1131= IFCMAPPEDITEM(#1129,#337);
#1132= IFCMAPPEDITEM(#1129,#340);
#1133= IFCSHAPEREPRESENTATION(#12,'Body','MappedRepresentation',(#1130,#1131,#1132));
#1134= IFCPOLYLINE((#1116,#343));
#1135= IFCSHAPEREPRESENTATION(#12,'Axis','GeometricCurveSet',(#1134));
#1136= IFCREPRESENTATIONMAP(#10,#1135);
#1137= IFCMAPPEDITEM(#1136,#332);
#1138= IFCMAPPEDITEM(#1136,#337);
#1139= IFCMAPPEDITEM(#1136,#340);
#1140= IFCSHAPEREPRESENTATION(#12,'Axis','MappedRepresentation',(#1137,#1138,#1139));
#1141= IFCPRODUCTDEFINITIONSHAPE($,$,(#1133,#1140));
#1142= IFCMECHANICALFASTENER('3fp9PH$$j58vmnVI1g6K4C',#300,'Bolt assembly',$,$,#1115,#1141,'IDe9cc9651-fffb-4523-9c31-7d206a19410c',16.,40.);
#1143= IFCLOCALPLACEMENT(#42,#10);
#1144= IFCELEMENTASSEMBLY('3n3YbL48b3DQRDgcKJMkZt',#300,$,$,$,#1143,$,'A/193(?)',.NOTDEFINED.,.RIGID_FRAME.);
#1145= IFCCARTESIANPOINT((40444.9664816192,7751.78516401318,40771.8291777651));
#1146= IFCDIRECTION((-0.286600622332509,-0.950972877691171,-0.116235404134852));
#1147= IFCDIRECTION((0.881254692273318,-0.3092742890959,0.357406745110505));
#1148= IFCAXIS2PLACEMENT3D(#1145,#1146,#1147);
#1149= IFCLOCALPLACEMENT(#1143,#1148);
#1150= IFCCARTESIANPOINT((-45.3293352262626,-126.029501998139,15.8080149554844));
#1151= IFCCARTESIANPOINT((-48.5765118270938,-125.841179996958,7.32482364414318));
#1152= IFCCARTESIANPOINT((-57.3772525368695,-118.011059973127,6.34268333193904));
#1153= IFCCARTESIANPOINT((-50.2103870414066,-121.686774173799,15.2633019691893));
#1154= IFCPOLYLOOP((#1150,#1151,#1152,#1153));
#1155= IFCFACEOUTERBOUND(#1154,.T.);
#1156= IFCFACE((#1155));
#1157= IFCCARTESIANPOINT((-48.1311817195237,-134.568452712378,18.131442399761));
#1158= IFCCARTESIANPOINT((-59.2699310820608,-124.65817955467,16.8883862596849));
#1159= IFCPOLYLOOP((#1151,#1157,#1158,#1152));
#1160= IFCFACEOUTERBOUND(#1159,.T.);
#1161= IFCFACE((#1160));
#1162= IFCPOLYLOOP((#1157,#1150,#1153,#1158));
#1163= IFCFACEOUTERBOUND(#1162,.T.);
#1164= IFCFACE((#1163));
#1165= IFCPOLYLOOP((#1158,#1153,#1152));
#1166= IFCFACEOUTERBOUND(#1165,.T.);
#1167= IFCFACE((#1166));
#1168= IFCPOLYLOOP((#1157,#1151,#1150));
#1169= IFCFACEOUTERBOUND(#1168,.T.);
#1170= IFCFACE((#1169));
#1171= IFCCARTESIANPOINT((-8.33773718911107,-13.1189800807879,1.64552767430723));
#1172= IFCCARTESIANPOINT((-13.103286346719,-11.9445083968858,-3.64435081280681));
#1173= IFCCARTESIANPOINT((-8.45235064493318,0.114480737862323,-5.15692269134888));
#1174= IFCPOLYLOOP((#1171,#1172,#1173,#402));
#1175= IFCFACEOUTERBOUND(#1174,.T.);
#1176= IFCFACE((#1175));
#1177= IFCCARTESIANPOINT((-14.5642272257537,-10.4110467832688,4.08900388623078));
#1178= IFCCARTESIANPOINT((-6.96469951511244,9.29307900296044,1.61749435730599));
#1179= IFCPOLYLOOP((#1172,#1177,#1178,#1173));
#1180= IFCFACEOUTERBOUND(#1179,.T.);
#1181= IFCFACE((#1180));
#1182= IFCPOLYLOOP((#1177,#1171,#402,#1178));
#1183= IFCFACEOUTERBOUND(#1182,.T.);
#1184= IFCFACE((#1183));
#1185= IFCCARTESIANPOINT((-45.1506318540341,-108.567794092927,13.6177742948676));
#1186= IFCCARTESIANPOINT((-49.9161810116275,-107.393322409018,8.32789580774988));
#1187= IFCPOLYLOOP((#1185,#1186,#1172,#1171));
#1188= IFCFACEOUTERBOUND(#1187,.T.);
#1189= IFCFACE((#1188));
#1190= IFCCARTESIANPOINT((-51.3771218906622,-105.859860795415,16.0612505067838));
#1191= IFCPOLYLOOP((#1186,#1190,#1177,#1172));
#1192= IFCFACEOUTERBOUND(#1191,.T.);
#1193= IFCFACE((#1192));
#1194= IFCPOLYLOOP((#1190,#1185,#1171,#1177));
#1195= IFCFACEOUTERBOUND(#1194,.T.);
#1196= IFCFACE((#1195));
#1197= IFCCARTESIANPOINT((-54.5671167134205,-119.452311543795,9.84046768631015));
#1198= IFCPOLYLOOP((#1153,#1197,#1186,#1185));
#1199= IFCFACEOUTERBOUND(#1198,.T.);
#1200= IFCFACE((#1199));
#1201= IFCCARTESIANPOINT((-58.9766496013181,-125.563986581743,18.5327600357195));
#1202= IFCPOLYLOOP((#1197,#1201,#1190,#1186));
#1203= IFCFACEOUTERBOUND(#1202,.T.);
#1204= IFCFACE((#1203));
#1205= IFCPOLYLOOP((#1201,#1153,#1185,#1190));
#1206= IFCFACEOUTERBOUND(#1205,.T.);
#1207= IFCFACE((#1206));
#1208= IFCPOLYLOOP((#1178,#402,#1173));
#1209= IFCFACEOUTERBOUND(#1208,.T.);
#1210= IFCFACE((#1209));
#1211= IFCPOLYLOOP((#1201,#1197,#1153));
#1212= IFCFACEOUTERBOUND(#1211,.T.);
#1213= IFCFACE((#1212));
#1214= IFCCARTESIANPOINT((0.0308054009365151,0.188322001118649,-8.4831913113012));
#1215= IFCCARTESIANPOINT((5.81160933482897,-7.46665493476394,-15.3905822956367));
#1216= IFCCARTESIANPOINT((6.48412162854947,-4.2455902633701,-3.83096541688792));
#1217= IFCPOLYLOOP((#443,#1214,#1215,#1216));
#1218= IFCFACEOUTERBOUND(#1217,.T.);
#1219= IFCFACE((#1218));
#1220= IFCCARTESIANPOINT((7.0412702128524,8.48319131130847,0.188322001118649));
#1221= IFCCARTESIANPOINT((14.3578050655487,-1.20541016853167,-8.55408951404752));
#1222= IFCPOLYLOOP((#1214,#1220,#1221,#1215));
#1223= IFCFACEOUTERBOUND(#1222,.T.);
#1224= IFCFACE((#1223));
#1225= IFCPOLYLOOP((#1220,#443,#1216,#1221));
#1226= IFCFACEOUTERBOUND(#1225,.T.);
#1227= IFCFACE((#1226));
#1228= IFCCARTESIANPOINT((-11.7898720847443,0.188322001096822,-8.48319131129392));
#1229= IFCPOLYLOOP((#402,#1228,#1214,#443));
#1230= IFCFACEOUTERBOUND(#1229,.T.);
#1231= IFCFACE((#1230));
#1232= IFCCARTESIANPOINT((-7.91969365943078,8.48319131129028,0.188322001129563));
#1233= IFCPOLYLOOP((#1228,#1232,#1220,#1214));
#1234= IFCFACEOUTERBOUND(#1233,.T.);
#1235= IFCFACE((#1234));
#1236= IFCPOLYLOOP((#1232,#402,#443,#1220));
#1237= IFCFACEOUTERBOUND(#1236,.T.);
#1238= IFCFACE((#1237));
#1239= IFCPOLYLOOP((#1221,#1216,#1215));
#1240= IFCFACEOUTERBOUND(#1239,.T.);
#1241= IFCFACE((#1240));
#1242= IFCPOLYLOOP((#1232,#1228,#402));
#1243= IFCFACEOUTERBOUND(#1242,.T.);
#1244= IFCFACE((#1243));
#1245= IFCCARTESIANPOINT((-35.3885282237025,-112.813384356272,9.78680887797964));
#1246= IFCCARTESIANPOINT((-35.3885282237025,-113.711475090186,2.6267746635458));
#1247= IFCCARTESIANPOINT((-40.0394639254955,-125.770464224952,4.13934654209515));
#1248= IFCCARTESIANPOINT((-40.4482834110822,-125.932364437151,11.4323365522978));
#1249= IFCPOLYLOOP((#1245,#1246,#1247,#1248));
#1250= IFCFACEOUTERBOUND(#1249,.T.);
#1251= IFCFACE((#1250));
#1252= IFCCARTESIANPOINT((-29.1620381870889,-115.521317653791,7.34333266606336));
#1253= IFCCARTESIANPOINT((-36.7615658977447,-135.225443440107,9.8148421949918));
#1254= IFCPOLYLOOP((#1246,#1252,#1253,#1247));
#1255= IFCFACEOUTERBOUND(#1254,.T.);
#1256= IFCFACE((#1255));
#1257= IFCPOLYLOOP((#1252,#1245,#1248,#1253));
#1258= IFCFACEOUTERBOUND(#1257,.T.);
#1259= IFCFACE((#1258));
#1260= IFCCARTESIANPOINT((1.4243664411988,-17.3645703441398,-2.18543774257705));
#1261= IFCCARTESIANPOINT((1.42436644122063,-18.2626610780535,-9.34547195700725));
#1262= IFCPOLYLOOP((#1260,#1261,#1246,#1245));
#1263= IFCFACEOUTERBOUND(#1262,.T.);
#1264= IFCFACE((#1263));
#1265= IFCCARTESIANPOINT((7.65085647781234,-20.0725036416479,-4.62891395448605));
#1266= IFCPOLYLOOP((#1261,#1265,#1252,#1246));
#1267= IFCFACEOUTERBOUND(#1266,.T.);
#1268= IFCFACE((#1267));
#1269= IFCPOLYLOOP((#1265,#1260,#1245,#1252));
#1270= IFCFACEOUTERBOUND(#1269,.T.);
#1271= IFCFACE((#1270));
#1272= IFCCARTESIANPOINT((6.07530214299913,-6.20367194331266,-10.858043835553));
#1273= IFCPOLYLOOP((#1216,#1272,#1261,#1260));
#1274= IFCFACEOUTERBOUND(#1273,.T.);
#1275= IFCFACE((#1274));
#1276= IFCCARTESIANPOINT((15.2503841884391,-0.368377855429571,-7.10042348340721));
#1277= IFCPOLYLOOP((#1272,#1276,#1265,#1261));
#1278= IFCFACEOUTERBOUND(#1277,.T.);
#1279= IFCFACE((#1278));
#1280= IFCPOLYLOOP((#1276,#1216,#1260,#1265));
#1281= IFCFACEOUTERBOUND(#1280,.T.);
#1282= IFCFACE((#1281));
#1283= IFCPOLYLOOP((#1253,#1248,#1247));
#1284= IFCFACEOUTERBOUND(#1283,.T.);
#1285= IFCFACE((#1284));
#1286= IFCPOLYLOOP((#1276,#1272,#1216));
#1287= IFCFACEOUTERBOUND(#1286,.T.);
#1288= IFCFACE((#1287));
#1289= IFCCARTESIANPOINT((-39.775771117289,-125.666036908977,-0.564707652432844));
#1290= IFCPOLYLOOP((#1248,#1289,#1151,#1150));
#1291= IFCFACEOUTERBOUND(#1290,.T.);
#1292= IFCFACE((#1291));
#1293= IFCCARTESIANPOINT((-36.9924323570158,-134.346781034477,8.14597474448601));
#1294= IFCPOLYLOOP((#1289,#1293,#1157,#1151));
#1295= IFCFACEOUTERBOUND(#1294,.T.);
#1296= IFCFACE((#1295));
#1297= IFCPOLYLOOP((#1293,#1248,#1150,#1157));
#1298= IFCFACEOUTERBOUND(#1297,.T.);
#1299= IFCFACE((#1298));
#1300= IFCPOLYLOOP((#1157,#1150,#1151));
#1301= IFCFACEOUTERBOUND(#1300,.T.);
#1302= IFCFACE((#1301));
#1303= IFCPOLYLOOP((#1293,#1289,#1248));
#1304= IFCFACEOUTERBOUND(#1303,.T.);
#1305= IFCFACE((#1304));
#1306= IFCCLOSEDSHELL((#1156,#1161,#1164,#1167,#1170,#1176,#1181,#1184,#1189,#1193,#1196,#1200,#1204,#1207,#1210,#1213,#1219,#1224,#1227,#1231,#1235,#1238,#1241,#1244,#1251,#1256,#1259,#1264,#1268,#1271,#1275,#1279,#1282,#1285,#1288,#1292,#1296,#1299,#1302,#1305));
#1307= IFCFACETEDBREP(#1306);
#1308= IFCSHAPEREPRESENTATION(#12,'Body','Brep',(#1307));
#1309= IFCCARTESIANPOINT((-45.3293352265173,15.8080149556263,126.029501997873));
#1310= IFCCARTESIANPOINT((-50.2103870416686,15.2633019693312,121.686774173526));
#1311= IFCCARTESIANPOINT((-45.1506318542597,13.6177742949912,108.567794092683));
#1312= IFCCARTESIANPOINT((-8.33773718915472,1.6455276743327,13.1189800807515));
#1313= IFCCARTESIANPOINT((6.4841216285422,-3.83096541688064,4.24559026338102));
#1314= IFCCARTESIANPOINT((1.4243664411697,-2.18543774255522,17.3645703441252));
#1315= IFCCARTESIANPOINT((-35.3885282239353,9.78680887810697,112.813384356054));
#1316= IFCCARTESIANPOINT((-40.4482834113442,11.4323365524397,125.932364436892));
#1317= IFCPOLYLINE((#1309,#1310,#1311,#1312,#402,#443,#1313,#1314,#1315,#1316,#1309));
#1318= IFCSHAPEREPRESENTATION(#13,'Axis','GeometricCurveSet',(#1317));
#1319= IFCPRODUCTDEFINITIONSHAPE($,$,(#1308,#1318));
#1320= IFCFASTENER('0g28eSzcL94f1XSnpci8sD',#300,'Weld',$,$,#1149,#1319,'ID2a088a1c-f665-4912-9061-731ce6b08d8d');
#1321= IFCPROPERTYSINGLEVALUE('WeldID',$,IFCINTEGER(118434865),$);
#1322= IFCPROPERTYSET('0dbtFZLGHCFRVPtkb9WOEh',#5,'AISC_EM11_Pset_Weld','WeldIdentity',(#551,#552,#553,#554,#1321,#556,#557,#558,#559,#560,#561,#562,#563,#564,#565,#566));
#1323= IFCCARTESIANPOINT((40345.118686019,7746.26993841157,40771.8291777651));
#1324= IFCAXIS2PLACEMENT3D(#1323,#1146,#1147);
#1325= IFCLOCALPLACEMENT(#1143,#1324);
#1326= IFCSHAPEREPRESENTATION(#12,'Body','Brep',(#1307));
#1327= IFCSHAPEREPRESENTATION(#13,'Axis','GeometricCurveSet',(#1317));
#1328= IFCPRODUCTDEFINITIONSHAPE($,$,(#1326,#1327));
#1329= IFCFASTENER('2J0eMkTbL53vNUDQ_uCHxK',#300,'Weld',$,$,#1325,#1328,'ID930285ae-7655-450f-95de-35afb8311ed4');
#1330= IFCPROPERTYSINGLEVALUE('WeldID',$,IFCINTEGER(118434820),$);
#1331= IFCPROPERTYSET('2uXQAPHsT7BfMH1fr1QT_p',#5,'AISC_EM11_Pset_Weld','WeldIdentity',(#551,#552,#553,#554,#1330,#556,#557,#558,#559,#560,#561,#562,#563,#564,#565,#566));
#1332= IFCCARTESIANPOINT((40399.481,7738.084,40715.));
#1333= IFCAXIS2PLACEMENT3D(#1332,#56,#63);
#1334= IFCLOCALPLACEMENT(#1143,#1333);
#1335= IFCCARTESIANPOINT((-95.,0.233991205284838,4.2361832014094));
#1336= IFCCARTESIANPOINT((95.,0.233991205284838,4.2361832014094));
#1337= IFCPOLYLOOP((#1335,#581,#582,#1336));
#1338= IFCFACEOUTERBOUND(#1337,.T.);
#1339= IFCFACE((#1338));
#1340= IFCCARTESIANPOINT((-95.,4.23618320140667,-0.233991205296661));
#1341= IFCCARTESIANPOINT((95.,4.23618320140667,-0.233991205296661));
#1342= IFCPOLYLOOP((#581,#1340,#1341,#582));
#1343= IFCFACEOUTERBOUND(#1342,.T.);
#1344= IFCFACE((#1343));
#1345= IFCPOLYLOOP((#1340,#1335,#1336,#1341));
#1346= IFCFACEOUTERBOUND(#1345,.T.);
#1347= IFCFACE((#1346));
#1348= IFCPOLYLOOP((#1341,#1336,#582));
#1349= IFCFACEOUTERBOUND(#1348,.T.);
#1350= IFCFACE((#1349));
#1351= IFCPOLYLOOP((#1340,#581,#1335));
#1352= IFCFACEOUTERBOUND(#1351,.T.);
#1353= IFCFACE((#1352));
#1354= IFCCARTESIANPOINT((95.,-5.75700879471697,4.5671832013968));
#1355= IFCCARTESIANPOINT((95.,-5.9910000000018,0.331000000000131));
#1356= IFCCARTESIANPOINT((-95.,-5.9910000000018,0.331000000000131));
#1357= IFCCARTESIANPOINT((-95.,-5.75700879471697,4.5671832013968));
#1358= IFCPOLYLOOP((#1354,#1355,#1356,#1357));
#1359= IFCFACEOUTERBOUND(#1358,.T.);
#1360= IFCFACE((#1359));
#1361= IFCCARTESIANPOINT((95.,-10.2271832014012,0.564991205295883));
#1362= IFCCARTESIANPOINT((-95.,-10.2271832014012,0.564991205295883));
#1363= IFCPOLYLOOP((#1355,#1361,#1362,#1356));
#1364= IFCFACEOUTERBOUND(#1363,.T.);
#1365= IFCFACE((#1364));
#1366= IFCPOLYLOOP((#1361,#1354,#1357,#1362));
#1367= IFCFACEOUTERBOUND(#1366,.T.);
#1368= IFCFACE((#1367));
#1369= IFCPOLYLOOP((#1362,#1357,#1356));
#1370= IFCFACEOUTERBOUND(#1369,.T.);
#1371= IFCFACE((#1370));
#1372= IFCPOLYLOOP((#1361,#1355,#1354));
#1373= IFCFACEOUTERBOUND(#1372,.T.);
#1374= IFCFACE((#1373));
#1375= IFCCLOSEDSHELL((#1339,#1344,#1347,#1350,#1353,#1360,#1365,#1368,#1371,#1374));
#1376= IFCFACETEDBREP(#1375);
#1377= IFCSHAPEREPRESENTATION(#12,'Body','Brep',(#1376));
#1378= IFCCARTESIANPOINT((95.,0.331000000000131,5.9910000000018));
#1379= IFCCARTESIANPOINT((-95.,0.331000000000131,5.9910000000018));
#1380= IFCPOLYLINE((#1378,#1379));
#1381= IFCSHAPEREPRESENTATION(#13,'Axis','GeometricCurveSet',(#625,#1380));
#1382= IFCPRODUCTDEFINITIONSHAPE($,$,(#1377,#1381));
#1383= IFCFASTENER('2ylYwIANvC5PNCqRZNMP5t',#300,'Weld',$,$,#1334,#1382,'IDbcbe2e92-297e-4c15-95cc-d1b8d7599177');
#1384= IFCPROPERTYSINGLEVALUE('WeldID',$,IFCINTEGER(118434757),$);
#1385= IFCPROPERTYSET('2bbSpMFhL6kwUO1vldBwfH',#5,'AISC_EM11_Pset_Weld','WeldIdentity',(#551,#552,#553,#554,#1384,#633,#557,#558,#634,#560,#635,#636,#563,#564,#565,#566));
#1386= IFCCARTESIANPOINT((40399.5185119743,7683.00234512631,40620.));
#1387= IFCDIRECTION((-0.0551522560011072,0.998477956020056,0.));
#1388= IFCAXIS2PLACEMENT3D(#1386,#9,#1387);
#1389= IFCLOCALPLACEMENT(#1143,#1388);
#1390= IFCSHAPEREPRESENTATION(#12,'Body','SweptSolid',(#645));
#1391= IFCPRODUCTDEFINITIONSHAPE($,$,(#1390));
#1392= IFCDISCRETEACCESSORY('2DDA1H4$v9RRNqS8dIPs_0',#300,'Support section',$,$,#1389,#1391,'1050(?)');
#1393= IFCLOCALPLACEMENT(#1143,#1114);
#1394= IFCSHAPEREPRESENTATION(#12,'Body','MappedRepresentation',(#656,#657,#658));
#1395= IFCPRODUCTDEFINITIONSHAPE($,$,(#1394));
#1396= IFCOPENINGELEMENT('3U86I$MUv87QguQBthJsXH',#5,$,$,'Opening',#1393,#1395,$);
#1397= IFCRELVOIDSELEMENT('1_b5$y9hrDDw9PoGgVAp0d',#5,'Drill Hole',$,#1392,#1396);
#1398= IFCCARTESIANPOINT((40433.6259365079,8008.37868367694,40645.0007506475));
#1399= IFCDIRECTION((0.0551522560010112,-0.998477956018557,1.73300000382978E-06));
#1400= IFCAXIS2PLACEMENT3D(#1398,#677,#1399);
#1401= IFCLOCALPLACEMENT(#1143,#1400);
#1402= IFCSHAPEREPRESENTATION(#12,'Body','Brep',(#920));
#1403= IFCPRODUCTDEFINITIONSHAPE($,$,(#1402));
#1404= IFCDISCRETEACCESSORY('1SP9fMQ9TCsxTugAFjFqjF',#300,'Support section',$,$,#1401,#1403,'1497(?)');
#1405= IFCCARTESIANPOINT((40333.7781409076,8002.86345807533,40645.0007506475));
#1406= IFCAXIS2PLACEMENT3D(#1405,#677,#1399);
#1407= IFCLOCALPLACEMENT(#1143,#1406);
#1408= IFCSHAPEREPRESENTATION(#12,'Body','Brep',(#920));
#1409= IFCPRODUCTDEFINITIONSHAPE($,$,(#1408));
#1410= IFCDISCRETEACCESSORY('0WMeZuxkbCSQ3H4pyJhCH6',#300,'Support section',$,$,#1407,#1409,'1497(?)');
#1411= IFCCARTESIANPOINT((40402.3000920516,7743.2474512436,40595.));
#1412= IFCDIRECTION((-0.998477956020056,-0.0551522560011081,0.));
#1413= IFCAXIS2PLACEMENT3D(#1411,#9,#1412);
#1414= IFCLOCALPLACEMENT(#1143,#1413);
#1415= IFCSHAPEREPRESENTATION(#12,'Body','SweptSolid',(#940));
#1416= IFCPRODUCTDEFINITIONSHAPE($,$,(#1415));
#1417= IFCCOLUMN('19ucdq8aX7lQWjjVm_m7Nl',#300,'main piece','PL10*200','PL10*200',#1414,#1416,'1496(?)');
#1418= IFCLOCALPLACEMENT(#42,#10);
#1419= IFCELEMENTASSEMBLY('2me64tmWPE3Q6wOKPMUkjH',#300,'BEAM',$,$,#1418,$,'B/522(?)',.NOTDEFINED.,.RIGID_FRAME.);
#1420= IFCCARTESIANPOINT((38278.1273758945,7610.89308464472,40835.));
#1421= IFCAXIS2PLACEMENT3D(#1420,#1113,#63);
#1422= IFCLOCALPLACEMENT(#1418,#1421);
#1423= IFCSHAPEREPRESENTATION(#12,'Body','MappedRepresentation',(#1130,#1131,#1132));
#1424= IFCSHAPEREPRESENTATION(#12,'Axis','MappedRepresentation',(#1137,#1138,#1139));
#1425= IFCPRODUCTDEFINITIONSHAPE($,$,(#1423,#1424));
#1426= IFCMECHANICALFASTENER('2c4GNx_jP3ngj_R7GSiN6l',#300,'Bolt assembly',$,$,#1422,#1425,'IDa61105fb-fad6-43c6-ab7e-6c741cb171af',16.,40.);
#1427= IFCLOCALPLACEMENT(#42,#10);
#1428= IFCELEMENTASSEMBLY('3rfE0OQvj9GBzgkh1aSW18',#300,$,$,$,#1427,$,'A/193(?)',.NOTDEFINED.,.RIGID_FRAME.);
#1429= IFCCARTESIANPOINT((38319.9664816206,7634.40796675404,40771.8291777651));
#1430= IFCAXIS2PLACEMENT3D(#1429,#1146,#1147);
#1431= IFCLOCALPLACEMENT(#1427,#1430);
#1432= IFCSHAPEREPRESENTATION(#12,'Body','Brep',(#1307));
#1433= IFCSHAPEREPRESENTATION(#13,'Axis','GeometricCurveSet',(#1317));
#1434= IFCPRODUCTDEFINITIONSHAPE($,$,(#1432,#1433));
#1435= IFCFASTENER('3UrO_cJ9X4GhvmLLtmE9A_',#300,'Weld',$,$,#1431,#1434,'IDded58fa6-4c98-4442-be70-555df03892be');
#1436= IFCPROPERTYSINGLEVALUE('WeldID',$,IFCINTEGER(118434470),$);
#1437= IFCPROPERTYSET('23mkgPcEDCK8n56b23CBxv',#5,'AISC_EM11_Pset_Weld','WeldIdentity',(#551,#552,#553,#554,#1436,#556,#557,#558,#559,#560,#561,#562,#563,#564,#565,#566));
#1438= IFCCARTESIANPOINT((38220.1186860204,7628.89274115316,40771.8291777651));
#1439= IFCAXIS2PLACEMENT3D(#1438,#1146,#1147);
#1440= IFCLOCALPLACEMENT(#1427,#1439);
#1441= IFCSHAPEREPRESENTATION(#12,'Body','Brep',(#1307));
#1442= IFCSHAPEREPRESENTATION(#13,'Axis','GeometricCurveSet',(#1317));
#1443= IFCPRODUCTDEFINITIONSHAPE($,$,(#1441,#1442));
#1444= IFCFASTENER('1jtf8brOX3XhiNMgwRfzlJ',#300,'Weld',$,$,#1440,#1443,'ID6dde9225-d588-4386-bb17-5aae9ba7dbd3');
#1445= IFCPROPERTYSINGLEVALUE('WeldID',$,IFCINTEGER(118434425),$);
#1446= IFCPROPERTYSET('28uSK7V3j1xOv4lvEGWzui',#5,'AISC_EM11_Pset_Weld','WeldIdentity',(#551,#552,#553,#554,#1445,#556,#557,#558,#559,#560,#561,#562,#563,#564,#565,#566));
#1447= IFCCARTESIANPOINT((38274.481,7620.707,40715.));
#1448= IFCAXIS2PLACEMENT3D(#1447,#56,#63);
#1449= IFCLOCALPLACEMENT(#1427,#1448);
#1450= IFCSHAPEREPRESENTATION(#12,'Body','Brep',(#1376));
#1451= IFCSHAPEREPRESENTATION(#13,'Axis','GeometricCurveSet',(#625,#1380));
#1452= IFCPRODUCTDEFINITIONSHAPE($,$,(#1450,#1451));
#1453= IFCFASTENER('24$ml2YhX77Qnj49dMfLwB',#300,'Weld',$,$,#1449,#1452,'ID84ff0bc2-8ab8-471d-ac6d-1099d6a55e8b');
#1454= IFCPROPERTYSINGLEVALUE('WeldID',$,IFCINTEGER(118434362),$);
#1455= IFCPROPERTYSET('3_I4GB_XvBkPPlkdb74c3s',#5,'AISC_EM11_Pset_Weld','WeldIdentity',(#551,#552,#553,#554,#1454,#633,#557,#558,#634,#560,#635,#636,#563,#564,#565,#566));
#1456= IFCCARTESIANPOINT((38274.5185119777,7565.62514786773,40620.));
#1457= IFCAXIS2PLACEMENT3D(#1456,#9,#1387);
#1458= IFCLOCALPLACEMENT(#1427,#1457);
#1459= IFCSHAPEREPRESENTATION(#12,'Body','SweptSolid',(#645));
#1460= IFCPRODUCTDEFINITIONSHAPE($,$,(#1459));
#1461= IFCDISCRETEACCESSORY('0jOWLyd2L2oADXVMMPEyzQ',#300,'Support section',$,$,#1458,#1460,'1050(?)');
#1462= IFCLOCALPLACEMENT(#1427,#1421);
#1463= IFCSHAPEREPRESENTATION(#12,'Body','MappedRepresentation',(#656,#657,#658));
#1464= IFCPRODUCTDEFINITIONSHAPE($,$,(#1463));
#1465= IFCOPENINGELEMENT('2V$3$cPOrCoPld7IY3w78W',#5,$,$,'Opening',#1462,#1464,$);
#1466= IFCRELVOIDSELEMENT('0XRn4DCLj7EfApvGqSJAXl',#5,'Drill Hole',$,#1461,#1465);
#1467= IFCCARTESIANPOINT((38308.6259365093,7891.00148641785,40645.0007506475));
#1468= IFCAXIS2PLACEMENT3D(#1467,#677,#1399);
#1469= IFCLOCALPLACEMENT(#1427,#1468);
#1470= IFCSHAPEREPRESENTATION(#12,'Body','Brep',(#920));
#1471= IFCPRODUCTDEFINITIONSHAPE($,$,(#1470));
#1472= IFCDISCRETEACCESSORY('2lbI0w6kP3y8c$1LAZKMmC',#300,'Support section',$,$,#1469,#1471,'1497(?)');
#1473= IFCCARTESIANPOINT((38208.7781409091,7885.48626081697,40645.0007506475));
#1474= IFCAXIS2PLACEMENT3D(#1473,#677,#1399);
#1475= IFCLOCALPLACEMENT(#1427,#1474);
#1476= IFCSHAPEREPRESENTATION(#12,'Body','Brep',(#920));
#1477= IFCPRODUCTDEFINITIONSHAPE($,$,(#1476));
#1478= IFCDISCRETEACCESSORY('1ROoLvJLXEjfcYlinltp39',#300,'Support section',$,$,#1475,#1477,'1497(?)');
#1479= IFCCARTESIANPOINT((38277.3000920547,7625.87025398495,40595.));
#1480= IFCAXIS2PLACEMENT3D(#1479,#9,#1412);
#1481= IFCLOCALPLACEMENT(#1427,#1480);
#1482= IFCSHAPEREPRESENTATION(#12,'Body','SweptSolid',(#940));
#1483= IFCPRODUCTDEFINITIONSHAPE($,$,(#1482));
#1484= IFCCOLUMN('36JmbyEuHFMxH6tRv9gySO',#300,'main piece','PL10*200','PL10*200',#1481,#1483,'1496(?)');
#1485= IFCLOCALPLACEMENT(#42,#10);
#1486= IFCELEMENTASSEMBLY('2hwXNH7D1EdvRsItU7KqQp',#300,'BEAM',$,$,#1485,$,'B/624(?)',.NOTDEFINED.,.RIGID_FRAME.);
#1487= IFCPROPERTYSINGLEVALUE('AssemblyMark',$,IFCIDENTIFIER('B/624(?)'),$);
#1488= IFCPROPERTYSET('2b08cUrSP12vrfJAY5wila',#5,'AISC_EM11_Pset_AssemblyIdentification','AssemblyIdentity',(#1487,#52,#53));
#1489= IFCCARTESIANPOINT((36163.3469498691,7494.08037912722,40835.));
#1490= IFCAXIS2PLACEMENT3D(#1489,#1113,#63);
#1491= IFCLOCALPLACEMENT(#1485,#1490);
#1492= IFCSHAPEREPRESENTATION(#12,'Body','MappedRepresentation',(#1130,#1131,#1132));
#1493= IFCSHAPEREPRESENTATION(#12,'Axis','MappedRepresentation',(#1137,#1138,#1139));
#1494= IFCPRODUCTDEFINITIONSHAPE($,$,(#1492,#1493));
#1495= IFCMECHANICALFASTENER('1llfP2gJHCjfM89X$V2GpF',#300,'Bolt assembly',$,$,#1491,#1494,'ID6fbe9642-a934-4cb6-9588-261fdf090ccf',16.,40.);
#1496= IFCLOCALPLACEMENT(#42,#10);
#1497= IFCELEMENTASSEMBLY('2PKswgDDT03gc62J_kReHR',#300,$,$,$,#1496,$,'A/193(?)',.NOTDEFINED.,.RIGID_FRAME.);
#1498= IFCCARTESIANPOINT((36205.1860555953,7517.59526123655,40771.8291777651));
#1499= IFCAXIS2PLACEMENT3D(#1498,#1146,#1147);
#1500= IFCLOCALPLACEMENT(#1496,#1499);
#1501= IFCSHAPEREPRESENTATION(#12,'Body','Brep',(#1307));
#1502= IFCSHAPEREPRESENTATION(#13,'Axis','GeometricCurveSet',(#1317));
#1503= IFCPRODUCTDEFINITIONSHAPE($,$,(#1501,#1502));
#1504= IFCFASTENER('1nG3Y_ELLFhfVoi7G19rqY',#300,'Weld',$,$,#1500,#1503,'ID714038be-3955-4fae-97f2-b07401275d22');
#1505= IFCPROPERTYSINGLEVALUE('WeldID',$,IFCINTEGER(118434079),$);
#1506= IFCPROPERTYSET('0KRGfHZmj39ujqtP$3keqc',#5,'AISC_EM11_Pset_Weld','WeldIdentity',(#551,#552,#553,#554,#1505,#556,#557,#558,#559,#560,#561,#562,#563,#564,#565,#566));
#1507= IFCCARTESIANPOINT((36105.338259995,7512.08003563565,40771.8291777652));
#1508= IFCAXIS2PLACEMENT3D(#1507,#1146,#1147);
#1509= IFCLOCALPLACEMENT(#1496,#1508);
#1510= IFCSHAPEREPRESENTATION(#12,'Body','Brep',(#1307));
#1511= IFCSHAPEREPRESENTATION(#13,'Axis','GeometricCurveSet',(#1317));
#1512= IFCPRODUCTDEFINITIONSHAPE($,$,(#1510,#1511));
#1513= IFCFASTENER('10yXyE7HH75fE0ojz7Qcw9',#300,'Weld',$,$,#1509,#1512,'ID40f21f0e-1d14-4716-9380-cadf476a6e89');
#1514= IFCPROPERTYSINGLEVALUE('WeldID',$,IFCINTEGER(118434034),$);
#1515= IFCPROPERTYSET('3F7F_Pv_jAFQ2CLzy_WXKc',#5,'AISC_EM11_Pset_Weld','WeldIdentity',(#551,#552,#553,#554,#1514,#556,#557,#558,#559,#560,#561,#562,#563,#564,#565,#566));
#1516= IFCCARTESIANPOINT((36159.7,7503.894,40715.));
#1517= IFCAXIS2PLACEMENT3D(#1516,#56,#63);
#1518= IFCLOCALPLACEMENT(#1496,#1517);
#1519= IFCSHAPEREPRESENTATION(#12,'Body','Brep',(#1376));
#1520= IFCSHAPEREPRESENTATION(#13,'Axis','GeometricCurveSet',(#625,#1380));
#1521= IFCPRODUCTDEFINITIONSHAPE($,$,(#1519,#1520));
#1522= IFCFASTENER('0Dw8T63rf0Hh7WDrgeFHew',#300,'Weld',$,$,#1518,#1521,'ID0de88746-0f5a-4046-b1e0-375aa83d1a3a');
#1523= IFCPROPERTYSINGLEVALUE('WeldID',$,IFCINTEGER(118433971),$);
#1524= IFCPROPERTYSET('0OvcJUZs98gfFTgBQoLVTs',#5,'AISC_EM11_Pset_Weld','WeldIdentity',(#551,#552,#553,#554,#1523,#633,#557,#558,#634,#560,#635,#636,#563,#564,#565,#566));
#1525= IFCCARTESIANPOINT((36159.7380859524,7448.81244235022,40620.));
#1526= IFCAXIS2PLACEMENT3D(#1525,#9,#1387);
#1527= IFCLOCALPLACEMENT(#1496,#1526);
#1528= IFCSHAPEREPRESENTATION(#12,'Body','SweptSolid',(#645));
#1529= IFCPRODUCTDEFINITIONSHAPE($,$,(#1528));
#1530= IFCDISCRETEACCESSORY('3U9q8OHcL6eRHIvWOdykyD',#300,'Support section',$,$,#1527,#1529,'1050(?)');
#1531= IFCLOCALPLACEMENT(#1496,#1490);
#1532= IFCSHAPEREPRESENTATION(#12,'Body','MappedRepresentation',(#656,#657,#658));
#1533= IFCPRODUCTDEFINITIONSHAPE($,$,(#1532));
#1534= IFCOPENINGELEMENT('2eBXH2az578gHKLgJsigwH',#5,$,$,'Opening',#1531,#1533,$);
#1535= IFCRELVOIDSELEMENT('3DT96$n5bDDAqZd2WZk2C3',#5,'Drill Hole',$,#1530,#1534);
#1536= IFCCARTESIANPOINT((36193.8455104839,7774.18878090036,40645.0007506475));
#1537= IFCAXIS2PLACEMENT3D(#1536,#677,#1399);
#1538= IFCLOCALPLACEMENT(#1496,#1537);
#1539= IFCSHAPEREPRESENTATION(#12,'Body','Brep',(#920));
#1540= IFCPRODUCTDEFINITIONSHAPE($,$,(#1539));
#1541= IFCDISCRETEACCESSORY('0DQssHRVv5Sw0k_WeHFwKE',#300,'Support section',$,$,#1538,#1540,'1497(?)');
#1542= IFCCARTESIANPOINT((36093.9977148837,7768.67355529948,40645.0007506475));
#1543= IFCAXIS2PLACEMENT3D(#1542,#677,#1399);
#1544= IFCLOCALPLACEMENT(#1496,#1543);
#1545= IFCSHAPEREPRESENTATION(#12,'Body','Brep',(#920));
#1546= IFCPRODUCTDEFINITIONSHAPE($,$,(#1545));
#1547= IFCDISCRETEACCESSORY('0thUwS_df1Xu5S87PNbBu6',#300,'Support section',$,$,#1544,#1546,'1497(?)');
#1548= IFCCARTESIANPOINT((36162.5196660293,7509.05754846745,40595.));
#1549= IFCAXIS2PLACEMENT3D(#1548,#9,#1412);
#1550= IFCLOCALPLACEMENT(#1496,#1549);
#1551= IFCSHAPEREPRESENTATION(#12,'Body','SweptSolid',(#940));
#1552= IFCPRODUCTDEFINITIONSHAPE($,$,(#1551));
#1553= IFCCOLUMN('0kGWZzJMfCOQiUGLW6GcRo',#300,'main piece','PL10*200','PL10*200',#1550,#1552,'1496(?)');
#1554= IFCLOCALPLACEMENT(#42,#10);
#1555= IFCELEMENTASSEMBLY('3N4GYAhtzA8eeuy4vyrZf9',#300,'BEAM',$,$,#1554,$,'B/675(?)',.NOTDEFINED.,.RIGID_FRAME.);
#1556= IFCPROPERTYSINGLEVALUE('AssemblyMark',$,IFCIDENTIFIER('B/675(?)'),$);
#1557= IFCPROPERTYSET('2Biu70QVT1uedPKeCoXRT3',#5,'AISC_EM11_Pset_AssemblyIdentification','AssemblyIdentity',(#1556,#52,#53));
#1558= IFCCARTESIANPOINT((65845.8759078636,18017.8635434308,40835.));
#1559= IFCDIRECTION((-0.057107470984367,0.998368036726822,0.));
#1560= IFCAXIS2PLACEMENT3D(#1558,#1559,#63);
#1561= IFCLOCALPLACEMENT(#1554,#1560);
#1562= IFCCARTESIANPOINT((0.,-45.8967572958867,0.));
#1563= IFCAXIS2PLACEMENT3D(#1562,#8,#7);
#1564= IFCEXTRUDEDAREASOLID(#316,#1563,#9,10.56);
#1565= IFCCARTESIANPOINT((0.,-35.3367572958867,0.));
#1566= IFCAXIS2PLACEMENT3D(#1565,#8,#7);
#1567= IFCEXTRUDEDAREASOLID(#320,#1566,#9,40.);
#1568= IFCSHAPEREPRESENTATION(#12,'Body','SweptSolid',(#1564,#1567,#1124,#1127));
#1569= IFCREPRESENTATIONMAP(#10,#1568);
#1570= IFCMAPPEDITEM(#1569,#332);
#1571= IFCMAPPEDITEM(#1569,#337);
#1572= IFCMAPPEDITEM(#1569,#340);
#1573= IFCSHAPEREPRESENTATION(#12,'Body','MappedRepresentation',(#1570,#1571,#1572));
#1574= IFCPOLYLINE((#1562,#343));
#1575= IFCSHAPEREPRESENTATION(#12,'Axis','GeometricCurveSet',(#1574));
#1576= IFCREPRESENTATIONMAP(#10,#1575);
#1577= IFCMAPPEDITEM(#1576,#332);
#1578= IFCMAPPEDITEM(#1576,#337);
#1579= IFCMAPPEDITEM(#1576,#340);
#1580= IFCSHAPEREPRESENTATION(#12,'Axis','MappedRepresentation',(#1577,#1578,#1579));
#1581= IFCPRODUCTDEFINITIONSHAPE($,$,(#1573,#1580));
#1582= IFCMECHANICALFASTENER('3725bn3tb4AvWFdylCB1U1',#300,'Bolt assembly',$,$,#1561,#1581,'IDc7085971-0f79-442b-980f-9fcbcc2c1781',16.,40.);
#1583= IFCLOCALPLACEMENT(#42,#10);
#1584= IFCELEMENTASSEMBLY('0PyQIykXX13wRNw$jCZMlM',#300,$,$,$,#1583,$,'A/193(?)',.NOTDEFINED.,.RIGID_FRAME.);
#1585= IFCCARTESIANPOINT((65804.082931618,17994.266771595,40771.829177773));
#1586= IFCDIRECTION((0.285028395812085,0.951532589178997,-0.115518592923843));
#1587= IFCDIRECTION((-0.881858655104486,0.307547934036814,0.357406744042406));
#1588= IFCAXIS2PLACEMENT3D(#1585,#1586,#1587);
#1589= IFCLOCALPLACEMENT(#1583,#1588);
#1590= IFCCARTESIANPOINT((-45.3293352283654,-126.041691526021,15.7105286200276));
#1591= IFCCARTESIANPOINT((-48.576511829262,-125.846807981638,7.22748551013501));
#1592= IFCCARTESIANPOINT((-57.3772525390596,-118.015930631758,6.2514019520786));
#1593= IFCCARTESIANPOINT((-50.2103870435458,-121.698543674778,15.1691748203993));
#1594= IFCPOLYLOOP((#1590,#1591,#1592,#1593));
#1595= IFCFACEOUTERBOUND(#1594,.T.);
#1596= IFCFACE((#1595));
#1597= IFCCARTESIANPOINT((-48.1311817216629,-134.582436816192,18.0273506407866));
#1598= IFCCARTESIANPOINT((-59.2699310841708,-124.671205140905,16.7919602948386));
#1599= IFCPOLYLOOP((#1591,#1597,#1598,#1592));
#1600= IFCFACEOUTERBOUND(#1599,.T.);
#1601= IFCFACE((#1600));
#1602= IFCPOLYLOOP((#1597,#1590,#1593,#1598));
#1603= IFCFACEOUTERBOUND(#1602,.T.);
#1604= IFCFACE((#1603));
#1605= IFCPOLYLOOP((#1598,#1593,#1592));
#1606= IFCFACEOUTERBOUND(#1605,.T.);
#1607= IFCFACE((#1606));
#1608= IFCPOLYLOOP((#1597,#1591,#1590));
#1609= IFCFACEOUTERBOUND(#1608,.T.);
#1610= IFCFACE((#1609));
#1611= IFCCARTESIANPOINT((-8.33773718913289,-13.1202489431525,1.63537988128155));
#1612= IFCCARTESIANPOINT((-13.1032863467626,-11.9416859823978,-3.6535885901867));
#1613= IFCCARTESIANPOINT((-8.45235064499138,0.118469492808799,-5.15683259985599));
#1614= IFCPOLYLOOP((#1611,#1612,#1613,#402));
#1615= IFCFACEOUTERBOUND(#1614,.T.);
#1616= IFCFACE((#1615));
#1617= IFCCARTESIANPOINT((-14.5642272257828,-10.4142064416083,4.08094990109748));
#1618= IFCCARTESIANPOINT((-6.9646995151561,9.29182511961699,1.62468190689469));
#1619= IFCPOLYLOOP((#1612,#1617,#1618,#1613));
#1620= IFCFACEOUTERBOUND(#1619,.T.);
#1621= IFCFACE((#1620));
#1622= IFCPOLYLOOP((#1617,#1611,#402,#1618));
#1623= IFCFACEOUTERBOUND(#1622,.T.);
#1624= IFCFACE((#1623));
#1625= IFCCARTESIANPOINT((-45.1506318561733,-108.578294731502,13.5337949391214));
#1626= IFCCARTESIANPOINT((-49.9161810137884,-107.399731770762,8.24482646763863));
#1627= IFCPOLYLOOP((#1625,#1626,#1612,#1611));
#1628= IFCFACEOUTERBOUND(#1627,.T.);
#1629= IFCFACE((#1628));
#1630= IFCCARTESIANPOINT((-51.3771218928232,-105.872252229965,15.9793649589446));
#1631= IFCPOLYLOOP((#1626,#1630,#1617,#1612));
#1632= IFCFACEOUTERBOUND(#1631,.T.);
#1633= IFCFACE((#1632));
#1634= IFCPOLYLOOP((#1630,#1625,#1611,#1617));
#1635= IFCFACEOUTERBOUND(#1634,.T.);
#1636= IFCFACE((#1635));
#1637= IFCCARTESIANPOINT((-54.5671167155961,-119.45988724607,9.74807047732247));
#1638= IFCPOLYLOOP((#1593,#1637,#1626,#1625));
#1639= IFCFACEOUTERBOUND(#1638,.T.);
#1640= IFCFACE((#1639));
#1641= IFCCARTESIANPOINT((-58.9766496034572,-125.578283791277,18.4356329531256));
#1642= IFCPOLYLOOP((#1637,#1641,#1630,#1626));
#1643= IFCFACEOUTERBOUND(#1642,.T.);
#1644= IFCFACE((#1643));
#1645= IFCPOLYLOOP((#1641,#1593,#1625,#1630));
#1646= IFCFACEOUTERBOUND(#1645,.T.);
#1647= IFCFACE((#1646));
#1648= IFCPOLYLOOP((#1618,#402,#1613));
#1649= IFCFACEOUTERBOUND(#1648,.T.);
#1650= IFCFACE((#1649));
#1651= IFCPOLYLOOP((#1641,#1637,#1593));
#1652= IFCFACEOUTERBOUND(#1651,.T.);
#1653= IFCFACE((#1652));
#1654= IFCCARTESIANPOINT((0.0308054008346517,0.194883544332697,-8.48304310989988));
#1655= IFCCARTESIANPOINT((5.81160933474894,-7.45474835609639,-15.3963530182409));
#1656= IFCCARTESIANPOINT((6.4841216285422,-4.24262580890354,-3.83424816041952));
#1657= IFCPOLYLOOP((#443,#1654,#1655,#1656));
#1658= IFCFACEOUTERBOUND(#1657,.T.);
#1659= IFCFACE((#1658));
#1660= IFCCARTESIANPOINT((7.04127021281602,8.48304310991807,0.194883544343611));
#1661= IFCCARTESIANPOINT((14.3578050655924,-1.19879336994927,-8.55501931878098));
#1662= IFCPOLYLOOP((#1654,#1660,#1661,#1655));
#1663= IFCFACEOUTERBOUND(#1662,.T.);
#1664= IFCFACE((#1663));
#1665= IFCPOLYLOOP((#1660,#443,#1656,#1661));
#1666= IFCFACEOUTERBOUND(#1665,.T.);
#1667= IFCFACE((#1666));
#1668= IFCCARTESIANPOINT((-11.7898720848898,0.194883544347249,-8.4830431099108));
#1669= IFCPOLYLOOP((#402,#1668,#1654,#443));
#1670= IFCFACEOUTERBOUND(#1669,.T.);
#1671= IFCFACE((#1670));
#1672= IFCCARTESIANPOINT((-7.91969365948171,8.48304310994718,0.194883544343611));
#1673= IFCPOLYLOOP((#1668,#1672,#1660,#1654));
#1674= IFCFACEOUTERBOUND(#1673,.T.);
#1675= IFCFACE((#1674));
#1676= IFCPOLYLOOP((#1672,#402,#443,#1660));
#1677= IFCFACEOUTERBOUND(#1676,.T.);
#1678= IFCFACE((#1677));
#1679= IFCPOLYLOOP((#1661,#1656,#1655));
#1680= IFCFACEOUTERBOUND(#1679,.T.);
#1681= IFCFACE((#1680));
#1682= IFCPOLYLOOP((#1672,#1668,#402));
#1683= IFCFACEOUTERBOUND(#1682,.T.);
#1684= IFCFACE((#1683));
#1685= IFCCARTESIANPOINT((-35.3885282258125,-112.820920540427,9.69954677869828));
#1686= IFCCARTESIANPOINT((-35.3885282258489,-113.713472844895,2.53882004865955));
#1687= IFCCARTESIANPOINT((-40.0394639276565,-125.773628320232,4.04206405835066));
#1688= IFCCARTESIANPOINT((-40.4482834131923,-125.941169483689,11.3349266599871));
#1689= IFCPOLYLOOP((#1685,#1686,#1687,#1688));
#1690= IFCFACEOUTERBOUND(#1689,.T.);
#1691= IFCFACE((#1690));
#1692= IFCCARTESIANPOINT((-29.1620381891553,-115.526963041986,7.25397675887143));
#1693= IFCCARTESIANPOINT((-36.7615658998038,-135.232994603306,9.71024475309241));
#1694= IFCPOLYLOOP((#1686,#1692,#1693,#1687));
#1695= IFCFACEOUTERBOUND(#1694,.T.);
#1696= IFCFACE((#1695));
#1697= IFCPOLYLOOP((#1692,#1685,#1688,#1693));
#1698= IFCFACEOUTERBOUND(#1697,.T.);
#1699= IFCFACE((#1698));
#1700= IFCCARTESIANPOINT((1.42436644122063,-17.3628747520779,-2.19886827915616));
#1701= IFCCARTESIANPOINT((1.42436644120608,-18.2554270565524,-9.35959500918034));
#1702= IFCPOLYLOOP((#1700,#1701,#1686,#1685));
#1703= IFCFACEOUTERBOUND(#1702,.T.);
#1704= IFCFACE((#1703));
#1705= IFCCARTESIANPOINT((7.6508564778851,-20.0689172536295,-4.64443829896845));
#1706= IFCPOLYLOOP((#1701,#1705,#1692,#1686));
#1707= IFCFACEOUTERBOUND(#1706,.T.);
#1708= IFCFACE((#1707));
#1709= IFCPOLYLOOP((#1705,#1700,#1685,#1692));
#1710= IFCFACEOUTERBOUND(#1709,.T.);
#1711= IFCFACE((#1710));
#1712= IFCCARTESIANPOINT((6.0753021429482,-6.19527158136043,-10.8628390188387));
#1713= IFCPOLYLOOP((#1656,#1712,#1701,#1700));
#1714= IFCFACEOUTERBOUND(#1713,.T.);
#1715= IFCFACE((#1714));
#1716= IFCCARTESIANPOINT((15.25038418849,-0.362885692396958,-7.10070629316397));
#1717= IFCPOLYLOOP((#1712,#1716,#1705,#1701));
#1718= IFCFACEOUTERBOUND(#1717,.T.);
#1719= IFCFACE((#1718));
#1720= IFCPOLYLOOP((#1716,#1656,#1700,#1705));
#1721= IFCFACEOUTERBOUND(#1720,.T.);
#1722= IFCFACE((#1721));
#1723= IFCPOLYLOOP((#1693,#1688,#1687));
#1724= IFCFACEOUTERBOUND(#1723,.T.);
#1725= IFCFACE((#1724));
#1726= IFCPOLYLOOP((#1716,#1712,#1656));
#1727= IFCFACEOUTERBOUND(#1726,.T.);
#1728= IFCFACE((#1727));
#1729= IFCCARTESIANPOINT((-39.7757711195009,-125.665562532165,-0.661907956200594));
#1730= IFCPOLYLOOP((#1688,#1729,#1591,#1590));
#1731= IFCFACEOUTERBOUND(#1730,.T.);
#1732= IFCFACE((#1731));
#1733= IFCCARTESIANPOINT((-36.9924323590967,-134.35304162083,8.04205743173225));
#1734= IFCPOLYLOOP((#1729,#1733,#1597,#1591));
#1735= IFCFACEOUTERBOUND(#1734,.T.);
#1736= IFCFACE((#1735));
#1737= IFCPOLYLOOP((#1733,#1688,#1590,#1597));
#1738= IFCFACEOUTERBOUND(#1737,.T.);
#1739= IFCFACE((#1738));
#1740= IFCPOLYLOOP((#1597,#1590,#1591));
#1741= IFCFACEOUTERBOUND(#1740,.T.);
#1742= IFCFACE((#1741));
#1743= IFCPOLYLOOP((#1733,#1729,#1688));
#1744= IFCFACEOUTERBOUND(#1743,.T.);
#1745= IFCFACE((#1744));
#1746= IFCCLOSEDSHELL((#1596,#1601,#1604,#1607,#1610,#1616,#1621,#1624,#1629,#1633,#1636,#1640,#1644,#1647,#1650,#1653,#1659,#1664,#1667,#1671,#1675,#1678,#1681,#1684,#1691,#1696,#1699,#1704,#1708,#1711,#1715,#1719,#1722,#1725,#1728,#1732,#1736,#1739,#1742,#1745));
#1747= IFCFACETEDBREP(#1746);
#1748= IFCSHAPEREPRESENTATION(#12,'Body','Brep',(#1747));
#1749= IFCCARTESIANPOINT((-45.3293352289475,15.7105286200313,126.041691525563));
#1750= IFCCARTESIANPOINT((-50.2103870440988,15.1691748203957,121.698543674342));
#1751= IFCCARTESIANPOINT((-45.150631856668,13.5337949391214,108.578294731124));
#1752= IFCCARTESIANPOINT((-8.33773718918383,1.63537988127791,13.1202489431089));
#1753= IFCCARTESIANPOINT((6.48412162853492,-3.83424816041224,4.24262580888899));
#1754= IFCCARTESIANPOINT((1.42436644114059,-2.19886827914161,17.3628747520124));
#1755= IFCCARTESIANPOINT((-35.3885282263291,9.69954677870192,112.82092054002));
#1756= IFCCARTESIANPOINT((-40.4482834137671,11.3349266599944,125.941169483238));
#1757= IFCPOLYLINE((#1749,#1750,#1751,#1752,#402,#443,#1753,#1754,#1755,#1756,#1749));
#1758= IFCSHAPEREPRESENTATION(#13,'Axis','GeometricCurveSet',(#1757));
#1759= IFCPRODUCTDEFINITIONSHAPE($,$,(#1748,#1758));
#1760= IFCFASTENER('1wZCcAAd56ZehzYjRS506Z',#300,'Weld',$,$,#1589,#1759,'ID7a8cc98a-2a71-468e-8afd-8ad6dc1401a3');
#1761= IFCPROPERTYSINGLEVALUE('WeldID',$,IFCINTEGER(118433686),$);
#1762= IFCPROPERTYSET('0FOqJ8o0b4NQ8DQ3EJ$h$r',#5,'AISC_EM11_Pset_Weld','WeldIdentity',(#551,#552,#553,#554,#1761,#556,#557,#558,#559,#560,#561,#562,#563,#564,#565,#566));
#1763= IFCCARTESIANPOINT((65903.9197352961,17999.9775186899,40771.829177773));
#1764= IFCAXIS2PLACEMENT3D(#1763,#1586,#1587);
#1765= IFCLOCALPLACEMENT(#1583,#1764);
#1766= IFCSHAPEREPRESENTATION(#12,'Body','Brep',(#1747));
#1767= IFCSHAPEREPRESENTATION(#13,'Axis','GeometricCurveSet',(#1757));
#1768= IFCPRODUCTDEFINITIONSHAPE($,$,(#1766,#1767));
#1769= IFCFASTENER('2dp4BdjWT6hw6z9MDT3ldb',#300,'Weld',$,$,#1765,#1768,'IDa7cc42e7-b607-46af-a1bd-25635d0ef9e5');
#1770= IFCPROPERTYSINGLEVALUE('WeldID',$,IFCINTEGER(118433641),$);
#1771= IFCPROPERTYSET('3e0SFrlGH4XeuKhrbGzHUQ',#5,'AISC_EM11_Pset_Weld','WeldIdentity',(#551,#552,#553,#554,#1770,#556,#557,#558,#559,#560,#561,#562,#563,#564,#565,#566));
#1772= IFCCARTESIANPOINT((65849.542,18008.057,40715.));
#1773= IFCAXIS2PLACEMENT3D(#1772,#8,#63);
#1774= IFCLOCALPLACEMENT(#1583,#1773);
#1775= IFCSHAPEREPRESENTATION(#12,'Body','Brep',(#623));
#1776= IFCSHAPEREPRESENTATION(#13,'Axis','GeometricCurveSet',(#625,#628));
#1777= IFCPRODUCTDEFINITIONSHAPE($,$,(#1775,#1776));
#1778= IFCFASTENER('2fc4LUzOj52RWQZd54y2xv',#300,'Weld',$,$,#1774,#1777,'IDa998455e-f58b-4509-b81a-8e7144f02ef9');
#1779= IFCPROPERTYSINGLEVALUE('WeldID',$,IFCINTEGER(118433578),$);
#1780= IFCPROPERTYSET('2IFobkzifAk8QOKcMeE1T2',#5,'AISC_EM11_Pset_Weld','WeldIdentity',(#551,#552,#553,#554,#1779,#633,#557,#558,#634,#560,#635,#636,#563,#564,#565,#566));
#1781= IFCCARTESIANPOINT((65849.3961165964,18063.13846065,40620.));
#1782= IFCDIRECTION((0.0571074709843671,-0.998368036726822,0.));
#1783= IFCAXIS2PLACEMENT3D(#1781,#9,#1782);
#1784= IFCLOCALPLACEMENT(#1583,#1783);
#1785= IFCSHAPEREPRESENTATION(#12,'Body','SweptSolid',(#645));
#1786= IFCPRODUCTDEFINITIONSHAPE($,$,(#1785));
#1787= IFCDISCRETEACCESSORY('0N3Mw2Wqb7kwRQ7JN1S3gH',#300,'Support section',$,$,#1784,#1786,'1050(?)');
#1788= IFCLOCALPLACEMENT(#1583,#1560);
#1789= IFCSHAPEREPRESENTATION(#12,'Body','MappedRepresentation',(#656,#657,#658));
#1790= IFCPRODUCTDEFINITIONSHAPE($,$,(#1789));
#1791= IFCOPENINGELEMENT('1fFjkdN8933wjSyDLRhFUT',#5,$,$,'Opening',#1788,#1790,$);
#1792= IFCRELVOIDSELEMENT('0bESKOUrb5hAVKJbd5trR0',#5,'Drill Hole',$,#1787,#1791);
#1793= IFCCARTESIANPOINT((65815.9259424037,17737.6959533905,40645.0007506475));
#1794= IFCDIRECTION((9.90096887107936E-08,-1.73016938424552E-06,0.999999999998498));
#1795= IFCDIRECTION((-0.0571074709842788,0.998368036725323,1.73300000384351E-06));
#1796= IFCAXIS2PLACEMENT3D(#1793,#1794,#1795);
#1797= IFCLOCALPLACEMENT(#1583,#1796);
#1798= IFCSHAPEREPRESENTATION(#12,'Body','Brep',(#920));
#1799= IFCPRODUCTDEFINITIONSHAPE($,$,(#1798));
#1800= IFCDISCRETEACCESSORY('2$FmSHTb58HAXR9vXt1j7g',#300,'Support section',$,$,#1797,#1799,'1497(?)');
#1801= IFCCARTESIANPOINT((65915.7627460817,17743.4067004855,40645.0007506475));
#1802= IFCAXIS2PLACEMENT3D(#1801,#1794,#1795);
#1803= IFCLOCALPLACEMENT(#1583,#1802);
#1804= IFCSHAPEREPRESENTATION(#12,'Body','Brep',(#920));
#1805= IFCPRODUCTDEFINITIONSHAPE($,$,(#1804));
#1806= IFCDISCRETEACCESSORY('092Rqs9xTDgeDv37N8jCad',#300,'Support section',$,$,#1803,#1805,'1497(?)');
#1807= IFCCARTESIANPOINT((65846.7325199289,18002.8880228801,40595.));
#1808= IFCDIRECTION((0.998368036726822,0.0571074709843741,0.));
#1809= IFCAXIS2PLACEMENT3D(#1807,#9,#1808);
#1810= IFCLOCALPLACEMENT(#1583,#1809);
#1811= IFCSHAPEREPRESENTATION(#12,'Body','SweptSolid',(#940));
#1812= IFCPRODUCTDEFINITIONSHAPE($,$,(#1811));
#1813= IFCCOLUMN('0d$YyK6Rz2rBud4hnxYups',#300,'main piece','PL10*200','PL10*200',#1810,#1812,'1496(?)');
#1814= IFCLOCALPLACEMENT(#42,#10);
#1815= IFCELEMENTASSEMBLY('22RIe4HV17bOededV2D4dQ',#300,'BEAM',$,$,#1814,$,'B/522(?)',.NOTDEFINED.,.RIGID_FRAME.);
#1816= IFCCARTESIANPOINT((63720.8749151208,17896.3117428216,40835.));
#1817= IFCAXIS2PLACEMENT3D(#1816,#1559,#63);
#1818= IFCLOCALPLACEMENT(#1814,#1817);
#1819= IFCCARTESIANPOINT((0.,-45.897853802509,0.));
#1820= IFCAXIS2PLACEMENT3D(#1819,#8,#7);
#1821= IFCEXTRUDEDAREASOLID(#316,#1820,#9,10.56);
#1822= IFCCARTESIANPOINT((0.,-35.337853802509,0.));
#1823= IFCAXIS2PLACEMENT3D(#1822,#8,#7);
#1824= IFCEXTRUDEDAREASOLID(#320,#1823,#9,40.);
#1825= IFCSHAPEREPRESENTATION(#12,'Body','SweptSolid',(#1821,#1824,#1124,#1127));
#1826= IFCREPRESENTATIONMAP(#10,#1825);
#1827= IFCMAPPEDITEM(#1826,#332);
#1828= IFCMAPPEDITEM(#1826,#337);
#1829= IFCMAPPEDITEM(#1826,#340);
#1830= IFCSHAPEREPRESENTATION(#12,'Body','MappedRepresentation',(#1827,#1828,#1829));
#1831= IFCPOLYLINE((#1819,#343));
#1832= IFCSHAPEREPRESENTATION(#12,'Axis','GeometricCurveSet',(#1831));
#1833= IFCREPRESENTATIONMAP(#10,#1832);
#1834= IFCMAPPEDITEM(#1833,#332);
#1835= IFCMAPPEDITEM(#1833,#337);
#1836= IFCMAPPEDITEM(#1833,#340);
#1837= IFCSHAPEREPRESENTATION(#12,'Axis','MappedRepresentation',(#1834,#1835,#1836));
#1838= IFCPRODUCTDEFINITIONSHAPE($,$,(#1830,#1837));
#1839= IFCMECHANICALFASTENER('0R_XAMpiLBehxKVNcRUZJa',#300,'Bolt assembly',$,$,#1818,#1838,'ID1bfa1296-cec5-4ba2-bed4-7d799b7a34e4',16.,40.);
#1840= IFCLOCALPLACEMENT(#42,#10);
#1841= IFCELEMENTASSEMBLY('3F$Fss6q1CM9idBWF6ySAf',#300,$,$,$,#1840,$,'A/193(?)',.NOTDEFINED.,.RIGID_FRAME.);
#1842= IFCCARTESIANPOINT((63679.0819388753,17872.7149709859,40771.829177773));
#1843= IFCAXIS2PLACEMENT3D(#1842,#1586,#1587);
#1844= IFCLOCALPLACEMENT(#1840,#1843);
#1845= IFCSHAPEREPRESENTATION(#12,'Body','Brep',(#1747));
#1846= IFCSHAPEREPRESENTATION(#13,'Axis','GeometricCurveSet',(#1757));
#1847= IFCPRODUCTDEFINITIONSHAPE($,$,(#1845,#1846));
#1848= IFCFASTENER('0NEAPP7Jn7juHlxznT6RAo',#300,'Weld',$,$,#1844,#1847,'ID1738a659-1d3c-47b7-846f-efdc5d19b2b2');
#1849= IFCPROPERTYSINGLEVALUE('WeldID',$,IFCINTEGER(118433291),$);
#1850= IFCPROPERTYSET('2mor3dz9fDsxU32PwtbdWp',#5,'AISC_EM11_Pset_Weld','WeldIdentity',(#551,#552,#553,#554,#1849,#556,#557,#558,#559,#560,#561,#562,#563,#564,#565,#566));
#1851= IFCCARTESIANPOINT((63778.9187425533,17878.4257180808,40771.829177773));
#1852= IFCAXIS2PLACEMENT3D(#1851,#1586,#1587);
#1853= IFCLOCALPLACEMENT(#1840,#1852);
#1854= IFCSHAPEREPRESENTATION(#12,'Body','Brep',(#1747));
#1855= IFCSHAPEREPRESENTATION(#13,'Axis','GeometricCurveSet',(#1757));
#1856= IFCPRODUCTDEFINITIONSHAPE($,$,(#1854,#1855));
#1857= IFCFASTENER('3C9l5Jeg17Uei5JM07roRJ',#300,'Weld',$,$,#1853,#1856,'IDcc26f153-a2a0-477a-8b05-4d6007d726d3');
#1858= IFCPROPERTYSINGLEVALUE('WeldID',$,IFCINTEGER(118433246),$);
#1859= IFCPROPERTYSET('3oogB8KWf0UPy2Vx4LkCQk',#5,'AISC_EM11_Pset_Weld','WeldIdentity',(#551,#552,#553,#554,#1858,#556,#557,#558,#559,#560,#561,#562,#563,#564,#565,#566));
#1860= IFCCARTESIANPOINT((63724.541,17886.505,40715.));
#1861= IFCAXIS2PLACEMENT3D(#1860,#8,#63);
#1862= IFCLOCALPLACEMENT(#1840,#1861);
#1863= IFCSHAPEREPRESENTATION(#12,'Body','Brep',(#623));
#1864= IFCSHAPEREPRESENTATION(#13,'Axis','GeometricCurveSet',(#625,#628));
#1865= IFCPRODUCTDEFINITIONSHAPE($,$,(#1863,#1864));
#1866= IFCFASTENER('2cTHrs$cr18vHMGIJmH2b7',#300,'Weld',$,$,#1862,#1865,'IDa6751d76-fe6d-4123-9456-4124f0442947');
#1867= IFCPROPERTYSINGLEVALUE('WeldID',$,IFCINTEGER(118433183),$);
#1868= IFCPROPERTYSET('27ZlFQrF1EZxSHyWmfv6US',#5,'AISC_EM11_Pset_Weld','WeldIdentity',(#551,#552,#553,#554,#1867,#633,#557,#558,#634,#560,#635,#636,#563,#564,#565,#566));
#1869= IFCCARTESIANPOINT((63724.3951238537,17941.5866600408,40620.));
#1870= IFCAXIS2PLACEMENT3D(#1869,#9,#1782);
#1871= IFCLOCALPLACEMENT(#1840,#1870);
#1872= IFCSHAPEREPRESENTATION(#12,'Body','SweptSolid',(#645));
#1873= IFCPRODUCTDEFINITIONSHAPE($,$,(#1872));
#1874= IFCDISCRETEACCESSORY('2fdL4G8KPEOBtC4qN5UnTd',#300,'Support section',$,$,#1871,#1873,'1050(?)');
#1875= IFCLOCALPLACEMENT(#1840,#1817);
#1876= IFCSHAPEREPRESENTATION(#12,'Body','MappedRepresentation',(#656,#657,#658));
#1877= IFCPRODUCTDEFINITIONSHAPE($,$,(#1876));
#1878= IFCOPENINGELEMENT('0BAZ5ueJP8CveL9s82X8pg',#5,$,$,'Opening',#1875,#1877,$);
#1879= IFCRELVOIDSELEMENT('3jWIBvCu145vbQ02tdkU0T',#5,'Drill Hole',$,#1874,#1878);
#1880= IFCCARTESIANPOINT((63690.924949661,17616.1441527813,40645.0007506475));
#1881= IFCAXIS2PLACEMENT3D(#1880,#1794,#1795);
#1882= IFCLOCALPLACEMENT(#1840,#1881);
#1883= IFCSHAPEREPRESENTATION(#12,'Body','Brep',(#920));
#1884= IFCPRODUCTDEFINITIONSHAPE($,$,(#1883));
#1885= IFCDISCRETEACCESSORY('2KzJZCRKj4VPHl2iEYZPIK',#300,'Support section',$,$,#1882,#1884,'1497(?)');
#1886= IFCCARTESIANPOINT((63790.761753339,17621.8548998762,40645.0007506475));
#1887= IFCAXIS2PLACEMENT3D(#1886,#1794,#1795);
#1888= IFCLOCALPLACEMENT(#1840,#1887);
#1889= IFCSHAPEREPRESENTATION(#12,'Body','Brep',(#920));
#1890= IFCPRODUCTDEFINITIONSHAPE($,$,(#1889));
#1891= IFCDISCRETEACCESSORY('2_aK4ipvTD9xtkZHaNAzvA',#300,'Support section',$,$,#1888,#1890,'1497(?)');
#1892= IFCCARTESIANPOINT((63721.7315271861,17881.3362222709,40595.));
#1893= IFCAXIS2PLACEMENT3D(#1892,#9,#1808);
#1894= IFCLOCALPLACEMENT(#1840,#1893);
#1895= IFCSHAPEREPRESENTATION(#12,'Body','SweptSolid',(#940));
#1896= IFCPRODUCTDEFINITIONSHAPE($,$,(#1895));
#1897= IFCCOLUMN('0kTJUCn_n2zQouRA5V$yRv',#300,'main piece','PL10*200','PL10*200',#1894,#1896,'1496(?)');
#1898= IFCLOCALPLACEMENT(#42,#10);
#1899= IFCELEMENTASSEMBLY('27ZQxLrIrB8RWLH$o4sSQf',#300,'BEAM',$,$,#1898,$,'B/625(?)',.NOTDEFINED.,.RIGID_FRAME.);
#1900= IFCCARTESIANPOINT((61595.8749151209,17774.759998998,40835.));
#1901= IFCAXIS2PLACEMENT3D(#1900,#1559,#63);
#1902= IFCLOCALPLACEMENT(#1898,#1901);
#1903= IFCSHAPEREPRESENTATION(#12,'Body','MappedRepresentation',(#1827,#1828,#1829));
#1904= IFCSHAPEREPRESENTATION(#12,'Axis','MappedRepresentation',(#1834,#1835,#1836));
#1905= IFCPRODUCTDEFINITIONSHAPE($,$,(#1903,#1904));
#1906= IFCMECHANICALFASTENER('1dAZ7nYmn3KwJsJKW8odhO',#300,'Bolt assembly',$,$,#1902,#1905,'ID672a31f1-8b0c-4353-a4f6-4d4808ca7ad8',16.,40.);
#1907= IFCLOCALPLACEMENT(#42,#10);
#1908= IFCELEMENTASSEMBLY('30O63eUpn1SQvNH7Ffi47U',#300,$,$,$,#1907,$,'A/193(?)',.NOTDEFINED.,.RIGID_FRAME.);
#1909= IFCCARTESIANPOINT((61554.0819388753,17751.1632271623,40771.829177773));
#1910= IFCAXIS2PLACEMENT3D(#1909,#1586,#1587);
#1911= IFCLOCALPLACEMENT(#1907,#1910);
#1912= IFCSHAPEREPRESENTATION(#12,'Body','Brep',(#1747));
#1913= IFCSHAPEREPRESENTATION(#13,'Axis','GeometricCurveSet',(#1757));
#1914= IFCPRODUCTDEFINITIONSHAPE($,$,(#1912,#1913));
#1915= IFCFASTENER('3cIeGT7OH79glkLzCylJf$',#300,'Weld',$,$,#1911,#1914,'IDe64a841d-1d84-4726-abee-57d33cbd3a7f');
#1916= IFCPROPERTYSINGLEVALUE('WeldID',$,IFCINTEGER(118432900),$);
#1917= IFCPROPERTYSET('3bhA8lrvTB1AWfH0Idbak1',#5,'AISC_EM11_Pset_Weld','WeldIdentity',(#551,#552,#553,#554,#1916,#556,#557,#558,#559,#560,#561,#562,#563,#564,#565,#566));
#1918= IFCCARTESIANPOINT((61653.9187425533,17756.8739742572,40771.829177773));
#1919= IFCAXIS2PLACEMENT3D(#1918,#1586,#1587);
#1920= IFCLOCALPLACEMENT(#1907,#1919);
#1921= IFCSHAPEREPRESENTATION(#12,'Body','Brep',(#1747));
#1922= IFCSHAPEREPRESENTATION(#13,'Axis','GeometricCurveSet',(#1757));
#1923= IFCPRODUCTDEFINITIONSHAPE($,$,(#1921,#1922));
#1924= IFCFASTENER('1A70vNaFf8qPk0mmJ_gWS8',#300,'Weld',$,$,#1920,#1923,'ID4a1c0e57-90fa-48d1-9b80-c304feaa0708');
#1925= IFCPROPERTYSINGLEVALUE('WeldID',$,IFCINTEGER(118432855),$);
#1926= IFCPROPERTYSET('1UpSnxgpj9zhSxh$YK6yua',#5,'AISC_EM11_Pset_Weld','WeldIdentity',(#551,#552,#553,#554,#1925,#556,#557,#558,#559,#560,#561,#562,#563,#564,#565,#566));
#1927= IFCCARTESIANPOINT((61599.541,17764.953,40715.));
#1928= IFCAXIS2PLACEMENT3D(#1927,#8,#63);
#1929= IFCLOCALPLACEMENT(#1907,#1928);
#1930= IFCSHAPEREPRESENTATION(#12,'Body','Brep',(#623));
#1931= IFCSHAPEREPRESENTATION(#13,'Axis','GeometricCurveSet',(#625,#628));
#1932= IFCPRODUCTDEFINITIONSHAPE($,$,(#1930,#1931));
#1933= IFCFASTENER('17dZmyQYz1FebeW2yPOR4E',#300,'Weld',$,$,#1929,#1932,'ID479e3c3c-6a2f-413e-8968-802f1961b10e');
#1934= IFCPROPERTYSINGLEVALUE('WeldID',$,IFCINTEGER(118432792),$);
#1935= IFCPROPERTYSET('1tLTY3Crn04xlKcP1Wkp4K',#5,'AISC_EM11_Pset_Weld','WeldIdentity',(#551,#552,#553,#554,#1934,#633,#557,#558,#634,#560,#635,#636,#563,#564,#565,#566));
#1936= IFCCARTESIANPOINT((61599.3951238537,17820.0349162173,40620.));
#1937= IFCAXIS2PLACEMENT3D(#1936,#9,#1782);
#1938= IFCLOCALPLACEMENT(#1907,#1937);
#1939= IFCSHAPEREPRESENTATION(#12,'Body','SweptSolid',(#645));
#1940= IFCPRODUCTDEFINITIONSHAPE($,$,(#1939));
#1941= IFCDISCRETEACCESSORY('1bWmdGtrD6rAwWGGFkyc_z',#300,'Support section',$,$,#1938,#1940,'1050(?)');
#1942= IFCLOCALPLACEMENT(#1907,#1901);
#1943= IFCSHAPEREPRESENTATION(#12,'Body','MappedRepresentation',(#656,#657,#658));
#1944= IFCPRODUCTDEFINITIONSHAPE($,$,(#1943));
#1945= IFCOPENINGELEMENT('08dd$VRFTFReF3cCIQICsR',#5,$,$,'Opening',#1942,#1944,$);
#1946= IFCRELVOIDSELEMENT('3$LgJ2eoL1MfgsiHL7_zAT',#5,'Drill Hole',$,#1941,#1945);
#1947= IFCCARTESIANPOINT((61565.924949661,17494.5924089578,40645.0007506475));
#1948= IFCAXIS2PLACEMENT3D(#1947,#1794,#1795);
#1949= IFCLOCALPLACEMENT(#1907,#1948);
#1950= IFCSHAPEREPRESENTATION(#12,'Body','Brep',(#920));
#1951= IFCPRODUCTDEFINITIONSHAPE($,$,(#1950));
#1952= IFCDISCRETEACCESSORY('1bTnzhdNH5TR3P48JafjkC',#300,'Support section',$,$,#1949,#1951,'1497(?)');
#1953= IFCCARTESIANPOINT((61665.7617533389,17500.3031560527,40645.0007506475));
#1954= IFCAXIS2PLACEMENT3D(#1953,#1794,#1795);
#1955= IFCLOCALPLACEMENT(#1907,#1954);
#1956= IFCSHAPEREPRESENTATION(#12,'Body','Brep',(#920));
#1957= IFCPRODUCTDEFINITIONSHAPE($,$,(#1956));
#1958= IFCDISCRETEACCESSORY('2tYhUY5enEPu9cb5fm_DWo',#300,'Support section',$,$,#1955,#1957,'1497(?)');
#1959= IFCCARTESIANPOINT((61596.7315271861,17759.7844784474,40595.));
#1960= IFCAXIS2PLACEMENT3D(#1959,#9,#1808);
#1961= IFCLOCALPLACEMENT(#1907,#1960);
#1962= IFCSHAPEREPRESENTATION(#12,'Body','SweptSolid',(#940));
#1963= IFCPRODUCTDEFINITIONSHAPE($,$,(#1962));
#1964= IFCCOLUMN('0_dwE5Zw99WhKrdtD$JT3m',#300,'main piece','PL10*200','PL10*200',#1961,#1963,'1496(?)');
#1965= IFCLOCALPLACEMENT(#42,#10);
#1966= IFCELEMENTASSEMBLY('2evxukTpX8WOS4vIUZpwwB',#300,'BEAM',$,$,#1965,$,'B/667(?)',.NOTDEFINED.,.RIGID_FRAME.);
#1967= IFCPROPERTYSINGLEVALUE('AssemblyMark',$,IFCIDENTIFIER('B/667(?)'),$);
#1968= IFCPROPERTYSET('1y1bs1q392T9AoQ$GGdC83',#5,'AISC_EM11_Pset_AssemblyIdentification','AssemblyIdentity',(#1967,#52,#53));
#1969= IFCCARTESIANPOINT((55230.8751440027,17410.676788826,40835.));
#1970= IFCAXIS2PLACEMENT3D(#1969,#1559,#63);
#1971= IFCLOCALPLACEMENT(#1965,#1970);
#1972= IFCSHAPEREPRESENTATION(#12,'Body','MappedRepresentation',(#1827,#1828,#1829));
#1973= IFCSHAPEREPRESENTATION(#12,'Axis','MappedRepresentation',(#1834,#1835,#1836));
#1974= IFCPRODUCTDEFINITIONSHAPE($,$,(#1972,#1973));
#1975= IFCMECHANICALFASTENER('3uiq7SYOjEJPlNmUfdd3wc',#300,'Bolt assembly',$,$,#1971,#1974,'IDf8b341dc-898b-4e4d-9bd7-c1ea679c3ea6',16.,40.);
#1976= IFCLOCALPLACEMENT(#42,#10);
#1977= IFCELEMENTASSEMBLY('2ub4U2FYv5y8cMu9Xk7GPK',#300,$,$,$,#1976,$,'A/193(?)',.NOTDEFINED.,.RIGID_FRAME.);
#1978= IFCCARTESIANPOINT((55189.0821677572,17387.0800169903,40771.829177773));
#1979= IFCAXIS2PLACEMENT3D(#1978,#1586,#1587);
#1980= IFCLOCALPLACEMENT(#1976,#1979);
#1981= IFCSHAPEREPRESENTATION(#12,'Body','Brep',(#1747));
#1982= IFCSHAPEREPRESENTATION(#13,'Axis','GeometricCurveSet',(#1757));
#1983= IFCPRODUCTDEFINITIONSHAPE($,$,(#1981,#1982));
#1984= IFCFASTENER('1MrktV1Cr4luNoKgsUMjLY',#300,'Weld',$,$,#1980,#1983,'ID56d6eddf-04cd-44bf-85f2-52ad9e5ad562');
#1985= IFCPROPERTYSINGLEVALUE('WeldID',$,IFCINTEGER(118432507),$);
#1986= IFCPROPERTYSET('1yMpzpU9X0I9l9U6_i5oZE',#5,'AISC_EM11_Pset_Weld','WeldIdentity',(#551,#552,#553,#554,#1985,#556,#557,#558,#559,#560,#561,#562,#563,#564,#565,#566));
#1987= IFCCARTESIANPOINT((55288.9189714351,17392.7907640852,40771.829177773));
#1988= IFCAXIS2PLACEMENT3D(#1987,#1586,#1587);
#1989= IFCLOCALPLACEMENT(#1976,#1988);
#1990= IFCSHAPEREPRESENTATION(#12,'Body','Brep',(#1747));
#1991= IFCSHAPEREPRESENTATION(#13,'Axis','GeometricCurveSet',(#1757));
#1992= IFCPRODUCTDEFINITIONSHAPE($,$,(#1990,#1991));
#1993= IFCFASTENER('3auaflYeP3a9XWTQdHpKla',#300,'Weld',$,$,#1989,#1992,'IDe4e24a6f-8a86-4390-9860-75a9d1cd4be4');
#1994= IFCPROPERTYSINGLEVALUE('WeldID',$,IFCINTEGER(118432462),$);
#1995= IFCPROPERTYSET('0suKDDXur7bROBZR18GtlB',#5,'AISC_EM11_Pset_Weld','WeldIdentity',(#551,#552,#553,#554,#1994,#556,#557,#558,#559,#560,#561,#562,#563,#564,#565,#566));
#1996= IFCCARTESIANPOINT((55234.541,17400.87,40715.));
#1997= IFCAXIS2PLACEMENT3D(#1996,#8,#63);
#1998= IFCLOCALPLACEMENT(#1976,#1997);
#1999= IFCSHAPEREPRESENTATION(#12,'Body','Brep',(#623));
#2000= IFCSHAPEREPRESENTATION(#13,'Axis','GeometricCurveSet',(#625,#628));
#2001= IFCPRODUCTDEFINITIONSHAPE($,$,(#1999,#2000));
#2002= IFCFASTENER('3bhaeFpQHDJ8GeeNMpoyE$',#300,'Weld',$,$,#1998,#2001,'IDe5ae4a0f-cda4-4d4c-8428-a175b3cbc3bf');
#2003= IFCPROPERTYSINGLEVALUE('WeldID',$,IFCINTEGER(118432399),$);
#2004= IFCPROPERTYSET('34twBmGBT10g_m8QbC6wz2',#5,'AISC_EM11_Pset_Weld','WeldIdentity',(#551,#552,#553,#554,#2003,#633,#557,#558,#634,#560,#635,#636,#563,#564,#565,#566));
#2005= IFCCARTESIANPOINT((55234.3953527356,17455.9517060453,40620.));
#2006= IFCAXIS2PLACEMENT3D(#2005,#9,#1782);
#2007= IFCLOCALPLACEMENT(#1976,#2006);
#2008= IFCSHAPEREPRESENTATION(#12,'Body','SweptSolid',(#645));
#2009= IFCPRODUCTDEFINITIONSHAPE($,$,(#2008));
#2010= IFCDISCRETEACCESSORY('0Sfa7jkE91pRmgnjKol6qS',#300,'Support section',$,$,#2007,#2009,'1050(?)');
#2011= IFCLOCALPLACEMENT(#1976,#1970);
#2012= IFCSHAPEREPRESENTATION(#12,'Body','MappedRepresentation',(#656,#657,#658));
#2013= IFCPRODUCTDEFINITIONSHAPE($,$,(#2012));
#2014= IFCOPENINGELEMENT('2xpf3kOv51jAqNmhKbz6Jz',#5,$,$,'Opening',#2011,#2013,$);
#2015= IFCRELVOIDSELEMENT('30uCTGgZb2ePubOVA9lq5l',#5,'Drill Hole',$,#2010,#2014);
#2016= IFCCARTESIANPOINT((55200.9251785428,17130.5091987858,40645.0007506475));
#2017= IFCAXIS2PLACEMENT3D(#2016,#1794,#1795);
#2018= IFCLOCALPLACEMENT(#1976,#2017);
#2019= IFCSHAPEREPRESENTATION(#12,'Body','Brep',(#920));
#2020= IFCPRODUCTDEFINITIONSHAPE($,$,(#2019));
#2021= IFCDISCRETEACCESSORY('2slmEgs6r0cx06mEoykftL',#300,'Support section',$,$,#2018,#2020,'1497(?)');
#2022= IFCCARTESIANPOINT((55300.7619822208,17136.2199458807,40645.0007506475));
#2023= IFCAXIS2PLACEMENT3D(#2022,#1794,#1795);
#2024= IFCLOCALPLACEMENT(#1976,#2023);
#2025= IFCSHAPEREPRESENTATION(#12,'Body','Brep',(#920));
#2026= IFCPRODUCTDEFINITIONSHAPE($,$,(#2025));
#2027= IFCDISCRETEACCESSORY('3nzKP5INHFueWypjCi9jkE',#300,'Support section',$,$,#2024,#2026,'1497(?)');
#2028= IFCCARTESIANPOINT((55231.731756068,17395.7012682753,40595.));
#2029= IFCAXIS2PLACEMENT3D(#2028,#9,#1808);
#2030= IFCLOCALPLACEMENT(#1976,#2029);
#2031= IFCSHAPEREPRESENTATION(#12,'Body','SweptSolid',(#940));
#2032= IFCPRODUCTDEFINITIONSHAPE($,$,(#2031));
#2033= IFCCOLUMN('0SIChuVHfDmRyTcnfRe9Gr',#300,'main piece','PL10*200','PL10*200',#2030,#2032,'1496(?)');
#2034= IFCLOCALPLACEMENT(#42,#10);
#2035= IFCELEMENTASSEMBLY('1ROrVcbmfC2QWaS7Pj1bhe',#300,'BEAM',$,$,#2034,$,'B/628(?)',.NOTDEFINED.,.RIGID_FRAME.);
#2036= IFCPROPERTYSINGLEVALUE('AssemblyMark',$,IFCIDENTIFIER('B/628(?)'),$);
#2037= IFCPROPERTYSET('0pkxmCc$b2rOlqXODGZUvi',#5,'AISC_EM11_Pset_AssemblyIdentification','AssemblyIdentity',(#2036,#52,#53));
#2038= IFCCARTESIANPOINT((53130.841815088,17387.9615738204,40835.));
#2039= IFCDIRECTION((0.00164906200048427,0.999998640296335,0.));
#2040= IFCAXIS2PLACEMENT3D(#2038,#2039,#63);
#2041= IFCLOCALPLACEMENT(#2034,#2040);
#2042= IFCCARTESIANPOINT((0.,4.22348040046323,0.));
#2043= IFCAXIS2PLACEMENT3D(#2042,#8,#7);
#2044= IFCEXTRUDEDAREASOLID(#324,#2043,#9,8.);
#2045= IFCCARTESIANPOINT((0.,12.2234804004632,0.));
#2046= IFCAXIS2PLACEMENT3D(#2045,#8,#7);
#2047= IFCEXTRUDEDAREASOLID(#316,#2046,#9,13.);
#2048= IFCSHAPEREPRESENTATION(#12,'Body','SweptSolid',(#319,#323,#2044,#2047));
#2049= IFCREPRESENTATIONMAP(#10,#2048);
#2050= IFCMAPPEDITEM(#2049,#332);
#2051= IFCMAPPEDITEM(#2049,#337);
#2052= IFCMAPPEDITEM(#2049,#340);
#2053= IFCSHAPEREPRESENTATION(#12,'Body','MappedRepresentation',(#2050,#2051,#2052));
#2054= IFCSHAPEREPRESENTATION(#12,'Axis','MappedRepresentation',(#347,#348,#349));
#2055= IFCPRODUCTDEFINITIONSHAPE($,$,(#2053,#2054));
#2056= IFCMECHANICALFASTENER('07fIxic6HAwBArk5EjWJ3r',#300,'Bolt assembly',$,$,#2041,#2055,'ID07a52eec-9864-4ae8-b2b5-b853ad8130f5',16.,40.);
#2057= IFCLOCALPLACEMENT(#42,#10);
#2058= IFCELEMENTASSEMBLY('2q04ICC8f4ReeWybSXbbcq',#300,$,$,$,#2057,$,'A/193(?)',.NOTDEFINED.,.RIGID_FRAME.);
#2059= IFCCARTESIANPOINT((53087.7346367822,17366.8610628452,40771.8291777758));
#2060= IFCDIRECTION((0.33148166126178,0.93340325283974,-0.137398238108508));
#2061= IFCDIRECTION((-0.862265650289643,0.358829162120624,0.357406744119902));
#2062= IFCAXIS2PLACEMENT3D(#2059,#2060,#2061);
#2063= IFCLOCALPLACEMENT(#2057,#2062);
#2064= IFCCARTESIANPOINT((-45.3293352292822,-125.635011532053,18.686160393856));
#2065= IFCCARTESIANPOINT((-48.5765118301606,-125.640748383172,10.2008809589315));
#2066= IFCCARTESIANPOINT((-57.3772525400236,-117.835137761547,9.03992359312542));
#2067= IFCCARTESIANPOINT((-50.2103870445026,-121.305877070583,18.0422721980067));
#2068= IFCPOLYLOOP((#2064,#2065,#2066,#2067));
#2069= IFCFACEOUTERBOUND(#2068,.T.);
#2070= IFCFACE((#2069));
#2071= IFCCARTESIANPOINT((-48.1311817226015,-134.11859236889,21.204264953456));
#2072= IFCCARTESIANPOINT((-59.2699310851203,-124.239339792082,19.734887142582));
#2073= IFCPOLYLOOP((#2065,#2071,#2072,#2066));
#2074= IFCFACEOUTERBOUND(#2073,.T.);
#2075= IFCFACE((#2074));
#2076= IFCPOLYLOOP((#2071,#2064,#2067,#2072));
#2077= IFCFACEOUTERBOUND(#2076,.T.);
#2078= IFCFACE((#2077));
#2079= IFCPOLYLOOP((#2072,#2067,#2066));
#2080= IFCFACEOUTERBOUND(#2079,.T.);
#2081= IFCFACE((#2080));
#2082= IFCPOLYLOOP((#2071,#2065,#2064));
#2083= IFCFACEOUTERBOUND(#2082,.T.);
#2084= IFCFACE((#2083));
#2085= IFCCARTESIANPOINT((-8.3377371891147,-13.0779157855213,1.94512683214271));
#2086= IFCCARTESIANPOINT((-13.1032863467553,-12.0247301891723,-3.37022811781935));
#2087= IFCCARTESIANPOINT((-8.45235064500957,-0.0034874255215982,-5.1581920593635));
#2088= IFCPOLYLOOP((#2085,#2086,#2087,#402));
#2089= IFCFACEOUTERBOUND(#2088,.T.);
#2090= IFCFACE((#2089));
#2091= IFCCARTESIANPOINT((-14.5642272257828,-10.3148087317386,4.326033833986));
#2092= IFCCARTESIANPOINT((-6.96469951516701,9.327640305768,1.40453966793211));
#2093= IFCPOLYLOOP((#2086,#2091,#2092,#2087));
#2094= IFCFACEOUTERBOUND(#2093,.T.);
#2095= IFCFACE((#2094));
#2096= IFCPOLYLOOP((#2091,#2085,#402,#2092));
#2097= IFCFACEOUTERBOUND(#2096,.T.);
#2098= IFCFACE((#2097));
#2099= IFCCARTESIANPOINT((-45.150631857141,-108.227961284982,16.0971453658713));
#2100= IFCCARTESIANPOINT((-49.9161810147889,-107.17477568864,10.7817904159056));
#2101= IFCPOLYLOOP((#2099,#2100,#2086,#2085));
#2102= IFCFACEOUTERBOUND(#2101,.T.);
#2103= IFCFACE((#2102));
#2104= IFCCARTESIANPOINT((-51.3771218938091,-105.464854231199,18.4780523677182));
#2105= IFCPOLYLOOP((#2100,#2104,#2091,#2086));
#2106= IFCFACEOUTERBOUND(#2105,.T.);
#2107= IFCFACE((#2106));
#2108= IFCPOLYLOOP((#2104,#2099,#2085,#2091));
#2109= IFCFACEOUTERBOUND(#2108,.T.);
#2110= IFCFACE((#2109));
#2111= IFCCARTESIANPOINT((-54.5671167165456,-119.19601845232,12.5697543574533));
#2112= IFCPOLYLOOP((#2067,#2111,#2100,#2099));
#2113= IFCFACEOUTERBOUND(#2112,.T.);
#2114= IFCFACE((#2113));
#2115= IFCCARTESIANPOINT((-58.9766496044213,-125.107303268698,21.3995465337684));
#2116= IFCPOLYLOOP((#2111,#2115,#2104,#2100));
#2117= IFCFACEOUTERBOUND(#2116,.T.);
#2118= IFCFACE((#2117));
#2119= IFCPOLYLOOP((#2115,#2067,#2099,#2104));
#2120= IFCFACEOUTERBOUND(#2119,.T.);
#2121= IFCFACE((#2120));
#2122= IFCPOLYLOOP((#2092,#402,#2087));
#2123= IFCFACEOUTERBOUND(#2122,.T.);
#2124= IFCFACE((#2123));
#2125= IFCPOLYLOOP((#2115,#2111,#2067));
#2126= IFCFACEOUTERBOUND(#2125,.T.);
#2127= IFCFACE((#2126));
#2128= IFCCARTESIANPOINT((0.0308054009037733,-0.00573685116978595,-8.48527943493173));
#2129= IFCCARTESIANPOINT((5.81160933497813,-7.81668285482738,-15.2157953608366));
#2130= IFCCARTESIANPOINT((6.48412162867317,-4.33209356194129,-3.73286727340019));
#2131= IFCPOLYLOOP((#443,#2128,#2129,#2130));
#2132= IFCFACEOUTERBOUND(#2131,.T.);
#2133= IFCFACE((#2132));
#2134= IFCCARTESIANPOINT((7.04127021282693,8.48527943494264,-0.00573685116614797));
#2135= IFCCARTESIANPOINT((14.3578050657416,-1.40072592382785,-8.52428460200463));
#2136= IFCPOLYLOOP((#2128,#2134,#2135,#2129));
#2137= IFCFACEOUTERBOUND(#2136,.T.);
#2138= IFCFACE((#2137));
#2139= IFCPOLYLOOP((#2134,#443,#2130,#2135));
#2140= IFCFACEOUTERBOUND(#2139,.T.);
#2141= IFCFACE((#2140));
#2142= IFCCARTESIANPOINT((-11.7898720848752,-0.00573685115523404,-8.48527943488807));
#2143= IFCPOLYLOOP((#402,#2142,#2128,#443));
#2144= IFCFACEOUTERBOUND(#2143,.T.);
#2145= IFCFACE((#2144));
#2146= IFCCARTESIANPOINT((-7.91969365950717,8.48527943495719,-0.00573685111521627));
#2147= IFCPOLYLOOP((#2142,#2146,#2134,#2128));
#2148= IFCFACEOUTERBOUND(#2147,.T.);
#2149= IFCFACE((#2148));
#2150= IFCPOLYLOOP((#2146,#402,#443,#2134));
#2151= IFCFACEOUTERBOUND(#2150,.T.);
#2152= IFCFACE((#2151));
#2153= IFCPOLYLOOP((#2135,#2130,#2129));
#2154= IFCFACEOUTERBOUND(#2153,.T.);
#2155= IFCFACE((#2154));
#2156= IFCPOLYLOOP((#2146,#2142,#402));
#2157= IFCFACEOUTERBOUND(#2156,.T.);
#2158= IFCFACE((#2157));
#2159= IFCCARTESIANPOINT((-35.3885282266965,-112.560054846952,12.3642780924711));
#2160= IFCCARTESIANPOINT((-35.3885282266529,-113.621659833283,5.22665581536057));
#2161= IFCCARTESIANPOINT((-40.0394639284386,-125.642902597057,7.01461975693019));
#2162= IFCCARTESIANPOINT((-40.4482834140763,-125.637970632597,14.309404924621));
#2163= IFCPOLYLOOP((#2159,#2160,#2161,#2162));
#2164= IFCFACEOUTERBOUND(#2163,.T.);
#2165= IFCFACE((#2164));
#2166= IFCCARTESIANPOINT((-29.1620381900611,-115.323161900727,9.98337109063141));
#2167= IFCCARTESIANPOINT((-36.7615659007242,-134.965610938292,12.9048652567071));
#2168= IFCPOLYLOOP((#2160,#2166,#2167,#2161));
#2169= IFCFACEOUTERBOUND(#2168,.T.);
#2170= IFCFACE((#2169));
#2171= IFCPOLYLOOP((#2166,#2159,#2162,#2167));
#2172= IFCFACEOUTERBOUND(#2171,.T.);
#2173= IFCFACE((#2172));
#2174= IFCCARTESIANPOINT((1.42436644132613,-17.4100093475136,-1.78774044126112));
#2175= IFCCARTESIANPOINT((1.42436644138434,-18.4716143338446,-8.92536271836798));
#2176= IFCPOLYLOOP((#2174,#2175,#2160,#2159));
#2177= IFCFACEOUTERBOUND(#2176,.T.);
#2178= IFCFACE((#2177));
#2179= IFCCARTESIANPOINT((7.65085647795422,-20.1731164012745,-4.16864744308987));
#2180= IFCPOLYLOOP((#2175,#2179,#2166,#2160));
#2181= IFCFACEOUTERBOUND(#2180,.T.);
#2182= IFCFACE((#2181));
#2183= IFCPOLYLOOP((#2179,#2174,#2159,#2166));
#2184= IFCFACEOUTERBOUND(#2183,.T.);
#2185= IFCFACE((#2184));
#2186= IFCCARTESIANPOINT((6.07530214314465,-6.45037157017941,-10.713326659923));
#2187= IFCPOLYLOOP((#2130,#2186,#2175,#2174));
#2188= IFCFACEOUTERBOUND(#2187,.T.);
#2189= IFCFACE((#2188));
#2190= IFCCARTESIANPOINT((15.2503841885555,-0.530667363833345,-7.09014160914376));
#2191= IFCPOLYLOOP((#2186,#2190,#2179,#2175));
#2192= IFCFACEOUTERBOUND(#2191,.T.);
#2193= IFCFACE((#2192));
#2194= IFCPOLYLOOP((#2190,#2130,#2174,#2179));
#2195= IFCFACEOUTERBOUND(#2194,.T.);
#2196= IFCFACE((#2195));
#2197= IFCPOLYLOOP((#2167,#2162,#2161));
#2198= IFCFACEOUTERBOUND(#2197,.T.);
#2199= IFCFACE((#2198));
#2200= IFCPOLYLOOP((#2190,#2186,#2130));
#2201= IFCFACEOUTERBOUND(#2200,.T.);
#2202= IFCFACE((#2201));
#2203= IFCCARTESIANPOINT((-39.7757711202103,-125.646083765285,2.30940766714775));
#2204= IFCPOLYLOOP((#2162,#2203,#2065,#2064));
#2205= IFCFACEOUTERBOUND(#2204,.T.);
#2206= IFCFACE((#2205));
#2207= IFCCARTESIANPOINT((-36.9924323599698,-134.125345150955,11.2163393916635));
#2208= IFCPOLYLOOP((#2203,#2207,#2071,#2065));
#2209= IFCFACEOUTERBOUND(#2208,.T.);
#2210= IFCFACE((#2209));
#2211= IFCPOLYLOOP((#2207,#2162,#2064,#2071));
#2212= IFCFACEOUTERBOUND(#2211,.T.);
#2213= IFCFACE((#2212));
#2214= IFCPOLYLOOP((#2071,#2064,#2065));
#2215= IFCFACEOUTERBOUND(#2214,.T.);
#2216= IFCFACE((#2215));
#2217= IFCPOLYLOOP((#2207,#2203,#2162));
#2218= IFCFACEOUTERBOUND(#2217,.T.);
#2219= IFCFACE((#2218));
#2220= IFCCLOSEDSHELL((#2070,#2075,#2078,#2081,#2084,#2090,#2095,#2098,#2103,#2107,#2110,#2114,#2118,#2121,#2124,#2127,#2133,#2138,#2141,#2145,#2149,#2152,#2155,#2158,#2165,#2170,#2173,#2178,#2182,#2185,#2189,#2193,#2196,#2199,#2202,#2206,#2210,#2213,#2216,#2219));
#2221= IFCFACETEDBREP(#2220);
#2222= IFCSHAPEREPRESENTATION(#12,'Body','Brep',(#2221));
#2223= IFCCARTESIANPOINT((-45.3293352294859,18.6861603938341,125.635011531689));
#2224= IFCCARTESIANPOINT((-50.2103870446772,18.0422721979776,121.305877070219));
#2225= IFCCARTESIANPOINT((-45.1506318573083,16.0971453658422,108.227961284661));
#2226= IFCCARTESIANPOINT((-8.33773718913289,1.94512683213543,13.0779157854849));
#2227= IFCCARTESIANPOINT((6.48412162863679,-3.73286727338564,4.33209356195584));
#2228= IFCCARTESIANPOINT((1.42436644127156,-1.78774044125021,17.4100093474844));
#2229= IFCCARTESIANPOINT((-35.3885282268966,12.3642780924565,112.560054846654));
#2230= IFCCARTESIANPOINT((-40.4482834142909,14.3094049245992,125.637970632248));
#2231= IFCPOLYLINE((#2223,#2224,#2225,#2226,#402,#443,#2227,#2228,#2229,#2230,#2223));
#2232= IFCSHAPEREPRESENTATION(#13,'Axis','GeometricCurveSet',(#2231));
#2233= IFCPRODUCTDEFINITIONSHAPE($,$,(#2222,#2232));
#2234= IFCFASTENER('159$411hT1HPwDsSbjR0As',#300,'Weld',$,$,#2063,#2233,'ID4527f101-06b7-4145-9e8d-d9c96d6c02b6');
#2235= IFCPROPERTYSINGLEVALUE('WeldID',$,IFCINTEGER(118432116),$);
#2236= IFCPROPERTYSET('2wye9$UWb0OhC6t30SiBrv',#5,'AISC_EM11_Pset_Weld','WeldIdentity',(#551,#552,#553,#554,#2235,#556,#557,#558,#559,#560,#561,#562,#563,#564,#565,#566));
#2237= IFCCARTESIANPOINT((53187.7345008156,17366.6961566466,40771.8291777758));
#2238= IFCAXIS2PLACEMENT3D(#2237,#2060,#2061);
#2239= IFCLOCALPLACEMENT(#2057,#2238);
#2240= IFCSHAPEREPRESENTATION(#12,'Body','Brep',(#2221));
#2241= IFCSHAPEREPRESENTATION(#13,'Axis','GeometricCurveSet',(#2231));
#2242= IFCPRODUCTDEFINITIONSHAPE($,$,(#2240,#2241));
#2243= IFCFASTENER('0ohVcoAqT1zfcykraxKGV9',#300,'Weld',$,$,#2239,#2242,'ID32adf9b2-2b47-41f6-99bc-bb593b5107c9');
#2244= IFCPROPERTYSINGLEVALUE('WeldID',$,IFCINTEGER(118432071),$);
#2245= IFCPROPERTYSET('2U1lzGt2X32g9gxJNmSAri',#5,'AISC_EM11_Pset_Weld','WeldIdentity',(#551,#552,#553,#554,#2244,#556,#557,#558,#559,#560,#561,#562,#563,#564,#565,#566));
#2246= IFCCARTESIANPOINT((53133.925,17377.956,40715.));
#2247= IFCAXIS2PLACEMENT3D(#2246,#8,#63);
#2248= IFCLOCALPLACEMENT(#2057,#2247);
#2249= IFCCARTESIANPOINT((-95.,-0.00699637755315052,4.24263491839156));
#2250= IFCCARTESIANPOINT((95.,-0.00699637755315052,4.24263491839156));
#2251= IFCPOLYLOOP((#2249,#581,#582,#2250));
#2252= IFCFACEOUTERBOUND(#2251,.T.);
#2253= IFCFACE((#2252));
#2254= IFCCARTESIANPOINT((-95.,4.2426349183952,0.00699637753859861));
#2255= IFCCARTESIANPOINT((95.,4.2426349183952,0.00699637753859861));
#2256= IFCPOLYLOOP((#581,#2254,#2255,#582));
#2257= IFCFACEOUTERBOUND(#2256,.T.);
#2258= IFCFACE((#2257));
#2259= IFCPOLYLOOP((#2254,#2249,#2250,#2255));
#2260= IFCFACEOUTERBOUND(#2259,.T.);
#2261= IFCFACE((#2260));
#2262= IFCPOLYLOOP((#2255,#2250,#582));
#2263= IFCFACEOUTERBOUND(#2262,.T.);
#2264= IFCFACE((#2263));
#2265= IFCPOLYLOOP((#2254,#581,#2249));
#2266= IFCFACEOUTERBOUND(#2265,.T.);
#2267= IFCFACE((#2266));
#2268= IFCCARTESIANPOINT((95.,-6.00699637755315,4.23363491837881));
#2269= IFCCARTESIANPOINT((95.,-6.,-0.00899999999819556));
#2270= IFCCARTESIANPOINT((-95.,-6.,-0.00899999999819556));
#2271= IFCCARTESIANPOINT((-95.,-6.00699637755315,4.23363491837881));
#2272= IFCPOLYLOOP((#2268,#2269,#2270,#2271));
#2273= IFCFACEOUTERBOUND(#2272,.T.);
#2274= IFCFACE((#2273));
#2275= IFCCARTESIANPOINT((95.,-10.2426349183806,-0.0159963775367942));
#2276= IFCCARTESIANPOINT((-95.,-10.2426349183806,-0.0159963775367942));
#2277= IFCPOLYLOOP((#2269,#2275,#2276,#2270));
#2278= IFCFACEOUTERBOUND(#2277,.T.);
#2279= IFCFACE((#2278));
#2280= IFCPOLYLOOP((#2275,#2268,#2271,#2276));
#2281= IFCFACEOUTERBOUND(#2280,.T.);
#2282= IFCFACE((#2281));
#2283= IFCPOLYLOOP((#2276,#2271,#2270));
#2284= IFCFACEOUTERBOUND(#2283,.T.);
#2285= IFCFACE((#2284));
#2286= IFCPOLYLOOP((#2275,#2269,#2268));
#2287= IFCFACEOUTERBOUND(#2286,.T.);
#2288= IFCFACE((#2287));
#2289= IFCCLOSEDSHELL((#2253,#2258,#2261,#2264,#2267,#2274,#2279,#2282,#2285,#2288));
#2290= IFCFACETEDBREP(#2289);
#2291= IFCSHAPEREPRESENTATION(#12,'Body','Brep',(#2290));
#2292= IFCCARTESIANPOINT((95.,-0.00899999999819556,6.));
#2293= IFCCARTESIANPOINT((-95.,-0.00899999999819556,6.));
#2294= IFCPOLYLINE((#2292,#2293));
#2295= IFCSHAPEREPRESENTATION(#13,'Axis','GeometricCurveSet',(#625,#2294));
#2296= IFCPRODUCTDEFINITIONSHAPE($,$,(#2291,#2295));
#2297= IFCFASTENER('1mcsTnQw97Bw37xtO9mgTv',#300,'Weld',$,$,#2248,#2296,'ID709b6771-6ba2-472f-a0c7-ef7609c2a779');
#2298= IFCPROPERTYSINGLEVALUE('WeldID',$,IFCINTEGER(118432008),$);
#2299= IFCPROPERTYSET('3QalJZO297FPAlH9XqufbJ',#5,'AISC_EM11_Pset_Weld','WeldIdentity',(#551,#552,#553,#554,#2298,#633,#557,#558,#634,#560,#635,#636,#563,#564,#565,#566));
#2300= IFCCARTESIANPOINT((53137.0160144893,17432.9514533568,40620.));
#2301= IFCDIRECTION((-0.00164906200048427,-0.999998640296335,0.));
#2302= IFCAXIS2PLACEMENT3D(#2300,#9,#2301);
#2303= IFCLOCALPLACEMENT(#2057,#2302);
#2304= IFCSHAPEREPRESENTATION(#12,'Body','SweptSolid',(#645));
#2305= IFCPRODUCTDEFINITIONSHAPE($,$,(#2304));
#2306= IFCDISCRETEACCESSORY('12dNi82oH1Zua6xVZxLSBy',#300,'Support section',$,$,#2303,#2305,'1050(?)');
#2307= IFCLOCALPLACEMENT(#2057,#2040);
#2308= IFCSHAPEREPRESENTATION(#12,'Body','MappedRepresentation',(#656,#657,#658));
#2309= IFCPRODUCTDEFINITIONSHAPE($,$,(#2308));
#2310= IFCOPENINGELEMENT('1ugRIQ62b2KgPAcEv1r41T',#5,$,$,'Opening',#2307,#2309,$);
#2311= IFCRELVOIDSELEMENT('1fIBC88aXDchesooWjQqzN',#5,'Drill Hole',$,#2306,#2310);
#2312= IFCCARTESIANPOINT((53084.4826875121,17110.0376449493,40645.0007506475));
#2313= IFCDIRECTION((0.00164906200047333,0.999998640294833,1.73300000377674E-06));
#2314= IFCAXIS2PLACEMENT3D(#2312,#1794,#2313);
#2315= IFCLOCALPLACEMENT(#2057,#2314);
#2316= IFCSHAPEREPRESENTATION(#12,'Body','Brep',(#920));
#2317= IFCPRODUCTDEFINITIONSHAPE($,$,(#2316));
#2318= IFCDISCRETEACCESSORY('21oRZ51pP5wwPMcbN9QhCh',#300,'Support section',$,$,#2315,#2317,'1497(?)');
#2319= IFCCARTESIANPOINT((53184.4825515456,17109.8727387507,40645.0007506475));
#2320= IFCAXIS2PLACEMENT3D(#2319,#1794,#2313);
#2321= IFCLOCALPLACEMENT(#2057,#2320);
#2322= IFCSHAPEREPRESENTATION(#12,'Body','Brep',(#920));
#2323= IFCPRODUCTDEFINITIONSHAPE($,$,(#2322));
#2324= IFCDISCRETEACCESSORY('1LEayxzI1AqwDT2jmyBmIk',#300,'Support section',$,$,#2321,#2323,'1497(?)');
#2325= IFCCARTESIANPOINT((53130.8170791576,17372.9615942156,40595.));
#2326= IFCDIRECTION((0.999998640296335,-0.0016490620004879,0.));
#2327= IFCAXIS2PLACEMENT3D(#2325,#9,#2326);
#2328= IFCLOCALPLACEMENT(#2057,#2327);
#2329= IFCSHAPEREPRESENTATION(#12,'Body','SweptSolid',(#940));
#2330= IFCPRODUCTDEFINITIONSHAPE($,$,(#2329));
#2331= IFCCOLUMN('22YrNH9Oz97gbfmkv1zdlv',#300,'main piece','PL10*200','PL10*200',#2328,#2330,'1496(?)');
#2332= IFCLOCALPLACEMENT(#42,#10);
#2333= IFCELEMENTASSEMBLY('2v59DnxtrCZBR_EnbrQlWg',#300,'BEAM',$,$,#2332,$,'B/1637(?)',.NOTDEFINED.,.REINFORCEMENT_UNIT.);
#2334= IFCPROPERTYSINGLEVALUE('AssemblyMark',$,IFCIDENTIFIER('B/1637(?)'),$);
#2335= IFCPROPERTYSET('36YSEYM391HAoI$T81DNwQ',#5,'AISC_EM11_Pset_AssemblyIdentification','AssemblyIdentity',(#2334,#52,#53));
#2336= IFCCARTESIANPOINT((68000.0000000294,7870.13312430993,40375.));
#2337= IFCDIRECTION((0.99999999982296,-1.88169999966587E-05,0.));
#2338= IFCAXIS2PLACEMENT3D(#2336,#9,#2337);
#2339= IFCLOCALPLACEMENT(#2332,#2338);
#2340= IFCRECTANGLEPROFILEDEF(.AREA.,'950*1000',#61,1000.,950.);
#2341= IFCCARTESIANPOINT((5200.03869426273,1.7618416404151E-17,0.));
#2342= IFCAXIS2PLACEMENT3D(#2341,#88,#56);
#2343= IFCEXTRUDEDAREASOLID(#2340,#2342,#9,5200.04);
#2344= IFCSHAPEREPRESENTATION(#12,'Body','SweptSolid',(#2343));
#2345= IFCPRODUCTDEFINITIONSHAPE($,$,(#2344));
#2346= IFCBEAM('226_JuSqP6BeyY1NtDYjT$',#300,'main piece','950*1000','950*1000',#2339,#2345,'Hormig\S\sn_B-1/102(?)');
#2347= IFCPROPERTYSINGLEVALUE('PieceMark',$,IFCIDENTIFIER('BEAM'),$);
#2348= IFCPROPERTYSINGLEVALUE('IndicationMark',$,IFCIDENTIFIER('Hormig\S\sn_B-1/102(?)'),$);
#2349= IFCPROPERTYSET('0W7zwdB5bA_wVXcomzyLyq',#5,'AISC_EM11_Pset_PieceIdentification','PieceIdentity',(#2347,#2348,#72,#73));
#2350= IFCPROPERTYSINGLEVALUE('MaterialGrade',$,IFCIDENTIFIER('Concrete_Undefined'),$);
#2351= IFCPROPERTYSET('3lI$qm99z8wekttiGHkrHj',#5,'AISC_EM11_Pset_Material',$,(#75,#2350));
#2352= IFCMATERIAL('CONCRETE/Concrete_Undefined');
#2353= IFCLOCALPLACEMENT(#42,#10);
#2354= IFCELEMENTASSEMBLY('2s7yipblT5VvRwwoTmSC1v',#300,'BEAM',$,$,#2353,$,'B/973(?)',.NOTDEFINED.,.REINFORCEMENT_UNIT.);
#2355= IFCPROPERTYSINGLEVALUE('AssemblyMark',$,IFCIDENTIFIER('B/973(?)'),$);
#2356= IFCPROPERTYSET('3Etsg6ghLFwQ4lA7WYYA1J',#5,'AISC_EM11_Pset_AssemblyIdentification','AssemblyIdentity',(#2355,#52,#53));
#2357= IFCCARTESIANPOINT((54800.2126434401,8625.20800541385,40375.));
#2358= IFCDIRECTION((0.998367880565365,-0.0571102009751373,0.));
#2359= IFCAXIS2PLACEMENT3D(#2357,#9,#2358);
#2360= IFCLOCALPLACEMENT(#2353,#2359);
#2361= IFCCARTESIANPOINT((13221.3662053227,-1.72724774618242E-12,0.));
#2362= IFCAXIS2PLACEMENT3D(#2361,#88,#56);
#2363= IFCEXTRUDEDAREASOLID(#2340,#2362,#9,13221.37);
#2364= IFCSHAPEREPRESENTATION(#12,'Body','SweptSolid',(#2363));
#2365= IFCPRODUCTDEFINITIONSHAPE($,$,(#2364));
#2366= IFCBEAM('1Vm15MRyH1$f_obAEPoTBD',#300,'main piece','950*1000','950*1000',#2360,#2365,'Hormig\S\sn_B-1/50(?)');
#2367= IFCPROPERTYSINGLEVALUE('IndicationMark',$,IFCIDENTIFIER('Hormig\S\sn_B-1/50(?)'),$);
#2368= IFCPROPERTYSET('0MeoDVYer1iAZOEqg$DpEL',#5,'AISC_EM11_Pset_PieceIdentification','PieceIdentity',(#2347,#2367,#72,#73));
#2369= IFCLOCALPLACEMENT(#42,#10);
#2370= IFCELEMENTASSEMBLY('30MP2Xw$L71RcEdrNabFb$',#300,'BEAM',$,$,#2369,$,'B/1635(?)',.NOTDEFINED.,.REINFORCEMENT_UNIT.);
#2371= IFCPROPERTYSINGLEVALUE('AssemblyMark',$,IFCIDENTIFIER('B/1635(?)'),$);
#2372= IFCPROPERTYSET('3CRWwv0dr5uPxUZizhobHS',#5,'AISC_EM11_Pset_AssemblyIdentification','AssemblyIdentity',(#2371,#52,#53));
#2373= IFCCARTESIANPOINT((34186.3671368554,7895.65669918754,40375.));
#2374= IFCDIRECTION((0.998477956020056,0.0551522560011078,0.));
#2375= IFCAXIS2PLACEMENT3D(#2373,#9,#2374);
#2376= IFCLOCALPLACEMENT(#2369,#2375);
#2377= IFCCARTESIANPOINT((13019.8281948054,0.,-7.27595761418343E-12));
#2378= IFCAXIS2PLACEMENT3D(#2377,#88,#56);
#2379= IFCEXTRUDEDAREASOLID(#2340,#2378,#9,13019.83);
#2380= IFCSHAPEREPRESENTATION(#12,'Body','SweptSolid',(#2379));
#2381= IFCPRODUCTDEFINITIONSHAPE($,$,(#2380));
#2382= IFCBEAM('0jRGBJHsXAduu10QxfVCpB',#300,'main piece','950*1000','950*1000',#2376,#2381,'Hormig\S\sn_B-1/100(?)');
#2383= IFCPROPERTYSINGLEVALUE('IndicationMark',$,IFCIDENTIFIER('Hormig\S\sn_B-1/100(?)'),$);
#2384= IFCPROPERTYSET('39_wz_wXT4A97ab7aft5uO',#5,'AISC_EM11_Pset_PieceIdentification','PieceIdentity',(#2347,#2383,#72,#73));
#2385= IFCLOCALPLACEMENT(#42,#10);
#2386= IFCELEMENTASSEMBLY('1FPj5Q$VrEUQlN994D_A_4',#300,'BEAM',$,$,#2385,$,'B/1637(?)',.NOTDEFINED.,.REINFORCEMENT_UNIT.);
#2387= IFCCARTESIANPOINT((68000.1943331306,17630.2586634211,40375.));
#2388= IFCAXIS2PLACEMENT3D(#2387,#9,#7);
#2389= IFCLOCALPLACEMENT(#2385,#2388);
#2390= IFCCARTESIANPOINT((5199.80621321799,0.,0.));
#2391= IFCAXIS2PLACEMENT3D(#2390,#88,#56);
#2392= IFCEXTRUDEDAREASOLID(#2340,#2391,#9,5199.81);
#2393= IFCSHAPEREPRESENTATION(#12,'Body','SweptSolid',(#2392));
#2394= IFCPRODUCTDEFINITIONSHAPE($,$,(#2393));
#2395= IFCBEAM('2GqCm14Cb1kP_Gz6i5mtGf',#300,'main piece','950*1000','950*1000',#2389,#2394,'Hormig\S\sn_B-1/102(?)');
#2396= IFCLOCALPLACEMENT(#42,#10);
#2397= IFCELEMENTASSEMBLY('38WDUTuyb0Excy_39l7sgy',#300,'BEAM',$,$,#2396,$,'B/973(?)',.NOTDEFINED.,.REINFORCEMENT_UNIT.);
#2398= IFCCARTESIANPOINT((54800.1973847896,16875.208005808,40375.));
#2399= IFCAXIS2PLACEMENT3D(#2398,#9,#1808);
#2400= IFCLOCALPLACEMENT(#2396,#2399);
#2401= IFCCARTESIANPOINT((13221.5740716366,0.,0.));
#2402= IFCAXIS2PLACEMENT3D(#2401,#88,#56);
#2403= IFCEXTRUDEDAREASOLID(#2340,#2402,#9,13221.57);
#2404= IFCSHAPEREPRESENTATION(#12,'Body','SweptSolid',(#2403));
#2405= IFCPRODUCTDEFINITIONSHAPE($,$,(#2404));
#2406= IFCBEAM('3yujNJjyrE$PehraIuOXlw',#300,'main piece','950*1000','950*1000',#2400,#2405,'Hormig\S\sn_B-1/50(?)');
#2407= IFCLOCALPLACEMENT(#42,#10);
#2408= IFCELEMENTASSEMBLY('30ohNNCnX3uATOSHlpsmh2',#300,'BEAM',$,$,#2407,$,'B/1636(?)',.NOTDEFINED.,.REINFORCEMENT_UNIT.);
#2409= IFCPROPERTYSINGLEVALUE('AssemblyMark',$,IFCIDENTIFIER('B/1636(?)'),$);
#2410= IFCPROPERTYSET('2odfShzfj4NfRd9CEgkFRH',#5,'AISC_EM11_Pset_AssemblyIdentification','AssemblyIdentity',(#2409,#52,#53));
#2411= IFCCARTESIANPOINT((47193.4540590146,16887.7520142025,40375.));
#2412= IFCAXIS2PLACEMENT3D(#2411,#9,#2326);
#2413= IFCLOCALPLACEMENT(#2407,#2412);
#2414= IFCCARTESIANPOINT((7606.75366870573,0.,0.));
#2415= IFCAXIS2PLACEMENT3D(#2414,#88,#56);
#2416= IFCEXTRUDEDAREASOLID(#2340,#2415,#9,7606.75);
#2417= IFCSHAPEREPRESENTATION(#12,'Body','SweptSolid',(#2416));
#2418= IFCPRODUCTDEFINITIONSHAPE($,$,(#2417));
#2419= IFCBEAM('1tTmr6LrPCGhYuq7J6UlbA',#300,'main piece','950*1000','950*1000',#2413,#2418,'Hormig\S\sn_B-1/101(?)');
#2420= IFCPROPERTYSINGLEVALUE('IndicationMark',$,IFCIDENTIFIER('Hormig\S\sn_B-1/101(?)'),$);
#2421= IFCPROPERTYSET('3FsinwTuz9n9LxpbafqVy_',#5,'AISC_EM11_Pset_PieceIdentification','PieceIdentity',(#2347,#2420,#72,#73));
#2422= IFCLOCALPLACEMENT(#42,#10);
#2423= IFCELEMENTASSEMBLY('3gj1Ryggn3_ArXUVtojEkX',#300,'BEAM',$,$,#2422,$,'B/1634(?)',.NOTDEFINED.,.REINFORCEMENT_UNIT.);
#2424= IFCPROPERTYSINGLEVALUE('AssemblyMark',$,IFCIDENTIFIER('B/1634(?)'),$);
#2425= IFCPROPERTYSET('3PGKD$dL92sgyXdu809vtg',#5,'AISC_EM11_Pset_AssemblyIdentification','AssemblyIdentity',(#2424,#52,#53));
#2426= IFCCARTESIANPOINT((28799.9646881943,7870.16115989824,40375.));
#2427= IFCDIRECTION((0.999999999986656,5.16599999985267E-06,0.));
#2428= IFCAXIS2PLACEMENT3D(#2426,#9,#2427);
#2429= IFCLOCALPLACEMENT(#2422,#2428);
#2430= IFCCARTESIANPOINT((4800.03531185816,0.,-7.27595761418343E-12));
#2431= IFCAXIS2PLACEMENT3D(#2430,#88,#56);
#2432= IFCEXTRUDEDAREASOLID(#2340,#2431,#9,4800.04);
#2433= IFCSHAPEREPRESENTATION(#12,'Body','SweptSolid',(#2432));
#2434= IFCPRODUCTDEFINITIONSHAPE($,$,(#2433));
#2435= IFCBEAM('3ggEu1g3f4GuZEr3kTQ9mn',#300,'main piece','950*1000','950*1000',#2429,#2434,'Hormig\S\sn_B-1/99(?)');
#2436= IFCPROPERTYSINGLEVALUE('IndicationMark',$,IFCIDENTIFIER('Hormig\S\sn_B-1/99(?)'),$);
#2437= IFCPROPERTYSET('3CcfiHsNbAcfgpytpYSdWH',#5,'AISC_EM11_Pset_PieceIdentification','PieceIdentity',(#2347,#2436,#72,#73));
#2438= IFCLOCALPLACEMENT(#42,#10);
#2439= IFCELEMENTASSEMBLY('0hOZcAdwDFaPiA8OSeLYub',#300,'BEAM',$,$,#2438,$,'B/1634(?)',.NOTDEFINED.,.REINFORCEMENT_UNIT.);
#2440= IFCCARTESIANPOINT((28799.9990204697,17630.1766475691,40375.));
#2441= IFCDIRECTION((0.999999999998026,1.98699999979044E-06,0.));
#2442= IFCAXIS2PLACEMENT3D(#2440,#9,#2441);
#2443= IFCLOCALPLACEMENT(#2438,#2442);
#2444= IFCCARTESIANPOINT((4800.00097952382,0.,0.));
#2445= IFCAXIS2PLACEMENT3D(#2444,#88,#56);
#2446= IFCEXTRUDEDAREASOLID(#2340,#2445,#9,4800.);
#2447= IFCSHAPEREPRESENTATION(#12,'Body','SweptSolid',(#2446));
#2448= IFCPRODUCTDEFINITIONSHAPE($,$,(#2447));
#2449= IFCBEAM('3CL8N4JGn5bxH_uhARzyHN',#300,'main piece','950*1000','950*1000',#2443,#2448,'Hormig\S\sn_B-1/99(?)');
#2450= IFCLOCALPLACEMENT(#42,#10);
#2451= IFCELEMENTASSEMBLY('0bLJB4Bj54TBd7e1W3aZS_',#300,'BEAM',$,$,#2450,$,'B/1633(?)',.NOTDEFINED.,.REINFORCEMENT_UNIT.);
#2452= IFCPROPERTYSINGLEVALUE('AssemblyMark',$,IFCIDENTIFIER('B/1633(?)'),$);
#2453= IFCPROPERTYSET('1M2TyvAiH8ZugZi7FIBmUx',#5,'AISC_EM11_Pset_AssemblyIdentification','AssemblyIdentity',(#2452,#52,#53));
#2454= IFCCARTESIANPOINT((23099.9971588398,-945.846081267868,40375.));
#2455= IFCAXIS2PLACEMENT3D(#2454,#9,#7);
#2456= IFCLOCALPLACEMENT(#2450,#2455);
#2457= IFCRECTANGLEPROFILEDEF(.AREA.,'950*300',#61,300.,950.);
#2458= IFCCARTESIANPOINT((55800.2292175869,0.,0.));
#2459= IFCAXIS2PLACEMENT3D(#2458,#88,#56);
#2460= IFCEXTRUDEDAREASOLID(#2457,#2459,#9,55800.23);
#2461= IFCSHAPEREPRESENTATION(#12,'Body','SweptSolid',(#2460));
#2462= IFCPRODUCTDEFINITIONSHAPE($,$,(#2461));
#2463= IFCBEAM('2MF$G73Cv41fzvLTkE8b_o',#300,'main piece','950*300','950*300',#2456,#2462,'Hormig\S\sn_B-1/98(?)');
#2464= IFCPROPERTYSINGLEVALUE('IndicationMark',$,IFCIDENTIFIER('Hormig\S\sn_B-1/98(?)'),$);
#2465= IFCPROPERTYSET('3GUmijHEL9pPfZ9umIW98c',#5,'AISC_EM11_Pset_PieceIdentification','PieceIdentity',(#2347,#2464,#72,#73));
#2466= IFCLOCALPLACEMENT(#42,#10);
#2467= IFCELEMENTASSEMBLY('00plAzbQT9VP9FEwcrym4t',#300,'BEAM',$,$,#2466,$,'B/1632(?)',.NOTDEFINED.,.REINFORCEMENT_UNIT.);
#2468= IFCPROPERTYSINGLEVALUE('AssemblyMark',$,IFCIDENTIFIER('B/1632(?)'),$);
#2469= IFCPROPERTYSET('1ITjfA3lT0lwl1jJFqyxqG',#5,'AISC_EM11_Pset_AssemblyIdentification','AssemblyIdentity',(#2468,#52,#53));
#2470= IFCCARTESIANPOINT((78800.1819196869,-795.846081267868,40375.));
#2471= IFCAXIS2PLACEMENT3D(#2470,#9,#8);
#2472= IFCLOCALPLACEMENT(#2466,#2471);
#2473= IFCRECTANGLEPROFILEDEF(.AREA.,'950*200',#61,200.,950.);
#2474= IFCCARTESIANPOINT((27091.797718967,0.,-7.27595761418343E-12));
#2475= IFCAXIS2PLACEMENT3D(#2474,#88,#56);
#2476= IFCEXTRUDEDAREASOLID(#2473,#2475,#9,27091.8);
#2477= IFCSHAPEREPRESENTATION(#12,'Body','SweptSolid',(#2476));
#2478= IFCPRODUCTDEFINITIONSHAPE($,$,(#2477));
#2479= IFCBEAM('3KpIH5u0986u874$0nbjfp',#300,'main piece','950*200','950*200',#2472,#2478,'Hormig\S\sn_B-1/97(?)');
#2480= IFCPROPERTYSINGLEVALUE('IndicationMark',$,IFCIDENTIFIER('Hormig\S\sn_B-1/97(?)'),$);
#2481= IFCPROPERTYSET('2UQm9ruRL85QS6OPLIkjEg',#5,'AISC_EM11_Pset_PieceIdentification','PieceIdentity',(#2347,#2480,#72,#73));
#2482= IFCLOCALPLACEMENT(#42,#10);
#2483= IFCELEMENTASSEMBLY('2ttMlx0Gn8oQnYaI6OjkTL',#300,'BEAM',$,$,#2482,$,'B/1632(?)',.NOTDEFINED.,.REINFORCEMENT_UNIT.);
#2484= IFCCARTESIANPOINT((23199.9971635294,-795.846081267868,40375.));
#2485= IFCAXIS2PLACEMENT3D(#2484,#9,#8);
#2486= IFCLOCALPLACEMENT(#2482,#2485);
#2487= IFCCARTESIANPOINT((27091.7972733701,0.,7.27595761418343E-12));
#2488= IFCAXIS2PLACEMENT3D(#2487,#88,#56);
#2489= IFCEXTRUDEDAREASOLID(#2473,#2488,#9,27091.8);
#2490= IFCSHAPEREPRESENTATION(#12,'Body','SweptSolid',(#2489));
#2491= IFCPRODUCTDEFINITIONSHAPE($,$,(#2490));
#2492= IFCBEAM('1GwcRsdD10_f9jJQHd$gFz',#300,'main piece','950*200','950*200',#2486,#2491,'Hormig\S\sn_B-1/97(?)');
#2493= IFCLOCALPLACEMENT(#42,#10);
#2494= IFCELEMENTASSEMBLY('0aQfpzChb9qhmR5ykSiVPe',#300,'BEAM',$,$,#2493,$,'B/1631(?)',.NOTDEFINED.,.REINFORCEMENT_UNIT.);
#2495= IFCPROPERTYSINGLEVALUE('AssemblyMark',$,IFCIDENTIFIER('B/1631(?)'),$);
#2496= IFCPROPERTYSET('1Xzhbk9Vb9JvGmwbX0rR_D',#5,'AISC_EM11_Pset_AssemblyIdentification','AssemblyIdentity',(#2495,#52,#53));
#2497= IFCCARTESIANPOINT((78700.0366210938,8120.17260399004,40375.));
#2498= IFCAXIS2PLACEMENT3D(#2497,#9,#88);
#2499= IFCLOCALPLACEMENT(#2493,#2498);
#2500= IFCRECTANGLEPROFILEDEF(.AREA.,'950*500',#61,500.,950.);
#2501= IFCCARTESIANPOINT((1800.00097953032,0.,0.));
#2502= IFCAXIS2PLACEMENT3D(#2501,#88,#56);
#2503= IFCEXTRUDEDAREASOLID(#2500,#2502,#9,1800.);
#2504= IFCSHAPEREPRESENTATION(#12,'Body','SweptSolid',(#2503));
#2505= IFCPRODUCTDEFINITIONSHAPE($,$,(#2504));
#2506= IFCBEAM('232_VRSBv4WBQZzEkEv350',#300,'main piece','950*500','950*500',#2499,#2505,'Hormig\S\sn_B-1/96(?)');
#2507= IFCPROPERTYSINGLEVALUE('IndicationMark',$,IFCIDENTIFIER('Hormig\S\sn_B-1/96(?)'),$);
#2508= IFCPROPERTYSET('3x9FnsMJfCAeKVZuq101c7',#5,'AISC_EM11_Pset_PieceIdentification','PieceIdentity',(#2347,#2507,#72,#73));
#2509= IFCLOCALPLACEMENT(#42,#10);
#2510= IFCELEMENTASSEMBLY('1u32FcnibDMuCVsz8nrOgL',#300,'BEAM',$,$,#2509,$,'B/1631(?)',.NOTDEFINED.,.REINFORCEMENT_UNIT.);
#2511= IFCCARTESIANPOINT((78700.0366210938,17382.5760921492,40375.));
#2512= IFCAXIS2PLACEMENT3D(#2511,#9,#88);
#2513= IFCLOCALPLACEMENT(#2509,#2512);
#2514= IFCSHAPEREPRESENTATION(#12,'Body','SweptSolid',(#2503));
#2515= IFCPRODUCTDEFINITIONSHAPE($,$,(#2514));
#2516= IFCBEAM('0gAtuyNH18CQRSuo4Jjcwd',#300,'main piece','950*500','950*500',#2513,#2515,'Hormig\S\sn_B-1/96(?)');
#2517= IFCLOCALPLACEMENT(#42,#10);
#2518= IFCELEMENTASSEMBLY('12Gl4oTSLCk8NdtEA$GQOn',#300,'BEAM',$,$,#2517,$,'B/1631(?)',.NOTDEFINED.,.REINFORCEMENT_UNIT.);
#2519= IFCCARTESIANPOINT((25100.,8120.17260399004,40375.));
#2520= IFCAXIS2PLACEMENT3D(#2519,#9,#88);
#2521= IFCLOCALPLACEMENT(#2517,#2520);
#2522= IFCSHAPEREPRESENTATION(#12,'Body','SweptSolid',(#2503));
#2523= IFCPRODUCTDEFINITIONSHAPE($,$,(#2522));
#2524= IFCBEAM('14LDUqRzb2ARFu0gvs8ts4',#300,'main piece','950*500','950*500',#2521,#2523,'Hormig\S\sn_B-1/96(?)');
#2525= IFCLOCALPLACEMENT(#42,#10);
#2526= IFCELEMENTASSEMBLY('3pup5UtuD8Q9trwux6a6z5',#300,'BEAM',$,$,#2525,$,'B/1631(?)',.NOTDEFINED.,.REINFORCEMENT_UNIT.);
#2527= IFCCARTESIANPOINT((25100.,17382.5760921492,40375.));
#2528= IFCAXIS2PLACEMENT3D(#2527,#9,#88);
#2529= IFCLOCALPLACEMENT(#2525,#2528);
#2530= IFCSHAPEREPRESENTATION(#12,'Body','SweptSolid',(#2503));
#2531= IFCPRODUCTDEFINITIONSHAPE($,$,(#2530));
#2532= IFCBEAM('2c0_ojNN59jOtCQkESamwr',#300,'main piece','950*500','950*500',#2529,#2531,'Hormig\S\sn_B-1/96(?)');
#2533= IFCLOCALPLACEMENT(#42,#10);
#2534= IFCELEMENTASSEMBLY('1bEYdbyMb13Ae_T3wK_YEa',#300,'BEAM',$,$,#2533,$,'B/1628(?)',.NOTDEFINED.,.REINFORCEMENT_UNIT.);
#2535= IFCPROPERTYSINGLEVALUE('AssemblyMark',$,IFCIDENTIFIER('B/1628(?)'),$);
#2536= IFCPROPERTYSET('37CxcCtKzAlxPGMf8e25bY',#5,'AISC_EM11_Pset_AssemblyIdentification','AssemblyIdentity',(#2535,#52,#53));
#2537= IFCCARTESIANPOINT((51000.,-795.846081267868,40375.));
#2538= IFCDIRECTION((3.38800000009482E-06,0.999999999994261,0.));
#2539= IFCAXIS2PLACEMENT3D(#2537,#9,#2538);
#2540= IFCLOCALPLACEMENT(#2533,#2539);
#2541= IFCRECTANGLEPROFILEDEF(.AREA.,'950*800',#61,800.,950.);
#2542= IFCEXTRUDEDAREASOLID(#2541,#2488,#9,27091.8);
#2543= IFCSHAPEREPRESENTATION(#12,'Body','SweptSolid',(#2542));
#2544= IFCPRODUCTDEFINITIONSHAPE($,$,(#2543));
#2545= IFCBEAM('22nRDMuoX6VhZd1ESumn2T',#300,'main piece','950*800','950*800',#2540,#2544,'Hormig\S\sn_B-1/93(?)');
#2546= IFCPROPERTYSINGLEVALUE('IndicationMark',$,IFCIDENTIFIER('Hormig\S\sn_B-1/93(?)'),$);
#2547= IFCPROPERTYSET('3BuJI9eUzEHR1rwZArpbbI',#5,'AISC_EM11_Pset_PieceIdentification','PieceIdentity',(#2347,#2546,#72,#73));
#2548= IFCLOCALPLACEMENT(#42,#10);
#2549= IFCELEMENTASSEMBLY('3vtu5o99T6leKzCeNgWmyh',#300,'BEAM',$,$,#2548,$,'B/1630(?)',.NOTDEFINED.,.REINFORCEMENT_UNIT.);
#2550= IFCPROPERTYSINGLEVALUE('AssemblyMark',$,IFCIDENTIFIER('B/1630(?)'),$);
#2551= IFCPROPERTYSET('3l_aaxvVv1L9nrD9vnRCL_',#5,'AISC_EM11_Pset_AssemblyIdentification','AssemblyIdentity',(#2550,#52,#53));
#2552= IFCCARTESIANPOINT((42500.,-795.846081267868,40375.));
#2553= IFCAXIS2PLACEMENT3D(#2552,#9,#8);
#2554= IFCLOCALPLACEMENT(#2548,#2553);
#2555= IFCRECTANGLEPROFILEDEF(.AREA.,'950*600',#61,600.,950.);
#2556= IFCEXTRUDEDAREASOLID(#2555,#2488,#9,27091.8);
#2557= IFCSHAPEREPRESENTATION(#12,'Body','SweptSolid',(#2556));
#2558= IFCPRODUCTDEFINITIONSHAPE($,$,(#2557));
#2559= IFCBEAM('3hLjtABwrFTRPdrUughGGu',#300,'main piece','950*600','950*600',#2554,#2558,'Hormig\S\sn_B-1/95(?)');
#2560= IFCPROPERTYSINGLEVALUE('IndicationMark',$,IFCIDENTIFIER('Hormig\S\sn_B-1/95(?)'),$);
#2561= IFCPROPERTYSET('3JC5xKK$z0owbX8uoZUwYS',#5,'AISC_EM11_Pset_PieceIdentification','PieceIdentity',(#2347,#2560,#72,#73));
#2562= IFCLOCALPLACEMENT(#42,#10);
#2563= IFCELEMENTASSEMBLY('1uDC1ILxH8zgmmJLzd5KxQ',#300,'BEAM',$,$,#2562,$,'B/1537(?)',.NOTDEFINED.,.REINFORCEMENT_UNIT.);
#2564= IFCPROPERTYSINGLEVALUE('AssemblyMark',$,IFCIDENTIFIER('B/1537(?)'),$);
#2565= IFCPROPERTYSET('2sbSnJcf14QQGQVMxgAgFi',#5,'AISC_EM11_Pset_AssemblyIdentification','AssemblyIdentity',(#2564,#52,#53));
#2566= IFCCARTESIANPOINT((23099.9982575302,26445.8977779402,40350.));
#2567= IFCAXIS2PLACEMENT3D(#2566,#9,#7);
#2568= IFCLOCALPLACEMENT(#2562,#2567);
#2569= IFCRECTANGLEPROFILEDEF(.AREA.,'1000*300',#61,300.,1000.);
#2570= IFCCARTESIANPOINT((55800.1847490031,0.,0.));
#2571= IFCAXIS2PLACEMENT3D(#2570,#88,#56);
#2572= IFCEXTRUDEDAREASOLID(#2569,#2571,#9,55800.18);
#2573= IFCSHAPEREPRESENTATION(#12,'Body','SweptSolid',(#2572));
#2574= IFCPRODUCTDEFINITIONSHAPE($,$,(#2573));
#2575= IFCBEAM('0qZRNmvs9F_87ZtgKARYNP',#300,'main piece','1000*300','1000*300',#2568,#2574,'Hormig\S\sn_B-1/84(?)');
#2576= IFCPROPERTYSINGLEVALUE('IndicationMark',$,IFCIDENTIFIER('Hormig\S\sn_B-1/84(?)'),$);
#2577= IFCPROPERTYSET('0$rDEkhG17_gWKcK5bU$Lz',#5,'AISC_EM11_Pset_PieceIdentification','PieceIdentity',(#2347,#2576,#72,#73));
#2578= IFCLOCALPLACEMENT(#42,#10);
#2579= IFCELEMENTASSEMBLY('3x4ANnFhX32wzs6TxJfeCe',#300,'BEAM',$,$,#2578,$,'B/1455(?)',.NOTDEFINED.,.REINFORCEMENT_UNIT.);
#2580= IFCPROPERTYSINGLEVALUE('AssemblyMark',$,IFCIDENTIFIER('B/1455(?)'),$);
#2581= IFCPROPERTYSET('0YMmZsGiv6Ow3bJur3KERR',#5,'AISC_EM11_Pset_AssemblyIdentification','AssemblyIdentity',(#2580,#52,#53));
#2582= IFCCARTESIANPOINT((76500.,0.,40375.));
#2583= IFCAXIS2PLACEMENT3D(#2582,#9,#8);
#2584= IFCLOCALPLACEMENT(#2578,#2583);
#2585= IFCCARTESIANPOINT((25500.,0.,0.));
#2586= IFCAXIS2PLACEMENT3D(#2585,#88,#56);
#2587= IFCEXTRUDEDAREASOLID(#2541,#2586,#9,25500.);
#2588= IFCSHAPEREPRESENTATION(#12,'Body','SweptSolid',(#2587));
#2589= IFCPRODUCTDEFINITIONSHAPE($,$,(#2588));
#2590= IFCBEAM('1FztL_gTH4yfFw7wEyEaea',#300,'main piece','950*800','950*800',#2584,#2589,'Hormig\S\sn_B-1/66(?)');
#2591= IFCPROPERTYSINGLEVALUE('IndicationMark',$,IFCIDENTIFIER('Hormig\S\sn_B-1/66(?)'),$);
#2592= IFCPROPERTYSET('0obSi45u14pOQtNIGpnGyi',#5,'AISC_EM11_Pset_PieceIdentification','PieceIdentity',(#2347,#2591,#72,#73));
#2593= IFCLOCALPLACEMENT(#42,#10);
#2594= IFCELEMENTASSEMBLY('3R8OEFwhjB$RxJDzVfU_DA',#300,'BEAM',$,$,#2593,$,'B/1455(?)',.NOTDEFINED.,.REINFORCEMENT_UNIT.);
#2595= IFCCARTESIANPOINT((68000.,0.,40375.));
#2596= IFCAXIS2PLACEMENT3D(#2595,#9,#8);
#2597= IFCLOCALPLACEMENT(#2593,#2596);
#2598= IFCSHAPEREPRESENTATION(#12,'Body','SweptSolid',(#2587));
#2599= IFCPRODUCTDEFINITIONSHAPE($,$,(#2598));
#2600= IFCBEAM('3U7gJh7C905vM$qDHMJxnc',#300,'main piece','950*800','950*800',#2597,#2599,'Hormig\S\sn_B-1/66(?)');
#2601= IFCLOCALPLACEMENT(#42,#10);
#2602= IFCELEMENTASSEMBLY('2lcON9QR19ihoNpZCnc0WH',#300,'BEAM',$,$,#2601,$,'B/1455(?)',.NOTDEFINED.,.REINFORCEMENT_UNIT.);
#2603= IFCCARTESIANPOINT((59500.,0.,40375.));
#2604= IFCAXIS2PLACEMENT3D(#2603,#9,#8);
#2605= IFCLOCALPLACEMENT(#2601,#2604);
#2606= IFCSHAPEREPRESENTATION(#12,'Body','SweptSolid',(#2587));
#2607= IFCPRODUCTDEFINITIONSHAPE($,$,(#2606));
#2608= IFCBEAM('3ji0FiKmT3feq0d2Z517mV',#300,'main piece','950*800','950*800',#2605,#2607,'Hormig\S\sn_B-1/66(?)');
#2609= IFCLOCALPLACEMENT(#42,#10);
#2610= IFCELEMENTASSEMBLY('0rOxkZStDAgR1gHYH1gcA3',#300,'BEAM',$,$,#2609,$,'B/1455(?)',.NOTDEFINED.,.REINFORCEMENT_UNIT.);
#2611= IFCCARTESIANPOINT((34000.,0.,40375.));
#2612= IFCAXIS2PLACEMENT3D(#2611,#9,#8);
#2613= IFCLOCALPLACEMENT(#2609,#2612);
#2614= IFCSHAPEREPRESENTATION(#12,'Body','SweptSolid',(#2587));
#2615= IFCPRODUCTDEFINITIONSHAPE($,$,(#2614));
#2616= IFCBEAM('3tOLg7FYbCzwQJQopjpfOS',#300,'main piece','950*800','950*800',#2613,#2615,'Hormig\S\sn_B-1/66(?)');
#2617= IFCLOCALPLACEMENT(#42,#10);
#2618= IFCELEMENTASSEMBLY('1wC13rEyj6Oe_DWlwWBoz2',#300,'BEAM',$,$,#2617,$,'B/1455(?)',.NOTDEFINED.,.REINFORCEMENT_UNIT.);
#2619= IFCCARTESIANPOINT((25500.,0.,40375.));
#2620= IFCAXIS2PLACEMENT3D(#2619,#9,#8);
#2621= IFCLOCALPLACEMENT(#2617,#2620);
#2622= IFCSHAPEREPRESENTATION(#12,'Body','SweptSolid',(#2587));
#2623= IFCPRODUCTDEFINITIONSHAPE($,$,(#2622));
#2624= IFCBEAM('0280v1Iov4cuiPxnNrHVkc',#300,'main piece','950*800','950*800',#2621,#2623,'Hormig\S\sn_B-1/66(?)');
#2625= IFCLOCALPLACEMENT(#42,#10);
#2626= IFCELEMENTASSEMBLY('1h8vzl14fBJPTJFwpKri7_',#169,'BEAM',$,$,#2625,$,'B/1536(?)',.NOTDEFINED.,.REINFORCEMENT_UNIT.);
#2627= IFCPROPERTYSINGLEVALUE('AssemblyMark',$,IFCIDENTIFIER('B/1536(?)'),$);
#2628= IFCPROPERTYSET('0auG0M_Rj4lgujMnJzBPHe',#5,'AISC_EM11_Pset_AssemblyIdentification','AssemblyIdentity',(#2627,#52,#53));
#2629= IFCCARTESIANPOINT((23099.9982575302,24799.9085506453,40375.));
#2630= IFCAXIS2PLACEMENT3D(#2629,#9,#7);
#2631= IFCLOCALPLACEMENT(#2625,#2630);
#2632= IFCEXTRUDEDAREASOLID(#2555,#2571,#9,55800.18);
#2633= IFCSHAPEREPRESENTATION(#12,'Body','SweptSolid',(#2632));
#2634= IFCPRODUCTDEFINITIONSHAPE($,$,(#2633));
#2635= IFCBEAM('2hazkmLhf8Nhx5lTHPxcZv',#169,'main piece','950*600','950*600',#2631,#2634,'Hormig\S\sn_B-1/83(?)');
#2636= IFCPROPERTYSINGLEVALUE('IndicationMark',$,IFCIDENTIFIER('Hormig\S\sn_B-1/83(?)'),$);
#2637= IFCPROPERTYSET('10tNWVvZf4AQwgbOi$uM7u',#5,'AISC_EM11_Pset_PieceIdentification','PieceIdentity',(#2347,#2636,#72,#73));
#2638= IFCLOCALPLACEMENT(#42,#10);
#2639= IFCELEMENTASSEMBLY('3RONHaiR5DaQ6$m6ReBUES',#169,'COLUMN',$,$,#2638,$,'C/33(?)',.NOTDEFINED.,.REINFORCEMENT_UNIT.);
#2640= IFCCARTESIANPOINT((68000.,25500.,36850.));
#2641= IFCAXIS2PLACEMENT3D(#2640,#9,#8);
#2642= IFCLOCALPLACEMENT(#2638,#2641);
#2643= IFCSHAPEREPRESENTATION(#12,'Body','SweptSolid',(#178));
#2644= IFCPRODUCTDEFINITIONSHAPE($,$,(#2643));
#2645= IFCCOLUMN('2nFwXBkHH109C2w2xfOC_a',#169,'main piece','D1400','D1400',#2642,#2644,'Hormig\S\sn_C-1/8(?)');
#2646= IFCLOCALPLACEMENT(#42,#10);
#2647= IFCELEMENTASSEMBLY('2BU9ckJnb8fPLkF3NcuCiT',#169,'COLUMN',$,$,#2646,$,'C/33(?)',.NOTDEFINED.,.REINFORCEMENT_UNIT.);
#2648= IFCCARTESIANPOINT((51000.,25500.,36850.));
#2649= IFCAXIS2PLACEMENT3D(#2648,#9,#8);
#2650= IFCLOCALPLACEMENT(#2646,#2649);
#2651= IFCSHAPEREPRESENTATION(#12,'Body','SweptSolid',(#178));
#2652= IFCPRODUCTDEFINITIONSHAPE($,$,(#2651));
#2653= IFCCOLUMN('3_uAxLpYz20heUb9tD7JVW',#169,'main piece','D1400','D1400',#2650,#2652,'Hormig\S\sn_C-1/8(?)');
#2654= IFCLOCALPLACEMENT(#42,#10);
#2655= IFCELEMENTASSEMBLY('3k7lzGEw19ZxBjVlCfQuWm',#169,'COLUMN',$,$,#2654,$,'C/33(?)',.NOTDEFINED.,.REINFORCEMENT_UNIT.);
#2656= IFCCARTESIANPOINT((68000.,0.,36850.));
#2657= IFCAXIS2PLACEMENT3D(#2656,#9,#8);
#2658= IFCLOCALPLACEMENT(#2654,#2657);
#2659= IFCSHAPEREPRESENTATION(#12,'Body','SweptSolid',(#178));
#2660= IFCPRODUCTDEFINITIONSHAPE($,$,(#2659));
#2661= IFCCOLUMN('2d01uFD9v93BvOGmUMGnEx',#169,'main piece','D1400','D1400',#2658,#2660,'Hormig\S\sn_C-1/8(?)');
#2662= IFCLOCALPLACEMENT(#42,#10);
#2663= IFCELEMENTASSEMBLY('3INl19BcHEM9uIS4xFitbk',#169,'COLUMN',$,$,#2662,$,'C/33(?)',.NOTDEFINED.,.REINFORCEMENT_UNIT.);
#2664= IFCCARTESIANPOINT((51000.,0.,36850.));
#2665= IFCAXIS2PLACEMENT3D(#2664,#9,#8);
#2666= IFCLOCALPLACEMENT(#2662,#2665);
#2667= IFCSHAPEREPRESENTATION(#12,'Body','SweptSolid',(#178));
#2668= IFCPRODUCTDEFINITIONSHAPE($,$,(#2667));
#2669= IFCCOLUMN('3F04laLHXBYe3p8pNosWO6',#169,'main piece','D1400','D1400',#2666,#2668,'Hormig\S\sn_C-1/8(?)');
#2670= IFCLOCALPLACEMENT(#42,#10);
#2671= IFCELEMENTASSEMBLY('0OUS7Y1Kn73gihUbDZCHIP',#169,'COLUMN',$,$,#2670,$,'C/33(?)',.NOTDEFINED.,.REINFORCEMENT_UNIT.);
#2672= IFCCARTESIANPOINT((34000.,0.,36850.));
#2673= IFCAXIS2PLACEMENT3D(#2672,#9,#8);
#2674= IFCLOCALPLACEMENT(#2670,#2673);
#2675= IFCSHAPEREPRESENTATION(#12,'Body','SweptSolid',(#178));
#2676= IFCPRODUCTDEFINITIONSHAPE($,$,(#2675));
#2677= IFCCOLUMN('1Om2SKabHAr9lLYbnC7QGf',#169,'main piece','D1400','D1400',#2674,#2676,'Hormig\S\sn_C-1/8(?)');
#2678= IFCLOCALPLACEMENT(#42,#10);
#2679= IFCELEMENTASSEMBLY('3m1iNepnzA_gSKME2aVazz',#300,'COLUMN',$,$,#2678,$,'C/131(?)',.NOTDEFINED.,.REINFORCEMENT_UNIT.);
#2680= IFCCARTESIANPOINT((29400.1965637207,12750.1247711182,36850.));
#2681= IFCAXIS2PLACEMENT3D(#2680,#9,#56);
#2682= IFCLOCALPLACEMENT(#2678,#2681);
#2683= IFCSHAPEREPRESENTATION(#12,'Body','SweptSolid',(#66));
#2684= IFCPRODUCTDEFINITIONSHAPE($,$,(#2683));
#2685= IFCCOLUMN('0jIMNvg4HELeOTunrtrtDx',#300,'main piece','CUT400*8760','CUT400*8760',#2682,#2684,'Hormig\S\sn_C-1/32(?)');
#2686= IFCLOCALPLACEMENT(#42,#10);
#2687= IFCELEMENTASSEMBLY('24UMKNa$14Lx_fwbtS1WEj',#300,'COLUMN',$,$,#2686,$,'C/120(?)',.NOTDEFINED.,.REINFORCEMENT_UNIT.);
#2688= IFCCARTESIANPOINT((51000.2125854492,8875.15612792969,36850.));
#2689= IFCAXIS2PLACEMENT3D(#2688,#9,#88);
#2690= IFCLOCALPLACEMENT(#2686,#2689);
#2691= IFCSHAPEREPRESENTATION(#12,'Body','SweptSolid',(#92));
#2692= IFCPRODUCTDEFINITIONSHAPE($,$,(#2691));
#2693= IFCCOLUMN('13vqnJv4b18RPUbs4R6AbZ',#300,'main piece','CUT500*7600','CUT500*7600',#2690,#2692,'Hormig\S\sn_C-1/21(?)');
#2694= IFCLOCALPLACEMENT(#42,#10);
#2695= IFCELEMENTASSEMBLY('0YozxFIGv2OPXYRc4Qn_ra',#300,'BEAM',$,$,#2694,$,'B/158(?)',.NOTDEFINED.,.REINFORCEMENT_UNIT.);
#2696= IFCPROPERTYSINGLEVALUE('AssemblyMark',$,IFCIDENTIFIER('B/158(?)'),$);
#2697= IFCPROPERTYSET('34jcdbwz5DRBqWTt7qG1d$',#5,'AISC_EM11_Pset_AssemblyIdentification','AssemblyIdentity',(#2696,#52,#53));
#2698= IFCCARTESIANPOINT((25500.,17048.2898915053,40499.9981994629));
#2699= IFCAXIS2PLACEMENT3D(#2698,#9,#7);
#2700= IFCLOCALPLACEMENT(#2694,#2699);
#2701= IFCRECTANGLEPROFILEDEF(.AREA.,'700*400',#61,400.,700.);
#2702= IFCCARTESIANPOINT((8500.,0.,0.));
#2703= IFCAXIS2PLACEMENT3D(#2702,#88,#56);
#2704= IFCEXTRUDEDAREASOLID(#2701,#2703,#9,8500.);
#2705= IFCSHAPEREPRESENTATION(#12,'Body','SweptSolid',(#2704));
#2706= IFCPRODUCTDEFINITIONSHAPE($,$,(#2705));
#2707= IFCBEAM('0cLAdNwuj8ghIlCHaldjmW',#300,'main piece','700*400','700*400',#2700,#2706,'Hormig\S\sn_B-1/41(?)');
#2708= IFCPROPERTYSINGLEVALUE('IndicationMark',$,IFCIDENTIFIER('Hormig\S\sn_B-1/41(?)'),$);
#2709= IFCPROPERTYSET('3b09n7v5z7QBQThKXvlJdn',#5,'AISC_EM11_Pset_PieceIdentification','PieceIdentity',(#2347,#2708,#72,#73));
#2710= IFCLOCALPLACEMENT(#42,#10);
#2711= IFCELEMENTASSEMBLY('0N1FZizqfCqxzz0jU8puoT',#300,'BEAM',$,$,#2710,$,'B/123(?)',.NOTDEFINED.,.REINFORCEMENT_UNIT.);
#2712= IFCPROPERTYSINGLEVALUE('AssemblyMark',$,IFCIDENTIFIER('B/123(?)'),$);
#2713= IFCPROPERTYSET('2Y_2O1gCL8KxfDEBXnvN__',#5,'AISC_EM11_Pset_AssemblyIdentification','AssemblyIdentity',(#2712,#52,#53));
#2714= IFCCARTESIANPOINT((71926.9643509393,8032.76653958981,40499.9981994629));
#2715= IFCDIRECTION((3.26260000154812E-05,0.999999999467772,0.));
#2716= IFCAXIS2PLACEMENT3D(#2714,#9,#2715);
#2717= IFCLOCALPLACEMENT(#2710,#2716);
#2718= IFCRECTANGLEPROFILEDEF(.AREA.,'700*150',#61,150.,700.);
#2719= IFCCARTESIANPOINT((6079.99229754048,4.11996303605532E-17,-7.27595761418343E-12));
#2720= IFCAXIS2PLACEMENT3D(#2719,#88,#56);
#2721= IFCEXTRUDEDAREASOLID(#2718,#2720,#9,6079.99);
#2722= IFCSHAPEREPRESENTATION(#12,'Body','SweptSolid',(#2721));
#2723= IFCPRODUCTDEFINITIONSHAPE($,$,(#2722));
#2724= IFCBEAM('0mymKce7rBARQb9U7e18o3',#300,'main piece','700*150','700*150',#2717,#2723,'Hormig\S\sn_B-1/6(?)');
#2725= IFCPROPERTYSINGLEVALUE('IndicationMark',$,IFCIDENTIFIER('Hormig\S\sn_B-1/6(?)'),$);
#2726= IFCPROPERTYSET('0dEEi_P0L0QPX2gsrDMhoy',#5,'AISC_EM11_Pset_PieceIdentification','PieceIdentity',(#2347,#2725,#72,#73));
#2727= IFCLOCALPLACEMENT(#42,#10);
#2728= IFCELEMENTASSEMBLY('04Gh8uAGb07wB0qF47ZDO0',#300,'BEAM',$,$,#2727,$,'B/129(?)',.NOTDEFINED.,.REINFORCEMENT_UNIT.);
#2729= IFCPROPERTYSINGLEVALUE('AssemblyMark',$,IFCIDENTIFIER('B/129(?)'),$);
#2730= IFCPROPERTYSET('0LreCr65b97PPoOSq8gZZR',#5,'AISC_EM11_Pset_AssemblyIdentification','AssemblyIdentity',(#2729,#52,#53));
#2731= IFCCARTESIANPOINT((68600.2083168804,14237.756386938,40724.9981994629));
#2732= IFCAXIS2PLACEMENT3D(#2731,#9,#2441);
#2733= IFCLOCALPLACEMENT(#2727,#2732);
#2734= IFCRECTANGLEHOLLOWPROFILEDEF(.AREA.,'[]250*80',#61,250.,250.,80.,45.,125.);
#2735= IFCCARTESIANPOINT((3800.0030517961,0.,7.27595761418343E-12));
#2736= IFCAXIS2PLACEMENT3D(#2735,#88,#56);
#2737= IFCEXTRUDEDAREASOLID(#2734,#2736,#9,3800.);
#2738= IFCSHAPEREPRESENTATION(#12,'Body','SweptSolid',(#2737));
#2739= IFCPRODUCTDEFINITIONSHAPE($,$,(#2738));
#2740= IFCBEAM('1rlDeUApzDJvm6nTQBVORg',#300,'main piece','[]250*80','[]250*80',#2733,#2739,'Hormig\S\sn_B-1/12(?)');
#2741= IFCPROPERTYSINGLEVALUE('IndicationMark',$,IFCIDENTIFIER('Hormig\S\sn_B-1/12(?)'),$);
#2742= IFCPROPERTYSET('3dwD7UN$L1uQonc7UEf8fz',#5,'AISC_EM11_Pset_PieceIdentification','PieceIdentity',(#2347,#2741,#72,#73));
#2743= IFCLOCALPLACEMENT(#42,#10);
#2744= IFCELEMENTASSEMBLY('02Aj8nZSn5j8Ja3o$vnLeA',#300,'BEAM',$,$,#2743,$,'B/127(?)',.NOTDEFINED.,.REINFORCEMENT_UNIT.);
#2745= IFCPROPERTYSINGLEVALUE('AssemblyMark',$,IFCIDENTIFIER('B/127(?)'),$);
#2746= IFCPROPERTYSET('1MLUKKZAv2C8rEa6SNx3Ge',#5,'AISC_EM11_Pset_AssemblyIdentification','AssemblyIdentity',(#2745,#52,#53));
#2747= IFCCARTESIANPOINT((54650.2156842882,8787.72659348545,40499.9981994629));
#2748= IFCDIRECTION((-2.10500000001101E-06,0.999999999997785,0.));
#2749= IFCAXIS2PLACEMENT3D(#2747,#9,#2748);
#2750= IFCLOCALPLACEMENT(#2743,#2749);
#2751= IFCCARTESIANPOINT((7249.98664858711,-6.14097755850707E-18,7.27595761418343E-12));
#2752= IFCAXIS2PLACEMENT3D(#2751,#88,#56);
#2753= IFCEXTRUDEDAREASOLID(#2701,#2752,#9,7249.99);
#2754= IFCSHAPEREPRESENTATION(#12,'Body','SweptSolid',(#2753));
#2755= IFCPRODUCTDEFINITIONSHAPE($,$,(#2754));
#2756= IFCBEAM('3DYxAdMSn0Nuoe4CH8CZjm',#300,'main piece','700*400','700*400',#2750,#2755,'Hormig\S\sn_B-1/10(?)');
#2757= IFCPROPERTYSINGLEVALUE('IndicationMark',$,IFCIDENTIFIER('Hormig\S\sn_B-1/10(?)'),$);
#2758= IFCPROPERTYSET('2tNXi8gDfFawEaU2eKPxRj',#5,'AISC_EM11_Pset_PieceIdentification','PieceIdentity',(#2347,#2757,#72,#73));
#2759= IFCLOCALPLACEMENT(#42,#10);
#2760= IFCELEMENTASSEMBLY('2h_FknOD1ACxiVbtfFr2zT',#300,'BEAM',$,$,#2759,$,'B/123(?)',.NOTDEFINED.,.REINFORCEMENT_UNIT.);
#2761= IFCCARTESIANPOINT((30075.2073029503,8032.69029577643,40499.9981994629));
#2762= IFCDIRECTION((-1.75679999970251E-05,0.999999999845683,0.));
#2763= IFCAXIS2PLACEMENT3D(#2761,#9,#2762);
#2764= IFCLOCALPLACEMENT(#2759,#2763);
#2765= IFCCARTESIANPOINT((6080.00386312966,0.,0.));
#2766= IFCAXIS2PLACEMENT3D(#2765,#88,#56);
#2767= IFCEXTRUDEDAREASOLID(#2718,#2766,#9,6080.);
#2768= IFCSHAPEREPRESENTATION(#12,'Body','SweptSolid',(#2767));
#2769= IFCPRODUCTDEFINITIONSHAPE($,$,(#2768));
#2770= IFCBEAM('0q18T9SfzEmgtyHUXifJ2a',#300,'main piece','700*150','700*150',#2764,#2769,'Hormig\S\sn_B-1/6(?)');
#2771= IFCLOCALPLACEMENT(#42,#10);
#2772= IFCELEMENTASSEMBLY('0kvye8UEvCY9gCIkvRV94m',#300,'BEAM',$,$,#2771,$,'B/122(?)',.NOTDEFINED.,.REINFORCEMENT_UNIT.);
#2773= IFCPROPERTYSINGLEVALUE('AssemblyMark',$,IFCIDENTIFIER('B/122(?)'),$);
#2774= IFCPROPERTYSET('3hEbakgprCSvTrJK80L$72',#5,'AISC_EM11_Pset_AssemblyIdentification','AssemblyIdentity',(#2773,#52,#53));
#2775= IFCCARTESIANPOINT((30425.2019623642,14362.6858150384,40499.9981994629));
#2776= IFCAXIS2PLACEMENT3D(#2775,#9,#8);
#2777= IFCLOCALPLACEMENT(#2771,#2776);
#2778= IFCCARTESIANPOINT((2430.00030517578,0.,0.));
#2779= IFCAXIS2PLACEMENT3D(#2778,#88,#56);
#2780= IFCEXTRUDEDAREASOLID(#2718,#2779,#9,2430.);
#2781= IFCSHAPEREPRESENTATION(#12,'Body','SweptSolid',(#2780));
#2782= IFCPRODUCTDEFINITIONSHAPE($,$,(#2781));
#2783= IFCBEAM('0DVQbXvlDA58Z1JqxkYHP0',#300,'main piece','700*150','700*150',#2777,#2782,'Hormig\S\sn_B-1/5(?)');
#2784= IFCPROPERTYSINGLEVALUE('IndicationMark',$,IFCIDENTIFIER('Hormig\S\sn_B-1/5(?)'),$);
#2785= IFCPROPERTYSET('2NQDUrGNj3ifE4SEz8H270',#5,'AISC_EM11_Pset_PieceIdentification','PieceIdentity',(#2347,#2784,#72,#73));
#2786= IFCLOCALPLACEMENT(#42,#10);
#2787= IFCELEMENTASSEMBLY('138h6ZGbz1fAKRHuKgnP$U',#300,'BEAM',$,$,#2786,$,'B/121(?)',.NOTDEFINED.,.REINFORCEMENT_UNIT.);
#2788= IFCPROPERTYSINGLEVALUE('AssemblyMark',$,IFCIDENTIFIER('B/121(?)'),$);
#2789= IFCPROPERTYSET('10_e80wmX0l80TYf0QdvUi',#5,'AISC_EM11_Pset_AssemblyIdentification','AssemblyIdentity',(#2788,#52,#53));
#2790= IFCCARTESIANPOINT((29600.2064471825,14237.6858150577,40499.9981994629));
#2791= IFCDIRECTION((0.999999999845683,1.75679999974242E-05,0.));
#2792= IFCAXIS2PLACEMENT3D(#2790,#9,#2791);
#2793= IFCLOCALPLACEMENT(#2786,#2792);
#2794= IFCRECTANGLEPROFILEDEF(.AREA.,'700*250',#61,250.,700.);
#2795= IFCCARTESIANPOINT((3800.01068176181,1.81900227848285E-12,-7.27595761418343E-12));
#2796= IFCAXIS2PLACEMENT3D(#2795,#88,#56);
#2797= IFCEXTRUDEDAREASOLID(#2794,#2796,#9,3800.01);
#2798= IFCSHAPEREPRESENTATION(#12,'Body','SweptSolid',(#2797));
#2799= IFCPRODUCTDEFINITIONSHAPE($,$,(#2798));
#2800= IFCBEAM('0QdQ6ixCf0lglfSaN4yPqQ',#300,'main piece','700*250','700*250',#2793,#2799,'Hormig\S\sn_B-1/4(?)');
#2801= IFCPROPERTYSINGLEVALUE('IndicationMark',$,IFCIDENTIFIER('Hormig\S\sn_B-1/4(?)'),$);
#2802= IFCPROPERTYSET('0IuDf9QBf9jB$p$346O1Id',#5,'AISC_EM11_Pset_PieceIdentification','PieceIdentity',(#2347,#2801,#72,#73));
#2803= IFCLOCALPLACEMENT(#42,#10);
#2804= IFCELEMENTASSEMBLY('0uL$jk9gLD0RXc4OsAXx3q',#300,'BEAM',$,$,#2803,$,'B/155(?)',.NOTDEFINED.,.REINFORCEMENT_UNIT.);
#2805= IFCPROPERTYSINGLEVALUE('AssemblyMark',$,IFCIDENTIFIER('B/155(?)'),$);
#2806= IFCPROPERTYSET('27BMIpcOv1zwMWiqz1aCsJ',#5,'AISC_EM11_Pset_AssemblyIdentification','AssemblyIdentity',(#2805,#52,#53));
#2807= IFCCARTESIANPOINT((47202.5593985052,16340.8247980428,40374.9981994629));
#2808= IFCDIRECTION((0.99999999519947,-9.79850000194277E-05,0.));
#2809= IFCAXIS2PLACEMENT3D(#2807,#9,#2808);
#2810= IFCLOCALPLACEMENT(#2803,#2809);
#2811= IFCCARTESIANPOINT((7650.00156258001,0.,-7.27595761418343E-12));
#2812= IFCAXIS2PLACEMENT3D(#2811,#88,#56);
#2813= IFCEXTRUDEDAREASOLID(#2555,#2812,#9,7650.);
#2814= IFCSHAPEREPRESENTATION(#12,'Body','SweptSolid',(#2813));
#2815= IFCPRODUCTDEFINITIONSHAPE($,$,(#2814));
#2816= IFCBEAM('1_5R5TeuXF9OAYxpzKROPN',#300,'main piece','950*600','950*600',#2810,#2815,'Hormig\S\sn_B-1/38(?)');
#2817= IFCPROPERTYSINGLEVALUE('IndicationMark',$,IFCIDENTIFIER('Hormig\S\sn_B-1/38(?)'),$);
#2818= IFCPROPERTYSET('3WqwNcFCLChgc$WJKXjLKE',#5,'AISC_EM11_Pset_PieceIdentification','PieceIdentity',(#2347,#2817,#72,#73));
#2819= IFCLOCALPLACEMENT(#42,#10);
#2820= IFCELEMENTASSEMBLY('0RMfXtmEz8Z8NTQtNj5Jo1',#300,'BEAM',$,$,#2819,$,'B/151(?)',.NOTDEFINED.,.REINFORCEMENT_UNIT.);
#2821= IFCPROPERTYSINGLEVALUE('AssemblyMark',$,IFCIDENTIFIER('B/151(?)'),$);
#2822= IFCPROPERTYSET('3s7PU9bCH2OA691b4IAr7_',#5,'AISC_EM11_Pset_AssemblyIdentification','AssemblyIdentity',(#2821,#52,#53));
#2823= IFCCARTESIANPOINT((47218.4743246648,8488.27060987473,40374.9981994629));
#2824= IFCAXIS2PLACEMENT3D(#2823,#9,#7);
#2825= IFCLOCALPLACEMENT(#2819,#2824);
#2826= IFCCARTESIANPOINT((7581.73826078439,0.,0.));
#2827= IFCAXIS2PLACEMENT3D(#2826,#88,#56);
#2828= IFCEXTRUDEDAREASOLID(#2555,#2827,#9,7581.74);
#2829= IFCSHAPEREPRESENTATION(#12,'Body','SweptSolid',(#2828));
#2830= IFCPRODUCTDEFINITIONSHAPE($,$,(#2829));
#2831= IFCBEAM('0$JX2fTnvEHgsNfzhJZTCx',#300,'main piece','950*600','950*600',#2825,#2830,'Hormig\S\sn_B-1/34(?)');
#2832= IFCPROPERTYSINGLEVALUE('IndicationMark',$,IFCIDENTIFIER('Hormig\S\sn_B-1/34(?)'),$);
#2833= IFCPROPERTYSET('3O7XWAmUPEcg7oZlpjSlMD',#5,'AISC_EM11_Pset_PieceIdentification','PieceIdentity',(#2347,#2832,#72,#73));
#2834= IFCLOCALPLACEMENT(#42,#10);
#2835= IFCELEMENTASSEMBLY('0GYUkIlY1DtPUjzQlK2Jb3',#169,'BEAM',$,$,#2834,$,'B/163(?)',.NOTDEFINED.,.REINFORCEMENT_UNIT.);
#2836= IFCPROPERTYSINGLEVALUE('AssemblyMark',$,IFCIDENTIFIER('B/163(?)'),$);
#2837= IFCPROPERTYSET('0snCNguLn31OebPJzoteiS',#5,'AISC_EM11_Pset_AssemblyIdentification','AssemblyIdentity',(#2836,#52,#53));
#2838= IFCCARTESIANPOINT((23100.0035864472,700.196560288874,40375.));
#2839= IFCAXIS2PLACEMENT3D(#2838,#9,#7);
#2840= IFCLOCALPLACEMENT(#2834,#2839);
#2841= IFCCARTESIANPOINT((55796.6632843018,0.,0.));
#2842= IFCAXIS2PLACEMENT3D(#2841,#88,#56);
#2843= IFCEXTRUDEDAREASOLID(#2555,#2842,#9,55796.66);
#2844= IFCSHAPEREPRESENTATION(#12,'Body','SweptSolid',(#2843));
#2845= IFCPRODUCTDEFINITIONSHAPE($,$,(#2844));
#2846= IFCBEAM('2F3ANzXTP8T8xi4f7qtPtS',#169,'main piece','950*600','950*600',#2840,#2845,'Hormig\S\sn_B-1/46(?)');
#2847= IFCPROPERTYSINGLEVALUE('IndicationMark',$,IFCIDENTIFIER('Hormig\S\sn_B-1/46(?)'),$);
#2848= IFCPROPERTYSET('3TXMFjSqbDb98Ls6YaZ1Ut',#5,'AISC_EM11_Pset_PieceIdentification','PieceIdentity',(#2347,#2847,#72,#73));
#2849= IFCLOCALPLACEMENT(#42,#10);
#2850= IFCELEMENTASSEMBLY('3DxuCG3BzDf8uyOnNfl5gk',#300,'BEAM',$,$,#2849,$,'B/158(?)',.NOTDEFINED.,.REINFORCEMENT_UNIT.);
#2851= IFCCARTESIANPOINT((25500.,17385.7317439434,40500.));
#2852= IFCAXIS2PLACEMENT3D(#2851,#9,#7);
#2853= IFCLOCALPLACEMENT(#2849,#2852);
#2854= IFCSHAPEREPRESENTATION(#12,'Body','SweptSolid',(#2704));
#2855= IFCPRODUCTDEFINITIONSHAPE($,$,(#2854));
#2856= IFCBEAM('2OSx5Uby5CN8u01wS$PkCg',#300,'main piece','700*400','700*400',#2853,#2855,'Hormig\S\sn_B-1/41(?)');
#2857= IFCLOCALPLACEMENT(#42,#10);
#2858= IFCELEMENTASSEMBLY('3JK$spgzvAM8JXKvRoIiOU',#300,'BEAM',$,$,#2857,$,'B/122(?)',.NOTDEFINED.,.REINFORCEMENT_UNIT.);
#2859= IFCCARTESIANPOINT((30425.2019623642,14700.1276674764,40500.));
#2860= IFCAXIS2PLACEMENT3D(#2859,#9,#8);
#2861= IFCLOCALPLACEMENT(#2857,#2860);
#2862= IFCSHAPEREPRESENTATION(#12,'Body','SweptSolid',(#2780));
#2863= IFCPRODUCTDEFINITIONSHAPE($,$,(#2862));
#2864= IFCBEAM('0U0yud1nHAfOyf2H3Lfv0B',#300,'main piece','700*150','700*150',#2861,#2863,'Hormig\S\sn_B-1/5(?)');
#2865= IFCLOCALPLACEMENT(#42,#10);
#2866= IFCELEMENTASSEMBLY('27WcO48V902eHaKFbJldk9',#300,'BEAM',$,$,#2865,$,'B/121(?)',.NOTDEFINED.,.REINFORCEMENT_UNIT.);
#2867= IFCCARTESIANPOINT((29600.2064471825,14575.1276674957,40500.));
#2868= IFCAXIS2PLACEMENT3D(#2867,#9,#2791);
#2869= IFCLOCALPLACEMENT(#2865,#2868);
#2870= IFCSHAPEREPRESENTATION(#12,'Body','SweptSolid',(#2797));
#2871= IFCPRODUCTDEFINITIONSHAPE($,$,(#2870));
#2872= IFCBEAM('2xe$0lN_591xofcx4joLLy',#300,'main piece','700*250','700*250',#2869,#2871,'Hormig\S\sn_B-1/4(?)');
#2873= IFCLOCALPLACEMENT(#42,#10);
#2874= IFCELEMENTASSEMBLY('0a67tOa8vCFQLOS21ptaXp',#300,'BEAM',$,$,#2873,$,'B/973(?)',.NOTDEFINED.,.REINFORCEMENT_UNIT.);
#2875= IFCCARTESIANPOINT((34193.9662759485,17632.3378362684,40375.));
#2876= IFCDIRECTION((0.998368350170778,-0.0571019910097677,0.));
#2877= IFCAXIS2PLACEMENT3D(#2875,#9,#2876);
#2878= IFCLOCALPLACEMENT(#2873,#2877);
#2879= IFCCARTESIANPOINT((13221.5737411863,-9.17430974327776E-14,0.));
#2880= IFCAXIS2PLACEMENT3D(#2879,#88,#56);
#2881= IFCEXTRUDEDAREASOLID(#2340,#2880,#9,13221.57);
#2882= IFCSHAPEREPRESENTATION(#12,'Body','SweptSolid',(#2881));
#2883= IFCPRODUCTDEFINITIONSHAPE($,$,(#2882));
#2884= IFCBEAM('3kf8qq2Mr8$9K$8xm1xBRV',#300,'main piece','950*1000','950*1000',#2878,#2883,'Hormig\S\sn_B-1/50(?)');
#2885= IFCLOCALPLACEMENT(#42,#10);
#2886= IFCELEMENTASSEMBLY('0YXY80VavDDBILsYwe4Gkm',#169,'COLUMN',$,$,#2885,$,'C/138(?)',.NOTDEFINED.,.REINFORCEMENT_UNIT.);
#2887= IFCCARTESIANPOINT((76500.,25500.,36850.));
#2888= IFCAXIS2PLACEMENT3D(#2887,#9,#8);
#2889= IFCLOCALPLACEMENT(#2885,#2888);
#2890= IFCSHAPEREPRESENTATION(#12,'Body','SweptSolid',(#178));
#2891= IFCPRODUCTDEFINITIONSHAPE($,$,(#2890));
#2892= IFCCOLUMN('0dRCEbe5j3E9l8ev72s06E',#169,'main piece','D1400','D1400',#2889,#2891,'Hormig\S\sn_C-1/37(?)');
#2893= IFCLOCALPLACEMENT(#42,#10);
#2894= IFCELEMENTASSEMBLY('1S3oTO5bLE9Po$Z27mt3dG',#169,'COLUMN',$,$,#2893,$,'C/138(?)',.NOTDEFINED.,.REINFORCEMENT_UNIT.);
#2895= IFCCARTESIANPOINT((59500.,25500.,36850.));
#2896= IFCAXIS2PLACEMENT3D(#2895,#9,#8);
#2897= IFCLOCALPLACEMENT(#2893,#2896);
#2898= IFCSHAPEREPRESENTATION(#12,'Body','SweptSolid',(#178));
#2899= IFCPRODUCTDEFINITIONSHAPE($,$,(#2898));
#2900= IFCCOLUMN('1W4yZPuUD5qgGwhDnetJLA',#169,'main piece','D1400','D1400',#2897,#2899,'Hormig\S\sn_C-1/37(?)');
#2901= IFCLOCALPLACEMENT(#42,#10);
#2902= IFCELEMENTASSEMBLY('1mCSlGW99BsQVbjDVOZtnG',#169,'COLUMN',$,$,#2901,$,'C/138(?)',.NOTDEFINED.,.REINFORCEMENT_UNIT.);
#2903= IFCCARTESIANPOINT((42500.,25500.,36850.));
#2904= IFCAXIS2PLACEMENT3D(#2903,#9,#8);
#2905= IFCLOCALPLACEMENT(#2901,#2904);
#2906= IFCSHAPEREPRESENTATION(#12,'Body','SweptSolid',(#178));
#2907= IFCPRODUCTDEFINITIONSHAPE($,$,(#2906));
#2908= IFCCOLUMN('0bSZuTEUvFkvnrtt7Xx8eE',#169,'main piece','D1400','D1400',#2905,#2907,'Hormig\S\sn_C-1/37(?)');
#2909= IFCLOCALPLACEMENT(#42,#10);
#2910= IFCELEMENTASSEMBLY('092Rh1xZ9DghUIQDqxE57s',#169,'COLUMN',$,$,#2909,$,'C/138(?)',.NOTDEFINED.,.REINFORCEMENT_UNIT.);
#2911= IFCCARTESIANPOINT((25500.,25500.,36850.));
#2912= IFCAXIS2PLACEMENT3D(#2911,#9,#8);
#2913= IFCLOCALPLACEMENT(#2909,#2912);
#2914= IFCSHAPEREPRESENTATION(#12,'Body','SweptSolid',(#178));
#2915= IFCPRODUCTDEFINITIONSHAPE($,$,(#2914));
#2916= IFCCOLUMN('35SUmbabT0ifto0JtgsUk6',#169,'main piece','D1400','D1400',#2913,#2915,'Hormig\S\sn_C-1/37(?)');
#2917= IFCLOCALPLACEMENT(#42,#10);
#2918= IFCELEMENTASSEMBLY('3F7t0z5r160AX5gJz3WP5t',#169,'COLUMN',$,$,#2917,$,'C/138(?)',.NOTDEFINED.,.REINFORCEMENT_UNIT.);
#2919= IFCCARTESIANPOINT((76500.,0.,36850.));
#2920= IFCAXIS2PLACEMENT3D(#2919,#9,#8);
#2921= IFCLOCALPLACEMENT(#2917,#2920);
#2922= IFCSHAPEREPRESENTATION(#12,'Body','SweptSolid',(#178));
#2923= IFCPRODUCTDEFINITIONSHAPE($,$,(#2922));
#2924= IFCCOLUMN('0F4$Eb7UHE5wAnjdFr0zrd',#169,'main piece','D1400','D1400',#2921,#2923,'Hormig\S\sn_C-1/37(?)');
#2925= IFCLOCALPLACEMENT(#42,#10);
#2926= IFCELEMENTASSEMBLY('1FCr_7ZOb9aQTSyiHnlcII',#169,'COLUMN',$,$,#2925,$,'C/138(?)',.NOTDEFINED.,.REINFORCEMENT_UNIT.);
#2927= IFCCARTESIANPOINT((59500.,0.,36850.));
#2928= IFCAXIS2PLACEMENT3D(#2927,#9,#8);
#2929= IFCLOCALPLACEMENT(#2925,#2928);
#2930= IFCSHAPEREPRESENTATION(#12,'Body','SweptSolid',(#178));
#2931= IFCPRODUCTDEFINITIONSHAPE($,$,(#2930));
#2932= IFCCOLUMN('3P_4Jm6sfDTfRQgAON4cAy',#169,'main piece','D1400','D1400',#2929,#2931,'Hormig\S\sn_C-1/37(?)');
#2933= IFCLOCALPLACEMENT(#42,#10);
#2934= IFCELEMENTASSEMBLY('2Q_VpAtoD7XBaOAndNETEi',#169,'COLUMN',$,$,#2933,$,'C/138(?)',.NOTDEFINED.,.REINFORCEMENT_UNIT.);
#2935= IFCCARTESIANPOINT((42500.,0.,36850.));
#2936= IFCAXIS2PLACEMENT3D(#2935,#9,#8);
#2937= IFCLOCALPLACEMENT(#2933,#2936);
#2938= IFCSHAPEREPRESENTATION(#12,'Body','SweptSolid',(#178));
#2939= IFCPRODUCTDEFINITIONSHAPE($,$,(#2938));
#2940= IFCCOLUMN('1RqmBQ4K98LxMacwVe6hlm',#169,'main piece','D1400','D1400',#2937,#2939,'Hormig\S\sn_C-1/37(?)');
#2941= IFCLOCALPLACEMENT(#42,#10);
#2942= IFCELEMENTASSEMBLY('3n7eRn3WDDqRK1hT4HvSQs',#169,'COLUMN',$,$,#2941,$,'C/138(?)',.NOTDEFINED.,.REINFORCEMENT_UNIT.);
#2943= IFCCARTESIANPOINT((25500.,0.,36850.));
#2944= IFCAXIS2PLACEMENT3D(#2943,#9,#8);
#2945= IFCLOCALPLACEMENT(#2941,#2944);
#2946= IFCSHAPEREPRESENTATION(#12,'Body','SweptSolid',(#178));
#2947= IFCPRODUCTDEFINITIONSHAPE($,$,(#2946));
#2948= IFCCOLUMN('0usDYl7rPBkBRTaC9en3Cw',#169,'main piece','D1400','D1400',#2945,#2947,'Hormig\S\sn_C-1/37(?)');
#2949= IFCOWNERHISTORY(#3,#4,$,.NOCHANGE.,$,$,$,1778875200);
#2950= IFCLOCALPLACEMENT(#42,#10);
#2951= IFCELEMENTASSEMBLY('1qHgfjVJTAhw1dmR6tWsZn',#2949,'COLUMN',$,$,#2950,$,'C/131',.NOTDEFINED.,.REINFORCEMENT_UNIT.);
#2952= IFCPROPERTYSINGLEVALUE('AssemblyMark',$,IFCIDENTIFIER('C/131'),$);
#2953= IFCPROPERTYSET('1raK4rSY13Ug5qv3HRy5I8',#5,'AISC_EM11_Pset_AssemblyIdentification','AssemblyIdentity',(#2952,#52,#53));
#2954= IFCCARTESIANPOINT((72600.249206543,12750.2065582275,36850.));
#2955= IFCAXIS2PLACEMENT3D(#2954,#9,#56);
#2956= IFCLOCALPLACEMENT(#2950,#2955);
#2957= IFCSHAPEREPRESENTATION(#12,'Body','SweptSolid',(#105));
#2958= IFCPRODUCTDEFINITIONSHAPE($,$,(#2957));
#2959= IFCCOLUMN('1j1SpeIgTBMPNqkyP_9WsM',#2949,'main piece','CUT400*8760','CUT400*8760',#2956,#2958,'Hormig\S\sn_C-1/32');
#2960= IFCPROPERTYSINGLEVALUE('IndicationMark',$,IFCIDENTIFIER('Hormig\S\sn_C-1/32'),$);
#2961= IFCPROPERTYSET('1RVyyw6pnFFu$BvybPnQ$$',#5,'AISC_EM11_Pset_PieceIdentification','PieceIdentity',(#70,#2960,#72,#73));
#2962= IFCLOCALPLACEMENT(#42,#10);
#2963= IFCELEMENTASSEMBLY('3E5Mt5lnjCBeIKFQvRSNCL',#2949,'COLUMN',$,$,#2962,$,'C/125',.NOTDEFINED.,.REINFORCEMENT_UNIT.);
#2964= IFCPROPERTYSINGLEVALUE('AssemblyMark',$,IFCIDENTIFIER('C/125'),$);
#2965= IFCPROPERTYSET('31QgJ0mOb62ee6Cz3SerO4',#5,'AISC_EM11_Pset_AssemblyIdentification','AssemblyIdentity',(#2964,#52,#53));
#2966= IFCCARTESIANPOINT((51000.2011413574,12750.1685256958,36850.));
#2967= IFCAXIS2PLACEMENT3D(#2966,#9,#56);
#2968= IFCLOCALPLACEMENT(#2962,#2967);
#2969= IFCSHAPEREPRESENTATION(#12,'Body','SweptSolid',(#117));
#2970= IFCPRODUCTDEFINITIONSHAPE($,$,(#2969));
#2971= IFCCOLUMN('2PIU8hn8L4SRmiC2zVJUAo',#2949,'main piece','CUT400*7250','CUT400*7250',#2968,#2970,'Hormig\S\sn_C-1/26');
#2972= IFCPROPERTYSINGLEVALUE('IndicationMark',$,IFCIDENTIFIER('Hormig\S\sn_C-1/26'),$);
#2973= IFCPROPERTYSET('1HuleM8oHCf8lR065N$fS9',#5,'AISC_EM11_Pset_PieceIdentification','PieceIdentity',(#70,#2972,#72,#73));
#2974= IFCLOCALPLACEMENT(#42,#10);
#2975= IFCELEMENTASSEMBLY('2RDEEat_9FI9JcwWCSIyZl',#2949,'COLUMN',$,$,#2974,$,'C/114',.NOTDEFINED.,.REINFORCEMENT_UNIT.);
#2976= IFCPROPERTYSINGLEVALUE('AssemblyMark',$,IFCIDENTIFIER('C/114'),$);
#2977= IFCPROPERTYSET('1Aqiv5Jl59VATXgIvNS5o6',#5,'AISC_EM11_Pset_AssemblyIdentification','AssemblyIdentity',(#2976,#52,#53));
#2978= IFCCARTESIANPOINT((72249.9847412109,17380.1324005127,36850.));
#2979= IFCAXIS2PLACEMENT3D(#2978,#9,#88);
#2980= IFCLOCALPLACEMENT(#2974,#2979);
#2981= IFCSHAPEREPRESENTATION(#12,'Body','SweptSolid',(#131));
#2982= IFCPRODUCTDEFINITIONSHAPE($,$,(#2981));
#2983= IFCCOLUMN('1GT46B3Yr3fvWw5RqGKBto',#2949,'main piece','CUT500*8500','CUT500*8500',#2980,#2982,'Hormig\S\sn_C-1/15');
#2984= IFCPROPERTYSINGLEVALUE('IndicationMark',$,IFCIDENTIFIER('Hormig\S\sn_C-1/15'),$);
#2985= IFCPROPERTYSET('0jLFpi5qH1qAO5s$wKsyLU',#5,'AISC_EM11_Pset_PieceIdentification','PieceIdentity',(#70,#2984,#72,#73));
#2986= IFCLOCALPLACEMENT(#42,#10);
#2987= IFCELEMENTASSEMBLY('1g6ak8vGTCxvG4JeF9JKWC',#2949,'COLUMN',$,$,#2986,$,'C/125',.NOTDEFINED.,.REINFORCEMENT_UNIT.);
#2988= IFCCARTESIANPOINT((51000.1973266602,16625.1561279297,36850.));
#2989= IFCAXIS2PLACEMENT3D(#2988,#9,#88);
#2990= IFCLOCALPLACEMENT(#2986,#2989);
#2991= IFCSHAPEREPRESENTATION(#12,'Body','SweptSolid',(#117));
#2992= IFCPRODUCTDEFINITIONSHAPE($,$,(#2991));
#2993= IFCCOLUMN('0RK4WkCY5AbOtJwvl6M4VX',#2949,'main piece','CUT400*7250','CUT400*7250',#2990,#2992,'Hormig\S\sn_C-1/26');
#2994= IFCLOCALPLACEMENT(#42,#10);
#2995= IFCELEMENTASSEMBLY('2OczbZ7lL73ewLTOcOx6ph',#2949,'COLUMN',$,$,#2994,$,'C/114',.NOTDEFINED.,.REINFORCEMENT_UNIT.);
#2996= IFCCARTESIANPOINT((29750.1980895996,17380.1324005127,36850.));
#2997= IFCAXIS2PLACEMENT3D(#2996,#9,#88);
#2998= IFCLOCALPLACEMENT(#2994,#2997);
#2999= IFCSHAPEREPRESENTATION(#12,'Body','SweptSolid',(#131));
#3000= IFCPRODUCTDEFINITIONSHAPE($,$,(#2999));
#3001= IFCCOLUMN('212m6NjR19jh2G$OzAs_n8',#2949,'main piece','CUT500*8500','CUT500*8500',#2998,#3000,'Hormig\S\sn_C-1/15');
#3002= IFCLOCALPLACEMENT(#42,#10);
#3003= IFCELEMENTASSEMBLY('2mLar4Lw94xRChl_CqMu2B',#2949,'COLUMN',$,$,#3002,$,'C/114',.NOTDEFINED.,.REINFORCEMENT_UNIT.);
#3004= IFCCARTESIANPOINT((72250.,8120.13312530518,36850.));
#3005= IFCAXIS2PLACEMENT3D(#3004,#9,#88);
#3006= IFCLOCALPLACEMENT(#3002,#3005);
#3007= IFCSHAPEREPRESENTATION(#12,'Body','SweptSolid',(#131));
#3008= IFCPRODUCTDEFINITIONSHAPE($,$,(#3007));
#3009= IFCCOLUMN('3D65W4huPElgkDn70L4KLv',#2949,'main piece','CUT500*8500','CUT500*8500',#3006,#3008,'Hormig\S\sn_C-1/15');
#3010= IFCLOCALPLACEMENT(#42,#10);
#3011= IFCELEMENTASSEMBLY('3KC80tQVjBYevzImOhCIQv',#2949,'COLUMN',$,$,#3010,$,'C/114',.NOTDEFINED.,.REINFORCEMENT_UNIT.);
#3012= IFCCARTESIANPOINT((29750.2133483887,8120.13312530518,36850.));
#3013= IFCAXIS2PLACEMENT3D(#3012,#9,#88);
#3014= IFCLOCALPLACEMENT(#3010,#3013);
#3015= IFCSHAPEREPRESENTATION(#12,'Body','SweptSolid',(#131));
#3016= IFCPRODUCTDEFINITIONSHAPE($,$,(#3015));
#3017= IFCCOLUMN('3uyqj64WHDgADZRXKfn2UM',#2949,'main piece','CUT500*8500','CUT500*8500',#3014,#3016,'Hormig\S\sn_C-1/15');
#3018= IFCOWNERHISTORY(#3,#4,$,.NOCHANGE.,$,$,$,1764180000);
#3019= IFCLOCALPLACEMENT(#42,#10);
#3020= IFCELEMENTASSEMBLY('0DLTDZs5T8YREIQ35dOKo8',#3018,'BEAM',$,$,#3019,$,'B/924',.NOTDEFINED.,.RIGID_FRAME.);
#3021= IFCPROPERTYSINGLEVALUE('AssemblyMark',$,IFCIDENTIFIER('B/924'),$);
#3022= IFCPROPERTYSET('1ZH3BA4DPB0APMJOFuF2h3',#5,'AISC_EM11_Pset_AssemblyIdentification','AssemblyIdentity',(#3021,#52,#53));
#3023= IFCCARTESIANPOINT((86063.2969970703,-1710.50453569072,40770.));
#3024= IFCAXIS2PLACEMENT3D(#3023,#63,#8);
#3025= IFCLOCALPLACEMENT(#3019,#3024);
#3026= IFCUSHAPEPROFILEDEF(.AREA.,'UPN160',#61,160.,65.,7.5,10.5,10.5,5.5,$,$);
#3027= IFCCARTESIANPOINT((28924.008846283,0.,0.));
#3028= IFCAXIS2PLACEMENT3D(#3027,#88,#56);
#3029= IFCEXTRUDEDAREASOLID(#3026,#3028,#9,28924.01);
#3030= IFCSHAPEREPRESENTATION(#12,'Body','SweptSolid',(#3029));
#3031= IFCPRODUCTDEFINITIONSHAPE($,$,(#3030));
#3032= IFCBEAM('19YzzwLYD83e96HkRN1Jdv',#3018,'main piece','UPN160','UPN160',#3025,#3031,'b/820');
#3033= IFCPROPERTYSINGLEVALUE('IndicationMark',$,IFCIDENTIFIER('b/820'),$);
#3034= IFCPROPERTYSET('3XgouYvWP0axzK2BKzGh5Q',#5,'AISC_EM11_Pset_PieceIdentification','PieceIdentity',(#2347,#3033,#72,#73));
#3035= IFCLOCALPLACEMENT(#42,#10);
#3036= IFCELEMENTASSEMBLY('0WvA5cnYz8Uxgs2uKDTxUC',#3018,'BEAM',$,$,#3035,$,'B/888',.NOTDEFINED.,.RIGID_FRAME.);
#3037= IFCPROPERTYSINGLEVALUE('AssemblyMark',$,IFCIDENTIFIER('B/888'),$);
#3038= IFCPROPERTYSET('1cCi68mxjBZPjE$6d888sM',#5,'AISC_EM11_Pset_AssemblyIdentification','AssemblyIdentity',(#3037,#52,#53));
#3039= IFCCARTESIANPOINT((15901.7006988525,-1745.50438310283,40770.));
#3040= IFCAXIS2PLACEMENT3D(#3039,#63,#7);
#3041= IFCLOCALPLACEMENT(#3035,#3040);
#3042= IFCCARTESIANPOINT((70196.5999603271,0.,0.));
#3043= IFCAXIS2PLACEMENT3D(#3042,#88,#56);
#3044= IFCEXTRUDEDAREASOLID(#3026,#3043,#9,70196.6);
#3045= IFCSHAPEREPRESENTATION(#12,'Body','SweptSolid',(#3044));
#3046= IFCPRODUCTDEFINITIONSHAPE($,$,(#3045));
#3047= IFCBEAM('3MlOqQLR11Lu88k$qUwihn',#3018,'main piece','UPN160','UPN160',#3041,#3046,'b/783');
#3048= IFCPROPERTYSINGLEVALUE('IndicationMark',$,IFCIDENTIFIER('b/783'),$);
#3049= IFCPROPERTYSET('24P$vhiXXDPvkO9x7Hjwr8',#5,'AISC_EM11_Pset_PieceIdentification','PieceIdentity',(#2347,#3048,#72,#73));
#3050= IFCLOCALPLACEMENT(#42,#10);
#3051= IFCELEMENTASSEMBLY('3FoXLcwrnFUBrEtxujVMBo',#3018,'BEAM',$,$,#3050,$,'B/923',.NOTDEFINED.,.RIGID_FRAME.);
#3052= IFCPROPERTYSINGLEVALUE('AssemblyMark',$,IFCIDENTIFIER('B/923'),$);
#3053= IFCPROPERTYSET('1toenyhTT9BO_Vj8Q40mQx',#5,'AISC_EM11_Pset_AssemblyIdentification','AssemblyIdentity',(#3052,#52,#53));
#3054= IFCCARTESIANPOINT((15936.7005462646,27210.5059585415,40770.));
#3055= IFCAXIS2PLACEMENT3D(#3054,#63,#56);
#3056= IFCLOCALPLACEMENT(#3050,#3055);
#3057= IFCCARTESIANPOINT((28921.0104942322,0.,0.));
#3058= IFCAXIS2PLACEMENT3D(#3057,#88,#56);
#3059= IFCEXTRUDEDAREASOLID(#3026,#3058,#9,28921.01);
#3060= IFCSHAPEREPRESENTATION(#12,'Body','SweptSolid',(#3059));
#3061= IFCPRODUCTDEFINITIONSHAPE($,$,(#3060));
#3062= IFCBEAM('1iMRECiKzEte1wcEQejhts',#3018,'main piece','UPN160','UPN160',#3056,#3061,'b/819');
#3063= IFCPROPERTYSINGLEVALUE('IndicationMark',$,IFCIDENTIFIER('b/819'),$);
#3064= IFCPROPERTYSET('019o7j7uv7tBqfNGrxMajS',#5,'AISC_EM11_Pset_PieceIdentification','PieceIdentity',(#2347,#3063,#72,#73));
#3065= IFCLOCALPLACEMENT(#42,#10);
#3066= IFCELEMENTASSEMBLY('26yhCPENb6lenokV9DAwM6',#3018,'BEAM',$,$,#3065,$,'B/929',.NOTDEFINED.,.RIGID_FRAME.);
#3067= IFCPROPERTYSINGLEVALUE('AssemblyMark',$,IFCIDENTIFIER('B/929'),$);
#3068= IFCPROPERTYSET('1lkU3t2rnCpOrd06J7J$q7',#5,'AISC_EM11_Pset_AssemblyIdentification','AssemblyIdentity',(#3067,#52,#53));
#3069= IFCCARTESIANPOINT((83639.9991149902,398.250057352005,40770.));
#3070= IFCAXIS2PLACEMENT3D(#3069,#9,#56);
#3071= IFCLOCALPLACEMENT(#3065,#3070);
#3072= IFCISHAPEPROFILEDEF(.AREA.,'IPE160',#61,82.,160.,5.,7.400000095,9.);
#3073= IFCCARTESIANPOINT((2160.95491042553,0.,0.));
#3074= IFCAXIS2PLACEMENT3D(#3073,#88,#56);
#3075= IFCEXTRUDEDAREASOLID(#3072,#3074,#9,2160.95);
#3076= IFCSHAPEREPRESENTATION(#12,'Body','SweptSolid',(#3075));
#3077= IFCPRODUCTDEFINITIONSHAPE($,$,(#3076));
#3078= IFCBEAM('2K$Ia2aGHE9RfqUZp1iD98',#3018,'main piece','IPE160','IPE160',#3071,#3077,'b/825');
#3079= IFCPROPERTYSINGLEVALUE('IndicationMark',$,IFCIDENTIFIER('b/825'),$);
#3080= IFCPROPERTYSET('3Bgj_cc7r0tPiyOZHh5UHr',#5,'AISC_EM11_Pset_PieceIdentification','PieceIdentity',(#2347,#3079,#72,#73));
#3081= IFCLOCALPLACEMENT(#42,#10);
#3082= IFCELEMENTASSEMBLY('3VPLcw8BH5lv$Llls1JnbQ',#3018,'BEAM',$,$,#3081,$,'B/928',.NOTDEFINED.,.RIGID_FRAME.);
#3083= IFCPROPERTYSINGLEVALUE('AssemblyMark',$,IFCIDENTIFIER('B/928'),$);
#3084= IFCPROPERTYSET('1NpBynXM55HB8eVC2elCzH',#5,'AISC_EM11_Pset_AssemblyIdentification','AssemblyIdentity',(#3083,#52,#53));
#3085= IFCCARTESIANPOINT((81219.9971313477,398.250057352005,40770.));
#3086= IFCAXIS2PLACEMENT3D(#3085,#9,#56);
#3087= IFCLOCALPLACEMENT(#3081,#3086);
#3088= IFCCARTESIANPOINT((2093.75520339428,0.,0.));
#3089= IFCAXIS2PLACEMENT3D(#3088,#88,#56);
#3090= IFCEXTRUDEDAREASOLID(#3072,#3089,#9,2093.76);
#3091= IFCSHAPEREPRESENTATION(#12,'Body','SweptSolid',(#3090));
#3092= IFCPRODUCTDEFINITIONSHAPE($,$,(#3091));
#3093= IFCBEAM('0ENRZwKfL7oeIvCOqWw$5T',#3018,'main piece','IPE160','IPE160',#3087,#3092,'b/824');
#3094= IFCPROPERTYSINGLEVALUE('IndicationMark',$,IFCIDENTIFIER('b/824'),$);
#3095= IFCPROPERTYSET('0j9VaEepLBIfz0jSCiH4lQ',#5,'AISC_EM11_Pset_PieceIdentification','PieceIdentity',(#2347,#3094,#72,#73));
#3096= IFCLOCALPLACEMENT(#42,#10);
#3097= IFCELEMENTASSEMBLY('1PcuwyaPv6ovMgVGW2Tcf9',#3018,'BEAM',$,$,#3096,$,'B/920',.NOTDEFINED.,.RIGID_FRAME.);
#3098= IFCPROPERTYSINGLEVALUE('AssemblyMark',$,IFCIDENTIFIER('B/920'),$);
#3099= IFCPROPERTYSET('0P5L51C1zAE8BVSwHFwq1H',#5,'AISC_EM11_Pset_AssemblyIdentification','AssemblyIdentity',(#3098,#52,#53));
#3100= IFCCARTESIANPOINT((78799.9989624023,-1095.45326615947,40770.));
#3101= IFCAXIS2PLACEMENT3D(#3100,#9,#56);
#3102= IFCLOCALPLACEMENT(#3096,#3101);
#3103= IFCCARTESIANPOINT((600.051879882813,0.,0.));
#3104= IFCAXIS2PLACEMENT3D(#3103,#88,#56);
#3105= IFCEXTRUDEDAREASOLID(#3072,#3104,#9,600.05);
#3106= IFCSHAPEREPRESENTATION(#12,'Body','SweptSolid',(#3105));
#3107= IFCPRODUCTDEFINITIONSHAPE($,$,(#3106));
#3108= IFCBEAM('1GcE5yKEf9hPlqmyeTjP7p',#3018,'main piece','IPE160','IPE160',#3102,#3107,'b/816');
#3109= IFCPROPERTYSINGLEVALUE('IndicationMark',$,IFCIDENTIFIER('b/816'),$);
#3110= IFCPROPERTYSET('37O2z52yfFAAVdYtpVCBlh',#5,'AISC_EM11_Pset_PieceIdentification','PieceIdentity',(#2347,#3109,#72,#73));
#3111= IFCLOCALPLACEMENT(#42,#10);
#3112= IFCELEMENTASSEMBLY('0TlJG6FFv96AaydZQ_CNR2',#3018,'BEAM',$,$,#3111,$,'B/920',.NOTDEFINED.,.RIGID_FRAME.);
#3113= IFCCARTESIANPOINT((76500.0035400391,-1095.74127580302,40770.));
#3114= IFCAXIS2PLACEMENT3D(#3113,#9,#56);
#3115= IFCLOCALPLACEMENT(#3111,#3114);
#3116= IFCCARTESIANPOINT((599.763870239258,0.,0.));
#3117= IFCAXIS2PLACEMENT3D(#3116,#88,#56);
#3118= IFCEXTRUDEDAREASOLID(#3072,#3117,#9,599.76);
#3119= IFCSHAPEREPRESENTATION(#12,'Body','SweptSolid',(#3118));
#3120= IFCPRODUCTDEFINITIONSHAPE($,$,(#3119));
#3121= IFCBEAM('363_AIb0L4fQPuwSNtn$Db',#3018,'main piece','IPE160','IPE160',#3115,#3120,'b/816');
#3122= IFCLOCALPLACEMENT(#42,#10);
#3123= IFCELEMENTASSEMBLY('1HsjB1JGf0rhkDmRZ5LenD',#3018,'BEAM',$,$,#3122,$,'B/920',.NOTDEFINED.,.RIGID_FRAME.);
#3124= IFCCARTESIANPOINT((74375.0035400391,-1095.69549943583,40770.));
#3125= IFCAXIS2PLACEMENT3D(#3124,#9,#56);
#3126= IFCLOCALPLACEMENT(#3122,#3125);
#3127= IFCCARTESIANPOINT((599.809646606445,0.,0.));
#3128= IFCAXIS2PLACEMENT3D(#3127,#88,#56);
#3129= IFCEXTRUDEDAREASOLID(#3072,#3128,#9,599.81);
#3130= IFCSHAPEREPRESENTATION(#12,'Body','SweptSolid',(#3129));
#3131= IFCPRODUCTDEFINITIONSHAPE($,$,(#3130));
#3132= IFCBEAM('06JiEdYPv9$PWvSJyX75Vz',#3018,'main piece','IPE160','IPE160',#3126,#3131,'b/816');
#3133= IFCLOCALPLACEMENT(#42,#10);
#3134= IFCELEMENTASSEMBLY('0xANiCYDLEsQrUNHZeqQhd',#3018,'BEAM',$,$,#3133,$,'B/920',.NOTDEFINED.,.RIGID_FRAME.);
#3135= IFCCARTESIANPOINT((72250.0035400391,-1095.6993141331,40770.));
#3136= IFCAXIS2PLACEMENT3D(#3135,#9,#56);
#3137= IFCLOCALPLACEMENT(#3133,#3136);
#3138= IFCCARTESIANPOINT((599.80583190918,0.,0.));
#3139= IFCAXIS2PLACEMENT3D(#3138,#88,#56);
#3140= IFCEXTRUDEDAREASOLID(#3072,#3139,#9,599.81);
#3141= IFCSHAPEREPRESENTATION(#12,'Body','SweptSolid',(#3140));
#3142= IFCPRODUCTDEFINITIONSHAPE($,$,(#3141));
#3143= IFCBEAM('1GIkVBTB13RQJet0oWam5T',#3018,'main piece','IPE160','IPE160',#3137,#3142,'b/816');
#3144= IFCLOCALPLACEMENT(#42,#10);
#3145= IFCELEMENTASSEMBLY('2Jvj1hfSn9KPeORLRImjxF',#3018,'BEAM',$,$,#3144,$,'B/920',.NOTDEFINED.,.RIGID_FRAME.);
#3146= IFCCARTESIANPOINT((70125.0035400391,-1695.50514604228,40770.));
#3147= IFCAXIS2PLACEMENT3D(#3146,#9,#8);
#3148= IFCLOCALPLACEMENT(#3144,#3147);
#3149= IFCCARTESIANPOINT((599.802017211914,0.,0.));
#3150= IFCAXIS2PLACEMENT3D(#3149,#88,#56);
#3151= IFCEXTRUDEDAREASOLID(#3072,#3150,#9,599.8);
#3152= IFCSHAPEREPRESENTATION(#12,'Body','SweptSolid',(#3151));
#3153= IFCPRODUCTDEFINITIONSHAPE($,$,(#3152));
#3154= IFCBEAM('0JZLxJLDv1mQcbGpha4n38',#3018,'main piece','IPE160','IPE160',#3148,#3153,'b/816');
#3155= IFCLOCALPLACEMENT(#42,#10);
#3156= IFCELEMENTASSEMBLY('3FwErXLVX7QfiKTgipXcBn',#3018,'BEAM',$,$,#3155,$,'B/920',.NOTDEFINED.,.RIGID_FRAME.);
#3157= IFCCARTESIANPOINT((68000.,-1095.89863206523,40770.));
#3158= IFCAXIS2PLACEMENT3D(#3157,#9,#56);
#3159= IFCLOCALPLACEMENT(#3155,#3158);
#3160= IFCCARTESIANPOINT((599.606513977051,0.,0.));
#3161= IFCAXIS2PLACEMENT3D(#3160,#88,#56);
#3162= IFCEXTRUDEDAREASOLID(#3072,#3161,#9,599.61);
#3163= IFCSHAPEREPRESENTATION(#12,'Body','SweptSolid',(#3162));
#3164= IFCPRODUCTDEFINITIONSHAPE($,$,(#3163));
#3165= IFCBEAM('3u34UyOGHBqPyzhMNLPNxW',#3018,'main piece','IPE160','IPE160',#3159,#3164,'b/816');
#3166= IFCLOCALPLACEMENT(#42,#10);
#3167= IFCELEMENTASSEMBLY('0s4bNE2bDAwRzfylZmhHoI',#3018,'BEAM',$,$,#3166,$,'B/920',.NOTDEFINED.,.RIGID_FRAME.);
#3168= IFCCARTESIANPOINT((65875.0035400391,-1095.7107582249,40770.));
#3169= IFCAXIS2PLACEMENT3D(#3168,#9,#56);
#3170= IFCLOCALPLACEMENT(#3166,#3169);
#3171= IFCCARTESIANPOINT((599.794387817383,0.,0.));
#3172= IFCAXIS2PLACEMENT3D(#3171,#88,#56);
#3173= IFCEXTRUDEDAREASOLID(#3072,#3172,#9,599.79);
#3174= IFCSHAPEREPRESENTATION(#12,'Body','SweptSolid',(#3173));
#3175= IFCPRODUCTDEFINITIONSHAPE($,$,(#3174));
#3176= IFCBEAM('2GPJ1$ipz4_PbWiotHQzvn',#3018,'main piece','IPE160','IPE160',#3170,#3175,'b/816');
#3177= IFCLOCALPLACEMENT(#42,#10);
#3178= IFCELEMENTASSEMBLY('1pEo5siQn2xfr29mhfH9cK',#3018,'BEAM',$,$,#3177,$,'B/920',.NOTDEFINED.,.RIGID_FRAME.);
#3179= IFCCARTESIANPOINT((63749.5228881836,-1095.76225663798,40770.));
#3180= IFCAXIS2PLACEMENT3D(#3179,#9,#56);
#3181= IFCLOCALPLACEMENT(#3177,#3180);
#3182= IFCCARTESIANPOINT((599.742889404297,0.,0.));
#3183= IFCAXIS2PLACEMENT3D(#3182,#88,#56);
#3184= IFCEXTRUDEDAREASOLID(#3072,#3183,#9,599.74);
#3185= IFCSHAPEREPRESENTATION(#12,'Body','SweptSolid',(#3184));
#3186= IFCPRODUCTDEFINITIONSHAPE($,$,(#3185));
#3187= IFCBEAM('1GTiA82XL7Gv2ok7XranPe',#3018,'main piece','IPE160','IPE160',#3181,#3186,'b/816');
#3188= IFCLOCALPLACEMENT(#42,#10);
#3189= IFCELEMENTASSEMBLY('1BJXehGSn8TAcoosaQtyk5',#3018,'BEAM',$,$,#3188,$,'B/920',.NOTDEFINED.,.RIGID_FRAME.);
#3190= IFCCARTESIANPOINT((61625.0035400391,-1095.76607133525,40770.));
#3191= IFCAXIS2PLACEMENT3D(#3190,#9,#56);
#3192= IFCLOCALPLACEMENT(#3188,#3191);
#3193= IFCCARTESIANPOINT((599.739074707031,0.,0.));
#3194= IFCAXIS2PLACEMENT3D(#3193,#88,#56);
#3195= IFCEXTRUDEDAREASOLID(#3072,#3194,#9,599.74);
#3196= IFCSHAPEREPRESENTATION(#12,'Body','SweptSolid',(#3195));
#3197= IFCPRODUCTDEFINITIONSHAPE($,$,(#3196));
#3198= IFCBEAM('3Ob1fb7SL88uQ9y6YK81qn',#3018,'main piece','IPE160','IPE160',#3192,#3197,'b/816');
#3199= IFCLOCALPLACEMENT(#42,#10);
#3200= IFCELEMENTASSEMBLY('2JUq7GyrfDL9kByanDRQri',#3018,'BEAM',$,$,#3199,$,'B/920',.NOTDEFINED.,.RIGID_FRAME.);
#3201= IFCCARTESIANPOINT((59500.,-1095.89863206523,40770.));
#3202= IFCAXIS2PLACEMENT3D(#3201,#9,#56);
#3203= IFCLOCALPLACEMENT(#3199,#3202);
#3204= IFCSHAPEREPRESENTATION(#12,'Body','SweptSolid',(#3162));
#3205= IFCPRODUCTDEFINITIONSHAPE($,$,(#3204));
#3206= IFCBEAM('3xLaOTGgX6m9VfbxZHklIZ',#3018,'main piece','IPE160','IPE160',#3203,#3205,'b/816');
#3207= IFCLOCALPLACEMENT(#42,#10);
#3208= IFCELEMENTASSEMBLY('3cu9Hbmz5DaxNBE7mYyUZt',#3018,'BEAM',$,$,#3207,$,'B/920',.NOTDEFINED.,.RIGID_FRAME.);
#3209= IFCCARTESIANPOINT((57374.9997253418,-1095.77370072978,40770.));
#3210= IFCAXIS2PLACEMENT3D(#3209,#9,#56);
#3211= IFCLOCALPLACEMENT(#3207,#3210);
#3212= IFCCARTESIANPOINT((599.7314453125,0.,0.));
#3213= IFCAXIS2PLACEMENT3D(#3212,#88,#56);
#3214= IFCEXTRUDEDAREASOLID(#3072,#3213,#9,599.73);
#3215= IFCSHAPEREPRESENTATION(#12,'Body','SweptSolid',(#3214));
#3216= IFCPRODUCTDEFINITIONSHAPE($,$,(#3215));
#3217= IFCBEAM('1kJMBVbcD5fx$eIPtqaa_O',#3018,'main piece','IPE160','IPE160',#3211,#3216,'b/816');
#3218= IFCLOCALPLACEMENT(#42,#10);
#3219= IFCELEMENTASSEMBLY('04B56RUPj3Ag2yQxeCqofz',#3018,'BEAM',$,$,#3218,$,'B/920',.NOTDEFINED.,.RIGID_FRAME.);
#3220= IFCCARTESIANPOINT((55249.9997253418,-1095.77751542704,40770.));
#3221= IFCAXIS2PLACEMENT3D(#3220,#9,#56);
#3222= IFCLOCALPLACEMENT(#3218,#3221);
#3223= IFCCARTESIANPOINT((599.727630615234,0.,0.));
#3224= IFCAXIS2PLACEMENT3D(#3223,#88,#56);
#3225= IFCEXTRUDEDAREASOLID(#3072,#3224,#9,599.73);
#3226= IFCSHAPEREPRESENTATION(#12,'Body','SweptSolid',(#3225));
#3227= IFCPRODUCTDEFINITIONSHAPE($,$,(#3226));
#3228= IFCBEAM('0M4WR$O9PFKeYKgCPqq5CR',#3018,'main piece','IPE160','IPE160',#3222,#3227,'b/816');
#3229= IFCLOCALPLACEMENT(#42,#10);
#3230= IFCELEMENTASSEMBLY('3kNavElxPCdO82VpOeBVnV',#3018,'BEAM',$,$,#3229,$,'B/920',.NOTDEFINED.,.RIGID_FRAME.);
#3231= IFCCARTESIANPOINT((53124.9997253418,-1095.73173905986,40770.));
#3232= IFCAXIS2PLACEMENT3D(#3231,#9,#56);
#3233= IFCLOCALPLACEMENT(#3229,#3232);
#3234= IFCCARTESIANPOINT((599.773406982422,0.,0.));
#3235= IFCAXIS2PLACEMENT3D(#3234,#88,#56);
#3236= IFCEXTRUDEDAREASOLID(#3072,#3235,#9,599.77);
#3237= IFCSHAPEREPRESENTATION(#12,'Body','SweptSolid',(#3236));
#3238= IFCPRODUCTDEFINITIONSHAPE($,$,(#3237));
#3239= IFCBEAM('2WCmGhP4j4QhFH4HqqBvA_',#3018,'main piece','IPE160','IPE160',#3233,#3238,'b/816');
#3240= IFCLOCALPLACEMENT(#42,#10);
#3241= IFCELEMENTASSEMBLY('3_Ss8g2Ub0AQ$wuUJKCQVr',#3018,'BEAM',$,$,#3240,$,'B/920',.NOTDEFINED.,.RIGID_FRAME.);
#3242= IFCCARTESIANPOINT((50999.9987716675,-1095.89863206523,40770.));
#3243= IFCDIRECTION((2.04900000182751E-06,-0.999999999997901,0.));
#3244= IFCAXIS2PLACEMENT3D(#3242,#9,#3243);
#3245= IFCLOCALPLACEMENT(#3240,#3244);
#3246= IFCSHAPEREPRESENTATION(#12,'Body','SweptSolid',(#3162));
#3247= IFCPRODUCTDEFINITIONSHAPE($,$,(#3246));
#3248= IFCBEAM('3jIKdzBwr5AA8v6uOeAS6$',#3018,'main piece','IPE160','IPE160',#3245,#3247,'b/816');
#3249= IFCLOCALPLACEMENT(#42,#10);
#3250= IFCELEMENTASSEMBLY('0SkQzN9TXFr8Z1MfCiJJP1',#3018,'BEAM',$,$,#3249,$,'B/920',.NOTDEFINED.,.RIGID_FRAME.);
#3251= IFCCARTESIANPOINT((48874.9997253418,-1695.50514604228,40770.));
#3252= IFCAXIS2PLACEMENT3D(#3251,#9,#8);
#3253= IFCLOCALPLACEMENT(#3249,#3252);
#3254= IFCCARTESIANPOINT((599.765777587891,0.,0.));
#3255= IFCAXIS2PLACEMENT3D(#3254,#88,#56);
#3256= IFCEXTRUDEDAREASOLID(#3072,#3255,#9,599.77);
#3257= IFCSHAPEREPRESENTATION(#12,'Body','SweptSolid',(#3256));
#3258= IFCPRODUCTDEFINITIONSHAPE($,$,(#3257));
#3259= IFCBEAM('2yCMkcF0X9_wwat$W1AKd9',#3018,'main piece','IPE160','IPE160',#3253,#3258,'b/816');
#3260= IFCLOCALPLACEMENT(#42,#10);
#3261= IFCELEMENTASSEMBLY('2REATQ46v53BnMGt5NhGCj',#3018,'BEAM',$,$,#3260,$,'B/920',.NOTDEFINED.,.RIGID_FRAME.);
#3262= IFCCARTESIANPOINT((46749.9997253418,-1095.6878700413,40770.));
#3263= IFCAXIS2PLACEMENT3D(#3262,#9,#56);
#3264= IFCLOCALPLACEMENT(#3260,#3263);
#3265= IFCCARTESIANPOINT((599.817276000977,0.,0.));
#3266= IFCAXIS2PLACEMENT3D(#3265,#88,#56);
#3267= IFCEXTRUDEDAREASOLID(#3072,#3266,#9,599.82);
#3268= IFCSHAPEREPRESENTATION(#12,'Body','SweptSolid',(#3267));
#3269= IFCPRODUCTDEFINITIONSHAPE($,$,(#3268));
#3270= IFCBEAM('2cjbls3kb0RBZV5yju$aPk',#3018,'main piece','IPE160','IPE160',#3264,#3269,'b/816');
#3271= IFCLOCALPLACEMENT(#42,#10);
#3272= IFCELEMENTASSEMBLY('3bpcdOoaH7fvuAKcQNkqwJ',#3018,'BEAM',$,$,#3271,$,'B/920',.NOTDEFINED.,.RIGID_FRAME.);
#3273= IFCCARTESIANPOINT((44624.9997253418,-1695.50514604228,40770.));
#3274= IFCAXIS2PLACEMENT3D(#3273,#9,#8);
#3275= IFCLOCALPLACEMENT(#3271,#3274);
#3276= IFCCARTESIANPOINT((599.758148193359,0.,0.));
#3277= IFCAXIS2PLACEMENT3D(#3276,#88,#56);
#3278= IFCEXTRUDEDAREASOLID(#3072,#3277,#9,599.76);
#3279= IFCSHAPEREPRESENTATION(#12,'Body','SweptSolid',(#3278));
#3280= IFCPRODUCTDEFINITIONSHAPE($,$,(#3279));
#3281= IFCBEAM('3bBouOkdnEJvmifHXZeYKy',#3018,'main piece','IPE160','IPE160',#3275,#3280,'b/816');
#3282= IFCLOCALPLACEMENT(#42,#10);
#3283= IFCELEMENTASSEMBLY('2zJcS9e5PF7Q5djKjh0cIw',#3018,'BEAM',$,$,#3282,$,'B/920',.NOTDEFINED.,.RIGID_FRAME.);
#3284= IFCCARTESIANPOINT((42499.7670288086,-1095.798496262,40770.));
#3285= IFCDIRECTION((0.000388474999827174,-0.999999924543584,0.));
#3286= IFCAXIS2PLACEMENT3D(#3284,#9,#3285);
#3287= IFCLOCALPLACEMENT(#3282,#3286);
#3288= IFCCARTESIANPOINT((599.70669503205,0.,0.));
#3289= IFCAXIS2PLACEMENT3D(#3288,#88,#56);
#3290= IFCEXTRUDEDAREASOLID(#3072,#3289,#9,599.71);
#3291= IFCSHAPEREPRESENTATION(#12,'Body','SweptSolid',(#3290));
#3292= IFCPRODUCTDEFINITIONSHAPE($,$,(#3291));
#3293= IFCBEAM('31V3T0TPb94wzvwUaXPQTe',#3018,'main piece','IPE160','IPE160',#3287,#3292,'b/816');
#3294= IFCLOCALPLACEMENT(#42,#10);
#3295= IFCELEMENTASSEMBLY('2dLu3QvvT76845WeX9guf9',#3018,'BEAM',$,$,#3294,$,'B/920',.NOTDEFINED.,.RIGID_FRAME.);
#3296= IFCCARTESIANPOINT((40374.9997253418,-1695.50514604228,40770.));
#3297= IFCAXIS2PLACEMENT3D(#3296,#9,#8);
#3298= IFCLOCALPLACEMENT(#3294,#3297);
#3299= IFCCARTESIANPOINT((599.702835083008,0.,0.));
#3300= IFCAXIS2PLACEMENT3D(#3299,#88,#56);
#3301= IFCEXTRUDEDAREASOLID(#3072,#3300,#9,599.7);
#3302= IFCSHAPEREPRESENTATION(#12,'Body','SweptSolid',(#3301));
#3303= IFCPRODUCTDEFINITIONSHAPE($,$,(#3302));
#3304= IFCBEAM('1NFePggDbEZx3jnhN4zN91',#3018,'main piece','IPE160','IPE160',#3298,#3303,'b/816');
#3305= IFCLOCALPLACEMENT(#42,#10);
#3306= IFCELEMENTASSEMBLY('053kqLtzTEXx6rvobeQ2gq',#3018,'BEAM',$,$,#3305,$,'B/920',.NOTDEFINED.,.RIGID_FRAME.);
#3307= IFCCARTESIANPOINT((38249.9997253418,-1095.80612565654,40770.));
#3308= IFCAXIS2PLACEMENT3D(#3307,#9,#56);
#3309= IFCLOCALPLACEMENT(#3305,#3308);
#3310= IFCCARTESIANPOINT((599.699020385742,0.,0.));
#3311= IFCAXIS2PLACEMENT3D(#3310,#88,#56);
#3312= IFCEXTRUDEDAREASOLID(#3072,#3311,#9,599.7);
#3313= IFCSHAPEREPRESENTATION(#12,'Body','SweptSolid',(#3312));
#3314= IFCPRODUCTDEFINITIONSHAPE($,$,(#3313));
#3315= IFCBEAM('1NGRXoqSL6mgDVpwprXDIJ',#3018,'main piece','IPE160','IPE160',#3309,#3314,'b/816');
#3316= IFCLOCALPLACEMENT(#42,#10);
#3317= IFCELEMENTASSEMBLY('1OFJ_cGZjDDfzOo1p3esKo',#3018,'BEAM',$,$,#3316,$,'B/920',.NOTDEFINED.,.RIGID_FRAME.);
#3318= IFCCARTESIANPOINT((36124.9997253418,-1695.50514604228,40770.));
#3319= IFCAXIS2PLACEMENT3D(#3318,#9,#8);
#3320= IFCLOCALPLACEMENT(#3316,#3319);
#3321= IFCSHAPEREPRESENTATION(#12,'Body','SweptSolid',(#3225));
#3322= IFCPRODUCTDEFINITIONSHAPE($,$,(#3321));
#3323= IFCBEAM('1iNwggrmD82A2w3As18O4I',#3018,'main piece','IPE160','IPE160',#3320,#3322,'b/816');
#3324= IFCLOCALPLACEMENT(#42,#10);
#3325= IFCELEMENTASSEMBLY('1B0MLbkYbF1wCIVhs42_pa',#3018,'BEAM',$,$,#3324,$,'B/920',.NOTDEFINED.,.RIGID_FRAME.);
#3326= IFCCARTESIANPOINT((33999.7670288086,-1095.76416398661,40770.));
#3327= IFCAXIS2PLACEMENT3D(#3326,#9,#3285);
#3328= IFCLOCALPLACEMENT(#3324,#3327);
#3329= IFCCARTESIANPOINT((599.741027304968,0.,0.));
#3330= IFCAXIS2PLACEMENT3D(#3329,#88,#56);
#3331= IFCEXTRUDEDAREASOLID(#3072,#3330,#9,599.74);
#3332= IFCSHAPEREPRESENTATION(#12,'Body','SweptSolid',(#3331));
#3333= IFCPRODUCTDEFINITIONSHAPE($,$,(#3332));
#3334= IFCBEAM('0wht3y69LEO9KY43$Bm9w1',#3018,'main piece','IPE160','IPE160',#3328,#3333,'b/816');
#3335= IFCLOCALPLACEMENT(#42,#10);
#3336= IFCELEMENTASSEMBLY('1Rb3fI1nnBZ9oeqRIdS$Ud',#3018,'BEAM',$,$,#3335,$,'B/920',.NOTDEFINED.,.RIGID_FRAME.);
#3337= IFCCARTESIANPOINT((31874.9997253418,-1695.50514604228,40770.));
#3338= IFCAXIS2PLACEMENT3D(#3337,#9,#8);
#3339= IFCLOCALPLACEMENT(#3335,#3338);
#3340= IFCCARTESIANPOINT((599.687576293945,0.,0.));
#3341= IFCAXIS2PLACEMENT3D(#3340,#88,#56);
#3342= IFCEXTRUDEDAREASOLID(#3072,#3341,#9,599.69);
#3343= IFCSHAPEREPRESENTATION(#12,'Body','SweptSolid',(#3342));
#3344= IFCPRODUCTDEFINITIONSHAPE($,$,(#3343));
#3345= IFCBEAM('2u4OuXwdr6mwfP7L70X2w8',#3018,'main piece','IPE160','IPE160',#3339,#3344,'b/816');
#3346= IFCLOCALPLACEMENT(#42,#10);
#3347= IFCELEMENTASSEMBLY('2FWAYGVIf9vAj$a7lF9mcu',#3018,'BEAM',$,$,#3346,$,'B/920',.NOTDEFINED.,.RIGID_FRAME.);
#3348= IFCCARTESIANPOINT((29749.9997253418,-1095.77179338115,40770.));
#3349= IFCAXIS2PLACEMENT3D(#3348,#9,#56);
#3350= IFCLOCALPLACEMENT(#3346,#3349);
#3351= IFCCARTESIANPOINT((599.733352661133,0.,0.));
#3352= IFCAXIS2PLACEMENT3D(#3351,#88,#56);
#3353= IFCEXTRUDEDAREASOLID(#3072,#3352,#9,599.73);
#3354= IFCSHAPEREPRESENTATION(#12,'Body','SweptSolid',(#3353));
#3355= IFCPRODUCTDEFINITIONSHAPE($,$,(#3354));
#3356= IFCBEAM('2mOXVALOTEjuaYsirzLq4D',#3018,'main piece','IPE160','IPE160',#3350,#3355,'b/816');
#3357= IFCLOCALPLACEMENT(#42,#10);
#3358= IFCELEMENTASSEMBLY('3JsxAe5RPAMx6uG8$6Fbr9',#3018,'BEAM',$,$,#3357,$,'B/920',.NOTDEFINED.,.RIGID_FRAME.);
#3359= IFCCARTESIANPOINT((27624.9997253418,-1695.50514604228,40770.));
#3360= IFCAXIS2PLACEMENT3D(#3359,#9,#8);
#3361= IFCLOCALPLACEMENT(#3357,#3360);
#3362= IFCCARTESIANPOINT((599.679946899414,0.,0.));
#3363= IFCAXIS2PLACEMENT3D(#3362,#88,#56);
#3364= IFCEXTRUDEDAREASOLID(#3072,#3363,#9,599.68);
#3365= IFCSHAPEREPRESENTATION(#12,'Body','SweptSolid',(#3364));
#3366= IFCPRODUCTDEFINITIONSHAPE($,$,(#3365));
#3367= IFCBEAM('364gHhQMX07OarTuCgB_FI',#3018,'main piece','IPE160','IPE160',#3361,#3366,'b/816');
#3368= IFCLOCALPLACEMENT(#42,#10);
#3369= IFCELEMENTASSEMBLY('0$XOCf6Q1EMQxyVMqu5nmP',#3018,'BEAM',$,$,#3368,$,'B/920',.NOTDEFINED.,.RIGID_FRAME.);
#3370= IFCCARTESIANPOINT((25499.9997253418,-1095.82901384013,40770.));
#3371= IFCAXIS2PLACEMENT3D(#3370,#9,#56);
#3372= IFCLOCALPLACEMENT(#3368,#3371);
#3373= IFCCARTESIANPOINT((599.676132202148,0.,0.));
#3374= IFCAXIS2PLACEMENT3D(#3373,#88,#56);
#3375= IFCEXTRUDEDAREASOLID(#3072,#3374,#9,599.68);
#3376= IFCSHAPEREPRESENTATION(#12,'Body','SweptSolid',(#3375));
#3377= IFCPRODUCTDEFINITIONSHAPE($,$,(#3376));
#3378= IFCBEAM('3DP8kenH1FffpjtxAGgbBj',#3018,'main piece','IPE160','IPE160',#3372,#3377,'b/816');
#3379= IFCLOCALPLACEMENT(#42,#10);
#3380= IFCELEMENTASSEMBLY('09rVvtlfb1dfnhBZqUHWbG',#3018,'BEAM',$,$,#3379,$,'B/920',.NOTDEFINED.,.RIGID_FRAME.);
#3381= IFCCARTESIANPOINT((23200.0004882813,-1695.50514604228,40770.));
#3382= IFCAXIS2PLACEMENT3D(#3381,#9,#8);
#3383= IFCLOCALPLACEMENT(#3379,#3382);
#3384= IFCCARTESIANPOINT((599.721908569336,0.,0.));
#3385= IFCAXIS2PLACEMENT3D(#3384,#88,#56);
#3386= IFCEXTRUDEDAREASOLID(#3072,#3385,#9,599.72);
#3387= IFCSHAPEREPRESENTATION(#12,'Body','SweptSolid',(#3386));
#3388= IFCPRODUCTDEFINITIONSHAPE($,$,(#3387));
#3389= IFCBEAM('1MZ79wo5bDM8PmadIDGz2w',#3018,'main piece','IPE160','IPE160',#3383,#3388,'b/816');
#3390= IFCLOCALPLACEMENT(#42,#10);
#3391= IFCELEMENTASSEMBLY('2tFeNCRPrESxhh2YtsrQUq',#3018,'BEAM',$,$,#3390,$,'B/928',.NOTDEFINED.,.RIGID_FRAME.);
#3392= IFCCARTESIANPOINT((20780.0004119873,398.250057352005,40770.));
#3393= IFCAXIS2PLACEMENT3D(#3392,#9,#56);
#3394= IFCLOCALPLACEMENT(#3390,#3393);
#3395= IFCSHAPEREPRESENTATION(#12,'Body','SweptSolid',(#3090));
#3396= IFCPRODUCTDEFINITIONSHAPE($,$,(#3395));
#3397= IFCBEAM('3GxHOq8qD0HB0K1qVC4yVA',#3018,'main piece','IPE160','IPE160',#3394,#3396,'b/824');
#3398= IFCLOCALPLACEMENT(#42,#10);
#3399= IFCELEMENTASSEMBLY('0_BgYJViL5Pu5hEuOMpCTP',#3018,'BEAM',$,$,#3398,$,'B/928',.NOTDEFINED.,.RIGID_FRAME.);
#3400= IFCCARTESIANPOINT((18360.0003356934,-1695.45269395488,40770.));
#3401= IFCDIRECTION((0.00119431099977422,0.999999286810364,0.));
#3402= IFCAXIS2PLACEMENT3D(#3400,#9,#3401);
#3403= IFCLOCALPLACEMENT(#3398,#3402);
#3404= IFCCARTESIANPOINT((2093.70424451469,0.,-7.27595761418343E-12));
#3405= IFCAXIS2PLACEMENT3D(#3404,#88,#56);
#3406= IFCEXTRUDEDAREASOLID(#3072,#3405,#9,2093.7);
#3407= IFCSHAPEREPRESENTATION(#12,'Body','SweptSolid',(#3406));
#3408= IFCPRODUCTDEFINITIONSHAPE($,$,(#3407));
#3409= IFCBEAM('035EzgVn93FQE1sOME3DFb',#3018,'main piece','IPE160','IPE160',#3403,#3408,'b/824');
#3410= IFCLOCALPLACEMENT(#42,#10);
#3411= IFCELEMENTASSEMBLY('3DveYLTzT7SAGAFxuQJkK3',#3018,'BEAM',$,$,#3410,$,'B/918',.NOTDEFINED.,.RIGID_FRAME.);
#3412= IFCPROPERTYSINGLEVALUE('AssemblyMark',$,IFCIDENTIFIER('B/918'),$);
#3413= IFCPROPERTYSET('3kYDgeoFf98Algto4Cot$s',#5,'AISC_EM11_Pset_AssemblyIdentification','AssemblyIdentity',(#3412,#52,#53));
#3414= IFCCARTESIANPOINT((17000.,0.,40750.));
#3415= IFCDIRECTION((-0.520367804992494,-0.853942238987681,0.));
#3416= IFCAXIS2PLACEMENT3D(#3414,#9,#3415);
#3417= IFCLOCALPLACEMENT(#3410,#3416);
#3418= IFCISHAPEPROFILEDEF(.AREA.,'IPE200',#61,100.,200.,5.599999905,8.5,12.);
#3419= IFCCARTESIANPOINT((1990.20469147722,1.10478553609751E-13,-7.27595761418343E-12));
#3420= IFCAXIS2PLACEMENT3D(#3419,#88,#56);
#3421= IFCEXTRUDEDAREASOLID(#3418,#3420,#9,1990.2);
#3422= IFCSHAPEREPRESENTATION(#12,'Body','SweptSolid',(#3421));
#3423= IFCPRODUCTDEFINITIONSHAPE($,$,(#3422));
#3424= IFCBEAM('1Pj0yqj1f2AeLXFMGu1zZa',#3018,'main piece','IPE200','IPE200',#3417,#3423,'b/814');
#3425= IFCPROPERTYSINGLEVALUE('IndicationMark',$,IFCIDENTIFIER('b/814'),$);
#3426= IFCPROPERTYSET('31pMtGngL8FOn5O47mitgz',#5,'AISC_EM11_Pset_PieceIdentification','PieceIdentity',(#2347,#3425,#72,#73));
#3427= IFCLOCALPLACEMENT(#42,#10);
#3428= IFCELEMENTASSEMBLY('1cIQUAQeT4dPF1lkFQnUCH',#3018,'BEAM',$,$,#3427,$,'B/915',.NOTDEFINED.,.RIGID_FRAME.);
#3429= IFCPROPERTYSINGLEVALUE('AssemblyMark',$,IFCIDENTIFIER('B/915'),$);
#3430= IFCPROPERTYSET('1_zDK2q0n1lBGaK92JYj9M',#5,'AISC_EM11_Pset_AssemblyIdentification','AssemblyIdentity',(#3429,#52,#53));
#3431= IFCCARTESIANPOINT((16774.9993438721,-3.83036422135774E-06,40750.));
#3432= IFCAXIS2PLACEMENT3D(#3431,#9,#88);
#3433= IFCLOCALPLACEMENT(#3427,#3432);
#3434= IFCCARTESIANPOINT((788.299560546875,0.,0.));
#3435= IFCAXIS2PLACEMENT3D(#3434,#88,#56);
#3436= IFCEXTRUDEDAREASOLID(#3418,#3435,#9,788.3);
#3437= IFCSHAPEREPRESENTATION(#12,'Body','SweptSolid',(#3436));
#3438= IFCPRODUCTDEFINITIONSHAPE($,$,(#3437));
#3439= IFCBEAM('0f7K5KDxP3fBnMTU2s_t_8',#3018,'main piece','IPE200','IPE200',#3433,#3438,'b/811');
#3440= IFCPROPERTYSINGLEVALUE('IndicationMark',$,IFCIDENTIFIER('b/811'),$);
#3441= IFCPROPERTYSET('0TdHlQdln9igbcaHmBBD5Z',#5,'AISC_EM11_Pset_PieceIdentification','PieceIdentity',(#2347,#3440,#72,#73));
#3442= IFCLOCALPLACEMENT(#42,#10);
#3443= IFCELEMENTASSEMBLY('1LlsFuifnDJhKXgrgAWN0T',#3018,'BEAM',$,$,#3442,$,'B/914',.NOTDEFINED.,.RIGID_FRAME.);
#3444= IFCPROPERTYSINGLEVALUE('AssemblyMark',$,IFCIDENTIFIER('B/914'),$);
#3445= IFCPROPERTYSET('2aow1yUhz5RB9YAVL1uoX$',#5,'AISC_EM11_Pset_AssemblyIdentification','AssemblyIdentity',(#3444,#52,#53));
#3446= IFCCARTESIANPOINT((16823.6004943848,2030.63010786397,40750.));
#3447= IFCAXIS2PLACEMENT3D(#3446,#9,#88);
#3448= IFCLOCALPLACEMENT(#3442,#3447);
#3449= IFCCARTESIANPOINT((836.90071105957,0.,0.));
#3450= IFCAXIS2PLACEMENT3D(#3449,#88,#56);
#3451= IFCEXTRUDEDAREASOLID(#3418,#3450,#9,836.9);
#3452= IFCSHAPEREPRESENTATION(#12,'Body','SweptSolid',(#3451));
#3453= IFCPRODUCTDEFINITIONSHAPE($,$,(#3452));
#3454= IFCBEAM('1QjM1uAvD2wBK9JOTFQznl',#3018,'main piece','IPE200','IPE200',#3448,#3453,'b/810');
#3455= IFCPROPERTYSINGLEVALUE('IndicationMark',$,IFCIDENTIFIER('b/810'),$);
#3456= IFCPROPERTYSET('00LL08RjD8PghRy6g4GuSf',#5,'AISC_EM11_Pset_PieceIdentification','PieceIdentity',(#2347,#3455,#72,#73));
#3457= IFCLOCALPLACEMENT(#42,#10);
#3458= IFCELEMENTASSEMBLY('2Nhn7wTwH5x8pXYVO7_btZ',#3018,'BEAM',$,$,#3457,$,'B/896',.NOTDEFINED.,.RIGID_FRAME.);
#3459= IFCPROPERTYSINGLEVALUE('AssemblyMark',$,IFCIDENTIFIER('B/896'),$);
#3460= IFCPROPERTYSET('0dJQbvNjf0tQRC$D9p$TNZ',#5,'AISC_EM11_Pset_AssemblyIdentification','AssemblyIdentity',(#3459,#52,#53));
#3461= IFCCARTESIANPOINT((16824.9985809326,4060.30988310201,40750.));
#3462= IFCDIRECTION((-0.999999359353449,0.00113194200039995,0.));
#3463= IFCAXIS2PLACEMENT3D(#3461,#9,#3462);
#3464= IFCLOCALPLACEMENT(#3457,#3463);
#3465= IFCCARTESIANPOINT((838.299334661061,0.,0.));
#3466= IFCAXIS2PLACEMENT3D(#3465,#88,#56);
#3467= IFCEXTRUDEDAREASOLID(#3418,#3466,#9,838.3);
#3468= IFCSHAPEREPRESENTATION(#12,'Body','SweptSolid',(#3467));
#3469= IFCPRODUCTDEFINITIONSHAPE($,$,(#3468));
#3470= IFCBEAM('1a85dAQhf7GwUHjGcWt00i',#3018,'main piece','IPE200','IPE200',#3464,#3469,'b/791');
#3471= IFCPROPERTYSINGLEVALUE('IndicationMark',$,IFCIDENTIFIER('b/791'),$);
#3472= IFCPROPERTYSET('2D027sAjfFyfO$bf$XxXl5',#5,'AISC_EM11_Pset_PieceIdentification','PieceIdentity',(#2347,#3471,#72,#73));
#3473= IFCLOCALPLACEMENT(#42,#10);
#3474= IFCELEMENTASSEMBLY('0CBeRttwv87e_3RlOWFUqp',#3018,'BEAM',$,$,#3473,$,'B/896',.NOTDEFINED.,.RIGID_FRAME.);
#3475= IFCCARTESIANPOINT((16824.9508972168,6091.88890074117,40750.));
#3476= IFCAXIS2PLACEMENT3D(#3475,#9,#88);
#3477= IFCLOCALPLACEMENT(#3473,#3476);
#3478= IFCCARTESIANPOINT((838.251113891602,0.,0.));
#3479= IFCAXIS2PLACEMENT3D(#3478,#88,#56);
#3480= IFCEXTRUDEDAREASOLID(#3418,#3479,#9,838.25);
#3481= IFCSHAPEREPRESENTATION(#12,'Body','SweptSolid',(#3480));
#3482= IFCPRODUCTDEFINITIONSHAPE($,$,(#3481));
#3483= IFCBEAM('02c96WVlv6$g6ylqKbLqrw',#3018,'main piece','IPE200','IPE200',#3477,#3482,'b/791');
#3484= IFCLOCALPLACEMENT(#42,#10);
#3485= IFCELEMENTASSEMBLY('0jr1RcZAL0dPAJfPF4aY1v',#3018,'BEAM',$,$,#3484,$,'B/897',.NOTDEFINED.,.RIGID_FRAME.);
#3486= IFCPROPERTYSINGLEVALUE('AssemblyMark',$,IFCIDENTIFIER('B/897'),$);
#3487= IFCPROPERTYSET('1t0zFitOrEXw0ne0aTgtiT',#5,'AISC_EM11_Pset_AssemblyIdentification','AssemblyIdentity',(#3486,#52,#53));
#3488= IFCCARTESIANPOINT((15986.6997833252,8122.5190124355,40750.));
#3489= IFCAXIS2PLACEMENT3D(#3488,#9,#7);
#3490= IFCLOCALPLACEMENT(#3484,#3489);
#3491= IFCCARTESIANPOINT((840.499877929688,0.,0.));
#3492= IFCAXIS2PLACEMENT3D(#3491,#88,#56);
#3493= IFCEXTRUDEDAREASOLID(#3418,#3492,#9,840.5);
#3494= IFCSHAPEREPRESENTATION(#12,'Body','SweptSolid',(#3493));
#3495= IFCPRODUCTDEFINITIONSHAPE($,$,(#3494));
#3496= IFCBEAM('0RNPtBMmL9ExAWYoAZmQJX',#3018,'main piece','IPE200','IPE200',#3490,#3495,'b/792');
#3497= IFCPROPERTYSINGLEVALUE('IndicationMark',$,IFCIDENTIFIER('b/792'),$);
#3498= IFCPROPERTYSET('3s7D5zYAz7lwt1FEPFNBCb',#5,'AISC_EM11_Pset_PieceIdentification','PieceIdentity',(#2347,#3497,#72,#73));
#3499= IFCLOCALPLACEMENT(#42,#10);
#3500= IFCELEMENTASSEMBLY('1zcicqxdD9t8aPsFU8akFf',#3018,'BEAM',$,$,#3499,$,'B/896',.NOTDEFINED.,.RIGID_FRAME.);
#3501= IFCCARTESIANPOINT((16824.9508972168,10436.922546371,40750.));
#3502= IFCAXIS2PLACEMENT3D(#3501,#9,#88);
#3503= IFCLOCALPLACEMENT(#3499,#3502);
#3504= IFCSHAPEREPRESENTATION(#12,'Body','SweptSolid',(#3480));
#3505= IFCPRODUCTDEFINITIONSHAPE($,$,(#3504));
#3506= IFCBEAM('0B4oHoogDFdBqJna6ciy9S',#3018,'main piece','IPE200','IPE200',#3503,#3505,'b/791');
#3507= IFCLOCALPLACEMENT(#42,#10);
#3508= IFCELEMENTASSEMBLY('1WBQOxrYn6xx5_Ps6uZAUm',#3018,'BEAM',$,$,#3507,$,'B/897',.NOTDEFINED.,.RIGID_FRAME.);
#3509= IFCCARTESIANPOINT((16827.1824951172,12751.3260803066,40750.));
#3510= IFCAXIS2PLACEMENT3D(#3509,#9,#88);
#3511= IFCLOCALPLACEMENT(#3507,#3510);
#3512= IFCCARTESIANPOINT((840.482711791992,0.,0.));
#3513= IFCAXIS2PLACEMENT3D(#3512,#88,#56);
#3514= IFCEXTRUDEDAREASOLID(#3418,#3513,#9,840.48);
#3515= IFCSHAPEREPRESENTATION(#12,'Body','SweptSolid',(#3514));
#3516= IFCPRODUCTDEFINITIONSHAPE($,$,(#3515));
#3517= IFCBEAM('1t8iRQrAzA0g1aCWeZKk1M',#3018,'main piece','IPE200','IPE200',#3511,#3516,'b/792');
#3518= IFCLOCALPLACEMENT(#42,#10);
#3519= IFCELEMENTASSEMBLY('00YHQhpOX9oh5$Th7l49UE',#3018,'BEAM',$,$,#3518,$,'B/896',.NOTDEFINED.,.RIGID_FRAME.);
#3520= IFCCARTESIANPOINT((15986.6997833252,15065.7296142421,40750.));
#3521= IFCAXIS2PLACEMENT3D(#3520,#9,#7);
#3522= IFCLOCALPLACEMENT(#3518,#3521);
#3523= IFCCARTESIANPOINT((838.298797607422,0.,0.));
#3524= IFCAXIS2PLACEMENT3D(#3523,#88,#56);
#3525= IFCEXTRUDEDAREASOLID(#3418,#3524,#9,838.3);
#3526= IFCSHAPEREPRESENTATION(#12,'Body','SweptSolid',(#3525));
#3527= IFCPRODUCTDEFINITIONSHAPE($,$,(#3526));
#3528= IFCBEAM('0LOurHJ$LBTx7bPmBEnozp',#3018,'main piece','IPE200','IPE200',#3522,#3527,'b/791');
#3529= IFCLOCALPLACEMENT(#42,#10);
#3530= IFCELEMENTASSEMBLY('0rNaUwPdv399IpVuaRLCmU',#3018,'BEAM',$,$,#3529,$,'B/897',.NOTDEFINED.,.RIGID_FRAME.);
#3531= IFCCARTESIANPOINT((16827.1996612549,17380.2056274257,40750.));
#3532= IFCAXIS2PLACEMENT3D(#3531,#9,#88);
#3533= IFCLOCALPLACEMENT(#3529,#3532);
#3534= IFCSHAPEREPRESENTATION(#12,'Body','SweptSolid',(#3493));
#3535= IFCPRODUCTDEFINITIONSHAPE($,$,(#3534));
#3536= IFCBEAM('0xLAASMR560w7EtDRM5WGB',#3018,'main piece','IPE200','IPE200',#3533,#3535,'b/792');
#3537= IFCLOCALPLACEMENT(#42,#10);
#3538= IFCELEMENTASSEMBLY('0lz66gBSz2axhHolYgHXhE',#3018,'BEAM',$,$,#3537,$,'B/896',.NOTDEFINED.,.RIGID_FRAME.);
#3539= IFCCARTESIANPOINT((15986.6997833252,19410.0995025478,40750.));
#3540= IFCAXIS2PLACEMENT3D(#3539,#9,#7);
#3541= IFCLOCALPLACEMENT(#3537,#3540);
#3542= IFCSHAPEREPRESENTATION(#12,'Body','SweptSolid',(#3525));
#3543= IFCPRODUCTDEFINITIONSHAPE($,$,(#3542));
#3544= IFCBEAM('3ui0U2Emv23BWn5xYTBK_Y',#3018,'main piece','IPE200','IPE200',#3541,#3543,'b/791');
#3545= IFCLOCALPLACEMENT(#42,#10);
#3546= IFCELEMENTASSEMBLY('2kRG1kCG94JPsxCfNfwV22',#3018,'BEAM',$,$,#3545,$,'B/897',.NOTDEFINED.,.RIGID_FRAME.);
#3547= IFCCARTESIANPOINT((16827.7928466808,21440.099192264,40750.));
#3548= IFCDIRECTION((-0.999999999214613,-3.9633000010347E-05,0.));
#3549= IFCAXIS2PLACEMENT3D(#3547,#9,#3548);
#3550= IFCLOCALPLACEMENT(#3545,#3549);
#3551= IFCCARTESIANPOINT((841.093064014821,5.69946829542099E-18,7.27595761418343E-12));
#3552= IFCAXIS2PLACEMENT3D(#3551,#88,#56);
#3553= IFCEXTRUDEDAREASOLID(#3418,#3552,#9,841.09);
#3554= IFCSHAPEREPRESENTATION(#12,'Body','SweptSolid',(#3553));
#3555= IFCPRODUCTDEFINITIONSHAPE($,$,(#3554));
#3556= IFCBEAM('3J9JkR7r5DZwq997izeJ28',#3018,'main piece','IPE200','IPE200',#3550,#3555,'b/792');
#3557= IFCLOCALPLACEMENT(#42,#10);
#3558= IFCELEMENTASSEMBLY('2mPxH3UCHFPQ94Jec4X6D_',#3018,'BEAM',$,$,#3557,$,'B/896',.NOTDEFINED.,.RIGID_FRAME.);
#3559= IFCCARTESIANPOINT((15986.6997833252,23470.0331649624,40750.));
#3560= IFCAXIS2PLACEMENT3D(#3559,#9,#7);
#3561= IFCLOCALPLACEMENT(#3557,#3560);
#3562= IFCSHAPEREPRESENTATION(#12,'Body','SweptSolid',(#3525));
#3563= IFCPRODUCTDEFINITIONSHAPE($,$,(#3562));
#3564= IFCBEAM('05A$3sklL8hAbglwfNEKvV',#3018,'main piece','IPE200','IPE200',#3561,#3563,'b/791');
#3565= IFCLOCALPLACEMENT(#42,#10);
#3566= IFCELEMENTASSEMBLY('3oZUFiJu5Bx8w5Cxoda0sL',#3018,'BEAM',$,$,#3565,$,'B/915',.NOTDEFINED.,.RIGID_FRAME.);
#3567= IFCCARTESIANPOINT((16774.9994506836,25500.2104826052,40750.));
#3568= IFCDIRECTION((-0.999999964513388,-0.000266407999868759,0.));
#3569= IFCAXIS2PLACEMENT3D(#3567,#9,#3568);
#3570= IFCLOCALPLACEMENT(#3565,#3569);
#3571= IFCCARTESIANPOINT((788.299695332517,0.,-7.27595761418343E-12));
#3572= IFCAXIS2PLACEMENT3D(#3571,#88,#56);
#3573= IFCEXTRUDEDAREASOLID(#3418,#3572,#9,788.3);
#3574= IFCSHAPEREPRESENTATION(#12,'Body','SweptSolid',(#3573));
#3575= IFCPRODUCTDEFINITIONSHAPE($,$,(#3574));
#3576= IFCBEAM('1I$sHvwQP5ne36ev$wsZZk',#3018,'main piece','IPE200','IPE200',#3570,#3575,'b/811');
#3577= IFCLOCALPLACEMENT(#42,#10);
#3578= IFCELEMENTASSEMBLY('0rs33Jo7T2w8wEDxrLrKN7',#3018,'BEAM',$,$,#3577,$,'B/917',.NOTDEFINED.,.RIGID_FRAME.);
#3579= IFCPROPERTYSINGLEVALUE('AssemblyMark',$,IFCIDENTIFIER('B/917'),$);
#3580= IFCPROPERTYSET('1ukyy4lCDCWQfQPpu$zbD8',#5,'AISC_EM11_Pset_AssemblyIdentification','AssemblyIdentity',(#3579,#52,#53));
#3581= IFCCARTESIANPOINT((17002.9093856812,25495.2530822597,40750.));
#3582= IFCDIRECTION((-0.526755711013009,0.850016718020993,0.));
#3583= IFCAXIS2PLACEMENT3D(#3581,#9,#3582);
#3584= IFCLOCALPLACEMENT(#3577,#3583);
#3585= IFCCARTESIANPOINT((1929.18573363913,-3.63797880709171E-12,0.));
#3586= IFCAXIS2PLACEMENT3D(#3585,#88,#56);
#3587= IFCEXTRUDEDAREASOLID(#3418,#3586,#9,1929.19);
#3588= IFCSHAPEREPRESENTATION(#12,'Body','SweptSolid',(#3587));
#3589= IFCPRODUCTDEFINITIONSHAPE($,$,(#3588));
#3590= IFCBEAM('2MFlYJt5nCtBp5Y6cwByTl',#3018,'main piece','IPE200','IPE200',#3584,#3589,'b/813');
#3591= IFCPROPERTYSINGLEVALUE('IndicationMark',$,IFCIDENTIFIER('b/813'),$);
#3592= IFCPROPERTYSET('2V2NR7YqH349LjNSDV9kR4',#5,'AISC_EM11_Pset_PieceIdentification','PieceIdentity',(#2347,#3591,#72,#73));
#3593= IFCLOCALPLACEMENT(#42,#10);
#3594= IFCELEMENTASSEMBLY('1QQXn1$sH0DwfIiBeGSiU6',#3018,'BEAM',$,$,#3593,$,'B/916',.NOTDEFINED.,.RIGID_FRAME.);
#3595= IFCPROPERTYSINGLEVALUE('AssemblyMark',$,IFCIDENTIFIER('B/916'),$);
#3596= IFCPROPERTYSET('1uk5kHfOr17QgMT3ogpaFg',#5,'AISC_EM11_Pset_AssemblyIdentification','AssemblyIdentity',(#3595,#52,#53));
#3597= IFCCARTESIANPOINT((85034.2067436661,-38.9109079520349,40750.));
#3598= IFCDIRECTION((0.519694514867726,-0.854352158782547,0.));
#3599= IFCAXIS2PLACEMENT3D(#3597,#9,#3598);
#3600= IFCLOCALPLACEMENT(#3593,#3599);
#3601= IFCCARTESIANPOINT((1909.65892561812,-1.44459078629467E-11,0.));
#3602= IFCAXIS2PLACEMENT3D(#3601,#88,#56);
#3603= IFCEXTRUDEDAREASOLID(#3418,#3602,#9,1909.66);
#3604= IFCSHAPEREPRESENTATION(#12,'Body','SweptSolid',(#3603));
#3605= IFCPRODUCTDEFINITIONSHAPE($,$,(#3604));
#3606= IFCBEAM('37pECDKdb38RqUv$vEJgBR',#3018,'main piece','IPE200','IPE200',#3600,#3605,'b/812');
#3607= IFCPROPERTYSINGLEVALUE('IndicationMark',$,IFCIDENTIFIER('b/812'),$);
#3608= IFCPROPERTYSET('0$34Qg$T94efGzrL51pWUI',#5,'AISC_EM11_Pset_PieceIdentification','PieceIdentity',(#2347,#3607,#72,#73));
#3609= IFCLOCALPLACEMENT(#42,#10);
#3610= IFCELEMENTASSEMBLY('2aHQtlhm97xQx7yhWvyOW5',#3018,'BEAM',$,$,#3609,$,'B/915',.NOTDEFINED.,.RIGID_FRAME.);
#3611= IFCCARTESIANPOINT((85225.0020141602,-3.83036422135774E-06,40750.));
#3612= IFCAXIS2PLACEMENT3D(#3611,#9,#7);
#3613= IFCLOCALPLACEMENT(#3609,#3612);
#3614= IFCSHAPEREPRESENTATION(#12,'Body','SweptSolid',(#3436));
#3615= IFCPRODUCTDEFINITIONSHAPE($,$,(#3614));
#3616= IFCBEAM('2ldHfE4hb5qRNtgTTcxfsQ',#3018,'main piece','IPE200','IPE200',#3613,#3615,'b/811');
#3617= IFCLOCALPLACEMENT(#42,#10);
#3618= IFCELEMENTASSEMBLY('1dtjpk3KT3KBjgO9PEwyu6',#3018,'BEAM',$,$,#3617,$,'B/914',.NOTDEFINED.,.RIGID_FRAME.);
#3619= IFCCARTESIANPOINT((85176.4027709961,2030.63010786397,40750.));
#3620= IFCAXIS2PLACEMENT3D(#3619,#9,#7);
#3621= IFCLOCALPLACEMENT(#3617,#3620);
#3622= IFCCARTESIANPOINT((836.898803710938,0.,0.));
#3623= IFCAXIS2PLACEMENT3D(#3622,#88,#56);
#3624= IFCEXTRUDEDAREASOLID(#3418,#3623,#9,836.9);
#3625= IFCSHAPEREPRESENTATION(#12,'Body','SweptSolid',(#3624));
#3626= IFCPRODUCTDEFINITIONSHAPE($,$,(#3625));
#3627= IFCBEAM('1BJJEdHPTCmxh6U9sHoKQ9',#3018,'main piece','IPE200','IPE200',#3621,#3626,'b/810');
#3628= IFCLOCALPLACEMENT(#42,#10);
#3629= IFCELEMENTASSEMBLY('2nkFFU88b70f6AjTHH5nvV',#3018,'BEAM',$,$,#3628,$,'B/897',.NOTDEFINED.,.RIGID_FRAME.);
#3630= IFCCARTESIANPOINT((85172.2066040039,4059.8997613315,40750.));
#3631= IFCDIRECTION((0.999998694623413,0.00161578199939135,0.));
#3632= IFCAXIS2PLACEMENT3D(#3630,#9,#3631);
#3633= IFCLOCALPLACEMENT(#3628,#3632);
#3634= IFCCARTESIANPOINT((841.09606863939,0.,0.));
#3635= IFCAXIS2PLACEMENT3D(#3634,#88,#56);
#3636= IFCEXTRUDEDAREASOLID(#3418,#3635,#9,841.1);
#3637= IFCSHAPEREPRESENTATION(#12,'Body','SweptSolid',(#3636));
#3638= IFCPRODUCTDEFINITIONSHAPE($,$,(#3637));
#3639= IFCBEAM('2x9UhbtcH4fvo8684Dr74O',#3018,'main piece','IPE200','IPE200',#3633,#3638,'b/792');
#3640= IFCLOCALPLACEMENT(#42,#10);
#3641= IFCELEMENTASSEMBLY('1EifKqVCX3wAd2yRdiZygb',#3018,'BEAM',$,$,#3640,$,'B/896',.NOTDEFINED.,.RIGID_FRAME.);
#3642= IFCCARTESIANPOINT((85175.0523681641,6091.88900874127,40750.));
#3643= IFCAXIS2PLACEMENT3D(#3642,#9,#7);
#3644= IFCLOCALPLACEMENT(#3640,#3643);
#3645= IFCCARTESIANPOINT((838.249206542969,0.,0.));
#3646= IFCAXIS2PLACEMENT3D(#3645,#88,#56);
#3647= IFCEXTRUDEDAREASOLID(#3418,#3646,#9,838.25);
#3648= IFCSHAPEREPRESENTATION(#12,'Body','SweptSolid',(#3647));
#3649= IFCPRODUCTDEFINITIONSHAPE($,$,(#3648));
#3650= IFCBEAM('3oQp2ppfTFFO5Yl0K2CBtW',#3018,'main piece','IPE200','IPE200',#3644,#3649,'b/791');
#3651= IFCLOCALPLACEMENT(#42,#10);
#3652= IFCELEMENTASSEMBLY('1neaHO2jzDpwnmu28PfuRQ',#3018,'BEAM',$,$,#3651,$,'B/898',.NOTDEFINED.,.RIGID_FRAME.);
#3653= IFCPROPERTYSINGLEVALUE('AssemblyMark',$,IFCIDENTIFIER('B/898'),$);
#3654= IFCPROPERTYSET('2RLUX538n5ZuKowNXwHrPc',#5,'AISC_EM11_Pset_AssemblyIdentification','AssemblyIdentity',(#3653,#52,#53));
#3655= IFCCARTESIANPOINT((85222.5570543284,8125.75218199209,40750.));
#3656= IFCDIRECTION((0.999992556431895,-0.00385837800166699,0.));
#3657= IFCAXIS2PLACEMENT3D(#3655,#9,#3656);
#3658= IFCLOCALPLACEMENT(#3651,#3657);
#3659= IFCCARTESIANPOINT((790.767956072094,3.42940934362114E-16,0.));
#3660= IFCAXIS2PLACEMENT3D(#3659,#88,#56);
#3661= IFCEXTRUDEDAREASOLID(#3418,#3660,#9,790.77);
#3662= IFCSHAPEREPRESENTATION(#12,'Body','SweptSolid',(#3661));
#3663= IFCPRODUCTDEFINITIONSHAPE($,$,(#3662));
#3664= IFCBEAM('03E9dTcLLCX8uuVORjZPsV',#3018,'main piece','IPE200','IPE200',#3658,#3663,'b/793');
#3665= IFCPROPERTYSINGLEVALUE('IndicationMark',$,IFCIDENTIFIER('b/793'),$);
#3666= IFCPROPERTYSET('2M44_FTKz2qw5pLKTE1HBS',#5,'AISC_EM11_Pset_PieceIdentification','PieceIdentity',(#2347,#3665,#72,#73));
#3667= IFCLOCALPLACEMENT(#42,#10);
#3668= IFCELEMENTASSEMBLY('2edExODZH4bA6hSNqb$Ii6',#3018,'BEAM',$,$,#3667,$,'B/896',.NOTDEFINED.,.RIGID_FRAME.);
#3669= IFCCARTESIANPOINT((85175.0523681641,10436.9226543712,40750.));
#3670= IFCAXIS2PLACEMENT3D(#3669,#9,#7);
#3671= IFCLOCALPLACEMENT(#3667,#3670);
#3672= IFCSHAPEREPRESENTATION(#12,'Body','SweptSolid',(#3647));
#3673= IFCPRODUCTDEFINITIONSHAPE($,$,(#3672));
#3674= IFCBEAM('0wvnVtYfT6GQ7CWfgloICL',#3018,'main piece','IPE200','IPE200',#3671,#3673,'b/791');
#3675= IFCLOCALPLACEMENT(#42,#10);
#3676= IFCELEMENTASSEMBLY('3KMfXHp9j9gPYbdkHuYdi5',#3018,'BEAM',$,$,#3675,$,'B/896',.NOTDEFINED.,.RIGID_FRAME.);
#3677= IFCCARTESIANPOINT((85174.9989624023,12750.2046673106,40750.));
#3678= IFCDIRECTION((0.99999910508364,0.00133784600011089,0.));
#3679= IFCAXIS2PLACEMENT3D(#3677,#9,#3678);
#3680= IFCLOCALPLACEMENT(#3675,#3679);
#3681= IFCCARTESIANPOINT((838.303362525848,0.,0.));
#3682= IFCAXIS2PLACEMENT3D(#3681,#88,#56);
#3683= IFCEXTRUDEDAREASOLID(#3418,#3682,#9,838.3);
#3684= IFCSHAPEREPRESENTATION(#12,'Body','SweptSolid',(#3683));
#3685= IFCPRODUCTDEFINITIONSHAPE($,$,(#3684));
#3686= IFCBEAM('35xQpWpRrFhPyhGBHdmgDr',#3018,'main piece','IPE200','IPE200',#3680,#3685,'b/791');
#3687= IFCLOCALPLACEMENT(#42,#10);
#3688= IFCELEMENTASSEMBLY('2SQwcwHRHEFB30IFnFNEIU',#3018,'BEAM',$,$,#3687,$,'B/896',.NOTDEFINED.,.RIGID_FRAME.);
#3689= IFCCARTESIANPOINT((85175.0523681641,15065.7297222422,40750.));
#3690= IFCAXIS2PLACEMENT3D(#3689,#9,#7);
#3691= IFCLOCALPLACEMENT(#3687,#3690);
#3692= IFCSHAPEREPRESENTATION(#12,'Body','SweptSolid',(#3647));
#3693= IFCPRODUCTDEFINITIONSHAPE($,$,(#3692));
#3694= IFCBEAM('23nRSH04v9o8HSQMC1Qyhs',#3018,'main piece','IPE200','IPE200',#3691,#3693,'b/791');
#3695= IFCLOCALPLACEMENT(#42,#10);
#3696= IFCELEMENTASSEMBLY('2Q_HUeQMT8JQFmE0hwBR4H',#3018,'BEAM',$,$,#3695,$,'B/898',.NOTDEFINED.,.RIGID_FRAME.);
#3697= IFCCARTESIANPOINT((85223.0107421875,17380.2066891002,40750.));
#3698= IFCDIRECTION((0.999999995570148,-9.41259999584117E-05,0.));
#3699= IFCAXIS2PLACEMENT3D(#3697,#9,#3698);
#3700= IFCLOCALPLACEMENT(#3695,#3699);
#3701= IFCCARTESIANPOINT((790.290836039496,0.,0.));
#3702= IFCAXIS2PLACEMENT3D(#3701,#88,#56);
#3703= IFCEXTRUDEDAREASOLID(#3418,#3702,#9,790.29);
#3704= IFCSHAPEREPRESENTATION(#12,'Body','SweptSolid',(#3703));
#3705= IFCPRODUCTDEFINITIONSHAPE($,$,(#3704));
#3706= IFCBEAM('2mnctMfcb9$f4RvdDWRE95',#3018,'main piece','IPE200','IPE200',#3700,#3705,'b/793');
#3707= IFCLOCALPLACEMENT(#42,#10);
#3708= IFCELEMENTASSEMBLY('2$xuhCDtzCuRVrczqoq7SI',#3018,'BEAM',$,$,#3707,$,'B/896',.NOTDEFINED.,.RIGID_FRAME.);
#3709= IFCCARTESIANPOINT((85175.0523681641,19410.0996105479,40750.));
#3710= IFCAXIS2PLACEMENT3D(#3709,#9,#7);
#3711= IFCLOCALPLACEMENT(#3707,#3710);
#3712= IFCSHAPEREPRESENTATION(#12,'Body','SweptSolid',(#3647));
#3713= IFCPRODUCTDEFINITIONSHAPE($,$,(#3712));
#3714= IFCBEAM('096HJa6VzBLRrxniRmU3XH',#3018,'main piece','IPE200','IPE200',#3711,#3713,'b/791');
#3715= IFCLOCALPLACEMENT(#42,#10);
#3716= IFCELEMENTASSEMBLY('2CGFBC0r1D0x1JkGHpdS9M',#3018,'BEAM',$,$,#3715,$,'B/897',.NOTDEFINED.,.RIGID_FRAME.);
#3717= IFCCARTESIANPOINT((85172.2066040039,21440.0991937045,40750.));
#3718= IFCAXIS2PLACEMENT3D(#3717,#9,#7);
#3719= IFCLOCALPLACEMENT(#3715,#3718);
#3720= IFCCARTESIANPOINT((841.094970703125,0.,0.));
#3721= IFCAXIS2PLACEMENT3D(#3720,#88,#56);
#3722= IFCEXTRUDEDAREASOLID(#3418,#3721,#9,841.09);
#3723= IFCSHAPEREPRESENTATION(#12,'Body','SweptSolid',(#3722));
#3724= IFCPRODUCTDEFINITIONSHAPE($,$,(#3723));
#3725= IFCBEAM('1ix0ICjkPDmx1XYql0ztDT',#3018,'main piece','IPE200','IPE200',#3719,#3724,'b/792');
#3726= IFCLOCALPLACEMENT(#42,#10);
#3727= IFCELEMENTASSEMBLY('0XEjjLch15AvQ0vQibLzNY',#3018,'BEAM',$,$,#3726,$,'B/896',.NOTDEFINED.,.RIGID_FRAME.);
#3728= IFCCARTESIANPOINT((85175.0523681641,23470.0332729625,40750.));
#3729= IFCAXIS2PLACEMENT3D(#3728,#9,#7);
#3730= IFCLOCALPLACEMENT(#3726,#3729);
#3731= IFCSHAPEREPRESENTATION(#12,'Body','SweptSolid',(#3647));
#3732= IFCPRODUCTDEFINITIONSHAPE($,$,(#3731));
#3733= IFCBEAM('0K8QdWGlb5w8enQ7LfNdFS',#3018,'main piece','IPE200','IPE200',#3730,#3732,'b/791');
#3734= IFCLOCALPLACEMENT(#42,#10);
#3735= IFCELEMENTASSEMBLY('0uLoZ4tzb76OIbiElgnH1Q',#3018,'BEAM',$,$,#3734,$,'B/895',.NOTDEFINED.,.RIGID_FRAME.);
#3736= IFCPROPERTYSINGLEVALUE('AssemblyMark',$,IFCIDENTIFIER('B/895'),$);
#3737= IFCPROPERTYSET('0PCHBWaUr7Hws7u0SVenHt',#5,'AISC_EM11_Pset_AssemblyIdentification','AssemblyIdentity',(#3736,#52,#53));
#3738= IFCCARTESIANPOINT((85229.5033569336,25500.0005810069,40750.));
#3739= IFCAXIS2PLACEMENT3D(#3738,#9,#7);
#3740= IFCLOCALPLACEMENT(#3734,#3739);
#3741= IFCCARTESIANPOINT((783.798217773438,0.,0.));
#3742= IFCAXIS2PLACEMENT3D(#3741,#88,#56);
#3743= IFCEXTRUDEDAREASOLID(#3418,#3742,#9,783.8);
#3744= IFCSHAPEREPRESENTATION(#12,'Body','SweptSolid',(#3743));
#3745= IFCPRODUCTDEFINITIONSHAPE($,$,(#3744));
#3746= IFCBEAM('3HKEnCq2H8cOwcf9rIC5aH',#3018,'main piece','IPE200','IPE200',#3740,#3745,'b/790');
#3747= IFCPROPERTYSINGLEVALUE('IndicationMark',$,IFCIDENTIFIER('b/790'),$);
#3748= IFCPROPERTYSET('2hQzVp0jT7C8W8ZrWoESfr',#5,'AISC_EM11_Pset_PieceIdentification','PieceIdentity',(#2347,#3747,#72,#73));
#3749= IFCLOCALPLACEMENT(#42,#10);
#3750= IFCELEMENTASSEMBLY('3Rmm2LeEz3bBfwAhsi855l',#3018,'BEAM',$,$,#3749,$,'B/894',.NOTDEFINED.,.RIGID_FRAME.);
#3751= IFCPROPERTYSINGLEVALUE('AssemblyMark',$,IFCIDENTIFIER('B/894'),$);
#3752= IFCPROPERTYSET('1yKN$ENxv6KQlN_99lh4CN',#5,'AISC_EM11_Pset_AssemblyIdentification','AssemblyIdentity',(#3751,#52,#53));
#3753= IFCCARTESIANPOINT((85075.2806267976,25622.8112645973,40770.));
#3754= IFCDIRECTION((0.522594137095714,0.852581590156148,0.));
#3755= IFCAXIS2PLACEMENT3D(#3753,#9,#3754);
#3756= IFCLOCALPLACEMENT(#3749,#3755);
#3757= IFCCARTESIANPOINT((1841.50574675851,-1.02224104001542E-13,0.));
#3758= IFCAXIS2PLACEMENT3D(#3757,#88,#56);
#3759= IFCEXTRUDEDAREASOLID(#3072,#3758,#9,1841.51);
#3760= IFCSHAPEREPRESENTATION(#12,'Body','SweptSolid',(#3759));
#3761= IFCPRODUCTDEFINITIONSHAPE($,$,(#3760));
#3762= IFCBEAM('0exa31m6z6Cgdp4n6QIUyf',#3018,'main piece','IPE160','IPE160',#3756,#3761,'b/789');
#3763= IFCPROPERTYSINGLEVALUE('IndicationMark',$,IFCIDENTIFIER('b/789'),$);
#3764= IFCPROPERTYSET('1bnXDpM7584wXiqAqnl6vK',#5,'AISC_EM11_Pset_PieceIdentification','PieceIdentity',(#2347,#3763,#72,#73));
#3765= IFCLOCALPLACEMENT(#42,#10);
#3766= IFCELEMENTASSEMBLY('0pohZ5Z0bDuQeSdpuX1QZu',#3018,'BEAM',$,$,#3765,$,'B/927',.NOTDEFINED.,.RIGID_FRAME.);
#3767= IFCPROPERTYSINGLEVALUE('AssemblyMark',$,IFCIDENTIFIER('B/927'),$);
#3768= IFCPROPERTYSET('3iy$6AhR9CPvixWBD_IiRr',#5,'AISC_EM11_Pset_AssemblyIdentification','AssemblyIdentity',(#3767,#52,#53));
#3769= IFCCARTESIANPOINT((83638.3357368083,25089.5976975882,40770.));
#3770= IFCDIRECTION((0.000791674999702651,0.999999686625298,0.));
#3771= IFCAXIS2PLACEMENT3D(#3769,#9,#3770);
#3772= IFCLOCALPLACEMENT(#3765,#3771);
#3773= IFCCARTESIANPOINT((2105.90622772733,1.45516869055561E-11,7.27595761418343E-12));
#3774= IFCAXIS2PLACEMENT3D(#3773,#88,#56);
#3775= IFCEXTRUDEDAREASOLID(#3072,#3774,#9,2105.91);
#3776= IFCSHAPEREPRESENTATION(#12,'Body','SweptSolid',(#3775));
#3777= IFCPRODUCTDEFINITIONSHAPE($,$,(#3776));
#3778= IFCBEAM('1sVC1N4Q12murMiO43DO8$',#3018,'main piece','IPE160','IPE160',#3772,#3777,'b/823');
#3779= IFCPROPERTYSINGLEVALUE('IndicationMark',$,IFCIDENTIFIER('b/823'),$);
#3780= IFCPROPERTYSET('0sMMQpQeb1SxuYr8nd7Kps',#5,'AISC_EM11_Pset_PieceIdentification','PieceIdentity',(#2347,#3779,#72,#73));
#3781= IFCLOCALPLACEMENT(#42,#10);
#3782= IFCELEMENTASSEMBLY('0Ai1qoV1fFcfXnIm$SgRgl',#3018,'BEAM',$,$,#3781,$,'B/927',.NOTDEFINED.,.RIGID_FRAME.);
#3783= IFCCARTESIANPOINT((81219.9971313477,25089.9443932895,40770.));
#3784= IFCAXIS2PLACEMENT3D(#3783,#9,#8);
#3785= IFCLOCALPLACEMENT(#3781,#3784);
#3786= IFCCARTESIANPOINT((2105.55887209135,0.,0.));
#3787= IFCAXIS2PLACEMENT3D(#3786,#88,#56);
#3788= IFCEXTRUDEDAREASOLID(#3072,#3787,#9,2105.56);
#3789= IFCSHAPEREPRESENTATION(#12,'Body','SweptSolid',(#3788));
#3790= IFCPRODUCTDEFINITIONSHAPE($,$,(#3789));
#3791= IFCBEAM('2PT1O7mxPAzxpDPJduTSiO',#3018,'main piece','IPE160','IPE160',#3785,#3790,'b/823');
#3792= IFCLOCALPLACEMENT(#42,#10);
#3793= IFCELEMENTASSEMBLY('2IxIjimEb4jPVF1OYnb7d0',#3018,'BEAM',$,$,#3792,$,'B/891',.NOTDEFINED.,.RIGID_FRAME.);
#3794= IFCPROPERTYSINGLEVALUE('AssemblyMark',$,IFCIDENTIFIER('B/891'),$);
#3795= IFCPROPERTYSET('02dSR8BsnDURIq5dq1DWna',#5,'AISC_EM11_Pset_AssemblyIdentification','AssemblyIdentity',(#3794,#52,#53));
#3796= IFCCARTESIANPOINT((78799.9989624023,26600.4524536133,40770.));
#3797= IFCAXIS2PLACEMENT3D(#3796,#9,#8);
#3798= IFCLOCALPLACEMENT(#3792,#3797);
#3799= IFCCARTESIANPOINT((595.050811767578,0.,0.));
#3800= IFCAXIS2PLACEMENT3D(#3799,#88,#56);
#3801= IFCEXTRUDEDAREASOLID(#3072,#3800,#9,595.05);
#3802= IFCSHAPEREPRESENTATION(#12,'Body','SweptSolid',(#3801));
#3803= IFCPRODUCTDEFINITIONSHAPE($,$,(#3802));
#3804= IFCBEAM('0I5EnuGNjDX8lPPnSgutOX',#3018,'main piece','IPE160','IPE160',#3798,#3803,'b/786');
#3805= IFCPROPERTYSINGLEVALUE('IndicationMark',$,IFCIDENTIFIER('b/786'),$);
#3806= IFCPROPERTYSET('2TGYvFRK92nhGMbJ2nBl6x',#5,'AISC_EM11_Pset_PieceIdentification','PieceIdentity',(#2347,#3805,#72,#73));
#3807= IFCLOCALPLACEMENT(#42,#10);
#3808= IFCELEMENTASSEMBLY('2XbVPRh0T6$eJUUKnC9n0P',#3018,'BEAM',$,$,#3807,$,'B/891',.NOTDEFINED.,.RIGID_FRAME.);
#3809= IFCCARTESIANPOINT((76500.0035400391,26600.5020446777,40770.));
#3810= IFCAXIS2PLACEMENT3D(#3809,#9,#8);
#3811= IFCLOCALPLACEMENT(#3807,#3810);
#3812= IFCCARTESIANPOINT((595.001220703125,0.,0.));
#3813= IFCAXIS2PLACEMENT3D(#3812,#88,#56);
#3814= IFCEXTRUDEDAREASOLID(#3072,#3813,#9,595.);
#3815= IFCSHAPEREPRESENTATION(#12,'Body','SweptSolid',(#3814));
#3816= IFCPRODUCTDEFINITIONSHAPE($,$,(#3815));
#3817= IFCBEAM('39Fs7jJSL5wxQC_rOuwqbh',#3018,'main piece','IPE160','IPE160',#3811,#3816,'b/786');
#3818= IFCLOCALPLACEMENT(#42,#10);
#3819= IFCELEMENTASSEMBLY('096sTcsYn3bfVETw3KJruc',#3018,'BEAM',$,$,#3818,$,'B/891',.NOTDEFINED.,.RIGID_FRAME.);
#3820= IFCCARTESIANPOINT((74375.0035400391,26600.6050415039,40770.));
#3821= IFCAXIS2PLACEMENT3D(#3820,#9,#8);
#3822= IFCLOCALPLACEMENT(#3818,#3821);
#3823= IFCCARTESIANPOINT((594.898223876953,0.,0.));
#3824= IFCAXIS2PLACEMENT3D(#3823,#88,#56);
#3825= IFCEXTRUDEDAREASOLID(#3072,#3824,#9,594.9);
#3826= IFCSHAPEREPRESENTATION(#12,'Body','SweptSolid',(#3825));
#3827= IFCPRODUCTDEFINITIONSHAPE($,$,(#3826));
#3828= IFCBEAM('3sVJAzvsbFkfOycjoU3yj8',#3018,'main piece','IPE160','IPE160',#3822,#3827,'b/786');
#3829= IFCLOCALPLACEMENT(#42,#10);
#3830= IFCELEMENTASSEMBLY('3zi$zqZ753ueE6oziGGbkm',#3018,'BEAM',$,$,#3829,$,'B/891',.NOTDEFINED.,.RIGID_FRAME.);
#3831= IFCCARTESIANPOINT((72250.0035400391,26600.4524536133,40770.));
#3832= IFCAXIS2PLACEMENT3D(#3831,#9,#8);
#3833= IFCLOCALPLACEMENT(#3829,#3832);
#3834= IFCSHAPEREPRESENTATION(#12,'Body','SweptSolid',(#3801));
#3835= IFCPRODUCTDEFINITIONSHAPE($,$,(#3834));
#3836= IFCBEAM('1Xe7KTlP9BjP$9SIEb8lcI',#3018,'main piece','IPE160','IPE160',#3833,#3835,'b/786');
#3837= IFCLOCALPLACEMENT(#42,#10);
#3838= IFCELEMENTASSEMBLY('3aHaoY0RTAB8cv1feyEuLh',#3018,'BEAM',$,$,#3837,$,'B/891',.NOTDEFINED.,.RIGID_FRAME.);
#3839= IFCCARTESIANPOINT((70125.0035400391,26600.4524536133,40770.));
#3840= IFCAXIS2PLACEMENT3D(#3839,#9,#8);
#3841= IFCLOCALPLACEMENT(#3837,#3840);
#3842= IFCSHAPEREPRESENTATION(#12,'Body','SweptSolid',(#3801));
#3843= IFCPRODUCTDEFINITIONSHAPE($,$,(#3842));
#3844= IFCBEAM('08vauA6lbCIenuLXEvp7vY',#3018,'main piece','IPE160','IPE160',#3841,#3843,'b/786');
#3845= IFCLOCALPLACEMENT(#42,#10);
#3846= IFCELEMENTASSEMBLY('3CBVHAGZnEE82$EwHH5I3R',#3018,'BEAM',$,$,#3845,$,'B/891',.NOTDEFINED.,.RIGID_FRAME.);
#3847= IFCCARTESIANPOINT((68000.232421875,26600.5020446777,40770.));
#3848= IFCDIRECTION((-0.000390623999891614,0.999999923706443,0.));
#3849= IFCAXIS2PLACEMENT3D(#3847,#9,#3848);
#3850= IFCLOCALPLACEMENT(#3845,#3849);
#3851= IFCSHAPEREPRESENTATION(#12,'Body','SweptSolid',(#3814));
#3852= IFCPRODUCTDEFINITIONSHAPE($,$,(#3851));
#3853= IFCBEAM('2CKsqQhAvFaf6AvRe$psyD',#3018,'main piece','IPE160','IPE160',#3850,#3852,'b/786');
#3854= IFCLOCALPLACEMENT(#42,#10);
#3855= IFCELEMENTASSEMBLY('1BSY_LoSzC0hzHn2wp68KW',#3018,'BEAM',$,$,#3854,$,'B/891',.NOTDEFINED.,.RIGID_FRAME.);
#3856= IFCCARTESIANPOINT((65875.0035400391,26600.4524536133,40770.));
#3857= IFCAXIS2PLACEMENT3D(#3856,#9,#8);
#3858= IFCLOCALPLACEMENT(#3854,#3857);
#3859= IFCSHAPEREPRESENTATION(#12,'Body','SweptSolid',(#3801));
#3860= IFCPRODUCTDEFINITIONSHAPE($,$,(#3859));
#3861= IFCBEAM('2RzRknpXn3Uv0ZYHsuyecz',#3018,'main piece','IPE160','IPE160',#3858,#3860,'b/786');
#3862= IFCLOCALPLACEMENT(#42,#10);
#3863= IFCELEMENTASSEMBLY('3xGxjR8$j4XuD6QWW651QV',#3018,'BEAM',$,$,#3862,$,'B/892',.NOTDEFINED.,.RIGID_FRAME.);
#3864= IFCPROPERTYSINGLEVALUE('AssemblyMark',$,IFCIDENTIFIER('B/892'),$);
#3865= IFCPROPERTYSET('0IJiuUTdv6ExfM5f$76GH8',#5,'AISC_EM11_Pset_AssemblyIdentification','AssemblyIdentity',(#3864,#52,#53));
#3866= IFCCARTESIANPOINT((63749.5228881836,26597.6600952148,40770.));
#3867= IFCAXIS2PLACEMENT3D(#3866,#9,#8);
#3868= IFCLOCALPLACEMENT(#3862,#3867);
#3869= IFCCARTESIANPOINT((597.843170166016,0.,0.));
#3870= IFCAXIS2PLACEMENT3D(#3869,#88,#56);
#3871= IFCEXTRUDEDAREASOLID(#3072,#3870,#9,597.84);
#3872= IFCSHAPEREPRESENTATION(#12,'Body','SweptSolid',(#3871));
#3873= IFCPRODUCTDEFINITIONSHAPE($,$,(#3872));
#3874= IFCBEAM('0dkZbapunAsxoNiwmZ$$TM',#3018,'main piece','IPE160','IPE160',#3868,#3873,'b/787');
#3875= IFCPROPERTYSINGLEVALUE('IndicationMark',$,IFCIDENTIFIER('b/787'),$);
#3876= IFCPROPERTYSET('1pWbD5dzLAfx$3O6EUgjr_',#5,'AISC_EM11_Pset_PieceIdentification','PieceIdentity',(#2347,#3875,#72,#73));
#3877= IFCLOCALPLACEMENT(#42,#10);
#3878= IFCELEMENTASSEMBLY('1q7ZlecVHAx94R2c3rP1ZB',#3018,'BEAM',$,$,#3877,$,'B/891',.NOTDEFINED.,.RIGID_FRAME.);
#3879= IFCCARTESIANPOINT((61625.0035400391,27195.5032653809,40770.));
#3880= IFCAXIS2PLACEMENT3D(#3879,#9,#56);
#3881= IFCLOCALPLACEMENT(#3877,#3880);
#3882= IFCSHAPEREPRESENTATION(#12,'Body','SweptSolid',(#3814));
#3883= IFCPRODUCTDEFINITIONSHAPE($,$,(#3882));
#3884= IFCBEAM('15PYMe8CD7uAqy6QGDwkt$',#3018,'main piece','IPE160','IPE160',#3881,#3883,'b/786');
#3885= IFCLOCALPLACEMENT(#42,#10);
#3886= IFCELEMENTASSEMBLY('0Bc9620PX1vuhsfh6_BSjs',#3018,'BEAM',$,$,#3885,$,'B/891',.NOTDEFINED.,.RIGID_FRAME.);
#3887= IFCCARTESIANPOINT((59500.,26600.5020446777,40770.));
#3888= IFCAXIS2PLACEMENT3D(#3887,#9,#8);
#3889= IFCLOCALPLACEMENT(#3885,#3888);
#3890= IFCSHAPEREPRESENTATION(#12,'Body','SweptSolid',(#3814));
#3891= IFCPRODUCTDEFINITIONSHAPE($,$,(#3890));
#3892= IFCBEAM('2X593QZAv5DvvYGeDZIx10',#3018,'main piece','IPE160','IPE160',#3889,#3891,'b/786');
#3893= IFCLOCALPLACEMENT(#42,#10);
#3894= IFCELEMENTASSEMBLY('01HXbYLfb83fCT0WO$zQzZ',#3018,'BEAM',$,$,#3893,$,'B/891',.NOTDEFINED.,.RIGID_FRAME.);
#3895= IFCCARTESIANPOINT((57374.9997253418,27195.5032653809,40770.));
#3896= IFCAXIS2PLACEMENT3D(#3895,#9,#56);
#3897= IFCLOCALPLACEMENT(#3893,#3896);
#3898= IFCSHAPEREPRESENTATION(#12,'Body','SweptSolid',(#3814));
#3899= IFCPRODUCTDEFINITIONSHAPE($,$,(#3898));
#3900= IFCBEAM('1__Qqlt6D9qg7Z77zVVAlu',#3018,'main piece','IPE160','IPE160',#3897,#3899,'b/786');
#3901= IFCLOCALPLACEMENT(#42,#10);
#3902= IFCELEMENTASSEMBLY('1zKe5kyzv5_gZ0abeX9ed8',#3018,'BEAM',$,$,#3901,$,'B/891',.NOTDEFINED.,.RIGID_FRAME.);
#3903= IFCCARTESIANPOINT((55249.9997253418,26600.5020446777,40770.));
#3904= IFCAXIS2PLACEMENT3D(#3903,#9,#8);
#3905= IFCLOCALPLACEMENT(#3901,#3904);
#3906= IFCSHAPEREPRESENTATION(#12,'Body','SweptSolid',(#3814));
#3907= IFCPRODUCTDEFINITIONSHAPE($,$,(#3906));
#3908= IFCBEAM('3tKe2cMJj6JO3462_eQBo8',#3018,'main piece','IPE160','IPE160',#3905,#3907,'b/786');
#3909= IFCLOCALPLACEMENT(#42,#10);
#3910= IFCELEMENTASSEMBLY('3ouovdfob1ABIoIQAAd1Tl',#3018,'BEAM',$,$,#3909,$,'B/891',.NOTDEFINED.,.RIGID_FRAME.);
#3911= IFCCARTESIANPOINT((53124.9997253418,26599.6055908203,40770.));
#3912= IFCAXIS2PLACEMENT3D(#3911,#9,#8);
#3913= IFCLOCALPLACEMENT(#3909,#3912);
#3914= IFCCARTESIANPOINT((595.897674560547,0.,0.));
#3915= IFCAXIS2PLACEMENT3D(#3914,#88,#56);
#3916= IFCEXTRUDEDAREASOLID(#3072,#3915,#9,595.9);
#3917= IFCSHAPEREPRESENTATION(#12,'Body','SweptSolid',(#3916));
#3918= IFCPRODUCTDEFINITIONSHAPE($,$,(#3917));
#3919= IFCBEAM('1jg86P96DDr95qrZXJqHxS',#3018,'main piece','IPE160','IPE160',#3913,#3918,'b/786');
#3920= IFCLOCALPLACEMENT(#42,#10);
#3921= IFCELEMENTASSEMBLY('3JzWuCNIDFTQlSrhf8k1Ge',#3018,'BEAM',$,$,#3920,$,'B/891',.NOTDEFINED.,.RIGID_FRAME.);
#3922= IFCCARTESIANPOINT((51000.,26600.3074951172,40770.));
#3923= IFCAXIS2PLACEMENT3D(#3922,#9,#8);
#3924= IFCLOCALPLACEMENT(#3920,#3923);
#3925= IFCCARTESIANPOINT((595.195770263672,0.,0.));
#3926= IFCAXIS2PLACEMENT3D(#3925,#88,#56);
#3927= IFCEXTRUDEDAREASOLID(#3072,#3926,#9,595.2);
#3928= IFCSHAPEREPRESENTATION(#12,'Body','SweptSolid',(#3927));
#3929= IFCPRODUCTDEFINITIONSHAPE($,$,(#3928));
#3930= IFCBEAM('1lz5WFnYL5Ie0CW6HThDbM',#3018,'main piece','IPE160','IPE160',#3924,#3929,'b/786');
#3931= IFCLOCALPLACEMENT(#42,#10);
#3932= IFCELEMENTASSEMBLY('1m0Hch$qX98AqPbTmRdO9M',#3018,'BEAM',$,$,#3931,$,'B/891',.NOTDEFINED.,.RIGID_FRAME.);
#3933= IFCCARTESIANPOINT((48874.9997253418,26600.6050415039,40770.));
#3934= IFCAXIS2PLACEMENT3D(#3933,#9,#8);
#3935= IFCLOCALPLACEMENT(#3931,#3934);
#3936= IFCSHAPEREPRESENTATION(#12,'Body','SweptSolid',(#3825));
#3937= IFCPRODUCTDEFINITIONSHAPE($,$,(#3936));
#3938= IFCBEAM('0wyWEVtoXDu9L7M0wytNfX',#3018,'main piece','IPE160','IPE160',#3935,#3937,'b/786');
#3939= IFCLOCALPLACEMENT(#42,#10);
#3940= IFCELEMENTASSEMBLY('1PXOHB7Q9FQuErH9qtsTKe',#3018,'BEAM',$,$,#3939,$,'B/891',.NOTDEFINED.,.RIGID_FRAME.);
#3941= IFCCARTESIANPOINT((46749.9997253418,26600.6050415039,40770.));
#3942= IFCAXIS2PLACEMENT3D(#3941,#9,#8);
#3943= IFCLOCALPLACEMENT(#3939,#3942);
#3944= IFCSHAPEREPRESENTATION(#12,'Body','SweptSolid',(#3825));
#3945= IFCPRODUCTDEFINITIONSHAPE($,$,(#3944));
#3946= IFCBEAM('0KgDjWIlvAYu3C_FYBYtbA',#3018,'main piece','IPE160','IPE160',#3943,#3945,'b/786');
#3947= IFCLOCALPLACEMENT(#42,#10);
#3948= IFCELEMENTASSEMBLY('38hlIdaJj6WfHTkcCQG0RQ',#3018,'BEAM',$,$,#3947,$,'B/891',.NOTDEFINED.,.RIGID_FRAME.);
#3949= IFCCARTESIANPOINT((44624.9997253418,26600.6050415039,40770.));
#3950= IFCAXIS2PLACEMENT3D(#3949,#9,#8);
#3951= IFCLOCALPLACEMENT(#3947,#3950);
#3952= IFCSHAPEREPRESENTATION(#12,'Body','SweptSolid',(#3825));
#3953= IFCPRODUCTDEFINITIONSHAPE($,$,(#3952));
#3954= IFCBEAM('1SMSWQiMfBKQ9WKX$z9DTB',#3018,'main piece','IPE160','IPE160',#3951,#3953,'b/786');
#3955= IFCLOCALPLACEMENT(#42,#10);
#3956= IFCELEMENTASSEMBLY('13q5dKf3L9v8G8q6ozSPoR',#3018,'BEAM',$,$,#3955,$,'B/891',.NOTDEFINED.,.RIGID_FRAME.);
#3957= IFCCARTESIANPOINT((42500.,26600.5020446777,40770.));
#3958= IFCAXIS2PLACEMENT3D(#3957,#9,#8);
#3959= IFCLOCALPLACEMENT(#3955,#3958);
#3960= IFCSHAPEREPRESENTATION(#12,'Body','SweptSolid',(#3814));
#3961= IFCPRODUCTDEFINITIONSHAPE($,$,(#3960));
#3962= IFCBEAM('2as8NW5hr2lAumVwXH3pRP',#3018,'main piece','IPE160','IPE160',#3959,#3961,'b/786');
#3963= IFCLOCALPLACEMENT(#42,#10);
#3964= IFCELEMENTASSEMBLY('02_lHhvlzEYwrS$$L2P6NK',#3018,'BEAM',$,$,#3963,$,'B/891',.NOTDEFINED.,.RIGID_FRAME.);
#3965= IFCCARTESIANPOINT((40374.9997253418,26600.5020446777,40770.));
#3966= IFCAXIS2PLACEMENT3D(#3965,#9,#8);
#3967= IFCLOCALPLACEMENT(#3963,#3966);
#3968= IFCSHAPEREPRESENTATION(#12,'Body','SweptSolid',(#3814));
#3969= IFCPRODUCTDEFINITIONSHAPE($,$,(#3968));
#3970= IFCBEAM('2rpXWCaz52VBKbKqihyPfM',#3018,'main piece','IPE160','IPE160',#3967,#3969,'b/786');
#3971= IFCLOCALPLACEMENT(#42,#10);
#3972= IFCELEMENTASSEMBLY('0KQ6p3lr51hPC$8VGeY8ft',#3018,'BEAM',$,$,#3971,$,'B/892',.NOTDEFINED.,.RIGID_FRAME.);
#3973= IFCCARTESIANPOINT((38249.9997253418,26597.6143188477,40770.));
#3974= IFCAXIS2PLACEMENT3D(#3973,#9,#8);
#3975= IFCLOCALPLACEMENT(#3971,#3974);
#3976= IFCCARTESIANPOINT((597.888946533203,0.,0.));
#3977= IFCAXIS2PLACEMENT3D(#3976,#88,#56);
#3978= IFCEXTRUDEDAREASOLID(#3072,#3977,#9,597.89);
#3979= IFCSHAPEREPRESENTATION(#12,'Body','SweptSolid',(#3978));
#3980= IFCPRODUCTDEFINITIONSHAPE($,$,(#3979));
#3981= IFCBEAM('2EWjLuqA526x15fgJgmNmP',#3018,'main piece','IPE160','IPE160',#3975,#3980,'b/787');
#3982= IFCLOCALPLACEMENT(#42,#10);
#3983= IFCELEMENTASSEMBLY('2qptGqYJ96f8RCDsfE6mpE',#3018,'BEAM',$,$,#3982,$,'B/891',.NOTDEFINED.,.RIGID_FRAME.);
#3984= IFCCARTESIANPOINT((36124.9997253418,26600.4677124023,40770.));
#3985= IFCAXIS2PLACEMENT3D(#3984,#9,#8);
#3986= IFCLOCALPLACEMENT(#3982,#3985);
#3987= IFCCARTESIANPOINT((595.035552978516,0.,0.));
#3988= IFCAXIS2PLACEMENT3D(#3987,#88,#56);
#3989= IFCEXTRUDEDAREASOLID(#3072,#3988,#9,595.04);
#3990= IFCSHAPEREPRESENTATION(#12,'Body','SweptSolid',(#3989));
#3991= IFCPRODUCTDEFINITIONSHAPE($,$,(#3990));
#3992= IFCBEAM('2X0jYl1Tv5awPDdljBoXZn',#3018,'main piece','IPE160','IPE160',#3986,#3991,'b/786');
#3993= IFCLOCALPLACEMENT(#42,#10);
#3994= IFCELEMENTASSEMBLY('2HG_b$QrL4iApHcqMcIJQ6',#3018,'BEAM',$,$,#3993,$,'B/891',.NOTDEFINED.,.RIGID_FRAME.);
#3995= IFCCARTESIANPOINT((34000.,26600.4524536133,40770.));
#3996= IFCAXIS2PLACEMENT3D(#3995,#9,#8);
#3997= IFCLOCALPLACEMENT(#3993,#3996);
#3998= IFCSHAPEREPRESENTATION(#12,'Body','SweptSolid',(#3801));
#3999= IFCPRODUCTDEFINITIONSHAPE($,$,(#3998));
#4000= IFCBEAM('1IiHhIInrCIwCXDLZUXF6w',#3018,'main piece','IPE160','IPE160',#3997,#3999,'b/786');
#4001= IFCLOCALPLACEMENT(#42,#10);
#4002= IFCELEMENTASSEMBLY('2xDaAm53X4y8Nbemiw4diS',#3018,'BEAM',$,$,#4001,$,'B/891',.NOTDEFINED.,.RIGID_FRAME.);
#4003= IFCCARTESIANPOINT((31874.9997253418,26600.5020446777,40770.));
#4004= IFCAXIS2PLACEMENT3D(#4003,#9,#8);
#4005= IFCLOCALPLACEMENT(#4001,#4004);
#4006= IFCSHAPEREPRESENTATION(#12,'Body','SweptSolid',(#3814));
#4007= IFCPRODUCTDEFINITIONSHAPE($,$,(#4006));
#4008= IFCBEAM('2$D1Bt5g1A8uJk$irgZZ86',#3018,'main piece','IPE160','IPE160',#4005,#4007,'b/786');
#4009= IFCLOCALPLACEMENT(#42,#10);
#4010= IFCELEMENTASSEMBLY('2AwTn2l7L0Qxcq7Vb74uMI',#3018,'BEAM',$,$,#4009,$,'B/891',.NOTDEFINED.,.RIGID_FRAME.);
#4011= IFCCARTESIANPOINT((29749.9997253418,26600.6050415039,40770.));
#4012= IFCAXIS2PLACEMENT3D(#4011,#9,#8);
#4013= IFCLOCALPLACEMENT(#4009,#4012);
#4014= IFCSHAPEREPRESENTATION(#12,'Body','SweptSolid',(#3825));
#4015= IFCPRODUCTDEFINITIONSHAPE($,$,(#4014));
#4016= IFCBEAM('3ISgMlpOnFPecF1p7gpliM',#3018,'main piece','IPE160','IPE160',#4013,#4015,'b/786');
#4017= IFCLOCALPLACEMENT(#42,#10);
#4018= IFCELEMENTASSEMBLY('0diKCDj2H75e_1NCeq2uPc',#3018,'BEAM',$,$,#4017,$,'B/891',.NOTDEFINED.,.RIGID_FRAME.);
#4019= IFCCARTESIANPOINT((27624.9997253418,26600.5020446777,40770.));
#4020= IFCAXIS2PLACEMENT3D(#4019,#9,#8);
#4021= IFCLOCALPLACEMENT(#4017,#4020);
#4022= IFCSHAPEREPRESENTATION(#12,'Body','SweptSolid',(#3814));
#4023= IFCPRODUCTDEFINITIONSHAPE($,$,(#4022));
#4024= IFCBEAM('0N9Anvn8LCXhN_znYfxKuk',#3018,'main piece','IPE160','IPE160',#4021,#4023,'b/786');
#4025= IFCLOCALPLACEMENT(#42,#10);
#4026= IFCELEMENTASSEMBLY('0nF9SLhTP1XvlJlxROdsz7',#3018,'BEAM',$,$,#4025,$,'B/891',.NOTDEFINED.,.RIGID_FRAME.);
#4027= IFCCARTESIANPOINT((25499.9997253418,26600.5020446777,40770.));
#4028= IFCAXIS2PLACEMENT3D(#4027,#9,#8);
#4029= IFCLOCALPLACEMENT(#4025,#4028);
#4030= IFCSHAPEREPRESENTATION(#12,'Body','SweptSolid',(#3814));
#4031= IFCPRODUCTDEFINITIONSHAPE($,$,(#4030));
#4032= IFCBEAM('1PUJp3_eT0rQzGA1uyQZrg',#3018,'main piece','IPE160','IPE160',#4029,#4031,'b/786');
#4033= IFCLOCALPLACEMENT(#42,#10);
#4034= IFCELEMENTASSEMBLY('1CK20Igb50GQi_HCaYhZ4w',#3018,'BEAM',$,$,#4033,$,'B/890',.NOTDEFINED.,.RIGID_FRAME.);
#4035= IFCPROPERTYSINGLEVALUE('AssemblyMark',$,IFCIDENTIFIER('B/890'),$);
#4036= IFCPROPERTYSET('1WQ4W1i9D6Be_awzMKsKGZ',#5,'AISC_EM11_Pset_AssemblyIdentification','AssemblyIdentity',(#4035,#52,#53));
#4037= IFCCARTESIANPOINT((23194.999420166,26589.6110839844,40770.));
#4038= IFCAXIS2PLACEMENT3D(#4037,#9,#8);
#4039= IFCLOCALPLACEMENT(#4033,#4038);
#4040= IFCCARTESIANPOINT((605.892181396484,0.,0.));
#4041= IFCAXIS2PLACEMENT3D(#4040,#88,#56);
#4042= IFCEXTRUDEDAREASOLID(#3072,#4041,#9,605.89);
#4043= IFCSHAPEREPRESENTATION(#12,'Body','SweptSolid',(#4042));
#4044= IFCPRODUCTDEFINITIONSHAPE($,$,(#4043));
#4045= IFCBEAM('2r7m8rKGL7KP5fvX8sD6Ps',#3018,'main piece','IPE160','IPE160',#4039,#4044,'b/785');
#4046= IFCPROPERTYSINGLEVALUE('IndicationMark',$,IFCIDENTIFIER('b/785'),$);
#4047= IFCPROPERTYSET('0FV7CXKfr2cur8Yq2I43Jd',#5,'AISC_EM11_Pset_PieceIdentification','PieceIdentity',(#2347,#4046,#72,#73));
#4048= IFCLOCALPLACEMENT(#42,#10);
#4049= IFCELEMENTASSEMBLY('0E6W8oDE91leGPS0ePmEIe',#3018,'BEAM',$,$,#4048,$,'B/926',.NOTDEFINED.,.RIGID_FRAME.);
#4050= IFCPROPERTYSINGLEVALUE('AssemblyMark',$,IFCIDENTIFIER('B/926'),$);
#4051= IFCPROPERTYSET('1kRp$HF5XC7gExeV24sAtd',#5,'AISC_EM11_Pset_AssemblyIdentification','AssemblyIdentity',(#4050,#52,#53));
#4052= IFCCARTESIANPOINT((20775.0002975464,25009.9443932895,40770.));
#4053= IFCAXIS2PLACEMENT3D(#4052,#9,#8);
#4054= IFCLOCALPLACEMENT(#4048,#4053);
#4055= IFCCARTESIANPOINT((2185.55887209135,0.,0.));
#4056= IFCAXIS2PLACEMENT3D(#4055,#88,#56);
#4057= IFCEXTRUDEDAREASOLID(#3072,#4056,#9,2185.56);
#4058= IFCSHAPEREPRESENTATION(#12,'Body','SweptSolid',(#4057));
#4059= IFCPRODUCTDEFINITIONSHAPE($,$,(#4058));
#4060= IFCBEAM('1SwbGtX497WAX3Wq2xkieF',#3018,'main piece','IPE160','IPE160',#4054,#4059,'b/822');
#4061= IFCPROPERTYSINGLEVALUE('IndicationMark',$,IFCIDENTIFIER('b/822'),$);
#4062= IFCPROPERTYSET('0pNO_aapbBNh5ikBvFyjNH',#5,'AISC_EM11_Pset_PieceIdentification','PieceIdentity',(#2347,#4061,#72,#73));
#4063= IFCLOCALPLACEMENT(#42,#10);
#4064= IFCELEMENTASSEMBLY('0ggR8bMIjABRcRidTvroWt',#3018,'BEAM',$,$,#4063,$,'B/925',.NOTDEFINED.,.RIGID_FRAME.);
#4065= IFCPROPERTYSINGLEVALUE('AssemblyMark',$,IFCIDENTIFIER('B/925'),$);
#4066= IFCPROPERTYSET('12Swrf2XX6oAcHIuCT9NKs',#5,'AISC_EM11_Pset_AssemblyIdentification','AssemblyIdentity',(#4065,#52,#53));
#4067= IFCCARTESIANPOINT((18349.9962921143,25043.6644515835,40770.));
#4068= IFCDIRECTION((0.00232541400051441,0.999997296221208,0.));
#4069= IFCAXIS2PLACEMENT3D(#4067,#9,#4068);
#4070= IFCLOCALPLACEMENT(#4063,#4069);
#4071= IFCCARTESIANPOINT((2151.84463190901,0.,-7.27595761418343E-12));
#4072= IFCAXIS2PLACEMENT3D(#4071,#88,#56);
#4073= IFCEXTRUDEDAREASOLID(#3072,#4072,#9,2151.84);
#4074= IFCSHAPEREPRESENTATION(#12,'Body','SweptSolid',(#4073));
#4075= IFCPRODUCTDEFINITIONSHAPE($,$,(#4074));
#4076= IFCBEAM('0cWoMcRBjFkhCsfnGqZquY',#3018,'main piece','IPE160','IPE160',#4070,#4075,'b/821');
#4077= IFCPROPERTYSINGLEVALUE('IndicationMark',$,IFCIDENTIFIER('b/821'),$);
#4078= IFCPROPERTYSET('2ryrcFjc95PPyT_5vOr8rm',#5,'AISC_EM11_Pset_PieceIdentification','PieceIdentity',(#2347,#4077,#72,#73));
#4079= IFCLOCALPLACEMENT(#42,#10);
#4080= IFCELEMENTASSEMBLY('0h4MKtfhL9fwruajlzNgNR',#3018,'BEAM',$,$,#4079,$,'B/888',.NOTDEFINED.,.RIGID_FRAME.);
#4081= IFCCARTESIANPOINT((15901.7006988525,27248.0061645508,40770.));
#4082= IFCAXIS2PLACEMENT3D(#4081,#9,#7);
#4083= IFCLOCALPLACEMENT(#4079,#4082);
#4084= IFCCARTESIANPOINT((70197.1263885498,0.,0.));
#4085= IFCAXIS2PLACEMENT3D(#4084,#88,#56);
#4086= IFCEXTRUDEDAREASOLID(#3026,#4085,#9,70197.13);
#4087= IFCSHAPEREPRESENTATION(#12,'Body','SweptSolid',(#4086));
#4088= IFCPRODUCTDEFINITIONSHAPE($,$,(#4087));
#4089= IFCBEAM('2PwYDmivPEp9T8PH8BdDTk',#3018,'main piece','UPN160','UPN160',#4083,#4088,'b/783');
#4090= IFCOWNERHISTORY(#3,#4,$,.NOCHANGE.,$,$,$,1778270400);
#4091= IFCLOCALPLACEMENT(#42,#10);
#4092= IFCELEMENTASSEMBLY('3KOZlUUCjBOhJsN3oVTX5s',#4090,'COLUMN',$,$,#4091,$,'C/109',.NOTDEFINED.,.RIGID_FRAME.);
#4093= IFCPROPERTYSINGLEVALUE('AssemblyMark',$,IFCIDENTIFIER('C/109'),$);
#4094= IFCPROPERTYSET('3Ztzb5guzD2Azr_NaQ3lvo',#5,'AISC_EM11_Pset_AssemblyIdentification','AssemblyIdentity',(#4093,#52,#53));
#4095= IFCCARTESIANPOINT((84999.9994506836,0.210482605201832,37200.));
#4096= IFCAXIS2PLACEMENT3D(#4095,#9,#8);
#4097= IFCLOCALPLACEMENT(#4091,#4096);
#4098= IFCRECTANGLEHOLLOWPROFILEDEF(.AREA.,'[]450*38',#61,450.,450.,38.,38.,76.);
#4099= IFCCARTESIANPOINT((0.,0.,19649.9999995805));
#4100= IFCAXIS2PLACEMENT3D(#4099,#63,#8);
#4101= IFCEXTRUDEDAREASOLID(#4098,#4100,#9,19650.);
#4102= IFCSHAPEREPRESENTATION(#12,'Body','SweptSolid',(#4101));
#4103= IFCPRODUCTDEFINITIONSHAPE($,$,(#4102));
#4104= IFCCOLUMN('2JsIjpw4j3BfreMlcGs5CY',#4090,'main piece','[]450*38','[]450*38',#4097,#4103,'c/15');
#4105= IFCPROPERTYSINGLEVALUE('IndicationMark',$,IFCIDENTIFIER('c/15'),$);
#4106= IFCPROPERTYSET('3TqP$DATL9_uWM4snzJgvI',#5,'AISC_EM11_Pset_PieceIdentification','PieceIdentity',(#70,#4105,#72,#73));
#4107= IFCLOCALPLACEMENT(#42,#10);
#4108= IFCELEMENTASSEMBLY('2xxeFAS2bB1OCLpjfun3PD',#4090,'COLUMN',$,$,#4107,$,'C/109',.NOTDEFINED.,.RIGID_FRAME.);
#4109= IFCCARTESIANPOINT((84999.9994506836,25500.2104826052,37200.));
#4110= IFCAXIS2PLACEMENT3D(#4109,#9,#8);
#4111= IFCLOCALPLACEMENT(#4107,#4110);
#4112= IFCSHAPEREPRESENTATION(#12,'Body','SweptSolid',(#4101));
#4113= IFCPRODUCTDEFINITIONSHAPE($,$,(#4112));
#4114= IFCCOLUMN('1vADNxBuT1Vgw8G$elAfTd',#4090,'main piece','[]450*38','[]450*38',#4111,#4113,'c/15');
#4115= IFCOWNERHISTORY(#3,#4,$,.NOCHANGE.,$,$,$,1776459600);
#4116= IFCLOCALPLACEMENT(#42,#10);
#4117= IFCELEMENTASSEMBLY('3CUzzPZ9D3XvPZBN01qlGp',#4115,'COLUMN',$,$,#4116,$,'C/109',.NOTDEFINED.,.RIGID_FRAME.);
#4118= IFCCARTESIANPOINT((17000.,0.210482605201832,37200.));
#4119= IFCAXIS2PLACEMENT3D(#4118,#9,#8);
#4120= IFCLOCALPLACEMENT(#4116,#4119);
#4121= IFCSHAPEREPRESENTATION(#12,'Body','SweptSolid',(#4101));
#4122= IFCPRODUCTDEFINITIONSHAPE($,$,(#4121));
#4123= IFCCOLUMN('26NUmuvIHETQyA0s3aarlx',#4115,'main piece','[]450*38','[]450*38',#4120,#4122,'c/15');
#4124= IFCOWNERHISTORY(#3,#4,$,.NOCHANGE.,$,$,$,1776373200);
#4125= IFCLOCALPLACEMENT(#42,#10);
#4126= IFCELEMENTASSEMBLY('3jO$hE0zTBcvBnx_36Y6pO',#4124,'COLUMN',$,$,#4125,$,'C/109',.NOTDEFINED.,.RIGID_FRAME.);
#4127= IFCCARTESIANPOINT((16999.9994506836,25500.2104826052,37200.));
#4128= IFCAXIS2PLACEMENT3D(#4127,#9,#8);
#4129= IFCLOCALPLACEMENT(#4125,#4128);
#4130= IFCSHAPEREPRESENTATION(#12,'Body','SweptSolid',(#4101));
#4131= IFCPRODUCTDEFINITIONSHAPE($,$,(#4130));
#4132= IFCCOLUMN('0w9GC9KfH5EQyHZCqDIy1p',#4124,'main piece','[]450*38','[]450*38',#4129,#4131,'c/15');
#4133= IFCOWNERHISTORY(#3,#4,$,.NOCHANGE.,$,$,$,1763478000);
#4134= IFCLOCALPLACEMENT(#42,#10);
#4135= IFCELEMENTASSEMBLY('1iOIfIPIrCOOwiENmlOJ3W',#4133,'BEAM',$,$,#4134,$,'B/680',.NOTDEFINED.,.RIGID_FRAME.);
#4136= IFCPROPERTYSINGLEVALUE('AssemblyMark',$,IFCIDENTIFIER('B/680'),$);
#4137= IFCPROPERTYSET('0NpaHFp9v6NAB85646Ursf',#5,'AISC_EM11_Pset_AssemblyIdentification','AssemblyIdentity',(#4136,#52,#53));
#4138= IFCCARTESIANPOINT((78912.959777832,8120.30072416109,40700.));
#4139= IFCAXIS2PLACEMENT3D(#4138,#9,#7);
#4140= IFCLOCALPLACEMENT(#4134,#4139);
#4141= IFCISHAPEPROFILEDEF(.AREA.,'IPE300',#61,150.,300.,7.099999905,10.69999981,15.);
#4142= IFCCARTESIANPOINT((5900.,0.,0.));
#4143= IFCAXIS2PLACEMENT3D(#4142,#88,#56);
#4144= IFCEXTRUDEDAREASOLID(#4141,#4143,#9,5900.);
#4145= IFCSHAPEREPRESENTATION(#12,'Body','SweptSolid',(#4144));
#4146= IFCPRODUCTDEFINITIONSHAPE($,$,(#4145));
#4147= IFCBEAM('0oWP0Oycj3v9B_IcSdb09v',#4133,'main piece','IPE300','IPE300',#4140,#4146,'b/575');
#4148= IFCPROPERTYSINGLEVALUE('IndicationMark',$,IFCIDENTIFIER('b/575'),$);
#4149= IFCPROPERTYSET('2M4l$3yYDBkOiXSzrW5KoF',#5,'AISC_EM11_Pset_PieceIdentification','PieceIdentity',(#2347,#4148,#72,#73));
#4150= IFCLOCALPLACEMENT(#42,#10);
#4151= IFCELEMENTASSEMBLY('2jYxMy__vCCevJ$BnaKFE9',#4133,'BEAM',$,$,#4150,$,'B/679',.NOTDEFINED.,.RIGID_FRAME.);
#4152= IFCPROPERTYSINGLEVALUE('AssemblyMark',$,IFCIDENTIFIER('B/679'),$);
#4153= IFCPROPERTYSET('3NaS_H84vCFOhEPWBQ49zf',#5,'AISC_EM11_Pset_AssemblyIdentification','AssemblyIdentity',(#4152,#52,#53));
#4154= IFCCARTESIANPOINT((78912.8987426758,17380.3104897861,40700.));
#4155= IFCAXIS2PLACEMENT3D(#4154,#9,#7);
#4156= IFCLOCALPLACEMENT(#4150,#4155);
#4157= IFCCARTESIANPOINT((5892.08984375,0.,0.));
#4158= IFCAXIS2PLACEMENT3D(#4157,#88,#56);
#4159= IFCEXTRUDEDAREASOLID(#4141,#4158,#9,5892.09);
#4160= IFCSHAPEREPRESENTATION(#12,'Body','SweptSolid',(#4159));
#4161= IFCPRODUCTDEFINITIONSHAPE($,$,(#4160));
#4162= IFCBEAM('2isjKK16f5Dwp_fMPmOKf9',#4133,'main piece','IPE300','IPE300',#4156,#4161,'b/574');
#4163= IFCPROPERTYSINGLEVALUE('IndicationMark',$,IFCIDENTIFIER('b/574'),$);
#4164= IFCPROPERTYSET('3Oen2wzs9AJRSqGLy_ZawG',#5,'AISC_EM11_Pset_PieceIdentification','PieceIdentity',(#2347,#4163,#72,#73));
#4165= IFCLOCALPLACEMENT(#42,#10);
#4166= IFCELEMENTASSEMBLY('3HKFxqlyPBlOtEkPdVd6nK',#4133,'BEAM',$,$,#4165,$,'B/611',.NOTDEFINED.,.RIGID_FRAME.);
#4167= IFCPROPERTYSINGLEVALUE('AssemblyMark',$,IFCIDENTIFIER('B/611'),$);
#4168= IFCPROPERTYSET('2oiPkVr0b3FBDTISbqj_sn',#5,'AISC_EM11_Pset_AssemblyIdentification','AssemblyIdentity',(#4167,#52,#53));
#4169= IFCCARTESIANPOINT((82949.1650695801,17475.3107568149,40715.));
#4170= IFCAXIS2PLACEMENT3D(#4169,#9,#8);
#4171= IFCLOCALPLACEMENT(#4165,#4170);
#4172= IFCISHAPEPROFILEDEF(.AREA.,'IPE270',#61,135.,270.,6.599999905,10.19999981,15.);
#4173= IFCCARTESIANPOINT((7120.01609802246,0.,0.));
#4174= IFCAXIS2PLACEMENT3D(#4173,#88,#56);
#4175= IFCEXTRUDEDAREASOLID(#4172,#4174,#9,7120.02);
#4176= IFCSHAPEREPRESENTATION(#12,'Body','SweptSolid',(#4175));
#4177= IFCPRODUCTDEFINITIONSHAPE($,$,(#4176));
#4178= IFCBEAM('1TVPB04gb9UvJoVY9S1_Ra',#4133,'main piece','IPE270','IPE270',#4171,#4177,'b/506');
#4179= IFCPROPERTYSINGLEVALUE('IndicationMark',$,IFCIDENTIFIER('b/506'),$);
#4180= IFCPROPERTYSET('34BOmrOSb9zArA7ubHglLh',#5,'AISC_EM11_Pset_PieceIdentification','PieceIdentity',(#2347,#4179,#72,#73));
#4181= IFCLOCALPLACEMENT(#42,#10);
#4182= IFCELEMENTASSEMBLY('2ZUe5rIdLAnB_je0gsl7ci',#4133,'BEAM',$,$,#4181,$,'B/631',.NOTDEFINED.,.RIGID_FRAME.);
#4183= IFCPROPERTYSINGLEVALUE('AssemblyMark',$,IFCIDENTIFIER('B/631'),$);
#4184= IFCPROPERTYSET('2zjPcv1rv7DQyZKb7LMhQJ',#5,'AISC_EM11_Pset_AssemblyIdentification','AssemblyIdentity',(#4183,#52,#53));
#4185= IFCCARTESIANPOINT((80890.8345336914,17475.3107568149,40715.));
#4186= IFCAXIS2PLACEMENT3D(#4185,#9,#8);
#4187= IFCLOCALPLACEMENT(#4181,#4186);
#4188= IFCCARTESIANPOINT((4569.50950622559,0.,0.));
#4189= IFCAXIS2PLACEMENT3D(#4188,#88,#56);
#4190= IFCEXTRUDEDAREASOLID(#4172,#4189,#9,4569.51);
#4191= IFCSHAPEREPRESENTATION(#12,'Body','SweptSolid',(#4190));
#4192= IFCPRODUCTDEFINITIONSHAPE($,$,(#4191));
#4193= IFCBEAM('3KBdcpzdn1PhdNixv7bXdA',#4133,'main piece','IPE270','IPE270',#4187,#4192,'b/526');
#4194= IFCPROPERTYSINGLEVALUE('IndicationMark',$,IFCIDENTIFIER('b/526'),$);
#4195= IFCPROPERTYSET('05IZzALMH9RwV6wo1uaDK8',#5,'AISC_EM11_Pset_PieceIdentification','PieceIdentity',(#2347,#4194,#72,#73));
#4196= IFCLOCALPLACEMENT(#42,#10);
#4197= IFCELEMENTASSEMBLY('1xo51SH0v5PwqiU$gD1XcK',#4133,'BEAM',$,$,#4196,$,'B/612',.NOTDEFINED.,.RIGID_FRAME.);
#4198= IFCPROPERTYSINGLEVALUE('AssemblyMark',$,IFCIDENTIFIER('B/612'),$);
#4199= IFCPROPERTYSET('1SRIhbkX58NRWtLhUzbtd8',#5,'AISC_EM11_Pset_AssemblyIdentification','AssemblyIdentity',(#4198,#52,#53));
#4200= IFCCARTESIANPOINT((81654.9260253906,24682.8226586704,40715.));
#4201= IFCAXIS2PLACEMENT3D(#4200,#9,#7);
#4202= IFCLOCALPLACEMENT(#4196,#4201);
#4203= IFCCARTESIANPOINT((3150.06256104165,0.,-7.27595761418343E-12));
#4204= IFCAXIS2PLACEMENT3D(#4203,#88,#56);
#4205= IFCEXTRUDEDAREASOLID(#4172,#4204,#9,3150.06);
#4206= IFCSHAPEREPRESENTATION(#12,'Body','SweptSolid',(#4205));
#4207= IFCPRODUCTDEFINITIONSHAPE($,$,(#4206));
#4208= IFCBEAM('1qRGpv4fHF4w$4dbph_hiY',#4133,'main piece','IPE270','IPE270',#4202,#4207,'b/507');
#4209= IFCPROPERTYSINGLEVALUE('IndicationMark',$,IFCIDENTIFIER('b/507'),$);
#4210= IFCPROPERTYSET('17hqmx0xr0R9uwhyzXL0pb',#5,'AISC_EM11_Pset_PieceIdentification','PieceIdentity',(#2347,#4209,#72,#73));
#4211= IFCLOCALPLACEMENT(#42,#10);
#4212= IFCELEMENTASSEMBLY('11xLtqh6L6GB_ZEw7g3bma',#4133,'BEAM',$,$,#4211,$,'B/678',.NOTDEFINED.,.RIGID_FRAME.);
#4213= IFCPROPERTYSINGLEVALUE('AssemblyMark',$,IFCIDENTIFIER('B/678'),$);
#4214= IFCPROPERTYSET('14wQLm7O97Rgp5FcQYfLop',#5,'AISC_EM11_Pset_AssemblyIdentification','AssemblyIdentity',(#4213,#52,#53));
#4215= IFCCARTESIANPOINT((79344.2303771973,17475.3107568149,40700.));
#4216= IFCDIRECTION((0.293325667908204,0.956012579700814,0.));
#4217= IFCAXIS2PLACEMENT3D(#4215,#9,#4216);
#4218= IFCLOCALPLACEMENT(#4211,#4217);
#4219= IFCCARTESIANPOINT((7776.71069606328,4.31694163530909E-13,0.));
#4220= IFCAXIS2PLACEMENT3D(#4219,#88,#56);
#4221= IFCEXTRUDEDAREASOLID(#4141,#4220,#9,7776.71);
#4222= IFCSHAPEREPRESENTATION(#12,'Body','SweptSolid',(#4221));
#4223= IFCPRODUCTDEFINITIONSHAPE($,$,(#4222));
#4224= IFCBEAM('1G9TZxmwL2Z8MiVWRhw1p4',#4133,'main piece','IPE300','IPE300',#4218,#4223,'b/573');
#4225= IFCPROPERTYSINGLEVALUE('IndicationMark',$,IFCIDENTIFIER('b/573'),$);
#4226= IFCPROPERTYSET('10d$u8AI97o9vcDIpmnXsR',#5,'AISC_EM11_Pset_PieceIdentification','PieceIdentity',(#2347,#4225,#72,#73));
#4227= IFCLOCALPLACEMENT(#42,#10);
#4228= IFCELEMENTASSEMBLY('1C1sWj8On7fx3x3p_XoGzX',#4133,'BEAM',$,$,#4227,$,'B/613',.NOTDEFINED.,.RIGID_FRAME.);
#4229= IFCPROPERTYSINGLEVALUE('AssemblyMark',$,IFCIDENTIFIER('B/613'),$);
#4230= IFCPROPERTYSET('34r_ww0nTCFeA0BQJiSZEd',#5,'AISC_EM11_Pset_AssemblyIdentification','AssemblyIdentity',(#4229,#52,#53));
#4231= IFCCARTESIANPOINT((78912.944519043,19557.7177544956,40715.));
#4232= IFCAXIS2PLACEMENT3D(#4231,#9,#7);
#4233= IFCLOCALPLACEMENT(#4227,#4232);
#4234= IFCCARTESIANPOINT((968.215942382813,0.,0.));
#4235= IFCAXIS2PLACEMENT3D(#4234,#88,#56);
#4236= IFCEXTRUDEDAREASOLID(#4172,#4235,#9,968.22);
#4237= IFCSHAPEREPRESENTATION(#12,'Body','SweptSolid',(#4236));
#4238= IFCPRODUCTDEFINITIONSHAPE($,$,(#4237));
#4239= IFCBEAM('2UIzlxu$P7yxFA2JIEYCrr',#4133,'main piece','IPE270','IPE270',#4233,#4238,'b/508');
#4240= IFCPROPERTYSINGLEVALUE('IndicationMark',$,IFCIDENTIFIER('b/508'),$);
#4241= IFCPROPERTYSET('3jTR3FwWXC8uC71U4Mq$PY',#5,'AISC_EM11_Pset_PieceIdentification','PieceIdentity',(#2347,#4240,#72,#73));
#4242= IFCLOCALPLACEMENT(#42,#10);
#4243= IFCELEMENTASSEMBLY('0HWVQkptbDvQdvvGwpCSJu',#4133,'BEAM',$,$,#4242,$,'B/604',.NOTDEFINED.,.RIGID_FRAME.);
#4244= IFCPROPERTYSINGLEVALUE('AssemblyMark',$,IFCIDENTIFIER('B/604'),$);
#4245= IFCPROPERTYSET('2mYCNO$Vn9mAydtL3RoiIk',#5,'AISC_EM11_Pset_AssemblyIdentification','AssemblyIdentity',(#4244,#52,#53));
#4246= IFCCARTESIANPOINT((74283.4279174805,17630.2523156528,40715.));
#4247= IFCDIRECTION((1.41279999980789E-05,0.9999999999002,0.));
#4248= IFCAXIS2PLACEMENT3D(#4246,#9,#4247);
#4249= IFCLOCALPLACEMENT(#4242,#4248);
#4250= IFCCARTESIANPOINT((6856.99939679841,0.,-7.27595761418343E-12));
#4251= IFCAXIS2PLACEMENT3D(#4250,#88,#56);
#4252= IFCEXTRUDEDAREASOLID(#4172,#4251,#9,6857.);
#4253= IFCSHAPEREPRESENTATION(#12,'Body','SweptSolid',(#4252));
#4254= IFCPRODUCTDEFINITIONSHAPE($,$,(#4253));
#4255= IFCBEAM('1lYfZQCdz4CvdXKFA3YsUL',#4133,'main piece','IPE270','IPE270',#4249,#4254,'b/499');
#4256= IFCPROPERTYSINGLEVALUE('IndicationMark',$,IFCIDENTIFIER('b/499'),$);
#4257= IFCPROPERTYSET('3nGQ2YGPrEqeqQc3PdUQM$',#5,'AISC_EM11_Pset_PieceIdentification','PieceIdentity',(#2347,#4256,#72,#73));
#4258= IFCLOCALPLACEMENT(#42,#10);
#4259= IFCELEMENTASSEMBLY('2CFLJ38W5D9vH3fJ8a1IYA',#4133,'BEAM',$,$,#4258,$,'B/677',.NOTDEFINED.,.RIGID_FRAME.);
#4260= IFCPROPERTYSINGLEVALUE('AssemblyMark',$,IFCIDENTIFIER('B/677'),$);
#4261= IFCPROPERTYSET('2$eTFC7dj1$xkLPgVKJylp',#5,'AISC_EM11_Pset_AssemblyIdentification','AssemblyIdentity',(#4260,#52,#53));
#4262= IFCCARTESIANPOINT((72183.883392334,24487.2335931186,40715.));
#4263= IFCAXIS2PLACEMENT3D(#4262,#9,#56);
#4264= IFCLOCALPLACEMENT(#4258,#4263);
#4265= IFCCARTESIANPOINT((6329.09965515137,0.,0.));
#4266= IFCAXIS2PLACEMENT3D(#4265,#88,#56);
#4267= IFCEXTRUDEDAREASOLID(#4172,#4266,#9,6329.1);
#4268= IFCSHAPEREPRESENTATION(#12,'Body','SweptSolid',(#4267));
#4269= IFCPRODUCTDEFINITIONSHAPE($,$,(#4268));
#4270= IFCBEAM('0z_7p9J0HFW89ZEWKvBQyU',#4133,'main piece','IPE270','IPE270',#4264,#4269,'b/572');
#4271= IFCPROPERTYSINGLEVALUE('IndicationMark',$,IFCIDENTIFIER('b/572'),$);
#4272= IFCPROPERTYSET('1SdL9h6u551g8veEbrdT$l',#5,'AISC_EM11_Pset_PieceIdentification','PieceIdentity',(#2347,#4271,#72,#73));
#4273= IFCLOCALPLACEMENT(#42,#10);
#4274= IFCELEMENTASSEMBLY('2pONzoIZH9ie7sO7$LbV0b',#4133,'BEAM',$,$,#4273,$,'B/623',.NOTDEFINED.,.RIGID_FRAME.);
#4275= IFCPROPERTYSINGLEVALUE('AssemblyMark',$,IFCIDENTIFIER('B/623'),$);
#4276= IFCPROPERTYSET('3z$kzfO0L12OoW4XyDx8lw',#5,'AISC_EM11_Pset_AssemblyIdentification','AssemblyIdentity',(#4275,#52,#53));
#4277= IFCCARTESIANPOINT((70089.9998779297,18130.2446862583,40715.));
#4278= IFCAXIS2PLACEMENT3D(#4277,#9,#8);
#4279= IFCLOCALPLACEMENT(#4273,#4278);
#4280= IFCCARTESIANPOINT((6357.00035095215,0.,0.));
#4281= IFCAXIS2PLACEMENT3D(#4280,#88,#56);
#4282= IFCEXTRUDEDAREASOLID(#4172,#4281,#9,6357.);
#4283= IFCSHAPEREPRESENTATION(#12,'Body','SweptSolid',(#4282));
#4284= IFCPRODUCTDEFINITIONSHAPE($,$,(#4283));
#4285= IFCBEAM('3DTrHyHG54PR1PBbFhzKDD',#4133,'main piece','IPE270','IPE270',#4279,#4284,'b/518');
#4286= IFCPROPERTYSINGLEVALUE('IndicationMark',$,IFCIDENTIFIER('b/518'),$);
#4287= IFCPROPERTYSET('3UHoEVzxj9UQ4mohk6EVrC',#5,'AISC_EM11_Pset_PieceIdentification','PieceIdentity',(#2347,#4286,#72,#73));
#4288= IFCLOCALPLACEMENT(#42,#10);
#4289= IFCELEMENTASSEMBLY('3_oMsMamj2lwW0k_VEtNXs',#4133,'BEAM',$,$,#4288,$,'B/660',.NOTDEFINED.,.RIGID_FRAME.);
#4290= IFCPROPERTYSINGLEVALUE('AssemblyMark',$,IFCIDENTIFIER('B/660'),$);
#4291= IFCPROPERTYSET('3hTHNeGM59QQSHLvxaOEKf',#5,'AISC_EM11_Pset_AssemblyIdentification','AssemblyIdentity',(#4290,#52,#53));
#4292= IFCCARTESIANPOINT((66817.6571960449,18998.6776849155,40715.));
#4293= IFCAXIS2PLACEMENT3D(#4292,#9,#8);
#4294= IFCLOCALPLACEMENT(#4288,#4293);
#4295= IFCCARTESIANPOINT((574.600219726563,0.,0.));
#4296= IFCAXIS2PLACEMENT3D(#4295,#88,#56);
#4297= IFCEXTRUDEDAREASOLID(#4172,#4296,#9,574.6);
#4298= IFCSHAPEREPRESENTATION(#12,'Body','SweptSolid',(#4297));
#4299= IFCPRODUCTDEFINITIONSHAPE($,$,(#4298));
#4300= IFCBEAM('3$X1zvUeLAWgFSJSiZ70mV',#4133,'main piece','IPE270','IPE270',#4294,#4299,'b/555');
#4301= IFCPROPERTYSINGLEVALUE('IndicationMark',$,IFCIDENTIFIER('b/555'),$);
#4302= IFCPROPERTYSET('02W6w91q59xv$Qy2h99dhG',#5,'AISC_EM11_Pset_PieceIdentification','PieceIdentity',(#2347,#4301,#72,#73));
#4303= IFCLOCALPLACEMENT(#42,#10);
#4304= IFCELEMENTASSEMBLY('21bXzl1TfCvQpe2$vBzdx2',#4133,'BEAM',$,$,#4303,$,'B/676',.NOTDEFINED.,.RIGID_FRAME.);
#4305= IFCPROPERTYSINGLEVALUE('AssemblyMark',$,IFCIDENTIFIER('B/676'),$);
#4306= IFCPROPERTYSET('0PZoJnnAT2GQzItkTgwCku',#5,'AISC_EM11_Pset_AssemblyIdentification','AssemblyIdentity',(#4305,#52,#53));
#4307= IFCCARTESIANPOINT((64882.6901550293,18998.7749596958,40715.));
#4308= IFCAXIS2PLACEMENT3D(#4307,#9,#2748);
#4309= IFCLOCALPLACEMENT(#4303,#4308);
#4310= IFCCARTESIANPOINT((587.200049926465,-1.24344447229272E-19,-7.27595761418343E-12));
#4311= IFCAXIS2PLACEMENT3D(#4310,#88,#56);
#4312= IFCEXTRUDEDAREASOLID(#4172,#4311,#9,587.2);
#4313= IFCSHAPEREPRESENTATION(#12,'Body','SweptSolid',(#4312));
#4314= IFCPRODUCTDEFINITIONSHAPE($,$,(#4313));
#4315= IFCBEAM('1Pue0V_3PBaB9AQkoOSoOU',#4133,'main piece','IPE270','IPE270',#4309,#4314,'b/571');
#4316= IFCPROPERTYSINGLEVALUE('IndicationMark',$,IFCIDENTIFIER('b/571'),$);
#4317= IFCPROPERTYSET('3Lu6PU5BX0JBoRWQxlnS40',#5,'AISC_EM11_Pset_PieceIdentification','PieceIdentity',(#2347,#4316,#72,#73));
#4318= IFCCARTESIANPOINT((65874.9997253418,18017.5337334995,40715.));
#4319= IFCAXIS2PLACEMENT3D(#4318,#9,#2748);
#4320= IFCLOCALPLACEMENT(#1554,#4319);
#4321= IFCCARTESIANPOINT((833.442862273314,0.,7.27595761418343E-12));
#4322= IFCAXIS2PLACEMENT3D(#4321,#88,#56);
#4323= IFCEXTRUDEDAREASOLID(#4172,#4322,#9,833.44);
#4324= IFCDIRECTION((-0.998367073425502,-0.0571243091844371,0.));
#4325= IFCCARTESIANPOINT((-2.62857735304351,89.0622895555862,-119.999999999993));
#4326= IFCAXIS2PLACEMENT3D(#4325,#4324,#9);
#4327= IFCPLANE(#4326);
#4328= IFCHALFSPACESOLID(#4327,.F.);
#4329= IFCBOOLEANCLIPPINGRESULT(.DIFFERENCE.,#4323,#4328);
#4330= IFCSHAPEREPRESENTATION(#12,'Body','Clipping',(#4329));
#4331= IFCPRODUCTDEFINITIONSHAPE($,$,(#4330));
#4332= IFCBEAM('30OsvQP5X56BZZz$PZqwje',#300,'main piece','IPE270','IPE270',#4320,#4331,'b/570(?)');
#4333= IFCLOCALPLACEMENT(#1554,#1560);
#4334= IFCCARTESIANPOINT((0.,-35.4367572958867,0.));
#4335= IFCAXIS2PLACEMENT3D(#4334,#8,#7);
#4336= IFCEXTRUDEDAREASOLID(#650,#4335,#9,6.81);
#4337= IFCSHAPEREPRESENTATION(#12,'Body','SweptSolid',(#4336));
#4338= IFCREPRESENTATIONMAP(#10,#4337);
#4339= IFCMAPPEDITEM(#4338,#332);
#4340= IFCMAPPEDITEM(#4338,#337);
#4341= IFCMAPPEDITEM(#4338,#340);
#4342= IFCSHAPEREPRESENTATION(#12,'Body','MappedRepresentation',(#4339,#4340,#4341));
#4343= IFCPRODUCTDEFINITIONSHAPE($,$,(#4342));
#4344= IFCOPENINGELEMENT('0k1u5Ej15BmvcRre66mP_Q',#5,$,$,'Opening',#4333,#4343,$);
#4345= IFCRELVOIDSELEMENT('2I8zPmyvjFaQ5EiqSP1Cpc',#5,'Drill Hole',$,#4332,#4344);
#4346= IFCPROPERTYSINGLEVALUE('IndicationMark',$,IFCIDENTIFIER('b/570(?)'),$);
#4347= IFCPROPERTYSET('3ZaDh$U_P4Jfyaw8F4XWPN',#5,'AISC_EM11_Pset_PieceIdentification','PieceIdentity',(#2347,#4346,#72,#73));
#4348= IFCPROPERTYSINGLEVALUE('SkewedAngleX',$,IFCREAL(-3.27476),$);
#4349= IFCPROPERTYSET('2MngO3Ryv6uQ9F21W2neQ5',#5,'AISC_EM11_Pset_SkewedEnd',$,(#78,#4348));
#4350= IFCLOCALPLACEMENT(#42,#10);
#4351= IFCELEMENTASSEMBLY('06UQx_xEr6AgDxuI$N$Q3t',#4133,'BEAM',$,$,#4350,$,'B/658',.NOTDEFINED.,.RIGID_FRAME.);
#4352= IFCPROPERTYSINGLEVALUE('AssemblyMark',$,IFCIDENTIFIER('B/658'),$);
#4353= IFCPROPERTYSET('33F$HlceD1g8Xs7ZE2_RVE',#5,'AISC_EM11_Pset_AssemblyIdentification','AssemblyIdentity',(#4352,#52,#53));
#4354= IFCCARTESIANPOINT((63830.2037353516,18918.4727212314,40715.));
#4355= IFCAXIS2PLACEMENT3D(#4354,#9,#2441);
#4356= IFCLOCALPLACEMENT(#4350,#4355);
#4357= IFCCARTESIANPOINT((3910.90393069255,8.28166120710734E-19,0.));
#4358= IFCAXIS2PLACEMENT3D(#4357,#88,#56);
#4359= IFCEXTRUDEDAREASOLID(#4172,#4358,#9,3910.9);
#4360= IFCSHAPEREPRESENTATION(#12,'Body','SweptSolid',(#4359));
#4361= IFCPRODUCTDEFINITIONSHAPE($,$,(#4360));
#4362= IFCBEAM('3IkaXFrUPET8AtubmLTU3e',#4133,'main piece','IPE270','IPE270',#4356,#4361,'b/553');
#4363= IFCPROPERTYSINGLEVALUE('IndicationMark',$,IFCIDENTIFIER('b/553'),$);
#4364= IFCPROPERTYSET('3Sq5U8gF94rBrSyI_rUscJ',#5,'AISC_EM11_Pset_PieceIdentification','PieceIdentity',(#2347,#4363,#72,#73));
#4365= IFCLOCALPLACEMENT(#42,#10);
#4366= IFCELEMENTASSEMBLY('2jp5FNYmH0CfBmUYB1FQLp',#4133,'BEAM',$,$,#4365,$,'B/674',.NOTDEFINED.,.RIGID_FRAME.);
#4367= IFCPROPERTYSINGLEVALUE('AssemblyMark',$,IFCIDENTIFIER('B/674'),$);
#4368= IFCPROPERTYSET('3oaa1r4w181ACmuOaF5vF_',#5,'AISC_EM11_Pset_AssemblyIdentification','AssemblyIdentity',(#4367,#52,#53));
#4369= IFCCARTESIANPOINT((63830.2189941406,19653.473331583,40715.));
#4370= IFCAXIS2PLACEMENT3D(#4369,#9,#2441);
#4371= IFCLOCALPLACEMENT(#4365,#4370);
#4372= IFCCARTESIANPOINT((3889.90020754056,0.,0.));
#4373= IFCAXIS2PLACEMENT3D(#4372,#88,#56);
#4374= IFCEXTRUDEDAREASOLID(#4172,#4373,#9,3889.9);
#4375= IFCSHAPEREPRESENTATION(#12,'Body','SweptSolid',(#4374));
#4376= IFCPRODUCTDEFINITIONSHAPE($,$,(#4375));
#4377= IFCBEAM('31pigb0tvAthrVjMwkaby5',#4133,'main piece','IPE270','IPE270',#4371,#4376,'b/569');
#4378= IFCPROPERTYSINGLEVALUE('IndicationMark',$,IFCIDENTIFIER('b/569'),$);
#4379= IFCPROPERTYSET('27wuvmjNDCO8MWwyspwVu0',#5,'AISC_EM11_Pset_PieceIdentification','PieceIdentity',(#2347,#4378,#72,#73));
#4380= IFCLOCALPLACEMENT(#42,#10);
#4381= IFCELEMENTASSEMBLY('0FgGnwkJbDxxeL$jFOmZAn',#4133,'BEAM',$,$,#4380,$,'B/673',.NOTDEFINED.,.RIGID_FRAME.);
#4382= IFCPROPERTYSINGLEVALUE('AssemblyMark',$,IFCIDENTIFIER('B/673'),$);
#4383= IFCPROPERTYSET('0xOzJQibj2x8qx9h8G$fej',#5,'AISC_EM11_Pset_AssemblyIdentification','AssemblyIdentity',(#4382,#52,#53));
#4384= IFCCARTESIANPOINT((65802.5014038086,20615.2929803256,40715.));
#4385= IFCAXIS2PLACEMENT3D(#4384,#9,#56);
#4386= IFCLOCALPLACEMENT(#4380,#4385);
#4387= IFCCARTESIANPOINT((874.317169189453,0.,0.));
#4388= IFCAXIS2PLACEMENT3D(#4387,#88,#56);
#4389= IFCEXTRUDEDAREASOLID(#4172,#4388,#9,874.32);
#4390= IFCSHAPEREPRESENTATION(#12,'Body','SweptSolid',(#4389));
#4391= IFCPRODUCTDEFINITIONSHAPE($,$,(#4390));
#4392= IFCBEAM('1REt9a2zD3ZR3hZ1mEL9Tf',#4133,'main piece','IPE270','IPE270',#4386,#4391,'b/568');
#4393= IFCPROPERTYSINGLEVALUE('IndicationMark',$,IFCIDENTIFIER('b/568'),$);
#4394= IFCPROPERTYSET('3rEReSWpj6tRWiO5l8_EgT',#5,'AISC_EM11_Pset_PieceIdentification','PieceIdentity',(#2347,#4393,#72,#73));
#4395= IFCLOCALPLACEMENT(#42,#10);
#4396= IFCELEMENTASSEMBLY('0xnv8mIkn3CekZu0JEzWLT',#4133,'BEAM',$,$,#4395,$,'B/672',.NOTDEFINED.,.RIGID_FRAME.);
#4397= IFCPROPERTYSINGLEVALUE('AssemblyMark',$,IFCIDENTIFIER('B/672'),$);
#4398= IFCPROPERTYSET('0Cf2BY3hfASONzDUNeraKz',#5,'AISC_EM11_Pset_AssemblyIdentification','AssemblyIdentity',(#4397,#52,#53));
#4399= IFCCARTESIANPOINT((67312.5416870117,20783.0461999301,40715.));
#4400= IFCAXIS2PLACEMENT3D(#4399,#9,#8);
#4401= IFCLOCALPLACEMENT(#4395,#4400);
#4402= IFCCARTESIANPOINT((417.247772216797,0.,0.));
#4403= IFCAXIS2PLACEMENT3D(#4402,#88,#56);
#4404= IFCEXTRUDEDAREASOLID(#4172,#4403,#9,417.25);
#4405= IFCSHAPEREPRESENTATION(#12,'Body','SweptSolid',(#4404));
#4406= IFCPRODUCTDEFINITIONSHAPE($,$,(#4405));
#4407= IFCBEAM('0TPFCwYQP7Wv5Vd$x7II4I',#4133,'main piece','IPE270','IPE270',#4401,#4406,'b/567');
#4408= IFCPROPERTYSINGLEVALUE('IndicationMark',$,IFCIDENTIFIER('b/567'),$);
#4409= IFCPROPERTYSET('1TwTIQ8qL5n8ojmbJgQg80',#5,'AISC_EM11_Pset_PieceIdentification','PieceIdentity',(#2347,#4408,#72,#73));
#4410= IFCLOCALPLACEMENT(#42,#10);
#4411= IFCELEMENTASSEMBLY('0quqetHgj2$QPyyoj_Ewh3',#4133,'BEAM',$,$,#4410,$,'B/672',.NOTDEFINED.,.RIGID_FRAME.);
#4412= IFCCARTESIANPOINT((66142.5397033691,20783.0442925815,40715.));
#4413= IFCAXIS2PLACEMENT3D(#4412,#9,#8);
#4414= IFCLOCALPLACEMENT(#4410,#4413);
#4415= IFCSHAPEREPRESENTATION(#12,'Body','SweptSolid',(#4404));
#4416= IFCPRODUCTDEFINITIONSHAPE($,$,(#4415));
#4417= IFCBEAM('3sYJvDVT5AAesSbcBg_wyS',#4133,'main piece','IPE270','IPE270',#4414,#4416,'b/567');
#4418= IFCLOCALPLACEMENT(#42,#10);
#4419= IFCELEMENTASSEMBLY('2HdmpgHaPDl8vLvXvfCM2k',#4133,'BEAM',$,$,#4418,$,'B/672',.NOTDEFINED.,.RIGID_FRAME.);
#4420= IFCCARTESIANPOINT((65407.4399108887,20783.0423852329,40715.));
#4421= IFCAXIS2PLACEMENT3D(#4420,#9,#8);
#4422= IFCLOCALPLACEMENT(#4418,#4421);
#4423= IFCCARTESIANPOINT((417.24967956543,0.,0.));
#4424= IFCAXIS2PLACEMENT3D(#4423,#88,#56);
#4425= IFCEXTRUDEDAREASOLID(#4172,#4424,#9,417.25);
#4426= IFCSHAPEREPRESENTATION(#12,'Body','SweptSolid',(#4425));
#4427= IFCPRODUCTDEFINITIONSHAPE($,$,(#4426));
#4428= IFCBEAM('15ORiH3Fr9lwm08NYfQZe0',#4133,'main piece','IPE270','IPE270',#4422,#4427,'b/567');
#4429= IFCLOCALPLACEMENT(#42,#10);
#4430= IFCELEMENTASSEMBLY('12jGX0A_5ACwu74MD2swHI',#4133,'BEAM',$,$,#4429,$,'B/672',.NOTDEFINED.,.RIGID_FRAME.);
#4431= IFCCARTESIANPOINT((64890.1860351563,20783.0404778842,40715.));
#4432= IFCAXIS2PLACEMENT3D(#4431,#9,#8);
#4433= IFCLOCALPLACEMENT(#4429,#4432);
#4434= IFCSHAPEREPRESENTATION(#12,'Body','SweptSolid',(#4425));
#4435= IFCPRODUCTDEFINITIONSHAPE($,$,(#4434));
#4436= IFCBEAM('3BQoZUOzXCre$QRjlJbRsC',#4133,'main piece','IPE270','IPE270',#4433,#4435,'b/567');
#4437= IFCLOCALPLACEMENT(#42,#10);
#4438= IFCELEMENTASSEMBLY('0VZPSYotTDfhJc3w3ah6bS',#4133,'BEAM',$,$,#4437,$,'B/671',.NOTDEFINED.,.RIGID_FRAME.);
#4439= IFCPROPERTYSINGLEVALUE('AssemblyMark',$,IFCIDENTIFIER('B/671'),$);
#4440= IFCPROPERTYSET('1s2XCkGVX1Axej6z5OVkPg',#5,'AISC_EM11_Pset_AssemblyIdentification','AssemblyIdentity',(#4439,#52,#53));
#4441= IFCCARTESIANPOINT((63830.2952880859,20702.789737833,40715.));
#4442= IFCAXIS2PLACEMENT3D(#4441,#9,#2441);
#4443= IFCLOCALPLACEMENT(#4437,#4442);
#4444= IFCCARTESIANPOINT((3859.90142826035,0.,-7.27595761418343E-12));
#4445= IFCAXIS2PLACEMENT3D(#4444,#88,#56);
#4446= IFCEXTRUDEDAREASOLID(#4172,#4445,#9,3859.9);
#4447= IFCSHAPEREPRESENTATION(#12,'Body','SweptSolid',(#4446));
#4448= IFCPRODUCTDEFINITIONSHAPE($,$,(#4447));
#4449= IFCBEAM('0YboH_vcv8CxBikdc0ewqj',#4133,'main piece','IPE270','IPE270',#4443,#4448,'b/566');
#4450= IFCPROPERTYSINGLEVALUE('IndicationMark',$,IFCIDENTIFIER('b/566'),$);
#4451= IFCPROPERTYSET('0zsSvDYpT6tRyhN_J1WPh2',#5,'AISC_EM11_Pset_PieceIdentification','PieceIdentity',(#2347,#4450,#72,#73));
#4452= IFCLOCALPLACEMENT(#42,#10);
#4453= IFCELEMENTASSEMBLY('2s3KVmcOH3qAHLjWOWZZxR',#4133,'BEAM',$,$,#4452,$,'B/670',.NOTDEFINED.,.RIGID_FRAME.);
#4454= IFCPROPERTYSINGLEVALUE('AssemblyMark',$,IFCIDENTIFIER('B/670'),$);
#4455= IFCPROPERTYSET('0MYNeNOI10OO9BHLh2YYOD',#5,'AISC_EM11_Pset_AssemblyIdentification','AssemblyIdentity',(#4454,#52,#53));
#4456= IFCCARTESIANPOINT((63830.2952880859,21287.7888223056,40715.));
#4457= IFCAXIS2PLACEMENT3D(#4456,#9,#2441);
#4458= IFCLOCALPLACEMENT(#4452,#4457);
#4459= IFCCARTESIANPOINT((3843.20068362272,0.,0.));
#4460= IFCAXIS2PLACEMENT3D(#4459,#88,#56);
#4461= IFCEXTRUDEDAREASOLID(#4172,#4460,#9,3843.2);
#4462= IFCSHAPEREPRESENTATION(#12,'Body','SweptSolid',(#4461));
#4463= IFCPRODUCTDEFINITIONSHAPE($,$,(#4462));
#4464= IFCBEAM('1BZLbIRzzDoAFFucEvIAOU',#4133,'main piece','IPE270','IPE270',#4458,#4463,'b/565');
#4465= IFCPROPERTYSINGLEVALUE('IndicationMark',$,IFCIDENTIFIER('b/565'),$);
#4466= IFCPROPERTYSET('3w3UUUUAPBDfBEBKTsTXPn',#5,'AISC_EM11_Pset_PieceIdentification','PieceIdentity',(#2347,#4465,#72,#73));
#4467= IFCLOCALPLACEMENT(#42,#10);
#4468= IFCELEMENTASSEMBLY('2iHo5hdEb7muztjrS8nmHt',#4133,'BEAM',$,$,#4467,$,'B/669',.NOTDEFINED.,.RIGID_FRAME.);
#4469= IFCPROPERTYSINGLEVALUE('AssemblyMark',$,IFCIDENTIFIER('B/669'),$);
#4470= IFCPROPERTYSET('3ibJWb3Mv2TQBl5KaCh9Es',#5,'AISC_EM11_Pset_AssemblyIdentification','AssemblyIdentity',(#4469,#52,#53));
#4471= IFCCARTESIANPOINT((65802.5014038086,24499.92699827,40715.));
#4472= IFCDIRECTION((-0.00163348899976547,-0.999998665855954,0.));
#4473= IFCAXIS2PLACEMENT3D(#4471,#9,#4472);
#4474= IFCLOCALPLACEMENT(#4467,#4473);
#4475= IFCCARTESIANPOINT((3124.63986511857,0.,0.));
#4476= IFCAXIS2PLACEMENT3D(#4475,#88,#56);
#4477= IFCEXTRUDEDAREASOLID(#4172,#4476,#9,3124.64);
#4478= IFCSHAPEREPRESENTATION(#12,'Body','SweptSolid',(#4477));
#4479= IFCPRODUCTDEFINITIONSHAPE($,$,(#4478));
#4480= IFCBEAM('1Id3pDljvBueFEF5RGRMvb',#4133,'main piece','IPE270','IPE270',#4474,#4479,'b/564');
#4481= IFCPROPERTYSINGLEVALUE('IndicationMark',$,IFCIDENTIFIER('b/564'),$);
#4482= IFCPROPERTYSET('0jL3Id55P2oALGhL4cje_P',#5,'AISC_EM11_Pset_PieceIdentification','PieceIdentity',(#2347,#4481,#72,#73));
#4483= IFCCARTESIANPOINT((63749.9997253418,17899.2571374301,40715.));
#4484= IFCAXIS2PLACEMENT3D(#4483,#9,#8);
#4485= IFCLOCALPLACEMENT(#1814,#4484);
#4486= IFCCARTESIANPOINT((6587.99934387207,0.,0.));
#4487= IFCAXIS2PLACEMENT3D(#4486,#88,#56);
#4488= IFCEXTRUDEDAREASOLID(#4172,#4487,#9,6588.);
#4489= IFCDIRECTION((-0.998366961974073,-0.0571262569985199,0.));
#4490= IFCCARTESIANPOINT((-5.90395565346262,89.0632771697638,-120.));
#4491= IFCAXIS2PLACEMENT3D(#4490,#4489,#9);
#4492= IFCPLANE(#4491);
#4493= IFCHALFSPACESOLID(#4492,.F.);
#4494= IFCBOOLEANCLIPPINGRESULT(.DIFFERENCE.,#4488,#4493);
#4495= IFCSHAPEREPRESENTATION(#12,'Body','Clipping',(#4494));
#4496= IFCPRODUCTDEFINITIONSHAPE($,$,(#4495));
#4497= IFCBEAM('0fFJOMSl93puDA6qgj8x0m',#300,'main piece','IPE270','IPE270',#4485,#4496,'b/417(?)');
#4498= IFCLOCALPLACEMENT(#1814,#1817);
#4499= IFCCARTESIANPOINT((0.,-35.437853802509,0.));
#4500= IFCAXIS2PLACEMENT3D(#4499,#8,#7);
#4501= IFCEXTRUDEDAREASOLID(#650,#4500,#9,6.81);
#4502= IFCSHAPEREPRESENTATION(#12,'Body','SweptSolid',(#4501));
#4503= IFCREPRESENTATIONMAP(#10,#4502);
#4504= IFCMAPPEDITEM(#4503,#332);
#4505= IFCMAPPEDITEM(#4503,#337);
#4506= IFCMAPPEDITEM(#4503,#340);
#4507= IFCSHAPEREPRESENTATION(#12,'Body','MappedRepresentation',(#4504,#4505,#4506));
#4508= IFCPRODUCTDEFINITIONSHAPE($,$,(#4507));
#4509= IFCOPENINGELEMENT('3QyXbB$Rz4meWV0KVODEFY',#5,$,$,'Opening',#4498,#4508,$);
#4510= IFCRELVOIDSELEMENT('2LndrsDJD5UvKyuY1Avh5Q',#5,'Drill Hole',$,#4497,#4509);
#4511= IFCPROPERTYSINGLEVALUE('IndicationMark',$,IFCIDENTIFIER('b/417(?)'),$);
#4512= IFCPROPERTYSET('0Bp4m59C1A2vrUBe7R2eVW',#5,'AISC_EM11_Pset_PieceIdentification','PieceIdentity',(#2347,#4511,#72,#73));
#4513= IFCCARTESIANPOINT((61624.9997253418,24487.2393151645,40715.));
#4514= IFCAXIS2PLACEMENT3D(#4513,#9,#56);
#4515= IFCLOCALPLACEMENT(#1898,#4514);
#4516= IFCCARTESIANPOINT((6706.30073547363,0.,0.));
#4517= IFCAXIS2PLACEMENT3D(#4516,#88,#56);
#4518= IFCEXTRUDEDAREASOLID(#4172,#4517,#9,6706.3);
#4519= IFCDIRECTION((0.998366961974073,0.0571262569985199,0.));
#4520= IFCCARTESIANPOINT((6715.43787721132,-89.0632771698147,-120.));
#4521= IFCAXIS2PLACEMENT3D(#4520,#4519,#9);
#4522= IFCPLANE(#4521);
#4523= IFCHALFSPACESOLID(#4522,.F.);
#4524= IFCBOOLEANCLIPPINGRESULT(.DIFFERENCE.,#4518,#4523);
#4525= IFCSHAPEREPRESENTATION(#12,'Body','Clipping',(#4524));
#4526= IFCPRODUCTDEFINITIONSHAPE($,$,(#4525));
#4527= IFCBEAM('3ELTGebmn4UhykR$YKYSR3',#300,'main piece','IPE270','IPE270',#4515,#4526,'b/520(?)');
#4528= IFCLOCALPLACEMENT(#1898,#1901);
#4529= IFCSHAPEREPRESENTATION(#12,'Body','MappedRepresentation',(#4504,#4505,#4506));
#4530= IFCPRODUCTDEFINITIONSHAPE($,$,(#4529));
#4531= IFCOPENINGELEMENT('05dUF5B5XCgxsny5w0q8Zz',#5,$,$,'Opening',#4528,#4530,$);
#4532= IFCRELVOIDSELEMENT('0muw001J14gwcglMViML9P',#5,'Drill Hole',$,#4527,#4531);
#4533= IFCPROPERTYSINGLEVALUE('IndicationMark',$,IFCIDENTIFIER('b/520(?)'),$);
#4534= IFCPROPERTYSET('36BFXaubD1_xBTyztbkDit',#5,'AISC_EM11_Pset_PieceIdentification','PieceIdentity',(#2347,#4533,#72,#73));
#4535= IFCLOCALPLACEMENT(#42,#10);
#4536= IFCELEMENTASSEMBLY('1yc9iGogv42hQeIsjAtzxz',#4133,'BEAM',$,$,#4535,$,'B/668',.NOTDEFINED.,.RIGID_FRAME.);
#4537= IFCPROPERTYSINGLEVALUE('AssemblyMark',$,IFCIDENTIFIER('B/668'),$);
#4538= IFCPROPERTYSET('3HZ3ym3pD0ohR2ZYUWj8cH',#5,'AISC_EM11_Pset_AssemblyIdentification','AssemblyIdentity',(#4537,#52,#53));
#4539= IFCCARTESIANPOINT((57390.0010223389,17545.0205346469,40715.));
#4540= IFCAXIS2PLACEMENT3D(#4539,#9,#8);
#4541= IFCLOCALPLACEMENT(#4535,#4540);
#4542= IFCCARTESIANPOINT((6942.19970703125,0.,0.));
#4543= IFCAXIS2PLACEMENT3D(#4542,#88,#56);
#4544= IFCEXTRUDEDAREASOLID(#4172,#4543,#9,6942.2);
#4545= IFCSHAPEREPRESENTATION(#12,'Body','SweptSolid',(#4544));
#4546= IFCPRODUCTDEFINITIONSHAPE($,$,(#4545));
#4547= IFCBEAM('1MAvqnezr3IRb9f3qwZHM1',#4133,'main piece','IPE270','IPE270',#4541,#4546,'b/563');
#4548= IFCPROPERTYSINGLEVALUE('IndicationMark',$,IFCIDENTIFIER('b/563'),$);
#4549= IFCPROPERTYSET('1Mo1LyBx9AhwFMHE2AH8xR',#5,'AISC_EM11_Pset_PieceIdentification','PieceIdentity',(#2347,#4548,#72,#73));
#4550= IFCCARTESIANPOINT((55259.9999542236,24487.2126122836,40715.));
#4551= IFCAXIS2PLACEMENT3D(#4550,#9,#56);
#4552= IFCLOCALPLACEMENT(#1965,#4551);
#4553= IFCCARTESIANPOINT((7060.80055236816,0.,0.));
#4554= IFCAXIS2PLACEMENT3D(#4553,#88,#56);
#4555= IFCEXTRUDEDAREASOLID(#4172,#4554,#9,7060.8);
#4556= IFCCARTESIANPOINT((7079.4943845025,-89.0632771697929,-120.));
#4557= IFCAXIS2PLACEMENT3D(#4556,#4519,#9);
#4558= IFCPLANE(#4557);
#4559= IFCHALFSPACESOLID(#4558,.F.);
#4560= IFCBOOLEANCLIPPINGRESULT(.DIFFERENCE.,#4555,#4559);
#4561= IFCSHAPEREPRESENTATION(#12,'Body','Clipping',(#4560));
#4562= IFCPRODUCTDEFINITIONSHAPE($,$,(#4561));
#4563= IFCBEAM('1HqS48fZzBgwA89YqkUCYQ',#300,'main piece','IPE270','IPE270',#4552,#4562,'b/562(?)');
#4564= IFCLOCALPLACEMENT(#1965,#1970);
#4565= IFCSHAPEREPRESENTATION(#12,'Body','MappedRepresentation',(#4504,#4505,#4506));
#4566= IFCPRODUCTDEFINITIONSHAPE($,$,(#4565));
#4567= IFCOPENINGELEMENT('00QCOEBOPDzPwXovP35i2x',#5,$,$,'Opening',#4564,#4566,$);
#4568= IFCRELVOIDSELEMENT('05u4tGhcLBqPn3cZyoApaH',#5,'Drill Hole',$,#4563,#4567);
#4569= IFCPROPERTYSINGLEVALUE('IndicationMark',$,IFCIDENTIFIER('b/562(?)'),$);
#4570= IFCPROPERTYSET('3_5W3oAVTDiu72zuNeI8G6',#5,'AISC_EM11_Pset_PieceIdentification','PieceIdentity',(#2347,#4569,#72,#73));
#4571= IFCCARTESIANPOINT((53130.000793457,17375.2607842807,40715.));
#4572= IFCAXIS2PLACEMENT3D(#4571,#9,#8);
#4573= IFCLOCALPLACEMENT(#2034,#4572);
#4574= IFCCARTESIANPOINT((7111.99951171875,0.,0.));
#4575= IFCAXIS2PLACEMENT3D(#4574,#88,#56);
#4576= IFCEXTRUDEDAREASOLID(#4172,#4575,#9,7112.);
#4577= IFCDIRECTION((-0.999998671149737,0.00163024500025562,0.));
#4578= IFCCARTESIANPOINT((13.2689499388871,59.1677285418336,-120.));
#4579= IFCAXIS2PLACEMENT3D(#4578,#4577,#9);
#4580= IFCPLANE(#4579);
#4581= IFCHALFSPACESOLID(#4580,.F.);
#4582= IFCBOOLEANCLIPPINGRESULT(.DIFFERENCE.,#4576,#4581);
#4583= IFCSHAPEREPRESENTATION(#12,'Body','Clipping',(#4582));
#4584= IFCPRODUCTDEFINITIONSHAPE($,$,(#4583));
#4585= IFCBEAM('0pP111sRb45vI8z0eNN391',#300,'main piece','IPE270','IPE270',#4573,#4584,'b/523(?)');
#4586= IFCLOCALPLACEMENT(#2034,#2040);
#4587= IFCCARTESIANPOINT((0.,-2.47652847859835,0.));
#4588= IFCAXIS2PLACEMENT3D(#4587,#8,#7);
#4589= IFCEXTRUDEDAREASOLID(#650,#4588,#9,6.8);
#4590= IFCSHAPEREPRESENTATION(#12,'Body','SweptSolid',(#4589));
#4591= IFCREPRESENTATIONMAP(#10,#4590);
#4592= IFCMAPPEDITEM(#4591,#332);
#4593= IFCMAPPEDITEM(#4591,#337);
#4594= IFCMAPPEDITEM(#4591,#340);
#4595= IFCSHAPEREPRESENTATION(#12,'Body','MappedRepresentation',(#4592,#4593,#4594));
#4596= IFCPRODUCTDEFINITIONSHAPE($,$,(#4595));
#4597= IFCOPENINGELEMENT('0d7waMuG50VPIEV4iROCGf',#5,$,$,'Opening',#4586,#4596,$);
#4598= IFCRELVOIDSELEMENT('3hidvRGojEwx5IuQL2GvDl',#5,'Drill Hole',$,#4585,#4597);
#4599= IFCPROPERTYSINGLEVALUE('IndicationMark',$,IFCIDENTIFIER('b/523(?)'),$);
#4600= IFCPROPERTYSET('2kyFwEwqTE8vTj3Ej5_OQ2',#5,'AISC_EM11_Pset_PieceIdentification','PieceIdentity',(#2347,#4599,#72,#73));
#4601= IFCPROPERTYSINGLEVALUE('SkewedAngleX',$,IFCREAL(0.09341),$);
#4602= IFCPROPERTYSET('0y7GNVmwf0ePP1CIaZWofR',#5,'AISC_EM11_Pset_SkewedEnd',$,(#78,#4601));
#4603= IFCLOCALPLACEMENT(#42,#10);
#4604= IFCELEMENTASSEMBLY('362ZU_c2L3ae5Md7WuZFXz',#4133,'BEAM',$,$,#4603,$,'B/628',.NOTDEFINED.,.RIGID_FRAME.);
#4605= IFCPROPERTYSINGLEVALUE('AssemblyMark',$,IFCIDENTIFIER('B/628'),$);
#4606= IFCPROPERTYSET('0hUhg7HoX2XhcKUYyJupXX',#5,'AISC_EM11_Pset_AssemblyIdentification','AssemblyIdentity',(#4605,#52,#53));
#4607= IFCCARTESIANPOINT((48870.0005645752,17375.2607842807,40715.));
#4608= IFCAXIS2PLACEMENT3D(#4607,#9,#8);
#4609= IFCLOCALPLACEMENT(#4603,#4608);
#4610= IFCSHAPEREPRESENTATION(#12,'Body','SweptSolid',(#4576));
#4611= IFCPRODUCTDEFINITIONSHAPE($,$,(#4610));
#4612= IFCBEAM('2356Pj0dX81ur$2ZLM_3_9',#4133,'main piece','IPE270','IPE270',#4609,#4611,'b/523');
#4613= IFCPROPERTYSINGLEVALUE('IndicationMark',$,IFCIDENTIFIER('b/523'),$);
#4614= IFCPROPERTYSET('1P6FaocgP2b9DzJKE4Ngdq',#5,'AISC_EM11_Pset_PieceIdentification','PieceIdentity',(#2347,#4613,#72,#73));
#4615= IFCLOCALPLACEMENT(#42,#10);
#4616= IFCELEMENTASSEMBLY('2QDqv3kmDE9Aj2DW7QWt4e',#4133,'BEAM',$,$,#4615,$,'B/666',.NOTDEFINED.,.RIGID_FRAME.);
#4617= IFCPROPERTYSINGLEVALUE('AssemblyMark',$,IFCIDENTIFIER('B/666'),$);
#4618= IFCPROPERTYSET('0hFvV0nQnDF9FeSkvrKZhQ',#5,'AISC_EM11_Pset_AssemblyIdentification','AssemblyIdentity',(#4617,#52,#53));
#4619= IFCCARTESIANPOINT((46739.99949646,24487.2335931186,40715.));
#4620= IFCAXIS2PLACEMENT3D(#4619,#9,#56);
#4621= IFCLOCALPLACEMENT(#4615,#4620);
#4622= IFCCARTESIANPOINT((7057.10029602051,0.,0.));
#4623= IFCAXIS2PLACEMENT3D(#4622,#88,#56);
#4624= IFCEXTRUDEDAREASOLID(#4172,#4623,#9,7057.1);
#4625= IFCSHAPEREPRESENTATION(#12,'Body','SweptSolid',(#4624));
#4626= IFCPRODUCTDEFINITIONSHAPE($,$,(#4625));
#4627= IFCBEAM('0Z$jENTZr3nRMYwUCXXJTy',#4133,'main piece','IPE270','IPE270',#4621,#4626,'b/561');
#4628= IFCPROPERTYSINGLEVALUE('IndicationMark',$,IFCIDENTIFIER('b/561'),$);
#4629= IFCPROPERTYSET('2aT7SMl4PATgD8DCneFfbY',#5,'AISC_EM11_Pset_PieceIdentification','PieceIdentity',(#2347,#4628,#72,#73));
#4630= IFCLOCALPLACEMENT(#42,#10);
#4631= IFCELEMENTASSEMBLY('1bhHJA40r5vhh2s3tnUzhq',#4133,'BEAM',$,$,#4630,$,'B/665',.NOTDEFINED.,.RIGID_FRAME.);
#4632= IFCPROPERTYSINGLEVALUE('AssemblyMark',$,IFCIDENTIFIER('B/665'),$);
#4633= IFCPROPERTYSET('0LQxNV6O179B2SHL_8m2BE',#5,'AISC_EM11_Pset_AssemblyIdentification','AssemblyIdentity',(#4632,#52,#53));
#4634= IFCCARTESIANPOINT((44610.0003356934,17548.0341454868,40715.));
#4635= IFCAXIS2PLACEMENT3D(#4634,#9,#8);
#4636= IFCLOCALPLACEMENT(#4630,#4635);
#4637= IFCCARTESIANPOINT((6939.19944763184,0.,0.));
#4638= IFCAXIS2PLACEMENT3D(#4637,#88,#56);
#4639= IFCEXTRUDEDAREASOLID(#4172,#4638,#9,6939.2);
#4640= IFCSHAPEREPRESENTATION(#12,'Body','SweptSolid',(#4639));
#4641= IFCPRODUCTDEFINITIONSHAPE($,$,(#4640));
#4642= IFCBEAM('2_MlOvThr57fGbjcT7n3au',#4133,'main piece','IPE270','IPE270',#4636,#4641,'b/560');
#4643= IFCPROPERTYSINGLEVALUE('IndicationMark',$,IFCIDENTIFIER('b/560'),$);
#4644= IFCPROPERTYSET('1idxYGXhj0Bfs$bV6HCUU5',#5,'AISC_EM11_Pset_PieceIdentification','PieceIdentity',(#2347,#4643,#72,#73));
#4645= IFCLOCALPLACEMENT(#42,#10);
#4646= IFCELEMENTASSEMBLY('0b6ghqGc1BSPBfYII2LZAb',#4133,'BEAM',$,$,#4645,$,'B/664',.NOTDEFINED.,.RIGID_FRAME.);
#4647= IFCPROPERTYSINGLEVALUE('AssemblyMark',$,IFCIDENTIFIER('B/664'),$);
#4648= IFCPROPERTYSET('0BrCt00XXBXPHAbxlpDGwi',#5,'AISC_EM11_Pset_AssemblyIdentification','AssemblyIdentity',(#4647,#52,#53));
#4649= IFCCARTESIANPOINT((37110.2006072998,20790.2426263217,40730.));
#4650= IFCAXIS2PLACEMENT3D(#4649,#9,#8);
#4651= IFCLOCALPLACEMENT(#4645,#4650);
#4652= IFCISHAPEPROFILEDEF(.AREA.,'IPE240',#61,120.,240.,6.199999809,9.800000191,15.);
#4653= IFCCARTESIANPOINT((409.999847412109,0.,0.));
#4654= IFCAXIS2PLACEMENT3D(#4653,#88,#56);
#4655= IFCEXTRUDEDAREASOLID(#4652,#4654,#9,410.);
#4656= IFCSHAPEREPRESENTATION(#12,'Body','SweptSolid',(#4655));
#4657= IFCPRODUCTDEFINITIONSHAPE($,$,(#4656));
#4658= IFCBEAM('1dtaGeg_DD7u_LTs341K7r',#4133,'main piece','IPE240','IPE240',#4651,#4657,'b/559');
#4659= IFCPROPERTYSINGLEVALUE('IndicationMark',$,IFCIDENTIFIER('b/559'),$);
#4660= IFCPROPERTYSET('1RlVyuafb9ve57Bmo7WwH3',#5,'AISC_EM11_Pset_PieceIdentification','PieceIdentity',(#2347,#4659,#72,#73));
#4661= IFCLOCALPLACEMENT(#42,#10);
#4662= IFCELEMENTASSEMBLY('3cewjIWwbAshkJ6ly4yj0X',#4133,'BEAM',$,$,#4661,$,'B/663',.NOTDEFINED.,.RIGID_FRAME.);
#4663= IFCPROPERTYSINGLEVALUE('AssemblyMark',$,IFCIDENTIFIER('B/663'),$);
#4664= IFCPROPERTYSET('0$osM4YgLEuRGKvlIcNPsG',#5,'AISC_EM11_Pset_AssemblyIdentification','AssemblyIdentity',(#4663,#52,#53));
#4665= IFCCARTESIANPOINT((36022.5598449707,21283.3418389682,40730.));
#4666= IFCAXIS2PLACEMENT3D(#4665,#9,#7);
#4667= IFCLOCALPLACEMENT(#4661,#4666);
#4668= IFCCARTESIANPOINT((2159.93881225586,0.,0.));
#4669= IFCAXIS2PLACEMENT3D(#4668,#88,#56);
#4670= IFCEXTRUDEDAREASOLID(#4652,#4669,#9,2159.94);
#4671= IFCSHAPEREPRESENTATION(#12,'Body','SweptSolid',(#4670));
#4672= IFCPRODUCTDEFINITIONSHAPE($,$,(#4671));
#4673= IFCBEAM('0iHwjtT6vBb88hcyIqXlkg',#4133,'main piece','IPE240','IPE240',#4667,#4672,'b/558');
#4674= IFCPROPERTYSINGLEVALUE('IndicationMark',$,IFCIDENTIFIER('b/558'),$);
#4675= IFCPROPERTYSET('389PMJUaD4DxaZa6Pp1e18',#5,'AISC_EM11_Pset_PieceIdentification','PieceIdentity',(#2347,#4674,#72,#73));
#4676= IFCLOCALPLACEMENT(#42,#10);
#4677= IFCELEMENTASSEMBLY('3zKeg3D395sxpEpbVBaWjX',#4133,'BEAM',$,$,#4676,$,'B/663',.NOTDEFINED.,.RIGID_FRAME.);
#4678= IFCCARTESIANPOINT((36022.5598449707,20713.3440514926,40730.));
#4679= IFCDIRECTION((0.999998969784182,-0.00143541999969001,0.));
#4680= IFCAXIS2PLACEMENT3D(#4678,#9,#4679);
#4681= IFCLOCALPLACEMENT(#4676,#4680);
#4682= IFCCARTESIANPOINT((2159.9219639418,-3.63797880709171E-12,0.));
#4683= IFCAXIS2PLACEMENT3D(#4682,#88,#56);
#4684= IFCEXTRUDEDAREASOLID(#4652,#4683,#9,2159.92);
#4685= IFCSHAPEREPRESENTATION(#12,'Body','SweptSolid',(#4684));
#4686= IFCPRODUCTDEFINITIONSHAPE($,$,(#4685));
#4687= IFCBEAM('0qJz34Oh9BgBznW3m811a_',#4133,'main piece','IPE240','IPE240',#4681,#4686,'b/558');
#4688= IFCLOCALPLACEMENT(#42,#10);
#4689= IFCELEMENTASSEMBLY('2KFuG258T7wxS5lbPY0hDj',#4133,'BEAM',$,$,#4688,$,'B/662',.NOTDEFINED.,.RIGID_FRAME.);
#4690= IFCPROPERTYSINGLEVALUE('AssemblyMark',$,IFCIDENTIFIER('B/662'),$);
#4691= IFCPROPERTYSET('2e_sCVR_L6EQLTEUAVBuch',#5,'AISC_EM11_Pset_AssemblyIdentification','AssemblyIdentity',(#4690,#52,#53));
#4692= IFCCARTESIANPOINT((40374.9997253418,17782.4434777622,40715.));
#4693= IFCAXIS2PLACEMENT3D(#4692,#9,#8);
#4694= IFCLOCALPLACEMENT(#4688,#4693);
#4695= IFCCARTESIANPOINT((6704.79965209961,0.,0.));
#4696= IFCAXIS2PLACEMENT3D(#4695,#88,#56);
#4697= IFCEXTRUDEDAREASOLID(#4172,#4696,#9,6704.8);
#4698= IFCSHAPEREPRESENTATION(#12,'Body','SweptSolid',(#4697));
#4699= IFCPRODUCTDEFINITIONSHAPE($,$,(#4698));
#4700= IFCBEAM('1Z0uo8sjL26PFUs1mpdi$p',#4133,'main piece','IPE270','IPE270',#4694,#4699,'b/557');
#4701= IFCPROPERTYSINGLEVALUE('IndicationMark',$,IFCIDENTIFIER('b/557'),$);
#4702= IFCPROPERTYSET('3b9wA1KdjCLPy03EuBBqnM',#5,'AISC_EM11_Pset_PieceIdentification','PieceIdentity',(#2347,#4701,#72,#73));
#4703= IFCLOCALPLACEMENT(#42,#10);
#4704= IFCELEMENTASSEMBLY('0ARx5IHcv8dBzPSvj$0aqh',#4133,'BEAM',$,$,#4703,$,'B/661',.NOTDEFINED.,.RIGID_FRAME.);
#4705= IFCPROPERTYSINGLEVALUE('AssemblyMark',$,IFCIDENTIFIER('B/661'),$);
#4706= IFCPROPERTYSET('26$oQtJMjBFOJ7OhSI5nC$',#5,'AISC_EM11_Pset_AssemblyIdentification','AssemblyIdentity',(#4705,#52,#53));
#4707= IFCCARTESIANPOINT((38249.9997253418,17900.0563165073,40715.));
#4708= IFCAXIS2PLACEMENT3D(#4707,#9,#8);
#4709= IFCLOCALPLACEMENT(#4703,#4708);
#4710= IFCCARTESIANPOINT((6587.20016479492,0.,0.));
#4711= IFCAXIS2PLACEMENT3D(#4710,#88,#56);
#4712= IFCEXTRUDEDAREASOLID(#4172,#4711,#9,6587.2);
#4713= IFCSHAPEREPRESENTATION(#12,'Body','SweptSolid',(#4712));
#4714= IFCPRODUCTDEFINITIONSHAPE($,$,(#4713));
#4715= IFCBEAM('2FQi3U2V572wQfqpmTbyIC',#4133,'main piece','IPE270','IPE270',#4709,#4714,'b/556');
#4716= IFCPROPERTYSINGLEVALUE('IndicationMark',$,IFCIDENTIFIER('b/556'),$);
#4717= IFCPROPERTYSET('1tMgkLBL548A1HFkP00gYy',#5,'AISC_EM11_Pset_PieceIdentification','PieceIdentity',(#2347,#4716,#72,#73));
#4718= IFCLOCALPLACEMENT(#42,#10);
#4719= IFCELEMENTASSEMBLY('2uvjYI1cL53eGMMDE4mUF$',#4133,'BEAM',$,$,#4718,$,'B/466',.NOTDEFINED.,.RIGID_FRAME.);
#4720= IFCPROPERTYSINGLEVALUE('AssemblyMark',$,IFCIDENTIFIER('B/466'),$);
#4721= IFCPROPERTYSET('0KqdP3_N1CdPECjDBfmule',#5,'AISC_EM11_Pset_AssemblyIdentification','AssemblyIdentity',(#4720,#52,#53));
#4722= IFCCARTESIANPOINT((35935.0602264404,19733.642055643,40715.));
#4723= IFCAXIS2PLACEMENT3D(#4722,#9,#8);
#4724= IFCLOCALPLACEMENT(#4718,#4723);
#4725= IFCCARTESIANPOINT((4753.60107421875,0.,0.));
#4726= IFCAXIS2PLACEMENT3D(#4725,#88,#56);
#4727= IFCEXTRUDEDAREASOLID(#4172,#4726,#9,4753.6);
#4728= IFCSHAPEREPRESENTATION(#12,'Body','SweptSolid',(#4727));
#4729= IFCPRODUCTDEFINITIONSHAPE($,$,(#4728));
#4730= IFCBEAM('2YzF1CX6rBoupbni4pDSbP',#4133,'main piece','IPE270','IPE270',#4724,#4729,'b/361');
#4731= IFCPROPERTYSINGLEVALUE('IndicationMark',$,IFCIDENTIFIER('b/361'),$);
#4732= IFCPROPERTYSET('0mztWgFJP8tun4EPHDmEkE',#5,'AISC_EM11_Pset_PieceIdentification','PieceIdentity',(#2347,#4731,#72,#73));
#4733= IFCLOCALPLACEMENT(#42,#10);
#4734= IFCELEMENTASSEMBLY('1S1o$i4D11rhCg2wUxNRzf',#4133,'BEAM',$,$,#4733,$,'B/660',.NOTDEFINED.,.RIGID_FRAME.);
#4735= IFCCARTESIANPOINT((37110.2006072998,18998.6738702182,40715.));
#4736= IFCAXIS2PLACEMENT3D(#4735,#9,#8);
#4737= IFCLOCALPLACEMENT(#4733,#4736);
#4738= IFCCARTESIANPOINT((574.499130249023,0.,0.));
#4739= IFCAXIS2PLACEMENT3D(#4738,#88,#56);
#4740= IFCEXTRUDEDAREASOLID(#4172,#4739,#9,574.5);
#4741= IFCSHAPEREPRESENTATION(#12,'Body','SweptSolid',(#4740));
#4742= IFCPRODUCTDEFINITIONSHAPE($,$,(#4741));
#4743= IFCBEAM('2VTAV7lHDCOwTDkSMgkJQU',#4133,'main piece','IPE270','IPE270',#4737,#4742,'b/555');
#4744= IFCLOCALPLACEMENT(#42,#10);
#4745= IFCELEMENTASSEMBLY('27geYGRWz75AsFnKRtKvyS',#4133,'BEAM',$,$,#4744,$,'B/660',.NOTDEFINED.,.RIGID_FRAME.);
#4746= IFCCARTESIANPOINT((35190.1566619873,18998.6738702182,40715.));
#4747= IFCAXIS2PLACEMENT3D(#4746,#9,#8);
#4748= IFCLOCALPLACEMENT(#4744,#4747);
#4749= IFCSHAPEREPRESENTATION(#12,'Body','SweptSolid',(#4740));
#4750= IFCPRODUCTDEFINITIONSHAPE($,$,(#4749));
#4751= IFCBEAM('1ZM8caPRf9lOuroWo496JH',#4133,'main piece','IPE270','IPE270',#4748,#4750,'b/555');
#4752= IFCLOCALPLACEMENT(#42,#10);
#4753= IFCELEMENTASSEMBLY('120qcIf$L2580POr0KKlsu',#4133,'BEAM',$,$,#4752,$,'B/659',.NOTDEFINED.,.RIGID_FRAME.);
#4754= IFCPROPERTYSINGLEVALUE('AssemblyMark',$,IFCIDENTIFIER('B/659'),$);
#4755= IFCPROPERTYSET('1t4hmCJzP73PrvSsSFTr3q',#5,'AISC_EM11_Pset_AssemblyIdentification','AssemblyIdentity',(#4754,#52,#53));
#4756= IFCCARTESIANPOINT((34279.8840637207,19653.4237405185,40715.));
#4757= IFCAXIS2PLACEMENT3D(#4756,#9,#7);
#4758= IFCLOCALPLACEMENT(#4752,#4757);
#4759= IFCCARTESIANPOINT((3900.,0.,0.));
#4760= IFCAXIS2PLACEMENT3D(#4759,#88,#56);
#4761= IFCEXTRUDEDAREASOLID(#4172,#4760,#9,3900.);
#4762= IFCSHAPEREPRESENTATION(#12,'Body','SweptSolid',(#4761));
#4763= IFCPRODUCTDEFINITIONSHAPE($,$,(#4762));
#4764= IFCBEAM('3WcUXnPy5ALe1gx9rGsbgf',#4133,'main piece','IPE270','IPE270',#4758,#4763,'b/554');
#4765= IFCPROPERTYSINGLEVALUE('IndicationMark',$,IFCIDENTIFIER('b/554'),$);
#4766= IFCPROPERTYSET('0Sj75qLUn5R9UY4s0nPi3k',#5,'AISC_EM11_Pset_PieceIdentification','PieceIdentity',(#2347,#4765,#72,#73));
#4767= IFCLOCALPLACEMENT(#42,#10);
#4768= IFCELEMENTASSEMBLY('24tYt8Fbv9feqYd1SLyWeI',#4133,'BEAM',$,$,#4767,$,'B/658',.NOTDEFINED.,.RIGID_FRAME.);
#4769= IFCCARTESIANPOINT((34258.8955993652,18918.4231301669,40715.));
#4770= IFCAXIS2PLACEMENT3D(#4769,#9,#7);
#4771= IFCLOCALPLACEMENT(#4767,#4770);
#4772= IFCCARTESIANPOINT((3910.9001159668,0.,0.));
#4773= IFCAXIS2PLACEMENT3D(#4772,#88,#56);
#4774= IFCEXTRUDEDAREASOLID(#4172,#4773,#9,3910.9);
#4775= IFCSHAPEREPRESENTATION(#12,'Body','SweptSolid',(#4774));
#4776= IFCPRODUCTDEFINITIONSHAPE($,$,(#4775));
#4777= IFCBEAM('1khte3MA98HfxFKmTjtsuZ',#4133,'main piece','IPE270','IPE270',#4771,#4776,'b/553');
#4778= IFCLOCALPLACEMENT(#42,#10);
#4779= IFCELEMENTASSEMBLY('0DJJbk0UD6k9jacVUK8rYP',#4133,'BEAM',$,$,#4778,$,'B/657',.NOTDEFINED.,.RIGID_FRAME.);
#4780= IFCPROPERTYSINGLEVALUE('AssemblyMark',$,IFCIDENTIFIER('B/657'),$);
#4781= IFCPROPERTYSET('3sjE0zNrT859jGgUyXzIHY',#5,'AISC_EM11_Pset_AssemblyIdentification','AssemblyIdentity',(#4780,#52,#53));
#4782= IFCCARTESIANPOINT((36124.9997253418,18017.6996728305,40715.));
#4783= IFCAXIS2PLACEMENT3D(#4782,#9,#8);
#4784= IFCLOCALPLACEMENT(#4778,#4783);
#4785= IFCCARTESIANPOINT((820.499420166016,0.,0.));
#4786= IFCAXIS2PLACEMENT3D(#4785,#88,#56);
#4787= IFCEXTRUDEDAREASOLID(#4172,#4786,#9,820.5);
#4788= IFCSHAPEREPRESENTATION(#12,'Body','SweptSolid',(#4787));
#4789= IFCPRODUCTDEFINITIONSHAPE($,$,(#4788));
#4790= IFCBEAM('3RNQeTuGvCyf84eNPK$vLX',#4133,'main piece','IPE270','IPE270',#4784,#4789,'b/552');
#4791= IFCPROPERTYSINGLEVALUE('IndicationMark',$,IFCIDENTIFIER('b/552'),$);
#4792= IFCPROPERTYSET('0Apm0e7Sf22xAqCqFFxP7F',#5,'AISC_EM11_Pset_PieceIdentification','PieceIdentity',(#2347,#4791,#72,#73));
#4793= IFCLOCALPLACEMENT(#42,#10);
#4794= IFCELEMENTASSEMBLY('3u7iumpovExPgUw6yg6Jie',#4133,'BEAM',$,$,#4793,$,'B/606',.NOTDEFINED.,.RIGID_FRAME.);
#4795= IFCPROPERTYSINGLEVALUE('AssemblyMark',$,IFCIDENTIFIER('B/606'),$);
#4796= IFCPROPERTYSET('0XRt87dFPCnPBiaMEbMdPN',#5,'AISC_EM11_Pset_AssemblyIdentification','AssemblyIdentity',(#4795,#52,#53));
#4797= IFCCARTESIANPOINT((17195.0013275146,25009.9443932895,40685.));
#4798= IFCAXIS2PLACEMENT3D(#4797,#9,#7);
#4799= IFCLOCALPLACEMENT(#4793,#4798);
#4800= IFCISHAPEPROFILEDEF(.AREA.,'IPE330',#61,160.,330.,7.5,11.5,18.);
#4801= IFCCARTESIANPOINT((5892.29774475098,0.,0.));
#4802= IFCAXIS2PLACEMENT3D(#4801,#88,#56);
#4803= IFCEXTRUDEDAREASOLID(#4800,#4802,#9,5892.3);
#4804= IFCSHAPEREPRESENTATION(#12,'Body','SweptSolid',(#4803));
#4805= IFCPRODUCTDEFINITIONSHAPE($,$,(#4804));
#4806= IFCBEAM('3Rm5r5JiT3ggFYAuJlwBsi',#4133,'main piece','IPE330','IPE330',#4799,#4805,'b/501');
#4807= IFCPROPERTYSINGLEVALUE('IndicationMark',$,IFCIDENTIFIER('b/501'),$);
#4808= IFCPROPERTYSET('0SkOwcW$T25OnJoNJClFdQ',#5,'AISC_EM11_Pset_PieceIdentification','PieceIdentity',(#2347,#4807,#72,#73));
#4809= IFCLOCALPLACEMENT(#42,#10);
#4810= IFCELEMENTASSEMBLY('0XqdXFQwL7mwBIdzHF1R38',#4133,'BEAM',$,$,#4809,$,'B/618',.NOTDEFINED.,.RIGID_FRAME.);
#4811= IFCPROPERTYSINGLEVALUE('AssemblyMark',$,IFCIDENTIFIER('B/618'),$);
#4812= IFCPROPERTYSET('3BOgx$Qaf9Ex_b5juCtJLb',#5,'AISC_EM11_Pset_AssemblyIdentification','AssemblyIdentity',(#4811,#52,#53));
#4813= IFCCARTESIANPOINT((17195.0013275146,17380.2361031894,40700.));
#4814= IFCAXIS2PLACEMENT3D(#4813,#9,#7);
#4815= IFCLOCALPLACEMENT(#4809,#4814);
#4816= IFCCARTESIANPOINT((5879.9991607666,0.,0.));
#4817= IFCAXIS2PLACEMENT3D(#4816,#88,#56);
#4818= IFCEXTRUDEDAREASOLID(#4141,#4817,#9,5880.);
#4819= IFCSHAPEREPRESENTATION(#12,'Body','SweptSolid',(#4818));
#4820= IFCPRODUCTDEFINITIONSHAPE($,$,(#4819));
#4821= IFCBEAM('19cTIOoD17dQyRQ4Y5rSbr',#4133,'main piece','IPE300','IPE300',#4815,#4820,'b/513');
#4822= IFCPROPERTYSINGLEVALUE('IndicationMark',$,IFCIDENTIFIER('b/513'),$);
#4823= IFCPROPERTYSET('1Cuq9wPfv1NRX0k5IsSzvh',#5,'AISC_EM11_Pset_PieceIdentification','PieceIdentity',(#2347,#4822,#72,#73));
#4824= IFCLOCALPLACEMENT(#42,#10);
#4825= IFCELEMENTASSEMBLY('0JNRWG17TE6R2gFGi6MDat',#4133,'BEAM',$,$,#4824,$,'B/656',.NOTDEFINED.,.RIGID_FRAME.);
#4826= IFCPROPERTYSINGLEVALUE('AssemblyMark',$,IFCIDENTIFIER('B/656'),$);
#4827= IFCPROPERTYSET('3E7yFX1nX9mf6XxbstvB1E',#5,'AISC_EM11_Pset_AssemblyIdentification','AssemblyIdentity',(#4826,#52,#53));
#4828= IFCCARTESIANPOINT((52825.2274627686,16362.5616570834,40715.));
#4829= IFCAXIS2PLACEMENT3D(#4828,#9,#56);
#4830= IFCLOCALPLACEMENT(#4824,#4829);
#4831= IFCCARTESIANPOINT((7237.40552915376,0.,0.));
#4832= IFCAXIS2PLACEMENT3D(#4831,#88,#56);
#4833= IFCEXTRUDEDAREASOLID(#4172,#4832,#9,7237.41);
#4834= IFCSHAPEREPRESENTATION(#12,'Body','SweptSolid',(#4833));
#4835= IFCPRODUCTDEFINITIONSHAPE($,$,(#4834));
#4836= IFCBEAM('1sH1sABU5FxBdRiCg0CDFi',#4133,'main piece','IPE270','IPE270',#4830,#4835,'b/551');
#4837= IFCPROPERTYSINGLEVALUE('IndicationMark',$,IFCIDENTIFIER('b/551'),$);
#4838= IFCPROPERTYSET('23xlmzSTD4PPkn9ZwpV7wg',#5,'AISC_EM11_Pset_PieceIdentification','PieceIdentity',(#2347,#4837,#72,#73));
#4839= IFCLOCALPLACEMENT(#42,#10);
#4840= IFCELEMENTASSEMBLY('0Yja712Lr6avi$BsfdySQE',#4133,'BEAM',$,$,#4839,$,'B/655',.NOTDEFINED.,.RIGID_FRAME.);
#4841= IFCPROPERTYSINGLEVALUE('AssemblyMark',$,IFCIDENTIFIER('B/655'),$);
#4842= IFCPROPERTYSET('3f5EKK4A1A_h42KBYAQsko',#5,'AISC_EM11_Pset_AssemblyIdentification','AssemblyIdentity',(#4841,#52,#53));
#4843= IFCCARTESIANPOINT((29324.9642486572,7364.73031247896,40730.));
#4844= IFCDIRECTION((0.000488372999876268,-0.999999880745899,0.));
#4845= IFCAXIS2PLACEMENT3D(#4843,#9,#4844);
#4846= IFCLOCALPLACEMENT(#4839,#4845);
#4847= IFCCARTESIANPOINT((1769.20053599713,0.,0.));
#4848= IFCAXIS2PLACEMENT3D(#4847,#88,#56);
#4849= IFCEXTRUDEDAREASOLID(#4652,#4848,#9,1769.2);
#4850= IFCSHAPEREPRESENTATION(#12,'Body','SweptSolid',(#4849));
#4851= IFCPRODUCTDEFINITIONSHAPE($,$,(#4850));
#4852= IFCBEAM('2jF4fmDtr6ShnYGMfH8Eca',#4133,'main piece','IPE240','IPE240',#4846,#4851,'b/550');
#4853= IFCPROPERTYSINGLEVALUE('IndicationMark',$,IFCIDENTIFIER('b/550'),$);
#4854= IFCPROPERTYSET('3Fk7CxGCP5ZQsQWWXCOMxK',#5,'AISC_EM11_Pset_PieceIdentification','PieceIdentity',(#2347,#4853,#72,#73));
#4855= IFCLOCALPLACEMENT(#42,#10);
#4856= IFCELEMENTASSEMBLY('3vW1GEExLBNASOXVjBvDyg',#4133,'BEAM',$,$,#4855,$,'B/655',.NOTDEFINED.,.RIGID_FRAME.);
#4857= IFCCARTESIANPOINT((28904.9651260376,5595.52998746675,40730.));
#4858= IFCDIRECTION((-1.07799999972766E-06,0.999999999999419,0.));
#4859= IFCAXIS2PLACEMENT3D(#4857,#9,#4858);
#4860= IFCLOCALPLACEMENT(#4855,#4859);
#4861= IFCCARTESIANPOINT((1769.19937133659,0.,0.));
#4862= IFCAXIS2PLACEMENT3D(#4861,#88,#56);
#4863= IFCEXTRUDEDAREASOLID(#4652,#4862,#9,1769.2);
#4864= IFCSHAPEREPRESENTATION(#12,'Body','SweptSolid',(#4863));
#4865= IFCPRODUCTDEFINITIONSHAPE($,$,(#4864));
#4866= IFCBEAM('1bwdgGapvDPe_7tQLBo5MC',#4133,'main piece','IPE240','IPE240',#4860,#4865,'b/550');
#4867= IFCLOCALPLACEMENT(#42,#10);
#4868= IFCELEMENTASSEMBLY('3yQabjwav7BPVDTtQpgNE2',#4133,'BEAM',$,$,#4867,$,'B/654',.NOTDEFINED.,.RIGID_FRAME.);
#4869= IFCPROPERTYSINGLEVALUE('AssemblyMark',$,IFCIDENTIFIER('B/654'),$);
#4870= IFCPROPERTYSET('0l$Ufgo1X9ORBuTyhmqlU9',#5,'AISC_EM11_Pset_AssemblyIdentification','AssemblyIdentity',(#4869,#52,#53));
#4871= IFCCARTESIANPOINT((28005.2353973389,5522.72792066377,40730.));
#4872= IFCAXIS2PLACEMENT3D(#4871,#9,#2441);
#4873= IFCLOCALPLACEMENT(#4867,#4872);
#4874= IFCCARTESIANPOINT((1864.5000457913,-3.94823242235596E-19,0.));
#4875= IFCAXIS2PLACEMENT3D(#4874,#88,#56);
#4876= IFCEXTRUDEDAREASOLID(#4652,#4875,#9,1864.5);
#4877= IFCSHAPEREPRESENTATION(#12,'Body','SweptSolid',(#4876));
#4878= IFCPRODUCTDEFINITIONSHAPE($,$,(#4877));
#4879= IFCBEAM('1qLwhkcZ1ECQzSIf392sft',#4133,'main piece','IPE240','IPE240',#4873,#4878,'b/549');
#4880= IFCPROPERTYSINGLEVALUE('IndicationMark',$,IFCIDENTIFIER('b/549'),$);
#4881= IFCPROPERTYSET('2V8msfL2f9T9qHKKPkkQmT',#5,'AISC_EM11_Pset_PieceIdentification','PieceIdentity',(#2347,#4880,#72,#73));
#4882= IFCLOCALPLACEMENT(#42,#10);
#4883= IFCELEMENTASSEMBLY('1QxBxF3NzCgvC3V5hRG0Cn',#4133,'BEAM',$,$,#4882,$,'B/649',.NOTDEFINED.,.RIGID_FRAME.);
#4884= IFCPROPERTYSINGLEVALUE('AssemblyMark',$,IFCIDENTIFIER('B/649'),$);
#4885= IFCPROPERTYSET('3OwlQ1mXz0NOQYMGwDMluc',#5,'AISC_EM11_Pset_AssemblyIdentification','AssemblyIdentity',(#4884,#52,#53));
#4886= IFCCARTESIANPOINT((37110.2139587402,4299.19381345552,40730.));
#4887= IFCAXIS2PLACEMENT3D(#4886,#9,#8);
#4888= IFCLOCALPLACEMENT(#4882,#4887);
#4889= IFCCARTESIANPOINT((309.99755859375,0.,0.));
#4890= IFCAXIS2PLACEMENT3D(#4889,#88,#56);
#4891= IFCEXTRUDEDAREASOLID(#4652,#4890,#9,310.);
#4892= IFCSHAPEREPRESENTATION(#12,'Body','SweptSolid',(#4891));
#4893= IFCPRODUCTDEFINITIONSHAPE($,$,(#4892));
#4894= IFCBEAM('2aGX8W4$D2peF$HuVlM_Kr',#4133,'main piece','IPE240','IPE240',#4888,#4893,'b/544');
#4895= IFCPROPERTYSINGLEVALUE('IndicationMark',$,IFCIDENTIFIER('b/544'),$);
#4896= IFCPROPERTYSET('3gutXKgHf4DfZTRrB$oCGV',#5,'AISC_EM11_Pset_PieceIdentification','PieceIdentity',(#2347,#4895,#72,#73));
#4897= IFCLOCALPLACEMENT(#42,#10);
#4898= IFCELEMENTASSEMBLY('3twWuC98r3_Pf5xHdgg1ie',#4133,'BEAM',$,$,#4897,$,'B/646',.NOTDEFINED.,.RIGID_FRAME.);
#4899= IFCPROPERTYSINGLEVALUE('AssemblyMark',$,IFCIDENTIFIER('B/646'),$);
#4900= IFCPROPERTYSET('3FNIopsQDC5O$0Npz6ZGtQ',#5,'AISC_EM11_Pset_AssemblyIdentification','AssemblyIdentity',(#4899,#52,#53));
#4901= IFCCARTESIANPOINT((38169.7613830566,4689.19177259248,40730.));
#4902= IFCAXIS2PLACEMENT3D(#4901,#9,#88);
#4903= IFCLOCALPLACEMENT(#4897,#4902);
#4904= IFCCARTESIANPOINT((1967.00286865234,0.,0.));
#4905= IFCAXIS2PLACEMENT3D(#4904,#88,#56);
#4906= IFCEXTRUDEDAREASOLID(#4652,#4905,#9,1967.);
#4907= IFCSHAPEREPRESENTATION(#12,'Body','SweptSolid',(#4906));
#4908= IFCPRODUCTDEFINITIONSHAPE($,$,(#4907));
#4909= IFCBEAM('17y65kRaHF3OUYl3vVBm2d',#4133,'main piece','IPE240','IPE240',#4903,#4908,'b/541');
#4910= IFCPROPERTYSINGLEVALUE('IndicationMark',$,IFCIDENTIFIER('b/541'),$);
#4911= IFCPROPERTYSET('1jcd7N5E52Qg41OZaEn2wJ',#5,'AISC_EM11_Pset_PieceIdentification','PieceIdentity',(#2347,#4910,#72,#73));
#4912= IFCLOCALPLACEMENT(#42,#10);
#4913= IFCELEMENTASSEMBLY('2hS2T4$zD89eOXmZRXP96O',#4133,'BEAM',$,$,#4912,$,'B/645',.NOTDEFINED.,.RIGID_FRAME.);
#4914= IFCPROPERTYSINGLEVALUE('AssemblyMark',$,IFCIDENTIFIER('B/645'),$);
#4915= IFCPROPERTYSET('0fw42ulnvAOfTDjGS7iCo0',#5,'AISC_EM11_Pset_AssemblyIdentification','AssemblyIdentity',(#4914,#52,#53));
#4916= IFCCARTESIANPOINT((38169.7613830566,4219.19388974947,40730.));
#4917= IFCAXIS2PLACEMENT3D(#4916,#9,#88);
#4918= IFCLOCALPLACEMENT(#4912,#4917);
#4919= IFCCARTESIANPOINT((1950.,0.,0.));
#4920= IFCAXIS2PLACEMENT3D(#4919,#88,#56);
#4921= IFCEXTRUDEDAREASOLID(#4652,#4920,#9,1950.);
#4922= IFCSHAPEREPRESENTATION(#12,'Body','SweptSolid',(#4921));
#4923= IFCPRODUCTDEFINITIONSHAPE($,$,(#4922));
#4924= IFCBEAM('1oQk3TWZb05gx2ObcWeZzh',#4133,'main piece','IPE240','IPE240',#4918,#4923,'b/540');
#4925= IFCPROPERTYSINGLEVALUE('IndicationMark',$,IFCIDENTIFIER('b/540'),$);
#4926= IFCPROPERTYSET('2jfBR3qX9Dduvm2kxjt7r7',#5,'AISC_EM11_Pset_PieceIdentification','PieceIdentity',(#2347,#4925,#72,#73));
#4927= IFCLOCALPLACEMENT(#42,#10);
#4928= IFCELEMENTASSEMBLY('0_SfkWZj9BKOGDsZ63T4tS',#4133,'BEAM',$,$,#4927,$,'B/653',.NOTDEFINED.,.RIGID_FRAME.);
#4929= IFCPROPERTYSINGLEVALUE('AssemblyMark',$,IFCIDENTIFIER('B/653'),$);
#4930= IFCPROPERTYSET('1tNJX4cTvBQ8S7VshrXgMk',#5,'AISC_EM11_Pset_AssemblyIdentification','AssemblyIdentity',(#4929,#52,#53));
#4931= IFCCARTESIANPOINT((34293.1973571777,4689.55416883272,40730.));
#4932= IFCAXIS2PLACEMENT3D(#4931,#9,#7);
#4933= IFCLOCALPLACEMENT(#4927,#4932);
#4934= IFCCARTESIANPOINT((1774.52087402344,0.,0.));
#4935= IFCAXIS2PLACEMENT3D(#4934,#88,#56);
#4936= IFCEXTRUDEDAREASOLID(#4652,#4935,#9,1774.52);
#4937= IFCSHAPEREPRESENTATION(#12,'Body','SweptSolid',(#4936));
#4938= IFCPRODUCTDEFINITIONSHAPE($,$,(#4937));
#4939= IFCBEAM('0FcHs37HjBYBSn438L7ujh',#4133,'main piece','IPE240','IPE240',#4933,#4938,'b/548');
#4940= IFCPROPERTYSINGLEVALUE('IndicationMark',$,IFCIDENTIFIER('b/548'),$);
#4941= IFCPROPERTYSET('0q8Gf86NX2xxvoA1YFFpd6',#5,'AISC_EM11_Pset_PieceIdentification','PieceIdentity',(#2347,#4940,#72,#73));
#4942= IFCLOCALPLACEMENT(#42,#10);
#4943= IFCELEMENTASSEMBLY('2UrKwokbzBIPFWHmD76MRD',#4133,'BEAM',$,$,#4942,$,'B/651',.NOTDEFINED.,.RIGID_FRAME.);
#4944= IFCPROPERTYSINGLEVALUE('AssemblyMark',$,IFCIDENTIFIER('B/651'),$);
#4945= IFCPROPERTYSET('0ru2mOkZz19fOS_HB8HOUv',#5,'AISC_EM11_Pset_AssemblyIdentification','AssemblyIdentity',(#4944,#52,#53));
#4946= IFCCARTESIANPOINT((34304.4926757813,4219.19198240083,40730.));
#4947= IFCAXIS2PLACEMENT3D(#4946,#9,#7);
#4948= IFCLOCALPLACEMENT(#4942,#4947);
#4949= IFCCARTESIANPOINT((1763.22555541992,0.,0.));
#4950= IFCAXIS2PLACEMENT3D(#4949,#88,#56);
#4951= IFCEXTRUDEDAREASOLID(#4652,#4950,#9,1763.23);
#4952= IFCSHAPEREPRESENTATION(#12,'Body','SweptSolid',(#4951));
#4953= IFCPRODUCTDEFINITIONSHAPE($,$,(#4952));
#4954= IFCBEAM('362s8lr4XEGQXbTs2mWiju',#4133,'main piece','IPE240','IPE240',#4948,#4953,'b/546');
#4955= IFCPROPERTYSINGLEVALUE('IndicationMark',$,IFCIDENTIFIER('b/546'),$);
#4956= IFCPROPERTYSET('3KLVqEvajFQwbsTTPrMExc',#5,'AISC_EM11_Pset_PieceIdentification','PieceIdentity',(#2347,#4955,#72,#73));
#4957= IFCLOCALPLACEMENT(#42,#10);
#4958= IFCELEMENTASSEMBLY('1XMeYZvef64RSO_MuwdfYU',#4133,'BEAM',$,$,#4957,$,'B/613',.NOTDEFINED.,.RIGID_FRAME.);
#4959= IFCCARTESIANPOINT((78912.9521484375,5942.6540871982,40715.));
#4960= IFCAXIS2PLACEMENT3D(#4959,#9,#7);
#4961= IFCLOCALPLACEMENT(#4957,#4960);
#4962= IFCCARTESIANPOINT((968.3113098168,-9.09494701772928E-13,0.));
#4963= IFCAXIS2PLACEMENT3D(#4962,#88,#56);
#4964= IFCEXTRUDEDAREASOLID(#4172,#4963,#9,968.31);
#4965= IFCSHAPEREPRESENTATION(#12,'Body','SweptSolid',(#4964));
#4966= IFCPRODUCTDEFINITIONSHAPE($,$,(#4965));
#4967= IFCBEAM('1U_ekYMfXCLwKlp5GOJklb',#4133,'main piece','IPE270','IPE270',#4961,#4966,'b/508');
#4968= IFCLOCALPLACEMENT(#42,#10);
#4969= IFCELEMENTASSEMBLY('3I1YovSzn5HwY3_B1rQ$r8',#4133,'BEAM',$,$,#4968,$,'B/652',.NOTDEFINED.,.RIGID_FRAME.);
#4970= IFCPROPERTYSINGLEVALUE('AssemblyMark',$,IFCIDENTIFIER('B/652'),$);
#4971= IFCPROPERTYSET('0uMymNwZr0SwNfec_l8HJa',#5,'AISC_EM11_Pset_AssemblyIdentification','AssemblyIdentity',(#4970,#52,#53));
#4972= IFCCARTESIANPOINT((72340.1982421875,5522.80469144624,40715.));
#4973= IFCAXIS2PLACEMENT3D(#4972,#9,#7);
#4974= IFCLOCALPLACEMENT(#4968,#4973);
#4975= IFCCARTESIANPOINT((1982.2998046875,0.,0.));
#4976= IFCAXIS2PLACEMENT3D(#4975,#88,#56);
#4977= IFCEXTRUDEDAREASOLID(#4172,#4976,#9,1982.3);
#4978= IFCSHAPEREPRESENTATION(#12,'Body','SweptSolid',(#4977));
#4979= IFCPRODUCTDEFINITIONSHAPE($,$,(#4978));
#4980= IFCBEAM('3FFtirY$9CMu0YORRoKN4O',#4133,'main piece','IPE270','IPE270',#4974,#4979,'b/547');
#4981= IFCPROPERTYSINGLEVALUE('IndicationMark',$,IFCIDENTIFIER('b/547'),$);
#4982= IFCPROPERTYSET('2CX5uW9qzCngUbd94IzgrT',#5,'AISC_EM11_Pset_PieceIdentification','PieceIdentity',(#2347,#4981,#72,#73));
#4983= IFCLOCALPLACEMENT(#42,#10);
#4984= IFCELEMENTASSEMBLY('1vi8C$IBr6K9s_Z2$xKFpj',#4133,'BEAM',$,$,#4983,$,'B/651',.NOTDEFINED.,.RIGID_FRAME.);
#4985= IFCCARTESIANPOINT((73095.0390930176,7366.80455411714,40730.));
#4986= IFCAXIS2PLACEMENT3D(#4985,#9,#56);
#4987= IFCLOCALPLACEMENT(#4983,#4986);
#4988= IFCCARTESIANPOINT((1763.7996673584,0.,0.));
#4989= IFCAXIS2PLACEMENT3D(#4988,#88,#56);
#4990= IFCEXTRUDEDAREASOLID(#4652,#4989,#9,1763.8);
#4991= IFCSHAPEREPRESENTATION(#12,'Body','SweptSolid',(#4990));
#4992= IFCPRODUCTDEFINITIONSHAPE($,$,(#4991));
#4993= IFCBEAM('1xkNYBWiL2G8IQX9_hNsDh',#4133,'main piece','IPE240','IPE240',#4987,#4992,'b/546');
#4994= IFCLOCALPLACEMENT(#42,#10);
#4995= IFCELEMENTASSEMBLY('0za2osaJX4sBIgt9eA33uK',#4133,'BEAM',$,$,#4994,$,'B/650',.NOTDEFINED.,.RIGID_FRAME.);
#4996= IFCPROPERTYSINGLEVALUE('AssemblyMark',$,IFCIDENTIFIER('B/650'),$);
#4997= IFCPROPERTYSET('2Yx$gkdGH1MuiaLX0K7kbC',#5,'AISC_EM11_Pset_AssemblyIdentification','AssemblyIdentity',(#4996,#52,#53));
#4998= IFCCARTESIANPOINT((72675.0332946777,5603.00488675874,40730.));
#4999= IFCAXIS2PLACEMENT3D(#4998,#9,#8);
#5000= IFCLOCALPLACEMENT(#4994,#4999);
#5001= IFCCARTESIANPOINT((1750.,0.,0.));
#5002= IFCAXIS2PLACEMENT3D(#5001,#88,#56);
#5003= IFCEXTRUDEDAREASOLID(#4652,#5002,#9,1750.);
#5004= IFCSHAPEREPRESENTATION(#12,'Body','SweptSolid',(#5003));
#5005= IFCPRODUCTDEFINITIONSHAPE($,$,(#5004));
#5006= IFCBEAM('292dO3MF99nvwIolOhvu60',#4133,'main piece','IPE240','IPE240',#5000,#5005,'b/545');
#5007= IFCPROPERTYSINGLEVALUE('IndicationMark',$,IFCIDENTIFIER('b/545'),$);
#5008= IFCPROPERTYSET('2d0W7A9zj91hhzg0uTExPu',#5,'AISC_EM11_Pset_PieceIdentification','PieceIdentity',(#2347,#5007,#72,#73));
#5009= IFCLOCALPLACEMENT(#42,#10);
#5010= IFCELEMENTASSEMBLY('1rRH5tL6rCqPB_J9GE3EPi',#4133,'BEAM',$,$,#5009,$,'B/649',.NOTDEFINED.,.RIGID_FRAME.);
#5011= IFCCARTESIANPOINT((64890.2165527344,4299.24340451997,40730.));
#5012= IFCAXIS2PLACEMENT3D(#5011,#9,#8);
#5013= IFCLOCALPLACEMENT(#5009,#5012);
#5014= IFCSHAPEREPRESENTATION(#12,'Body','SweptSolid',(#4891));
#5015= IFCPRODUCTDEFINITIONSHAPE($,$,(#5014));
#5016= IFCBEAM('2jJ2YvYK14$BAi6Uz1u5ja',#4133,'main piece','IPE240','IPE240',#5013,#5015,'b/544');
#5017= IFCLOCALPLACEMENT(#42,#10);
#5018= IFCELEMENTASSEMBLY('2A5d$LZkfDEfptOBUVMiMi',#4133,'BEAM',$,$,#5017,$,'B/648',.NOTDEFINED.,.RIGID_FRAME.);
#5019= IFCPROPERTYSINGLEVALUE('AssemblyMark',$,IFCIDENTIFIER('B/648'),$);
#5020= IFCPROPERTYSET('3LGG39WkX6lvka4efzmSKT',#5,'AISC_EM11_Pset_AssemblyIdentification','AssemblyIdentity',(#5019,#52,#53));
#5021= IFCCARTESIANPOINT((65932.7580566406,4689.24231733125,40730.));
#5022= IFCAXIS2PLACEMENT3D(#5021,#9,#7);
#5023= IFCLOCALPLACEMENT(#5017,#5022);
#5024= IFCCARTESIANPOINT((1754.50134277344,0.,0.));
#5025= IFCAXIS2PLACEMENT3D(#5024,#88,#56);
#5026= IFCEXTRUDEDAREASOLID(#4652,#5025,#9,1754.5);
#5027= IFCSHAPEREPRESENTATION(#12,'Body','SweptSolid',(#5026));
#5028= IFCPRODUCTDEFINITIONSHAPE($,$,(#5027));
#5029= IFCBEAM('3LhPHHwkD2yhlf92Da$VjX',#4133,'main piece','IPE240','IPE240',#5023,#5028,'b/543');
#5030= IFCPROPERTYSINGLEVALUE('IndicationMark',$,IFCIDENTIFIER('b/543'),$);
#5031= IFCPROPERTYSET('02HCHVJvr8zBim5fU$TDv1',#5,'AISC_EM11_Pset_PieceIdentification','PieceIdentity',(#2347,#5030,#72,#73));
#5032= IFCLOCALPLACEMENT(#42,#10);
#5033= IFCELEMENTASSEMBLY('2OgtIMA_zD5RJVg7tD3sES',#4133,'BEAM',$,$,#5032,$,'B/647',.NOTDEFINED.,.RIGID_FRAME.);
#5034= IFCPROPERTYSINGLEVALUE('AssemblyMark',$,IFCIDENTIFIER('B/647'),$);
#5035= IFCPROPERTYSET('1Ot5DFNRTDfvP3kIsA1JbR',#5,'AISC_EM11_Pset_AssemblyIdentification','AssemblyIdentity',(#5034,#52,#53));
#5036= IFCCARTESIANPOINT((65932.7504272461,4219.24300397676,40730.));
#5037= IFCAXIS2PLACEMENT3D(#5036,#9,#7);
#5038= IFCLOCALPLACEMENT(#5032,#5037);
#5039= IFCCARTESIANPOINT((1741.10412597656,0.,0.));
#5040= IFCAXIS2PLACEMENT3D(#5039,#88,#56);
#5041= IFCEXTRUDEDAREASOLID(#4652,#5040,#9,1741.1);
#5042= IFCSHAPEREPRESENTATION(#12,'Body','SweptSolid',(#5041));
#5043= IFCPRODUCTDEFINITIONSHAPE($,$,(#5042));
#5044= IFCBEAM('1bIuJvsvv0ZfBsp3m8Ft2R',#4133,'main piece','IPE240','IPE240',#5038,#5043,'b/542');
#5045= IFCPROPERTYSINGLEVALUE('IndicationMark',$,IFCIDENTIFIER('b/542'),$);
#5046= IFCPROPERTYSET('2VegXZJULEGv7pPB244MQT',#5,'AISC_EM11_Pset_PieceIdentification','PieceIdentity',(#2347,#5045,#72,#73));
#5047= IFCLOCALPLACEMENT(#42,#10);
#5048= IFCELEMENTASSEMBLY('2arMNDS5HFiQo0aziPiwzC',#4133,'BEAM',$,$,#5047,$,'B/646',.NOTDEFINED.,.RIGID_FRAME.);
#5049= IFCCARTESIANPOINT((65797.710144043,4689.24136365694,40730.));
#5050= IFCAXIS2PLACEMENT3D(#5049,#9,#88);
#5051= IFCLOCALPLACEMENT(#5047,#5050);
#5052= IFCCARTESIANPOINT((1967.49877929688,0.,0.));
#5053= IFCAXIS2PLACEMENT3D(#5052,#88,#56);
#5054= IFCEXTRUDEDAREASOLID(#4652,#5053,#9,1967.5);
#5055= IFCSHAPEREPRESENTATION(#12,'Body','SweptSolid',(#5054));
#5056= IFCPRODUCTDEFINITIONSHAPE($,$,(#5055));
#5057= IFCBEAM('0sw3tPML5C7vzOA$O8HSln',#4133,'main piece','IPE240','IPE240',#5051,#5056,'b/541');
#5058= IFCLOCALPLACEMENT(#42,#10);
#5059= IFCELEMENTASSEMBLY('1fEQb0WTPBfBeFPINxhjrj',#4133,'BEAM',$,$,#5058,$,'B/645',.NOTDEFINED.,.RIGID_FRAME.);
#5060= IFCCARTESIANPOINT((63830.2113647461,4219.24300397676,40730.));
#5061= IFCAXIS2PLACEMENT3D(#5060,#9,#7);
#5062= IFCLOCALPLACEMENT(#5058,#5061);
#5063= IFCSHAPEREPRESENTATION(#12,'Body','SweptSolid',(#4921));
#5064= IFCPRODUCTDEFINITIONSHAPE($,$,(#5063));
#5065= IFCBEAM('0sQCkXnDf3JuMS5Ap4N7nF',#4133,'main piece','IPE240','IPE240',#5062,#5064,'b/540');
#5066= IFCLOCALPLACEMENT(#42,#10);
#5067= IFCELEMENTASSEMBLY('2e1kzKApP3twXJqFxz9VQA',#4133,'BEAM',$,$,#5066,$,'B/644',.NOTDEFINED.,.RIGID_FRAME.);
#5068= IFCPROPERTYSINGLEVALUE('AssemblyMark',$,IFCIDENTIFIER('B/644'),$);
#5069= IFCPROPERTYSET('043CB$q0jAiPFCx4MBgMnR',#5,'AISC_EM11_Pset_AssemblyIdentification','AssemblyIdentity',(#5068,#52,#53));
#5070= IFCCARTESIANPOINT((78912.9674072266,398.250057352005,40685.));
#5071= IFCAXIS2PLACEMENT3D(#5070,#9,#7);
#5072= IFCLOCALPLACEMENT(#5066,#5071);
#5073= IFCCARTESIANPOINT((5912.02545166016,0.,0.));
#5074= IFCAXIS2PLACEMENT3D(#5073,#88,#56);
#5075= IFCEXTRUDEDAREASOLID(#4800,#5074,#9,5912.03);
#5076= IFCSHAPEREPRESENTATION(#12,'Body','SweptSolid',(#5075));
#5077= IFCPRODUCTDEFINITIONSHAPE($,$,(#5076));
#5078= IFCBEAM('16zifvwL19dvmBP2mLCnL3',#4133,'main piece','IPE330','IPE330',#5072,#5077,'b/539');
#5079= IFCPROPERTYSINGLEVALUE('IndicationMark',$,IFCIDENTIFIER('b/539'),$);
#5080= IFCPROPERTYSET('3ZOoG9PKf80f$gVkDIfFXC',#5,'AISC_EM11_Pset_PieceIdentification','PieceIdentity',(#2347,#5079,#72,#73));
#5081= IFCLOCALPLACEMENT(#42,#10);
#5082= IFCELEMENTASSEMBLY('2wJ_5iEybFKAhmmO71dcUH',#4133,'BEAM',$,$,#5081,$,'B/643',.NOTDEFINED.,.RIGID_FRAME.);
#5083= IFCPROPERTYSINGLEVALUE('AssemblyMark',$,IFCIDENTIFIER('B/643'),$);
#5084= IFCPROPERTYSET('07kGr47UH5bOMb13Fm1K5w',#5,'AISC_EM11_Pset_AssemblyIdentification','AssemblyIdentity',(#5083,#52,#53));
#5085= IFCCARTESIANPOINT((78912.8911132813,25009.9443932895,40685.));
#5086= IFCAXIS2PLACEMENT3D(#5085,#9,#7);
#5087= IFCLOCALPLACEMENT(#5081,#5086);
#5088= IFCCARTESIANPOINT((5893.98193359375,0.,0.));
#5089= IFCAXIS2PLACEMENT3D(#5088,#88,#56);
#5090= IFCEXTRUDEDAREASOLID(#4800,#5089,#9,5893.98);
#5091= IFCSHAPEREPRESENTATION(#12,'Body','SweptSolid',(#5090));
#5092= IFCPRODUCTDEFINITIONSHAPE($,$,(#5091));
#5093= IFCBEAM('3gaGqFIMj6jf$CabaimX$t',#4133,'main piece','IPE330','IPE330',#5087,#5092,'b/538');
#5094= IFCPROPERTYSINGLEVALUE('IndicationMark',$,IFCIDENTIFIER('b/538'),$);
#5095= IFCPROPERTYSET('00c6iUovrCoBrWBPmsSAsD',#5,'AISC_EM11_Pset_PieceIdentification','PieceIdentity',(#2347,#5094,#72,#73));
#5096= IFCLOCALPLACEMENT(#42,#10);
#5097= IFCELEMENTASSEMBLY('2EgJmu8lf5yRotHsXAKMSU',#4133,'BEAM',$,$,#5096,$,'B/642',.NOTDEFINED.,.RIGID_FRAME.);
#5098= IFCPROPERTYSINGLEVALUE('AssemblyMark',$,IFCIDENTIFIER('B/642'),$);
#5099= IFCPROPERTYSET('3arwI_i_D1TgaTL5w8RlhL',#5,'AISC_EM11_Pset_AssemblyIdentification','AssemblyIdentity',(#5098,#52,#53));
#5100= IFCCARTESIANPOINT((84607.8488430646,17380.317165519,40685.));
#5101= IFCAXIS2PLACEMENT3D(#5100,#9,#4858);
#5102= IFCLOCALPLACEMENT(#5096,#5101);
#5103= IFCCARTESIANPOINT((7222.30148316175,0.,0.));
#5104= IFCAXIS2PLACEMENT3D(#5103,#88,#56);
#5105= IFCEXTRUDEDAREASOLID(#4800,#5104,#9,7222.3);
#5106= IFCSHAPEREPRESENTATION(#12,'Body','SweptSolid',(#5105));
#5107= IFCPRODUCTDEFINITIONSHAPE($,$,(#5106));
#5108= IFCBEAM('28ZstJHkn9jekyddrKJGq9',#4133,'main piece','IPE330','IPE330',#5102,#5107,'b/537');
#5109= IFCPROPERTYSINGLEVALUE('IndicationMark',$,IFCIDENTIFIER('b/537'),$);
#5110= IFCPROPERTYSET('2MzZe2c2n8kwqNHWJDOz4f',#5,'AISC_EM11_Pset_PieceIdentification','PieceIdentity',(#2347,#5109,#72,#73));
#5111= IFCLOCALPLACEMENT(#42,#10);
#5112= IFCELEMENTASSEMBLY('1kDh2UbmX9EerqI1ZIF6_F',#4133,'BEAM',$,$,#5111,$,'B/641',.NOTDEFINED.,.RIGID_FRAME.);
#5113= IFCPROPERTYSINGLEVALUE('AssemblyMark',$,IFCIDENTIFIER('B/641'),$);
#5114= IFCPROPERTYSET('1N9MbCqxbBx8ziHxeltB8t',#5,'AISC_EM11_Pset_AssemblyIdentification','AssemblyIdentity',(#5113,#52,#53));
#5115= IFCCARTESIANPOINT((84607.8564758301,8195.30053342622,40685.));
#5116= IFCAXIS2PLACEMENT3D(#5115,#9,#8);
#5117= IFCLOCALPLACEMENT(#5111,#5116);
#5118= IFCCARTESIANPOINT((9185.01663209593,0.,7.27595761418343E-12));
#5119= IFCAXIS2PLACEMENT3D(#5118,#88,#56);
#5120= IFCEXTRUDEDAREASOLID(#4800,#5119,#9,9185.02);
#5121= IFCSHAPEREPRESENTATION(#12,'Body','SweptSolid',(#5120));
#5122= IFCPRODUCTDEFINITIONSHAPE($,$,(#5121));
#5123= IFCBEAM('02dM_W6$D3QwIY7JZjWuJQ',#4133,'main piece','IPE330','IPE330',#5117,#5122,'b/536');
#5124= IFCPROPERTYSINGLEVALUE('IndicationMark',$,IFCIDENTIFIER('b/536'),$);
#5125= IFCPROPERTYSET('1LMXfjSmP1YQM$Eswkye3y',#5,'AISC_EM11_Pset_PieceIdentification','PieceIdentity',(#2347,#5124,#72,#73));
#5126= IFCLOCALPLACEMENT(#42,#10);
#5127= IFCELEMENTASSEMBLY('0QENq0y8fAWQp$ctkepLea',#4133,'BEAM',$,$,#5126,$,'B/640',.NOTDEFINED.,.RIGID_FRAME.);
#5128= IFCPROPERTYSINGLEVALUE('AssemblyMark',$,IFCIDENTIFIER('B/640'),$);
#5129= IFCPROPERTYSET('0xn9iGIIfBCfixk7F1YAUR',#5,'AISC_EM11_Pset_AssemblyIdentification','AssemblyIdentity',(#5128,#52,#53));
#5130= IFCCARTESIANPOINT((84607.8564758301,898.063137185989,40685.));
#5131= IFCAXIS2PLACEMENT3D(#5130,#9,#8);
#5132= IFCLOCALPLACEMENT(#5126,#5131);
#5133= IFCCARTESIANPOINT((7150.,0.,0.));
#5134= IFCAXIS2PLACEMENT3D(#5133,#88,#56);
#5135= IFCEXTRUDEDAREASOLID(#4800,#5134,#9,7150.);
#5136= IFCSHAPEREPRESENTATION(#12,'Body','SweptSolid',(#5135));
#5137= IFCPRODUCTDEFINITIONSHAPE($,$,(#5136));
#5138= IFCBEAM('35fMh3u4XEIOgXl9DQLxit',#4133,'main piece','IPE330','IPE330',#5132,#5137,'b/535');
#5139= IFCPROPERTYSINGLEVALUE('IndicationMark',$,IFCIDENTIFIER('b/535'),$);
#5140= IFCPROPERTYSET('1TbA2gJ9j4WgUyU0TEfSV1',#5,'AISC_EM11_Pset_PieceIdentification','PieceIdentity',(#2347,#5139,#72,#73));
#5141= IFCLOCALPLACEMENT(#42,#10);
#5142= IFCELEMENTASSEMBLY('10thbcQlz8DRrjckC7RQWO',#4133,'BEAM',$,$,#5141,$,'B/639',.NOTDEFINED.,.RIGID_FRAME.);
#5143= IFCPROPERTYSINGLEVALUE('AssemblyMark',$,IFCIDENTIFIER('B/639'),$);
#5144= IFCPROPERTYSET('0e06GZ$JPDkv8VWyL59wTG',#5,'AISC_EM11_Pset_AssemblyIdentification','AssemblyIdentity',(#5143,#52,#53));
#5145= IFCCARTESIANPOINT((82941.6653747559,17285.3102227573,40715.));
#5146= IFCAXIS2PLACEMENT3D(#5145,#9,#56);
#5147= IFCLOCALPLACEMENT(#5141,#5146);
#5148= IFCCARTESIANPOINT((9085.205078125,0.,0.));
#5149= IFCAXIS2PLACEMENT3D(#5148,#88,#56);
#5150= IFCEXTRUDEDAREASOLID(#4172,#5149,#9,9085.21);
#5151= IFCSHAPEREPRESENTATION(#12,'Body','SweptSolid',(#5150));
#5152= IFCPRODUCTDEFINITIONSHAPE($,$,(#5151));
#5153= IFCBEAM('2j03E9iW128xBM41qF5dfe',#4133,'main piece','IPE270','IPE270',#5147,#5152,'b/534');
#5154= IFCPROPERTYSINGLEVALUE('IndicationMark',$,IFCIDENTIFIER('b/534'),$);
#5155= IFCPROPERTYSET('2I9mELVFL6LeWE6UrP6V4q',#5,'AISC_EM11_Pset_PieceIdentification','PieceIdentity',(#2347,#5154,#72,#73));
#5156= IFCLOCALPLACEMENT(#42,#10);
#5157= IFCELEMENTASSEMBLY('2bD3_Ys0TA29yeh90lwb0J',#4133,'BEAM',$,$,#5156,$,'B/638',.NOTDEFINED.,.RIGID_FRAME.);
#5158= IFCPROPERTYSINGLEVALUE('AssemblyMark',$,IFCIDENTIFIER('B/638'),$);
#5159= IFCPROPERTYSET('1tfzYoQk10VevV1k9iZqdE',#5,'AISC_EM11_Pset_AssemblyIdentification','AssemblyIdentity',(#5158,#52,#53));
#5160= IFCCARTESIANPOINT((80883.3348388672,8215.3009911899,40715.));
#5161= IFCAXIS2PLACEMENT3D(#5160,#9,#8);
#5162= IFCLOCALPLACEMENT(#5156,#5161);
#5163= IFCCARTESIANPOINT((9070.00923156738,0.,0.));
#5164= IFCAXIS2PLACEMENT3D(#5163,#88,#56);
#5165= IFCEXTRUDEDAREASOLID(#4172,#5164,#9,9070.01);
#5166= IFCSHAPEREPRESENTATION(#12,'Body','SweptSolid',(#5165));
#5167= IFCPRODUCTDEFINITIONSHAPE($,$,(#5166));
#5168= IFCBEAM('2wc_V0soHAcRD_rSNbShWb',#4133,'main piece','IPE270','IPE270',#5162,#5167,'b/533');
#5169= IFCPROPERTYSINGLEVALUE('IndicationMark',$,IFCIDENTIFIER('b/533'),$);
#5170= IFCPROPERTYSET('2R8C20oNX8te5UwYP0Kqew',#5,'AISC_EM11_Pset_PieceIdentification','PieceIdentity',(#2347,#5169,#72,#73));
#5171= IFCLOCALPLACEMENT(#42,#10);
#5172= IFCELEMENTASSEMBLY('2LkmU$ZpbFWOsYe1NMxFMi',#4133,'BEAM',$,$,#5171,$,'B/637',.NOTDEFINED.,.RIGID_FRAME.);
#5173= IFCPROPERTYSINGLEVALUE('AssemblyMark',$,IFCIDENTIFIER('B/637'),$);
#5174= IFCPROPERTYSET('11a49yaXf2p8k20brhCA7G',#5,'AISC_EM11_Pset_AssemblyIdentification','AssemblyIdentity',(#5173,#52,#53));
#5175= IFCCARTESIANPOINT((74450.2484436035,8382.92451108736,40715.));
#5176= IFCAXIS2PLACEMENT3D(#5175,#9,#8);
#5177= IFCLOCALPLACEMENT(#5171,#5176);
#5178= IFCCARTESIANPOINT((8737.30087280273,0.,0.));
#5179= IFCAXIS2PLACEMENT3D(#5178,#88,#56);
#5180= IFCEXTRUDEDAREASOLID(#4172,#5179,#9,8737.3);
#5181= IFCSHAPEREPRESENTATION(#12,'Body','SweptSolid',(#5180));
#5182= IFCPRODUCTDEFINITIONSHAPE($,$,(#5181));
#5183= IFCBEAM('32bK8BMqPBEfqgbjbdHVOa',#4133,'main piece','IPE270','IPE270',#5177,#5182,'b/532');
#5184= IFCPROPERTYSINGLEVALUE('IndicationMark',$,IFCIDENTIFIER('b/532'),$);
#5185= IFCPROPERTYSET('2vISQCLNz7ae7CYQg0jIpF',#5,'AISC_EM11_Pset_PieceIdentification','PieceIdentity',(#2347,#5184,#72,#73));
#5186= IFCLOCALPLACEMENT(#42,#10);
#5187= IFCELEMENTASSEMBLY('2Hlbs68LX5BuO3P0pvL8l9',#4133,'BEAM',$,$,#5186,$,'B/636',.NOTDEFINED.,.RIGID_FRAME.);
#5188= IFCPROPERTYSINGLEVALUE('AssemblyMark',$,IFCIDENTIFIER('B/636'),$);
#5189= IFCPROPERTYSET('1ZdSLKlZ1Dy9f8OZxtR$PC',#5,'AISC_EM11_Pset_AssemblyIdentification','AssemblyIdentity',(#5188,#52,#53));
#5190= IFCCARTESIANPOINT((63749.9997253418,8636.70201505464,40715.));
#5191= IFCAXIS2PLACEMENT3D(#5190,#9,#8);
#5192= IFCLOCALPLACEMENT(#5186,#5191);
#5193= IFCCARTESIANPOINT((8227.99968719482,0.,0.));
#5194= IFCAXIS2PLACEMENT3D(#5193,#88,#56);
#5195= IFCEXTRUDEDAREASOLID(#4172,#5194,#9,8228.);
#5196= IFCSHAPEREPRESENTATION(#12,'Body','SweptSolid',(#5195));
#5197= IFCPRODUCTDEFINITIONSHAPE($,$,(#5196));
#5198= IFCBEAM('1TXY8HjuTBcgs$w2tBLO2Q',#4133,'main piece','IPE270','IPE270',#5192,#5197,'b/531');
#5199= IFCPROPERTYSINGLEVALUE('IndicationMark',$,IFCIDENTIFIER('b/531'),$);
#5200= IFCPROPERTYSET('2m14UXSFT5rQAchK$LiX90',#5,'AISC_EM11_Pset_PieceIdentification','PieceIdentity',(#2347,#5199,#72,#73));
#5201= IFCLOCALPLACEMENT(#42,#10);
#5202= IFCELEMENTASSEMBLY('0sFcDf3h57cwWI3EBzsItm',#4133,'BEAM',$,$,#5201,$,'B/635',.NOTDEFINED.,.RIGID_FRAME.);
#5203= IFCPROPERTYSINGLEVALUE('AssemblyMark',$,IFCIDENTIFIER('B/635'),$);
#5204= IFCPROPERTYSET('2oST_KQ6H6P9QrfZWlcgTE',#5,'AISC_EM11_Pset_AssemblyIdentification','AssemblyIdentity',(#5203,#52,#53));
#5205= IFCCARTESIANPOINT((61624.9997253418,16746.3469048862,40715.));
#5206= IFCAXIS2PLACEMENT3D(#5205,#9,#56);
#5207= IFCLOCALPLACEMENT(#5201,#5206);
#5208= IFCCARTESIANPOINT((7990.90099334717,0.,0.));
#5209= IFCAXIS2PLACEMENT3D(#5208,#88,#56);
#5210= IFCEXTRUDEDAREASOLID(#4172,#5209,#9,7990.9);
#5211= IFCSHAPEREPRESENTATION(#12,'Body','SweptSolid',(#5210));
#5212= IFCPRODUCTDEFINITIONSHAPE($,$,(#5211));
#5213= IFCBEAM('05ed_4sFnCeOEjjfB3sMTv',#4133,'main piece','IPE270','IPE270',#5207,#5212,'b/530');
#5214= IFCPROPERTYSINGLEVALUE('IndicationMark',$,IFCIDENTIFIER('b/530'),$);
#5215= IFCPROPERTYSET('1cNXpyOn51agFEPNspqAE2',#5,'AISC_EM11_Pset_PieceIdentification','PieceIdentity',(#2347,#5214,#72,#73));
#5216= IFCLOCALPLACEMENT(#42,#10);
#5217= IFCELEMENTASSEMBLY('2kJAPPx4r22vwyCf290v00',#4133,'BEAM',$,$,#5216,$,'B/634',.NOTDEFINED.,.RIGID_FRAME.);
#5218= IFCPROPERTYSINGLEVALUE('AssemblyMark',$,IFCIDENTIFIER('B/634'),$);
#5219= IFCPROPERTYSET('1VyGubT8b4WgDijfmJEX6i',#5,'AISC_EM11_Pset_AssemblyIdentification','AssemblyIdentity',(#5218,#52,#53));
#5220= IFCCARTESIANPOINT((56950.0004882813,9016.6229745273,40715.));
#5221= IFCAXIS2PLACEMENT3D(#5220,#9,#8);
#5222= IFCLOCALPLACEMENT(#5216,#5221);
#5223= IFCCARTESIANPOINT((7469.39945220947,0.,0.));
#5224= IFCAXIS2PLACEMENT3D(#5223,#88,#56);
#5225= IFCEXTRUDEDAREASOLID(#4172,#5224,#9,7469.4);
#5226= IFCSHAPEREPRESENTATION(#12,'Body','SweptSolid',(#5225));
#5227= IFCPRODUCTDEFINITIONSHAPE($,$,(#5226));
#5228= IFCBEAM('3bkwXVg6b1phP_ZjAqRy$Z',#4133,'main piece','IPE270','IPE270',#5222,#5227,'b/529');
#5229= IFCPROPERTYSINGLEVALUE('IndicationMark',$,IFCIDENTIFIER('b/529'),$);
#5230= IFCPROPERTYSET('1mjNcK6Tn5fRpokJ$vNPSV',#5,'AISC_EM11_Pset_PieceIdentification','PieceIdentity',(#2347,#5229,#72,#73));
#5231= IFCLOCALPLACEMENT(#42,#10);
#5232= IFCELEMENTASSEMBLY('1AOVdO8K99vRSfhyfx8fSZ',#4133,'BEAM',$,$,#5231,$,'B/633',.NOTDEFINED.,.RIGID_FRAME.);
#5233= IFCPROPERTYSINGLEVALUE('AssemblyMark',$,IFCIDENTIFIER('B/633'),$);
#5234= IFCPROPERTYSET('0XYcplBPTAShz9d0ZFkdT8',#5,'AISC_EM11_Pset_AssemblyIdentification','AssemblyIdentity',(#5233,#52,#53));
#5235= IFCCARTESIANPOINT((82949.1650695801,885.365917337356,40715.));
#5236= IFCAXIS2PLACEMENT3D(#5235,#9,#8);
#5237= IFCLOCALPLACEMENT(#5231,#5236);
#5238= IFCCARTESIANPOINT((7139.93644714355,0.,0.));
#5239= IFCAXIS2PLACEMENT3D(#5238,#88,#56);
#5240= IFCEXTRUDEDAREASOLID(#4172,#5239,#9,7139.94);
#5241= IFCSHAPEREPRESENTATION(#12,'Body','SweptSolid',(#5240));
#5242= IFCPRODUCTDEFINITIONSHAPE($,$,(#5241));
#5243= IFCBEAM('1_XTWhk_P07AtEdlRtkcqu',#4133,'main piece','IPE270','IPE270',#5237,#5242,'b/528');
#5244= IFCPROPERTYSINGLEVALUE('IndicationMark',$,IFCIDENTIFIER('b/528'),$);
#5245= IFCPROPERTYSET('1Le7FnOHT2JgYsGHs$5Esr',#5,'AISC_EM11_Pset_PieceIdentification','PieceIdentity',(#2347,#5244,#72,#73));
#5246= IFCLOCALPLACEMENT(#42,#10);
#5247= IFCELEMENTASSEMBLY('1La3aDW_92AgDIkgFhhGHu',#4133,'BEAM',$,$,#5246,$,'B/612',.NOTDEFINED.,.RIGID_FRAME.);
#5248= IFCCARTESIANPOINT((81654.9641723633,817.825748575149,40715.));
#5249= IFCAXIS2PLACEMENT3D(#5248,#9,#7);
#5250= IFCLOCALPLACEMENT(#5246,#5249);
#5251= IFCCARTESIANPOINT((3150.0244140625,0.,0.));
#5252= IFCAXIS2PLACEMENT3D(#5251,#88,#56);
#5253= IFCEXTRUDEDAREASOLID(#4172,#5252,#9,3150.02);
#5254= IFCSHAPEREPRESENTATION(#12,'Body','SweptSolid',(#5253));
#5255= IFCPRODUCTDEFINITIONSHAPE($,$,(#5254));
#5256= IFCBEAM('1claUA4mP8pxjp$JgadWze',#4133,'main piece','IPE270','IPE270',#5250,#5255,'b/507');
#5257= IFCLOCALPLACEMENT(#42,#10);
#5258= IFCELEMENTASSEMBLY('1ipGiHPSn31h952OFaInEb',#4133,'BEAM',$,$,#5257,$,'B/632',.NOTDEFINED.,.RIGID_FRAME.);
#5259= IFCPROPERTYSINGLEVALUE('AssemblyMark',$,IFCIDENTIFIER('B/632'),$);
#5260= IFCPROPERTYSET('1uVu0PIvDB5PFdOug7aHzh',#5,'AISC_EM11_Pset_AssemblyIdentification','AssemblyIdentity',(#5259,#52,#53));
#5261= IFCCARTESIANPOINT((79340.621673584,8025.30236448091,40700.));
#5262= IFCDIRECTION((0.293755321011023,-0.955880647035869,0.));
#5263= IFCAXIS2PLACEMENT3D(#5261,#9,#5262);
#5264= IFCLOCALPLACEMENT(#5257,#5263);
#5265= IFCCARTESIANPOINT((7874.47037081089,-1.4989036143987E-11,0.));
#5266= IFCAXIS2PLACEMENT3D(#5265,#88,#56);
#5267= IFCEXTRUDEDAREASOLID(#4141,#5266,#9,7874.47);
#5268= IFCSHAPEREPRESENTATION(#12,'Body','SweptSolid',(#5267));
#5269= IFCPRODUCTDEFINITIONSHAPE($,$,(#5268));
#5270= IFCBEAM('1jnMAnfP15vgzs4cBGOorO',#4133,'main piece','IPE300','IPE300',#5264,#5269,'b/527');
#5271= IFCPROPERTYSINGLEVALUE('IndicationMark',$,IFCIDENTIFIER('b/527'),$);
#5272= IFCPROPERTYSET('3xL3k1fT55pvvRcZhSIb0M',#5,'AISC_EM11_Pset_PieceIdentification','PieceIdentity',(#2347,#5271,#72,#73));
#5273= IFCLOCALPLACEMENT(#42,#10);
#5274= IFCELEMENTASSEMBLY('3eiMksY$H9NQ42ESfM117$',#4133,'BEAM',$,$,#5273,$,'B/631',.NOTDEFINED.,.RIGID_FRAME.);
#5275= IFCCARTESIANPOINT((80890.8345336914,3455.95879758638,40715.));
#5276= IFCDIRECTION((-0.0011170230001434,0.999999376129614,0.));
#5277= IFCAXIS2PLACEMENT3D(#5275,#9,#5276);
#5278= IFCLOCALPLACEMENT(#5273,#5277);
#5279= IFCCARTESIANPOINT((4569.34641757821,0.,0.));
#5280= IFCAXIS2PLACEMENT3D(#5279,#88,#56);
#5281= IFCEXTRUDEDAREASOLID(#4172,#5280,#9,4569.35);
#5282= IFCSHAPEREPRESENTATION(#12,'Body','SweptSolid',(#5281));
#5283= IFCPRODUCTDEFINITIONSHAPE($,$,(#5282));
#5284= IFCBEAM('1iilUkWV19$eblTJIEPIpk',#4133,'main piece','IPE270','IPE270',#5278,#5283,'b/526');
#5285= IFCLOCALPLACEMENT(#42,#10);
#5286= IFCELEMENTASSEMBLY('35qcwL8xb9We0q7sB9rEVz',#4133,'BEAM',$,$,#5285,$,'B/604',.NOTDEFINED.,.RIGID_FRAME.);
#5287= IFCCARTESIANPOINT((74389.9991149902,1012.98661435884,40715.));
#5288= IFCAXIS2PLACEMENT3D(#5287,#9,#8);
#5289= IFCLOCALPLACEMENT(#5285,#5288);
#5290= IFCCARTESIANPOINT((6857.23876953125,0.,0.));
#5291= IFCAXIS2PLACEMENT3D(#5290,#88,#56);
#5292= IFCEXTRUDEDAREASOLID(#4172,#5291,#9,6857.24);
#5293= IFCSHAPEREPRESENTATION(#12,'Body','SweptSolid',(#5292));
#5294= IFCPRODUCTDEFINITIONSHAPE($,$,(#5293));
#5295= IFCBEAM('3YpfWl0LDFMQCDn1ATihsA',#4133,'main piece','IPE270','IPE270',#5289,#5294,'b/499');
#5296= IFCLOCALPLACEMENT(#42,#10);
#5297= IFCELEMENTASSEMBLY('1EoTKbFNHD2AsRDrajJvfV',#4133,'BEAM',$,$,#5296,$,'B/623',.NOTDEFINED.,.RIGID_FRAME.);
#5298= IFCCARTESIANPOINT((72260.0018615723,7370.19391263765,40715.));
#5299= IFCAXIS2PLACEMENT3D(#5298,#9,#56);
#5300= IFCLOCALPLACEMENT(#5296,#5299);
#5301= IFCCARTESIANPOINT((6357.20014572144,0.,0.));
#5302= IFCAXIS2PLACEMENT3D(#5301,#88,#56);
#5303= IFCEXTRUDEDAREASOLID(#4172,#5302,#9,6357.2);
#5304= IFCSHAPEREPRESENTATION(#12,'Body','SweptSolid',(#5303));
#5305= IFCPRODUCTDEFINITIONSHAPE($,$,(#5304));
#5306= IFCBEAM('1AQ1V36RD4EOJVX2z7STYk',#4133,'main piece','IPE270','IPE270',#5300,#5305,'b/518');
#5307= IFCLOCALPLACEMENT(#42,#10);
#5308= IFCELEMENTASSEMBLY('2ihmqiTJ9CXeY63d0aW_xN',#4133,'BEAM',$,$,#5307,$,'B/623',.NOTDEFINED.,.RIGID_FRAME.);
#5309= IFCCARTESIANPOINT((70130.000793457,1012.99376691621,40715.));
#5310= IFCAXIS2PLACEMENT3D(#5309,#9,#8);
#5311= IFCLOCALPLACEMENT(#5307,#5310);
#5312= IFCCARTESIANPOINT((6357.24496841431,0.,0.));
#5313= IFCAXIS2PLACEMENT3D(#5312,#88,#56);
#5314= IFCEXTRUDEDAREASOLID(#4172,#5313,#9,6357.24);
#5315= IFCSHAPEREPRESENTATION(#12,'Body','SweptSolid',(#5314));
#5316= IFCPRODUCTDEFINITIONSHAPE($,$,(#5315));
#5317= IFCBEAM('0CXj038cD9zOWUypKAJTW_',#4133,'main piece','IPE270','IPE270',#5311,#5316,'b/518');
#5318= IFCCARTESIANPOINT((65865.2188415527,7483.96153653902,40715.));
#5319= IFCAXIS2PLACEMENT3D(#5318,#9,#56);
#5320= IFCLOCALPLACEMENT(#301,#5319);
#5321= IFCCARTESIANPOINT((6471.00067138672,0.,0.));
#5322= IFCAXIS2PLACEMENT3D(#5321,#88,#56);
#5323= IFCEXTRUDEDAREASOLID(#4172,#5322,#9,6471.);
#5324= IFCDIRECTION((-0.998368955012732,0.057091415000731,0.));
#5325= IFCCARTESIANPOINT((4.7745370080238,30.7586639947258,-120.));
#5326= IFCAXIS2PLACEMENT3D(#5325,#5324,#9);
#5327= IFCPLANE(#5326);
#5328= IFCHALFSPACESOLID(#5327,.F.);
#5329= IFCBOOLEANCLIPPINGRESULT(.DIFFERENCE.,#5323,#5328);
#5330= IFCSHAPEREPRESENTATION(#12,'Body','Clipping',(#5329));
#5331= IFCPRODUCTDEFINITIONSHAPE($,$,(#5330));
#5332= IFCBEAM('0XbkyKQVz7DPDHLYITsBN2',#300,'main piece','IPE270','IPE270',#5320,#5331,'b/418(?)');
#5333= IFCLOCALPLACEMENT(#301,#307);
#5334= IFCCARTESIANPOINT((0.,28.6286011041567,0.));
#5335= IFCAXIS2PLACEMENT3D(#5334,#8,#7);
#5336= IFCEXTRUDEDAREASOLID(#650,#5335,#9,6.81);
#5337= IFCSHAPEREPRESENTATION(#12,'Body','SweptSolid',(#5336));
#5338= IFCREPRESENTATIONMAP(#10,#5337);
#5339= IFCMAPPEDITEM(#5338,#332);
#5340= IFCMAPPEDITEM(#5338,#337);
#5341= IFCMAPPEDITEM(#5338,#340);
#5342= IFCSHAPEREPRESENTATION(#12,'Body','MappedRepresentation',(#5339,#5340,#5341));
#5343= IFCPRODUCTDEFINITIONSHAPE($,$,(#5342));
#5344= IFCOPENINGELEMENT('3Gh8kjdvv86f$HomJZ$86j',#5,$,$,'Opening',#5333,#5343,$);
#5345= IFCRELVOIDSELEMENT('3DTJjzGH9F0P8BR8sszMpX',#5,'Drill Hole',$,#5332,#5344);
#5346= IFCPROPERTYSINGLEVALUE('IndicationMark',$,IFCIDENTIFIER('b/418(?)'),$);
#5347= IFCPROPERTYSET('35edgpdnnF$ON03WhAmadC',#5,'AISC_EM11_Pset_PieceIdentification','PieceIdentity',(#2347,#5346,#72,#73));
#5348= IFCPROPERTYSINGLEVALUE('SkewedAngleX',$,IFCREAL(3.27288),$);
#5349= IFCPROPERTYSET('0qcBYaX3LF9wqH8N4xDRVu',#5,'AISC_EM11_Pset_SkewedEnd',$,(#78,#5348));
#5350= IFCCARTESIANPOINT((63749.9997253418,1012.94989789766,40715.));
#5351= IFCAXIS2PLACEMENT3D(#5350,#9,#8);
#5352= IFCLOCALPLACEMENT(#946,#5351);
#5353= IFCCARTESIANPOINT((6589.20049667358,0.,0.));
#5354= IFCAXIS2PLACEMENT3D(#5353,#88,#56);
#5355= IFCEXTRUDEDAREASOLID(#4172,#5354,#9,6589.2);
#5356= IFCDIRECTION((0.998368955012732,-0.0570914150007319,0.));
#5357= IFCCARTESIANPOINT((6587.23517377314,-30.7586639702349,-120.));
#5358= IFCAXIS2PLACEMENT3D(#5357,#5356,#9);
#5359= IFCPLANE(#5358);
#5360= IFCHALFSPACESOLID(#5359,.F.);
#5361= IFCBOOLEANCLIPPINGRESULT(.DIFFERENCE.,#5355,#5360);
#5362= IFCSHAPEREPRESENTATION(#12,'Body','Clipping',(#5361));
#5363= IFCPRODUCTDEFINITIONSHAPE($,$,(#5362));
#5364= IFCBEAM('0g9LObWf541wWJbabmXDJY',#300,'main piece','IPE270','IPE270',#5352,#5363,'b/417(?)');
#5365= IFCLOCALPLACEMENT(#946,#951);
#5366= IFCSHAPEREPRESENTATION(#12,'Body','MappedRepresentation',(#5339,#5340,#5341));
#5367= IFCPRODUCTDEFINITIONSHAPE($,$,(#5366));
#5368= IFCOPENINGELEMENT('1ggys2tr9DI8sJR8igQaEE',#5,$,$,'Opening',#5365,#5367,$);
#5369= IFCRELVOIDSELEMENT('0vLTaHhjzD0xn$1MKrm6y5',#5,'Drill Hole',$,#5364,#5368);
#5370= IFCPROPERTYSINGLEVALUE('SkewedAngleX',$,IFCREAL(3.35767),$);
#5371= IFCPROPERTYSET('2rfLLRCpb3ZhMqPibKpcK2',#5,'AISC_EM11_Pset_SkewedEnd_2',$,(#78,#5370));
#5372= IFCCARTESIANPOINT((61624.9997253418,7720.86186612886,40715.));
#5373= IFCAXIS2PLACEMENT3D(#5372,#9,#56);
#5374= IFCLOCALPLACEMENT(#1041,#5373);
#5375= IFCCARTESIANPOINT((6707.89957046509,0.,0.));
#5376= IFCAXIS2PLACEMENT3D(#5375,#88,#56);
#5377= IFCEXTRUDEDAREASOLID(#4172,#5376,#9,6707.9);
#5378= IFCCARTESIANPOINT((-0.88077909295771,30.7586639670117,-120.));
#5379= IFCAXIS2PLACEMENT3D(#5378,#5324,#9);
#5380= IFCPLANE(#5379);
#5381= IFCHALFSPACESOLID(#5380,.F.);
#5382= IFCBOOLEANCLIPPINGRESULT(.DIFFERENCE.,#5377,#5381);
#5383= IFCSHAPEREPRESENTATION(#12,'Body','Clipping',(#5382));
#5384= IFCPRODUCTDEFINITIONSHAPE($,$,(#5383));
#5385= IFCBEAM('2W_r5H3XfETQjLUtRLDBgI',#300,'main piece','IPE270','IPE270',#5374,#5384,'b/520(?)');
#5386= IFCLOCALPLACEMENT(#1041,#1046);
#5387= IFCSHAPEREPRESENTATION(#12,'Body','MappedRepresentation',(#5339,#5340,#5341));
#5388= IFCPRODUCTDEFINITIONSHAPE($,$,(#5387));
#5389= IFCOPENINGELEMENT('1DV1OOkHLFovxm8aZ9QlbO',#5,$,$,'Opening',#5386,#5388,$);
#5390= IFCRELVOIDSELEMENT('2NhARS4MzA7AQb0ZwHc2ZM',#5,'Drill Hole',$,#5385,#5389);
#5391= IFCLOCALPLACEMENT(#42,#10);
#5392= IFCELEMENTASSEMBLY('1NLQLNZB9C591rvA8BAq6g',#4133,'BEAM',$,$,#5391,$,'B/630',.NOTDEFINED.,.RIGID_FRAME.);
#5393= IFCPROPERTYSINGLEVALUE('AssemblyMark',$,IFCIDENTIFIER('B/630'),$);
#5394= IFCPROPERTYSET('0djHwSYO9FUP5lVJ$OWCj7',#5,'AISC_EM11_Pset_AssemblyIdentification','AssemblyIdentity',(#5393,#52,#53));
#5395= IFCCARTESIANPOINT((57450.0004882813,1012.99090589326,40715.));
#5396= IFCAXIS2PLACEMENT3D(#5395,#9,#8);
#5397= IFCLOCALPLACEMENT(#5391,#5396);
#5398= IFCCARTESIANPOINT((6941.10059738159,0.,0.));
#5399= IFCAXIS2PLACEMENT3D(#5398,#88,#56);
#5400= IFCEXTRUDEDAREASOLID(#4172,#5399,#9,6941.1);
#5401= IFCSHAPEREPRESENTATION(#12,'Body','SweptSolid',(#5400));
#5402= IFCPRODUCTDEFINITIONSHAPE($,$,(#5401));
#5403= IFCBEAM('3NimYYlpT7jRsnPH81YzIf',#4133,'main piece','IPE270','IPE270',#5397,#5402,'b/525');
#5404= IFCPROPERTYSINGLEVALUE('IndicationMark',$,IFCIDENTIFIER('b/525'),$);
#5405= IFCPROPERTYSET('1N$oz3Af19OAmror53bKhT',#5,'AISC_EM11_Pset_PieceIdentification','PieceIdentity',(#2347,#5404,#72,#73));
#5406= IFCLOCALPLACEMENT(#42,#10);
#5407= IFCELEMENTASSEMBLY('0j2bXcFxj9XuvllV4jxVdA',#4133,'BEAM',$,$,#5406,$,'B/629',.NOTDEFINED.,.RIGID_FRAME.);
#5408= IFCPROPERTYSINGLEVALUE('AssemblyMark',$,IFCIDENTIFIER('B/629'),$);
#5409= IFCPROPERTYSET('3W91y8RU1F7PQrtpE9HQJG',#5,'AISC_EM11_Pset_AssemblyIdentification','AssemblyIdentity',(#5408,#52,#53));
#5410= IFCCARTESIANPOINT((55399.9993438721,8068.65830625337,40715.));
#5411= IFCAXIS2PLACEMENT3D(#5410,#9,#56);
#5412= IFCLOCALPLACEMENT(#5406,#5411);
#5413= IFCCARTESIANPOINT((7055.69982528687,0.,0.));
#5414= IFCAXIS2PLACEMENT3D(#5413,#88,#56);
#5415= IFCEXTRUDEDAREASOLID(#4172,#5414,#9,7055.7);
#5416= IFCSHAPEREPRESENTATION(#12,'Body','SweptSolid',(#5415));
#5417= IFCPRODUCTDEFINITIONSHAPE($,$,(#5416));
#5418= IFCBEAM('2Xo8QMURP3YRo4WEsOcM9j',#4133,'main piece','IPE270','IPE270',#5412,#5417,'b/524');
#5419= IFCPROPERTYSINGLEVALUE('IndicationMark',$,IFCIDENTIFIER('b/524'),$);
#5420= IFCPROPERTYSET('1hSVmecp9F4PNqR1DpiUdI',#5,'AISC_EM11_Pset_PieceIdentification','PieceIdentity',(#2347,#5419,#72,#73));
#5421= IFCLOCALPLACEMENT(#42,#10);
#5422= IFCELEMENTASSEMBLY('1Gp4Nb86P5YvfTgU$OqfZ8',#4133,'BEAM',$,$,#5421,$,'B/628',.NOTDEFINED.,.RIGID_FRAME.);
#5423= IFCCARTESIANPOINT((53350.0001068115,1012.9551431064,40715.));
#5424= IFCAXIS2PLACEMENT3D(#5423,#9,#8);
#5425= IFCLOCALPLACEMENT(#5421,#5424);
#5426= IFCCARTESIANPOINT((7112.29991912842,0.,0.));
#5427= IFCAXIS2PLACEMENT3D(#5426,#88,#56);
#5428= IFCEXTRUDEDAREASOLID(#4172,#5427,#9,7112.3);
#5429= IFCSHAPEREPRESENTATION(#12,'Body','SweptSolid',(#5428));
#5430= IFCPRODUCTDEFINITIONSHAPE($,$,(#5429));
#5431= IFCBEAM('2SwoldYtj0XeKnqGQBg7hX',#4133,'main piece','IPE270','IPE270',#5425,#5430,'b/523');
#5432= IFCLOCALPLACEMENT(#42,#10);
#5433= IFCELEMENTASSEMBLY('3pnA4ud6HBReaXqx5MQoYo',#4133,'BEAM',$,$,#5432,$,'B/628',.NOTDEFINED.,.RIGID_FRAME.);
#5434= IFCCARTESIANPOINT((48649.9993438721,1012.9551431064,40715.));
#5435= IFCAXIS2PLACEMENT3D(#5434,#9,#8);
#5436= IFCLOCALPLACEMENT(#5432,#5435);
#5437= IFCSHAPEREPRESENTATION(#12,'Body','SweptSolid',(#5428));
#5438= IFCPRODUCTDEFINITIONSHAPE($,$,(#5437));
#5439= IFCBEAM('09G912Kq93WwVl7hrvAewl',#4133,'main piece','IPE270','IPE270',#5436,#5438,'b/523');
#5440= IFCLOCALPLACEMENT(#42,#10);
#5441= IFCELEMENTASSEMBLY('04jvBpL6z5LOTYiMV8tYIK',#4133,'BEAM',$,$,#5440,$,'B/627',.NOTDEFINED.,.RIGID_FRAME.);
#5442= IFCPROPERTYSINGLEVALUE('AssemblyMark',$,IFCIDENTIFIER('B/627'),$);
#5443= IFCPROPERTYSET('29dfDnnmb4n9tbWkAmZFdr',#5,'AISC_EM11_Pset_AssemblyIdentification','AssemblyIdentity',(#5442,#52,#53));
#5444= IFCCARTESIANPOINT((46600.0001068115,8064.17031492036,40715.));
#5445= IFCAXIS2PLACEMENT3D(#5444,#9,#56);
#5446= IFCLOCALPLACEMENT(#5440,#5445);
#5447= IFCCARTESIANPOINT((7051.1999130249,0.,0.));
#5448= IFCAXIS2PLACEMENT3D(#5447,#88,#56);
#5449= IFCEXTRUDEDAREASOLID(#4172,#5448,#9,7051.2);
#5450= IFCSHAPEREPRESENTATION(#12,'Body','SweptSolid',(#5449));
#5451= IFCPRODUCTDEFINITIONSHAPE($,$,(#5450));
#5452= IFCBEAM('0TtH8dfA57VRcKlHo_RYY9',#4133,'main piece','IPE270','IPE270',#5446,#5451,'b/522');
#5453= IFCPROPERTYSINGLEVALUE('IndicationMark',$,IFCIDENTIFIER('b/522'),$);
#5454= IFCPROPERTYSET('0TXW5Chgn4eQgthYJMMZPw',#5,'AISC_EM11_Pset_PieceIdentification','PieceIdentity',(#2347,#5453,#72,#73));
#5455= IFCLOCALPLACEMENT(#42,#10);
#5456= IFCELEMENTASSEMBLY('24sOrjkev1z9tkxCA0S0EW',#4133,'BEAM',$,$,#5455,$,'B/626',.NOTDEFINED.,.RIGID_FRAME.);
#5457= IFCPROPERTYSINGLEVALUE('AssemblyMark',$,IFCIDENTIFIER('B/626'),$);
#5458= IFCPROPERTYSET('0DmI1rl1X5i8l0lrUd1NTQ',#5,'AISC_EM11_Pset_AssemblyIdentification','AssemblyIdentity',(#5457,#52,#53));
#5459= IFCCARTESIANPOINT((44550.000869751,1012.95323575777,40715.));
#5460= IFCAXIS2PLACEMENT3D(#5459,#9,#8);
#5461= IFCLOCALPLACEMENT(#5455,#5460);
#5462= IFCCARTESIANPOINT((6937.9997253418,0.,0.));
#5463= IFCAXIS2PLACEMENT3D(#5462,#88,#56);
#5464= IFCEXTRUDEDAREASOLID(#4172,#5463,#9,6938.);
#5465= IFCSHAPEREPRESENTATION(#12,'Body','SweptSolid',(#5464));
#5466= IFCPRODUCTDEFINITIONSHAPE($,$,(#5465));
#5467= IFCBEAM('3yGG9$By95reEkIxnvcSna',#4133,'main piece','IPE270','IPE270',#5461,#5466,'b/521');
#5468= IFCPROPERTYSINGLEVALUE('IndicationMark',$,IFCIDENTIFIER('b/521'),$);
#5469= IFCPROPERTYSET('0PL4kKjpj9Ve6gMxKDL8RG',#5,'AISC_EM11_Pset_PieceIdentification','PieceIdentity',(#2347,#5468,#72,#73));
#5470= IFCCARTESIANPOINT((40374.9997253418,1012.99710477632,40715.));
#5471= IFCAXIS2PLACEMENT3D(#5470,#9,#8);
#5472= IFCLOCALPLACEMENT(#1110,#5471);
#5473= IFCCARTESIANPOINT((6707.30018615723,0.,0.));
#5474= IFCAXIS2PLACEMENT3D(#5473,#88,#56);
#5475= IFCEXTRUDEDAREASOLID(#4172,#5474,#9,6707.3);
#5476= IFCDIRECTION((0.998476918062491,0.0551710440034512,0.));
#5477= IFCCARTESIANPOINT((6718.11435492081,-88.0717963177231,-120.));
#5478= IFCAXIS2PLACEMENT3D(#5477,#5476,#9);
#5479= IFCPLANE(#5478);
#5480= IFCHALFSPACESOLID(#5479,.F.);
#5481= IFCBOOLEANCLIPPINGRESULT(.DIFFERENCE.,#5475,#5480);
#5482= IFCSHAPEREPRESENTATION(#12,'Body','Clipping',(#5481));
#5483= IFCPRODUCTDEFINITIONSHAPE($,$,(#5482));
#5484= IFCBEAM('2cnTJtxOD8GPkJU7zCSwEI',#300,'main piece','IPE270','IPE270',#5472,#5483,'b/520(?)');
#5485= IFCLOCALPLACEMENT(#1110,#1114);
#5486= IFCCARTESIANPOINT((0.,-34.3373741086412,0.));
#5487= IFCAXIS2PLACEMENT3D(#5486,#8,#7);
#5488= IFCEXTRUDEDAREASOLID(#650,#5487,#9,6.81);
#5489= IFCSHAPEREPRESENTATION(#12,'Body','SweptSolid',(#5488));
#5490= IFCREPRESENTATIONMAP(#10,#5489);
#5491= IFCMAPPEDITEM(#5490,#332);
#5492= IFCMAPPEDITEM(#5490,#337);
#5493= IFCMAPPEDITEM(#5490,#340);
#5494= IFCSHAPEREPRESENTATION(#12,'Body','MappedRepresentation',(#5491,#5492,#5493));
#5495= IFCPRODUCTDEFINITIONSHAPE($,$,(#5494));
#5496= IFCOPENINGELEMENT('07ats2WQX1gRXvXz8nwNh7',#5,$,$,'Opening',#5485,#5495,$);
#5497= IFCRELVOIDSELEMENT('1V5t5ySjf9Z81R6bVg3LYi',#5,'Drill Hole',$,#5484,#5496);
#5498= IFCCARTESIANPOINT((38249.9997253418,7602.95911039156,40715.));
#5499= IFCAXIS2PLACEMENT3D(#5498,#9,#56);
#5500= IFCLOCALPLACEMENT(#1418,#5499);
#5501= IFCCARTESIANPOINT((6590.00015258789,0.,0.));
#5502= IFCAXIS2PLACEMENT3D(#5501,#88,#56);
#5503= IFCEXTRUDEDAREASOLID(#4172,#5502,#9,6590.);
#5504= IFCDIRECTION((-0.99847691806249,-0.0551710440034546,0.));
#5505= IFCCARTESIANPOINT((-10.7751520464853,88.0717963209318,-120.));
#5506= IFCAXIS2PLACEMENT3D(#5505,#5504,#9);
#5507= IFCPLANE(#5506);
#5508= IFCHALFSPACESOLID(#5507,.F.);
#5509= IFCBOOLEANCLIPPINGRESULT(.DIFFERENCE.,#5503,#5508);
#5510= IFCSHAPEREPRESENTATION(#12,'Body','Clipping',(#5509));
#5511= IFCPRODUCTDEFINITIONSHAPE($,$,(#5510));
#5512= IFCBEAM('21fqCw47jCVuK$Ohq7hRlu',#300,'main piece','IPE270','IPE270',#5500,#5511,'b/417(?)');
#5513= IFCLOCALPLACEMENT(#1418,#1421);
#5514= IFCSHAPEREPRESENTATION(#12,'Body','MappedRepresentation',(#5491,#5492,#5493));
#5515= IFCPRODUCTDEFINITIONSHAPE($,$,(#5514));
#5516= IFCOPENINGELEMENT('0h$kJIYk1BBgMjUCAJLlm7',#5,$,$,'Opening',#5513,#5515,$);
#5517= IFCRELVOIDSELEMENT('0THC$il0D7Ve6rrPw5PBO9',#5,'Drill Hole',$,#5512,#5516);
#5518= IFCCARTESIANPOINT((36135.2192993164,1012.95275892061,40715.));
#5519= IFCAXIS2PLACEMENT3D(#5518,#9,#8);
#5520= IFCLOCALPLACEMENT(#1485,#5519);
#5521= IFCCARTESIANPOINT((6473.19936752319,0.,0.));
#5522= IFCAXIS2PLACEMENT3D(#5521,#88,#56);
#5523= IFCEXTRUDEDAREASOLID(#4172,#5522,#9,6473.2);
#5524= IFCCARTESIANPOINT((6483.96879799994,-88.0717963209318,-120.));
#5525= IFCAXIS2PLACEMENT3D(#5524,#5476,#9);
#5526= IFCPLANE(#5525);
#5527= IFCHALFSPACESOLID(#5526,.F.);
#5528= IFCBOOLEANCLIPPINGRESULT(.DIFFERENCE.,#5523,#5527);
#5529= IFCSHAPEREPRESENTATION(#12,'Body','Clipping',(#5528));
#5530= IFCPRODUCTDEFINITIONSHAPE($,$,(#5529));
#5531= IFCBEAM('2VsYY32KvCyBIpVe50kQje',#300,'main piece','IPE270','IPE270',#5520,#5530,'b/519(?)');
#5532= IFCLOCALPLACEMENT(#1485,#1490);
#5533= IFCSHAPEREPRESENTATION(#12,'Body','MappedRepresentation',(#5491,#5492,#5493));
#5534= IFCPRODUCTDEFINITIONSHAPE($,$,(#5533));
#5535= IFCOPENINGELEMENT('0s46gLCHz5fQufp58OaqA8',#5,$,$,'Opening',#5532,#5534,$);
#5536= IFCRELVOIDSELEMENT('1EnBCcwRL7rxiIJvpqTrix',#5,'Drill Hole',$,#5531,#5535);
#5537= IFCPROPERTYSINGLEVALUE('IndicationMark',$,IFCIDENTIFIER('b/519(?)'),$);
#5538= IFCPROPERTYSET('1_7jd0qTrEjvp2kQvsriaA',#5,'AISC_EM11_Pset_PieceIdentification','PieceIdentity',(#2347,#5537,#72,#73));
#5539= IFCLOCALPLACEMENT(#42,#10);
#5540= IFCELEMENTASSEMBLY('3VYpoEKBv9FAMpknb0e63I',#4133,'BEAM',$,$,#5539,$,'B/623',.NOTDEFINED.,.RIGID_FRAME.);
#5541= IFCCARTESIANPOINT((31974.9886627197,1012.99376691621,40715.));
#5542= IFCAXIS2PLACEMENT3D(#5541,#9,#8);
#5543= IFCLOCALPLACEMENT(#5539,#5542);
#5544= IFCSHAPEREPRESENTATION(#12,'Body','SweptSolid',(#5314));
#5545= IFCPRODUCTDEFINITIONSHAPE($,$,(#5544));
#5546= IFCBEAM('3rg6PgF4nDH92K9sftTxD7',#4133,'main piece','IPE270','IPE270',#5543,#5545,'b/518');
#5547= IFCLOCALPLACEMENT(#42,#10);
#5548= IFCELEMENTASSEMBLY('3I$080CDb22hUBYmVdc3vO',#4133,'BEAM',$,$,#5547,$,'B/622',.NOTDEFINED.,.RIGID_FRAME.);
#5549= IFCPROPERTYSINGLEVALUE('AssemblyMark',$,IFCIDENTIFIER('B/622'),$);
#5550= IFCPROPERTYSET('14f6P0TIDEhfTG9roh7UkG',#5,'AISC_EM11_Pset_AssemblyIdentification','AssemblyIdentity',(#5549,#52,#53));
#5551= IFCCARTESIANPOINT((29949.9909515381,1013.04908002657,40715.));
#5552= IFCAXIS2PLACEMENT3D(#5551,#9,#2748);
#5553= IFCLOCALPLACEMENT(#5547,#5552);
#5554= IFCCARTESIANPOINT((6354.19988633309,0.,-7.27595761418343E-12));
#5555= IFCAXIS2PLACEMENT3D(#5554,#88,#56);
#5556= IFCEXTRUDEDAREASOLID(#4172,#5555,#9,6354.2);
#5557= IFCSHAPEREPRESENTATION(#12,'Body','SweptSolid',(#5556));
#5558= IFCPRODUCTDEFINITIONSHAPE($,$,(#5557));
#5559= IFCBEAM('0bAfzA1yX4uA3aB_LGkliw',#4133,'main piece','IPE270','IPE270',#5553,#5558,'b/517');
#5560= IFCPROPERTYSINGLEVALUE('IndicationMark',$,IFCIDENTIFIER('b/517'),$);
#5561= IFCPROPERTYSET('0XiImym5v2gfsxnbHZDhVk',#5,'AISC_EM11_Pset_PieceIdentification','PieceIdentity',(#2347,#5560,#72,#73));
#5562= IFCLOCALPLACEMENT(#42,#10);
#5563= IFCELEMENTASSEMBLY('1GiNH6icT5pPObkrbQD5BC',#4133,'BEAM',$,$,#5562,$,'B/604',.NOTDEFINED.,.RIGID_FRAME.);
#5564= IFCCARTESIANPOINT((27924.9884719849,1012.98661435884,40715.));
#5565= IFCAXIS2PLACEMENT3D(#5564,#9,#8);
#5566= IFCLOCALPLACEMENT(#5562,#5565);
#5567= IFCCARTESIANPOINT((6857.14651094634,0.,0.));
#5568= IFCAXIS2PLACEMENT3D(#5567,#88,#56);
#5569= IFCEXTRUDEDAREASOLID(#4172,#5568,#9,6857.15);
#5570= IFCSHAPEREPRESENTATION(#12,'Body','SweptSolid',(#5569));
#5571= IFCPRODUCTDEFINITIONSHAPE($,$,(#5570));
#5572= IFCBEAM('2X3fd0ld1AvhWXkdnZfhGw',#4133,'main piece','IPE270','IPE270',#5566,#5571,'b/499');
#5573= IFCLOCALPLACEMENT(#42,#10);
#5574= IFCELEMENTASSEMBLY('0dbs1sG1X35OwJ7F1YJRdP',#4133,'BEAM',$,$,#5573,$,'B/621',.NOTDEFINED.,.RIGID_FRAME.);
#5575= IFCPROPERTYSINGLEVALUE('AssemblyMark',$,IFCIDENTIFIER('B/621'),$);
#5576= IFCPROPERTYSET('2P8HyQPCfB1PfgO70GGG8P',#5,'AISC_EM11_Pset_AssemblyIdentification','AssemblyIdentity',(#5575,#52,#53));
#5577= IFCCARTESIANPOINT((46596.700106859,16403.4227868442,40715.));
#5578= IFCDIRECTION((0.000451757999980967,-0.99999989795735,0.));
#5579= IFCAXIS2PLACEMENT3D(#5577,#9,#5578);
#5580= IFCLOCALPLACEMENT(#5573,#5579);
#5581= IFCCARTESIANPOINT((7304.79982530971,0.,0.));
#5582= IFCAXIS2PLACEMENT3D(#5581,#88,#56);
#5583= IFCEXTRUDEDAREASOLID(#4172,#5582,#9,7304.8);
#5584= IFCSHAPEREPRESENTATION(#12,'Body','SweptSolid',(#5583));
#5585= IFCPRODUCTDEFINITIONSHAPE($,$,(#5584));
#5586= IFCBEAM('2ja5n3IT9269sUXI4Tlupl',#4133,'main piece','IPE270','IPE270',#5580,#5585,'b/516');
#5587= IFCPROPERTYSINGLEVALUE('IndicationMark',$,IFCIDENTIFIER('b/516'),$);
#5588= IFCPROPERTYSET('30pH1OBTr4oQLNKdFihdl$',#5,'AISC_EM11_Pset_PieceIdentification','PieceIdentity',(#2347,#5587,#72,#73));
#5589= IFCLOCALPLACEMENT(#42,#10);
#5590= IFCELEMENTASSEMBLY('1uHNKfOJf5xguOtnAad8bJ',#4133,'BEAM',$,$,#5589,$,'B/620',.NOTDEFINED.,.RIGID_FRAME.);
#5591= IFCPROPERTYSINGLEVALUE('AssemblyMark',$,IFCIDENTIFIER('B/620'),$);
#5592= IFCPROPERTYSET('2zbMdlYtrEEgVkNouRHI2b',#5,'AISC_EM11_Pset_AssemblyIdentification','AssemblyIdentity',(#5591,#52,#53));
#5593= IFCCARTESIANPOINT((23087.2571105957,5942.60544980806,40715.));
#5594= IFCDIRECTION((-0.999999973657071,-0.000229533999921416,0.));
#5595= IFCAXIS2PLACEMENT3D(#5593,#9,#5594);
#5596= IFCLOCALPLACEMENT(#5589,#5595);
#5597= IFCCARTESIANPOINT((988.84775859458,0.,-7.27595761418343E-12));
#5598= IFCAXIS2PLACEMENT3D(#5597,#88,#56);
#5599= IFCEXTRUDEDAREASOLID(#4172,#5598,#9,988.85);
#5600= IFCSHAPEREPRESENTATION(#12,'Body','SweptSolid',(#5599));
#5601= IFCPRODUCTDEFINITIONSHAPE($,$,(#5600));
#5602= IFCBEAM('1eB_Ze9QPDvAGuFOcH7imf',#4133,'main piece','IPE270','IPE270',#5596,#5601,'b/515');
#5603= IFCPROPERTYSINGLEVALUE('IndicationMark',$,IFCIDENTIFIER('b/515'),$);
#5604= IFCPROPERTYSET('203XjidtrCMxBtQQocxHwf',#5,'AISC_EM11_Pset_PieceIdentification','PieceIdentity',(#2347,#5603,#72,#73));
#5605= IFCLOCALPLACEMENT(#42,#10);
#5606= IFCELEMENTASSEMBLY('06TXVgv3b0DBS5QFmP6WUI',#4133,'BEAM',$,$,#5605,$,'B/619',.NOTDEFINED.,.RIGID_FRAME.);
#5607= IFCPROPERTYSINGLEVALUE('AssemblyMark',$,IFCIDENTIFIER('B/619'),$);
#5608= IFCPROPERTYSET('108QLpRYnElwS59lepo67h',#5,'AISC_EM11_Pset_AssemblyIdentification','AssemblyIdentity',(#5607,#52,#53));
#5609= IFCCARTESIANPOINT((20346.6956253052,498.248531473098,40700.));
#5610= IFCDIRECTION((0.293752376934335,0.955881551786323,0.));
#5611= IFCAXIS2PLACEMENT3D(#5609,#9,#5610);
#5612= IFCLOCALPLACEMENT(#5605,#5611);
#5613= IFCCARTESIANPOINT((7876.8932916758,0.,0.));
#5614= IFCAXIS2PLACEMENT3D(#5613,#88,#56);
#5615= IFCEXTRUDEDAREASOLID(#4141,#5614,#9,7876.89);
#5616= IFCSHAPEREPRESENTATION(#12,'Body','SweptSolid',(#5615));
#5617= IFCPRODUCTDEFINITIONSHAPE($,$,(#5616));
#5618= IFCBEAM('3T9MYN06P3Zem5hmxogR6F',#4133,'main piece','IPE300','IPE300',#5612,#5617,'b/514');
#5619= IFCPROPERTYSINGLEVALUE('IndicationMark',$,IFCIDENTIFIER('b/514'),$);
#5620= IFCPROPERTYSET('1wg2cRgyzEXRU$VUP9DoLN',#5,'AISC_EM11_Pset_PieceIdentification','PieceIdentity',(#2347,#5619,#72,#73));
#5621= IFCLOCALPLACEMENT(#42,#10);
#5622= IFCELEMENTASSEMBLY('2Zfss0_hDE7fZku35kuENA',#4133,'BEAM',$,$,#5621,$,'B/618',.NOTDEFINED.,.RIGID_FRAME.);
#5623= IFCCARTESIANPOINT((17195.0013275146,8122.62482847017,40700.));
#5624= IFCAXIS2PLACEMENT3D(#5623,#9,#7);
#5625= IFCLOCALPLACEMENT(#5621,#5624);
#5626= IFCSHAPEREPRESENTATION(#12,'Body','SweptSolid',(#4818));
#5627= IFCPRODUCTDEFINITIONSHAPE($,$,(#5626));
#5628= IFCBEAM('1UZOVJ0I9EUBymmG9MHWTj',#4133,'main piece','IPE300','IPE300',#5625,#5627,'b/513');
#5629= IFCLOCALPLACEMENT(#42,#10);
#5630= IFCELEMENTASSEMBLY('1zinJv2sDC4RX9n4F4vZoa',#4133,'BEAM',$,$,#5629,$,'B/617',.NOTDEFINED.,.RIGID_FRAME.);
#5631= IFCPROPERTYSINGLEVALUE('AssemblyMark',$,IFCIDENTIFIER('B/617'),$);
#5632= IFCPROPERTYSET('3V4$otl3514eMK6Jpqs0sZ',#5,'AISC_EM11_Pset_AssemblyIdentification','AssemblyIdentity',(#5631,#52,#53));
#5633= IFCCARTESIANPOINT((17392.5854797363,17475.2363702182,40685.));
#5634= IFCAXIS2PLACEMENT3D(#5633,#9,#8);
#5635= IFCLOCALPLACEMENT(#5629,#5634);
#5636= IFCCARTESIANPOINT((7127.23731994757,0.,0.));
#5637= IFCAXIS2PLACEMENT3D(#5636,#88,#56);
#5638= IFCEXTRUDEDAREASOLID(#4800,#5637,#9,7127.24);
#5639= IFCSHAPEREPRESENTATION(#12,'Body','SweptSolid',(#5638));
#5640= IFCPRODUCTDEFINITIONSHAPE($,$,(#5639));
#5641= IFCBEAM('0UuV_MCp97EgrFp9LV6Sn2',#4133,'main piece','IPE330','IPE330',#5635,#5640,'b/512');
#5642= IFCPROPERTYSINGLEVALUE('IndicationMark',$,IFCIDENTIFIER('b/512'),$);
#5643= IFCPROPERTYSET('0NEnSh6ff3Q8rfZ5jpJrA8',#5,'AISC_EM11_Pset_PieceIdentification','PieceIdentity',(#2347,#5642,#72,#73));
#5644= IFCLOCALPLACEMENT(#42,#10);
#5645= IFCELEMENTASSEMBLY('0hstcyI$nEaQWwrlXNGSbU',#4133,'BEAM',$,$,#5644,$,'B/616',.NOTDEFINED.,.RIGID_FRAME.);
#5646= IFCPROPERTYSINGLEVALUE('AssemblyMark',$,IFCIDENTIFIER('B/616'),$);
#5647= IFCPROPERTYSET('1jqYV9BGH0ye4ce$8FHYwJ',#5,'AISC_EM11_Pset_AssemblyIdentification','AssemblyIdentity',(#5646,#52,#53));
#5648= IFCCARTESIANPOINT((17392.5854797363,8217.62414182466,40685.));
#5649= IFCAXIS2PLACEMENT3D(#5648,#9,#8);
#5650= IFCLOCALPLACEMENT(#5644,#5649);
#5651= IFCCARTESIANPOINT((9067.61169433594,0.,0.));
#5652= IFCAXIS2PLACEMENT3D(#5651,#88,#56);
#5653= IFCEXTRUDEDAREASOLID(#4800,#5652,#9,9067.61);
#5654= IFCSHAPEREPRESENTATION(#12,'Body','SweptSolid',(#5653));
#5655= IFCPRODUCTDEFINITIONSHAPE($,$,(#5654));
#5656= IFCBEAM('047A4P$lbFMx9M9_tRnaZ9',#4133,'main piece','IPE330','IPE330',#5650,#5655,'b/511');
#5657= IFCPROPERTYSINGLEVALUE('IndicationMark',$,IFCIDENTIFIER('b/511'),$);
#5658= IFCPROPERTYSET('2kXcsD3vzDZ874wg7VCMnh',#5,'AISC_EM11_Pset_PieceIdentification','PieceIdentity',(#2347,#5657,#72,#73));
#5659= IFCLOCALPLACEMENT(#42,#10);
#5660= IFCELEMENTASSEMBLY('08O9S8X913tPosI9JILX2x',#4133,'BEAM',$,$,#5659,$,'B/615',.NOTDEFINED.,.RIGID_FRAME.);
#5661= IFCPROPERTYSINGLEVALUE('AssemblyMark',$,IFCIDENTIFIER('B/615'),$);
#5662= IFCPROPERTYSET('2DGVrBGzH2AvQQYO4QXWC_',#5,'AISC_EM11_Pset_AssemblyIdentification','AssemblyIdentity',(#5661,#52,#53));
#5663= IFCCARTESIANPOINT((17392.587387085,897.916271341262,40685.));
#5664= IFCAXIS2PLACEMENT3D(#5663,#9,#8);
#5665= IFCLOCALPLACEMENT(#5659,#5664);
#5666= IFCCARTESIANPOINT((7129.7092437757,0.,0.));
#5667= IFCAXIS2PLACEMENT3D(#5666,#88,#56);
#5668= IFCEXTRUDEDAREASOLID(#4800,#5667,#9,7129.71);
#5669= IFCSHAPEREPRESENTATION(#12,'Body','SweptSolid',(#5668));
#5670= IFCPRODUCTDEFINITIONSHAPE($,$,(#5669));
#5671= IFCBEAM('1TSrHYMb917gEF1mj0qJZy',#4133,'main piece','IPE330','IPE330',#5665,#5670,'b/510');
#5672= IFCPROPERTYSINGLEVALUE('IndicationMark',$,IFCIDENTIFIER('b/510'),$);
#5673= IFCPROPERTYSET('1eHgNy8OrDegAgDCcry$vE',#5,'AISC_EM11_Pset_PieceIdentification','PieceIdentity',(#2347,#5672,#72,#73));
#5674= IFCLOCALPLACEMENT(#42,#10);
#5675= IFCELEMENTASSEMBLY('11eFnvMSXB6OqDrUVs2UcV',#4133,'BEAM',$,$,#5674,$,'B/614',.NOTDEFINED.,.RIGID_FRAME.);
#5676= IFCPROPERTYSINGLEVALUE('AssemblyMark',$,IFCIDENTIFIER('B/614'),$);
#5677= IFCPROPERTYSET('069iFdOaD1vAmySRsLMx60',#5,'AISC_EM11_Pset_AssemblyIdentification','AssemblyIdentity',(#5676,#52,#53));
#5678= IFCCARTESIANPOINT((21199.9995346069,17475.2363702182,40715.));
#5679= IFCAXIS2PLACEMENT3D(#5678,#9,#8);
#5680= IFCLOCALPLACEMENT(#5674,#5679);
#5681= IFCCARTESIANPOINT((4275.1293182373,0.,0.));
#5682= IFCAXIS2PLACEMENT3D(#5681,#88,#56);
#5683= IFCEXTRUDEDAREASOLID(#4172,#5682,#9,4275.13);
#5684= IFCSHAPEREPRESENTATION(#12,'Body','SweptSolid',(#5683));
#5685= IFCPRODUCTDEFINITIONSHAPE($,$,(#5684));
#5686= IFCBEAM('168FaM4K142eFNjggl5l77',#4133,'main piece','IPE270','IPE270',#5680,#5685,'b/509');
#5687= IFCPROPERTYSINGLEVALUE('IndicationMark',$,IFCIDENTIFIER('b/509'),$);
#5688= IFCPROPERTYSET('25bH2kayv1a9LoKHK2HT4n',#5,'AISC_EM11_Pset_PieceIdentification','PieceIdentity',(#2347,#5687,#72,#73));
#5689= IFCLOCALPLACEMENT(#42,#10);
#5690= IFCELEMENTASSEMBLY('2m0kbarcn9O9te926eocwb',#4133,'BEAM',$,$,#5689,$,'B/613',.NOTDEFINED.,.RIGID_FRAME.);
#5691= IFCCARTESIANPOINT((22119.0201873779,19557.718593729,40715.));
#5692= IFCAXIS2PLACEMENT3D(#5691,#9,#7);
#5693= IFCLOCALPLACEMENT(#5689,#5692);
#5694= IFCCARTESIANPOINT((968.236923218869,0.,0.));
#5695= IFCAXIS2PLACEMENT3D(#5694,#88,#56);
#5696= IFCEXTRUDEDAREASOLID(#4172,#5695,#9,968.24);
#5697= IFCSHAPEREPRESENTATION(#12,'Body','SweptSolid',(#5696));
#5698= IFCPRODUCTDEFINITIONSHAPE($,$,(#5697));
#5699= IFCBEAM('0tkfNPp9T0rv8ed9fJIZdo',#4133,'main piece','IPE270','IPE270',#5693,#5698,'b/508');
#5700= IFCLOCALPLACEMENT(#42,#10);
#5701= IFCELEMENTASSEMBLY('1ziEyslSP8ORP1foIQFrwN',#4133,'BEAM',$,$,#5700,$,'B/604',.NOTDEFINED.,.RIGID_FRAME.);
#5702= IFCCARTESIANPOINT((31899.9591732236,17630.2446862395,40715.));
#5703= IFCAXIS2PLACEMENT3D(#5702,#9,#2748);
#5704= IFCLOCALPLACEMENT(#5700,#5703);
#5705= IFCCARTESIANPOINT((6857.00035098022,0.,0.));
#5706= IFCAXIS2PLACEMENT3D(#5705,#88,#56);
#5707= IFCEXTRUDEDAREASOLID(#4172,#5706,#9,6857.);
#5708= IFCSHAPEREPRESENTATION(#12,'Body','SweptSolid',(#5707));
#5709= IFCPRODUCTDEFINITIONSHAPE($,$,(#5708));
#5710= IFCBEAM('18hNapMjf4qu6FZFPIYSmH',#4133,'main piece','IPE270','IPE270',#5704,#5709,'b/499');
#5711= IFCLOCALPLACEMENT(#42,#10);
#5712= IFCELEMENTASSEMBLY('2HzWnqHdj2SAigHYVNB002',#4133,'BEAM',$,$,#5711,$,'B/604',.NOTDEFINED.,.RIGID_FRAME.);
#5713= IFCCARTESIANPOINT((29809.9590206357,17630.2332421477,40715.));
#5714= IFCAXIS2PLACEMENT3D(#5713,#9,#2748);
#5715= IFCLOCALPLACEMENT(#5711,#5714);
#5716= IFCSHAPEREPRESENTATION(#12,'Body','SweptSolid',(#5707));
#5717= IFCPRODUCTDEFINITIONSHAPE($,$,(#5716));
#5718= IFCBEAM('31wGRyRQTEi9RWNeIQbpkZ',#4133,'main piece','IPE270','IPE270',#5715,#5717,'b/499');
#5719= IFCLOCALPLACEMENT(#42,#10);
#5720= IFCELEMENTASSEMBLY('2FXd3zCLD22hMX34ulEIZ2',#4133,'BEAM',$,$,#5719,$,'B/612',.NOTDEFINED.,.RIGID_FRAME.);
#5721= IFCCARTESIANPOINT((17195.0013275146,24682.7091714267,40715.));
#5722= IFCAXIS2PLACEMENT3D(#5721,#9,#7);
#5723= IFCLOCALPLACEMENT(#5719,#5722);
#5724= IFCCARTESIANPOINT((3150.44498443604,0.,0.));
#5725= IFCAXIS2PLACEMENT3D(#5724,#88,#56);
#5726= IFCEXTRUDEDAREASOLID(#4172,#5725,#9,3150.44);
#5727= IFCSHAPEREPRESENTATION(#12,'Body','SweptSolid',(#5726));
#5728= IFCPRODUCTDEFINITIONSHAPE($,$,(#5727));
#5729= IFCBEAM('0AnobULlTF8OqWm4Oig5ea',#4133,'main piece','IPE270','IPE270',#5723,#5728,'b/507');
#5730= IFCLOCALPLACEMENT(#42,#10);
#5731= IFCELEMENTASSEMBLY('1R3ylGtjL8ou_f6gU8giqC',#4133,'BEAM',$,$,#5730,$,'B/611',.NOTDEFINED.,.RIGID_FRAME.);
#5732= IFCCARTESIANPOINT((19299.9999160767,17475.2363702182,40715.));
#5733= IFCAXIS2PLACEMENT3D(#5732,#9,#8);
#5734= IFCLOCALPLACEMENT(#5730,#5733);
#5735= IFCCARTESIANPOINT((7119.97222900391,0.,0.));
#5736= IFCAXIS2PLACEMENT3D(#5735,#88,#56);
#5737= IFCEXTRUDEDAREASOLID(#4172,#5736,#9,7119.97);
#5738= IFCSHAPEREPRESENTATION(#12,'Body','SweptSolid',(#5737));
#5739= IFCPRODUCTDEFINITIONSHAPE($,$,(#5738));
#5740= IFCBEAM('3tvLCm9P16nxvsamxMFHsU',#4133,'main piece','IPE270','IPE270',#5734,#5739,'b/506');
#5741= IFCLOCALPLACEMENT(#42,#10);
#5742= IFCELEMENTASSEMBLY('1_u1GRywb39weAr3ABVHpv',#4133,'BEAM',$,$,#5741,$,'B/609',.NOTDEFINED.,.RIGID_FRAME.);
#5743= IFCPROPERTYSINGLEVALUE('AssemblyMark',$,IFCIDENTIFIER('B/609'),$);
#5744= IFCPROPERTYSET('2ezpxd6tb0tx5J1Z77fcH4',#5,'AISC_EM11_Pset_AssemblyIdentification','AssemblyIdentity',(#5743,#52,#53));
#5745= IFCCARTESIANPOINT((21199.9995346069,8217.62414182466,40715.));
#5746= IFCAXIS2PLACEMENT3D(#5745,#9,#8);
#5747= IFCLOCALPLACEMENT(#5741,#5746);
#5748= IFCEXTRUDEDAREASOLID(#4172,#5652,#9,9067.61);
#5749= IFCSHAPEREPRESENTATION(#12,'Body','SweptSolid',(#5748));
#5750= IFCPRODUCTDEFINITIONSHAPE($,$,(#5749));
#5751= IFCBEAM('0Vt9WLelv7ZusePFQMSnQ6',#4133,'main piece','IPE270','IPE270',#5747,#5750,'b/504');
#5752= IFCPROPERTYSINGLEVALUE('IndicationMark',$,IFCIDENTIFIER('b/504'),$);
#5753= IFCPROPERTYSET('2iRR85$ZPEC9EoPZkhGGNL',#5,'AISC_EM11_Pset_PieceIdentification','PieceIdentity',(#2347,#5752,#72,#73));
#5754= IFCLOCALPLACEMENT(#42,#10);
#5755= IFCELEMENTASSEMBLY('3qVK9uWcDFBhnOD5OWhZTJ',#4133,'BEAM',$,$,#5754,$,'B/610',.NOTDEFINED.,.RIGID_FRAME.);
#5756= IFCPROPERTYSINGLEVALUE('AssemblyMark',$,IFCIDENTIFIER('B/610'),$);
#5757= IFCPROPERTYSET('0YUP4OW3P5MfeJkcTvBUll',#5,'AISC_EM11_Pset_AssemblyIdentification','AssemblyIdentity',(#5756,#52,#53));
#5758= IFCCARTESIANPOINT((21199.9995346069,3749.98040403169,40715.));
#5759= IFCAXIS2PLACEMENT3D(#5758,#9,#8);
#5760= IFCLOCALPLACEMENT(#5754,#5759);
#5761= IFCCARTESIANPOINT((4277.64511108398,0.,0.));
#5762= IFCAXIS2PLACEMENT3D(#5761,#88,#56);
#5763= IFCEXTRUDEDAREASOLID(#4172,#5762,#9,4277.65);
#5764= IFCSHAPEREPRESENTATION(#12,'Body','SweptSolid',(#5763));
#5765= IFCPRODUCTDEFINITIONSHAPE($,$,(#5764));
#5766= IFCBEAM('0lKUOWz2P7M91XvPC5SxK2',#4133,'main piece','IPE270','IPE270',#5760,#5765,'b/505');
#5767= IFCPROPERTYSINGLEVALUE('IndicationMark',$,IFCIDENTIFIER('b/505'),$);
#5768= IFCPROPERTYSET('2HS4KIz350TRaTkARhMvcX',#5,'AISC_EM11_Pset_PieceIdentification','PieceIdentity',(#2347,#5767,#72,#73));
#5769= IFCLOCALPLACEMENT(#42,#10);
#5770= IFCELEMENTASSEMBLY('1kW6hludLDFRicJsu6IRDv',#4133,'BEAM',$,$,#5769,$,'B/609',.NOTDEFINED.,.RIGID_FRAME.);
#5771= IFCCARTESIANPOINT((19299.9999160767,8217.62414182466,40715.));
#5772= IFCAXIS2PLACEMENT3D(#5771,#9,#8);
#5773= IFCLOCALPLACEMENT(#5769,#5772);
#5774= IFCSHAPEREPRESENTATION(#12,'Body','SweptSolid',(#5748));
#5775= IFCPRODUCTDEFINITIONSHAPE($,$,(#5774));
#5776= IFCBEAM('2wN_OwpyL9iu3cjr223M2u',#4133,'main piece','IPE270','IPE270',#5773,#5775,'b/504');
#5777= IFCLOCALPLACEMENT(#42,#10);
#5778= IFCELEMENTASSEMBLY('3eUYhGG9rE3AUryJHQDQk0',#4133,'BEAM',$,$,#5777,$,'B/608',.NOTDEFINED.,.RIGID_FRAME.);
#5779= IFCPROPERTYSINGLEVALUE('AssemblyMark',$,IFCIDENTIFIER('B/608'),$);
#5780= IFCPROPERTYSET('1UPvIoV31D2P4wQUyITPNM',#5,'AISC_EM11_Pset_AssemblyIdentification','AssemblyIdentity',(#5779,#52,#53));
#5781= IFCCARTESIANPOINT((19299.9999160767,905.209972513137,40715.));
#5782= IFCAXIS2PLACEMENT3D(#5781,#9,#8);
#5783= IFCLOCALPLACEMENT(#5777,#5782);
#5784= IFCCARTESIANPOINT((7122.41554260254,0.,0.));
#5785= IFCAXIS2PLACEMENT3D(#5784,#88,#56);
#5786= IFCEXTRUDEDAREASOLID(#4172,#5785,#9,7122.42);
#5787= IFCSHAPEREPRESENTATION(#12,'Body','SweptSolid',(#5786));
#5788= IFCPRODUCTDEFINITIONSHAPE($,$,(#5787));
#5789= IFCBEAM('025dOU_rL8EOLSE3_hpOsI',#4133,'main piece','IPE270','IPE270',#5783,#5788,'b/503');
#5790= IFCPROPERTYSINGLEVALUE('IndicationMark',$,IFCIDENTIFIER('b/503'),$);
#5791= IFCPROPERTYSET('3mi71sGAz0xefD43Rs8Yl9',#5,'AISC_EM11_Pset_PieceIdentification','PieceIdentity',(#2347,#5790,#72,#73));
#5792= IFCLOCALPLACEMENT(#42,#10);
#5793= IFCELEMENTASSEMBLY('35gKzKcPH9G9KGKoJjnBxY',#4133,'BEAM',$,$,#5792,$,'B/607',.NOTDEFINED.,.RIGID_FRAME.);
#5794= IFCPROPERTYSINGLEVALUE('AssemblyMark',$,IFCIDENTIFIER('B/607'),$);
#5795= IFCPROPERTYSET('1dMHeuRzn8IffIDwy4yytC',#5,'AISC_EM11_Pset_AssemblyIdentification','AssemblyIdentity',(#5794,#52,#53));
#5796= IFCCARTESIANPOINT((17195.0013275146,817.709400308548,40715.));
#5797= IFCAXIS2PLACEMENT3D(#5796,#9,#7);
#5798= IFCLOCALPLACEMENT(#5792,#5797);
#5799= IFCCARTESIANPOINT((3171.33331299473,0.,-7.27595761418343E-12));
#5800= IFCAXIS2PLACEMENT3D(#5799,#88,#56);
#5801= IFCEXTRUDEDAREASOLID(#4172,#5800,#9,3171.33);
#5802= IFCSHAPEREPRESENTATION(#12,'Body','SweptSolid',(#5801));
#5803= IFCPRODUCTDEFINITIONSHAPE($,$,(#5802));
#5804= IFCBEAM('3ORdmqZF12PeUkVL4LgODu',#4133,'main piece','IPE270','IPE270',#5798,#5803,'b/502');
#5805= IFCPROPERTYSINGLEVALUE('IndicationMark',$,IFCIDENTIFIER('b/502'),$);
#5806= IFCPROPERTYSET('3GDQpfBGP9afDgSYnyf73e',#5,'AISC_EM11_Pset_PieceIdentification','PieceIdentity',(#2347,#5805,#72,#73));
#5807= IFCLOCALPLACEMENT(#42,#10);
#5808= IFCELEMENTASSEMBLY('1i2eofDsTFBRjTSDsl__tq',#4133,'BEAM',$,$,#5807,$,'B/606',.NOTDEFINED.,.RIGID_FRAME.);
#5809= IFCCARTESIANPOINT((17195.0013275146,398.250057352005,40685.));
#5810= IFCAXIS2PLACEMENT3D(#5809,#9,#7);
#5811= IFCLOCALPLACEMENT(#5807,#5810);
#5812= IFCSHAPEREPRESENTATION(#12,'Body','SweptSolid',(#4803));
#5813= IFCPRODUCTDEFINITIONSHAPE($,$,(#5812));
#5814= IFCBEAM('0YPmIVSWj8HvQPh$Yn7ZjC',#4133,'main piece','IPE330','IPE330',#5811,#5813,'b/501');
#5815= IFCLOCALPLACEMENT(#42,#10);
#5816= IFCELEMENTASSEMBLY('3ABAvsndD7WQZrAtsEIlJ9',#4133,'BEAM',$,$,#5815,$,'B/127',.NOTDEFINED.,.REINFORCEMENT_UNIT.);
#5817= IFCPROPERTYSINGLEVALUE('AssemblyMark',$,IFCIDENTIFIER('B/127'),$);
#5818= IFCPROPERTYSET('16aUIduLv6A8iJNCWI_mkv',#5,'AISC_EM11_Pset_AssemblyIdentification','AssemblyIdentity',(#5817,#52,#53));
#5819= IFCCARTESIANPOINT((47700.2149347679,9112.46931800099,40500.));
#5820= IFCAXIS2PLACEMENT3D(#5819,#9,#2748);
#5821= IFCLOCALPLACEMENT(#5815,#5820);
#5822= IFCSHAPEREPRESENTATION(#12,'Body','SweptSolid',(#2753));
#5823= IFCPRODUCTDEFINITIONSHAPE($,$,(#5822));
#5824= IFCBEAM('3r8Io29UL9p8QlLA4hMGgY',#4133,'main piece','700*400','700*400',#5821,#5823,'Hormig\S\sn_B-1/10');
#5825= IFCPROPERTYSINGLEVALUE('IndicationMark',$,IFCIDENTIFIER('Hormig\S\sn_B-1/10'),$);
#5826= IFCPROPERTYSET('0P4FR9cQ57whsHqQdyS4Vz',#5,'AISC_EM11_Pset_PieceIdentification','PieceIdentity',(#2347,#5825,#72,#73));
#5827= IFCLOCALPLACEMENT(#42,#10);
#5828= IFCELEMENTASSEMBLY('3NuFr6stLDcufQEXz5MDxM',#4133,'BEAM',$,$,#5827,$,'B/158',.NOTDEFINED.,.REINFORCEMENT_UNIT.);
#5829= IFCPROPERTYSINGLEVALUE('AssemblyMark',$,IFCIDENTIFIER('B/158'),$);
#5830= IFCPROPERTYSET('1zwfm3mXnFWRvTYperdHr_',#5,'AISC_EM11_Pset_AssemblyIdentification','AssemblyIdentity',(#5829,#52,#53));
#5831= IFCLOCALPLACEMENT(#5827,#2852);
#5832= IFCSHAPEREPRESENTATION(#12,'Body','SweptSolid',(#2704));
#5833= IFCPRODUCTDEFINITIONSHAPE($,$,(#5832));
#5834= IFCBEAM('2AE4pledH0Hfdj9C5Bjc0o',#4133,'main piece','700*400','700*400',#5831,#5833,'Hormig\S\sn_B-1/41');
#5835= IFCPROPERTYSINGLEVALUE('IndicationMark',$,IFCIDENTIFIER('Hormig\S\sn_B-1/41'),$);
#5836= IFCPROPERTYSET('0MzOfavcbCWuSOBi9SsIXf',#5,'AISC_EM11_Pset_PieceIdentification','PieceIdentity',(#2347,#5835,#72,#73));
#5837= IFCLOCALPLACEMENT(#42,#10);
#5838= IFCELEMENTASSEMBLY('3a3wooM3LDNOEU8ec3Mvxt',#4133,'BEAM',$,$,#5837,$,'B/605',.NOTDEFINED.,.RIGID_FRAME.);
#5839= IFCPROPERTYSINGLEVALUE('AssemblyMark',$,IFCIDENTIFIER('B/605'),$);
#5840= IFCPROPERTYSET('0PKIeaOg50Gu21xhxcy$1k',#5,'AISC_EM11_Pset_AssemblyIdentification','AssemblyIdentity',(#5839,#52,#53));
#5841= IFCCARTESIANPOINT((22659.7907180786,17475.2363702182,40700.));
#5842= IFCDIRECTION((-0.293755747948377,0.95588051583202,0.));
#5843= IFCAXIS2PLACEMENT3D(#5841,#9,#5842);
#5844= IFCLOCALPLACEMENT(#5837,#5843);
#5845= IFCCARTESIANPOINT((7777.86294312638,0.,0.));
#5846= IFCAXIS2PLACEMENT3D(#5845,#88,#56);
#5847= IFCEXTRUDEDAREASOLID(#4141,#5846,#9,7777.86);
#5848= IFCSHAPEREPRESENTATION(#12,'Body','SweptSolid',(#5847));
#5849= IFCPRODUCTDEFINITIONSHAPE($,$,(#5848));
#5850= IFCBEAM('08MB$d0295Nfxn9b21zstJ',#4133,'main piece','IPE300','IPE300',#5844,#5849,'b/500');
#5851= IFCPROPERTYSINGLEVALUE('IndicationMark',$,IFCIDENTIFIER('b/500'),$);
#5852= IFCPROPERTYSET('2Mwps2S9rCSv84i6rG0FLz',#5,'AISC_EM11_Pset_PieceIdentification','PieceIdentity',(#2347,#5851,#72,#73));
#5853= IFCLOCALPLACEMENT(#42,#10);
#5854= IFCELEMENTASSEMBLY('3zPV50p$f2RORd$IM3wSOp',#4133,'BEAM',$,$,#5853,$,'B/604',.NOTDEFINED.,.RIGID_FRAME.);
#5855= IFCCARTESIANPOINT((27719.9560089111,17630.2523156528,40715.));
#5856= IFCAXIS2PLACEMENT3D(#5855,#9,#2748);
#5857= IFCLOCALPLACEMENT(#5853,#5856);
#5858= IFCSHAPEREPRESENTATION(#12,'Body','SweptSolid',(#5707));
#5859= IFCPRODUCTDEFINITIONSHAPE($,$,(#5858));
#5860= IFCBEAM('0_Yew_WZXEZBIWUM9oi4mx',#4133,'main piece','IPE270','IPE270',#5857,#5859,'b/499');
#5861= IFCLOCALPLACEMENT(#42,#10);
#5862= IFCELEMENTASSEMBLY('1qpiYle5f4bAhGgESfV8PC',#4133,'BEAM',$,$,#5861,$,'B/603',.NOTDEFINED.,.RIGID_FRAME.);
#5863= IFCPROPERTYSINGLEVALUE('AssemblyMark',$,IFCIDENTIFIER('B/603'),$);
#5864= IFCPROPERTYSET('0RZHaQl0jDYAGPDUvER0cI',#5,'AISC_EM11_Pset_AssemblyIdentification','AssemblyIdentity',(#5863,#52,#53));
#5865= IFCCARTESIANPOINT((65874.9997253418,16983.0088158969,40715.));
#5866= IFCAXIS2PLACEMENT3D(#5865,#9,#56);
#5867= IFCLOCALPLACEMENT(#5861,#5866);
#5868= IFCCARTESIANPOINT((8465.00015258989,0.,0.));
#5869= IFCAXIS2PLACEMENT3D(#5868,#88,#56);
#5870= IFCEXTRUDEDAREASOLID(#4172,#5869,#9,8465.);
#5871= IFCSHAPEREPRESENTATION(#12,'Body','SweptSolid',(#5870));
#5872= IFCPRODUCTDEFINITIONSHAPE($,$,(#5871));
#5873= IFCBEAM('2XadETAwHBdu3osRUDYaAF',#4133,'main piece','IPE270','IPE270',#5867,#5872,'b/498');
#5874= IFCPROPERTYSINGLEVALUE('IndicationMark',$,IFCIDENTIFIER('b/498'),$);
#5875= IFCPROPERTYSET('3fL5LYChX3X89u0BUWkPZm',#5,'AISC_EM11_Pset_PieceIdentification','PieceIdentity',(#2347,#5874,#72,#73));
#5876= IFCLOCALPLACEMENT(#42,#10);
#5877= IFCELEMENTASSEMBLY('1DmjB7gWL7gACEWKLEZ3uV',#4133,'BEAM',$,$,#5876,$,'B/602',.NOTDEFINED.,.RIGID_FRAME.);
#5878= IFCPROPERTYSINGLEVALUE('AssemblyMark',$,IFCIDENTIFIER('B/602'),$);
#5879= IFCPROPERTYSET('0XjMWUmmnB6gf0G_QLHfnm',#5,'AISC_EM11_Pset_AssemblyIdentification','AssemblyIdentity',(#5878,#52,#53));
#5880= IFCCARTESIANPOINT((65955.2037353516,9958.65197385591,40730.));
#5881= IFCAXIS2PLACEMENT3D(#5880,#9,#7);
#5882= IFCLOCALPLACEMENT(#5876,#5881);
#5883= IFCCARTESIANPOINT((1819.79370117297,0.,0.));
#5884= IFCAXIS2PLACEMENT3D(#5883,#88,#56);
#5885= IFCEXTRUDEDAREASOLID(#4652,#5884,#9,1819.79);
#5886= IFCSHAPEREPRESENTATION(#12,'Body','SweptSolid',(#5885));
#5887= IFCPRODUCTDEFINITIONSHAPE($,$,(#5886));
#5888= IFCBEAM('31mOvYeJbCLQ228NoYUYum',#4133,'main piece','IPE240','IPE240',#5882,#5887,'b/497');
#5889= IFCPROPERTYSINGLEVALUE('IndicationMark',$,IFCIDENTIFIER('b/497'),$);
#5890= IFCPROPERTYSET('2feaEnYSD8bQEHerbPCIyH',#5,'AISC_EM11_Pset_PieceIdentification','PieceIdentity',(#2347,#5889,#72,#73));
#5891= IFCLOCALPLACEMENT(#42,#10);
#5892= IFCELEMENTASSEMBLY('3GNDcvYVv55fDTSQYaShHT',#4133,'BEAM',$,$,#5891,$,'B/599',.NOTDEFINED.,.RIGID_FRAME.);
#5893= IFCPROPERTYSINGLEVALUE('AssemblyMark',$,IFCIDENTIFIER('B/599'),$);
#5894= IFCPROPERTYSET('3xHL5hGhr0zhGxnxA6qJed',#5,'AISC_EM11_Pset_AssemblyIdentification','AssemblyIdentity',(#5893,#52,#53));
#5895= IFCCARTESIANPOINT((67140.1746491318,10031.262463619,40730.));
#5896= IFCAXIS2PLACEMENT3D(#5895,#9,#8);
#5897= IFCLOCALPLACEMENT(#5891,#5896);
#5898= IFCCARTESIANPOINT((2736.31132420178,0.,7.27595761418343E-12));
#5899= IFCAXIS2PLACEMENT3D(#5898,#88,#56);
#5900= IFCEXTRUDEDAREASOLID(#4652,#5899,#9,2736.31);
#5901= IFCSHAPEREPRESENTATION(#12,'Body','SweptSolid',(#5900));
#5902= IFCPRODUCTDEFINITIONSHAPE($,$,(#5901));
#5903= IFCBEAM('1KihK$vHbCRPAvZz0V55Xr',#4133,'main piece','IPE240','IPE240',#5897,#5902,'b/494');
#5904= IFCPROPERTYSINGLEVALUE('IndicationMark',$,IFCIDENTIFIER('b/494'),$);
#5905= IFCPROPERTYSET('0NnITYum9C7OY5dfV47GCh',#5,'AISC_EM11_Pset_PieceIdentification','PieceIdentity',(#2347,#5904,#72,#73));
#5906= IFCLOCALPLACEMENT(#42,#10);
#5907= IFCELEMENTASSEMBLY('1$9XryZfL0oRjoJvtDyG9L',#4133,'BEAM',$,$,#5906,$,'B/601',.NOTDEFINED.,.RIGID_FRAME.);
#5908= IFCPROPERTYSINGLEVALUE('AssemblyMark',$,IFCIDENTIFIER('B/601'),$);
#5909= IFCPROPERTYSET('1$X9RmNGj1MenLSEvWYrqT',#5,'AISC_EM11_Pset_AssemblyIdentification','AssemblyIdentity',(#5908,#52,#53));
#5910= IFCCARTESIANPOINT((65955.2037353516,12840.2962228183,40730.));
#5911= IFCAXIS2PLACEMENT3D(#5910,#9,#7);
#5912= IFCLOCALPLACEMENT(#5906,#5911);
#5913= IFCCARTESIANPOINT((1842.7963256849,0.,0.));
#5914= IFCAXIS2PLACEMENT3D(#5913,#88,#56);
#5915= IFCEXTRUDEDAREASOLID(#4652,#5914,#9,1842.8);
#5916= IFCSHAPEREPRESENTATION(#12,'Body','SweptSolid',(#5915));
#5917= IFCPRODUCTDEFINITIONSHAPE($,$,(#5916));
#5918= IFCBEAM('27Wk62zxj1FAOQdwOjqHCt',#4133,'main piece','IPE240','IPE240',#5912,#5917,'b/496');
#5919= IFCPROPERTYSINGLEVALUE('IndicationMark',$,IFCIDENTIFIER('b/496'),$);
#5920= IFCPROPERTYSET('1ZdjR2lfDCp89dmQfNnrfL',#5,'AISC_EM11_Pset_PieceIdentification','PieceIdentity',(#2347,#5919,#72,#73));
#5921= IFCLOCALPLACEMENT(#42,#10);
#5922= IFCELEMENTASSEMBLY('0fKTOxjfHDFuGMRNist8S9',#4133,'BEAM',$,$,#5921,$,'B/122',.NOTDEFINED.,.REINFORCEMENT_UNIT.);
#5923= IFCPROPERTYSINGLEVALUE('AssemblyMark',$,IFCIDENTIFIER('B/122'),$);
#5924= IFCPROPERTYSET('3SZIpJjVL9UuY66mDd6Hqv',#5,'AISC_EM11_Pset_AssemblyIdentification','AssemblyIdentity',(#5923,#52,#53));
#5925= IFCCARTESIANPOINT((69425.2324799423,14700.2643834147,40500.));
#5926= IFCAXIS2PLACEMENT3D(#5925,#9,#8);
#5927= IFCLOCALPLACEMENT(#5921,#5926);
#5928= IFCCARTESIANPOINT((2429.93416113688,0.,0.));
#5929= IFCAXIS2PLACEMENT3D(#5928,#88,#56);
#5930= IFCEXTRUDEDAREASOLID(#2718,#5929,#9,2429.93);
#5931= IFCSHAPEREPRESENTATION(#12,'Body','SweptSolid',(#5930));
#5932= IFCPRODUCTDEFINITIONSHAPE($,$,(#5931));
#5933= IFCBEAM('1iA3VqA0n3beSy5BVXfPSg',#4133,'main piece','700*150','700*150',#5927,#5932,'Hormig\S\sn_B-1/5');
#5934= IFCPROPERTYSINGLEVALUE('IndicationMark',$,IFCIDENTIFIER('Hormig\S\sn_B-1/5'),$);
#5935= IFCPROPERTYSET('3VDJb7mGD2MPo4LYWg92ba',#5,'AISC_EM11_Pset_PieceIdentification','PieceIdentity',(#2347,#5934,#72,#73));
#5936= IFCLOCALPLACEMENT(#42,#10);
#5937= IFCELEMENTASSEMBLY('3NQ8GbcMT4GQ3WnzWVXok9',#4133,'BEAM',$,$,#5936,$,'B/129',.NOTDEFINED.,.REINFORCEMENT_UNIT.);
#5938= IFCPROPERTYSINGLEVALUE('AssemblyMark',$,IFCIDENTIFIER('B/129'),$);
#5939= IFCPROPERTYSET('0Bd2l$9E59$A12LAjtWNxS',#5,'AISC_EM11_Pset_AssemblyIdentification','AssemblyIdentity',(#5938,#52,#53));
#5940= IFCCARTESIANPOINT((68600.2083168804,14575.198239376,40725.));
#5941= IFCAXIS2PLACEMENT3D(#5940,#9,#2441);
#5942= IFCLOCALPLACEMENT(#5936,#5941);
#5943= IFCSHAPEREPRESENTATION(#12,'Body','SweptSolid',(#2737));
#5944= IFCPRODUCTDEFINITIONSHAPE($,$,(#5943));
#5945= IFCBEAM('2bX7J7UBz3wfbDYrhX5c4_',#4133,'main piece','[]250*80','[]250*80',#5942,#5944,'Hormig\S\sn_B-1/12');
#5946= IFCPROPERTYSINGLEVALUE('IndicationMark',$,IFCIDENTIFIER('Hormig\S\sn_B-1/12'),$);
#5947= IFCPROPERTYSET('1f8Rb8hgv4O8h1uevOvMK_',#5,'AISC_EM11_Pset_PieceIdentification','PieceIdentity',(#2347,#5946,#72,#73));
#5948= IFCLOCALPLACEMENT(#42,#10);
#5949= IFCELEMENTASSEMBLY('1wK0Hg46n1N8__1UcE5hzi',#4133,'BEAM',$,$,#5948,$,'B/424',.NOTDEFINED.,.RIGID_FRAME.);
#5950= IFCPROPERTYSINGLEVALUE('AssemblyMark',$,IFCIDENTIFIER('B/424'),$);
#5951= IFCPROPERTYSET('0dr6xAmVHCcvL8GvTwS_yH',#5,'AISC_EM11_Pset_AssemblyIdentification','AssemblyIdentity',(#5950,#52,#53));
#5952= IFCCARTESIANPOINT((47912.8987426758,11525.1558800152,40750.));
#5953= IFCAXIS2PLACEMENT3D(#5952,#9,#7);
#5954= IFCLOCALPLACEMENT(#5948,#5953);
#5955= IFCRECTANGLEHOLLOWPROFILEDEF(.AREA.,'[]200*100*4',#61,100.,200.,4.,4.,8.);
#5956= IFCCARTESIANPOINT((2874.60327148438,0.,0.));
#5957= IFCAXIS2PLACEMENT3D(#5956,#88,#56);
#5958= IFCEXTRUDEDAREASOLID(#5955,#5957,#9,2874.6);
#5959= IFCSHAPEREPRESENTATION(#12,'Body','SweptSolid',(#5958));
#5960= IFCPRODUCTDEFINITIONSHAPE($,$,(#5959));
#5961= IFCBEAM('3NSO$5rVf97PihKRhgdknG',#4133,'main piece','[]200*100*4','[]200*100*4',#5954,#5960,'b/319');
#5962= IFCPROPERTYSINGLEVALUE('IndicationMark',$,IFCIDENTIFIER('b/319'),$);
#5963= IFCPROPERTYSET('3Ggn32rc5BIwaNrRswRQ$d',#5,'AISC_EM11_Pset_PieceIdentification','PieceIdentity',(#2347,#5962,#72,#73));
#5964= IFCLOCALPLACEMENT(#42,#10);
#5965= IFCELEMENTASSEMBLY('22z4SEfPP309uxvS8JlF0W',#4133,'BEAM',$,$,#5964,$,'B/423',.NOTDEFINED.,.RIGID_FRAME.);
#5966= IFCPROPERTYSINGLEVALUE('AssemblyMark',$,IFCIDENTIFIER('B/423'),$);
#5967= IFCPROPERTYSET('11TFXy6H50mv2EUAbO6_OF',#5,'AISC_EM11_Pset_AssemblyIdentification','AssemblyIdentity',(#5966,#52,#53));
#5968= IFCCARTESIANPOINT((47912.8987426758,13975.1537819317,40750.));
#5969= IFCAXIS2PLACEMENT3D(#5968,#9,#7);
#5970= IFCLOCALPLACEMENT(#5964,#5969);
#5971= IFCCARTESIANPOINT((2870.,0.,0.));
#5972= IFCAXIS2PLACEMENT3D(#5971,#88,#56);
#5973= IFCEXTRUDEDAREASOLID(#5955,#5972,#9,2870.);
#5974= IFCSHAPEREPRESENTATION(#12,'Body','SweptSolid',(#5973));
#5975= IFCPRODUCTDEFINITIONSHAPE($,$,(#5974));
#5976= IFCBEAM('0u6E3xqX122f$VLlHsfZG7',#4133,'main piece','[]200*100*4','[]200*100*4',#5970,#5975,'b/318');
#5977= IFCPROPERTYSINGLEVALUE('IndicationMark',$,IFCIDENTIFIER('b/318'),$);
#5978= IFCPROPERTYSET('1MmdbZKuf2ov_DuBcgEEd0',#5,'AISC_EM11_Pset_PieceIdentification','PieceIdentity',(#2347,#5977,#72,#73));
#5979= IFCLOCALPLACEMENT(#42,#10);
#5980= IFCELEMENTASSEMBLY('1Qk80Td1fAxhY$903SHeHW',#4133,'BEAM',$,$,#5979,$,'B/600',.NOTDEFINED.,.RIGID_FRAME.);
#5981= IFCPROPERTYSINGLEVALUE('AssemblyMark',$,IFCIDENTIFIER('B/600'),$);
#5982= IFCPROPERTYSET('2WpMBDTZ1FBQoFaDxe74uq',#5,'AISC_EM11_Pset_AssemblyIdentification','AssemblyIdentity',(#5981,#52,#53));
#5983= IFCCARTESIANPOINT((44550.000869751,16516.8928643588,40715.));
#5984= IFCAXIS2PLACEMENT3D(#5983,#9,#56);
#5985= IFCLOCALPLACEMENT(#5979,#5984);
#5986= IFCCARTESIANPOINT((7531.4998626709,0.,0.));
#5987= IFCAXIS2PLACEMENT3D(#5986,#88,#56);
#5988= IFCEXTRUDEDAREASOLID(#4172,#5987,#9,7531.5);
#5989= IFCSHAPEREPRESENTATION(#12,'Body','SweptSolid',(#5988));
#5990= IFCPRODUCTDEFINITIONSHAPE($,$,(#5989));
#5991= IFCBEAM('2p6MaqnwH1Rx5c4hJBgZx$',#4133,'main piece','IPE270','IPE270',#5985,#5990,'b/495');
#5992= IFCPROPERTYSINGLEVALUE('IndicationMark',$,IFCIDENTIFIER('b/495'),$);
#5993= IFCPROPERTYSET('0dhOKEL4v2FeO1rusaD4tV',#5,'AISC_EM11_Pset_PieceIdentification','PieceIdentity',(#2347,#5992,#72,#73));
#5994= IFCLOCALPLACEMENT(#42,#10);
#5995= IFCELEMENTASSEMBLY('2$$$aWmK9CrR4QdNrM_e69',#4133,'BEAM',$,$,#5994,$,'B/557',.NOTDEFINED.,.RIGID_FRAME.);
#5996= IFCPROPERTYSINGLEVALUE('AssemblyMark',$,IFCIDENTIFIER('B/557'),$);
#5997= IFCPROPERTYSET('2mDvdZmrf0nuxfotuCNqYL',#5,'AISC_EM11_Pset_AssemblyIdentification','AssemblyIdentity',(#5996,#52,#53));
#5998= IFCCARTESIANPOINT((40374.9997253418,16721.2852975253,40715.));
#5999= IFCAXIS2PLACEMENT3D(#5998,#9,#56);
#6000= IFCLOCALPLACEMENT(#5994,#5999);
#6001= IFCCARTESIANPOINT((7966.49932861328,0.,0.));
#6002= IFCAXIS2PLACEMENT3D(#6001,#88,#56);
#6003= IFCEXTRUDEDAREASOLID(#4172,#6002,#9,7966.5);
#6004= IFCSHAPEREPRESENTATION(#12,'Body','SweptSolid',(#6003));
#6005= IFCPRODUCTDEFINITIONSHAPE($,$,(#6004));
#6006= IFCBEAM('1BvRgxaov95f5eVJCGNOoL',#4133,'main piece','IPE270','IPE270',#6000,#6005,'b/452');
#6007= IFCPROPERTYSINGLEVALUE('IndicationMark',$,IFCIDENTIFIER('b/452'),$);
#6008= IFCPROPERTYSET('3sgKRpYkb9mQn8OGqTuXGI',#5,'AISC_EM11_Pset_PieceIdentification','PieceIdentity',(#2347,#6007,#72,#73));
#6009= IFCLOCALPLACEMENT(#42,#10);
#6010= IFCELEMENTASSEMBLY('3jKjXVDun84hLj7Cigwnho',#4133,'BEAM',$,$,#6009,$,'B/556',.NOTDEFINED.,.RIGID_FRAME.);
#6011= IFCPROPERTYSINGLEVALUE('AssemblyMark',$,IFCIDENTIFIER('B/556'),$);
#6012= IFCPROPERTYSET('2$auAj3Kj35BI8TIa2fqn5',#5,'AISC_EM11_Pset_AssemblyIdentification','AssemblyIdentity',(#6011,#52,#53));
#6013= IFCCARTESIANPOINT((38249.9997253418,8637.36005033296,40715.));
#6014= IFCAXIS2PLACEMENT3D(#6013,#9,#8);
#6015= IFCLOCALPLACEMENT(#6009,#6014);
#6016= IFCCARTESIANPOINT((8226.40037536621,0.,0.));
#6017= IFCAXIS2PLACEMENT3D(#6016,#88,#56);
#6018= IFCEXTRUDEDAREASOLID(#4172,#6017,#9,8226.4);
#6019= IFCSHAPEREPRESENTATION(#12,'Body','SweptSolid',(#6018));
#6020= IFCPRODUCTDEFINITIONSHAPE($,$,(#6019));
#6021= IFCBEAM('3esfvgCID2$w_LK_8chM6y',#4133,'main piece','IPE270','IPE270',#6015,#6020,'b/451');
#6022= IFCPROPERTYSINGLEVALUE('IndicationMark',$,IFCIDENTIFIER('b/451'),$);
#6023= IFCPROPERTYSET('2J7KNOxYzEAuP76B9uXJZz',#5,'AISC_EM11_Pset_PieceIdentification','PieceIdentity',(#2347,#6022,#72,#73));
#6024= IFCLOCALPLACEMENT(#42,#10);
#6025= IFCELEMENTASSEMBLY('0a_2YeWhX7zAF4ThW31Hu9',#4133,'BEAM',$,$,#6024,$,'B/555',.NOTDEFINED.,.RIGID_FRAME.);
#6026= IFCPROPERTYSINGLEVALUE('AssemblyMark',$,IFCIDENTIFIER('B/555'),$);
#6027= IFCPROPERTYSET('1gj$Hle6n4suvxxMam1gVh',#5,'AISC_EM11_Pset_AssemblyIdentification','AssemblyIdentity',(#6026,#52,#53));
#6028= IFCCARTESIANPOINT((36124.9997253418,8519.98372281831,40715.));
#6029= IFCAXIS2PLACEMENT3D(#6028,#9,#8);
#6030= IFCLOCALPLACEMENT(#6024,#6029);
#6031= IFCCARTESIANPOINT((8486.29951477051,0.,0.));
#6032= IFCAXIS2PLACEMENT3D(#6031,#88,#56);
#6033= IFCEXTRUDEDAREASOLID(#4172,#6032,#9,8486.3);
#6034= IFCSHAPEREPRESENTATION(#12,'Body','SweptSolid',(#6033));
#6035= IFCPRODUCTDEFINITIONSHAPE($,$,(#6034));
#6036= IFCBEAM('1U$UmbGT50Rw8q8Dxe0ll2',#4133,'main piece','IPE270','IPE270',#6030,#6035,'b/450');
#6037= IFCPROPERTYSINGLEVALUE('IndicationMark',$,IFCIDENTIFIER('b/450'),$);
#6038= IFCPROPERTYSET('08scoXfM15hgK2pGbXqDT0',#5,'AISC_EM11_Pset_PieceIdentification','PieceIdentity',(#2347,#6037,#72,#73));
#6039= IFCLOCALPLACEMENT(#42,#10);
#6040= IFCELEMENTASSEMBLY('3buKhfNt11iPfg9vJk9p6W',#4133,'BEAM',$,$,#6039,$,'B/599',.NOTDEFINED.,.RIGID_FRAME.);
#6041= IFCCARTESIANPOINT((34860.1720551377,10031.2338533895,40730.));
#6042= IFCAXIS2PLACEMENT3D(#6041,#9,#2748);
#6043= IFCLOCALPLACEMENT(#6039,#6042);
#6044= IFCCARTESIANPOINT((2736.28652866781,5.79431210727434E-19,0.));
#6045= IFCAXIS2PLACEMENT3D(#6044,#88,#56);
#6046= IFCEXTRUDEDAREASOLID(#4652,#6045,#9,2736.29);
#6047= IFCSHAPEREPRESENTATION(#12,'Body','SweptSolid',(#6046));
#6048= IFCPRODUCTDEFINITIONSHAPE($,$,(#6047));
#6049= IFCBEAM('0zfTxkUgfDmhpxMK6roCuR',#4133,'main piece','IPE240','IPE240',#6043,#6048,'b/494');
#6050= IFCLOCALPLACEMENT(#42,#10);
#6051= IFCELEMENTASSEMBLY('2rDkX2YpH1bvp2sa1cHgeB',#4133,'BEAM',$,$,#6050,$,'B/598',.NOTDEFINED.,.RIGID_FRAME.);
#6052= IFCPROPERTYSINGLEVALUE('AssemblyMark',$,IFCIDENTIFIER('B/598'),$);
#6053= IFCPROPERTYSET('0lAbEluwHDuvEF6c0uKpGe',#5,'AISC_EM11_Pset_AssemblyIdentification','AssemblyIdentity',(#6052,#52,#53));
#6054= IFCCARTESIANPOINT((34228.9998168945,9958.59952176851,40730.));
#6055= IFCAXIS2PLACEMENT3D(#6054,#9,#7);
#6056= IFCLOCALPLACEMENT(#6050,#6055);
#6057= IFCCARTESIANPOINT((1815.79971313548,-1.92255272830083E-19,-7.27595761418343E-12));
#6058= IFCAXIS2PLACEMENT3D(#6057,#88,#56);
#6059= IFCEXTRUDEDAREASOLID(#4652,#6058,#9,1815.8);
#6060= IFCSHAPEREPRESENTATION(#12,'Body','SweptSolid',(#6059));
#6061= IFCPRODUCTDEFINITIONSHAPE($,$,(#6060));
#6062= IFCBEAM('1ErmYydzzDQft17iqn0Pla',#4133,'main piece','IPE240','IPE240',#6056,#6061,'b/493');
#6063= IFCPROPERTYSINGLEVALUE('IndicationMark',$,IFCIDENTIFIER('b/493'),$);
#6064= IFCPROPERTYSET('0r9NjG7LP4veGiXQfnPLU8',#5,'AISC_EM11_Pset_PieceIdentification','PieceIdentity',(#2347,#6063,#72,#73));
#6065= IFCLOCALPLACEMENT(#42,#10);
#6066= IFCELEMENTASSEMBLY('1VKhDttMb0FgYr__CidIzS',#4133,'BEAM',$,$,#6065,$,'B/554',.NOTDEFINED.,.RIGID_FRAME.);
#6067= IFCPROPERTYSINGLEVALUE('AssemblyMark',$,IFCIDENTIFIER('B/554'),$);
#6068= IFCPROPERTYSET('3wP_ZwYdz9kuxsjNLBRjy0',#5,'AISC_EM11_Pset_AssemblyIdentification','AssemblyIdentity',(#6067,#52,#53));
#6069= IFCCARTESIANPOINT((33849.7006530762,12840.239421976,40730.));
#6070= IFCAXIS2PLACEMENT3D(#6069,#9,#7);
#6071= IFCLOCALPLACEMENT(#6065,#6070);
#6072= IFCCARTESIANPOINT((2195.09887695313,0.,0.));
#6073= IFCAXIS2PLACEMENT3D(#6072,#88,#56);
#6074= IFCEXTRUDEDAREASOLID(#4652,#6073,#9,2195.1);
#6075= IFCSHAPEREPRESENTATION(#12,'Body','SweptSolid',(#6074));
#6076= IFCPRODUCTDEFINITIONSHAPE($,$,(#6075));
#6077= IFCBEAM('1GZbOU9DT4K8fEbVfyvnUS',#4133,'main piece','IPE240','IPE240',#6071,#6076,'b/449');
#6078= IFCPROPERTYSINGLEVALUE('IndicationMark',$,IFCIDENTIFIER('b/449'),$);
#6079= IFCPROPERTYSET('1AJifzUK1CZvieW_1zLSr3',#5,'AISC_EM11_Pset_PieceIdentification','PieceIdentity',(#2347,#6078,#72,#73));
#6080= IFCLOCALPLACEMENT(#42,#10);
#6081= IFCELEMENTASSEMBLY('0MN$giltz5Mu9tn2VXIlsp',#4133,'BEAM',$,$,#6080,$,'B/122',.NOTDEFINED.,.REINFORCEMENT_UNIT.);
#6082= IFCLOCALPLACEMENT(#6080,#2860);
#6083= IFCSHAPEREPRESENTATION(#12,'Body','SweptSolid',(#2780));
#6084= IFCPRODUCTDEFINITIONSHAPE($,$,(#6083));
#6085= IFCBEAM('1iPg7Rm298TRnNKy8YS_kI',#4133,'main piece','700*150','700*150',#6082,#6084,'Hormig\S\sn_B-1/5');
#6086= IFCLOCALPLACEMENT(#42,#10);
#6087= IFCELEMENTASSEMBLY('13v_6NDWHF880uDoDVZMwT',#4133,'BEAM',$,$,#6086,$,'B/121',.NOTDEFINED.,.REINFORCEMENT_UNIT.);
#6088= IFCPROPERTYSINGLEVALUE('AssemblyMark',$,IFCIDENTIFIER('B/121'),$);
#6089= IFCPROPERTYSET('1YGkOPAbXBhgdEfVRQqPLP',#5,'AISC_EM11_Pset_AssemblyIdentification','AssemblyIdentity',(#6088,#52,#53));
#6090= IFCLOCALPLACEMENT(#6086,#2868);
#6091= IFCSHAPEREPRESENTATION(#12,'Body','SweptSolid',(#2797));
#6092= IFCPRODUCTDEFINITIONSHAPE($,$,(#6091));
#6093= IFCBEAM('36rzPQ2XfBQeBGMJS2FOXY',#4133,'main piece','700*250','700*250',#6090,#6092,'Hormig\S\sn_B-1/4');
#6094= IFCPROPERTYSINGLEVALUE('IndicationMark',$,IFCIDENTIFIER('Hormig\S\sn_B-1/4'),$);
#6095= IFCPROPERTYSET('1BdMBwHLrAgfh7m8eK11Mx',#5,'AISC_EM11_Pset_PieceIdentification','PieceIdentity',(#2347,#6094,#72,#73));
#6096= IFCLOCALPLACEMENT(#42,#10);
#6097= IFCELEMENTASSEMBLY('2TbkaMd_v6Mf0LnzKp31V9',#4133,'BEAM',$,$,#6096,$,'B/190',.NOTDEFINED.,.RIGID_FRAME.);
#6098= IFCPROPERTYSINGLEVALUE('AssemblyMark',$,IFCIDENTIFIER('B/190'),$);
#6099= IFCPROPERTYSET('2hXKvpKlPC0BfneqIRSsR6',#5,'AISC_EM11_Pset_AssemblyIdentification','AssemblyIdentity',(#6098,#52,#53));
#6100= IFCCARTESIANPOINT((25912.6679534912,10560.2289697055,40750.));
#6101= IFCAXIS2PLACEMENT3D(#6100,#9,#7);
#6102= IFCLOCALPLACEMENT(#6096,#6101);
#6103= IFCCARTESIANPOINT((3300.19760131836,0.,0.));
#6104= IFCAXIS2PLACEMENT3D(#6103,#88,#56);
#6105= IFCEXTRUDEDAREASOLID(#5955,#6104,#9,3300.2);
#6106= IFCSHAPEREPRESENTATION(#12,'Body','SweptSolid',(#6105));
#6107= IFCPRODUCTDEFINITIONSHAPE($,$,(#6106));
#6108= IFCBEAM('3BxhBgX4f4HuO3d06VO68b',#4133,'main piece','[]200*100*4','[]200*100*4',#6102,#6107,'b/62');
#6109= IFCPROPERTYSINGLEVALUE('IndicationMark',$,IFCIDENTIFIER('b/62'),$);
#6110= IFCPROPERTYSET('2B0CwDKzT8I8ZtU7CWKVmg',#5,'AISC_EM11_Pset_PieceIdentification','PieceIdentity',(#2347,#6109,#72,#73));
#6111= IFCLOCALPLACEMENT(#42,#10);
#6112= IFCELEMENTASSEMBLY('23kTtvxXf3iO$kfPlL3XjT',#4133,'BEAM',$,$,#6111,$,'B/190',.NOTDEFINED.,.RIGID_FRAME.);
#6113= IFCCARTESIANPOINT((25899.9632785474,12750.1204195516,40750.));
#6114= IFCAXIS2PLACEMENT3D(#6113,#9,#7);
#6115= IFCLOCALPLACEMENT(#6111,#6114);
#6116= IFCSHAPEREPRESENTATION(#12,'Body','SweptSolid',(#6105));
#6117= IFCPRODUCTDEFINITIONSHAPE($,$,(#6116));
#6118= IFCBEAM('2IGjt$9MT8cPvbFjdA7sDO',#4133,'main piece','[]200*100*4','[]200*100*4',#6115,#6117,'b/62');
#6119= IFCLOCALPLACEMENT(#42,#10);
#6120= IFCELEMENTASSEMBLY('36omejYj92bR9654slXXDS',#4133,'BEAM',$,$,#6119,$,'B/190',.NOTDEFINED.,.RIGID_FRAME.);
#6121= IFCCARTESIANPOINT((25912.6603240967,14944.2376672153,40750.));
#6122= IFCAXIS2PLACEMENT3D(#6121,#9,#7);
#6123= IFCLOCALPLACEMENT(#6119,#6122);
#6124= IFCSHAPEREPRESENTATION(#12,'Body','SweptSolid',(#6105));
#6125= IFCPRODUCTDEFINITIONSHAPE($,$,(#6124));
#6126= IFCBEAM('30cJHoE0DA2eCCIjuY0wPk',#4133,'main piece','[]200*100*4','[]200*100*4',#6123,#6125,'b/62');
#6127= IFCOWNERHISTORY(#3,#4,$,.NOCHANGE.,$,$,$,1762480800);
#6128= IFCRELAGGREGATES('3xVMqV5Yj27gheRbQm6mi_',#5,$,$,#37,(#39));
#6129= IFCRELAGGREGATES('2Dne6nNq$KPyzwjti2O2_G',#5,$,$,#39,(#41));
#6130= IFCRELAGGREGATES('20Cfpv9zbCTgc4wlggtieQ',#5,$,$,#41,(#43));
#6131= IFCRELAGGREGATES('3AVo8xrJD4DBdPGJPwvdrO',#5,$,$,#46,(#69));
#6132= IFCRELAGGREGATES('1JA8xCPr11fRSWbwy1XLAb',#5,$,$,#84,(#95));
#6133= IFCRELAGGREGATES('01oH0aJnz1GxyO_dHXhUNj',#5,$,$,#99,(#108));
#6134= IFCRELAGGREGATES('3Bewj1d$zCDPjNtIPwAVbJ',#5,$,$,#110,(#120));
#6135= IFCRELAGGREGATES('1dwQ1YIB5B5Q4MmzKovcnb',#5,$,$,#124,(#134));
#6136= IFCRELAGGREGATES('1u6uPLHCX5DALbNug9JFsH',#5,$,$,#138,(#144));
#6137= IFCRELAGGREGATES('3a8HKRdov1DeGjWUlZ_m2Y',#5,$,$,#146,(#152));
#6138= IFCRELAGGREGATES('27HJHbe0rBK9Oaqw_wluAh',#5,$,$,#154,(#160));
#6139= IFCRELAGGREGATES('3kfs2qQ3bCOR8PKX4ZUxd7',#5,$,$,#162,(#168));
#6140= IFCRELAGGREGATES('2TC_EzfBTAKxNNwoLSKG$v',#5,$,$,#171,(#181));
#6141= IFCRELAGGREGATES('0qLe3SSMbEdfwmoeS3GXLY',#5,$,$,#185,(#191));
#6142= IFCRELAGGREGATES('2DFqVHZgv8jBlS7rLd7nQG',#5,$,$,#193,(#199));
#6143= IFCRELAGGREGATES('1U4fJi35D2lBOM933Fs5CZ',#5,$,$,#201,(#209));
#6144= IFCRELAGGREGATES('3vz$V1fiP3uA41o5jIdHb_',#5,$,$,#213,(#219));
#6145= IFCRELAGGREGATES('1fVODtVWD3rfeh1r8uOYAI',#5,$,$,#221,(#227));
#6146= IFCRELAGGREGATES('06ak9b2IT6OxCadmjJI7n9',#5,$,$,#229,(#235));
#6147= IFCRELAGGREGATES('0iuxsqSBj7l95aD3z2EhHT',#5,$,$,#237,(#243));
#6148= IFCRELAGGREGATES('2W_XxSrhzANQZS9ACuyJaW',#5,$,$,#245,(#251));
#6149= IFCRELAGGREGATES('1abRBSTsf2QvpJNwgO9luj',#5,$,$,#253,(#259));
#6150= IFCRELAGGREGATES('3ISO6K4Yb33uKBMf_gwVPu',#5,$,$,#261,(#267));
#6151= IFCRELAGGREGATES('1ylTtBfXXFuu1Hcfx1_AY_',#5,$,$,#269,(#275));
#6152= IFCRELAGGREGATES('1_$YnVFFLE9exG6bHHQAcY',#5,$,$,#277,(#283));
#6153= IFCRELAGGREGATES('3JyyfUA6z3GxGxAcZgqJvh',#5,$,$,#285,(#291));
#6154= IFCRELAGGREGATES('2INsRdO6TA9g4JtRvy9sTE',#5,$,$,#293,(#299));
#6155= IFCRELAGGREGATES('3hpuaImlL25vMQTH9d3vFC',#5,$,$,#302,(#5332,#352));
#6156= IFCRELAGGREGATES('0$fxnnme92DvJezlYCVMW5',#5,$,$,#370,(#943,#932,#923,#648,#631,#574,#550));
#6157= IFCRELAGGREGATES('3rNRjP1ZPBrBoKpiAGcHXr',#5,$,$,#947,(#5364,#956));
#6158= IFCRELAGGREGATES('30_zDFEJr1g8VskxODxtyj',#5,$,$,#958,(#1040,#1034,#1028,#1017,#1009,#974,#965));
#6159= IFCRELAGGREGATES('0_IuD8dDn2kArU2Ywmjiep',#5,$,$,#1042,(#5385,#1051));
#6160= IFCRELAGGREGATES('3lW0v90b98UvszG$nLn66A',#5,$,$,#1053,(#1109,#1103,#1097,#1086,#1078,#1069,#1060));
#6161= IFCRELAGGREGATES('3RVrCAlHD7D87AA7AkmoIA',#5,$,$,#1111,(#5484,#1142));
#6162= IFCRELAGGREGATES('1d$1yrrtzAx8HVAzc8rplD',#5,$,$,#1144,(#1417,#1410,#1404,#1392,#1383,#1329,#1320));
#6163= IFCRELAGGREGATES('19d7rCNK5CABmm6bHklpx1',#5,$,$,#1419,(#5512,#1426));
#6164= IFCRELAGGREGATES('2aUDQsCgHCMgzCXTxbYe3T',#5,$,$,#1428,(#1484,#1478,#1472,#1461,#1453,#1444,#1435));
#6165= IFCRELAGGREGATES('222ZB6k6fCgPPDFfHmQjxB',#5,$,$,#1486,(#5531,#1495));
#6166= IFCRELAGGREGATES('3skdZNK3131vks3fwANhgr',#5,$,$,#1497,(#1553,#1547,#1541,#1530,#1522,#1513,#1504));
#6167= IFCRELAGGREGATES('2iXdrzpXf6aBHtia8xsUqn',#5,$,$,#1555,(#4332,#1582));
#6168= IFCRELAGGREGATES('3fmUmpdwj3pBBcfX2RV$po',#5,$,$,#1584,(#1813,#1806,#1800,#1787,#1778,#1769,#1760));
#6169= IFCRELAGGREGATES('2QDEyB$kb6Xh3vZ2Vv1glN',#5,$,$,#1815,(#4497,#1839));
#6170= IFCRELAGGREGATES('14_cUYewjASxXeE_i7S8m3',#5,$,$,#1841,(#1897,#1891,#1885,#1874,#1866,#1857,#1848));
#6171= IFCRELAGGREGATES('0x62Rt8zbFD9BdSycl80lq',#5,$,$,#1899,(#4527,#1906));
#6172= IFCRELAGGREGATES('2J2BqdZm51YwKpQSkndp5c',#5,$,$,#1908,(#1964,#1958,#1952,#1941,#1933,#1924,#1915));
#6173= IFCRELAGGREGATES('2I8NeYmjTE1x3L8CeM1eie',#5,$,$,#1966,(#4563,#1975));
#6174= IFCRELAGGREGATES('06vQxqHfj7ZeyUjDBQ6$0e',#5,$,$,#1977,(#2033,#2027,#2021,#2010,#2002,#1993,#1984));
#6175= IFCRELAGGREGATES('3nkEgFFr54NhYqzgMRE3$0',#5,$,$,#2035,(#4585,#2056));
#6176= IFCRELAGGREGATES('0yz9HQNNXAa9TQORjMyPmV',#5,$,$,#2058,(#2331,#2324,#2318,#2306,#2297,#2243,#2234));
#6177= IFCRELAGGREGATES('3h8Z9F4j93dfKU7kILn$rM',#5,$,$,#2333,(#2346));
#6178= IFCRELAGGREGATES('0$uTD6M3rB1vPeCfVgeU5s',#5,$,$,#2354,(#2366));
#6179= IFCRELAGGREGATES('2XUdYg81f8nQ1CS6uDjVCy',#5,$,$,#2370,(#2382));
#6180= IFCRELAGGREGATES('09yJ6ZLKz9$edQ$oj3rPAu',#5,$,$,#2386,(#2395));
#6181= IFCRELAGGREGATES('2VzVw6SMb5kvUlaQwfLp2O',#5,$,$,#2397,(#2406));
#6182= IFCRELAGGREGATES('2D$KOO9mn8hA1bH7UDsWm1',#5,$,$,#2408,(#2419));
#6183= IFCRELAGGREGATES('2gfsv$El94pxhxWpVEVItj',#5,$,$,#2423,(#2435));
#6184= IFCRELAGGREGATES('0GJyH$qsT1L9jfXErXurel',#5,$,$,#2439,(#2449));
#6185= IFCRELAGGREGATES('0JxBzQHmP4LemeFbkRFBwd',#5,$,$,#2451,(#2463));
#6186= IFCRELAGGREGATES('1pXtfSSHLBXAklKFw$rDkq',#5,$,$,#2467,(#2479));
#6187= IFCRELAGGREGATES('2CRruDq$12burSwJFMmsHC',#5,$,$,#2483,(#2492));
#6188= IFCRELAGGREGATES('3Iga3kyxn6RhFaran8xn6X',#5,$,$,#2494,(#2506));
#6189= IFCRELAGGREGATES('3ekpSyvwb1kh$DjysquU3D',#5,$,$,#2510,(#2516));
#6190= IFCRELAGGREGATES('3dm0qIcbD52B0PGzzWtX7Y',#5,$,$,#2518,(#2524));
#6191= IFCRELAGGREGATES('0Ivgww6512WfJ2vp2yzNrT',#5,$,$,#2526,(#2532));
#6192= IFCRELAGGREGATES('2zjmyOe21CVwHvO4Jovezy',#5,$,$,#2534,(#2545));
#6193= IFCRELAGGREGATES('07QJ4EA219VfCAw81VSYaZ',#5,$,$,#2549,(#2559));
#6194= IFCRELAGGREGATES('24V_gJpW12TvXkbngxqD3p',#5,$,$,#2563,(#2575));
#6195= IFCRELAGGREGATES('2RStbZ1nDATvtvJ$O37OiA',#5,$,$,#2579,(#2590));
#6196= IFCRELAGGREGATES('3jUtaMl6f6bA2rUv_IQ6tm',#5,$,$,#2594,(#2600));
#6197= IFCRELAGGREGATES('2VhuOMrNnDfQvGwpC_ivh9',#5,$,$,#2602,(#2608));
#6198= IFCRELAGGREGATES('3qqeCFWcj1Lxt$849LEG9d',#5,$,$,#2610,(#2616));
#6199= IFCRELAGGREGATES('1QZPfAxxb5IwKlcYyjgyEO',#5,$,$,#2618,(#2624));
#6200= IFCRELAGGREGATES('1nmE8osE5E0g5ONjdziRvH',#5,$,$,#2626,(#2635));
#6201= IFCRELAGGREGATES('0pQS6zvK9EdOaIWbzalHJ6',#5,$,$,#2639,(#2645));
#6202= IFCRELAGGREGATES('1acuTyt_LBVweNX4D4HeFv',#5,$,$,#2647,(#2653));
#6203= IFCRELAGGREGATES('1Sp4UGY$H0TPUUtCYp5P7Y',#5,$,$,#2655,(#2661));
#6204= IFCRELAGGREGATES('1sQ2uEzHT0QA4ymfGaCNkQ',#5,$,$,#2663,(#2669));
#6205= IFCRELAGGREGATES('2HHuFHsi955uO9wKcfy8ed',#5,$,$,#2671,(#2677));
#6206= IFCRELAGGREGATES('3uNxz8s$T6N8$vaqL8cOMo',#5,$,$,#2679,(#2685));
#6207= IFCRELAGGREGATES('26FAxuSYD0AgSELSbDCBvS',#5,$,$,#2687,(#2693));
#6208= IFCRELAGGREGATES('1vTjwTM81DoeIB9qAZfisd',#5,$,$,#2695,(#2707));
#6209= IFCRELAGGREGATES('2uxEb4hUr4q8RXIoN93NHG',#5,$,$,#2711,(#2724));
#6210= IFCRELAGGREGATES('0kcziP9Df33eMD_Ybe6GTU',#5,$,$,#2728,(#2740));
#6211= IFCRELAGGREGATES('2FO2C14rn4YR927l3yHfPC',#5,$,$,#2744,(#2756));
#6212= IFCRELAGGREGATES('1ZBEfOfir0lQs5X5Aj1Ac7',#5,$,$,#2760,(#2770));
#6213= IFCRELAGGREGATES('1reLwF2SXC3xEgiuOQo4P0',#5,$,$,#2772,(#2783));
#6214= IFCRELAGGREGATES('3VSAhcxiL9fuRus2T5MNjH',#5,$,$,#2787,(#2800));
#6215= IFCRELAGGREGATES('0smoTfcUbCWBwBTARZDB9f',#5,$,$,#2804,(#2816));
#6216= IFCRELAGGREGATES('1v25zEuhj2tgkX6aXiqim1',#5,$,$,#2820,(#2831));
#6217= IFCRELAGGREGATES('0xLW60sO97IPLJCxrS4TuM',#5,$,$,#2835,(#2846));
#6218= IFCRELAGGREGATES('0HgH_sEK90fO5gYUxcT22N',#5,$,$,#2850,(#2856));
#6219= IFCRELAGGREGATES('0$OJq2p8XCfP6fbkNLzQ_5',#5,$,$,#2858,(#2864));
#6220= IFCRELAGGREGATES('1DBJfhAYX7xfyTsXjEH62$',#5,$,$,#2866,(#2872));
#6221= IFCRELAGGREGATES('0E8v2V9_D3ZxSjrhYv1iWk',#5,$,$,#2874,(#2884));
#6222= IFCRELAGGREGATES('0qeoqjRk57bwKAm1EVsOWJ',#5,$,$,#2886,(#2892));
#6223= IFCRELAGGREGATES('1VmTZ_fmrAoRvX8C3cuCjT',#5,$,$,#2894,(#2900));
#6224= IFCRELAGGREGATES('3CnGz2N690rxQdJ0JmdniC',#5,$,$,#2902,(#2908));
#6225= IFCRELAGGREGATES('3A3aydVTT7ceCieunKGBkp',#5,$,$,#2910,(#2916));
#6226= IFCRELAGGREGATES('3AX029Pur8JA7plqCLa1JU',#5,$,$,#2918,(#2924));
#6227= IFCRELAGGREGATES('0R23NWNU5FYhXkoyZMtzv5',#5,$,$,#2926,(#2932));
#6228= IFCRELAGGREGATES('0Ak$$LH2L6QxpzE8adp0dA',#5,$,$,#2934,(#2940));
#6229= IFCRELAGGREGATES('0Xc2$$YFz43QDl8ZayBNTs',#5,$,$,#2942,(#2948));
#6230= IFCRELAGGREGATES('006xqlYqz9I9LIfMcjASzw',#5,$,$,#2951,(#2959));
#6231= IFCRELAGGREGATES('1eOZcOTJP7Xgj69utls7TS',#5,$,$,#2963,(#2971));
#6232= IFCRELAGGREGATES('3ScF1Zvhv8ggmumCW_C88m',#5,$,$,#2975,(#2983));
#6233= IFCRELAGGREGATES('3o1CpNQQn87ehKPz$q2f$q',#5,$,$,#2987,(#2993));
#6234= IFCRELAGGREGATES('19BWXlN9TCmPUSW$0FuUAi',#5,$,$,#2995,(#3001));
#6235= IFCRELAGGREGATES('0EQj5CTQ5FwOmVEoWVfyq8',#5,$,$,#3003,(#3009));
#6236= IFCRELAGGREGATES('27vOXXcoL2_xASQ3c4Ez8Y',#5,$,$,#3011,(#3017));
#6237= IFCRELAGGREGATES('33LppFHpr1geHNjDZXNput',#5,$,$,#3020,(#3032));
#6238= IFCRELAGGREGATES('2YC1NZ9e9EywkZXPCs2dgz',#5,$,$,#3036,(#3047));
#6239= IFCRELAGGREGATES('2TvFsAiuX4HhQPCsr5NYRD',#5,$,$,#3051,(#3062));
#6240= IFCRELAGGREGATES('3gfMGXBk18mPivAbK3GF_Z',#5,$,$,#3066,(#3078));
#6241= IFCRELAGGREGATES('2w5hWqChn1HOjCMT$b2AFq',#5,$,$,#3082,(#3093));
#6242= IFCRELAGGREGATES('1aVpulaZz0F9u0Qbh8WwcJ',#5,$,$,#3097,(#3108));
#6243= IFCRELAGGREGATES('3awhuT311FOexnQ0texS10',#5,$,$,#3112,(#3121));
#6244= IFCRELAGGREGATES('1zYathKpz4FAbRkNxzDT40',#5,$,$,#3123,(#3132));
#6245= IFCRELAGGREGATES('3HJENwJe93NO2CH2JH2IDH',#5,$,$,#3134,(#3143));
#6246= IFCRELAGGREGATES('3eiGn8Hp96WPiBtx6LfCI0',#5,$,$,#3145,(#3154));
#6247= IFCRELAGGREGATES('09GBmFy418TgJwnjJza0na',#5,$,$,#3156,(#3165));
#6248= IFCRELAGGREGATES('0V8T8TMVDEZ9_Ap05tUIDZ',#5,$,$,#3167,(#3176));
#6249= IFCRELAGGREGATES('3ufK23eTzFTughJE8uETs$',#5,$,$,#3178,(#3187));
#6250= IFCRELAGGREGATES('3DeL3RF_L3Tgpxfwmfb43m',#5,$,$,#3189,(#3198));
#6251= IFCRELAGGREGATES('0ewFkirUv3feyJU6EkzIID',#5,$,$,#3200,(#3206));
#6252= IFCRELAGGREGATES('3vAwISY0bFJhqGUBq8x1lj',#5,$,$,#3208,(#3217));
#6253= IFCRELAGGREGATES('2IJincTr18lRBFU5xLseFq',#5,$,$,#3219,(#3228));
#6254= IFCRELAGGREGATES('3htWWnJeTCxgTf7Mce3hKB',#5,$,$,#3230,(#3239));
#6255= IFCRELAGGREGATES('3BAnXmAVH0shL5xZnmWBiJ',#5,$,$,#3241,(#3248));
#6256= IFCRELAGGREGATES('0$PI9Pf_H5oQJbaeJ0Zzih',#5,$,$,#3250,(#3259));
#6257= IFCRELAGGREGATES('37HfvnMYn4gxOnL87PmAv8',#5,$,$,#3261,(#3270));
#6258= IFCRELAGGREGATES('3yP3lagQH7PxzPEo76Fzo3',#5,$,$,#3272,(#3281));
#6259= IFCRELAGGREGATES('2DbVxlGbH6cPv$KDr_xV8w',#5,$,$,#3283,(#3293));
#6260= IFCRELAGGREGATES('0fg2s4pknAD8Sfoy9bkSoG',#5,$,$,#3295,(#3304));
#6261= IFCRELAGGREGATES('3fgRd5fm10W9WyuWibZHo4',#5,$,$,#3306,(#3315));
#6262= IFCRELAGGREGATES('0wbYoIx_HBWPiWYwz_TcfM',#5,$,$,#3317,(#3323));
#6263= IFCRELAGGREGATES('2xoM3pTGbEYvCxX2a7j4fu',#5,$,$,#3325,(#3334));
#6264= IFCRELAGGREGATES('2ITix$51jCd9w0wkxlyI$0',#5,$,$,#3336,(#3345));
#6265= IFCRELAGGREGATES('3aho9aeMz3OuqQGEbeiAc9',#5,$,$,#3347,(#3356));
#6266= IFCRELAGGREGATES('0y9UukmJ1D_f6SCEwtOpzh',#5,$,$,#3358,(#3367));
#6267= IFCRELAGGREGATES('13AMqE5QvEoAA3aCj0qeIq',#5,$,$,#3369,(#3378));
#6268= IFCRELAGGREGATES('3oyHy7Z5zDye9S84Wdfulb',#5,$,$,#3380,(#3389));
#6269= IFCRELAGGREGATES('3ApWo1JZXAyRo43jZ6TTNd',#5,$,$,#3391,(#3397));
#6270= IFCRELAGGREGATES('2TfWtY48n2CB4Rzk4qmbes',#5,$,$,#3399,(#3409));
#6271= IFCRELAGGREGATES('1x5cs_WsjAmxnf8e_roXfX',#5,$,$,#3411,(#3424));
#6272= IFCRELAGGREGATES('1gYfFw_SfBkhhY_A$RwurF',#5,$,$,#3428,(#3439));
#6273= IFCRELAGGREGATES('3ljsR1Q6nD58rtKz4SLtQt',#5,$,$,#3443,(#3454));
#6274= IFCRELAGGREGATES('3poOk8tKD1fBpdSWzzIqIz',#5,$,$,#3458,(#3470));
#6275= IFCRELAGGREGATES('0hUb$vtS1Ar8pbKmZHV3Jd',#5,$,$,#3474,(#3483));
#6276= IFCRELAGGREGATES('3IxpRXslnFwezUR0CUW0cs',#5,$,$,#3485,(#3496));
#6277= IFCRELAGGREGATES('25gXgiKpnBTfTbedl_MT0W',#5,$,$,#3500,(#3506));
#6278= IFCRELAGGREGATES('1Yd6HSxbP3h8wLfs8S4AwG',#5,$,$,#3508,(#3517));
#6279= IFCRELAGGREGATES('3zMmirtSb8DOOUIBAcfHJy',#5,$,$,#3519,(#3528));
#6280= IFCRELAGGREGATES('3dzjR6hAXBbg09esrHUfnv',#5,$,$,#3530,(#3536));
#6281= IFCRELAGGREGATES('09tllJOjn4Lfnk5piEc5TQ',#5,$,$,#3538,(#3544));
#6282= IFCRELAGGREGATES('3pLicv3grCBOV2h14BrikH',#5,$,$,#3546,(#3556));
#6283= IFCRELAGGREGATES('1aTjKoSyvEdgbuozxT4mfL',#5,$,$,#3558,(#3564));
#6284= IFCRELAGGREGATES('3xEFgbziPBheDmF6tyxTbU',#5,$,$,#3566,(#3576));
#6285= IFCRELAGGREGATES('1vZj1vBG1E9QGvrUL1Hoex',#5,$,$,#3578,(#3590));
#6286= IFCRELAGGREGATES('0pLR0cUDb4Sfn8ZPLul6w9',#5,$,$,#3594,(#3606));
#6287= IFCRELAGGREGATES('1XI7FY1RjFMxaPRy7sEGHA',#5,$,$,#3610,(#3616));
#6288= IFCRELAGGREGATES('2VXg_mMUX29QZHK4upix3J',#5,$,$,#3618,(#3627));
#6289= IFCRELAGGREGATES('35hNO$_dP6m9n3gDKMHlJ2',#5,$,$,#3629,(#3639));
#6290= IFCRELAGGREGATES('0xsj7m_4XDcx4DcI_6dZ7O',#5,$,$,#3641,(#3650));
#6291= IFCRELAGGREGATES('0AoSptOVL6XhQOSypQptkB',#5,$,$,#3652,(#3664));
#6292= IFCRELAGGREGATES('1$reqishHFauhl5q3Jn2Hi',#5,$,$,#3668,(#3674));
#6293= IFCRELAGGREGATES('1YQ4Kk92D70vAqIkrIDa0k',#5,$,$,#3676,(#3686));
#6294= IFCRELAGGREGATES('3d9J5d_9P6Aubs$Ia9sz_Z',#5,$,$,#3688,(#3694));
#6295= IFCRELAGGREGATES('2vtnfYxgLDtRqdhypQoUFv',#5,$,$,#3696,(#3706));
#6296= IFCRELAGGREGATES('0ybnf_ym52Tw_G1CUhUu6i',#5,$,$,#3708,(#3714));
#6297= IFCRELAGGREGATES('2RtkXYbEfBIwB2Oa5D0xj1',#5,$,$,#3716,(#3725));
#6298= IFCRELAGGREGATES('0U4CgJ_yH7YxP5QFGNniVb',#5,$,$,#3727,(#3733));
#6299= IFCRELAGGREGATES('3s4S$H7IL9tg6AUBl47boA',#5,$,$,#3735,(#3746));
#6300= IFCRELAGGREGATES('0MvK4AchPAvRJ5Csv0$Hmf',#5,$,$,#3750,(#3762));
#6301= IFCRELAGGREGATES('18icMj3bn2_9$hyOfiKwc5',#5,$,$,#3766,(#3778));
#6302= IFCRELAGGREGATES('1tKxh6Ys9C78yF2QZzRtSv',#5,$,$,#3782,(#3791));
#6303= IFCRELAGGREGATES('1maKsHhGn0gRGY6e3fRzO2',#5,$,$,#3793,(#3804));
#6304= IFCRELAGGREGATES('0Q2GvgCJr1cOMsVCv70fRK',#5,$,$,#3808,(#3817));
#6305= IFCRELAGGREGATES('1Y0Bkc7nf5VQgton2WEyIF',#5,$,$,#3819,(#3828));
#6306= IFCRELAGGREGATES('1Pox3x_KX9ChkFnQZOy2R9',#5,$,$,#3830,(#3836));
#6307= IFCRELAGGREGATES('0PUmgJnkj7v8dkFunZi9iQ',#5,$,$,#3838,(#3844));
#6308= IFCRELAGGREGATES('3SUQXmJI12CeXOy7_vG1x2',#5,$,$,#3846,(#3853));
#6309= IFCRELAGGREGATES('19BIcRIDfAFBwsapbXvQid',#5,$,$,#3855,(#3861));
#6310= IFCRELAGGREGATES('3kXKsPLqL5ZBb1R0gItAJe',#5,$,$,#3863,(#3874));
#6311= IFCRELAGGREGATES('27FODMZWD21gPLbcuk_Bvh',#5,$,$,#3878,(#3884));
#6312= IFCRELAGGREGATES('2Q7IXlfWT4$e_Vy$e5soIJ',#5,$,$,#3886,(#3892));
#6313= IFCRELAGGREGATES('0zDU3PIbH1$wZkd1TCzxJk',#5,$,$,#3894,(#3900));
#6314= IFCRELAGGREGATES('0s8N0z131A8gQM35$prE89',#5,$,$,#3902,(#3908));
#6315= IFCRELAGGREGATES('1nY8AFh39B29ToszX3pulH',#5,$,$,#3910,(#3919));
#6316= IFCRELAGGREGATES('0PRdJHHvD0ffHe5ZzRWiiR',#5,$,$,#3921,(#3930));
#6317= IFCRELAGGREGATES('3vP7YGdWv899Dk3s24yyXq',#5,$,$,#3932,(#3938));
#6318= IFCRELAGGREGATES('3E69WoBT59sPtQ6IVJONTf',#5,$,$,#3940,(#3946));
#6319= IFCRELAGGREGATES('3phqqSGsT78wVO$IeDmS5P',#5,$,$,#3948,(#3954));
#6320= IFCRELAGGREGATES('1yju_EfHP6WPS2FoapPodE',#5,$,$,#3956,(#3962));
#6321= IFCRELAGGREGATES('1_W93ovs19wglqyGD5d0x1',#5,$,$,#3964,(#3970));
#6322= IFCRELAGGREGATES('2ITxEkYxDAiOWrmiJtX6$s',#5,$,$,#3972,(#3981));
#6323= IFCRELAGGREGATES('3vTINh8g9FYAJt08KYPQvw',#5,$,$,#3983,(#3992));
#6324= IFCRELAGGREGATES('3dGgyXNcH0YxlcLKIfO7_d',#5,$,$,#3994,(#4000));
#6325= IFCRELAGGREGATES('0oxtUDutz6z9gjmXfzWE2G',#5,$,$,#4002,(#4008));
#6326= IFCRELAGGREGATES('1GqP3NqizCm9x1pQlZQAZr',#5,$,$,#4010,(#4016));
#6327= IFCRELAGGREGATES('1kTWsVlvz41QnEzNbPsLMB',#5,$,$,#4018,(#4024));
#6328= IFCRELAGGREGATES('0NQBaEVQ16ORKtmZgAWKPP',#5,$,$,#4026,(#4032));
#6329= IFCRELAGGREGATES('2MAcJ2HdL6QAwlHfJpP5od',#5,$,$,#4034,(#4045));
#6330= IFCRELAGGREGATES('0FrkezdRD8A8a1LNbAGltJ',#5,$,$,#4049,(#4060));
#6331= IFCRELAGGREGATES('3$vMrrPV54kR6$u$dVwH2s',#5,$,$,#4064,(#4076));
#6332= IFCRELAGGREGATES('23s1FHPvLFBQbxx6m5zj7T',#5,$,$,#4080,(#4089));
#6333= IFCRELAGGREGATES('3yfnEPdAH1UwtEdwmi2QaG',#5,$,$,#4092,(#4104));
#6334= IFCRELAGGREGATES('1462vCYYPDFhEYdwvezamT',#5,$,$,#4108,(#4114));
#6335= IFCRELAGGREGATES('0Hla54KuzB0ATIwGJfHQOp',#5,$,$,#4117,(#4123));
#6336= IFCRELAGGREGATES('2urpItRZHDa9UFbClLaYLx',#5,$,$,#4126,(#4132));
#6337= IFCRELAGGREGATES('3_YPSo64zDLwpbTL6$OZqf',#5,$,$,#4135,(#4147));
#6338= IFCRELAGGREGATES('17lg9CadHA_xdLri0UvlaY',#5,$,$,#4151,(#4162));
#6339= IFCRELAGGREGATES('2sRVqOgoH8kQdhRRvgzhHS',#5,$,$,#4166,(#4178));
#6340= IFCRELAGGREGATES('1kLC1sbITFkv8fOenWs7b1',#5,$,$,#4182,(#4193));
#6341= IFCRELAGGREGATES('2myBawH2bD2hsnWPzkVnqy',#5,$,$,#4197,(#4208));
#6342= IFCRELAGGREGATES('1$lsqsk3j3WBO8SGfAkEM$',#5,$,$,#4212,(#4224));
#6343= IFCRELAGGREGATES('19KGC7oSbC1R_jDalIwPnO',#5,$,$,#4228,(#4239));
#6344= IFCRELAGGREGATES('05LyCX0VT7hvJ$Ekk$I0RW',#5,$,$,#4243,(#4255));
#6345= IFCRELAGGREGATES('0S9KnLc7P2NOktxLampHa2',#5,$,$,#4259,(#4270));
#6346= IFCRELAGGREGATES('3OfejQs$r4lvL0ykbNRhAt',#5,$,$,#4274,(#4285));
#6347= IFCRELAGGREGATES('23iKmwti9Ejf4XdfEEo8NP',#5,$,$,#4289,(#4300));
#6348= IFCRELAGGREGATES('0Fdbfhzfv4OA__aTyNQci1',#5,$,$,#4304,(#4315));
#6349= IFCRELAGGREGATES('0x2cQ$fLr8Xg2baVJo1Wtr',#5,$,$,#4351,(#4362));
#6350= IFCRELAGGREGATES('3yu8YWtbvFzexIV4p1DFrG',#5,$,$,#4366,(#4377));
#6351= IFCRELAGGREGATES('13tBMQWMzEGf4P6CKoY2yP',#5,$,$,#4381,(#4392));
#6352= IFCRELAGGREGATES('1AAIsOK_f2ABsDzlw4EQCs',#5,$,$,#4396,(#4407));
#6353= IFCRELAGGREGATES('2Dxp_3NH1CxfoEJwEJzvmI',#5,$,$,#4411,(#4417));
#6354= IFCRELAGGREGATES('0MmQhT8zXBCQd9f0sUwaET',#5,$,$,#4419,(#4428));
#6355= IFCRELAGGREGATES('3kSldn2GTAnf2Uw6AMbXNL',#5,$,$,#4430,(#4436));
#6356= IFCRELAGGREGATES('3x1WF7iEf3dehjc8tT3lPs',#5,$,$,#4438,(#4449));
#6357= IFCRELAGGREGATES('34pUjJ8cb40Q5xoqjnJ746',#5,$,$,#4453,(#4464));
#6358= IFCRELAGGREGATES('0g9GEJSvr4g9hB0FVEjbHj',#5,$,$,#4468,(#4480));
#6359= IFCRELAGGREGATES('2CTdDH9WrAyvB3jTwMsMcU',#5,$,$,#4536,(#4547));
#6360= IFCRELAGGREGATES('1ek6CN1tvAshoP4NUy7aAp',#5,$,$,#4604,(#4612));
#6361= IFCRELAGGREGATES('182cOCHcPEHBzNzoGLH3NG',#5,$,$,#4616,(#4627));
#6362= IFCRELAGGREGATES('2IGl4SNt90YOyOuiD7HmYv',#5,$,$,#4631,(#4642));
#6363= IFCRELAGGREGATES('2FweBNgxr1HPWePW__PaJd',#5,$,$,#4646,(#4658));
#6364= IFCRELAGGREGATES('0jxQsKUSr0SxK7qJd_OF8L',#5,$,$,#4662,(#4673));
#6365= IFCRELAGGREGATES('0RgIuTFBnCNAQDC4ZJIYMp',#5,$,$,#4677,(#4687));
#6366= IFCRELAGGREGATES('1cjtpxARX4kuf1pvCMLIvu',#5,$,$,#4689,(#4700));
#6367= IFCRELAGGREGATES('3jNeWBafv6uAt6Oyg_3MkI',#5,$,$,#4704,(#4715));
#6368= IFCRELAGGREGATES('3R$ImvKqn2SgGlbuUkJ8eU',#5,$,$,#4719,(#4730));
#6369= IFCRELAGGREGATES('3eklL8h_v1nh4eCN7VVPgx',#5,$,$,#4734,(#4743));
#6370= IFCRELAGGREGATES('24lLPpjov9jgp5ZMx2$HCO',#5,$,$,#4745,(#4751));
#6371= IFCRELAGGREGATES('0FYyblz214O8ppZv5QC5Q4',#5,$,$,#4753,(#4764));
#6372= IFCRELAGGREGATES('1NhQBXSb91ZRsiVyT1xOgg',#5,$,$,#4768,(#4777));
#6373= IFCRELAGGREGATES('39deRDDrz2YRlKIfFuWCVR',#5,$,$,#4779,(#4790));
#6374= IFCRELAGGREGATES('3CR$oxcSj3XxMtwq3mtu48',#5,$,$,#4794,(#4806));
#6375= IFCRELAGGREGATES('2HsDJlK3LCneTrAlyacWxR',#5,$,$,#4810,(#4821));
#6376= IFCRELAGGREGATES('3BMkrRpiDDox$F1QLmzHk3',#5,$,$,#4825,(#4836));
#6377= IFCRELAGGREGATES('3ResrZScbFKwvWQaBeNysr',#5,$,$,#4840,(#4852));
#6378= IFCRELAGGREGATES('3woK7MPzLC99pywz742C38',#5,$,$,#4856,(#4866));
#6379= IFCRELAGGREGATES('27xMo3qyr8IBfV1HkwNE_U',#5,$,$,#4868,(#4879));
#6380= IFCRELAGGREGATES('2po$0IIib2Dfj0cET0wyjz',#5,$,$,#4883,(#4894));
#6381= IFCRELAGGREGATES('0e6mRc5enDv9BfLo5FW5db',#5,$,$,#4898,(#4909));
#6382= IFCRELAGGREGATES('2TPidi1tX6vfYSAB5$Lh$P',#5,$,$,#4913,(#4924));
#6383= IFCRELAGGREGATES('1aXfbU7SL6kh1$ANZz8rC9',#5,$,$,#4928,(#4939));
#6384= IFCRELAGGREGATES('0fDn57Gqj57e643$PzKbUf',#5,$,$,#4943,(#4954));
#6385= IFCRELAGGREGATES('02jZzDKbHBQ8OfCDgiwIb9',#5,$,$,#4958,(#4967));
#6386= IFCRELAGGREGATES('0BG2LfbYnABOcM3MymNzNZ',#5,$,$,#4969,(#4980));
#6387= IFCRELAGGREGATES('1iK4qeKvL6BuEv_9zOS1RW',#5,$,$,#4984,(#4993));
#6388= IFCRELAGGREGATES('0L6$DbI5T7oRJ7_lNr3it2',#5,$,$,#4995,(#5006));
#6389= IFCRELAGGREGATES('3F$yXiyPv1AAJszAXZn2gL',#5,$,$,#5010,(#5016));
#6390= IFCRELAGGREGATES('0WTqhmgXX8lQtSenDTDbQ3',#5,$,$,#5018,(#5029));
#6391= IFCRELAGGREGATES('0cZQv8Fej6pvSVcYyg998e',#5,$,$,#5033,(#5044));
#6392= IFCRELAGGREGATES('2jAEGkso53jwgrKrgvNLRT',#5,$,$,#5048,(#5057));
#6393= IFCRELAGGREGATES('14m_rVQBv8PPAv82X$cV9Z',#5,$,$,#5059,(#5065));
#6394= IFCRELAGGREGATES('04YVpaKWDFzuoM3FVt6xCQ',#5,$,$,#5067,(#5078));
#6395= IFCRELAGGREGATES('0_UCEGr1n94AM5VGtGJqpV',#5,$,$,#5082,(#5093));
#6396= IFCRELAGGREGATES('3ihjub38jAiOMSnBLQpJo_',#5,$,$,#5097,(#5108));
#6397= IFCRELAGGREGATES('31DWRp3Ir3dhhlEcUWMPUj',#5,$,$,#5112,(#5123));
#6398= IFCRELAGGREGATES('37ogO8m4D0WhPu0ybRDIEQ',#5,$,$,#5127,(#5138));
#6399= IFCRELAGGREGATES('3PwQOSOKT69AsNPewhrvnf',#5,$,$,#5142,(#5153));
#6400= IFCRELAGGREGATES('1KYh4W5mn3NAPJ7Y5FY2EE',#5,$,$,#5157,(#5168));
#6401= IFCRELAGGREGATES('3RZrmyb6b56vPyg01un67K',#5,$,$,#5172,(#5183));
#6402= IFCRELAGGREGATES('2DcrOJcWX3kQ_Bvj8MajtK',#5,$,$,#5187,(#5198));
#6403= IFCRELAGGREGATES('3JAx05Xer77AdMfIFkDwz3',#5,$,$,#5202,(#5213));
#6404= IFCRELAGGREGATES('3BfHEPOcb8zAhE1OqALq3v',#5,$,$,#5217,(#5228));
#6405= IFCRELAGGREGATES('3JdGbp$3b749D8d1HHHGab',#5,$,$,#5232,(#5243));
#6406= IFCRELAGGREGATES('0zIGh4dKHEgBA5XQOGvQD7',#5,$,$,#5247,(#5256));
#6407= IFCRELAGGREGATES('3GmdwzAyLD08d963j6Cl_Q',#5,$,$,#5258,(#5270));
#6408= IFCRELAGGREGATES('2hz1GI9MH0rOEtGxhMz1WB',#5,$,$,#5274,(#5284));
#6409= IFCRELAGGREGATES('36hDf59qL5exuij0yfJpZL',#5,$,$,#5286,(#5295));
#6410= IFCRELAGGREGATES('2q$$NPZ913jR2Smv8pO3l4',#5,$,$,#5297,(#5306));
#6411= IFCRELAGGREGATES('0bV3iGjTX9V8CGU4lrQiKk',#5,$,$,#5308,(#5317));
#6412= IFCRELAGGREGATES('02gvHmTpbBhBVU2N3F6x6e',#5,$,$,#5392,(#5403));
#6413= IFCRELAGGREGATES('0qEbOeXEr4HwcCrI6SVQKz',#5,$,$,#5407,(#5418));
#6414= IFCRELAGGREGATES('3tv_NXOZHF_gRkRzxmgtmS',#5,$,$,#5422,(#5431));
#6415= IFCRELAGGREGATES('1qr8OBjRbA_8meDmRQVWzy',#5,$,$,#5433,(#5439));
#6416= IFCRELAGGREGATES('2wVGiHlN94_QPPjCspJHrM',#5,$,$,#5441,(#5452));
#6417= IFCRELAGGREGATES('3TH8DNKzD9eQtSwQaDTckW',#5,$,$,#5456,(#5467));
#6418= IFCRELAGGREGATES('2T2B54vR58zgFdldwwD0cf',#5,$,$,#5540,(#5546));
#6419= IFCRELAGGREGATES('0kndPYshPEbuqDJTA8RTjl',#5,$,$,#5548,(#5559));
#6420= IFCRELAGGREGATES('3iJPlyCpn7hvPrapk88Ctm',#5,$,$,#5563,(#5572));
#6421= IFCRELAGGREGATES('15oRUazkbC5Q2MZylUx9IA',#5,$,$,#5574,(#5586));
#6422= IFCRELAGGREGATES('3M9qLMx_1D0hrOANNl3qUP',#5,$,$,#5590,(#5602));
#6423= IFCRELAGGREGATES('3Kh8BM$R15PQUVgh17EyN5',#5,$,$,#5606,(#5618));
#6424= IFCRELAGGREGATES('1a36klhM55uhFnJ5VqpZz2',#5,$,$,#5622,(#5628));
#6425= IFCRELAGGREGATES('2Sm3Y4lXH0hfiGHPsjjXIF',#5,$,$,#5630,(#5641));
#6426= IFCRELAGGREGATES('1bj44zkBfF_xNCKxKNKGIR',#5,$,$,#5645,(#5656));
#6427= IFCRELAGGREGATES('29W62PfO18XPfStPfPmTH$',#5,$,$,#5660,(#5671));
#6428= IFCRELAGGREGATES('2i$KKlLUXFWvs9jpptYrtM',#5,$,$,#5675,(#5686));
#6429= IFCRELAGGREGATES('0FLqQ7oCT7Cvg7jsRK_ucH',#5,$,$,#5690,(#5699));
#6430= IFCRELAGGREGATES('3TdMh1mgXCogelH$QVC1oq',#5,$,$,#5701,(#5710));
#6431= IFCRELAGGREGATES('1oVpFFbl59IvzAnNPfntBM',#5,$,$,#5712,(#5718));
#6432= IFCRELAGGREGATES('0GtvMpIor5vRYo6RYiIMtA',#5,$,$,#5720,(#5729));
#6433= IFCRELAGGREGATES('2ZLxj$w_T3kh_QaAz1a5Lx',#5,$,$,#5731,(#5740));
#6434= IFCRELAGGREGATES('0qhtVihhzEYw9y_MeOsN0o',#5,$,$,#5742,(#5751));
#6435= IFCRELAGGREGATES('01hQEm9zjEiOnOmRIpgdCx',#5,$,$,#5755,(#5766));
#6436= IFCRELAGGREGATES('3cXPna5B9BvOfb3J$BW6uf',#5,$,$,#5770,(#5776));
#6437= IFCRELAGGREGATES('0DXLwU5wf7q83J3b0LWa5V',#5,$,$,#5778,(#5789));
#6438= IFCRELAGGREGATES('2y8PFcS2XCzBUB1DDTsVNF',#5,$,$,#5793,(#5804));
#6439= IFCRELAGGREGATES('3uRh9VhGf4VxArR1ttFdhC',#5,$,$,#5808,(#5814));
#6440= IFCRELAGGREGATES('1TIRpgoWbCSQKmTRv$15mX',#5,$,$,#5816,(#5824));
#6441= IFCRELAGGREGATES('1hiBIIdnbFKgeBLrDilmZS',#5,$,$,#5828,(#5834));
#6442= IFCRELAGGREGATES('3KXXpOIgb2xgF1$gpNUWfT',#5,$,$,#5838,(#5850));
#6443= IFCRELAGGREGATES('0J_uNOoL99PxMPN1WdEKgY',#5,$,$,#5854,(#5860));
#6444= IFCRELAGGREGATES('1fbk5WLmP6WeIQmLpD1CHw',#5,$,$,#5862,(#5873));
#6445= IFCRELAGGREGATES('2KcYQSCo17pRP$Ad_3YM_C',#5,$,$,#5877,(#5888));
#6446= IFCRELAGGREGATES('3VF58YGI58duJ2p6qZbTAw',#5,$,$,#5892,(#5903));
#6447= IFCRELAGGREGATES('0dxvcRitL0y9Ulw0Vnm3OP',#5,$,$,#5907,(#5918));
#6448= IFCRELAGGREGATES('3od3Ggsvv5mOjraHWZEB5M',#5,$,$,#5922,(#5933));
#6449= IFCRELAGGREGATES('2Pl0ulAub7B8b5Mne2NkRf',#5,$,$,#5937,(#5945));
#6450= IFCRELAGGREGATES('1n$BTd2NH4$9wVbSn5geAc',#5,$,$,#5949,(#5961));
#6451= IFCRELAGGREGATES('0x9bS4igX7dunxltfPB4Y2',#5,$,$,#5965,(#5976));
#6452= IFCRELAGGREGATES('0YQyzerOT7ax2h6NUsyIQm',#5,$,$,#5980,(#5991));
#6453= IFCRELAGGREGATES('39QSKKJ3508Ap2GcBfspO$',#5,$,$,#5995,(#6006));
#6454= IFCRELAGGREGATES('398n8OYz5EZQ5TG_4pWWGl',#5,$,$,#6010,(#6021));
#6455= IFCRELAGGREGATES('3Uff3VuWP05xFhipWlkt4l',#5,$,$,#6025,(#6036));
#6456= IFCRELAGGREGATES('1HSD$CvRz28ef9bNHQTGyL',#5,$,$,#6040,(#6049));
#6457= IFCRELAGGREGATES('3XayLV9QDDyBJGB9UpiKQE',#5,$,$,#6051,(#6062));
#6458= IFCRELAGGREGATES('3$kRb9B3H5Rw6SX$RMG3qB',#5,$,$,#6066,(#6077));
#6459= IFCRELAGGREGATES('0G9_EfkRXBp9e8KiICzQSF',#5,$,$,#6081,(#6085));
#6460= IFCRELAGGREGATES('2GvJHrBtf229MtESB4AttH',#5,$,$,#6087,(#6093));
#6461= IFCRELAGGREGATES('3TeDZxekT0OAvELVRFwi7E',#5,$,$,#6097,(#6108));
#6462= IFCRELAGGREGATES('11FLF5l21B9wNojynhmT9w',#5,$,$,#6112,(#6118));
#6463= IFCRELAGGREGATES('2B5p4zJBH4qud22fBh2Agk',#5,$,$,#6120,(#6126));
#6464= IFCRELCONTAINEDINSPATIALSTRUCTURE('24fX_d56XAouWHWCSHQ2Js',#5,$,$,(#6120,#6112,#6097,#6087,#6081,#6066,#6051,#6040,#6025,#6010,#5995,#5980,#5965,#5949,#5937,#5922,#5907,#5892,#5877,#5862,#5854,#5838,#5828,#5816,#5808,#5793,#5778,#5770,#5755,#5742,#5731,#5720,#5712,#5701,#5690,#5675,#5660,#5645,#5630,#5622,#5606,#5590,#5574,#5563,#5548,#5540,#5456,#5441,#5433,#5422,#5407,#5392,#5308,#5297,#5286,#5274,#5258,#5247,#5232,#5217,#5202,#5187,#5172,#5157,#5142,#5127,#5112,#5097,#5082,#5067,#5059,#5048,#5033,#5018,#5010,#4995,#4984,#4969,#4958,#4943,#4928,#4913,#4898,#4883,#4868,#4856,#4840,#4825,#4810,#4794,#4779,#4768,#4753,#4745,#4734,#4719,#4704,#4689,#4677,#4662,#4646,#4631,#4616,#4604,#4536,#4468,#4453,#4438,#4430,#4419,#4411,#4396,#4381,#4366,#4351,#4304,#4289,#4274,#4259,#4243,#4228,#4212,#4197,#4182,#4166,#4151,#4135,#4126,#4117,#4108,#4092,#4080,#4064,#4049,#4034,#4026,#4018,#4010,#4002,#3994,#3983,#3972,#3964,#3956,#3948,#3940,#3932,#3921,#3910,#3902,#3894,#3886,#3878,#3863,#3855,#3846,#3838,#3830,#3819,#3808,#3793,#3782,#3766,#3750,#3735,#3727,#3716,#3708,#3696,#3688,#3676,#3668,#3652,#3641,#3629,#3618,#3610,#3594,#3578,#3566,#3558,#3546,#3538,#3530,#3519,#3508,#3500,#3485,#3474,#3458,#3443,#3428,#3411,#3399,#3391,#3380,#3369,#3358,#3347,#3336,#3325,#3317,#3306,#3295,#3283,#3272,#3261,#3250,#3241,#3230,#3219,#3208,#3200,#3189,#3178,#3167,#3156,#3145,#3134,#3123,#3112,#3097,#3082,#3066,#3051,#3036,#3020,#3011,#3003,#2995,#2987,#2975,#2963,#2951,#2942,#2934,#2926,#2918,#2910,#2902,#2894,#2886,#2874,#2866,#2858,#2850,#2835,#2820,#2804,#2787,#2772,#2760,#2744,#2728,#2711,#2695,#2687,#2679,#2671,#2663,#2655,#2647,#2639,#2626,#2618,#2610,#2602,#2594,#2579,#2563,#2549,#2534,#2526,#2518,#2510,#2494,#2483,#2467,#2451,#2439,#2423,#2408,#2397,#2386,#2370,#2354,#2333,#2058,#2035,#1977,#1966,#1908,#1899,#1841,#1815,#1584,#1555,#1497,#1486,#1428,#1419,#1144,#1111,#1053,#1042,#958,#947,#370,#302,#293,#285,#277,#269,#261,#253,#245,#237,#229,#221,#213,#201,#193,#185,#171,#162,#154,#146,#138,#124,#110,#99,#84,#46),#43);
#6465= IFCRELCONNECTSWITHREALIZINGELEMENTS('0MkQYnBnDDVRxx1zVPoKL9',#5,$,$,$,#2331,#2306,(#2297),$);
#6466= IFCRELCONNECTSWITHREALIZINGELEMENTS('2Tu89kw2P5z8G_OP$UwbSO',#5,$,$,$,#2331,#2324,(#2243),$);
#6467= IFCRELCONNECTSWITHREALIZINGELEMENTS('0tUgqa7ez3cPxf7QkeV7B5',#5,$,$,$,#2331,#2318,(#2234),$);
#6468= IFCRELCONNECTSWITHREALIZINGELEMENTS('2zNXEH0vPCW8kfwLFRJGPw',#5,$,$,$,#2033,#2010,(#2002),$);
#6469= IFCRELCONNECTSWITHREALIZINGELEMENTS('2y$xKUWpv6ThIMF5SQmYRq',#5,$,$,$,#2033,#2027,(#1993),$);
#6470= IFCRELCONNECTSWITHREALIZINGELEMENTS('3kjeEOO9129fkuWAMOLkrj',#5,$,$,$,#2033,#2021,(#1984),$);
#6471= IFCRELCONNECTSWITHREALIZINGELEMENTS('0Flr5sPZL4_u1Cf1k0dURj',#5,$,$,$,#1964,#1941,(#1933),$);
#6472= IFCRELCONNECTSWITHREALIZINGELEMENTS('2MvId6e$P8qBz6At14pmSg',#5,$,$,$,#1964,#1958,(#1924),$);
#6473= IFCRELCONNECTSWITHREALIZINGELEMENTS('31MszzbUzC29aQwX9fuJ1Z',#5,$,$,$,#1964,#1952,(#1915),$);
#6474= IFCRELCONNECTSWITHREALIZINGELEMENTS('01e_6BdqP6shMbPZrPYw3v',#5,$,$,$,#1897,#1874,(#1866),$);
#6475= IFCRELCONNECTSWITHREALIZINGELEMENTS('0E5LYKEob6KAB4zdiE8xvy',#5,$,$,$,#1897,#1891,(#1857),$);
#6476= IFCRELCONNECTSWITHREALIZINGELEMENTS('1wbJ2gR$56me9p7KYxv4Cr',#5,$,$,$,#1897,#1885,(#1848),$);
#6477= IFCRELCONNECTSWITHREALIZINGELEMENTS('1AJjlZw6D2jRa9JMk7zdJE',#5,$,$,$,#1813,#1787,(#1778),$);
#6478= IFCRELCONNECTSWITHREALIZINGELEMENTS('3_g_8Afcv16A0tIB8NwmK8',#5,$,$,$,#1813,#1806,(#1769),$);
#6479= IFCRELCONNECTSWITHREALIZINGELEMENTS('14UzBBv_XDMe4rVlNqDtkr',#5,$,$,$,#1813,#1800,(#1760),$);
#6480= IFCRELCONNECTSWITHREALIZINGELEMENTS('3tpXEfAVnANhXnYBWKcjd_',#5,$,$,$,#1553,#1530,(#1522),$);
#6481= IFCRELCONNECTSWITHREALIZINGELEMENTS('0wmrvGwxX62eRlEIRs4256',#5,$,$,$,#1553,#1547,(#1513),$);
#6482= IFCRELCONNECTSWITHREALIZINGELEMENTS('3EMs$2fRv2dePm3bumJHEL',#5,$,$,$,#1553,#1541,(#1504),$);
#6483= IFCRELCONNECTSWITHREALIZINGELEMENTS('1kVg7Kfd5BvxEDqkBbDtA6',#5,$,$,$,#1484,#1461,(#1453),$);
#6484= IFCRELCONNECTSWITHREALIZINGELEMENTS('38WDu3$WTCGAY8bdEj6iC9',#5,$,$,$,#1484,#1478,(#1444),$);
#6485= IFCRELCONNECTSWITHREALIZINGELEMENTS('1zYfIMruLEthjG9SeN4U_7',#5,$,$,$,#1484,#1472,(#1435),$);
#6486= IFCRELCONNECTSWITHREALIZINGELEMENTS('2s9W1cpTT28RU7lYCkm6yb',#5,$,$,$,#1417,#1392,(#1383),$);
#6487= IFCRELCONNECTSWITHREALIZINGELEMENTS('2C1_L7wW91zupRtpFWrD1O',#5,$,$,$,#1417,#1410,(#1329),$);
#6488= IFCRELCONNECTSWITHREALIZINGELEMENTS('0re$7W9qz8VQI7BewkdWpE',#5,$,$,$,#1417,#1404,(#1320),$);
#6489= IFCRELCONNECTSWITHREALIZINGELEMENTS('37MZKyj$5B$hF3sB9tQ5vp',#5,$,$,$,#1109,#1086,(#1078),$);
#6490= IFCRELCONNECTSWITHREALIZINGELEMENTS('3zwm0brg9C6hoxI$R735qW',#5,$,$,$,#1109,#1103,(#1069),$);
#6491= IFCRELCONNECTSWITHREALIZINGELEMENTS('2fonNqx39FFv0FWHq8Et3K',#5,$,$,$,#1109,#1097,(#1060),$);
#6492= IFCRELCONNECTSWITHREALIZINGELEMENTS('1AR6SXSmH3P9PqC24DRoDA',#5,$,$,$,#1040,#1017,(#1009),$);
#6493= IFCRELCONNECTSWITHREALIZINGELEMENTS('2gR2_MoJX7hR1QNI7Ebxc$',#5,$,$,$,#1040,#1034,(#974),$);
#6494= IFCRELCONNECTSWITHREALIZINGELEMENTS('3sOY5oNV5EHOxrC2$XqObU',#5,$,$,$,#1040,#1028,(#965),$);
#6495= IFCRELCONNECTSWITHREALIZINGELEMENTS('32nGaql7HFMgTXNQvEGybL',#5,$,$,$,#943,#648,(#631),$);
#6496= IFCRELCONNECTSWITHREALIZINGELEMENTS('2vBUA7KPf5fB5Zd7D_bugt',#5,$,$,$,#943,#932,(#574),$);
#6497= IFCRELCONNECTSWITHREALIZINGELEMENTS('2tZRxtGOX6JuWPdHW5mbY1',#5,$,$,$,#943,#923,(#550),$);
#6498= IFCRELDEFINESBYPROPERTIES('35zQNcEcT0TvHqPijjLi2e',#5,$,$,(#6120,#6112,#6097,#6087,#6081,#6066,#6051,#6040,#6025,#6010,#5995,#5980,#5965,#5949,#5937,#5922,#5907,#5892,#5877,#5862,#5854,#5838,#5828,#5816,#5808,#5793,#5778,#5770,#5755,#5742,#5731,#5720,#5712,#5701,#5690,#5675,#5660,#5645,#5630,#5622,#5606,#5590,#5574,#5563,#5548,#5540,#5456,#5441,#5433,#5422,#5407,#5392,#5308,#5297,#5286,#5274,#5258,#5247,#5232,#5217,#5202,#5187,#5172,#5157,#5142,#5127,#5112,#5097,#5082,#5067,#5059,#5048,#5033,#5018,#5010,#4995,#4984,#4969,#4958,#4943,#4928,#4913,#4898,#4883,#4868,#4856,#4840,#4825,#4810,#4794,#4779,#4768,#4753,#4745,#4734,#4719,#4704,#4689,#4677,#4662,#4646,#4631,#4616,#4604,#4536,#4468,#4453,#4438,#4430,#4419,#4411,#4396,#4381,#4366,#4351,#4304,#4289,#4274,#4259,#4243,#4228,#4212,#4197,#4182,#4166,#4151,#4135,#4126,#4117,#4108,#4092,#4080,#4064,#4049,#4034,#4026,#4018,#4010,#4002,#3994,#3983,#3972,#3964,#3956,#3948,#3940,#3932,#3921,#3910,#3902,#3894,#3886,#3878,#3863,#3855,#3846,#3838,#3830,#3819,#3808,#3793,#3782,#3766,#3750,#3735,#3727,#3716,#3708,#3696,#3688,#3676,#3668,#3652,#3641,#3629,#3618,#3610,#3594,#3578,#3566,#3558,#3546,#3538,#3530,#3519,#3508,#3500,#3485,#3474,#3458,#3443,#3428,#3411,#3399,#3391,#3380,#3369,#3358,#3347,#3336,#3325,#3317,#3306,#3295,#3283,#3272,#3261,#3250,#3241,#3230,#3219,#3208,#3200,#3189,#3178,#3167,#3156,#3145,#3134,#3123,#3112,#3097,#3082,#3066,#3051,#3036,#3020,#3011,#3003,#2995,#2987,#2975,#2963,#2951,#2942,#2934,#2926,#2918,#2910,#2902,#2894,#2886,#2874,#2866,#2858,#2850,#2835,#2820,#2804,#2787,#2772,#2760,#2744,#2728,#2711,#2695,#2687,#2679,#2671,#2663,#2655,#2647,#2639,#2626,#2618,#2610,#2602,#2594,#2579,#2563,#2549,#2534,#2526,#2518,#2510,#2494,#2483,#2467,#2451,#2439,#2423,#2408,#2397,#2386,#2370,#2354,#2333,#2058,#2035,#1977,#1966,#1908,#1899,#1841,#1815,#1584,#1555,#1497,#1486,#1428,#1419,#1144,#1111,#1053,#1042,#958,#947,#370,#302,#293,#285,#277,#269,#261,#253,#245,#237,#229,#221,#213,#201,#193,#185,#171,#162,#154,#146,#138,#124,#110,#99,#84,#46),#48);
#6499= IFCRELDEFINESBYPROPERTIES('0higg6ICf9fvQX2Tx8PY_$',#5,$,$,(#6120,#6112,#6097,#6087,#6081,#6066,#6051,#6040,#6025,#6010,#5995,#5980,#5965,#5949,#5937,#5922,#5907,#5892,#5877,#5862,#5854,#5838,#5828,#5816,#5808,#5793,#5778,#5770,#5755,#5742,#5731,#5720,#5712,#5701,#5690,#5675,#5660,#5645,#5630,#5622,#5606,#5590,#5574,#5563,#5548,#5540,#5456,#5441,#5433,#5422,#5407,#5392,#5308,#5297,#5286,#5274,#5258,#5247,#5232,#5217,#5202,#5187,#5172,#5157,#5142,#5127,#5112,#5097,#5082,#5067,#5059,#5048,#5033,#5018,#5010,#4995,#4984,#4969,#4958,#4943,#4928,#4913,#4898,#4883,#4868,#4856,#4840,#4825,#4810,#4794,#4779,#4768,#4753,#4745,#4734,#4719,#4704,#4689,#4677,#4662,#4646,#4631,#4616,#4604,#4536,#4468,#4453,#4438,#4430,#4419,#4411,#4396,#4381,#4366,#4351,#4304,#4289,#4274,#4259,#4243,#4228,#4212,#4197,#4182,#4166,#4151,#4135,#4126,#4117,#4108,#4092,#4080,#4064,#4049,#4034,#4026,#4018,#4010,#4002,#3994,#3983,#3972,#3964,#3956,#3948,#3940,#3932,#3921,#3910,#3902,#3894,#3886,#3878,#3863,#3855,#3846,#3838,#3830,#3819,#3808,#3793,#3782,#3766,#3750,#3735,#3727,#3716,#3708,#3696,#3688,#3676,#3668,#3652,#3641,#3629,#3618,#3610,#3594,#3578,#3566,#3558,#3546,#3538,#3530,#3519,#3508,#3500,#3485,#3474,#3458,#3443,#3428,#3411,#3399,#3391,#3380,#3369,#3358,#3347,#3336,#3325,#3317,#3306,#3295,#3283,#3272,#3261,#3250,#3241,#3230,#3219,#3208,#3200,#3189,#3178,#3167,#3156,#3145,#3134,#3123,#3112,#3097,#3082,#3066,#3051,#3036,#3020,#3011,#3003,#2995,#2987,#2975,#2963,#2951,#2942,#2934,#2926,#2918,#2910,#2902,#2894,#2886,#2874,#2866,#2858,#2850,#2835,#2820,#2804,#2787,#2772,#2760,#2744,#2728,#2711,#2695,#2687,#2679,#2671,#2663,#2655,#2647,#2639,#2626,#2618,#2610,#2602,#2594,#2579,#2563,#2549,#2534,#2526,#2518,#2510,#2494,#2483,#2467,#2451,#2439,#2423,#2408,#2397,#2386,#2370,#2354,#2333,#2058,#2035,#1977,#1966,#1908,#1899,#1841,#1815,#1584,#1555,#1497,#1486,#1428,#1419,#1144,#1111,#1053,#1042,#958,#947,#370,#302,#293,#285,#277,#269,#261,#253,#245,#237,#229,#221,#213,#201,#193,#185,#171,#162,#154,#146,#138,#124,#110,#99,#84,#46),#50);
#6500= IFCRELDEFINESBYPROPERTIES('2HDAg5JCbALgZRiY$1Zgjo',#5,$,$,(#2679,#99,#46),#54);
#6501= IFCRELDEFINESBYPROPERTIES('3DDVv7ranFhQ82Lcl0gNME',#5,$,$,(#2685,#108,#69),#74);
#6502= IFCRELDEFINESBYPROPERTIES('2MmnELv653uuUQ$IxrsT$y',#5,$,$,(#3017,#3009,#3001,#2993,#2983,#2971,#2959,#2948,#2940,#2932,#2924,#2916,#2908,#2900,#2892,#2693,#2685,#2677,#2669,#2661,#2653,#2645,#299,#291,#283,#275,#267,#259,#251,#243,#235,#227,#219,#209,#199,#191,#181,#168,#160,#152,#144,#134,#120,#108,#95,#69),#77);
#6503= IFCRELDEFINESBYPROPERTIES('3Xs2R234X00gHFBaybuoDq',#5,$,$,(#6126,#6118,#6108,#6093,#6085,#6077,#6062,#6049,#6036,#6021,#6006,#5991,#5976,#5961,#5945,#5933,#5918,#5903,#5888,#5873,#5860,#5850,#5834,#5824,#5814,#5804,#5789,#5776,#5766,#5751,#5740,#5729,#5718,#5710,#5699,#5686,#5671,#5656,#5641,#5628,#5618,#5602,#5586,#5572,#5559,#5546,#5531,#5512,#5484,#5467,#5452,#5439,#5431,#5418,#5403,#5385,#5364,#5317,#5306,#5295,#5284,#5270,#5256,#5243,#5228,#5213,#5198,#5183,#5168,#5153,#5138,#5123,#5108,#5093,#5078,#5065,#5057,#5044,#5029,#5016,#5006,#4993,#4980,#4967,#4954,#4939,#4924,#4909,#4894,#4879,#4866,#4852,#4836,#4821,#4806,#4790,#4777,#4764,#4751,#4743,#4730,#4715,#4700,#4687,#4673,#4658,#4642,#4627,#4612,#4563,#4547,#4527,#4497,#4480,#4464,#4449,#4436,#4428,#4417,#4407,#4392,#4377,#4362,#4315,#4300,#4285,#4270,#4255,#4239,#4224,#4208,#4193,#4178,#4162,#4147,#4132,#4123,#4114,#4104,#4089,#4076,#4060,#4045,#4032,#4024,#4016,#4008,#4000,#3992,#3981,#3970,#3962,#3954,#3946,#3938,#3930,#3919,#3908,#3900,#3892,#3884,#3874,#3861,#3853,#3844,#3836,#3828,#3817,#3804,#3791,#3778,#3762,#3746,#3733,#3725,#3714,#3706,#3694,#3686,#3674,#3664,#3650,#3639,#3627,#3616,#3606,#3590,#3576,#3564,#3556,#3544,#3536,#3528,#3517,#3506,#3496,#3483,#3470,#3454,#3439,#3424,#3409,#3397,#3389,#3378,#3367,#3356,#3345,#3334,#3323,#3315,#3304,#3293,#3281,#3270,#3259,#3248,#3239,#3228,#3217,#3206,#3198,#3187,#3176,#3165,#3154,#3143,#3132,#3121,#3108,#3093,#3078,#3062,#3047,#3032,#3017,#3009,#3001,#2993,#2983,#2971,#2959,#2948,#2940,#2932,#2924,#2916,#2908,#2900,#2892,#2884,#2872,#2864,#2856,#2846,#2831,#2816,#2800,#2783,#2770,#2756,#2740,#2724,#2707,#2693,#2685,#2677,#2669,#2661,#2653,#2645,#2635,#2624,#2616,#2608,#2600,#2590,#2575,#2559,#2545,#2532,#2524,#2516,#2506,#2492,#2479,#2463,#2449,#2435,#2419,#2406,#2395,#2382,#2366,#2346,#2331,#2033,#1964,#1897,#1813,#1553,#1484,#1417,#1109,#1040,#943,#299,#291,#283,#275,#267,#259,#251,#243,#235,#227,#219,#209,#199,#191,#181,#168,#160,#152,#144,#134,#120,#108,#95,#69),#80);
#6504= IFCRELDEFINESBYPROPERTIES('0hQYbV6dD558iy1K0663N3',#5,$,$,(#6126,#6118,#6108,#6093,#6085,#6077,#6062,#6049,#6036,#6021,#6006,#5991,#5976,#5961,#5945,#5933,#5918,#5903,#5888,#5873,#5860,#5850,#5834,#5824,#5814,#5804,#5789,#5776,#5766,#5751,#5740,#5729,#5718,#5710,#5699,#5686,#5671,#5656,#5641,#5628,#5618,#5602,#5586,#5572,#5559,#5546,#5531,#5512,#5484,#5467,#5452,#5439,#5431,#5418,#5403,#5385,#5332,#5317,#5306,#5295,#5284,#5270,#5256,#5243,#5228,#5213,#5198,#5183,#5168,#5153,#5138,#5123,#5108,#5093,#5078,#5065,#5057,#5044,#5029,#5016,#5006,#4993,#4980,#4967,#4954,#4939,#4924,#4909,#4894,#4879,#4866,#4852,#4836,#4821,#4806,#4790,#4777,#4764,#4751,#4743,#4730,#4715,#4700,#4687,#4673,#4658,#4642,#4627,#4612,#4585,#4563,#4547,#4527,#4497,#4480,#4464,#4449,#4436,#4428,#4417,#4407,#4392,#4377,#4362,#4332,#4315,#4300,#4285,#4270,#4255,#4239,#4224,#4208,#4193,#4178,#4162,#4147,#4132,#4123,#4114,#4104,#4089,#4076,#4060,#4045,#4032,#4024,#4016,#4008,#4000,#3992,#3981,#3970,#3962,#3954,#3946,#3938,#3930,#3919,#3908,#3900,#3892,#3884,#3874,#3861,#3853,#3844,#3836,#3828,#3817,#3804,#3791,#3778,#3762,#3746,#3733,#3725,#3714,#3706,#3694,#3686,#3674,#3664,#3650,#3639,#3627,#3616,#3606,#3590,#3576,#3564,#3556,#3544,#3536,#3528,#3517,#3506,#3496,#3483,#3470,#3454,#3439,#3424,#3409,#3397,#3389,#3378,#3367,#3356,#3345,#3334,#3323,#3315,#3304,#3293,#3281,#3270,#3259,#3248,#3239,#3228,#3217,#3206,#3198,#3187,#3176,#3165,#3154,#3143,#3132,#3121,#3108,#3093,#3078,#3062,#3047,#3032,#3017,#3009,#3001,#2993,#2983,#2971,#2959,#2948,#2940,#2932,#2924,#2916,#2908,#2900,#2892,#2884,#2872,#2864,#2856,#2846,#2831,#2816,#2800,#2783,#2770,#2756,#2740,#2724,#2707,#2693,#2685,#2677,#2669,#2661,#2653,#2645,#2635,#2624,#2616,#2608,#2600,#2590,#2575,#2559,#2545,#2532,#2524,#2516,#2506,#2492,#2479,#2463,#2449,#2435,#2419,#2406,#2395,#2382,#2366,#2346,#2331,#2033,#1964,#1897,#1813,#1553,#1484,#1417,#1109,#1040,#943,#299,#291,#283,#275,#267,#259,#251,#243,#235,#227,#219,#209,#199,#191,#181,#168,#160,#152,#144,#134,#120,#108,#95,#69),#81);
#6505= IFCRELDEFINESBYPROPERTIES('3y8Ubv7on7r9tgmgGRnrLV',#5,$,$,(#2687,#84),#86);
#6506= IFCRELDEFINESBYPROPERTIES('0q9_uUEWD2d9B9ex6PNQ0Y',#5,$,$,(#2693,#95),#97);
#6507= IFCRELDEFINESBYPROPERTIES('277ttlhIbEIf1NILcQ4eX9',#5,$,$,(#138,#110),#112);
#6508= IFCRELDEFINESBYPROPERTIES('3GvFyPkDbC4uZMa688KiBN',#5,$,$,(#144,#120),#122);
#6509= IFCRELDEFINESBYPROPERTIES('17uoTBmVn2$QiU0jnspHEJ',#5,$,$,(#162,#154,#146,#124),#126);
#6510= IFCRELDEFINESBYPROPERTIES('25Dpkl0uv7IAwVTk54NV2J',#5,$,$,(#168,#160,#152,#134),#136);
#6511= IFCRELDEFINESBYPROPERTIES('0$gdmz5DLCbg9$5aWRPodx',#5,$,$,(#2671,#2663,#2655,#2647,#2639,#293,#285,#277,#269,#261,#253,#245,#237,#193,#185,#171),#173);
#6512= IFCRELDEFINESBYPROPERTIES('1D41jy2ezE1wGg6ZKJzXKx',#5,$,$,(#2677,#2669,#2661,#2653,#2645,#299,#291,#283,#275,#267,#259,#251,#243,#199,#191,#181),#183);
#6513= IFCRELDEFINESBYPROPERTIES('313Rnqizj84hErYoccNhfI',#5,$,$,(#2942,#2934,#2926,#2918,#2910,#2902,#2894,#2886,#229,#221,#213,#201),#203);
#6514= IFCRELDEFINESBYPROPERTIES('3t9nAEEg9ApO94CHeWHQ94',#5,$,$,(#2948,#2940,#2932,#2924,#2916,#2908,#2900,#2892,#235,#227,#219,#209),#211);
#6515= IFCRELDEFINESBYPROPERTIES('2wCYkbQ6T339JgPvrYF4I7',#5,$,$,(#302),#304);
#6516= IFCRELDEFINESBYPROPERTIES('2eJIKtjpH3vuk2qxpx_Jq$',#5,$,$,(#2056,#1975,#1906,#1839,#1582,#1495,#1426,#1142,#1051,#956,#352),#359);
#6517= IFCRELDEFINESBYPROPERTIES('1hlrgH_1n8m8PZ3GmrqxJd',#5,$,$,(#2056,#1975,#1906,#1839,#1582,#1495,#1426,#1142,#1051,#956,#352),#362);
#6518= IFCRELDEFINESBYPROPERTIES('115YqxgNDF1f_RHLC80Ts0',#5,$,$,(#2056,#1975,#1906,#1839,#1582,#1495,#1426,#1142,#1051,#956,#352),#367);
#6519= IFCRELDEFINESBYPROPERTIES('0BbrOTyZ9Ae9jdi2fqbGLZ',#5,$,$,(#2058,#1977,#1908,#1841,#1584,#1497,#1428,#1144,#1053,#958,#370),#372);
#6520= IFCRELDEFINESBYPROPERTIES('0Mb7LeVPz56vYscaXlzUJc',#5,$,$,(#550),#567);
#6521= IFCRELDEFINESBYPROPERTIES('2GsjtJ91TFuRFqnHokOIwF',#5,$,$,(#574),#576);
#6522= IFCRELDEFINESBYPROPERTIES('2D6b3Tbkz2cBRFfqBDE3Ux',#5,$,$,(#631),#637);
#6523= IFCRELDEFINESBYPROPERTIES('1HYlO5mA56GRMIwj3lA01M',#5,$,$,(#5535,#5516,#5496,#5389,#5368,#5344,#4597,#4567,#4531,#4509,#4344,#2310,#2014,#1945,#1878,#1791,#1534,#1465,#1396,#1090,#1021,#661),#667);
#6524= IFCRELDEFINESBYPROPERTIES('22DxpvTNv8whz57AFEpf9K',#5,$,$,(#2306,#2010,#1941,#1874,#1787,#1530,#1461,#1392,#1086,#1017,#648),#671);
#6525= IFCRELDEFINESBYPROPERTIES('0CpFxapIj6T9VMmx8BSq4C',#5,$,$,(#6126,#6118,#6108,#6077,#6062,#6049,#6036,#6021,#6006,#5991,#5976,#5961,#5918,#5903,#5888,#5873,#5860,#5850,#5814,#5804,#5789,#5776,#5766,#5751,#5740,#5729,#5718,#5710,#5699,#5686,#5671,#5656,#5641,#5628,#5618,#5602,#5586,#5572,#5559,#5546,#5531,#5512,#5484,#5467,#5452,#5439,#5431,#5418,#5403,#5385,#5364,#5332,#5317,#5306,#5295,#5284,#5270,#5256,#5243,#5228,#5213,#5198,#5183,#5168,#5153,#5138,#5123,#5108,#5093,#5078,#5065,#5057,#5044,#5029,#5016,#5006,#4993,#4980,#4967,#4954,#4939,#4924,#4909,#4894,#4879,#4866,#4852,#4836,#4821,#4806,#4790,#4777,#4764,#4751,#4743,#4730,#4715,#4700,#4687,#4673,#4658,#4642,#4627,#4612,#4585,#4563,#4547,#4527,#4497,#4480,#4464,#4449,#4436,#4428,#4417,#4407,#4392,#4377,#4362,#4332,#4315,#4300,#4285,#4270,#4255,#4239,#4224,#4208,#4193,#4178,#4162,#4147,#4132,#4123,#4114,#4104,#4089,#4076,#4060,#4045,#4032,#4024,#4016,#4008,#4000,#3992,#3981,#3970,#3962,#3954,#3946,#3938,#3930,#3919,#3908,#3900,#3892,#3884,#3874,#3861,#3853,#3844,#3836,#3828,#3817,#3804,#3791,#3778,#3762,#3746,#3733,#3725,#3714,#3706,#3694,#3686,#3674,#3664,#3650,#3639,#3627,#3616,#3606,#3590,#3576,#3564,#3556,#3544,#3536,#3528,#3517,#3506,#3496,#3483,#3470,#3454,#3439,#3424,#3409,#3397,#3389,#3378,#3367,#3356,#3345,#3334,#3323,#3315,#3304,#3293,#3281,#3270,#3259,#3248,#3239,#3228,#3217,#3206,#3198,#3187,#3176,#3165,#3154,#3143,#3132,#3121,#3108,#3093,#3078,#3062,#3047,#3032,#2331,#2324,#2318,#2306,#2033,#2027,#2021,#2010,#1964,#1958,#1952,#1941,#1897,#1891,#1885,#1874,#1813,#1806,#1800,#1787,#1553,#1547,#1541,#1530,#1484,#1478,#1472,#1461,#1417,#1410,#1404,#1392,#1109,#1103,#1097,#1086,#1040,#1034,#1028,#1017,#943,#932,#923,#648),#674);
#6526= IFCRELDEFINESBYPROPERTIES('3hZBCbUgf3n9Q1IFxE6obg',#5,$,$,(#2324,#2318,#2027,#2021,#1958,#1952,#1891,#1885,#1806,#1800,#1547,#1541,#1478,#1472,#1410,#1404,#1103,#1097,#1034,#1028,#932,#923),#926);
#6527= IFCRELDEFINESBYPROPERTIES('3wdJ7VYMrFI8oRjLMa6qsV',#5,$,$,(#2331,#2033,#1964,#1897,#1813,#1553,#1484,#1417,#1109,#1040,#943),#945);
#6528= IFCRELDEFINESBYPROPERTIES('1YrBi4861C7x9Q5WhxjsRJ',#5,$,$,(#1815,#1419,#947),#949);
#6529= IFCRELDEFINESBYPROPERTIES('0KXm6_96zAzxDSA7gFnOLM',#5,$,$,(#965),#967);
#6530= IFCRELDEFINESBYPROPERTIES('3cwTIk_Qj4MuNUh$ERhHs3',#5,$,$,(#974),#976);
#6531= IFCRELDEFINESBYPROPERTIES('1JnRehVTTFbP33oeJuyIYS',#5,$,$,(#1009),#1011);
#6532= IFCRELDEFINESBYPROPERTIES('0D30ZtOgn8IhBS7EkeCfmD',#5,$,$,(#1899,#1111,#1042),#1044);
#6533= IFCRELDEFINESBYPROPERTIES('10hakW3Dz6TOH6Fn5fOBhW',#5,$,$,(#1060),#1062);
#6534= IFCRELDEFINESBYPROPERTIES('1TFvjTjfXB4Re3Tp1CNWC5',#5,$,$,(#1069),#1071);
#6535= IFCRELDEFINESBYPROPERTIES('0Leu15nh16MuibwjcvNW_x',#5,$,$,(#1078),#1080);
#6536= IFCRELDEFINESBYPROPERTIES('297SG0MR52yBEfB85IiR5v',#5,$,$,(#1320),#1322);
#6537= IFCRELDEFINESBYPROPERTIES('3_HztYjxb1NO4e3ufd9RYY',#5,$,$,(#1329),#1331);
#6538= IFCRELDEFINESBYPROPERTIES('3JJhvPwQT9tesP6yum28bE',#5,$,$,(#1383),#1385);
#6539= IFCRELDEFINESBYPROPERTIES('1VsLXAPdP4Ifzecx8LKK5N',#5,$,$,(#1435),#1437);
#6540= IFCRELDEFINESBYPROPERTIES('2zxGokWUDCFP57MHOqJRYU',#5,$,$,(#1444),#1446);
#6541= IFCRELDEFINESBYPROPERTIES('0WOmJTOfHE88H8_Rz626MF',#5,$,$,(#1453),#1455);
#6542= IFCRELDEFINESBYPROPERTIES('11Lfx3n8X9YOnDueADeRgT',#5,$,$,(#1486),#1488);
#6543= IFCRELDEFINESBYPROPERTIES('0RV9ft3In3E9NgNzoHid2f',#5,$,$,(#1504),#1506);
#6544= IFCRELDEFINESBYPROPERTIES('3IgBGqUbn0HBLQOKrcGAfX',#5,$,$,(#1513),#1515);
#6545= IFCRELDEFINESBYPROPERTIES('2RDqXIOyP9JAL6qeV7qWSt',#5,$,$,(#1522),#1524);
#6546= IFCRELDEFINESBYPROPERTIES('2Ewm4nIHr69vUOaFQuf8ya',#5,$,$,(#1555),#1557);
#6547= IFCRELDEFINESBYPROPERTIES('0C3jhnv8fBHQOU5joujoGf',#5,$,$,(#1760),#1762);
#6548= IFCRELDEFINESBYPROPERTIES('2Wf0hWXZ54Mx521J1I9nPw',#5,$,$,(#1769),#1771);
#6549= IFCRELDEFINESBYPROPERTIES('2LlMl4T698yPuY$w72xshG',#5,$,$,(#1778),#1780);
#6550= IFCRELDEFINESBYPROPERTIES('0W274Pus54jvaob7IM64ib',#5,$,$,(#1848),#1850);
#6551= IFCRELDEFINESBYPROPERTIES('3W$lLasU91GeH2iPuFx4Hj',#5,$,$,(#1857),#1859);
#6552= IFCRELDEFINESBYPROPERTIES('15PR6IP693Chv540Gx6akE',#5,$,$,(#1866),#1868);
#6553= IFCRELDEFINESBYPROPERTIES('1vu46aO1LBYuB8Xo6i9ix0',#5,$,$,(#1915),#1917);
#6554= IFCRELDEFINESBYPROPERTIES('0lYLf9_XH8Eg_w7s4QgES2',#5,$,$,(#1924),#1926);
#6555= IFCRELDEFINESBYPROPERTIES('2xjqfZqDn1582s2dxVMovr',#5,$,$,(#1933),#1935);
#6556= IFCRELDEFINESBYPROPERTIES('3_B4KKmgn95OW1q8A5VO8E',#5,$,$,(#1966),#1968);
#6557= IFCRELDEFINESBYPROPERTIES('0tXM4esXfA2B0zMAI4I9kp',#5,$,$,(#1984),#1986);
#6558= IFCRELDEFINESBYPROPERTIES('2BdchICl50pw1zmrkGzu_3',#5,$,$,(#1993),#1995);
#6559= IFCRELDEFINESBYPROPERTIES('1OwmaZP8r7b9bwcKMJLqh1',#5,$,$,(#2002),#2004);
#6560= IFCRELDEFINESBYPROPERTIES('1blGsTzyjF6x2n$ISJdb4F',#5,$,$,(#2035),#2037);
#6561= IFCRELDEFINESBYPROPERTIES('2Lx47cg4rFfv4Snm2k0_a9',#5,$,$,(#2234),#2236);
#6562= IFCRELDEFINESBYPROPERTIES('3TLdlJOu5CpwTXnYI9Tp0Z',#5,$,$,(#2243),#2245);
#6563= IFCRELDEFINESBYPROPERTIES('22pKXPRgXFYvo1lfoCEF0L',#5,$,$,(#2297),#2299);
#6564= IFCRELDEFINESBYPROPERTIES('13vTNd6hL56eiYeTprtXTo',#5,$,$,(#2386,#2333),#2335);
#6565= IFCRELDEFINESBYPROPERTIES('0kAYkyYWnCvBE6RANXzII_',#5,$,$,(#2395,#2346),#2349);
#6566= IFCRELDEFINESBYPROPERTIES('3WgPSNZ3H7gPhreQcd3c9I',#5,$,$,(#6093,#6085,#5945,#5933,#5834,#5824,#2884,#2872,#2864,#2856,#2846,#2831,#2816,#2800,#2783,#2770,#2756,#2740,#2724,#2707,#2635,#2624,#2616,#2608,#2600,#2590,#2575,#2559,#2545,#2532,#2524,#2516,#2506,#2492,#2479,#2463,#2449,#2435,#2419,#2406,#2395,#2382,#2366,#2346),#2351);
#6567= IFCRELDEFINESBYPROPERTIES('21u1jpHxXCav5o4RWNLZM4',#5,$,$,(#2874,#2397,#2354),#2356);
#6568= IFCRELDEFINESBYPROPERTIES('1ARiSkL_D0Dvc_X1kCBwyc',#5,$,$,(#2884,#2406,#2366),#2368);
#6569= IFCRELDEFINESBYPROPERTIES('144TP6aDL6ovCgDyNxvC7Z',#5,$,$,(#2370),#2372);
#6570= IFCRELDEFINESBYPROPERTIES('1wQvRds9z6JRS_UQFW4pu$',#5,$,$,(#2382),#2384);
#6571= IFCRELDEFINESBYPROPERTIES('2MkCjXqkT5TQhjbJH32oHy',#5,$,$,(#2408),#2410);
#6572= IFCRELDEFINESBYPROPERTIES('155ZvCYhb3PwfK8CV$hS$F',#5,$,$,(#2419),#2421);
#6573= IFCRELDEFINESBYPROPERTIES('09iv1sm4PDaOSjEu5K3swE',#5,$,$,(#2439,#2423),#2425);
#6574= IFCRELDEFINESBYPROPERTIES('09I0bxe$D86h0oJiR94RHc',#5,$,$,(#2449,#2435),#2437);
#6575= IFCRELDEFINESBYPROPERTIES('0udEI7vJP2xQdjOBrQ5sFf',#5,$,$,(#2451),#2453);
#6576= IFCRELDEFINESBYPROPERTIES('1vaRQDJbL7hAE1FydxGZ99',#5,$,$,(#2463),#2465);
#6577= IFCRELDEFINESBYPROPERTIES('0wQaGBKEHCuO2fIXS4oKpu',#5,$,$,(#2483,#2467),#2469);
#6578= IFCRELDEFINESBYPROPERTIES('23RayZvBrBZAFjpdGu2yqh',#5,$,$,(#2492,#2479),#2481);
#6579= IFCRELDEFINESBYPROPERTIES('0idM1s0GP8nvHRyhVVHCZs',#5,$,$,(#2526,#2518,#2510,#2494),#2496);
#6580= IFCRELDEFINESBYPROPERTIES('3Cmbd1zeb4$RS6w$KaqbyJ',#5,$,$,(#2532,#2524,#2516,#2506),#2508);
#6581= IFCRELDEFINESBYPROPERTIES('0RAJfe6PL3exziCWExRa1d',#5,$,$,(#2534),#2536);
#6582= IFCRELDEFINESBYPROPERTIES('1xYKQPTQXCke$a5rBexq9f',#5,$,$,(#2545),#2547);
#6583= IFCRELDEFINESBYPROPERTIES('3017$jsnD94fI_qGvY75Gn',#5,$,$,(#2549),#2551);
#6584= IFCRELDEFINESBYPROPERTIES('2ua6DevfLAgx1$tv3cOWEA',#5,$,$,(#2559),#2561);
#6585= IFCRELDEFINESBYPROPERTIES('0oXD5qZJfFDhiANkSOzm2u',#5,$,$,(#2563),#2565);
#6586= IFCRELDEFINESBYPROPERTIES('0FbiLzUPH4IfrBIkXe_j$0',#5,$,$,(#2575),#2577);
#6587= IFCRELDEFINESBYPROPERTIES('0g2CCidMT8uPgp1ge4qeAc',#5,$,$,(#2618,#2610,#2602,#2594,#2579),#2581);
#6588= IFCRELDEFINESBYPROPERTIES('19yWLOfFv108uaYTJVh6vJ',#5,$,$,(#2624,#2616,#2608,#2600,#2590),#2592);
#6589= IFCRELDEFINESBYPROPERTIES('0ridHBwzz2GAw_lbWgL25O',#5,$,$,(#2626),#2628);
#6590= IFCRELDEFINESBYPROPERTIES('11dqrwSv12TBEv2hgssv6M',#5,$,$,(#2635),#2637);
#6591= IFCRELDEFINESBYPROPERTIES('3VJqPGfIfCCfdvbblzvPW$',#5,$,$,(#2850,#2695),#2697);
#6592= IFCRELDEFINESBYPROPERTIES('2KE7i9myHBLuOlJpJSJ5gP',#5,$,$,(#2856,#2707),#2709);
#6593= IFCRELDEFINESBYPROPERTIES('2T5wzKrT5CBOr_i2Zj5aVy',#5,$,$,(#2760,#2711),#2713);
#6594= IFCRELDEFINESBYPROPERTIES('22Aoitit1AMwGYOBXRfUFE',#5,$,$,(#2770,#2724),#2726);
#6595= IFCRELDEFINESBYPROPERTIES('1OXS0tTBv56BPVthxi8c$R',#5,$,$,(#2728),#2730);
#6596= IFCRELDEFINESBYPROPERTIES('2nYvyEpmT4pwzqELgky4Ap',#5,$,$,(#2740),#2742);
#6597= IFCRELDEFINESBYPROPERTIES('1J8dnQ53X7VvjEpM_TATqu',#5,$,$,(#2744),#2746);
#6598= IFCRELDEFINESBYPROPERTIES('04SuJpTaD2XflIg2ijNnib',#5,$,$,(#2756),#2758);
#6599= IFCRELDEFINESBYPROPERTIES('2a1VTlhnv3ORGw43wnk2Sl',#5,$,$,(#2858,#2772),#2774);
#6600= IFCRELDEFINESBYPROPERTIES('0hzr$r7KL9GQt0h1nBwxRb',#5,$,$,(#2864,#2783),#2785);
#6601= IFCRELDEFINESBYPROPERTIES('29bzNtcsf3h9pAXu6$WWnQ',#5,$,$,(#2866,#2787),#2789);
#6602= IFCRELDEFINESBYPROPERTIES('0wRamVCEPCMPmZLDcUIn2q',#5,$,$,(#2872,#2800),#2802);
#6603= IFCRELDEFINESBYPROPERTIES('1PRbAMlUf8cfeZBmziwx2l',#5,$,$,(#2804),#2806);
#6604= IFCRELDEFINESBYPROPERTIES('0YrXWmq1T4JRdwxi46Iz92',#5,$,$,(#2816),#2818);
#6605= IFCRELDEFINESBYPROPERTIES('21gGq_UWHEq9M_lGLMyuH3',#5,$,$,(#2820),#2822);
#6606= IFCRELDEFINESBYPROPERTIES('0duaaMePfBNxsI$T$loavZ',#5,$,$,(#2831),#2833);
#6607= IFCRELDEFINESBYPROPERTIES('1dc9SfYLH1hOGNuYRi7BaI',#5,$,$,(#2835),#2837);
#6608= IFCRELDEFINESBYPROPERTIES('2XsgV3L9n7ivP$gS7iCoZO',#5,$,$,(#2846),#2848);
#6609= IFCRELDEFINESBYPROPERTIES('1gNTPNepnBOfows1g2bC34',#5,$,$,(#2951),#2953);
#6610= IFCRELDEFINESBYPROPERTIES('2yTCqZM1zCJPG8VwmgCRni',#5,$,$,(#2959),#2961);
#6611= IFCRELDEFINESBYPROPERTIES('1TDKqEaTnAee7fCxH5QMII',#5,$,$,(#2987,#2963),#2965);
#6612= IFCRELDEFINESBYPROPERTIES('0gKS8nTr16lewznNC_KJ1o',#5,$,$,(#2993,#2971),#2973);
#6613= IFCRELDEFINESBYPROPERTIES('1sY9hAhBb8Fez7C3a6n7RT',#5,$,$,(#3011,#3003,#2995,#2975),#2977);
#6614= IFCRELDEFINESBYPROPERTIES('0Ou$b493z2pRmotFdCvMcG',#5,$,$,(#3017,#3009,#3001,#2983),#2985);
#6615= IFCRELDEFINESBYPROPERTIES('36fJRd5BzFbg26xhglaqOx',#5,$,$,(#3020),#3022);
#6616= IFCRELDEFINESBYPROPERTIES('3KR50XAAv2W9PZAEY8hdua',#5,$,$,(#3032),#3034);
#6617= IFCRELDEFINESBYPROPERTIES('2TbIWZRif7PBgwqYDxaxXj',#5,$,$,(#4080,#3036),#3038);
#6618= IFCRELDEFINESBYPROPERTIES('0q$pQWOnX5Vhag5JkASOh3',#5,$,$,(#4089,#3047),#3049);
#6619= IFCRELDEFINESBYPROPERTIES('3fI5XjhWrBT8vim0jL_rU_',#5,$,$,(#3051),#3053);
#6620= IFCRELDEFINESBYPROPERTIES('2PHDdYD$T2o8AURK8HFn74',#5,$,$,(#3062),#3064);
#6621= IFCRELDEFINESBYPROPERTIES('3xyzkAQKT8AuFtQQLCZszV',#5,$,$,(#3066),#3068);
#6622= IFCRELDEFINESBYPROPERTIES('1$01XUuKr4CApKnPyc1nGV',#5,$,$,(#3078),#3080);
#6623= IFCRELDEFINESBYPROPERTIES('22uPINHCr19RfrJm$0zibp',#5,$,$,(#3399,#3391,#3082),#3084);
#6624= IFCRELDEFINESBYPROPERTIES('3UJwuJZcH6eB_wdG$Md_Cp',#5,$,$,(#3409,#3397,#3093),#3095);
#6625= IFCRELDEFINESBYPROPERTIES('2hcjmuvpr7f8l9D$l0nQB4',#5,$,$,(#3380,#3369,#3358,#3347,#3336,#3325,#3317,#3306,#3295,#3283,#3272,#3261,#3250,#3241,#3230,#3219,#3208,#3200,#3189,#3178,#3167,#3156,#3145,#3134,#3123,#3112,#3097),#3099);
#6626= IFCRELDEFINESBYPROPERTIES('2l0bMmpCXAwxxx7kjV1IXU',#5,$,$,(#3389,#3378,#3367,#3356,#3345,#3334,#3323,#3315,#3304,#3293,#3281,#3270,#3259,#3248,#3239,#3228,#3217,#3206,#3198,#3187,#3176,#3165,#3154,#3143,#3132,#3121,#3108),#3110);
#6627= IFCRELDEFINESBYPROPERTIES('0SnkOQZrX0Eexaj1eYP$bo',#5,$,$,(#3411),#3413);
#6628= IFCRELDEFINESBYPROPERTIES('0qRlCrAJbCPgt79dlFa7$s',#5,$,$,(#3424),#3426);
#6629= IFCRELDEFINESBYPROPERTIES('2GMdWG6wzFTeHaANhg_Ztm',#5,$,$,(#3610,#3566,#3428),#3430);
#6630= IFCRELDEFINESBYPROPERTIES('3v1OQFN0D8zvs8WdJ$iKIU',#5,$,$,(#3616,#3576,#3439),#3441);
#6631= IFCRELDEFINESBYPROPERTIES('3nBWt9xoXBYRRJgkCR6MS5',#5,$,$,(#3618,#3443),#3445);
#6632= IFCRELDEFINESBYPROPERTIES('1zuLp9FKvEc8FOY_HWRPE6',#5,$,$,(#3627,#3454),#3456);
#6633= IFCRELDEFINESBYPROPERTIES('2uV0TM3_5DPxphRFExtpVu',#5,$,$,(#3727,#3708,#3688,#3676,#3668,#3641,#3558,#3538,#3519,#3500,#3474,#3458),#3460);
#6634= IFCRELDEFINESBYPROPERTIES('1KNzPag3P4qOGv3m2NQvc4',#5,$,$,(#3733,#3714,#3694,#3686,#3674,#3650,#3564,#3544,#3528,#3506,#3483,#3470),#3472);
#6635= IFCRELDEFINESBYPROPERTIES('2uwApvEYb0Q8isLVde6_XQ',#5,$,$,(#3716,#3629,#3546,#3530,#3508,#3485),#3487);
#6636= IFCRELDEFINESBYPROPERTIES('31a2G04f97DABze$sQ0qDT',#5,$,$,(#3725,#3639,#3556,#3536,#3517,#3496),#3498);
#6637= IFCRELDEFINESBYPROPERTIES('2gIceLNdf9U95qyIxpPr$h',#5,$,$,(#3578),#3580);
#6638= IFCRELDEFINESBYPROPERTIES('2bB3mSxVT7IgWRbn7Hrbh8',#5,$,$,(#3590),#3592);
#6639= IFCRELDEFINESBYPROPERTIES('1sk9s56lz87wFpnsPCm1cD',#5,$,$,(#3594),#3596);
#6640= IFCRELDEFINESBYPROPERTIES('0UxJ1JyGv3jufCin47WL0_',#5,$,$,(#3606),#3608);
#6641= IFCRELDEFINESBYPROPERTIES('18djiSGGf6yfyhla06XqYa',#5,$,$,(#3696,#3652),#3654);
#6642= IFCRELDEFINESBYPROPERTIES('0t8mrl6Un5l9lk0n7GFBZm',#5,$,$,(#3706,#3664),#3666);
#6643= IFCRELDEFINESBYPROPERTIES('0YaTF1UFn1FPnTvtTYnJny',#5,$,$,(#3735),#3737);
#6644= IFCRELDEFINESBYPROPERTIES('1_o8nAOvv5RQffJpev6Pd1',#5,$,$,(#3746),#3748);
#6645= IFCRELDEFINESBYPROPERTIES('1VSZjEwenDPfWBS6HdVq7B',#5,$,$,(#3750),#3752);
#6646= IFCRELDEFINESBYPROPERTIES('10tK_vA$n5rezpvvPQPQUo',#5,$,$,(#3762),#3764);
#6647= IFCRELDEFINESBYPROPERTIES('09v2vLznbFBvdCBTyOODnN',#5,$,$,(#3782,#3766),#3768);
#6648= IFCRELDEFINESBYPROPERTIES('3nPdWI7NnFMfgvZPgYExN7',#5,$,$,(#3791,#3778),#3780);
#6649= IFCRELDEFINESBYPROPERTIES('2_RceI$bT17gQfsPSOGN9J',#5,$,$,(#4026,#4018,#4010,#4002,#3994,#3983,#3964,#3956,#3948,#3940,#3932,#3921,#3910,#3902,#3894,#3886,#3878,#3855,#3846,#3838,#3830,#3819,#3808,#3793),#3795);
#6650= IFCRELDEFINESBYPROPERTIES('2BsPg991HAYvz4pAFBMI8i',#5,$,$,(#4032,#4024,#4016,#4008,#4000,#3992,#3970,#3962,#3954,#3946,#3938,#3930,#3919,#3908,#3900,#3892,#3884,#3861,#3853,#3844,#3836,#3828,#3817,#3804),#3806);
#6651= IFCRELDEFINESBYPROPERTIES('1qjsrpkMH80hxPBB3ZfafN',#5,$,$,(#3972,#3863),#3865);
#6652= IFCRELDEFINESBYPROPERTIES('1$g1XqpULCog1oqCWQOd3E',#5,$,$,(#3981,#3874),#3876);
#6653= IFCRELDEFINESBYPROPERTIES('1yPA7KSIHC9Q$VC4bv5Ly_',#5,$,$,(#4034),#4036);
#6654= IFCRELDEFINESBYPROPERTIES('0t4mQFYtr4teQKmWx_HpO3',#5,$,$,(#4045),#4047);
#6655= IFCRELDEFINESBYPROPERTIES('0OmwoQy814qxoYD6XDxg1N',#5,$,$,(#4049),#4051);
#6656= IFCRELDEFINESBYPROPERTIES('2CiFZqbzr8bwvW9lyGzO0Y',#5,$,$,(#4060),#4062);
#6657= IFCRELDEFINESBYPROPERTIES('3uMH1P06vEAw6GPGjChqp$',#5,$,$,(#4064),#4066);
#6658= IFCRELDEFINESBYPROPERTIES('0U0n5hUcX1GPsPu$Cq5CUZ',#5,$,$,(#4076),#4078);
#6659= IFCRELDEFINESBYPROPERTIES('1J7RtIMuP61eE_PKLbOqqD',#5,$,$,(#4126,#4117,#4108,#4092),#4094);
#6660= IFCRELDEFINESBYPROPERTIES('0G8ljIOYfEMPLMEeLFJXmc',#5,$,$,(#4132,#4123,#4114,#4104),#4106);
#6661= IFCRELDEFINESBYPROPERTIES('1fx9eAsNTAWhKQU6NC0ZEK',#5,$,$,(#4135),#4137);
#6662= IFCRELDEFINESBYPROPERTIES('1obWSYpEXEnPsO9NJ77l3m',#5,$,$,(#4147),#4149);
#6663= IFCRELDEFINESBYPROPERTIES('1MQyeXrnDAZg2Slug6nGN1',#5,$,$,(#4151),#4153);
#6664= IFCRELDEFINESBYPROPERTIES('1thgaW8XTDcxF_q0K1_Xt0',#5,$,$,(#4162),#4164);
#6665= IFCRELDEFINESBYPROPERTIES('0gQpOghcf4EAfNfo$EXTVQ',#5,$,$,(#5731,#4166),#4168);
#6666= IFCRELDEFINESBYPROPERTIES('1Xk6u8P9v7zAGGzefiGTi_',#5,$,$,(#5740,#4178),#4180);
#6667= IFCRELDEFINESBYPROPERTIES('21wjdgDVv2SQKz$3qdjPk9',#5,$,$,(#5274,#4182),#4184);
#6668= IFCRELDEFINESBYPROPERTIES('02HAIa0DP94u5sXUXAI_K5',#5,$,$,(#5284,#4193),#4195);
#6669= IFCRELDEFINESBYPROPERTIES('3Ncd208sv6bQB8GNTQPuJ_',#5,$,$,(#5720,#5247,#4197),#4199);
#6670= IFCRELDEFINESBYPROPERTIES('1kHfNY6CXBKuZy8QOnkD4Q',#5,$,$,(#5729,#5256,#4208),#4210);
#6671= IFCRELDEFINESBYPROPERTIES('0ZbUClaGXF5AeFnFYIARPH',#5,$,$,(#4212),#4214);
#6672= IFCRELDEFINESBYPROPERTIES('1Ob3zRWej4MPlZ48tjdy48',#5,$,$,(#4224),#4226);
#6673= IFCRELDEFINESBYPROPERTIES('18h6$roeL6jvL6xPY1Jaft',#5,$,$,(#5690,#4958,#4228),#4230);
#6674= IFCRELDEFINESBYPROPERTIES('3wU4Beh1v7UBxRtZigCZXX',#5,$,$,(#5699,#4967,#4239),#4241);
#6675= IFCRELDEFINESBYPROPERTIES('0YNfLH02n1Evt_I9jcshNs',#5,$,$,(#5854,#5712,#5701,#5563,#5286,#4243),#4245);
#6676= IFCRELDEFINESBYPROPERTIES('0vQ6NGrtH1Vf0Td734sEHD',#5,$,$,(#5860,#5718,#5710,#5572,#5295,#4255),#4257);
#6677= IFCRELDEFINESBYPROPERTIES('2gVD6Po5zABxnSNTEg4ZD$',#5,$,$,(#4259),#4261);
#6678= IFCRELDEFINESBYPROPERTIES('1d3c9u61n2nu6UGrPa9qx2',#5,$,$,(#4270),#4272);
#6679= IFCRELDEFINESBYPROPERTIES('03D6vCiM11zh442Q9w3eH1',#5,$,$,(#5540,#5308,#5297,#4274),#4276);
#6680= IFCRELDEFINESBYPROPERTIES('3jv_kSQWbA_Bb7Yijpj$CV',#5,$,$,(#5546,#5317,#5306,#4285),#4287);
#6681= IFCRELDEFINESBYPROPERTIES('1oFXHLOV14V8dPHXDKnelJ',#5,$,$,(#4745,#4734,#4289),#4291);
#6682= IFCRELDEFINESBYPROPERTIES('0SbrnP1Of2OQi2JiKOB8k2',#5,$,$,(#4751,#4743,#4300),#4302);
#6683= IFCRELDEFINESBYPROPERTIES('2KWdPt4UfEthkOqdQpx7TT',#5,$,$,(#4304),#4306);
#6684= IFCRELDEFINESBYPROPERTIES('2m56pBNu58MQpQ0KilzjfO',#5,$,$,(#4315),#4317);
#6685= IFCRELDEFINESBYPROPERTIES('23qunW8m1BPBRBDlISr7NA',#5,$,$,(#4332),#4347);
#6686= IFCRELDEFINESBYPROPERTIES('3qPHxTAMD0FxVkmkggHik7',#5,$,$,(#4332),#4349);
#6687= IFCRELDEFINESBYPROPERTIES('0v$qNTn$f1bhl731hvJ$E0',#5,$,$,(#4768,#4351),#4353);
#6688= IFCRELDEFINESBYPROPERTIES('0MaCTtCTz2x8OqUd$Q63Ns',#5,$,$,(#4777,#4362),#4364);
#6689= IFCRELDEFINESBYPROPERTIES('0IUwu2zdXBtxpcxiVPfFps',#5,$,$,(#4366),#4368);
#6690= IFCRELDEFINESBYPROPERTIES('090vHih790whftShNc5NKR',#5,$,$,(#4377),#4379);
#6691= IFCRELDEFINESBYPROPERTIES('3nQuLXOoT64h7f5kdWCn09',#5,$,$,(#4381),#4383);
#6692= IFCRELDEFINESBYPROPERTIES('0ue39FCtDAQwauCo6PeHYJ',#5,$,$,(#4392),#4394);
#6693= IFCRELDEFINESBYPROPERTIES('2hvuoiqZn2fPQY4ZIN1JbX',#5,$,$,(#4430,#4419,#4411,#4396),#4398);
#6694= IFCRELDEFINESBYPROPERTIES('3cN06V7mz8YwcfTldV6$qz',#5,$,$,(#4436,#4428,#4417,#4407),#4409);
#6695= IFCRELDEFINESBYPROPERTIES('3T9dwRqczFQgT3uUEKNac4',#5,$,$,(#4438),#4440);
#6696= IFCRELDEFINESBYPROPERTIES('3osvmINpz41hcuvdt5bfNv',#5,$,$,(#4449),#4451);
#6697= IFCRELDEFINESBYPROPERTIES('0iKlXF75P40wRBc3_4LA_A',#5,$,$,(#4453),#4455);
#6698= IFCRELDEFINESBYPROPERTIES('1YFjPrpRv34R18OxBotvAJ',#5,$,$,(#4464),#4466);
#6699= IFCRELDEFINESBYPROPERTIES('0bf9puv7zBDwHISWL3hx$g',#5,$,$,(#4468),#4470);
#6700= IFCRELDEFINESBYPROPERTIES('1Mbd6Uwz18iwOyy6OjpgvF',#5,$,$,(#4480),#4482);
#6701= IFCRELDEFINESBYPROPERTIES('2_aZkDdbD3zxxekmqrH7nv',#5,$,$,(#5512,#5364,#4497),#4512);
#6702= IFCRELDEFINESBYPROPERTIES('1vF56GhpjAGvauEzNhpH3G',#5,$,$,(#5484,#5385,#4527),#4534);
#6703= IFCRELDEFINESBYPROPERTIES('2uWyGyxkvBU9zaO2z90bVa',#5,$,$,(#4536),#4538);
#6704= IFCRELDEFINESBYPROPERTIES('2JERA9N51Dw93pA6shECNO',#5,$,$,(#4547),#4549);
#6705= IFCRELDEFINESBYPROPERTIES('3_1ar79s51C9W3HDmDV8aI',#5,$,$,(#4563),#4570);
#6706= IFCRELDEFINESBYPROPERTIES('0bDOgkol12ZgY$tZr4qkw7',#5,$,$,(#4585),#4600);
#6707= IFCRELDEFINESBYPROPERTIES('0PjpU8WhbAQw6Sya4Cuggn',#5,$,$,(#4585),#4602);
#6708= IFCRELDEFINESBYPROPERTIES('3LrOXpCz92wuvLJY2JWgMW',#5,$,$,(#5433,#5422,#4604),#4606);
#6709= IFCRELDEFINESBYPROPERTIES('02MDTA7bH2Oh7jaIaZDupP',#5,$,$,(#5439,#5431,#4612),#4614);
#6710= IFCRELDEFINESBYPROPERTIES('3lV1pKZBv0SAm8XFbIVAh4',#5,$,$,(#4616),#4618);
#6711= IFCRELDEFINESBYPROPERTIES('02kMbV2xDCnAgLOwCeL34X',#5,$,$,(#4627),#4629);
#6712= IFCRELDEFINESBYPROPERTIES('0WRFt8tr1AigWwM1diN4dh',#5,$,$,(#4631),#4633);
#6713= IFCRELDEFINESBYPROPERTIES('0keZBEWmT9vAxqfXTA754K',#5,$,$,(#4642),#4644);
#6714= IFCRELDEFINESBYPROPERTIES('1MMv0_mzT6I8Eylhq_DYhz',#5,$,$,(#4646),#4648);
#6715= IFCRELDEFINESBYPROPERTIES('0j28MzG4T6RRfReQX0sJU0',#5,$,$,(#4658),#4660);
#6716= IFCRELDEFINESBYPROPERTIES('1gTtnL_YP4Vf7nYNjcbqA1',#5,$,$,(#4677,#4662),#4664);
#6717= IFCRELDEFINESBYPROPERTIES('0pBtBxX5z1MxnOnaj_bO2R',#5,$,$,(#4687,#4673),#4675);
#6718= IFCRELDEFINESBYPROPERTIES('0EmUesdmjDWve_5JrNH8uI',#5,$,$,(#4689),#4691);
#6719= IFCRELDEFINESBYPROPERTIES('28g4WjdID6EOX9vFZDydFV',#5,$,$,(#4700),#4702);
#6720= IFCRELDEFINESBYPROPERTIES('129502$Fz2LOPI$2RdNL$K',#5,$,$,(#4704),#4706);
#6721= IFCRELDEFINESBYPROPERTIES('1qzCtZfyL6AAwm6lMNJUOc',#5,$,$,(#4715),#4717);
#6722= IFCRELDEFINESBYPROPERTIES('11rtpvI_X6ox4FGsB5knbm',#5,$,$,(#4719),#4721);
#6723= IFCRELDEFINESBYPROPERTIES('3kjAv_FRf04fB6t9aTHfCb',#5,$,$,(#4730),#4732);
#6724= IFCRELDEFINESBYPROPERTIES('1AdCaT4fzCAPc_libfqTpR',#5,$,$,(#4753),#4755);
#6725= IFCRELDEFINESBYPROPERTIES('00kUPwhEv1SuTBz$q8h_IS',#5,$,$,(#4764),#4766);
#6726= IFCRELDEFINESBYPROPERTIES('0OWKI8l8X1vxsQA6DhGAQl',#5,$,$,(#4779),#4781);
#6727= IFCRELDEFINESBYPROPERTIES('0$LYl7qlf95PC_qWBPLivy',#5,$,$,(#4790),#4792);
#6728= IFCRELDEFINESBYPROPERTIES('1hhiWC$5bBxxzib6ZvUfhC',#5,$,$,(#5808,#4794),#4796);
#6729= IFCRELDEFINESBYPROPERTIES('3TOrdul5j9LOlf_IJlmkbY',#5,$,$,(#5814,#4806),#4808);
#6730= IFCRELDEFINESBYPROPERTIES('14XTRHfi53shJS4lwCHH0n',#5,$,$,(#5622,#4810),#4812);
#6731= IFCRELDEFINESBYPROPERTIES('2SBpIP6Hf5xQg7hZSQz2Y3',#5,$,$,(#5628,#4821),#4823);
#6732= IFCRELDEFINESBYPROPERTIES('0cr4gy0JT42B7_17oNYw_6',#5,$,$,(#4825),#4827);
#6733= IFCRELDEFINESBYPROPERTIES('0dljEExNr7GAMGANV_ZMRm',#5,$,$,(#4836),#4838);
#6734= IFCRELDEFINESBYPROPERTIES('34ZF3NBSr048G7SKBKCM$r',#5,$,$,(#4856,#4840),#4842);
#6735= IFCRELDEFINESBYPROPERTIES('1CV8AfA4r7_Rlw99_jhxci',#5,$,$,(#4866,#4852),#4854);
#6736= IFCRELDEFINESBYPROPERTIES('1KGJlc1GPBtxLmDH7FeM8D',#5,$,$,(#4868),#4870);
#6737= IFCRELDEFINESBYPROPERTIES('3eeQwsxIfE5gw79hLQKjYb',#5,$,$,(#4879),#4881);
#6738= IFCRELDEFINESBYPROPERTIES('3OpZTdh7rAbR4kqsJmPISl',#5,$,$,(#5010,#4883),#4885);
#6739= IFCRELDEFINESBYPROPERTIES('2XLyFwJsTErgKYB$H0KlAP',#5,$,$,(#5016,#4894),#4896);
#6740= IFCRELDEFINESBYPROPERTIES('3fbLSsFX15d9xmS$rilPia',#5,$,$,(#5048,#4898),#4900);
#6741= IFCRELDEFINESBYPROPERTIES('2mfaiSgbDCIv9TCmJjiA8k',#5,$,$,(#5057,#4909),#4911);
#6742= IFCRELDEFINESBYPROPERTIES('3suuoZBRb1wPOT9HNynzbg',#5,$,$,(#5059,#4913),#4915);
#6743= IFCRELDEFINESBYPROPERTIES('1mHcntJMDDtAFpTca2qY34',#5,$,$,(#5065,#4924),#4926);
#6744= IFCRELDEFINESBYPROPERTIES('2qxRNdG8T1XhBULd9TtvLM',#5,$,$,(#4928),#4930);
#6745= IFCRELDEFINESBYPROPERTIES('2529FE3dj6aBvEh1brMvhU',#5,$,$,(#4939),#4941);
#6746= IFCRELDEFINESBYPROPERTIES('2wSSB_tzDCy9Wblli$dBBK',#5,$,$,(#4984,#4943),#4945);
#6747= IFCRELDEFINESBYPROPERTIES('0PMonXWqr8G99GmRVAgp4r',#5,$,$,(#4993,#4954),#4956);
#6748= IFCRELDEFINESBYPROPERTIES('2V9hBuGU9AVAhRSd50LHiZ',#5,$,$,(#4969),#4971);
#6749= IFCRELDEFINESBYPROPERTIES('2qcwBFlAL4mArpeV1J0_d8',#5,$,$,(#4980),#4982);
#6750= IFCRELDEFINESBYPROPERTIES('1oU6zYtaT5LP149IqLtNLG',#5,$,$,(#4995),#4997);
#6751= IFCRELDEFINESBYPROPERTIES('3Rtza2vqfAy9upojf9t_9O',#5,$,$,(#5006),#5008);
#6752= IFCRELDEFINESBYPROPERTIES('0cUv3awFL8FPJC0Wr6Wg2v',#5,$,$,(#5018),#5020);
#6753= IFCRELDEFINESBYPROPERTIES('0DGHPzBV9D6R$ho6pJ_xNW',#5,$,$,(#5029),#5031);
#6754= IFCRELDEFINESBYPROPERTIES('17f2anrGr1ivd9GZsv1iEW',#5,$,$,(#5033),#5035);
#6755= IFCRELDEFINESBYPROPERTIES('277YNccurDlQpZSU0RhxEJ',#5,$,$,(#5044),#5046);
#6756= IFCRELDEFINESBYPROPERTIES('2dbLpmv5v5MB6N4kgEf0aQ',#5,$,$,(#5067),#5069);
#6757= IFCRELDEFINESBYPROPERTIES('1rw8tmIo55fBggZw9t__ag',#5,$,$,(#5078),#5080);
#6758= IFCRELDEFINESBYPROPERTIES('0DQ1UM2wrCOQOEM3S3CjrN',#5,$,$,(#5082),#5084);
#6759= IFCRELDEFINESBYPROPERTIES('0aE6qxc0D90haLkqULl0X4',#5,$,$,(#5093),#5095);
#6760= IFCRELDEFINESBYPROPERTIES('2C83hJyIf7cgP4xsPhlduV',#5,$,$,(#5097),#5099);
#6761= IFCRELDEFINESBYPROPERTIES('1x5fWhz8zDVh1pJIN0xwjI',#5,$,$,(#5108),#5110);
#6762= IFCRELDEFINESBYPROPERTIES('3GB2rdClD8$vkzakIQfQLf',#5,$,$,(#5112),#5114);
#6763= IFCRELDEFINESBYPROPERTIES('27PhVkf$D1DBIPRmj4A2e9',#5,$,$,(#5123),#5125);
#6764= IFCRELDEFINESBYPROPERTIES('0afYBxydb9nfdID7K8YIUT',#5,$,$,(#5127),#5129);
#6765= IFCRELDEFINESBYPROPERTIES('3qIpHzHs94cxMz49k55RpF',#5,$,$,(#5138),#5140);
#6766= IFCRELDEFINESBYPROPERTIES('3MZIPiG3j3aw7VcsnFXjk6',#5,$,$,(#5142),#5144);
#6767= IFCRELDEFINESBYPROPERTIES('3J1TmkmLTAdxEr683fdsI9',#5,$,$,(#5153),#5155);
#6768= IFCRELDEFINESBYPROPERTIES('0q3WxpphT4J9l2vAa6$eIr',#5,$,$,(#5157),#5159);
#6769= IFCRELDEFINESBYPROPERTIES('3S5Tj0LKTD8Pa5gRKFtU9u',#5,$,$,(#5168),#5170);
#6770= IFCRELDEFINESBYPROPERTIES('0qiYFXuMnAC9rlQi9ooFxL',#5,$,$,(#5172),#5174);
#6771= IFCRELDEFINESBYPROPERTIES('3x_ZEjdnTAouLmmYWE_kft',#5,$,$,(#5183),#5185);
#6772= IFCRELDEFINESBYPROPERTIES('1fjCHX_L58XQ7UItd41K_v',#5,$,$,(#5187),#5189);
#6773= IFCRELDEFINESBYPROPERTIES('3GWBEQrwj5IQZRptdN3Zxg',#5,$,$,(#5198),#5200);
#6774= IFCRELDEFINESBYPROPERTIES('2a9V5OPTv7YPAGGq6iK7bc',#5,$,$,(#5202),#5204);
#6775= IFCRELDEFINESBYPROPERTIES('3g$asDGGH81OFP$CoxEFJE',#5,$,$,(#5213),#5215);
#6776= IFCRELDEFINESBYPROPERTIES('15X69S_MzEIvSJlqxuwakE',#5,$,$,(#5217),#5219);
#6777= IFCRELDEFINESBYPROPERTIES('0Y$vkxQ_bAHwItCP4epIAh',#5,$,$,(#5228),#5230);
#6778= IFCRELDEFINESBYPROPERTIES('2Sa3pNI098eOfY1fAMdt14',#5,$,$,(#5232),#5234);
#6779= IFCRELDEFINESBYPROPERTIES('1ow7slGoXDtvBMAQeJLGDC',#5,$,$,(#5243),#5245);
#6780= IFCRELDEFINESBYPROPERTIES('2GmRtT60v7D8rk_5wibvIp',#5,$,$,(#5258),#5260);
#6781= IFCRELDEFINESBYPROPERTIES('0sdu4vgCX2IesSyxjTq8Hw',#5,$,$,(#5270),#5272);
#6782= IFCRELDEFINESBYPROPERTIES('20rVCCNmPAy8hsX5W95PBM',#5,$,$,(#5332),#5347);
#6783= IFCRELDEFINESBYPROPERTIES('37K87$XtL8uOiVMRywam4N',#5,$,$,(#5332),#5349);
#6784= IFCRELDEFINESBYPROPERTIES('14$5m$HunFcvkUZzfNkAg7',#5,$,$,(#5364),#5371);
#6785= IFCRELDEFINESBYPROPERTIES('34e038xx99O9zwWCGeiusm',#5,$,$,(#5392),#5394);
#6786= IFCRELDEFINESBYPROPERTIES('2DUIexWCb1HuyD0r$iOeuy',#5,$,$,(#5403),#5405);
#6787= IFCRELDEFINESBYPROPERTIES('0B_tx2$KP54xS6CQWMnMtz',#5,$,$,(#5407),#5409);
#6788= IFCRELDEFINESBYPROPERTIES('3_MazNAdj3Ee6Luqcaqrbc',#5,$,$,(#5418),#5420);
#6789= IFCRELDEFINESBYPROPERTIES('2RcTflWWv3yulO25P2hPK_',#5,$,$,(#5441),#5443);
#6790= IFCRELDEFINESBYPROPERTIES('1tduTqmGjACA_lYWYVHF3K',#5,$,$,(#5452),#5454);
#6791= IFCRELDEFINESBYPROPERTIES('1MLT1duZzFefiBi4Mz0ns8',#5,$,$,(#5456),#5458);
#6792= IFCRELDEFINESBYPROPERTIES('1iTq9NgULErwUThG0yU7j0',#5,$,$,(#5467),#5469);
#6793= IFCRELDEFINESBYPROPERTIES('0TM0oRRRTD89DT$pMBiPo3',#5,$,$,(#5531),#5538);
#6794= IFCRELDEFINESBYPROPERTIES('1aQyBz34nFrO4aa68G766P',#5,$,$,(#5548),#5550);
#6795= IFCRELDEFINESBYPROPERTIES('39mgruJqL1DOIAQR7OQ38t',#5,$,$,(#5559),#5561);
#6796= IFCRELDEFINESBYPROPERTIES('3sW6L6$41B1BSdh$bhzy88',#5,$,$,(#5574),#5576);
#6797= IFCRELDEFINESBYPROPERTIES('0Fp44x1AT5shuNfbwVDaLu',#5,$,$,(#5586),#5588);
#6798= IFCRELDEFINESBYPROPERTIES('1SbKnhwu95PPNa7lr2U8d8',#5,$,$,(#5590),#5592);
#6799= IFCRELDEFINESBYPROPERTIES('1bfzklZ3jCMgXDiElGGeNz',#5,$,$,(#5602),#5604);
#6800= IFCRELDEFINESBYPROPERTIES('0nyFVcTr144g01qBkj5WMz',#5,$,$,(#5606),#5608);
#6801= IFCRELDEFINESBYPROPERTIES('2qmtaLfOHEjfWg0Y8cMpvY',#5,$,$,(#5618),#5620);
#6802= IFCRELDEFINESBYPROPERTIES('0zQf0l_yn0th_KZCP27xrX',#5,$,$,(#5630),#5632);
#6803= IFCRELDEFINESBYPROPERTIES('09ZfpTsl9AjgKNTUDku84_',#5,$,$,(#5641),#5643);
#6804= IFCRELDEFINESBYPROPERTIES('2umFEz4bTEMQB58qO6Flop',#5,$,$,(#5645),#5647);
#6805= IFCRELDEFINESBYPROPERTIES('13tc3tPebDPvoHgGrqekz1',#5,$,$,(#5656),#5658);
#6806= IFCRELDEFINESBYPROPERTIES('3xR4CyfYH5RRDBC82Oc3JB',#5,$,$,(#5660),#5662);
#6807= IFCRELDEFINESBYPROPERTIES('2KfSV2unrAHwePDullwryv',#5,$,$,(#5671),#5673);
#6808= IFCRELDEFINESBYPROPERTIES('1VM0tLGx9FrP$ff4lkxOjD',#5,$,$,(#5675),#5677);
#6809= IFCRELDEFINESBYPROPERTIES('37hmXuLwb0WPYbmsegS$n5',#5,$,$,(#5686),#5688);
#6810= IFCRELDEFINESBYPROPERTIES('2v10eEWJD2wxod5K5$_H9B',#5,$,$,(#5770,#5742),#5744);
#6811= IFCRELDEFINESBYPROPERTIES('1SOXlqoUn5Uv9U2UCVlkdR',#5,$,$,(#5776,#5751),#5753);
#6812= IFCRELDEFINESBYPROPERTIES('0_vMhFMtHCRgS4uO1gwFhE',#5,$,$,(#5755),#5757);
#6813= IFCRELDEFINESBYPROPERTIES('1_G5b72o9AUPoR0ALStiKn',#5,$,$,(#5766),#5768);
#6814= IFCRELDEFINESBYPROPERTIES('0uGmH3FtL2lu3lU3HBfJmy',#5,$,$,(#5778),#5780);
#6815= IFCRELDEFINESBYPROPERTIES('2bW5EawY51s8wprFH$OV6d',#5,$,$,(#5789),#5791);
#6816= IFCRELDEFINESBYPROPERTIES('3I4kS_NGDA1Q9qm6TQhRrt',#5,$,$,(#5793),#5795);
#6817= IFCRELDEFINESBYPROPERTIES('31XRXW_tbE_hNiLI1sbG6S',#5,$,$,(#5804),#5806);
#6818= IFCRELDEFINESBYPROPERTIES('02oRMOxOX7Rh$hsULOh1d_',#5,$,$,(#5816),#5818);
#6819= IFCRELDEFINESBYPROPERTIES('2TdELUc9nCih8R_I$MuN3t',#5,$,$,(#5824),#5826);
#6820= IFCRELDEFINESBYPROPERTIES('2L0I8Ht3rDaAZl1m1GMCD_',#5,$,$,(#5828),#5830);
#6821= IFCRELDEFINESBYPROPERTIES('1vr_Y2VBn2Rf1FR$7ewIzI',#5,$,$,(#5834),#5836);
#6822= IFCRELDEFINESBYPROPERTIES('3tR6FTgoj1pgVYdbX9Qujn',#5,$,$,(#5838),#5840);
#6823= IFCRELDEFINESBYPROPERTIES('14bCRhpOL8dfxubdrQJYLz',#5,$,$,(#5850),#5852);
#6824= IFCRELDEFINESBYPROPERTIES('3l2HhYQfnEwu7OPrzfYjv$',#5,$,$,(#5862),#5864);
#6825= IFCRELDEFINESBYPROPERTIES('19Ul24wXz5GRzBZKJhDAqY',#5,$,$,(#5873),#5875);
#6826= IFCRELDEFINESBYPROPERTIES('2rgaNUv$X8ufJg23Zh1mUe',#5,$,$,(#5877),#5879);
#6827= IFCRELDEFINESBYPROPERTIES('1OWaDnBQH0BxssOhFrlJh9',#5,$,$,(#5888),#5890);
#6828= IFCRELDEFINESBYPROPERTIES('24l$5tdFv3oAeHnYt0rV9s',#5,$,$,(#6040,#5892),#5894);
#6829= IFCRELDEFINESBYPROPERTIES('0bzRtInyrEuP8VwJaIFayf',#5,$,$,(#6049,#5903),#5905);
#6830= IFCRELDEFINESBYPROPERTIES('3uxt1UUV93o8rc5YGo3EsW',#5,$,$,(#5907),#5909);
#6831= IFCRELDEFINESBYPROPERTIES('1fFhMqJVDC1BygXHDgEio7',#5,$,$,(#5918),#5920);
#6832= IFCRELDEFINESBYPROPERTIES('0zbTTYmLf0kQWuD1IQ8Mta',#5,$,$,(#6081,#5922),#5924);
#6833= IFCRELDEFINESBYPROPERTIES('2Nb7CA1y91AOTgSq$yhYxI',#5,$,$,(#6085,#5933),#5935);
#6834= IFCRELDEFINESBYPROPERTIES('3VLIYX06D7LwdLO8g23Ax9',#5,$,$,(#5937),#5939);
#6835= IFCRELDEFINESBYPROPERTIES('2Txdn56T17FRErj9eVAbUJ',#5,$,$,(#5945),#5947);
#6836= IFCRELDEFINESBYPROPERTIES('2PkMkmAlPDsgcu3MF5_8QX',#5,$,$,(#5949),#5951);
#6837= IFCRELDEFINESBYPROPERTIES('1HaIAW_aLAGvj1AlqOR8d9',#5,$,$,(#5961),#5963);
#6838= IFCRELDEFINESBYPROPERTIES('1QGIcZ$FvB_RcZ9vDEsSSS',#5,$,$,(#5965),#5967);
#6839= IFCRELDEFINESBYPROPERTIES('2wdbBxdV922Q6CLl9ZSGTi',#5,$,$,(#5976),#5978);
#6840= IFCRELDEFINESBYPROPERTIES('1PNh27UyP48eJIMF3VvBYP',#5,$,$,(#5980),#5982);
#6841= IFCRELDEFINESBYPROPERTIES('2bj6Z$JjHD$PdWWALOd1V5',#5,$,$,(#5991),#5993);
#6842= IFCRELDEFINESBYPROPERTIES('2Uy2dWXtfDxxQRhaNaP5DS',#5,$,$,(#5995),#5997);
#6843= IFCRELDEFINESBYPROPERTIES('0ntWSnlg5Dq8amiqplKZKK',#5,$,$,(#6006),#6008);
#6844= IFCRELDEFINESBYPROPERTIES('3wHeUnndXAihs8YurU2Qfq',#5,$,$,(#6010),#6012);
#6845= IFCRELDEFINESBYPROPERTIES('31i3V9B95AGfEXsdcFVqAm',#5,$,$,(#6021),#6023);
#6846= IFCRELDEFINESBYPROPERTIES('3bW8yMVgXAoR_hpazwYs_D',#5,$,$,(#6025),#6027);
#6847= IFCRELDEFINESBYPROPERTIES('0WYOVfVg5AW9$dDU6rMRe$',#5,$,$,(#6036),#6038);
#6848= IFCRELDEFINESBYPROPERTIES('1h_KYQlHT1khUNMJKODN7T',#5,$,$,(#6051),#6053);
#6849= IFCRELDEFINESBYPROPERTIES('3Npsdpx1D4OxxjWjnE_D5f',#5,$,$,(#6062),#6064);
#6850= IFCRELDEFINESBYPROPERTIES('3Vfv_Tm9r55wEeH0dlaP$2',#5,$,$,(#6066),#6068);
#6851= IFCRELDEFINESBYPROPERTIES('2Uju4VAF13NPpSBLFavTGS',#5,$,$,(#6077),#6079);
#6852= IFCRELDEFINESBYPROPERTIES('0wNp9QrNjC29$39l$9G7Po',#5,$,$,(#6087),#6089);
#6853= IFCRELDEFINESBYPROPERTIES('3Ziu42iZT8gOkkmvqLz_bY',#5,$,$,(#6093),#6095);
#6854= IFCRELDEFINESBYPROPERTIES('1XWY0oMzz4cOYMPqwdALIL',#5,$,$,(#6120,#6112,#6097),#6099);
#6855= IFCRELDEFINESBYPROPERTIES('2OB_9Pboz4AfiC$MUWE$1C',#5,$,$,(#6126,#6118,#6108),#6110);
#6856= IFCRELASSOCIATESMATERIAL('2FElkr7dPElvntLnEyLKGd',#5,$,$,(#3017,#3009,#3001,#2993,#2983,#2971,#2959,#2948,#2940,#2932,#2924,#2916,#2908,#2900,#2892,#2693,#2685,#2677,#2669,#2661,#2653,#2645,#299,#291,#283,#275,#267,#259,#251,#243,#235,#227,#219,#209,#199,#191,#181,#168,#160,#152,#144,#134,#120,#108,#95,#69),#82);
#6857= IFCRELASSOCIATESMATERIAL('3j0DD7jQ905AvFdg5hvnBW',#5,$,$,(#2056,#1975,#1906,#1839,#1582,#1495,#1426,#1142,#1051,#956,#352),#368);
#6858= IFCRELASSOCIATESMATERIAL('1JbGQLjfT0b8hpspajdEOC',#5,$,$,(#6126,#6118,#6108,#6077,#6062,#6049,#6036,#6021,#6006,#5991,#5976,#5961,#5918,#5903,#5888,#5873,#5860,#5850,#5814,#5804,#5789,#5776,#5766,#5751,#5740,#5729,#5718,#5710,#5699,#5686,#5671,#5656,#5641,#5628,#5618,#5602,#5586,#5572,#5559,#5546,#5531,#5512,#5484,#5467,#5452,#5439,#5431,#5418,#5403,#5385,#5364,#5332,#5317,#5306,#5295,#5284,#5270,#5256,#5243,#5228,#5213,#5198,#5183,#5168,#5153,#5138,#5123,#5108,#5093,#5078,#5065,#5057,#5044,#5029,#5016,#5006,#4993,#4980,#4967,#4954,#4939,#4924,#4909,#4894,#4879,#4866,#4852,#4836,#4821,#4806,#4790,#4777,#4764,#4751,#4743,#4730,#4715,#4700,#4687,#4673,#4658,#4642,#4627,#4612,#4585,#4563,#4547,#4527,#4497,#4480,#4464,#4449,#4436,#4428,#4417,#4407,#4392,#4377,#4362,#4332,#4315,#4300,#4285,#4270,#4255,#4239,#4224,#4208,#4193,#4178,#4162,#4147,#4132,#4123,#4114,#4104,#4089,#4076,#4060,#4045,#4032,#4024,#4016,#4008,#4000,#3992,#3981,#3970,#3962,#3954,#3946,#3938,#3930,#3919,#3908,#3900,#3892,#3884,#3874,#3861,#3853,#3844,#3836,#3828,#3817,#3804,#3791,#3778,#3762,#3746,#3733,#3725,#3714,#3706,#3694,#3686,#3674,#3664,#3650,#3639,#3627,#3616,#3606,#3590,#3576,#3564,#3556,#3544,#3536,#3528,#3517,#3506,#3496,#3483,#3470,#3454,#3439,#3424,#3409,#3397,#3389,#3378,#3367,#3356,#3345,#3334,#3323,#3315,#3304,#3293,#3281,#3270,#3259,#3248,#3239,#3228,#3217,#3206,#3198,#3187,#3176,#3165,#3154,#3143,#3132,#3121,#3108,#3093,#3078,#3062,#3047,#3032,#2331,#2324,#2318,#2306,#2033,#2027,#2021,#2010,#1964,#1958,#1952,#1941,#1897,#1891,#1885,#1874,#1813,#1806,#1800,#1787,#1553,#1547,#1541,#1530,#1484,#1478,#1472,#1461,#1417,#1410,#1404,#1392,#1109,#1103,#1097,#1086,#1040,#1034,#1028,#1017,#943,#932,#923,#648),#675);
#6859= IFCRELASSOCIATESMATERIAL('3hPSfmMGj22g1SbVs5gEUV',#5,$,$,(#6093,#6085,#5945,#5933,#5834,#5824,#2884,#2872,#2864,#2856,#2846,#2831,#2816,#2800,#2783,#2770,#2756,#2740,#2724,#2707,#2635,#2624,#2616,#2608,#2600,#2590,#2575,#2559,#2545,#2532,#2524,#2516,#2506,#2492,#2479,#2463,#2449,#2435,#2419,#2406,#2395,#2382,#2366,#2346),#2352);
ENDSEC;

END-ISO-10303-21;
