ISO-10303-21;
HEADER;
FILE_DESCRIPTION(('ViewDefinition[AISC_Steel_Detailing]', 'Option [BaseQuantities:Off]', 'Option [GridExport:On]', 'Option [Assemblies:On]', 'Option [Bolts:On]', 'Option [Rebars:On]', 'Option [PourObjects:Off]', 'Option [Welds:On]', 'Option [SurfaceTreatments:On]', 'Option [LocationBy:0]', 'Option [ViewColors:Off]', 'Option [SectionedSpine:Off]', 'Option [PropertySets:On]', 'Option [Export all:Off]'),'2;1');
FILE_NAME('N11.ifc','2026-05-18T18:01:38',('GIOVANNIPC\\gcorrea'),('Structural Designer'),'IFC Database version: Work','Tekla Structures 2020 Service Pack 5, IFC Export Version: 4.0.0.0 Dec  7 2020','');
FILE_SCHEMA(('IFC2X3'));
ENDSEC;

DATA;
#1= IFCPERSON('GIOVANNIPC\\gcorrea','Undefined',$,$,$,$,$,$);
#2= IFCORGANIZATION($,'Trimble Solutions Corporation',$,$,$);
#3= IFCPERSONANDORGANIZATION(#1,#2,$);
#4= IFCAPPLICATION(#2,'2020 Service Pack 5','Tekla Structures','Multi material modeling');
#5= IFCOWNERHISTORY(#3,#4,$,.NOCHANGE.,$,$,$,1779145297);
#6= IFCCARTESIANPOINT((0.,0.,0.));
#7= IFCDIRECTION((1.,0.,0.));
#8= IFCDIRECTION((0.,1.,0.));
#9= IFCDIRECTION((0.,0.,1.));
#10= IFCAXIS2PLACEMENT3D(#6,#9,#7);
#11= IFCGEOMETRICREPRESENTATIONCONTEXT($,'Model',3,1.E-05,#10,$);
#12= IFCGEOMETRICREPRESENTATIONSUBCONTEXT('Body','Model',*,*,*,*,#11,$,.MODEL_VIEW.,$);
#13= IFCGEOMETRICREPRESENTATIONSUBCONTEXT('Axis','Model',*,*,*,*,#11,$,.GRAPH_VIEW.,$);
#14= IFCGEOMETRICREPRESENTATIONSUBCONTEXT('FootPrint','Model',*,*,*,*,#11,$,.MODEL_VIEW.,$);
#15= IFCSIUNIT(*,.LENGTHUNIT.,.MILLI.,.METRE.);
#16= IFCMEASUREWITHUNIT(IFCRATIOMEASURE(304.8),#15);
#17= IFCDIMENSIONALEXPONENTS(1,0,0,0,0,0,0);
#18= IFCCONVERSIONBASEDUNIT(#17,.LENGTHUNIT.,'FOOT',#16);
#19= IFCSIUNIT(*,.AREAUNIT.,$,.SQUARE_METRE.);
#20= IFCMEASUREWITHUNIT(IFCRATIOMEASURE(0.09290304),#19);
#21= IFCDIMENSIONALEXPONENTS(2,0,0,0,0,0,0);
#22= IFCCONVERSIONBASEDUNIT(#21,.AREAUNIT.,'SQUARE FOOT',#20);
#23= IFCSIUNIT(*,.VOLUMEUNIT.,$,.CUBIC_METRE.);
#24= IFCMEASUREWITHUNIT(IFCRATIOMEASURE(0.028316846592),#23);
#25= IFCDIMENSIONALEXPONENTS(3,0,0,0,0,0,0);
#26= IFCCONVERSIONBASEDUNIT(#25,.VOLUMEUNIT.,'CUBIC FOOT',#24);
#27= IFCSIUNIT(*,.MASSUNIT.,.KILO.,.GRAM.);
#28= IFCSIUNIT(*,.TIMEUNIT.,$,.SECOND.);
#29= IFCSIUNIT(*,.PLANEANGLEUNIT.,$,.RADIAN.);
#30= IFCMEASUREWITHUNIT(IFCRATIOMEASURE(0.0174532925199433),#29);
#31= IFCDIMENSIONALEXPONENTS(0,0,0,0,0,0,0);
#32= IFCCONVERSIONBASEDUNIT(#31,.PLANEANGLEUNIT.,'DEGREE',#30);
#33= IFCSIUNIT(*,.SOLIDANGLEUNIT.,$,.STERADIAN.);
#34= IFCSIUNIT(*,.THERMODYNAMICTEMPERATUREUNIT.,$,.DEGREE_CELSIUS.);
#35= IFCSIUNIT(*,.LUMINOUSINTENSITYUNIT.,$,.LUMEN.);
#36= IFCUNITASSIGNMENT((#15,#19,#23,#27,#28,#29,#33,#34,#35));
#37= IFCPROJECT('2G7ZFDNE16yBDU14FA92Me',#5,'Proyecto',$,$,$,$,(#11),#36);
#38= IFCLOCALPLACEMENT($,#10);
#39= IFCSITE('2xvEzEinjBTea80yOTcujY',#5,'Obra',$,$,#38,$,$,.ELEMENT.,$,$,$,$,$);
#40= IFCLOCALPLACEMENT(#38,#10);
#41= IFCBUILDING('0QD8DgLgXD_At9b1fNSLv5',#5,'Undefined',$,$,#40,$,$,.ELEMENT.,$,$,$);
#42= IFCLOCALPLACEMENT(#40,#10);
#43= IFCBUILDINGSTOREY('29hdEUCErFze9E_VIAceOd',#5,'Undefined',$,$,#42,$,$,.ELEMENT.,0.);
#44= IFCOWNERHISTORY(#3,#4,$,.NOCHANGE.,$,$,$,1779127200);
#45= IFCLOCALPLACEMENT(#42,#10);
#46= IFCELEMENTASSEMBLY('3g3k3Sxu50G8yLK7X53THC',#44,'BEAM',$,$,#45,$,'B/743(?)',.NOTDEFINED.,.RIGID_FRAME.);
#47= IFCPROPERTYSINGLEVALUE('OnSiteBy',$,$,$);
#48= IFCPROPERTYSET('07X4jIembC2Aj_XBzks$vB',#5,'AISC_EM11_Pset_SchedulingInformation',$,(#47));
#49= IFCPROPERTYSINGLEVALUE('DrawingNumber',$,IFCIDENTIFIER(''),$);
#50= IFCPROPERTYSET('1i$b5jARP45w3gUfpQp9Kh',#5,'AISC_EM11_Pset_DrawingNumber',$,(#49));
#51= IFCPROPERTYSINGLEVALUE('AssemblyMark',$,IFCIDENTIFIER('B/743(?)'),$);
#52= IFCPROPERTYSINGLEVALUE('PrelimMark',$,$,$);
#53= IFCPROPERTYSINGLEVALUE('ShippingMark',$,IFCINTEGER(0),$);
#54= IFCPROPERTYSET('1Jau1qJAj36x5B02bRr7Uc',#5,'AISC_EM11_Pset_AssemblyIdentification','AssemblyIdentity',(#51,#52,#53));
#55= IFCCARTESIANPOINT((65836.1776305268,7483.07773403589,52834.9981994629));
#56= IFCDIRECTION((-0.0571102009751339,-0.998367880565365,0.));
#57= IFCDIRECTION((0.,0.,-1.));
#58= IFCAXIS2PLACEMENT3D(#55,#56,#57);
#59= IFCLOCALPLACEMENT(#45,#58);
#60= IFCCARTESIANPOINT((13.85640646056,0.));
#61= IFCCARTESIANPOINT((6.92820323028,12.0000000000017));
#62= IFCCARTESIANPOINT((-6.92820323028,12.0000000000017));
#63= IFCCARTESIANPOINT((-13.85640646056,0.));
#64= IFCCARTESIANPOINT((-6.92820323028,-12.0000000000017));
#65= IFCCARTESIANPOINT((6.92820323028,-12.0000000000017));
#66= IFCPOLYLINE((#60,#61,#62,#63,#64,#65,#60));
#67= IFCARBITRARYCLOSEDPROFILEDEF(.AREA.,$,#66);
#68= IFCCARTESIANPOINT((0.,-19.6599999027894,0.));
#69= IFCAXIS2PLACEMENT3D(#68,#8,#7);
#70= IFCEXTRUDEDAREASOLID(#67,#69,#9,10.56);
#71= IFCDIRECTION((1.,0.));
#72= IFCCARTESIANPOINT((0.,0.));
#73= IFCAXIS2PLACEMENT2D(#72,#71);
#74= IFCCIRCLEPROFILEDEF(.AREA.,$,#73,8.);
#75= IFCCARTESIANPOINT((0.,-9.09999990278935,0.));
#76= IFCAXIS2PLACEMENT3D(#75,#8,#7);
#77= IFCEXTRUDEDAREASOLID(#74,#76,#9,40.);
#78= IFCCIRCLEPROFILEDEF(.AREA.,$,#73,15.);
#79= IFCCARTESIANPOINT((0.,35.3393906167917,0.));
#80= IFCAXIS2PLACEMENT3D(#79,#8,#7);
#81= IFCEXTRUDEDAREASOLID(#78,#80,#9,8.);
#82= IFCCARTESIANPOINT((0.,43.3393906167917,0.));
#83= IFCAXIS2PLACEMENT3D(#82,#8,#7);
#84= IFCEXTRUDEDAREASOLID(#67,#83,#9,13.);
#85= IFCCARTESIANPOINT((60.,-2.47382558882236E-10,50.0000000000018));
#86= IFCCARTESIANTRANSFORMATIONOPERATOR3D($,$,#85,$,$);
#87= IFCSHAPEREPRESENTATION(#12,'Body','SweptSolid',(#70,#77,#81,#84));
#88= IFCREPRESENTATIONMAP(#10,#87);
#89= IFCMAPPEDITEM(#88,#86);
#90= IFCCARTESIANPOINT((120.,-2.47382558882236E-10,50.0000000000018));
#91= IFCCARTESIANTRANSFORMATIONOPERATOR3D($,$,#90,$,$);
#92= IFCMAPPEDITEM(#88,#91);
#93= IFCCARTESIANPOINT((180.,-2.47382558882236E-10,50.0000000000018));
#94= IFCCARTESIANTRANSFORMATIONOPERATOR3D($,$,#93,$,$);
#95= IFCMAPPEDITEM(#88,#94);
#96= IFCSHAPEREPRESENTATION(#12,'Body','MappedRepresentation',(#89,#92,#95));
#97= IFCCARTESIANPOINT((0.,40.,0.));
#98= IFCPOLYLINE((#68,#97));
#99= IFCSHAPEREPRESENTATION(#12,'Axis','GeometricCurveSet',(#98));
#100= IFCREPRESENTATIONMAP(#10,#99);
#101= IFCMAPPEDITEM(#100,#86);
#102= IFCMAPPEDITEM(#100,#91);
#103= IFCMAPPEDITEM(#100,#94);
#104= IFCSHAPEREPRESENTATION(#12,'Axis','MappedRepresentation',(#101,#102,#103));
#105= IFCPRODUCTDEFINITIONSHAPE($,$,(#96,#104));
#106= IFCMECHANICALFASTENER('1eOBTJF_D8ruY0CGPkjrnP',#44,'Bolt assembly',$,$,#59,#105,'ID6860b753-3fe3-48d7-8880-31066eb75c59',16.,40.);
#107= IFCPROPERTYSINGLEVALUE('BoltFieldAssembled',$,IFCBOOLEAN(.F.),$);
#108= IFCPROPERTYSINGLEVALUE('BoltGrade',$,IFCIDENTIFIER('5.6'),$);
#109= IFCPROPERTYSINGLEVALUE('BoltDiameter',$,IFCPOSITIVELENGTHMEASURE(16.),$);
#110= IFCPROPERTYSINGLEVALUE('BoltLength',$,IFCPOSITIVELENGTHMEASURE(40.),$);
#111= IFCPROPERTYSINGLEVALUE('BoltStandard',$,IFCIDENTIFIER('7968'),$);
#112= IFCPROPERTYSINGLEVALUE('BoltType',$,IFCIDENTIFIER('7968'),$);
#113= IFCPROPERTYSET('1WmcK59jTCEhTqPR0CeAgB',#5,'AISC_EM11_Pset_Bolt','BoltIdentity',(#107,#108,#109,#110,#111,#112));
#114= IFCPROPERTYSINGLEVALUE('NutSize',$,IFCPOSITIVELENGTHMEASURE(16.),$);
#115= IFCPROPERTYSINGLEVALUE('NutStandard',$,IFCIDENTIFIER('555'),$);
#116= IFCPROPERTYSET('3eShFAvPzD7x9B9K1cTeHD',#5,'AISC_EM11_Pset_Nut','NutIdentity',(#114,#115));
#117= IFCPROPERTYSINGLEVALUE('WasherThickness',$,IFCPOSITIVELENGTHMEASURE(8.),$);
#118= IFCPROPERTYSINGLEVALUE('WasherSize',$,IFCPOSITIVELENGTHMEASURE(16.),$);
#119= IFCPROPERTYSINGLEVALUE('WasherStandard',$,IFCIDENTIFIER('7989'),$);
#120= IFCPROPERTYSINGLEVALUE('HeadSideWashers',$,IFCBOOLEAN(.F.),$);
#121= IFCPROPERTYSET('1NwmiZn3n0ewU8dxZDmkAN',#5,'AISC_EM11_Pset_Washer','WasherIdentity',(#117,#118,#119,#120));
#122= IFCMATERIAL('Undefined');
#123= IFCLOCALPLACEMENT(#42,#10);
#124= IFCELEMENTASSEMBLY('1hsiqw5l9A_Rq5TwMGthDx',#44,$,$,$,#123,$,'A/193(?)',.NOTDEFINED.,.RIGID_FRAME.);
#125= IFCPROPERTYSINGLEVALUE('AssemblyMark',$,IFCIDENTIFIER('A/193(?)'),$);
#126= IFCPROPERTYSET('2kjHiTy51DUf6EzvCBPASO',#5,'AISC_EM11_Pset_AssemblyIdentification','AssemblyIdentity',(#125,#52,#53));
#127= IFCCARTESIANPOINT((65880.3887680567,7501.75488873588,52771.8273772373));
#128= IFCDIRECTION((-0.373752979077326,-0.913828063678811,-0.158830037032858));
#129= IFCDIRECTION((0.841036354282424,-0.406101305135841,0.35740674411977));
#130= IFCAXIS2PLACEMENT3D(#127,#128,#129);
#131= IFCLOCALPLACEMENT(#123,#130);
#132= IFCCARTESIANPOINT((-45.3293352294422,-125.166810603721,21.6008850736544));
#133= IFCCARTESIANPOINT((-48.5765118303098,-125.369744739364,13.1180307346149));
#134= IFCCARTESIANPOINT((-57.3772525401146,-117.593223096148,11.7759836737314));
#135= IFCCARTESIANPOINT((-50.2103870446153,-120.8538094219,20.8565612197199));
#136= IFCPOLYLOOP((#132,#133,#134,#135));
#137= IFCFACEOUTERBOUND(#136,.T.);
#138= IFCFACE((#137));
#139= IFCCARTESIANPOINT((-48.1311817227979,-133.589579099549,24.3154688821305));
#140= IFCCARTESIANPOINT((-59.2699310852477,-123.747143291966,22.6168930080312));
#141= IFCPOLYLOOP((#133,#139,#140,#134));
#142= IFCFACEOUTERBOUND(#141,.T.);
#143= IFCFACE((#142));
#144= IFCPOLYLOOP((#139,#132,#135,#140));
#145= IFCFACEOUTERBOUND(#144,.T.);
#146= IFCFACE((#145));
#147= IFCPOLYLOOP((#140,#135,#134));
#148= IFCFACEOUTERBOUND(#147,.T.);
#149= IFCFACE((#148));
#150= IFCPOLYLOOP((#139,#133,#132));
#151= IFCFACEOUTERBOUND(#150,.T.);
#152= IFCFACE((#151));
#153= IFCCARTESIANPOINT((-8.33773718916927,-13.029178636396,2.24853368852928));
#154= IFCCARTESIANPOINT((-13.1032863467699,-12.0998069305169,-3.08986179854401));
#155= IFCCARTESIANPOINT((-8.45235064491862,-0.12336343845891,-5.15671784623555));
#156= IFCCARTESIANPOINT((-3.2779820017895,3.63797880709171E-12,-7.27595761418343E-12));
#157= IFCPOLYLOOP((#153,#154,#155,#156));
#158= IFCFACEOUTERBOUND(#157,.T.);
#159= IFCFACE((#158));
#160= IFCCARTESIANPOINT((-14.5642272257974,-10.2114853217827,4.56458272220334));
#161= IFCCARTESIANPOINT((-6.96469951509789,9.35776268086192,1.18738492475677));
#162= IFCPOLYLOOP((#154,#160,#161,#155));
#163= IFCFACEOUTERBOUND(#162,.T.);
#164= IFCFACE((#163));
#165= IFCPOLYLOOP((#160,#153,#156,#161));
#166= IFCFACEOUTERBOUND(#165,.T.);
#167= IFCFACE((#166));
#168= IFCCARTESIANPOINT((-45.1506318571774,-107.824630785399,18.608027531176));
#169= IFCCARTESIANPOINT((-49.9161810147489,-106.895259079516,13.2696320440737));
#170= IFCPOLYLOOP((#168,#169,#154,#153));
#171= IFCFACEOUTERBOUND(#170,.T.);
#172= IFCFACE((#171));
#173= IFCCARTESIANPOINT((-51.3771218937763,-105.006937470793,20.9240765648356));
#174= IFCPOLYLOOP((#169,#173,#160,#154));
#175= IFCFACEOUTERBOUND(#174,.T.);
#176= IFCFACE((#175));
#177= IFCPOLYLOOP((#173,#168,#153,#160));
#178= IFCFACEOUTERBOUND(#177,.T.);
#179= IFCFACE((#178));
#180= IFCCARTESIANPOINT((-54.5671167166147,-118.871702571651,15.3364880917579));
#181= IFCPOLYLOOP((#135,#180,#169,#168));
#182= IFCFACEOUTERBOUND(#181,.T.);
#183= IFCFACE((#182));
#184= IFCCARTESIANPOINT((-58.976649604534,-124.576185473539,24.3012743622967));
#185= IFCPOLYLOOP((#180,#184,#173,#169));
#186= IFCFACEOUTERBOUND(#185,.T.);
#187= IFCFACE((#186));
#188= IFCPOLYLOOP((#184,#135,#168,#173));
#189= IFCFACEOUTERBOUND(#188,.T.);
#190= IFCFACE((#189));
#191= IFCPOLYLOOP((#161,#156,#155));
#192= IFCFACEOUTERBOUND(#191,.T.);
#193= IFCFACE((#192));
#194= IFCPOLYLOOP((#184,#180,#135));
#195= IFCFACEOUTERBOUND(#194,.T.);
#196= IFCFACE((#195));
#197= IFCCARTESIANPOINT((3.2779820017895,-3.63797880709171E-12,7.27595761418343E-12));
#198= IFCCARTESIANPOINT((0.0308054009074112,-0.202934135711985,-8.48285433901037));
#199= IFCCARTESIANPOINT((5.81160933476349,-8.16818843338115,-15.0300251838489));
#200= IFCCARTESIANPOINT((6.48412162855675,-4.41767576504935,-3.6311807369857));
#201= IFCPOLYLOOP((#197,#198,#199,#200));
#202= IFCFACEOUTERBOUND(#201,.T.);
#203= IFCFACE((#202));
#204= IFCCARTESIANPOINT((7.04127021282329,8.4828543390031,-0.202934135690157));
#205= IFCCARTESIANPOINT((14.3578050656361,-1.59845292323371,-8.48942927055759));
#206= IFCPOLYLOOP((#198,#204,#205,#199));
#207= IFCFACEOUTERBOUND(#206,.T.);
#208= IFCFACE((#207));
#209= IFCPOLYLOOP((#204,#197,#200,#205));
#210= IFCFACEOUTERBOUND(#209,.T.);
#211= IFCFACE((#210));
#212= IFCCARTESIANPOINT((-11.7898720848025,-0.202934135711985,-8.48285433903948));
#213= IFCPOLYLOOP((#156,#212,#198,#197));
#214= IFCFACEOUTERBOUND(#213,.T.);
#215= IFCFACE((#214));
#216= IFCCARTESIANPOINT((-7.9196936593944,8.48285433901765,-0.202934135733813));
#217= IFCPOLYLOOP((#212,#216,#204,#198));
#218= IFCFACEOUTERBOUND(#217,.T.);
#219= IFCFACE((#218));
#220= IFCPOLYLOOP((#216,#156,#197,#204));
#221= IFCFACEOUTERBOUND(#220,.T.);
#222= IFCFACE((#221));
#223= IFCPOLYLOOP((#205,#200,#199));
#224= IFCFACEOUTERBOUND(#223,.T.);
#225= IFCFACE((#224));
#226= IFCPOLYLOOP((#216,#212,#156));
#227= IFCFACEOUTERBOUND(#226,.T.);
#228= IFCFACE((#227));
#229= IFCCARTESIANPOINT((-35.3885282268311,-112.242306550423,14.9768467941758));
#230= IFCCARTESIANPOINT((-35.3885282268602,-113.469503942535,7.86582411950803));
#231= IFCCARTESIANPOINT((-40.0394639286969,-125.445947434629,9.93268016717775));
#232= IFCCARTESIANPOINT((-40.4482834142691,-125.271485186913,17.2253804827269));
#233= IFCPOLYLOOP((#229,#230,#231,#232));
#234= IFCFACEOUTERBOUND(#233,.T.);
#235= IFCFACE((#234));
#236= IFCCARTESIANPOINT((-29.1620381901739,-115.059999865061,12.6607977604945));
#237= IFCCARTESIANPOINT((-36.761565900917,-134.629247867822,16.0379955579483));
#238= IFCPOLYLOOP((#230,#236,#237,#231));
#239= IFCFACEOUTERBOUND(#238,.T.);
#240= IFCFACE((#239));
#241= IFCPOLYLOOP((#236,#229,#232,#237));
#242= IFCFACEOUTERBOUND(#241,.T.);
#243= IFCFACE((#242));
#244= IFCCARTESIANPOINT((1.42436644114787,-17.4468544014308,-1.38264704845642));
#245= IFCCARTESIANPOINT((1.42436644113332,-18.6740517935359,-8.49366972312419));
#246= IFCPOLYLOOP((#244,#245,#230,#229));
#247= IFCFACEOUTERBOUND(#246,.T.);
#248= IFCFACE((#247));
#249= IFCCARTESIANPOINT((7.65085647781962,-20.2645477160659,-3.69869608214503));
#250= IFCPOLYLOOP((#245,#249,#236,#230));
#251= IFCFACEOUTERBOUND(#250,.T.);
#252= IFCFACE((#251));
#253= IFCPOLYLOOP((#249,#244,#229,#236));
#254= IFCFACEOUTERBOUND(#253,.T.);
#255= IFCFACE((#254));
#256= IFCCARTESIANPOINT((6.07530214295548,-6.69760830151063,-10.5605257707866));
#257= IFCPOLYLOOP((#200,#256,#245,#244));
#258= IFCFACEOUTERBOUND(#257,.T.);
#259= IFCFACE((#258));
#260= IFCCARTESIANPOINT((15.2503841885336,-0.695299713450368,-7.07589387958433));
#261= IFCPOLYLOOP((#256,#260,#249,#245));
#262= IFCFACEOUTERBOUND(#261,.T.);
#263= IFCFACE((#262));
#264= IFCPOLYLOOP((#260,#200,#244,#249));
#265= IFCFACEOUTERBOUND(#264,.T.);
#266= IFCFACE((#265));
#267= IFCPOLYLOOP((#237,#232,#231));
#268= IFCFACEOUTERBOUND(#267,.T.);
#269= IFCFACE((#268));
#270= IFCPOLYLOOP((#260,#256,#200));
#271= IFCFACEOUTERBOUND(#270,.T.);
#272= IFCFACE((#271));
#273= IFCCARTESIANPOINT((-39.7757711205195,-125.55847739381,5.22881282885646));
#274= IFCPOLYLOOP((#232,#273,#133,#132));
#275= IFCFACEOUTERBOUND(#274,.T.);
#276= IFCFACE((#275));
#277= IFCCARTESIANPOINT((-36.9924323601736,-133.828450554156,14.3303978732074));
#278= IFCPOLYLOOP((#273,#277,#139,#133));
#279= IFCFACEOUTERBOUND(#278,.T.);
#280= IFCFACE((#279));
#281= IFCPOLYLOOP((#277,#232,#132,#139));
#282= IFCFACEOUTERBOUND(#281,.T.);
#283= IFCFACE((#282));
#284= IFCPOLYLOOP((#139,#132,#133));
#285= IFCFACEOUTERBOUND(#284,.T.);
#286= IFCFACE((#285));
#287= IFCPOLYLOOP((#277,#273,#232));
#288= IFCFACEOUTERBOUND(#287,.T.);
#289= IFCFACE((#288));
#290= IFCCLOSEDSHELL((#138,#143,#146,#149,#152,#159,#164,#167,#172,#176,#179,#183,#187,#190,#193,#196,#203,#208,#211,#215,#219,#222,#225,#228,#235,#240,#243,#248,#252,#255,#259,#263,#266,#269,#272,#276,#280,#283,#286,#289));
#291= IFCFACETEDBREP(#290);
#292= IFCSHAPEREPRESENTATION(#12,'Body','Brep',(#291));
#293= IFCCARTESIANPOINT((-45.3293352295441,21.6008850737489,125.166810603168));
#294= IFCCARTESIANPOINT((-50.2103870447172,20.8565612198217,120.853809421347));
#295= IFCCARTESIANPOINT((-45.1506318572647,18.6080275312561,107.8246307849));
#296= IFCCARTESIANPOINT((-8.33773718919838,2.24853368854383,13.0291786363268));
#297= IFCCARTESIANPOINT((6.4841216285422,-3.6311807369857,4.41767576506754));
#298= IFCCARTESIANPOINT((1.42436644113332,-1.38264704844187,17.4468544013871));
#299= IFCCARTESIANPOINT((-35.388528226933,14.9768467942704,112.242306549953));
#300= IFCCARTESIANPOINT((-40.448283414371,17.2253804828288,125.271485186375));
#301= IFCPOLYLINE((#293,#294,#295,#296,#156,#197,#297,#298,#299,#300,#293));
#302= IFCSHAPEREPRESENTATION(#13,'Axis','GeometricCurveSet',(#301));
#303= IFCPRODUCTDEFINITIONSHAPE($,$,(#292,#302));
#304= IFCFASTENER('3a7jultvn9$AWx60HCz4iW',#44,'Weld',$,$,#131,#303,'IDe41ede2f-df9c-49fc-a83b-18044cf44b20');
#305= IFCPROPERTYSINGLEVALUE('FieldWeld',$,IFCBOOLEAN(.F.),$);
#306= IFCPROPERTYSINGLEVALUE('WeldDescription',$,$,$);
#307= IFCPROPERTYSINGLEVALUE('WeldCategory',$,IFCLABEL('Ninguno'),$);
#308= IFCPROPERTYSINGLEVALUE('WPSCode',$,IFCIDENTIFIER('Ninguno'),$);
#309= IFCPROPERTYSINGLEVALUE('WeldID',$,IFCINTEGER(115411188),$);
#310= IFCPROPERTYSINGLEVALUE('z',$,IFCPOSITIVELENGTHMEASURE(6.),$);
#311= IFCPROPERTYSINGLEVALUE('s',$,IFCPOSITIVELENGTHMEASURE(0.),$);
#312= IFCPROPERTYSINGLEVALUE('n',$,$,$);
#313= IFCPROPERTYSINGLEVALUE('l',$,IFCPOSITIVELENGTHMEASURE(288.9),$);
#314= IFCPROPERTYSINGLEVALUE('e',$,IFCPOSITIVELENGTHMEASURE(0.),$);
#315= IFCPROPERTYSINGLEVALUE('d',$,IFCPOSITIVELENGTHMEASURE(0.),$);
#316= IFCPROPERTYSINGLEVALUE('c',$,IFCPOSITIVELENGTHMEASURE(6.),$);
#317= IFCPROPERTYSINGLEVALUE('a',$,IFCPOSITIVELENGTHMEASURE(0.),$);
#318= IFCPROPERTYSINGLEVALUE('Staggered',$,IFCBOOLEAN(.F.),$);
#319= IFCPROPERTYSINGLEVALUE('Intermittent',$,IFCBOOLEAN(.F.),$);
#320= IFCPROPERTYSINGLEVALUE('WeldType1',$,IFCLABEL('SOLDADURA'),$);
#321= IFCPROPERTYSET('3dqtrYVuH5pw5KCO4Q1QKg',#5,'AISC_EM11_Pset_Weld','WeldIdentity',(#305,#306,#307,#308,#309,#310,#311,#312,#313,#314,#315,#316,#317,#318,#319,#320));
#322= IFCCARTESIANPOINT((65780.5519800056,7507.46590883624,52771.8273772373));
#323= IFCAXIS2PLACEMENT3D(#322,#128,#129);
#324= IFCLOCALPLACEMENT(#123,#323);
#325= IFCSHAPEREPRESENTATION(#12,'Body','Brep',(#291));
#326= IFCSHAPEREPRESENTATION(#13,'Axis','GeometricCurveSet',(#301));
#327= IFCPRODUCTDEFINITIONSHAPE($,$,(#325,#326));
#328= IFCFASTENER('0R5YIroSrCSgCcev2LEa0D',#44,'Weld',$,$,#324,#327,'ID1b1624b5-c9cd-4c72-a326-a390953a400d');
#329= IFCPROPERTYSINGLEVALUE('WeldID',$,IFCINTEGER(115411143),$);
#330= IFCPROPERTYSET('3H7ZRbwcX1kecJb81q3DnU',#5,'AISC_EM11_Pset_Weld','WeldIdentity',(#305,#306,#307,#308,#329,#310,#311,#312,#313,#314,#315,#316,#317,#318,#319,#320));
#331= IFCCARTESIANPOINT((65827.664,7493.581,52714.998));
#332= IFCDIRECTION((0.,-1.,0.));
#333= IFCAXIS2PLACEMENT3D(#331,#332,#9);
#334= IFCLOCALPLACEMENT(#123,#333);
#335= IFCCARTESIANPOINT((-95.,0.24229806229414,4.23571619081122));
#336= IFCCARTESIANPOINT((-95.,0.,0.));
#337= IFCCARTESIANPOINT((95.,0.,0.));
#338= IFCCARTESIANPOINT((95.,0.24229806229414,4.23571619081122));
#339= IFCPOLYLOOP((#335,#336,#337,#338));
#340= IFCFACEOUTERBOUND(#339,.T.);
#341= IFCFACE((#340));
#342= IFCCARTESIANPOINT((-95.,4.23571619081486,-0.242298062309601));
#343= IFCCARTESIANPOINT((95.,4.23571619081486,-0.242298062309601));
#344= IFCPOLYLOOP((#336,#342,#343,#337));
#345= IFCFACEOUTERBOUND(#344,.T.);
#346= IFCFACE((#345));
#347= IFCPOLYLOOP((#342,#335,#338,#343));
#348= IFCFACEOUTERBOUND(#347,.T.);
#349= IFCFACE((#348));
#350= IFCPOLYLOOP((#343,#338,#337));
#351= IFCFACEOUTERBOUND(#350,.T.);
#352= IFCFACE((#351));
#353= IFCPOLYLOOP((#342,#336,#335));
#354= IFCFACEOUTERBOUND(#353,.T.);
#355= IFCFACE((#354));
#356= IFCCARTESIANPOINT((95.,-5.74770193769655,4.57871619079015));
#357= IFCCARTESIANPOINT((95.,-5.98999999999069,0.342999999999847));
#358= IFCCARTESIANPOINT((-95.,-5.98999999999069,0.342999999999847));
#359= IFCCARTESIANPOINT((-95.,-5.74770193769655,4.57871619079015));
#360= IFCPOLYLOOP((#356,#357,#358,#359));
#361= IFCFACEOUTERBOUND(#360,.T.);
#362= IFCFACE((#361));
#363= IFCCARTESIANPOINT((95.,-10.2257161907764,0.585298062308539));
#364= IFCCARTESIANPOINT((-95.,-10.2257161907764,0.585298062308539));
#365= IFCPOLYLOOP((#357,#363,#364,#358));
#366= IFCFACEOUTERBOUND(#365,.T.);
#367= IFCFACE((#366));
#368= IFCPOLYLOOP((#363,#356,#359,#364));
#369= IFCFACEOUTERBOUND(#368,.T.);
#370= IFCFACE((#369));
#371= IFCPOLYLOOP((#364,#359,#358));
#372= IFCFACEOUTERBOUND(#371,.T.);
#373= IFCFACE((#372));
#374= IFCPOLYLOOP((#363,#357,#356));
#375= IFCFACEOUTERBOUND(#374,.T.);
#376= IFCFACE((#375));
#377= IFCCLOSEDSHELL((#341,#346,#349,#352,#355,#362,#367,#370,#373,#376));
#378= IFCFACETEDBREP(#377);
#379= IFCSHAPEREPRESENTATION(#12,'Body','Brep',(#378));
#380= IFCPOLYLINE((#336,#337));
#381= IFCCARTESIANPOINT((95.,0.342999999999847,5.98999999999069));
#382= IFCCARTESIANPOINT((-95.,0.342999999999847,5.98999999999069));
#383= IFCPOLYLINE((#381,#382));
#384= IFCSHAPEREPRESENTATION(#13,'Axis','GeometricCurveSet',(#380,#383));
#385= IFCPRODUCTDEFINITIONSHAPE($,$,(#379,#384));
#386= IFCFASTENER('2GW7r71ev5rO6YxQXvq0lK',#44,'Weld',$,$,#334,#385,'ID90807d47-068e-45d5-81a2-eda879d00bd4');
#387= IFCPROPERTYSINGLEVALUE('WeldID',$,IFCINTEGER(115411081),$);
#388= IFCPROPERTYSINGLEVALUE('z',$,IFCPOSITIVELENGTHMEASURE(3.),$);
#389= IFCPROPERTYSINGLEVALUE('l',$,IFCPOSITIVELENGTHMEASURE(190.),$);
#390= IFCPROPERTYSINGLEVALUE('d',$,IFCPOSITIVELENGTHMEASURE(3.),$);
#391= IFCPROPERTYSINGLEVALUE('c',$,IFCPOSITIVELENGTHMEASURE(3.),$);
#392= IFCPROPERTYSET('3qdDOH1yDDrg_vnDanpoBy',#5,'AISC_EM11_Pset_Weld','WeldIdentity',(#305,#306,#307,#308,#387,#388,#311,#312,#389,#314,#390,#391,#317,#318,#319,#320));
#393= IFCCARTESIANPOINT((65827.5176275087,7438.49955163118,52619.9981994629));
#394= IFCDIRECTION((0.0571102009751339,0.998367880565365,0.));
#395= IFCAXIS2PLACEMENT3D(#393,#9,#394);
#396= IFCLOCALPLACEMENT(#123,#395);
#397= IFCRECTANGLEPROFILEDEF(.AREA.,'PL6*110',#73,6.,110.);
#398= IFCCARTESIANPOINT((0.,0.,190.000000000007));
#399= IFCAXIS2PLACEMENT3D(#398,#57,#8);
#400= IFCEXTRUDEDAREASOLID(#397,#399,#9,190.);
#401= IFCSHAPEREPRESENTATION(#12,'Body','SweptSolid',(#400));
#402= IFCPRODUCTDEFINITIONSHAPE($,$,(#401));
#403= IFCDISCRETEACCESSORY('1KCwZ8pcj7dhiW4JQrSjn$',#44,'Support section',$,$,#396,#402,'1050(?)');
#404= IFCLOCALPLACEMENT(#123,#58);
#405= IFCCIRCLEPROFILEDEF(.AREA.,$,#73,9.5);
#406= IFCCARTESIANPOINT((0.,-9.19999990278935,0.));
#407= IFCAXIS2PLACEMENT3D(#406,#8,#7);
#408= IFCEXTRUDEDAREASOLID(#405,#407,#9,6.2);
#409= IFCSHAPEREPRESENTATION(#12,'Body','SweptSolid',(#408));
#410= IFCREPRESENTATIONMAP(#10,#409);
#411= IFCMAPPEDITEM(#410,#86);
#412= IFCMAPPEDITEM(#410,#91);
#413= IFCMAPPEDITEM(#410,#94);
#414= IFCSHAPEREPRESENTATION(#12,'Body','MappedRepresentation',(#411,#412,#413));
#415= IFCPRODUCTDEFINITIONSHAPE($,$,(#414));
#416= IFCOPENINGELEMENT('2PudA29nn5KhRrb_EvX4zg',#5,$,$,'Opening',#404,#415,$);
#417= IFCRELVOIDSELEMENT('0eEOFfkXHAeQA9$qya27d2',#5,'Drill Hole',$,#403,#416);
#418= IFCPROPERTYSINGLEVALUE('FeatureSubTypes',$,IFCLABEL('TORNILLO'),$);
#419= IFCPROPERTYSINGLEVALUE('RectangleOpeningWidth',$,$,$);
#420= IFCPROPERTYSINGLEVALUE('RectangleOpeningHeight',$,$,$);
#421= IFCPROPERTYSINGLEVALUE('OpeningDiameter',$,$,$);
#422= IFCPROPERTYSET('1ax6VSi2z0yeyQowo3KUad',#5,'AISC_EM11_Pset_Opening/Cope',$,(#418,#419,#420,#421));
#423= IFCPROPERTYSINGLEVALUE('PieceMark',$,IFCIDENTIFIER('PLACA'),$);
#424= IFCPROPERTYSINGLEVALUE('IndicationMark',$,IFCIDENTIFIER('1050(?)'),$);
#425= IFCPROPERTYSINGLEVALUE('PrelimMark',$,IFCIDENTIFIER(''),$);
#426= IFCPROPERTYSINGLEVALUE('MainPieceTag',$,IFCBOOLEAN(.F.),$);
#427= IFCPROPERTYSET('2q9Z9KxsL3Kw6rR9yx0HwC',#5,'AISC_EM11_Pset_PieceIdentification','PieceIdentity',(#423,#424,#425,#426));
#428= IFCPROPERTYSINGLEVALUE('MaterialType',$,IFCIDENTIFIER('STEEL'),$);
#429= IFCPROPERTYSINGLEVALUE('MaterialGrade',$,IFCIDENTIFIER('S235JR'),$);
#430= IFCPROPERTYSET('1Rkjhvb8j97P017bdoUv_k',#5,'AISC_EM11_Pset_Material',$,(#428,#429));
#431= IFCMATERIAL('STEEL/S235JR');
#432= IFCCARTESIANPOINT((65897.8801016252,7758.00260377671,52644.9989501104));
#433= IFCDIRECTION((9.90096887107936E-08,1.73016938424552E-06,0.999999999998498));
#434= IFCDIRECTION((-0.0571102009750579,-0.998367880563866,1.73300000382367E-06));
#435= IFCAXIS2PLACEMENT3D(#432,#433,#434);
#436= IFCLOCALPLACEMENT(#123,#435);
#437= IFCCARTESIANPOINT((2.18278728425503E-11,-7.99999999992724,-7.27595761418343E-12));
#438= IFCCARTESIANPOINT((-9.80335425992962E-06,-5.65685424944968,-5.65685424949334));
#439= IFCCARTESIANPOINT((241.499984811971,-5.65685424765979,-5.6572727701423));
#440= IFCCARTESIANPOINT((241.499994615348,-7.99999999815191,-0.000418520663515665));
#441= IFCPOLYLOOP((#437,#438,#439,#440));
#442= IFCFACEOUTERBOUND(#441,.T.);
#443= IFCFACE((#442));
#444= IFCCARTESIANPOINT((-1.38640589284478E-05,7.27595761418343E-12,-8.));
#445= IFCCARTESIANPOINT((241.499980751269,1.80443748831749E-09,-8.00041852064896));
#446= IFCPOLYLOOP((#438,#444,#445,#439));
#447= IFCFACEOUTERBOUND(#446,.T.);
#448= IFCFACE((#447));
#449= IFCCARTESIANPOINT((-9.80338336376008E-06,5.6568542494424,-5.65685424947151));
#450= IFCCARTESIANPOINT((241.499984811942,5.65685425123957,-5.65727277012775));
#451= IFCPOLYLOOP((#444,#449,#450,#445));
#452= IFCFACEOUTERBOUND(#451,.T.);
#453= IFCFACE((#452));
#454= IFCCARTESIANPOINT((-2.00088834390044E-11,7.99999999995634,1.45519152283669E-11));
#455= IFCCARTESIANPOINT((241.499994615308,8.00000000173895,-0.000418520641687792));
#456= IFCPOLYLOOP((#449,#454,#455,#450));
#457= IFCFACEOUTERBOUND(#456,.T.);
#458= IFCFACE((#457));
#459= IFCCARTESIANPOINT((9.80335425992962E-06,5.65685424946423,5.65685424950789));
#460= IFCCARTESIANPOINT((241.500004418678,5.65685425127594,5.65643572885165));
#461= IFCPOLYLOOP((#454,#459,#460,#455));
#462= IFCFACEOUTERBOUND(#461,.T.);
#463= IFCFACE((#462));
#464= IFCCARTESIANPOINT((1.38640571094584E-05,2.18278728425503E-11,8.00000000000728));
#465= IFCCARTESIANPOINT((241.500008479383,1.81171344593167E-09,7.99958147935104));
#466= IFCPOLYLOOP((#459,#464,#465,#460));
#467= IFCFACEOUTERBOUND(#466,.T.);
#468= IFCFACE((#467));
#469= IFCCARTESIANPOINT((9.80338336376008E-06,-5.65685424942785,5.65685424948606));
#470= IFCCARTESIANPOINT((241.500004418709,-5.65685424763797,5.6564357288371));
#471= IFCPOLYLOOP((#464,#469,#470,#465));
#472= IFCFACEOUTERBOUND(#471,.T.);
#473= IFCFACE((#472));
#474= IFCPOLYLOOP((#469,#437,#440,#470));
#475= IFCFACEOUTERBOUND(#474,.T.);
#476= IFCFACE((#475));
#477= IFCPOLYLOOP((#469,#464,#459,#454,#449,#444,#438,#437));
#478= IFCFACEOUTERBOUND(#477,.T.);
#479= IFCFACE((#478));
#480= IFCCARTESIANPOINT((255.65683906155,-5.65685424755793,-5.65729730404564));
#481= IFCCARTESIANPOINT((249.999994615406,-7.99999999807915,-0.00043325120350346));
#482= IFCPOLYLOOP((#440,#439,#480,#481));
#483= IFCFACEOUTERBOUND(#482,.T.);
#484= IFCFACE((#483));
#485= IFCCARTESIANPOINT((257.999980751361,1.91357685253024E-09,-8.00044711522787));
#486= IFCPOLYLOOP((#439,#445,#485,#480));
#487= IFCFACEOUTERBOUND(#486,.T.);
#488= IFCFACE((#487));
#489= IFCCARTESIANPOINT((255.656839061505,5.6568542513487,-5.65729730402381));
#490= IFCPOLYLOOP((#445,#450,#489,#485));
#491= IFCFACEOUTERBOUND(#490,.T.);
#492= IFCFACE((#491));
#493= IFCCARTESIANPOINT((249.999994615338,8.00000000180444,-0.000433251181675587));
#494= IFCPOLYLOOP((#450,#455,#493,#489));
#495= IFCFACEOUTERBOUND(#494,.T.);
#496= IFCFACE((#495));
#497= IFCCARTESIANPOINT((244.343150169192,5.6568542512905,5.65643080166046));
#498= IFCPOLYLOOP((#455,#460,#497,#493));
#499= IFCFACEOUTERBOUND(#498,.T.);
#500= IFCFACE((#499));
#501= IFCCARTESIANPOINT((242.000008479383,1.81898940354586E-09,7.99958061285724));
#502= IFCPOLYLOOP((#460,#465,#501,#497));
#503= IFCFACEOUTERBOUND(#502,.T.);
#504= IFCFACE((#503));
#505= IFCCARTESIANPOINT((244.343150169238,-5.65685424760886,5.65643080165319));
#506= IFCPOLYLOOP((#465,#470,#505,#501));
#507= IFCFACEOUTERBOUND(#506,.T.);
#508= IFCFACE((#507));
#509= IFCPOLYLOOP((#470,#440,#481,#505));
#510= IFCFACEOUTERBOUND(#509,.T.);
#511= IFCFACE((#510));
#512= IFCCARTESIANPOINT((255.656863595374,-5.656854247507,8.49955694555683));
#513= IFCCARTESIANPOINT((250.000009345902,-7.99999999805004,8.49956674886926));
#514= IFCPOLYLOOP((#481,#480,#512,#513));
#515= IFCFACEOUTERBOUND(#514,.T.);
#516= IFCFACE((#515));
#517= IFCCARTESIANPOINT((258.000009345855,1.97178451344371E-09,8.49955288489582));
#518= IFCPOLYLOOP((#480,#485,#517,#512));
#519= IFCFACEOUTERBOUND(#518,.T.);
#520= IFCFACE((#519));
#521= IFCCARTESIANPOINT((255.656863595328,5.65685425139964,8.49955694555683));
#522= IFCPOLYLOOP((#485,#489,#521,#517));
#523= IFCFACEOUTERBOUND(#522,.T.);
#524= IFCFACE((#523));
#525= IFCCARTESIANPOINT((250.000009345837,8.00000000183354,8.49956674886926));
#526= IFCPOLYLOOP((#489,#493,#525,#521));
#527= IFCFACEOUTERBOUND(#526,.T.);
#528= IFCFACE((#527));
#529= IFCCARTESIANPOINT((244.343155096363,5.65685425129777,8.49957655218168));
#530= IFCPOLYLOOP((#493,#497,#529,#525));
#531= IFCFACEOUTERBOUND(#530,.T.);
#532= IFCFACE((#531));
#533= IFCCARTESIANPOINT((242.000009345882,1.83354131877422E-09,8.49958061285724));
#534= IFCPOLYLOOP((#497,#501,#533,#529));
#535= IFCFACEOUTERBOUND(#534,.T.);
#536= IFCFACE((#535));
#537= IFCCARTESIANPOINT((244.343155096409,-5.65685424760159,8.49957655218896));
#538= IFCPOLYLOOP((#501,#505,#537,#533));
#539= IFCFACEOUTERBOUND(#538,.T.);
#540= IFCFACE((#539));
#541= IFCPOLYLOOP((#505,#481,#513,#537));
#542= IFCFACEOUTERBOUND(#541,.T.);
#543= IFCFACE((#542));
#544= IFCCARTESIANPOINT((255.657042094337,-5.65685424720141,111.499556948533));
#545= IFCCARTESIANPOINT((250.000187844866,-7.99999999773718,111.499566751845));
#546= IFCPOLYLOOP((#513,#512,#544,#545));
#547= IFCFACEOUTERBOUND(#546,.T.);
#548= IFCFACE((#547));
#549= IFCCARTESIANPOINT((258.000187844817,2.2846506908536E-09,111.499552887864));
#550= IFCPOLYLOOP((#512,#517,#549,#544));
#551= IFCFACEOUTERBOUND(#550,.T.);
#552= IFCFACE((#551));
#553= IFCCARTESIANPOINT((255.65704209429,5.6568542517125,111.499556948533));
#554= IFCPOLYLOOP((#517,#521,#553,#549));
#555= IFCFACEOUTERBOUND(#554,.T.);
#556= IFCFACE((#555));
#557= IFCCARTESIANPOINT((250.000187844798,8.00000000214641,111.499566751838));
#558= IFCPOLYLOOP((#521,#525,#557,#553));
#559= IFCFACEOUTERBOUND(#558,.T.);
#560= IFCFACE((#559));
#561= IFCCARTESIANPOINT((244.343333595325,5.65685425161064,111.49957655515));
#562= IFCPOLYLOOP((#525,#529,#561,#557));
#563= IFCFACEOUTERBOUND(#562,.T.);
#564= IFCFACE((#563));
#565= IFCCARTESIANPOINT((242.000187844846,2.14640749618411E-09,111.499580615826));
#566= IFCPOLYLOOP((#529,#533,#565,#561));
#567= IFCFACEOUTERBOUND(#566,.T.);
#568= IFCFACE((#567));
#569= IFCCARTESIANPOINT((244.343333595372,-5.65685424728872,111.499576555158));
#570= IFCPOLYLOOP((#533,#537,#569,#565));
#571= IFCFACEOUTERBOUND(#570,.T.);
#572= IFCFACE((#571));
#573= IFCPOLYLOOP((#537,#513,#545,#569));
#574= IFCFACEOUTERBOUND(#573,.T.);
#575= IFCFACE((#574));
#576= IFCCARTESIANPOINT((255.65706662816,-5.6568542471432,125.656411198026));
#577= IFCCARTESIANPOINT((250.000202575362,-7.99999999770807,119.99956675186));
#578= IFCPOLYLOOP((#545,#544,#576,#577));
#579= IFCFACEOUTERBOUND(#578,.T.);
#580= IFCFACE((#579));
#581= IFCCARTESIANPOINT((258.00021643931,2.33558239415288E-09,127.999552887857));
#582= IFCPOLYLOOP((#544,#549,#581,#576));
#583= IFCFACEOUTERBOUND(#582,.T.);
#584= IFCFACE((#583));
#585= IFCCARTESIANPOINT((255.657066628115,5.65685425176343,125.656411198004));
#586= IFCPOLYLOOP((#549,#553,#585,#581));
#587= IFCFACEOUTERBOUND(#586,.T.);
#588= IFCFACE((#587));
#589= IFCCARTESIANPOINT((250.000202575296,8.00000000217551,119.999566751823));
#590= IFCPOLYLOOP((#553,#557,#589,#585));
#591= IFCFACEOUTERBOUND(#590,.T.);
#592= IFCFACE((#591));
#593= IFCCARTESIANPOINT((244.343338522496,5.65685425161791,114.34272230565));
#594= IFCPOLYLOOP((#557,#561,#593,#589));
#595= IFCFACEOUTERBOUND(#594,.T.);
#596= IFCFACE((#595));
#597= IFCCARTESIANPOINT((242.000188711345,2.14640749618411E-09,111.999580615826));
#598= IFCPOLYLOOP((#561,#565,#597,#593));
#599= IFCFACEOUTERBOUND(#598,.T.);
#600= IFCFACE((#599));
#601= IFCCARTESIANPOINT((244.343338522543,-5.65685424728144,114.342722305686));
#602= IFCPOLYLOOP((#565,#569,#601,#597));
#603= IFCFACEOUTERBOUND(#602,.T.);
#604= IFCFACE((#603));
#605= IFCPOLYLOOP((#569,#545,#577,#601));
#606= IFCFACEOUTERBOUND(#605,.T.);
#607= IFCFACE((#606));
#608= IFCCARTESIANPOINT((241.500212378687,-5.65685424723779,125.656435731828));
#609= IFCCARTESIANPOINT((241.500202575362,-7.99999999775901,119.999581482349));
#610= IFCPOLYLOOP((#577,#576,#608,#609));
#611= IFCFACEOUTERBOUND(#610,.T.);
#612= IFCFACE((#611));
#613= IFCCARTESIANPOINT((241.500216439346,2.23371898755431E-09,127.99958148232));
#614= IFCPOLYLOOP((#576,#581,#613,#608));
#615= IFCFACEOUTERBOUND(#614,.T.);
#616= IFCFACE((#615));
#617= IFCCARTESIANPOINT((241.500212378665,5.65685425166157,125.656435731798));
#618= IFCPOLYLOOP((#581,#585,#617,#613));
#619= IFCFACEOUTERBOUND(#618,.T.);
#620= IFCFACE((#619));
#621= IFCCARTESIANPOINT((241.500202575333,8.00000000212458,119.999581482305));
#622= IFCPOLYLOOP((#585,#589,#621,#617));
#623= IFCFACEOUTERBOUND(#622,.T.);
#624= IFCFACE((#623));
#625= IFCCARTESIANPOINT((241.500192772008,5.65685425160336,114.342727232819));
#626= IFCPOLYLOOP((#589,#593,#625,#621));
#627= IFCFACEOUTERBOUND(#626,.T.);
#628= IFCFACE((#627));
#629= IFCCARTESIANPOINT((241.500188711347,2.13913153856993E-09,111.99958148232));
#630= IFCPOLYLOOP((#593,#597,#629,#625));
#631= IFCFACEOUTERBOUND(#630,.T.);
#632= IFCFACE((#631));
#633= IFCCARTESIANPOINT((241.50019277203,-5.65685424731055,114.342727232848));
#634= IFCPOLYLOOP((#597,#601,#633,#629));
#635= IFCFACEOUTERBOUND(#634,.T.);
#636= IFCFACE((#635));
#637= IFCPOLYLOOP((#601,#577,#609,#633));
#638= IFCFACEOUTERBOUND(#637,.T.);
#639= IFCFACE((#638));
#640= IFCCARTESIANPOINT((0.00021576583640126,-5.65685424885305,125.656854250745));
#641= IFCCARTESIANPOINT((0.000205962511245161,-7.99999999937427,120.000000001266));
#642= IFCPOLYLOOP((#609,#608,#640,#641));
#643= IFCFACEOUTERBOUND(#642,.T.);
#644= IFCFACE((#643));
#645= IFCCARTESIANPOINT((0.000219826497414033,6.03904481977224E-10,128.000000001251));
#646= IFCPOLYLOOP((#608,#613,#645,#640));
#647= IFCFACEOUTERBOUND(#646,.T.);
#648= IFCFACE((#647));
#649= IFCCARTESIANPOINT((0.000215765816392377,5.65685425006086,125.656854250723));
#650= IFCPOLYLOOP((#613,#617,#649,#645));
#651= IFCFACEOUTERBOUND(#650,.T.);
#652= IFCFACE((#651));
#653= IFCCARTESIANPOINT((0.000205962482141331,8.00000000050932,120.00000000123));
#654= IFCPOLYLOOP((#617,#621,#653,#649));
#655= IFCFACEOUTERBOUND(#654,.T.);
#656= IFCFACE((#655));
#657= IFCCARTESIANPOINT((0.000196159158804221,5.6568542499881,114.343145751744));
#658= IFCPOLYLOOP((#621,#625,#657,#653));
#659= IFCFACEOUTERBOUND(#658,.T.);
#660= IFCFACE((#659));
#661= IFCCARTESIANPOINT((0.000192098497791449,5.23868948221207E-10,112.000000001244));
#662= IFCPOLYLOOP((#625,#629,#661,#657));
#663= IFCFACEOUTERBOUND(#662,.T.);
#664= IFCFACE((#663));
#665= IFCCARTESIANPOINT((0.000196159178813105,-5.65685424891126,114.343145751765));
#666= IFCPOLYLOOP((#629,#633,#665,#661));
#667= IFCFACEOUTERBOUND(#666,.T.);
#668= IFCFACE((#667));
#669= IFCPOLYLOOP((#633,#609,#641,#665));
#670= IFCFACEOUTERBOUND(#669,.T.);
#671= IFCFACE((#670));
#672= IFCPOLYLOOP((#645,#649,#653,#657,#661,#665,#641,#640));
#673= IFCFACEOUTERBOUND(#672,.T.);
#674= IFCFACE((#673));
#675= IFCCLOSEDSHELL((#443,#448,#453,#458,#463,#468,#473,#476,#479,#484,#488,#492,#496,#500,#504,#508,#511,#516,#520,#524,#528,#532,#536,#540,#543,#548,#552,#556,#560,#564,#568,#572,#575,#580,#584,#588,#592,#596,#600,#604,#607,#612,#616,#620,#624,#628,#632,#636,#639,#644,#648,#652,#656,#660,#664,#668,#671,#674));
#676= IFCFACETEDBREP(#675);
#677= IFCSHAPEREPRESENTATION(#12,'Body','Brep',(#676));
#678= IFCPRODUCTDEFINITIONSHAPE($,$,(#677));
#679= IFCDISCRETEACCESSORY('2KW9FU7kT6Vht0HLfIEC4O',#44,'Support section',$,$,#436,#678,'1497(?)');
#680= IFCPROPERTYSINGLEVALUE('PieceMark',$,IFCIDENTIFIER(''),$);
#681= IFCPROPERTYSINGLEVALUE('IndicationMark',$,IFCIDENTIFIER('1497(?)'),$);
#682= IFCPROPERTYSET('1wcQDTT5D56eUcipFWYQQU',#5,'AISC_EM11_Pset_PieceIdentification','PieceIdentity',(#680,#681,#425,#426));
#683= IFCCARTESIANPOINT((65798.0433135741,7763.71362387706,52644.9989501104));
#684= IFCAXIS2PLACEMENT3D(#683,#433,#434);
#685= IFCLOCALPLACEMENT(#123,#684);
#686= IFCSHAPEREPRESENTATION(#12,'Body','Brep',(#676));
#687= IFCPRODUCTDEFINITIONSHAPE($,$,(#686));
#688= IFCDISCRETEACCESSORY('3PK$2TNz53NOzk_4VNbfiB',#44,'Support section',$,$,#685,#687,'1497(?)');
#689= IFCCARTESIANPOINT((65837.034283541,7498.05325224436,52594.9981994629));
#690= IFCDIRECTION((-0.998367880565365,0.0571102009751378,0.));
#691= IFCAXIS2PLACEMENT3D(#689,#9,#690);
#692= IFCLOCALPLACEMENT(#123,#691);
#693= IFCRECTANGLEPROFILEDEF(.AREA.,'PL10*200',#73,10.,200.);
#694= IFCCARTESIANPOINT((0.,0.,240.000000000007));
#695= IFCAXIS2PLACEMENT3D(#694,#57,#8);
#696= IFCEXTRUDEDAREASOLID(#693,#695,#9,240.);
#697= IFCSHAPEREPRESENTATION(#12,'Body','SweptSolid',(#696));
#698= IFCPRODUCTDEFINITIONSHAPE($,$,(#697));
#699= IFCCOLUMN('1Kiq8OVrL7zu3d3JP0RWwC',#44,'main piece','PL10*200','PL10*200',#692,#698,'1496(?)');
#700= IFCPROPERTYSINGLEVALUE('IndicationMark',$,IFCIDENTIFIER('1496(?)'),$);
#701= IFCPROPERTYSINGLEVALUE('MainPieceTag',$,IFCBOOLEAN(.T.),$);
#702= IFCPROPERTYSET('0MApZygED49wLjAVOESc7z',#5,'AISC_EM11_Pset_PieceIdentification','PieceIdentity',(#680,#700,#425,#701));
#703= IFCPROPERTYSINGLEVALUE('SkewedAngleY',$,IFCREAL(0.),$);
#704= IFCPROPERTYSINGLEVALUE('SkewedAngleX',$,IFCREAL(0.),$);
#705= IFCPROPERTYSET('2X3I0WEE5CdAzTmviRmArh',#5,'AISC_EM11_Pset_SkewedEnd',$,(#703,#704));
#706= IFCPROPERTYSET('0T18cPk4j4fPp5m3xWR2Rk',#5,'AISC_EM11_Pset_SkewedEnd_2',$,(#703,#704));
#707= IFCLOCALPLACEMENT(#42,#10);
#708= IFCELEMENTASSEMBLY('2dYnga$6z5eBjX3hnstg2T',#44,'BEAM',$,$,#707,$,'B/742(?)',.NOTDEFINED.,.RIGID_FRAME.);
#709= IFCPROPERTYSINGLEVALUE('AssemblyMark',$,IFCIDENTIFIER('B/742(?)'),$);
#710= IFCPROPERTYSET('3YULu4CATFDBo_0kLk$X3F',#5,'AISC_EM11_Pset_AssemblyIdentification','AssemblyIdentity',(#709,#52,#53));
#711= IFCCARTESIANPOINT((63720.9585142965,7604.07580617343,52834.9981994629));
#712= IFCAXIS2PLACEMENT3D(#711,#56,#57);
#713= IFCLOCALPLACEMENT(#707,#712);
#714= IFCSHAPEREPRESENTATION(#12,'Body','MappedRepresentation',(#89,#92,#95));
#715= IFCSHAPEREPRESENTATION(#12,'Axis','MappedRepresentation',(#101,#102,#103));
#716= IFCPRODUCTDEFINITIONSHAPE($,$,(#714,#715));
#717= IFCMECHANICALFASTENER('0RONAV10b3GvkZssoWDj8U',#44,'Bolt assembly',$,$,#713,#716,'ID1b61729f-0409-4343-9ba3-db6ca036d21e',16.,40.);
#718= IFCLOCALPLACEMENT(#42,#10);
#719= IFCELEMENTASSEMBLY('0eMrPYkOf0488aJejoBuhd',#44,$,$,$,#718,$,'A/193(?)',.NOTDEFINED.,.RIGID_FRAME.);
#720= IFCCARTESIANPOINT((63765.1696518372,7622.75296087521,52771.8273772373));
#721= IFCAXIS2PLACEMENT3D(#720,#128,#129);
#722= IFCLOCALPLACEMENT(#718,#721);
#723= IFCSHAPEREPRESENTATION(#12,'Body','Brep',(#291));
#724= IFCSHAPEREPRESENTATION(#13,'Axis','GeometricCurveSet',(#301));
#725= IFCPRODUCTDEFINITIONSHAPE($,$,(#723,#724));
#726= IFCFASTENER('1klnQt28L4CxlDFmSAym7d',#44,'Weld',$,$,#722,#725,'ID6ebf16b7-0885-4433-bbcd-3f070af301e7');
#727= IFCPROPERTYSINGLEVALUE('WeldID',$,IFCINTEGER(115410798),$);
#728= IFCPROPERTYSET('26oFbiATnBJ9CAa2WBn2C6',#5,'AISC_EM11_Pset_Weld','WeldIdentity',(#305,#306,#307,#308,#727,#310,#311,#312,#313,#314,#315,#316,#317,#318,#319,#320));
#729= IFCCARTESIANPOINT((63665.3328637793,7628.46398097281,52771.8273772373));
#730= IFCAXIS2PLACEMENT3D(#729,#128,#129);
#731= IFCLOCALPLACEMENT(#718,#730);
#732= IFCSHAPEREPRESENTATION(#12,'Body','Brep',(#291));
#733= IFCSHAPEREPRESENTATION(#13,'Axis','GeometricCurveSet',(#301));
#734= IFCPRODUCTDEFINITIONSHAPE($,$,(#732,#733));
#735= IFCFASTENER('3wsc345vf2VwyKiHpe$71r',#44,'Weld',$,$,#731,#734,'IDfada60c4-179a-427f-af14-b11ce8fc7075');
#736= IFCPROPERTYSINGLEVALUE('WeldID',$,IFCINTEGER(115410753),$);
#737= IFCPROPERTYSET('06LCtxrdbAp8ytZIHY_ccP',#5,'AISC_EM11_Pset_Weld','WeldIdentity',(#305,#306,#307,#308,#736,#310,#311,#312,#313,#314,#315,#316,#317,#318,#319,#320));
#738= IFCCARTESIANPOINT((63718.435,7614.237,52714.998));
#739= IFCAXIS2PLACEMENT3D(#738,#332,#57);
#740= IFCLOCALPLACEMENT(#718,#739);
#741= IFCCARTESIANPOINT((-95.,-0.242298062315967,4.23571619080485));
#742= IFCCARTESIANPOINT((95.,-0.242298062315967,4.23571619080485));
#743= IFCPOLYLOOP((#741,#336,#337,#742));
#744= IFCFACEOUTERBOUND(#743,.T.);
#745= IFCFACE((#744));
#746= IFCCARTESIANPOINT((-95.,4.23571619080758,0.242298062307782));
#747= IFCCARTESIANPOINT((95.,4.23571619080758,0.242298062307782));
#748= IFCPOLYLOOP((#336,#746,#747,#337));
#749= IFCFACEOUTERBOUND(#748,.T.);
#750= IFCFACE((#749));
#751= IFCPOLYLOOP((#746,#741,#742,#747));
#752= IFCFACEOUTERBOUND(#751,.T.);
#753= IFCFACE((#752));
#754= IFCPOLYLOOP((#747,#742,#337));
#755= IFCFACEOUTERBOUND(#754,.T.);
#756= IFCFACE((#755));
#757= IFCPOLYLOOP((#746,#336,#741));
#758= IFCFACEOUTERBOUND(#757,.T.);
#759= IFCFACE((#758));
#760= IFCCARTESIANPOINT((95.,-6.2332980623105,3.89371619079338));
#761= IFCCARTESIANPOINT((95.,-5.99099999999453,-0.341999999999643));
#762= IFCCARTESIANPOINT((-95.,-5.99099999999453,-0.341999999999643));
#763= IFCCARTESIANPOINT((-95.,-6.2332980623105,3.89371619079338));
#764= IFCPOLYLOOP((#760,#761,#762,#763));
#765= IFCFACEOUTERBOUND(#764,.T.);
#766= IFCFACE((#765));
#767= IFCCARTESIANPOINT((95.,-10.2267161907876,-0.584298062306516));
#768= IFCCARTESIANPOINT((-95.,-10.2267161907876,-0.584298062306516));
#769= IFCPOLYLOOP((#761,#767,#768,#762));
#770= IFCFACEOUTERBOUND(#769,.T.);
#771= IFCFACE((#770));
#772= IFCPOLYLOOP((#767,#760,#763,#768));
#773= IFCFACEOUTERBOUND(#772,.T.);
#774= IFCFACE((#773));
#775= IFCPOLYLOOP((#768,#763,#762));
#776= IFCFACEOUTERBOUND(#775,.T.);
#777= IFCFACE((#776));
#778= IFCPOLYLOOP((#767,#761,#760));
#779= IFCFACEOUTERBOUND(#778,.T.);
#780= IFCFACE((#779));
#781= IFCCLOSEDSHELL((#745,#750,#753,#756,#759,#766,#771,#774,#777,#780));
#782= IFCFACETEDBREP(#781);
#783= IFCSHAPEREPRESENTATION(#12,'Body','Brep',(#782));
#784= IFCCARTESIANPOINT((95.,-0.341999999999643,5.99099999999453));
#785= IFCCARTESIANPOINT((-95.,-0.341999999999643,5.99099999999453));
#786= IFCPOLYLINE((#784,#785));
#787= IFCSHAPEREPRESENTATION(#13,'Axis','GeometricCurveSet',(#380,#786));
#788= IFCPRODUCTDEFINITIONSHAPE($,$,(#783,#787));
#789= IFCFASTENER('0okorHHWz0r9KGij0KstEJ',#44,'Weld',$,$,#740,#788,'ID32bb2d51-460f-40d4-9510-b2d014db7393');
#790= IFCPROPERTYSINGLEVALUE('WeldID',$,IFCINTEGER(115410691),$);
#791= IFCPROPERTYSET('0o8dhBznrDMAlyKQ4XTg2c',#5,'AISC_EM11_Pset_Weld','WeldIdentity',(#305,#306,#307,#308,#790,#388,#311,#312,#389,#314,#390,#391,#317,#318,#319,#320));
#792= IFCCARTESIANPOINT((63712.2985112763,7559.49762376849,52619.9981994629));
#793= IFCAXIS2PLACEMENT3D(#792,#9,#394);
#794= IFCLOCALPLACEMENT(#718,#793);
#795= IFCSHAPEREPRESENTATION(#12,'Body','SweptSolid',(#400));
#796= IFCPRODUCTDEFINITIONSHAPE($,$,(#795));
#797= IFCDISCRETEACCESSORY('3DKAoa_9LCev_jWJNRCADW',#44,'Support section',$,$,#794,#796,'1050(?)');
#798= IFCLOCALPLACEMENT(#718,#712);
#799= IFCSHAPEREPRESENTATION(#12,'Body','MappedRepresentation',(#411,#412,#413));
#800= IFCPRODUCTDEFINITIONSHAPE($,$,(#799));
#801= IFCOPENINGELEMENT('0dqiangRD3KOflaNP8NGE4',#5,$,$,'Opening',#798,#800,$);
#802= IFCRELVOIDSELEMENT('2wkEFNS$12pBWmxU7IVBcN',#5,'Drill Hole',$,#797,#801);
#803= IFCCARTESIANPOINT((63782.6609854085,7879.00067591595,52644.9989501104));
#804= IFCAXIS2PLACEMENT3D(#803,#433,#434);
#805= IFCLOCALPLACEMENT(#718,#804);
#806= IFCSHAPEREPRESENTATION(#12,'Body','Brep',(#676));
#807= IFCPRODUCTDEFINITIONSHAPE($,$,(#806));
#808= IFCDISCRETEACCESSORY('00j3RnpxnFsP6Xq_VmjI_z',#44,'Support section',$,$,#805,#807,'1497(?)');
#809= IFCCARTESIANPOINT((63682.8241973507,7884.71169601355,52644.9989501104));
#810= IFCAXIS2PLACEMENT3D(#809,#433,#434);
#811= IFCLOCALPLACEMENT(#718,#810);
#812= IFCSHAPEREPRESENTATION(#12,'Body','Brep',(#676));
#813= IFCPRODUCTDEFINITIONSHAPE($,$,(#812));
#814= IFCDISCRETEACCESSORY('0wz7NpWdvAdPQakHqw6Aj_',#44,'Support section',$,$,#811,#813,'1497(?)');
#815= IFCCARTESIANPOINT((63721.8151673112,7619.05132438192,52594.9981994629));
#816= IFCAXIS2PLACEMENT3D(#815,#9,#690);
#817= IFCLOCALPLACEMENT(#718,#816);
#818= IFCSHAPEREPRESENTATION(#12,'Body','SweptSolid',(#696));
#819= IFCPRODUCTDEFINITIONSHAPE($,$,(#818));
#820= IFCCOLUMN('2jjJsnIc1Acx9B8W6wT57M',#44,'main piece','PL10*200','PL10*200',#817,#819,'1496(?)');
#821= IFCLOCALPLACEMENT(#42,#10);
#822= IFCELEMENTASSEMBLY('2ZcJbaz7P9wedFwSrcfgIn',#44,'BEAM',$,$,#821,$,'B/736(?)',.NOTDEFINED.,.RIGID_FRAME.);
#823= IFCPROPERTYSINGLEVALUE('AssemblyMark',$,IFCIDENTIFIER('B/736(?)'),$);
#824= IFCPROPERTYSET('1ocMRm5oT4P8hM9y2GR_H5',#5,'AISC_EM11_Pset_AssemblyIdentification','AssemblyIdentity',(#823,#52,#53));
#825= IFCCARTESIANPOINT((61595.9574461794,7725.63344082392,52834.9981994629));
#826= IFCAXIS2PLACEMENT3D(#825,#56,#57);
#827= IFCLOCALPLACEMENT(#821,#826);
#828= IFCSHAPEREPRESENTATION(#12,'Body','MappedRepresentation',(#89,#92,#95));
#829= IFCSHAPEREPRESENTATION(#12,'Axis','MappedRepresentation',(#101,#102,#103));
#830= IFCPRODUCTDEFINITIONSHAPE($,$,(#828,#829));
#831= IFCMECHANICALFASTENER('3Sarv1EMP5LhhUJdj1fxHj',#44,'Bolt assembly',$,$,#827,#830,'IDdc935e41-3966-4556-bade-4e7b41a7b46d',16.,40.);
#832= IFCLOCALPLACEMENT(#42,#10);
#833= IFCELEMENTASSEMBLY('2ei_LoQGr21g2r2awYBrGt',#44,$,$,$,#832,$,'A/193(?)',.NOTDEFINED.,.RIGID_FRAME.);
#834= IFCCARTESIANPOINT((61640.1685837211,7744.31059552588,52771.8273772373));
#835= IFCAXIS2PLACEMENT3D(#834,#128,#129);
#836= IFCLOCALPLACEMENT(#832,#835);
#837= IFCSHAPEREPRESENTATION(#12,'Body','Brep',(#291));
#838= IFCSHAPEREPRESENTATION(#13,'Axis','GeometricCurveSet',(#301));
#839= IFCPRODUCTDEFINITIONSHAPE($,$,(#837,#838));
#840= IFCFASTENER('18kP$kZND95hXcnhLKtVV7',#44,'Weld',$,$,#836,#839,'ID48b99fee-8d73-4916-b866-c6b554ddf7c7');
#841= IFCPROPERTYSINGLEVALUE('WeldID',$,IFCINTEGER(115410408),$);
#842= IFCPROPERTYSET('1O4MXIrP95VumsCOPbaK5B',#5,'AISC_EM11_Pset_Weld','WeldIdentity',(#305,#306,#307,#308,#841,#310,#311,#312,#313,#314,#315,#316,#317,#318,#319,#320));
#843= IFCCARTESIANPOINT((61540.3317956633,7750.02161562304,52771.8273772373));
#844= IFCAXIS2PLACEMENT3D(#843,#128,#129);
#845= IFCLOCALPLACEMENT(#832,#844);
#846= IFCSHAPEREPRESENTATION(#12,'Body','Brep',(#291));
#847= IFCSHAPEREPRESENTATION(#13,'Axis','GeometricCurveSet',(#301));
#848= IFCPRODUCTDEFINITIONSHAPE($,$,(#846,#847));
#849= IFCFASTENER('1eYFiagpz8UR_1eB115toj',#44,'Weld',$,$,#845,#848,'ID6888fb24-ab3f-4879-bf81-a0b041177cad');
#850= IFCPROPERTYSINGLEVALUE('WeldID',$,IFCINTEGER(115410363),$);
#851= IFCPROPERTYSET('04j$4j4oXCfONwitq729Lv',#5,'AISC_EM11_Pset_Weld','WeldIdentity',(#305,#306,#307,#308,#850,#310,#311,#312,#313,#314,#315,#316,#317,#318,#319,#320));
#852= IFCCARTESIANPOINT((61587.443,7736.137,52714.998));
#853= IFCAXIS2PLACEMENT3D(#852,#332,#9);
#854= IFCLOCALPLACEMENT(#832,#853);
#855= IFCCARTESIANPOINT((95.,-5.74870193768584,4.5787161908047));
#856= IFCCARTESIANPOINT((95.,-5.9910000000018,0.342999999999847));
#857= IFCCARTESIANPOINT((-95.,-5.9910000000018,0.342999999999847));
#858= IFCCARTESIANPOINT((-95.,-5.74870193768584,4.5787161908047));
#859= IFCPOLYLOOP((#855,#856,#857,#858));
#860= IFCFACEOUTERBOUND(#859,.T.);
#861= IFCFACE((#860));
#862= IFCCARTESIANPOINT((95.,-10.2267161908094,0.585298062307629));
#863= IFCCARTESIANPOINT((-95.,-10.2267161908094,0.585298062307629));
#864= IFCPOLYLOOP((#856,#862,#863,#857));
#865= IFCFACEOUTERBOUND(#864,.T.);
#866= IFCFACE((#865));
#867= IFCPOLYLOOP((#862,#855,#858,#863));
#868= IFCFACEOUTERBOUND(#867,.T.);
#869= IFCFACE((#868));
#870= IFCPOLYLOOP((#863,#858,#857));
#871= IFCFACEOUTERBOUND(#870,.T.);
#872= IFCFACE((#871));
#873= IFCPOLYLOOP((#862,#856,#855));
#874= IFCFACEOUTERBOUND(#873,.T.);
#875= IFCFACE((#874));
#876= IFCCLOSEDSHELL((#341,#346,#349,#352,#355,#861,#866,#869,#872,#875));
#877= IFCFACETEDBREP(#876);
#878= IFCSHAPEREPRESENTATION(#12,'Body','Brep',(#877));
#879= IFCCARTESIANPOINT((95.,0.342999999999847,5.9910000000018));
#880= IFCCARTESIANPOINT((-95.,0.342999999999847,5.9910000000018));
#881= IFCPOLYLINE((#879,#880));
#882= IFCSHAPEREPRESENTATION(#13,'Axis','GeometricCurveSet',(#380,#881));
#883= IFCPRODUCTDEFINITIONSHAPE($,$,(#878,#882));
#884= IFCFASTENER('0B2f9PgiH5EBvqfnpa_HzA',#44,'Weld',$,$,#854,#883,'ID0b0a9259-aac4-4538-be74-a71ce4f91f4a');
#885= IFCPROPERTYSINGLEVALUE('WeldID',$,IFCINTEGER(115410301),$);
#886= IFCPROPERTYSET('0vY_3pcdTBdPvUaNL0yg0O',#5,'AISC_EM11_Pset_Weld','WeldIdentity',(#305,#306,#307,#308,#885,#388,#311,#312,#389,#314,#390,#391,#317,#318,#319,#320));
#887= IFCCARTESIANPOINT((61587.297443159,7681.05525841896,52619.9981994629));
#888= IFCAXIS2PLACEMENT3D(#887,#9,#394);
#889= IFCLOCALPLACEMENT(#832,#888);
#890= IFCSHAPEREPRESENTATION(#12,'Body','SweptSolid',(#400));
#891= IFCPRODUCTDEFINITIONSHAPE($,$,(#890));
#892= IFCDISCRETEACCESSORY('1LrQiSbur4cv6ZoMxW8UrR',#44,'Support section',$,$,#889,#891,'1050(?)');
#893= IFCLOCALPLACEMENT(#832,#826);
#894= IFCSHAPEREPRESENTATION(#12,'Body','MappedRepresentation',(#411,#412,#413));
#895= IFCPRODUCTDEFINITIONSHAPE($,$,(#894));
#896= IFCOPENINGELEMENT('3ry7ZOMF11l9LqWIncGhd9',#5,$,$,'Opening',#893,#895,$);
#897= IFCRELVOIDSELEMENT('0JA4HUgeXBO9CR8054umAy',#5,'Drill Hole',$,#892,#896);
#898= IFCCARTESIANPOINT((61657.6599172925,8000.55831056659,52644.9989501104));
#899= IFCAXIS2PLACEMENT3D(#898,#433,#434);
#900= IFCLOCALPLACEMENT(#832,#899);
#901= IFCSHAPEREPRESENTATION(#12,'Body','Brep',(#676));
#902= IFCPRODUCTDEFINITIONSHAPE($,$,(#901));
#903= IFCDISCRETEACCESSORY('1OfDRpFaP1G9_M9knry3lz',#44,'Support section',$,$,#900,#902,'1497(?)');
#904= IFCCARTESIANPOINT((61557.8231292347,8006.26933066374,52644.9989501104));
#905= IFCAXIS2PLACEMENT3D(#904,#433,#434);
#906= IFCLOCALPLACEMENT(#832,#905);
#907= IFCSHAPEREPRESENTATION(#12,'Body','Brep',(#676));
#908= IFCPRODUCTDEFINITIONSHAPE($,$,(#907));
#909= IFCDISCRETEACCESSORY('2XHEnUsXn1thHmRytVs25O',#44,'Support section',$,$,#906,#908,'1497(?)');
#910= IFCCARTESIANPOINT((61596.8140991942,7740.60895903241,52594.9981994629));
#911= IFCAXIS2PLACEMENT3D(#910,#9,#690);
#912= IFCLOCALPLACEMENT(#832,#911);
#913= IFCSHAPEREPRESENTATION(#12,'Body','SweptSolid',(#696));
#914= IFCPRODUCTDEFINITIONSHAPE($,$,(#913));
#915= IFCCOLUMN('3dsc9PUi93j8FJfOc8maU5',#44,'main piece','PL10*200','PL10*200',#912,#914,'1496(?)');
#916= IFCLOCALPLACEMENT(#42,#10);
#917= IFCELEMENTASSEMBLY('2xw5l9VqX6JvCQTMdIE0i8',#44,'BEAM',$,$,#916,$,'B/741(?)',.NOTDEFINED.,.RIGID_FRAME.);
#918= IFCPROPERTYSINGLEVALUE('AssemblyMark',$,IFCIDENTIFIER('B/741(?)'),$);
#919= IFCPROPERTYSET('1JvIKBHlX60AlwNi5eKUjC',#5,'AISC_EM11_Pset_AssemblyIdentification','AssemblyIdentity',(#918,#52,#53));
#920= IFCCARTESIANPOINT((57360.9606505251,7967.89035116436,52834.9981994629));
#921= IFCAXIS2PLACEMENT3D(#920,#56,#57);
#922= IFCLOCALPLACEMENT(#916,#921);
#923= IFCSHAPEREPRESENTATION(#12,'Body','MappedRepresentation',(#89,#92,#95));
#924= IFCSHAPEREPRESENTATION(#12,'Axis','MappedRepresentation',(#101,#102,#103));
#925= IFCPRODUCTDEFINITIONSHAPE($,$,(#923,#924));
#926= IFCMECHANICALFASTENER('3NjpnPE1v0cBXdSB2_36VC',#44,'Bolt assembly',$,$,#922,#925,'IDd7b73c59-381e-4098-b867-70b0be0c67cc',16.,40.);
#927= IFCLOCALPLACEMENT(#42,#10);
#928= IFCELEMENTASSEMBLY('0U6AvkPubCSuw4tnjy0lNa',#44,$,$,$,#927,$,'A/193(?)',.NOTDEFINED.,.RIGID_FRAME.);
#929= IFCCARTESIANPOINT((57405.1717880667,7986.56750586655,52771.827377237));
#930= IFCAXIS2PLACEMENT3D(#929,#128,#129);
#931= IFCLOCALPLACEMENT(#927,#930);
#932= IFCSHAPEREPRESENTATION(#12,'Body','Brep',(#291));
#933= IFCSHAPEREPRESENTATION(#13,'Axis','GeometricCurveSet',(#301));
#934= IFCPRODUCTDEFINITIONSHAPE($,$,(#932,#933));
#935= IFCFASTENER('0SSU_3f$5AEQN$N0BZnBBf',#44,'Weld',$,$,#931,#934,'ID1c71ef83-a7f1-4a39-a5ff-5c02e3c4b2e9');
#936= IFCPROPERTYSINGLEVALUE('WeldID',$,IFCINTEGER(115410018),$);
#937= IFCPROPERTYSET('2cqR3dmDv2nRabx0gLgoBC',#5,'AISC_EM11_Pset_Weld','WeldIdentity',(#305,#306,#307,#308,#936,#310,#311,#312,#313,#314,#315,#316,#317,#318,#319,#320));
#938= IFCCARTESIANPOINT((57305.3350000089,7992.2785259637,52771.8273772371));
#939= IFCAXIS2PLACEMENT3D(#938,#128,#129);
#940= IFCLOCALPLACEMENT(#927,#939);
#941= IFCSHAPEREPRESENTATION(#12,'Body','Brep',(#291));
#942= IFCSHAPEREPRESENTATION(#13,'Axis','GeometricCurveSet',(#301));
#943= IFCPRODUCTDEFINITIONSHAPE($,$,(#941,#942));
#944= IFCFASTENER('1ehxNDK8j7yvEIqk4KsRBV',#44,'Weld',$,$,#940,#943,'ID68afb5cd-508b-47f3-9392-d2e114d9b2df');
#945= IFCPROPERTYSINGLEVALUE('WeldID',$,IFCINTEGER(115409973),$);
#946= IFCPROPERTYSET('1ZTci_OuL0Vgs7SKcVRxHx',#5,'AISC_EM11_Pset_Weld','WeldIdentity',(#305,#306,#307,#308,#945,#310,#311,#312,#313,#314,#315,#316,#317,#318,#319,#320));
#947= IFCCARTESIANPOINT((57352.447,7978.394,52714.998));
#948= IFCAXIS2PLACEMENT3D(#947,#332,#9);
#949= IFCLOCALPLACEMENT(#927,#948);
#950= IFCSHAPEREPRESENTATION(#12,'Body','Brep',(#378));
#951= IFCSHAPEREPRESENTATION(#13,'Axis','GeometricCurveSet',(#380,#383));
#952= IFCPRODUCTDEFINITIONSHAPE($,$,(#950,#951));
#953= IFCFASTENER('1YmH3Jt5T16fvTdX7w80Jl',#44,'Weld',$,$,#949,#952,'ID62c110d3-dc57-411a-9e5d-9e11fa2004ef');
#954= IFCPROPERTYSINGLEVALUE('WeldID',$,IFCINTEGER(115409911),$);
#955= IFCPROPERTYSET('3Z2CYEeE141RGEcb_JBMpN',#5,'AISC_EM11_Pset_Weld','WeldIdentity',(#305,#306,#307,#308,#954,#388,#311,#312,#389,#314,#390,#391,#317,#318,#319,#320));
#956= IFCCARTESIANPOINT((57352.3006475047,7923.3121687594,52619.9981994629));
#957= IFCAXIS2PLACEMENT3D(#956,#9,#394);
#958= IFCLOCALPLACEMENT(#927,#957);
#959= IFCSHAPEREPRESENTATION(#12,'Body','SweptSolid',(#400));
#960= IFCPRODUCTDEFINITIONSHAPE($,$,(#959));
#961= IFCDISCRETEACCESSORY('37RFuCJwDCWevi5hiu8TpA',#44,'Support section',$,$,#958,#960,'1050(?)');
#962= IFCLOCALPLACEMENT(#927,#921);
#963= IFCSHAPEREPRESENTATION(#12,'Body','MappedRepresentation',(#411,#412,#413));
#964= IFCPRODUCTDEFINITIONSHAPE($,$,(#963));
#965= IFCOPENINGELEMENT('39AZ30pwX4X8fB1ZJI5rp$',#5,$,$,'Opening',#962,#964,$);
#966= IFCRELVOIDSELEMENT('1CHqVavSr5jexaoGLZT8Bu',#5,'Drill Hole',$,#961,#965);
#967= IFCCARTESIANPOINT((57422.6631216382,8242.81522090702,52644.9989501104));
#968= IFCAXIS2PLACEMENT3D(#967,#433,#434);
#969= IFCLOCALPLACEMENT(#927,#968);
#970= IFCSHAPEREPRESENTATION(#12,'Body','Brep',(#676));
#971= IFCPRODUCTDEFINITIONSHAPE($,$,(#970));
#972= IFCDISCRETEACCESSORY('3FYq9ONonD29pcG9NZja7l',#44,'Support section',$,$,#969,#971,'1497(?)');
#973= IFCCARTESIANPOINT((57322.8263335803,8248.52624100417,52644.9989501104));
#974= IFCAXIS2PLACEMENT3D(#973,#433,#434);
#975= IFCLOCALPLACEMENT(#927,#974);
#976= IFCSHAPEREPRESENTATION(#12,'Body','Brep',(#676));
#977= IFCPRODUCTDEFINITIONSHAPE($,$,(#976));
#978= IFCDISCRETEACCESSORY('0hDKyawKz5UeJcY6aJsX60',#44,'Support section',$,$,#975,#977,'1497(?)');
#979= IFCCARTESIANPOINT((57361.8173035399,7982.86586937285,52594.9981994629));
#980= IFCAXIS2PLACEMENT3D(#979,#9,#690);
#981= IFCLOCALPLACEMENT(#927,#980);
#982= IFCSHAPEREPRESENTATION(#12,'Body','SweptSolid',(#696));
#983= IFCPRODUCTDEFINITIONSHAPE($,$,(#982));
#984= IFCCOLUMN('1bbHN20UX6TPWNMttkgAeO',#44,'main piece','PL10*200','PL10*200',#981,#983,'1496(?)');
#985= IFCLOCALPLACEMENT(#42,#10);
#986= IFCELEMENTASSEMBLY('1lR_1YIDvEf82uUn4MyocU',#44,'BEAM',$,$,#985,$,'B/681(?)',.NOTDEFINED.,.RIGID_FRAME.);
#987= IFCPROPERTYSINGLEVALUE('AssemblyMark',$,IFCIDENTIFIER('B/681(?)'),$);
#988= IFCPROPERTYSET('0bApjrZ1j97wukovXOYprX',#5,'AISC_EM11_Pset_AssemblyIdentification','AssemblyIdentity',(#987,#52,#53));
#989= IFCCARTESIANPOINT((55230.9614897585,8089.73389452771,52834.9981994629));
#990= IFCAXIS2PLACEMENT3D(#989,#56,#57);
#991= IFCLOCALPLACEMENT(#985,#990);
#992= IFCSHAPEREPRESENTATION(#12,'Body','MappedRepresentation',(#89,#92,#95));
#993= IFCSHAPEREPRESENTATION(#12,'Axis','MappedRepresentation',(#101,#102,#103));
#994= IFCPRODUCTDEFINITIONSHAPE($,$,(#992,#993));
#995= IFCMECHANICALFASTENER('0LxffmcJz5rw3lmJywpElz',#44,'Bolt assembly',$,$,#991,#994,'ID15ee9a70-993f-45d7-a0ef-c13f3accebfd',16.,40.);
#996= IFCLOCALPLACEMENT(#42,#10);
#997= IFCELEMENTASSEMBLY('2wl6GDlsfEPeebHkJPSPfK',#44,$,$,$,#996,$,'A/193(?)',.NOTDEFINED.,.RIGID_FRAME.);
#998= IFCCARTESIANPOINT((55275.1726273001,8108.41104922991,52771.827377237));
#999= IFCAXIS2PLACEMENT3D(#998,#128,#129);
#1000= IFCLOCALPLACEMENT(#996,#999);
#1001= IFCSHAPEREPRESENTATION(#12,'Body','Brep',(#291));
#1002= IFCSHAPEREPRESENTATION(#13,'Axis','GeometricCurveSet',(#301));
#1003= IFCPRODUCTDEFINITIONSHAPE($,$,(#1001,#1002));
#1004= IFCFASTENER('3L2$uXHKjAygvTmkdaCf4E',#44,'Weld',$,$,#1000,#1003,'IDd50bfe21-454b-4af2-ae5d-c2e9e432910e');
#1005= IFCPROPERTYSINGLEVALUE('WeldID',$,IFCINTEGER(115409628),$);
#1006= IFCPROPERTYSET('1_mzurW8XE0hFEun0gUhKG',#5,'AISC_EM11_Pset_Weld','WeldIdentity',(#305,#306,#307,#308,#1005,#310,#311,#312,#313,#314,#315,#316,#317,#318,#319,#320));
#1007= IFCCARTESIANPOINT((55175.3358392422,8114.12206932705,52771.827377237));
#1008= IFCAXIS2PLACEMENT3D(#1007,#128,#129);
#1009= IFCLOCALPLACEMENT(#996,#1008);
#1010= IFCSHAPEREPRESENTATION(#12,'Body','Brep',(#291));
#1011= IFCSHAPEREPRESENTATION(#13,'Axis','GeometricCurveSet',(#301));
#1012= IFCPRODUCTDEFINITIONSHAPE($,$,(#1010,#1011));
#1013= IFCFASTENER('2j8lZMMqz80B5RnrSYBoYS',#44,'Weld',$,$,#1009,#1012,'IDad22f8d6-5b4f-4800-b15b-c757222f289c');
#1014= IFCPROPERTYSINGLEVALUE('WeldID',$,IFCINTEGER(115409583),$);
#1015= IFCPROPERTYSET('02F_GOcHL65f0bMgqUVewS',#5,'AISC_EM11_Pset_Weld','WeldIdentity',(#305,#306,#307,#308,#1014,#310,#311,#312,#313,#314,#315,#316,#317,#318,#319,#320));
#1016= IFCCARTESIANPOINT((55228.438,8099.895,52714.998));
#1017= IFCAXIS2PLACEMENT3D(#1016,#332,#57);
#1018= IFCLOCALPLACEMENT(#996,#1017);
#1019= IFCSHAPEREPRESENTATION(#12,'Body','Brep',(#782));
#1020= IFCSHAPEREPRESENTATION(#13,'Axis','GeometricCurveSet',(#380,#786));
#1021= IFCPRODUCTDEFINITIONSHAPE($,$,(#1019,#1020));
#1022= IFCFASTENER('1KhiODkLHAaeZVfo6uODF3',#44,'Weld',$,$,#1018,#1021,'ID54aec60d-b954-4a92-88df-a721b860d3c3');
#1023= IFCPROPERTYSINGLEVALUE('WeldID',$,IFCINTEGER(115409521),$);
#1024= IFCPROPERTYSET('1GvoxY7O56kOHcxVN2vcYr',#5,'AISC_EM11_Pset_Weld','WeldIdentity',(#305,#306,#307,#308,#1023,#388,#311,#312,#389,#314,#390,#391,#317,#318,#319,#320));
#1025= IFCCARTESIANPOINT((55222.3014867381,8045.15571212275,52619.9981994629));
#1026= IFCAXIS2PLACEMENT3D(#1025,#9,#394);
#1027= IFCLOCALPLACEMENT(#996,#1026);
#1028= IFCSHAPEREPRESENTATION(#12,'Body','SweptSolid',(#400));
#1029= IFCPRODUCTDEFINITIONSHAPE($,$,(#1028));
#1030= IFCDISCRETEACCESSORY('0qDsziiO1DuP65AdF4t4QW',#44,'Support section',$,$,#1027,#1029,'1050(?)');
#1031= IFCLOCALPLACEMENT(#996,#990);
#1032= IFCSHAPEREPRESENTATION(#12,'Body','MappedRepresentation',(#411,#412,#413));
#1033= IFCPRODUCTDEFINITIONSHAPE($,$,(#1032));
#1034= IFCOPENINGELEMENT('25PMVrkG9ERAM4zSK5AFpH',#5,$,$,'Opening',#1031,#1033,$);
#1035= IFCRELVOIDSELEMENT('2X6glKSE998hEu5CbOr2y4',#5,'Drill Hole',$,#1030,#1034);
#1036= IFCCARTESIANPOINT((55292.6639608716,8364.65876427038,52644.9989501104));
#1037= IFCAXIS2PLACEMENT3D(#1036,#433,#434);
#1038= IFCLOCALPLACEMENT(#996,#1037);
#1039= IFCSHAPEREPRESENTATION(#12,'Body','Brep',(#676));
#1040= IFCPRODUCTDEFINITIONSHAPE($,$,(#1039));
#1041= IFCDISCRETEACCESSORY('1wfuofJhP2Mw4J9FseVZv2',#44,'Support section',$,$,#1038,#1040,'1497(?)');
#1042= IFCCARTESIANPOINT((55192.8271728137,8370.36978436753,52644.9989501104));
#1043= IFCAXIS2PLACEMENT3D(#1042,#433,#434);
#1044= IFCLOCALPLACEMENT(#996,#1043);
#1045= IFCSHAPEREPRESENTATION(#12,'Body','Brep',(#676));
#1046= IFCPRODUCTDEFINITIONSHAPE($,$,(#1045));
#1047= IFCDISCRETEACCESSORY('1aWZ1RbR56zAN9mL0Stegh',#44,'Support section',$,$,#1044,#1046,'1497(?)');
#1048= IFCCARTESIANPOINT((55231.8181427733,8104.70941273621,52594.9981994629));
#1049= IFCAXIS2PLACEMENT3D(#1048,#9,#690);
#1050= IFCLOCALPLACEMENT(#996,#1049);
#1051= IFCSHAPEREPRESENTATION(#12,'Body','SweptSolid',(#696));
#1052= IFCPRODUCTDEFINITIONSHAPE($,$,(#1051));
#1053= IFCCOLUMN('3vJnGWWEP0yARXYD71QQ0Q',#44,'main piece','PL10*200','PL10*200',#1050,#1052,'1496(?)');
#1054= IFCLOCALPLACEMENT(#42,#10);
#1055= IFCELEMENTASSEMBLY('2JKQFX0ALBpANHXBSUP53h',#44,'BEAM',$,$,#1054,$,'B/656(?)',.NOTDEFINED.,.RIGID_FRAME.);
#1056= IFCPROPERTYSINGLEVALUE('AssemblyMark',$,IFCIDENTIFIER('B/656(?)'),$);
#1057= IFCPROPERTYSET('1YRorsaMD1DBIiFobWTyCS',#5,'AISC_EM11_Pset_AssemblyIdentification','AssemblyIdentity',(#1056,#52,#53));
#1058= IFCCARTESIANPOINT((52999.5299745547,9132.49392488333,52835.));
#1059= IFCDIRECTION((-0.00150757099941984,0.999998863614195,0.));
#1060= IFCAXIS2PLACEMENT3D(#1058,#1059,#57);
#1061= IFCLOCALPLACEMENT(#1054,#1060);
#1062= IFCCARTESIANPOINT((0.,2.46388010920052,0.));
#1063= IFCAXIS2PLACEMENT3D(#1062,#8,#7);
#1064= IFCEXTRUDEDAREASOLID(#78,#1063,#9,8.);
#1065= IFCCARTESIANPOINT((0.,10.4638801092005,0.));
#1066= IFCAXIS2PLACEMENT3D(#1065,#8,#7);
#1067= IFCEXTRUDEDAREASOLID(#67,#1066,#9,13.);
#1068= IFCSHAPEREPRESENTATION(#12,'Body','SweptSolid',(#70,#77,#1064,#1067));
#1069= IFCREPRESENTATIONMAP(#10,#1068);
#1070= IFCMAPPEDITEM(#1069,#86);
#1071= IFCMAPPEDITEM(#1069,#91);
#1072= IFCMAPPEDITEM(#1069,#94);
#1073= IFCSHAPEREPRESENTATION(#12,'Body','MappedRepresentation',(#1070,#1071,#1072));
#1074= IFCSHAPEREPRESENTATION(#12,'Axis','MappedRepresentation',(#101,#102,#103));
#1075= IFCPRODUCTDEFINITIONSHAPE($,$,(#1073,#1074));
#1076= IFCMECHANICALFASTENER('0MzKbL6QT9CfgQQ_QdwS3t',#44,'Bolt assembly',$,$,#1061,#1075,'ID16f54955-19a7-4932-9a9a-6be6a7e9c0f7',16.,40.);
#1077= IFCLOCALPLACEMENT(#42,#10);
#1078= IFCELEMENTASSEMBLY('2HzziDVEn71PPH66Zw0$7F',#44,$,$,$,#1077,$,'A/193(?)',.NOTDEFINED.,.RIGID_FRAME.);
#1079= IFCCARTESIANPOINT((52956.4896175886,9111.25743561378,52771.8291777665));
#1080= IFCDIRECTION((0.329028610079368,0.934445749074795,-0.136203215032852));
#1081= IFCDIRECTION((-0.863394044827327,0.356105520928905,0.357406744928885));
#1082= IFCAXIS2PLACEMENT3D(#1079,#1080,#1081);
#1083= IFCLOCALPLACEMENT(#1077,#1082);
#1084= IFCCARTESIANPOINT((-45.3293352263572,-125.6590767741,18.5236371983265));
#1085= IFCCARTESIANPOINT((-48.5765118271847,-125.653838000944,10.0383574412153));
#1086= IFCCARTESIANPOINT((-57.377252537015,-117.846732223174,8.88749752159129));
#1087= IFCCARTESIANPOINT((-50.2103870415413,-121.329113071697,17.8853492308845));
#1088= IFCPOLYLOOP((#1084,#1085,#1086,#1087));
#1089= IFCFACEOUTERBOUND(#1088,.T.);
#1090= IFCFACE((#1089));
#1091= IFCCARTESIANPOINT((-48.1311817196074,-134.145907655649,21.0307662290252));
#1092= IFCCARTESIANPOINT((-59.2699310822136,-124.264762718769,19.5741683563283));
#1093= IFCPOLYLOOP((#1085,#1091,#1092,#1086));
#1094= IFCFACEOUTERBOUND(#1093,.T.);
#1095= IFCFACE((#1094));
#1096= IFCPOLYLOOP((#1091,#1084,#1087,#1092));
#1097= IFCFACEOUTERBOUND(#1096,.T.);
#1098= IFCFACE((#1097));
#1099= IFCPOLYLOOP((#1092,#1087,#1086));
#1100= IFCFACEOUTERBOUND(#1099,.T.);
#1101= IFCFACE((#1100));
#1102= IFCPOLYLOOP((#1091,#1085,#1084));
#1103= IFCFACEOUTERBOUND(#1102,.T.);
#1104= IFCFACE((#1103));
#1105= IFCCARTESIANPOINT((-8.33773718911107,-13.0804208460613,1.92820905878034));
#1106= IFCCARTESIANPOINT((-13.1032863467044,-12.0203607752046,-3.38577916015129));
#1107= IFCCARTESIANPOINT((-8.45235064494409,0.00318464440351818,-5.15819225523592));
#1108= IFCPOLYLOOP((#1105,#1106,#1107,#156));
#1109= IFCFACEOUTERBOUND(#1108,.T.);
#1110= IFCFACE((#1109));
#1111= IFCCARTESIANPOINT((-14.5642272257573,-10.3203957818623,4.3126881186472));
#1112= IFCCARTESIANPOINT((-6.96469951514155,9.32581574530923,1.41660369726378));
#1113= IFCPOLYLOOP((#1106,#1111,#1112,#1107));
#1114= IFCFACEOUTERBOUND(#1113,.T.);
#1115= IFCFACE((#1114));
#1116= IFCPOLYLOOP((#1111,#1105,#156,#1112));
#1117= IFCFACEOUTERBOUND(#1116,.T.);
#1118= IFCFACE((#1117));
#1119= IFCCARTESIANPOINT((-45.1506318541724,-108.248692225505,15.9571401720859));
#1120= IFCCARTESIANPOINT((-49.916181011773,-107.188632154663,10.6431519531507));
#1121= IFCPOLYLOOP((#1119,#1120,#1106,#1105));
#1122= IFCFACEOUTERBOUND(#1121,.T.);
#1123= IFCFACE((#1122));
#1124= IFCCARTESIANPOINT((-51.3771218908296,-105.488667161306,18.3416192319564));
#1125= IFCPOLYLOOP((#1120,#1124,#1111,#1106));
#1126= IFCFACEOUTERBOUND(#1125,.T.);
#1127= IFCFACE((#1126));
#1128= IFCPOLYLOOP((#1124,#1119,#1105,#1111));
#1129= IFCFACEOUTERBOUND(#1128,.T.);
#1130= IFCFACE((#1129));
#1131= IFCCARTESIANPOINT((-54.5671167135552,-119.212177574344,12.4155650482462));
#1132= IFCPOLYLOOP((#1087,#1131,#1120,#1119));
#1133= IFCFACEOUTERBOUND(#1132,.T.);
#1134= IFCFACE((#1133));
#1135= IFCCARTESIANPOINT((-58.9766496014672,-125.134878688637,21.237703653369));
#1136= IFCPOLYLOOP((#1131,#1135,#1124,#1120));
#1137= IFCFACEOUTERBOUND(#1136,.T.);
#1138= IFCFACE((#1137));
#1139= IFCPOLYLOOP((#1135,#1087,#1119,#1124));
#1140= IFCFACEOUTERBOUND(#1139,.T.);
#1141= IFCFACE((#1140));
#1142= IFCPOLYLOOP((#1112,#156,#1107));
#1143= IFCFACEOUTERBOUND(#1142,.T.);
#1144= IFCFACE((#1143));
#1145= IFCPOLYLOOP((#1135,#1131,#1087));
#1146= IFCFACEOUTERBOUND(#1145,.T.);
#1147= IFCFACE((#1146));
#1148= IFCCARTESIANPOINT((0.030805400947429,0.00523877309751697,-8.48527975705656));
#1149= IFCCARTESIANPOINT((5.81160933488354,-7.79699484472803,-15.2258934287347));
#1150= IFCCARTESIANPOINT((6.48412162859677,-4.32726151337556,-3.73846766794668));
#1151= IFCPOLYLOOP((#197,#1148,#1149,#1150));
#1152= IFCFACEOUTERBOUND(#1151,.T.);
#1153= IFCFACE((#1152));
#1154= IFCCARTESIANPOINT((7.04127021280874,8.48527975706384,0.00523877311206888));
#1155= IFCCARTESIANPOINT((14.3578050656433,-1.38969867976266,-8.52608929510097));
#1156= IFCPOLYLOOP((#1148,#1154,#1155,#1149));
#1157= IFCFACEOUTERBOUND(#1156,.T.);
#1158= IFCFACE((#1157));
#1159= IFCPOLYLOOP((#1154,#197,#1150,#1155));
#1160= IFCFACEOUTERBOUND(#1159,.T.);
#1161= IFCFACE((#1160));
#1162= IFCCARTESIANPOINT((-11.7898720847406,0.00523877306841314,-8.48527975705656));
#1163= IFCPOLYLOOP((#156,#1162,#1148,#197));
#1164= IFCFACEOUTERBOUND(#1163,.T.);
#1165= IFCFACE((#1164));
#1166= IFCCARTESIANPOINT((-7.91969365945261,8.48527975700563,0.00523877310843091));
#1167= IFCPOLYLOOP((#1162,#1166,#1154,#1148));
#1168= IFCFACEOUTERBOUND(#1167,.T.);
#1169= IFCFACE((#1168));
#1170= IFCPOLYLOOP((#1166,#156,#197,#1154));
#1171= IFCFACEOUTERBOUND(#1170,.T.);
#1172= IFCFACE((#1171));
#1173= IFCPOLYLOOP((#1155,#1150,#1149));
#1174= IFCFACEOUTERBOUND(#1173,.T.);
#1175= IFCFACE((#1174));
#1176= IFCPOLYLOOP((#1166,#1162,#156));
#1177= IFCFACEOUTERBOUND(#1176,.T.);
#1178= IFCFACE((#1177));
#1179= IFCCARTESIANPOINT((-35.3885282238007,-112.57595373888,12.2186725041429));
#1180= IFCCARTESIANPOINT((-35.3885282237716,-113.628325397993,5.07968302317386));
#1181= IFCCARTESIANPOINT((-40.0394639255501,-125.651870817688,6.85209611826576));
#1182= IFCCARTESIANPOINT((-40.448283411155,-125.656374585058,14.1468815629378));
#1183= IFCPOLYLOOP((#1179,#1180,#1181,#1182));
#1184= IFCFACEOUTERBOUND(#1183,.T.);
#1185= IFCFACE((#1184));
#1186= IFCCARTESIANPOINT((-29.162038187158,-115.335978803079,9.83419344427602));
#1187= IFCCARTESIANPOINT((-36.7615658977847,-134.982190330367,12.730277865674));
#1188= IFCPOLYLOOP((#1180,#1186,#1187,#1181));
#1189= IFCFACEOUTERBOUND(#1188,.T.);
#1190= IFCFACE((#1189));
#1191= IFCPOLYLOOP((#1186,#1179,#1182,#1187));
#1192= IFCFACEOUTERBOUND(#1191,.T.);
#1193= IFCFACE((#1192));
#1194= IFCCARTESIANPOINT((1.4243664412752,-17.4076823594514,-1.81025860915906));
#1195= IFCCARTESIANPOINT((1.42436644129702,-18.4600540185493,-8.94924809013173));
#1196= IFCPOLYLOOP((#1194,#1195,#1180,#1179));
#1197= IFCFACEOUTERBOUND(#1196,.T.);
#1198= IFCFACE((#1197));
#1199= IFCCARTESIANPOINT((7.65085647791057,-20.1677074236359,-4.19473766902956));
#1200= IFCPOLYLOOP((#1195,#1199,#1186,#1180));
#1201= IFCFACEOUTERBOUND(#1200,.T.);
#1202= IFCFACE((#1201));
#1203= IFCPOLYLOOP((#1199,#1194,#1179,#1186));
#1204= IFCFACEOUTERBOUND(#1203,.T.);
#1205= IFCFACE((#1204));
#1206= IFCCARTESIANPOINT((6.07530214306098,-6.43650859891204,-10.72166118522));
#1207= IFCPOLYLOOP((#1150,#1206,#1195,#1194));
#1208= IFCFACEOUTERBOUND(#1207,.T.);
#1209= IFCFACE((#1208));
#1210= IFCCARTESIANPOINT((15.2503841885082,-0.521495896449778,-7.09082209042026));
#1211= IFCPOLYLOOP((#1206,#1210,#1199,#1195));
#1212= IFCFACEOUTERBOUND(#1211,.T.);
#1213= IFCFACE((#1212));
#1214= IFCPOLYLOOP((#1210,#1150,#1194,#1199));
#1215= IFCFACEOUTERBOUND(#1214,.T.);
#1216= IFCFACE((#1215));
#1217= IFCPOLYLOOP((#1187,#1182,#1181));
#1218= IFCFACEOUTERBOUND(#1217,.T.);
#1219= IFCFACE((#1218));
#1220= IFCPOLYLOOP((#1210,#1206,#1150));
#1221= IFCFACEOUTERBOUND(#1220,.T.);
#1222= IFCFACE((#1221));
#1223= IFCCARTESIANPOINT((-39.7757711173435,-125.648965841014,2.14688384991314));
#1224= IFCPOLYLOOP((#1182,#1223,#1085,#1084));
#1225= IFCFACEOUTERBOUND(#1224,.T.);
#1226= IFCFACE((#1225));
#1227= IFCCARTESIANPOINT((-36.9924323570413,-134.139741155523,11.0428402880971));
#1228= IFCPOLYLOOP((#1223,#1227,#1091,#1085));
#1229= IFCFACEOUTERBOUND(#1228,.T.);
#1230= IFCFACE((#1229));
#1231= IFCPOLYLOOP((#1227,#1182,#1084,#1091));
#1232= IFCFACEOUTERBOUND(#1231,.T.);
#1233= IFCFACE((#1232));
#1234= IFCPOLYLOOP((#1091,#1084,#1085));
#1235= IFCFACEOUTERBOUND(#1234,.T.);
#1236= IFCFACE((#1235));
#1237= IFCPOLYLOOP((#1227,#1223,#1182));
#1238= IFCFACEOUTERBOUND(#1237,.T.);
#1239= IFCFACE((#1238));
#1240= IFCCLOSEDSHELL((#1090,#1095,#1098,#1101,#1104,#1110,#1115,#1118,#1123,#1127,#1130,#1134,#1138,#1141,#1144,#1147,#1153,#1158,#1161,#1165,#1169,#1172,#1175,#1178,#1185,#1190,#1193,#1198,#1202,#1205,#1209,#1213,#1216,#1219,#1222,#1226,#1230,#1233,#1236,#1239));
#1241= IFCFACETEDBREP(#1240);
#1242= IFCSHAPEREPRESENTATION(#12,'Body','Brep',(#1241));
#1243= IFCCARTESIANPOINT((-45.3293352265973,18.5236371984538,125.659076774173));
#1244= IFCCARTESIANPOINT((-50.2103870417704,17.8853492310009,121.329113071755));
#1245= IFCCARTESIANPOINT((-45.1506318543798,15.9571401721878,108.248692225563));
#1246= IFCCARTESIANPOINT((-8.33773718913289,1.92820905879489,13.0804208460613));
#1247= IFCCARTESIANPOINT((6.4841216285713,-3.73846766792485,4.32726151339011));
#1248= IFCCARTESIANPOINT((1.42436644122427,-1.81025860912996,17.407682359466));
#1249= IFCCARTESIANPOINT((-35.3885282240262,12.2186725042629,112.575953738968));
#1250= IFCCARTESIANPOINT((-40.4482834114133,14.1468815630687,125.656374585145));
#1251= IFCPOLYLINE((#1243,#1244,#1245,#1246,#156,#197,#1247,#1248,#1249,#1250,#1243));
#1252= IFCSHAPEREPRESENTATION(#13,'Axis','GeometricCurveSet',(#1251));
#1253= IFCPRODUCTDEFINITIONSHAPE($,$,(#1242,#1252));
#1254= IFCFASTENER('0nCjpoOuD5cA8VADCvoXU7',#44,'Weld',$,$,#1083,#1253,'ID3132dcf2-6383-4598-a21f-28d339ca1787');
#1255= IFCPROPERTYSINGLEVALUE('WeldID',$,IFCINTEGER(115409238),$);
#1256= IFCPROPERTYSET('1ylNocwF9Ch8rUU_gdYEZl',#5,'AISC_EM11_Pset_Weld','WeldIdentity',(#305,#306,#307,#308,#1255,#310,#311,#312,#313,#314,#315,#316,#317,#318,#319,#320));
#1257= IFCCARTESIANPOINT((53056.489503949,9111.40819271411,52771.8291777665));
#1258= IFCAXIS2PLACEMENT3D(#1257,#1080,#1081);
#1259= IFCLOCALPLACEMENT(#1077,#1258);
#1260= IFCSHAPEREPRESENTATION(#12,'Body','Brep',(#1241));
#1261= IFCSHAPEREPRESENTATION(#13,'Axis','GeometricCurveSet',(#1251));
#1262= IFCPRODUCTDEFINITIONSHAPE($,$,(#1260,#1261));
#1263= IFCFASTENER('3l2t$TfA12xgW2ZkLH6q7T',#44,'Weld',$,$,#1259,#1262,'IDef0b7fdd-a4a0-42ee-a802-8ee5511b41dd');
#1264= IFCPROPERTYSINGLEVALUE('WeldID',$,IFCINTEGER(115409193),$);
#1265= IFCPROPERTYSET('0F2or9inj6CBa6QH5fbIv6',#5,'AISC_EM11_Pset_Weld','WeldIdentity',(#305,#306,#307,#308,#1264,#310,#311,#312,#313,#314,#315,#316,#317,#318,#319,#320));
#1266= IFCCARTESIANPOINT((53008.645,9122.508,52715.));
#1267= IFCAXIS2PLACEMENT3D(#1266,#8,#9);
#1268= IFCLOCALPLACEMENT(#1077,#1267);
#1269= IFCCARTESIANPOINT((-95.,-0.00639608204801334,4.24263586583584));
#1270= IFCCARTESIANPOINT((95.,-0.00639608204801334,4.24263586583584));
#1271= IFCPOLYLOOP((#1269,#336,#337,#1270));
#1272= IFCFACEOUTERBOUND(#1271,.T.);
#1273= IFCFACE((#1272));
#1274= IFCCARTESIANPOINT((-95.,4.24263586583402,0.00639608206256526));
#1275= IFCCARTESIANPOINT((95.,4.24263586583402,0.00639608206256526));
#1276= IFCPOLYLOOP((#336,#1274,#1275,#337));
#1277= IFCFACEOUTERBOUND(#1276,.T.);
#1278= IFCFACE((#1277));
#1279= IFCPOLYLOOP((#1274,#1269,#1270,#1275));
#1280= IFCFACEOUTERBOUND(#1279,.T.);
#1281= IFCFACE((#1280));
#1282= IFCPOLYLOOP((#1275,#1270,#337));
#1283= IFCFACEOUTERBOUND(#1282,.T.);
#1284= IFCFACE((#1283));
#1285= IFCPOLYLOOP((#1274,#336,#1269));
#1286= IFCFACEOUTERBOUND(#1285,.T.);
#1287= IFCFACE((#1286));
#1288= IFCCARTESIANPOINT((95.,-6.00639608204801,4.23363586585037));
#1289= IFCCARTESIANPOINT((95.,-6.,-0.00900000000001455));
#1290= IFCCARTESIANPOINT((-95.,-6.,-0.00900000000001455));
#1291= IFCCARTESIANPOINT((-95.,-6.00639608204801,4.23363586585037));
#1292= IFCPOLYLOOP((#1288,#1289,#1290,#1291));
#1293= IFCFACEOUTERBOUND(#1292,.T.);
#1294= IFCFACE((#1293));
#1295= IFCCARTESIANPOINT((95.,-10.2426358658486,-0.0153960820625798));
#1296= IFCCARTESIANPOINT((-95.,-10.2426358658486,-0.0153960820625798));
#1297= IFCPOLYLOOP((#1289,#1295,#1296,#1290));
#1298= IFCFACEOUTERBOUND(#1297,.T.);
#1299= IFCFACE((#1298));
#1300= IFCPOLYLOOP((#1295,#1288,#1291,#1296));
#1301= IFCFACEOUTERBOUND(#1300,.T.);
#1302= IFCFACE((#1301));
#1303= IFCPOLYLOOP((#1296,#1291,#1290));
#1304= IFCFACEOUTERBOUND(#1303,.T.);
#1305= IFCFACE((#1304));
#1306= IFCPOLYLOOP((#1295,#1289,#1288));
#1307= IFCFACEOUTERBOUND(#1306,.T.);
#1308= IFCFACE((#1307));
#1309= IFCCLOSEDSHELL((#1273,#1278,#1281,#1284,#1287,#1294,#1299,#1302,#1305,#1308));
#1310= IFCFACETEDBREP(#1309);
#1311= IFCSHAPEREPRESENTATION(#12,'Body','Brep',(#1310));
#1312= IFCCARTESIANPOINT((95.,-0.00900000000001455,6.));
#1313= IFCCARTESIANPOINT((-95.,-0.00900000000001455,6.));
#1314= IFCPOLYLINE((#1312,#1313));
#1315= IFCSHAPEREPRESENTATION(#13,'Axis','GeometricCurveSet',(#380,#1314));
#1316= IFCPRODUCTDEFINITIONSHAPE($,$,(#1311,#1315));
#1317= IFCFASTENER('20rqBUX7X01RKv7gnBJqY3',#44,'Weld',$,$,#1268,#1316,'ID80d742de-8478-4005-b539-1eac4b4f4883');
#1318= IFCPROPERTYSINGLEVALUE('WeldID',$,IFCINTEGER(115409131),$);
#1319= IFCPROPERTYSET('0qhkLqfATDFhD_28Kti6g_',#5,'AISC_EM11_Pset_Weld','WeldIdentity',(#305,#306,#307,#308,#1318,#388,#311,#312,#389,#314,#390,#391,#317,#318,#319,#320));
#1320= IFCCARTESIANPOINT((53005.5621268325,9177.50306992855,52620.));
#1321= IFCDIRECTION((0.00150757099941984,-0.999998863614195,0.));
#1322= IFCAXIS2PLACEMENT3D(#1320,#9,#1321);
#1323= IFCLOCALPLACEMENT(#1077,#1322);
#1324= IFCSHAPEREPRESENTATION(#12,'Body','SweptSolid',(#400));
#1325= IFCPRODUCTDEFINITIONSHAPE($,$,(#1324));
#1326= IFCDISCRETEACCESSORY('3JIeRq_CP9lQ08ByHSD8b$',#44,'Support section',$,$,#1323,#1325,'1050(?)');
#1327= IFCLOCALPLACEMENT(#1077,#1060);
#1328= IFCSHAPEREPRESENTATION(#12,'Body','MappedRepresentation',(#411,#412,#413));
#1329= IFCPRODUCTDEFINITIONSHAPE($,$,(#1328));
#1330= IFCOPENINGELEMENT('3HJL8pvvL4gg5zl0sjmOcD',#5,$,$,'Opening',#1327,#1329,$);
#1331= IFCRELVOIDSELEMENT('3KTmKJ_f5AwR5GFkxIZSkm',#5,'Drill Hole',$,#1326,#1330);
#1332= IFCCARTESIANPOINT((52954.0483807078,8854.42504211476,52645.0007506475));
#1333= IFCDIRECTION((2.99999373964965E-09,-1.73299745074473E-06,0.999999999998498));
#1334= IFCDIRECTION((-0.0015075709994041,0.999998863612694,1.73300000383251E-06));
#1335= IFCAXIS2PLACEMENT3D(#1332,#1333,#1334);
#1336= IFCLOCALPLACEMENT(#1077,#1335);
#1337= IFCSHAPEREPRESENTATION(#12,'Body','Brep',(#676));
#1338= IFCPRODUCTDEFINITIONSHAPE($,$,(#1337));
#1339= IFCDISCRETEACCESSORY('3zks33PF19_87WB_N0vMU3',#44,'Support section',$,$,#1336,#1338,'1497(?)');
#1340= IFCCARTESIANPOINT((53054.0482670681,8854.5757992151,52645.0007506475));
#1341= IFCAXIS2PLACEMENT3D(#1340,#1333,#1334);
#1342= IFCLOCALPLACEMENT(#1077,#1341);
#1343= IFCSHAPEREPRESENTATION(#12,'Body','Brep',(#676));
#1344= IFCPRODUCTDEFINITIONSHAPE($,$,(#1343));
#1345= IFCDISCRETEACCESSORY('3xLVkoaTDArO_94eZ5Ps5b',#44,'Support section',$,$,#1342,#1344,'1497(?)');
#1346= IFCCARTESIANPOINT((52999.5525881195,9117.49394192923,52595.));
#1347= IFCDIRECTION((0.999998863614195,0.00150757099941802,0.));
#1348= IFCAXIS2PLACEMENT3D(#1346,#9,#1347);
#1349= IFCLOCALPLACEMENT(#1077,#1348);
#1350= IFCSHAPEREPRESENTATION(#12,'Body','SweptSolid',(#696));
#1351= IFCPRODUCTDEFINITIONSHAPE($,$,(#1350));
#1352= IFCCOLUMN('2T4DZOiCf8tQOd7uz6rBCJ',#44,'main piece','PL10*200','PL10*200',#1349,#1351,'1496(?)');
#1353= IFCLOCALPLACEMENT(#42,#10);
#1354= IFCELEMENTASSEMBLY('0ousN$a3zCLukexyVGAiWC',#44,'BEAM',$,$,#1353,$,'B/740(?)',.NOTDEFINED.,.RIGID_FRAME.);
#1355= IFCPROPERTYSINGLEVALUE('AssemblyMark',$,IFCIDENTIFIER('B/740(?)'),$);
#1356= IFCPROPERTYSET('3Cd9dtCejFKeosHZiYWQIc',#5,'AISC_EM11_Pset_AssemblyIdentification','AssemblyIdentity',(#1355,#52,#53));
#1357= IFCCARTESIANPOINT((53130.8554853501,8112.69074853413,52834.9981994629));
#1358= IFCAXIS2PLACEMENT3D(#1357,#1321,#57);
#1359= IFCLOCALPLACEMENT(#1353,#1358);
#1360= IFCCARTESIANPOINT((0.,2.45576296120613,0.));
#1361= IFCAXIS2PLACEMENT3D(#1360,#8,#7);
#1362= IFCEXTRUDEDAREASOLID(#78,#1361,#9,8.);
#1363= IFCCARTESIANPOINT((0.,10.4557629612061,0.));
#1364= IFCAXIS2PLACEMENT3D(#1363,#8,#7);
#1365= IFCEXTRUDEDAREASOLID(#67,#1364,#9,13.);
#1366= IFCSHAPEREPRESENTATION(#12,'Body','SweptSolid',(#70,#77,#1362,#1365));
#1367= IFCREPRESENTATIONMAP(#10,#1366);
#1368= IFCMAPPEDITEM(#1367,#86);
#1369= IFCMAPPEDITEM(#1367,#91);
#1370= IFCMAPPEDITEM(#1367,#94);
#1371= IFCSHAPEREPRESENTATION(#12,'Body','MappedRepresentation',(#1368,#1369,#1370));
#1372= IFCSHAPEREPRESENTATION(#12,'Axis','MappedRepresentation',(#101,#102,#103));
#1373= IFCPRODUCTDEFINITIONSHAPE($,$,(#1371,#1372));
#1374= IFCMECHANICALFASTENER('2PnXgzuILD5RWh6lAMBmGv',#44,'Bolt assembly',$,$,#1359,#1373,'ID99c61abd-e125-4d15-b82b-1af2962f0439',16.,40.);
#1375= IFCLOCALPLACEMENT(#42,#10);
#1376= IFCELEMENTASSEMBLY('3h9mR$5Ar7le05If$N3XAV',#44,$,$,$,#1375,$,'A/193(?)',.NOTDEFINED.,.RIGID_FRAME.);
#1377= IFCCARTESIANPOINT((53173.8958423162,8133.92723780369,52771.8273772294));
#1378= IFCDIRECTION((-0.329028610079368,-0.934445749074795,-0.136203215032852));
#1379= IFCDIRECTION((0.863394044827327,-0.356105520928905,0.357406744928885));
#1380= IFCAXIS2PLACEMENT3D(#1377,#1378,#1379);
#1381= IFCLOCALPLACEMENT(#1375,#1380);
#1382= IFCSHAPEREPRESENTATION(#12,'Body','Brep',(#1241));
#1383= IFCSHAPEREPRESENTATION(#13,'Axis','GeometricCurveSet',(#1251));
#1384= IFCPRODUCTDEFINITIONSHAPE($,$,(#1382,#1383));
#1385= IFCFASTENER('3RQeUyUa15vvRhw33Q$18H',#44,'Weld',$,$,#1381,#1384,'IDdb6a87bc-7a40-45e7-96eb-e830dafc1211');
#1386= IFCPROPERTYSINGLEVALUE('WeldID',$,IFCINTEGER(115408848),$);
#1387= IFCPROPERTYSET('2x4Gg6QgL8V9Ry9dbN3Rcq',#5,'AISC_EM11_Pset_Weld','WeldIdentity',(#305,#306,#307,#308,#1386,#310,#311,#312,#313,#314,#315,#316,#317,#318,#319,#320));
#1388= IFCCARTESIANPOINT((53073.8959559558,8133.77648070334,52771.8273772294));
#1389= IFCAXIS2PLACEMENT3D(#1388,#1378,#1379);
#1390= IFCLOCALPLACEMENT(#1375,#1389);
#1391= IFCSHAPEREPRESENTATION(#12,'Body','Brep',(#1241));
#1392= IFCSHAPEREPRESENTATION(#13,'Axis','GeometricCurveSet',(#1251));
#1393= IFCPRODUCTDEFINITIONSHAPE($,$,(#1391,#1392));
#1394= IFCFASTENER('2NpRMtN518IfKhCSi7O$U4',#44,'Weld',$,$,#1390,#1393,'ID97cdb5b7-5c50-484a-952b-31cb0763f784');
#1395= IFCPROPERTYSINGLEVALUE('WeldID',$,IFCINTEGER(115408803),$);
#1396= IFCPROPERTYSET('1VSvtXY1n8KxTwiVNPP$dL',#5,'AISC_EM11_Pset_Weld','WeldIdentity',(#305,#306,#307,#308,#1395,#310,#311,#312,#313,#314,#315,#316,#317,#318,#319,#320));
#1397= IFCCARTESIANPOINT((53121.74,8122.677,52714.998));
#1398= IFCAXIS2PLACEMENT3D(#1397,#332,#9);
#1399= IFCLOCALPLACEMENT(#1375,#1398);
#1400= IFCSHAPEREPRESENTATION(#12,'Body','Brep',(#1310));
#1401= IFCSHAPEREPRESENTATION(#13,'Axis','GeometricCurveSet',(#380,#1314));
#1402= IFCPRODUCTDEFINITIONSHAPE($,$,(#1400,#1401));
#1403= IFCFASTENER('0fQ8lwhxj599jARjKo41Z3',#44,'Weld',$,$,#1399,#1402,'ID29688bfa-afbb-4524-9b4a-6ed5321018c3');
#1404= IFCPROPERTYSINGLEVALUE('WeldID',$,IFCINTEGER(115408741),$);
#1405= IFCPROPERTYSET('3Dz1iGmbH9_xXuliZwYAz2',#5,'AISC_EM11_Pset_Weld','WeldIdentity',(#305,#306,#307,#308,#1404,#388,#311,#312,#389,#314,#390,#391,#317,#318,#319,#320));
#1406= IFCCARTESIANPOINT((53124.8233330723,8067.68160348891,52619.9981994629));
#1407= IFCAXIS2PLACEMENT3D(#1406,#9,#1059);
#1408= IFCLOCALPLACEMENT(#1375,#1407);
#1409= IFCSHAPEREPRESENTATION(#12,'Body','SweptSolid',(#400));
#1410= IFCPRODUCTDEFINITIONSHAPE($,$,(#1409));
#1411= IFCDISCRETEACCESSORY('1TC4u0YoX4jfVo8p7iB_Zb',#44,'Support section',$,$,#1408,#1410,'1050(?)');
#1412= IFCLOCALPLACEMENT(#1375,#1358);
#1413= IFCSHAPEREPRESENTATION(#12,'Body','MappedRepresentation',(#411,#412,#413));
#1414= IFCPRODUCTDEFINITIONSHAPE($,$,(#1413));
#1415= IFCOPENINGELEMENT('1FuzbdiUj9wQM$jE1klcDa',#5,$,$,'Opening',#1412,#1414,$);
#1416= IFCRELVOIDSELEMENT('3u$LphgHr39ulAUx8YRb1P',#5,'Drill Hole',$,#1411,#1415);
#1417= IFCCARTESIANPOINT((53176.337079197,8390.7596313027,52644.9989501104));
#1418= IFCDIRECTION((0.00150757099940409,-0.999998863612694,1.7330000038325E-06));
#1419= IFCAXIS2PLACEMENT3D(#1417,#433,#1418);
#1420= IFCLOCALPLACEMENT(#1375,#1419);
#1421= IFCSHAPEREPRESENTATION(#12,'Body','Brep',(#676));
#1422= IFCPRODUCTDEFINITIONSHAPE($,$,(#1421));
#1423= IFCDISCRETEACCESSORY('0QejspxNTF2vXM_ANtEI_g',#44,'Support section',$,$,#1420,#1422,'1497(?)');
#1424= IFCCARTESIANPOINT((53076.3371928366,8390.60887420236,52644.9989501104));
#1425= IFCAXIS2PLACEMENT3D(#1424,#433,#1418);
#1426= IFCLOCALPLACEMENT(#1375,#1425);
#1427= IFCSHAPEREPRESENTATION(#12,'Body','Brep',(#676));
#1428= IFCPRODUCTDEFINITIONSHAPE($,$,(#1427));
#1429= IFCDISCRETEACCESSORY('3SsHHTQWn0dRSn5zqqwLW9',#44,'Support section',$,$,#1426,#1428,'1497(?)');
#1430= IFCCARTESIANPOINT((53130.8328717853,8127.69073148823,52594.9981994629));
#1431= IFCDIRECTION((-0.999998863614195,-0.00150757099941802,0.));
#1432= IFCAXIS2PLACEMENT3D(#1430,#9,#1431);
#1433= IFCLOCALPLACEMENT(#1375,#1432);
#1434= IFCSHAPEREPRESENTATION(#12,'Body','SweptSolid',(#696));
#1435= IFCPRODUCTDEFINITIONSHAPE($,$,(#1434));
#1436= IFCCOLUMN('2RUJ$B279CffA$3_iGTmaB',#44,'main piece','PL10*200','PL10*200',#1433,#1435,'1496(?)');
#1437= IFCLOCALPLACEMENT(#42,#10);
#1438= IFCELEMENTASSEMBLY('1X_we3qYH9kBpL57_x6O7W',#44,'BEAM',$,$,#1437,$,'B/736(?)',.NOTDEFINED.,.RIGID_FRAME.);
#1439= IFCCARTESIANPOINT((40403.2151139342,7728.27512823001,52834.9981994629));
#1440= IFCDIRECTION((0.0551522560011072,-0.998477956020056,0.));
#1441= IFCAXIS2PLACEMENT3D(#1439,#1440,#57);
#1442= IFCLOCALPLACEMENT(#1437,#1441);
#1443= IFCCARTESIANPOINT((0.,-44.7973741156941,0.));
#1444= IFCAXIS2PLACEMENT3D(#1443,#8,#7);
#1445= IFCEXTRUDEDAREASOLID(#67,#1444,#9,10.56);
#1446= IFCCARTESIANPOINT((0.,-34.2373741156941,0.));
#1447= IFCAXIS2PLACEMENT3D(#1446,#8,#7);
#1448= IFCEXTRUDEDAREASOLID(#74,#1447,#9,40.);
#1449= IFCCARTESIANPOINT((0.,-3.09999990493237,0.));
#1450= IFCAXIS2PLACEMENT3D(#1449,#8,#7);
#1451= IFCEXTRUDEDAREASOLID(#78,#1450,#9,8.);
#1452= IFCCARTESIANPOINT((0.,4.90000009506763,0.));
#1453= IFCAXIS2PLACEMENT3D(#1452,#8,#7);
#1454= IFCEXTRUDEDAREASOLID(#67,#1453,#9,13.);
#1455= IFCSHAPEREPRESENTATION(#12,'Body','SweptSolid',(#1445,#1448,#1451,#1454));
#1456= IFCREPRESENTATIONMAP(#10,#1455);
#1457= IFCMAPPEDITEM(#1456,#86);
#1458= IFCMAPPEDITEM(#1456,#91);
#1459= IFCMAPPEDITEM(#1456,#94);
#1460= IFCSHAPEREPRESENTATION(#12,'Body','MappedRepresentation',(#1457,#1458,#1459));
#1461= IFCPOLYLINE((#1443,#97));
#1462= IFCSHAPEREPRESENTATION(#12,'Axis','GeometricCurveSet',(#1461));
#1463= IFCREPRESENTATIONMAP(#10,#1462);
#1464= IFCMAPPEDITEM(#1463,#86);
#1465= IFCMAPPEDITEM(#1463,#91);
#1466= IFCMAPPEDITEM(#1463,#94);
#1467= IFCSHAPEREPRESENTATION(#12,'Axis','MappedRepresentation',(#1464,#1465,#1466));
#1468= IFCPRODUCTDEFINITIONSHAPE($,$,(#1460,#1467));
#1469= IFCMECHANICALFASTENER('2WROpkbxD2$vc8EU7LDXTV',#44,'Bolt assembly',$,$,#1442,#1468,'IDa06d8cee-97b3-42ff-9988-39e1d536175f',16.,40.);
#1470= IFCLOCALPLACEMENT(#42,#10);
#1471= IFCELEMENTASSEMBLY('2eAUNdDl5CHAQou10k9m35',#44,$,$,$,#1470,$,'A/193(?)',.NOTDEFINED.,.RIGID_FRAME.);
#1472= IFCCARTESIANPOINT((40445.0542196594,7751.79001033943,52771.8273772281));
#1473= IFCDIRECTION((-0.286600622332444,-0.950972877691193,-0.11623540413483));
#1474= IFCDIRECTION((0.881254692273183,-0.309274289095826,0.3574067451109));
#1475= IFCAXIS2PLACEMENT3D(#1472,#1473,#1474);
#1476= IFCLOCALPLACEMENT(#1470,#1475);
#1477= IFCCARTESIANPOINT((-45.329335226299,-126.029501998157,15.8080149555972));
#1478= IFCCARTESIANPOINT((-48.5765118271302,-125.841179996976,7.32482364425232));
#1479= IFCCARTESIANPOINT((-57.3772525369277,-118.011059973112,6.34268333204091));
#1480= IFCCARTESIANPOINT((-50.2103870414576,-121.68677417381,15.2633019693021));
#1481= IFCPOLYLOOP((#1477,#1478,#1479,#1480));
#1482= IFCFACEOUTERBOUND(#1481,.T.);
#1483= IFCFACE((#1482));
#1484= IFCCARTESIANPOINT((-48.1311817195747,-134.568452712396,18.1314423998774));
#1485= IFCCARTESIANPOINT((-59.2699310820972,-124.658179554681,16.8883862598013));
#1486= IFCPOLYLOOP((#1478,#1484,#1485,#1479));
#1487= IFCFACEOUTERBOUND(#1486,.T.);
#1488= IFCFACE((#1487));
#1489= IFCPOLYLOOP((#1484,#1477,#1480,#1485));
#1490= IFCFACEOUTERBOUND(#1489,.T.);
#1491= IFCFACE((#1490));
#1492= IFCPOLYLOOP((#1485,#1480,#1479));
#1493= IFCFACEOUTERBOUND(#1492,.T.);
#1494= IFCFACE((#1493));
#1495= IFCPOLYLOOP((#1484,#1478,#1477));
#1496= IFCFACEOUTERBOUND(#1495,.T.);
#1497= IFCFACE((#1496));
#1498= IFCCARTESIANPOINT((-8.33773718912562,-13.1189800807842,1.64552767432906));
#1499= IFCCARTESIANPOINT((-13.1032863467262,-11.9445083968749,-3.64435081278862));
#1500= IFCCARTESIANPOINT((-8.45235064493318,0.114480737865961,-5.15692269135616));
#1501= IFCPOLYLOOP((#1498,#1499,#1500,#156));
#1502= IFCFACEOUTERBOUND(#1501,.T.);
#1503= IFCFACE((#1502));
#1504= IFCCARTESIANPOINT((-14.5642272257537,-10.4110467832652,4.08900388624534));
#1505= IFCCARTESIANPOINT((-6.96469951511972,9.29307900296408,1.61749435730599));
#1506= IFCPOLYLOOP((#1499,#1504,#1505,#1500));
#1507= IFCFACEOUTERBOUND(#1506,.T.);
#1508= IFCFACE((#1507));
#1509= IFCPOLYLOOP((#1504,#1498,#156,#1505));
#1510= IFCFACEOUTERBOUND(#1509,.T.);
#1511= IFCFACE((#1510));
#1512= IFCCARTESIANPOINT((-45.1506318540632,-108.567794092945,13.6177742949658));
#1513= IFCCARTESIANPOINT((-49.9161810116639,-107.393322409029,8.32789580785902));
#1514= IFCPOLYLOOP((#1512,#1513,#1499,#1498));
#1515= IFCFACEOUTERBOUND(#1514,.T.);
#1516= IFCFACE((#1515));
#1517= IFCCARTESIANPOINT((-51.3771218906913,-105.859860795434,16.0612505068784));
#1518= IFCPOLYLOOP((#1513,#1517,#1504,#1499));
#1519= IFCFACEOUTERBOUND(#1518,.T.);
#1520= IFCFACE((#1519));
#1521= IFCPOLYLOOP((#1517,#1512,#1498,#1504));
#1522= IFCFACEOUTERBOUND(#1521,.T.);
#1523= IFCFACE((#1522));
#1524= IFCCARTESIANPOINT((-54.5671167134715,-119.452311543799,9.84046768641929));
#1525= IFCPOLYLOOP((#1480,#1524,#1513,#1512));
#1526= IFCFACEOUTERBOUND(#1525,.T.);
#1527= IFCFACE((#1526));
#1528= IFCCARTESIANPOINT((-58.9766496013763,-125.563986581757,18.5327600358323));
#1529= IFCPOLYLOOP((#1524,#1528,#1517,#1513));
#1530= IFCFACEOUTERBOUND(#1529,.T.);
#1531= IFCFACE((#1530));
#1532= IFCPOLYLOOP((#1528,#1480,#1512,#1517));
#1533= IFCFACEOUTERBOUND(#1532,.T.);
#1534= IFCFACE((#1533));
#1535= IFCPOLYLOOP((#1505,#156,#1500));
#1536= IFCFACEOUTERBOUND(#1535,.T.);
#1537= IFCFACE((#1536));
#1538= IFCPOLYLOOP((#1528,#1524,#1480));
#1539= IFCFACEOUTERBOUND(#1538,.T.);
#1540= IFCFACE((#1539));
#1541= IFCCARTESIANPOINT((0.0308054009365151,0.188322001129563,-8.48319131129756));
#1542= IFCCARTESIANPOINT((5.81160933480714,-7.46665493474575,-15.390582295604));
#1543= IFCCARTESIANPOINT((6.4841216285422,-4.24559026336647,-3.83096541687701));
#1544= IFCPOLYLOOP((#197,#1541,#1542,#1543));
#1545= IFCFACEOUTERBOUND(#1544,.T.);
#1546= IFCFACE((#1545));
#1547= IFCCARTESIANPOINT((7.04127021283784,8.48319131131575,0.188322001115012));
#1548= IFCCARTESIANPOINT((14.3578050655415,-1.20541016853531,-8.55408951404388));
#1549= IFCPOLYLOOP((#1541,#1547,#1548,#1542));
#1550= IFCFACEOUTERBOUND(#1549,.T.);
#1551= IFCFACE((#1550));
#1552= IFCPOLYLOOP((#1547,#197,#1543,#1548));
#1553= IFCFACEOUTERBOUND(#1552,.T.);
#1554= IFCFACE((#1553));
#1555= IFCCARTESIANPOINT((-11.7898720847006,0.188322001107736,-8.48319131128665));
#1556= IFCPOLYLOOP((#156,#1555,#1541,#197));
#1557= IFCFACEOUTERBOUND(#1556,.T.);
#1558= IFCFACE((#1557));
#1559= IFCCARTESIANPOINT((-7.91969365943805,8.48319131128665,0.188322001125925));
#1560= IFCPOLYLOOP((#1555,#1559,#1547,#1541));
#1561= IFCFACEOUTERBOUND(#1560,.T.);
#1562= IFCFACE((#1561));
#1563= IFCPOLYLOOP((#1559,#156,#197,#1547));
#1564= IFCFACEOUTERBOUND(#1563,.T.);
#1565= IFCFACE((#1564));
#1566= IFCPOLYLOOP((#1548,#1543,#1542));
#1567= IFCFACEOUTERBOUND(#1566,.T.);
#1568= IFCFACE((#1567));
#1569= IFCPOLYLOOP((#1559,#1555,#156));
#1570= IFCFACEOUTERBOUND(#1569,.T.);
#1571= IFCFACE((#1570));
#1572= IFCCARTESIANPOINT((-35.3885282237534,-112.813384356297,9.7868088780815));
#1573= IFCCARTESIANPOINT((-35.3885282237316,-113.711475090196,2.6267746636513));
#1574= IFCCARTESIANPOINT((-40.0394639255246,-125.770464224966,4.13934654222248));
#1575= IFCCARTESIANPOINT((-40.4482834111259,-125.932364437162,11.4323365524178));
#1576= IFCPOLYLOOP((#1572,#1573,#1574,#1575));
#1577= IFCFACEOUTERBOUND(#1576,.T.);
#1578= IFCFACE((#1577));
#1579= IFCCARTESIANPOINT((-29.1620381871326,-115.521317653802,7.34333266616886));
#1580= IFCCARTESIANPOINT((-36.7615658978029,-135.225443440126,9.8148421951264));
#1581= IFCPOLYLOOP((#1573,#1579,#1580,#1574));
#1582= IFCFACEOUTERBOUND(#1581,.T.);
#1583= IFCFACE((#1582));
#1584= IFCPOLYLOOP((#1579,#1572,#1575,#1580));
#1585= IFCFACEOUTERBOUND(#1584,.T.);
#1586= IFCFACE((#1585));
#1587= IFCCARTESIANPOINT((1.42436644119152,-17.3645703441362,-2.18543774255522));
#1588= IFCCARTESIANPOINT((1.4243664411988,-18.2626610780426,-9.34547195698178));
#1589= IFCPOLYLOOP((#1587,#1588,#1573,#1572));
#1590= IFCFACEOUTERBOUND(#1589,.T.);
#1591= IFCFACE((#1590));
#1592= IFCCARTESIANPOINT((7.65085647780506,-20.0725036416479,-4.62891395446422));
#1593= IFCPOLYLOOP((#1588,#1592,#1579,#1573));
#1594= IFCFACEOUTERBOUND(#1593,.T.);
#1595= IFCFACE((#1594));
#1596= IFCPOLYLOOP((#1592,#1587,#1572,#1579));
#1597= IFCFACEOUTERBOUND(#1596,.T.);
#1598= IFCFACE((#1597));
#1599= IFCCARTESIANPOINT((6.07530214298458,-6.20367194329447,-10.858043835542));
#1600= IFCPOLYLOOP((#1543,#1599,#1588,#1587));
#1601= IFCFACEOUTERBOUND(#1600,.T.);
#1602= IFCFACE((#1601));
#1603= IFCCARTESIANPOINT((15.2503841884318,-0.368377855440485,-7.1004234833963));
#1604= IFCPOLYLOOP((#1599,#1603,#1592,#1588));
#1605= IFCFACEOUTERBOUND(#1604,.T.);
#1606= IFCFACE((#1605));
#1607= IFCPOLYLOOP((#1603,#1543,#1587,#1592));
#1608= IFCFACEOUTERBOUND(#1607,.T.);
#1609= IFCFACE((#1608));
#1610= IFCPOLYLOOP((#1580,#1575,#1574));
#1611= IFCFACEOUTERBOUND(#1610,.T.);
#1612= IFCFACE((#1611));
#1613= IFCPOLYLOOP((#1603,#1599,#1543));
#1614= IFCFACEOUTERBOUND(#1613,.T.);
#1615= IFCFACE((#1614));
#1616= IFCCARTESIANPOINT((-39.7757711173035,-125.666036908988,-0.564707652330981));
#1617= IFCPOLYLOOP((#1575,#1616,#1478,#1477));
#1618= IFCFACEOUTERBOUND(#1617,.T.);
#1619= IFCFACE((#1618));
#1620= IFCCARTESIANPOINT((-36.9924323570522,-134.346781034488,8.14597474462062));
#1621= IFCPOLYLOOP((#1616,#1620,#1484,#1478));
#1622= IFCFACEOUTERBOUND(#1621,.T.);
#1623= IFCFACE((#1622));
#1624= IFCPOLYLOOP((#1620,#1575,#1477,#1484));
#1625= IFCFACEOUTERBOUND(#1624,.T.);
#1626= IFCFACE((#1625));
#1627= IFCPOLYLOOP((#1484,#1477,#1478));
#1628= IFCFACEOUTERBOUND(#1627,.T.);
#1629= IFCFACE((#1628));
#1630= IFCPOLYLOOP((#1620,#1616,#1575));
#1631= IFCFACEOUTERBOUND(#1630,.T.);
#1632= IFCFACE((#1631));
#1633= IFCCLOSEDSHELL((#1483,#1488,#1491,#1494,#1497,#1503,#1508,#1511,#1516,#1520,#1523,#1527,#1531,#1534,#1537,#1540,#1546,#1551,#1554,#1558,#1562,#1565,#1568,#1571,#1578,#1583,#1586,#1591,#1595,#1598,#1602,#1606,#1609,#1612,#1615,#1619,#1623,#1626,#1629,#1632));
#1634= IFCFACETEDBREP(#1633);
#1635= IFCSHAPEREPRESENTATION(#12,'Body','Brep',(#1634));
#1636= IFCCARTESIANPOINT((-45.3293352265391,15.8080149556299,126.029501997917));
#1637= IFCCARTESIANPOINT((-50.2103870416904,15.2633019693349,121.68677417357));
#1638= IFCCARTESIANPOINT((-45.1506318542743,13.6177742949985,108.567794092727));
#1639= IFCCARTESIANPOINT((-8.337737189162,1.64552767433634,13.1189800807551));
#1640= IFCCARTESIANPOINT((6.48412162853492,-3.83096541687337,4.24559026338102));
#1641= IFCCARTESIANPOINT((1.42436644116242,-2.18543774254795,17.3645703441289));
#1642= IFCCARTESIANPOINT((-35.3885282239571,9.78680887811061,112.813384356094));
#1643= IFCCARTESIANPOINT((-40.448283411366,11.4323365524506,125.932364436936));
#1644= IFCPOLYLINE((#1636,#1637,#1638,#1639,#156,#197,#1640,#1641,#1642,#1643,#1636));
#1645= IFCSHAPEREPRESENTATION(#13,'Axis','GeometricCurveSet',(#1644));
#1646= IFCPRODUCTDEFINITIONSHAPE($,$,(#1635,#1645));
#1647= IFCFASTENER('3nSIIE8$XAvungSb2qdiPm',#44,'Weld',$,$,#1476,#1646,'IDf171248e-23f8-4ae7-8c6a-7250b49ec670');
#1648= IFCPROPERTYSINGLEVALUE('WeldID',$,IFCINTEGER(115408458),$);
#1649= IFCPROPERTYSET('0Yljn_TCb7iAvoEvp6GgIl',#5,'AISC_EM11_Pset_Weld','WeldIdentity',(#305,#306,#307,#308,#1648,#310,#311,#312,#313,#314,#315,#316,#317,#318,#319,#320));
#1650= IFCCARTESIANPOINT((40345.206424058,7746.27478473888,52771.8273772281));
#1651= IFCAXIS2PLACEMENT3D(#1650,#1473,#1474);
#1652= IFCLOCALPLACEMENT(#1470,#1651);
#1653= IFCSHAPEREPRESENTATION(#12,'Body','Brep',(#1634));
#1654= IFCSHAPEREPRESENTATION(#13,'Axis','GeometricCurveSet',(#1644));
#1655= IFCPRODUCTDEFINITIONSHAPE($,$,(#1653,#1654));
#1656= IFCFASTENER('3qVHSJptX2WRn3VXzVtlFW',#44,'Weld',$,$,#1652,#1655,'IDf47d1713-cf78-4281-bc43-7e1f5fdef3e0');
#1657= IFCPROPERTYSINGLEVALUE('WeldID',$,IFCINTEGER(115408413),$);
#1658= IFCPROPERTYSET('0pjSpDdkD5V9ozWXWkFRRA',#5,'AISC_EM11_Pset_Weld','WeldIdentity',(#305,#306,#307,#308,#1657,#310,#311,#312,#313,#314,#315,#316,#317,#318,#319,#320));
#1659= IFCCARTESIANPOINT((40399.568,7738.089,52714.998));
#1660= IFCAXIS2PLACEMENT3D(#1659,#332,#57);
#1661= IFCLOCALPLACEMENT(#1470,#1660);
#1662= IFCCARTESIANPOINT((-95.,0.233991205284838,4.2361832014094));
#1663= IFCCARTESIANPOINT((95.,0.233991205284838,4.2361832014094));
#1664= IFCPOLYLOOP((#1662,#336,#337,#1663));
#1665= IFCFACEOUTERBOUND(#1664,.T.);
#1666= IFCFACE((#1665));
#1667= IFCCARTESIANPOINT((-95.,4.23618320140667,-0.233991205296661));
#1668= IFCCARTESIANPOINT((95.,4.23618320140667,-0.233991205296661));
#1669= IFCPOLYLOOP((#336,#1667,#1668,#337));
#1670= IFCFACEOUTERBOUND(#1669,.T.);
#1671= IFCFACE((#1670));
#1672= IFCPOLYLOOP((#1667,#1662,#1663,#1668));
#1673= IFCFACEOUTERBOUND(#1672,.T.);
#1674= IFCFACE((#1673));
#1675= IFCPOLYLOOP((#1668,#1663,#337));
#1676= IFCFACEOUTERBOUND(#1675,.T.);
#1677= IFCFACE((#1676));
#1678= IFCPOLYLOOP((#1667,#336,#1662));
#1679= IFCFACEOUTERBOUND(#1678,.T.);
#1680= IFCFACE((#1679));
#1681= IFCCARTESIANPOINT((95.,-5.75700879471697,4.5671832013968));
#1682= IFCCARTESIANPOINT((95.,-5.9910000000018,0.331000000000131));
#1683= IFCCARTESIANPOINT((-95.,-5.9910000000018,0.331000000000131));
#1684= IFCCARTESIANPOINT((-95.,-5.75700879471697,4.5671832013968));
#1685= IFCPOLYLOOP((#1681,#1682,#1683,#1684));
#1686= IFCFACEOUTERBOUND(#1685,.T.);
#1687= IFCFACE((#1686));
#1688= IFCCARTESIANPOINT((95.,-10.2271832014012,0.564991205295883));
#1689= IFCCARTESIANPOINT((-95.,-10.2271832014012,0.564991205295883));
#1690= IFCPOLYLOOP((#1682,#1688,#1689,#1683));
#1691= IFCFACEOUTERBOUND(#1690,.T.);
#1692= IFCFACE((#1691));
#1693= IFCPOLYLOOP((#1688,#1681,#1684,#1689));
#1694= IFCFACEOUTERBOUND(#1693,.T.);
#1695= IFCFACE((#1694));
#1696= IFCPOLYLOOP((#1689,#1684,#1683));
#1697= IFCFACEOUTERBOUND(#1696,.T.);
#1698= IFCFACE((#1697));
#1699= IFCPOLYLOOP((#1688,#1682,#1681));
#1700= IFCFACEOUTERBOUND(#1699,.T.);
#1701= IFCFACE((#1700));
#1702= IFCCLOSEDSHELL((#1666,#1671,#1674,#1677,#1680,#1687,#1692,#1695,#1698,#1701));
#1703= IFCFACETEDBREP(#1702);
#1704= IFCSHAPEREPRESENTATION(#12,'Body','Brep',(#1703));
#1705= IFCCARTESIANPOINT((95.,0.331000000000131,5.9910000000018));
#1706= IFCCARTESIANPOINT((-95.,0.331000000000131,5.9910000000018));
#1707= IFCPOLYLINE((#1705,#1706));
#1708= IFCSHAPEREPRESENTATION(#13,'Axis','GeometricCurveSet',(#380,#1707));
#1709= IFCPRODUCTDEFINITIONSHAPE($,$,(#1704,#1708));
#1710= IFCFASTENER('1c3zO_cYzDAvwqwPEC7d5Z',#44,'Weld',$,$,#1661,#1709,'ID660fd63e-9a2f-4d2b-9eb4-e9938c1e7163');
#1711= IFCPROPERTYSINGLEVALUE('WeldID',$,IFCINTEGER(115408351),$);
#1712= IFCPROPERTYSET('3e3hEiIl59XA1tg$maRvdc',#5,'AISC_EM11_Pset_Weld','WeldIdentity',(#305,#306,#307,#308,#1711,#388,#311,#312,#389,#314,#390,#391,#317,#318,#319,#320));
#1713= IFCCARTESIANPOINT((40399.6062500175,7683.00719145298,52619.9981994629));
#1714= IFCDIRECTION((-0.0551522560011072,0.998477956020056,0.));
#1715= IFCAXIS2PLACEMENT3D(#1713,#9,#1714);
#1716= IFCLOCALPLACEMENT(#1470,#1715);
#1717= IFCSHAPEREPRESENTATION(#12,'Body','SweptSolid',(#400));
#1718= IFCPRODUCTDEFINITIONSHAPE($,$,(#1717));
#1719= IFCDISCRETEACCESSORY('01MEfjVwLBQwAAHN7Qdlq5',#44,'Support section',$,$,#1716,#1718,'1050(?)');
#1720= IFCLOCALPLACEMENT(#1470,#1441);
#1721= IFCSHAPEREPRESENTATION(#12,'Body','MappedRepresentation',(#411,#412,#413));
#1722= IFCPRODUCTDEFINITIONSHAPE($,$,(#1721));
#1723= IFCOPENINGELEMENT('1wWrUDaLn7AxY3un4gX8vB',#5,$,$,'Opening',#1720,#1722,$);
#1724= IFCRELVOIDSELEMENT('3uRQ8uHevDTuaFb9acQETa',#5,'Drill Hole',$,#1719,#1723);
#1725= IFCCARTESIANPOINT((40433.7136745481,8008.38353000329,52644.9989501104));
#1726= IFCDIRECTION((0.0551522560010247,-0.998477956018556,1.73300000382746E-06));
#1727= IFCAXIS2PLACEMENT3D(#1725,#433,#1726);
#1728= IFCLOCALPLACEMENT(#1470,#1727);
#1729= IFCSHAPEREPRESENTATION(#12,'Body','Brep',(#676));
#1730= IFCPRODUCTDEFINITIONSHAPE($,$,(#1729));
#1731= IFCDISCRETEACCESSORY('0uoGL6KIbFn9oXLb80i1h5',#44,'Support section',$,$,#1728,#1730,'1497(?)');
#1732= IFCCARTESIANPOINT((40333.8658789467,8002.86830440273,52644.9989501104));
#1733= IFCAXIS2PLACEMENT3D(#1732,#433,#1726);
#1734= IFCLOCALPLACEMENT(#1470,#1733);
#1735= IFCSHAPEREPRESENTATION(#12,'Body','Brep',(#676));
#1736= IFCPRODUCTDEFINITIONSHAPE($,$,(#1735));
#1737= IFCDISCRETEACCESSORY('3db9GOA2v8beYeO3Qx3baz',#44,'Support section',$,$,#1734,#1736,'1497(?)');
#1738= IFCCARTESIANPOINT((40402.3878300943,7743.25229757024,52594.9981994629));
#1739= IFCDIRECTION((-0.998477956020056,-0.0551522560011081,0.));
#1740= IFCAXIS2PLACEMENT3D(#1738,#9,#1739);
#1741= IFCLOCALPLACEMENT(#1470,#1740);
#1742= IFCSHAPEREPRESENTATION(#12,'Body','SweptSolid',(#696));
#1743= IFCPRODUCTDEFINITIONSHAPE($,$,(#1742));
#1744= IFCCOLUMN('3hLsj_dQLC3utbVzc86ajt',#44,'main piece','PL10*200','PL10*200',#1741,#1743,'1496(?)');
#1745= IFCLOCALPLACEMENT(#42,#10);
#1746= IFCELEMENTASSEMBLY('1sbhtO0ez9pBHlM_fPlf5H',#44,'BEAM',$,$,#1745,$,'B/735(?)',.NOTDEFINED.,.RIGID_FRAME.);
#1747= IFCPROPERTYSINGLEVALUE('AssemblyMark',$,IFCIDENTIFIER('B/735(?)'),$);
#1748= IFCPROPERTYSET('0PILI6LtP3Ku7NCGkvo3_8',#5,'AISC_EM11_Pset_AssemblyIdentification','AssemblyIdentity',(#1747,#52,#53));
#1749= IFCCARTESIANPOINT((38278.215113936,7610.89793097128,52834.9981994629));
#1750= IFCAXIS2PLACEMENT3D(#1749,#1440,#57);
#1751= IFCLOCALPLACEMENT(#1745,#1750);
#1752= IFCSHAPEREPRESENTATION(#12,'Body','MappedRepresentation',(#1457,#1458,#1459));
#1753= IFCSHAPEREPRESENTATION(#12,'Axis','MappedRepresentation',(#1464,#1465,#1466));
#1754= IFCPRODUCTDEFINITIONSHAPE($,$,(#1752,#1753));
#1755= IFCMECHANICALFASTENER('3IHUHZnwT6JOfQfXK2PSV4',#44,'Bolt assembly',$,$,#1751,#1754,'IDd245e463-c7a7-464d-8a5a-a6150265c7c4',16.,40.);
#1756= IFCLOCALPLACEMENT(#42,#10);
#1757= IFCELEMENTASSEMBLY('3BJinzXML41weEuqRbQfve',#44,$,$,$,#1756,$,'A/193(?)',.NOTDEFINED.,.RIGID_FRAME.);
#1758= IFCCARTESIANPOINT((38320.0542196602,7634.4128130804,52771.8273772281));
#1759= IFCAXIS2PLACEMENT3D(#1758,#1473,#1474);
#1760= IFCLOCALPLACEMENT(#1756,#1759);
#1761= IFCSHAPEREPRESENTATION(#12,'Body','Brep',(#1634));
#1762= IFCSHAPEREPRESENTATION(#13,'Axis','GeometricCurveSet',(#1644));
#1763= IFCPRODUCTDEFINITIONSHAPE($,$,(#1761,#1762));
#1764= IFCFASTENER('0K40Gg_CzF8PRtvLU3FVlo',#44,'Weld',$,$,#1760,#1763,'ID1410042a-f8cf-4f21-96f7-e557833dfbf2');
#1765= IFCPROPERTYSINGLEVALUE('WeldID',$,IFCINTEGER(115408068),$);
#1766= IFCPROPERTYSET('0csOxChZjCxgBRSCawBubZ',#5,'AISC_EM11_Pset_Weld','WeldIdentity',(#305,#306,#307,#308,#1765,#310,#311,#312,#313,#314,#315,#316,#317,#318,#319,#320));
#1767= IFCCARTESIANPOINT((38220.2064240589,7628.89758748031,52771.8273772281));
#1768= IFCAXIS2PLACEMENT3D(#1767,#1473,#1474);
#1769= IFCLOCALPLACEMENT(#1756,#1768);
#1770= IFCSHAPEREPRESENTATION(#12,'Body','Brep',(#1634));
#1771= IFCSHAPEREPRESENTATION(#13,'Axis','GeometricCurveSet',(#1644));
#1772= IFCPRODUCTDEFINITIONSHAPE($,$,(#1770,#1771));
#1773= IFCFASTENER('3h8YUkE_z3AfrqPqv6RwtN',#44,'Weld',$,$,#1769,#1772,'IDeb2227ae-3bef-432a-9d74-674e466fadd7');
#1774= IFCPROPERTYSINGLEVALUE('WeldID',$,IFCINTEGER(115408023),$);
#1775= IFCPROPERTYSET('00BEMYMSnEZxxiSOg3doob',#5,'AISC_EM11_Pset_Weld','WeldIdentity',(#305,#306,#307,#308,#1774,#310,#311,#312,#313,#314,#315,#316,#317,#318,#319,#320));
#1776= IFCCARTESIANPOINT((38274.568,7620.712,52714.998));
#1777= IFCAXIS2PLACEMENT3D(#1776,#332,#57);
#1778= IFCLOCALPLACEMENT(#1756,#1777);
#1779= IFCSHAPEREPRESENTATION(#12,'Body','Brep',(#1703));
#1780= IFCSHAPEREPRESENTATION(#13,'Axis','GeometricCurveSet',(#380,#1707));
#1781= IFCPRODUCTDEFINITIONSHAPE($,$,(#1779,#1780));
#1782= IFCFASTENER('3ThCdexzL6d9aSdyLvmw5F',#44,'Weld',$,$,#1778,#1781,'IDddacc9e8-efd5-469c-991c-9fc579c3a14f');
#1783= IFCPROPERTYSINGLEVALUE('WeldID',$,IFCINTEGER(115407961),$);
#1784= IFCPROPERTYSET('3brtxIRsT8FO1_vl4$$isD',#5,'AISC_EM11_Pset_Weld','WeldIdentity',(#305,#306,#307,#308,#1783,#388,#311,#312,#389,#314,#390,#391,#317,#318,#319,#320));
#1785= IFCCARTESIANPOINT((38274.6062500195,7565.62999419429,52619.9981994629));
#1786= IFCAXIS2PLACEMENT3D(#1785,#9,#1714);
#1787= IFCLOCALPLACEMENT(#1756,#1786);
#1788= IFCSHAPEREPRESENTATION(#12,'Body','SweptSolid',(#400));
#1789= IFCPRODUCTDEFINITIONSHAPE($,$,(#1788));
#1790= IFCDISCRETEACCESSORY('2H623_72LEwfx1XabiG2jM',#44,'Support section',$,$,#1787,#1789,'1050(?)');
#1791= IFCLOCALPLACEMENT(#1756,#1750);
#1792= IFCSHAPEREPRESENTATION(#12,'Body','MappedRepresentation',(#411,#412,#413));
#1793= IFCPRODUCTDEFINITIONSHAPE($,$,(#1792));
#1794= IFCOPENINGELEMENT('0aVD$vSQL3sB$WnvkaK6ge',#5,$,$,'Opening',#1791,#1793,$);
#1795= IFCRELVOIDSELEMENT('1aktUgLw59oAzCsH8IcAc0',#5,'Drill Hole',$,#1790,#1794);
#1796= IFCCARTESIANPOINT((38308.7136745489,7891.0063327443,52644.9989501104));
#1797= IFCAXIS2PLACEMENT3D(#1796,#433,#1726);
#1798= IFCLOCALPLACEMENT(#1756,#1797);
#1799= IFCSHAPEREPRESENTATION(#12,'Body','Brep',(#676));
#1800= IFCPRODUCTDEFINITIONSHAPE($,$,(#1799));
#1801= IFCDISCRETEACCESSORY('2ZLaNPf5X1CwbzWEFf5TcU',#44,'Support section',$,$,#1798,#1800,'1497(?)');
#1802= IFCCARTESIANPOINT((38208.8658789475,7885.4911071442,52644.9989501104));
#1803= IFCAXIS2PLACEMENT3D(#1802,#433,#1726);
#1804= IFCLOCALPLACEMENT(#1756,#1803);
#1805= IFCSHAPEREPRESENTATION(#12,'Body','Brep',(#676));
#1806= IFCPRODUCTDEFINITIONSHAPE($,$,(#1805));
#1807= IFCDISCRETEACCESSORY('0sSUd_Jln2yhAlaG7okAcM',#44,'Support section',$,$,#1804,#1806,'1497(?)');
#1808= IFCCARTESIANPOINT((38277.3878300961,7625.87510031152,52594.9981994629));
#1809= IFCAXIS2PLACEMENT3D(#1808,#9,#1739);
#1810= IFCLOCALPLACEMENT(#1756,#1809);
#1811= IFCSHAPEREPRESENTATION(#12,'Body','SweptSolid',(#696));
#1812= IFCPRODUCTDEFINITIONSHAPE($,$,(#1811));
#1813= IFCCOLUMN('2O7KUOrXL2cvhbKJytiW5d',#44,'main piece','PL10*200','PL10*200',#1810,#1812,'1496(?)');
#1814= IFCLOCALPLACEMENT(#42,#10);
#1815= IFCELEMENTASSEMBLY('2aGBKSKIPCWBcGCXSdTj7j',#44,'BEAM',$,$,#1814,$,'B/734(?)',.NOTDEFINED.,.RIGID_FRAME.);
#1816= IFCPROPERTYSINGLEVALUE('AssemblyMark',$,IFCIDENTIFIER('B/734(?)'),$);
#1817= IFCPROPERTYSET('319BEltzPDbhJaaCZ$vKd9',#5,'AISC_EM11_Pset_AssemblyIdentification','AssemblyIdentity',(#1816,#52,#53));
#1818= IFCCARTESIANPOINT((36163.4346879106,7494.08522545378,52834.9981994629));
#1819= IFCAXIS2PLACEMENT3D(#1818,#1440,#57);
#1820= IFCLOCALPLACEMENT(#1814,#1819);
#1821= IFCSHAPEREPRESENTATION(#12,'Body','MappedRepresentation',(#1457,#1458,#1459));
#1822= IFCSHAPEREPRESENTATION(#12,'Axis','MappedRepresentation',(#1464,#1465,#1466));
#1823= IFCPRODUCTDEFINITIONSHAPE($,$,(#1821,#1822));
#1824= IFCMECHANICALFASTENER('04DWcfAzH7jvlXa$VyIbYC',#44,'Bolt assembly',$,$,#1820,#1823,'ID043609a9-2bd4-47b7-9be1-93f7fc4a588c',16.,40.);
#1825= IFCLOCALPLACEMENT(#42,#10);
#1826= IFCELEMENTASSEMBLY('2d3rR5YQ1DmvmUFLElq3ua',#44,$,$,$,#1825,$,'A/193(?)',.NOTDEFINED.,.RIGID_FRAME.);
#1827= IFCCARTESIANPOINT((36205.2737936349,7517.60010756292,52771.827377228));
#1828= IFCAXIS2PLACEMENT3D(#1827,#1473,#1474);
#1829= IFCLOCALPLACEMENT(#1825,#1828);
#1830= IFCSHAPEREPRESENTATION(#12,'Body','Brep',(#1634));
#1831= IFCSHAPEREPRESENTATION(#13,'Axis','GeometricCurveSet',(#1644));
#1832= IFCPRODUCTDEFINITIONSHAPE($,$,(#1830,#1831));
#1833= IFCFASTENER('3rVl$mvAT5SeKLR4ik0Hkd',#44,'Weld',$,$,#1829,#1832,'IDf57efff0-e4a7-4572-8515-6c4b2e011ba7');
#1834= IFCPROPERTYSINGLEVALUE('WeldID',$,IFCINTEGER(115407678),$);
#1835= IFCPROPERTYSET('1GRZEKOuj1uusVks56esH3',#5,'AISC_EM11_Pset_Weld','WeldIdentity',(#305,#306,#307,#308,#1834,#310,#311,#312,#313,#314,#315,#316,#317,#318,#319,#320));
#1836= IFCCARTESIANPOINT((36105.4259980335,7512.08488196282,52771.827377228));
#1837= IFCAXIS2PLACEMENT3D(#1836,#1473,#1474);
#1838= IFCLOCALPLACEMENT(#1825,#1837);
#1839= IFCSHAPEREPRESENTATION(#12,'Body','Brep',(#1634));
#1840= IFCSHAPEREPRESENTATION(#13,'Axis','GeometricCurveSet',(#1644));
#1841= IFCPRODUCTDEFINITIONSHAPE($,$,(#1839,#1840));
#1842= IFCFASTENER('3oazlA8JH34eWH67BPxnI9',#44,'Weld',$,$,#1838,#1841,'IDf293dbca-2134-4312-8811-1872d9ef1489');
#1843= IFCPROPERTYSINGLEVALUE('WeldID',$,IFCINTEGER(115407633),$);
#1844= IFCPROPERTYSET('2xIJJPDyD7wBvfW7vSfDiB',#5,'AISC_EM11_Pset_Weld','WeldIdentity',(#305,#306,#307,#308,#1843,#310,#311,#312,#313,#314,#315,#316,#317,#318,#319,#320));
#1845= IFCCARTESIANPOINT((36159.788,7503.899,52714.998));
#1846= IFCAXIS2PLACEMENT3D(#1845,#332,#57);
#1847= IFCLOCALPLACEMENT(#1825,#1846);
#1848= IFCSHAPEREPRESENTATION(#12,'Body','Brep',(#1703));
#1849= IFCSHAPEREPRESENTATION(#13,'Axis','GeometricCurveSet',(#380,#1707));
#1850= IFCPRODUCTDEFINITIONSHAPE($,$,(#1848,#1849));
#1851= IFCFASTENER('0lJdHc9BvAGQM_uIp214z9',#44,'Weld',$,$,#1847,#1850,'ID2f4e7466-24be-4a41-a5be-e12cc2044f49');
#1852= IFCPROPERTYSINGLEVALUE('WeldID',$,IFCINTEGER(115407571),$);
#1853= IFCPROPERTYSET('0v0VMhWvnFwe$9HtVNhpI1',#5,'AISC_EM11_Pset_Weld','WeldIdentity',(#305,#306,#307,#308,#1852,#388,#311,#312,#389,#314,#390,#391,#317,#318,#319,#320));
#1854= IFCCARTESIANPOINT((36159.8258239941,7448.81728867679,52619.9981994629));
#1855= IFCAXIS2PLACEMENT3D(#1854,#9,#1714);
#1856= IFCLOCALPLACEMENT(#1825,#1855);
#1857= IFCSHAPEREPRESENTATION(#12,'Body','SweptSolid',(#400));
#1858= IFCPRODUCTDEFINITIONSHAPE($,$,(#1857));
#1859= IFCDISCRETEACCESSORY('1gS0BfNNr1rO8cYZ9qkCdL',#44,'Support section',$,$,#1856,#1858,'1050(?)');
#1860= IFCLOCALPLACEMENT(#1825,#1819);
#1861= IFCSHAPEREPRESENTATION(#12,'Body','MappedRepresentation',(#411,#412,#413));
#1862= IFCPRODUCTDEFINITIONSHAPE($,$,(#1861));
#1863= IFCOPENINGELEMENT('2i$MsTU6HAcBF2f$WlaDuU',#5,$,$,'Opening',#1860,#1862,$);
#1864= IFCRELVOIDSELEMENT('0Js6yoHrv4bx8gwtxcgUtI',#5,'Drill Hole',$,#1859,#1863);
#1865= IFCCARTESIANPOINT((36193.9332485235,7774.1936272268,52644.9989501104));
#1866= IFCAXIS2PLACEMENT3D(#1865,#433,#1726);
#1867= IFCLOCALPLACEMENT(#1825,#1866);
#1868= IFCSHAPEREPRESENTATION(#12,'Body','Brep',(#676));
#1869= IFCPRODUCTDEFINITIONSHAPE($,$,(#1868));
#1870= IFCDISCRETEACCESSORY('2X_AzknR56Y8CnOULN7CFc',#44,'Support section',$,$,#1867,#1869,'1497(?)');
#1871= IFCCARTESIANPOINT((36094.0854529222,7768.6784016267,52644.9989501104));
#1872= IFCAXIS2PLACEMENT3D(#1871,#433,#1726);
#1873= IFCLOCALPLACEMENT(#1825,#1872);
#1874= IFCSHAPEREPRESENTATION(#12,'Body','Brep',(#676));
#1875= IFCPRODUCTDEFINITIONSHAPE($,$,(#1874));
#1876= IFCDISCRETEACCESSORY('1EqKtWAwD1_ep8W_C_ij_g',#44,'Support section',$,$,#1873,#1875,'1497(?)');
#1877= IFCCARTESIANPOINT((36162.6074040707,7509.06239479402,52594.9981994629));
#1878= IFCAXIS2PLACEMENT3D(#1877,#9,#1739);
#1879= IFCLOCALPLACEMENT(#1825,#1878);
#1880= IFCSHAPEREPRESENTATION(#12,'Body','SweptSolid',(#696));
#1881= IFCPRODUCTDEFINITIONSHAPE($,$,(#1880));
#1882= IFCCOLUMN('1b4EeYaaX2Mgc46Hp54hDu',#44,'main piece','PL10*200','PL10*200',#1879,#1881,'1496(?)');
#1883= IFCLOCALPLACEMENT(#42,#10);
#1884= IFCELEMENTASSEMBLY('22oK1gVj1EWwmnJPl1E5Om',#44,'BEAM',$,$,#1883,$,'B/675(?)',.NOTDEFINED.,.RIGID_FRAME.);
#1885= IFCPROPERTYSINGLEVALUE('AssemblyMark',$,IFCIDENTIFIER('B/675(?)'),$);
#1886= IFCPROPERTYSET('11RbH85_9FaARwg4uFMva6',#5,'AISC_EM11_Pset_AssemblyIdentification','AssemblyIdentity',(#1885,#52,#53));
#1887= IFCCARTESIANPOINT((65845.9551740954,18017.8680775266,52834.9981994629));
#1888= IFCDIRECTION((-0.057107470984367,0.998368036726822,0.));
#1889= IFCAXIS2PLACEMENT3D(#1887,#1888,#57);
#1890= IFCLOCALPLACEMENT(#1883,#1889);
#1891= IFCCARTESIANPOINT((0.,-45.901902035183,0.));
#1892= IFCAXIS2PLACEMENT3D(#1891,#8,#7);
#1893= IFCEXTRUDEDAREASOLID(#67,#1892,#9,10.56);
#1894= IFCCARTESIANPOINT((0.,-35.341902035183,0.));
#1895= IFCAXIS2PLACEMENT3D(#1894,#8,#7);
#1896= IFCEXTRUDEDAREASOLID(#74,#1895,#9,40.);
#1897= IFCSHAPEREPRESENTATION(#12,'Body','SweptSolid',(#1893,#1896,#1451,#1454));
#1898= IFCREPRESENTATIONMAP(#10,#1897);
#1899= IFCMAPPEDITEM(#1898,#86);
#1900= IFCMAPPEDITEM(#1898,#91);
#1901= IFCMAPPEDITEM(#1898,#94);
#1902= IFCSHAPEREPRESENTATION(#12,'Body','MappedRepresentation',(#1899,#1900,#1901));
#1903= IFCPOLYLINE((#1891,#97));
#1904= IFCSHAPEREPRESENTATION(#12,'Axis','GeometricCurveSet',(#1903));
#1905= IFCREPRESENTATIONMAP(#10,#1904);
#1906= IFCMAPPEDITEM(#1905,#86);
#1907= IFCMAPPEDITEM(#1905,#91);
#1908= IFCMAPPEDITEM(#1905,#94);
#1909= IFCSHAPEREPRESENTATION(#12,'Axis','MappedRepresentation',(#1906,#1907,#1908));
#1910= IFCPRODUCTDEFINITIONSHAPE($,$,(#1902,#1909));
#1911= IFCMECHANICALFASTENER('259rZ67rzA7uLf$60NejwY',#44,'Bolt assembly',$,$,#1890,#1910,'ID852758c6-1f5f-4a1f-8569-fc6017a2dea2',16.,40.);
#1912= IFCLOCALPLACEMENT(#42,#10);
#1913= IFCELEMENTASSEMBLY('0C_66ZBNT5FOjVRaw2Hm27',#44,$,$,$,#1912,$,'A/193(?)',.NOTDEFINED.,.RIGID_FRAME.);
#1914= IFCCARTESIANPOINT((65804.1621978474,17994.2713056888,52771.8273772359));
#1915= IFCDIRECTION((0.285028395812085,0.951532589178997,-0.115518592923843));
#1916= IFCDIRECTION((-0.881858655104486,0.307547934036814,0.357406744042406));
#1917= IFCAXIS2PLACEMENT3D(#1914,#1915,#1916);
#1918= IFCLOCALPLACEMENT(#1912,#1917);
#1919= IFCCARTESIANPOINT((-45.3293352283581,-126.041691525956,15.7105286200276));
#1920= IFCCARTESIANPOINT((-48.5765118292475,-125.846807981579,7.22748551013501));
#1921= IFCCARTESIANPOINT((-57.3772525390668,-118.015930631693,6.25140195210406));
#1922= IFCCARTESIANPOINT((-50.2103870435531,-121.698543674705,15.1691748204066));
#1923= IFCPOLYLOOP((#1919,#1920,#1921,#1922));
#1924= IFCFACEOUTERBOUND(#1923,.T.);
#1925= IFCFACE((#1924));
#1926= IFCCARTESIANPOINT((-48.1311817216338,-134.582436816156,18.0273506407721));
#1927= IFCCARTESIANPOINT((-59.2699310841999,-124.671205140825,16.7919602948605));
#1928= IFCPOLYLOOP((#1920,#1926,#1927,#1921));
#1929= IFCFACEOUTERBOUND(#1928,.T.);
#1930= IFCFACE((#1929));
#1931= IFCPOLYLOOP((#1926,#1919,#1922,#1927));
#1932= IFCFACEOUTERBOUND(#1931,.T.);
#1933= IFCFACE((#1932));
#1934= IFCPOLYLOOP((#1927,#1922,#1921));
#1935= IFCFACEOUTERBOUND(#1934,.T.);
#1936= IFCFACE((#1935));
#1937= IFCPOLYLOOP((#1926,#1920,#1919));
#1938= IFCFACEOUTERBOUND(#1937,.T.);
#1939= IFCFACE((#1938));
#1940= IFCCARTESIANPOINT((-8.33773718914017,-13.1202489431307,1.63537988127064));
#1941= IFCCARTESIANPOINT((-13.1032863467699,-11.9416859823832,-3.65358859019761));
#1942= IFCCARTESIANPOINT((-8.45235064502049,0.118469492837903,-5.15683259984507));
#1943= IFCPOLYLOOP((#1940,#1941,#1942,#156));
#1944= IFCFACEOUTERBOUND(#1943,.T.);
#1945= IFCFACE((#1944));
#1946= IFCCARTESIANPOINT((-14.5642272257901,-10.4142064415937,4.08094990109385));
#1947= IFCCARTESIANPOINT((-6.96469951517793,9.29182511963882,1.62468190689106));
#1948= IFCPOLYLOOP((#1941,#1946,#1947,#1942));
#1949= IFCFACEOUTERBOUND(#1948,.T.);
#1950= IFCFACE((#1949));
#1951= IFCPOLYLOOP((#1946,#1940,#156,#1947));
#1952= IFCFACEOUTERBOUND(#1951,.T.);
#1953= IFCFACE((#1952));
#1954= IFCCARTESIANPOINT((-45.1506318561733,-108.578294731444,13.5337949391142));
#1955= IFCCARTESIANPOINT((-49.916181013803,-107.399731770682,8.24482646764227));
#1956= IFCPOLYLOOP((#1954,#1955,#1941,#1940));
#1957= IFCFACEOUTERBOUND(#1956,.T.);
#1958= IFCFACE((#1957));
#1959= IFCCARTESIANPOINT((-51.3771218928305,-105.872252229892,15.9793649589337));
#1960= IFCPOLYLOOP((#1955,#1959,#1946,#1941));
#1961= IFCFACEOUTERBOUND(#1960,.T.);
#1962= IFCFACE((#1961));
#1963= IFCPOLYLOOP((#1959,#1954,#1940,#1946));
#1964= IFCFACEOUTERBOUND(#1963,.T.);
#1965= IFCFACE((#1964));
#1966= IFCCARTESIANPOINT((-54.5671167156033,-119.459887246005,9.74807047732611));
#1967= IFCPOLYLOOP((#1922,#1966,#1955,#1954));
#1968= IFCFACEOUTERBOUND(#1967,.T.);
#1969= IFCFACE((#1968));
#1970= IFCCARTESIANPOINT((-58.9766496034717,-125.578283791168,18.4356329531511));
#1971= IFCPOLYLOOP((#1966,#1970,#1959,#1955));
#1972= IFCFACEOUTERBOUND(#1971,.T.);
#1973= IFCFACE((#1972));
#1974= IFCPOLYLOOP((#1970,#1922,#1954,#1959));
#1975= IFCFACEOUTERBOUND(#1974,.T.);
#1976= IFCFACE((#1975));
#1977= IFCPOLYLOOP((#1947,#156,#1942));
#1978= IFCFACEOUTERBOUND(#1977,.T.);
#1979= IFCFACE((#1978));
#1980= IFCPOLYLOOP((#1970,#1966,#1922));
#1981= IFCFACEOUTERBOUND(#1980,.T.);
#1982= IFCFACE((#1981));
#1983= IFCCARTESIANPOINT((0.0308054008346517,0.194883544361801,-8.48304310989988));
#1984= IFCCARTESIANPOINT((5.81160933476349,-7.45474835607456,-15.3963530182518));
#1985= IFCCARTESIANPOINT((6.48412162855675,-4.24262580888171,-3.83424816041952));
#1986= IFCPOLYLOOP((#197,#1983,#1984,#1985));
#1987= IFCFACEOUTERBOUND(#1986,.T.);
#1988= IFCFACE((#1987));
#1989= IFCCARTESIANPOINT((7.04127021277964,8.48304310995445,0.194883544332697));
#1990= IFCCARTESIANPOINT((14.3578050655997,-1.19879336991289,-8.55501931879189));
#1991= IFCPOLYLOOP((#1983,#1989,#1990,#1984));
#1992= IFCFACEOUTERBOUND(#1991,.T.);
#1993= IFCFACE((#1992));
#1994= IFCPOLYLOOP((#1989,#197,#1985,#1990));
#1995= IFCFACEOUTERBOUND(#1994,.T.);
#1996= IFCFACE((#1995));
#1997= IFCCARTESIANPOINT((-11.7898720849334,0.194883544361801,-8.48304310990352));
#1998= IFCPOLYLOOP((#156,#1997,#1983,#197));
#1999= IFCFACEOUTERBOUND(#1998,.T.);
#2000= IFCFACE((#1999));
#2001= IFCCARTESIANPOINT((-7.91969365952536,8.483043109969,0.194883544325421));
#2002= IFCPOLYLOOP((#1997,#2001,#1989,#1983));
#2003= IFCFACEOUTERBOUND(#2002,.T.);
#2004= IFCFACE((#2003));
#2005= IFCPOLYLOOP((#2001,#156,#197,#1989));
#2006= IFCFACEOUTERBOUND(#2005,.T.);
#2007= IFCFACE((#2006));
#2008= IFCPOLYLOOP((#1990,#1985,#1984));
#2009= IFCFACEOUTERBOUND(#2008,.T.);
#2010= IFCFACE((#2009));
#2011= IFCPOLYLOOP((#2001,#1997,#156));
#2012= IFCFACEOUTERBOUND(#2011,.T.);
#2013= IFCFACE((#2012));
#2014= IFCCARTESIANPOINT((-35.388528225827,-112.820920540355,9.69954677869828));
#2015= IFCCARTESIANPOINT((-35.3885282258416,-113.713472844844,2.53882004867046));
#2016= IFCCARTESIANPOINT((-40.0394639276492,-125.773628320167,4.04206405834339));
#2017= IFCCARTESIANPOINT((-40.4482834131777,-125.941169483631,11.3349266599798));
#2018= IFCPOLYLOOP((#2014,#2015,#2016,#2017));
#2019= IFCFACEOUTERBOUND(#2018,.T.);
#2020= IFCFACE((#2019));
#2021= IFCCARTESIANPOINT((-29.1620381891698,-115.526963041906,7.25397675887507));
#2022= IFCCARTESIANPOINT((-36.7615658997966,-135.232994603255,9.71024475307786));
#2023= IFCPOLYLOOP((#2015,#2021,#2022,#2016));
#2024= IFCFACEOUTERBOUND(#2023,.T.);
#2025= IFCFACE((#2024));
#2026= IFCPOLYLOOP((#2021,#2014,#2017,#2022));
#2027= IFCFACEOUTERBOUND(#2026,.T.);
#2028= IFCFACE((#2027));
#2029= IFCCARTESIANPOINT((1.42436644122063,-17.3628747520415,-2.19886827915252));
#2030= IFCCARTESIANPOINT((1.4243664411988,-18.2554270565161,-9.3595950091767));
#2031= IFCPOLYLOOP((#2029,#2030,#2015,#2014));
#2032= IFCFACEOUTERBOUND(#2031,.T.);
#2033= IFCFACE((#2032));
#2034= IFCCARTESIANPOINT((7.65085647786327,-20.0689172535931,-4.64443829896481));
#2035= IFCPOLYLOOP((#2030,#2034,#2021,#2015));
#2036= IFCFACEOUTERBOUND(#2035,.T.);
#2037= IFCFACE((#2036));
#2038= IFCPOLYLOOP((#2034,#2029,#2014,#2021));
#2039= IFCFACEOUTERBOUND(#2038,.T.);
#2040= IFCFACE((#2039));
#2041= IFCCARTESIANPOINT((6.07530214297003,-6.1952715813386,-10.8628390188387));
#2042= IFCPOLYLOOP((#1985,#2041,#2030,#2029));
#2043= IFCFACEOUTERBOUND(#2042,.T.);
#2044= IFCFACE((#2043));
#2045= IFCCARTESIANPOINT((15.2503841884754,-0.362885692346026,-7.10070629315305));
#2046= IFCPOLYLOOP((#2041,#2045,#2034,#2030));
#2047= IFCFACEOUTERBOUND(#2046,.T.);
#2048= IFCFACE((#2047));
#2049= IFCPOLYLOOP((#2045,#1985,#2029,#2034));
#2050= IFCFACEOUTERBOUND(#2049,.T.);
#2051= IFCFACE((#2050));
#2052= IFCPOLYLOOP((#2022,#2017,#2016));
#2053= IFCFACEOUTERBOUND(#2052,.T.);
#2054= IFCFACE((#2053));
#2055= IFCPOLYLOOP((#2045,#2041,#1985));
#2056= IFCFACEOUTERBOUND(#2055,.T.);
#2057= IFCFACE((#2056));
#2058= IFCCARTESIANPOINT((-39.7757711194936,-125.665562532115,-0.661907956222421));
#2059= IFCPOLYLOOP((#2017,#2058,#1920,#1919));
#2060= IFCFACEOUTERBOUND(#2059,.T.);
#2061= IFCFACE((#2060));
#2062= IFCCARTESIANPOINT((-36.9924323590822,-134.353041620765,8.04205743171769));
#2063= IFCPOLYLOOP((#2058,#2062,#1926,#1920));
#2064= IFCFACEOUTERBOUND(#2063,.T.);
#2065= IFCFACE((#2064));
#2066= IFCPOLYLOOP((#2062,#2017,#1919,#1926));
#2067= IFCFACEOUTERBOUND(#2066,.T.);
#2068= IFCFACE((#2067));
#2069= IFCPOLYLOOP((#1926,#1919,#1920));
#2070= IFCFACEOUTERBOUND(#2069,.T.);
#2071= IFCFACE((#2070));
#2072= IFCPOLYLOOP((#2062,#2058,#2017));
#2073= IFCFACEOUTERBOUND(#2072,.T.);
#2074= IFCFACE((#2073));
#2075= IFCCLOSEDSHELL((#1925,#1930,#1933,#1936,#1939,#1945,#1950,#1953,#1958,#1962,#1965,#1969,#1973,#1976,#1979,#1982,#1988,#1993,#1996,#2000,#2004,#2007,#2010,#2013,#2020,#2025,#2028,#2033,#2037,#2040,#2044,#2048,#2051,#2054,#2057,#2061,#2065,#2068,#2071,#2074));
#2076= IFCFACETEDBREP(#2075);
#2077= IFCSHAPEREPRESENTATION(#12,'Body','Brep',(#2076));
#2078= IFCCARTESIANPOINT((-45.3293352289329,15.710528620024,126.041691525519));
#2079= IFCCARTESIANPOINT((-50.210387044106,15.1691748204066,121.698543674283));
#2080= IFCCARTESIANPOINT((-45.150631856668,13.5337949391142,108.578294731065));
#2081= IFCCARTESIANPOINT((-8.33773718918383,1.63537988127428,13.1202489431016));
#2082= IFCCARTESIANPOINT((6.4841216285422,-3.83424816040861,4.24262580886716));
#2083= IFCCARTESIANPOINT((1.42436644114787,-2.19886827914161,17.3628747519979));
#2084= IFCCARTESIANPOINT((-35.3885282263363,9.69954677870192,112.820920539962));
#2085= IFCCARTESIANPOINT((-40.4482834137598,11.3349266599871,125.941169483194));
#2086= IFCPOLYLINE((#2078,#2079,#2080,#2081,#156,#197,#2082,#2083,#2084,#2085,#2078));
#2087= IFCSHAPEREPRESENTATION(#13,'Axis','GeometricCurveSet',(#2086));
#2088= IFCPRODUCTDEFINITIONSHAPE($,$,(#2077,#2087));
#2089= IFCFASTENER('0BkDPOthHATPZ8Fi2AmaGZ',#44,'Weld',$,$,#1918,#2088,'ID0bb8d658-deb4-4a75-98c8-3ec08ac24423');
#2090= IFCPROPERTYSINGLEVALUE('WeldID',$,IFCINTEGER(115407286),$);
#2091= IFCPROPERTYSET('1XF7QJR750vvf05dH76jHo',#5,'AISC_EM11_Pset_Weld','WeldIdentity',(#305,#306,#307,#308,#2090,#310,#311,#312,#313,#314,#315,#316,#317,#318,#319,#320));
#2092= IFCCARTESIANPOINT((65903.9990015238,17999.9820527848,52771.8273772359));
#2093= IFCAXIS2PLACEMENT3D(#2092,#1915,#1916);
#2094= IFCLOCALPLACEMENT(#1912,#2093);
#2095= IFCSHAPEREPRESENTATION(#12,'Body','Brep',(#2076));
#2096= IFCSHAPEREPRESENTATION(#13,'Axis','GeometricCurveSet',(#2086));
#2097= IFCPRODUCTDEFINITIONSHAPE($,$,(#2095,#2096));
#2098= IFCFASTENER('0$EwB28z16bxtrux3MepnJ',#44,'Weld',$,$,#2094,#2097,'ID3f3ba2c2-23d0-4697-bdf5-e3b0d6a33c53');
#2099= IFCPROPERTYSINGLEVALUE('WeldID',$,IFCINTEGER(115407241),$);
#2100= IFCPROPERTYSET('1PW017qL1EVupRZiEO4eSG',#5,'AISC_EM11_Pset_Weld','WeldIdentity',(#305,#306,#307,#308,#2099,#310,#311,#312,#313,#314,#315,#316,#317,#318,#319,#320));
#2101= IFCCARTESIANPOINT((65849.621,18008.061,52714.998));
#2102= IFCAXIS2PLACEMENT3D(#2101,#8,#57);
#2103= IFCLOCALPLACEMENT(#1912,#2102);
#2104= IFCSHAPEREPRESENTATION(#12,'Body','Brep',(#378));
#2105= IFCSHAPEREPRESENTATION(#13,'Axis','GeometricCurveSet',(#380,#383));
#2106= IFCPRODUCTDEFINITIONSHAPE($,$,(#2104,#2105));
#2107= IFCFASTENER('2Vzgg79hfEbuIABC_qCEwa',#44,'Weld',$,$,#2103,#2106,'ID9ff6aa87-26ba-4e97-848a-2ccfb430eea4');
#2108= IFCPROPERTYSINGLEVALUE('WeldID',$,IFCINTEGER(115407178),$);
#2109= IFCPROPERTYSET('2gphchqTL6swsI0AdBIboH',#5,'AISC_EM11_Pset_Weld','WeldIdentity',(#305,#306,#307,#308,#2108,#388,#311,#312,#389,#314,#390,#391,#317,#318,#319,#320));
#2110= IFCCARTESIANPOINT((65849.4753828286,18063.1429947461,52619.9981994629));
#2111= IFCDIRECTION((0.0571074709843671,-0.998368036726822,0.));
#2112= IFCAXIS2PLACEMENT3D(#2110,#9,#2111);
#2113= IFCLOCALPLACEMENT(#1912,#2112);
#2114= IFCSHAPEREPRESENTATION(#12,'Body','SweptSolid',(#400));
#2115= IFCPRODUCTDEFINITIONSHAPE($,$,(#2114));
#2116= IFCDISCRETEACCESSORY('0rapdBHrv2f859X5_cTISc',#44,'Support section',$,$,#2113,#2115,'1050(?)');
#2117= IFCLOCALPLACEMENT(#1912,#1889);
#2118= IFCSHAPEREPRESENTATION(#12,'Body','MappedRepresentation',(#411,#412,#413));
#2119= IFCPRODUCTDEFINITIONSHAPE($,$,(#2118));
#2120= IFCOPENINGELEMENT('2rltQeIiT1vvyCJcW9hy0x',#5,$,$,'Opening',#2117,#2119,$);
#2121= IFCRELVOIDSELEMENT('02dc8j8Db08vd$1pZFzkPM',#5,'Drill Hole',$,#2116,#2120);
#2122= IFCCARTESIANPOINT((65816.0052086331,17737.7004874844,52644.9989501104));
#2123= IFCDIRECTION((-0.0571074709843125,0.998368036725321,1.7330000038357E-06));
#2124= IFCAXIS2PLACEMENT3D(#2122,#1333,#2123);
#2125= IFCLOCALPLACEMENT(#1912,#2124);
#2126= IFCSHAPEREPRESENTATION(#12,'Body','Brep',(#676));
#2127= IFCPRODUCTDEFINITIONSHAPE($,$,(#2126));
#2128= IFCDISCRETEACCESSORY('2GbBC11K56zuZs0enEOTg9',#44,'Support section',$,$,#2125,#2127,'1497(?)');
#2129= IFCCARTESIANPOINT((65915.8420123095,17743.4112345804,52644.9989501104));
#2130= IFCAXIS2PLACEMENT3D(#2129,#1333,#2123);
#2131= IFCLOCALPLACEMENT(#1912,#2130);
#2132= IFCSHAPEREPRESENTATION(#12,'Body','Brep',(#676));
#2133= IFCPRODUCTDEFINITIONSHAPE($,$,(#2132));
#2134= IFCDISCRETEACCESSORY('3ICV26u_v8sAeFbLDn95dv',#44,'Support section',$,$,#2131,#2133,'1497(?)');
#2135= IFCCARTESIANPOINT((65846.8117861605,18002.8925569758,52594.9981994629));
#2136= IFCDIRECTION((0.998368036726822,0.0571074709843741,0.));
#2137= IFCAXIS2PLACEMENT3D(#2135,#9,#2136);
#2138= IFCLOCALPLACEMENT(#1912,#2137);
#2139= IFCSHAPEREPRESENTATION(#12,'Body','SweptSolid',(#696));
#2140= IFCPRODUCTDEFINITIONSHAPE($,$,(#2139));
#2141= IFCCOLUMN('2mWUWItuDE5AYoeJ$GWhYt',#44,'main piece','PL10*200','PL10*200',#2138,#2140,'1496(?)');
#2142= IFCLOCALPLACEMENT(#42,#10);
#2143= IFCELEMENTASSEMBLY('2UVkGwGFnCzO2W6suE05U8',#44,'BEAM',$,$,#2142,$,'B/750(?)',.NOTDEFINED.,.RIGID_FRAME.);
#2144= IFCPROPERTYSINGLEVALUE('AssemblyMark',$,IFCIDENTIFIER('B/750(?)'),$);
#2145= IFCPROPERTYSET('1g1PN8GPr1r8fsgbPzMFMo',#5,'AISC_EM11_Pset_AssemblyIdentification','AssemblyIdentity',(#2144,#52,#53));
#2146= IFCCARTESIANPOINT((63720.9587007313,17896.3165354295,52834.9981994629));
#2147= IFCAXIS2PLACEMENT3D(#2146,#1888,#57);
#2148= IFCLOCALPLACEMENT(#2142,#2147);
#2149= IFCCARTESIANPOINT((0.,-45.8980049805032,0.));
#2150= IFCAXIS2PLACEMENT3D(#2149,#8,#7);
#2151= IFCEXTRUDEDAREASOLID(#67,#2150,#9,10.56);
#2152= IFCCARTESIANPOINT((0.,-35.3380049805032,0.));
#2153= IFCAXIS2PLACEMENT3D(#2152,#8,#7);
#2154= IFCEXTRUDEDAREASOLID(#74,#2153,#9,40.);
#2155= IFCSHAPEREPRESENTATION(#12,'Body','SweptSolid',(#2151,#2154,#1451,#1454));
#2156= IFCREPRESENTATIONMAP(#10,#2155);
#2157= IFCMAPPEDITEM(#2156,#86);
#2158= IFCMAPPEDITEM(#2156,#91);
#2159= IFCMAPPEDITEM(#2156,#94);
#2160= IFCSHAPEREPRESENTATION(#12,'Body','MappedRepresentation',(#2157,#2158,#2159));
#2161= IFCPOLYLINE((#2149,#97));
#2162= IFCSHAPEREPRESENTATION(#12,'Axis','GeometricCurveSet',(#2161));
#2163= IFCREPRESENTATIONMAP(#10,#2162);
#2164= IFCMAPPEDITEM(#2163,#86);
#2165= IFCMAPPEDITEM(#2163,#91);
#2166= IFCMAPPEDITEM(#2163,#94);
#2167= IFCSHAPEREPRESENTATION(#12,'Axis','MappedRepresentation',(#2164,#2165,#2166));
#2168= IFCPRODUCTDEFINITIONSHAPE($,$,(#2160,#2167));
#2169= IFCMECHANICALFASTENER('0opQTUDzjAF9kXMwTovxkS',#44,'Bolt assembly',$,$,#2148,#2168,'ID32cda75e-37db-4a3c-9ba1-5ba772e7bb9c',16.,40.);
#2170= IFCLOCALPLACEMENT(#42,#10);
#2171= IFCELEMENTASSEMBLY('3L9ZkcPmj2zPfaGkAt32Fp',#44,$,$,$,#2170,$,'A/193(?)',.NOTDEFINED.,.RIGID_FRAME.);
#2172= IFCCARTESIANPOINT((63679.1657244834,17872.7197635918,52771.8273772359));
#2173= IFCAXIS2PLACEMENT3D(#2172,#1915,#1916);
#2174= IFCLOCALPLACEMENT(#2170,#2173);
#2175= IFCSHAPEREPRESENTATION(#12,'Body','Brep',(#2076));
#2176= IFCSHAPEREPRESENTATION(#13,'Axis','GeometricCurveSet',(#2086));
#2177= IFCPRODUCTDEFINITIONSHAPE($,$,(#2175,#2176));
#2178= IFCFASTENER('0gmIMH_9z9E8sxHciWhmOA',#44,'Weld',$,$,#2174,#2177,'ID2ac12591-f89f-4938-8dbb-466b20af060a');
#2179= IFCPROPERTYSINGLEVALUE('WeldID',$,IFCINTEGER(115406895),$);
#2180= IFCPROPERTYSET('27wFR7sST3V9ZxzR1Ia39k',#5,'AISC_EM11_Pset_Weld','WeldIdentity',(#305,#306,#307,#308,#2179,#310,#311,#312,#313,#314,#315,#316,#317,#318,#319,#320));
#2181= IFCCARTESIANPOINT((63779.0025281598,17878.4305106878,52771.8273772359));
#2182= IFCAXIS2PLACEMENT3D(#2181,#1915,#1916);
#2183= IFCLOCALPLACEMENT(#2170,#2182);
#2184= IFCSHAPEREPRESENTATION(#12,'Body','Brep',(#2076));
#2185= IFCSHAPEREPRESENTATION(#13,'Axis','GeometricCurveSet',(#2086));
#2186= IFCPRODUCTDEFINITIONSHAPE($,$,(#2184,#2185));
#2187= IFCFASTENER('2xaLDFhWv36OXTVUHhLqNo',#44,'Weld',$,$,#2183,#2186,'IDbb91534f-ae0e-4319-885d-7de46b5745f2');
#2188= IFCPROPERTYSINGLEVALUE('WeldID',$,IFCINTEGER(115406850),$);
#2189= IFCPROPERTYSET('2F83_5XNTERfcmhMvBo_if',#5,'AISC_EM11_Pset_Weld','WeldIdentity',(#305,#306,#307,#308,#2188,#310,#311,#312,#313,#314,#315,#316,#317,#318,#319,#320));
#2190= IFCCARTESIANPOINT((63724.625,17886.51,52714.998));
#2191= IFCAXIS2PLACEMENT3D(#2190,#8,#57);
#2192= IFCLOCALPLACEMENT(#2170,#2191);
#2193= IFCSHAPEREPRESENTATION(#12,'Body','Brep',(#378));
#2194= IFCSHAPEREPRESENTATION(#13,'Axis','GeometricCurveSet',(#380,#383));
#2195= IFCPRODUCTDEFINITIONSHAPE($,$,(#2193,#2194));
#2196= IFCFASTENER('01aGFQ3O5ERxzLeaA$Vfgb',#44,'Weld',$,$,#2192,#2195,'ID019103da-0d81-4e6f-bf55-a242bf7e9aa5');
#2197= IFCPROPERTYSINGLEVALUE('WeldID',$,IFCINTEGER(115406787),$);
#2198= IFCPROPERTYSET('22tIbB7ATEUviyDieophIC',#5,'AISC_EM11_Pset_Weld','WeldIdentity',(#305,#306,#307,#308,#2197,#388,#311,#312,#389,#314,#390,#391,#317,#318,#319,#320));
#2199= IFCCARTESIANPOINT((63724.4789094646,17941.5914526491,52619.9981994629));
#2200= IFCAXIS2PLACEMENT3D(#2199,#9,#2111);
#2201= IFCLOCALPLACEMENT(#2170,#2200);
#2202= IFCSHAPEREPRESENTATION(#12,'Body','SweptSolid',(#400));
#2203= IFCPRODUCTDEFINITIONSHAPE($,$,(#2202));
#2204= IFCDISCRETEACCESSORY('0yA1JtdSPAe8YnfAsfAuJS',#44,'Support section',$,$,#2201,#2203,'1050(?)');
#2205= IFCLOCALPLACEMENT(#2170,#2147);
#2206= IFCSHAPEREPRESENTATION(#12,'Body','MappedRepresentation',(#411,#412,#413));
#2207= IFCPRODUCTDEFINITIONSHAPE($,$,(#2206));
#2208= IFCOPENINGELEMENT('0TSIPIiQL0IOz7_1x8wV1g',#5,$,$,'Opening',#2205,#2207,$);
#2209= IFCRELVOIDSELEMENT('2q5Hryv8L6aOTOMlhKBMWn',#5,'Drill Hole',$,#2204,#2208);
#2210= IFCCARTESIANPOINT((63691.0087352691,17616.1489453874,52644.9989501104));
#2211= IFCAXIS2PLACEMENT3D(#2210,#1333,#2123);
#2212= IFCLOCALPLACEMENT(#2170,#2211);
#2213= IFCSHAPEREPRESENTATION(#12,'Body','Brep',(#676));
#2214= IFCPRODUCTDEFINITIONSHAPE($,$,(#2213));
#2215= IFCDISCRETEACCESSORY('2P3sm9_nz1swzVprMZU$kE',#44,'Support section',$,$,#2212,#2214,'1497(?)');
#2216= IFCCARTESIANPOINT((63790.8455389454,17621.8596924833,52644.9989501104));
#2217= IFCAXIS2PLACEMENT3D(#2216,#1333,#2123);
#2218= IFCLOCALPLACEMENT(#2170,#2217);
#2219= IFCSHAPEREPRESENTATION(#12,'Body','Brep',(#676));
#2220= IFCPRODUCTDEFINITIONSHAPE($,$,(#2219));
#2221= IFCDISCRETEACCESSORY('1id1pBz$1FtxdgppPWNBP6',#44,'Support section',$,$,#2218,#2220,'1497(?)');
#2222= IFCCARTESIANPOINT((63721.8153127964,17881.3410148788,52594.9981994629));
#2223= IFCAXIS2PLACEMENT3D(#2222,#9,#2136);
#2224= IFCLOCALPLACEMENT(#2170,#2223);
#2225= IFCSHAPEREPRESENTATION(#12,'Body','SweptSolid',(#696));
#2226= IFCPRODUCTDEFINITIONSHAPE($,$,(#2225));
#2227= IFCCOLUMN('0iPl30wPH8WPWDC$kcOlBw',#44,'main piece','PL10*200','PL10*200',#2224,#2226,'1496(?)');
#2228= IFCLOCALPLACEMENT(#42,#10);
#2229= IFCELEMENTASSEMBLY('3rKjI5e6z4lx9BZoWNGLym',#44,'BEAM',$,$,#2228,$,'B/758(?)',.NOTDEFINED.,.RIGID_FRAME.);
#2230= IFCPROPERTYSINGLEVALUE('AssemblyMark',$,IFCIDENTIFIER('B/758(?)'),$);
#2231= IFCPROPERTYSET('3S0Jpk5Xn8EQFDfL1zJNTH',#5,'AISC_EM11_Pset_AssemblyIdentification','AssemblyIdentity',(#2230,#52,#53));
#2232= IFCCARTESIANPOINT((61595.9586995753,17774.7647915399,52834.9981994629));
#2233= IFCAXIS2PLACEMENT3D(#2232,#1888,#57);
#2234= IFCLOCALPLACEMENT(#2228,#2233);
#2235= IFCSHAPEREPRESENTATION(#12,'Body','MappedRepresentation',(#2157,#2158,#2159));
#2236= IFCSHAPEREPRESENTATION(#12,'Axis','MappedRepresentation',(#2164,#2165,#2166));
#2237= IFCPRODUCTDEFINITIONSHAPE($,$,(#2235,#2236));
#2238= IFCMECHANICALFASTENER('2vEs5gvM91fQ5jwewQlhZY',#44,'Bolt assembly',$,$,#2234,#2237,'IDb93b616a-e562-41a5-a16d-ea8e9abeb8e2',16.,40.);
#2239= IFCLOCALPLACEMENT(#42,#10);
#2240= IFCELEMENTASSEMBLY('1GjmInVxT4FgchLWCzOQRs',#44,$,$,$,#2239,$,'A/193(?)',.NOTDEFINED.,.RIGID_FRAME.);
#2241= IFCCARTESIANPOINT((61554.1657233274,17751.1680197021,52771.8273772359));
#2242= IFCAXIS2PLACEMENT3D(#2241,#1915,#1916);
#2243= IFCLOCALPLACEMENT(#2239,#2242);
#2244= IFCSHAPEREPRESENTATION(#12,'Body','Brep',(#2076));
#2245= IFCSHAPEREPRESENTATION(#13,'Axis','GeometricCurveSet',(#2086));
#2246= IFCPRODUCTDEFINITIONSHAPE($,$,(#2244,#2245));
#2247= IFCFASTENER('05l5Jd5J15fPQ$1e6bmV3C',#44,'Weld',$,$,#2243,#2246,'ID05bc54e7-1530-45a5-96bf-0681a5c1f0cc');
#2248= IFCPROPERTYSINGLEVALUE('WeldID',$,IFCINTEGER(115406504),$);
#2249= IFCPROPERTYSET('2SX8xCOHD8gww8XqL6qgeW',#5,'AISC_EM11_Pset_Weld','WeldIdentity',(#305,#306,#307,#308,#2248,#310,#311,#312,#313,#314,#315,#316,#317,#318,#319,#320));
#2250= IFCCARTESIANPOINT((61654.0025270037,17756.8787667981,52771.8273772359));
#2251= IFCAXIS2PLACEMENT3D(#2250,#1915,#1916);
#2252= IFCLOCALPLACEMENT(#2239,#2251);
#2253= IFCSHAPEREPRESENTATION(#12,'Body','Brep',(#2076));
#2254= IFCSHAPEREPRESENTATION(#13,'Axis','GeometricCurveSet',(#2086));
#2255= IFCPRODUCTDEFINITIONSHAPE($,$,(#2253,#2254));
#2256= IFCFASTENER('2IT3rigl936hgnMxX_AtjP',#44,'Weld',$,$,#2252,#2255,'ID92743d6c-aaf2-431a-bab1-5bb87e2b7b59');
#2257= IFCPROPERTYSINGLEVALUE('WeldID',$,IFCINTEGER(115406459),$);
#2258= IFCPROPERTYSET('2cw1HrLojEkBFv4IwI1ya_',#5,'AISC_EM11_Pset_Weld','WeldIdentity',(#305,#306,#307,#308,#2257,#310,#311,#312,#313,#314,#315,#316,#317,#318,#319,#320));
#2259= IFCCARTESIANPOINT((61599.625,17764.958,52714.998));
#2260= IFCAXIS2PLACEMENT3D(#2259,#8,#57);
#2261= IFCLOCALPLACEMENT(#2239,#2260);
#2262= IFCSHAPEREPRESENTATION(#12,'Body','Brep',(#378));
#2263= IFCSHAPEREPRESENTATION(#13,'Axis','GeometricCurveSet',(#380,#383));
#2264= IFCPRODUCTDEFINITIONSHAPE($,$,(#2262,#2263));
#2265= IFCFASTENER('2Shz$vl7fCtBLO$zr8JYAR',#44,'Weld',$,$,#2261,#2264,'ID9cafdff9-bc7a-4cdc-b558-ffdd484e229b');
#2266= IFCPROPERTYSINGLEVALUE('WeldID',$,IFCINTEGER(115406396),$);
#2267= IFCPROPERTYSET('1NGg1UEyT1uP$ohRwu8Wa5',#5,'AISC_EM11_Pset_Weld','WeldIdentity',(#305,#306,#307,#308,#2266,#388,#311,#312,#389,#314,#390,#391,#317,#318,#319,#320));
#2268= IFCCARTESIANPOINT((61599.4789083086,17820.0397087595,52619.9981994629));
#2269= IFCAXIS2PLACEMENT3D(#2268,#9,#2111);
#2270= IFCLOCALPLACEMENT(#2239,#2269);
#2271= IFCSHAPEREPRESENTATION(#12,'Body','SweptSolid',(#400));
#2272= IFCPRODUCTDEFINITIONSHAPE($,$,(#2271));
#2273= IFCDISCRETEACCESSORY('0nirHXOaHF$8OBebTs_55K',#44,'Support section',$,$,#2270,#2272,'1050(?)');
#2274= IFCLOCALPLACEMENT(#2239,#2233);
#2275= IFCSHAPEREPRESENTATION(#12,'Body','MappedRepresentation',(#411,#412,#413));
#2276= IFCPRODUCTDEFINITIONSHAPE($,$,(#2275));
#2277= IFCOPENINGELEMENT('00lFrrbHTDcPBVgJ6luUXV',#5,$,$,'Opening',#2274,#2276,$);
#2278= IFCRELVOIDSELEMENT('3$Z4oymrTEyOo4gBsZ_F29',#5,'Drill Hole',$,#2273,#2277);
#2279= IFCCARTESIANPOINT((61566.0087341131,17494.5972014977,52644.9989501104));
#2280= IFCAXIS2PLACEMENT3D(#2279,#1333,#2123);
#2281= IFCLOCALPLACEMENT(#2239,#2280);
#2282= IFCSHAPEREPRESENTATION(#12,'Body','Brep',(#676));
#2283= IFCPRODUCTDEFINITIONSHAPE($,$,(#2282));
#2284= IFCDISCRETEACCESSORY('1flgo1RLH7b9B226zDHsDE',#44,'Support section',$,$,#2281,#2283,'1497(?)');
#2285= IFCCARTESIANPOINT((61665.8455377894,17500.3079485937,52644.9989501104));
#2286= IFCAXIS2PLACEMENT3D(#2285,#1333,#2123);
#2287= IFCLOCALPLACEMENT(#2239,#2286);
#2288= IFCSHAPEREPRESENTATION(#12,'Body','Brep',(#676));
#2289= IFCPRODUCTDEFINITIONSHAPE($,$,(#2288));
#2290= IFCDISCRETEACCESSORY('20WFxmjFn5vR$yudGKQBPF',#44,'Support section',$,$,#2287,#2289,'1497(?)');
#2291= IFCCARTESIANPOINT((61596.8153116404,17759.7892709891,52594.9981994629));
#2292= IFCAXIS2PLACEMENT3D(#2291,#9,#2136);
#2293= IFCLOCALPLACEMENT(#2239,#2292);
#2294= IFCSHAPEREPRESENTATION(#12,'Body','SweptSolid',(#696));
#2295= IFCPRODUCTDEFINITIONSHAPE($,$,(#2294));
#2296= IFCCOLUMN('2V_IK2vrr9_OZtbw8mlSS$',#44,'main piece','PL10*200','PL10*200',#2293,#2295,'1496(?)');
#2297= IFCLOCALPLACEMENT(#42,#10);
#2298= IFCELEMENTASSEMBLY('1Pg7XGOzD6SA$nwhurHBzi',#44,'BEAM',$,$,#2297,$,'B/756(?)',.NOTDEFINED.,.RIGID_FRAME.);
#2299= IFCPROPERTYSINGLEVALUE('AssemblyMark',$,IFCIDENTIFIER('B/756(?)'),$);
#2300= IFCPROPERTYSET('3sgzfxTxD4CwOSZwWZp31H',#5,'AISC_EM11_Pset_AssemblyIdentification','AssemblyIdentity',(#2299,#52,#53));
#2301= IFCCARTESIANPOINT((55230.9609746969,17410.6816984144,52834.9981994629));
#2302= IFCAXIS2PLACEMENT3D(#2301,#1888,#57);
#2303= IFCLOCALPLACEMENT(#2297,#2302);
#2304= IFCCARTESIANPOINT((0.,-45.8978537707704,0.));
#2305= IFCAXIS2PLACEMENT3D(#2304,#8,#7);
#2306= IFCEXTRUDEDAREASOLID(#67,#2305,#9,10.56);
#2307= IFCCARTESIANPOINT((0.,-35.3378537707704,0.));
#2308= IFCAXIS2PLACEMENT3D(#2307,#8,#7);
#2309= IFCEXTRUDEDAREASOLID(#74,#2308,#9,40.);
#2310= IFCSHAPEREPRESENTATION(#12,'Body','SweptSolid',(#2306,#2309,#1451,#1454));
#2311= IFCREPRESENTATIONMAP(#10,#2310);
#2312= IFCMAPPEDITEM(#2311,#86);
#2313= IFCMAPPEDITEM(#2311,#91);
#2314= IFCMAPPEDITEM(#2311,#94);
#2315= IFCSHAPEREPRESENTATION(#12,'Body','MappedRepresentation',(#2312,#2313,#2314));
#2316= IFCPOLYLINE((#2304,#97));
#2317= IFCSHAPEREPRESENTATION(#12,'Axis','GeometricCurveSet',(#2316));
#2318= IFCREPRESENTATIONMAP(#10,#2317);
#2319= IFCMAPPEDITEM(#2318,#86);
#2320= IFCMAPPEDITEM(#2318,#91);
#2321= IFCMAPPEDITEM(#2318,#94);
#2322= IFCSHAPEREPRESENTATION(#12,'Axis','MappedRepresentation',(#2319,#2320,#2321));
#2323= IFCPRODUCTDEFINITIONSHAPE($,$,(#2315,#2322));
#2324= IFCMECHANICALFASTENER('33IwFRAan73hit5pHNuRxE',#44,'Bolt assembly',$,$,#2303,#2323,'IDc34ba3db-2a4c-470e-bb37-173457e1bece',16.,40.);
#2325= IFCLOCALPLACEMENT(#42,#10);
#2326= IFCELEMENTASSEMBLY('2pjbeglU5DsvEngTYna66c',#44,$,$,$,#2325,$,'A/193(?)',.NOTDEFINED.,.RIGID_FRAME.);
#2327= IFCCARTESIANPOINT((55189.167998449,17387.0849265767,52771.8273772359));
#2328= IFCAXIS2PLACEMENT3D(#2327,#1915,#1916);
#2329= IFCLOCALPLACEMENT(#2325,#2328);
#2330= IFCSHAPEREPRESENTATION(#12,'Body','Brep',(#2076));
#2331= IFCSHAPEREPRESENTATION(#13,'Axis','GeometricCurveSet',(#2086));
#2332= IFCPRODUCTDEFINITIONSHAPE($,$,(#2330,#2331));
#2333= IFCFASTENER('3T5F_PFpn6zx8nbnTXuqzC',#44,'Weld',$,$,#2329,#2332,'IDdd14ff99-3f3c-46f7-b231-971761e34f4c');
#2334= IFCPROPERTYSINGLEVALUE('WeldID',$,IFCINTEGER(115406113),$);
#2335= IFCPROPERTYSET('2ON8OhrSfBGfg0zGWpsmym',#5,'AISC_EM11_Pset_Weld','WeldIdentity',(#305,#306,#307,#308,#2334,#310,#311,#312,#313,#314,#315,#316,#317,#318,#319,#320));
#2336= IFCCARTESIANPOINT((55289.0048021253,17392.7956736727,52771.8273772359));
#2337= IFCAXIS2PLACEMENT3D(#2336,#1915,#1916);
#2338= IFCLOCALPLACEMENT(#2325,#2337);
#2339= IFCSHAPEREPRESENTATION(#12,'Body','Brep',(#2076));
#2340= IFCSHAPEREPRESENTATION(#13,'Axis','GeometricCurveSet',(#2086));
#2341= IFCPRODUCTDEFINITIONSHAPE($,$,(#2339,#2340));
#2342= IFCFASTENER('3hu2oZSGz398l3n4lDf_vx',#44,'Weld',$,$,#2338,#2341,'IDebe02ca3-710f-4324-8bc3-c44bcda7ee7b');
#2343= IFCPROPERTYSINGLEVALUE('WeldID',$,IFCINTEGER(115406068),$);
#2344= IFCPROPERTYSET('0hiAMItOr2Ax2xQ1Jgtvzv',#5,'AISC_EM11_Pset_Weld','WeldIdentity',(#305,#306,#307,#308,#2343,#310,#311,#312,#313,#314,#315,#316,#317,#318,#319,#320));
#2345= IFCCARTESIANPOINT((55234.627,17400.875,52714.998));
#2346= IFCAXIS2PLACEMENT3D(#2345,#8,#57);
#2347= IFCLOCALPLACEMENT(#2325,#2346);
#2348= IFCSHAPEREPRESENTATION(#12,'Body','Brep',(#378));
#2349= IFCSHAPEREPRESENTATION(#13,'Axis','GeometricCurveSet',(#380,#383));
#2350= IFCPRODUCTDEFINITIONSHAPE($,$,(#2348,#2349));
#2351= IFCFASTENER('3W4jZHPDX9ZffEgZxpIaxB',#44,'Weld',$,$,#2347,#2350,'IDe012d8d1-64d8-498e-9a4e-aa3ef34a4ecb');
#2352= IFCPROPERTYSINGLEVALUE('WeldID',$,IFCINTEGER(115406005),$);
#2353= IFCPROPERTYSET('2di6Z7CXn5Puwz7cm9YTm8',#5,'AISC_EM11_Pset_Weld','WeldIdentity',(#305,#306,#307,#308,#2352,#388,#311,#312,#389,#314,#390,#391,#317,#318,#319,#320));
#2354= IFCCARTESIANPOINT((55234.4811834302,17455.956615634,52619.9981994629));
#2355= IFCAXIS2PLACEMENT3D(#2354,#9,#2111);
#2356= IFCLOCALPLACEMENT(#2325,#2355);
#2357= IFCSHAPEREPRESENTATION(#12,'Body','SweptSolid',(#400));
#2358= IFCPRODUCTDEFINITIONSHAPE($,$,(#2357));
#2359= IFCDISCRETEACCESSORY('38yRLQ1R5A1RvFUdOflk0u',#44,'Support section',$,$,#2356,#2358,'1050(?)');
#2360= IFCLOCALPLACEMENT(#2325,#2302);
#2361= IFCSHAPEREPRESENTATION(#12,'Body','MappedRepresentation',(#411,#412,#413));
#2362= IFCPRODUCTDEFINITIONSHAPE($,$,(#2361));
#2363= IFCOPENINGELEMENT('3QRlOUjNv7PxHw1GEOM31M',#5,$,$,'Opening',#2360,#2362,$);
#2364= IFCRELVOIDSELEMENT('26q_B5UnfAyBTy$Y5pm5Hx',#5,'Drill Hole',$,#2359,#2363);
#2365= IFCCARTESIANPOINT((55201.0110092346,17130.5141083723,52644.9989501104));
#2366= IFCAXIS2PLACEMENT3D(#2365,#1333,#2123);
#2367= IFCLOCALPLACEMENT(#2325,#2366);
#2368= IFCSHAPEREPRESENTATION(#12,'Body','Brep',(#676));
#2369= IFCPRODUCTDEFINITIONSHAPE($,$,(#2368));
#2370= IFCDISCRETEACCESSORY('1FOG8XGavFi8t3NUfinhoI',#44,'Support section',$,$,#2367,#2369,'1497(?)');
#2371= IFCCARTESIANPOINT((55300.8478129109,17136.2248554683,52644.9989501104));
#2372= IFCAXIS2PLACEMENT3D(#2371,#1333,#2123);
#2373= IFCLOCALPLACEMENT(#2325,#2372);
#2374= IFCSHAPEREPRESENTATION(#12,'Body','Brep',(#676));
#2375= IFCPRODUCTDEFINITIONSHAPE($,$,(#2374));
#2376= IFCDISCRETEACCESSORY('3Ttk$$ouH2_gJB$fSGeB6M',#44,'Support section',$,$,#2373,#2375,'1497(?)');
#2377= IFCCARTESIANPOINT((55231.817586762,17395.7061778637,52594.9981994629));
#2378= IFCAXIS2PLACEMENT3D(#2377,#9,#2136);
#2379= IFCLOCALPLACEMENT(#2325,#2378);
#2380= IFCSHAPEREPRESENTATION(#12,'Body','SweptSolid',(#696));
#2381= IFCPRODUCTDEFINITIONSHAPE($,$,(#2380));
#2382= IFCCOLUMN('18sv85ngLFlQg5D45nJC8Y',#44,'main piece','PL10*200','PL10*200',#2379,#2381,'1496(?)');
#2383= IFCLOCALPLACEMENT(#42,#10);
#2384= IFCELEMENTASSEMBLY('3Axg_UCo96wPKbjS9GaACs',#44,'BEAM',$,$,#2383,$,'B/755(?)',.NOTDEFINED.,.RIGID_FRAME.);
#2385= IFCPROPERTYSINGLEVALUE('AssemblyMark',$,IFCIDENTIFIER('B/755(?)'),$);
#2386= IFCPROPERTYSET('2qhDeOXLn1evLMQ3pd2Eys',#5,'AISC_EM11_Pset_AssemblyIdentification','AssemblyIdentity',(#2385,#52,#53));
#2387= IFCCARTESIANPOINT((53130.9276457709,17387.9614322746,52834.9981994629));
#2388= IFCDIRECTION((0.00164906200048427,0.999998640296335,0.));
#2389= IFCAXIS2PLACEMENT3D(#2387,#2388,#57);
#2390= IFCLOCALPLACEMENT(#2383,#2389);
#2391= IFCCARTESIANPOINT((0.,4.22348039308133,0.));
#2392= IFCAXIS2PLACEMENT3D(#2391,#8,#7);
#2393= IFCEXTRUDEDAREASOLID(#78,#2392,#9,8.);
#2394= IFCCARTESIANPOINT((0.,12.2234803930813,0.));
#2395= IFCAXIS2PLACEMENT3D(#2394,#8,#7);
#2396= IFCEXTRUDEDAREASOLID(#67,#2395,#9,13.);
#2397= IFCSHAPEREPRESENTATION(#12,'Body','SweptSolid',(#70,#77,#2393,#2396));
#2398= IFCREPRESENTATIONMAP(#10,#2397);
#2399= IFCMAPPEDITEM(#2398,#86);
#2400= IFCMAPPEDITEM(#2398,#91);
#2401= IFCMAPPEDITEM(#2398,#94);
#2402= IFCSHAPEREPRESENTATION(#12,'Body','MappedRepresentation',(#2399,#2400,#2401));
#2403= IFCSHAPEREPRESENTATION(#12,'Axis','MappedRepresentation',(#101,#102,#103));
#2404= IFCPRODUCTDEFINITIONSHAPE($,$,(#2402,#2403));
#2405= IFCMECHANICALFASTENER('3qliTgIJrBYgNmy_gNEB8c',#44,'Bolt assembly',$,$,#2390,#2404,'IDf4bec76a-493d-4b8a-a5f0-f3ea9738b226',16.,40.);
#2406= IFCLOCALPLACEMENT(#42,#10);
#2407= IFCELEMENTASSEMBLY('2h3KB$fSXBRBGKpfz3Pz7g',#44,$,$,$,#2406,$,'A/193(?)',.NOTDEFINED.,.RIGID_FRAME.);
#2408= IFCCARTESIANPOINT((53087.8204674686,17366.8609213029,52771.8273772386));
#2409= IFCDIRECTION((0.33148166126178,0.93340325283974,-0.137398238108508));
#2410= IFCDIRECTION((-0.862265650289643,0.358829162120624,0.357406744119902));
#2411= IFCAXIS2PLACEMENT3D(#2408,#2409,#2410);
#2412= IFCLOCALPLACEMENT(#2406,#2411);
#2413= IFCCARTESIANPOINT((-45.329335229304,-125.635011532067,18.6861603938523));
#2414= IFCCARTESIANPOINT((-48.5765118301642,-125.640748383186,10.2008809589279));
#2415= IFCCARTESIANPOINT((-57.3772525399945,-117.835137761576,9.03992359312178));
#2416= IFCCARTESIANPOINT((-50.2103870445062,-121.305877070597,18.0422721980103));
#2417= IFCPOLYLOOP((#2413,#2414,#2415,#2416));
#2418= IFCFACEOUTERBOUND(#2417,.T.);
#2419= IFCFACE((#2418));
#2420= IFCCARTESIANPOINT((-48.1311817226087,-134.118592368905,21.2042649534524));
#2421= IFCCARTESIANPOINT((-59.2699310851422,-124.239339792097,19.7348871425711));
#2422= IFCPOLYLOOP((#2414,#2420,#2421,#2415));
#2423= IFCFACEOUTERBOUND(#2422,.T.);
#2424= IFCFACE((#2423));
#2425= IFCPOLYLOOP((#2420,#2413,#2416,#2421));
#2426= IFCFACEOUTERBOUND(#2425,.T.);
#2427= IFCFACE((#2426));
#2428= IFCPOLYLOOP((#2421,#2416,#2415));
#2429= IFCFACEOUTERBOUND(#2428,.T.);
#2430= IFCFACE((#2429));
#2431= IFCPOLYLOOP((#2420,#2414,#2413));
#2432= IFCFACEOUTERBOUND(#2431,.T.);
#2433= IFCFACE((#2432));
#2434= IFCCARTESIANPOINT((-8.33773718912562,-13.0779157855432,1.94512683214634));
#2435= IFCCARTESIANPOINT((-13.1032863467663,-12.0247301891795,-3.37022811783754));
#2436= IFCCARTESIANPOINT((-8.45235064501685,-0.00348742553615011,-5.15819205938169));
#2437= IFCPOLYLOOP((#2434,#2435,#2436,#156));
#2438= IFCFACEOUTERBOUND(#2437,.T.);
#2439= IFCFACE((#2438));
#2440= IFCCARTESIANPOINT((-14.5642272257937,-10.3148087317386,4.32603383398236));
#2441= IFCCARTESIANPOINT((-6.96469951517793,9.3276403057389,1.40453966793211));
#2442= IFCPOLYLOOP((#2435,#2440,#2441,#2436));
#2443= IFCFACEOUTERBOUND(#2442,.T.);
#2444= IFCFACE((#2443));
#2445= IFCPOLYLOOP((#2440,#2434,#156,#2441));
#2446= IFCFACEOUTERBOUND(#2445,.T.);
#2447= IFCFACE((#2446));
#2448= IFCCARTESIANPOINT((-45.1506318571555,-108.227961284982,16.0971453658676));
#2449= IFCCARTESIANPOINT((-49.9161810147816,-107.174775688647,10.7817904158837));
#2450= IFCPOLYLOOP((#2448,#2449,#2435,#2434));
#2451= IFCFACEOUTERBOUND(#2450,.T.);
#2452= IFCFACE((#2451));
#2453= IFCCARTESIANPOINT((-51.3771218938164,-105.464854231192,18.4780523677109));
#2454= IFCPOLYLOOP((#2449,#2453,#2440,#2435));
#2455= IFCFACEOUTERBOUND(#2454,.T.);
#2456= IFCFACE((#2455));
#2457= IFCPOLYLOOP((#2453,#2448,#2434,#2440));
#2458= IFCFACEOUTERBOUND(#2457,.T.);
#2459= IFCFACE((#2458));
#2460= IFCCARTESIANPOINT((-54.5671167165565,-119.196018452349,12.5697543574388));
#2461= IFCPOLYLOOP((#2416,#2460,#2449,#2448));
#2462= IFCFACEOUTERBOUND(#2461,.T.);
#2463= IFCFACE((#2462));
#2464= IFCCARTESIANPOINT((-58.9766496044394,-125.107303268698,21.3995465337721));
#2465= IFCPOLYLOOP((#2460,#2464,#2453,#2449));
#2466= IFCFACEOUTERBOUND(#2465,.T.);
#2467= IFCFACE((#2466));
#2468= IFCPOLYLOOP((#2464,#2416,#2448,#2453));
#2469= IFCFACEOUTERBOUND(#2468,.T.);
#2470= IFCFACE((#2469));
#2471= IFCPOLYLOOP((#2441,#156,#2436));
#2472= IFCFACEOUTERBOUND(#2471,.T.);
#2473= IFCFACE((#2472));
#2474= IFCPOLYLOOP((#2464,#2460,#2416));
#2475= IFCFACEOUTERBOUND(#2474,.T.);
#2476= IFCFACE((#2475));
#2477= IFCCARTESIANPOINT((0.0308054009037733,-0.00573685116250999,-8.485279434939));
#2478= IFCCARTESIANPOINT((5.81160933495994,-7.81668285482738,-15.2157953608439));
#2479= IFCCARTESIANPOINT((6.48412162866589,-4.33209356194129,-3.73286727339655));
#2480= IFCPOLYLOOP((#197,#2477,#2478,#2479));
#2481= IFCFACEOUTERBOUND(#2480,.T.);
#2482= IFCFACE((#2481));
#2483= IFCCARTESIANPOINT((7.04127021284148,8.48527943495719,-0.00573685117342393));
#2484= IFCCARTESIANPOINT((14.3578050657161,-1.4007259238133,-8.52428460200099));
#2485= IFCPOLYLOOP((#2477,#2483,#2484,#2478));
#2486= IFCFACEOUTERBOUND(#2485,.T.);
#2487= IFCFACE((#2486));
#2488= IFCPOLYLOOP((#2483,#197,#2479,#2484));
#2489= IFCFACEOUTERBOUND(#2488,.T.);
#2490= IFCFACE((#2489));
#2491= IFCCARTESIANPOINT((-11.7898720848607,-0.00573685119161382,-8.48527943489171));
#2492= IFCPOLYLOOP((#156,#2491,#2477,#197));
#2493= IFCFACEOUTERBOUND(#2492,.T.);
#2494= IFCFACE((#2493));
#2495= IFCCARTESIANPOINT((-7.91969365951081,8.48527943494264,-0.00573685111885425));
#2496= IFCPOLYLOOP((#2491,#2495,#2483,#2477));
#2497= IFCFACEOUTERBOUND(#2496,.T.);
#2498= IFCFACE((#2497));
#2499= IFCPOLYLOOP((#2495,#156,#197,#2483));
#2500= IFCFACEOUTERBOUND(#2499,.T.);
#2501= IFCFACE((#2500));
#2502= IFCPOLYLOOP((#2484,#2479,#2478));
#2503= IFCFACEOUTERBOUND(#2502,.T.);
#2504= IFCFACE((#2503));
#2505= IFCPOLYLOOP((#2495,#2491,#156));
#2506= IFCFACEOUTERBOUND(#2505,.T.);
#2507= IFCFACE((#2506));
#2508= IFCCARTESIANPOINT((-35.3885282267038,-112.560054846981,12.3642780924602));
#2509= IFCCARTESIANPOINT((-35.3885282266638,-113.621659833298,5.22665581534966));
#2510= IFCCARTESIANPOINT((-40.0394639284677,-125.642902597072,7.01461975692291));
#2511= IFCCARTESIANPOINT((-40.4482834140654,-125.637970632612,14.3094049246101));
#2512= IFCPOLYLOOP((#2508,#2509,#2510,#2511));
#2513= IFCFACEOUTERBOUND(#2512,.T.);
#2514= IFCFACE((#2513));
#2515= IFCCARTESIANPOINT((-29.1620381900793,-115.323161900742,9.98337109062777));
#2516= IFCCARTESIANPOINT((-36.761565900706,-134.965610938292,12.9048652567035));
#2517= IFCPOLYLOOP((#2509,#2515,#2516,#2510));
#2518= IFCFACEOUTERBOUND(#2517,.T.);
#2519= IFCFACE((#2518));
#2520= IFCPOLYLOOP((#2515,#2508,#2511,#2516));
#2521= IFCFACEOUTERBOUND(#2520,.T.);
#2522= IFCFACE((#2521));
#2523= IFCCARTESIANPOINT((1.42436644131885,-17.4100093475136,-1.78774044127204));
#2524= IFCCARTESIANPOINT((1.42436644136615,-18.4716143338446,-8.92536271837162));
#2525= IFCPOLYLOOP((#2523,#2524,#2509,#2508));
#2526= IFCFACEOUTERBOUND(#2525,.T.);
#2527= IFCFACE((#2526));
#2528= IFCCARTESIANPOINT((7.65085647794331,-20.173116401289,-4.1686474430935));
#2529= IFCPOLYLOOP((#2524,#2528,#2515,#2509));
#2530= IFCFACEOUTERBOUND(#2529,.T.);
#2531= IFCFACE((#2530));
#2532= IFCPOLYLOOP((#2528,#2523,#2508,#2515));
#2533= IFCFACEOUTERBOUND(#2532,.T.);
#2534= IFCFACE((#2533));
#2535= IFCCARTESIANPOINT((6.07530214313374,-6.45037157017214,-10.713326659923));
#2536= IFCPOLYLOOP((#2479,#2535,#2524,#2523));
#2537= IFCFACEOUTERBOUND(#2536,.T.);
#2538= IFCFACE((#2537));
#2539= IFCCARTESIANPOINT((15.2503841885373,-0.530667363811517,-7.09014160914012));
#2540= IFCPOLYLOOP((#2535,#2539,#2528,#2524));
#2541= IFCFACEOUTERBOUND(#2540,.T.);
#2542= IFCFACE((#2541));
#2543= IFCPOLYLOOP((#2539,#2479,#2523,#2528));
#2544= IFCFACEOUTERBOUND(#2543,.T.);
#2545= IFCFACE((#2544));
#2546= IFCPOLYLOOP((#2516,#2511,#2510));
#2547= IFCFACEOUTERBOUND(#2546,.T.);
#2548= IFCFACE((#2547));
#2549= IFCPOLYLOOP((#2539,#2535,#2479));
#2550= IFCFACEOUTERBOUND(#2549,.T.);
#2551= IFCFACE((#2550));
#2552= IFCCARTESIANPOINT((-39.7757711202466,-125.646083765314,2.30940766719141));
#2553= IFCPOLYLOOP((#2511,#2552,#2414,#2413));
#2554= IFCFACEOUTERBOUND(#2553,.T.);
#2555= IFCFACE((#2554));
#2556= IFCCARTESIANPOINT((-36.9924323599516,-134.125345150969,11.2163393916526));
#2557= IFCPOLYLOOP((#2552,#2556,#2420,#2414));
#2558= IFCFACEOUTERBOUND(#2557,.T.);
#2559= IFCFACE((#2558));
#2560= IFCPOLYLOOP((#2556,#2511,#2413,#2420));
#2561= IFCFACEOUTERBOUND(#2560,.T.);
#2562= IFCFACE((#2561));
#2563= IFCPOLYLOOP((#2420,#2413,#2414));
#2564= IFCFACEOUTERBOUND(#2563,.T.);
#2565= IFCFACE((#2564));
#2566= IFCPOLYLOOP((#2556,#2552,#2511));
#2567= IFCFACEOUTERBOUND(#2566,.T.);
#2568= IFCFACE((#2567));
#2569= IFCCLOSEDSHELL((#2419,#2424,#2427,#2430,#2433,#2439,#2444,#2447,#2452,#2456,#2459,#2463,#2467,#2470,#2473,#2476,#2482,#2487,#2490,#2494,#2498,#2501,#2504,#2507,#2514,#2519,#2522,#2527,#2531,#2534,#2538,#2542,#2545,#2548,#2551,#2555,#2559,#2562,#2565,#2568));
#2570= IFCFACETEDBREP(#2569);
#2571= IFCSHAPEREPRESENTATION(#12,'Body','Brep',(#2570));
#2572= IFCCARTESIANPOINT((-45.3293352295004,18.6861603938305,125.635011531704));
#2573= IFCCARTESIANPOINT((-50.2103870446917,18.0422721979739,121.305877070234));
#2574= IFCCARTESIANPOINT((-45.1506318573156,16.0971453658349,108.227961284661));
#2575= IFCCARTESIANPOINT((-8.33773718914381,1.94512683213179,13.0779157854849));
#2576= IFCCARTESIANPOINT((6.48412162862223,-3.73286727338927,4.33209356194129));
#2577= IFCCARTESIANPOINT((1.42436644125701,-1.78774044125748,17.4100093474844));
#2578= IFCCARTESIANPOINT((-35.3885282269111,12.3642780924456,112.560054846661));
#2579= IFCCARTESIANPOINT((-40.4482834142946,14.3094049245956,125.637970632262));
#2580= IFCPOLYLINE((#2572,#2573,#2574,#2575,#156,#197,#2576,#2577,#2578,#2579,#2572));
#2581= IFCSHAPEREPRESENTATION(#13,'Axis','GeometricCurveSet',(#2580));
#2582= IFCPRODUCTDEFINITIONSHAPE($,$,(#2571,#2581));
#2583= IFCFASTENER('3RWGUndnzEkQWWCmwPHB4R',#44,'Weld',$,$,#2412,#2582,'IDdb8107b1-9f1f-4eb9-a820-330e9944b11b');
#2584= IFCPROPERTYSINGLEVALUE('WeldID',$,IFCINTEGER(115405721),$);
#2585= IFCPROPERTYSET('1rzRnSuaLC2PSHmL9ogAoL',#5,'AISC_EM11_Pset_Weld','WeldIdentity',(#305,#306,#307,#308,#2584,#310,#311,#312,#313,#314,#315,#316,#317,#318,#319,#320));
#2586= IFCCARTESIANPOINT((53187.8203315009,17366.6960151033,52771.8273772386));
#2587= IFCAXIS2PLACEMENT3D(#2586,#2409,#2410);
#2588= IFCLOCALPLACEMENT(#2406,#2587);
#2589= IFCSHAPEREPRESENTATION(#12,'Body','Brep',(#2570));
#2590= IFCSHAPEREPRESENTATION(#13,'Axis','GeometricCurveSet',(#2580));
#2591= IFCPRODUCTDEFINITIONSHAPE($,$,(#2589,#2590));
#2592= IFCFASTENER('0ES6LbnhDBdRxH4lLBqA97',#44,'Weld',$,$,#2588,#2591,'ID0e706565-c6b3-4b9d-bed1-12f54bd0a247');
#2593= IFCPROPERTYSINGLEVALUE('WeldID',$,IFCINTEGER(115405676),$);
#2594= IFCPROPERTYSET('3NVWjij5r7VBuNp2j4n6ho',#5,'AISC_EM11_Pset_Weld','WeldIdentity',(#305,#306,#307,#308,#2593,#310,#311,#312,#313,#314,#315,#316,#317,#318,#319,#320));
#2595= IFCCARTESIANPOINT((53140.011,17377.946,52714.998));
#2596= IFCAXIS2PLACEMENT3D(#2595,#8,#9);
#2597= IFCLOCALPLACEMENT(#2406,#2596);
#2598= IFCCARTESIANPOINT((-95.,0.00699637755315052,4.24263491837701));
#2599= IFCCARTESIANPOINT((95.,0.00699637755315052,4.24263491837701));
#2600= IFCPOLYLOOP((#2598,#336,#337,#2599));
#2601= IFCFACEOUTERBOUND(#2600,.T.);
#2602= IFCFACE((#2601));
#2603= IFCCARTESIANPOINT((-95.,4.24263491838065,-0.00699637753859861));
#2604= IFCCARTESIANPOINT((95.,4.24263491838065,-0.00699637753859861));
#2605= IFCPOLYLOOP((#336,#2603,#2604,#337));
#2606= IFCFACEOUTERBOUND(#2605,.T.);
#2607= IFCFACE((#2606));
#2608= IFCPOLYLOOP((#2603,#2598,#2599,#2604));
#2609= IFCFACEOUTERBOUND(#2608,.T.);
#2610= IFCFACE((#2609));
#2611= IFCPOLYLOOP((#2604,#2599,#337));
#2612= IFCFACEOUTERBOUND(#2611,.T.);
#2613= IFCFACE((#2612));
#2614= IFCPOLYLOOP((#2603,#336,#2598));
#2615= IFCFACEOUTERBOUND(#2614,.T.);
#2616= IFCFACE((#2615));
#2617= IFCCARTESIANPOINT((95.,-5.99300362244685,4.25263491838996));
#2618= IFCCARTESIANPOINT((95.,-6.,0.00999999999839929));
#2619= IFCCARTESIANPOINT((-95.,-6.,0.00999999999839929));
#2620= IFCCARTESIANPOINT((-95.,-5.99300362244685,4.25263491838996));
#2621= IFCPOLYLOOP((#2617,#2618,#2619,#2620));
#2622= IFCFACEOUTERBOUND(#2621,.T.);
#2623= IFCFACE((#2622));
#2624= IFCCARTESIANPOINT((95.,-10.2426349183952,0.0169963775369979));
#2625= IFCCARTESIANPOINT((-95.,-10.2426349183952,0.0169963775369979));
#2626= IFCPOLYLOOP((#2618,#2624,#2625,#2619));
#2627= IFCFACEOUTERBOUND(#2626,.T.);
#2628= IFCFACE((#2627));
#2629= IFCPOLYLOOP((#2624,#2617,#2620,#2625));
#2630= IFCFACEOUTERBOUND(#2629,.T.);
#2631= IFCFACE((#2630));
#2632= IFCPOLYLOOP((#2625,#2620,#2619));
#2633= IFCFACEOUTERBOUND(#2632,.T.);
#2634= IFCFACE((#2633));
#2635= IFCPOLYLOOP((#2624,#2618,#2617));
#2636= IFCFACEOUTERBOUND(#2635,.T.);
#2637= IFCFACE((#2636));
#2638= IFCCLOSEDSHELL((#2602,#2607,#2610,#2613,#2616,#2623,#2628,#2631,#2634,#2637));
#2639= IFCFACETEDBREP(#2638);
#2640= IFCSHAPEREPRESENTATION(#12,'Body','Brep',(#2639));
#2641= IFCCARTESIANPOINT((95.,0.00999999999839929,6.));
#2642= IFCCARTESIANPOINT((-95.,0.00999999999839929,6.));
#2643= IFCPOLYLINE((#2641,#2642));
#2644= IFCSHAPEREPRESENTATION(#13,'Axis','GeometricCurveSet',(#380,#2643));
#2645= IFCPRODUCTDEFINITIONSHAPE($,$,(#2640,#2644));
#2646= IFCFASTENER('2zF7R8mYT9v9$A3ewhAs08',#44,'Weld',$,$,#2597,#2645,'IDbd3c76c8-c227-49e4-9fca-0e8eab2b6008');
#2647= IFCPROPERTYSINGLEVALUE('WeldID',$,IFCINTEGER(115405613),$);
#2648= IFCPROPERTYSET('19ncNdCxX8HQcWFugSdLwf',#5,'AISC_EM11_Pset_Weld','WeldIdentity',(#305,#306,#307,#308,#2647,#388,#311,#312,#389,#314,#390,#391,#317,#318,#319,#320));
#2649= IFCCARTESIANPOINT((53137.1018451717,17432.9513118104,52619.9981994629));
#2650= IFCDIRECTION((-0.00164906200048427,-0.999998640296335,0.));
#2651= IFCAXIS2PLACEMENT3D(#2649,#9,#2650);
#2652= IFCLOCALPLACEMENT(#2406,#2651);
#2653= IFCSHAPEREPRESENTATION(#12,'Body','SweptSolid',(#400));
#2654= IFCPRODUCTDEFINITIONSHAPE($,$,(#2653));
#2655= IFCDISCRETEACCESSORY('0Nxl1HnJH7fwX8GoTWk1Kv',#44,'Support section',$,$,#2652,#2654,'1050(?)');
#2656= IFCLOCALPLACEMENT(#2406,#2389);
#2657= IFCSHAPEREPRESENTATION(#12,'Body','MappedRepresentation',(#411,#412,#413));
#2658= IFCPRODUCTDEFINITIONSHAPE($,$,(#2657));
#2659= IFCOPENINGELEMENT('2TJA2B2lP4lvsY48UEOKnq',#5,$,$,'Opening',#2656,#2658,$);
#2660= IFCRELVOIDSELEMENT('2dcujdXqLFsf9yZ$1psQu9',#5,'Drill Hole',$,#2655,#2659);
#2661= IFCCARTESIANPOINT((53084.5685181986,17110.037503407,52644.9989501104));
#2662= IFCDIRECTION((0.00164906200049133,0.999998640294833,1.73300000379565E-06));
#2663= IFCAXIS2PLACEMENT3D(#2661,#1333,#2662);
#2664= IFCLOCALPLACEMENT(#2406,#2663);
#2665= IFCSHAPEREPRESENTATION(#12,'Body','Brep',(#676));
#2666= IFCPRODUCTDEFINITIONSHAPE($,$,(#2665));
#2667= IFCDISCRETEACCESSORY('3_gURW5YnF$OV469C4ei4V',#44,'Support section',$,$,#2664,#2666,'1497(?)');
#2668= IFCCARTESIANPOINT((53184.5683822309,17109.8725972073,52644.9989501104));
#2669= IFCAXIS2PLACEMENT3D(#2668,#1333,#2662);
#2670= IFCLOCALPLACEMENT(#2406,#2669);
#2671= IFCSHAPEREPRESENTATION(#12,'Body','Brep',(#676));
#2672= IFCPRODUCTDEFINITIONSHAPE($,$,(#2671));
#2673= IFCDISCRETEACCESSORY('3W$5Fv1fLDdOWg6J9zPxY5',#44,'Support section',$,$,#2670,#2672,'1497(?)');
#2674= IFCCARTESIANPOINT((53130.9029098407,17372.9614526699,52594.9981994629));
#2675= IFCDIRECTION((0.999998640296335,-0.0016490620004879,0.));
#2676= IFCAXIS2PLACEMENT3D(#2674,#9,#2675);
#2677= IFCLOCALPLACEMENT(#2406,#2676);
#2678= IFCSHAPEREPRESENTATION(#12,'Body','SweptSolid',(#696));
#2679= IFCPRODUCTDEFINITIONSHAPE($,$,(#2678));
#2680= IFCCOLUMN('1guJu8PnP4C9CfpO0gFsDD',#44,'main piece','PL10*200','PL10*200',#2677,#2679,'1496(?)');
#2681= IFCLOCALPLACEMENT(#42,#10);
#2682= IFCELEMENTASSEMBLY('19oEaYRn98of5j$Y3T8X9R',#44,'BEAM',$,$,#2681,$,'B/754(?)',.NOTDEFINED.,.RIGID_FRAME.);
#2683= IFCPROPERTYSINGLEVALUE('AssemblyMark',$,IFCIDENTIFIER('B/754(?)'),$);
#2684= IFCPROPERTYSET('3zdJZTS3bCgPVs2l1$a_Q3',#5,'AISC_EM11_Pset_AssemblyIdentification','AssemblyIdentity',(#2683,#52,#53));
#2685= IFCCARTESIANPOINT((48890.9278746527,17394.9534642863,52834.9981994629));
#2686= IFCAXIS2PLACEMENT3D(#2685,#2388,#57);
#2687= IFCLOCALPLACEMENT(#2681,#2686);
#2688= IFCSHAPEREPRESENTATION(#12,'Body','MappedRepresentation',(#2399,#2400,#2401));
#2689= IFCSHAPEREPRESENTATION(#12,'Axis','MappedRepresentation',(#101,#102,#103));
#2690= IFCPRODUCTDEFINITIONSHAPE($,$,(#2688,#2689));
#2691= IFCMECHANICALFASTENER('0DDB5nvXn4IBq0AC0gDjXi',#44,'Bolt assembly',$,$,#2687,#2690,'ID0d34b171-e61c-4448-bd00-28c02a36d86c',16.,40.);
#2692= IFCLOCALPLACEMENT(#42,#10);
#2693= IFCELEMENTASSEMBLY('3T5BPNUcj97eK0UDUmTfcZ',#44,$,$,$,#2692,$,'A/193(?)',.NOTDEFINED.,.RIGID_FRAME.);
#2694= IFCCARTESIANPOINT((48847.8206963505,17373.8529533147,52771.8273772386));
#2695= IFCAXIS2PLACEMENT3D(#2694,#2409,#2410);
#2696= IFCLOCALPLACEMENT(#2692,#2695);
#2697= IFCSHAPEREPRESENTATION(#12,'Body','Brep',(#2570));
#2698= IFCSHAPEREPRESENTATION(#13,'Axis','GeometricCurveSet',(#2580));
#2699= IFCPRODUCTDEFINITIONSHAPE($,$,(#2697,#2698));
#2700= IFCFASTENER('3arumD38b5pgraQQjAOwFQ',#44,'Weld',$,$,#2696,#2699,'IDe4d78c0d-0c89-45ce-ad64-69ab4a63a3da');
#2701= IFCPROPERTYSINGLEVALUE('WeldID',$,IFCINTEGER(115405330),$);
#2702= IFCPROPERTYSET('2mMDwSepz0bQZa8AdIMFRr',#5,'AISC_EM11_Pset_Weld','WeldIdentity',(#305,#306,#307,#308,#2701,#310,#311,#312,#313,#314,#315,#316,#317,#318,#319,#320));
#2703= IFCCARTESIANPOINT((48947.8205603828,17373.688047115,52771.8273772386));
#2704= IFCAXIS2PLACEMENT3D(#2703,#2409,#2410);
#2705= IFCLOCALPLACEMENT(#2692,#2704);
#2706= IFCSHAPEREPRESENTATION(#12,'Body','Brep',(#2570));
#2707= IFCSHAPEREPRESENTATION(#13,'Axis','GeometricCurveSet',(#2580));
#2708= IFCPRODUCTDEFINITIONSHAPE($,$,(#2706,#2707));
#2709= IFCFASTENER('2KTGz3fnP7svHYx_d7fp_S',#44,'Weld',$,$,#2705,#2708,'ID94750f43-a716-47db-9462-efe9c7a73f9c');
#2710= IFCPROPERTYSINGLEVALUE('WeldID',$,IFCINTEGER(115405285),$);
#2711= IFCPROPERTYSET('0Q7$Uxic12fRePRb3$DKBK',#5,'AISC_EM11_Pset_Weld','WeldIdentity',(#305,#306,#307,#308,#2710,#310,#311,#312,#313,#314,#315,#316,#317,#318,#319,#320));
#2712= IFCCARTESIANPOINT((48900.011,17384.938,52714.998));
#2713= IFCAXIS2PLACEMENT3D(#2712,#8,#9);
#2714= IFCLOCALPLACEMENT(#2692,#2713);
#2715= IFCSHAPEREPRESENTATION(#12,'Body','Brep',(#2639));
#2716= IFCSHAPEREPRESENTATION(#13,'Axis','GeometricCurveSet',(#380,#2643));
#2717= IFCPRODUCTDEFINITIONSHAPE($,$,(#2715,#2716));
#2718= IFCFASTENER('0GMReO055E$gdo6iSMxXGC',#44,'Weld',$,$,#2714,#2717,'ID1059ba18-0051-4efe-a9f2-1ac716ee140c');
#2719= IFCPROPERTYSINGLEVALUE('WeldID',$,IFCINTEGER(115405222),$);
#2720= IFCPROPERTYSET('1jGqEh1YH3nRXmJGVvQ3Jo',#5,'AISC_EM11_Pset_Weld','WeldIdentity',(#305,#306,#307,#308,#2719,#388,#311,#312,#389,#314,#390,#391,#317,#318,#319,#320));
#2721= IFCCARTESIANPOINT((48897.1020740536,17439.9433438221,52619.9981994629));
#2722= IFCAXIS2PLACEMENT3D(#2721,#9,#2650);
#2723= IFCLOCALPLACEMENT(#2692,#2722);
#2724= IFCSHAPEREPRESENTATION(#12,'Body','SweptSolid',(#400));
#2725= IFCPRODUCTDEFINITIONSHAPE($,$,(#2724));
#2726= IFCDISCRETEACCESSORY('0zAdMavazBru66S0Xy4WYj',#44,'Support section',$,$,#2723,#2725,'1050(?)');
#2727= IFCLOCALPLACEMENT(#2692,#2686);
#2728= IFCSHAPEREPRESENTATION(#12,'Body','MappedRepresentation',(#411,#412,#413));
#2729= IFCPRODUCTDEFINITIONSHAPE($,$,(#2728));
#2730= IFCOPENINGELEMENT('0huFSGBZfDd9Yixr_0JTLJ',#5,$,$,'Opening',#2727,#2729,$);
#2731= IFCRELVOIDSELEMENT('1kqymmkAj0dxXxR5hfem4p',#5,'Drill Hole',$,#2726,#2730);
#2732= IFCCARTESIANPOINT((48844.5687470805,17117.0295354187,52644.9989501104));
#2733= IFCAXIS2PLACEMENT3D(#2732,#1333,#2662);
#2734= IFCLOCALPLACEMENT(#2692,#2733);
#2735= IFCSHAPEREPRESENTATION(#12,'Body','Brep',(#676));
#2736= IFCPRODUCTDEFINITIONSHAPE($,$,(#2735));
#2737= IFCDISCRETEACCESSORY('1XxheQan57OO_Oqb2M2zif',#44,'Support section',$,$,#2734,#2736,'1497(?)');
#2738= IFCCARTESIANPOINT((48944.5686111128,17116.864629219,52644.9989501104));
#2739= IFCAXIS2PLACEMENT3D(#2738,#1333,#2662);
#2740= IFCLOCALPLACEMENT(#2692,#2739);
#2741= IFCSHAPEREPRESENTATION(#12,'Body','Brep',(#676));
#2742= IFCPRODUCTDEFINITIONSHAPE($,$,(#2741));
#2743= IFCDISCRETEACCESSORY('0RgsSyoEnEl8RJmYEF7Kq6',#44,'Support section',$,$,#2740,#2742,'1497(?)');
#2744= IFCCARTESIANPOINT((48890.9031387226,17379.9534846816,52594.9981994629));
#2745= IFCAXIS2PLACEMENT3D(#2744,#9,#2675);
#2746= IFCLOCALPLACEMENT(#2692,#2745);
#2747= IFCSHAPEREPRESENTATION(#12,'Body','SweptSolid',(#696));
#2748= IFCPRODUCTDEFINITIONSHAPE($,$,(#2747));
#2749= IFCCOLUMN('0IsDj0AnX7Oesyy1ALDgn5',#44,'main piece','PL10*200','PL10*200',#2746,#2748,'1496(?)');
#2750= IFCCARTESIANPOINT((52999.3381480255,16368.1770448978,52835.));
#2751= IFCAXIS2PLACEMENT3D(#2750,#2650,#57);
#2752= IFCLOCALPLACEMENT(#1054,#2751);
#2753= IFCCARTESIANPOINT((0.,4.23159767656703,0.));
#2754= IFCAXIS2PLACEMENT3D(#2753,#8,#7);
#2755= IFCEXTRUDEDAREASOLID(#78,#2754,#9,8.);
#2756= IFCCARTESIANPOINT((0.,12.231597676567,0.));
#2757= IFCAXIS2PLACEMENT3D(#2756,#8,#7);
#2758= IFCEXTRUDEDAREASOLID(#67,#2757,#9,13.);
#2759= IFCSHAPEREPRESENTATION(#12,'Body','SweptSolid',(#70,#77,#2755,#2758));
#2760= IFCREPRESENTATIONMAP(#10,#2759);
#2761= IFCMAPPEDITEM(#2760,#86);
#2762= IFCMAPPEDITEM(#2760,#91);
#2763= IFCMAPPEDITEM(#2760,#94);
#2764= IFCSHAPEREPRESENTATION(#12,'Body','MappedRepresentation',(#2761,#2762,#2763));
#2765= IFCSHAPEREPRESENTATION(#12,'Axis','MappedRepresentation',(#101,#102,#103));
#2766= IFCPRODUCTDEFINITIONSHAPE($,$,(#2764,#2765));
#2767= IFCMECHANICALFASTENER('1kTYAPB3f7dvGa7Pb5JSy8',#44,'Bolt assembly',$,$,#2752,#2766,'ID6e762299-2c3a-479f-9424-1d99454dcf08',16.,40.);
#2768= IFCLOCALPLACEMENT(#42,#10);
#2769= IFCELEMENTASSEMBLY('3IfeUaVWf5ah4AJU3Ftgmr',#44,$,$,$,#2768,$,'A/193(?)',.NOTDEFINED.,.RIGID_FRAME.);
#2770= IFCCARTESIANPOINT((53042.4453263278,16389.2775558694,52771.8291777758));
#2771= IFCDIRECTION((-0.331481661261779,-0.933403252839741,-0.137398238108508));
#2772= IFCDIRECTION((0.862265650289643,-0.358829162120624,0.357406744119902));
#2773= IFCAXIS2PLACEMENT3D(#2770,#2771,#2772);
#2774= IFCLOCALPLACEMENT(#2768,#2773);
#2775= IFCSHAPEREPRESENTATION(#12,'Body','Brep',(#2570));
#2776= IFCSHAPEREPRESENTATION(#13,'Axis','GeometricCurveSet',(#2580));
#2777= IFCPRODUCTDEFINITIONSHAPE($,$,(#2775,#2776));
#2778= IFCFASTENER('34dhpTOZHFyAR5_AVywyTH',#44,'Weld',$,$,#2774,#2777,'IDc49ebcdd-6234-4ff0-a6c5-f8a7fcebc751');
#2779= IFCPROPERTYSINGLEVALUE('WeldID',$,IFCINTEGER(115404939),$);
#2780= IFCPROPERTYSET('2oHjJMwl50s8cQqCsks1KD',#5,'AISC_EM11_Pset_Weld','WeldIdentity',(#305,#306,#307,#308,#2779,#310,#311,#312,#313,#314,#315,#316,#317,#318,#319,#320));
#2781= IFCCARTESIANPOINT((52942.4454622955,16389.4424620691,52771.8291777758));
#2782= IFCAXIS2PLACEMENT3D(#2781,#2771,#2772);
#2783= IFCLOCALPLACEMENT(#2768,#2782);
#2784= IFCSHAPEREPRESENTATION(#12,'Body','Brep',(#2570));
#2785= IFCSHAPEREPRESENTATION(#13,'Axis','GeometricCurveSet',(#2580));
#2786= IFCPRODUCTDEFINITIONSHAPE($,$,(#2784,#2785));
#2787= IFCFASTENER('0UH$QNiOf6R8riJrGIHY4M',#44,'Weld',$,$,#2783,#2786,'ID1e47f697-b18a-466c-8d6c-4f5412462116');
#2788= IFCPROPERTYSINGLEVALUE('WeldID',$,IFCINTEGER(115404894),$);
#2789= IFCPROPERTYSET('2sErtNcVPD58V2jbrC_Kqc',#5,'AISC_EM11_Pset_Weld','WeldIdentity',(#305,#306,#307,#308,#2788,#310,#311,#312,#313,#314,#315,#316,#317,#318,#319,#320));
#2790= IFCCARTESIANPOINT((52990.255,16378.192,52715.));
#2791= IFCAXIS2PLACEMENT3D(#2790,#332,#9);
#2792= IFCLOCALPLACEMENT(#2768,#2791);
#2793= IFCSHAPEREPRESENTATION(#12,'Body','Brep',(#2639));
#2794= IFCSHAPEREPRESENTATION(#13,'Axis','GeometricCurveSet',(#380,#2643));
#2795= IFCPRODUCTDEFINITIONSHAPE($,$,(#2793,#2794));
#2796= IFCFASTENER('0BAxgKxszBShnbQO6VpbLO',#44,'Weld',$,$,#2792,#2795,'ID0b2bba94-ef6f-4b72-bc65-69819fce5558');
#2797= IFCPROPERTYSINGLEVALUE('WeldID',$,IFCINTEGER(115404830),$);
#2798= IFCPROPERTYSET('22Ika6Elf4SPyvzdgUI2SW',#5,'AISC_EM11_Pset_Weld','WeldIdentity',(#305,#306,#307,#308,#2797,#388,#311,#312,#389,#314,#390,#391,#317,#318,#319,#320));
#2799= IFCCARTESIANPOINT((52993.1639486247,16323.1871653619,52620.));
#2800= IFCAXIS2PLACEMENT3D(#2799,#9,#2388);
#2801= IFCLOCALPLACEMENT(#2768,#2800);
#2802= IFCSHAPEREPRESENTATION(#12,'Body','SweptSolid',(#400));
#2803= IFCPRODUCTDEFINITIONSHAPE($,$,(#2802));
#2804= IFCDISCRETEACCESSORY('2RkTQNUFrF5xqCPadVBV4P',#44,'Support section',$,$,#2801,#2803,'1050(?)');
#2805= IFCLOCALPLACEMENT(#2768,#2751);
#2806= IFCSHAPEREPRESENTATION(#12,'Body','MappedRepresentation',(#411,#412,#413));
#2807= IFCPRODUCTDEFINITIONSHAPE($,$,(#2806));
#2808= IFCOPENINGELEMENT('3FcJBpSCzBnB7g9qRYyP3j',#5,$,$,'Opening',#2805,#2807,$);
#2809= IFCRELVOIDSELEMENT('3P6XZZBYHETOeQo09aYVxp',#5,'Drill Hole',$,#2804,#2808);
#2810= IFCCARTESIANPOINT((53045.6972755978,16646.1009737654,52645.0007506475));
#2811= IFCDIRECTION((-0.0016490620004913,-0.999998640294833,1.73300000379563E-06));
#2812= IFCAXIS2PLACEMENT3D(#2810,#433,#2811);
#2813= IFCLOCALPLACEMENT(#2768,#2812);
#2814= IFCSHAPEREPRESENTATION(#12,'Body','Brep',(#676));
#2815= IFCPRODUCTDEFINITIONSHAPE($,$,(#2814));
#2816= IFCDISCRETEACCESSORY('0TJWsOq_z7tBx5uMHZIurc',#44,'Support section',$,$,#2813,#2815,'1497(?)');
#2817= IFCCARTESIANPOINT((52945.6974115655,16646.2658799651,52645.0007506475));
#2818= IFCAXIS2PLACEMENT3D(#2817,#433,#2811);
#2819= IFCLOCALPLACEMENT(#2768,#2818);
#2820= IFCSHAPEREPRESENTATION(#12,'Body','Brep',(#676));
#2821= IFCPRODUCTDEFINITIONSHAPE($,$,(#2820));
#2822= IFCDISCRETEACCESSORY('0JtYJ0LZLEDA_$LSYsTvFj',#44,'Support section',$,$,#2819,#2821,'1497(?)');
#2823= IFCCARTESIANPOINT((52999.3628839557,16383.1770245025,52595.));
#2824= IFCDIRECTION((-0.999998640296335,0.0016490620004879,0.));
#2825= IFCAXIS2PLACEMENT3D(#2823,#9,#2824);
#2826= IFCLOCALPLACEMENT(#2768,#2825);
#2827= IFCSHAPEREPRESENTATION(#12,'Body','SweptSolid',(#696));
#2828= IFCPRODUCTDEFINITIONSHAPE($,$,(#2827));
#2829= IFCCOLUMN('0U8Ddlh51Dz9BxAhOxXaRN',#44,'main piece','PL10*200','PL10*200',#2826,#2828,'1496(?)');
#2830= IFCLOCALPLACEMENT(#42,#10);
#2831= IFCELEMENTASSEMBLY('335FB14RvEtgPRiMUT0ZtI',#44,'BEAM',$,$,#2830,$,'B/753(?)',.NOTDEFINED.,.RIGID_FRAME.);
#2832= IFCPROPERTYSINGLEVALUE('AssemblyMark',$,IFCIDENTIFIER('B/753(?)'),$);
#2833= IFCPROPERTYSET('0FTEsm5InCoP1_0EF7yXnF',#5,'AISC_EM11_Pset_AssemblyIdentification','AssemblyIdentity',(#2832,#52,#53));
#2834= IFCCARTESIANPOINT((46788.2726010754,17420.9606787188,52834.9981994629));
#2835= IFCDIRECTION((0.0552682670131471,0.998471541237588,0.));
#2836= IFCAXIS2PLACEMENT3D(#2834,#2835,#57);
#2837= IFCLOCALPLACEMENT(#2830,#2836);
#2838= IFCCARTESIANPOINT((0.,34.302659692999,0.));
#2839= IFCAXIS2PLACEMENT3D(#2838,#8,#7);
#2840= IFCEXTRUDEDAREASOLID(#78,#2839,#9,8.);
#2841= IFCCARTESIANPOINT((0.,42.302659692999,0.));
#2842= IFCAXIS2PLACEMENT3D(#2841,#8,#7);
#2843= IFCEXTRUDEDAREASOLID(#67,#2842,#9,13.);
#2844= IFCSHAPEREPRESENTATION(#12,'Body','SweptSolid',(#70,#77,#2840,#2843));
#2845= IFCREPRESENTATIONMAP(#10,#2844);
#2846= IFCMAPPEDITEM(#2845,#86);
#2847= IFCMAPPEDITEM(#2845,#91);
#2848= IFCMAPPEDITEM(#2845,#94);
#2849= IFCSHAPEREPRESENTATION(#12,'Body','MappedRepresentation',(#2846,#2847,#2848));
#2850= IFCSHAPEREPRESENTATION(#12,'Axis','MappedRepresentation',(#101,#102,#103));
#2851= IFCPRODUCTDEFINITIONSHAPE($,$,(#2849,#2850));
#2852= IFCMECHANICALFASTENER('1hf$VRZEH4Ju9E1yllsy34',#44,'Bolt assembly',$,$,#2837,#2851,'ID6ba7f7db-8ce4-444f-824e-07cbefdbc0c4',16.,40.);
#2853= IFCLOCALPLACEMENT(#42,#10);
#2854= IFCELEMENTASSEMBLY('0nDsd4B699q8W7LoeekDCE',#44,$,$,$,#2853,$,'A/193(?)',.NOTDEFINED.,.RIGID_FRAME.);
#2855= IFCCARTESIANPOINT((46744.0959957848,17402.2020024627,52771.8273772407));
#2856= IFCDIRECTION((0.37237493169515,0.914516310553684,-0.158103851870568));
#2857= IFCDIRECTION((-0.841784118148388,0.404549030070866,0.357406744063206));
#2858= IFCAXIS2PLACEMENT3D(#2855,#2856,#2857);
#2859= IFCLOCALPLACEMENT(#2853,#2858);
#2860= IFCCARTESIANPOINT((-45.3293352301789,-125.183814367134,21.5021239340531));
#2861= IFCCARTESIANPOINT((-48.5765118311083,-125.380055616391,13.0191121238313));
#2862= IFCCARTESIANPOINT((-57.3772525409604,-117.602477542023,11.6832010198268));
#2863= IFCCARTESIANPOINT((-50.2103870453811,-120.870227269261,20.7612031940662));
#2864= IFCPOLYLOOP((#2860,#2861,#2862,#2863));
#2865= IFCFACEOUTERBOUND(#2864,.T.);
#2866= IFCFACE((#2865));
#2867= IFCCARTESIANPOINT((-48.1311817234546,-133.608722000383,24.2100614811206));
#2868= IFCCARTESIANPOINT((-59.2699310860571,-123.764949109638,22.5192516449097));
#2869= IFCPOLYLOOP((#2861,#2867,#2868,#2862));
#2870= IFCFACEOUTERBOUND(#2869,.T.);
#2871= IFCFACE((#2870));
#2872= IFCPOLYLOOP((#2867,#2860,#2863,#2868));
#2873= IFCFACEOUTERBOUND(#2872,.T.);
#2874= IFCFACE((#2873));
#2875= IFCPOLYLOOP((#2868,#2863,#2862));
#2876= IFCFACEOUTERBOUND(#2875,.T.);
#2877= IFCFACE((#2876));
#2878= IFCPOLYLOOP((#2867,#2861,#2860));
#2879= IFCFACEOUTERBOUND(#2878,.T.);
#2880= IFCFACE((#2879));
#2881= IFCCARTESIANPOINT((-8.33773718915654,-13.0309486346086,2.23825319541356));
#2882= IFCCARTESIANPOINT((-13.1032863468045,-12.0973653176188,-3.09940737214492));
#2883= IFCCARTESIANPOINT((-8.45235064500775,-0.119294840143993,-5.15681357277208));
#2884= IFCPOLYLOOP((#2881,#2882,#2883,#156));
#2885= IFCFACEOUTERBOUND(#2884,.T.);
#2886= IFCFACE((#2885));
#2887= IFCCARTESIANPOINT((-14.5642272258028,-10.2150835190114,4.55652461886348));
#2888= IFCCARTESIANPOINT((-6.96469951515428,9.35682294239814,1.19476766580192));
#2889= IFCPOLYLOOP((#2882,#2887,#2888,#2883));
#2890= IFCFACEOUTERBOUND(#2889,.T.);
#2891= IFCFACE((#2890));
#2892= IFCPOLYLOOP((#2887,#2881,#156,#2888));
#2893= IFCFACEOUTERBOUND(#2892,.T.);
#2894= IFCFACE((#2893));
#2895= IFCCARTESIANPOINT((-45.1506318579941,-107.839278634565,18.522949998649));
#2896= IFCCARTESIANPOINT((-49.9161810156456,-106.905695317575,13.1852894310941));
#2897= IFCPOLYLOOP((#2895,#2896,#2882,#2881));
#2898= IFCFACEOUTERBOUND(#2897,.T.);
#2899= IFCFACE((#2898));
#2900= IFCCARTESIANPOINT((-51.3771218946331,-105.023413518982,20.8412214221025));
#2901= IFCPOLYLOOP((#2896,#2900,#2887,#2882));
#2902= IFCFACEOUTERBOUND(#2901,.T.);
#2903= IFCFACE((#2902));
#2904= IFCPOLYLOOP((#2900,#2895,#2881,#2887));
#2905= IFCFACEOUTERBOUND(#2904,.T.);
#2906= IFCFACE((#2905));
#2907= IFCCARTESIANPOINT((-54.567116717446,-118.883765795093,15.2426956317358));
#2908= IFCPOLYLOOP((#2863,#2907,#2896,#2895));
#2909= IFCFACEOUTERBOUND(#2908,.T.);
#2910= IFCFACE((#2909));
#2911= IFCCARTESIANPOINT((-58.9766496052998,-124.595319980508,24.2029783751714));
#2912= IFCPOLYLOOP((#2907,#2911,#2900,#2896));
#2913= IFCFACEOUTERBOUND(#2912,.T.);
#2914= IFCFACE((#2913));
#2915= IFCPOLYLOOP((#2911,#2863,#2895,#2900));
#2916= IFCFACEOUTERBOUND(#2915,.T.);
#2917= IFCFACE((#2916));
#2918= IFCPOLYLOOP((#2888,#156,#2883));
#2919= IFCFACEOUTERBOUND(#2918,.T.);
#2920= IFCFACE((#2919));
#2921= IFCPOLYLOOP((#2911,#2907,#2863));
#2922= IFCFACEOUTERBOUND(#2921,.T.);
#2923= IFCFACE((#2922));
#2924= IFCCARTESIANPOINT((0.0308054008837644,-0.19624124931579,-8.48301181018905));
#2925= IFCCARTESIANPOINT((5.81160933473984,-8.15632746487972,-15.0364650632073));
#2926= IFCCARTESIANPOINT((6.48412162858403,-4.41480945215153,-3.63466507550766));
#2927= IFCPOLYLOOP((#197,#2924,#2925,#2926));
#2928= IFCFACEOUTERBOUND(#2927,.T.);
#2929= IFCFACE((#2928));
#2930= IFCCARTESIANPOINT((7.04127021284694,8.48301181018178,-0.196241249388549));
#2931= IFCCARTESIANPOINT((14.3578050656088,-1.59175441497064,-8.49068777966022));
#2932= IFCPOLYLOOP((#2924,#2930,#2931,#2925));
#2933= IFCFACEOUTERBOUND(#2932,.T.);
#2934= IFCFACE((#2933));
#2935= IFCPOLYLOOP((#2930,#197,#2926,#2931));
#2936= IFCFACEOUTERBOUND(#2935,.T.);
#2937= IFCFACE((#2936));
#2938= IFCCARTESIANPOINT((-11.7898720848589,-0.196241249286686,-8.48301181012357));
#2939= IFCPOLYLOOP((#156,#2938,#2924,#197));
#2940= IFCFACEOUTERBOUND(#2939,.T.);
#2941= IFCFACE((#2940));
#2942= IFCCARTESIANPOINT((-7.91969365949444,8.48301181021088,-0.196241249308514));
#2943= IFCPOLYLOOP((#2938,#2942,#2930,#2924));
#2944= IFCFACEOUTERBOUND(#2943,.T.);
#2945= IFCFACE((#2944));
#2946= IFCPOLYLOOP((#2942,#156,#197,#2930));
#2947= IFCFACEOUTERBOUND(#2946,.T.);
#2948= IFCFACE((#2947));
#2949= IFCPOLYLOOP((#2931,#2926,#2925));
#2950= IFCFACEOUTERBOUND(#2949,.T.);
#2951= IFCFACE((#2950));
#2952= IFCPOLYLOOP((#2942,#2938,#156));
#2953= IFCFACEOUTERBOUND(#2952,.T.);
#2954= IFCFACE((#2953));
#2955= IFCCARTESIANPOINT((-35.3885282276187,-112.254088086702,14.8882849231304));
#2956= IFCCARTESIANPOINT((-35.3885282276624,-113.475674624759,7.77629622457971));
#2957= IFCCARTESIANPOINT((-40.03946392947,-125.453745102262,9.83370242522506));
#2958= IFCCARTESIANPOINT((-40.4482834149949,-125.285036721427,17.1265381185476));
#2959= IFCPOLYLOOP((#2955,#2956,#2957,#2958));
#2960= IFCFACEOUTERBOUND(#2959,.T.);
#2961= IFCFACE((#2960));
#2962= IFCCARTESIANPOINT((-29.1620381909615,-115.069953202314,12.5700134996769));
#2963= IFCCARTESIANPOINT((-36.7615659016246,-134.64185966384,15.9317704527639));
#2964= IFCPOLYLOOP((#2956,#2962,#2963,#2957));
#2965= IFCFACEOUTERBOUND(#2964,.T.);
#2966= IFCFACE((#2965));
#2967= IFCPOLYLOOP((#2962,#2955,#2958,#2963));
#2968= IFCFACEOUTERBOUND(#2967,.T.);
#2969= IFCFACE((#2968));
#2970= IFCCARTESIANPOINT((1.42436644122245,-17.4457580867747,-1.39641188010137));
#2971= IFCCARTESIANPOINT((1.42436644116424,-18.6673446248169,-8.50840057865207));
#2972= IFCPOLYLOOP((#2970,#2971,#2956,#2955));
#2973= IFCFACEOUTERBOUND(#2972,.T.);
#2974= IFCFACE((#2973));
#2975= IFCCARTESIANPOINT((7.650856477876,-20.261623202372,-3.71468330355492));
#2976= IFCPOLYLOOP((#2971,#2975,#2962,#2956));
#2977= IFCFACEOUTERBOUND(#2976,.T.);
#2978= IFCFACE((#2977));
#2979= IFCPOLYLOOP((#2975,#2970,#2955,#2962));
#2980= IFCFACEOUTERBOUND(#2979,.T.);
#2981= IFCFACE((#2980));
#2982= IFCCARTESIANPOINT((6.0753021429573,-6.68927414731297,-10.5658067792938));
#2983= IFCPOLYLOOP((#2926,#2982,#2971,#2970));
#2984= IFCFACEOUTERBOUND(#2983,.T.);
#2985= IFCFACE((#2984));
#2986= IFCCARTESIANPOINT((15.2503841885209,-0.689716740904259,-7.07644025663103));
#2987= IFCPOLYLOOP((#2982,#2986,#2975,#2971));
#2988= IFCFACEOUTERBOUND(#2987,.T.);
#2989= IFCFACE((#2988));
#2990= IFCPOLYLOOP((#2986,#2926,#2970,#2975));
#2991= IFCFACEOUTERBOUND(#2990,.T.);
#2992= IFCFACE((#2991));
#2993= IFCPOLYLOOP((#2963,#2958,#2957));
#2994= IFCFACEOUTERBOUND(#2993,.T.);
#2995= IFCFACE((#2994));
#2996= IFCPOLYLOOP((#2986,#2982,#2926));
#2997= IFCFACEOUTERBOUND(#2996,.T.);
#2998= IFCFACE((#2997));
#2999= IFCCARTESIANPOINT((-39.7757711213108,-125.56256375763,5.12974776675037));
#3000= IFCPOLYLOOP((#2958,#2999,#2861,#2860));
#3001= IFCFACEOUTERBOUND(#3000,.T.);
#3002= IFCFACE((#3001));
#3003= IFCCARTESIANPOINT((-36.9924323609066,-133.839715334834,14.2248051145543));
#3004= IFCPOLYLOOP((#2999,#3003,#2867,#2861));
#3005= IFCFACEOUTERBOUND(#3004,.T.);
#3006= IFCFACE((#3005));
#3007= IFCPOLYLOOP((#3003,#2958,#2860,#2867));
#3008= IFCFACEOUTERBOUND(#3007,.T.);
#3009= IFCFACE((#3008));
#3010= IFCPOLYLOOP((#2867,#2860,#2861));
#3011= IFCFACEOUTERBOUND(#3010,.T.);
#3012= IFCFACE((#3011));
#3013= IFCPOLYLOOP((#3003,#2999,#2958));
#3014= IFCFACEOUTERBOUND(#3013,.T.);
#3015= IFCFACE((#3014));
#3016= IFCCLOSEDSHELL((#2866,#2871,#2874,#2877,#2880,#2886,#2891,#2894,#2899,#2903,#2906,#2910,#2914,#2917,#2920,#2923,#2929,#2934,#2937,#2941,#2945,#2948,#2951,#2954,#2961,#2966,#2969,#2974,#2978,#2981,#2985,#2989,#2992,#2995,#2998,#3002,#3006,#3009,#3012,#3015));
#3017= IFCFACETEDBREP(#3016);
#3018= IFCSHAPEREPRESENTATION(#12,'Body','Brep',(#3017));
#3019= IFCCARTESIANPOINT((-45.3293352305482,21.5021239341513,125.183814367323));
#3020= IFCCARTESIANPOINT((-50.2103870457213,20.7612031941535,120.87022726945));
#3021= IFCCARTESIANPOINT((-45.1506318582979,18.5229499987217,107.839278634725));
#3022= IFCCARTESIANPOINT((-8.33773718918746,2.23825319542084,13.0309486346378));
#3023= IFCCARTESIANPOINT((6.48412162856039,-3.63466507550766,4.41480945216608));
#3024= IFCCARTESIANPOINT((1.42436644116606,-1.39641188008682,17.4457580868184));
#3025= IFCCARTESIANPOINT((-35.388528227948,14.8882849232141,112.254088086891));
#3026= IFCCARTESIANPOINT((-40.4482834153678,17.1265381186458,125.285036721616));
#3027= IFCPOLYLINE((#3019,#3020,#3021,#3022,#156,#197,#3023,#3024,#3025,#3026,#3019));
#3028= IFCSHAPEREPRESENTATION(#13,'Axis','GeometricCurveSet',(#3027));
#3029= IFCPRODUCTDEFINITIONSHAPE($,$,(#3018,#3028));
#3030= IFCFASTENER('3CWRZ_oA55nQOs8tuv3RjL',#44,'Weld',$,$,#2859,#3029,'IDcc81b8fe-c8a1-45c5-a636-237e390dbb55');
#3031= IFCPROPERTYSINGLEVALUE('WeldID',$,IFCINTEGER(115404547),$);
#3032= IFCPROPERTYSET('3hBwhFJpP6jgf1w9LsTzf3',#5,'AISC_EM11_Pset_Weld','WeldIdentity',(#305,#306,#307,#308,#3031,#310,#311,#312,#313,#314,#315,#316,#317,#318,#319,#320));
#3033= IFCCARTESIANPOINT((46843.9431499077,17396.6751757588,52771.8273772407));
#3034= IFCAXIS2PLACEMENT3D(#3033,#2856,#2857);
#3035= IFCLOCALPLACEMENT(#2853,#3034);
#3036= IFCSHAPEREPRESENTATION(#12,'Body','Brep',(#3017));
#3037= IFCSHAPEREPRESENTATION(#13,'Axis','GeometricCurveSet',(#3027));
#3038= IFCPRODUCTDEFINITIONSHAPE($,$,(#3036,#3037));
#3039= IFCFASTENER('11A$DN9Gr8oAgDym7_CuoN',#44,'Weld',$,$,#3035,#3038,'ID412bf357-250d-48c8-aa8d-f301fe338c97');
#3040= IFCPROPERTYSINGLEVALUE('WeldID',$,IFCINTEGER(115404502),$);
#3041= IFCPROPERTYSET('3$9lWZQjf8ih95Jde5LPKq',#5,'AISC_EM11_Pset_Weld','WeldIdentity',(#305,#306,#307,#308,#3040,#310,#311,#312,#313,#314,#315,#316,#317,#318,#319,#320));
#3042= IFCCARTESIANPOINT((46796.806,17410.473,52714.998));
#3043= IFCAXIS2PLACEMENT3D(#3042,#8,#9);
#3044= IFCLOCALPLACEMENT(#2853,#3043);
#3045= IFCCARTESIANPOINT((-95.,0.234483398322482,4.23615598579272));
#3046= IFCCARTESIANPOINT((95.,0.234483398322482,4.23615598579272));
#3047= IFCPOLYLOOP((#3045,#336,#337,#3046));
#3048= IFCFACEOUTERBOUND(#3047,.T.);
#3049= IFCFACE((#3048));
#3050= IFCCARTESIANPOINT((-95.,4.23615598579636,-0.234483398337034));
#3051= IFCCARTESIANPOINT((95.,4.23615598579636,-0.234483398337034));
#3052= IFCPOLYLOOP((#336,#3050,#3051,#337));
#3053= IFCFACEOUTERBOUND(#3052,.T.);
#3054= IFCFACE((#3053));
#3055= IFCPOLYLOOP((#3050,#3045,#3046,#3051));
#3056= IFCFACEOUTERBOUND(#3055,.T.);
#3057= IFCFACE((#3056));
#3058= IFCPOLYLOOP((#3051,#3046,#337));
#3059= IFCFACEOUTERBOUND(#3058,.T.);
#3060= IFCFACE((#3059));
#3061= IFCPOLYLOOP((#3050,#336,#3045));
#3062= IFCFACEOUTERBOUND(#3061,.T.);
#3063= IFCFACE((#3062));
#3064= IFCCARTESIANPOINT((95.,-5.75651660167205,4.56815598577668));
#3065= IFCCARTESIANPOINT((95.,-5.99099999999453,0.331999999998516));
#3066= IFCCARTESIANPOINT((-95.,-5.99099999999453,0.331999999998516));
#3067= IFCCARTESIANPOINT((-95.,-5.75651660167205,4.56815598577668));
#3068= IFCPOLYLOOP((#3064,#3065,#3066,#3067));
#3069= IFCFACEOUTERBOUND(#3068,.T.);
#3070= IFCFACE((#3069));
#3071= IFCCARTESIANPOINT((95.,-10.2271559857691,0.566483398335549));
#3072= IFCCARTESIANPOINT((-95.,-10.2271559857691,0.566483398335549));
#3073= IFCPOLYLOOP((#3065,#3071,#3072,#3066));
#3074= IFCFACEOUTERBOUND(#3073,.T.);
#3075= IFCFACE((#3074));
#3076= IFCPOLYLOOP((#3071,#3064,#3067,#3072));
#3077= IFCFACEOUTERBOUND(#3076,.T.);
#3078= IFCFACE((#3077));
#3079= IFCPOLYLOOP((#3072,#3067,#3066));
#3080= IFCFACEOUTERBOUND(#3079,.T.);
#3081= IFCFACE((#3080));
#3082= IFCPOLYLOOP((#3071,#3065,#3064));
#3083= IFCFACEOUTERBOUND(#3082,.T.);
#3084= IFCFACE((#3083));
#3085= IFCCLOSEDSHELL((#3049,#3054,#3057,#3060,#3063,#3070,#3075,#3078,#3081,#3084));
#3086= IFCFACETEDBREP(#3085);
#3087= IFCSHAPEREPRESENTATION(#12,'Body','Brep',(#3086));
#3088= IFCCARTESIANPOINT((95.,0.331999999998516,5.99099999999453));
#3089= IFCCARTESIANPOINT((-95.,0.331999999998516,5.99099999999453));
#3090= IFCPOLYLINE((#3088,#3089));
#3091= IFCSHAPEREPRESENTATION(#13,'Axis','GeometricCurveSet',(#380,#3090));
#3092= IFCPRODUCTDEFINITIONSHAPE($,$,(#3087,#3091));
#3093= IFCFASTENER('3ADloAUJfCFPxfi6Q0aH4U',#44,'Weld',$,$,#3044,#3092,'IDca36fc8a-793a-4c3d-9ee9-b0668091111e');
#3094= IFCPROPERTYSINGLEVALUE('WeldID',$,IFCINTEGER(115404439),$);
#3095= IFCPROPERTYSET('0gdVg3tZf1KfNTGoAvXvy0',#5,'AISC_EM11_Pset_Weld','WeldIdentity',(#305,#306,#307,#308,#3094,#388,#311,#312,#389,#314,#390,#391,#317,#318,#319,#320));
#3096= IFCCARTESIANPOINT((46796.8503493959,17465.5547616514,52619.9981994629));
#3097= IFCDIRECTION((-0.0552682670131471,-0.998471541237588,0.));
#3098= IFCAXIS2PLACEMENT3D(#3096,#9,#3097);
#3099= IFCLOCALPLACEMENT(#2853,#3098);
#3100= IFCSHAPEREPRESENTATION(#12,'Body','SweptSolid',(#400));
#3101= IFCPRODUCTDEFINITIONSHAPE($,$,(#3100));
#3102= IFCDISCRETEACCESSORY('1GE9uQ4mTBcOBcsUMxTXLh',#44,'Support section',$,$,#3099,#3101,'1050(?)');
#3103= IFCLOCALPLACEMENT(#2853,#2836);
#3104= IFCSHAPEREPRESENTATION(#12,'Body','MappedRepresentation',(#411,#412,#413));
#3105= IFCPRODUCTDEFINITIONSHAPE($,$,(#3104));
#3106= IFCOPENINGELEMENT('0u9Y1Mxf15cRyna5Duk0zF',#5,$,$,'Opening',#3103,#3105,$);
#3107= IFCRELVOIDSELEMENT('28VYLJkWH2688lWFAS29XU',#5,'Drill Hole',$,#3102,#3106);
#3108= IFCCARTESIANPOINT((46727.0774295121,17145.9224451558,52644.9989501104));
#3109= IFCDIRECTION((0.0552682670130548,0.998471541236089,1.73300000380102E-06));
#3110= IFCAXIS2PLACEMENT3D(#3108,#1333,#3109);
#3111= IFCLOCALPLACEMENT(#2853,#3110);
#3112= IFCSHAPEREPRESENTATION(#12,'Body','Brep',(#676));
#3113= IFCPRODUCTDEFINITIONSHAPE($,$,(#3112));
#3114= IFCDISCRETEACCESSORY('3uN72JYXH9sQIFyO4Tb3sP',#44,'Support section',$,$,#3111,#3113,'1497(?)');
#3115= IFCCARTESIANPOINT((46826.9245836351,17140.3956184519,52644.9989501104));
#3116= IFCAXIS2PLACEMENT3D(#3115,#1333,#3109);
#3117= IFCLOCALPLACEMENT(#2853,#3116);
#3118= IFCSHAPEREPRESENTATION(#12,'Body','Brep',(#676));
#3119= IFCPRODUCTDEFINITIONSHAPE($,$,(#3118));
#3120= IFCDISCRETEACCESSORY('0wa4RZSYf4SvwWCuHJXKYW',#44,'Support section',$,$,#3117,#3119,'1497(?)');
#3121= IFCCARTESIANPOINT((46787.4435770706,17405.9836056001,52594.9981994629));
#3122= IFCDIRECTION((0.998471541237587,-0.0552682670131507,0.));
#3123= IFCAXIS2PLACEMENT3D(#3121,#9,#3122);
#3124= IFCLOCALPLACEMENT(#2853,#3123);
#3125= IFCSHAPEREPRESENTATION(#12,'Body','SweptSolid',(#696));
#3126= IFCPRODUCTDEFINITIONSHAPE($,$,(#3125));
#3127= IFCCOLUMN('1Mo3gyyTXCjgbJzJn5aplC',#44,'main piece','PL10*200','PL10*200',#3124,#3126,'1496(?)');
#3128= IFCLOCALPLACEMENT(#42,#10);
#3129= IFCELEMENTASSEMBLY('3uY82r0tvCkuBvaulAaRPP',#44,'BEAM',$,$,#3128,$,'B/752(?)',.NOTDEFINED.,.RIGID_FRAME.);
#3130= IFCPROPERTYSINGLEVALUE('AssemblyMark',$,IFCIDENTIFIER('B/752(?)'),$);
#3131= IFCPROPERTYSET('0Zg$m$sXLD5RqFWtzmMIF8',#5,'AISC_EM11_Pset_AssemblyIdentification','AssemblyIdentity',(#3130,#52,#53));
#3132= IFCCARTESIANPOINT((44658.2734403089,17538.8622487617,52834.9981994629));
#3133= IFCAXIS2PLACEMENT3D(#3132,#2835,#57);
#3134= IFCLOCALPLACEMENT(#3128,#3133);
#3135= IFCSHAPEREPRESENTATION(#12,'Body','MappedRepresentation',(#2846,#2847,#2848));
#3136= IFCSHAPEREPRESENTATION(#12,'Axis','MappedRepresentation',(#101,#102,#103));
#3137= IFCPRODUCTDEFINITIONSHAPE($,$,(#3135,#3136));
#3138= IFCMECHANICALFASTENER('0d$nJJ5CH11xm0tAlk7nq3',#44,'Bolt assembly',$,$,#3134,#3137,'ID27ff14d3-14c4-4107-bc00-dcabee1f1d03',16.,40.);
#3139= IFCLOCALPLACEMENT(#42,#10);
#3140= IFCELEMENTASSEMBLY('3k6x5GW7f4AfybXlQ$Vlru',#44,$,$,$,#3139,$,'A/193(?)',.NOTDEFINED.,.RIGID_FRAME.);
#3141= IFCCARTESIANPOINT((44614.0968350182,17520.1035725056,52771.8273772407));
#3142= IFCAXIS2PLACEMENT3D(#3141,#2856,#2857);
#3143= IFCLOCALPLACEMENT(#3139,#3142);
#3144= IFCSHAPEREPRESENTATION(#12,'Body','Brep',(#3017));
#3145= IFCSHAPEREPRESENTATION(#13,'Axis','GeometricCurveSet',(#3027));
#3146= IFCPRODUCTDEFINITIONSHAPE($,$,(#3144,#3145));
#3147= IFCFASTENER('37kiyTBHDCmAZdhFp0ObJw',#44,'Weld',$,$,#3143,#3146,'IDc7bacf1d-2d13-4cc0-a8e7-acfcc06254fa');
#3148= IFCPROPERTYSINGLEVALUE('WeldID',$,IFCINTEGER(115404156),$);
#3149= IFCPROPERTYSET('33rWxVf2T3t8ghBsPKvTs2',#5,'AISC_EM11_Pset_Weld','WeldIdentity',(#305,#306,#307,#308,#3148,#310,#311,#312,#313,#314,#315,#316,#317,#318,#319,#320));
#3150= IFCCARTESIANPOINT((44713.9439891411,17514.5767458017,52771.8273772407));
#3151= IFCAXIS2PLACEMENT3D(#3150,#2856,#2857);
#3152= IFCLOCALPLACEMENT(#3139,#3151);
#3153= IFCSHAPEREPRESENTATION(#12,'Body','Brep',(#3017));
#3154= IFCSHAPEREPRESENTATION(#13,'Axis','GeometricCurveSet',(#3027));
#3155= IFCPRODUCTDEFINITIONSHAPE($,$,(#3153,#3154));
#3156= IFCFASTENER('1yjYLG04fCqBzKI9l5zV4R',#44,'Weld',$,$,#3152,#3155,'ID7cb62550-004a-4cd0-bf54-489bc5f5f11b');
#3157= IFCPROPERTYSINGLEVALUE('WeldID',$,IFCINTEGER(115404111),$);
#3158= IFCPROPERTYSET('0OTOhAGgn4TPAdPgZG6a4$',#5,'AISC_EM11_Pset_Weld','WeldIdentity',(#305,#306,#307,#308,#3157,#310,#311,#312,#313,#314,#315,#316,#317,#318,#319,#320));
#3159= IFCCARTESIANPOINT((44660.816,17528.706,52714.998));
#3160= IFCAXIS2PLACEMENT3D(#3159,#8,#57);
#3161= IFCLOCALPLACEMENT(#3139,#3160);
#3162= IFCCARTESIANPOINT((-95.,-0.234483398322482,4.23615598577817));
#3163= IFCCARTESIANPOINT((95.,-0.234483398322482,4.23615598577817));
#3164= IFCPOLYLOOP((#3162,#336,#337,#3163));
#3165= IFCFACEOUTERBOUND(#3164,.T.);
#3166= IFCFACE((#3165));
#3167= IFCCARTESIANPOINT((-95.,4.23615598577453,0.234483398337034));
#3168= IFCCARTESIANPOINT((95.,4.23615598577453,0.234483398337034));
#3169= IFCPOLYLOOP((#336,#3167,#3168,#337));
#3170= IFCFACEOUTERBOUND(#3169,.T.);
#3171= IFCFACE((#3170));
#3172= IFCPOLYLOOP((#3167,#3162,#3163,#3168));
#3173= IFCFACEOUTERBOUND(#3172,.T.);
#3174= IFCFACE((#3173));
#3175= IFCPOLYLOOP((#3168,#3163,#337));
#3176= IFCFACEOUTERBOUND(#3175,.T.);
#3177= IFCFACE((#3176));
#3178= IFCPOLYLOOP((#3167,#336,#3162));
#3179= IFCFACEOUTERBOUND(#3178,.T.);
#3180= IFCFACE((#3179));
#3181= IFCCARTESIANPOINT((95.,-6.22548339832429,3.90515598579441));
#3182= IFCCARTESIANPOINT((95.,-5.9910000000018,-0.330999999998312));
#3183= IFCCARTESIANPOINT((-95.,-5.9910000000018,-0.330999999998312));
#3184= IFCCARTESIANPOINT((-95.,-6.22548339832429,3.90515598579441));
#3185= IFCPOLYLOOP((#3181,#3182,#3183,#3184));
#3186= IFCFACEOUTERBOUND(#3185,.T.);
#3187= IFCFACE((#3186));
#3188= IFCCARTESIANPOINT((95.,-10.2271559857982,-0.565483398335346));
#3189= IFCCARTESIANPOINT((-95.,-10.2271559857982,-0.565483398335346));
#3190= IFCPOLYLOOP((#3182,#3188,#3189,#3183));
#3191= IFCFACEOUTERBOUND(#3190,.T.);
#3192= IFCFACE((#3191));
#3193= IFCPOLYLOOP((#3188,#3181,#3184,#3189));
#3194= IFCFACEOUTERBOUND(#3193,.T.);
#3195= IFCFACE((#3194));
#3196= IFCPOLYLOOP((#3189,#3184,#3183));
#3197= IFCFACEOUTERBOUND(#3196,.T.);
#3198= IFCFACE((#3197));
#3199= IFCPOLYLOOP((#3188,#3182,#3181));
#3200= IFCFACEOUTERBOUND(#3199,.T.);
#3201= IFCFACE((#3200));
#3202= IFCCLOSEDSHELL((#3166,#3171,#3174,#3177,#3180,#3187,#3192,#3195,#3198,#3201));
#3203= IFCFACETEDBREP(#3202);
#3204= IFCSHAPEREPRESENTATION(#12,'Body','Brep',(#3203));
#3205= IFCCARTESIANPOINT((95.,-0.330999999998312,5.9910000000018));
#3206= IFCCARTESIANPOINT((-95.,-0.330999999998312,5.9910000000018));
#3207= IFCPOLYLINE((#3205,#3206));
#3208= IFCSHAPEREPRESENTATION(#13,'Axis','GeometricCurveSet',(#380,#3207));
#3209= IFCPRODUCTDEFINITIONSHAPE($,$,(#3204,#3208));
#3210= IFCFASTENER('0rlsR$NQbD38UHNcyiAYJr',#44,'Weld',$,$,#3161,#3209,'ID35bf66ff-5da9-4d0c-8791-5e6f2c2a24f5');
#3211= IFCPROPERTYSINGLEVALUE('WeldID',$,IFCINTEGER(115404048),$);
#3212= IFCPROPERTYSET('26iRuQH8LAMvhZPDtYCRc9',#5,'AISC_EM11_Pset_Weld','WeldIdentity',(#305,#306,#307,#308,#3211,#388,#311,#312,#389,#314,#390,#391,#317,#318,#319,#320));
#3213= IFCCARTESIANPOINT((44666.8511886293,17583.4563316942,52619.9981994629));
#3214= IFCAXIS2PLACEMENT3D(#3213,#9,#3097);
#3215= IFCLOCALPLACEMENT(#3139,#3214);
#3216= IFCSHAPEREPRESENTATION(#12,'Body','SweptSolid',(#400));
#3217= IFCPRODUCTDEFINITIONSHAPE($,$,(#3216));
#3218= IFCDISCRETEACCESSORY('1XW5InjV923vsdTvKRq0oB',#44,'Support section',$,$,#3215,#3217,'1050(?)');
#3219= IFCLOCALPLACEMENT(#3139,#3133);
#3220= IFCSHAPEREPRESENTATION(#12,'Body','MappedRepresentation',(#411,#412,#413));
#3221= IFCPRODUCTDEFINITIONSHAPE($,$,(#3220));
#3222= IFCOPENINGELEMENT('0VEpC5NT1BJQUn4eD8Z27w',#5,$,$,'Opening',#3219,#3221,$);
#3223= IFCRELVOIDSELEMENT('09QRVXySrBlgOoXkKPmIdR',#5,'Drill Hole',$,#3218,#3222);
#3224= IFCCARTESIANPOINT((44597.0782687456,17263.8240151987,52644.9989501104));
#3225= IFCAXIS2PLACEMENT3D(#3224,#1333,#3109);
#3226= IFCLOCALPLACEMENT(#3139,#3225);
#3227= IFCSHAPEREPRESENTATION(#12,'Body','Brep',(#676));
#3228= IFCPRODUCTDEFINITIONSHAPE($,$,(#3227));
#3229= IFCDISCRETEACCESSORY('04QAKEV1T4bOoI4ZrULLWZ',#44,'Support section',$,$,#3226,#3228,'1497(?)');
#3230= IFCCARTESIANPOINT((44696.9254228685,17258.2971884947,52644.9989501104));
#3231= IFCAXIS2PLACEMENT3D(#3230,#1333,#3109);
#3232= IFCLOCALPLACEMENT(#3139,#3231);
#3233= IFCSHAPEREPRESENTATION(#12,'Body','Brep',(#676));
#3234= IFCPRODUCTDEFINITIONSHAPE($,$,(#3233));
#3235= IFCDISCRETEACCESSORY('3U9R2gVa94TPLfH0e$04zk',#44,'Support section',$,$,#3232,#3234,'1497(?)');
#3236= IFCCARTESIANPOINT((44657.4444163041,17523.8851756429,52594.9981994629));
#3237= IFCAXIS2PLACEMENT3D(#3236,#9,#3122);
#3238= IFCLOCALPLACEMENT(#3139,#3237);
#3239= IFCSHAPEREPRESENTATION(#12,'Body','SweptSolid',(#696));
#3240= IFCPRODUCTDEFINITIONSHAPE($,$,(#3239));
#3241= IFCCOLUMN('0ViiMEZQD6XhWnB6fJhHmD',#44,'main piece','PL10*200','PL10*200',#3238,#3240,'1496(?)');
#3242= IFCLOCALPLACEMENT(#42,#10);
#3243= IFCELEMENTASSEMBLY('3HxGzRLMXA09j$5soWysDC',#44,'BEAM',$,$,#3242,$,'B/751(?)',.NOTDEFINED.,.RIGID_FRAME.);
#3244= IFCPROPERTYSINGLEVALUE('AssemblyMark',$,IFCIDENTIFIER('B/751(?)'),$);
#3245= IFCPROPERTYSET('0JCp8HUYXA1Ph5XFF32qA$',#5,'AISC_EM11_Pset_AssemblyIdentification','AssemblyIdentity',(#3244,#52,#53));
#3246= IFCCARTESIANPOINT((40403.2723721936,17774.3887765207,52834.9981994629));
#3247= IFCAXIS2PLACEMENT3D(#3246,#2835,#57);
#3248= IFCLOCALPLACEMENT(#3242,#3247);
#3249= IFCSHAPEREPRESENTATION(#12,'Body','MappedRepresentation',(#2846,#2847,#2848));
#3250= IFCSHAPEREPRESENTATION(#12,'Axis','MappedRepresentation',(#101,#102,#103));
#3251= IFCPRODUCTDEFINITIONSHAPE($,$,(#3249,#3250));
#3252= IFCMECHANICALFASTENER('3SftUZjCr4KwfFwtTz5TU4',#44,'Bolt assembly',$,$,#3248,#3251,'IDdca777a3-b4cd-4453-aa4f-eb777d15d784',16.,40.);
#3253= IFCLOCALPLACEMENT(#42,#10);
#3254= IFCELEMENTASSEMBLY('2jHFCQYtz7sRye13klrx11',#44,$,$,$,#3253,$,'A/193(?)',.NOTDEFINED.,.RIGID_FRAME.);
#3255= IFCCARTESIANPOINT((40359.0957669029,17755.6301002646,52771.8273772407));
#3256= IFCAXIS2PLACEMENT3D(#3255,#2856,#2857);
#3257= IFCLOCALPLACEMENT(#3253,#3256);
#3258= IFCSHAPEREPRESENTATION(#12,'Body','Brep',(#3017));
#3259= IFCSHAPEREPRESENTATION(#13,'Axis','GeometricCurveSet',(#3027));
#3260= IFCPRODUCTDEFINITIONSHAPE($,$,(#3258,#3259));
#3261= IFCFASTENER('3kFoVcsGPBguD4w8IG7zeD',#44,'Weld',$,$,#3257,#3260,'IDee3f27e6-d906-4bab-8344-e884901fda0d');
#3262= IFCPROPERTYSINGLEVALUE('WeldID',$,IFCINTEGER(115403765),$);
#3263= IFCPROPERTYSET('0J5jfVLGr2vxx8TiWxV$kN',#5,'AISC_EM11_Pset_Weld','WeldIdentity',(#305,#306,#307,#308,#3262,#310,#311,#312,#313,#314,#315,#316,#317,#318,#319,#320));
#3264= IFCCARTESIANPOINT((40458.9429210258,17750.1032735607,52771.8273772407));
#3265= IFCAXIS2PLACEMENT3D(#3264,#2856,#2857);
#3266= IFCLOCALPLACEMENT(#3253,#3265);
#3267= IFCSHAPEREPRESENTATION(#12,'Body','Brep',(#3017));
#3268= IFCSHAPEREPRESENTATION(#13,'Axis','GeometricCurveSet',(#3027));
#3269= IFCPRODUCTDEFINITIONSHAPE($,$,(#3267,#3268));
#3270= IFCFASTENER('2vDnLRrBX6J9GcGZl1VToW',#44,'Weld',$,$,#3266,#3269,'IDb937155b-d4b8-464c-9426-423bc17ddca0');
#3271= IFCPROPERTYSINGLEVALUE('WeldID',$,IFCINTEGER(115403720),$);
#3272= IFCPROPERTYSET('1wxGlAB1f4VBdVtQUE83x3',#5,'AISC_EM11_Pset_Weld','WeldIdentity',(#305,#306,#307,#308,#3271,#310,#311,#312,#313,#314,#315,#316,#317,#318,#319,#320));
#3273= IFCCARTESIANPOINT((40411.806,17763.901,52714.998));
#3274= IFCAXIS2PLACEMENT3D(#3273,#8,#9);
#3275= IFCLOCALPLACEMENT(#3253,#3274);
#3276= IFCSHAPEREPRESENTATION(#12,'Body','Brep',(#3086));
#3277= IFCSHAPEREPRESENTATION(#13,'Axis','GeometricCurveSet',(#380,#3090));
#3278= IFCPRODUCTDEFINITIONSHAPE($,$,(#3276,#3277));
#3279= IFCFASTENER('0gRZAMH0L4Ph44lXY347Tj',#44,'Weld',$,$,#3275,#3278,'ID2a6e3296-4405-4466-b104-be188310776d');
#3280= IFCPROPERTYSINGLEVALUE('WeldID',$,IFCINTEGER(115403657),$);
#3281= IFCPROPERTYSET('07BQVvTkLBZgOD1m8CcZnh',#5,'AISC_EM11_Pset_Weld','WeldIdentity',(#305,#306,#307,#308,#3280,#388,#311,#312,#389,#314,#390,#391,#317,#318,#319,#320));
#3282= IFCCARTESIANPOINT((40411.850120514,17818.9828594532,52619.9981994629));
#3283= IFCAXIS2PLACEMENT3D(#3282,#9,#3097);
#3284= IFCLOCALPLACEMENT(#3253,#3283);
#3285= IFCSHAPEREPRESENTATION(#12,'Body','SweptSolid',(#400));
#3286= IFCPRODUCTDEFINITIONSHAPE($,$,(#3285));
#3287= IFCDISCRETEACCESSORY('2oaUbdeGP6CANrNrOHxvTX',#44,'Support section',$,$,#3284,#3286,'1050(?)');
#3288= IFCLOCALPLACEMENT(#3253,#3247);
#3289= IFCSHAPEREPRESENTATION(#12,'Body','MappedRepresentation',(#411,#412,#413));
#3290= IFCPRODUCTDEFINITIONSHAPE($,$,(#3289));
#3291= IFCOPENINGELEMENT('0n8j9VhkbDCQz_RRXNWCfZ',#5,$,$,'Opening',#3288,#3290,$);
#3292= IFCRELVOIDSELEMENT('0NTTtZvpL4LPAqmJJ2sON2',#5,'Drill Hole',$,#3287,#3291);
#3293= IFCCARTESIANPOINT((40342.0772006303,17499.3505429576,52644.9989501104));
#3294= IFCAXIS2PLACEMENT3D(#3293,#1333,#3109);
#3295= IFCLOCALPLACEMENT(#3253,#3294);
#3296= IFCSHAPEREPRESENTATION(#12,'Body','Brep',(#676));
#3297= IFCPRODUCTDEFINITIONSHAPE($,$,(#3296));
#3298= IFCDISCRETEACCESSORY('2b$SeRR4j64QgNkgQ_4SxT',#44,'Support section',$,$,#3295,#3297,'1497(?)');
#3299= IFCCARTESIANPOINT((40441.9243547532,17493.8237162537,52644.9989501104));
#3300= IFCAXIS2PLACEMENT3D(#3299,#1333,#3109);
#3301= IFCLOCALPLACEMENT(#3253,#3300);
#3302= IFCSHAPEREPRESENTATION(#12,'Body','Brep',(#676));
#3303= IFCPRODUCTDEFINITIONSHAPE($,$,(#3302));
#3304= IFCDISCRETEACCESSORY('2qCwXIb1jB99fig9GbaWH$',#44,'Support section',$,$,#3301,#3303,'1497(?)');
#3305= IFCCARTESIANPOINT((40402.4433481888,17759.4117034019,52594.9981994629));
#3306= IFCAXIS2PLACEMENT3D(#3305,#9,#3122);
#3307= IFCLOCALPLACEMENT(#3253,#3306);
#3308= IFCSHAPEREPRESENTATION(#12,'Body','SweptSolid',(#696));
#3309= IFCPRODUCTDEFINITIONSHAPE($,$,(#3308));
#3310= IFCCOLUMN('2$FCS_ZxzF1g2XdxfG1Qtl',#44,'main piece','PL10*200','PL10*200',#3307,#3309,'1496(?)');
#3311= IFCLOCALPLACEMENT(#42,#10);
#3312= IFCELEMENTASSEMBLY('1hFApmwZHBWQVN4IP9ZXBO',#44,'BEAM',$,$,#3311,$,'B/750(?)',.NOTDEFINED.,.RIGID_FRAME.);
#3313= IFCCARTESIANPOINT((38278.2723721936,17892.0136286595,52834.9981994629));
#3314= IFCAXIS2PLACEMENT3D(#3313,#2835,#57);
#3315= IFCLOCALPLACEMENT(#3311,#3314);
#3316= IFCSHAPEREPRESENTATION(#12,'Body','MappedRepresentation',(#2846,#2847,#2848));
#3317= IFCSHAPEREPRESENTATION(#12,'Axis','MappedRepresentation',(#101,#102,#103));
#3318= IFCPRODUCTDEFINITIONSHAPE($,$,(#3316,#3317));
#3319= IFCMECHANICALFASTENER('3QCp3TOfXFJvnO75CX3UcE',#44,'Bolt assembly',$,$,#3315,#3318,'IDda3330dd-6298-4f4f-9c58-1c53210de98e',16.,40.);
#3320= IFCLOCALPLACEMENT(#42,#10);
#3321= IFCELEMENTASSEMBLY('3l5cnqC5bBBBMvRcJv7Miu',#44,$,$,$,#3320,$,'A/193(?)',.NOTDEFINED.,.RIGID_FRAME.);
#3322= IFCCARTESIANPOINT((38234.0957669029,17873.2549524034,52771.8273772407));
#3323= IFCAXIS2PLACEMENT3D(#3322,#2856,#2857);
#3324= IFCLOCALPLACEMENT(#3320,#3323);
#3325= IFCSHAPEREPRESENTATION(#12,'Body','Brep',(#3017));
#3326= IFCSHAPEREPRESENTATION(#13,'Axis','GeometricCurveSet',(#3027));
#3327= IFCPRODUCTDEFINITIONSHAPE($,$,(#3325,#3326));
#3328= IFCFASTENER('3PY2dxa$5BGPhAgh4CJkl4',#44,'Weld',$,$,#3324,#3327,'IDd98829fb-93f1-4b41-9aca-aab10c4eebc4');
#3329= IFCPROPERTYSINGLEVALUE('WeldID',$,IFCINTEGER(115403374),$);
#3330= IFCPROPERTYSET('1mJ0oxZaTCS9woipaISfzj',#5,'AISC_EM11_Pset_Weld','WeldIdentity',(#305,#306,#307,#308,#3329,#310,#311,#312,#313,#314,#315,#316,#317,#318,#319,#320));
#3331= IFCCARTESIANPOINT((38333.9429210259,17867.7281256995,52771.8273772407));
#3332= IFCAXIS2PLACEMENT3D(#3331,#2856,#2857);
#3333= IFCLOCALPLACEMENT(#3320,#3332);
#3334= IFCSHAPEREPRESENTATION(#12,'Body','Brep',(#3017));
#3335= IFCSHAPEREPRESENTATION(#13,'Axis','GeometricCurveSet',(#3027));
#3336= IFCPRODUCTDEFINITIONSHAPE($,$,(#3334,#3335));
#3337= IFCFASTENER('3rPJ68iTz5NRCsia4H5aS4',#44,'Weld',$,$,#3333,#3336,'IDf5653188-b1df-455d-b336-b24111164704');
#3338= IFCPROPERTYSINGLEVALUE('WeldID',$,IFCINTEGER(115403329),$);
#3339= IFCPROPERTYSET('3MFhn3K0v8eRxO1_zXyIWm',#5,'AISC_EM11_Pset_Weld','WeldIdentity',(#305,#306,#307,#308,#3338,#310,#311,#312,#313,#314,#315,#316,#317,#318,#319,#320));
#3340= IFCCARTESIANPOINT((38286.806,17881.526,52714.998));
#3341= IFCAXIS2PLACEMENT3D(#3340,#8,#9);
#3342= IFCLOCALPLACEMENT(#3320,#3341);
#3343= IFCSHAPEREPRESENTATION(#12,'Body','Brep',(#3086));
#3344= IFCSHAPEREPRESENTATION(#13,'Axis','GeometricCurveSet',(#380,#3090));
#3345= IFCPRODUCTDEFINITIONSHAPE($,$,(#3343,#3344));
#3346= IFCFASTENER('14Zp6q7Cr7hQfX14dD$sCp',#44,'Weld',$,$,#3342,#3345,'ID448f31b4-1ccd-47ad-aa61-0449cdff6333');
#3347= IFCPROPERTYSINGLEVALUE('WeldID',$,IFCINTEGER(115403266),$);
#3348= IFCPROPERTYSET('3YvS$nTZX3qffzbJnOXrf6',#5,'AISC_EM11_Pset_Weld','WeldIdentity',(#305,#306,#307,#308,#3347,#388,#311,#312,#389,#314,#390,#391,#317,#318,#319,#320));
#3349= IFCCARTESIANPOINT((38286.850120514,17936.6077115921,52619.9981994629));
#3350= IFCAXIS2PLACEMENT3D(#3349,#9,#3097);
#3351= IFCLOCALPLACEMENT(#3320,#3350);
#3352= IFCSHAPEREPRESENTATION(#12,'Body','SweptSolid',(#400));
#3353= IFCPRODUCTDEFINITIONSHAPE($,$,(#3352));
#3354= IFCDISCRETEACCESSORY('21BiaVhxXBgvRwo8S8UjJ5',#44,'Support section',$,$,#3351,#3353,'1050(?)');
#3355= IFCLOCALPLACEMENT(#3320,#3314);
#3356= IFCSHAPEREPRESENTATION(#12,'Body','MappedRepresentation',(#411,#412,#413));
#3357= IFCPRODUCTDEFINITIONSHAPE($,$,(#3356));
#3358= IFCOPENINGELEMENT('1XcXOtr_PDQB2wuklSFYfi',#5,$,$,'Opening',#3355,#3357,$);
#3359= IFCRELVOIDSELEMENT('1ATobmYMDBKgHgKFx89cK7',#5,'Drill Hole',$,#3354,#3358);
#3360= IFCCARTESIANPOINT((38217.0772006303,17616.9753950965,52644.9989501104));
#3361= IFCAXIS2PLACEMENT3D(#3360,#1333,#3109);
#3362= IFCLOCALPLACEMENT(#3320,#3361);
#3363= IFCSHAPEREPRESENTATION(#12,'Body','Brep',(#676));
#3364= IFCPRODUCTDEFINITIONSHAPE($,$,(#3363));
#3365= IFCDISCRETEACCESSORY('0tEdd0KXv6GxrvDgl$0J6m',#44,'Support section',$,$,#3362,#3364,'1497(?)');
#3366= IFCCARTESIANPOINT((38316.9243547532,17611.4485683926,52644.9989501104));
#3367= IFCAXIS2PLACEMENT3D(#3366,#1333,#3109);
#3368= IFCLOCALPLACEMENT(#3320,#3367);
#3369= IFCSHAPEREPRESENTATION(#12,'Body','Brep',(#676));
#3370= IFCPRODUCTDEFINITIONSHAPE($,$,(#3369));
#3371= IFCDISCRETEACCESSORY('0bd1kRuo592AxCVwjKDjia',#44,'Support section',$,$,#3368,#3370,'1497(?)');
#3372= IFCCARTESIANPOINT((38277.4433481888,17877.0365555408,52594.9981994629));
#3373= IFCAXIS2PLACEMENT3D(#3372,#9,#3122);
#3374= IFCLOCALPLACEMENT(#3320,#3373);
#3375= IFCSHAPEREPRESENTATION(#12,'Body','SweptSolid',(#696));
#3376= IFCPRODUCTDEFINITIONSHAPE($,$,(#3375));
#3377= IFCCOLUMN('0VOcdRCNzBWP3TgzZJ5Pqo',#44,'main piece','PL10*200','PL10*200',#3374,#3376,'1496(?)');
#3378= IFCLOCALPLACEMENT(#42,#10);
#3379= IFCELEMENTASSEMBLY('2NSpAdzxb5ou67HquFUZYp',#44,'BEAM',$,$,#3378,$,'B/657(?)',.NOTDEFINED.,.RIGID_FRAME.);
#3380= IFCPROPERTYSINGLEVALUE('AssemblyMark',$,IFCIDENTIFIER('B/657(?)'),$);
#3381= IFCPROPERTYSET('3_HPXOZDf1aATaFwYMj6oC',#5,'AISC_EM11_Pset_AssemblyIdentification','AssemblyIdentity',(#3380,#52,#53));
#3382= IFCCARTESIANPOINT((36145.9920224621,18010.0414690622,52834.9981994629));
#3383= IFCAXIS2PLACEMENT3D(#3382,#2835,#57);
#3384= IFCLOCALPLACEMENT(#3378,#3383);
#3385= IFCSHAPEREPRESENTATION(#12,'Body','MappedRepresentation',(#2846,#2847,#2848));
#3386= IFCSHAPEREPRESENTATION(#12,'Axis','MappedRepresentation',(#101,#102,#103));
#3387= IFCPRODUCTDEFINITIONSHAPE($,$,(#3385,#3386));
#3388= IFCMECHANICALFASTENER('3LHvnyk$b7_vHh3_c0$IJ4',#44,'Bolt assembly',$,$,#3384,#3387,'IDd5479c7c-bbf9-47fb-946b-0fe980fd24c4',16.,40.);
#3389= IFCLOCALPLACEMENT(#42,#10);
#3390= IFCELEMENTASSEMBLY('2tuG7R5xL2ZABZksFjBb4o',#44,$,$,$,#3389,$,'A/193(?)',.NOTDEFINED.,.RIGID_FRAME.);
#3391= IFCCARTESIANPOINT((36101.8154171715,17991.2827928061,52771.8273772407));
#3392= IFCAXIS2PLACEMENT3D(#3391,#2856,#2857);
#3393= IFCLOCALPLACEMENT(#3389,#3392);
#3394= IFCSHAPEREPRESENTATION(#12,'Body','Brep',(#3017));
#3395= IFCSHAPEREPRESENTATION(#13,'Axis','GeometricCurveSet',(#3027));
#3396= IFCPRODUCTDEFINITIONSHAPE($,$,(#3394,#3395));
#3397= IFCFASTENER('0ebkAourb5_uIuCTirVY6N',#44,'Weld',$,$,#3393,#3396,'ID2896e2b2-e359-45fb-84b8-31db357e2197');
#3398= IFCPROPERTYSINGLEVALUE('WeldID',$,IFCINTEGER(115402983),$);
#3399= IFCPROPERTYSET('0bvGZFh6z1rwLLnNSPbAh7',#5,'AISC_EM11_Pset_Weld','WeldIdentity',(#305,#306,#307,#308,#3398,#310,#311,#312,#313,#314,#315,#316,#317,#318,#319,#320));
#3400= IFCCARTESIANPOINT((36201.6625712944,17985.7559661023,52771.8273772407));
#3401= IFCAXIS2PLACEMENT3D(#3400,#2856,#2857);
#3402= IFCLOCALPLACEMENT(#3389,#3401);
#3403= IFCSHAPEREPRESENTATION(#12,'Body','Brep',(#3017));
#3404= IFCSHAPEREPRESENTATION(#13,'Axis','GeometricCurveSet',(#3027));
#3405= IFCPRODUCTDEFINITIONSHAPE($,$,(#3403,#3404));
#3406= IFCFASTENER('0dZxJNG3X83wAD7HW3gNHy',#44,'Weld',$,$,#3402,#3405,'ID278fb4d7-4038-480f-a28d-1d1803a9747c');
#3407= IFCPROPERTYSINGLEVALUE('WeldID',$,IFCINTEGER(115402938),$);
#3408= IFCPROPERTYSET('2av_OuL6rAMAU7ZCOh4fHD',#5,'AISC_EM11_Pset_Weld','WeldIdentity',(#305,#306,#307,#308,#3407,#310,#311,#312,#313,#314,#315,#316,#317,#318,#319,#320));
#3409= IFCCARTESIANPOINT((36148.535,17999.885,52714.998));
#3410= IFCAXIS2PLACEMENT3D(#3409,#8,#57);
#3411= IFCLOCALPLACEMENT(#3389,#3410);
#3412= IFCCARTESIANPOINT((95.,-6.22448339832044,3.90515598579441));
#3413= IFCCARTESIANPOINT((95.,-5.98999999999796,-0.330999999998312));
#3414= IFCCARTESIANPOINT((-95.,-5.98999999999796,-0.330999999998312));
#3415= IFCCARTESIANPOINT((-95.,-6.22448339832044,3.90515598579441));
#3416= IFCPOLYLOOP((#3412,#3413,#3414,#3415));
#3417= IFCFACEOUTERBOUND(#3416,.T.);
#3418= IFCFACE((#3417));
#3419= IFCCARTESIANPOINT((95.,-10.2261559857943,-0.565483398335346));
#3420= IFCCARTESIANPOINT((-95.,-10.2261559857943,-0.565483398335346));
#3421= IFCPOLYLOOP((#3413,#3419,#3420,#3414));
#3422= IFCFACEOUTERBOUND(#3421,.T.);
#3423= IFCFACE((#3422));
#3424= IFCPOLYLOOP((#3419,#3412,#3415,#3420));
#3425= IFCFACEOUTERBOUND(#3424,.T.);
#3426= IFCFACE((#3425));
#3427= IFCPOLYLOOP((#3420,#3415,#3414));
#3428= IFCFACEOUTERBOUND(#3427,.T.);
#3429= IFCFACE((#3428));
#3430= IFCPOLYLOOP((#3419,#3413,#3412));
#3431= IFCFACEOUTERBOUND(#3430,.T.);
#3432= IFCFACE((#3431));
#3433= IFCCLOSEDSHELL((#3166,#3171,#3174,#3177,#3180,#3418,#3423,#3426,#3429,#3432));
#3434= IFCFACETEDBREP(#3433);
#3435= IFCSHAPEREPRESENTATION(#12,'Body','Brep',(#3434));
#3436= IFCCARTESIANPOINT((95.,-0.330999999998312,5.98999999999796));
#3437= IFCCARTESIANPOINT((-95.,-0.330999999998312,5.98999999999796));
#3438= IFCPOLYLINE((#3436,#3437));
#3439= IFCSHAPEREPRESENTATION(#13,'Axis','GeometricCurveSet',(#380,#3438));
#3440= IFCPRODUCTDEFINITIONSHAPE($,$,(#3435,#3439));
#3441= IFCFASTENER('0xg2W_PNb0Cx3cWX1bFS6Q',#44,'Weld',$,$,#3411,#3440,'ID3ba8283e-6579-4033-b0e6-8210653dc19a');
#3442= IFCPROPERTYSINGLEVALUE('WeldID',$,IFCINTEGER(115402875),$);
#3443= IFCPROPERTYSET('2R8AHi_xH5mQi0WELfXJBl',#5,'AISC_EM11_Pset_Weld','WeldIdentity',(#305,#306,#307,#308,#3442,#388,#311,#312,#389,#314,#390,#391,#317,#318,#319,#320));
#3444= IFCCARTESIANPOINT((36154.5697707825,18054.6355519948,52619.9981994629));
#3445= IFCAXIS2PLACEMENT3D(#3444,#9,#3097);
#3446= IFCLOCALPLACEMENT(#3389,#3445);
#3447= IFCSHAPEREPRESENTATION(#12,'Body','SweptSolid',(#400));
#3448= IFCPRODUCTDEFINITIONSHAPE($,$,(#3447));
#3449= IFCDISCRETEACCESSORY('26SvH8OOL9d80$4AaktDoO',#44,'Support section',$,$,#3446,#3448,'1050(?)');
#3450= IFCLOCALPLACEMENT(#3389,#3383);
#3451= IFCSHAPEREPRESENTATION(#12,'Body','MappedRepresentation',(#411,#412,#413));
#3452= IFCPRODUCTDEFINITIONSHAPE($,$,(#3451));
#3453= IFCOPENINGELEMENT('3x4Dl0zXr5yQeB_6rKnIXj',#5,$,$,'Opening',#3450,#3452,$);
#3454= IFCRELVOIDSELEMENT('0N3_QBVFDC8PtP35SYw2kR',#5,'Drill Hole',$,#3449,#3453);
#3455= IFCCARTESIANPOINT((36084.7968508988,17735.0032354992,52644.9989501104));
#3456= IFCAXIS2PLACEMENT3D(#3455,#1333,#3109);
#3457= IFCLOCALPLACEMENT(#3389,#3456);
#3458= IFCSHAPEREPRESENTATION(#12,'Body','Brep',(#676));
#3459= IFCPRODUCTDEFINITIONSHAPE($,$,(#3458));
#3460= IFCDISCRETEACCESSORY('1NSJBaPyvFFf5FjrYsLCtD',#44,'Support section',$,$,#3457,#3459,'1497(?)');
#3461= IFCCARTESIANPOINT((36184.6440050218,17729.4764087953,52644.9989501104));
#3462= IFCAXIS2PLACEMENT3D(#3461,#1333,#3109);
#3463= IFCLOCALPLACEMENT(#3389,#3462);
#3464= IFCSHAPEREPRESENTATION(#12,'Body','Brep',(#676));
#3465= IFCPRODUCTDEFINITIONSHAPE($,$,(#3464));
#3466= IFCDISCRETEACCESSORY('2$PJjzJSf0PQSjnOdzS_Ud',#44,'Support section',$,$,#3463,#3465,'1497(?)');
#3467= IFCCARTESIANPOINT((36145.1629984573,17995.0643959435,52594.9981994629));
#3468= IFCAXIS2PLACEMENT3D(#3467,#9,#3122);
#3469= IFCLOCALPLACEMENT(#3389,#3468);
#3470= IFCSHAPEREPRESENTATION(#12,'Body','SweptSolid',(#696));
#3471= IFCPRODUCTDEFINITIONSHAPE($,$,(#3470));
#3472= IFCCOLUMN('0ZZTo$_ZvA9vrEULEcVqXo',#44,'main piece','PL10*200','PL10*200',#3469,#3471,'1496(?)');
#3473= IFCLOCALPLACEMENT(#42,#10);
#3474= IFCELEMENTASSEMBLY('0T9q6SOp10dQmi2ugsGZga',#44,'BEAM',$,$,#3473,$,'B/604(?)',.NOTDEFINED.,.RIGID_FRAME.);
#3475= IFCPROPERTYSINGLEVALUE('AssemblyMark',$,IFCIDENTIFIER('B/604(?)'),$);
#3476= IFCPROPERTYSET('30WHCZMIrE8O79kWTIwy61',#5,'AISC_EM11_Pset_AssemblyIdentification','AssemblyIdentity',(#3475,#52,#53));
#3477= IFCCARTESIANPOINT((31893.1198859998,18140.1827935916,52834.9981994629));
#3478= IFCDIRECTION((-1.98699999964447E-06,0.999999999998026,0.));
#3479= IFCAXIS2PLACEMENT3D(#3477,#3478,#57);
#3480= IFCLOCALPLACEMENT(#3473,#3479);
#3481= IFCCARTESIANPOINT((0.,3.0302595009918,0.));
#3482= IFCAXIS2PLACEMENT3D(#3481,#8,#7);
#3483= IFCEXTRUDEDAREASOLID(#78,#3482,#9,8.);
#3484= IFCCARTESIANPOINT((0.,11.0302595009918,0.));
#3485= IFCAXIS2PLACEMENT3D(#3484,#8,#7);
#3486= IFCEXTRUDEDAREASOLID(#67,#3485,#9,13.);
#3487= IFCSHAPEREPRESENTATION(#12,'Body','SweptSolid',(#70,#77,#3483,#3486));
#3488= IFCREPRESENTATIONMAP(#10,#3487);
#3489= IFCMAPPEDITEM(#3488,#86);
#3490= IFCMAPPEDITEM(#3488,#91);
#3491= IFCMAPPEDITEM(#3488,#94);
#3492= IFCSHAPEREPRESENTATION(#12,'Body','MappedRepresentation',(#3489,#3490,#3491));
#3493= IFCSHAPEREPRESENTATION(#12,'Axis','MappedRepresentation',(#101,#102,#103));
#3494= IFCPRODUCTDEFINITIONSHAPE($,$,(#3492,#3493));
#3495= IFCMECHANICALFASTENER('1gl1bDCNL5ROq93zyvRtZG',#44,'Bolt assembly',$,$,#3480,#3494,'ID6abc194d-3175-456d-8d09-0fdf396f78d0',16.,40.);
#3496= IFCLOCALPLACEMENT(#42,#10);
#3497= IFCELEMENTASSEMBLY('3Oa4XaaYX4SgFAWygcF2f_',#44,$,$,$,#3496,$,'A/193(?)',.NOTDEFINED.,.RIGID_FRAME.);
#3498= IFCCARTESIANPOINT((31850.0476044505,18119.011135093,52771.8273772388));
#3499= IFCDIRECTION((0.330199231963216,0.933949487176237,-0.136772886984763));
#3500= IFCDIRECTION((-0.862856919776393,0.357405029907589,0.357406743907765));
#3501= IFCAXIS2PLACEMENT3D(#3498,#3499,#3500);
#3502= IFCLOCALPLACEMENT(#3496,#3501);
#3503= IFCCARTESIANPOINT((-45.3293352302057,-125.647631568019,18.6011126982812));
#3504= IFCCARTESIANPOINT((-48.5765118310551,-125.647624659585,10.1158313240558));
#3505= IFCCARTESIANPOINT((-57.3772525408344,-117.841229964441,8.96015790882302));
#3506= IFCCARTESIANPOINT((-50.210387045357,-121.318062245031,17.9601550781008));
#3507= IFCPOLYLOOP((#3503,#3504,#3505,#3506));
#3508= IFCFACEOUTERBOUND(#3507,.T.);
#3509= IFCFACE((#3508));
#3510= IFCCARTESIANPOINT((-48.1311817235105,-134.132914987727,21.1134740724556));
#3511= IFCCARTESIANPOINT((-59.2699310860366,-124.252670039969,19.6507839487786));
#3512= IFCPOLYLOOP((#3504,#3510,#3511,#3505));
#3513= IFCFACEOUTERBOUND(#3512,.T.);
#3514= IFCFACE((#3513));
#3515= IFCPOLYLOOP((#3510,#3503,#3506,#3511));
#3516= IFCFACEOUTERBOUND(#3515,.T.);
#3517= IFCFACE((#3516));
#3518= IFCPOLYLOOP((#3511,#3506,#3505));
#3519= IFCFACEOUTERBOUND(#3518,.T.);
#3520= IFCFACE((#3519));
#3521= IFCPOLYLOOP((#3510,#3504,#3503));
#3522= IFCFACEOUTERBOUND(#3521,.T.);
#3523= IFCFACE((#3522));
#3524= IFCCARTESIANPOINT((-8.33773718933253,-13.0792294623971,1.93627383343119));
#3525= IFCCARTESIANPOINT((-13.1032863469113,-12.0224460980608,-3.37836698842875));
#3526= IFCCARTESIANPOINT((-8.45235064498002,4.19956631958485E-06,-5.158193238276));
#3527= IFCPOLYLOOP((#3524,#3525,#3526,#156));
#3528= IFCFACEOUTERBOUND(#3527,.T.);
#3529= IFCFACE((#3528));
#3530= IFCCARTESIANPOINT((-14.5642272259461,-10.3177346979282,4.31905066053514));
#3531= IFCCARTESIANPOINT((-6.96469951507197,9.32668742374517,1.41085330562782));
#3532= IFCPOLYLOOP((#3525,#3530,#3531,#3526));
#3533= IFCFACEOUTERBOUND(#3532,.T.);
#3534= IFCFACE((#3533));
#3535= IFCPOLYLOOP((#3530,#3524,#156,#3531));
#3536= IFCFACEOUTERBOUND(#3535,.T.);
#3537= IFCFACE((#3536));
#3538= IFCCARTESIANPOINT((-45.1506318578572,-108.238832782736,16.0238812446951));
#3539= IFCCARTESIANPOINT((-49.9161810154433,-107.182049418414,10.7092404228424));
#3540= IFCPOLYLOOP((#3538,#3539,#3525,#3524));
#3541= IFCFACEOUTERBOUND(#3540,.T.);
#3542= IFCFACE((#3541));
#3543= IFCCARTESIANPOINT((-51.3771218944707,-105.477338018281,18.4066580718027));
#3544= IFCPOLYLOOP((#3539,#3543,#3530,#3525));
#3545= IFCFACEOUTERBOUND(#3544,.T.);
#3546= IFCFACE((#3545));
#3547= IFCPOLYLOOP((#3543,#3538,#3524,#3530));
#3548= IFCFACEOUTERBOUND(#3547,.T.);
#3549= IFCFACE((#3548));
#3550= IFCCARTESIANPOINT((-54.5671167173709,-119.204499716041,12.4890666726897));
#3551= IFCPOLYLOOP((#3506,#3550,#3539,#3538));
#3552= IFCFACEOUTERBOUND(#3551,.T.);
#3553= IFCFACE((#3552));
#3554= IFCCARTESIANPOINT((-58.9766496053303,-125.121760139911,21.3148554267173));
#3555= IFCPOLYLOOP((#3550,#3554,#3543,#3539));
#3556= IFCFACEOUTERBOUND(#3555,.T.);
#3557= IFCFACE((#3556));
#3558= IFCPOLYLOOP((#3554,#3506,#3538,#3543));
#3559= IFCFACEOUTERBOUND(#3558,.T.);
#3560= IFCFACE((#3559));
#3561= IFCPOLYLOOP((#3531,#156,#3526));
#3562= IFCFACEOUTERBOUND(#3561,.T.);
#3563= IFCFACE((#3562));
#3564= IFCPOLYLOOP((#3554,#3550,#3506));
#3565= IFCFACEOUTERBOUND(#3564,.T.);
#3566= IFCFACE((#3565));
#3567= IFCCARTESIANPOINT((0.0308054009151419,6.90836895955727E-06,-8.48528137425819));
#3568= IFCCARTESIANPOINT((5.81160933474939,-7.80638136185007,-15.2210830543554));
#3569= IFCCARTESIANPOINT((6.48412162854993,-4.3295657596027,-3.73579884936407));
#3570= IFCPOLYLOOP((#197,#3567,#3568,#3569));
#3571= IFCFACEOUTERBOUND(#3570,.T.);
#3572= IFCFACE((#3571));
#3573= IFCCARTESIANPOINT((7.04127021291106,8.48528137426183,6.90838351147249E-06));
#3574= IFCCARTESIANPOINT((14.3578050656656,-1.3949554417195,-8.52523081239269));
#3575= IFCPOLYLOOP((#3567,#3573,#3574,#3568));
#3576= IFCFACEOUTERBOUND(#3575,.T.);
#3577= IFCFACE((#3576));
#3578= IFCPOLYLOOP((#3573,#197,#3569,#3574));
#3579= IFCFACEOUTERBOUND(#3578,.T.);
#3580= IFCFACE((#3579));
#3581= IFCCARTESIANPOINT((-11.7898720848457,6.90833257976919E-06,-8.48528137422545));
#3582= IFCPOLYLOOP((#156,#3581,#3567,#197));
#3583= IFCFACEOUTERBOUND(#3582,.T.);
#3584= IFCFACE((#3583));
#3585= IFCCARTESIANPOINT((-7.91969365941213,8.48528137423273,6.90842716721818E-06));
#3586= IFCPOLYLOOP((#3581,#3585,#3573,#3567));
#3587= IFCFACEOUTERBOUND(#3586,.T.);
#3588= IFCFACE((#3587));
#3589= IFCPOLYLOOP((#3585,#156,#197,#3573));
#3590= IFCFACEOUTERBOUND(#3589,.T.);
#3591= IFCFACE((#3590));
#3592= IFCPOLYLOOP((#3574,#3569,#3568));
#3593= IFCFACEOUTERBOUND(#3592,.T.);
#3594= IFCFACE((#3593));
#3595= IFCPOLYLOOP((#3585,#3581,#156));
#3596= IFCFACEOUTERBOUND(#3595,.T.);
#3597= IFCFACE((#3596));
#3598= IFCCARTESIANPOINT((-35.3885282275,-112.568398542309,12.2880823953237));
#3599= IFCCARTESIANPOINT((-35.3885282275073,-113.625171767824,5.1497431439202));
#3600= IFCCARTESIANPOINT((-40.0394639294168,-125.647622065408,6.92956939376381));
#3601= IFCCARTESIANPOINT((-40.448283414989,-125.64762800459,14.2243562287222));
#3602= IFCPOLYLOOP((#3598,#3599,#3600,#3601));
#3603= IFCFACEOUTERBOUND(#3602,.T.);
#3604= IFCFACE((#3603));
#3605= IFCCARTESIANPOINT((-29.1620381908683,-115.329893306778,9.9053055682125));
#3606= IFCCARTESIANPOINT((-36.7615659016988,-134.974315428342,12.8135029231089));
#3607= IFCPOLYLOOP((#3599,#3605,#3606,#3600));
#3608= IFCFACEOUTERBOUND(#3607,.T.);
#3609= IFCFACE((#3608));
#3610= IFCPOLYLOOP((#3605,#3598,#3601,#3606));
#3611= IFCFACEOUTERBOUND(#3610,.T.);
#3612= IFCFACE((#3611));
#3613= IFCCARTESIANPOINT((1.42436644102827,-17.4087952219634,-1.79952501594016));
#3614= IFCCARTESIANPOINT((1.42436644102099,-18.465568447471,-8.93786426735096));
#3615= IFCPOLYLOOP((#3613,#3614,#3599,#3598));
#3616= IFCFACEOUTERBOUND(#3615,.T.);
#3617= IFCFACE((#3616));
#3618= IFCCARTESIANPOINT((7.65085647765636,-20.1702899864322,-4.18230184305503));
#3619= IFCPOLYLOOP((#3614,#3618,#3605,#3599));
#3620= IFCFACEOUTERBOUND(#3619,.T.);
#3621= IFCFACE((#3620));
#3622= IFCPOLYLOOP((#3618,#3613,#3598,#3605));
#3623= IFCFACEOUTERBOUND(#3622,.T.);
#3624= IFCFACE((#3623));
#3625= IFCCARTESIANPOINT((6.0753021429523,-6.44311814982939,-10.7176905171982));
#3626= IFCPOLYLOOP((#3569,#3625,#3614,#3613));
#3627= IFCFACEOUTERBOUND(#3626,.T.);
#3628= IFCFACE((#3627));
#3629= IFCCARTESIANPOINT((15.2503841885487,-0.525867864700558,-7.09049919798781));
#3630= IFCPOLYLOOP((#3625,#3629,#3618,#3614));
#3631= IFCFACEOUTERBOUND(#3630,.T.);
#3632= IFCFACE((#3631));
#3633= IFCPOLYLOOP((#3629,#3569,#3613,#3618));
#3634= IFCFACEOUTERBOUND(#3633,.T.);
#3635= IFCFACE((#3634));
#3636= IFCPOLYLOOP((#3606,#3601,#3600));
#3637= IFCFACEOUTERBOUND(#3636,.T.);
#3638= IFCFACE((#3637));
#3639= IFCPOLYLOOP((#3629,#3625,#3569));
#3640= IFCFACEOUTERBOUND(#3639,.T.);
#3641= IFCFACE((#3640));
#3642= IFCCARTESIANPOINT((-39.7757711212284,-125.64761823458,2.22435622876219));
#3643= IFCPOLYLOOP((#3601,#3642,#3504,#3503));
#3644= IFCFACEOUTERBOUND(#3643,.T.);
#3645= IFCFACE((#3644));
#3646= IFCCARTESIANPOINT((-36.9924323609735,-134.132906855841,11.1255462280205));
#3647= IFCPOLYLOOP((#3642,#3646,#3510,#3504));
#3648= IFCFACEOUTERBOUND(#3647,.T.);
#3649= IFCFACE((#3648));
#3650= IFCPOLYLOOP((#3646,#3601,#3503,#3510));
#3651= IFCFACEOUTERBOUND(#3650,.T.);
#3652= IFCFACE((#3651));
#3653= IFCPOLYLOOP((#3510,#3503,#3504));
#3654= IFCFACEOUTERBOUND(#3653,.T.);
#3655= IFCFACE((#3654));
#3656= IFCPOLYLOOP((#3646,#3642,#3601));
#3657= IFCFACEOUTERBOUND(#3656,.T.);
#3658= IFCFACE((#3657));
#3659= IFCCLOSEDSHELL((#3509,#3514,#3517,#3520,#3523,#3529,#3534,#3537,#3542,#3546,#3549,#3553,#3557,#3560,#3563,#3566,#3572,#3577,#3580,#3584,#3588,#3591,#3594,#3597,#3604,#3609,#3612,#3617,#3621,#3624,#3628,#3632,#3635,#3638,#3641,#3645,#3649,#3652,#3655,#3658));
#3660= IFCFACETEDBREP(#3659);
#3661= IFCSHAPEREPRESENTATION(#12,'Body','Brep',(#3660));
#3662= IFCCARTESIANPOINT((-45.3293352300861,18.6011126982739,125.647631567954));
#3663= IFCCARTESIANPOINT((-50.2103870452411,17.9601550780899,121.318062244951));
#3664= IFCCARTESIANPOINT((-45.1506318577558,16.0238812446842,108.23883278267));
#3665= IFCCARTESIANPOINT((-8.33773718932207,1.93627383342391,13.0792294623752));
#3666= IFCCARTESIANPOINT((6.48412162853856,-3.73579884936044,4.32956575963908));
#3667= IFCCARTESIANPOINT((1.42436644102418,-1.79952501594016,17.4087952219925));
#3668= IFCCARTESIANPOINT((-35.3885282274096,12.2880823953201,112.568398542287));
#3669= IFCCARTESIANPOINT((-40.4482834148876,14.2243562287222,125.647628004554));
#3670= IFCPOLYLINE((#3662,#3663,#3664,#3665,#156,#197,#3666,#3667,#3668,#3669,#3662));
#3671= IFCSHAPEREPRESENTATION(#13,'Axis','GeometricCurveSet',(#3670));
#3672= IFCPRODUCTDEFINITIONSHAPE($,$,(#3661,#3671));
#3673= IFCFASTENER('1VV5LwLW9EKuKoKtQBlrF6',#44,'Weld',$,$,#3502,#3672,'ID5f7c557a-5602-4e53-8532-53768bbf53c6');
#3674= IFCPROPERTYSINGLEVALUE('WeldID',$,IFCINTEGER(115402592),$);
#3675= IFCPROPERTYSET('0vOGyFk113tAhOsdE$_a4C',#5,'AISC_EM11_Pset_Weld','WeldIdentity',(#305,#306,#307,#308,#3674,#310,#311,#312,#313,#314,#315,#316,#317,#318,#319,#320));
#3676= IFCCARTESIANPOINT((31950.0476044499,18119.0113337918,52771.8273772388));
#3677= IFCAXIS2PLACEMENT3D(#3676,#3499,#3500);
#3678= IFCLOCALPLACEMENT(#3496,#3677);
#3679= IFCSHAPEREPRESENTATION(#12,'Body','Brep',(#3660));
#3680= IFCSHAPEREPRESENTATION(#13,'Axis','GeometricCurveSet',(#3670));
#3681= IFCPRODUCTDEFINITIONSHAPE($,$,(#3679,#3680));
#3682= IFCFASTENER('1KWy_NF9nAbOHqqQjqR2ha',#44,'Weld',$,$,#3678,#3681,'ID5483cf97-3c9c-4a95-8474-d1ab746c2ae4');
#3683= IFCPROPERTYSINGLEVALUE('WeldID',$,IFCINTEGER(115402547),$);
#3684= IFCPROPERTYSET('1XoZSjk6rAah_2O15JI7r5',#5,'AISC_EM11_Pset_Weld','WeldIdentity',(#305,#306,#307,#308,#3683,#310,#311,#312,#313,#314,#315,#316,#317,#318,#319,#320));
#3685= IFCCARTESIANPOINT((31902.22,18130.183,52714.998));
#3686= IFCAXIS2PLACEMENT3D(#3685,#8,#9);
#3687= IFCLOCALPLACEMENT(#3496,#3686);
#3688= IFCCARTESIANPOINT((-95.,-8.4301209426485E-06,4.24264068711273));
#3689= IFCCARTESIANPOINT((95.,-8.4301209426485E-06,4.24264068711273));
#3690= IFCPOLYLOOP((#3688,#336,#337,#3689));
#3691= IFCFACEOUTERBOUND(#3690,.T.);
#3692= IFCFACE((#3691));
#3693= IFCCARTESIANPOINT((-95.,4.24264068711273,8.4301209426485E-06));
#3694= IFCCARTESIANPOINT((95.,4.24264068711273,8.4301209426485E-06));
#3695= IFCPOLYLOOP((#336,#3693,#3694,#337));
#3696= IFCFACEOUTERBOUND(#3695,.T.);
#3697= IFCFACE((#3696));
#3698= IFCPOLYLOOP((#3693,#3688,#3689,#3694));
#3699= IFCFACEOUTERBOUND(#3698,.T.);
#3700= IFCFACE((#3699));
#3701= IFCPOLYLOOP((#3694,#3689,#337));
#3702= IFCFACEOUTERBOUND(#3701,.T.);
#3703= IFCFACE((#3702));
#3704= IFCPOLYLOOP((#3693,#336,#3688));
#3705= IFCFACEOUTERBOUND(#3704,.T.);
#3706= IFCFACE((#3705));
#3707= IFCCARTESIANPOINT((95.,-6.00000843012094,4.24264068711273));
#3708= IFCCARTESIANPOINT((95.,-6.,0.));
#3709= IFCCARTESIANPOINT((-95.,-6.,0.));
#3710= IFCCARTESIANPOINT((-95.,-6.00000843012094,4.24264068711273));
#3711= IFCPOLYLOOP((#3707,#3708,#3709,#3710));
#3712= IFCFACEOUTERBOUND(#3711,.T.);
#3713= IFCFACE((#3712));
#3714= IFCCARTESIANPOINT((95.,-10.2426406871127,-8.4301209426485E-06));
#3715= IFCCARTESIANPOINT((-95.,-10.2426406871127,-8.4301209426485E-06));
#3716= IFCPOLYLOOP((#3708,#3714,#3715,#3709));
#3717= IFCFACEOUTERBOUND(#3716,.T.);
#3718= IFCFACE((#3717));
#3719= IFCPOLYLOOP((#3714,#3707,#3710,#3715));
#3720= IFCFACEOUTERBOUND(#3719,.T.);
#3721= IFCFACE((#3720));
#3722= IFCPOLYLOOP((#3715,#3710,#3709));
#3723= IFCFACEOUTERBOUND(#3722,.T.);
#3724= IFCFACE((#3723));
#3725= IFCPOLYLOOP((#3714,#3708,#3707));
#3726= IFCFACEOUTERBOUND(#3725,.T.);
#3727= IFCFACE((#3726));
#3728= IFCCLOSEDSHELL((#3692,#3697,#3700,#3703,#3706,#3713,#3718,#3721,#3724,#3727));
#3729= IFCFACETEDBREP(#3728);
#3730= IFCSHAPEREPRESENTATION(#12,'Body','Brep',(#3729));
#3731= IFCCARTESIANPOINT((95.,0.,6.));
#3732= IFCCARTESIANPOINT((-95.,0.,6.));
#3733= IFCPOLYLINE((#3731,#3732));
#3734= IFCSHAPEREPRESENTATION(#13,'Axis','GeometricCurveSet',(#380,#3733));
#3735= IFCPRODUCTDEFINITIONSHAPE($,$,(#3730,#3734));
#3736= IFCFASTENER('3vFR4OnPXEY94zTQ9CsyPL',#44,'Weld',$,$,#3687,#3735,'IDf93db118-c598-4e88-913d-75a24cdbc655');
#3737= IFCPROPERTYSINGLEVALUE('WeldID',$,IFCINTEGER(115402484),$);
#3738= IFCPROPERTYSET('0$us_x1DD5$eusOjCWe$3Y',#5,'AISC_EM11_Pset_Weld','WeldIdentity',(#305,#306,#307,#308,#3737,#388,#311,#312,#389,#314,#390,#391,#317,#318,#319,#320));
#3739= IFCCARTESIANPOINT((31899.2197964889,18185.1828057113,52619.9981994629));
#3740= IFCDIRECTION((1.98699999964447E-06,-0.999999999998026,0.));
#3741= IFCAXIS2PLACEMENT3D(#3739,#9,#3740);
#3742= IFCLOCALPLACEMENT(#3496,#3741);
#3743= IFCSHAPEREPRESENTATION(#12,'Body','SweptSolid',(#400));
#3744= IFCPRODUCTDEFINITIONSHAPE($,$,(#3743));
#3745= IFCDISCRETEACCESSORY('0vX9fV2qH48uRhmXK27iDX',#44,'Support section',$,$,#3742,#3744,'1050(?)');
#3746= IFCLOCALPLACEMENT(#3496,#3479);
#3747= IFCSHAPEREPRESENTATION(#12,'Body','MappedRepresentation',(#411,#412,#413));
#3748= IFCPRODUCTDEFINITIONSHAPE($,$,(#3747));
#3749= IFCOPENINGELEMENT('0UK2yHNYfBtO0wBuQu4mIg',#5,$,$,'Opening',#3746,#3748,$);
#3750= IFCRELVOIDSELEMENT('2U6TMt8FD4XQaBhaLpNVPu',#5,'Drill Hole',$,#3745,#3749);
#3751= IFCCARTESIANPOINT((31847.2196876444,17862.1827023478,52644.9989501104));
#3752= IFCDIRECTION((-1.98700000071969E-06,0.999999999996524,1.73300000384998E-06));
#3753= IFCAXIS2PLACEMENT3D(#3751,#1333,#3752);
#3754= IFCLOCALPLACEMENT(#3496,#3753);
#3755= IFCSHAPEREPRESENTATION(#12,'Body','Brep',(#676));
#3756= IFCPRODUCTDEFINITIONSHAPE($,$,(#3755));
#3757= IFCDISCRETEACCESSORY('3qNQBqIPDCpQkjxsctS17F',#44,'Support section',$,$,#3754,#3756,'1497(?)');
#3758= IFCCARTESIANPOINT((31947.2196876438,17862.1829010465,52644.9989501104));
#3759= IFCAXIS2PLACEMENT3D(#3758,#1333,#3752);
#3760= IFCLOCALPLACEMENT(#3496,#3759);
#3761= IFCSHAPEREPRESENTATION(#12,'Body','Brep',(#676));
#3762= IFCPRODUCTDEFINITIONSHAPE($,$,(#3761));
#3763= IFCDISCRETEACCESSORY('01J8JdZND4_w_eD6NJ28AC',#44,'Support section',$,$,#3760,#3762,'1497(?)');
#3764= IFCCARTESIANPOINT((31893.1199158049,18125.1827935919,52594.9981994629));
#3765= IFCDIRECTION((0.999999999998026,1.98699999964446E-06,0.));
#3766= IFCAXIS2PLACEMENT3D(#3764,#9,#3765);
#3767= IFCLOCALPLACEMENT(#3496,#3766);
#3768= IFCSHAPEREPRESENTATION(#12,'Body','SweptSolid',(#696));
#3769= IFCPRODUCTDEFINITIONSHAPE($,$,(#3768));
#3770= IFCCOLUMN('3$NU3rtCrF4PaP$r_OOPFM',#44,'main piece','PL10*200','PL10*200',#3767,#3769,'1496(?)');
#3771= IFCLOCALPLACEMENT(#42,#10);
#3772= IFCELEMENTASSEMBLY('1V4dZYQP9CaOk4nyxlqPIM',#44,'BEAM',$,$,#3771,$,'B/604(?)',.NOTDEFINED.,.RIGID_FRAME.);
#3773= IFCCARTESIANPOINT((29803.1197369095,18140.1786407613,52834.9981994629));
#3774= IFCAXIS2PLACEMENT3D(#3773,#3478,#57);
#3775= IFCLOCALPLACEMENT(#3771,#3774);
#3776= IFCSHAPEREPRESENTATION(#12,'Body','MappedRepresentation',(#3489,#3490,#3491));
#3777= IFCSHAPEREPRESENTATION(#12,'Axis','MappedRepresentation',(#101,#102,#103));
#3778= IFCPRODUCTDEFINITIONSHAPE($,$,(#3776,#3777));
#3779= IFCMECHANICALFASTENER('2uMkm9dgz8suSTLe$Wn25Q',#44,'Bolt assembly',$,$,#3775,#3778,'IDb85aec09-9eaf-48db-871d-568fe0c4215a',16.,40.);
#3780= IFCLOCALPLACEMENT(#42,#10);
#3781= IFCELEMENTASSEMBLY('0vlES3D7b7yQbBUECQDmcg',#44,$,$,$,#3780,$,'A/193(?)',.NOTDEFINED.,.RIGID_FRAME.);
#3782= IFCCARTESIANPOINT((29760.0474553602,18119.0069822627,52771.8273772388));
#3783= IFCAXIS2PLACEMENT3D(#3782,#3499,#3500);
#3784= IFCLOCALPLACEMENT(#3780,#3783);
#3785= IFCSHAPEREPRESENTATION(#12,'Body','Brep',(#3660));
#3786= IFCSHAPEREPRESENTATION(#13,'Axis','GeometricCurveSet',(#3670));
#3787= IFCPRODUCTDEFINITIONSHAPE($,$,(#3785,#3786));
#3788= IFCFASTENER('0$yfooom5EgOGJACkRc_9A',#44,'Weld',$,$,#3784,#3787,'ID3ff29cb2-cb01-4ea9-8413-28cb9b9be24a');
#3789= IFCPROPERTYSINGLEVALUE('WeldID',$,IFCINTEGER(115402201),$);
#3790= IFCPROPERTYSET('3k5F10UAn5EBJc0nAzUcD7',#5,'AISC_EM11_Pset_Weld','WeldIdentity',(#305,#306,#307,#308,#3789,#310,#311,#312,#313,#314,#315,#316,#317,#318,#319,#320));
#3791= IFCCARTESIANPOINT((29860.0474553596,18119.0071809615,52771.8273772388));
#3792= IFCAXIS2PLACEMENT3D(#3791,#3499,#3500);
#3793= IFCLOCALPLACEMENT(#3780,#3792);
#3794= IFCSHAPEREPRESENTATION(#12,'Body','Brep',(#3660));
#3795= IFCSHAPEREPRESENTATION(#13,'Axis','GeometricCurveSet',(#3670));
#3796= IFCPRODUCTDEFINITIONSHAPE($,$,(#3794,#3795));
#3797= IFCFASTENER('0EczQ1DOH1XxX7$488$wXY',#44,'Weld',$,$,#3793,#3796,'ID0e9bd681-3584-4187-b847-fc4208ffa862');
#3798= IFCPROPERTYSINGLEVALUE('WeldID',$,IFCINTEGER(115402156),$);
#3799= IFCPROPERTYSET('3ElykTCnrBjgaxbMSrgX$_',#5,'AISC_EM11_Pset_Weld','WeldIdentity',(#305,#306,#307,#308,#3798,#310,#311,#312,#313,#314,#315,#316,#317,#318,#319,#320));
#3800= IFCCARTESIANPOINT((29812.22,18130.179,52714.998));
#3801= IFCAXIS2PLACEMENT3D(#3800,#8,#9);
#3802= IFCLOCALPLACEMENT(#3780,#3801);
#3803= IFCSHAPEREPRESENTATION(#12,'Body','Brep',(#3729));
#3804= IFCSHAPEREPRESENTATION(#13,'Axis','GeometricCurveSet',(#380,#3733));
#3805= IFCPRODUCTDEFINITIONSHAPE($,$,(#3803,#3804));
#3806= IFCFASTENER('2Xl0WpeIj6IuX6gr9Uon6a',#44,'Weld',$,$,#3802,#3805,'IDa1bc0833-a12b-464b-8846-ab525ecb11a4');
#3807= IFCPROPERTYSINGLEVALUE('WeldID',$,IFCINTEGER(115402093),$);
#3808= IFCPROPERTYSET('1Qafy2GAPDvw$ro5Ol4P0l',#5,'AISC_EM11_Pset_Weld','WeldIdentity',(#305,#306,#307,#308,#3807,#388,#311,#312,#389,#314,#390,#391,#317,#318,#319,#320));
#3809= IFCCARTESIANPOINT((29809.2196473985,18185.178652881,52619.9981994629));
#3810= IFCAXIS2PLACEMENT3D(#3809,#9,#3740);
#3811= IFCLOCALPLACEMENT(#3780,#3810);
#3812= IFCSHAPEREPRESENTATION(#12,'Body','SweptSolid',(#400));
#3813= IFCPRODUCTDEFINITIONSHAPE($,$,(#3812));
#3814= IFCDISCRETEACCESSORY('1qTz881Pr4lAV6lP4QZaW2',#44,'Support section',$,$,#3811,#3813,'1050(?)');
#3815= IFCLOCALPLACEMENT(#3780,#3774);
#3816= IFCSHAPEREPRESENTATION(#12,'Body','MappedRepresentation',(#411,#412,#413));
#3817= IFCPRODUCTDEFINITIONSHAPE($,$,(#3816));
#3818= IFCOPENINGELEMENT('0eAGjXBKL9tOGNOhXuq7ld',#5,$,$,'Opening',#3815,#3817,$);
#3819= IFCRELVOIDSELEMENT('1GNSiJQ5b2evXjbaf1N1DO',#5,'Drill Hole',$,#3814,#3818);
#3820= IFCCARTESIANPOINT((29757.2195385541,17862.1785495175,52644.9989501104));
#3821= IFCAXIS2PLACEMENT3D(#3820,#1333,#3752);
#3822= IFCLOCALPLACEMENT(#3780,#3821);
#3823= IFCSHAPEREPRESENTATION(#12,'Body','Brep',(#676));
#3824= IFCPRODUCTDEFINITIONSHAPE($,$,(#3823));
#3825= IFCDISCRETEACCESSORY('2TwlEr8YP76xKjUs0K_I42',#44,'Support section',$,$,#3822,#3824,'1497(?)');
#3826= IFCCARTESIANPOINT((29857.2195385535,17862.1787482163,52644.9989501104));
#3827= IFCAXIS2PLACEMENT3D(#3826,#1333,#3752);
#3828= IFCLOCALPLACEMENT(#3780,#3827);
#3829= IFCSHAPEREPRESENTATION(#12,'Body','Brep',(#676));
#3830= IFCPRODUCTDEFINITIONSHAPE($,$,(#3829));
#3831= IFCDISCRETEACCESSORY('0EuIOlju92tBAVtWO_SOOz',#44,'Support section',$,$,#3828,#3830,'1497(?)');
#3832= IFCCARTESIANPOINT((29803.1197667146,18125.1786407616,52594.9981994629));
#3833= IFCAXIS2PLACEMENT3D(#3832,#9,#3765);
#3834= IFCLOCALPLACEMENT(#3780,#3833);
#3835= IFCSHAPEREPRESENTATION(#12,'Body','SweptSolid',(#696));
#3836= IFCPRODUCTDEFINITIONSHAPE($,$,(#3835));
#3837= IFCCOLUMN('1dsaDoTxXF6vy4StLsHaD6',#44,'main piece','PL10*200','PL10*200',#3834,#3836,'1496(?)');
#3838= IFCLOCALPLACEMENT(#42,#10);
#3839= IFCELEMENTASSEMBLY('2EVf8FltrFLvVyxFfuBF08',#44,'BEAM',$,$,#3838,$,'B/613(?)',.NOTDEFINED.,.RIGID_FRAME.);
#3840= IFCPROPERTYSINGLEVALUE('AssemblyMark',$,IFCIDENTIFIER('B/613(?)'),$);
#3841= IFCPROPERTYSET('0szsYyA9bCOwOtwv9s5FIs',#5,'AISC_EM11_Pset_AssemblyIdentification','AssemblyIdentity',(#3840,#52,#53));
#3842= IFCCARTESIANPOINT((79310.1835479616,19557.61280954,52834.9981994629));
#3843= IFCAXIS2PLACEMENT3D(#3842,#7,#57);
#3844= IFCLOCALPLACEMENT(#3838,#3843);
#3845= IFCCARTESIANPOINT((0.,3.300044737375,0.));
#3846= IFCAXIS2PLACEMENT3D(#3845,#8,#7);
#3847= IFCEXTRUDEDAREASOLID(#78,#3846,#9,8.);
#3848= IFCCARTESIANPOINT((0.,11.300044737375,0.));
#3849= IFCAXIS2PLACEMENT3D(#3848,#8,#7);
#3850= IFCEXTRUDEDAREASOLID(#67,#3849,#9,13.);
#3851= IFCSHAPEREPRESENTATION(#12,'Body','SweptSolid',(#70,#77,#3847,#3850));
#3852= IFCREPRESENTATIONMAP(#10,#3851);
#3853= IFCMAPPEDITEM(#3852,#86);
#3854= IFCMAPPEDITEM(#3852,#91);
#3855= IFCMAPPEDITEM(#3852,#94);
#3856= IFCSHAPEREPRESENTATION(#12,'Body','MappedRepresentation',(#3853,#3854,#3855));
#3857= IFCSHAPEREPRESENTATION(#12,'Axis','MappedRepresentation',(#101,#102,#103));
#3858= IFCPRODUCTDEFINITIONSHAPE($,$,(#3856,#3857));
#3859= IFCMECHANICALFASTENER('10uWYigIbEM9KXzu2qafRq',#44,'Bolt assembly',$,$,#3844,#3858,'ID40e208ac-a929-4e58-9521-f780b49296f4',16.,40.);
#3860= IFCLOCALPLACEMENT(#42,#10);
#3861= IFCELEMENTASSEMBLY('0d6DgPi3X8d9KbjX0$RPkl',#44,$,$,$,#3860,$,'A/193(?)',.NOTDEFINED.,.RIGID_FRAME.);
#3862= IFCCARTESIANPOINT((79289.011978492,19600.6851348436,52771.8273772359));
#3863= IFCDIRECTION((0.933948804799339,-0.33020083773209,-0.13677366988903));
#3864= IFCDIRECTION((0.357406813049059,0.862856181118436,0.357406744049163));
#3865= IFCAXIS2PLACEMENT3D(#3862,#3863,#3864);
#3866= IFCLOCALPLACEMENT(#3860,#3865);
#3867= IFCCARTESIANPOINT((-45.3293352284163,-125.64761581373,18.6012191157643));
#3868= IFCCARTESIANPOINT((-48.5765118292838,-125.647616091795,10.1159377414297));
#3869= IFCCARTESIANPOINT((-57.3772525391832,-117.841222375348,8.9602577144542));
#3870= IFCCARTESIANPOINT((-50.2103870436331,-121.318047033557,17.9602578285994));
#3871= IFCPOLYLOOP((#3867,#3868,#3869,#3870));
#3872= IFCFACEOUTERBOUND(#3871,.T.);
#3873= IFCFACE((#3872));
#3874= IFCCARTESIANPOINT((-48.1311817216847,-134.132897105665,21.1135876765984));
#3875= IFCCARTESIANPOINT((-59.2699310843309,-124.252653396667,19.6508891847188));
#3876= IFCPOLYLOOP((#3868,#3874,#3875,#3869));
#3877= IFCFACEOUTERBOUND(#3876,.T.);
#3878= IFCFACE((#3877));
#3879= IFCPOLYLOOP((#3874,#3867,#3870,#3875));
#3880= IFCFACEOUTERBOUND(#3879,.T.);
#3881= IFCFACE((#3880));
#3882= IFCPOLYLOOP((#3875,#3870,#3869));
#3883= IFCFACEOUTERBOUND(#3882,.T.);
#3884= IFCFACE((#3883));
#3885= IFCPOLYLOOP((#3874,#3868,#3867));
#3886= IFCFACEOUTERBOUND(#3885,.T.);
#3887= IFCFACE((#3886));
#3888= IFCCARTESIANPOINT((-45.1506318562824,-108.238819211103,16.0239729177119));
#3889= IFCCARTESIANPOINT((-49.9161810139121,-107.182040348045,10.709331200771));
#3890= IFCPOLYLOOP((#3888,#3889,#3525,#3524));
#3891= IFCFACEOUTERBOUND(#3890,.T.);
#3892= IFCFACE((#3891));
#3893= IFCCARTESIANPOINT((-51.3771218929542,-105.477322428596,18.4067474059048));
#3894= IFCPOLYLOOP((#3889,#3893,#3530,#3525));
#3895= IFCFACEOUTERBOUND(#3894,.T.);
#3896= IFCFACE((#3895));
#3897= IFCPOLYLOOP((#3893,#3888,#3524,#3530));
#3898= IFCFACEOUTERBOUND(#3897,.T.);
#3899= IFCFACE((#3898));
#3900= IFCCARTESIANPOINT((-54.5671167156615,-119.204489138232,12.4891676330444));
#3901= IFCPOLYLOOP((#3870,#3900,#3889,#3888));
#3902= IFCFACEOUTERBOUND(#3901,.T.);
#3903= IFCFACE((#3902));
#3904= IFCCARTESIANPOINT((-58.9766496035663,-125.121742087213,21.3149613987334));
#3905= IFCPOLYLOOP((#3900,#3904,#3893,#3889));
#3906= IFCFACEOUTERBOUND(#3905,.T.);
#3907= IFCFACE((#3906));
#3908= IFCPOLYLOOP((#3904,#3870,#3888,#3893));
#3909= IFCFACEOUTERBOUND(#3908,.T.);
#3910= IFCFACE((#3909));
#3911= IFCPOLYLOOP((#3904,#3900,#3870));
#3912= IFCFACEOUTERBOUND(#3911,.T.);
#3913= IFCFACE((#3912));
#3914= IFCCARTESIANPOINT((-35.3885282258343,-112.568388134729,12.2881777353396));
#3915= IFCCARTESIANPOINT((-35.3885282258343,-113.625167406062,5.14983937895886));
#3916= IFCCARTESIANPOINT((-40.039463927591,-125.647616196256,6.92967581124685));
#3917= IFCCARTESIANPOINT((-40.448283413185,-125.647615957183,14.224462646227));
#3918= IFCPOLYLOOP((#3914,#3915,#3916,#3917));
#3919= IFCFACEOUTERBOUND(#3918,.T.);
#3920= IFCFACE((#3919));
#3921= IFCCARTESIANPOINT((-29.1620381891626,-115.329884917242,9.9054032471031));
#3922= IFCCARTESIANPOINT((-36.7615658997893,-134.974304575917,12.8136172399172));
#3923= IFCPOLYLOOP((#3915,#3921,#3922,#3916));
#3924= IFCFACEOUTERBOUND(#3923,.T.);
#3925= IFCFACE((#3924));
#3926= IFCPOLYLOOP((#3921,#3914,#3917,#3922));
#3927= IFCFACEOUTERBOUND(#3926,.T.);
#3928= IFCFACE((#3927));
#3929= IFCPOLYLOOP((#3613,#3614,#3915,#3914));
#3930= IFCFACEOUTERBOUND(#3929,.T.);
#3931= IFCFACE((#3930));
#3932= IFCPOLYLOOP((#3614,#3618,#3921,#3915));
#3933= IFCFACEOUTERBOUND(#3932,.T.);
#3934= IFCFACE((#3933));
#3935= IFCPOLYLOOP((#3618,#3613,#3914,#3921));
#3936= IFCFACEOUTERBOUND(#3935,.T.);
#3937= IFCFACE((#3936));
#3938= IFCPOLYLOOP((#3922,#3917,#3916));
#3939= IFCFACEOUTERBOUND(#3938,.T.);
#3940= IFCFACE((#3939));
#3941= IFCCARTESIANPOINT((-39.7757711193844,-125.647616350456,2.22446264609607));
#3942= IFCPOLYLOOP((#3917,#3941,#3868,#3867));
#3943= IFCFACEOUTERBOUND(#3942,.T.);
#3944= IFCFACE((#3943));
#3945= IFCCARTESIANPOINT((-36.9924323590458,-134.132897433054,11.1256598321779));
#3946= IFCPOLYLOOP((#3941,#3945,#3874,#3868));
#3947= IFCFACEOUTERBOUND(#3946,.T.);
#3948= IFCFACE((#3947));
#3949= IFCPOLYLOOP((#3945,#3917,#3867,#3874));
#3950= IFCFACEOUTERBOUND(#3949,.T.);
#3951= IFCFACE((#3950));
#3952= IFCPOLYLOOP((#3874,#3867,#3868));
#3953= IFCFACEOUTERBOUND(#3952,.T.);
#3954= IFCFACE((#3953));
#3955= IFCPOLYLOOP((#3945,#3941,#3917));
#3956= IFCFACEOUTERBOUND(#3955,.T.);
#3957= IFCFACE((#3956));
#3958= IFCCLOSEDSHELL((#3873,#3878,#3881,#3884,#3887,#3529,#3534,#3537,#3892,#3896,#3899,#3903,#3907,#3910,#3563,#3913,#3572,#3577,#3580,#3584,#3588,#3591,#3594,#3597,#3920,#3925,#3928,#3931,#3934,#3937,#3628,#3632,#3635,#3940,#3641,#3944,#3948,#3951,#3954,#3957));
#3959= IFCFACETEDBREP(#3958);
#3960= IFCSHAPEREPRESENTATION(#12,'Body','Brep',(#3959));
#3961= IFCCARTESIANPOINT((-45.3293352284381,18.6012191150658,125.647615813861));
#3962= IFCCARTESIANPOINT((-50.2103870436404,17.9602578279591,121.318047033681));
#3963= IFCCARTESIANPOINT((-45.1506318562897,16.0239729171299,108.238819211219));
#3964= IFCCARTESIANPOINT((-35.3885282258852,12.2881777346774,112.568388134845));
#3965= IFCCARTESIANPOINT((-40.4482834132359,14.2244626455067,125.647615957314));
#3966= IFCPOLYLINE((#3961,#3962,#3963,#3665,#156,#197,#3666,#3667,#3964,#3965,#3961));
#3967= IFCSHAPEREPRESENTATION(#13,'Axis','GeometricCurveSet',(#3966));
#3968= IFCPRODUCTDEFINITIONSHAPE($,$,(#3960,#3967));
#3969= IFCFASTENER('0$8lgGXB517QQxn7P5kWri',#44,'Weld',$,$,#3866,#3968,'ID3f22fa90-84b1-411d-a6bb-c47645ba0d6c');
#3970= IFCPROPERTYSINGLEVALUE('WeldID',$,IFCINTEGER(115401810),$);
#3971= IFCPROPERTYSET('1b02rJA1v9Dul4jmeixQSt',#5,'AISC_EM11_Pset_Weld','WeldIdentity',(#305,#306,#307,#308,#3970,#310,#311,#312,#313,#314,#315,#316,#317,#318,#319,#320));
#3972= IFCCARTESIANPOINT((79289.0119704873,19500.6851348425,52771.8273772359));
#3973= IFCAXIS2PLACEMENT3D(#3972,#3863,#3864);
#3974= IFCLOCALPLACEMENT(#3860,#3973);
#3975= IFCSHAPEREPRESENTATION(#12,'Body','Brep',(#3959));
#3976= IFCSHAPEREPRESENTATION(#13,'Axis','GeometricCurveSet',(#3966));
#3977= IFCPRODUCTDEFINITIONSHAPE($,$,(#3975,#3976));
#3978= IFCFASTENER('25slPjy6z2feW4ig4tFKmf',#44,'Weld',$,$,#3974,#3977,'ID85daf66d-f06f-42a6-8804-b2a1373d4c29');
#3979= IFCPROPERTYSINGLEVALUE('WeldID',$,IFCINTEGER(115401765),$);
#3980= IFCPROPERTYSET('3oZvngyX59l8D0iLVdIjsD',#5,'AISC_EM11_Pset_Weld','WeldIdentity',(#305,#306,#307,#308,#3979,#310,#311,#312,#313,#314,#315,#316,#317,#318,#319,#320));
#3981= IFCCARTESIANPOINT((79300.184,19548.513,52714.998));
#3982= IFCAXIS2PLACEMENT3D(#3981,#7,#9);
#3983= IFCLOCALPLACEMENT(#3860,#3982);
#3984= IFCSHAPEREPRESENTATION(#12,'Body','Brep',(#3729));
#3985= IFCSHAPEREPRESENTATION(#13,'Axis','GeometricCurveSet',(#380,#3733));
#3986= IFCPRODUCTDEFINITIONSHAPE($,$,(#3984,#3985));
#3987= IFCFASTENER('36QmxRvfLBPfzgktTGQqp5',#44,'Weld',$,$,#3983,#3986,'IDc66b0edb-e695-4b66-9f6a-bb77506b4cc5');
#3988= IFCPROPERTYSINGLEVALUE('WeldID',$,IFCINTEGER(115401702),$);
#3989= IFCPROPERTYSET('0XzGIkeDj8KgFDkh2WOlNI',#5,'AISC_EM11_Pset_Weld','WeldIdentity',(#305,#306,#307,#308,#3988,#388,#311,#312,#389,#314,#390,#391,#317,#318,#319,#320));
#3990= IFCCARTESIANPOINT((79355.1835474731,19551.5128060373,52619.9981994629));
#3991= IFCDIRECTION((-0.999999999999997,8.00000016170086E-08,0.));
#3992= IFCAXIS2PLACEMENT3D(#3990,#9,#3991);
#3993= IFCLOCALPLACEMENT(#3860,#3992);
#3994= IFCSHAPEREPRESENTATION(#12,'Body','SweptSolid',(#400));
#3995= IFCPRODUCTDEFINITIONSHAPE($,$,(#3994));
#3996= IFCDISCRETEACCESSORY('38y0f8aDL4rgQbMxQHeZKG',#44,'Support section',$,$,#3993,#3995,'1050(?)');
#3997= IFCLOCALPLACEMENT(#3860,#3843);
#3998= IFCSHAPEREPRESENTATION(#12,'Body','MappedRepresentation',(#411,#412,#413));
#3999= IFCPRODUCTDEFINITIONSHAPE($,$,(#3998));
#4000= IFCOPENINGELEMENT('0mHSVuSBf2UQH68S8S14Up',#5,$,$,'Opening',#3997,#3999,$);
#4001= IFCRELVOIDSELEMENT('02KRCaEyLFhhVP_VNGv5ye',#5,'Drill Hole',$,#3996,#4000);
#4002= IFCCARTESIANPOINT((79032.1835515914,19603.5135825135,52644.9989501104));
#4003= IFCDIRECTION((-1.73299999732989E-06,0.,0.999999999998498));
#4004= IFCDIRECTION((0.999999999998495,-7.99999994711993E-08,1.73300000382399E-06));
#4005= IFCAXIS2PLACEMENT3D(#4002,#4003,#4004);
#4006= IFCLOCALPLACEMENT(#3860,#4005);
#4007= IFCSHAPEREPRESENTATION(#12,'Body','Brep',(#676));
#4008= IFCPRODUCTDEFINITIONSHAPE($,$,(#4007));
#4009= IFCDISCRETEACCESSORY('1IJz6QharDWwjqoDXAqQaj',#44,'Support section',$,$,#4006,#4008,'1497(?)');
#4010= IFCCARTESIANPOINT((79032.1835435868,19503.5135825124,52644.9989501104));
#4011= IFCAXIS2PLACEMENT3D(#4010,#4003,#4004);
#4012= IFCLOCALPLACEMENT(#3860,#4011);
#4013= IFCSHAPEREPRESENTATION(#12,'Body','Brep',(#676));
#4014= IFCPRODUCTDEFINITIONSHAPE($,$,(#4013));
#4015= IFCDISCRETEACCESSORY('1as7QHH4f8xvpaXG4jrqHB',#44,'Support section',$,$,#4012,#4014,'1497(?)');
#4016= IFCCARTESIANPOINT((79295.1835479616,19557.6128107394,52594.9981994629));
#4017= IFCAXIS2PLACEMENT3D(#4016,#9,#332);
#4018= IFCLOCALPLACEMENT(#3860,#4017);
#4019= IFCSHAPEREPRESENTATION(#12,'Body','SweptSolid',(#696));
#4020= IFCPRODUCTDEFINITIONSHAPE($,$,(#4019));
#4021= IFCCOLUMN('3kDYXMxw9BgPfwwqaqgNJ_',#44,'main piece','PL10*200','PL10*200',#4018,#4020,'1496(?)');
#4022= IFCLOCALPLACEMENT(#42,#10);
#4023= IFCELEMENTASSEMBLY('2kWez5Un19wxWLVRsIVv4Z',#44,'BEAM',$,$,#4022,$,'B/613(?)',.NOTDEFINED.,.RIGID_FRAME.);
#4024= IFCCARTESIANPOINT((79310.1824587564,5942.54855413441,52834.9981994629));
#4025= IFCAXIS2PLACEMENT3D(#4024,#7,#57);
#4026= IFCLOCALPLACEMENT(#4022,#4025);
#4027= IFCCARTESIANPOINT((0.,3.30059633924951,0.));
#4028= IFCAXIS2PLACEMENT3D(#4027,#8,#7);
#4029= IFCEXTRUDEDAREASOLID(#78,#4028,#9,8.);
#4030= IFCCARTESIANPOINT((0.,11.3005963392495,0.));
#4031= IFCAXIS2PLACEMENT3D(#4030,#8,#7);
#4032= IFCEXTRUDEDAREASOLID(#67,#4031,#9,13.);
#4033= IFCSHAPEREPRESENTATION(#12,'Body','SweptSolid',(#70,#77,#4029,#4032));
#4034= IFCREPRESENTATIONMAP(#10,#4033);
#4035= IFCMAPPEDITEM(#4034,#86);
#4036= IFCMAPPEDITEM(#4034,#91);
#4037= IFCMAPPEDITEM(#4034,#94);
#4038= IFCSHAPEREPRESENTATION(#12,'Body','MappedRepresentation',(#4035,#4036,#4037));
#4039= IFCSHAPEREPRESENTATION(#12,'Axis','MappedRepresentation',(#101,#102,#103));
#4040= IFCPRODUCTDEFINITIONSHAPE($,$,(#4038,#4039));
#4041= IFCMECHANICALFASTENER('1vQP43t7P3swO62kGLvv14',#44,'Bolt assembly',$,$,#4026,#4040,'ID79699103-dc76-43db-a606-0ae415e79044',16.,40.);
#4042= IFCLOCALPLACEMENT(#42,#10);
#4043= IFCELEMENTASSEMBLY('1NlA$UClv9CuBpZzgKC1Pk',#44,$,$,$,#4042,$,'A/193(?)',.NOTDEFINED.,.RIGID_FRAME.);
#4044= IFCCARTESIANPOINT((79289.0108892864,5985.62087943891,52771.8273772359));
#4045= IFCAXIS2PLACEMENT3D(#4044,#3863,#3864);
#4046= IFCLOCALPLACEMENT(#4042,#4045);
#4047= IFCSHAPEREPRESENTATION(#12,'Body','Brep',(#3959));
#4048= IFCSHAPEREPRESENTATION(#13,'Axis','GeometricCurveSet',(#3966));
#4049= IFCPRODUCTDEFINITIONSHAPE($,$,(#4047,#4048));
#4050= IFCFASTENER('2iNLACJavBBepsYMMQYQEP',#44,'Weld',$,$,#4046,#4049,'IDac5d528c-4e4e-4b2e-8cf6-89659a89a399');
#4051= IFCPROPERTYSINGLEVALUE('WeldID',$,IFCINTEGER(115401415),$);
#4052= IFCPROPERTYSET('0ZWZnr_mj5AASeNPQE$4pn',#5,'AISC_EM11_Pset_Weld','WeldIdentity',(#305,#306,#307,#308,#4051,#310,#311,#312,#313,#314,#315,#316,#317,#318,#319,#320));
#4053= IFCCARTESIANPOINT((79289.0108812822,5885.62087943781,52771.8273772359));
#4054= IFCAXIS2PLACEMENT3D(#4053,#3863,#3864);
#4055= IFCLOCALPLACEMENT(#4042,#4054);
#4056= IFCSHAPEREPRESENTATION(#12,'Body','Brep',(#3959));
#4057= IFCSHAPEREPRESENTATION(#13,'Axis','GeometricCurveSet',(#3966));
#4058= IFCPRODUCTDEFINITIONSHAPE($,$,(#4056,#4057));
#4059= IFCFASTENER('1NhlxKvyP1QudcwyfzPdCn',#44,'Weld',$,$,#4055,#4058,'ID57aefed4-e7c6-416b-89e6-ebca7d667331');
#4060= IFCPROPERTYSINGLEVALUE('WeldID',$,IFCINTEGER(115401370),$);
#4061= IFCPROPERTYSET('20$9pPcff5Bf9HfpiAYrTp',#5,'AISC_EM11_Pset_Weld','WeldIdentity',(#305,#306,#307,#308,#4060,#310,#311,#312,#313,#314,#315,#316,#317,#318,#319,#320));
#4062= IFCCARTESIANPOINT((79300.182,5933.449,52714.998));
#4063= IFCAXIS2PLACEMENT3D(#4062,#7,#9);
#4064= IFCLOCALPLACEMENT(#4042,#4063);
#4065= IFCSHAPEREPRESENTATION(#12,'Body','Brep',(#3729));
#4066= IFCSHAPEREPRESENTATION(#13,'Axis','GeometricCurveSet',(#380,#3733));
#4067= IFCPRODUCTDEFINITIONSHAPE($,$,(#4065,#4066));
#4068= IFCFASTENER('3fw6N42If1sx7qn8zn5iJj',#44,'Weld',$,$,#4064,#4067,'IDe9e865c4-092a-41db-b1f4-c48f7116c4ed');
#4069= IFCPROPERTYSINGLEVALUE('WeldID',$,IFCINTEGER(115401307),$);
#4070= IFCPROPERTYSET('0kwR6M3Hb9VhsbGKM7e$qt',#5,'AISC_EM11_Pset_Weld','WeldIdentity',(#305,#306,#307,#308,#4069,#388,#311,#312,#389,#314,#390,#391,#317,#318,#319,#320));
#4071= IFCCARTESIANPOINT((79355.182458268,5936.44855063147,52619.9981994629));
#4072= IFCAXIS2PLACEMENT3D(#4071,#9,#3991);
#4073= IFCLOCALPLACEMENT(#4042,#4072);
#4074= IFCSHAPEREPRESENTATION(#12,'Body','SweptSolid',(#400));
#4075= IFCPRODUCTDEFINITIONSHAPE($,$,(#4074));
#4076= IFCDISCRETEACCESSORY('3TeQWwi4f2EQiFUHemZFQP',#44,'Support section',$,$,#4073,#4075,'1050(?)');
#4077= IFCLOCALPLACEMENT(#4042,#4025);
#4078= IFCSHAPEREPRESENTATION(#12,'Body','MappedRepresentation',(#411,#412,#413));
#4079= IFCPRODUCTDEFINITIONSHAPE($,$,(#4078));
#4080= IFCOPENINGELEMENT('3Y2SgqR351TgIv4y5GvYYX',#5,$,$,'Opening',#4077,#4079,$);
#4081= IFCRELVOIDSELEMENT('3HOZzKUIv6mxKRyWqN1ozF',#5,'Drill Hole',$,#4076,#4080);
#4082= IFCCARTESIANPOINT((79032.1824623861,5988.44932710916,52644.9989501104));
#4083= IFCAXIS2PLACEMENT3D(#4082,#4003,#4004);
#4084= IFCLOCALPLACEMENT(#4042,#4083);
#4085= IFCSHAPEREPRESENTATION(#12,'Body','Brep',(#676));
#4086= IFCPRODUCTDEFINITIONSHAPE($,$,(#4085));
#4087= IFCDISCRETEACCESSORY('08ohzUxBfCjg8Byg1PJU8c',#44,'Support section',$,$,#4084,#4086,'1497(?)');
#4088= IFCCARTESIANPOINT((79032.1824543818,5888.44932710807,52644.9989501104));
#4089= IFCAXIS2PLACEMENT3D(#4088,#4003,#4004);
#4090= IFCLOCALPLACEMENT(#4042,#4089);
#4091= IFCSHAPEREPRESENTATION(#12,'Body','Brep',(#676));
#4092= IFCPRODUCTDEFINITIONSHAPE($,$,(#4091));
#4093= IFCDISCRETEACCESSORY('16IWbz8if7_8BdVocjrcgZ',#44,'Support section',$,$,#4090,#4092,'1497(?)');
#4094= IFCCARTESIANPOINT((79295.1824587564,5942.54855533394,52594.9981994629));
#4095= IFCAXIS2PLACEMENT3D(#4094,#9,#332);
#4096= IFCLOCALPLACEMENT(#4042,#4095);
#4097= IFCSHAPEREPRESENTATION(#12,'Body','SweptSolid',(#696));
#4098= IFCPRODUCTDEFINITIONSHAPE($,$,(#4097));
#4099= IFCCOLUMN('2$Q1s4Ot15ewVXSaNhW4ZF',#44,'main piece','PL10*200','PL10*200',#4096,#4098,'1496(?)');
#4100= IFCLOCALPLACEMENT(#42,#10);
#4101= IFCELEMENTASSEMBLY('11u0ajYIjEDvhWLUaeed$l',#44,'BEAM',$,$,#4100,$,'B/613(?)',.NOTDEFINED.,.RIGID_FRAME.);
#4102= IFCCARTESIANPOINT((22689.9977093555,5942.7230464847,52834.9981994629));
#4103= IFCAXIS2PLACEMENT3D(#4102,#3991,#57);
#4104= IFCLOCALPLACEMENT(#4100,#4103);
#4105= IFCCARTESIANPOINT((0.,4.40351425744801,0.));
#4106= IFCAXIS2PLACEMENT3D(#4105,#8,#7);
#4107= IFCEXTRUDEDAREASOLID(#78,#4106,#9,8.);
#4108= IFCCARTESIANPOINT((0.,12.403514257448,0.));
#4109= IFCAXIS2PLACEMENT3D(#4108,#8,#7);
#4110= IFCEXTRUDEDAREASOLID(#67,#4109,#9,13.);
#4111= IFCSHAPEREPRESENTATION(#12,'Body','SweptSolid',(#70,#77,#4107,#4110));
#4112= IFCREPRESENTATIONMAP(#10,#4111);
#4113= IFCMAPPEDITEM(#4112,#86);
#4114= IFCMAPPEDITEM(#4112,#91);
#4115= IFCMAPPEDITEM(#4112,#94);
#4116= IFCSHAPEREPRESENTATION(#12,'Body','MappedRepresentation',(#4113,#4114,#4115));
#4117= IFCSHAPEREPRESENTATION(#12,'Axis','MappedRepresentation',(#101,#102,#103));
#4118= IFCPRODUCTDEFINITIONSHAPE($,$,(#4116,#4117));
#4119= IFCMECHANICALFASTENER('2leexiMeH6ue8ycFS2$lAX',#44,'Bolt assembly',$,$,#4104,#4118,'IDafa28eec-5a84-46e2-823c-98f702fef2a1',16.,40.);
#4120= IFCLOCALPLACEMENT(#42,#10);
#4121= IFCELEMENTASSEMBLY('1LjkovRVH5PRCkDhOaumeV',#44,$,$,$,#4120,$,'A/193(?)',.NOTDEFINED.,.RIGID_FRAME.);
#4122= IFCCARTESIANPOINT((22711.1692787837,5899.65072115278,52771.8273772368));
#4123= IFCDIRECTION((-0.933948804465492,0.330200838684511,-0.136773669869326));
#4124= IFCDIRECTION((-0.357406813921444,-0.862856180810151,0.357406743921043));
#4125= IFCAXIS2PLACEMENT3D(#4122,#4123,#4124);
#4126= IFCLOCALPLACEMENT(#4120,#4125);
#4127= IFCSHAPEREPRESENTATION(#12,'Body','Brep',(#3959));
#4128= IFCSHAPEREPRESENTATION(#13,'Axis','GeometricCurveSet',(#3966));
#4129= IFCPRODUCTDEFINITIONSHAPE($,$,(#4127,#4128));
#4130= IFCFASTENER('2y$vrmQCfDnOpxY9d4tvZn',#44,'Weld',$,$,#4126,#4129,'IDbcff9d70-68ca-4dc5-8cfb-8899c4df98f1');
#4131= IFCPROPERTYSINGLEVALUE('WeldID',$,IFCINTEGER(115401020),$);
#4132= IFCPROPERTYSET('3zGVBrWQP9zhy3dqlrR0Y7',#5,'AISC_EM11_Pset_Weld','WeldIdentity',(#305,#306,#307,#308,#4131,#310,#311,#312,#313,#314,#315,#316,#317,#318,#319,#320));
#4133= IFCCARTESIANPOINT((22711.1692868848,5999.65072115386,52771.8273772368));
#4134= IFCAXIS2PLACEMENT3D(#4133,#4123,#4124);
#4135= IFCLOCALPLACEMENT(#4120,#4134);
#4136= IFCSHAPEREPRESENTATION(#12,'Body','Brep',(#3959));
#4137= IFCSHAPEREPRESENTATION(#13,'Axis','GeometricCurveSet',(#3966));
#4138= IFCPRODUCTDEFINITIONSHAPE($,$,(#4136,#4137));
#4139= IFCFASTENER('3ss7Es8Q93ghyORK24OSxJ',#44,'Weld',$,$,#4135,#4138,'IDf6d873b6-21a2-43aa-bf18-6d408461ced3');
#4140= IFCPROPERTYSINGLEVALUE('WeldID',$,IFCINTEGER(115400975),$);
#4141= IFCPROPERTYSET('1d4BpLVhL9JuKZqhgZ1qCb',#5,'AISC_EM11_Pset_Weld','WeldIdentity',(#305,#306,#307,#308,#4140,#310,#311,#312,#313,#314,#315,#316,#317,#318,#319,#320));
#4142= IFCCARTESIANPOINT((22699.998,5951.823,52714.998));
#4143= IFCAXIS2PLACEMENT3D(#4142,#3991,#9);
#4144= IFCLOCALPLACEMENT(#4120,#4143);
#4145= IFCSHAPEREPRESENTATION(#12,'Body','Brep',(#3729));
#4146= IFCSHAPEREPRESENTATION(#13,'Axis','GeometricCurveSet',(#380,#3733));
#4147= IFCPRODUCTDEFINITIONSHAPE($,$,(#4145,#4146));
#4148= IFCFASTENER('3OkoVCEf10LATqLmJ82yXe',#44,'Weld',$,$,#4144,#4147,'IDd8bb27cc-3a90-4054-a774-5704c80bc868');
#4149= IFCPROPERTYSINGLEVALUE('WeldID',$,IFCINTEGER(115400912),$);
#4150= IFCPROPERTYSET('00OForPb95U8Y_kBxCAzaL',#5,'AISC_EM11_Pset_Weld','WeldIdentity',(#305,#306,#307,#308,#4149,#388,#311,#312,#389,#314,#390,#391,#317,#318,#319,#320));
#4151= IFCCARTESIANPOINT((22644.9977098498,5948.82305003377,52619.9981994629));
#4152= IFCAXIS2PLACEMENT3D(#4151,#9,#7);
#4153= IFCLOCALPLACEMENT(#4120,#4152);
#4154= IFCSHAPEREPRESENTATION(#12,'Body','SweptSolid',(#400));
#4155= IFCPRODUCTDEFINITIONSHAPE($,$,(#4154));
#4156= IFCDISCRETEACCESSORY('2b_gNxml98fBk$LouvlDlB',#44,'Support section',$,$,#4153,#4155,'1050(?)');
#4157= IFCLOCALPLACEMENT(#4120,#4103);
#4158= IFCSHAPEREPRESENTATION(#12,'Body','MappedRepresentation',(#411,#412,#413));
#4159= IFCPRODUCTDEFINITIONSHAPE($,$,(#4158));
#4160= IFCOPENINGELEMENT('0DOinjRSz18REaH9XUkAFn',#5,$,$,'Opening',#4157,#4159,$);
#4161= IFCRELVOIDSELEMENT('0Tzb1Rq4DCAvkGP1eSYO2v',#5,'Drill Hole',$,#4156,#4160);
#4162= IFCCARTESIANPOINT((22967.9977056814,5896.822273225,52644.9989501104));
#4163= IFCDIRECTION((1.73300000460585E-06,0.,0.999999999998498));
#4164= IFCDIRECTION((-0.999999999998495,8.10000009197454E-08,1.73300000382399E-06));
#4165= IFCAXIS2PLACEMENT3D(#4162,#4163,#4164);
#4166= IFCLOCALPLACEMENT(#4120,#4165);
#4167= IFCSHAPEREPRESENTATION(#12,'Body','Brep',(#676));
#4168= IFCPRODUCTDEFINITIONSHAPE($,$,(#4167));
#4169= IFCDISCRETEACCESSORY('2ou594k853hA3ifs5IJ8TN',#44,'Support section',$,$,#4166,#4168,'1497(?)');
#4170= IFCCARTESIANPOINT((22967.9977137825,5996.82227322608,52644.9989501104));
#4171= IFCAXIS2PLACEMENT3D(#4170,#4163,#4164);
#4172= IFCLOCALPLACEMENT(#4120,#4171);
#4173= IFCSHAPEREPRESENTATION(#12,'Body','Brep',(#676));
#4174= IFCPRODUCTDEFINITIONSHAPE($,$,(#4173));
#4175= IFCDISCRETEACCESSORY('0aHUFmUFjE5RKQwl8JTtFT',#44,'Support section',$,$,#4172,#4174,'1497(?)');
#4176= IFCCARTESIANPOINT((22704.9977093555,5942.7230452698,52594.9981994629));
#4177= IFCAXIS2PLACEMENT3D(#4176,#9,#8);
#4178= IFCLOCALPLACEMENT(#4120,#4177);
#4179= IFCSHAPEREPRESENTATION(#12,'Body','SweptSolid',(#696));
#4180= IFCPRODUCTDEFINITIONSHAPE($,$,(#4179));
#4181= IFCCOLUMN('0Ac3ijDc9EtQbJFQUfC6UU',#44,'main piece','PL10*200','PL10*200',#4178,#4180,'1496(?)');
#4182= IFCCARTESIANPOINT((65865.3027171319,510.093570485333,52834.9981994629));
#4183= IFCAXIS2PLACEMENT3D(#4182,#3478,#57);
#4184= IFCLOCALPLACEMENT(#45,#4183);
#4185= IFCCARTESIANPOINT((0.,3.29877465493198,0.));
#4186= IFCAXIS2PLACEMENT3D(#4185,#8,#7);
#4187= IFCEXTRUDEDAREASOLID(#78,#4186,#9,8.);
#4188= IFCCARTESIANPOINT((0.,11.298774654932,0.));
#4189= IFCAXIS2PLACEMENT3D(#4188,#8,#7);
#4190= IFCEXTRUDEDAREASOLID(#67,#4189,#9,13.);
#4191= IFCSHAPEREPRESENTATION(#12,'Body','SweptSolid',(#70,#77,#4187,#4190));
#4192= IFCREPRESENTATIONMAP(#10,#4191);
#4193= IFCMAPPEDITEM(#4192,#86);
#4194= IFCMAPPEDITEM(#4192,#91);
#4195= IFCMAPPEDITEM(#4192,#94);
#4196= IFCSHAPEREPRESENTATION(#12,'Body','MappedRepresentation',(#4193,#4194,#4195));
#4197= IFCSHAPEREPRESENTATION(#12,'Axis','MappedRepresentation',(#101,#102,#103));
#4198= IFCPRODUCTDEFINITIONSHAPE($,$,(#4196,#4197));
#4199= IFCMECHANICALFASTENER('26LYAuERvAfQaCFNUw1Uq7',#44,'Bolt assembly',$,$,#4184,#4198,'ID865622b8-39be-4aa5-a90c-3d77ba05ed07',16.,40.);
#4200= IFCLOCALPLACEMENT(#42,#10);
#4201= IFCELEMENTASSEMBLY('3UHQGQUz5DdRR8WfQDPdmn',#44,$,$,$,#4200,$,'A/193(?)',.NOTDEFINED.,.RIGID_FRAME.);
#4202= IFCCARTESIANPOINT((65822.2304398342,488.921903324255,52771.8273772365));
#4203= IFCAXIS2PLACEMENT3D(#4202,#3499,#3500);
#4204= IFCLOCALPLACEMENT(#4200,#4203);
#4205= IFCSHAPEREPRESENTATION(#12,'Body','Brep',(#3660));
#4206= IFCSHAPEREPRESENTATION(#13,'Axis','GeometricCurveSet',(#3670));
#4207= IFCPRODUCTDEFINITIONSHAPE($,$,(#4205,#4206));
#4208= IFCFASTENER('0r660vca1C$Qh1ye8P52cF',#44,'Weld',$,$,#4204,#4207,'ID35186039-9a40-4cfd-aac1-f2821914298f');
#4209= IFCPROPERTYSINGLEVALUE('WeldID',$,IFCINTEGER(115400629),$);
#4210= IFCPROPERTYSET('0cM_KHtTf9bRCoz6YPgdly',#5,'AISC_EM11_Pset_Weld','WeldIdentity',(#305,#306,#307,#308,#4209,#310,#311,#312,#313,#314,#315,#316,#317,#318,#319,#320));
#4211= IFCCARTESIANPOINT((65922.2304398371,488.922122124414,52771.8273772364));
#4212= IFCAXIS2PLACEMENT3D(#4211,#3499,#3500);
#4213= IFCLOCALPLACEMENT(#4200,#4212);
#4214= IFCSHAPEREPRESENTATION(#12,'Body','Brep',(#3660));
#4215= IFCSHAPEREPRESENTATION(#13,'Axis','GeometricCurveSet',(#3670));
#4216= IFCPRODUCTDEFINITIONSHAPE($,$,(#4214,#4215));
#4217= IFCFASTENER('1cSl8m7G5Fue4jFQRA7cAr',#44,'Weld',$,$,#4213,#4216,'ID6672f230-1d01-4fe2-812d-3da6ca1e62b5');
#4218= IFCPROPERTYSINGLEVALUE('WeldID',$,IFCINTEGER(115400584),$);
#4219= IFCPROPERTYSET('15zXnnfo5CCAx4gJSu8yZ4',#5,'AISC_EM11_Pset_Weld','WeldIdentity',(#305,#306,#307,#308,#4218,#310,#311,#312,#313,#314,#315,#316,#317,#318,#319,#320));
#4220= IFCCARTESIANPOINT((65874.403,500.094,52714.998));
#4221= IFCAXIS2PLACEMENT3D(#4220,#8,#9);
#4222= IFCLOCALPLACEMENT(#4200,#4221);
#4223= IFCSHAPEREPRESENTATION(#12,'Body','Brep',(#3729));
#4224= IFCSHAPEREPRESENTATION(#13,'Axis','GeometricCurveSet',(#380,#3733));
#4225= IFCPRODUCTDEFINITIONSHAPE($,$,(#4223,#4224));
#4226= IFCFASTENER('078lr6OJb3KOGhpXZaVV3i',#44,'Weld',$,$,#4222,#4225,'ID0722fd46-6139-4351-842b-ce18e47df0ec');
#4227= IFCPROPERTYSINGLEVALUE('WeldID',$,IFCINTEGER(115400521),$);
#4228= IFCPROPERTYSET('1LGM4wM4L0J9mJSF7i7qtR',#5,'AISC_EM11_Pset_Weld','WeldIdentity',(#305,#306,#307,#308,#4227,#388,#311,#312,#389,#314,#390,#391,#317,#318,#319,#320));
#4229= IFCCARTESIANPOINT((65871.4026185767,555.093583831866,52619.9981994629));
#4230= IFCAXIS2PLACEMENT3D(#4229,#9,#3740);
#4231= IFCLOCALPLACEMENT(#4200,#4230);
#4232= IFCSHAPEREPRESENTATION(#12,'Body','SweptSolid',(#400));
#4233= IFCPRODUCTDEFINITIONSHAPE($,$,(#4232));
#4234= IFCDISCRETEACCESSORY('2YGR58$ULAvhvROMD0eS8k',#44,'Support section',$,$,#4231,#4233,'1050(?)');
#4235= IFCLOCALPLACEMENT(#4200,#4183);
#4236= IFCSHAPEREPRESENTATION(#12,'Body','MappedRepresentation',(#411,#412,#413));
#4237= IFCPRODUCTDEFINITIONSHAPE($,$,(#4236));
#4238= IFCOPENINGELEMENT('2hybe3BAH7RhP8o4cx1Zw$',#5,$,$,'Opening',#4235,#4237,$);
#4239= IFCRELVOIDSELEMENT('3okWenL6L6yQIGjhmzJq2d',#5,'Drill Hole',$,#4234,#4238);
#4240= IFCCARTESIANPOINT((65819.4025746488,232.093470010754,52644.9989501104));
#4241= IFCAXIS2PLACEMENT3D(#4240,#1333,#3752);
#4242= IFCLOCALPLACEMENT(#4200,#4241);
#4243= IFCSHAPEREPRESENTATION(#12,'Body','Brep',(#676));
#4244= IFCPRODUCTDEFINITIONSHAPE($,$,(#4243));
#4245= IFCDISCRETEACCESSORY('3RGrbLlWv32flIYsGkwnBv',#44,'Support section',$,$,#4242,#4244,'1497(?)');
#4246= IFCCARTESIANPOINT((65919.4025746518,232.093688810914,52644.9989501104));
#4247= IFCAXIS2PLACEMENT3D(#4246,#1333,#3752);
#4248= IFCLOCALPLACEMENT(#4200,#4247);
#4249= IFCSHAPEREPRESENTATION(#12,'Body','Brep',(#676));
#4250= IFCPRODUCTDEFINITIONSHAPE($,$,(#4249));
#4251= IFCDISCRETEACCESSORY('1aQW8zWIDD2vZ$G7MTOYJJ',#44,'Support section',$,$,#4248,#4250,'1497(?)');
#4252= IFCCARTESIANPOINT((65865.3027499517,495.093570485409,52594.9981994629));
#4253= IFCAXIS2PLACEMENT3D(#4252,#9,#3765);
#4254= IFCLOCALPLACEMENT(#4200,#4253);
#4255= IFCSHAPEREPRESENTATION(#12,'Body','SweptSolid',(#696));
#4256= IFCPRODUCTDEFINITIONSHAPE($,$,(#4255));
#4257= IFCCOLUMN('3DIKxSxVL9bvFnom$JEbrk',#44,'main piece','PL10*200','PL10*200',#4254,#4256,'1496(?)');
#4258= IFCCARTESIANPOINT((63750.0836009209,510.088942385907,52834.9981994629));
#4259= IFCAXIS2PLACEMENT3D(#4258,#3478,#57);
#4260= IFCLOCALPLACEMENT(#707,#4259);
#4261= IFCSHAPEREPRESENTATION(#12,'Body','MappedRepresentation',(#4193,#4194,#4195));
#4262= IFCSHAPEREPRESENTATION(#12,'Axis','MappedRepresentation',(#101,#102,#103));
#4263= IFCPRODUCTDEFINITIONSHAPE($,$,(#4261,#4262));
#4264= IFCMECHANICALFASTENER('0ZrwPKfN9Bs9eicuJ6pJzP',#44,'Bolt assembly',$,$,#4260,#4263,'ID23d7a654-a572-4bd8-9a2c-9b84c6cd3f59',16.,40.);
#4265= IFCLOCALPLACEMENT(#42,#10);
#4266= IFCELEMENTASSEMBLY('1ZQJnDq050rQBtgLzHLCxw',#44,$,$,$,#4265,$,'A/193(?)',.NOTDEFINED.,.RIGID_FRAME.);
#4267= IFCCARTESIANPOINT((63707.0113236232,488.917275224844,52771.8273772365));
#4268= IFCAXIS2PLACEMENT3D(#4267,#3499,#3500);
#4269= IFCLOCALPLACEMENT(#4265,#4268);
#4270= IFCSHAPEREPRESENTATION(#12,'Body','Brep',(#3660));
#4271= IFCSHAPEREPRESENTATION(#13,'Axis','GeometricCurveSet',(#3670));
#4272= IFCPRODUCTDEFINITIONSHAPE($,$,(#4270,#4271));
#4273= IFCFASTENER('3Z12inkqD1E8XLakz4BRrd',#44,'Weld',$,$,#4269,#4272,'IDe3042b31-bb43-4138-8855-92ef442dbd67');
#4274= IFCPROPERTYSINGLEVALUE('WeldID',$,IFCINTEGER(115400238),$);
#4275= IFCPROPERTYSET('0lVPafAan9KukAOaWqqvPk',#5,'AISC_EM11_Pset_Weld','WeldIdentity',(#305,#306,#307,#308,#4274,#310,#311,#312,#313,#314,#315,#316,#317,#318,#319,#320));
#4276= IFCCARTESIANPOINT((63807.0113236262,488.917494025003,52771.8273772365));
#4277= IFCAXIS2PLACEMENT3D(#4276,#3499,#3500);
#4278= IFCLOCALPLACEMENT(#4265,#4277);
#4279= IFCSHAPEREPRESENTATION(#12,'Body','Brep',(#3660));
#4280= IFCSHAPEREPRESENTATION(#13,'Axis','GeometricCurveSet',(#3670));
#4281= IFCPRODUCTDEFINITIONSHAPE($,$,(#4279,#4280));
#4282= IFCFASTENER('2lLBMHOwL8rRmRUZ0Hv5s0',#44,'Weld',$,$,#4278,#4281,'IDaf54b591-63a5-48d5-bc1b-7a3011e45d80');
#4283= IFCPROPERTYSINGLEVALUE('WeldID',$,IFCINTEGER(115400193),$);
#4284= IFCPROPERTYSET('0wdwJhF1bCWwrdatJozRuQ',#5,'AISC_EM11_Pset_Weld','WeldIdentity',(#305,#306,#307,#308,#4283,#310,#311,#312,#313,#314,#315,#316,#317,#318,#319,#320));
#4285= IFCCARTESIANPOINT((63759.184,500.089,52714.998));
#4286= IFCAXIS2PLACEMENT3D(#4285,#8,#9);
#4287= IFCLOCALPLACEMENT(#4265,#4286);
#4288= IFCSHAPEREPRESENTATION(#12,'Body','Brep',(#3729));
#4289= IFCSHAPEREPRESENTATION(#13,'Axis','GeometricCurveSet',(#380,#3733));
#4290= IFCPRODUCTDEFINITIONSHAPE($,$,(#4288,#4289));
#4291= IFCFASTENER('2DZouHOV53nvk2sVbO1kxI',#44,'Weld',$,$,#4287,#4290,'ID8d8f2e11-61f1-43c7-9b82-d9f95806eed2');
#4292= IFCPROPERTYSINGLEVALUE('WeldID',$,IFCINTEGER(115400130),$);
#4293= IFCPROPERTYSET('3kGNeD_PHEAfaPZi6yeYE4',#5,'AISC_EM11_Pset_Weld','WeldIdentity',(#305,#306,#307,#308,#4292,#388,#311,#312,#389,#314,#390,#391,#317,#318,#319,#320));
#4294= IFCCARTESIANPOINT((63756.1835023658,555.088955732439,52619.9981994629));
#4295= IFCAXIS2PLACEMENT3D(#4294,#9,#3740);
#4296= IFCLOCALPLACEMENT(#4265,#4295);
#4297= IFCSHAPEREPRESENTATION(#12,'Body','SweptSolid',(#400));
#4298= IFCPRODUCTDEFINITIONSHAPE($,$,(#4297));
#4299= IFCDISCRETEACCESSORY('3Bhc2_t1XBtR4apNU20grc',#44,'Support section',$,$,#4296,#4298,'1050(?)');
#4300= IFCLOCALPLACEMENT(#4265,#4259);
#4301= IFCSHAPEREPRESENTATION(#12,'Body','MappedRepresentation',(#411,#412,#413));
#4302= IFCPRODUCTDEFINITIONSHAPE($,$,(#4301));
#4303= IFCOPENINGELEMENT('0ROhMq54jBcPVoXNiCVgSX',#5,$,$,'Opening',#4300,#4302,$);
#4304= IFCRELVOIDSELEMENT('2yFoGdxvH7$9PA3xlAtP8w',#5,'Drill Hole',$,#4299,#4303);
#4305= IFCCARTESIANPOINT((63704.1834584379,232.088841911328,52644.9989501104));
#4306= IFCAXIS2PLACEMENT3D(#4305,#1333,#3752);
#4307= IFCLOCALPLACEMENT(#4265,#4306);
#4308= IFCSHAPEREPRESENTATION(#12,'Body','Brep',(#676));
#4309= IFCPRODUCTDEFINITIONSHAPE($,$,(#4308));
#4310= IFCDISCRETEACCESSORY('1V5ftYZTf4vA5mzMHvrx38',#44,'Support section',$,$,#4307,#4309,'1497(?)');
#4311= IFCCARTESIANPOINT((63804.1834584408,232.089060711488,52644.9989501104));
#4312= IFCAXIS2PLACEMENT3D(#4311,#1333,#3752);
#4313= IFCLOCALPLACEMENT(#4265,#4312);
#4314= IFCSHAPEREPRESENTATION(#12,'Body','Brep',(#676));
#4315= IFCPRODUCTDEFINITIONSHAPE($,$,(#4314));
#4316= IFCDISCRETEACCESSORY('1k_imI0MD3wAipoR$cUp2R',#44,'Support section',$,$,#4313,#4315,'1497(?)');
#4317= IFCCARTESIANPOINT((63750.0836337408,495.088942385984,52594.9981994629));
#4318= IFCAXIS2PLACEMENT3D(#4317,#9,#3765);
#4319= IFCLOCALPLACEMENT(#4265,#4318);
#4320= IFCSHAPEREPRESENTATION(#12,'Body','SweptSolid',(#696));
#4321= IFCPRODUCTDEFINITIONSHAPE($,$,(#4320));
#4322= IFCCOLUMN('3XSP6dS2LDKBouCcOLNEb2',#44,'main piece','PL10*200','PL10*200',#4319,#4321,'1496(?)');
#4323= IFCCARTESIANPOINT((61625.0825328057,510.08429288357,52834.9981994629));
#4324= IFCAXIS2PLACEMENT3D(#4323,#3478,#57);
#4325= IFCLOCALPLACEMENT(#821,#4324);
#4326= IFCSHAPEREPRESENTATION(#12,'Body','MappedRepresentation',(#4193,#4194,#4195));
#4327= IFCSHAPEREPRESENTATION(#12,'Axis','MappedRepresentation',(#101,#102,#103));
#4328= IFCPRODUCTDEFINITIONSHAPE($,$,(#4326,#4327));
#4329= IFCMECHANICALFASTENER('1mENhlf$r5eez8kVPyJTfg',#44,'Bolt assembly',$,$,#4325,#4328,'ID70397aef-a7fd-45a2-8f48-b9f67c4dda6a',16.,40.);
#4330= IFCLOCALPLACEMENT(#42,#10);
#4331= IFCELEMENTASSEMBLY('0c5FyZAaT5hPna1Ro3_YEc',#44,$,$,$,#4330,$,'A/193(?)',.NOTDEFINED.,.RIGID_FRAME.);
#4332= IFCCARTESIANPOINT((61582.010255508,488.912625722492,52771.8273772364));
#4333= IFCAXIS2PLACEMENT3D(#4332,#3499,#3500);
#4334= IFCLOCALPLACEMENT(#4330,#4333);
#4335= IFCSHAPEREPRESENTATION(#12,'Body','Brep',(#3660));
#4336= IFCSHAPEREPRESENTATION(#13,'Axis','GeometricCurveSet',(#3670));
#4337= IFCPRODUCTDEFINITIONSHAPE($,$,(#4335,#4336));
#4338= IFCFASTENER('2LUNxU6v1979McKH7zqre$',#44,'Weld',$,$,#4334,#4337,'ID95797ede-1b90-491c-95a6-5111fdd35a3f');
#4339= IFCPROPERTYSINGLEVALUE('WeldID',$,IFCINTEGER(115399847),$);
#4340= IFCPROPERTYSET('0uyRWoRrf4OQVgkqcQTdUm',#5,'AISC_EM11_Pset_Weld','WeldIdentity',(#305,#306,#307,#308,#4339,#310,#311,#312,#313,#314,#315,#316,#317,#318,#319,#320));
#4341= IFCCARTESIANPOINT((61682.0102555109,488.912844522651,52771.8273772364));
#4342= IFCAXIS2PLACEMENT3D(#4341,#3499,#3500);
#4343= IFCLOCALPLACEMENT(#4330,#4342);
#4344= IFCSHAPEREPRESENTATION(#12,'Body','Brep',(#3660));
#4345= IFCSHAPEREPRESENTATION(#13,'Axis','GeometricCurveSet',(#3670));
#4346= IFCPRODUCTDEFINITIONSHAPE($,$,(#4344,#4345));
#4347= IFCFASTENER('24yE9j6l1B6R6v6YQHpk5l',#44,'Weld',$,$,#4343,#4346,'ID84f0e26d-1af0-4b19-b1b9-1a2691cee16f');
#4348= IFCPROPERTYSINGLEVALUE('WeldID',$,IFCINTEGER(115399802),$);
#4349= IFCPROPERTYSET('3EEdJs2MD908mjdlNeI$O8',#5,'AISC_EM11_Pset_Weld','WeldIdentity',(#305,#306,#307,#308,#4348,#310,#311,#312,#313,#314,#315,#316,#317,#318,#319,#320));
#4350= IFCCARTESIANPOINT((61634.183,500.084,52714.998));
#4351= IFCAXIS2PLACEMENT3D(#4350,#8,#9);
#4352= IFCLOCALPLACEMENT(#4330,#4351);
#4353= IFCSHAPEREPRESENTATION(#12,'Body','Brep',(#3729));
#4354= IFCSHAPEREPRESENTATION(#13,'Axis','GeometricCurveSet',(#380,#3733));
#4355= IFCPRODUCTDEFINITIONSHAPE($,$,(#4353,#4354));
#4356= IFCFASTENER('1nRNcnUGr7DhxDOMqrV2Gi',#44,'Weld',$,$,#4352,#4355,'ID716d79b1-790d-4736-becd-616d357c242c');
#4357= IFCPROPERTYSINGLEVALUE('WeldID',$,IFCINTEGER(115399739),$);
#4358= IFCPROPERTYSET('2j81ytI1H0gOUzEP4oh8g8',#5,'AISC_EM11_Pset_Weld','WeldIdentity',(#305,#306,#307,#308,#4357,#388,#311,#312,#389,#314,#390,#391,#317,#318,#319,#320));
#4359= IFCCARTESIANPOINT((61631.1824342506,555.084306230103,52619.9981994629));
#4360= IFCAXIS2PLACEMENT3D(#4359,#9,#3740);
#4361= IFCLOCALPLACEMENT(#4330,#4360);
#4362= IFCSHAPEREPRESENTATION(#12,'Body','SweptSolid',(#400));
#4363= IFCPRODUCTDEFINITIONSHAPE($,$,(#4362));
#4364= IFCDISCRETEACCESSORY('3dp86isC5CSRtf1QUHMYNc',#44,'Support section',$,$,#4361,#4363,'1050(?)');
#4365= IFCLOCALPLACEMENT(#4330,#4324);
#4366= IFCSHAPEREPRESENTATION(#12,'Body','MappedRepresentation',(#411,#412,#413));
#4367= IFCPRODUCTDEFINITIONSHAPE($,$,(#4366));
#4368= IFCOPENINGELEMENT('2tcs20wtr8HeZOLnJQnAXs',#5,$,$,'Opening',#4365,#4367,$);
#4369= IFCRELVOIDSELEMENT('0Vgh7KQsf6LxRBCget5i6E',#5,'Drill Hole',$,#4364,#4368);
#4370= IFCCARTESIANPOINT((61579.1823903226,232.084192408991,52644.9989501104));
#4371= IFCAXIS2PLACEMENT3D(#4370,#1333,#3752);
#4372= IFCLOCALPLACEMENT(#4330,#4371);
#4373= IFCSHAPEREPRESENTATION(#12,'Body','Brep',(#676));
#4374= IFCPRODUCTDEFINITIONSHAPE($,$,(#4373));
#4375= IFCDISCRETEACCESSORY('3nsqOyyIP7N8QF9Ka0yNSw',#44,'Support section',$,$,#4372,#4374,'1497(?)');
#4376= IFCCARTESIANPOINT((61679.1823903256,232.084411209151,52644.9989501104));
#4377= IFCAXIS2PLACEMENT3D(#4376,#1333,#3752);
#4378= IFCLOCALPLACEMENT(#4330,#4377);
#4379= IFCSHAPEREPRESENTATION(#12,'Body','Brep',(#676));
#4380= IFCPRODUCTDEFINITIONSHAPE($,$,(#4379));
#4381= IFCDISCRETEACCESSORY('3FmeZYt3X62A6Rg9k$6hiN',#44,'Support section',$,$,#4378,#4380,'1497(?)');
#4382= IFCCARTESIANPOINT((61625.0825656255,495.084292883646,52594.9981994629));
#4383= IFCAXIS2PLACEMENT3D(#4382,#9,#3765);
#4384= IFCLOCALPLACEMENT(#4330,#4383);
#4385= IFCSHAPEREPRESENTATION(#12,'Body','SweptSolid',(#696));
#4386= IFCPRODUCTDEFINITIONSHAPE($,$,(#4385));
#4387= IFCCOLUMN('2jlv$jk_PCBup2BtUCac2u',#44,'main piece','PL10*200','PL10*200',#4384,#4386,'1496(?)');
#4388= IFCCARTESIANPOINT((57390.0857371513,510.075026710581,52834.9981994629));
#4389= IFCAXIS2PLACEMENT3D(#4388,#3478,#57);
#4390= IFCLOCALPLACEMENT(#916,#4389);
#4391= IFCSHAPEREPRESENTATION(#12,'Body','MappedRepresentation',(#4193,#4194,#4195));
#4392= IFCSHAPEREPRESENTATION(#12,'Axis','MappedRepresentation',(#101,#102,#103));
#4393= IFCPRODUCTDEFINITIONSHAPE($,$,(#4391,#4392));
#4394= IFCMECHANICALFASTENER('2N6UUMx$PAwwg$rLXEQgDz',#44,'Bolt assembly',$,$,#4390,#4393,'ID9719e796-eff6-4aeb-aabf-d5584e6aa37d',16.,40.);
#4395= IFCLOCALPLACEMENT(#42,#10);
#4396= IFCELEMENTASSEMBLY('3SCZ16cq55hRaIymO0sQva',#44,$,$,$,#4395,$,'A/193(?)',.NOTDEFINED.,.RIGID_FRAME.);
#4397= IFCCARTESIANPOINT((57347.0134598536,488.903359549503,52771.8273772364));
#4398= IFCAXIS2PLACEMENT3D(#4397,#3499,#3500);
#4399= IFCLOCALPLACEMENT(#4395,#4398);
#4400= IFCSHAPEREPRESENTATION(#12,'Body','Brep',(#3660));
#4401= IFCSHAPEREPRESENTATION(#13,'Axis','GeometricCurveSet',(#3670));
#4402= IFCPRODUCTDEFINITIONSHAPE($,$,(#4400,#4401));
#4403= IFCFASTENER('2CwabyPgb6DOYnrrJJVklQ',#44,'Weld',$,$,#4399,#4402,'ID8cea497c-66a9-4635-88b1-d754d37eebda');
#4404= IFCPROPERTYSINGLEVALUE('WeldID',$,IFCINTEGER(115399456),$);
#4405= IFCPROPERTYSET('3yvdfqRzDFGAcPC97lErY0',#5,'AISC_EM11_Pset_Weld','WeldIdentity',(#305,#306,#307,#308,#4404,#310,#311,#312,#313,#314,#315,#316,#317,#318,#319,#320));
#4406= IFCCARTESIANPOINT((57447.0134598566,488.903578349662,52771.8273772364));
#4407= IFCAXIS2PLACEMENT3D(#4406,#3499,#3500);
#4408= IFCLOCALPLACEMENT(#4395,#4407);
#4409= IFCSHAPEREPRESENTATION(#12,'Body','Brep',(#3660));
#4410= IFCSHAPEREPRESENTATION(#13,'Axis','GeometricCurveSet',(#3670));
#4411= IFCPRODUCTDEFINITIONSHAPE($,$,(#4409,#4410));
#4412= IFCFASTENER('2ARVNTGk9E9xRAAWKpx$qc',#44,'Weld',$,$,#4408,#4411,'ID8a6df5dd-42e2-4e27-b6ca-2a0533effd26');
#4413= IFCPROPERTYSINGLEVALUE('WeldID',$,IFCINTEGER(115399411),$);
#4414= IFCPROPERTYSET('0EJ789BZL3NfrFpw3WhzSu',#5,'AISC_EM11_Pset_Weld','WeldIdentity',(#305,#306,#307,#308,#4413,#310,#311,#312,#313,#314,#315,#316,#317,#318,#319,#320));
#4415= IFCCARTESIANPOINT((57399.186,500.075,52714.998));
#4416= IFCAXIS2PLACEMENT3D(#4415,#8,#9);
#4417= IFCLOCALPLACEMENT(#4395,#4416);
#4418= IFCSHAPEREPRESENTATION(#12,'Body','Brep',(#3729));
#4419= IFCSHAPEREPRESENTATION(#13,'Axis','GeometricCurveSet',(#380,#3733));
#4420= IFCPRODUCTDEFINITIONSHAPE($,$,(#4418,#4419));
#4421= IFCFASTENER('2MBSgf8a1BiRXs$V9TnSH1',#44,'Weld',$,$,#4417,#4420,'ID962dcaa9-2240-4bb1-b876-fdf25dc5c441');
#4422= IFCPROPERTYSINGLEVALUE('WeldID',$,IFCINTEGER(115399348),$);
#4423= IFCPROPERTYSET('2cXUPo88n7FvR7HJkGUy29',#5,'AISC_EM11_Pset_Weld','WeldIdentity',(#305,#306,#307,#308,#4422,#388,#311,#312,#389,#314,#390,#391,#317,#318,#319,#320));
#4424= IFCCARTESIANPOINT((57396.1856385962,555.075040057114,52619.9981994629));
#4425= IFCAXIS2PLACEMENT3D(#4424,#9,#3740);
#4426= IFCLOCALPLACEMENT(#4395,#4425);
#4427= IFCSHAPEREPRESENTATION(#12,'Body','SweptSolid',(#400));
#4428= IFCPRODUCTDEFINITIONSHAPE($,$,(#4427));
#4429= IFCDISCRETEACCESSORY('340cnguUnCphb7gVkWJcaH',#44,'Support section',$,$,#4426,#4428,'1050(?)');
#4430= IFCLOCALPLACEMENT(#4395,#4389);
#4431= IFCSHAPEREPRESENTATION(#12,'Body','MappedRepresentation',(#411,#412,#413));
#4432= IFCPRODUCTDEFINITIONSHAPE($,$,(#4431));
#4433= IFCOPENINGELEMENT('0gfib8inbBavGi28vznNUE',#5,$,$,'Opening',#4430,#4432,$);
#4434= IFCRELVOIDSELEMENT('1MpCyJT4f5YPMRt8dI5Jm3',#5,'Drill Hole',$,#4429,#4433);
#4435= IFCCARTESIANPOINT((57344.1855946683,232.074926236003,52644.9989501104));
#4436= IFCAXIS2PLACEMENT3D(#4435,#1333,#3752);
#4437= IFCLOCALPLACEMENT(#4395,#4436);
#4438= IFCSHAPEREPRESENTATION(#12,'Body','Brep',(#676));
#4439= IFCPRODUCTDEFINITIONSHAPE($,$,(#4438));
#4440= IFCDISCRETEACCESSORY('240mVDnTP8$RVqtJiaowDX',#44,'Support section',$,$,#4437,#4439,'1497(?)');
#4441= IFCCARTESIANPOINT((57444.1855946713,232.075145036163,52644.9989501104));
#4442= IFCAXIS2PLACEMENT3D(#4441,#1333,#3752);
#4443= IFCLOCALPLACEMENT(#4395,#4442);
#4444= IFCSHAPEREPRESENTATION(#12,'Body','Brep',(#676));
#4445= IFCPRODUCTDEFINITIONSHAPE($,$,(#4444));
#4446= IFCDISCRETEACCESSORY('1e2Jo1RhL8lguBQDABbG$W',#44,'Support section',$,$,#4443,#4445,'1497(?)');
#4447= IFCCARTESIANPOINT((57390.0857699712,495.075026710658,52594.9981994629));
#4448= IFCAXIS2PLACEMENT3D(#4447,#9,#3765);
#4449= IFCLOCALPLACEMENT(#4395,#4448);
#4450= IFCSHAPEREPRESENTATION(#12,'Body','SweptSolid',(#696));
#4451= IFCPRODUCTDEFINITIONSHAPE($,$,(#4450));
#4452= IFCCOLUMN('3GeN8Ccs94pABoHamSP91y',#44,'main piece','PL10*200','PL10*200',#4449,#4451,'1496(?)');
#4453= IFCCARTESIANPOINT((55260.0865763848,510.070366272417,52834.9981994629));
#4454= IFCAXIS2PLACEMENT3D(#4453,#3478,#57);
#4455= IFCLOCALPLACEMENT(#985,#4454);
#4456= IFCSHAPEREPRESENTATION(#12,'Body','MappedRepresentation',(#4193,#4194,#4195));
#4457= IFCSHAPEREPRESENTATION(#12,'Axis','MappedRepresentation',(#101,#102,#103));
#4458= IFCPRODUCTDEFINITIONSHAPE($,$,(#4456,#4457));
#4459= IFCMECHANICALFASTENER('0GGtSNk456JQHZxIRpy9a1',#44,'Bolt assembly',$,$,#4455,#4458,'ID10437717-b841-464d-a463-ed26f3f09901',16.,40.);
#4460= IFCLOCALPLACEMENT(#42,#10);
#4461= IFCELEMENTASSEMBLY('3PZBxiFw1FFgb4qDtBKUu1',#44,$,$,$,#4460,$,'A/193(?)',.NOTDEFINED.,.RIGID_FRAME.);
#4462= IFCCARTESIANPOINT((55217.0142990871,488.898699111339,52771.8273772364));
#4463= IFCAXIS2PLACEMENT3D(#4462,#3499,#3500);
#4464= IFCLOCALPLACEMENT(#4460,#4463);
#4465= IFCSHAPEREPRESENTATION(#12,'Body','Brep',(#3660));
#4466= IFCSHAPEREPRESENTATION(#13,'Axis','GeometricCurveSet',(#3670));
#4467= IFCPRODUCTDEFINITIONSHAPE($,$,(#4465,#4466));
#4468= IFCFASTENER('1Kx3yuDADDP8_MR1c3EVQg',#44,'Weld',$,$,#4464,#4467,'ID54ec3f38-34a3-4d64-8f96-6c198339f6aa');
#4469= IFCPROPERTYSINGLEVALUE('WeldID',$,IFCINTEGER(115399065),$);
#4470= IFCPROPERTYSET('3ojWd0_W502QRRHRjLW8x0',#5,'AISC_EM11_Pset_Weld','WeldIdentity',(#305,#306,#307,#308,#4469,#310,#311,#312,#313,#314,#315,#316,#317,#318,#319,#320));
#4471= IFCCARTESIANPOINT((55317.01429909,488.898917911498,52771.8273772364));
#4472= IFCAXIS2PLACEMENT3D(#4471,#3499,#3500);
#4473= IFCLOCALPLACEMENT(#4460,#4472);
#4474= IFCSHAPEREPRESENTATION(#12,'Body','Brep',(#3660));
#4475= IFCSHAPEREPRESENTATION(#13,'Axis','GeometricCurveSet',(#3670));
#4476= IFCPRODUCTDEFINITIONSHAPE($,$,(#4474,#4475));
#4477= IFCFASTENER('3Ve2oyuEbCvxu_YZ50796I',#44,'Weld',$,$,#4473,#4476,'IDdfa02cbc-e0e9-4ce7-be3e-8a31401c9192');
#4478= IFCPROPERTYSINGLEVALUE('WeldID',$,IFCINTEGER(115399020),$);
#4479= IFCPROPERTYSET('1fm5RbKYf5vvIk1hJiO$88',#5,'AISC_EM11_Pset_Weld','WeldIdentity',(#305,#306,#307,#308,#4478,#310,#311,#312,#313,#314,#315,#316,#317,#318,#319,#320));
#4480= IFCCARTESIANPOINT((55269.187,500.07,52714.998));
#4481= IFCAXIS2PLACEMENT3D(#4480,#8,#9);
#4482= IFCLOCALPLACEMENT(#4460,#4481);
#4483= IFCSHAPEREPRESENTATION(#12,'Body','Brep',(#3729));
#4484= IFCSHAPEREPRESENTATION(#13,'Axis','GeometricCurveSet',(#380,#3733));
#4485= IFCPRODUCTDEFINITIONSHAPE($,$,(#4483,#4484));
#4486= IFCFASTENER('0USFzpyK93CPPKxJ9sX2cd',#44,'Weld',$,$,#4482,#4485,'ID1e70ff73-f142-4331-9654-ed32768429a7');
#4487= IFCPROPERTYSINGLEVALUE('WeldID',$,IFCINTEGER(115398957),$);
#4488= IFCPROPERTYSET('3PFcbxyQrE2RuaMfO35WXp',#5,'AISC_EM11_Pset_Weld','WeldIdentity',(#305,#306,#307,#308,#4487,#388,#311,#312,#389,#314,#390,#391,#317,#318,#319,#320));
#4489= IFCCARTESIANPOINT((55266.1864778297,555.07037961895,52619.9981994629));
#4490= IFCAXIS2PLACEMENT3D(#4489,#9,#3740);
#4491= IFCLOCALPLACEMENT(#4460,#4490);
#4492= IFCSHAPEREPRESENTATION(#12,'Body','SweptSolid',(#400));
#4493= IFCPRODUCTDEFINITIONSHAPE($,$,(#4492));
#4494= IFCDISCRETEACCESSORY('19Hg36emL6cBCm7HOK1BPf',#44,'Support section',$,$,#4491,#4493,'1050(?)');
#4495= IFCLOCALPLACEMENT(#4460,#4454);
#4496= IFCSHAPEREPRESENTATION(#12,'Body','MappedRepresentation',(#411,#412,#413));
#4497= IFCPRODUCTDEFINITIONSHAPE($,$,(#4496));
#4498= IFCOPENINGELEMENT('2W7cY0Eq97gemF3Q_psTwB',#5,$,$,'Opening',#4495,#4497,$);
#4499= IFCRELVOIDSELEMENT('0xJPhAWtT30fDmyjipSjsw',#5,'Drill Hole',$,#4494,#4498);
#4500= IFCCARTESIANPOINT((55214.1864339017,232.070265797838,52644.9989501104));
#4501= IFCAXIS2PLACEMENT3D(#4500,#1333,#3752);
#4502= IFCLOCALPLACEMENT(#4460,#4501);
#4503= IFCSHAPEREPRESENTATION(#12,'Body','Brep',(#676));
#4504= IFCPRODUCTDEFINITIONSHAPE($,$,(#4503));
#4505= IFCDISCRETEACCESSORY('2HfFDaQb9ETunW3UfQJaWZ',#44,'Support section',$,$,#4502,#4504,'1497(?)');
#4506= IFCCARTESIANPOINT((55314.1864339047,232.070484597998,52644.9989501104));
#4507= IFCAXIS2PLACEMENT3D(#4506,#1333,#3752);
#4508= IFCLOCALPLACEMENT(#4460,#4507);
#4509= IFCSHAPEREPRESENTATION(#12,'Body','Brep',(#676));
#4510= IFCPRODUCTDEFINITIONSHAPE($,$,(#4509));
#4511= IFCDISCRETEACCESSORY('1yRo6iQLP6RA9BXTqVvVNh',#44,'Support section',$,$,#4508,#4510,'1497(?)');
#4512= IFCCARTESIANPOINT((55260.0866092046,495.070366272494,52594.9981994629));
#4513= IFCAXIS2PLACEMENT3D(#4512,#9,#3765);
#4514= IFCLOCALPLACEMENT(#4460,#4513);
#4515= IFCSHAPEREPRESENTATION(#12,'Body','SweptSolid',(#696));
#4516= IFCPRODUCTDEFINITIONSHAPE($,$,(#4515));
#4517= IFCCOLUMN('3jXYZ5CRX548U6LaFtGBnB',#44,'main piece','PL10*200','PL10*200',#4514,#4516,'1496(?)');
#4518= IFCCARTESIANPOINT((53130.0855082695,510.06570583008,52834.9981994629));
#4519= IFCAXIS2PLACEMENT3D(#4518,#3478,#57);
#4520= IFCLOCALPLACEMENT(#1353,#4519);
#4521= IFCSHAPEREPRESENTATION(#12,'Body','MappedRepresentation',(#4193,#4194,#4195));
#4522= IFCSHAPEREPRESENTATION(#12,'Axis','MappedRepresentation',(#101,#102,#103));
#4523= IFCPRODUCTDEFINITIONSHAPE($,$,(#4521,#4522));
#4524= IFCMECHANICALFASTENER('0xsWHTSG9BQxX_wty3utJ4',#44,'Bolt assembly',$,$,#4520,#4523,'ID3bda045d-7102-4b6b-b87e-eb7f03e374c4',16.,40.);
#4525= IFCLOCALPLACEMENT(#42,#10);
#4526= IFCELEMENTASSEMBLY('27BsSg06v6wuQt6d4UTa38',#44,$,$,$,#4525,$,'A/193(?)',.NOTDEFINED.,.RIGID_FRAME.);
#4527= IFCCARTESIANPOINT((53087.0132309718,488.894038669002,52771.8273772364));
#4528= IFCAXIS2PLACEMENT3D(#4527,#3499,#3500);
#4529= IFCLOCALPLACEMENT(#4525,#4528);
#4530= IFCSHAPEREPRESENTATION(#12,'Body','Brep',(#3660));
#4531= IFCSHAPEREPRESENTATION(#13,'Axis','GeometricCurveSet',(#3670));
#4532= IFCPRODUCTDEFINITIONSHAPE($,$,(#4530,#4531));
#4533= IFCFASTENER('3gRRZeL6P8HBAdj9ET$6QM',#44,'Weld',$,$,#4529,#4532,'IDea6db8e8-5466-4844-b2a7-b4939dfc6696');
#4534= IFCPROPERTYSINGLEVALUE('WeldID',$,IFCINTEGER(115398672),$);
#4535= IFCPROPERTYSET('249w8XnU55aOmhwwQEyih3',#5,'AISC_EM11_Pset_Weld','WeldIdentity',(#305,#306,#307,#308,#4534,#310,#311,#312,#313,#314,#315,#316,#317,#318,#319,#320));
#4536= IFCCARTESIANPOINT((53187.0132309748,488.894257469161,52771.8273772364));
#4537= IFCAXIS2PLACEMENT3D(#4536,#3499,#3500);
#4538= IFCLOCALPLACEMENT(#4525,#4537);
#4539= IFCSHAPEREPRESENTATION(#12,'Body','Brep',(#3660));
#4540= IFCSHAPEREPRESENTATION(#13,'Axis','GeometricCurveSet',(#3670));
#4541= IFCPRODUCTDEFINITIONSHAPE($,$,(#4539,#4540));
#4542= IFCFASTENER('1ZSh4EMBDB0hNLrfWL5FTZ',#44,'Weld',$,$,#4538,#4541,'ID6372b10e-58b3-4b02-b5d5-d6981514f763');
#4543= IFCPROPERTYSINGLEVALUE('WeldID',$,IFCINTEGER(115398627),$);
#4544= IFCPROPERTYSET('1YME7MfTnCF8$hotdSS6N$',#5,'AISC_EM11_Pset_Weld','WeldIdentity',(#305,#306,#307,#308,#4543,#310,#311,#312,#313,#314,#315,#316,#317,#318,#319,#320));
#4545= IFCCARTESIANPOINT((53139.186,500.066,52714.998));
#4546= IFCAXIS2PLACEMENT3D(#4545,#8,#9);
#4547= IFCLOCALPLACEMENT(#4525,#4546);
#4548= IFCSHAPEREPRESENTATION(#12,'Body','Brep',(#3729));
#4549= IFCSHAPEREPRESENTATION(#13,'Axis','GeometricCurveSet',(#380,#3733));
#4550= IFCPRODUCTDEFINITIONSHAPE($,$,(#4548,#4549));
#4551= IFCFASTENER('14tY00RbX2M9Nx7rGmdwPa',#44,'Weld',$,$,#4547,#4550,'ID44de2000-6e58-4258-95fb-1f54309fa664');
#4552= IFCPROPERTYSINGLEVALUE('WeldID',$,IFCINTEGER(115398564),$);
#4553= IFCPROPERTYSET('3I78_M_$L4cgGFDRGssBbc',#5,'AISC_EM11_Pset_Weld','WeldIdentity',(#305,#306,#307,#308,#4552,#388,#311,#312,#389,#314,#390,#391,#317,#318,#319,#320));
#4554= IFCCARTESIANPOINT((53136.1854097144,555.065719176613,52619.9981994629));
#4555= IFCAXIS2PLACEMENT3D(#4554,#9,#3740);
#4556= IFCLOCALPLACEMENT(#4525,#4555);
#4557= IFCSHAPEREPRESENTATION(#12,'Body','SweptSolid',(#400));
#4558= IFCPRODUCTDEFINITIONSHAPE($,$,(#4557));
#4559= IFCDISCRETEACCESSORY('0p0GCnm3v6Cf47O2GxlsVH',#44,'Support section',$,$,#4556,#4558,'1050(?)');
#4560= IFCLOCALPLACEMENT(#4525,#4519);
#4561= IFCSHAPEREPRESENTATION(#12,'Body','MappedRepresentation',(#411,#412,#413));
#4562= IFCPRODUCTDEFINITIONSHAPE($,$,(#4561));
#4563= IFCOPENINGELEMENT('3baLz_Pcj8lREqf3BXqdtL',#5,$,$,'Opening',#4560,#4562,$);
#4564= IFCRELVOIDSELEMENT('3YIlCIUf97Tf0fHZf6lB16',#5,'Drill Hole',$,#4559,#4563);
#4565= IFCCARTESIANPOINT((53084.1853657865,232.065605355502,52644.9989501104));
#4566= IFCAXIS2PLACEMENT3D(#4565,#1333,#3752);
#4567= IFCLOCALPLACEMENT(#4525,#4566);
#4568= IFCSHAPEREPRESENTATION(#12,'Body','Brep',(#676));
#4569= IFCPRODUCTDEFINITIONSHAPE($,$,(#4568));
#4570= IFCDISCRETEACCESSORY('3onNqO_v1DPQyMUAGozQ8c',#44,'Support section',$,$,#4567,#4569,'1497(?)');
#4571= IFCCARTESIANPOINT((53184.1853657895,232.065824155662,52644.9989501104));
#4572= IFCAXIS2PLACEMENT3D(#4571,#1333,#3752);
#4573= IFCLOCALPLACEMENT(#4525,#4572);
#4574= IFCSHAPEREPRESENTATION(#12,'Body','Brep',(#676));
#4575= IFCPRODUCTDEFINITIONSHAPE($,$,(#4574));
#4576= IFCDISCRETEACCESSORY('2V6Tk$zjr9U9JSJBcbXz4C',#44,'Support section',$,$,#4573,#4575,'1497(?)');
#4577= IFCCARTESIANPOINT((53130.0855410894,495.065705830157,52594.9981994629));
#4578= IFCAXIS2PLACEMENT3D(#4577,#9,#3765);
#4579= IFCLOCALPLACEMENT(#4525,#4578);
#4580= IFCSHAPEREPRESENTATION(#12,'Body','SweptSolid',(#696));
#4581= IFCPRODUCTDEFINITIONSHAPE($,$,(#4580));
#4582= IFCCOLUMN('06CL8RAOj1ZgtwvZaPjVwh',#44,'main piece','PL10*200','PL10*200',#4579,#4581,'1496(?)');
#4583= IFCCARTESIANPOINT((40375.0863475029,510.037797891916,52834.9981994629));
#4584= IFCAXIS2PLACEMENT3D(#4583,#3478,#57);
#4585= IFCLOCALPLACEMENT(#1437,#4584);
#4586= IFCSHAPEREPRESENTATION(#12,'Body','MappedRepresentation',(#4193,#4194,#4195));
#4587= IFCSHAPEREPRESENTATION(#12,'Axis','MappedRepresentation',(#101,#102,#103));
#4588= IFCPRODUCTDEFINITIONSHAPE($,$,(#4586,#4587));
#4589= IFCMECHANICALFASTENER('1GZVTsUHLDVvYBlaa8i6Wt',#44,'Bolt assembly',$,$,#4585,#4588,'ID508df776-7915-4d7f-988b-be4908b06837',16.,40.);
#4590= IFCLOCALPLACEMENT(#42,#10);
#4591= IFCELEMENTASSEMBLY('0qixC_jOXFv8SbbBpC1O98',#44,$,$,$,#4590,$,'A/193(?)',.NOTDEFINED.,.RIGID_FRAME.);
#4592= IFCCARTESIANPOINT((40332.0140702052,488.866130730838,52771.8273772365));
#4593= IFCAXIS2PLACEMENT3D(#4592,#3499,#3500);
#4594= IFCLOCALPLACEMENT(#4590,#4593);
#4595= IFCSHAPEREPRESENTATION(#12,'Body','Brep',(#3660));
#4596= IFCSHAPEREPRESENTATION(#13,'Axis','GeometricCurveSet',(#3670));
#4597= IFCPRODUCTDEFINITIONSHAPE($,$,(#4595,#4596));
#4598= IFCFASTENER('0tT3cpQeL1uOF0drO6yX1F',#44,'Weld',$,$,#4594,#4597,'ID377439b3-6a85-41e1-83c0-9f5606f2104f');
#4599= IFCPROPERTYSINGLEVALUE('WeldID',$,IFCINTEGER(115398281),$);
#4600= IFCPROPERTYSET('2nrHBOki54e9fEV3wY2f3N',#5,'AISC_EM11_Pset_Weld','WeldIdentity',(#305,#306,#307,#308,#4599,#310,#311,#312,#313,#314,#315,#316,#317,#318,#319,#320));
#4601= IFCCARTESIANPOINT((40432.0140702082,488.866349530997,52771.8273772364));
#4602= IFCAXIS2PLACEMENT3D(#4601,#3499,#3500);
#4603= IFCLOCALPLACEMENT(#4590,#4602);
#4604= IFCSHAPEREPRESENTATION(#12,'Body','Brep',(#3660));
#4605= IFCSHAPEREPRESENTATION(#13,'Axis','GeometricCurveSet',(#3670));
#4606= IFCPRODUCTDEFINITIONSHAPE($,$,(#4604,#4605));
#4607= IFCFASTENER('21ozzSON53Hx5fWh$6sfsj',#44,'Weld',$,$,#4603,#4606,'ID81cbdf5c-6171-4347-b169-82bfc6da9dad');
#4608= IFCPROPERTYSINGLEVALUE('WeldID',$,IFCINTEGER(115398236),$);
#4609= IFCPROPERTYSET('2eTRFu5dnCmhb2uX93mDps',#5,'AISC_EM11_Pset_Weld','WeldIdentity',(#305,#306,#307,#308,#4608,#310,#311,#312,#313,#314,#315,#316,#317,#318,#319,#320));
#4610= IFCCARTESIANPOINT((40384.186,500.038,52714.998));
#4611= IFCAXIS2PLACEMENT3D(#4610,#8,#9);
#4612= IFCLOCALPLACEMENT(#4590,#4611);
#4613= IFCSHAPEREPRESENTATION(#12,'Body','Brep',(#3729));
#4614= IFCSHAPEREPRESENTATION(#13,'Axis','GeometricCurveSet',(#380,#3733));
#4615= IFCPRODUCTDEFINITIONSHAPE($,$,(#4613,#4614));
#4616= IFCFASTENER('3Q3h3zjx5BCwEhRDbLV9Qs',#44,'Weld',$,$,#4612,#4615,'IDda0eb0fd-b7b1-4b33-a3ab-6cd9557c96b6');
#4617= IFCPROPERTYSINGLEVALUE('WeldID',$,IFCINTEGER(115398173),$);
#4618= IFCPROPERTYSET('1WIkloqXz8nwKNzygRE0sG',#5,'AISC_EM11_Pset_Weld','WeldIdentity',(#305,#306,#307,#308,#4617,#388,#311,#312,#389,#314,#390,#391,#317,#318,#319,#320));
#4619= IFCCARTESIANPOINT((40381.1862489478,555.037811238449,52619.9981994629));
#4620= IFCAXIS2PLACEMENT3D(#4619,#9,#3740);
#4621= IFCLOCALPLACEMENT(#4590,#4620);
#4622= IFCSHAPEREPRESENTATION(#12,'Body','SweptSolid',(#400));
#4623= IFCPRODUCTDEFINITIONSHAPE($,$,(#4622));
#4624= IFCDISCRETEACCESSORY('0FY52fnSL8wuckvYY0b5MJ',#44,'Support section',$,$,#4621,#4623,'1050(?)');
#4625= IFCLOCALPLACEMENT(#4590,#4584);
#4626= IFCSHAPEREPRESENTATION(#12,'Body','MappedRepresentation',(#411,#412,#413));
#4627= IFCPRODUCTDEFINITIONSHAPE($,$,(#4626));
#4628= IFCOPENINGELEMENT('0IBbyOZJX8UOrLVJDjVoH9',#5,$,$,'Opening',#4625,#4627,$);
#4629= IFCRELVOIDSELEMENT('3inwjECdn6AR6BoHbETW5H',#5,'Drill Hole',$,#4624,#4628);
#4630= IFCCARTESIANPOINT((40329.1862050199,232.037697417337,52644.9989501104));
#4631= IFCAXIS2PLACEMENT3D(#4630,#1333,#3752);
#4632= IFCLOCALPLACEMENT(#4590,#4631);
#4633= IFCSHAPEREPRESENTATION(#12,'Body','Brep',(#676));
#4634= IFCPRODUCTDEFINITIONSHAPE($,$,(#4633));
#4635= IFCDISCRETEACCESSORY('0bWvjo0MDD7vDcIGaKy0I9',#44,'Support section',$,$,#4632,#4634,'1497(?)');
#4636= IFCCARTESIANPOINT((40429.1862050229,232.037916217497,52644.9989501104));
#4637= IFCAXIS2PLACEMENT3D(#4636,#1333,#3752);
#4638= IFCLOCALPLACEMENT(#4590,#4637);
#4639= IFCSHAPEREPRESENTATION(#12,'Body','Brep',(#676));
#4640= IFCPRODUCTDEFINITIONSHAPE($,$,(#4639));
#4641= IFCDISCRETEACCESSORY('2flV2ASj16JvbGpaTyGS8d',#44,'Support section',$,$,#4638,#4640,'1497(?)');
#4642= IFCCARTESIANPOINT((40375.0863803228,495.037797891992,52594.9981994629));
#4643= IFCAXIS2PLACEMENT3D(#4642,#9,#3765);
#4644= IFCLOCALPLACEMENT(#4590,#4643);
#4645= IFCSHAPEREPRESENTATION(#12,'Body','SweptSolid',(#696));
#4646= IFCPRODUCTDEFINITIONSHAPE($,$,(#4645));
#4647= IFCCOLUMN('3lAfaYbyT12uu55Ahkt_ED',#44,'main piece','PL10*200','PL10*200',#4644,#4646,'1496(?)');
#4648= IFCCARTESIANPOINT((38250.0863475029,510.033148391916,52834.9981994629));
#4649= IFCAXIS2PLACEMENT3D(#4648,#3478,#57);
#4650= IFCLOCALPLACEMENT(#1745,#4649);
#4651= IFCSHAPEREPRESENTATION(#12,'Body','MappedRepresentation',(#4193,#4194,#4195));
#4652= IFCSHAPEREPRESENTATION(#12,'Axis','MappedRepresentation',(#101,#102,#103));
#4653= IFCPRODUCTDEFINITIONSHAPE($,$,(#4651,#4652));
#4654= IFCMECHANICALFASTENER('1ndcEzDPPA8OjQybBxVFry',#44,'Bolt assembly',$,$,#4650,#4653,'ID719e63bd-3596-4a21-8b5a-f252fb7cfd7c',16.,40.);
#4655= IFCLOCALPLACEMENT(#42,#10);
#4656= IFCELEMENTASSEMBLY('3pr2$TEBDFexlyFYHLeuOq',#44,$,$,$,#4655,$,'A/193(?)',.NOTDEFINED.,.RIGID_FRAME.);
#4657= IFCCARTESIANPOINT((38207.0140702052,488.861481230838,52771.8273772364));
#4658= IFCAXIS2PLACEMENT3D(#4657,#3499,#3500);
#4659= IFCLOCALPLACEMENT(#4655,#4658);
#4660= IFCSHAPEREPRESENTATION(#12,'Body','Brep',(#3660));
#4661= IFCSHAPEREPRESENTATION(#13,'Axis','GeometricCurveSet',(#3670));
#4662= IFCPRODUCTDEFINITIONSHAPE($,$,(#4660,#4661));
#4663= IFCFASTENER('0goVxHCKTC8e16qlwgyXh5',#44,'Weld',$,$,#4659,#4662,'ID2ac9fed1-3147-4c22-8046-d2feaaf21ac5');
#4664= IFCPROPERTYSINGLEVALUE('WeldID',$,IFCINTEGER(115397886),$);
#4665= IFCPROPERTYSET('18uU8DHBL31eqhmKUlGfF8',#5,'AISC_EM11_Pset_Weld','WeldIdentity',(#305,#306,#307,#308,#4664,#310,#311,#312,#313,#314,#315,#316,#317,#318,#319,#320));
#4666= IFCCARTESIANPOINT((38307.0140702082,488.861700031012,52771.8273772365));
#4667= IFCAXIS2PLACEMENT3D(#4666,#3499,#3500);
#4668= IFCLOCALPLACEMENT(#4655,#4667);
#4669= IFCSHAPEREPRESENTATION(#12,'Body','Brep',(#3660));
#4670= IFCSHAPEREPRESENTATION(#13,'Axis','GeometricCurveSet',(#3670));
#4671= IFCPRODUCTDEFINITIONSHAPE($,$,(#4669,#4670));
#4672= IFCFASTENER('3$XxUm4fD05RDNQ1AU8qMs',#44,'Weld',$,$,#4668,#4671,'IDff87b7b0-1293-4015-b357-68129e2345b6');
#4673= IFCPROPERTYSINGLEVALUE('WeldID',$,IFCINTEGER(115397841),$);
#4674= IFCPROPERTYSET('0j5h25Q_f7RA0fvYKMlEZW',#5,'AISC_EM11_Pset_Weld','WeldIdentity',(#305,#306,#307,#308,#4673,#310,#311,#312,#313,#314,#315,#316,#317,#318,#319,#320));
#4675= IFCCARTESIANPOINT((38259.186,500.033,52714.998));
#4676= IFCAXIS2PLACEMENT3D(#4675,#8,#9);
#4677= IFCLOCALPLACEMENT(#4655,#4676);
#4678= IFCSHAPEREPRESENTATION(#12,'Body','Brep',(#3729));
#4679= IFCSHAPEREPRESENTATION(#13,'Axis','GeometricCurveSet',(#380,#3733));
#4680= IFCPRODUCTDEFINITIONSHAPE($,$,(#4678,#4679));
#4681= IFCFASTENER('009ChpyLb8H8GszT0GTIjN',#44,'Weld',$,$,#4677,#4680,'ID0024caf3-f159-4844-8436-f5d010752b57');
#4682= IFCPROPERTYSINGLEVALUE('WeldID',$,IFCINTEGER(115397778),$);
#4683= IFCPROPERTYSET('2__7GEXH9Ez8fOoguho5cA',#5,'AISC_EM11_Pset_Weld','WeldIdentity',(#305,#306,#307,#308,#4682,#388,#311,#312,#389,#314,#390,#391,#317,#318,#319,#320));
#4684= IFCCARTESIANPOINT((38256.1862489478,555.033161738449,52619.9981994629));
#4685= IFCAXIS2PLACEMENT3D(#4684,#9,#3740);
#4686= IFCLOCALPLACEMENT(#4655,#4685);
#4687= IFCSHAPEREPRESENTATION(#12,'Body','SweptSolid',(#400));
#4688= IFCPRODUCTDEFINITIONSHAPE($,$,(#4687));
#4689= IFCDISCRETEACCESSORY('15r3AfW0v1b8STFDB0rC4O',#44,'Support section',$,$,#4686,#4688,'1050(?)');
#4690= IFCLOCALPLACEMENT(#4655,#4649);
#4691= IFCSHAPEREPRESENTATION(#12,'Body','MappedRepresentation',(#411,#412,#413));
#4692= IFCPRODUCTDEFINITIONSHAPE($,$,(#4691));
#4693= IFCOPENINGELEMENT('1TpyeyvzjFeu9yKn2VHfBa',#5,$,$,'Opening',#4690,#4692,$);
#4694= IFCRELVOIDSELEMENT('0WBdjTPBj6g9Rn9gklbB5N',#5,'Drill Hole',$,#4689,#4693);
#4695= IFCCARTESIANPOINT((38204.1862050199,232.033047917338,52644.9989501104));
#4696= IFCAXIS2PLACEMENT3D(#4695,#1333,#3752);
#4697= IFCLOCALPLACEMENT(#4655,#4696);
#4698= IFCSHAPEREPRESENTATION(#12,'Body','Brep',(#676));
#4699= IFCPRODUCTDEFINITIONSHAPE($,$,(#4698));
#4700= IFCDISCRETEACCESSORY('3uFTp2vUj1gen$38gJ1Vpt',#44,'Support section',$,$,#4697,#4699,'1497(?)');
#4701= IFCCARTESIANPOINT((38304.1862050229,232.033266717497,52644.9989501104));
#4702= IFCAXIS2PLACEMENT3D(#4701,#1333,#3752);
#4703= IFCLOCALPLACEMENT(#4655,#4702);
#4704= IFCSHAPEREPRESENTATION(#12,'Body','Brep',(#676));
#4705= IFCPRODUCTDEFINITIONSHAPE($,$,(#4704));
#4706= IFCDISCRETEACCESSORY('3_k3gAIqv3Q92j0phXRZCZ',#44,'Support section',$,$,#4703,#4705,'1497(?)');
#4707= IFCCARTESIANPOINT((38250.0863803228,495.033148391993,52594.9981994629));
#4708= IFCAXIS2PLACEMENT3D(#4707,#9,#3765);
#4709= IFCLOCALPLACEMENT(#4655,#4708);
#4710= IFCSHAPEREPRESENTATION(#12,'Body','SweptSolid',(#696));
#4711= IFCPRODUCTDEFINITIONSHAPE($,$,(#4710));
#4712= IFCCOLUMN('0dmtSlkpH5ifQsd3bt5ool',#44,'main piece','PL10*200','PL10*200',#4709,#4711,'1496(?)');
#4713= IFCCARTESIANPOINT((36135.3059214775,510.028521252344,52834.9981994629));
#4714= IFCAXIS2PLACEMENT3D(#4713,#3478,#57);
#4715= IFCLOCALPLACEMENT(#1814,#4714);
#4716= IFCSHAPEREPRESENTATION(#12,'Body','MappedRepresentation',(#4193,#4194,#4195));
#4717= IFCSHAPEREPRESENTATION(#12,'Axis','MappedRepresentation',(#101,#102,#103));
#4718= IFCPRODUCTDEFINITIONSHAPE($,$,(#4716,#4717));
#4719= IFCMECHANICALFASTENER('0aB3PAVYvCvOFwTi$86LCX',#44,'Bolt assembly',$,$,#4715,#4718,'ID242c364a-7e2e-4ce5-83fa-76cfc8195321',16.,40.);
#4720= IFCLOCALPLACEMENT(#42,#10);
#4721= IFCELEMENTASSEMBLY('33qISiLlnCWw1MIPadoM9S',#44,$,$,$,#4720,$,'A/193(?)',.NOTDEFINED.,.RIGID_FRAME.);
#4722= IFCCARTESIANPOINT((36092.2336441798,488.856854091265,52771.8273772364));
#4723= IFCAXIS2PLACEMENT3D(#4722,#3499,#3500);
#4724= IFCLOCALPLACEMENT(#4720,#4723);
#4725= IFCSHAPEREPRESENTATION(#12,'Body','Brep',(#3660));
#4726= IFCSHAPEREPRESENTATION(#13,'Axis','GeometricCurveSet',(#3670));
#4727= IFCPRODUCTDEFINITIONSHAPE($,$,(#4725,#4726));
#4728= IFCFASTENER('3GZ8kaqzv7gfyrlMkhnELk',#44,'Weld',$,$,#4724,#4727,'IDd08c8ba4-d3de-47aa-9f35-bd6babc4e56e');
#4729= IFCPROPERTYSINGLEVALUE('WeldID',$,IFCINTEGER(115397495),$);
#4730= IFCPROPERTYSET('2_546xps9BIgWzrfQRbu2_',#5,'AISC_EM11_Pset_Weld','WeldIdentity',(#305,#306,#307,#308,#4729,#310,#311,#312,#313,#314,#315,#316,#317,#318,#319,#320));
#4731= IFCCARTESIANPOINT((36192.2336441828,488.857072891425,52771.8273772364));
#4732= IFCAXIS2PLACEMENT3D(#4731,#3499,#3500);
#4733= IFCLOCALPLACEMENT(#4720,#4732);
#4734= IFCSHAPEREPRESENTATION(#12,'Body','Brep',(#3660));
#4735= IFCSHAPEREPRESENTATION(#13,'Axis','GeometricCurveSet',(#3670));
#4736= IFCPRODUCTDEFINITIONSHAPE($,$,(#4734,#4735));
#4737= IFCFASTENER('3ZAN$lldL1KwXmg1Sn3eRl',#44,'Weld',$,$,#4733,#4736,'IDe3297fef-be75-4153-a870-a817310e86ef');
#4738= IFCPROPERTYSINGLEVALUE('WeldID',$,IFCINTEGER(115397448),$);
#4739= IFCPROPERTYSET('0hKQjJRz99EeuOEPgl1wfW',#5,'AISC_EM11_Pset_Weld','WeldIdentity',(#305,#306,#307,#308,#4738,#310,#311,#312,#313,#314,#315,#316,#317,#318,#319,#320));
#4740= IFCCARTESIANPOINT((36144.406,500.029,52714.998));
#4741= IFCAXIS2PLACEMENT3D(#4740,#8,#9);
#4742= IFCLOCALPLACEMENT(#4720,#4741);
#4743= IFCSHAPEREPRESENTATION(#12,'Body','Brep',(#3729));
#4744= IFCSHAPEREPRESENTATION(#13,'Axis','GeometricCurveSet',(#380,#3733));
#4745= IFCPRODUCTDEFINITIONSHAPE($,$,(#4743,#4744));
#4746= IFCFASTENER('380wmZgeP4b8c7b0XCiFOV',#44,'Weld',$,$,#4742,#4745,'IDc803ac23-aa86-4494-8987-94084cb0f61f');
#4747= IFCPROPERTYSINGLEVALUE('WeldID',$,IFCINTEGER(115397385),$);
#4748= IFCPROPERTYSET('0xHLEsoq97rhx7bEkf8BS5',#5,'AISC_EM11_Pset_Weld','WeldIdentity',(#305,#306,#307,#308,#4747,#388,#311,#312,#389,#314,#390,#391,#317,#318,#319,#320));
#4749= IFCCARTESIANPOINT((36141.4058229224,555.028534598876,52619.9981994629));
#4750= IFCAXIS2PLACEMENT3D(#4749,#9,#3740);
#4751= IFCLOCALPLACEMENT(#4720,#4750);
#4752= IFCSHAPEREPRESENTATION(#12,'Body','SweptSolid',(#400));
#4753= IFCPRODUCTDEFINITIONSHAPE($,$,(#4752));
#4754= IFCDISCRETEACCESSORY('014WirGhD5iBRs$1iSyjt$',#44,'Support section',$,$,#4751,#4753,'1050(?)');
#4755= IFCLOCALPLACEMENT(#4720,#4714);
#4756= IFCSHAPEREPRESENTATION(#12,'Body','MappedRepresentation',(#411,#412,#413));
#4757= IFCPRODUCTDEFINITIONSHAPE($,$,(#4756));
#4758= IFCOPENINGELEMENT('2WRn7egf90g8bBWeWKLj4A',#5,$,$,'Opening',#4755,#4757,$);
#4759= IFCRELVOIDSELEMENT('1NEF9Cw1LDThI6yU1Sv0lu',#5,'Drill Hole',$,#4754,#4758);
#4760= IFCCARTESIANPOINT((36089.4057789945,232.028420777765,52644.9989501104));
#4761= IFCAXIS2PLACEMENT3D(#4760,#1333,#3752);
#4762= IFCLOCALPLACEMENT(#4720,#4761);
#4763= IFCSHAPEREPRESENTATION(#12,'Body','Brep',(#676));
#4764= IFCPRODUCTDEFINITIONSHAPE($,$,(#4763));
#4765= IFCDISCRETEACCESSORY('1_t$d8XaL93fRVDuBe73ai',#44,'Support section',$,$,#4762,#4764,'1497(?)');
#4766= IFCCARTESIANPOINT((36189.4057789975,232.028639577924,52644.9989501104));
#4767= IFCAXIS2PLACEMENT3D(#4766,#1333,#3752);
#4768= IFCLOCALPLACEMENT(#4720,#4767);
#4769= IFCSHAPEREPRESENTATION(#12,'Body','Brep',(#676));
#4770= IFCPRODUCTDEFINITIONSHAPE($,$,(#4769));
#4771= IFCDISCRETEACCESSORY('0aEn5kobz22QucWgAPhnwF',#44,'Support section',$,$,#4768,#4770,'1497(?)');
#4772= IFCCARTESIANPOINT((36135.3059542974,495.02852125242,52594.9981994629));
#4773= IFCAXIS2PLACEMENT3D(#4772,#9,#3765);
#4774= IFCLOCALPLACEMENT(#4720,#4773);
#4775= IFCSHAPEREPRESENTATION(#12,'Body','SweptSolid',(#696));
#4776= IFCPRODUCTDEFINITIONSHAPE($,$,(#4775));
#4777= IFCCOLUMN('2OaIWhGSvEAAWtSHkgvyJl',#44,'main piece','PL10*200','PL10*200',#4774,#4776,'1496(?)');
#4778= IFCLOCALPLACEMENT(#42,#10);
#4779= IFCELEMENTASSEMBLY('1IkJNOvCn7YeVfH6UXc1PY',#44,'BEAM',$,$,#4778,$,'B/670(?)',.NOTDEFINED.,.RIGID_FRAME.);
#4780= IFCPROPERTYSINGLEVALUE('AssemblyMark',$,IFCIDENTIFIER('B/670(?)'),$);
#4781= IFCPROPERTYSET('3Gj13i0BT8bfuvoo7Fo3kI',#5,'AISC_EM11_Pset_AssemblyIdentification','AssemblyIdentity',(#4780,#52,#53));
#4782= IFCCARTESIANPOINT((67490.0000000021,21287.6911607449,52834.9981994629));
#4783= IFCAXIS2PLACEMENT3D(#4782,#3991,#57);
#4784= IFCLOCALPLACEMENT(#4778,#4783);
#4785= IFCCARTESIANPOINT((0.,3.30097266755971,0.));
#4786= IFCAXIS2PLACEMENT3D(#4785,#8,#7);
#4787= IFCEXTRUDEDAREASOLID(#78,#4786,#9,8.);
#4788= IFCCARTESIANPOINT((0.,11.3009726675597,0.));
#4789= IFCAXIS2PLACEMENT3D(#4788,#8,#7);
#4790= IFCEXTRUDEDAREASOLID(#67,#4789,#9,13.);
#4791= IFCSHAPEREPRESENTATION(#12,'Body','SweptSolid',(#70,#77,#4787,#4790));
#4792= IFCREPRESENTATIONMAP(#10,#4791);
#4793= IFCMAPPEDITEM(#4792,#86);
#4794= IFCMAPPEDITEM(#4792,#91);
#4795= IFCMAPPEDITEM(#4792,#94);
#4796= IFCSHAPEREPRESENTATION(#12,'Body','MappedRepresentation',(#4793,#4794,#4795));
#4797= IFCSHAPEREPRESENTATION(#12,'Axis','MappedRepresentation',(#101,#102,#103));
#4798= IFCPRODUCTDEFINITIONSHAPE($,$,(#4796,#4797));
#4799= IFCMECHANICALFASTENER('0KclZDgoj4NAHIEOFoBaBo',#44,'Bolt assembly',$,$,#4784,#4798,'ID149af8cd-ab2b-445c-a452-3983f22e42f2',16.,40.);
#4800= IFCLOCALPLACEMENT(#42,#10);
#4801= IFCELEMENTASSEMBLY('1MZuCNdJf7yhl13wk8j7yS',#44,$,$,$,#4800,$,'A/193(?)',.NOTDEFINED.,.RIGID_FRAME.);
#4802= IFCCARTESIANPOINT((67511.1715729195,21244.6188371278,52771.8273772359));
#4803= IFCAXIS2PLACEMENT3D(#4802,#4123,#4124);
#4804= IFCLOCALPLACEMENT(#4800,#4803);
#4805= IFCSHAPEREPRESENTATION(#12,'Body','Brep',(#3959));
#4806= IFCSHAPEREPRESENTATION(#13,'Axis','GeometricCurveSet',(#3966));
#4807= IFCPRODUCTDEFINITIONSHAPE($,$,(#4805,#4806));
#4808= IFCFASTENER('2LO$3PmR1Cv8fwcpSDbWT7',#44,'Weld',$,$,#4804,#4807,'ID9563f0d9-c1b0-4ce4-8a7a-9b370d960747');
#4809= IFCPROPERTYSINGLEVALUE('WeldID',$,IFCINTEGER(115397098),$);
#4810= IFCPROPERTYSET('39dfA17JH7ox3xixPITQ4d',#5,'AISC_EM11_Pset_Weld','WeldIdentity',(#305,#306,#307,#308,#4809,#310,#311,#312,#313,#314,#315,#316,#317,#318,#319,#320));
#4811= IFCCARTESIANPOINT((67511.1715729206,21344.6188371289,52771.8273772359));
#4812= IFCAXIS2PLACEMENT3D(#4811,#4123,#4124);
#4813= IFCLOCALPLACEMENT(#4800,#4812);
#4814= IFCSHAPEREPRESENTATION(#12,'Body','Brep',(#3959));
#4815= IFCSHAPEREPRESENTATION(#13,'Axis','GeometricCurveSet',(#3966));
#4816= IFCPRODUCTDEFINITIONSHAPE($,$,(#4814,#4815));
#4817= IFCFASTENER('23YPCatLb5chcsjgJ54mYE',#44,'Weld',$,$,#4813,#4816,'ID83899324-dd59-459a-b9b6-b6a4c513088e');
#4818= IFCPROPERTYSINGLEVALUE('WeldID',$,IFCINTEGER(115397053),$);
#4819= IFCPROPERTYSET('0psyiTXzLEr9ScLVAPKSdB',#5,'AISC_EM11_Pset_Weld','WeldIdentity',(#305,#306,#307,#308,#4818,#310,#311,#312,#313,#314,#315,#316,#317,#318,#319,#320));
#4820= IFCCARTESIANPOINT((67500.,21296.791,52714.998));
#4821= IFCAXIS2PLACEMENT3D(#4820,#3991,#9);
#4822= IFCLOCALPLACEMENT(#4800,#4821);
#4823= IFCSHAPEREPRESENTATION(#12,'Body','Brep',(#3729));
#4824= IFCSHAPEREPRESENTATION(#13,'Axis','GeometricCurveSet',(#380,#3733));
#4825= IFCPRODUCTDEFINITIONSHAPE($,$,(#4823,#4824));
#4826= IFCFASTENER('0RCDgkOHf5beyxA3A34g_u',#44,'Weld',$,$,#4822,#4825,'ID1b30daae-611a-4596-8f3b-28328312afb8');
#4827= IFCPROPERTYSINGLEVALUE('WeldID',$,IFCINTEGER(115396990),$);
#4828= IFCPROPERTYSET('3CXUQGYCT7WOPE2_bc0ZoG',#5,'AISC_EM11_Pset_Weld','WeldIdentity',(#305,#306,#307,#308,#4827,#388,#311,#312,#389,#314,#390,#391,#317,#318,#319,#320));
#4829= IFCCARTESIANPOINT((67445.0000000023,21293.791160649,52619.9981994629));
#4830= IFCAXIS2PLACEMENT3D(#4829,#9,#7);
#4831= IFCLOCALPLACEMENT(#4800,#4830);
#4832= IFCSHAPEREPRESENTATION(#12,'Body','SweptSolid',(#400));
#4833= IFCPRODUCTDEFINITIONSHAPE($,$,(#4832));
#4834= IFCDISCRETEACCESSORY('0ZAZtVO_zAoupFXUCejjIV',#44,'Support section',$,$,#4831,#4833,'1050(?)');
#4835= IFCLOCALPLACEMENT(#4800,#4783);
#4836= IFCSHAPEREPRESENTATION(#12,'Body','MappedRepresentation',(#411,#412,#413));
#4837= IFCPRODUCTDEFINITIONSHAPE($,$,(#4836));
#4838= IFCOPENINGELEMENT('3x4cgiq0z4G9YUkdUR$CEn',#5,$,$,'Opening',#4835,#4837,$);
#4839= IFCRELVOIDSELEMENT('0MFVGEzN91cupXVtvfqKcv',#5,'Drill Hole',$,#4834,#4838);
#4840= IFCCARTESIANPOINT((67768.0000000459,21241.7904100031,52644.9989501104));
#4841= IFCAXIS2PLACEMENT3D(#4840,#4163,#4164);
#4842= IFCLOCALPLACEMENT(#4800,#4841);
#4843= IFCSHAPEREPRESENTATION(#12,'Body','Brep',(#676));
#4844= IFCPRODUCTDEFINITIONSHAPE($,$,(#4843));
#4845= IFCDISCRETEACCESSORY('0F43JBcYb738EoVfrsX0YL',#44,'Support section',$,$,#4842,#4844,'1497(?)');
#4846= IFCCARTESIANPOINT((67768.000000047,21341.7904100042,52644.9989501104));
#4847= IFCAXIS2PLACEMENT3D(#4846,#4163,#4164);
#4848= IFCLOCALPLACEMENT(#4800,#4847);
#4849= IFCSHAPEREPRESENTATION(#12,'Body','Brep',(#676));
#4850= IFCPRODUCTDEFINITIONSHAPE($,$,(#4849));
#4851= IFCDISCRETEACCESSORY('2yGTmFco9DZOABw5Jg7tmn',#44,'Support section',$,$,#4848,#4850,'1497(?)');
#4852= IFCCARTESIANPOINT((67505.000000002,21287.691160745,52594.9981994629));
#4853= IFCAXIS2PLACEMENT3D(#4852,#9,#8);
#4854= IFCLOCALPLACEMENT(#4800,#4853);
#4855= IFCSHAPEREPRESENTATION(#12,'Body','SweptSolid',(#696));
#4856= IFCPRODUCTDEFINITIONSHAPE($,$,(#4855));
#4857= IFCCOLUMN('2of6F8LSzEIhk$J8hrpK8j',#44,'main piece','PL10*200','PL10*200',#4854,#4856,'1496(?)');
#4858= IFCLOCALPLACEMENT(#42,#10);
#4859= IFCELEMENTASSEMBLY('1Obszjq8jBxxkKG1w15ef6',#44,'BEAM',$,$,#4858,$,'B/671(?)',.NOTDEFINED.,.RIGID_FRAME.);
#4860= IFCPROPERTYSINGLEVALUE('AssemblyMark',$,IFCIDENTIFIER('B/671(?)'),$);
#4861= IFCPROPERTYSET('02May$Wmn0FA$m6etiUcbV',#5,'AISC_EM11_Pset_AssemblyIdentification','AssemblyIdentity',(#4860,#52,#53));
#4862= IFCCARTESIANPOINT((67490.0000000021,20702.6930769794,52834.9981994629));
#4863= IFCAXIS2PLACEMENT3D(#4862,#3991,#57);
#4864= IFCLOCALPLACEMENT(#4858,#4863);
#4865= IFCCARTESIANPOINT((0.,3.30110706357692,0.));
#4866= IFCAXIS2PLACEMENT3D(#4865,#8,#7);
#4867= IFCEXTRUDEDAREASOLID(#78,#4866,#9,8.);
#4868= IFCCARTESIANPOINT((0.,11.3011070635769,0.));
#4869= IFCAXIS2PLACEMENT3D(#4868,#8,#7);
#4870= IFCEXTRUDEDAREASOLID(#67,#4869,#9,13.);
#4871= IFCSHAPEREPRESENTATION(#12,'Body','SweptSolid',(#70,#77,#4867,#4870));
#4872= IFCREPRESENTATIONMAP(#10,#4871);
#4873= IFCMAPPEDITEM(#4872,#86);
#4874= IFCMAPPEDITEM(#4872,#91);
#4875= IFCMAPPEDITEM(#4872,#94);
#4876= IFCSHAPEREPRESENTATION(#12,'Body','MappedRepresentation',(#4873,#4874,#4875));
#4877= IFCSHAPEREPRESENTATION(#12,'Axis','MappedRepresentation',(#101,#102,#103));
#4878= IFCPRODUCTDEFINITIONSHAPE($,$,(#4876,#4877));
#4879= IFCMECHANICALFASTENER('1Gm7XCHPPCreBCfe2aN6sA',#44,'Bolt assembly',$,$,#4864,#4878,'ID50c0784c-4596-4cd6-82cc-a680a45c6d8a',16.,40.);
#4880= IFCLOCALPLACEMENT(#42,#10);
#4881= IFCELEMENTASSEMBLY('0J5x7V7_54tPDu2m9Htgbf',#44,$,$,$,#4880,$,'A/193(?)',.NOTDEFINED.,.RIGID_FRAME.);
#4882= IFCCARTESIANPOINT((67511.1715729195,20659.6207533623,52771.8273772359));
#4883= IFCAXIS2PLACEMENT3D(#4882,#4123,#4124);
#4884= IFCLOCALPLACEMENT(#4880,#4883);
#4885= IFCSHAPEREPRESENTATION(#12,'Body','Brep',(#3959));
#4886= IFCSHAPEREPRESENTATION(#13,'Axis','GeometricCurveSet',(#3966));
#4887= IFCPRODUCTDEFINITIONSHAPE($,$,(#4885,#4886));
#4888= IFCFASTENER('09SAot3WnDy8e1zEVGXuH1',#44,'Weld',$,$,#4884,#4887,'ID0970acb7-0e0c-4df0-8a01-f4e7d0878441');
#4889= IFCPROPERTYSINGLEVALUE('WeldID',$,IFCINTEGER(115396707),$);
#4890= IFCPROPERTYSET('098RYqCyfAJ8X0gQc6fU3f',#5,'AISC_EM11_Pset_Weld','WeldIdentity',(#305,#306,#307,#308,#4889,#310,#311,#312,#313,#314,#315,#316,#317,#318,#319,#320));
#4891= IFCCARTESIANPOINT((67511.1715729206,20759.6207533634,52771.8273772359));
#4892= IFCAXIS2PLACEMENT3D(#4891,#4123,#4124);
#4893= IFCLOCALPLACEMENT(#4880,#4892);
#4894= IFCSHAPEREPRESENTATION(#12,'Body','Brep',(#3959));
#4895= IFCSHAPEREPRESENTATION(#13,'Axis','GeometricCurveSet',(#3966));
#4896= IFCPRODUCTDEFINITIONSHAPE($,$,(#4894,#4895));
#4897= IFCFASTENER('04aE7QXor8Tvay1f5PCszg',#44,'Weld',$,$,#4893,#4896,'ID0490e1da-872d-4877-993c-069159336f6a');
#4898= IFCPROPERTYSINGLEVALUE('WeldID',$,IFCINTEGER(115396662),$);
#4899= IFCPROPERTYSET('1AqdH6FCv7TeSk8qzlcmz8',#5,'AISC_EM11_Pset_Weld','WeldIdentity',(#305,#306,#307,#308,#4898,#310,#311,#312,#313,#314,#315,#316,#317,#318,#319,#320));
#4900= IFCCARTESIANPOINT((67500.,20711.793,52714.998));
#4901= IFCAXIS2PLACEMENT3D(#4900,#3991,#9);
#4902= IFCLOCALPLACEMENT(#4880,#4901);
#4903= IFCSHAPEREPRESENTATION(#12,'Body','Brep',(#3729));
#4904= IFCSHAPEREPRESENTATION(#13,'Axis','GeometricCurveSet',(#380,#3733));
#4905= IFCPRODUCTDEFINITIONSHAPE($,$,(#4903,#4904));
#4906= IFCFASTENER('16R1ESAJbCrwcmVLOgOJE6',#44,'Weld',$,$,#4902,#4905,'ID466c139c-2939-4cd7-a9b0-7d562a613386');
#4907= IFCPROPERTYSINGLEVALUE('WeldID',$,IFCINTEGER(115396599),$);
#4908= IFCPROPERTYSET('1T2PFdaof5LfrWot3tBWhk',#5,'AISC_EM11_Pset_Weld','WeldIdentity',(#305,#306,#307,#308,#4907,#388,#311,#312,#389,#314,#390,#391,#317,#318,#319,#320));
#4909= IFCCARTESIANPOINT((67445.0000000023,20708.7930768835,52619.9981994629));
#4910= IFCAXIS2PLACEMENT3D(#4909,#9,#7);
#4911= IFCLOCALPLACEMENT(#4880,#4910);
#4912= IFCSHAPEREPRESENTATION(#12,'Body','SweptSolid',(#400));
#4913= IFCPRODUCTDEFINITIONSHAPE($,$,(#4912));
#4914= IFCDISCRETEACCESSORY('1nLRWAeDX3PQRZP6BR2Lfa',#44,'Support section',$,$,#4911,#4913,'1050(?)');
#4915= IFCLOCALPLACEMENT(#4880,#4863);
#4916= IFCSHAPEREPRESENTATION(#12,'Body','MappedRepresentation',(#411,#412,#413));
#4917= IFCPRODUCTDEFINITIONSHAPE($,$,(#4916));
#4918= IFCOPENINGELEMENT('0n18teacfFau$qiPLrfbDM',#5,$,$,'Opening',#4915,#4917,$);
#4919= IFCRELVOIDSELEMENT('1ntUpX83H44h54BS4IitN2',#5,'Drill Hole',$,#4914,#4918);
#4920= IFCCARTESIANPOINT((67768.0000000459,20656.7923262376,52644.9989501104));
#4921= IFCAXIS2PLACEMENT3D(#4920,#4163,#4164);
#4922= IFCLOCALPLACEMENT(#4880,#4921);
#4923= IFCSHAPEREPRESENTATION(#12,'Body','Brep',(#676));
#4924= IFCPRODUCTDEFINITIONSHAPE($,$,(#4923));
#4925= IFCDISCRETEACCESSORY('28DuFdkpnFaOsJU3NT3FiC',#44,'Support section',$,$,#4922,#4924,'1497(?)');
#4926= IFCCARTESIANPOINT((67768.000000047,20756.7923262387,52644.9989501104));
#4927= IFCAXIS2PLACEMENT3D(#4926,#4163,#4164);
#4928= IFCLOCALPLACEMENT(#4880,#4927);
#4929= IFCSHAPEREPRESENTATION(#12,'Body','Brep',(#676));
#4930= IFCPRODUCTDEFINITIONSHAPE($,$,(#4929));
#4931= IFCDISCRETEACCESSORY('1w5eQfVWH9LPzI7IFNtqdi',#44,'Support section',$,$,#4928,#4930,'1497(?)');
#4932= IFCCARTESIANPOINT((67505.000000002,20702.6930769795,52594.9981994629));
#4933= IFCAXIS2PLACEMENT3D(#4932,#9,#8);
#4934= IFCLOCALPLACEMENT(#4880,#4933);
#4935= IFCSHAPEREPRESENTATION(#12,'Body','SweptSolid',(#696));
#4936= IFCPRODUCTDEFINITIONSHAPE($,$,(#4935));
#4937= IFCCOLUMN('3PlnsUQur0MfdPCMwMb15s',#44,'main piece','PL10*200','PL10*200',#4934,#4936,'1496(?)');
#4938= IFCLOCALPLACEMENT(#42,#10);
#4939= IFCELEMENTASSEMBLY('2SuKuauYP8S9r0UuLqsgAS',#44,'BEAM',$,$,#4938,$,'B/674(?)',.NOTDEFINED.,.RIGID_FRAME.);
#4940= IFCPROPERTYSINGLEVALUE('AssemblyMark',$,IFCIDENTIFIER('B/674(?)'),$);
#4941= IFCPROPERTYSET('3X91mmlL5AKfo0GWkhawqF',#5,'AISC_EM11_Pset_AssemblyIdentification','AssemblyIdentity',(#4940,#52,#53));
#4942= IFCCARTESIANPOINT((67490.0000000021,19653.3745610174,52834.9981994629));
#4943= IFCAXIS2PLACEMENT3D(#4942,#3991,#57);
#4944= IFCLOCALPLACEMENT(#4938,#4943);
#4945= IFCCARTESIANPOINT((0.,3.30082371382471,0.));
#4946= IFCAXIS2PLACEMENT3D(#4945,#8,#7);
#4947= IFCEXTRUDEDAREASOLID(#78,#4946,#9,8.);
#4948= IFCCARTESIANPOINT((0.,11.3008237138247,0.));
#4949= IFCAXIS2PLACEMENT3D(#4948,#8,#7);
#4950= IFCEXTRUDEDAREASOLID(#67,#4949,#9,13.);
#4951= IFCSHAPEREPRESENTATION(#12,'Body','SweptSolid',(#70,#77,#4947,#4950));
#4952= IFCREPRESENTATIONMAP(#10,#4951);
#4953= IFCMAPPEDITEM(#4952,#86);
#4954= IFCMAPPEDITEM(#4952,#91);
#4955= IFCMAPPEDITEM(#4952,#94);
#4956= IFCSHAPEREPRESENTATION(#12,'Body','MappedRepresentation',(#4953,#4954,#4955));
#4957= IFCSHAPEREPRESENTATION(#12,'Axis','MappedRepresentation',(#101,#102,#103));
#4958= IFCPRODUCTDEFINITIONSHAPE($,$,(#4956,#4957));
#4959= IFCMECHANICALFASTENER('0ZCXdacXPDWO6J8VQciLV$',#44,'Bolt assembly',$,$,#4944,#4958,'ID233219e4-9a16-4d81-8193-21f6a6b157ff',16.,40.);
#4960= IFCLOCALPLACEMENT(#42,#10);
#4961= IFCELEMENTASSEMBLY('3qZKjkIvXBaRCRaqIugbNI',#44,$,$,$,#4960,$,'A/193(?)',.NOTDEFINED.,.RIGID_FRAME.);
#4962= IFCCARTESIANPOINT((67511.1715729195,19610.3022374003,52771.8273772359));
#4963= IFCAXIS2PLACEMENT3D(#4962,#4123,#4124);
#4964= IFCLOCALPLACEMENT(#4960,#4963);
#4965= IFCSHAPEREPRESENTATION(#12,'Body','Brep',(#3959));
#4966= IFCSHAPEREPRESENTATION(#13,'Axis','GeometricCurveSet',(#3966));
#4967= IFCPRODUCTDEFINITIONSHAPE($,$,(#4965,#4966));
#4968= IFCFASTENER('36BJbgLN979hraD2vVSayn',#44,'Weld',$,$,#4964,#4967,'IDc62d396a-5572-4726-bd64-342e5f724f31');
#4969= IFCPROPERTYSINGLEVALUE('WeldID',$,IFCINTEGER(115396316),$);
#4970= IFCPROPERTYSET('0dqJG87U58RASEKgk$eXnG',#5,'AISC_EM11_Pset_Weld','WeldIdentity',(#305,#306,#307,#308,#4969,#310,#311,#312,#313,#314,#315,#316,#317,#318,#319,#320));
#4971= IFCCARTESIANPOINT((67511.1715729206,19710.3022374014,52771.8273772359));
#4972= IFCAXIS2PLACEMENT3D(#4971,#4123,#4124);
#4973= IFCLOCALPLACEMENT(#4960,#4972);
#4974= IFCSHAPEREPRESENTATION(#12,'Body','Brep',(#3959));
#4975= IFCSHAPEREPRESENTATION(#13,'Axis','GeometricCurveSet',(#3966));
#4976= IFCPRODUCTDEFINITIONSHAPE($,$,(#4974,#4975));
#4977= IFCFASTENER('0gRf3CdX53EBluP6GQS3de',#44,'Weld',$,$,#4973,#4976,'ID2a6e90cc-9e11-4338-bbf8-64641a7039e8');
#4978= IFCPROPERTYSINGLEVALUE('WeldID',$,IFCINTEGER(115396271),$);
#4979= IFCPROPERTYSET('0C0sSL79z3BuQFxjiWfYD$',#5,'AISC_EM11_Pset_Weld','WeldIdentity',(#305,#306,#307,#308,#4978,#310,#311,#312,#313,#314,#315,#316,#317,#318,#319,#320));
#4980= IFCCARTESIANPOINT((67500.,19662.475,52714.998));
#4981= IFCAXIS2PLACEMENT3D(#4980,#3991,#9);
#4982= IFCLOCALPLACEMENT(#4960,#4981);
#4983= IFCSHAPEREPRESENTATION(#12,'Body','Brep',(#3729));
#4984= IFCSHAPEREPRESENTATION(#13,'Axis','GeometricCurveSet',(#380,#3733));
#4985= IFCPRODUCTDEFINITIONSHAPE($,$,(#4983,#4984));
#4986= IFCFASTENER('1uY$sVTsX6FPkidynV_Ibp',#44,'Weld',$,$,#4982,#4985,'ID788bfd9f-7768-463d-9bac-9fcc5ff92973');
#4987= IFCPROPERTYSINGLEVALUE('WeldID',$,IFCINTEGER(115396208),$);
#4988= IFCPROPERTYSET('1fiDefTZ503vuENlxb2IXP',#5,'AISC_EM11_Pset_Weld','WeldIdentity',(#305,#306,#307,#308,#4987,#388,#311,#312,#389,#314,#390,#391,#317,#318,#319,#320));
#4989= IFCCARTESIANPOINT((67445.0000000023,19659.4745609215,52619.9981994629));
#4990= IFCAXIS2PLACEMENT3D(#4989,#9,#7);
#4991= IFCLOCALPLACEMENT(#4960,#4990);
#4992= IFCSHAPEREPRESENTATION(#12,'Body','SweptSolid',(#400));
#4993= IFCPRODUCTDEFINITIONSHAPE($,$,(#4992));
#4994= IFCDISCRETEACCESSORY('3EsHeo9$z1Xu2ve8y7qwSn',#44,'Support section',$,$,#4991,#4993,'1050(?)');
#4995= IFCLOCALPLACEMENT(#4960,#4943);
#4996= IFCSHAPEREPRESENTATION(#12,'Body','MappedRepresentation',(#411,#412,#413));
#4997= IFCPRODUCTDEFINITIONSHAPE($,$,(#4996));
#4998= IFCOPENINGELEMENT('0qDBSGHu183AT2wmM4kDgG',#5,$,$,'Opening',#4995,#4997,$);
#4999= IFCRELVOIDSELEMENT('2VYuLPmz91vgi7sI7EkIBO',#5,'Drill Hole',$,#4994,#4998);
#5000= IFCCARTESIANPOINT((67768.0000000459,19607.4738102756,52644.9989501104));
#5001= IFCAXIS2PLACEMENT3D(#5000,#4163,#4164);
#5002= IFCLOCALPLACEMENT(#4960,#5001);
#5003= IFCSHAPEREPRESENTATION(#12,'Body','Brep',(#676));
#5004= IFCPRODUCTDEFINITIONSHAPE($,$,(#5003));
#5005= IFCDISCRETEACCESSORY('1byFqLGDLDCeK5TSLA1NV5',#44,'Support section',$,$,#5002,#5004,'1497(?)');
#5006= IFCCARTESIANPOINT((67768.000000047,19707.4738102767,52644.9989501104));
#5007= IFCAXIS2PLACEMENT3D(#5006,#4163,#4164);
#5008= IFCLOCALPLACEMENT(#4960,#5007);
#5009= IFCSHAPEREPRESENTATION(#12,'Body','Brep',(#676));
#5010= IFCPRODUCTDEFINITIONSHAPE($,$,(#5009));
#5011= IFCDISCRETEACCESSORY('03PWZXlgzBvBy_Q9V6YPeJ',#44,'Support section',$,$,#5008,#5010,'1497(?)');
#5012= IFCCARTESIANPOINT((67505.000000002,19653.3745610175,52594.9981994629));
#5013= IFCAXIS2PLACEMENT3D(#5012,#9,#8);
#5014= IFCLOCALPLACEMENT(#4960,#5013);
#5015= IFCSHAPEREPRESENTATION(#12,'Body','SweptSolid',(#696));
#5016= IFCPRODUCTDEFINITIONSHAPE($,$,(#5015));
#5017= IFCCOLUMN('2PjcEvt4b6LvfrhxoITdF5',#44,'main piece','PL10*200','PL10*200',#5014,#5016,'1496(?)');
#5018= IFCLOCALPLACEMENT(#42,#10);
#5019= IFCELEMENTASSEMBLY('0nST791jn0Fwm5H4B00c5w',#44,'BEAM',$,$,#5018,$,'B/658(?)',.NOTDEFINED.,.RIGID_FRAME.);
#5020= IFCPROPERTYSINGLEVALUE('AssemblyMark',$,IFCIDENTIFIER('B/658(?)'),$);
#5021= IFCPROPERTYSET('0GWQzn5en6xfQDYclFRyKy',#5,'AISC_EM11_Pset_AssemblyIdentification','AssemblyIdentity',(#5020,#52,#53));
#5022= IFCCARTESIANPOINT((67490.0000000021,18918.3749347386,52834.9981994629));
#5023= IFCAXIS2PLACEMENT3D(#5022,#3991,#57);
#5024= IFCLOCALPLACEMENT(#5018,#5023);
#5025= IFCSHAPEREPRESENTATION(#12,'Body','MappedRepresentation',(#4793,#4794,#4795));
#5026= IFCSHAPEREPRESENTATION(#12,'Axis','MappedRepresentation',(#101,#102,#103));
#5027= IFCPRODUCTDEFINITIONSHAPE($,$,(#5025,#5026));
#5028= IFCMECHANICALFASTENER('2YgwuUUGr2Cg7aA2ykMjwL',#44,'Bolt assembly',$,$,#5024,#5027,'IDa2abae1e-790d-4232-a1e4-282f2e5ade95',16.,40.);
#5029= IFCLOCALPLACEMENT(#42,#10);
#5030= IFCELEMENTASSEMBLY('0MpO56obv6vPwOacGiObmy',#44,$,$,$,#5029,$,'A/193(?)',.NOTDEFINED.,.RIGID_FRAME.);
#5031= IFCCARTESIANPOINT((67511.1715729195,18875.3026111215,52771.8273772359));
#5032= IFCAXIS2PLACEMENT3D(#5031,#4123,#4124);
#5033= IFCLOCALPLACEMENT(#5029,#5032);
#5034= IFCSHAPEREPRESENTATION(#12,'Body','Brep',(#3959));
#5035= IFCSHAPEREPRESENTATION(#13,'Axis','GeometricCurveSet',(#3966));
#5036= IFCPRODUCTDEFINITIONSHAPE($,$,(#5034,#5035));
#5037= IFCFASTENER('2Q2yqmq9jCyxSkQB_iEA94',#44,'Weld',$,$,#5033,#5036,'ID9a0bcd30-d09b-4cf3-b72e-68bfac38a244');
#5038= IFCPROPERTYSINGLEVALUE('WeldID',$,IFCINTEGER(115395925),$);
#5039= IFCPROPERTYSET('0vk6bWtrn8Ev1zCt6bUq6$',#5,'AISC_EM11_Pset_Weld','WeldIdentity',(#305,#306,#307,#308,#5038,#310,#311,#312,#313,#314,#315,#316,#317,#318,#319,#320));
#5040= IFCCARTESIANPOINT((67511.1715729206,18975.3026111226,52771.8273772359));
#5041= IFCAXIS2PLACEMENT3D(#5040,#4123,#4124);
#5042= IFCLOCALPLACEMENT(#5029,#5041);
#5043= IFCSHAPEREPRESENTATION(#12,'Body','Brep',(#3959));
#5044= IFCSHAPEREPRESENTATION(#13,'Axis','GeometricCurveSet',(#3966));
#5045= IFCPRODUCTDEFINITIONSHAPE($,$,(#5043,#5044));
#5046= IFCFASTENER('0M4kUABG9B_Rvxr_m4qWNJ',#44,'Weld',$,$,#5042,#5045,'ID1612e78a-2d02-4bf9-be7b-d7ec04d205d3');
#5047= IFCPROPERTYSINGLEVALUE('WeldID',$,IFCINTEGER(115395880),$);
#5048= IFCPROPERTYSET('1GuF_e8YLBVOysR_M4AIB8',#5,'AISC_EM11_Pset_Weld','WeldIdentity',(#305,#306,#307,#308,#5047,#310,#311,#312,#313,#314,#315,#316,#317,#318,#319,#320));
#5049= IFCCARTESIANPOINT((67500.,18927.475,52714.998));
#5050= IFCAXIS2PLACEMENT3D(#5049,#3991,#9);
#5051= IFCLOCALPLACEMENT(#5029,#5050);
#5052= IFCSHAPEREPRESENTATION(#12,'Body','Brep',(#3729));
#5053= IFCSHAPEREPRESENTATION(#13,'Axis','GeometricCurveSet',(#380,#3733));
#5054= IFCPRODUCTDEFINITIONSHAPE($,$,(#5052,#5053));
#5055= IFCFASTENER('2KWrnQgCr7ihvQyIN3$sIM',#44,'Weld',$,$,#5051,#5054,'ID94835c5a-a8cd-47b2-be5a-f125c3ff6496');
#5056= IFCPROPERTYSINGLEVALUE('WeldID',$,IFCINTEGER(115395817),$);
#5057= IFCPROPERTYSET('3k0pg_EFXDcOaMbZ$TVNWo',#5,'AISC_EM11_Pset_Weld','WeldIdentity',(#305,#306,#307,#308,#5056,#388,#311,#312,#389,#314,#390,#391,#317,#318,#319,#320));
#5058= IFCCARTESIANPOINT((67445.0000000023,18924.4749346427,52619.9981994629));
#5059= IFCAXIS2PLACEMENT3D(#5058,#9,#7);
#5060= IFCLOCALPLACEMENT(#5029,#5059);
#5061= IFCSHAPEREPRESENTATION(#12,'Body','SweptSolid',(#400));
#5062= IFCPRODUCTDEFINITIONSHAPE($,$,(#5061));
#5063= IFCDISCRETEACCESSORY('0OH4mW3bn5XxxkcR7KoE7p',#44,'Support section',$,$,#5060,#5062,'1050(?)');
#5064= IFCLOCALPLACEMENT(#5029,#5023);
#5065= IFCSHAPEREPRESENTATION(#12,'Body','MappedRepresentation',(#411,#412,#413));
#5066= IFCPRODUCTDEFINITIONSHAPE($,$,(#5065));
#5067= IFCOPENINGELEMENT('3BKPgLU8v7TeFU7R7NiCZc',#5,$,$,'Opening',#5064,#5066,$);
#5068= IFCRELVOIDSELEMENT('1yiUfkYl51o8usio4rvAYE',#5,'Drill Hole',$,#5063,#5067);
#5069= IFCCARTESIANPOINT((67768.0000000459,18872.4741839968,52644.9989501104));
#5070= IFCAXIS2PLACEMENT3D(#5069,#4163,#4164);
#5071= IFCLOCALPLACEMENT(#5029,#5070);
#5072= IFCSHAPEREPRESENTATION(#12,'Body','Brep',(#676));
#5073= IFCPRODUCTDEFINITIONSHAPE($,$,(#5072));
#5074= IFCDISCRETEACCESSORY('2CNLR9_uj7ie0J_7$$sdof',#44,'Support section',$,$,#5071,#5073,'1497(?)');
#5075= IFCCARTESIANPOINT((67768.000000047,18972.4741839979,52644.9989501104));
#5076= IFCAXIS2PLACEMENT3D(#5075,#4163,#4164);
#5077= IFCLOCALPLACEMENT(#5029,#5076);
#5078= IFCSHAPEREPRESENTATION(#12,'Body','Brep',(#676));
#5079= IFCPRODUCTDEFINITIONSHAPE($,$,(#5078));
#5080= IFCDISCRETEACCESSORY('01znsUTlr5sxXYL92qgEoJ',#44,'Support section',$,$,#5077,#5079,'1497(?)');
#5081= IFCCARTESIANPOINT((67505.000000002,18918.3749347387,52594.9981994629));
#5082= IFCAXIS2PLACEMENT3D(#5081,#9,#8);
#5083= IFCLOCALPLACEMENT(#5029,#5082);
#5084= IFCSHAPEREPRESENTATION(#12,'Body','SweptSolid',(#696));
#5085= IFCPRODUCTDEFINITIONSHAPE($,$,(#5084));
#5086= IFCCOLUMN('0DYfqMp1X7QPGCBVwh2qgA',#44,'main piece','PL10*200','PL10*200',#5083,#5085,'1496(?)');
#5087= IFCLOCALPLACEMENT(#42,#10);
#5088= IFCELEMENTASSEMBLY('0cL$TSkWjBPhINUW_7ebiB',#44,'BEAM',$,$,#5087,$,'B/761(?)',.NOTDEFINED.,.RIGID_FRAME.);
#5089= IFCPROPERTYSINGLEVALUE('AssemblyMark',$,IFCIDENTIFIER('B/761(?)'),$);
#5090= IFCPROPERTYSET('3H8M0_Ql56ExPO3UonKsVg',#5,'AISC_EM11_Pset_AssemblyIdentification','AssemblyIdentity',(#5089,#52,#53));
#5091= IFCCARTESIANPOINT((67490.0000000021,12840.1913186396,52849.9981994629));
#5092= IFCAXIS2PLACEMENT3D(#5091,#3991,#57);
#5093= IFCLOCALPLACEMENT(#5087,#5092);
#5094= IFCCARTESIANPOINT((0.,3.09999990054712,0.));
#5095= IFCAXIS2PLACEMENT3D(#5094,#8,#7);
#5096= IFCEXTRUDEDAREASOLID(#78,#5095,#9,8.);
#5097= IFCCARTESIANPOINT((0.,11.0999999005471,0.));
#5098= IFCAXIS2PLACEMENT3D(#5097,#8,#7);
#5099= IFCEXTRUDEDAREASOLID(#67,#5098,#9,13.);
#5100= IFCSHAPEREPRESENTATION(#12,'Body','SweptSolid',(#70,#77,#5096,#5099));
#5101= IFCREPRESENTATIONMAP(#10,#5100);
#5102= IFCMAPPEDITEM(#5101,#86);
#5103= IFCMAPPEDITEM(#5101,#91);
#5104= IFCMAPPEDITEM(#5101,#94);
#5105= IFCSHAPEREPRESENTATION(#12,'Body','MappedRepresentation',(#5102,#5103,#5104));
#5106= IFCSHAPEREPRESENTATION(#12,'Axis','MappedRepresentation',(#101,#102,#103));
#5107= IFCPRODUCTDEFINITIONSHAPE($,$,(#5105,#5106));
#5108= IFCMECHANICALFASTENER('0sYO7nHTD6BgIX290egCMa',#44,'Bolt assembly',$,$,#5093,#5107,'ID368981f1-45d3-462e-a4a1-089028a8c5a4',16.,40.);
#5109= IFCLOCALPLACEMENT(#42,#10);
#5110= IFCELEMENTASSEMBLY('2EWHYnAEL9MfWBA4_F$1NR',#44,$,$,$,#5109,$,'A/193(?)',.NOTDEFINED.,.RIGID_FRAME.);
#5111= IFCCARTESIANPOINT((67511.1715729195,12797.1189950225,52786.8273772359));
#5112= IFCAXIS2PLACEMENT3D(#5111,#4123,#4124);
#5113= IFCLOCALPLACEMENT(#5109,#5112);
#5114= IFCSHAPEREPRESENTATION(#12,'Body','Brep',(#3959));
#5115= IFCSHAPEREPRESENTATION(#13,'Axis','GeometricCurveSet',(#3966));
#5116= IFCPRODUCTDEFINITIONSHAPE($,$,(#5114,#5115));
#5117= IFCFASTENER('2oQSm3nff2ifQfHXd1VxnW',#44,'Weld',$,$,#5113,#5116,'IDb269cc03-c69a-42b2-96a9-4619c17fbc60');
#5118= IFCPROPERTYSINGLEVALUE('WeldID',$,IFCINTEGER(115395534),$);
#5119= IFCPROPERTYSET('1i1SP2zZT40PO2jr7YCY9E',#5,'AISC_EM11_Pset_Weld','WeldIdentity',(#305,#306,#307,#308,#5118,#310,#311,#312,#313,#314,#315,#316,#317,#318,#319,#320));
#5120= IFCCARTESIANPOINT((67511.1715729206,12897.1189950236,52786.8273772359));
#5121= IFCAXIS2PLACEMENT3D(#5120,#4123,#4124);
#5122= IFCLOCALPLACEMENT(#5109,#5121);
#5123= IFCSHAPEREPRESENTATION(#12,'Body','Brep',(#3959));
#5124= IFCSHAPEREPRESENTATION(#13,'Axis','GeometricCurveSet',(#3966));
#5125= IFCPRODUCTDEFINITIONSHAPE($,$,(#5123,#5124));
#5126= IFCFASTENER('1QVhVC5yDFg9hplED5gB39',#44,'Weld',$,$,#5122,#5125,'ID5a7eb7cc-17c3-4fa8-9af3-bce345a8b0c9');
#5127= IFCPROPERTYSINGLEVALUE('WeldID',$,IFCINTEGER(115395489),$);
#5128= IFCPROPERTYSET('231uOmRIj0deQxHi6XHIEF',#5,'AISC_EM11_Pset_Weld','WeldIdentity',(#305,#306,#307,#308,#5127,#310,#311,#312,#313,#314,#315,#316,#317,#318,#319,#320));
#5129= IFCCARTESIANPOINT((67500.,12849.291,52729.998));
#5130= IFCAXIS2PLACEMENT3D(#5129,#3991,#9);
#5131= IFCLOCALPLACEMENT(#5109,#5130);
#5132= IFCSHAPEREPRESENTATION(#12,'Body','Brep',(#3729));
#5133= IFCSHAPEREPRESENTATION(#13,'Axis','GeometricCurveSet',(#380,#3733));
#5134= IFCPRODUCTDEFINITIONSHAPE($,$,(#5132,#5133));
#5135= IFCFASTENER('1awn9v1vPDcxxZy6i6ZOmh',#44,'Weld',$,$,#5131,#5134,'ID64eb1279-0796-4d9b-bee3-f06b068d8c2b');
#5136= IFCPROPERTYSINGLEVALUE('WeldID',$,IFCINTEGER(115395426),$);
#5137= IFCPROPERTYSET('29kZkZ_tH57w4Xr6UD4ttz',#5,'AISC_EM11_Pset_Weld','WeldIdentity',(#305,#306,#307,#308,#5136,#388,#311,#312,#389,#314,#390,#391,#317,#318,#319,#320));
#5138= IFCCARTESIANPOINT((67445.0000000023,12846.2913185437,52634.9981994629));
#5139= IFCAXIS2PLACEMENT3D(#5138,#9,#7);
#5140= IFCLOCALPLACEMENT(#5109,#5139);
#5141= IFCSHAPEREPRESENTATION(#12,'Body','SweptSolid',(#400));
#5142= IFCPRODUCTDEFINITIONSHAPE($,$,(#5141));
#5143= IFCDISCRETEACCESSORY('1qn8m7p2z0fua3Ng9O_hOI',#44,'Support section',$,$,#5140,#5142,'1050(?)');
#5144= IFCLOCALPLACEMENT(#5109,#5092);
#5145= IFCSHAPEREPRESENTATION(#12,'Body','MappedRepresentation',(#411,#412,#413));
#5146= IFCPRODUCTDEFINITIONSHAPE($,$,(#5145));
#5147= IFCOPENINGELEMENT('1Je8M6dLH0QvwlZuk13G6J',#5,$,$,'Opening',#5144,#5146,$);
#5148= IFCRELVOIDSELEMENT('1M3pLmrz53D8DdO5a7MZI3',#5,'Drill Hole',$,#5143,#5147);
#5149= IFCCARTESIANPOINT((67768.0000000459,12794.2905678977,52659.9989501104));
#5150= IFCAXIS2PLACEMENT3D(#5149,#4163,#4164);
#5151= IFCLOCALPLACEMENT(#5109,#5150);
#5152= IFCSHAPEREPRESENTATION(#12,'Body','Brep',(#676));
#5153= IFCPRODUCTDEFINITIONSHAPE($,$,(#5152));
#5154= IFCDISCRETEACCESSORY('1MzM6x2VT9Ju2Jf_Nohk_B',#44,'Support section',$,$,#5151,#5153,'1497(?)');
#5155= IFCCARTESIANPOINT((67768.000000047,12894.2905678988,52659.9989501104));
#5156= IFCAXIS2PLACEMENT3D(#5155,#4163,#4164);
#5157= IFCLOCALPLACEMENT(#5109,#5156);
#5158= IFCSHAPEREPRESENTATION(#12,'Body','Brep',(#676));
#5159= IFCPRODUCTDEFINITIONSHAPE($,$,(#5158));
#5160= IFCDISCRETEACCESSORY('2YVCmVitf5Tu$gLq7Jsi3l',#44,'Support section',$,$,#5157,#5159,'1497(?)');
#5161= IFCCARTESIANPOINT((67505.000000002,12840.1913186397,52609.9981994629));
#5162= IFCAXIS2PLACEMENT3D(#5161,#9,#8);
#5163= IFCLOCALPLACEMENT(#5109,#5162);
#5164= IFCSHAPEREPRESENTATION(#12,'Body','SweptSolid',(#696));
#5165= IFCPRODUCTDEFINITIONSHAPE($,$,(#5164));
#5166= IFCCOLUMN('3$Qef1_cb2dPNQGTlYzKk2',#44,'main piece','PL10*200','PL10*200',#5163,#5165,'1496(?)');
#5167= IFCLOCALPLACEMENT(#42,#10);
#5168= IFCELEMENTASSEMBLY('2CDchAgL5E$xO$58Hn6W$c',#44,'BEAM',$,$,#5167,$,'B/762(?)',.NOTDEFINED.,.RIGID_FRAME.);
#5169= IFCPROPERTYSINGLEVALUE('AssemblyMark',$,IFCIDENTIFIER('B/762(?)'),$);
#5170= IFCPROPERTYSET('2jvEuAIbL0CuIjhw1cfUPB',#5,'AISC_EM11_Pset_AssemblyIdentification','AssemblyIdentity',(#5169,#52,#53));
#5171= IFCCARTESIANPOINT((67490.0000000021,9958.54717439238,52849.9981994629));
#5172= IFCAXIS2PLACEMENT3D(#5171,#3991,#57);
#5173= IFCLOCALPLACEMENT(#5167,#5172);
#5174= IFCCARTESIANPOINT((0.,3.10025918036676,0.));
#5175= IFCAXIS2PLACEMENT3D(#5174,#8,#7);
#5176= IFCEXTRUDEDAREASOLID(#78,#5175,#9,8.);
#5177= IFCCARTESIANPOINT((0.,11.1002591803668,0.));
#5178= IFCAXIS2PLACEMENT3D(#5177,#8,#7);
#5179= IFCEXTRUDEDAREASOLID(#67,#5178,#9,13.);
#5180= IFCSHAPEREPRESENTATION(#12,'Body','SweptSolid',(#70,#77,#5176,#5179));
#5181= IFCREPRESENTATIONMAP(#10,#5180);
#5182= IFCMAPPEDITEM(#5181,#86);
#5183= IFCMAPPEDITEM(#5181,#91);
#5184= IFCMAPPEDITEM(#5181,#94);
#5185= IFCSHAPEREPRESENTATION(#12,'Body','MappedRepresentation',(#5182,#5183,#5184));
#5186= IFCSHAPEREPRESENTATION(#12,'Axis','MappedRepresentation',(#101,#102,#103));
#5187= IFCPRODUCTDEFINITIONSHAPE($,$,(#5185,#5186));
#5188= IFCMECHANICALFASTENER('245wbTjnP8feaQ606V6NhJ',#44,'Bolt assembly',$,$,#5173,#5187,'ID8417a95d-b716-48a6-891a-18019f197ad3',16.,40.);
#5189= IFCLOCALPLACEMENT(#42,#10);
#5190= IFCELEMENTASSEMBLY('3G3BLhLxj4NO2DDQ3uSDwB',#44,$,$,$,#5189,$,'A/193(?)',.NOTDEFINED.,.RIGID_FRAME.);
#5191= IFCCARTESIANPOINT((67511.1715729195,9915.47485077531,52786.8273772359));
#5192= IFCAXIS2PLACEMENT3D(#5191,#4123,#4124);
#5193= IFCLOCALPLACEMENT(#5189,#5192);
#5194= IFCSHAPEREPRESENTATION(#12,'Body','Brep',(#3959));
#5195= IFCSHAPEREPRESENTATION(#13,'Axis','GeometricCurveSet',(#3966));
#5196= IFCPRODUCTDEFINITIONSHAPE($,$,(#5194,#5195));
#5197= IFCFASTENER('20wC9tF9r3tuwcqwrITzoI',#44,'Weld',$,$,#5193,#5196,'ID80e8c277-3c9d-43df-8ea6-d3ad5277dc92');
#5198= IFCPROPERTYSINGLEVALUE('WeldID',$,IFCINTEGER(115395143),$);
#5199= IFCPROPERTYSET('0cvS3EAqj94wxDdnRd26DZ',#5,'AISC_EM11_Pset_Weld','WeldIdentity',(#305,#306,#307,#308,#5198,#310,#311,#312,#313,#314,#315,#316,#317,#318,#319,#320));
#5200= IFCCARTESIANPOINT((67511.1715729206,10015.4748507764,52786.8273772359));
#5201= IFCAXIS2PLACEMENT3D(#5200,#4123,#4124);
#5202= IFCLOCALPLACEMENT(#5189,#5201);
#5203= IFCSHAPEREPRESENTATION(#12,'Body','Brep',(#3959));
#5204= IFCSHAPEREPRESENTATION(#13,'Axis','GeometricCurveSet',(#3966));
#5205= IFCPRODUCTDEFINITIONSHAPE($,$,(#5203,#5204));
#5206= IFCFASTENER('3kpytwjcH5bvpvqm5M47H5',#44,'Weld',$,$,#5202,#5205,'IDeecfcdfa-b664-4597-9cf9-d30156107445');
#5207= IFCPROPERTYSINGLEVALUE('WeldID',$,IFCINTEGER(115395098),$);
#5208= IFCPROPERTYSET('1G4rHGZh1D5PYpCzOQOZjx',#5,'AISC_EM11_Pset_Weld','WeldIdentity',(#305,#306,#307,#308,#5207,#310,#311,#312,#313,#314,#315,#316,#317,#318,#319,#320));
#5209= IFCCARTESIANPOINT((67500.,9967.647,52729.998));
#5210= IFCAXIS2PLACEMENT3D(#5209,#3991,#9);
#5211= IFCLOCALPLACEMENT(#5189,#5210);
#5212= IFCSHAPEREPRESENTATION(#12,'Body','Brep',(#3729));
#5213= IFCSHAPEREPRESENTATION(#13,'Axis','GeometricCurveSet',(#380,#3733));
#5214= IFCPRODUCTDEFINITIONSHAPE($,$,(#5212,#5213));
#5215= IFCFASTENER('0qEb0wa$f7TR5488MD$z5Q',#44,'Weld',$,$,#5211,#5214,'ID343a503a-93fa-4775-b144-20858dffd15a');
#5216= IFCPROPERTYSINGLEVALUE('WeldID',$,IFCINTEGER(115395035),$);
#5217= IFCPROPERTYSET('3$uyTg$5D13P1SfmYUfH1c',#5,'AISC_EM11_Pset_Weld','WeldIdentity',(#305,#306,#307,#308,#5216,#388,#311,#312,#389,#314,#390,#391,#317,#318,#319,#320));
#5218= IFCCARTESIANPOINT((67445.0000000023,9964.64717429647,52634.9981994629));
#5219= IFCAXIS2PLACEMENT3D(#5218,#9,#7);
#5220= IFCLOCALPLACEMENT(#5189,#5219);
#5221= IFCSHAPEREPRESENTATION(#12,'Body','SweptSolid',(#400));
#5222= IFCPRODUCTDEFINITIONSHAPE($,$,(#5221));
#5223= IFCDISCRETEACCESSORY('2Pvk5Ix1jBR9vSDRuIteLb',#44,'Support section',$,$,#5220,#5222,'1050(?)');
#5224= IFCLOCALPLACEMENT(#5189,#5172);
#5225= IFCSHAPEREPRESENTATION(#12,'Body','MappedRepresentation',(#411,#412,#413));
#5226= IFCPRODUCTDEFINITIONSHAPE($,$,(#5225));
#5227= IFCOPENINGELEMENT('2kpcGWry1FEvzwBDAGwvzU',#5,$,$,'Opening',#5224,#5226,$);
#5228= IFCRELVOIDSELEMENT('20Lk5$p2r0GB2sWk5FRBnW',#5,'Drill Hole',$,#5223,#5227);
#5229= IFCCARTESIANPOINT((67768.0000000459,9912.64642365057,52659.9989501104));
#5230= IFCAXIS2PLACEMENT3D(#5229,#4163,#4164);
#5231= IFCLOCALPLACEMENT(#5189,#5230);
#5232= IFCSHAPEREPRESENTATION(#12,'Body','Brep',(#676));
#5233= IFCPRODUCTDEFINITIONSHAPE($,$,(#5232));
#5234= IFCDISCRETEACCESSORY('1rodd56x97$RnU0grWP1z8',#44,'Support section',$,$,#5231,#5233,'1497(?)');
#5235= IFCCARTESIANPOINT((67768.000000047,10012.6464236517,52659.9989501104));
#5236= IFCAXIS2PLACEMENT3D(#5235,#4163,#4164);
#5237= IFCLOCALPLACEMENT(#5189,#5236);
#5238= IFCSHAPEREPRESENTATION(#12,'Body','Brep',(#676));
#5239= IFCPRODUCTDEFINITIONSHAPE($,$,(#5238));
#5240= IFCDISCRETEACCESSORY('1$lUDUrE54UxffInGusPZl',#44,'Support section',$,$,#5237,#5239,'1497(?)');
#5241= IFCCARTESIANPOINT((67505.000000002,9958.54717439248,52609.9981994629));
#5242= IFCAXIS2PLACEMENT3D(#5241,#9,#8);
#5243= IFCLOCALPLACEMENT(#5189,#5242);
#5244= IFCSHAPEREPRESENTATION(#12,'Body','SweptSolid',(#696));
#5245= IFCPRODUCTDEFINITIONSHAPE($,$,(#5244));
#5246= IFCCOLUMN('3b_aXPsDn1T8qFXSiTSY6t',#44,'main piece','PL10*200','PL10*200',#5243,#5245,'1496(?)');
#5247= IFCLOCALPLACEMENT(#42,#10);
#5248= IFCELEMENTASSEMBLY('3X0KyKm719yukBtTh1vaDF',#44,'BEAM',$,$,#5247,$,'B/647(?)',.NOTDEFINED.,.RIGID_FRAME.);
#5249= IFCPROPERTYSINGLEVALUE('AssemblyMark',$,IFCIDENTIFIER('B/647(?)'),$);
#5250= IFCPROPERTYSET('1gMeDjEav3r9KWKbro8q0R',#5,'AISC_EM11_Pset_AssemblyIdentification','AssemblyIdentity',(#5249,#52,#53));
#5251= IFCCARTESIANPOINT((67490.0000000021,4219.50526440982,52849.9981994629));
#5252= IFCAXIS2PLACEMENT3D(#5251,#3991,#57);
#5253= IFCLOCALPLACEMENT(#5247,#5252);
#5254= IFCSHAPEREPRESENTATION(#12,'Body','MappedRepresentation',(#5102,#5103,#5104));
#5255= IFCSHAPEREPRESENTATION(#12,'Axis','MappedRepresentation',(#101,#102,#103));
#5256= IFCPRODUCTDEFINITIONSHAPE($,$,(#5254,#5255));
#5257= IFCMECHANICALFASTENER('1BPplASBnDtQf$$pyj990j',#44,'Bolt assembly',$,$,#5253,#5256,'ID4b673bca-70bc-4ddd-aa7f-ff3f2d24902d',16.,40.);
#5258= IFCLOCALPLACEMENT(#42,#10);
#5259= IFCELEMENTASSEMBLY('0qb3s__BzAuOlvhfOYNtjY',#44,$,$,$,#5258,$,'A/193(?)',.NOTDEFINED.,.RIGID_FRAME.);
#5260= IFCCARTESIANPOINT((67511.1715729195,4176.43294079275,52786.8273772359));
#5261= IFCAXIS2PLACEMENT3D(#5260,#4123,#4124);
#5262= IFCLOCALPLACEMENT(#5258,#5261);
#5263= IFCSHAPEREPRESENTATION(#12,'Body','Brep',(#3959));
#5264= IFCSHAPEREPRESENTATION(#13,'Axis','GeometricCurveSet',(#3966));
#5265= IFCPRODUCTDEFINITIONSHAPE($,$,(#5263,#5264));
#5266= IFCFASTENER('3P1xixvTDFO907kvjNsIZx',#44,'Weld',$,$,#5262,#5265,'IDd907bb3b-e5d3-4f60-9007-bb9b57d928fb');
#5267= IFCPROPERTYSINGLEVALUE('WeldID',$,IFCINTEGER(115394750),$);
#5268= IFCPROPERTYSET('3GgiKgdEX9zBf4NTC3vmla',#5,'AISC_EM11_Pset_Weld','WeldIdentity',(#305,#306,#307,#308,#5267,#310,#311,#312,#313,#314,#315,#316,#317,#318,#319,#320));
#5269= IFCCARTESIANPOINT((67511.1715729206,4276.43294079384,52786.8273772359));
#5270= IFCAXIS2PLACEMENT3D(#5269,#4123,#4124);
#5271= IFCLOCALPLACEMENT(#5258,#5270);
#5272= IFCSHAPEREPRESENTATION(#12,'Body','Brep',(#3959));
#5273= IFCSHAPEREPRESENTATION(#13,'Axis','GeometricCurveSet',(#3966));
#5274= IFCPRODUCTDEFINITIONSHAPE($,$,(#5272,#5273));
#5275= IFCFASTENER('3Ruv$$z$D3hASmStUCEA6N',#44,'Weld',$,$,#5271,#5274,'IDdbe39fff-f7f3-43ac-a730-73778c38a197');
#5276= IFCPROPERTYSINGLEVALUE('WeldID',$,IFCINTEGER(115394705),$);
#5277= IFCPROPERTYSET('1TSLB5sWv5nRjRT09wxog4',#5,'AISC_EM11_Pset_Weld','WeldIdentity',(#305,#306,#307,#308,#5276,#310,#311,#312,#313,#314,#315,#316,#317,#318,#319,#320));
#5278= IFCCARTESIANPOINT((67500.,4228.605,52729.998));
#5279= IFCAXIS2PLACEMENT3D(#5278,#3991,#9);
#5280= IFCLOCALPLACEMENT(#5258,#5279);
#5281= IFCSHAPEREPRESENTATION(#12,'Body','Brep',(#3729));
#5282= IFCSHAPEREPRESENTATION(#13,'Axis','GeometricCurveSet',(#380,#3733));
#5283= IFCPRODUCTDEFINITIONSHAPE($,$,(#5281,#5282));
#5284= IFCFASTENER('3ceoECqeb6fQWbgfiGr0ny',#44,'Weld',$,$,#5280,#5283,'IDe6a3238c-d289-46a5-a825-aa9b10d40c7c');
#5285= IFCPROPERTYSINGLEVALUE('WeldID',$,IFCINTEGER(115394642),$);
#5286= IFCPROPERTYSET('2hVmuzEKL4MgoepJYGtK5c',#5,'AISC_EM11_Pset_Weld','WeldIdentity',(#305,#306,#307,#308,#5285,#388,#311,#312,#389,#314,#390,#391,#317,#318,#319,#320));
#5287= IFCCARTESIANPOINT((67445.0000000023,4225.60526431391,52634.9981994629));
#5288= IFCAXIS2PLACEMENT3D(#5287,#9,#7);
#5289= IFCLOCALPLACEMENT(#5258,#5288);
#5290= IFCSHAPEREPRESENTATION(#12,'Body','SweptSolid',(#400));
#5291= IFCPRODUCTDEFINITIONSHAPE($,$,(#5290));
#5292= IFCDISCRETEACCESSORY('28X3iRzUn1JAw4ePVJY73e',#44,'Support section',$,$,#5289,#5291,'1050(?)');
#5293= IFCLOCALPLACEMENT(#5258,#5252);
#5294= IFCSHAPEREPRESENTATION(#12,'Body','MappedRepresentation',(#411,#412,#413));
#5295= IFCPRODUCTDEFINITIONSHAPE($,$,(#5294));
#5296= IFCOPENINGELEMENT('2VmZ6Vdvz5QOaEsMv4vLja',#5,$,$,'Opening',#5293,#5295,$);
#5297= IFCRELVOIDSELEMENT('33ZsAmYDHFbO986blArZ8R',#5,'Drill Hole',$,#5292,#5296);
#5298= IFCCARTESIANPOINT((67768.0000000459,4173.604513668,52659.9989501104));
#5299= IFCAXIS2PLACEMENT3D(#5298,#4163,#4164);
#5300= IFCLOCALPLACEMENT(#5258,#5299);
#5301= IFCSHAPEREPRESENTATION(#12,'Body','Brep',(#676));
#5302= IFCPRODUCTDEFINITIONSHAPE($,$,(#5301));
#5303= IFCDISCRETEACCESSORY('07kjGNsw98aegjq5W2QRkK',#44,'Support section',$,$,#5300,#5302,'1497(?)');
#5304= IFCCARTESIANPOINT((67768.000000047,4273.6045136691,52659.9989501104));
#5305= IFCAXIS2PLACEMENT3D(#5304,#4163,#4164);
#5306= IFCLOCALPLACEMENT(#5258,#5305);
#5307= IFCSHAPEREPRESENTATION(#12,'Body','Brep',(#676));
#5308= IFCPRODUCTDEFINITIONSHAPE($,$,(#5307));
#5309= IFCDISCRETEACCESSORY('3o$yoJUWr0g9SuP1kNpgSt',#44,'Support section',$,$,#5306,#5308,'1497(?)');
#5310= IFCCARTESIANPOINT((67505.000000002,4219.50526440992,52609.9981994629));
#5311= IFCAXIS2PLACEMENT3D(#5310,#9,#8);
#5312= IFCLOCALPLACEMENT(#5258,#5311);
#5313= IFCSHAPEREPRESENTATION(#12,'Body','SweptSolid',(#696));
#5314= IFCPRODUCTDEFINITIONSHAPE($,$,(#5313));
#5315= IFCCOLUMN('16oe3ObZ15LgdUaYBm8L7e',#44,'main piece','PL10*200','PL10*200',#5312,#5314,'1496(?)');
#5316= IFCLOCALPLACEMENT(#42,#10);
#5317= IFCELEMENTASSEMBLY('0Iw6Goufj8$xPtBJHDJOsi',#44,'BEAM',$,$,#5316,$,'B/648(?)',.NOTDEFINED.,.RIGID_FRAME.);
#5318= IFCPROPERTYSINGLEVALUE('AssemblyMark',$,IFCIDENTIFIER('B/648(?)'),$);
#5319= IFCPROPERTYSET('2Me1wZHg99kPEQ6ueqHymi',#5,'AISC_EM11_Pset_AssemblyIdentification','AssemblyIdentity',(#5318,#52,#53));
#5320= IFCCARTESIANPOINT((67490.0000000021,4689.50457776431,52849.9981994629));
#5321= IFCAXIS2PLACEMENT3D(#5320,#3991,#57);
#5322= IFCLOCALPLACEMENT(#5316,#5321);
#5323= IFCSHAPEREPRESENTATION(#12,'Body','MappedRepresentation',(#5102,#5103,#5104));
#5324= IFCSHAPEREPRESENTATION(#12,'Axis','MappedRepresentation',(#101,#102,#103));
#5325= IFCPRODUCTDEFINITIONSHAPE($,$,(#5323,#5324));
#5326= IFCMECHANICALFASTENER('3VgzvrnjXEbud23ZwyZhto',#44,'Bolt assembly',$,$,#5322,#5325,'IDdfabde75-c6d8-4e97-89c2-0e3ebc8ebdf2',16.,40.);
#5327= IFCLOCALPLACEMENT(#42,#10);
#5328= IFCELEMENTASSEMBLY('075RSggB91W9ZHGE0isi5V',#44,$,$,$,#5327,$,'A/193(?)',.NOTDEFINED.,.RIGID_FRAME.);
#5329= IFCCARTESIANPOINT((67511.1715729195,4646.43225414724,52786.8273772359));
#5330= IFCAXIS2PLACEMENT3D(#5329,#4123,#4124);
#5331= IFCLOCALPLACEMENT(#5327,#5330);
#5332= IFCSHAPEREPRESENTATION(#12,'Body','Brep',(#3959));
#5333= IFCSHAPEREPRESENTATION(#13,'Axis','GeometricCurveSet',(#3966));
#5334= IFCPRODUCTDEFINITIONSHAPE($,$,(#5332,#5333));
#5335= IFCFASTENER('2i4rh3OVn8I8mEdMA9hbqf',#44,'Weld',$,$,#5331,#5334,'IDac135ac3-61fc-4848-8c0e-9d6289ae5d29');
#5336= IFCPROPERTYSINGLEVALUE('WeldID',$,IFCINTEGER(115394359),$);
#5337= IFCPROPERTYSET('0O_ckTXdr7KRlzn$DEK07f',#5,'AISC_EM11_Pset_Weld','WeldIdentity',(#305,#306,#307,#308,#5336,#310,#311,#312,#313,#314,#315,#316,#317,#318,#319,#320));
#5338= IFCCARTESIANPOINT((67511.1715729206,4746.43225414833,52786.8273772359));
#5339= IFCAXIS2PLACEMENT3D(#5338,#4123,#4124);
#5340= IFCLOCALPLACEMENT(#5327,#5339);
#5341= IFCSHAPEREPRESENTATION(#12,'Body','Brep',(#3959));
#5342= IFCSHAPEREPRESENTATION(#13,'Axis','GeometricCurveSet',(#3966));
#5343= IFCPRODUCTDEFINITIONSHAPE($,$,(#5341,#5342));
#5344= IFCFASTENER('3iJ2Llzcb8bAI4M9QJEIwq',#44,'Weld',$,$,#5340,#5343,'IDec4c256f-f669-4894-a484-589693392eb4');
#5345= IFCPROPERTYSINGLEVALUE('WeldID',$,IFCINTEGER(115394314),$);
#5346= IFCPROPERTYSET('1IDY6Y15vFZQiMGykvgR_l',#5,'AISC_EM11_Pset_Weld','WeldIdentity',(#305,#306,#307,#308,#5345,#310,#311,#312,#313,#314,#315,#316,#317,#318,#319,#320));
#5347= IFCCARTESIANPOINT((67500.,4698.605,52729.998));
#5348= IFCAXIS2PLACEMENT3D(#5347,#3991,#9);
#5349= IFCLOCALPLACEMENT(#5327,#5348);
#5350= IFCSHAPEREPRESENTATION(#12,'Body','Brep',(#3729));
#5351= IFCSHAPEREPRESENTATION(#13,'Axis','GeometricCurveSet',(#380,#3733));
#5352= IFCPRODUCTDEFINITIONSHAPE($,$,(#5350,#5351));
#5353= IFCFASTENER('3nDxCzMWPAihWmZWiNmnpU',#44,'Weld',$,$,#5349,#5352,'IDf137b33d-5a06-4ab2-b830-8e0b17c31cde');
#5354= IFCPROPERTYSINGLEVALUE('WeldID',$,IFCINTEGER(115394251),$);
#5355= IFCPROPERTYSET('3d3urrgVH4GRW6N2U1XuJv',#5,'AISC_EM11_Pset_Weld','WeldIdentity',(#305,#306,#307,#308,#5354,#388,#311,#312,#389,#314,#390,#391,#317,#318,#319,#320));
#5356= IFCCARTESIANPOINT((67445.0000000023,4695.6045776684,52634.9981994629));
#5357= IFCAXIS2PLACEMENT3D(#5356,#9,#7);
#5358= IFCLOCALPLACEMENT(#5327,#5357);
#5359= IFCSHAPEREPRESENTATION(#12,'Body','SweptSolid',(#400));
#5360= IFCPRODUCTDEFINITIONSHAPE($,$,(#5359));
#5361= IFCDISCRETEACCESSORY('0BOyQoYRn0NgHfLOgpIzcK',#44,'Support section',$,$,#5358,#5360,'1050(?)');
#5362= IFCLOCALPLACEMENT(#5327,#5321);
#5363= IFCSHAPEREPRESENTATION(#12,'Body','MappedRepresentation',(#411,#412,#413));
#5364= IFCPRODUCTDEFINITIONSHAPE($,$,(#5363));
#5365= IFCOPENINGELEMENT('1NWai2UOv9hfOe$QsbDD3d',#5,$,$,'Opening',#5362,#5364,$);
#5366= IFCRELVOIDSELEMENT('09owePNG9BpeOWg4r0whju',#5,'Drill Hole',$,#5361,#5365);
#5367= IFCCARTESIANPOINT((67768.0000000459,4643.6038270225,52659.9989501104));
#5368= IFCAXIS2PLACEMENT3D(#5367,#4163,#4164);
#5369= IFCLOCALPLACEMENT(#5327,#5368);
#5370= IFCSHAPEREPRESENTATION(#12,'Body','Brep',(#676));
#5371= IFCPRODUCTDEFINITIONSHAPE($,$,(#5370));
#5372= IFCDISCRETEACCESSORY('0Uk$zH4XnBD85WQyGlsANB',#44,'Support section',$,$,#5369,#5371,'1497(?)');
#5373= IFCCARTESIANPOINT((67768.000000047,4743.60382702359,52659.9989501104));
#5374= IFCAXIS2PLACEMENT3D(#5373,#4163,#4164);
#5375= IFCLOCALPLACEMENT(#5327,#5374);
#5376= IFCSHAPEREPRESENTATION(#12,'Body','Brep',(#676));
#5377= IFCPRODUCTDEFINITIONSHAPE($,$,(#5376));
#5378= IFCDISCRETEACCESSORY('0QCm795cHDEwSUW5wGkY9p',#44,'Support section',$,$,#5375,#5377,'1497(?)');
#5379= IFCCARTESIANPOINT((67505.000000002,4689.50457776441,52609.9981994629));
#5380= IFCAXIS2PLACEMENT3D(#5379,#9,#8);
#5381= IFCLOCALPLACEMENT(#5327,#5380);
#5382= IFCSHAPEREPRESENTATION(#12,'Body','SweptSolid',(#696));
#5383= IFCPRODUCTDEFINITIONSHAPE($,$,(#5382));
#5384= IFCCOLUMN('2tm$qY2Z59RwCYFU8Z8U0e',#44,'main piece','PL10*200','PL10*200',#5381,#5383,'1496(?)');
#5385= IFCLOCALPLACEMENT(#42,#10);
#5386= IFCELEMENTASSEMBLY('2ln9emvWH2kxCja1hJt$20',#44,'BEAM',$,$,#5385,$,'B/658(?)',.NOTDEFINED.,.RIGID_FRAME.);
#5387= IFCCARTESIANPOINT((34509.9999999979,18912.1187845633,52834.9981994629));
#5388= IFCAXIS2PLACEMENT3D(#5387,#7,#57);
#5389= IFCLOCALPLACEMENT(#5385,#5388);
#5390= IFCSHAPEREPRESENTATION(#12,'Body','MappedRepresentation',(#3853,#3854,#3855));
#5391= IFCSHAPEREPRESENTATION(#12,'Axis','MappedRepresentation',(#101,#102,#103));
#5392= IFCPRODUCTDEFINITIONSHAPE($,$,(#5390,#5391));
#5393= IFCMECHANICALFASTENER('24LSdpz4v3ExaLSKF$nUYU',#44,'Bolt assembly',$,$,#5389,#5392,'ID8455c9f3-f44e-433b-b915-7143ffc5e89e',16.,40.);
#5394= IFCLOCALPLACEMENT(#42,#10);
#5395= IFCELEMENTASSEMBLY('3C0KU6bZr5ugcykUhhfh63',#44,$,$,$,#5394,$,'A/193(?)',.NOTDEFINED.,.RIGID_FRAME.);
#5396= IFCCARTESIANPOINT((34488.8284270805,18955.1911081803,52771.8273772359));
#5397= IFCAXIS2PLACEMENT3D(#5396,#3863,#3864);
#5398= IFCLOCALPLACEMENT(#5394,#5397);
#5399= IFCSHAPEREPRESENTATION(#12,'Body','Brep',(#3959));
#5400= IFCSHAPEREPRESENTATION(#13,'Axis','GeometricCurveSet',(#3966));
#5401= IFCPRODUCTDEFINITIONSHAPE($,$,(#5399,#5400));
#5402= IFCFASTENER('0PY3NhnVH4$Oq8Gms_EZUI',#44,'Weld',$,$,#5398,#5401,'ID198835eb-c5f4-44fd-8d08-430dbe3a3792');
#5403= IFCPROPERTYSINGLEVALUE('WeldID',$,IFCINTEGER(115393968),$);
#5404= IFCPROPERTYSET('0NilZuRE9DZhJi_R3CN5NW',#5,'AISC_EM11_Pset_Weld','WeldIdentity',(#305,#306,#307,#308,#5403,#310,#311,#312,#313,#314,#315,#316,#317,#318,#319,#320));
#5405= IFCCARTESIANPOINT((34488.8284270794,18855.1911081793,52771.8273772359));
#5406= IFCAXIS2PLACEMENT3D(#5405,#3863,#3864);
#5407= IFCLOCALPLACEMENT(#5394,#5406);
#5408= IFCSHAPEREPRESENTATION(#12,'Body','Brep',(#3959));
#5409= IFCSHAPEREPRESENTATION(#13,'Axis','GeometricCurveSet',(#3966));
#5410= IFCPRODUCTDEFINITIONSHAPE($,$,(#5408,#5409));
#5411= IFCFASTENER('1FT92Zwu1F7P8Ke6YL7RZw',#44,'Weld',$,$,#5407,#5410,'ID4f7490a3-eb80-4f1d-9214-a068951db8fa');
#5412= IFCPROPERTYSINGLEVALUE('WeldID',$,IFCINTEGER(115393923),$);
#5413= IFCPROPERTYSET('3G3Aqqb4z43AyH1yET_53h',#5,'AISC_EM11_Pset_Weld','WeldIdentity',(#305,#306,#307,#308,#5412,#310,#311,#312,#313,#314,#315,#316,#317,#318,#319,#320));
#5414= IFCCARTESIANPOINT((34500.,18903.019,52714.998));
#5415= IFCAXIS2PLACEMENT3D(#5414,#7,#9);
#5416= IFCLOCALPLACEMENT(#5394,#5415);
#5417= IFCSHAPEREPRESENTATION(#12,'Body','Brep',(#3729));
#5418= IFCSHAPEREPRESENTATION(#13,'Axis','GeometricCurveSet',(#380,#3733));
#5419= IFCPRODUCTDEFINITIONSHAPE($,$,(#5417,#5418));
#5420= IFCFASTENER('3AC_oiP8r81xoG7D0wYE3Y',#44,'Weld',$,$,#5416,#5419,'IDca33ecac-648d-4807-bc90-1cd03a88e0e2');
#5421= IFCPROPERTYSINGLEVALUE('WeldID',$,IFCINTEGER(115393860),$);
#5422= IFCPROPERTYSET('2uV0vlM9T8hBbD6oVYBY5E',#5,'AISC_EM11_Pset_Weld','WeldIdentity',(#305,#306,#307,#308,#5421,#388,#311,#312,#389,#314,#390,#391,#317,#318,#319,#320));
#5423= IFCCARTESIANPOINT((34554.9999999977,18906.0187846592,52619.9981994629));
#5424= IFCAXIS2PLACEMENT3D(#5423,#9,#3991);
#5425= IFCLOCALPLACEMENT(#5394,#5424);
#5426= IFCSHAPEREPRESENTATION(#12,'Body','SweptSolid',(#400));
#5427= IFCPRODUCTDEFINITIONSHAPE($,$,(#5426));
#5428= IFCDISCRETEACCESSORY('1_AoQTasjE1fHq4knRo5i7',#44,'Support section',$,$,#5425,#5427,'1050(?)');
#5429= IFCLOCALPLACEMENT(#5394,#5388);
#5430= IFCSHAPEREPRESENTATION(#12,'Body','MappedRepresentation',(#411,#412,#413));
#5431= IFCPRODUCTDEFINITIONSHAPE($,$,(#5430));
#5432= IFCOPENINGELEMENT('3LoiHAFYD3V858GEdVkAJw',#5,$,$,'Opening',#5429,#5431,$);
#5433= IFCRELVOIDSELEMENT('3cy91rN292cutCRtQK239f',#5,'Drill Hole',$,#5428,#5432);
#5434= IFCCARTESIANPOINT((34231.9999999541,18958.0195353051,52644.9989501104));
#5435= IFCAXIS2PLACEMENT3D(#5434,#4003,#4004);
#5436= IFCLOCALPLACEMENT(#5394,#5435);
#5437= IFCSHAPEREPRESENTATION(#12,'Body','Brep',(#676));
#5438= IFCPRODUCTDEFINITIONSHAPE($,$,(#5437));
#5439= IFCDISCRETEACCESSORY('0v6lC35zr3BfyZn7KFMXP9',#44,'Support section',$,$,#5436,#5438,'1497(?)');
#5440= IFCCARTESIANPOINT((34231.999999953,18858.019535304,52644.9989501104));
#5441= IFCAXIS2PLACEMENT3D(#5440,#4003,#4004);
#5442= IFCLOCALPLACEMENT(#5394,#5441);
#5443= IFCSHAPEREPRESENTATION(#12,'Body','Brep',(#676));
#5444= IFCPRODUCTDEFINITIONSHAPE($,$,(#5443));
#5445= IFCDISCRETEACCESSORY('0xL6$OLJ55xxhMgi7joOoh',#44,'Support section',$,$,#5442,#5444,'1497(?)');
#5446= IFCCARTESIANPOINT((34494.999999998,18912.1187845632,52594.9981994629));
#5447= IFCAXIS2PLACEMENT3D(#5446,#9,#332);
#5448= IFCLOCALPLACEMENT(#5394,#5447);
#5449= IFCSHAPEREPRESENTATION(#12,'Body','SweptSolid',(#696));
#5450= IFCPRODUCTDEFINITIONSHAPE($,$,(#5449));
#5451= IFCCOLUMN('1ZNRX4_2H3quzsZMjfg8Eb',#44,'main piece','PL10*200','PL10*200',#5448,#5450,'1496(?)');
#5452= IFCLOCALPLACEMENT(#42,#10);
#5453= IFCELEMENTASSEMBLY('0LT_3vFFHFywZPaqsfg3RN',#44,'BEAM',$,$,#5452,$,'B/659(?)',.NOTDEFINED.,.RIGID_FRAME.);
#5454= IFCPROPERTYSINGLEVALUE('AssemblyMark',$,IFCIDENTIFIER('B/659(?)'),$);
#5455= IFCPROPERTYSET('2dNjmiz_bDVOHnQ5Q4ep8k',#5,'AISC_EM11_Pset_AssemblyIdentification','AssemblyIdentity',(#5454,#52,#53));
#5456= IFCCARTESIANPOINT((34509.9999999979,19647.1193949148,52834.9981994629));
#5457= IFCAXIS2PLACEMENT3D(#5456,#7,#57);
#5458= IFCLOCALPLACEMENT(#5452,#5457);
#5459= IFCSHAPEREPRESENTATION(#12,'Body','MappedRepresentation',(#3853,#3854,#3855));
#5460= IFCSHAPEREPRESENTATION(#12,'Axis','MappedRepresentation',(#101,#102,#103));
#5461= IFCPRODUCTDEFINITIONSHAPE($,$,(#5459,#5460));
#5462= IFCMECHANICALFASTENER('2yf9M1xEPF5Qk$XBz0k582',#44,'Bolt assembly',$,$,#5458,#5461,'IDbca49581-ece6-4f15-abbf-84bf40b85202',16.,40.);
#5463= IFCLOCALPLACEMENT(#42,#10);
#5464= IFCELEMENTASSEMBLY('3V1uIMg2nDpOR2DY9IpUw5',#44,$,$,$,#5463,$,'A/193(?)',.NOTDEFINED.,.RIGID_FRAME.);
#5465= IFCCARTESIANPOINT((34488.8284270805,19690.1917185319,52771.8273772359));
#5466= IFCAXIS2PLACEMENT3D(#5465,#3863,#3864);
#5467= IFCLOCALPLACEMENT(#5463,#5466);
#5468= IFCSHAPEREPRESENTATION(#12,'Body','Brep',(#3959));
#5469= IFCSHAPEREPRESENTATION(#13,'Axis','GeometricCurveSet',(#3966));
#5470= IFCPRODUCTDEFINITIONSHAPE($,$,(#5468,#5469));
#5471= IFCFASTENER('2_RlqVoq93hOb5GV11P4HI',#44,'Weld',$,$,#5467,#5470,'IDbe6efd1f-cb42-43ad-8945-41f041644452');
#5472= IFCPROPERTYSINGLEVALUE('WeldID',$,IFCINTEGER(115393577),$);
#5473= IFCPROPERTYSET('2b2wKqVUjAae9KkH6jHdio',#5,'AISC_EM11_Pset_Weld','WeldIdentity',(#305,#306,#307,#308,#5472,#310,#311,#312,#313,#314,#315,#316,#317,#318,#319,#320));
#5474= IFCCARTESIANPOINT((34488.8284270794,19590.1917185308,52771.8273772359));
#5475= IFCAXIS2PLACEMENT3D(#5474,#3863,#3864);
#5476= IFCLOCALPLACEMENT(#5463,#5475);
#5477= IFCSHAPEREPRESENTATION(#12,'Body','Brep',(#3959));
#5478= IFCSHAPEREPRESENTATION(#13,'Axis','GeometricCurveSet',(#3966));
#5479= IFCPRODUCTDEFINITIONSHAPE($,$,(#5477,#5478));
#5480= IFCFASTENER('2iXsdhULv6186KVbzQHOXe',#44,'Weld',$,$,#5476,#5479,'IDac8769eb-795e-4604-8194-7e5f5a458868');
#5481= IFCPROPERTYSINGLEVALUE('WeldID',$,IFCINTEGER(115393532),$);
#5482= IFCPROPERTYSET('1mPbvYSu5Bdh1kLV0yjE5X',#5,'AISC_EM11_Pset_Weld','WeldIdentity',(#305,#306,#307,#308,#5481,#310,#311,#312,#313,#314,#315,#316,#317,#318,#319,#320));
#5483= IFCCARTESIANPOINT((34500.,19638.019,52714.998));
#5484= IFCAXIS2PLACEMENT3D(#5483,#7,#9);
#5485= IFCLOCALPLACEMENT(#5463,#5484);
#5486= IFCSHAPEREPRESENTATION(#12,'Body','Brep',(#3729));
#5487= IFCSHAPEREPRESENTATION(#13,'Axis','GeometricCurveSet',(#380,#3733));
#5488= IFCPRODUCTDEFINITIONSHAPE($,$,(#5486,#5487));
#5489= IFCFASTENER('1uaDN1cVH3wOQqaIj0r1Au',#44,'Weld',$,$,#5485,#5488,'ID7890d5c1-99f4-43e9-86b4-912b40d412b8');
#5490= IFCPROPERTYSINGLEVALUE('WeldID',$,IFCINTEGER(115393469),$);
#5491= IFCPROPERTYSET('2oiDWgxon4GOEfCFQgClhu',#5,'AISC_EM11_Pset_Weld','WeldIdentity',(#305,#306,#307,#308,#5490,#388,#311,#312,#389,#314,#390,#391,#317,#318,#319,#320));
#5492= IFCCARTESIANPOINT((34554.9999999977,19641.0193950107,52619.9981994629));
#5493= IFCAXIS2PLACEMENT3D(#5492,#9,#3991);
#5494= IFCLOCALPLACEMENT(#5463,#5493);
#5495= IFCSHAPEREPRESENTATION(#12,'Body','SweptSolid',(#400));
#5496= IFCPRODUCTDEFINITIONSHAPE($,$,(#5495));
#5497= IFCDISCRETEACCESSORY('0S8kJAuvP4OQ$L5GifZJX_',#44,'Support section',$,$,#5494,#5496,'1050(?)');
#5498= IFCLOCALPLACEMENT(#5463,#5457);
#5499= IFCSHAPEREPRESENTATION(#12,'Body','MappedRepresentation',(#411,#412,#413));
#5500= IFCPRODUCTDEFINITIONSHAPE($,$,(#5499));
#5501= IFCOPENINGELEMENT('3dK0e3VprD4esF7gbuEkhH',#5,$,$,'Opening',#5498,#5500,$);
#5502= IFCRELVOIDSELEMENT('2IyRCYpw9ASgqJOt0AwoOw',#5,'Drill Hole',$,#5497,#5501);
#5503= IFCCARTESIANPOINT((34231.9999999541,19693.0201456567,52644.9989501104));
#5504= IFCAXIS2PLACEMENT3D(#5503,#4003,#4004);
#5505= IFCLOCALPLACEMENT(#5463,#5504);
#5506= IFCSHAPEREPRESENTATION(#12,'Body','Brep',(#676));
#5507= IFCPRODUCTDEFINITIONSHAPE($,$,(#5506));
#5508= IFCDISCRETEACCESSORY('03MGarWDH1Au8QeaFr1lWu',#44,'Support section',$,$,#5505,#5507,'1497(?)');
#5509= IFCCARTESIANPOINT((34231.999999953,19593.0201456556,52644.9989501104));
#5510= IFCAXIS2PLACEMENT3D(#5509,#4003,#4004);
#5511= IFCLOCALPLACEMENT(#5463,#5510);
#5512= IFCSHAPEREPRESENTATION(#12,'Body','Brep',(#676));
#5513= IFCPRODUCTDEFINITIONSHAPE($,$,(#5512));
#5514= IFCDISCRETEACCESSORY('1JWN2d37P1GfqYA5c3tGzm',#44,'Support section',$,$,#5511,#5513,'1497(?)');
#5515= IFCCARTESIANPOINT((34494.999999998,19647.1193949147,52594.9981994629));
#5516= IFCAXIS2PLACEMENT3D(#5515,#9,#332);
#5517= IFCLOCALPLACEMENT(#5463,#5516);
#5518= IFCSHAPEREPRESENTATION(#12,'Body','SweptSolid',(#696));
#5519= IFCPRODUCTDEFINITIONSHAPE($,$,(#5518));
#5520= IFCCOLUMN('1NgKThUer2UAL3DDuvodDR',#44,'main piece','PL10*200','PL10*200',#5517,#5519,'1496(?)');
#5521= IFCLOCALPLACEMENT(#42,#10);
#5522= IFCELEMENTASSEMBLY('0tNUi1MQPF9ATzwkR2jyRi',#44,'BEAM',$,$,#5521,$,'B/598(?)',.NOTDEFINED.,.RIGID_FRAME.);
#5523= IFCPROPERTYSINGLEVALUE('AssemblyMark',$,IFCIDENTIFIER('B/598(?)'),$);
#5524= IFCPROPERTYSET('204zBLTmr08eD3VglcLomJ',#5,'AISC_EM11_Pset_AssemblyIdentification','AssemblyIdentity',(#5523,#52,#53));
#5525= IFCCARTESIANPOINT((34509.9999999979,9958.49259843152,52849.9981994629));
#5526= IFCAXIS2PLACEMENT3D(#5525,#7,#57);
#5527= IFCLOCALPLACEMENT(#5521,#5526);
#5528= IFCSHAPEREPRESENTATION(#12,'Body','MappedRepresentation',(#5182,#5183,#5184));
#5529= IFCSHAPEREPRESENTATION(#12,'Axis','MappedRepresentation',(#101,#102,#103));
#5530= IFCPRODUCTDEFINITIONSHAPE($,$,(#5528,#5529));
#5531= IFCMECHANICALFASTENER('0ru8zPbt54kAgaFKpminUs',#44,'Bolt assembly',$,$,#5527,#5530,'ID35e08f59-9771-44b8-aaa4-3d4cf0b317b6',16.,40.);
#5532= IFCLOCALPLACEMENT(#42,#10);
#5533= IFCELEMENTASSEMBLY('0$G_EPCHjCghRhINGRZpAL',#44,$,$,$,#5532,$,'A/193(?)',.NOTDEFINED.,.RIGID_FRAME.);
#5534= IFCCARTESIANPOINT((34488.8284270805,10001.5649220486,52786.8273772359));
#5535= IFCAXIS2PLACEMENT3D(#5534,#3863,#3864);
#5536= IFCLOCALPLACEMENT(#5532,#5535);
#5537= IFCSHAPEREPRESENTATION(#12,'Body','Brep',(#3959));
#5538= IFCSHAPEREPRESENTATION(#13,'Axis','GeometricCurveSet',(#3966));
#5539= IFCPRODUCTDEFINITIONSHAPE($,$,(#5537,#5538));
#5540= IFCFASTENER('25DwiPOG10kRT5HelwFhxd',#44,'Weld',$,$,#5536,#5539,'ID8537ab19-6100-40b9-b745-468bfa3ebee7');
#5541= IFCPROPERTYSINGLEVALUE('WeldID',$,IFCINTEGER(115393186),$);
#5542= IFCPROPERTYSET('1d44sNuZTAIRPF1eLMqqK3',#5,'AISC_EM11_Pset_Weld','WeldIdentity',(#305,#306,#307,#308,#5541,#310,#311,#312,#313,#314,#315,#316,#317,#318,#319,#320));
#5543= IFCCARTESIANPOINT((34488.8284270794,9901.5649220475,52786.8273772359));
#5544= IFCAXIS2PLACEMENT3D(#5543,#3863,#3864);
#5545= IFCLOCALPLACEMENT(#5532,#5544);
#5546= IFCSHAPEREPRESENTATION(#12,'Body','Brep',(#3959));
#5547= IFCSHAPEREPRESENTATION(#13,'Axis','GeometricCurveSet',(#3966));
#5548= IFCPRODUCTDEFINITIONSHAPE($,$,(#5546,#5547));
#5549= IFCFASTENER('3MI94bOsLBygls3lWadg6Z',#44,'Weld',$,$,#5545,#5548,'IDd6489125-6365-4bf2-abf6-0ef8249ea1a3');
#5550= IFCPROPERTYSINGLEVALUE('WeldID',$,IFCINTEGER(115393141),$);
#5551= IFCPROPERTYSET('1AtdDtSJD7qvFV$6UJ_XIv',#5,'AISC_EM11_Pset_Weld','WeldIdentity',(#305,#306,#307,#308,#5550,#310,#311,#312,#313,#314,#315,#316,#317,#318,#319,#320));
#5552= IFCCARTESIANPOINT((34500.,9949.393,52729.998));
#5553= IFCAXIS2PLACEMENT3D(#5552,#7,#9);
#5554= IFCLOCALPLACEMENT(#5532,#5553);
#5555= IFCSHAPEREPRESENTATION(#12,'Body','Brep',(#3729));
#5556= IFCSHAPEREPRESENTATION(#13,'Axis','GeometricCurveSet',(#380,#3733));
#5557= IFCPRODUCTDEFINITIONSHAPE($,$,(#5555,#5556));
#5558= IFCFASTENER('1YUQnM8sP3vQGXifyWP2_j',#44,'Weld',$,$,#5554,#5557,'ID6279ac56-2366-43e5-a421-b29f20642fad');
#5559= IFCPROPERTYSINGLEVALUE('WeldID',$,IFCINTEGER(115393078),$);
#5560= IFCPROPERTYSET('1c4yjbKubDWvh8_h$xEFOw',#5,'AISC_EM11_Pset_Weld','WeldIdentity',(#305,#306,#307,#308,#5559,#388,#311,#312,#389,#314,#390,#391,#317,#318,#319,#320));
#5561= IFCCARTESIANPOINT((34554.9999999977,9952.39259852743,52634.9981994629));
#5562= IFCAXIS2PLACEMENT3D(#5561,#9,#3991);
#5563= IFCLOCALPLACEMENT(#5532,#5562);
#5564= IFCSHAPEREPRESENTATION(#12,'Body','SweptSolid',(#400));
#5565= IFCPRODUCTDEFINITIONSHAPE($,$,(#5564));
#5566= IFCDISCRETEACCESSORY('34gEG5qkb4hgnMXwJOUKMJ',#44,'Support section',$,$,#5563,#5565,'1050(?)');
#5567= IFCLOCALPLACEMENT(#5532,#5526);
#5568= IFCSHAPEREPRESENTATION(#12,'Body','MappedRepresentation',(#411,#412,#413));
#5569= IFCPRODUCTDEFINITIONSHAPE($,$,(#5568));
#5570= IFCOPENINGELEMENT('1yMd5OeH17jfDR$mlXMXoD',#5,$,$,'Opening',#5567,#5569,$);
#5571= IFCRELVOIDSELEMENT('0AXIwTwQb77uxJj_x_CF_z',#5,'Drill Hole',$,#5566,#5570);
#5572= IFCCARTESIANPOINT((34231.9999999541,10004.3933491733,52659.9989501104));
#5573= IFCAXIS2PLACEMENT3D(#5572,#4003,#4004);
#5574= IFCLOCALPLACEMENT(#5532,#5573);
#5575= IFCSHAPEREPRESENTATION(#12,'Body','Brep',(#676));
#5576= IFCPRODUCTDEFINITIONSHAPE($,$,(#5575));
#5577= IFCDISCRETEACCESSORY('2bHE_7NXfAaPBaRv6anxjn',#44,'Support section',$,$,#5574,#5576,'1497(?)');
#5578= IFCCARTESIANPOINT((34231.999999953,9904.39334917225,52659.9989501104));
#5579= IFCAXIS2PLACEMENT3D(#5578,#4003,#4004);
#5580= IFCLOCALPLACEMENT(#5532,#5579);
#5581= IFCSHAPEREPRESENTATION(#12,'Body','Brep',(#676));
#5582= IFCPRODUCTDEFINITIONSHAPE($,$,(#5581));
#5583= IFCDISCRETEACCESSORY('3Xa$Y4aE12hOYAu54WVjRI',#44,'Support section',$,$,#5580,#5582,'1497(?)');
#5584= IFCCARTESIANPOINT((34494.999999998,9958.49259843142,52609.9981994629));
#5585= IFCAXIS2PLACEMENT3D(#5584,#9,#332);
#5586= IFCLOCALPLACEMENT(#5532,#5585);
#5587= IFCSHAPEREPRESENTATION(#12,'Body','SweptSolid',(#696));
#5588= IFCPRODUCTDEFINITIONSHAPE($,$,(#5587));
#5589= IFCCOLUMN('3$nmsnsdv7G8iXrlZV58_W',#44,'main piece','PL10*200','PL10*200',#5586,#5588,'1496(?)');
#5590= IFCLOCALPLACEMENT(#42,#10);
#5591= IFCELEMENTASSEMBLY('2Ey7psCzr72ByLWWquwAJ0',#44,'BEAM',$,$,#5590,$,'B/653(?)',.NOTDEFINED.,.RIGID_FRAME.);
#5592= IFCPROPERTYSINGLEVALUE('AssemblyMark',$,IFCIDENTIFIER('B/653(?)'),$);
#5593= IFCPROPERTYSET('0cQVus7yn3KuhK_rpCls2N',#5,'AISC_EM11_Pset_AssemblyIdentification','AssemblyIdentity',(#5592,#52,#53));
#5594= IFCCARTESIANPOINT((34509.9999999979,4689.44878782472,52849.9981994629));
#5595= IFCAXIS2PLACEMENT3D(#5594,#7,#57);
#5596= IFCLOCALPLACEMENT(#5590,#5595);
#5597= IFCSHAPEREPRESENTATION(#12,'Body','MappedRepresentation',(#5102,#5103,#5104));
#5598= IFCSHAPEREPRESENTATION(#12,'Axis','MappedRepresentation',(#101,#102,#103));
#5599= IFCPRODUCTDEFINITIONSHAPE($,$,(#5597,#5598));
#5600= IFCMECHANICALFASTENER('0qprUirKr26ffwnygrvxyu',#44,'Bolt assembly',$,$,#5596,#5599,'ID34cf57ac-d54d-421a-9a7a-c7cab5e7bf38',16.,40.);
#5601= IFCLOCALPLACEMENT(#42,#10);
#5602= IFCELEMENTASSEMBLY('0Nrw51QKz0t8MkVa40WNJS',#44,$,$,$,#5601,$,'A/193(?)',.NOTDEFINED.,.RIGID_FRAME.);
#5603= IFCCARTESIANPOINT((34488.8284270805,4732.52111144178,52786.8273772359));
#5604= IFCAXIS2PLACEMENT3D(#5603,#3863,#3864);
#5605= IFCLOCALPLACEMENT(#5601,#5604);
#5606= IFCSHAPEREPRESENTATION(#12,'Body','Brep',(#3959));
#5607= IFCSHAPEREPRESENTATION(#13,'Axis','GeometricCurveSet',(#3966));
#5608= IFCPRODUCTDEFINITIONSHAPE($,$,(#5606,#5607));
#5609= IFCFASTENER('3vIpcaw4b8_AiwkDQm0EaH',#44,'Weld',$,$,#5605,#5608,'IDf94b39a4-e849-48f8-ab3a-b8d6b000e911');
#5610= IFCPROPERTYSINGLEVALUE('WeldID',$,IFCINTEGER(115392795),$);
#5611= IFCPROPERTYSET('3AU6yXodX1XOjIce6yGQdd',#5,'AISC_EM11_Pset_Weld','WeldIdentity',(#305,#306,#307,#308,#5610,#310,#311,#312,#313,#314,#315,#316,#317,#318,#319,#320));
#5612= IFCCARTESIANPOINT((34488.8284270794,4632.52111144069,52786.8273772359));
#5613= IFCAXIS2PLACEMENT3D(#5612,#3863,#3864);
#5614= IFCLOCALPLACEMENT(#5601,#5613);
#5615= IFCSHAPEREPRESENTATION(#12,'Body','Brep',(#3959));
#5616= IFCSHAPEREPRESENTATION(#13,'Axis','GeometricCurveSet',(#3966));
#5617= IFCPRODUCTDEFINITIONSHAPE($,$,(#5615,#5616));
#5618= IFCFASTENER('3gBke2xKn20xg6AMy2Cj8Y',#44,'Weld',$,$,#5614,#5617,'IDea2eea02-ed4c-4203-ba86-296f0232d222');
#5619= IFCPROPERTYSINGLEVALUE('WeldID',$,IFCINTEGER(115392750),$);
#5620= IFCPROPERTYSET('2oalXu_8v4X89T9s4f_MF7',#5,'AISC_EM11_Pset_Weld','WeldIdentity',(#305,#306,#307,#308,#5619,#310,#311,#312,#313,#314,#315,#316,#317,#318,#319,#320));
#5621= IFCCARTESIANPOINT((34500.,4680.349,52729.998));
#5622= IFCAXIS2PLACEMENT3D(#5621,#7,#9);
#5623= IFCLOCALPLACEMENT(#5601,#5622);
#5624= IFCSHAPEREPRESENTATION(#12,'Body','Brep',(#3729));
#5625= IFCSHAPEREPRESENTATION(#13,'Axis','GeometricCurveSet',(#380,#3733));
#5626= IFCPRODUCTDEFINITIONSHAPE($,$,(#5624,#5625));
#5627= IFCFASTENER('2fqy7DWrH38RgbnZQcPQNA',#44,'Weld',$,$,#5623,#5626,'IDa9d3c1cd-8354-4321-baa5-c636a665a5ca');
#5628= IFCPROPERTYSINGLEVALUE('WeldID',$,IFCINTEGER(115392687),$);
#5629= IFCPROPERTYSET('11nkx7y0n3BwH6$cUEqvNU',#5,'AISC_EM11_Pset_Weld','WeldIdentity',(#305,#306,#307,#308,#5628,#388,#311,#312,#389,#314,#390,#391,#317,#318,#319,#320));
#5630= IFCCARTESIANPOINT((34554.9999999977,4683.34878792062,52634.9981994629));
#5631= IFCAXIS2PLACEMENT3D(#5630,#9,#3991);
#5632= IFCLOCALPLACEMENT(#5601,#5631);
#5633= IFCSHAPEREPRESENTATION(#12,'Body','SweptSolid',(#400));
#5634= IFCPRODUCTDEFINITIONSHAPE($,$,(#5633));
#5635= IFCDISCRETEACCESSORY('1vYFDkDEn9DuQpNRiP7X8R',#44,'Support section',$,$,#5632,#5634,'1050(?)');
#5636= IFCLOCALPLACEMENT(#5601,#5595);
#5637= IFCSHAPEREPRESENTATION(#12,'Body','MappedRepresentation',(#411,#412,#413));
#5638= IFCPRODUCTDEFINITIONSHAPE($,$,(#5637));
#5639= IFCOPENINGELEMENT('1dYy4PN316RApSI$OBg3sp',#5,$,$,'Opening',#5636,#5638,$);
#5640= IFCRELVOIDSELEMENT('15hULoMkT4XRIxIyrmIdRJ',#5,'Drill Hole',$,#5635,#5639);
#5641= IFCCARTESIANPOINT((34231.9999999541,4735.34953856653,52659.9989501104));
#5642= IFCAXIS2PLACEMENT3D(#5641,#4003,#4004);
#5643= IFCLOCALPLACEMENT(#5601,#5642);
#5644= IFCSHAPEREPRESENTATION(#12,'Body','Brep',(#676));
#5645= IFCPRODUCTDEFINITIONSHAPE($,$,(#5644));
#5646= IFCDISCRETEACCESSORY('0TsgjkZBX2aBtCX732UVCH',#44,'Support section',$,$,#5643,#5645,'1497(?)');
#5647= IFCCARTESIANPOINT((34231.999999953,4635.34953856544,52659.9989501104));
#5648= IFCAXIS2PLACEMENT3D(#5647,#4003,#4004);
#5649= IFCLOCALPLACEMENT(#5601,#5648);
#5650= IFCSHAPEREPRESENTATION(#12,'Body','Brep',(#676));
#5651= IFCPRODUCTDEFINITIONSHAPE($,$,(#5650));
#5652= IFCDISCRETEACCESSORY('235uKLcbP4Lvc7zbTHwUgC',#44,'Support section',$,$,#5649,#5651,'1497(?)');
#5653= IFCCARTESIANPOINT((34494.999999998,4689.44878782461,52609.9981994629));
#5654= IFCAXIS2PLACEMENT3D(#5653,#9,#332);
#5655= IFCLOCALPLACEMENT(#5601,#5654);
#5656= IFCSHAPEREPRESENTATION(#12,'Body','SweptSolid',(#696));
#5657= IFCPRODUCTDEFINITIONSHAPE($,$,(#5656));
#5658= IFCCOLUMN('3UbDetAwL7JgZCIUTPkeLm',#44,'main piece','PL10*200','PL10*200',#5655,#5657,'1496(?)');
#5659= IFCLOCALPLACEMENT(#42,#10);
#5660= IFCELEMENTASSEMBLY('1jaQ5gwXD39vrIjNoMVnSD',#44,'BEAM',$,$,#5659,$,'B/651(?)',.NOTDEFINED.,.RIGID_FRAME.);
#5661= IFCPROPERTYSINGLEVALUE('AssemblyMark',$,IFCIDENTIFIER('B/651(?)'),$);
#5662= IFCPROPERTYSET('1469WdhuvBr8X68oKXgCqA',#5,'AISC_EM11_Pset_AssemblyIdentification','AssemblyIdentity',(#5661,#52,#53));
#5663= IFCCARTESIANPOINT((34509.9999999979,4219.08660139283,52849.9981994629));
#5664= IFCAXIS2PLACEMENT3D(#5663,#7,#57);
#5665= IFCLOCALPLACEMENT(#5659,#5664);
#5666= IFCSHAPEREPRESENTATION(#12,'Body','MappedRepresentation',(#5102,#5103,#5104));
#5667= IFCSHAPEREPRESENTATION(#12,'Axis','MappedRepresentation',(#101,#102,#103));
#5668= IFCPRODUCTDEFINITIONSHAPE($,$,(#5666,#5667));
#5669= IFCMECHANICALFASTENER('2UX4$o56f2xfZLTHAQtLyu',#44,'Bolt assembly',$,$,#5665,#5668,'ID9e844ff2-146a-42ee-98d5-75129add5f38',16.,40.);
#5670= IFCLOCALPLACEMENT(#42,#10);
#5671= IFCELEMENTASSEMBLY('2fdCDiWOf3JvhBQAgh7ooo',#44,$,$,$,#5670,$,'A/193(?)',.NOTDEFINED.,.RIGID_FRAME.);
#5672= IFCCARTESIANPOINT((34488.8284270805,4262.1589250099,52786.8273772359));
#5673= IFCAXIS2PLACEMENT3D(#5672,#3863,#3864);
#5674= IFCLOCALPLACEMENT(#5670,#5673);
#5675= IFCSHAPEREPRESENTATION(#12,'Body','Brep',(#3959));
#5676= IFCSHAPEREPRESENTATION(#13,'Axis','GeometricCurveSet',(#3966));
#5677= IFCPRODUCTDEFINITIONSHAPE($,$,(#5675,#5676));
#5678= IFCFASTENER('2jZF0DQ71688De5DrZiVG3',#44,'Weld',$,$,#5674,#5677,'IDad8cf00d-6870-4620-8368-14dd63b1f403');
#5679= IFCPROPERTYSINGLEVALUE('WeldID',$,IFCINTEGER(115392404),$);
#5680= IFCPROPERTYSET('20mzW62ibAVBZPjN8G_KWr',#5,'AISC_EM11_Pset_Weld','WeldIdentity',(#305,#306,#307,#308,#5679,#310,#311,#312,#313,#314,#315,#316,#317,#318,#319,#320));
#5681= IFCCARTESIANPOINT((34488.8284270794,4162.15892500881,52786.8273772359));
#5682= IFCAXIS2PLACEMENT3D(#5681,#3863,#3864);
#5683= IFCLOCALPLACEMENT(#5670,#5682);
#5684= IFCSHAPEREPRESENTATION(#12,'Body','Brep',(#3959));
#5685= IFCSHAPEREPRESENTATION(#13,'Axis','GeometricCurveSet',(#3966));
#5686= IFCPRODUCTDEFINITIONSHAPE($,$,(#5684,#5685));
#5687= IFCFASTENER('18p$0UolT2gPRBJlkMB7JW',#44,'Weld',$,$,#5683,#5686,'ID48cff01e-caf7-42a9-96cb-4efb962c74e0');
#5688= IFCPROPERTYSINGLEVALUE('WeldID',$,IFCINTEGER(115392359),$);
#5689= IFCPROPERTYSET('0D5su0ucj79ALVTdx8NAo2',#5,'AISC_EM11_Pset_Weld','WeldIdentity',(#305,#306,#307,#308,#5688,#310,#311,#312,#313,#314,#315,#316,#317,#318,#319,#320));
#5690= IFCCARTESIANPOINT((34500.,4209.987,52729.998));
#5691= IFCAXIS2PLACEMENT3D(#5690,#7,#9);
#5692= IFCLOCALPLACEMENT(#5670,#5691);
#5693= IFCSHAPEREPRESENTATION(#12,'Body','Brep',(#3729));
#5694= IFCSHAPEREPRESENTATION(#13,'Axis','GeometricCurveSet',(#380,#3733));
#5695= IFCPRODUCTDEFINITIONSHAPE($,$,(#5693,#5694));
#5696= IFCFASTENER('3bzYGxfAfErPfw1RDEqhAY',#44,'Weld',$,$,#5692,#5695,'IDe5f6243b-a4aa-4ed5-9a7a-05b34ed2b2a2');
#5697= IFCPROPERTYSINGLEVALUE('WeldID',$,IFCINTEGER(115392296),$);
#5698= IFCPROPERTYSET('1Tat5MKgj9yP0ChiG3IShm',#5,'AISC_EM11_Pset_Weld','WeldIdentity',(#305,#306,#307,#308,#5697,#388,#311,#312,#389,#314,#390,#391,#317,#318,#319,#320));
#5699= IFCCARTESIANPOINT((34554.9999999977,4212.98660148874,52634.9981994629));
#5700= IFCAXIS2PLACEMENT3D(#5699,#9,#3991);
#5701= IFCLOCALPLACEMENT(#5670,#5700);
#5702= IFCSHAPEREPRESENTATION(#12,'Body','SweptSolid',(#400));
#5703= IFCPRODUCTDEFINITIONSHAPE($,$,(#5702));
#5704= IFCDISCRETEACCESSORY('06Hayvxw93qfV83igI6M_P',#44,'Support section',$,$,#5701,#5703,'1050(?)');
#5705= IFCLOCALPLACEMENT(#5670,#5664);
#5706= IFCSHAPEREPRESENTATION(#12,'Body','MappedRepresentation',(#411,#412,#413));
#5707= IFCPRODUCTDEFINITIONSHAPE($,$,(#5706));
#5708= IFCOPENINGELEMENT('3$UsfQRQDCEwxka4lahaAH',#5,$,$,'Opening',#5705,#5707,$);
#5709= IFCRELVOIDSELEMENT('1bGdFZN3f8F8I_QZL_TUkz',#5,'Drill Hole',$,#5704,#5708);
#5710= IFCCARTESIANPOINT((34231.9999999541,4264.98735213465,52659.9989501104));
#5711= IFCAXIS2PLACEMENT3D(#5710,#4003,#4004);
#5712= IFCLOCALPLACEMENT(#5670,#5711);
#5713= IFCSHAPEREPRESENTATION(#12,'Body','Brep',(#676));
#5714= IFCPRODUCTDEFINITIONSHAPE($,$,(#5713));
#5715= IFCDISCRETEACCESSORY('0RmHQJul501Pk9qTULSNda',#44,'Support section',$,$,#5712,#5714,'1497(?)');
#5716= IFCCARTESIANPOINT((34231.999999953,4164.98735213355,52659.9989501104));
#5717= IFCAXIS2PLACEMENT3D(#5716,#4003,#4004);
#5718= IFCLOCALPLACEMENT(#5670,#5717);
#5719= IFCSHAPEREPRESENTATION(#12,'Body','Brep',(#676));
#5720= IFCPRODUCTDEFINITIONSHAPE($,$,(#5719));
#5721= IFCDISCRETEACCESSORY('3uqNOJLeH3SfWmcRrhEKtW',#44,'Support section',$,$,#5718,#5720,'1497(?)');
#5722= IFCCARTESIANPOINT((34494.999999998,4219.08660139273,52609.9981994629));
#5723= IFCAXIS2PLACEMENT3D(#5722,#9,#332);
#5724= IFCLOCALPLACEMENT(#5670,#5723);
#5725= IFCSHAPEREPRESENTATION(#12,'Body','SweptSolid',(#696));
#5726= IFCPRODUCTDEFINITIONSHAPE($,$,(#5725));
#5727= IFCCOLUMN('2GZQfu2Qf7sfLvsTzk$XVJ',#44,'main piece','PL10*200','PL10*200',#5724,#5726,'1496(?)');
#5728= IFCLOCALPLACEMENT(#42,#10);
#5729= IFCELEMENTASSEMBLY('1pwcTnIgf0rRkGpToC1JJs',#44,'BEAM',$,$,#5728,$,'B/1637(?)',.NOTDEFINED.,.REINFORCEMENT_UNIT.);
#5730= IFCPROPERTYSINGLEVALUE('AssemblyMark',$,IFCIDENTIFIER('B/1637(?)'),$);
#5731= IFCPROPERTYSET('27ZJmlirD4uvIzCfJhwnNR',#5,'AISC_EM11_Pset_AssemblyIdentification','AssemblyIdentity',(#5730,#52,#53));
#5732= IFCCARTESIANPOINT((68000.0000000294,7870.13312430993,52375.));
#5733= IFCDIRECTION((0.99999999982296,-1.88169999966587E-05,0.));
#5734= IFCAXIS2PLACEMENT3D(#5732,#9,#5733);
#5735= IFCLOCALPLACEMENT(#5728,#5734);
#5736= IFCRECTANGLEPROFILEDEF(.AREA.,'950*1000',#73,1000.,950.);
#5737= IFCCARTESIANPOINT((5200.03869426273,1.7618416404151E-17,7.27595761418343E-12));
#5738= IFCAXIS2PLACEMENT3D(#5737,#3991,#332);
#5739= IFCEXTRUDEDAREASOLID(#5736,#5738,#9,5200.04);
#5740= IFCSHAPEREPRESENTATION(#12,'Body','SweptSolid',(#5739));
#5741= IFCPRODUCTDEFINITIONSHAPE($,$,(#5740));
#5742= IFCBEAM('1yB8pBuYH55A3vtrNn8Qsy',#44,'main piece','950*1000','950*1000',#5735,#5741,'Hormig\S\sn_B-1/102(?)');
#5743= IFCPROPERTYSINGLEVALUE('PieceMark',$,IFCIDENTIFIER('BEAM'),$);
#5744= IFCPROPERTYSINGLEVALUE('IndicationMark',$,IFCIDENTIFIER('Hormig\S\sn_B-1/102(?)'),$);
#5745= IFCPROPERTYSET('07mmFZVOD0WR9NyT59FIbe',#5,'AISC_EM11_Pset_PieceIdentification','PieceIdentity',(#5743,#5744,#425,#701));
#5746= IFCPROPERTYSINGLEVALUE('MaterialType',$,IFCIDENTIFIER('CONCRETE'),$);
#5747= IFCPROPERTYSINGLEVALUE('MaterialGrade',$,IFCIDENTIFIER('Concrete_Undefined'),$);
#5748= IFCPROPERTYSET('1DEVcFiO1DuAwqVff4VA4g',#5,'AISC_EM11_Pset_Material',$,(#5746,#5747));
#5749= IFCMATERIAL('CONCRETE/Concrete_Undefined');
#5750= IFCLOCALPLACEMENT(#42,#10);
#5751= IFCELEMENTASSEMBLY('0TuwE_mtn2NucP6lun5vyE',#44,'BEAM',$,$,#5750,$,'B/973(?)',.NOTDEFINED.,.REINFORCEMENT_UNIT.);
#5752= IFCPROPERTYSINGLEVALUE('AssemblyMark',$,IFCIDENTIFIER('B/973(?)'),$);
#5753= IFCPROPERTYSET('1OMpRsPunFngnuBDsTeJIx',#5,'AISC_EM11_Pset_AssemblyIdentification','AssemblyIdentity',(#5752,#52,#53));
#5754= IFCCARTESIANPOINT((54800.2126434401,8625.20800541385,52375.));
#5755= IFCDIRECTION((0.998367880565365,-0.0571102009751373,0.));
#5756= IFCAXIS2PLACEMENT3D(#5754,#9,#5755);
#5757= IFCLOCALPLACEMENT(#5750,#5756);
#5758= IFCCARTESIANPOINT((13221.3662053227,-1.72724774618242E-12,7.27595761418343E-12));
#5759= IFCAXIS2PLACEMENT3D(#5758,#3991,#332);
#5760= IFCEXTRUDEDAREASOLID(#5736,#5759,#9,13221.37);
#5761= IFCSHAPEREPRESENTATION(#12,'Body','SweptSolid',(#5760));
#5762= IFCPRODUCTDEFINITIONSHAPE($,$,(#5761));
#5763= IFCBEAM('28bwM1ng924gwY$GvrmRAq',#44,'main piece','950*1000','950*1000',#5757,#5762,'Hormig\S\sn_B-1/50(?)');
#5764= IFCPROPERTYSINGLEVALUE('IndicationMark',$,IFCIDENTIFIER('Hormig\S\sn_B-1/50(?)'),$);
#5765= IFCPROPERTYSET('21e_uLd9fE1OdkXIs89gcx',#5,'AISC_EM11_Pset_PieceIdentification','PieceIdentity',(#5743,#5764,#425,#701));
#5766= IFCLOCALPLACEMENT(#42,#10);
#5767= IFCELEMENTASSEMBLY('1vknJM4oPCjuJFP26jyMgH',#44,'BEAM',$,$,#5766,$,'B/1638(?)',.NOTDEFINED.,.REINFORCEMENT_UNIT.);
#5768= IFCPROPERTYSINGLEVALUE('AssemblyMark',$,IFCIDENTIFIER('B/1638(?)'),$);
#5769= IFCPROPERTYSET('0KbFJoHQ14CO5kUFXSRnru',#5,'AISC_EM11_Pset_AssemblyIdentification','AssemblyIdentity',(#5768,#52,#53));
#5770= IFCCARTESIANPOINT((47186.3785805349,8613.72959691461,52375.));
#5771= IFCAXIS2PLACEMENT3D(#5770,#9,#1347);
#5772= IFCLOCALPLACEMENT(#5766,#5771);
#5773= IFCCARTESIANPOINT((7613.842715168,-1.81733841458331E-12,7.27595761418343E-12));
#5774= IFCAXIS2PLACEMENT3D(#5773,#3991,#332);
#5775= IFCEXTRUDEDAREASOLID(#5736,#5774,#9,7613.84);
#5776= IFCSHAPEREPRESENTATION(#12,'Body','SweptSolid',(#5775));
#5777= IFCPRODUCTDEFINITIONSHAPE($,$,(#5776));
#5778= IFCBEAM('0rK2xLTyn3Bww3XbTgSBvh',#44,'main piece','950*1000','950*1000',#5772,#5777,'Hormig\S\sn_B-1/103(?)');
#5779= IFCPROPERTYSINGLEVALUE('IndicationMark',$,IFCIDENTIFIER('Hormig\S\sn_B-1/103(?)'),$);
#5780= IFCPROPERTYSET('3Sgn0p6HH7eAyp9BBuGL7a',#5,'AISC_EM11_Pset_PieceIdentification','PieceIdentity',(#5743,#5779,#425,#701));
#5781= IFCLOCALPLACEMENT(#42,#10);
#5782= IFCELEMENTASSEMBLY('2L3uC4G_n3vhULrtdSBzNx',#44,'BEAM',$,$,#5781,$,'B/1635(?)',.NOTDEFINED.,.REINFORCEMENT_UNIT.);
#5783= IFCPROPERTYSINGLEVALUE('AssemblyMark',$,IFCIDENTIFIER('B/1635(?)'),$);
#5784= IFCPROPERTYSET('1n6OD0qOvE_hseSJC_1Onh',#5,'AISC_EM11_Pset_AssemblyIdentification','AssemblyIdentity',(#5783,#52,#53));
#5785= IFCCARTESIANPOINT((34186.3671368554,7895.65669918754,52375.));
#5786= IFCDIRECTION((0.998477956020056,0.0551522560011078,0.));
#5787= IFCAXIS2PLACEMENT3D(#5785,#9,#5786);
#5788= IFCLOCALPLACEMENT(#5781,#5787);
#5789= IFCCARTESIANPOINT((13019.8281948054,0.,0.));
#5790= IFCAXIS2PLACEMENT3D(#5789,#3991,#332);
#5791= IFCEXTRUDEDAREASOLID(#5736,#5790,#9,13019.83);
#5792= IFCSHAPEREPRESENTATION(#12,'Body','SweptSolid',(#5791));
#5793= IFCPRODUCTDEFINITIONSHAPE($,$,(#5792));
#5794= IFCBEAM('006xBahb197hX85yCx1yG1',#44,'main piece','950*1000','950*1000',#5788,#5793,'Hormig\S\sn_B-1/100(?)');
#5795= IFCPROPERTYSINGLEVALUE('IndicationMark',$,IFCIDENTIFIER('Hormig\S\sn_B-1/100(?)'),$);
#5796= IFCPROPERTYSET('1kEWHK9QT3Hw2Sbyu4lglr',#5,'AISC_EM11_Pset_PieceIdentification','PieceIdentity',(#5743,#5795,#425,#701));
#5797= IFCLOCALPLACEMENT(#42,#10);
#5798= IFCELEMENTASSEMBLY('1pJSGTPQL9VRootb8roCOb',#44,'BEAM',$,$,#5797,$,'B/1637(?)',.NOTDEFINED.,.REINFORCEMENT_UNIT.);
#5799= IFCCARTESIANPOINT((68000.1943331306,17630.2586634211,52375.));
#5800= IFCAXIS2PLACEMENT3D(#5799,#9,#7);
#5801= IFCLOCALPLACEMENT(#5797,#5800);
#5802= IFCCARTESIANPOINT((5199.80621321799,0.,0.));
#5803= IFCAXIS2PLACEMENT3D(#5802,#3991,#332);
#5804= IFCEXTRUDEDAREASOLID(#5736,#5803,#9,5199.81);
#5805= IFCSHAPEREPRESENTATION(#12,'Body','SweptSolid',(#5804));
#5806= IFCPRODUCTDEFINITIONSHAPE($,$,(#5805));
#5807= IFCBEAM('1h1vm5bFb7Y8lKatkAnqw9',#44,'main piece','950*1000','950*1000',#5801,#5806,'Hormig\S\sn_B-1/102(?)');
#5808= IFCLOCALPLACEMENT(#42,#10);
#5809= IFCELEMENTASSEMBLY('1BRUwOi9T5ehUvCHmDrD1U',#44,'BEAM',$,$,#5808,$,'B/973(?)',.NOTDEFINED.,.REINFORCEMENT_UNIT.);
#5810= IFCCARTESIANPOINT((54800.1973847896,16875.208005808,52375.));
#5811= IFCAXIS2PLACEMENT3D(#5810,#9,#2136);
#5812= IFCLOCALPLACEMENT(#5808,#5811);
#5813= IFCCARTESIANPOINT((13221.5740716366,0.,-7.27595761418343E-12));
#5814= IFCAXIS2PLACEMENT3D(#5813,#3991,#332);
#5815= IFCEXTRUDEDAREASOLID(#5736,#5814,#9,13221.57);
#5816= IFCSHAPEREPRESENTATION(#12,'Body','SweptSolid',(#5815));
#5817= IFCPRODUCTDEFINITIONSHAPE($,$,(#5816));
#5818= IFCBEAM('1_80wPtP5B4AlVDpkYQnVf',#44,'main piece','950*1000','950*1000',#5812,#5817,'Hormig\S\sn_B-1/50(?)');
#5819= IFCLOCALPLACEMENT(#42,#10);
#5820= IFCELEMENTASSEMBLY('01LoR_vrr3ZuytM9Ca8Dtd',#44,'BEAM',$,$,#5819,$,'B/1636(?)',.NOTDEFINED.,.REINFORCEMENT_UNIT.);
#5821= IFCPROPERTYSINGLEVALUE('AssemblyMark',$,IFCIDENTIFIER('B/1636(?)'),$);
#5822= IFCPROPERTYSET('0F5F9hhnfDTffgz8hdHQJ9',#5,'AISC_EM11_Pset_AssemblyIdentification','AssemblyIdentity',(#5821,#52,#53));
#5823= IFCCARTESIANPOINT((47193.4540590146,16887.7520142025,52375.));
#5824= IFCAXIS2PLACEMENT3D(#5823,#9,#2675);
#5825= IFCLOCALPLACEMENT(#5819,#5824);
#5826= IFCCARTESIANPOINT((7606.75366870573,0.,0.));
#5827= IFCAXIS2PLACEMENT3D(#5826,#3991,#332);
#5828= IFCEXTRUDEDAREASOLID(#5736,#5827,#9,7606.75);
#5829= IFCSHAPEREPRESENTATION(#12,'Body','SweptSolid',(#5828));
#5830= IFCPRODUCTDEFINITIONSHAPE($,$,(#5829));
#5831= IFCBEAM('0A9s5mwn93Dh_9QaoFccHK',#44,'main piece','950*1000','950*1000',#5825,#5830,'Hormig\S\sn_B-1/101(?)');
#5832= IFCPROPERTYSINGLEVALUE('IndicationMark',$,IFCIDENTIFIER('Hormig\S\sn_B-1/101(?)'),$);
#5833= IFCPROPERTYSET('3Js9c115H9iOxYL5AE60T$',#5,'AISC_EM11_Pset_PieceIdentification','PieceIdentity',(#5743,#5832,#425,#701));
#5834= IFCLOCALPLACEMENT(#42,#10);
#5835= IFCELEMENTASSEMBLY('0Rp5puffL2COr47jrEGisw',#44,'BEAM',$,$,#5834,$,'B/1635(?)',.NOTDEFINED.,.REINFORCEMENT_UNIT.);
#5836= IFCCARTESIANPOINT((34193.4540593282,17607.3393449671,52375.));
#5837= IFCAXIS2PLACEMENT3D(#5836,#9,#3122);
#5838= IFCLOCALPLACEMENT(#5834,#5837);
#5839= IFCCARTESIANPOINT((13019.9003805115,0.,7.27595761418343E-12));
#5840= IFCAXIS2PLACEMENT3D(#5839,#3991,#332);
#5841= IFCEXTRUDEDAREASOLID(#5736,#5840,#9,13019.9);
#5842= IFCSHAPEREPRESENTATION(#12,'Body','SweptSolid',(#5841));
#5843= IFCPRODUCTDEFINITIONSHAPE($,$,(#5842));
#5844= IFCBEAM('2BULCllYLFvwl1FzOdj$$I',#44,'main piece','950*1000','950*1000',#5838,#5843,'Hormig\S\sn_B-1/100(?)');
#5845= IFCLOCALPLACEMENT(#42,#10);
#5846= IFCELEMENTASSEMBLY('1OuBelo1n2xBSK3QM_5zRV',#44,'BEAM',$,$,#5845,$,'B/1634(?)',.NOTDEFINED.,.REINFORCEMENT_UNIT.);
#5847= IFCPROPERTYSINGLEVALUE('AssemblyMark',$,IFCIDENTIFIER('B/1634(?)'),$);
#5848= IFCPROPERTYSET('3$wWk2V6j4VxZ0c6RzWnJx',#5,'AISC_EM11_Pset_AssemblyIdentification','AssemblyIdentity',(#5847,#52,#53));
#5849= IFCCARTESIANPOINT((28799.9646881943,7870.16115989824,52375.));
#5850= IFCDIRECTION((0.999999999986656,5.16599999985267E-06,0.));
#5851= IFCAXIS2PLACEMENT3D(#5849,#9,#5850);
#5852= IFCLOCALPLACEMENT(#5845,#5851);
#5853= IFCCARTESIANPOINT((4800.03531185816,0.,7.27595761418343E-12));
#5854= IFCAXIS2PLACEMENT3D(#5853,#3991,#332);
#5855= IFCEXTRUDEDAREASOLID(#5736,#5854,#9,4800.04);
#5856= IFCSHAPEREPRESENTATION(#12,'Body','SweptSolid',(#5855));
#5857= IFCPRODUCTDEFINITIONSHAPE($,$,(#5856));
#5858= IFCBEAM('0Eq$Zy4lX7Qv5ZvmFocO3_',#44,'main piece','950*1000','950*1000',#5852,#5857,'Hormig\S\sn_B-1/99(?)');
#5859= IFCPROPERTYSINGLEVALUE('IndicationMark',$,IFCIDENTIFIER('Hormig\S\sn_B-1/99(?)'),$);
#5860= IFCPROPERTYSET('2ekjvQMz9F0xvws5TXpSlO',#5,'AISC_EM11_Pset_PieceIdentification','PieceIdentity',(#5743,#5859,#425,#701));
#5861= IFCLOCALPLACEMENT(#42,#10);
#5862= IFCELEMENTASSEMBLY('3l1RkCH7vE2flJa3e2jMV1',#44,'BEAM',$,$,#5861,$,'B/1634(?)',.NOTDEFINED.,.REINFORCEMENT_UNIT.);
#5863= IFCCARTESIANPOINT((28799.9990204697,17630.1766475691,52375.));
#5864= IFCAXIS2PLACEMENT3D(#5863,#9,#3765);
#5865= IFCLOCALPLACEMENT(#5861,#5864);
#5866= IFCCARTESIANPOINT((4800.00097952382,0.,0.));
#5867= IFCAXIS2PLACEMENT3D(#5866,#3991,#332);
#5868= IFCEXTRUDEDAREASOLID(#5736,#5867,#9,4800.);
#5869= IFCSHAPEREPRESENTATION(#12,'Body','SweptSolid',(#5868));
#5870= IFCPRODUCTDEFINITIONSHAPE($,$,(#5869));
#5871= IFCBEAM('3hty527XjC8fp2f9GfClKN',#44,'main piece','950*1000','950*1000',#5865,#5870,'Hormig\S\sn_B-1/99(?)');
#5872= IFCLOCALPLACEMENT(#42,#10);
#5873= IFCELEMENTASSEMBLY('252Bu_n61CbfTue5iXH8F8',#44,'BEAM',$,$,#5872,$,'B/1633(?)',.NOTDEFINED.,.REINFORCEMENT_UNIT.);
#5874= IFCPROPERTYSINGLEVALUE('AssemblyMark',$,IFCIDENTIFIER('B/1633(?)'),$);
#5875= IFCPROPERTYSET('1pEph75MPAJ8sG79SJF2IK',#5,'AISC_EM11_Pset_AssemblyIdentification','AssemblyIdentity',(#5874,#52,#53));
#5876= IFCCARTESIANPOINT((23099.9971588398,-945.846081267868,52375.));
#5877= IFCAXIS2PLACEMENT3D(#5876,#9,#7);
#5878= IFCLOCALPLACEMENT(#5872,#5877);
#5879= IFCRECTANGLEPROFILEDEF(.AREA.,'950*300',#73,300.,950.);
#5880= IFCCARTESIANPOINT((55800.2292175869,0.,0.));
#5881= IFCAXIS2PLACEMENT3D(#5880,#3991,#332);
#5882= IFCEXTRUDEDAREASOLID(#5879,#5881,#9,55800.23);
#5883= IFCSHAPEREPRESENTATION(#12,'Body','SweptSolid',(#5882));
#5884= IFCPRODUCTDEFINITIONSHAPE($,$,(#5883));
#5885= IFCBEAM('2yDr0YwOX35eOIjalsBwjl',#44,'main piece','950*300','950*300',#5878,#5884,'Hormig\S\sn_B-1/98(?)');
#5886= IFCPROPERTYSINGLEVALUE('IndicationMark',$,IFCIDENTIFIER('Hormig\S\sn_B-1/98(?)'),$);
#5887= IFCPROPERTYSET('1LYYTUTF1AgBN9KFpL7qWP',#5,'AISC_EM11_Pset_PieceIdentification','PieceIdentity',(#5743,#5886,#425,#701));
#5888= IFCLOCALPLACEMENT(#42,#10);
#5889= IFCELEMENTASSEMBLY('3GBn$FJxr1Hhf_ilUQmS_j',#44,'BEAM',$,$,#5888,$,'B/1633(?)',.NOTDEFINED.,.REINFORCEMENT_UNIT.);
#5890= IFCCARTESIANPOINT((23099.9982575302,26445.951192102,52375.));
#5891= IFCAXIS2PLACEMENT3D(#5890,#9,#7);
#5892= IFCLOCALPLACEMENT(#5888,#5891);
#5893= IFCCARTESIANPOINT((55800.1826796556,0.,0.));
#5894= IFCAXIS2PLACEMENT3D(#5893,#3991,#332);
#5895= IFCEXTRUDEDAREASOLID(#5879,#5894,#9,55800.18);
#5896= IFCSHAPEREPRESENTATION(#12,'Body','SweptSolid',(#5895));
#5897= IFCPRODUCTDEFINITIONSHAPE($,$,(#5896));
#5898= IFCBEAM('2WDs5L7kH1mhjAkqXL4mvk',#44,'main piece','950*300','950*300',#5892,#5897,'Hormig\S\sn_B-1/98(?)');
#5899= IFCLOCALPLACEMENT(#42,#10);
#5900= IFCELEMENTASSEMBLY('1JELBPSNvAvuaRkQFEFIzf',#44,'BEAM',$,$,#5899,$,'B/1632(?)',.NOTDEFINED.,.REINFORCEMENT_UNIT.);
#5901= IFCPROPERTYSINGLEVALUE('AssemblyMark',$,IFCIDENTIFIER('B/1632(?)'),$);
#5902= IFCPROPERTYSET('39JrtNlZDB5Am_w$np4IBa',#5,'AISC_EM11_Pset_AssemblyIdentification','AssemblyIdentity',(#5901,#52,#53));
#5903= IFCCARTESIANPOINT((78800.1819196869,-795.846081267868,52375.));
#5904= IFCAXIS2PLACEMENT3D(#5903,#9,#8);
#5905= IFCLOCALPLACEMENT(#5899,#5904);
#5906= IFCRECTANGLEPROFILEDEF(.AREA.,'950*200',#73,200.,950.);
#5907= IFCCARTESIANPOINT((27091.797718967,0.,0.));
#5908= IFCAXIS2PLACEMENT3D(#5907,#3991,#332);
#5909= IFCEXTRUDEDAREASOLID(#5906,#5908,#9,27091.8);
#5910= IFCSHAPEREPRESENTATION(#12,'Body','SweptSolid',(#5909));
#5911= IFCPRODUCTDEFINITIONSHAPE($,$,(#5910));
#5912= IFCBEAM('3lE0ScgjHFTQBKamnwZiUp',#44,'main piece','950*200','950*200',#5905,#5911,'Hormig\S\sn_B-1/97(?)');
#5913= IFCPROPERTYSINGLEVALUE('IndicationMark',$,IFCIDENTIFIER('Hormig\S\sn_B-1/97(?)'),$);
#5914= IFCPROPERTYSET('02E_zefanDDRAsw8Vh95EM',#5,'AISC_EM11_Pset_PieceIdentification','PieceIdentity',(#5743,#5913,#425,#701));
#5915= IFCLOCALPLACEMENT(#42,#10);
#5916= IFCELEMENTASSEMBLY('26iC8Qc8X9f95fiJV6D5h9',#44,'BEAM',$,$,#5915,$,'B/1632(?)',.NOTDEFINED.,.REINFORCEMENT_UNIT.);
#5917= IFCCARTESIANPOINT((23199.9971635294,-795.846081267868,52375.));
#5918= IFCAXIS2PLACEMENT3D(#5917,#9,#8);
#5919= IFCLOCALPLACEMENT(#5915,#5918);
#5920= IFCCARTESIANPOINT((27091.7972733702,3.5855695141998E-19,7.27595761418343E-12));
#5921= IFCAXIS2PLACEMENT3D(#5920,#3991,#332);
#5922= IFCEXTRUDEDAREASOLID(#5906,#5921,#9,27091.8);
#5923= IFCSHAPEREPRESENTATION(#12,'Body','SweptSolid',(#5922));
#5924= IFCPRODUCTDEFINITIONSHAPE($,$,(#5923));
#5925= IFCBEAM('0ku9bzjlP30RKVqNHh_Pv2',#44,'main piece','950*200','950*200',#5919,#5924,'Hormig\S\sn_B-1/97(?)');
#5926= IFCLOCALPLACEMENT(#42,#10);
#5927= IFCELEMENTASSEMBLY('0R9sy7hMHDxumX2iGhXwx6',#44,'BEAM',$,$,#5926,$,'B/1631(?)',.NOTDEFINED.,.REINFORCEMENT_UNIT.);
#5928= IFCPROPERTYSINGLEVALUE('AssemblyMark',$,IFCIDENTIFIER('B/1631(?)'),$);
#5929= IFCPROPERTYSET('0CB2er4AvC8xxxns9cpJtP',#5,'AISC_EM11_Pset_AssemblyIdentification','AssemblyIdentity',(#5928,#52,#53));
#5930= IFCCARTESIANPOINT((78700.0366210938,8120.17260399004,52375.));
#5931= IFCAXIS2PLACEMENT3D(#5930,#9,#3991);
#5932= IFCLOCALPLACEMENT(#5926,#5931);
#5933= IFCRECTANGLEPROFILEDEF(.AREA.,'950*500',#73,500.,950.);
#5934= IFCCARTESIANPOINT((1800.00097953032,0.,0.));
#5935= IFCAXIS2PLACEMENT3D(#5934,#3991,#332);
#5936= IFCEXTRUDEDAREASOLID(#5933,#5935,#9,1800.);
#5937= IFCSHAPEREPRESENTATION(#12,'Body','SweptSolid',(#5936));
#5938= IFCPRODUCTDEFINITIONSHAPE($,$,(#5937));
#5939= IFCBEAM('0WjIEW$J5CZu1ZlhV6TJO1',#44,'main piece','950*500','950*500',#5932,#5938,'Hormig\S\sn_B-1/96(?)');
#5940= IFCPROPERTYSINGLEVALUE('IndicationMark',$,IFCIDENTIFIER('Hormig\S\sn_B-1/96(?)'),$);
#5941= IFCPROPERTYSET('3lzo1qGpDBUgxGH3ZeVTNo',#5,'AISC_EM11_Pset_PieceIdentification','PieceIdentity',(#5743,#5940,#425,#701));
#5942= IFCLOCALPLACEMENT(#42,#10);
#5943= IFCELEMENTASSEMBLY('0twVINA7H4uQKQM2k1pPFw',#44,'BEAM',$,$,#5942,$,'B/1631(?)',.NOTDEFINED.,.REINFORCEMENT_UNIT.);
#5944= IFCCARTESIANPOINT((78700.0366210938,17382.5760921492,52375.));
#5945= IFCAXIS2PLACEMENT3D(#5944,#9,#3991);
#5946= IFCLOCALPLACEMENT(#5942,#5945);
#5947= IFCSHAPEREPRESENTATION(#12,'Body','SweptSolid',(#5936));
#5948= IFCPRODUCTDEFINITIONSHAPE($,$,(#5947));
#5949= IFCBEAM('37fvd1dIjCvR46L2xldDpm',#44,'main piece','950*500','950*500',#5946,#5948,'Hormig\S\sn_B-1/96(?)');
#5950= IFCLOCALPLACEMENT(#42,#10);
#5951= IFCELEMENTASSEMBLY('2O$tzxpC19XP58h_C3f16h',#44,'BEAM',$,$,#5950,$,'B/1631(?)',.NOTDEFINED.,.REINFORCEMENT_UNIT.);
#5952= IFCCARTESIANPOINT((25100.,8120.17260399004,52375.));
#5953= IFCAXIS2PLACEMENT3D(#5952,#9,#3991);
#5954= IFCLOCALPLACEMENT(#5950,#5953);
#5955= IFCSHAPEREPRESENTATION(#12,'Body','SweptSolid',(#5936));
#5956= IFCPRODUCTDEFINITIONSHAPE($,$,(#5955));
#5957= IFCBEAM('0dWXtD2sv1_8F7dOwB_sQX',#44,'main piece','950*500','950*500',#5954,#5956,'Hormig\S\sn_B-1/96(?)');
#5958= IFCLOCALPLACEMENT(#42,#10);
#5959= IFCELEMENTASSEMBLY('3MoXXhNrL0hhZAR1I3XEZs',#44,'BEAM',$,$,#5958,$,'B/1631(?)',.NOTDEFINED.,.REINFORCEMENT_UNIT.);
#5960= IFCCARTESIANPOINT((25100.,17382.5760921492,52375.));
#5961= IFCAXIS2PLACEMENT3D(#5960,#9,#3991);
#5962= IFCLOCALPLACEMENT(#5958,#5961);
#5963= IFCSHAPEREPRESENTATION(#12,'Body','SweptSolid',(#5936));
#5964= IFCPRODUCTDEFINITIONSHAPE($,$,(#5963));
#5965= IFCBEAM('0X_xVcKE560feEvlAzBjPN',#44,'main piece','950*500','950*500',#5962,#5964,'Hormig\S\sn_B-1/96(?)');
#5966= IFCLOCALPLACEMENT(#42,#10);
#5967= IFCELEMENTASSEMBLY('3Jv5w9rOr5APHQfG29Ea3Y',#44,'BEAM',$,$,#5966,$,'B/1536(?)',.NOTDEFINED.,.REINFORCEMENT_UNIT.);
#5968= IFCPROPERTYSINGLEVALUE('AssemblyMark',$,IFCIDENTIFIER('B/1536(?)'),$);
#5969= IFCPROPERTYSET('2RJmJOwkH9rBiidYbAa1me',#5,'AISC_EM11_Pset_AssemblyIdentification','AssemblyIdentity',(#5968,#52,#53));
#5970= IFCCARTESIANPOINT((23099.9982575302,0.,52375.));
#5971= IFCAXIS2PLACEMENT3D(#5970,#9,#3765);
#5972= IFCLOCALPLACEMENT(#5966,#5971);
#5973= IFCCARTESIANPOINT((55800.1847487086,0.,-7.27595761418343E-12));
#5974= IFCAXIS2PLACEMENT3D(#5973,#3991,#332);
#5975= IFCEXTRUDEDAREASOLID(#5736,#5974,#9,55800.18);
#5976= IFCSHAPEREPRESENTATION(#12,'Body','SweptSolid',(#5975));
#5977= IFCPRODUCTDEFINITIONSHAPE($,$,(#5976));
#5978= IFCBEAM('3i0upOBnr0ugbiwECcAGiD',#44,'main piece','950*1000','950*1000',#5972,#5977,'Hormig\S\sn_B-1/83(?)');
#5979= IFCPROPERTYSINGLEVALUE('IndicationMark',$,IFCIDENTIFIER('Hormig\S\sn_B-1/83(?)'),$);
#5980= IFCPROPERTYSET('0OuNl4hWr3gOWcJ$bTYzh5',#5,'AISC_EM11_Pset_PieceIdentification','PieceIdentity',(#5743,#5979,#425,#701));
#5981= IFCLOCALPLACEMENT(#42,#10);
#5982= IFCELEMENTASSEMBLY('3deqBr$Sv1ax1Si34UNhdL',#44,'BEAM',$,$,#5981,$,'B/1628(?)',.NOTDEFINED.,.REINFORCEMENT_UNIT.);
#5983= IFCPROPERTYSINGLEVALUE('AssemblyMark',$,IFCIDENTIFIER('B/1628(?)'),$);
#5984= IFCPROPERTYSET('0LF$Nbipz1SvpTlv__2JCD',#5,'AISC_EM11_Pset_AssemblyIdentification','AssemblyIdentity',(#5983,#52,#53));
#5985= IFCCARTESIANPOINT((76500.,-795.846081267868,52375.));
#5986= IFCAXIS2PLACEMENT3D(#5985,#9,#8);
#5987= IFCLOCALPLACEMENT(#5981,#5986);
#5988= IFCRECTANGLEPROFILEDEF(.AREA.,'950*800',#73,800.,950.);
#5989= IFCEXTRUDEDAREASOLID(#5988,#5921,#9,27091.8);
#5990= IFCSHAPEREPRESENTATION(#12,'Body','SweptSolid',(#5989));
#5991= IFCPRODUCTDEFINITIONSHAPE($,$,(#5990));
#5992= IFCBEAM('2qM0HWQ$r8ZQmZdsoa5ZZt',#44,'main piece','950*800','950*800',#5987,#5991,'Hormig\S\sn_B-1/93(?)');
#5993= IFCPROPERTYSINGLEVALUE('IndicationMark',$,IFCIDENTIFIER('Hormig\S\sn_B-1/93(?)'),$);
#5994= IFCPROPERTYSET('2zkMrOPa59ORCUOdrAqiAx',#5,'AISC_EM11_Pset_PieceIdentification','PieceIdentity',(#5743,#5993,#425,#701));
#5995= IFCLOCALPLACEMENT(#42,#10);
#5996= IFCELEMENTASSEMBLY('3BHs3tRp99DBX$9_ROCbvc',#44,'BEAM',$,$,#5995,$,'B/1628(?)',.NOTDEFINED.,.REINFORCEMENT_UNIT.);
#5997= IFCCARTESIANPOINT((68000.,-795.846081267868,52375.));
#5998= IFCAXIS2PLACEMENT3D(#5997,#9,#8);
#5999= IFCLOCALPLACEMENT(#5995,#5998);
#6000= IFCSHAPEREPRESENTATION(#12,'Body','SweptSolid',(#5989));
#6001= IFCPRODUCTDEFINITIONSHAPE($,$,(#6000));
#6002= IFCBEAM('22W8i9I1v348RdYQcpmafW',#44,'main piece','950*800','950*800',#5999,#6001,'Hormig\S\sn_B-1/93(?)');
#6003= IFCLOCALPLACEMENT(#42,#10);
#6004= IFCELEMENTASSEMBLY('23SFBmql5FiwB7H7IABqI4',#44,'BEAM',$,$,#6003,$,'B/1630(?)',.NOTDEFINED.,.REINFORCEMENT_UNIT.);
#6005= IFCPROPERTYSINGLEVALUE('AssemblyMark',$,IFCIDENTIFIER('B/1630(?)'),$);
#6006= IFCPROPERTYSET('0oNHmojiX6M94d9W0zJbgY',#5,'AISC_EM11_Pset_AssemblyIdentification','AssemblyIdentity',(#6005,#52,#53));
#6007= IFCCARTESIANPOINT((59500.,-795.846081267868,52375.));
#6008= IFCAXIS2PLACEMENT3D(#6007,#9,#8);
#6009= IFCLOCALPLACEMENT(#6003,#6008);
#6010= IFCRECTANGLEPROFILEDEF(.AREA.,'950*600',#73,600.,950.);
#6011= IFCEXTRUDEDAREASOLID(#6010,#5921,#9,27091.8);
#6012= IFCSHAPEREPRESENTATION(#12,'Body','SweptSolid',(#6011));
#6013= IFCPRODUCTDEFINITIONSHAPE($,$,(#6012));
#6014= IFCBEAM('0nJ2SKyw5CQQU1YewKkTGx',#44,'main piece','950*600','950*600',#6009,#6013,'Hormig\S\sn_B-1/95(?)');
#6015= IFCPROPERTYSINGLEVALUE('IndicationMark',$,IFCIDENTIFIER('Hormig\S\sn_B-1/95(?)'),$);
#6016= IFCPROPERTYSET('2oMvZr5nr35em$ndWjxW5x',#5,'AISC_EM11_Pset_PieceIdentification','PieceIdentity',(#5743,#6015,#425,#701));
#6017= IFCLOCALPLACEMENT(#42,#10);
#6018= IFCELEMENTASSEMBLY('2iBX9YPJP9K9bsIww9Vcvs',#44,'BEAM',$,$,#6017,$,'B/1628(?)',.NOTDEFINED.,.REINFORCEMENT_UNIT.);
#6019= IFCCARTESIANPOINT((51000.,-795.846081267868,52375.));
#6020= IFCDIRECTION((3.38800000009482E-06,0.999999999994261,0.));
#6021= IFCAXIS2PLACEMENT3D(#6019,#9,#6020);
#6022= IFCLOCALPLACEMENT(#6017,#6021);
#6023= IFCSHAPEREPRESENTATION(#12,'Body','SweptSolid',(#5989));
#6024= IFCPRODUCTDEFINITIONSHAPE($,$,(#6023));
#6025= IFCBEAM('0kd97LBVT0TvB6PGV37yLM',#44,'main piece','950*800','950*800',#6022,#6024,'Hormig\S\sn_B-1/93(?)');
#6026= IFCLOCALPLACEMENT(#42,#10);
#6027= IFCELEMENTASSEMBLY('1OTrvpagz2Rwcam9dZqNfU',#44,'BEAM',$,$,#6026,$,'B/1630(?)',.NOTDEFINED.,.REINFORCEMENT_UNIT.);
#6028= IFCCARTESIANPOINT((42500.,-795.846081267868,52375.));
#6029= IFCAXIS2PLACEMENT3D(#6028,#9,#8);
#6030= IFCLOCALPLACEMENT(#6026,#6029);
#6031= IFCSHAPEREPRESENTATION(#12,'Body','SweptSolid',(#6011));
#6032= IFCPRODUCTDEFINITIONSHAPE($,$,(#6031));
#6033= IFCBEAM('0oL2rDlBzEhhnIxHht_Xf1',#44,'main piece','950*600','950*600',#6030,#6032,'Hormig\S\sn_B-1/95(?)');
#6034= IFCLOCALPLACEMENT(#42,#10);
#6035= IFCELEMENTASSEMBLY('3$Cp42wqj3ghn9uIKsjuM0',#44,'BEAM',$,$,#6034,$,'B/1629(?)',.NOTDEFINED.,.REINFORCEMENT_UNIT.);
#6036= IFCPROPERTYSINGLEVALUE('AssemblyMark',$,IFCIDENTIFIER('B/1629(?)'),$);
#6037= IFCPROPERTYSET('2785INq3zEZR96PkSiGjbK',#5,'AISC_EM11_Pset_AssemblyIdentification','AssemblyIdentity',(#6036,#52,#53));
#6038= IFCCARTESIANPOINT((34000.,-795.846081267868,52375.));
#6039= IFCAXIS2PLACEMENT3D(#6038,#9,#8);
#6040= IFCLOCALPLACEMENT(#6034,#6039);
#6041= IFCCARTESIANPOINT((26295.951192102,0.,0.));
#6042= IFCAXIS2PLACEMENT3D(#6041,#3991,#332);
#6043= IFCEXTRUDEDAREASOLID(#5988,#6042,#9,26295.95);
#6044= IFCSHAPEREPRESENTATION(#12,'Body','SweptSolid',(#6043));
#6045= IFCPRODUCTDEFINITIONSHAPE($,$,(#6044));
#6046= IFCBEAM('2bIVtWUL52_BYATVQLd5oS',#44,'main piece','950*800','950*800',#6040,#6045,'Hormig\S\sn_B-1/94(?)');
#6047= IFCPROPERTYSINGLEVALUE('IndicationMark',$,IFCIDENTIFIER('Hormig\S\sn_B-1/94(?)'),$);
#6048= IFCPROPERTYSET('0Pl6cxWBL7ROHDMhAkxvP1',#5,'AISC_EM11_Pset_PieceIdentification','PieceIdentity',(#5743,#6047,#425,#701));
#6049= IFCLOCALPLACEMENT(#42,#10);
#6050= IFCELEMENTASSEMBLY('158VhFSzr0Owg_YbLjjhlE',#44,'BEAM',$,$,#6049,$,'B/1628(?)',.NOTDEFINED.,.REINFORCEMENT_UNIT.);
#6051= IFCCARTESIANPOINT((25500.,-795.846081267868,52375.));
#6052= IFCAXIS2PLACEMENT3D(#6051,#9,#8);
#6053= IFCLOCALPLACEMENT(#6049,#6052);
#6054= IFCSHAPEREPRESENTATION(#12,'Body','SweptSolid',(#5989));
#6055= IFCPRODUCTDEFINITIONSHAPE($,$,(#6054));
#6056= IFCBEAM('0nj5xhkFn24OKMRE04_jG_',#44,'main piece','950*800','950*800',#6053,#6055,'Hormig\S\sn_B-1/93(?)');
#6057= IFCLOCALPLACEMENT(#42,#10);
#6058= IFCELEMENTASSEMBLY('1UelG_mrj2v9pwB2nLbU$b',#44,'COLUMN',$,$,#6057,$,'C/134(?)',.NOTDEFINED.,.REINFORCEMENT_UNIT.);
#6059= IFCPROPERTYSINGLEVALUE('AssemblyMark',$,IFCIDENTIFIER('C/134(?)'),$);
#6060= IFCPROPERTYSET('1cl9C6pcf7qR2mCq8n3ACx',#5,'AISC_EM11_Pset_AssemblyIdentification','AssemblyIdentity',(#6059,#52,#53));
#6061= IFCCARTESIANPOINT((51000.2011413574,12750.1685256958,52850.));
#6062= IFCAXIS2PLACEMENT3D(#6061,#9,#332);
#6063= IFCLOCALPLACEMENT(#6057,#6062);
#6064= IFCRECTANGLEPROFILEDEF(.AREA.,'CUT400*7250',#73,400.,7250.);
#6065= IFCCARTESIANPOINT((0.,0.,4387.64296993532));
#6066= IFCAXIS2PLACEMENT3D(#6065,#57,#8);
#6067= IFCEXTRUDEDAREASOLID(#6064,#6066,#9,4387.64);
#6068= IFCSHAPEREPRESENTATION(#12,'Body','SweptSolid',(#6067));
#6069= IFCPRODUCTDEFINITIONSHAPE($,$,(#6068));
#6070= IFCCOLUMN('1w50L7lFX7ox$DRlwImh2S',#44,'main piece','CUT400*7250','CUT400*7250',#6063,#6069,'Hormig\S\sn_C-1/35(?)');
#6071= IFCPROPERTYSINGLEVALUE('PieceMark',$,IFCIDENTIFIER('COLUMN'),$);
#6072= IFCPROPERTYSINGLEVALUE('IndicationMark',$,IFCIDENTIFIER('Hormig\S\sn_C-1/35(?)'),$);
#6073= IFCPROPERTYSET('3Mua00smD2SAQih$rHlsrD',#5,'AISC_EM11_Pset_PieceIdentification','PieceIdentity',(#6071,#6072,#425,#701));
#6074= IFCPROPERTYSINGLEVALUE('MaterialGrade',$,IFCIDENTIFIER('C20/25'),$);
#6075= IFCPROPERTYSET('2aJFPvyZ982OkTxx0MJjFl',#5,'AISC_EM11_Pset_Material',$,(#5746,#6074));
#6076= IFCMATERIAL('CONCRETE/C20/25');
#6077= IFCLOCALPLACEMENT(#42,#10);
#6078= IFCELEMENTASSEMBLY('2RfMmsqPf2dhLHrQlT8DYD',#44,'BEAM',$,$,#6077,$,'B/1537(?)',.NOTDEFINED.,.REINFORCEMENT_UNIT.);
#6079= IFCPROPERTYSINGLEVALUE('AssemblyMark',$,IFCIDENTIFIER('B/1537(?)'),$);
#6080= IFCPROPERTYSET('2LLSChBYT66v62nDBxdhUs',#5,'AISC_EM11_Pset_AssemblyIdentification','AssemblyIdentity',(#6079,#52,#53));
#6081= IFCCARTESIANPOINT((23099.9982575302,26445.8977779402,52350.));
#6082= IFCAXIS2PLACEMENT3D(#6081,#9,#7);
#6083= IFCLOCALPLACEMENT(#6077,#6082);
#6084= IFCRECTANGLEPROFILEDEF(.AREA.,'1000*300',#73,300.,1000.);
#6085= IFCEXTRUDEDAREASOLID(#6084,#5974,#9,55800.18);
#6086= IFCSHAPEREPRESENTATION(#12,'Body','SweptSolid',(#6085));
#6087= IFCPRODUCTDEFINITIONSHAPE($,$,(#6086));
#6088= IFCBEAM('33WVcBmpDFmBhQ_CdgIz01',#44,'main piece','1000*300','1000*300',#6083,#6087,'Hormig\S\sn_B-1/84(?)');
#6089= IFCPROPERTYSINGLEVALUE('IndicationMark',$,IFCIDENTIFIER('Hormig\S\sn_B-1/84(?)'),$);
#6090= IFCPROPERTYSET('3s95OvVSr109QiHfLOlgLg',#5,'AISC_EM11_Pset_PieceIdentification','PieceIdentity',(#5743,#6089,#425,#701));
#6091= IFCLOCALPLACEMENT(#42,#10);
#6092= IFCELEMENTASSEMBLY('2TLT9tRf99Bu77bU3lKR7v',#44,'BEAM',$,$,#6091,$,'B/1455(?)',.NOTDEFINED.,.REINFORCEMENT_UNIT.);
#6093= IFCPROPERTYSINGLEVALUE('AssemblyMark',$,IFCIDENTIFIER('B/1455(?)'),$);
#6094= IFCPROPERTYSET('2W4g$uJ0TD58JaQ0CalBnK',#5,'AISC_EM11_Pset_AssemblyIdentification','AssemblyIdentity',(#6093,#52,#53));
#6095= IFCCARTESIANPOINT((76500.,0.,52375.));
#6096= IFCAXIS2PLACEMENT3D(#6095,#9,#8);
#6097= IFCLOCALPLACEMENT(#6091,#6096);
#6098= IFCCARTESIANPOINT((25500.,0.,0.));
#6099= IFCAXIS2PLACEMENT3D(#6098,#3991,#332);
#6100= IFCEXTRUDEDAREASOLID(#5988,#6099,#9,25500.);
#6101= IFCSHAPEREPRESENTATION(#12,'Body','SweptSolid',(#6100));
#6102= IFCPRODUCTDEFINITIONSHAPE($,$,(#6101));
#6103= IFCBEAM('0qpwdM5s56Fu42g7tr$POc',#44,'main piece','950*800','950*800',#6097,#6102,'Hormig\S\sn_B-1/66(?)');
#6104= IFCPROPERTYSINGLEVALUE('IndicationMark',$,IFCIDENTIFIER('Hormig\S\sn_B-1/66(?)'),$);
#6105= IFCPROPERTYSET('3SiLIa33X4WOjNnHN3h$G8',#5,'AISC_EM11_Pset_PieceIdentification','PieceIdentity',(#5743,#6104,#425,#701));
#6106= IFCLOCALPLACEMENT(#42,#10);
#6107= IFCELEMENTASSEMBLY('1DgQF5Qmb8DgNmPZ_brzcK',#44,'BEAM',$,$,#6106,$,'B/1455(?)',.NOTDEFINED.,.REINFORCEMENT_UNIT.);
#6108= IFCCARTESIANPOINT((68000.,0.,52375.));
#6109= IFCAXIS2PLACEMENT3D(#6108,#9,#8);
#6110= IFCLOCALPLACEMENT(#6106,#6109);
#6111= IFCSHAPEREPRESENTATION(#12,'Body','SweptSolid',(#6100));
#6112= IFCPRODUCTDEFINITIONSHAPE($,$,(#6111));
#6113= IFCBEAM('2nOoeafVHBIPhAMBMckI8z',#44,'main piece','950*800','950*800',#6110,#6112,'Hormig\S\sn_B-1/66(?)');
#6114= IFCLOCALPLACEMENT(#42,#10);
#6115= IFCELEMENTASSEMBLY('1V8H1_kjHCyu9VW_RJrVoB',#44,'BEAM',$,$,#6114,$,'B/1455(?)',.NOTDEFINED.,.REINFORCEMENT_UNIT.);
#6116= IFCCARTESIANPOINT((59500.,0.,52375.));
#6117= IFCAXIS2PLACEMENT3D(#6116,#9,#8);
#6118= IFCLOCALPLACEMENT(#6114,#6117);
#6119= IFCSHAPEREPRESENTATION(#12,'Body','SweptSolid',(#6100));
#6120= IFCPRODUCTDEFINITIONSHAPE($,$,(#6119));
#6121= IFCBEAM('3tyJNKPWj88hHP4k4ImtYS',#44,'main piece','950*800','950*800',#6118,#6120,'Hormig\S\sn_B-1/66(?)');
#6122= IFCLOCALPLACEMENT(#42,#10);
#6123= IFCELEMENTASSEMBLY('3h$iZNemX2oAQdA5O5ZOoI',#44,'BEAM',$,$,#6122,$,'B/1455(?)',.NOTDEFINED.,.REINFORCEMENT_UNIT.);
#6124= IFCCARTESIANPOINT((51000.,0.,52375.));
#6125= IFCAXIS2PLACEMENT3D(#6124,#9,#8);
#6126= IFCLOCALPLACEMENT(#6122,#6125);
#6127= IFCSHAPEREPRESENTATION(#12,'Body','SweptSolid',(#6100));
#6128= IFCPRODUCTDEFINITIONSHAPE($,$,(#6127));
#6129= IFCBEAM('235E9rL6HDj8voCDjcGTOf',#44,'main piece','950*800','950*800',#6126,#6128,'Hormig\S\sn_B-1/66(?)');
#6130= IFCLOCALPLACEMENT(#42,#10);
#6131= IFCELEMENTASSEMBLY('1zF_qw8vD8G8ipVSUys0Aa',#44,'BEAM',$,$,#6130,$,'B/1455(?)',.NOTDEFINED.,.REINFORCEMENT_UNIT.);
#6132= IFCCARTESIANPOINT((42500.,0.,52375.));
#6133= IFCAXIS2PLACEMENT3D(#6132,#9,#8);
#6134= IFCLOCALPLACEMENT(#6130,#6133);
#6135= IFCSHAPEREPRESENTATION(#12,'Body','SweptSolid',(#6100));
#6136= IFCPRODUCTDEFINITIONSHAPE($,$,(#6135));
#6137= IFCBEAM('1h672WV1v4k8ImzeLl0dqD',#44,'main piece','950*800','950*800',#6134,#6136,'Hormig\S\sn_B-1/66(?)');
#6138= IFCLOCALPLACEMENT(#42,#10);
#6139= IFCELEMENTASSEMBLY('26GbNu7$T33QaGrULYN$zb',#44,'BEAM',$,$,#6138,$,'B/1455(?)',.NOTDEFINED.,.REINFORCEMENT_UNIT.);
#6140= IFCCARTESIANPOINT((34000.,0.,52375.));
#6141= IFCAXIS2PLACEMENT3D(#6140,#9,#8);
#6142= IFCLOCALPLACEMENT(#6138,#6141);
#6143= IFCSHAPEREPRESENTATION(#12,'Body','SweptSolid',(#6100));
#6144= IFCPRODUCTDEFINITIONSHAPE($,$,(#6143));
#6145= IFCBEAM('2p8DqmenP0kOZr4H_zkOcU',#44,'main piece','950*800','950*800',#6142,#6144,'Hormig\S\sn_B-1/66(?)');
#6146= IFCLOCALPLACEMENT(#42,#10);
#6147= IFCELEMENTASSEMBLY('2yPBu_Fb58qQuuyiC56qVw',#44,'BEAM',$,$,#6146,$,'B/1455(?)',.NOTDEFINED.,.REINFORCEMENT_UNIT.);
#6148= IFCCARTESIANPOINT((25500.,0.,52375.));
#6149= IFCAXIS2PLACEMENT3D(#6148,#9,#8);
#6150= IFCLOCALPLACEMENT(#6146,#6149);
#6151= IFCSHAPEREPRESENTATION(#12,'Body','SweptSolid',(#6100));
#6152= IFCPRODUCTDEFINITIONSHAPE($,$,(#6151));
#6153= IFCBEAM('3$Uoqo2yv9zQ1VqVrspxDv',#44,'main piece','950*800','950*800',#6150,#6152,'Hormig\S\sn_B-1/66(?)');
#6154= IFCLOCALPLACEMENT(#42,#10);
#6155= IFCELEMENTASSEMBLY('3TNw$F9rH3pgdwB4Fhmzig',#44,'BEAM',$,$,#6154,$,'B/1536(?)',.NOTDEFINED.,.REINFORCEMENT_UNIT.);
#6156= IFCCARTESIANPOINT((23099.9982575302,25500.,52375.));
#6157= IFCAXIS2PLACEMENT3D(#6156,#9,#7);
#6158= IFCLOCALPLACEMENT(#6154,#6157);
#6159= IFCSHAPEREPRESENTATION(#12,'Body','SweptSolid',(#5975));
#6160= IFCPRODUCTDEFINITIONSHAPE($,$,(#6159));
#6161= IFCBEAM('0x7ITJ6QH6mvOoCBqJB7wW',#44,'main piece','950*1000','950*1000',#6158,#6160,'Hormig\S\sn_B-1/83(?)');
#6162= IFCLOCALPLACEMENT(#42,#10);
#6163= IFCELEMENTASSEMBLY('3EVShLfp59zhcJ9P8XCCHC',#44,'BEAM',$,$,#6162,$,'B/1535(?)',.NOTDEFINED.,.REINFORCEMENT_UNIT.);
#6164= IFCPROPERTYSINGLEVALUE('AssemblyMark',$,IFCIDENTIFIER('B/1535(?)'),$);
#6165= IFCPROPERTYSET('0Pp2Ouv5b0tPbmOJqpD4nA',#5,'AISC_EM11_Pset_AssemblyIdentification','AssemblyIdentity',(#6164,#52,#53));
#6166= IFCCARTESIANPOINT((23099.9982575302,0.000103379694337491,52375.));
#6167= IFCAXIS2PLACEMENT3D(#6166,#9,#7);
#6168= IFCLOCALPLACEMENT(#6162,#6167);
#6169= IFCCARTESIANPOINT((55400.2304077148,0.,0.));
#6170= IFCAXIS2PLACEMENT3D(#6169,#3991,#332);
#6171= IFCEXTRUDEDAREASOLID(#5736,#6170,#9,55400.23);
#6172= IFCSHAPEREPRESENTATION(#12,'Body','SweptSolid',(#6171));
#6173= IFCPRODUCTDEFINITIONSHAPE($,$,(#6172));
#6174= IFCBEAM('1RnfWG6_D5Jgpnu6WWfmhK',#44,'main piece','950*1000','950*1000',#6168,#6173,'Hormig\S\sn_B-1/82(?)');
#6175= IFCPROPERTYSINGLEVALUE('IndicationMark',$,IFCIDENTIFIER('Hormig\S\sn_B-1/82(?)'),$);
#6176= IFCPROPERTYSET('20lPpaERnCuBwBfvkxM0Wr',#5,'AISC_EM11_Pset_PieceIdentification','PieceIdentity',(#5743,#6175,#425,#701));
#6177= IFCOWNERHISTORY(#3,#4,$,.NOCHANGE.,$,$,$,1779130800);
#6178= IFCLOCALPLACEMENT(#42,#10);
#6179= IFCELEMENTASSEMBLY('2S$FnxCDbClRBpvrotWfOB',#6177,'COLUMN',$,$,#6178,$,'C/33',.NOTDEFINED.,.REINFORCEMENT_UNIT.);
#6180= IFCPROPERTYSINGLEVALUE('AssemblyMark',$,IFCIDENTIFIER('C/33'),$);
#6181= IFCPROPERTYSET('3VvDNHCtv2dPq74Ep7FLeG',#5,'AISC_EM11_Pset_AssemblyIdentification','AssemblyIdentity',(#6180,#52,#53));
#6182= IFCCARTESIANPOINT((76500.,25500.,52850.));
#6183= IFCAXIS2PLACEMENT3D(#6182,#9,#8);
#6184= IFCLOCALPLACEMENT(#6178,#6183);
#6185= IFCCIRCLEPROFILEDEF(.AREA.,'D1100',#73,550.);
#6186= IFCCARTESIANPOINT((0.,0.,4000.));
#6187= IFCAXIS2PLACEMENT3D(#6186,#57,#8);
#6188= IFCEXTRUDEDAREASOLID(#6185,#6187,#9,4000.);
#6189= IFCSHAPEREPRESENTATION(#12,'Body','SweptSolid',(#6188));
#6190= IFCPRODUCTDEFINITIONSHAPE($,$,(#6189));
#6191= IFCCOLUMN('2HsDM8HRD4KAekUcy5lHGW',#6177,'main piece','D1100','D1100',#6184,#6190,'Hormig\S\sn_C-1/8');
#6192= IFCPROPERTYSINGLEVALUE('IndicationMark',$,IFCIDENTIFIER('Hormig\S\sn_C-1/8'),$);
#6193= IFCPROPERTYSET('2$$PUIZ1L2Au_4y4liPwMW',#5,'AISC_EM11_Pset_PieceIdentification','PieceIdentity',(#6071,#6192,#425,#701));
#6194= IFCLOCALPLACEMENT(#42,#10);
#6195= IFCELEMENTASSEMBLY('0BikXdt5b2$9t8P5npKaRQ',#6177,'COLUMN',$,$,#6194,$,'C/33',.NOTDEFINED.,.REINFORCEMENT_UNIT.);
#6196= IFCCARTESIANPOINT((76500.,25500.,48850.));
#6197= IFCAXIS2PLACEMENT3D(#6196,#9,#8);
#6198= IFCLOCALPLACEMENT(#6194,#6197);
#6199= IFCSHAPEREPRESENTATION(#12,'Body','SweptSolid',(#6188));
#6200= IFCPRODUCTDEFINITIONSHAPE($,$,(#6199));
#6201= IFCCOLUMN('2Lm1RmAsj3Ihjb3L34tzzT',#6177,'main piece','D1100','D1100',#6198,#6200,'Hormig\S\sn_C-1/8');
#6202= IFCLOCALPLACEMENT(#42,#10);
#6203= IFCELEMENTASSEMBLY('3Cc$J$t1f8zvxSDazr7U7N',#6177,'COLUMN',$,$,#6202,$,'C/33',.NOTDEFINED.,.REINFORCEMENT_UNIT.);
#6204= IFCCARTESIANPOINT((68000.,25500.,52850.));
#6205= IFCAXIS2PLACEMENT3D(#6204,#9,#8);
#6206= IFCLOCALPLACEMENT(#6202,#6205);
#6207= IFCSHAPEREPRESENTATION(#12,'Body','SweptSolid',(#6188));
#6208= IFCPRODUCTDEFINITIONSHAPE($,$,(#6207));
#6209= IFCCOLUMN('2txC1Fhg53NxTIgh1$lhiV',#6177,'main piece','D1100','D1100',#6206,#6208,'Hormig\S\sn_C-1/8');
#6210= IFCLOCALPLACEMENT(#42,#10);
#6211= IFCELEMENTASSEMBLY('3OICBibE99Lh5YlG4uoevv',#6177,'COLUMN',$,$,#6210,$,'C/33',.NOTDEFINED.,.REINFORCEMENT_UNIT.);
#6212= IFCCARTESIANPOINT((68000.,25500.,48850.));
#6213= IFCAXIS2PLACEMENT3D(#6212,#9,#8);
#6214= IFCLOCALPLACEMENT(#6210,#6213);
#6215= IFCSHAPEREPRESENTATION(#12,'Body','SweptSolid',(#6188));
#6216= IFCPRODUCTDEFINITIONSHAPE($,$,(#6215));
#6217= IFCCOLUMN('2RmTZDGcT4yR9rDJj9kvZq',#6177,'main piece','D1100','D1100',#6214,#6216,'Hormig\S\sn_C-1/8');
#6218= IFCLOCALPLACEMENT(#42,#10);
#6219= IFCELEMENTASSEMBLY('0Js$LPeVD3Nh_PZSlp9YLP',#6177,'COLUMN',$,$,#6218,$,'C/33',.NOTDEFINED.,.REINFORCEMENT_UNIT.);
#6220= IFCCARTESIANPOINT((59500.,25500.,52850.));
#6221= IFCAXIS2PLACEMENT3D(#6220,#9,#8);
#6222= IFCLOCALPLACEMENT(#6218,#6221);
#6223= IFCSHAPEREPRESENTATION(#12,'Body','SweptSolid',(#6188));
#6224= IFCPRODUCTDEFINITIONSHAPE($,$,(#6223));
#6225= IFCCOLUMN('3$gcBVZfX6WuEW07wZvCyc',#6177,'main piece','D1100','D1100',#6222,#6224,'Hormig\S\sn_C-1/8');
#6226= IFCLOCALPLACEMENT(#42,#10);
#6227= IFCELEMENTASSEMBLY('17jIyFahfBW9GEbxIhgh1p',#6177,'COLUMN',$,$,#6226,$,'C/33',.NOTDEFINED.,.REINFORCEMENT_UNIT.);
#6228= IFCCARTESIANPOINT((59500.,25500.,48850.));
#6229= IFCAXIS2PLACEMENT3D(#6228,#9,#8);
#6230= IFCLOCALPLACEMENT(#6226,#6229);
#6231= IFCSHAPEREPRESENTATION(#12,'Body','SweptSolid',(#6188));
#6232= IFCPRODUCTDEFINITIONSHAPE($,$,(#6231));
#6233= IFCCOLUMN('1TQ7MbKO93gPaTMNajBG1R',#6177,'main piece','D1100','D1100',#6230,#6232,'Hormig\S\sn_C-1/8');
#6234= IFCLOCALPLACEMENT(#42,#10);
#6235= IFCELEMENTASSEMBLY('1qVFJ5szP4HhugAIKTVtMt',#6177,'COLUMN',$,$,#6234,$,'C/33',.NOTDEFINED.,.REINFORCEMENT_UNIT.);
#6236= IFCCARTESIANPOINT((51000.,25500.,52850.));
#6237= IFCAXIS2PLACEMENT3D(#6236,#9,#8);
#6238= IFCLOCALPLACEMENT(#6234,#6237);
#6239= IFCSHAPEREPRESENTATION(#12,'Body','SweptSolid',(#6188));
#6240= IFCPRODUCTDEFINITIONSHAPE($,$,(#6239));
#6241= IFCCOLUMN('3ai4ZC9DH8wAEdlv4GaZbw',#6177,'main piece','D1100','D1100',#6238,#6240,'Hormig\S\sn_C-1/8');
#6242= IFCLOCALPLACEMENT(#42,#10);
#6243= IFCELEMENTASSEMBLY('1R$d0CRpv4iv8MJYD0Yd9u',#6177,'COLUMN',$,$,#6242,$,'C/33',.NOTDEFINED.,.REINFORCEMENT_UNIT.);
#6244= IFCCARTESIANPOINT((51000.,25500.,48850.));
#6245= IFCAXIS2PLACEMENT3D(#6244,#9,#8);
#6246= IFCLOCALPLACEMENT(#6242,#6245);
#6247= IFCSHAPEREPRESENTATION(#12,'Body','SweptSolid',(#6188));
#6248= IFCPRODUCTDEFINITIONSHAPE($,$,(#6247));
#6249= IFCCOLUMN('1Xi8pMNjf9GvS0yw$nAZ3s',#6177,'main piece','D1100','D1100',#6246,#6248,'Hormig\S\sn_C-1/8');
#6250= IFCLOCALPLACEMENT(#42,#10);
#6251= IFCELEMENTASSEMBLY('3aJwoWjCPEWO4ZvHlw6QLc',#6177,'COLUMN',$,$,#6250,$,'C/33',.NOTDEFINED.,.REINFORCEMENT_UNIT.);
#6252= IFCCARTESIANPOINT((42500.,25500.,52850.));
#6253= IFCAXIS2PLACEMENT3D(#6252,#9,#8);
#6254= IFCLOCALPLACEMENT(#6250,#6253);
#6255= IFCSHAPEREPRESENTATION(#12,'Body','SweptSolid',(#6188));
#6256= IFCPRODUCTDEFINITIONSHAPE($,$,(#6255));
#6257= IFCCOLUMN('332ZHZCqX4z93wXrQ5vHQT',#6177,'main piece','D1100','D1100',#6254,#6256,'Hormig\S\sn_C-1/8');
#6258= IFCLOCALPLACEMENT(#42,#10);
#6259= IFCELEMENTASSEMBLY('1962cF3M9DE8N24hICDYUG',#6177,'COLUMN',$,$,#6258,$,'C/33',.NOTDEFINED.,.REINFORCEMENT_UNIT.);
#6260= IFCCARTESIANPOINT((42500.,25500.,48850.));
#6261= IFCAXIS2PLACEMENT3D(#6260,#9,#8);
#6262= IFCLOCALPLACEMENT(#6258,#6261);
#6263= IFCSHAPEREPRESENTATION(#12,'Body','SweptSolid',(#6188));
#6264= IFCPRODUCTDEFINITIONSHAPE($,$,(#6263));
#6265= IFCCOLUMN('2qyI4ZsB54tAukRu2nC2kP',#6177,'main piece','D1100','D1100',#6262,#6264,'Hormig\S\sn_C-1/8');
#6266= IFCLOCALPLACEMENT(#42,#10);
#6267= IFCELEMENTASSEMBLY('28i95PsyX6dv43zm5NOULZ',#6177,'COLUMN',$,$,#6266,$,'C/33',.NOTDEFINED.,.REINFORCEMENT_UNIT.);
#6268= IFCCARTESIANPOINT((34000.,25500.,52850.));
#6269= IFCAXIS2PLACEMENT3D(#6268,#9,#8);
#6270= IFCLOCALPLACEMENT(#6266,#6269);
#6271= IFCSHAPEREPRESENTATION(#12,'Body','SweptSolid',(#6188));
#6272= IFCPRODUCTDEFINITIONSHAPE($,$,(#6271));
#6273= IFCCOLUMN('2KxMZnUQ5EQ9iE8oz4stQn',#6177,'main piece','D1100','D1100',#6270,#6272,'Hormig\S\sn_C-1/8');
#6274= IFCLOCALPLACEMENT(#42,#10);
#6275= IFCELEMENTASSEMBLY('2WxgHx3YX58Q9vDDcTuoL5',#6177,'COLUMN',$,$,#6274,$,'C/33',.NOTDEFINED.,.REINFORCEMENT_UNIT.);
#6276= IFCCARTESIANPOINT((34000.,25500.,48850.));
#6277= IFCAXIS2PLACEMENT3D(#6276,#9,#8);
#6278= IFCLOCALPLACEMENT(#6274,#6277);
#6279= IFCSHAPEREPRESENTATION(#12,'Body','SweptSolid',(#6188));
#6280= IFCPRODUCTDEFINITIONSHAPE($,$,(#6279));
#6281= IFCCOLUMN('3$opLWRnjBbAODAy3aUJ8Y',#6177,'main piece','D1100','D1100',#6278,#6280,'Hormig\S\sn_C-1/8');
#6282= IFCLOCALPLACEMENT(#42,#10);
#6283= IFCELEMENTASSEMBLY('289qdf37v8HuEgS0sCZ6xu',#6177,'COLUMN',$,$,#6282,$,'C/33',.NOTDEFINED.,.REINFORCEMENT_UNIT.);
#6284= IFCCARTESIANPOINT((25500.,25500.,52850.));
#6285= IFCAXIS2PLACEMENT3D(#6284,#9,#8);
#6286= IFCLOCALPLACEMENT(#6282,#6285);
#6287= IFCSHAPEREPRESENTATION(#12,'Body','SweptSolid',(#6188));
#6288= IFCPRODUCTDEFINITIONSHAPE($,$,(#6287));
#6289= IFCCOLUMN('3IKjyH3BH9oQjm4DCUGhxx',#6177,'main piece','D1100','D1100',#6286,#6288,'Hormig\S\sn_C-1/8');
#6290= IFCLOCALPLACEMENT(#42,#10);
#6291= IFCELEMENTASSEMBLY('0_VS6zNEnAowAianrTMb_n',#6177,'COLUMN',$,$,#6290,$,'C/33',.NOTDEFINED.,.REINFORCEMENT_UNIT.);
#6292= IFCCARTESIANPOINT((25500.,25500.,48850.));
#6293= IFCAXIS2PLACEMENT3D(#6292,#9,#8);
#6294= IFCLOCALPLACEMENT(#6290,#6293);
#6295= IFCSHAPEREPRESENTATION(#12,'Body','SweptSolid',(#6188));
#6296= IFCPRODUCTDEFINITIONSHAPE($,$,(#6295));
#6297= IFCCOLUMN('0JwnKWq3rBMvecn$j5yngQ',#6177,'main piece','D1100','D1100',#6294,#6296,'Hormig\S\sn_C-1/8');
#6298= IFCLOCALPLACEMENT(#42,#10);
#6299= IFCELEMENTASSEMBLY('0Jvksku2n1dP6xCGKX_syl',#6177,'COLUMN',$,$,#6298,$,'C/33',.NOTDEFINED.,.REINFORCEMENT_UNIT.);
#6300= IFCCARTESIANPOINT((76500.,0.,52850.));
#6301= IFCAXIS2PLACEMENT3D(#6300,#9,#8);
#6302= IFCLOCALPLACEMENT(#6298,#6301);
#6303= IFCSHAPEREPRESENTATION(#12,'Body','SweptSolid',(#6188));
#6304= IFCPRODUCTDEFINITIONSHAPE($,$,(#6303));
#6305= IFCCOLUMN('0IChZ$mKvDZ9x8$m5GOvuR',#6177,'main piece','D1100','D1100',#6302,#6304,'Hormig\S\sn_C-1/8');
#6306= IFCLOCALPLACEMENT(#42,#10);
#6307= IFCELEMENTASSEMBLY('1H3I3fjdbFrvHTlBdUX9Df',#6177,'COLUMN',$,$,#6306,$,'C/33',.NOTDEFINED.,.REINFORCEMENT_UNIT.);
#6308= IFCCARTESIANPOINT((76500.,0.,48850.));
#6309= IFCAXIS2PLACEMENT3D(#6308,#9,#8);
#6310= IFCLOCALPLACEMENT(#6306,#6309);
#6311= IFCSHAPEREPRESENTATION(#12,'Body','SweptSolid',(#6188));
#6312= IFCPRODUCTDEFINITIONSHAPE($,$,(#6311));
#6313= IFCCOLUMN('0MEl0ubEDEBRV68K3PjHf3',#6177,'main piece','D1100','D1100',#6310,#6312,'Hormig\S\sn_C-1/8');
#6314= IFCLOCALPLACEMENT(#42,#10);
#6315= IFCELEMENTASSEMBLY('3WH08LXTP9a9Ll4Pw1_jO2',#6177,'COLUMN',$,$,#6314,$,'C/33',.NOTDEFINED.,.REINFORCEMENT_UNIT.);
#6316= IFCCARTESIANPOINT((68000.,0.,52850.));
#6317= IFCAXIS2PLACEMENT3D(#6316,#9,#8);
#6318= IFCLOCALPLACEMENT(#6314,#6317);
#6319= IFCSHAPEREPRESENTATION(#12,'Body','SweptSolid',(#6188));
#6320= IFCPRODUCTDEFINITIONSHAPE($,$,(#6319));
#6321= IFCCOLUMN('3e00E8_FX9QAWH1Io9O5a8',#6177,'main piece','D1100','D1100',#6318,#6320,'Hormig\S\sn_C-1/8');
#6322= IFCLOCALPLACEMENT(#42,#10);
#6323= IFCELEMENTASSEMBLY('1QLZsUF0X8exVbaW6X17xF',#6177,'COLUMN',$,$,#6322,$,'C/33',.NOTDEFINED.,.REINFORCEMENT_UNIT.);
#6324= IFCCARTESIANPOINT((68000.,0.,48850.));
#6325= IFCAXIS2PLACEMENT3D(#6324,#9,#8);
#6326= IFCLOCALPLACEMENT(#6322,#6325);
#6327= IFCSHAPEREPRESENTATION(#12,'Body','SweptSolid',(#6188));
#6328= IFCPRODUCTDEFINITIONSHAPE($,$,(#6327));
#6329= IFCCOLUMN('1f2Q8AwrLF$vG7d8lirElQ',#6177,'main piece','D1100','D1100',#6326,#6328,'Hormig\S\sn_C-1/8');
#6330= IFCLOCALPLACEMENT(#42,#10);
#6331= IFCELEMENTASSEMBLY('0XGjpGaxXAy8tb_vlU4ghD',#6177,'COLUMN',$,$,#6330,$,'C/33',.NOTDEFINED.,.REINFORCEMENT_UNIT.);
#6332= IFCCARTESIANPOINT((59500.,0.,52850.));
#6333= IFCAXIS2PLACEMENT3D(#6332,#9,#8);
#6334= IFCLOCALPLACEMENT(#6330,#6333);
#6335= IFCSHAPEREPRESENTATION(#12,'Body','SweptSolid',(#6188));
#6336= IFCPRODUCTDEFINITIONSHAPE($,$,(#6335));
#6337= IFCCOLUMN('0GBIpBj117QOE6ZvDke7y2',#6177,'main piece','D1100','D1100',#6334,#6336,'Hormig\S\sn_C-1/8');
#6338= IFCLOCALPLACEMENT(#42,#10);
#6339= IFCELEMENTASSEMBLY('0rX6eSwWb8vv2ve89pn43K',#6177,'COLUMN',$,$,#6338,$,'C/33',.NOTDEFINED.,.REINFORCEMENT_UNIT.);
#6340= IFCCARTESIANPOINT((59500.,0.,48850.));
#6341= IFCAXIS2PLACEMENT3D(#6340,#9,#8);
#6342= IFCLOCALPLACEMENT(#6338,#6341);
#6343= IFCSHAPEREPRESENTATION(#12,'Body','SweptSolid',(#6188));
#6344= IFCPRODUCTDEFINITIONSHAPE($,$,(#6343));
#6345= IFCCOLUMN('05zaLPDtv0HvdQdvjMo1OT',#6177,'main piece','D1100','D1100',#6342,#6344,'Hormig\S\sn_C-1/8');
#6346= IFCLOCALPLACEMENT(#42,#10);
#6347= IFCELEMENTASSEMBLY('0UZZOSDM92j9_OTx7AsZGN',#6177,'COLUMN',$,$,#6346,$,'C/33',.NOTDEFINED.,.REINFORCEMENT_UNIT.);
#6348= IFCCARTESIANPOINT((51000.,0.,52850.));
#6349= IFCAXIS2PLACEMENT3D(#6348,#9,#8);
#6350= IFCLOCALPLACEMENT(#6346,#6349);
#6351= IFCSHAPEREPRESENTATION(#12,'Body','SweptSolid',(#6188));
#6352= IFCPRODUCTDEFINITIONSHAPE($,$,(#6351));
#6353= IFCCOLUMN('1eDxnXtFv7wRE3fpUah3ZZ',#6177,'main piece','D1100','D1100',#6350,#6352,'Hormig\S\sn_C-1/8');
#6354= IFCLOCALPLACEMENT(#42,#10);
#6355= IFCELEMENTASSEMBLY('2MHXnKv5L2990zQgqkAL1s',#6177,'COLUMN',$,$,#6354,$,'C/33',.NOTDEFINED.,.REINFORCEMENT_UNIT.);
#6356= IFCCARTESIANPOINT((51000.,0.,48850.));
#6357= IFCAXIS2PLACEMENT3D(#6356,#9,#8);
#6358= IFCLOCALPLACEMENT(#6354,#6357);
#6359= IFCSHAPEREPRESENTATION(#12,'Body','SweptSolid',(#6188));
#6360= IFCPRODUCTDEFINITIONSHAPE($,$,(#6359));
#6361= IFCCOLUMN('3Ma6sOD3P6FgzrxByybFpi',#6177,'main piece','D1100','D1100',#6358,#6360,'Hormig\S\sn_C-1/8');
#6362= IFCLOCALPLACEMENT(#42,#10);
#6363= IFCELEMENTASSEMBLY('3RXyqQ$yrD_xEM_XJR6y4v',#6177,'COLUMN',$,$,#6362,$,'C/33',.NOTDEFINED.,.REINFORCEMENT_UNIT.);
#6364= IFCCARTESIANPOINT((42500.,0.,52850.));
#6365= IFCAXIS2PLACEMENT3D(#6364,#9,#8);
#6366= IFCLOCALPLACEMENT(#6362,#6365);
#6367= IFCSHAPEREPRESENTATION(#12,'Body','SweptSolid',(#6188));
#6368= IFCPRODUCTDEFINITIONSHAPE($,$,(#6367));
#6369= IFCCOLUMN('2giF08rFrEkfqMvE3iF5DW',#6177,'main piece','D1100','D1100',#6366,#6368,'Hormig\S\sn_C-1/8');
#6370= IFCLOCALPLACEMENT(#42,#10);
#6371= IFCELEMENTASSEMBLY('29y9cLUUDD6gwISJylAhEg',#6177,'COLUMN',$,$,#6370,$,'C/33',.NOTDEFINED.,.REINFORCEMENT_UNIT.);
#6372= IFCCARTESIANPOINT((42500.,0.,48850.));
#6373= IFCAXIS2PLACEMENT3D(#6372,#9,#8);
#6374= IFCLOCALPLACEMENT(#6370,#6373);
#6375= IFCSHAPEREPRESENTATION(#12,'Body','SweptSolid',(#6188));
#6376= IFCPRODUCTDEFINITIONSHAPE($,$,(#6375));
#6377= IFCCOLUMN('0ZgyPt5Ib7quAGu1FiE8ZD',#6177,'main piece','D1100','D1100',#6374,#6376,'Hormig\S\sn_C-1/8');
#6378= IFCLOCALPLACEMENT(#42,#10);
#6379= IFCELEMENTASSEMBLY('2edMOj3uL05RNd4lQQB_Rt',#6177,'COLUMN',$,$,#6378,$,'C/33',.NOTDEFINED.,.REINFORCEMENT_UNIT.);
#6380= IFCCARTESIANPOINT((34000.,0.,52850.));
#6381= IFCAXIS2PLACEMENT3D(#6380,#9,#8);
#6382= IFCLOCALPLACEMENT(#6378,#6381);
#6383= IFCSHAPEREPRESENTATION(#12,'Body','SweptSolid',(#6188));
#6384= IFCPRODUCTDEFINITIONSHAPE($,$,(#6383));
#6385= IFCCOLUMN('0LtTKWYHj0hQngM331RHOi',#6177,'main piece','D1100','D1100',#6382,#6384,'Hormig\S\sn_C-1/8');
#6386= IFCLOCALPLACEMENT(#42,#10);
#6387= IFCELEMENTASSEMBLY('3W7YmlbqbEpOtGXus9dlTm',#6177,'COLUMN',$,$,#6386,$,'C/33',.NOTDEFINED.,.REINFORCEMENT_UNIT.);
#6388= IFCCARTESIANPOINT((34000.,0.,48850.));
#6389= IFCAXIS2PLACEMENT3D(#6388,#9,#8);
#6390= IFCLOCALPLACEMENT(#6386,#6389);
#6391= IFCSHAPEREPRESENTATION(#12,'Body','SweptSolid',(#6188));
#6392= IFCPRODUCTDEFINITIONSHAPE($,$,(#6391));
#6393= IFCCOLUMN('2uE0ZF9Uv3DRUrhKDJp8JK',#6177,'main piece','D1100','D1100',#6390,#6392,'Hormig\S\sn_C-1/8');
#6394= IFCLOCALPLACEMENT(#42,#10);
#6395= IFCELEMENTASSEMBLY('0wMEwtPwv3jOJeGnDRZxfT',#6177,'COLUMN',$,$,#6394,$,'C/33',.NOTDEFINED.,.REINFORCEMENT_UNIT.);
#6396= IFCCARTESIANPOINT((25500.,0.,52850.));
#6397= IFCAXIS2PLACEMENT3D(#6396,#9,#8);
#6398= IFCLOCALPLACEMENT(#6394,#6397);
#6399= IFCSHAPEREPRESENTATION(#12,'Body','SweptSolid',(#6188));
#6400= IFCPRODUCTDEFINITIONSHAPE($,$,(#6399));
#6401= IFCCOLUMN('1KZYuozCX6$fqEtvYCOhix',#6177,'main piece','D1100','D1100',#6398,#6400,'Hormig\S\sn_C-1/8');
#6402= IFCOWNERHISTORY(#3,#4,$,.NOCHANGE.,$,$,$,1778875200);
#6403= IFCLOCALPLACEMENT(#42,#10);
#6404= IFCELEMENTASSEMBLY('2RSwpRBun4hhJWhuD$M924',#6402,'COLUMN',$,$,#6403,$,'C/131',.NOTDEFINED.,.REINFORCEMENT_UNIT.);
#6405= IFCPROPERTYSINGLEVALUE('AssemblyMark',$,IFCIDENTIFIER('C/131'),$);
#6406= IFCPROPERTYSET('0x$o4iEVrAbhMlHMgnCsYu',#5,'AISC_EM11_Pset_AssemblyIdentification','AssemblyIdentity',(#6405,#52,#53));
#6407= IFCCARTESIANPOINT((72600.249206543,12750.2065582275,52850.));
#6408= IFCAXIS2PLACEMENT3D(#6407,#9,#332);
#6409= IFCLOCALPLACEMENT(#6403,#6408);
#6410= IFCRECTANGLEPROFILEDEF(.AREA.,'CUT400*8760',#73,400.,8760.);
#6411= IFCEXTRUDEDAREASOLID(#6410,#6187,#9,4000.);
#6412= IFCSHAPEREPRESENTATION(#12,'Body','SweptSolid',(#6411));
#6413= IFCPRODUCTDEFINITIONSHAPE($,$,(#6412));
#6414= IFCCOLUMN('2e5DP60QHEq9Pn_Oa_x2_4',#6402,'main piece','CUT400*8760','CUT400*8760',#6409,#6413,'Hormig\S\sn_C-1/32');
#6415= IFCPROPERTYSINGLEVALUE('IndicationMark',$,IFCIDENTIFIER('Hormig\S\sn_C-1/32'),$);
#6416= IFCPROPERTYSET('1ifGf7tbj8Qwc2EObmBPND',#5,'AISC_EM11_Pset_PieceIdentification','PieceIdentity',(#6071,#6415,#425,#701));
#6417= IFCLOCALPLACEMENT(#42,#10);
#6418= IFCELEMENTASSEMBLY('1eraKWNFLF6xEvvK_s6DrG',#6402,'COLUMN',$,$,#6417,$,'C/131',.NOTDEFINED.,.REINFORCEMENT_UNIT.);
#6419= IFCCARTESIANPOINT((72600.249206543,12750.2065582275,48850.));
#6420= IFCAXIS2PLACEMENT3D(#6419,#9,#332);
#6421= IFCLOCALPLACEMENT(#6417,#6420);
#6422= IFCSHAPEREPRESENTATION(#12,'Body','SweptSolid',(#6411));
#6423= IFCPRODUCTDEFINITIONSHAPE($,$,(#6422));
#6424= IFCCOLUMN('1ubKDQ2iL0E9pOPg3qAh$0',#6402,'main piece','CUT400*8760','CUT400*8760',#6421,#6423,'Hormig\S\sn_C-1/32');
#6425= IFCLOCALPLACEMENT(#42,#10);
#6426= IFCELEMENTASSEMBLY('0jEQuOLo5EPAVDFYiJkj82',#6402,'COLUMN',$,$,#6425,$,'C/125',.NOTDEFINED.,.REINFORCEMENT_UNIT.);
#6427= IFCPROPERTYSINGLEVALUE('AssemblyMark',$,IFCIDENTIFIER('C/125'),$);
#6428= IFCPROPERTYSET('0pGSQYPg19l9TLfPJpi$bg',#5,'AISC_EM11_Pset_AssemblyIdentification','AssemblyIdentity',(#6427,#52,#53));
#6429= IFCLOCALPLACEMENT(#6425,#6062);
#6430= IFCEXTRUDEDAREASOLID(#6064,#6187,#9,4000.);
#6431= IFCSHAPEREPRESENTATION(#12,'Body','SweptSolid',(#6430));
#6432= IFCPRODUCTDEFINITIONSHAPE($,$,(#6431));
#6433= IFCCOLUMN('1wLepj2gv6ye6g$NsIG_VC',#6402,'main piece','CUT400*7250','CUT400*7250',#6429,#6432,'Hormig\S\sn_C-1/26');
#6434= IFCPROPERTYSINGLEVALUE('IndicationMark',$,IFCIDENTIFIER('Hormig\S\sn_C-1/26'),$);
#6435= IFCPROPERTYSET('1xXTpcwuT5190htfynF7JV',#5,'AISC_EM11_Pset_PieceIdentification','PieceIdentity',(#6071,#6434,#425,#701));
#6436= IFCLOCALPLACEMENT(#42,#10);
#6437= IFCELEMENTASSEMBLY('3e9rZqaDv1aBNQYPA6Vme8',#6402,'COLUMN',$,$,#6436,$,'C/125',.NOTDEFINED.,.REINFORCEMENT_UNIT.);
#6438= IFCCARTESIANPOINT((51000.2011413574,12750.1685256958,48850.));
#6439= IFCAXIS2PLACEMENT3D(#6438,#9,#332);
#6440= IFCLOCALPLACEMENT(#6436,#6439);
#6441= IFCSHAPEREPRESENTATION(#12,'Body','SweptSolid',(#6430));
#6442= IFCPRODUCTDEFINITIONSHAPE($,$,(#6441));
#6443= IFCCOLUMN('1viVyKOX1FLwpwm6JN4re0',#6402,'main piece','CUT400*7250','CUT400*7250',#6440,#6442,'Hormig\S\sn_C-1/26');
#6444= IFCLOCALPLACEMENT(#42,#10);
#6445= IFCELEMENTASSEMBLY('3U4VPKIGn5BvjRXGQNmRYN',#6402,'COLUMN',$,$,#6444,$,'C/131',.NOTDEFINED.,.REINFORCEMENT_UNIT.);
#6446= IFCCARTESIANPOINT((29400.1965637207,12750.1247711182,52849.9981994629));
#6447= IFCAXIS2PLACEMENT3D(#6446,#9,#332);
#6448= IFCLOCALPLACEMENT(#6444,#6447);
#6449= IFCCARTESIANPOINT((0.,0.,4000.00180053711));
#6450= IFCAXIS2PLACEMENT3D(#6449,#57,#8);
#6451= IFCEXTRUDEDAREASOLID(#6410,#6450,#9,4000.);
#6452= IFCSHAPEREPRESENTATION(#12,'Body','SweptSolid',(#6451));
#6453= IFCPRODUCTDEFINITIONSHAPE($,$,(#6452));
#6454= IFCCOLUMN('09xm3LTP17ffy_H2iXrm3N',#6402,'main piece','CUT400*8760','CUT400*8760',#6448,#6453,'Hormig\S\sn_C-1/32');
#6455= IFCLOCALPLACEMENT(#42,#10);
#6456= IFCELEMENTASSEMBLY('2BYb4KDj58kuMDUQfZr3Vf',#6402,'COLUMN',$,$,#6455,$,'C/131',.NOTDEFINED.,.REINFORCEMENT_UNIT.);
#6457= IFCCARTESIANPOINT((29400.1965637207,12750.1247711182,48849.9981994629));
#6458= IFCAXIS2PLACEMENT3D(#6457,#9,#332);
#6459= IFCLOCALPLACEMENT(#6455,#6458);
#6460= IFCSHAPEREPRESENTATION(#12,'Body','SweptSolid',(#6411));
#6461= IFCPRODUCTDEFINITIONSHAPE($,$,(#6460));
#6462= IFCCOLUMN('3RxyBO3ij4UwJyEaVN8TKE',#6402,'main piece','CUT400*8760','CUT400*8760',#6459,#6461,'Hormig\S\sn_C-1/32');
#6463= IFCLOCALPLACEMENT(#42,#10);
#6464= IFCELEMENTASSEMBLY('2x7kPN77P6Jey12raOF9wn',#6402,'COLUMN',$,$,#6463,$,'C/114',.NOTDEFINED.,.REINFORCEMENT_UNIT.);
#6465= IFCPROPERTYSINGLEVALUE('AssemblyMark',$,IFCIDENTIFIER('C/114'),$);
#6466= IFCPROPERTYSET('1jwxlqX7z6rQ0ghO73hDtK',#5,'AISC_EM11_Pset_AssemblyIdentification','AssemblyIdentity',(#6465,#52,#53));
#6467= IFCCARTESIANPOINT((72249.9847412109,17380.1324005127,52850.));
#6468= IFCAXIS2PLACEMENT3D(#6467,#9,#3991);
#6469= IFCLOCALPLACEMENT(#6463,#6468);
#6470= IFCRECTANGLEPROFILEDEF(.AREA.,'CUT500*8500',#73,500.,8500.);
#6471= IFCCARTESIANPOINT((0.,0.,4000.00030517578));
#6472= IFCAXIS2PLACEMENT3D(#6471,#57,#8);
#6473= IFCEXTRUDEDAREASOLID(#6470,#6472,#9,4000.);
#6474= IFCSHAPEREPRESENTATION(#12,'Body','SweptSolid',(#6473));
#6475= IFCPRODUCTDEFINITIONSHAPE($,$,(#6474));
#6476= IFCCOLUMN('3Pz$PY4nf3l8s2XW5dZv_Z',#6402,'main piece','CUT500*8500','CUT500*8500',#6469,#6475,'Hormig\S\sn_C-1/15');
#6477= IFCPROPERTYSINGLEVALUE('IndicationMark',$,IFCIDENTIFIER('Hormig\S\sn_C-1/15'),$);
#6478= IFCPROPERTYSET('1TZYqFWsDCUPBEnL5Tso77',#5,'AISC_EM11_Pset_PieceIdentification','PieceIdentity',(#6071,#6477,#425,#701));
#6479= IFCLOCALPLACEMENT(#42,#10);
#6480= IFCELEMENTASSEMBLY('2DgkRlhyz5NPU$uqpSrPxM',#6402,'COLUMN',$,$,#6479,$,'C/114',.NOTDEFINED.,.REINFORCEMENT_UNIT.);
#6481= IFCCARTESIANPOINT((72249.9847412109,17380.1324005127,48850.));
#6482= IFCAXIS2PLACEMENT3D(#6481,#9,#3991);
#6483= IFCLOCALPLACEMENT(#6479,#6482);
#6484= IFCEXTRUDEDAREASOLID(#6470,#6187,#9,4000.);
#6485= IFCSHAPEREPRESENTATION(#12,'Body','SweptSolid',(#6484));
#6486= IFCPRODUCTDEFINITIONSHAPE($,$,(#6485));
#6487= IFCCOLUMN('2dwBIFfI13Tw8wkQ1Em7$v',#6402,'main piece','CUT500*8500','CUT500*8500',#6483,#6486,'Hormig\S\sn_C-1/15');
#6488= IFCLOCALPLACEMENT(#42,#10);
#6489= IFCELEMENTASSEMBLY('0UhnfUSP9Aa8nqjmNTFBYX',#6402,'COLUMN',$,$,#6488,$,'C/125',.NOTDEFINED.,.REINFORCEMENT_UNIT.);
#6490= IFCCARTESIANPOINT((51000.1973266602,16625.1561279297,52850.));
#6491= IFCAXIS2PLACEMENT3D(#6490,#9,#3991);
#6492= IFCLOCALPLACEMENT(#6488,#6491);
#6493= IFCSHAPEREPRESENTATION(#12,'Body','SweptSolid',(#6430));
#6494= IFCPRODUCTDEFINITIONSHAPE($,$,(#6493));
#6495= IFCCOLUMN('0HS6EuaDvAcOox4kezxNqm',#6402,'main piece','CUT400*7250','CUT400*7250',#6492,#6494,'Hormig\S\sn_C-1/26');
#6496= IFCLOCALPLACEMENT(#42,#10);
#6497= IFCELEMENTASSEMBLY('0LndX8lHX8bBZVynTf9ZkL',#6402,'COLUMN',$,$,#6496,$,'C/125',.NOTDEFINED.,.REINFORCEMENT_UNIT.);
#6498= IFCCARTESIANPOINT((51000.1973266602,16625.1561279297,48850.0003051758));
#6499= IFCAXIS2PLACEMENT3D(#6498,#9,#3991);
#6500= IFCLOCALPLACEMENT(#6496,#6499);
#6501= IFCCARTESIANPOINT((0.,0.,3999.99969482422));
#6502= IFCAXIS2PLACEMENT3D(#6501,#57,#8);
#6503= IFCEXTRUDEDAREASOLID(#6064,#6502,#9,4000.);
#6504= IFCSHAPEREPRESENTATION(#12,'Body','SweptSolid',(#6503));
#6505= IFCPRODUCTDEFINITIONSHAPE($,$,(#6504));
#6506= IFCCOLUMN('1HtWx$3crD6QWV6HAR_yQE',#6402,'main piece','CUT400*7250','CUT400*7250',#6500,#6505,'Hormig\S\sn_C-1/26');
#6507= IFCLOCALPLACEMENT(#42,#10);
#6508= IFCELEMENTASSEMBLY('0lO0VYszz6sAV3G9jFP9kM',#6402,'COLUMN',$,$,#6507,$,'C/114',.NOTDEFINED.,.REINFORCEMENT_UNIT.);
#6509= IFCCARTESIANPOINT((29750.1980895996,17380.1324005127,52850.));
#6510= IFCAXIS2PLACEMENT3D(#6509,#9,#3991);
#6511= IFCLOCALPLACEMENT(#6507,#6510);
#6512= IFCSHAPEREPRESENTATION(#12,'Body','SweptSolid',(#6484));
#6513= IFCPRODUCTDEFINITIONSHAPE($,$,(#6512));
#6514= IFCCOLUMN('2B$1mpqkT7ZOebgI$e0yLv',#6402,'main piece','CUT500*8500','CUT500*8500',#6511,#6513,'Hormig\S\sn_C-1/15');
#6515= IFCLOCALPLACEMENT(#42,#10);
#6516= IFCELEMENTASSEMBLY('2nZ9Ekkb548gxrOib17i1b',#6402,'COLUMN',$,$,#6515,$,'C/114',.NOTDEFINED.,.REINFORCEMENT_UNIT.);
#6517= IFCCARTESIANPOINT((29750.1980895996,17380.1324005127,48849.9981994629));
#6518= IFCAXIS2PLACEMENT3D(#6517,#9,#3991);
#6519= IFCLOCALPLACEMENT(#6515,#6518);
#6520= IFCEXTRUDEDAREASOLID(#6470,#6450,#9,4000.);
#6521= IFCSHAPEREPRESENTATION(#12,'Body','SweptSolid',(#6520));
#6522= IFCPRODUCTDEFINITIONSHAPE($,$,(#6521));
#6523= IFCCOLUMN('39z5bmArj9t8avPidmjjg2',#6402,'main piece','CUT500*8500','CUT500*8500',#6519,#6522,'Hormig\S\sn_C-1/15');
#6524= IFCLOCALPLACEMENT(#42,#10);
#6525= IFCELEMENTASSEMBLY('0qHHe3G8PBmRUnOYghTvL7',#6402,'COLUMN',$,$,#6524,$,'C/114',.NOTDEFINED.,.REINFORCEMENT_UNIT.);
#6526= IFCCARTESIANPOINT((72250.,8120.13312530518,52850.));
#6527= IFCAXIS2PLACEMENT3D(#6526,#9,#3991);
#6528= IFCLOCALPLACEMENT(#6524,#6527);
#6529= IFCSHAPEREPRESENTATION(#12,'Body','SweptSolid',(#6484));
#6530= IFCPRODUCTDEFINITIONSHAPE($,$,(#6529));
#6531= IFCCOLUMN('1VAigEIUb1wBvb9aUHl0sn',#6402,'main piece','CUT500*8500','CUT500*8500',#6528,#6530,'Hormig\S\sn_C-1/15');
#6532= IFCLOCALPLACEMENT(#42,#10);
#6533= IFCELEMENTASSEMBLY('0k7iXKKkj2nQozEeKWcoZQ',#6402,'COLUMN',$,$,#6532,$,'C/114',.NOTDEFINED.,.REINFORCEMENT_UNIT.);
#6534= IFCCARTESIANPOINT((72250.,8120.13312530518,48850.));
#6535= IFCAXIS2PLACEMENT3D(#6534,#9,#3991);
#6536= IFCLOCALPLACEMENT(#6532,#6535);
#6537= IFCSHAPEREPRESENTATION(#12,'Body','SweptSolid',(#6484));
#6538= IFCPRODUCTDEFINITIONSHAPE($,$,(#6537));
#6539= IFCCOLUMN('2uwAoCjrTESg05HUrXQGGl',#6402,'main piece','CUT500*8500','CUT500*8500',#6536,#6538,'Hormig\S\sn_C-1/15');
#6540= IFCLOCALPLACEMENT(#42,#10);
#6541= IFCELEMENTASSEMBLY('3Xk3TMYUv9quLaXoqbQj6l',#6402,'COLUMN',$,$,#6540,$,'C/120',.NOTDEFINED.,.REINFORCEMENT_UNIT.);
#6542= IFCPROPERTYSINGLEVALUE('AssemblyMark',$,IFCIDENTIFIER('C/120'),$);
#6543= IFCPROPERTYSET('3bg_Wje5r0yxNxMH1XxAaz',#5,'AISC_EM11_Pset_AssemblyIdentification','AssemblyIdentity',(#6542,#52,#53));
#6544= IFCCARTESIANPOINT((51000.2125854492,8875.15612792969,52850.));
#6545= IFCAXIS2PLACEMENT3D(#6544,#9,#3991);
#6546= IFCLOCALPLACEMENT(#6540,#6545);
#6547= IFCRECTANGLEPROFILEDEF(.AREA.,'CUT500*7600',#73,500.,7600.);
#6548= IFCEXTRUDEDAREASOLID(#6547,#6187,#9,4000.);
#6549= IFCSHAPEREPRESENTATION(#12,'Body','SweptSolid',(#6548));
#6550= IFCPRODUCTDEFINITIONSHAPE($,$,(#6549));
#6551= IFCCOLUMN('1fDZYK$4f6m9nXjxMlOgwO',#6402,'main piece','CUT500*7600','CUT500*7600',#6546,#6550,'Hormig\S\sn_C-1/21');
#6552= IFCPROPERTYSINGLEVALUE('IndicationMark',$,IFCIDENTIFIER('Hormig\S\sn_C-1/21'),$);
#6553= IFCPROPERTYSET('3ZQ6mlXfTFSA9o15rXuX5B',#5,'AISC_EM11_Pset_PieceIdentification','PieceIdentity',(#6071,#6552,#425,#701));
#6554= IFCLOCALPLACEMENT(#42,#10);
#6555= IFCELEMENTASSEMBLY('1T37HfxE98TwdyeETuyEWQ',#6402,'COLUMN',$,$,#6554,$,'C/120',.NOTDEFINED.,.REINFORCEMENT_UNIT.);
#6556= IFCCARTESIANPOINT((51000.2125854492,8875.15612792969,48849.9981994629));
#6557= IFCAXIS2PLACEMENT3D(#6556,#9,#3991);
#6558= IFCLOCALPLACEMENT(#6554,#6557);
#6559= IFCEXTRUDEDAREASOLID(#6547,#6450,#9,4000.);
#6560= IFCSHAPEREPRESENTATION(#12,'Body','SweptSolid',(#6559));
#6561= IFCPRODUCTDEFINITIONSHAPE($,$,(#6560));
#6562= IFCCOLUMN('1T_5pNDXn4yQBNoiPQxXeZ',#6402,'main piece','CUT500*7600','CUT500*7600',#6558,#6561,'Hormig\S\sn_C-1/21');
#6563= IFCLOCALPLACEMENT(#42,#10);
#6564= IFCELEMENTASSEMBLY('2ZExxw$CH84wYsAkv2qH2P',#6402,'COLUMN',$,$,#6563,$,'C/114',.NOTDEFINED.,.REINFORCEMENT_UNIT.);
#6565= IFCCARTESIANPOINT((29750.2133483887,8120.13312530518,52850.));
#6566= IFCAXIS2PLACEMENT3D(#6565,#9,#3991);
#6567= IFCLOCALPLACEMENT(#6563,#6566);
#6568= IFCSHAPEREPRESENTATION(#12,'Body','SweptSolid',(#6484));
#6569= IFCPRODUCTDEFINITIONSHAPE($,$,(#6568));
#6570= IFCCOLUMN('3ZzFRM32nFrQiPZUISi9o5',#6402,'main piece','CUT500*8500','CUT500*8500',#6567,#6569,'Hormig\S\sn_C-1/15');
#6571= IFCLOCALPLACEMENT(#42,#10);
#6572= IFCELEMENTASSEMBLY('2eGCw2WvPDYRm0Qk2TSmU$',#6402,'COLUMN',$,$,#6571,$,'C/114',.NOTDEFINED.,.REINFORCEMENT_UNIT.);
#6573= IFCCARTESIANPOINT((29750.2133483887,8120.13312530518,48850.));
#6574= IFCAXIS2PLACEMENT3D(#6573,#9,#3991);
#6575= IFCLOCALPLACEMENT(#6571,#6574);
#6576= IFCSHAPEREPRESENTATION(#12,'Body','SweptSolid',(#6484));
#6577= IFCPRODUCTDEFINITIONSHAPE($,$,(#6576));
#6578= IFCCOLUMN('0v9VYEXuX5vO24naasIhCk',#6402,'main piece','CUT500*8500','CUT500*8500',#6575,#6577,'Hormig\S\sn_C-1/15');
#6579= IFCLOCALPLACEMENT(#42,#10);
#6580= IFCELEMENTASSEMBLY('2YDIQCr6H84wSbed$S6YbQ',#6177,'COLUMN',$,$,#6579,$,'C/33',.NOTDEFINED.,.REINFORCEMENT_UNIT.);
#6581= IFCCARTESIANPOINT((25500.,0.,48850.));
#6582= IFCAXIS2PLACEMENT3D(#6581,#9,#8);
#6583= IFCLOCALPLACEMENT(#6579,#6582);
#6584= IFCSHAPEREPRESENTATION(#12,'Body','SweptSolid',(#6188));
#6585= IFCPRODUCTDEFINITIONSHAPE($,$,(#6584));
#6586= IFCCOLUMN('3oTZVs_d56oAkrWhNc1B9K',#6177,'main piece','D1100','D1100',#6583,#6585,'Hormig\S\sn_C-1/8');
#6587= IFCOWNERHISTORY(#3,#4,$,.NOCHANGE.,$,$,$,1764183600);
#6588= IFCLOCALPLACEMENT(#42,#10);
#6589= IFCELEMENTASSEMBLY('3NcX6ZSdH5i9KcX6YpaSCG',#6587,'BEAM',$,$,#6588,$,'B/924',.NOTDEFINED.,.RIGID_FRAME.);
#6590= IFCPROPERTYSINGLEVALUE('AssemblyMark',$,IFCIDENTIFIER('B/924'),$);
#6591= IFCPROPERTYSET('0ScXtxd_b3p8SzAV26l61v',#5,'AISC_EM11_Pset_AssemblyIdentification','AssemblyIdentity',(#6590,#52,#53));
#6592= IFCCARTESIANPOINT((86063.2969970703,-1710.50453569072,52770.));
#6593= IFCAXIS2PLACEMENT3D(#6592,#57,#8);
#6594= IFCLOCALPLACEMENT(#6588,#6593);
#6595= IFCUSHAPEPROFILEDEF(.AREA.,'UPN160',#73,160.,65.,7.5,10.5,10.5,5.5,$,$);
#6596= IFCCARTESIANPOINT((28924.008846283,0.,0.));
#6597= IFCAXIS2PLACEMENT3D(#6596,#3991,#332);
#6598= IFCEXTRUDEDAREASOLID(#6595,#6597,#9,28924.01);
#6599= IFCSHAPEREPRESENTATION(#12,'Body','SweptSolid',(#6598));
#6600= IFCPRODUCTDEFINITIONSHAPE($,$,(#6599));
#6601= IFCBEAM('2WS1jVWi5EYeGaVKd_SFIw',#6587,'main piece','UPN160','UPN160',#6594,#6600,'b/820');
#6602= IFCPROPERTYSINGLEVALUE('IndicationMark',$,IFCIDENTIFIER('b/820'),$);
#6603= IFCPROPERTYSET('3JQC7zXOPBLeh$SBGYLT6C',#5,'AISC_EM11_Pset_PieceIdentification','PieceIdentity',(#5743,#6602,#425,#701));
#6604= IFCLOCALPLACEMENT(#42,#10);
#6605= IFCELEMENTASSEMBLY('0H4ddvNMr5$ubG0B7sPEV0',#6587,'BEAM',$,$,#6604,$,'B/888',.NOTDEFINED.,.RIGID_FRAME.);
#6606= IFCPROPERTYSINGLEVALUE('AssemblyMark',$,IFCIDENTIFIER('B/888'),$);
#6607= IFCPROPERTYSET('2E5h2TeAv4JgqDWuwX2ZA$',#5,'AISC_EM11_Pset_AssemblyIdentification','AssemblyIdentity',(#6606,#52,#53));
#6608= IFCCARTESIANPOINT((15901.7006988525,-1745.50438310283,52770.));
#6609= IFCAXIS2PLACEMENT3D(#6608,#57,#7);
#6610= IFCLOCALPLACEMENT(#6604,#6609);
#6611= IFCCARTESIANPOINT((70196.5999603271,0.,0.));
#6612= IFCAXIS2PLACEMENT3D(#6611,#3991,#332);
#6613= IFCEXTRUDEDAREASOLID(#6595,#6612,#9,70196.6);
#6614= IFCSHAPEREPRESENTATION(#12,'Body','SweptSolid',(#6613));
#6615= IFCPRODUCTDEFINITIONSHAPE($,$,(#6614));
#6616= IFCBEAM('2ghThL$KH3$xTyAEj3cru0',#6587,'main piece','UPN160','UPN160',#6610,#6615,'b/783');
#6617= IFCPROPERTYSINGLEVALUE('IndicationMark',$,IFCIDENTIFIER('b/783'),$);
#6618= IFCPROPERTYSET('1nHzqHxIL3cRQJW7Jh7$l3',#5,'AISC_EM11_Pset_PieceIdentification','PieceIdentity',(#5743,#6617,#425,#701));
#6619= IFCLOCALPLACEMENT(#42,#10);
#6620= IFCELEMENTASSEMBLY('1xIFT7Rc54hRXhrQrfYjHV',#6587,'BEAM',$,$,#6619,$,'B/923',.NOTDEFINED.,.RIGID_FRAME.);
#6621= IFCPROPERTYSINGLEVALUE('AssemblyMark',$,IFCIDENTIFIER('B/923'),$);
#6622= IFCPROPERTYSET('3t7JnCSIb0PR0Tw1nM4qBr',#5,'AISC_EM11_Pset_AssemblyIdentification','AssemblyIdentity',(#6621,#52,#53));
#6623= IFCCARTESIANPOINT((15936.7005462646,27210.5059585415,52770.));
#6624= IFCAXIS2PLACEMENT3D(#6623,#57,#332);
#6625= IFCLOCALPLACEMENT(#6619,#6624);
#6626= IFCCARTESIANPOINT((28921.0104942322,0.,0.));
#6627= IFCAXIS2PLACEMENT3D(#6626,#3991,#332);
#6628= IFCEXTRUDEDAREASOLID(#6595,#6627,#9,28921.01);
#6629= IFCSHAPEREPRESENTATION(#12,'Body','SweptSolid',(#6628));
#6630= IFCPRODUCTDEFINITIONSHAPE($,$,(#6629));
#6631= IFCBEAM('2PmiNhc0T7_ulznM1k1IaB',#6587,'main piece','UPN160','UPN160',#6625,#6630,'b/819');
#6632= IFCPROPERTYSINGLEVALUE('IndicationMark',$,IFCIDENTIFIER('b/819'),$);
#6633= IFCPROPERTYSET('1maeIkLxjFxBpR5l0A17zn',#5,'AISC_EM11_Pset_PieceIdentification','PieceIdentity',(#5743,#6632,#425,#701));
#6634= IFCLOCALPLACEMENT(#42,#10);
#6635= IFCELEMENTASSEMBLY('0HnImL6IX739vnYj7JKcxa',#6587,'BEAM',$,$,#6634,$,'B/937',.NOTDEFINED.,.RIGID_FRAME.);
#6636= IFCPROPERTYSINGLEVALUE('AssemblyMark',$,IFCIDENTIFIER('B/937'),$);
#6637= IFCPROPERTYSET('3juZ9ga0DAfPuIjDO5G4fF',#5,'AISC_EM11_Pset_AssemblyIdentification','AssemblyIdentity',(#6636,#52,#53));
#6638= IFCCARTESIANPOINT((83637.4991149902,-194.830898300579,52770.));
#6639= IFCDIRECTION((0.00159451399961886,-0.999998728761745,0.));
#6640= IFCAXIS2PLACEMENT3D(#6638,#9,#6639);
#6641= IFCLOCALPLACEMENT(#6634,#6640);
#6642= IFCISHAPEPROFILEDEF(.AREA.,'IPE160',#73,82.,160.,5.,7.400000095,9.);
#6643= IFCCARTESIANPOINT((1567.8759479166,0.,7.27595761418343E-12));
#6644= IFCAXIS2PLACEMENT3D(#6643,#3991,#332);
#6645= IFCEXTRUDEDAREASOLID(#6642,#6644,#9,1567.88);
#6646= IFCSHAPEREPRESENTATION(#12,'Body','SweptSolid',(#6645));
#6647= IFCPRODUCTDEFINITIONSHAPE($,$,(#6646));
#6648= IFCBEAM('2a15mivq5AY96vohxITtsS',#6587,'main piece','IPE160','IPE160',#6641,#6647,'b/833');
#6649= IFCPROPERTYSINGLEVALUE('IndicationMark',$,IFCIDENTIFIER('b/833'),$);
#6650= IFCPROPERTYSET('3$y0dAc2j74PlQ0HEnCrhw',#5,'AISC_EM11_Pset_PieceIdentification','PieceIdentity',(#5743,#6649,#425,#701));
#6651= IFCLOCALPLACEMENT(#42,#10);
#6652= IFCELEMENTASSEMBLY('2fzRGVfKT7YgBT61VxX$f0',#6587,'BEAM',$,$,#6651,$,'B/930',.NOTDEFINED.,.RIGID_FRAME.);
#6653= IFCPROPERTYSINGLEVALUE('AssemblyMark',$,IFCIDENTIFIER('B/930'),$);
#6654= IFCPROPERTYSET('2QIxQGptD19hKhQXAznKwO',#5,'AISC_EM11_Pset_AssemblyIdentification','AssemblyIdentity',(#6653,#52,#53));
#6655= IFCCARTESIANPOINT((81220.0009460449,-190.791133896282,52770.));
#6656= IFCDIRECTION((-2.53499999550147E-06,-0.999999999996787,0.));
#6657= IFCAXIS2PLACEMENT3D(#6655,#9,#6656);
#6658= IFCLOCALPLACEMENT(#6651,#6657);
#6659= IFCCARTESIANPOINT((1504.71401215084,0.,7.27595761418343E-12));
#6660= IFCAXIS2PLACEMENT3D(#6659,#3991,#332);
#6661= IFCEXTRUDEDAREASOLID(#6642,#6660,#9,1504.71);
#6662= IFCSHAPEREPRESENTATION(#12,'Body','SweptSolid',(#6661));
#6663= IFCPRODUCTDEFINITIONSHAPE($,$,(#6662));
#6664= IFCBEAM('2Q5f9T$055jAoxRs4FkDUo',#6587,'main piece','IPE160','IPE160',#6658,#6663,'b/826');
#6665= IFCPROPERTYSINGLEVALUE('IndicationMark',$,IFCIDENTIFIER('b/826'),$);
#6666= IFCPROPERTYSET('1pQ1kE8CD2zPYOR2AVXoxa',#5,'AISC_EM11_Pset_PieceIdentification','PieceIdentity',(#5743,#6665,#425,#701));
#6667= IFCLOCALPLACEMENT(#42,#10);
#6668= IFCELEMENTASSEMBLY('0CV9A6Y3r7r9t6T8_LqAkl',#6587,'BEAM',$,$,#6667,$,'B/920',.NOTDEFINED.,.RIGID_FRAME.);
#6669= IFCPROPERTYSINGLEVALUE('AssemblyMark',$,IFCIDENTIFIER('B/920'),$);
#6670= IFCPROPERTYSET('2OMvLyxaTEHeW53_sfKNPL',#5,'AISC_EM11_Pset_AssemblyIdentification','AssemblyIdentity',(#6669,#52,#53));
#6671= IFCCARTESIANPOINT((78799.9989624023,-1095.45326615947,52770.));
#6672= IFCAXIS2PLACEMENT3D(#6671,#9,#332);
#6673= IFCLOCALPLACEMENT(#6667,#6672);
#6674= IFCCARTESIANPOINT((600.051879882813,0.,0.));
#6675= IFCAXIS2PLACEMENT3D(#6674,#3991,#332);
#6676= IFCEXTRUDEDAREASOLID(#6642,#6675,#9,600.05);
#6677= IFCSHAPEREPRESENTATION(#12,'Body','SweptSolid',(#6676));
#6678= IFCPRODUCTDEFINITIONSHAPE($,$,(#6677));
#6679= IFCBEAM('3sr1A$pVrFowe16wBiYyPN',#6587,'main piece','IPE160','IPE160',#6673,#6678,'b/816');
#6680= IFCPROPERTYSINGLEVALUE('IndicationMark',$,IFCIDENTIFIER('b/816'),$);
#6681= IFCPROPERTYSET('1GXgBM8_z5nQdB8Ogkjene',#5,'AISC_EM11_Pset_PieceIdentification','PieceIdentity',(#5743,#6680,#425,#701));
#6682= IFCLOCALPLACEMENT(#42,#10);
#6683= IFCELEMENTASSEMBLY('38837bXyrFDub1jZGrrgWW',#6587,'BEAM',$,$,#6682,$,'B/920',.NOTDEFINED.,.RIGID_FRAME.);
#6684= IFCCARTESIANPOINT((76500.0035400391,-1095.74127580302,52770.));
#6685= IFCAXIS2PLACEMENT3D(#6684,#9,#332);
#6686= IFCLOCALPLACEMENT(#6682,#6685);
#6687= IFCCARTESIANPOINT((599.763870239258,0.,0.));
#6688= IFCAXIS2PLACEMENT3D(#6687,#3991,#332);
#6689= IFCEXTRUDEDAREASOLID(#6642,#6688,#9,599.76);
#6690= IFCSHAPEREPRESENTATION(#12,'Body','SweptSolid',(#6689));
#6691= IFCPRODUCTDEFINITIONSHAPE($,$,(#6690));
#6692= IFCBEAM('3YUy3MXfr4WRbZ3G08$DzC',#6587,'main piece','IPE160','IPE160',#6686,#6691,'b/816');
#6693= IFCLOCALPLACEMENT(#42,#10);
#6694= IFCELEMENTASSEMBLY('0EoT0gvA9Brx9gumNf_USc',#6587,'BEAM',$,$,#6693,$,'B/920',.NOTDEFINED.,.RIGID_FRAME.);
#6695= IFCCARTESIANPOINT((74375.0035400391,-1095.69549943583,52770.));
#6696= IFCAXIS2PLACEMENT3D(#6695,#9,#332);
#6697= IFCLOCALPLACEMENT(#6693,#6696);
#6698= IFCCARTESIANPOINT((599.809646606445,0.,0.));
#6699= IFCAXIS2PLACEMENT3D(#6698,#3991,#332);
#6700= IFCEXTRUDEDAREASOLID(#6642,#6699,#9,599.81);
#6701= IFCSHAPEREPRESENTATION(#12,'Body','SweptSolid',(#6700));
#6702= IFCPRODUCTDEFINITIONSHAPE($,$,(#6701));
#6703= IFCBEAM('1qh22RrI5EzQIH_M4qhTUJ',#6587,'main piece','IPE160','IPE160',#6697,#6702,'b/816');
#6704= IFCLOCALPLACEMENT(#42,#10);
#6705= IFCELEMENTASSEMBLY('2$juxG5zbCb8r2qrHEShro',#6587,'BEAM',$,$,#6704,$,'B/920',.NOTDEFINED.,.RIGID_FRAME.);
#6706= IFCCARTESIANPOINT((72250.0035400391,-1095.6993141331,52770.));
#6707= IFCAXIS2PLACEMENT3D(#6706,#9,#332);
#6708= IFCLOCALPLACEMENT(#6704,#6707);
#6709= IFCCARTESIANPOINT((599.80583190918,0.,0.));
#6710= IFCAXIS2PLACEMENT3D(#6709,#3991,#332);
#6711= IFCEXTRUDEDAREASOLID(#6642,#6710,#9,599.81);
#6712= IFCSHAPEREPRESENTATION(#12,'Body','SweptSolid',(#6711));
#6713= IFCPRODUCTDEFINITIONSHAPE($,$,(#6712));
#6714= IFCBEAM('0xS5Cu0615jR94cw7ZrbkX',#6587,'main piece','IPE160','IPE160',#6708,#6713,'b/816');
#6715= IFCLOCALPLACEMENT(#42,#10);
#6716= IFCELEMENTASSEMBLY('178PE6xEL35x7Tp$bB1ZFf',#6587,'BEAM',$,$,#6715,$,'B/920',.NOTDEFINED.,.RIGID_FRAME.);
#6717= IFCCARTESIANPOINT((70125.0035400391,-1695.50514604228,52770.));
#6718= IFCAXIS2PLACEMENT3D(#6717,#9,#8);
#6719= IFCLOCALPLACEMENT(#6715,#6718);
#6720= IFCCARTESIANPOINT((599.802017211914,0.,0.));
#6721= IFCAXIS2PLACEMENT3D(#6720,#3991,#332);
#6722= IFCEXTRUDEDAREASOLID(#6642,#6721,#9,599.8);
#6723= IFCSHAPEREPRESENTATION(#12,'Body','SweptSolid',(#6722));
#6724= IFCPRODUCTDEFINITIONSHAPE($,$,(#6723));
#6725= IFCBEAM('1rqKLHxgX2gxnWQyBz1Ywy',#6587,'main piece','IPE160','IPE160',#6719,#6724,'b/816');
#6726= IFCLOCALPLACEMENT(#42,#10);
#6727= IFCELEMENTASSEMBLY('0fx7JBgeP9CBy19gyOoR9E',#6587,'BEAM',$,$,#6726,$,'B/920',.NOTDEFINED.,.RIGID_FRAME.);
#6728= IFCCARTESIANPOINT((68000.,-1095.89863206523,52770.));
#6729= IFCAXIS2PLACEMENT3D(#6728,#9,#332);
#6730= IFCLOCALPLACEMENT(#6726,#6729);
#6731= IFCCARTESIANPOINT((599.606513977051,0.,0.));
#6732= IFCAXIS2PLACEMENT3D(#6731,#3991,#332);
#6733= IFCEXTRUDEDAREASOLID(#6642,#6732,#9,599.61);
#6734= IFCSHAPEREPRESENTATION(#12,'Body','SweptSolid',(#6733));
#6735= IFCPRODUCTDEFINITIONSHAPE($,$,(#6734));
#6736= IFCBEAM('2sPsYqyQ9DUxwe7zSnpqSb',#6587,'main piece','IPE160','IPE160',#6730,#6735,'b/816');
#6737= IFCLOCALPLACEMENT(#42,#10);
#6738= IFCELEMENTASSEMBLY('2MSgqtf9TC$v1WEe3_otap',#6587,'BEAM',$,$,#6737,$,'B/920',.NOTDEFINED.,.RIGID_FRAME.);
#6739= IFCCARTESIANPOINT((65875.0035400391,-1095.7107582249,52770.));
#6740= IFCAXIS2PLACEMENT3D(#6739,#9,#332);
#6741= IFCLOCALPLACEMENT(#6737,#6740);
#6742= IFCCARTESIANPOINT((599.794387817383,0.,0.));
#6743= IFCAXIS2PLACEMENT3D(#6742,#3991,#332);
#6744= IFCEXTRUDEDAREASOLID(#6642,#6743,#9,599.79);
#6745= IFCSHAPEREPRESENTATION(#12,'Body','SweptSolid',(#6744));
#6746= IFCPRODUCTDEFINITIONSHAPE($,$,(#6745));
#6747= IFCBEAM('0yLrLWpof3Af9jQHth2yEr',#6587,'main piece','IPE160','IPE160',#6741,#6746,'b/816');
#6748= IFCLOCALPLACEMENT(#42,#10);
#6749= IFCELEMENTASSEMBLY('2Q2LEXHFHDrgKhhinKF1xd',#6587,'BEAM',$,$,#6748,$,'B/920',.NOTDEFINED.,.RIGID_FRAME.);
#6750= IFCCARTESIANPOINT((63749.5228881836,-1095.76225663798,52770.));
#6751= IFCAXIS2PLACEMENT3D(#6750,#9,#332);
#6752= IFCLOCALPLACEMENT(#6748,#6751);
#6753= IFCCARTESIANPOINT((599.742889404297,0.,0.));
#6754= IFCAXIS2PLACEMENT3D(#6753,#3991,#332);
#6755= IFCEXTRUDEDAREASOLID(#6642,#6754,#9,599.74);
#6756= IFCSHAPEREPRESENTATION(#12,'Body','SweptSolid',(#6755));
#6757= IFCPRODUCTDEFINITIONSHAPE($,$,(#6756));
#6758= IFCBEAM('3k$kfYxvr4MuQnVqu07VzN',#6587,'main piece','IPE160','IPE160',#6752,#6757,'b/816');
#6759= IFCLOCALPLACEMENT(#42,#10);
#6760= IFCELEMENTASSEMBLY('0S$EVBR0zDBvJXZ6XPN8ds',#6587,'BEAM',$,$,#6759,$,'B/920',.NOTDEFINED.,.RIGID_FRAME.);
#6761= IFCCARTESIANPOINT((61625.0035400391,-1095.76607133525,52770.));
#6762= IFCAXIS2PLACEMENT3D(#6761,#9,#332);
#6763= IFCLOCALPLACEMENT(#6759,#6762);
#6764= IFCCARTESIANPOINT((599.739074707031,0.,0.));
#6765= IFCAXIS2PLACEMENT3D(#6764,#3991,#332);
#6766= IFCEXTRUDEDAREASOLID(#6642,#6765,#9,599.74);
#6767= IFCSHAPEREPRESENTATION(#12,'Body','SweptSolid',(#6766));
#6768= IFCPRODUCTDEFINITIONSHAPE($,$,(#6767));
#6769= IFCBEAM('3fN5w97ZbANBQICGHsDIPG',#6587,'main piece','IPE160','IPE160',#6763,#6768,'b/816');
#6770= IFCLOCALPLACEMENT(#42,#10);
#6771= IFCELEMENTASSEMBLY('3n0DFLeQ53Jhk3RjAADnIj',#6587,'BEAM',$,$,#6770,$,'B/920',.NOTDEFINED.,.RIGID_FRAME.);
#6772= IFCCARTESIANPOINT((59500.,-1095.89863206523,52770.));
#6773= IFCAXIS2PLACEMENT3D(#6772,#9,#332);
#6774= IFCLOCALPLACEMENT(#6770,#6773);
#6775= IFCSHAPEREPRESENTATION(#12,'Body','SweptSolid',(#6733));
#6776= IFCPRODUCTDEFINITIONSHAPE($,$,(#6775));
#6777= IFCBEAM('243yJVC3D2nfeK68kjKCYg',#6587,'main piece','IPE160','IPE160',#6774,#6776,'b/816');
#6778= IFCLOCALPLACEMENT(#42,#10);
#6779= IFCELEMENTASSEMBLY('1lbRSWH_v3V99jBtZ$anjz',#6587,'BEAM',$,$,#6778,$,'B/920',.NOTDEFINED.,.RIGID_FRAME.);
#6780= IFCCARTESIANPOINT((57374.9997253418,-1095.77370072978,52770.));
#6781= IFCAXIS2PLACEMENT3D(#6780,#9,#332);
#6782= IFCLOCALPLACEMENT(#6778,#6781);
#6783= IFCCARTESIANPOINT((599.7314453125,0.,0.));
#6784= IFCAXIS2PLACEMENT3D(#6783,#3991,#332);
#6785= IFCEXTRUDEDAREASOLID(#6642,#6784,#9,599.73);
#6786= IFCSHAPEREPRESENTATION(#12,'Body','SweptSolid',(#6785));
#6787= IFCPRODUCTDEFINITIONSHAPE($,$,(#6786));
#6788= IFCBEAM('1KdhAaU4PDy9wpO9P7MuhQ',#6587,'main piece','IPE160','IPE160',#6782,#6787,'b/816');
#6789= IFCLOCALPLACEMENT(#42,#10);
#6790= IFCELEMENTASSEMBLY('0If$T554bCaAiTDeajDljp',#6587,'BEAM',$,$,#6789,$,'B/920',.NOTDEFINED.,.RIGID_FRAME.);
#6791= IFCCARTESIANPOINT((55249.9997253418,-1095.77751542704,52770.));
#6792= IFCAXIS2PLACEMENT3D(#6791,#9,#332);
#6793= IFCLOCALPLACEMENT(#6789,#6792);
#6794= IFCCARTESIANPOINT((599.727630615234,0.,0.));
#6795= IFCAXIS2PLACEMENT3D(#6794,#3991,#332);
#6796= IFCEXTRUDEDAREASOLID(#6642,#6795,#9,599.73);
#6797= IFCSHAPEREPRESENTATION(#12,'Body','SweptSolid',(#6796));
#6798= IFCPRODUCTDEFINITIONSHAPE($,$,(#6797));
#6799= IFCBEAM('1TFosVfAf12hVXfafr5$wk',#6587,'main piece','IPE160','IPE160',#6793,#6798,'b/816');
#6800= IFCLOCALPLACEMENT(#42,#10);
#6801= IFCELEMENTASSEMBLY('137Ew2849299qZ84Ya2gVI',#6587,'BEAM',$,$,#6800,$,'B/920',.NOTDEFINED.,.RIGID_FRAME.);
#6802= IFCCARTESIANPOINT((53124.9997253418,-1095.73173905986,52770.));
#6803= IFCAXIS2PLACEMENT3D(#6802,#9,#332);
#6804= IFCLOCALPLACEMENT(#6800,#6803);
#6805= IFCCARTESIANPOINT((599.773406982422,0.,0.));
#6806= IFCAXIS2PLACEMENT3D(#6805,#3991,#332);
#6807= IFCEXTRUDEDAREASOLID(#6642,#6806,#9,599.77);
#6808= IFCSHAPEREPRESENTATION(#12,'Body','SweptSolid',(#6807));
#6809= IFCPRODUCTDEFINITIONSHAPE($,$,(#6808));
#6810= IFCBEAM('2JtMHg6g5EhhthnBUxewBn',#6587,'main piece','IPE160','IPE160',#6804,#6809,'b/816');
#6811= IFCLOCALPLACEMENT(#42,#10);
#6812= IFCELEMENTASSEMBLY('1Bxhu$YHL49wBV6M7BF90n',#6587,'BEAM',$,$,#6811,$,'B/920',.NOTDEFINED.,.RIGID_FRAME.);
#6813= IFCCARTESIANPOINT((50999.9987716675,-1095.89863206523,52770.));
#6814= IFCAXIS2PLACEMENT3D(#6813,#9,#3740);
#6815= IFCLOCALPLACEMENT(#6811,#6814);
#6816= IFCSHAPEREPRESENTATION(#12,'Body','SweptSolid',(#6733));
#6817= IFCPRODUCTDEFINITIONSHAPE($,$,(#6816));
#6818= IFCBEAM('0wNvtdKDz409Eo6AYAodvW',#6587,'main piece','IPE160','IPE160',#6815,#6817,'b/816');
#6819= IFCLOCALPLACEMENT(#42,#10);
#6820= IFCELEMENTASSEMBLY('0XPwac_K9BRv8GN11exZlO',#6587,'BEAM',$,$,#6819,$,'B/920',.NOTDEFINED.,.RIGID_FRAME.);
#6821= IFCCARTESIANPOINT((48874.9997253418,-1695.50514604228,52770.));
#6822= IFCAXIS2PLACEMENT3D(#6821,#9,#8);
#6823= IFCLOCALPLACEMENT(#6819,#6822);
#6824= IFCCARTESIANPOINT((599.765777587891,0.,0.));
#6825= IFCAXIS2PLACEMENT3D(#6824,#3991,#332);
#6826= IFCEXTRUDEDAREASOLID(#6642,#6825,#9,599.77);
#6827= IFCSHAPEREPRESENTATION(#12,'Body','SweptSolid',(#6826));
#6828= IFCPRODUCTDEFINITIONSHAPE($,$,(#6827));
#6829= IFCBEAM('2Tml5ihPfCVvLPw8Pgcqu0',#6587,'main piece','IPE160','IPE160',#6823,#6828,'b/816');
#6830= IFCLOCALPLACEMENT(#42,#10);
#6831= IFCELEMENTASSEMBLY('2GgrOUcmDCJxIVRKcy6e_r',#6587,'BEAM',$,$,#6830,$,'B/920',.NOTDEFINED.,.RIGID_FRAME.);
#6832= IFCCARTESIANPOINT((46749.9997253418,-1095.6878700413,52770.));
#6833= IFCAXIS2PLACEMENT3D(#6832,#9,#332);
#6834= IFCLOCALPLACEMENT(#6830,#6833);
#6835= IFCCARTESIANPOINT((599.817276000977,0.,0.));
#6836= IFCAXIS2PLACEMENT3D(#6835,#3991,#332);
#6837= IFCEXTRUDEDAREASOLID(#6642,#6836,#9,599.82);
#6838= IFCSHAPEREPRESENTATION(#12,'Body','SweptSolid',(#6837));
#6839= IFCPRODUCTDEFINITIONSHAPE($,$,(#6838));
#6840= IFCBEAM('0lFJWXcIjBXxjw6pk2jQF8',#6587,'main piece','IPE160','IPE160',#6834,#6839,'b/816');
#6841= IFCLOCALPLACEMENT(#42,#10);
#6842= IFCELEMENTASSEMBLY('0w3Fb32wT6BQQRp0nxHBNL',#6587,'BEAM',$,$,#6841,$,'B/920',.NOTDEFINED.,.RIGID_FRAME.);
#6843= IFCCARTESIANPOINT((44624.9997253418,-1695.50514604228,52770.));
#6844= IFCAXIS2PLACEMENT3D(#6843,#9,#8);
#6845= IFCLOCALPLACEMENT(#6841,#6844);
#6846= IFCCARTESIANPOINT((599.758148193359,0.,0.));
#6847= IFCAXIS2PLACEMENT3D(#6846,#3991,#332);
#6848= IFCEXTRUDEDAREASOLID(#6642,#6847,#9,599.76);
#6849= IFCSHAPEREPRESENTATION(#12,'Body','SweptSolid',(#6848));
#6850= IFCPRODUCTDEFINITIONSHAPE($,$,(#6849));
#6851= IFCBEAM('1fm2OOMPTBdOY3oN4wShwA',#6587,'main piece','IPE160','IPE160',#6845,#6850,'b/816');
#6852= IFCLOCALPLACEMENT(#42,#10);
#6853= IFCELEMENTASSEMBLY('31X3i$K8D43xm19jlDNQWm',#6587,'BEAM',$,$,#6852,$,'B/920',.NOTDEFINED.,.RIGID_FRAME.);
#6854= IFCCARTESIANPOINT((42499.7670288086,-1095.798496262,52770.));
#6855= IFCDIRECTION((0.000388474999827174,-0.999999924543584,0.));
#6856= IFCAXIS2PLACEMENT3D(#6854,#9,#6855);
#6857= IFCLOCALPLACEMENT(#6852,#6856);
#6858= IFCCARTESIANPOINT((599.70669503205,0.,0.));
#6859= IFCAXIS2PLACEMENT3D(#6858,#3991,#332);
#6860= IFCEXTRUDEDAREASOLID(#6642,#6859,#9,599.71);
#6861= IFCSHAPEREPRESENTATION(#12,'Body','SweptSolid',(#6860));
#6862= IFCPRODUCTDEFINITIONSHAPE($,$,(#6861));
#6863= IFCBEAM('3wqobxk09CpuPRpB2B2I6h',#6587,'main piece','IPE160','IPE160',#6857,#6862,'b/816');
#6864= IFCLOCALPLACEMENT(#42,#10);
#6865= IFCELEMENTASSEMBLY('1cExpx6MT81RY585NqxNcJ',#6587,'BEAM',$,$,#6864,$,'B/920',.NOTDEFINED.,.RIGID_FRAME.);
#6866= IFCCARTESIANPOINT((40374.9997253418,-1695.50514604228,52770.));
#6867= IFCAXIS2PLACEMENT3D(#6866,#9,#8);
#6868= IFCLOCALPLACEMENT(#6864,#6867);
#6869= IFCCARTESIANPOINT((599.702835083008,0.,0.));
#6870= IFCAXIS2PLACEMENT3D(#6869,#3991,#332);
#6871= IFCEXTRUDEDAREASOLID(#6642,#6870,#9,599.7);
#6872= IFCSHAPEREPRESENTATION(#12,'Body','SweptSolid',(#6871));
#6873= IFCPRODUCTDEFINITIONSHAPE($,$,(#6872));
#6874= IFCBEAM('3R8Vqmu5rF4PyvUD9S11z1',#6587,'main piece','IPE160','IPE160',#6868,#6873,'b/816');
#6875= IFCLOCALPLACEMENT(#42,#10);
#6876= IFCELEMENTASSEMBLY('1RsfqUjwL8VPZtHDKBTLSZ',#6587,'BEAM',$,$,#6875,$,'B/920',.NOTDEFINED.,.RIGID_FRAME.);
#6877= IFCCARTESIANPOINT((38249.9997253418,-1095.80612565654,52770.));
#6878= IFCAXIS2PLACEMENT3D(#6877,#9,#332);
#6879= IFCLOCALPLACEMENT(#6875,#6878);
#6880= IFCCARTESIANPOINT((599.699020385742,0.,0.));
#6881= IFCAXIS2PLACEMENT3D(#6880,#3991,#332);
#6882= IFCEXTRUDEDAREASOLID(#6642,#6881,#9,599.7);
#6883= IFCSHAPEREPRESENTATION(#12,'Body','SweptSolid',(#6882));
#6884= IFCPRODUCTDEFINITIONSHAPE($,$,(#6883));
#6885= IFCBEAM('1fSJnwUk5BAhzL5l7vw6uu',#6587,'main piece','IPE160','IPE160',#6879,#6884,'b/816');
#6886= IFCLOCALPLACEMENT(#42,#10);
#6887= IFCELEMENTASSEMBLY('03SKhNb5nED92TrVXD4JFL',#6587,'BEAM',$,$,#6886,$,'B/920',.NOTDEFINED.,.RIGID_FRAME.);
#6888= IFCCARTESIANPOINT((36124.9997253418,-1695.50514604228,52770.));
#6889= IFCAXIS2PLACEMENT3D(#6888,#9,#8);
#6890= IFCLOCALPLACEMENT(#6886,#6889);
#6891= IFCSHAPEREPRESENTATION(#12,'Body','SweptSolid',(#6796));
#6892= IFCPRODUCTDEFINITIONSHAPE($,$,(#6891));
#6893= IFCBEAM('3vZ94h12v8qPvW4kGJTdi6',#6587,'main piece','IPE160','IPE160',#6890,#6892,'b/816');
#6894= IFCLOCALPLACEMENT(#42,#10);
#6895= IFCELEMENTASSEMBLY('2NzNCYuqT1xe7OFoKFYxna',#6587,'BEAM',$,$,#6894,$,'B/920',.NOTDEFINED.,.RIGID_FRAME.);
#6896= IFCCARTESIANPOINT((33999.7670288086,-1095.76416398661,52770.));
#6897= IFCAXIS2PLACEMENT3D(#6896,#9,#6855);
#6898= IFCLOCALPLACEMENT(#6894,#6897);
#6899= IFCCARTESIANPOINT((599.741027304968,0.,0.));
#6900= IFCAXIS2PLACEMENT3D(#6899,#3991,#332);
#6901= IFCEXTRUDEDAREASOLID(#6642,#6900,#9,599.74);
#6902= IFCSHAPEREPRESENTATION(#12,'Body','SweptSolid',(#6901));
#6903= IFCPRODUCTDEFINITIONSHAPE($,$,(#6902));
#6904= IFCBEAM('0xHtGa8yP9IPeOyTLJ0YB7',#6587,'main piece','IPE160','IPE160',#6898,#6903,'b/816');
#6905= IFCLOCALPLACEMENT(#42,#10);
#6906= IFCELEMENTASSEMBLY('0l_4c_bkr6B8Tf7TbXt8Qa',#6587,'BEAM',$,$,#6905,$,'B/920',.NOTDEFINED.,.RIGID_FRAME.);
#6907= IFCCARTESIANPOINT((31874.9997253418,-1695.50514604228,52770.));
#6908= IFCAXIS2PLACEMENT3D(#6907,#9,#8);
#6909= IFCLOCALPLACEMENT(#6905,#6908);
#6910= IFCCARTESIANPOINT((599.687576293945,0.,0.));
#6911= IFCAXIS2PLACEMENT3D(#6910,#3991,#332);
#6912= IFCEXTRUDEDAREASOLID(#6642,#6911,#9,599.69);
#6913= IFCSHAPEREPRESENTATION(#12,'Body','SweptSolid',(#6912));
#6914= IFCPRODUCTDEFINITIONSHAPE($,$,(#6913));
#6915= IFCBEAM('2cen9K0tv2pRDsg77$y9xx',#6587,'main piece','IPE160','IPE160',#6909,#6914,'b/816');
#6916= IFCLOCALPLACEMENT(#42,#10);
#6917= IFCELEMENTASSEMBLY('3iXgjFTNbEzhktEdsB396H',#6587,'BEAM',$,$,#6916,$,'B/920',.NOTDEFINED.,.RIGID_FRAME.);
#6918= IFCCARTESIANPOINT((29749.9997253418,-1095.77179338115,52770.));
#6919= IFCAXIS2PLACEMENT3D(#6918,#9,#332);
#6920= IFCLOCALPLACEMENT(#6916,#6919);
#6921= IFCCARTESIANPOINT((599.733352661133,0.,0.));
#6922= IFCAXIS2PLACEMENT3D(#6921,#3991,#332);
#6923= IFCEXTRUDEDAREASOLID(#6642,#6922,#9,599.73);
#6924= IFCSHAPEREPRESENTATION(#12,'Body','SweptSolid',(#6923));
#6925= IFCPRODUCTDEFINITIONSHAPE($,$,(#6924));
#6926= IFCBEAM('08KLF0_Fz8Eg9r38a3JRtB',#6587,'main piece','IPE160','IPE160',#6920,#6925,'b/816');
#6927= IFCLOCALPLACEMENT(#42,#10);
#6928= IFCELEMENTASSEMBLY('3YgZy3RlL4CeMLAGGUDyKn',#6587,'BEAM',$,$,#6927,$,'B/920',.NOTDEFINED.,.RIGID_FRAME.);
#6929= IFCCARTESIANPOINT((27624.9997253418,-1695.50514604228,52770.));
#6930= IFCAXIS2PLACEMENT3D(#6929,#9,#8);
#6931= IFCLOCALPLACEMENT(#6927,#6930);
#6932= IFCCARTESIANPOINT((599.679946899414,0.,0.));
#6933= IFCAXIS2PLACEMENT3D(#6932,#3991,#332);
#6934= IFCEXTRUDEDAREASOLID(#6642,#6933,#9,599.68);
#6935= IFCSHAPEREPRESENTATION(#12,'Body','SweptSolid',(#6934));
#6936= IFCPRODUCTDEFINITIONSHAPE($,$,(#6935));
#6937= IFCBEAM('2VHjA4SmjCc9OpVma14RFc',#6587,'main piece','IPE160','IPE160',#6931,#6936,'b/816');
#6938= IFCLOCALPLACEMENT(#42,#10);
#6939= IFCELEMENTASSEMBLY('0mIvMg32TC0w9Cnp0UhDhg',#6587,'BEAM',$,$,#6938,$,'B/920',.NOTDEFINED.,.RIGID_FRAME.);
#6940= IFCCARTESIANPOINT((25499.9997253418,-1095.82901384013,52770.));
#6941= IFCAXIS2PLACEMENT3D(#6940,#9,#332);
#6942= IFCLOCALPLACEMENT(#6938,#6941);
#6943= IFCCARTESIANPOINT((599.676132202148,0.,0.));
#6944= IFCAXIS2PLACEMENT3D(#6943,#3991,#332);
#6945= IFCEXTRUDEDAREASOLID(#6642,#6944,#9,599.68);
#6946= IFCSHAPEREPRESENTATION(#12,'Body','SweptSolid',(#6945));
#6947= IFCPRODUCTDEFINITIONSHAPE($,$,(#6946));
#6948= IFCBEAM('3IAMWw5j90Ehx4xynJzxp5',#6587,'main piece','IPE160','IPE160',#6942,#6947,'b/816');
#6949= IFCLOCALPLACEMENT(#42,#10);
#6950= IFCELEMENTASSEMBLY('288fOVUzr6lQfwbdMI079C',#6587,'BEAM',$,$,#6949,$,'B/920',.NOTDEFINED.,.RIGID_FRAME.);
#6951= IFCCARTESIANPOINT((23200.0004882813,-1695.50514604228,52770.));
#6952= IFCAXIS2PLACEMENT3D(#6951,#9,#8);
#6953= IFCLOCALPLACEMENT(#6949,#6952);
#6954= IFCCARTESIANPOINT((599.721908569336,0.,0.));
#6955= IFCAXIS2PLACEMENT3D(#6954,#3991,#332);
#6956= IFCEXTRUDEDAREASOLID(#6642,#6955,#9,599.72);
#6957= IFCSHAPEREPRESENTATION(#12,'Body','SweptSolid',(#6956));
#6958= IFCPRODUCTDEFINITIONSHAPE($,$,(#6957));
#6959= IFCBEAM('30DaqEv4v5XPBiYyFcTTVK',#6587,'main piece','IPE160','IPE160',#6953,#6958,'b/816');
#6960= IFCLOCALPLACEMENT(#42,#10);
#6961= IFCELEMENTASSEMBLY('02h_xzwLr23hixx1sZWyQg',#6587,'BEAM',$,$,#6960,$,'B/931',.NOTDEFINED.,.RIGID_FRAME.);
#6962= IFCPROPERTYSINGLEVALUE('AssemblyMark',$,IFCIDENTIFIER('B/931'),$);
#6963= IFCPROPERTYSET('1PEHTUS71AhP2$O_exLMUo',#5,'AISC_EM11_Pset_AssemblyIdentification','AssemblyIdentity',(#6962,#52,#53));
#6964= IFCCARTESIANPOINT((20779.3159808727,-174.960948074327,52770.));
#6965= IFCDIRECTION((0.000450121999861736,-0.999999898695088,0.));
#6966= IFCAXIS2PLACEMENT3D(#6964,#9,#6965);
#6967= IFCLOCALPLACEMENT(#6960,#6966);
#6968= IFCCARTESIANPOINT((1520.54435200683,-8.24288744903185E-17,-7.27595761418343E-12));
#6969= IFCAXIS2PLACEMENT3D(#6968,#3991,#332);
#6970= IFCEXTRUDEDAREASOLID(#6642,#6969,#9,1520.54);
#6971= IFCSHAPEREPRESENTATION(#12,'Body','SweptSolid',(#6970));
#6972= IFCPRODUCTDEFINITIONSHAPE($,$,(#6971));
#6973= IFCBEAM('1U72OBEebEnRF2xgW$Ax3h',#6587,'main piece','IPE160','IPE160',#6967,#6972,'b/827');
#6974= IFCPROPERTYSINGLEVALUE('IndicationMark',$,IFCIDENTIFIER('b/827'),$);
#6975= IFCPROPERTYSET('3alNTzl3jDaRnC35Ba8Jv1',#5,'AISC_EM11_Pset_PieceIdentification','PieceIdentity',(#5743,#6974,#425,#701));
#6976= IFCLOCALPLACEMENT(#42,#10);
#6977= IFCELEMENTASSEMBLY('0rPKkSBBTCKfJuRSNilGjH',#6587,'BEAM',$,$,#6976,$,'B/931',.NOTDEFINED.,.RIGID_FRAME.);
#6978= IFCCARTESIANPOINT((18360.0003356934,-1695.45269395488,52770.));
#6979= IFCDIRECTION((-0.00158785000057957,0.999998739365393,0.));
#6980= IFCAXIS2PLACEMENT3D(#6978,#9,#6979);
#6981= IFCLOCALPLACEMENT(#6976,#6980);
#6982= IFCCARTESIANPOINT((1520.73765775589,0.,0.));
#6983= IFCAXIS2PLACEMENT3D(#6982,#3991,#332);
#6984= IFCEXTRUDEDAREASOLID(#6642,#6983,#9,1520.74);
#6985= IFCSHAPEREPRESENTATION(#12,'Body','SweptSolid',(#6984));
#6986= IFCPRODUCTDEFINITIONSHAPE($,$,(#6985));
#6987= IFCBEAM('3wS2gN06zF2PROrpkF66PK',#6587,'main piece','IPE160','IPE160',#6981,#6986,'b/827');
#6988= IFCLOCALPLACEMENT(#42,#10);
#6989= IFCELEMENTASSEMBLY('1hG_3ny5L3zxocmvzx5kft',#6587,'BEAM',$,$,#6988,$,'B/918',.NOTDEFINED.,.RIGID_FRAME.);
#6990= IFCPROPERTYSINGLEVALUE('AssemblyMark',$,IFCIDENTIFIER('B/918'),$);
#6991= IFCPROPERTYSET('2yz1B_JJ55NeVPcIcrBg46',#5,'AISC_EM11_Pset_AssemblyIdentification','AssemblyIdentity',(#6990,#52,#53));
#6992= IFCCARTESIANPOINT((17000.,0.,52750.));
#6993= IFCDIRECTION((-0.520367804992494,-0.853942238987681,0.));
#6994= IFCAXIS2PLACEMENT3D(#6992,#9,#6993);
#6995= IFCLOCALPLACEMENT(#6988,#6994);
#6996= IFCISHAPEPROFILEDEF(.AREA.,'IPE200',#73,100.,200.,5.599999905,8.5,12.);
#6997= IFCCARTESIANPOINT((1990.20469147722,0.,0.));
#6998= IFCAXIS2PLACEMENT3D(#6997,#3991,#332);
#6999= IFCEXTRUDEDAREASOLID(#6996,#6998,#9,1990.2);
#7000= IFCSHAPEREPRESENTATION(#12,'Body','SweptSolid',(#6999));
#7001= IFCPRODUCTDEFINITIONSHAPE($,$,(#7000));
#7002= IFCBEAM('0YO5Q4_5PApRphZxiDxk8G',#6587,'main piece','IPE200','IPE200',#6995,#7001,'b/814');
#7003= IFCPROPERTYSINGLEVALUE('IndicationMark',$,IFCIDENTIFIER('b/814'),$);
#7004= IFCPROPERTYSET('2wPFuq_cfFMBW2XMOvJEAd',#5,'AISC_EM11_Pset_PieceIdentification','PieceIdentity',(#5743,#7003,#425,#701));
#7005= IFCLOCALPLACEMENT(#42,#10);
#7006= IFCELEMENTASSEMBLY('3TmBQLVzLBuRjJujP3D$JJ',#6587,'BEAM',$,$,#7005,$,'B/915',.NOTDEFINED.,.RIGID_FRAME.);
#7007= IFCPROPERTYSINGLEVALUE('AssemblyMark',$,IFCIDENTIFIER('B/915'),$);
#7008= IFCPROPERTYSET('0a0heRtjLF7R_nTGNdq79C',#5,'AISC_EM11_Pset_AssemblyIdentification','AssemblyIdentity',(#7007,#52,#53));
#7009= IFCCARTESIANPOINT((16774.9993438721,-3.83036422135774E-06,52750.));
#7010= IFCAXIS2PLACEMENT3D(#7009,#9,#3991);
#7011= IFCLOCALPLACEMENT(#7005,#7010);
#7012= IFCCARTESIANPOINT((788.299560546875,0.,0.));
#7013= IFCAXIS2PLACEMENT3D(#7012,#3991,#332);
#7014= IFCEXTRUDEDAREASOLID(#6996,#7013,#9,788.3);
#7015= IFCSHAPEREPRESENTATION(#12,'Body','SweptSolid',(#7014));
#7016= IFCPRODUCTDEFINITIONSHAPE($,$,(#7015));
#7017= IFCBEAM('1WGILpml96Wepsb$iMZUBz',#6587,'main piece','IPE200','IPE200',#7011,#7016,'b/811');
#7018= IFCPROPERTYSINGLEVALUE('IndicationMark',$,IFCIDENTIFIER('b/811'),$);
#7019= IFCPROPERTYSET('0qag0TZxj3hvDhI7FYSUm9',#5,'AISC_EM11_Pset_PieceIdentification','PieceIdentity',(#5743,#7018,#425,#701));
#7020= IFCLOCALPLACEMENT(#42,#10);
#7021= IFCELEMENTASSEMBLY('2Q_cXfjCb7MRBa5ZM7C2VX',#6587,'BEAM',$,$,#7020,$,'B/932',.NOTDEFINED.,.RIGID_FRAME.);
#7022= IFCPROPERTYSINGLEVALUE('AssemblyMark',$,IFCIDENTIFIER('B/932'),$);
#7023= IFCPROPERTYSET('1ntntrF3r0xQwIhJhlwwb8',#5,'AISC_EM11_Pset_AssemblyIdentification','AssemblyIdentity',(#7022,#52,#53));
#7024= IFCCARTESIANPOINT((16874.9997253418,2030.63010786397,52750.));
#7025= IFCAXIS2PLACEMENT3D(#7024,#9,#3991);
#7026= IFCLOCALPLACEMENT(#7020,#7025);
#7027= IFCCARTESIANPOINT((888.299942016602,0.,0.));
#7028= IFCAXIS2PLACEMENT3D(#7027,#3991,#332);
#7029= IFCEXTRUDEDAREASOLID(#6996,#7028,#9,888.3);
#7030= IFCSHAPEREPRESENTATION(#12,'Body','SweptSolid',(#7029));
#7031= IFCPRODUCTDEFINITIONSHAPE($,$,(#7030));
#7032= IFCBEAM('33vLs$10zBAuU31rUkEgbK',#6587,'main piece','IPE200','IPE200',#7026,#7031,'b/828');
#7033= IFCPROPERTYSINGLEVALUE('IndicationMark',$,IFCIDENTIFIER('b/828'),$);
#7034= IFCPROPERTYSET('2V7cht3yf0$gEcsLxN2HHF',#5,'AISC_EM11_Pset_PieceIdentification','PieceIdentity',(#5743,#7033,#425,#701));
#7035= IFCLOCALPLACEMENT(#42,#10);
#7036= IFCELEMENTASSEMBLY('1RQdLHjqH4gPv_Rbj5HgGI',#6587,'BEAM',$,$,#7035,$,'B/932',.NOTDEFINED.,.RIGID_FRAME.);
#7037= IFCCARTESIANPOINT((16875.7817382813,4061.29788969381,52750.));
#7038= IFCDIRECTION((-0.999999999032924,-4.39790000013307E-05,0.));
#7039= IFCAXIS2PLACEMENT3D(#7037,#9,#7038);
#7040= IFCLOCALPLACEMENT(#7035,#7039);
#7041= IFCCARTESIANPOINT((889.081955817658,6.02465367509479E-18,-7.27595761418343E-12));
#7042= IFCAXIS2PLACEMENT3D(#7041,#3991,#332);
#7043= IFCEXTRUDEDAREASOLID(#6996,#7042,#9,889.08);
#7044= IFCSHAPEREPRESENTATION(#12,'Body','SweptSolid',(#7043));
#7045= IFCPRODUCTDEFINITIONSHAPE($,$,(#7044));
#7046= IFCBEAM('20MYGKSMLBDgyYnSenX0lz',#6587,'main piece','IPE200','IPE200',#7040,#7045,'b/828');
#7047= IFCLOCALPLACEMENT(#42,#10);
#7048= IFCELEMENTASSEMBLY('1iejP3VX163g1jI9WHtKkm',#6587,'BEAM',$,$,#7047,$,'B/932',.NOTDEFINED.,.RIGID_FRAME.);
#7049= IFCCARTESIANPOINT((16875.7493133545,6091.88890074117,52750.));
#7050= IFCAXIS2PLACEMENT3D(#7049,#9,#3991);
#7051= IFCLOCALPLACEMENT(#7047,#7050);
#7052= IFCCARTESIANPOINT((889.049530029297,0.,0.));
#7053= IFCAXIS2PLACEMENT3D(#7052,#3991,#332);
#7054= IFCEXTRUDEDAREASOLID(#6996,#7053,#9,889.05);
#7055= IFCSHAPEREPRESENTATION(#12,'Body','SweptSolid',(#7054));
#7056= IFCPRODUCTDEFINITIONSHAPE($,$,(#7055));
#7057= IFCBEAM('2CThyA9qXAYRg0bokTqu_G',#6587,'main piece','IPE200','IPE200',#7051,#7056,'b/828');
#7058= IFCLOCALPLACEMENT(#42,#10);
#7059= IFCELEMENTASSEMBLY('0I79HuzdT2lB$JWOzvCmO1',#6587,'BEAM',$,$,#7058,$,'B/932',.NOTDEFINED.,.RIGID_FRAME.);
#7060= IFCCARTESIANPOINT((15986.6997833252,8122.5190124355,52750.));
#7061= IFCAXIS2PLACEMENT3D(#7060,#9,#7);
#7062= IFCLOCALPLACEMENT(#7058,#7061);
#7063= IFCSHAPEREPRESENTATION(#12,'Body','SweptSolid',(#7029));
#7064= IFCPRODUCTDEFINITIONSHAPE($,$,(#7063));
#7065= IFCBEAM('34GQc7WuT7qOBcoTZoRQkF',#6587,'main piece','IPE200','IPE200',#7062,#7064,'b/828');
#7066= IFCLOCALPLACEMENT(#42,#10);
#7067= IFCELEMENTASSEMBLY('3W1xxWy0LBoxEgyq6hly4f',#6587,'BEAM',$,$,#7066,$,'B/932',.NOTDEFINED.,.RIGID_FRAME.);
#7068= IFCCARTESIANPOINT((16874.9997253418,10436.922546371,52750.));
#7069= IFCAXIS2PLACEMENT3D(#7068,#9,#3991);
#7070= IFCLOCALPLACEMENT(#7066,#7069);
#7071= IFCSHAPEREPRESENTATION(#12,'Body','SweptSolid',(#7029));
#7072= IFCPRODUCTDEFINITIONSHAPE($,$,(#7071));
#7073= IFCBEAM('3pUXLDTanCWgz8MnScZB3X',#6587,'main piece','IPE200','IPE200',#7070,#7072,'b/828');
#7074= IFCLOCALPLACEMENT(#42,#10);
#7075= IFCELEMENTASSEMBLY('2Wjq_KVUr4hR7cbvLfxWxE',#6587,'BEAM',$,$,#7074,$,'B/932',.NOTDEFINED.,.RIGID_FRAME.);
#7076= IFCCARTESIANPOINT((16874.9997253418,12751.3260803066,52750.));
#7077= IFCAXIS2PLACEMENT3D(#7076,#9,#3991);
#7078= IFCLOCALPLACEMENT(#7074,#7077);
#7079= IFCSHAPEREPRESENTATION(#12,'Body','SweptSolid',(#7029));
#7080= IFCPRODUCTDEFINITIONSHAPE($,$,(#7079));
#7081= IFCBEAM('3iIMFNvon4kg3wu5hHzI28',#6587,'main piece','IPE200','IPE200',#7078,#7080,'b/828');
#7082= IFCLOCALPLACEMENT(#42,#10);
#7083= IFCELEMENTASSEMBLY('1AKwg1vzLCBOdEqPPNj$Ze',#6587,'BEAM',$,$,#7082,$,'B/932',.NOTDEFINED.,.RIGID_FRAME.);
#7084= IFCCARTESIANPOINT((15986.6997833252,15065.7296142421,52750.));
#7085= IFCAXIS2PLACEMENT3D(#7084,#9,#7);
#7086= IFCLOCALPLACEMENT(#7082,#7085);
#7087= IFCSHAPEREPRESENTATION(#12,'Body','SweptSolid',(#7054));
#7088= IFCPRODUCTDEFINITIONSHAPE($,$,(#7087));
#7089= IFCBEAM('3PxdbO6mXB39K57kbPoq91',#6587,'main piece','IPE200','IPE200',#7086,#7088,'b/828');
#7090= IFCLOCALPLACEMENT(#42,#10);
#7091= IFCELEMENTASSEMBLY('0F1FG7OiT8WOSQlthP8Oe_',#6587,'BEAM',$,$,#7090,$,'B/932',.NOTDEFINED.,.RIGID_FRAME.);
#7092= IFCCARTESIANPOINT((16875.8008117676,17380.2056274257,52750.));
#7093= IFCAXIS2PLACEMENT3D(#7092,#9,#3991);
#7094= IFCLOCALPLACEMENT(#7090,#7093);
#7095= IFCCARTESIANPOINT((889.101028442383,0.,0.));
#7096= IFCAXIS2PLACEMENT3D(#7095,#3991,#332);
#7097= IFCEXTRUDEDAREASOLID(#6996,#7096,#9,889.1);
#7098= IFCSHAPEREPRESENTATION(#12,'Body','SweptSolid',(#7097));
#7099= IFCPRODUCTDEFINITIONSHAPE($,$,(#7098));
#7100= IFCBEAM('35jDYQxnj9yPbPWMAWq$ZO',#6587,'main piece','IPE200','IPE200',#7094,#7099,'b/828');
#7101= IFCLOCALPLACEMENT(#42,#10);
#7102= IFCELEMENTASSEMBLY('2erA5Xqhf9pgzVrke6nIWR',#6587,'BEAM',$,$,#7101,$,'B/932',.NOTDEFINED.,.RIGID_FRAME.);
#7103= IFCCARTESIANPOINT((15986.6997833252,19410.0995025478,52750.));
#7104= IFCAXIS2PLACEMENT3D(#7103,#9,#7);
#7105= IFCLOCALPLACEMENT(#7101,#7104);
#7106= IFCSHAPEREPRESENTATION(#12,'Body','SweptSolid',(#7029));
#7107= IFCPRODUCTDEFINITIONSHAPE($,$,(#7106));
#7108= IFCBEAM('10zfHGum12cfCaP5CsNDsi',#6587,'main piece','IPE200','IPE200',#7105,#7107,'b/828');
#7109= IFCLOCALPLACEMENT(#42,#10);
#7110= IFCELEMENTASSEMBLY('1nT8GT_ynFTRAYA9EACf0s',#6587,'BEAM',$,$,#7109,$,'B/935',.NOTDEFINED.,.RIGID_FRAME.);
#7111= IFCPROPERTYSINGLEVALUE('AssemblyMark',$,IFCIDENTIFIER('B/935'),$);
#7112= IFCPROPERTYSET('3oUpnGsHjFwvFATBsIOnBq',#5,'AISC_EM11_Pset_AssemblyIdentification','AssemblyIdentity',(#7111,#52,#53));
#7113= IFCCARTESIANPOINT((16877.7928466808,21440.099192264,52750.));
#7114= IFCDIRECTION((-0.999999999300246,-3.74100000110922E-05,0.));
#7115= IFCAXIS2PLACEMENT3D(#7113,#9,#7114);
#7116= IFCLOCALPLACEMENT(#7109,#7115);
#7117= IFCCARTESIANPOINT((891.093063980703,-6.03828147409152E-18,0.));
#7118= IFCAXIS2PLACEMENT3D(#7117,#3991,#332);
#7119= IFCEXTRUDEDAREASOLID(#6996,#7118,#9,891.09);
#7120= IFCSHAPEREPRESENTATION(#12,'Body','SweptSolid',(#7119));
#7121= IFCPRODUCTDEFINITIONSHAPE($,$,(#7120));
#7122= IFCBEAM('1R07vM5hb3hvWmUgXqnCt1',#6587,'main piece','IPE200','IPE200',#7116,#7121,'b/831');
#7123= IFCPROPERTYSINGLEVALUE('IndicationMark',$,IFCIDENTIFIER('b/831'),$);
#7124= IFCPROPERTYSET('1VC_BuB3P968M0x0PAZ4tg',#5,'AISC_EM11_Pset_PieceIdentification','PieceIdentity',(#5743,#7123,#425,#701));
#7125= IFCLOCALPLACEMENT(#42,#10);
#7126= IFCELEMENTASSEMBLY('1UiT4E9_v8oRuZ$bKEnDMN',#6587,'BEAM',$,$,#7125,$,'B/932',.NOTDEFINED.,.RIGID_FRAME.);
#7127= IFCCARTESIANPOINT((15986.6997833252,23470.0331649624,52750.));
#7128= IFCAXIS2PLACEMENT3D(#7127,#9,#7);
#7129= IFCLOCALPLACEMENT(#7125,#7128);
#7130= IFCSHAPEREPRESENTATION(#12,'Body','SweptSolid',(#7029));
#7131= IFCPRODUCTDEFINITIONSHAPE($,$,(#7130));
#7132= IFCBEAM('1R_AtE9LDE8x4ifd0baFl5',#6587,'main piece','IPE200','IPE200',#7129,#7131,'b/828');
#7133= IFCLOCALPLACEMENT(#42,#10);
#7134= IFCELEMENTASSEMBLY('3x5r0xGkrASQlrTkwe$B8A',#6587,'BEAM',$,$,#7133,$,'B/915',.NOTDEFINED.,.RIGID_FRAME.);
#7135= IFCCARTESIANPOINT((16774.9994506836,25500.2104826052,52750.));
#7136= IFCDIRECTION((-0.999999964513388,-0.000266407999868759,0.));
#7137= IFCAXIS2PLACEMENT3D(#7135,#9,#7136);
#7138= IFCLOCALPLACEMENT(#7133,#7137);
#7139= IFCCARTESIANPOINT((788.299695332517,0.,0.));
#7140= IFCAXIS2PLACEMENT3D(#7139,#3991,#332);
#7141= IFCEXTRUDEDAREASOLID(#6996,#7140,#9,788.3);
#7142= IFCSHAPEREPRESENTATION(#12,'Body','SweptSolid',(#7141));
#7143= IFCPRODUCTDEFINITIONSHAPE($,$,(#7142));
#7144= IFCBEAM('38yBQ7RunBTvM_lxPPKIkJ',#6587,'main piece','IPE200','IPE200',#7138,#7143,'b/811');
#7145= IFCLOCALPLACEMENT(#42,#10);
#7146= IFCELEMENTASSEMBLY('0R6Qv6_rj7Aun_vbBwMNyN',#6587,'BEAM',$,$,#7145,$,'B/917',.NOTDEFINED.,.RIGID_FRAME.);
#7147= IFCPROPERTYSINGLEVALUE('AssemblyMark',$,IFCIDENTIFIER('B/917'),$);
#7148= IFCPROPERTYSET('2HnOW9gczEVhXseJfPqqEG',#5,'AISC_EM11_Pset_AssemblyIdentification','AssemblyIdentity',(#7147,#52,#53));
#7149= IFCCARTESIANPOINT((17002.9093856812,25495.2530822597,52750.));
#7150= IFCDIRECTION((-0.526755711013009,0.850016718020993,0.));
#7151= IFCAXIS2PLACEMENT3D(#7149,#9,#7150);
#7152= IFCLOCALPLACEMENT(#7145,#7151);
#7153= IFCCARTESIANPOINT((1929.18573363913,-3.63797880709171E-12,7.27595761418343E-12));
#7154= IFCAXIS2PLACEMENT3D(#7153,#3991,#332);
#7155= IFCEXTRUDEDAREASOLID(#6996,#7154,#9,1929.19);
#7156= IFCSHAPEREPRESENTATION(#12,'Body','SweptSolid',(#7155));
#7157= IFCPRODUCTDEFINITIONSHAPE($,$,(#7156));
#7158= IFCBEAM('1SMsRBYuD73B_HuuHjXgqH',#6587,'main piece','IPE200','IPE200',#7152,#7157,'b/813');
#7159= IFCPROPERTYSINGLEVALUE('IndicationMark',$,IFCIDENTIFIER('b/813'),$);
#7160= IFCPROPERTYSET('2VqxoK_W55xOxF3VmwS$jF',#5,'AISC_EM11_Pset_PieceIdentification','PieceIdentity',(#5743,#7159,#425,#701));
#7161= IFCLOCALPLACEMENT(#42,#10);
#7162= IFCELEMENTASSEMBLY('2P$pXZbPX8IhwqMKrE_Mpq',#6587,'BEAM',$,$,#7161,$,'B/916',.NOTDEFINED.,.RIGID_FRAME.);
#7163= IFCPROPERTYSINGLEVALUE('AssemblyMark',$,IFCIDENTIFIER('B/916'),$);
#7164= IFCPROPERTYSET('0PL4LDNwj3uhDXPjTJRLBL',#5,'AISC_EM11_Pset_AssemblyIdentification','AssemblyIdentity',(#7163,#52,#53));
#7165= IFCCARTESIANPOINT((85034.2067436661,-38.9109079520349,52750.));
#7166= IFCDIRECTION((0.519694514867726,-0.854352158782548,0.));
#7167= IFCAXIS2PLACEMENT3D(#7165,#9,#7166);
#7168= IFCLOCALPLACEMENT(#7161,#7167);
#7169= IFCCARTESIANPOINT((1909.65892561812,-1.06007365420109E-13,0.));
#7170= IFCAXIS2PLACEMENT3D(#7169,#3991,#332);
#7171= IFCEXTRUDEDAREASOLID(#6996,#7170,#9,1909.66);
#7172= IFCSHAPEREPRESENTATION(#12,'Body','SweptSolid',(#7171));
#7173= IFCPRODUCTDEFINITIONSHAPE($,$,(#7172));
#7174= IFCBEAM('1yATNFHz58RP8ou4CEQzst',#6587,'main piece','IPE200','IPE200',#7168,#7173,'b/812');
#7175= IFCPROPERTYSINGLEVALUE('IndicationMark',$,IFCIDENTIFIER('b/812'),$);
#7176= IFCPROPERTYSET('2t8RRFAcrDaurJpJTSTbXu',#5,'AISC_EM11_Pset_PieceIdentification','PieceIdentity',(#5743,#7175,#425,#701));
#7177= IFCLOCALPLACEMENT(#42,#10);
#7178= IFCELEMENTASSEMBLY('1pf1nAeJHBHBCobqcM6be$',#6587,'BEAM',$,$,#7177,$,'B/915',.NOTDEFINED.,.RIGID_FRAME.);
#7179= IFCCARTESIANPOINT((85225.0020141602,-3.83036422135774E-06,52750.));
#7180= IFCAXIS2PLACEMENT3D(#7179,#9,#7);
#7181= IFCLOCALPLACEMENT(#7177,#7180);
#7182= IFCSHAPEREPRESENTATION(#12,'Body','SweptSolid',(#7014));
#7183= IFCPRODUCTDEFINITIONSHAPE($,$,(#7182));
#7184= IFCBEAM('31QzPUW$r4MxraZk8__zbW',#6587,'main piece','IPE200','IPE200',#7181,#7183,'b/811');
#7185= IFCLOCALPLACEMENT(#42,#10);
#7186= IFCELEMENTASSEMBLY('1GqmK9wBjA5f5fy8dlGu$V',#6587,'BEAM',$,$,#7185,$,'B/936',.NOTDEFINED.,.RIGID_FRAME.);
#7187= IFCPROPERTYSINGLEVALUE('AssemblyMark',$,IFCIDENTIFIER('B/936'),$);
#7188= IFCPROPERTYSET('0vqw$3imT7fg0PKZbaynBh',#5,'AISC_EM11_Pset_AssemblyIdentification','AssemblyIdentity',(#7187,#52,#53));
#7189= IFCCARTESIANPOINT((85126.4027709961,2030.63010786397,52750.));
#7190= IFCAXIS2PLACEMENT3D(#7189,#9,#7);
#7191= IFCLOCALPLACEMENT(#7185,#7190);
#7192= IFCCARTESIANPOINT((886.898803710938,0.,0.));
#7193= IFCAXIS2PLACEMENT3D(#7192,#3991,#332);
#7194= IFCEXTRUDEDAREASOLID(#6996,#7193,#9,886.9);
#7195= IFCSHAPEREPRESENTATION(#12,'Body','SweptSolid',(#7194));
#7196= IFCPRODUCTDEFINITIONSHAPE($,$,(#7195));
#7197= IFCBEAM('0cNd7K4Lr8JAQCXv5d0ate',#6587,'main piece','IPE200','IPE200',#7191,#7196,'b/832');
#7198= IFCPROPERTYSINGLEVALUE('IndicationMark',$,IFCIDENTIFIER('b/832'),$);
#7199= IFCPROPERTYSET('0oQvxBfWT4Dw3jLd6QwjBQ',#5,'AISC_EM11_Pset_PieceIdentification','PieceIdentity',(#5743,#7198,#425,#701));
#7200= IFCLOCALPLACEMENT(#42,#10);
#7201= IFCELEMENTASSEMBLY('35lf_lWBDBPOv0sQij5lL4',#6587,'BEAM',$,$,#7200,$,'B/935',.NOTDEFINED.,.RIGID_FRAME.);
#7202= IFCCARTESIANPOINT((85122.2066040039,4059.8997613315,52750.));
#7203= IFCDIRECTION((0.999998837005342,0.00152511900000814,0.));
#7204= IFCAXIS2PLACEMENT3D(#7202,#9,#7203);
#7205= IFCLOCALPLACEMENT(#7200,#7204);
#7206= IFCCARTESIANPOINT((891.096007047831,-1.93225645346883E-16,0.));
#7207= IFCAXIS2PLACEMENT3D(#7206,#3991,#332);
#7208= IFCEXTRUDEDAREASOLID(#6996,#7207,#9,891.1);
#7209= IFCSHAPEREPRESENTATION(#12,'Body','SweptSolid',(#7208));
#7210= IFCPRODUCTDEFINITIONSHAPE($,$,(#7209));
#7211= IFCBEAM('3ToEY4VonADBA6U0E3W$N$',#6587,'main piece','IPE200','IPE200',#7205,#7210,'b/831');
#7212= IFCLOCALPLACEMENT(#42,#10);
#7213= IFCELEMENTASSEMBLY('0lUyJMn8XDqBaM7LK7jKGu',#6587,'BEAM',$,$,#7212,$,'B/932',.NOTDEFINED.,.RIGID_FRAME.);
#7214= IFCCARTESIANPOINT((85125.0493164063,6091.88900874127,52750.));
#7215= IFCAXIS2PLACEMENT3D(#7214,#9,#7);
#7216= IFCLOCALPLACEMENT(#7212,#7215);
#7217= IFCCARTESIANPOINT((888.252258300781,0.,0.));
#7218= IFCAXIS2PLACEMENT3D(#7217,#3991,#332);
#7219= IFCEXTRUDEDAREASOLID(#6996,#7218,#9,888.25);
#7220= IFCSHAPEREPRESENTATION(#12,'Body','SweptSolid',(#7219));
#7221= IFCPRODUCTDEFINITIONSHAPE($,$,(#7220));
#7222= IFCBEAM('08c3T_KBvC5v523quqzb7Z',#6587,'main piece','IPE200','IPE200',#7216,#7221,'b/828');
#7223= IFCLOCALPLACEMENT(#42,#10);
#7224= IFCELEMENTASSEMBLY('3zFNgnLyj8ZfsEwukoCRhz',#6587,'BEAM',$,$,#7223,$,'B/932',.NOTDEFINED.,.RIGID_FRAME.);
#7225= IFCCARTESIANPOINT((85124.2177124023,8122.55811308248,52750.));
#7226= IFCDIRECTION((0.999999987068142,0.000160822000011242,0.));
#7227= IFCAXIS2PLACEMENT3D(#7225,#9,#7226);
#7228= IFCLOCALPLACEMENT(#7223,#7227);
#7229= IFCCARTESIANPOINT((889.101423349161,2.40991423688783E-17,7.27595761418343E-12));
#7230= IFCAXIS2PLACEMENT3D(#7229,#3991,#332);
#7231= IFCEXTRUDEDAREASOLID(#6996,#7230,#9,889.1);
#7232= IFCSHAPEREPRESENTATION(#12,'Body','SweptSolid',(#7231));
#7233= IFCPRODUCTDEFINITIONSHAPE($,$,(#7232));
#7234= IFCBEAM('1tZnY3vZHBHxLUDm97oHd6',#6587,'main piece','IPE200','IPE200',#7228,#7233,'b/828');
#7235= IFCLOCALPLACEMENT(#42,#10);
#7236= IFCELEMENTASSEMBLY('0ujdCgSeP2ShT0yP9uvGJ$',#6587,'BEAM',$,$,#7235,$,'B/932',.NOTDEFINED.,.RIGID_FRAME.);
#7237= IFCCARTESIANPOINT((85125.0523681641,10436.9226543712,52750.));
#7238= IFCAXIS2PLACEMENT3D(#7237,#9,#7);
#7239= IFCLOCALPLACEMENT(#7235,#7238);
#7240= IFCCARTESIANPOINT((888.249206542969,0.,0.));
#7241= IFCAXIS2PLACEMENT3D(#7240,#3991,#332);
#7242= IFCEXTRUDEDAREASOLID(#6996,#7241,#9,888.25);
#7243= IFCSHAPEREPRESENTATION(#12,'Body','SweptSolid',(#7242));
#7244= IFCPRODUCTDEFINITIONSHAPE($,$,(#7243));
#7245= IFCBEAM('3ddIz_KBjEbh0sO2O2_Hf_',#6587,'main piece','IPE200','IPE200',#7239,#7244,'b/828');
#7246= IFCLOCALPLACEMENT(#42,#10);
#7247= IFCELEMENTASSEMBLY('2KPvQ0cWzBGxMMbe5fxBYI',#6587,'BEAM',$,$,#7246,$,'B/932',.NOTDEFINED.,.RIGID_FRAME.);
#7248= IFCCARTESIANPOINT((85124.98828125,12750.038858398,52750.));
#7249= IFCDIRECTION((0.999998949933765,0.001449182999903,0.));
#7250= IFCAXIS2PLACEMENT3D(#7248,#9,#7249);
#7251= IFCLOCALPLACEMENT(#7246,#7250);
#7252= IFCCARTESIANPOINT((888.314226250909,-1.92622442790203E-16,7.27595761418343E-12));
#7253= IFCAXIS2PLACEMENT3D(#7252,#3991,#332);
#7254= IFCEXTRUDEDAREASOLID(#6996,#7253,#9,888.31);
#7255= IFCSHAPEREPRESENTATION(#12,'Body','SweptSolid',(#7254));
#7256= IFCPRODUCTDEFINITIONSHAPE($,$,(#7255));
#7257= IFCBEAM('1ofxCk0Bj92PQZ4P0H4xKS',#6587,'main piece','IPE200','IPE200',#7251,#7256,'b/828');
#7258= IFCLOCALPLACEMENT(#42,#10);
#7259= IFCELEMENTASSEMBLY('3nzZYwYjr0AP69AloeTaRj',#6587,'BEAM',$,$,#7258,$,'B/932',.NOTDEFINED.,.RIGID_FRAME.);
#7260= IFCCARTESIANPOINT((85125.0493164063,15065.7677612148,52750.));
#7261= IFCDIRECTION((0.99999999908301,-4.28250000036531E-05,0.));
#7262= IFCAXIS2PLACEMENT3D(#7260,#9,#7261);
#7263= IFCLOCALPLACEMENT(#7258,#7262);
#7264= IFCSHAPEREPRESENTATION(#12,'Body','SweptSolid',(#7219));
#7265= IFCPRODUCTDEFINITIONSHAPE($,$,(#7264));
#7266= IFCBEAM('0YmFRQ$qn4YAv9S9cAgz6p',#6587,'main piece','IPE200','IPE200',#7263,#7265,'b/828');
#7267= IFCLOCALPLACEMENT(#42,#10);
#7268= IFCELEMENTASSEMBLY('3B7XAvpnTDLfjoKbzKKJeq',#6587,'BEAM',$,$,#7267,$,'B/932',.NOTDEFINED.,.RIGID_FRAME.);
#7269= IFCCARTESIANPOINT((85124.98828125,17380.2066891002,52750.));
#7270= IFCDIRECTION((0.99999999649389,-8.37390000406963E-05,0.));
#7271= IFCAXIS2PLACEMENT3D(#7269,#9,#7270);
#7272= IFCLOCALPLACEMENT(#7267,#7271);
#7273= IFCCARTESIANPOINT((888.313296579472,1.20388900749903E-17,0.));
#7274= IFCAXIS2PLACEMENT3D(#7273,#3991,#332);
#7275= IFCEXTRUDEDAREASOLID(#6996,#7274,#9,888.31);
#7276= IFCSHAPEREPRESENTATION(#12,'Body','SweptSolid',(#7275));
#7277= IFCPRODUCTDEFINITIONSHAPE($,$,(#7276));
#7278= IFCBEAM('2WUAIBmsnA4xV1tlQY$UC2',#6587,'main piece','IPE200','IPE200',#7272,#7277,'b/828');
#7279= IFCLOCALPLACEMENT(#42,#10);
#7280= IFCELEMENTASSEMBLY('1JMRyur3T6p8OLH2ULsM6o',#6587,'BEAM',$,$,#7279,$,'B/934',.NOTDEFINED.,.RIGID_FRAME.);
#7281= IFCPROPERTYSINGLEVALUE('AssemblyMark',$,IFCIDENTIFIER('B/934'),$);
#7282= IFCPROPERTYSET('1EF6m89RHE_BiHRB0ptFsE',#5,'AISC_EM11_Pset_AssemblyIdentification','AssemblyIdentity',(#7281,#52,#53));
#7283= IFCCARTESIANPOINT((85077.0299072266,19410.0996105479,52750.));
#7284= IFCAXIS2PLACEMENT3D(#7283,#9,#7);
#7285= IFCLOCALPLACEMENT(#7279,#7284);
#7286= IFCCARTESIANPOINT((936.271667480469,0.,0.));
#7287= IFCAXIS2PLACEMENT3D(#7286,#3991,#332);
#7288= IFCEXTRUDEDAREASOLID(#6996,#7287,#9,936.27);
#7289= IFCSHAPEREPRESENTATION(#12,'Body','SweptSolid',(#7288));
#7290= IFCPRODUCTDEFINITIONSHAPE($,$,(#7289));
#7291= IFCBEAM('3UwDpfvpDCOwd2YT4to7Wy',#6587,'main piece','IPE200','IPE200',#7285,#7290,'b/830');
#7292= IFCPROPERTYSINGLEVALUE('IndicationMark',$,IFCIDENTIFIER('b/830'),$);
#7293= IFCPROPERTYSET('3qcjaUxev1YBSzCteVYA5g',#5,'AISC_EM11_Pset_PieceIdentification','PieceIdentity',(#5743,#7292,#425,#701));
#7294= IFCLOCALPLACEMENT(#42,#10);
#7295= IFCELEMENTASSEMBLY('2w2uZsihbBOBWukr9bsMGC',#6587,'BEAM',$,$,#7294,$,'B/933',.NOTDEFINED.,.RIGID_FRAME.);
#7296= IFCPROPERTYSINGLEVALUE('AssemblyMark',$,IFCIDENTIFIER('B/933'),$);
#7297= IFCPROPERTYSET('0PjawvlG5Fnvlf1MOdQv5D',#5,'AISC_EM11_Pset_AssemblyIdentification','AssemblyIdentity',(#7296,#52,#53));
#7298= IFCCARTESIANPOINT((85074.1841430664,21440.0991937045,52750.));
#7299= IFCAXIS2PLACEMENT3D(#7298,#9,#7);
#7300= IFCLOCALPLACEMENT(#7294,#7299);
#7301= IFCCARTESIANPOINT((939.117431640625,0.,0.));
#7302= IFCAXIS2PLACEMENT3D(#7301,#3991,#332);
#7303= IFCEXTRUDEDAREASOLID(#6996,#7302,#9,939.12);
#7304= IFCSHAPEREPRESENTATION(#12,'Body','SweptSolid',(#7303));
#7305= IFCPRODUCTDEFINITIONSHAPE($,$,(#7304));
#7306= IFCBEAM('2Peq1rX5r6$hLHt_Pm1TFP',#6587,'main piece','IPE200','IPE200',#7300,#7305,'b/829');
#7307= IFCPROPERTYSINGLEVALUE('IndicationMark',$,IFCIDENTIFIER('b/829'),$);
#7308= IFCPROPERTYSET('1z0qIDuST1aBn_mIkkaG7q',#5,'AISC_EM11_Pset_PieceIdentification','PieceIdentity',(#5743,#7307,#425,#701));
#7309= IFCLOCALPLACEMENT(#42,#10);
#7310= IFCELEMENTASSEMBLY('1VNmhB_gfB$flFIlQGTXvJ',#6587,'BEAM',$,$,#7309,$,'B/932',.NOTDEFINED.,.RIGID_FRAME.);
#7311= IFCCARTESIANPOINT((85125.0493164063,23470.0332729625,52750.));
#7312= IFCAXIS2PLACEMENT3D(#7311,#9,#7);
#7313= IFCLOCALPLACEMENT(#7309,#7312);
#7314= IFCSHAPEREPRESENTATION(#12,'Body','SweptSolid',(#7219));
#7315= IFCPRODUCTDEFINITIONSHAPE($,$,(#7314));
#7316= IFCBEAM('0tjTsdt21CzwNdIoIExNmC',#6587,'main piece','IPE200','IPE200',#7313,#7315,'b/828');
#7317= IFCLOCALPLACEMENT(#42,#10);
#7318= IFCELEMENTASSEMBLY('2e4_kVgwvDfuWiYLs8mXzH',#6587,'BEAM',$,$,#7317,$,'B/895',.NOTDEFINED.,.RIGID_FRAME.);
#7319= IFCPROPERTYSINGLEVALUE('AssemblyMark',$,IFCIDENTIFIER('B/895'),$);
#7320= IFCPROPERTYSET('132U9pH3j8weZPKsYfhifp',#5,'AISC_EM11_Pset_AssemblyIdentification','AssemblyIdentity',(#7319,#52,#53));
#7321= IFCCARTESIANPOINT((85229.5033569336,25500.0005810069,52750.));
#7322= IFCAXIS2PLACEMENT3D(#7321,#9,#7);
#7323= IFCLOCALPLACEMENT(#7317,#7322);
#7324= IFCCARTESIANPOINT((783.798217773438,0.,0.));
#7325= IFCAXIS2PLACEMENT3D(#7324,#3991,#332);
#7326= IFCEXTRUDEDAREASOLID(#6996,#7325,#9,783.8);
#7327= IFCSHAPEREPRESENTATION(#12,'Body','SweptSolid',(#7326));
#7328= IFCPRODUCTDEFINITIONSHAPE($,$,(#7327));
#7329= IFCBEAM('393GhrQ197k9HvlK7hu1Nu',#6587,'main piece','IPE200','IPE200',#7323,#7328,'b/790');
#7330= IFCPROPERTYSINGLEVALUE('IndicationMark',$,IFCIDENTIFIER('b/790'),$);
#7331= IFCPROPERTYSET('12FtfqaP1CROukboD8Xbi5',#5,'AISC_EM11_Pset_PieceIdentification','PieceIdentity',(#5743,#7330,#425,#701));
#7332= IFCLOCALPLACEMENT(#42,#10);
#7333= IFCELEMENTASSEMBLY('2iKeTdnu5DmAU787XnuPx0',#6587,'BEAM',$,$,#7332,$,'B/894',.NOTDEFINED.,.RIGID_FRAME.);
#7334= IFCPROPERTYSINGLEVALUE('AssemblyMark',$,IFCIDENTIFIER('B/894'),$);
#7335= IFCPROPERTYSET('26YmlBfUnFcPwP_tc$zN34',#5,'AISC_EM11_Pset_AssemblyIdentification','AssemblyIdentity',(#7334,#52,#53));
#7336= IFCCARTESIANPOINT((85075.2806267976,25622.8112645973,52770.));
#7337= IFCDIRECTION((0.522594137095714,0.852581590156148,0.));
#7338= IFCAXIS2PLACEMENT3D(#7336,#9,#7337);
#7339= IFCLOCALPLACEMENT(#7332,#7338);
#7340= IFCCARTESIANPOINT((1841.50574675851,-1.02224104001542E-13,0.));
#7341= IFCAXIS2PLACEMENT3D(#7340,#3991,#332);
#7342= IFCEXTRUDEDAREASOLID(#6642,#7341,#9,1841.51);
#7343= IFCSHAPEREPRESENTATION(#12,'Body','SweptSolid',(#7342));
#7344= IFCPRODUCTDEFINITIONSHAPE($,$,(#7343));
#7345= IFCBEAM('2bS64EYsvF58hx5Cd6$WKy',#6587,'main piece','IPE160','IPE160',#7339,#7344,'b/789');
#7346= IFCPROPERTYSINGLEVALUE('IndicationMark',$,IFCIDENTIFIER('b/789'),$);
#7347= IFCPROPERTYSET('0eDDpgHf14lxCquGP1Z78u',#5,'AISC_EM11_Pset_PieceIdentification','PieceIdentity',(#5743,#7346,#425,#701));
#7348= IFCLOCALPLACEMENT(#42,#10);
#7349= IFCELEMENTASSEMBLY('0eufd4gBb02P5u7CP_FDci',#6587,'BEAM',$,$,#7348,$,'B/931',.NOTDEFINED.,.RIGID_FRAME.);
#7350= IFCCARTESIANPOINT((83639.9991149902,25674.5409927211,52770.));
#7351= IFCAXIS2PLACEMENT3D(#7350,#9,#6020);
#7352= IFCLOCALPLACEMENT(#7348,#7351);
#7353= IFCCARTESIANPOINT((1520.96227266363,0.,0.));
#7354= IFCAXIS2PLACEMENT3D(#7353,#3991,#332);
#7355= IFCEXTRUDEDAREASOLID(#6642,#7354,#9,1520.96);
#7356= IFCSHAPEREPRESENTATION(#12,'Body','SweptSolid',(#7355));
#7357= IFCPRODUCTDEFINITIONSHAPE($,$,(#7356));
#7358= IFCBEAM('39adBLG$bDgvgvuzkNUHcm',#6587,'main piece','IPE160','IPE160',#7352,#7357,'b/827');
#7359= IFCLOCALPLACEMENT(#42,#10);
#7360= IFCELEMENTASSEMBLY('39gp2$jo91RxruFW3QwmJq',#6587,'BEAM',$,$,#7359,$,'B/930',.NOTDEFINED.,.RIGID_FRAME.);
#7361= IFCCARTESIANPOINT((81220.0009460449,25690.8698043667,52770.));
#7362= IFCAXIS2PLACEMENT3D(#7361,#9,#3478);
#7363= IFCLOCALPLACEMENT(#7359,#7362);
#7364= IFCCARTESIANPOINT((1504.63346101775,0.,-7.27595761418343E-12));
#7365= IFCAXIS2PLACEMENT3D(#7364,#3991,#332);
#7366= IFCEXTRUDEDAREASOLID(#6642,#7365,#9,1504.63);
#7367= IFCSHAPEREPRESENTATION(#12,'Body','SweptSolid',(#7366));
#7368= IFCPRODUCTDEFINITIONSHAPE($,$,(#7367));
#7369= IFCBEAM('1eRCEZI_52OQdvIhJzAfF4',#6587,'main piece','IPE160','IPE160',#7363,#7368,'b/826');
#7370= IFCLOCALPLACEMENT(#42,#10);
#7371= IFCELEMENTASSEMBLY('3zAG9LxcHC7PLKKsft7UqQ',#6587,'BEAM',$,$,#7370,$,'B/891',.NOTDEFINED.,.RIGID_FRAME.);
#7372= IFCPROPERTYSINGLEVALUE('AssemblyMark',$,IFCIDENTIFIER('B/891'),$);
#7373= IFCPROPERTYSET('1d$xTO8_11FxrISqSIEZPs',#5,'AISC_EM11_Pset_AssemblyIdentification','AssemblyIdentity',(#7372,#52,#53));
#7374= IFCCARTESIANPOINT((78799.9989624023,26600.4524536133,52770.));
#7375= IFCAXIS2PLACEMENT3D(#7374,#9,#8);
#7376= IFCLOCALPLACEMENT(#7370,#7375);
#7377= IFCCARTESIANPOINT((595.050811767578,0.,0.));
#7378= IFCAXIS2PLACEMENT3D(#7377,#3991,#332);
#7379= IFCEXTRUDEDAREASOLID(#6642,#7378,#9,595.05);
#7380= IFCSHAPEREPRESENTATION(#12,'Body','SweptSolid',(#7379));
#7381= IFCPRODUCTDEFINITIONSHAPE($,$,(#7380));
#7382= IFCBEAM('3ulMja2qX8uwTaJvqNPwDl',#6587,'main piece','IPE160','IPE160',#7376,#7381,'b/786');
#7383= IFCPROPERTYSINGLEVALUE('IndicationMark',$,IFCIDENTIFIER('b/786'),$);
#7384= IFCPROPERTYSET('0sjY8V1LH0mxFJgluew9YL',#5,'AISC_EM11_Pset_PieceIdentification','PieceIdentity',(#5743,#7383,#425,#701));
#7385= IFCLOCALPLACEMENT(#42,#10);
#7386= IFCELEMENTASSEMBLY('3NA8fiFs9BygVMGCGbISzj',#6587,'BEAM',$,$,#7385,$,'B/891',.NOTDEFINED.,.RIGID_FRAME.);
#7387= IFCCARTESIANPOINT((76500.0035400391,26600.5020446777,52770.));
#7388= IFCAXIS2PLACEMENT3D(#7387,#9,#8);
#7389= IFCLOCALPLACEMENT(#7385,#7388);
#7390= IFCCARTESIANPOINT((595.001220703125,0.,0.));
#7391= IFCAXIS2PLACEMENT3D(#7390,#3991,#332);
#7392= IFCEXTRUDEDAREASOLID(#6642,#7391,#9,595.);
#7393= IFCSHAPEREPRESENTATION(#12,'Body','SweptSolid',(#7392));
#7394= IFCPRODUCTDEFINITIONSHAPE($,$,(#7393));
#7395= IFCBEAM('0n3P_ianP2ofJZW9a7UAIm',#6587,'main piece','IPE160','IPE160',#7389,#7394,'b/786');
#7396= IFCLOCALPLACEMENT(#42,#10);
#7397= IFCELEMENTASSEMBLY('1dkvIfkA59gwziWJPKwkYW',#6587,'BEAM',$,$,#7396,$,'B/891',.NOTDEFINED.,.RIGID_FRAME.);
#7398= IFCCARTESIANPOINT((74375.0035400391,26600.6050415039,52770.));
#7399= IFCAXIS2PLACEMENT3D(#7398,#9,#8);
#7400= IFCLOCALPLACEMENT(#7396,#7399);
#7401= IFCCARTESIANPOINT((594.898223876953,0.,0.));
#7402= IFCAXIS2PLACEMENT3D(#7401,#3991,#332);
#7403= IFCEXTRUDEDAREASOLID(#6642,#7402,#9,594.9);
#7404= IFCSHAPEREPRESENTATION(#12,'Body','SweptSolid',(#7403));
#7405= IFCPRODUCTDEFINITIONSHAPE($,$,(#7404));
#7406= IFCBEAM('2F0PkuMxHBuuRDsl_rgy8g',#6587,'main piece','IPE160','IPE160',#7400,#7405,'b/786');
#7407= IFCLOCALPLACEMENT(#42,#10);
#7408= IFCELEMENTASSEMBLY('1MoUJztArBuvsekaTfCiGH',#6587,'BEAM',$,$,#7407,$,'B/891',.NOTDEFINED.,.RIGID_FRAME.);
#7409= IFCCARTESIANPOINT((72250.0035400391,26600.4524536133,52770.));
#7410= IFCAXIS2PLACEMENT3D(#7409,#9,#8);
#7411= IFCLOCALPLACEMENT(#7407,#7410);
#7412= IFCSHAPEREPRESENTATION(#12,'Body','SweptSolid',(#7379));
#7413= IFCPRODUCTDEFINITIONSHAPE($,$,(#7412));
#7414= IFCBEAM('1r8qIrWEnFjO75voy8q_nc',#6587,'main piece','IPE160','IPE160',#7411,#7413,'b/786');
#7415= IFCLOCALPLACEMENT(#42,#10);
#7416= IFCELEMENTASSEMBLY('36spdtqgT4J8HxSjSkcBo$',#6587,'BEAM',$,$,#7415,$,'B/891',.NOTDEFINED.,.RIGID_FRAME.);
#7417= IFCCARTESIANPOINT((70125.0035400391,26600.4524536133,52770.));
#7418= IFCAXIS2PLACEMENT3D(#7417,#9,#8);
#7419= IFCLOCALPLACEMENT(#7415,#7418);
#7420= IFCSHAPEREPRESENTATION(#12,'Body','SweptSolid',(#7379));
#7421= IFCPRODUCTDEFINITIONSHAPE($,$,(#7420));
#7422= IFCBEAM('3PUFmrRsn9nBSxYJeYGg1j',#6587,'main piece','IPE160','IPE160',#7419,#7421,'b/786');
#7423= IFCLOCALPLACEMENT(#42,#10);
#7424= IFCELEMENTASSEMBLY('3lB7wnSzH0YgPnBy0AXbsT',#6587,'BEAM',$,$,#7423,$,'B/891',.NOTDEFINED.,.RIGID_FRAME.);
#7425= IFCCARTESIANPOINT((68000.232421875,26600.5020446777,52770.));
#7426= IFCDIRECTION((-0.000390623999891614,0.999999923706443,0.));
#7427= IFCAXIS2PLACEMENT3D(#7425,#9,#7426);
#7428= IFCLOCALPLACEMENT(#7423,#7427);
#7429= IFCSHAPEREPRESENTATION(#12,'Body','SweptSolid',(#7392));
#7430= IFCPRODUCTDEFINITIONSHAPE($,$,(#7429));
#7431= IFCBEAM('1aC8ljkcPFNxGZuXny4Aaz',#6587,'main piece','IPE160','IPE160',#7428,#7430,'b/786');
#7432= IFCLOCALPLACEMENT(#42,#10);
#7433= IFCELEMENTASSEMBLY('3YVy$baavERx5QkNctixst',#6587,'BEAM',$,$,#7432,$,'B/891',.NOTDEFINED.,.RIGID_FRAME.);
#7434= IFCCARTESIANPOINT((65875.0035400391,26600.4524536133,52770.));
#7435= IFCAXIS2PLACEMENT3D(#7434,#9,#8);
#7436= IFCLOCALPLACEMENT(#7432,#7435);
#7437= IFCSHAPEREPRESENTATION(#12,'Body','SweptSolid',(#7379));
#7438= IFCPRODUCTDEFINITIONSHAPE($,$,(#7437));
#7439= IFCBEAM('3JLimnDwfBw8quc3WEOkQA',#6587,'main piece','IPE160','IPE160',#7436,#7438,'b/786');
#7440= IFCLOCALPLACEMENT(#42,#10);
#7441= IFCELEMENTASSEMBLY('0_980IJxH0H8OJzGEZfHeE',#6587,'BEAM',$,$,#7440,$,'B/892',.NOTDEFINED.,.RIGID_FRAME.);
#7442= IFCPROPERTYSINGLEVALUE('AssemblyMark',$,IFCIDENTIFIER('B/892'),$);
#7443= IFCPROPERTYSET('2FNSkACNr3qei0224yfYKn',#5,'AISC_EM11_Pset_AssemblyIdentification','AssemblyIdentity',(#7442,#52,#53));
#7444= IFCCARTESIANPOINT((63749.5228881836,26597.6600952148,52770.));
#7445= IFCAXIS2PLACEMENT3D(#7444,#9,#8);
#7446= IFCLOCALPLACEMENT(#7440,#7445);
#7447= IFCCARTESIANPOINT((597.843170166016,0.,0.));
#7448= IFCAXIS2PLACEMENT3D(#7447,#3991,#332);
#7449= IFCEXTRUDEDAREASOLID(#6642,#7448,#9,597.84);
#7450= IFCSHAPEREPRESENTATION(#12,'Body','SweptSolid',(#7449));
#7451= IFCPRODUCTDEFINITIONSHAPE($,$,(#7450));
#7452= IFCBEAM('026WOGq9v3iOzqKQNw1skY',#6587,'main piece','IPE160','IPE160',#7446,#7451,'b/787');
#7453= IFCPROPERTYSINGLEVALUE('IndicationMark',$,IFCIDENTIFIER('b/787'),$);
#7454= IFCPROPERTYSET('2GPcii0l5ACfjJ2$6D5lRN',#5,'AISC_EM11_Pset_PieceIdentification','PieceIdentity',(#5743,#7453,#425,#701));
#7455= IFCLOCALPLACEMENT(#42,#10);
#7456= IFCELEMENTASSEMBLY('0aODn4Nx5EGw0B9l0NsTHw',#6587,'BEAM',$,$,#7455,$,'B/891',.NOTDEFINED.,.RIGID_FRAME.);
#7457= IFCCARTESIANPOINT((61625.0035400391,27195.5032653809,52770.));
#7458= IFCAXIS2PLACEMENT3D(#7457,#9,#332);
#7459= IFCLOCALPLACEMENT(#7455,#7458);
#7460= IFCSHAPEREPRESENTATION(#12,'Body','SweptSolid',(#7392));
#7461= IFCPRODUCTDEFINITIONSHAPE($,$,(#7460));
#7462= IFCBEAM('3xtdi2RUPF8vLx55H9MJTf',#6587,'main piece','IPE160','IPE160',#7459,#7461,'b/786');
#7463= IFCLOCALPLACEMENT(#42,#10);
#7464= IFCELEMENTASSEMBLY('2KtSzh1hf2$f4okc6ncluU',#6587,'BEAM',$,$,#7463,$,'B/891',.NOTDEFINED.,.RIGID_FRAME.);
#7465= IFCCARTESIANPOINT((59500.,26600.5020446777,52770.));
#7466= IFCAXIS2PLACEMENT3D(#7465,#9,#8);
#7467= IFCLOCALPLACEMENT(#7463,#7466);
#7468= IFCSHAPEREPRESENTATION(#12,'Body','SweptSolid',(#7392));
#7469= IFCPRODUCTDEFINITIONSHAPE($,$,(#7468));
#7470= IFCBEAM('1A_cHHo4T6fhMM8$SYBynC',#6587,'main piece','IPE160','IPE160',#7467,#7469,'b/786');
#7471= IFCLOCALPLACEMENT(#42,#10);
#7472= IFCELEMENTASSEMBLY('3pTnfjDeb0lfCG2GY_blRj',#6587,'BEAM',$,$,#7471,$,'B/891',.NOTDEFINED.,.RIGID_FRAME.);
#7473= IFCCARTESIANPOINT((57374.9997253418,27195.5032653809,52770.));
#7474= IFCAXIS2PLACEMENT3D(#7473,#9,#332);
#7475= IFCLOCALPLACEMENT(#7471,#7474);
#7476= IFCSHAPEREPRESENTATION(#12,'Body','SweptSolid',(#7392));
#7477= IFCPRODUCTDEFINITIONSHAPE($,$,(#7476));
#7478= IFCBEAM('31fagMKtPBsfrudKsGwPiP',#6587,'main piece','IPE160','IPE160',#7475,#7477,'b/786');
#7479= IFCLOCALPLACEMENT(#42,#10);
#7480= IFCELEMENTASSEMBLY('1d0pC2c3L5buSVMlEIrqyg',#6587,'BEAM',$,$,#7479,$,'B/891',.NOTDEFINED.,.RIGID_FRAME.);
#7481= IFCCARTESIANPOINT((55249.9997253418,26600.5020446777,52770.));
#7482= IFCAXIS2PLACEMENT3D(#7481,#9,#8);
#7483= IFCLOCALPLACEMENT(#7479,#7482);
#7484= IFCSHAPEREPRESENTATION(#12,'Body','SweptSolid',(#7392));
#7485= IFCPRODUCTDEFINITIONSHAPE($,$,(#7484));
#7486= IFCBEAM('1FDmhC5P19ZOKpasbQAGmH',#6587,'main piece','IPE160','IPE160',#7483,#7485,'b/786');
#7487= IFCLOCALPLACEMENT(#42,#10);
#7488= IFCELEMENTASSEMBLY('1uEIk3jmr8TeZ_8RZhhJ1q',#6587,'BEAM',$,$,#7487,$,'B/891',.NOTDEFINED.,.RIGID_FRAME.);
#7489= IFCCARTESIANPOINT((53124.9997253418,26599.6055908203,52770.));
#7490= IFCAXIS2PLACEMENT3D(#7489,#9,#8);
#7491= IFCLOCALPLACEMENT(#7487,#7490);
#7492= IFCCARTESIANPOINT((595.897674560547,0.,0.));
#7493= IFCAXIS2PLACEMENT3D(#7492,#3991,#332);
#7494= IFCEXTRUDEDAREASOLID(#6642,#7493,#9,595.9);
#7495= IFCSHAPEREPRESENTATION(#12,'Body','SweptSolid',(#7494));
#7496= IFCPRODUCTDEFINITIONSHAPE($,$,(#7495));
#7497= IFCBEAM('16pKugaQHCMQ5LBrEbHywe',#6587,'main piece','IPE160','IPE160',#7491,#7496,'b/786');
#7498= IFCLOCALPLACEMENT(#42,#10);
#7499= IFCELEMENTASSEMBLY('3QdgsWEvL5h9jS_jFp$42u',#6587,'BEAM',$,$,#7498,$,'B/891',.NOTDEFINED.,.RIGID_FRAME.);
#7500= IFCCARTESIANPOINT((51000.,26600.3074951172,52770.));
#7501= IFCAXIS2PLACEMENT3D(#7500,#9,#8);
#7502= IFCLOCALPLACEMENT(#7498,#7501);
#7503= IFCCARTESIANPOINT((595.195770263672,0.,0.));
#7504= IFCAXIS2PLACEMENT3D(#7503,#3991,#332);
#7505= IFCEXTRUDEDAREASOLID(#6642,#7504,#9,595.2);
#7506= IFCSHAPEREPRESENTATION(#12,'Body','SweptSolid',(#7505));
#7507= IFCPRODUCTDEFINITIONSHAPE($,$,(#7506));
#7508= IFCBEAM('3zAiz$m7XEbeKJdymoJIIs',#6587,'main piece','IPE160','IPE160',#7502,#7507,'b/786');
#7509= IFCLOCALPLACEMENT(#42,#10);
#7510= IFCELEMENTASSEMBLY('30QXXeoa95_BHQNw0fvxte',#6587,'BEAM',$,$,#7509,$,'B/891',.NOTDEFINED.,.RIGID_FRAME.);
#7511= IFCCARTESIANPOINT((48874.9997253418,26600.6050415039,52770.));
#7512= IFCAXIS2PLACEMENT3D(#7511,#9,#8);
#7513= IFCLOCALPLACEMENT(#7509,#7512);
#7514= IFCSHAPEREPRESENTATION(#12,'Body','SweptSolid',(#7403));
#7515= IFCPRODUCTDEFINITIONSHAPE($,$,(#7514));
#7516= IFCBEAM('1HflE9H8jCkx__Ii1ysPYB',#6587,'main piece','IPE160','IPE160',#7513,#7515,'b/786');
#7517= IFCLOCALPLACEMENT(#42,#10);
#7518= IFCELEMENTASSEMBLY('2lwvNKySX0FQsa4OioxSLt',#6587,'BEAM',$,$,#7517,$,'B/891',.NOTDEFINED.,.RIGID_FRAME.);
#7519= IFCCARTESIANPOINT((46749.9997253418,26600.6050415039,52770.));
#7520= IFCAXIS2PLACEMENT3D(#7519,#9,#8);
#7521= IFCLOCALPLACEMENT(#7517,#7520);
#7522= IFCSHAPEREPRESENTATION(#12,'Body','SweptSolid',(#7403));
#7523= IFCPRODUCTDEFINITIONSHAPE($,$,(#7522));
#7524= IFCBEAM('3EbP84GYf27wy1IDgO$02U',#6587,'main piece','IPE160','IPE160',#7521,#7523,'b/786');
#7525= IFCLOCALPLACEMENT(#42,#10);
#7526= IFCELEMENTASSEMBLY('3CxGyvz756re_mZIxalevj',#6587,'BEAM',$,$,#7525,$,'B/891',.NOTDEFINED.,.RIGID_FRAME.);
#7527= IFCCARTESIANPOINT((44624.9997253418,26600.6050415039,52770.));
#7528= IFCAXIS2PLACEMENT3D(#7527,#9,#8);
#7529= IFCLOCALPLACEMENT(#7525,#7528);
#7530= IFCSHAPEREPRESENTATION(#12,'Body','SweptSolid',(#7403));
#7531= IFCPRODUCTDEFINITIONSHAPE($,$,(#7530));
#7532= IFCBEAM('03YehBl2z8AQFE8CGgPf4G',#6587,'main piece','IPE160','IPE160',#7529,#7531,'b/786');
#7533= IFCLOCALPLACEMENT(#42,#10);
#7534= IFCELEMENTASSEMBLY('3ii69EGPXFqfAhhfY0kiYF',#6587,'BEAM',$,$,#7533,$,'B/891',.NOTDEFINED.,.RIGID_FRAME.);
#7535= IFCCARTESIANPOINT((42500.,26600.5020446777,52770.));
#7536= IFCAXIS2PLACEMENT3D(#7535,#9,#8);
#7537= IFCLOCALPLACEMENT(#7533,#7536);
#7538= IFCSHAPEREPRESENTATION(#12,'Body','SweptSolid',(#7392));
#7539= IFCPRODUCTDEFINITIONSHAPE($,$,(#7538));
#7540= IFCBEAM('0_M2rKiyr8CgtcZPmp3FMR',#6587,'main piece','IPE160','IPE160',#7537,#7539,'b/786');
#7541= IFCLOCALPLACEMENT(#42,#10);
#7542= IFCELEMENTASSEMBLY('3jntG4yBHBXf6M96RpUXdd',#6587,'BEAM',$,$,#7541,$,'B/891',.NOTDEFINED.,.RIGID_FRAME.);
#7543= IFCCARTESIANPOINT((40374.9997253418,26600.5020446777,52770.));
#7544= IFCAXIS2PLACEMENT3D(#7543,#9,#8);
#7545= IFCLOCALPLACEMENT(#7541,#7544);
#7546= IFCSHAPEREPRESENTATION(#12,'Body','SweptSolid',(#7392));
#7547= IFCPRODUCTDEFINITIONSHAPE($,$,(#7546));
#7548= IFCBEAM('2WQ6ga6uTAvud1H1qn97TW',#6587,'main piece','IPE160','IPE160',#7545,#7547,'b/786');
#7549= IFCLOCALPLACEMENT(#42,#10);
#7550= IFCELEMENTASSEMBLY('28vqY4ImfDVxjzahqO$4AD',#6587,'BEAM',$,$,#7549,$,'B/892',.NOTDEFINED.,.RIGID_FRAME.);
#7551= IFCCARTESIANPOINT((38249.9997253418,26597.6143188477,52770.));
#7552= IFCAXIS2PLACEMENT3D(#7551,#9,#8);
#7553= IFCLOCALPLACEMENT(#7549,#7552);
#7554= IFCCARTESIANPOINT((597.888946533203,0.,0.));
#7555= IFCAXIS2PLACEMENT3D(#7554,#3991,#332);
#7556= IFCEXTRUDEDAREASOLID(#6642,#7555,#9,597.89);
#7557= IFCSHAPEREPRESENTATION(#12,'Body','SweptSolid',(#7556));
#7558= IFCPRODUCTDEFINITIONSHAPE($,$,(#7557));
#7559= IFCBEAM('09KidQAtP2_wgB$LYDwbJY',#6587,'main piece','IPE160','IPE160',#7553,#7558,'b/787');
#7560= IFCLOCALPLACEMENT(#42,#10);
#7561= IFCELEMENTASSEMBLY('2T$omieCv5lf5gqGzVtaY_',#6587,'BEAM',$,$,#7560,$,'B/891',.NOTDEFINED.,.RIGID_FRAME.);
#7562= IFCCARTESIANPOINT((36124.9997253418,26600.4677124023,52770.));
#7563= IFCAXIS2PLACEMENT3D(#7562,#9,#8);
#7564= IFCLOCALPLACEMENT(#7560,#7563);
#7565= IFCCARTESIANPOINT((595.035552978516,0.,0.));
#7566= IFCAXIS2PLACEMENT3D(#7565,#3991,#332);
#7567= IFCEXTRUDEDAREASOLID(#6642,#7566,#9,595.04);
#7568= IFCSHAPEREPRESENTATION(#12,'Body','SweptSolid',(#7567));
#7569= IFCPRODUCTDEFINITIONSHAPE($,$,(#7568));
#7570= IFCBEAM('2d2vXvU2HAEObxNbdopRTG',#6587,'main piece','IPE160','IPE160',#7564,#7569,'b/786');
#7571= IFCLOCALPLACEMENT(#42,#10);
#7572= IFCELEMENTASSEMBLY('1Z7ePnjTXEm97A1gxfVCr$',#6587,'BEAM',$,$,#7571,$,'B/891',.NOTDEFINED.,.RIGID_FRAME.);
#7573= IFCCARTESIANPOINT((34000.,26600.4524536133,52770.));
#7574= IFCAXIS2PLACEMENT3D(#7573,#9,#8);
#7575= IFCLOCALPLACEMENT(#7571,#7574);
#7576= IFCSHAPEREPRESENTATION(#12,'Body','SweptSolid',(#7379));
#7577= IFCPRODUCTDEFINITIONSHAPE($,$,(#7576));
#7578= IFCBEAM('2EhH9xLmT1O8bigZPbAMo3',#6587,'main piece','IPE160','IPE160',#7575,#7577,'b/786');
#7579= IFCLOCALPLACEMENT(#42,#10);
#7580= IFCELEMENTASSEMBLY('3EkxwWe8z7BBNPbUUdCnj$',#6587,'BEAM',$,$,#7579,$,'B/891',.NOTDEFINED.,.RIGID_FRAME.);
#7581= IFCCARTESIANPOINT((31874.9997253418,26600.5020446777,52770.));
#7582= IFCAXIS2PLACEMENT3D(#7581,#9,#8);
#7583= IFCLOCALPLACEMENT(#7579,#7582);
#7584= IFCSHAPEREPRESENTATION(#12,'Body','SweptSolid',(#7392));
#7585= IFCPRODUCTDEFINITIONSHAPE($,$,(#7584));
#7586= IFCBEAM('1z8cYVU$f3MhbaeEzu$xrq',#6587,'main piece','IPE160','IPE160',#7583,#7585,'b/786');
#7587= IFCLOCALPLACEMENT(#42,#10);
#7588= IFCELEMENTASSEMBLY('0PKsMxmRvEiwKyksP4XhYL',#6587,'BEAM',$,$,#7587,$,'B/891',.NOTDEFINED.,.RIGID_FRAME.);
#7589= IFCCARTESIANPOINT((29749.9997253418,26600.6050415039,52770.));
#7590= IFCAXIS2PLACEMENT3D(#7589,#9,#8);
#7591= IFCLOCALPLACEMENT(#7587,#7590);
#7592= IFCSHAPEREPRESENTATION(#12,'Body','SweptSolid',(#7403));
#7593= IFCPRODUCTDEFINITIONSHAPE($,$,(#7592));
#7594= IFCBEAM('1A61BOLav4PfTDzNmmQVgY',#6587,'main piece','IPE160','IPE160',#7591,#7593,'b/786');
#7595= IFCLOCALPLACEMENT(#42,#10);
#7596= IFCELEMENTASSEMBLY('3yyui$K0v9kwBJ1ITjLrcv',#6587,'BEAM',$,$,#7595,$,'B/891',.NOTDEFINED.,.RIGID_FRAME.);
#7597= IFCCARTESIANPOINT((27624.9997253418,26600.5020446777,52770.));
#7598= IFCAXIS2PLACEMENT3D(#7597,#9,#8);
#7599= IFCLOCALPLACEMENT(#7595,#7598);
#7600= IFCSHAPEREPRESENTATION(#12,'Body','SweptSolid',(#7392));
#7601= IFCPRODUCTDEFINITIONSHAPE($,$,(#7600));
#7602= IFCBEAM('1pTCxuR7P1qOnt9QGpLxVP',#6587,'main piece','IPE160','IPE160',#7599,#7601,'b/786');
#7603= IFCLOCALPLACEMENT(#42,#10);
#7604= IFCELEMENTASSEMBLY('2mA3hs7ezAUPscijPG_YJd',#6587,'BEAM',$,$,#7603,$,'B/891',.NOTDEFINED.,.RIGID_FRAME.);
#7605= IFCCARTESIANPOINT((25499.9997253418,26600.5020446777,52770.));
#7606= IFCAXIS2PLACEMENT3D(#7605,#9,#8);
#7607= IFCLOCALPLACEMENT(#7603,#7606);
#7608= IFCSHAPEREPRESENTATION(#12,'Body','SweptSolid',(#7392));
#7609= IFCPRODUCTDEFINITIONSHAPE($,$,(#7608));
#7610= IFCBEAM('3jmPqduSTDrfXooX7LI2Ra',#6587,'main piece','IPE160','IPE160',#7607,#7609,'b/786');
#7611= IFCLOCALPLACEMENT(#42,#10);
#7612= IFCELEMENTASSEMBLY('3Tst0ixEDFUP52kBDZ5X6n',#6587,'BEAM',$,$,#7611,$,'B/890',.NOTDEFINED.,.RIGID_FRAME.);
#7613= IFCPROPERTYSINGLEVALUE('AssemblyMark',$,IFCIDENTIFIER('B/890'),$);
#7614= IFCPROPERTYSET('1pUAiR79HAbeRiqEH9e1Ym',#5,'AISC_EM11_Pset_AssemblyIdentification','AssemblyIdentity',(#7613,#52,#53));
#7615= IFCCARTESIANPOINT((23200.0863189697,26589.6105727993,52770.));
#7616= IFCAXIS2PLACEMENT3D(#7615,#9,#8);
#7617= IFCLOCALPLACEMENT(#7611,#7616);
#7618= IFCCARTESIANPOINT((605.892181396484,0.,0.));
#7619= IFCAXIS2PLACEMENT3D(#7618,#3991,#332);
#7620= IFCEXTRUDEDAREASOLID(#6642,#7619,#9,605.89);
#7621= IFCSHAPEREPRESENTATION(#12,'Body','SweptSolid',(#7620));
#7622= IFCPRODUCTDEFINITIONSHAPE($,$,(#7621));
#7623= IFCBEAM('3MZU_1uwL4bBTl0IRf50GT',#6587,'main piece','IPE160','IPE160',#7617,#7622,'b/785');
#7624= IFCPROPERTYSINGLEVALUE('IndicationMark',$,IFCIDENTIFIER('b/785'),$);
#7625= IFCPROPERTYSET('0bI3yaUC5DVAXvF$J3AXkP',#5,'AISC_EM11_Pset_PieceIdentification','PieceIdentity',(#5743,#7624,#425,#701));
#7626= IFCLOCALPLACEMENT(#42,#10);
#7627= IFCELEMENTASSEMBLY('0l3xQFox51IO1CpqP3zAub',#6587,'BEAM',$,$,#7626,$,'B/930',.NOTDEFINED.,.RIGID_FRAME.);
#7628= IFCCARTESIANPOINT((20775.0002975464,25690.8698043667,52770.));
#7629= IFCAXIS2PLACEMENT3D(#7628,#9,#8);
#7630= IFCLOCALPLACEMENT(#7626,#7629);
#7631= IFCSHAPEREPRESENTATION(#12,'Body','SweptSolid',(#7366));
#7632= IFCPRODUCTDEFINITIONSHAPE($,$,(#7631));
#7633= IFCBEAM('1weJVscIfD2f86m9wv4d9a',#6587,'main piece','IPE160','IPE160',#7630,#7632,'b/826');
#7634= IFCLOCALPLACEMENT(#42,#10);
#7635= IFCELEMENTASSEMBLY('2Ck78GGd1Ad9s6BNa$Wrwg',#6587,'BEAM',$,$,#7634,$,'B/930',.NOTDEFINED.,.RIGID_FRAME.);
#7636= IFCCARTESIANPOINT((18351.5013165721,25690.8698043667,52770.));
#7637= IFCDIRECTION((0.0023254140005143,0.999997296221208,0.));
#7638= IFCAXIS2PLACEMENT3D(#7636,#9,#7637);
#7639= IFCLOCALPLACEMENT(#7634,#7638);
#7640= IFCCARTESIANPOINT((1504.63752922071,0.,0.));
#7641= IFCAXIS2PLACEMENT3D(#7640,#3991,#332);
#7642= IFCEXTRUDEDAREASOLID(#6642,#7641,#9,1504.64);
#7643= IFCSHAPEREPRESENTATION(#12,'Body','SweptSolid',(#7642));
#7644= IFCPRODUCTDEFINITIONSHAPE($,$,(#7643));
#7645= IFCBEAM('3X10gB4NH4ze7tUyumY7aT',#6587,'main piece','IPE160','IPE160',#7639,#7644,'b/826');
#7646= IFCLOCALPLACEMENT(#42,#10);
#7647= IFCELEMENTASSEMBLY('18fPRBxvTDVx1RtTRpH6LU',#6587,'BEAM',$,$,#7646,$,'B/888',.NOTDEFINED.,.RIGID_FRAME.);
#7648= IFCCARTESIANPOINT((15901.7006988525,27248.0061645508,52770.));
#7649= IFCAXIS2PLACEMENT3D(#7648,#9,#7);
#7650= IFCLOCALPLACEMENT(#7646,#7649);
#7651= IFCCARTESIANPOINT((70197.1263885498,0.,0.));
#7652= IFCAXIS2PLACEMENT3D(#7651,#3991,#332);
#7653= IFCEXTRUDEDAREASOLID(#6595,#7652,#9,70197.13);
#7654= IFCSHAPEREPRESENTATION(#12,'Body','SweptSolid',(#7653));
#7655= IFCPRODUCTDEFINITIONSHAPE($,$,(#7654));
#7656= IFCBEAM('0VYSR8HubBmO8z4FfEKs_0',#6587,'main piece','UPN160','UPN160',#7650,#7655,'b/783');
#7657= IFCOWNERHISTORY(#3,#4,$,.NOCHANGE.,$,$,$,1764000000);
#7658= IFCLOCALPLACEMENT(#42,#10);
#7659= IFCELEMENTASSEMBLY('2GNq_fB85BhBew$f8R1Ctf',#7657,'BEAM',$,$,#7658,$,'B/644',.NOTDEFINED.,.RIGID_FRAME.);
#7660= IFCPROPERTYSINGLEVALUE('AssemblyMark',$,IFCIDENTIFIER('B/644'),$);
#7661= IFCPROPERTYSET('2UX7DpUWvEVA0EgSeqKq_9',#5,'AISC_EM11_Pset_AssemblyIdentification','AssemblyIdentity',(#7660,#52,#53));
#7662= IFCCARTESIANPOINT((78912.9674072266,398.250057352005,52685.));
#7663= IFCAXIS2PLACEMENT3D(#7662,#9,#7);
#7664= IFCLOCALPLACEMENT(#7658,#7663);
#7665= IFCISHAPEPROFILEDEF(.AREA.,'IPE330',#73,160.,330.,7.5,11.5,18.);
#7666= IFCCARTESIANPOINT((5912.02545166016,0.,0.));
#7667= IFCAXIS2PLACEMENT3D(#7666,#3991,#332);
#7668= IFCEXTRUDEDAREASOLID(#7665,#7667,#9,5912.03);
#7669= IFCSHAPEREPRESENTATION(#12,'Body','SweptSolid',(#7668));
#7670= IFCPRODUCTDEFINITIONSHAPE($,$,(#7669));
#7671= IFCBEAM('0gPB6$VF1DAQFR5z0OmzHQ',#7657,'main piece','IPE330','IPE330',#7664,#7670,'b/539');
#7672= IFCPROPERTYSINGLEVALUE('IndicationMark',$,IFCIDENTIFIER('b/539'),$);
#7673= IFCPROPERTYSET('02XuO6Q0D3POKAM8$OsLht',#5,'AISC_EM11_Pset_PieceIdentification','PieceIdentity',(#5743,#7672,#425,#701));
#7674= IFCOWNERHISTORY(#3,#4,$,.NOCHANGE.,$,$,$,1778270400);
#7675= IFCLOCALPLACEMENT(#42,#10);
#7676= IFCELEMENTASSEMBLY('3KOZlUUCjBOhJsN3oVTX5s',#7674,'COLUMN',$,$,#7675,$,'C/109',.NOTDEFINED.,.RIGID_FRAME.);
#7677= IFCPROPERTYSINGLEVALUE('AssemblyMark',$,IFCIDENTIFIER('C/109'),$);
#7678= IFCPROPERTYSET('2DJaSYHV93TOe7zqm9KfnB',#5,'AISC_EM11_Pset_AssemblyIdentification','AssemblyIdentity',(#7677,#52,#53));
#7679= IFCCARTESIANPOINT((84999.9994506836,0.210482605201832,37200.));
#7680= IFCAXIS2PLACEMENT3D(#7679,#9,#8);
#7681= IFCLOCALPLACEMENT(#7675,#7680);
#7682= IFCRECTANGLEHOLLOWPROFILEDEF(.AREA.,'[]450*38',#73,450.,450.,38.,38.,76.);
#7683= IFCCARTESIANPOINT((0.,0.,19649.9999995805));
#7684= IFCAXIS2PLACEMENT3D(#7683,#57,#8);
#7685= IFCEXTRUDEDAREASOLID(#7682,#7684,#9,19650.);
#7686= IFCSHAPEREPRESENTATION(#12,'Body','SweptSolid',(#7685));
#7687= IFCPRODUCTDEFINITIONSHAPE($,$,(#7686));
#7688= IFCCOLUMN('2JsIjpw4j3BfreMlcGs5CY',#7674,'main piece','[]450*38','[]450*38',#7681,#7687,'c/15');
#7689= IFCPROPERTYSINGLEVALUE('IndicationMark',$,IFCIDENTIFIER('c/15'),$);
#7690= IFCPROPERTYSET('1duXzy9MH2HuYi_S6ZAd4G',#5,'AISC_EM11_Pset_PieceIdentification','PieceIdentity',(#6071,#7689,#425,#701));
#7691= IFCLOCALPLACEMENT(#42,#10);
#7692= IFCELEMENTASSEMBLY('2xxeFAS2bB1OCLpjfun3PD',#7674,'COLUMN',$,$,#7691,$,'C/109',.NOTDEFINED.,.RIGID_FRAME.);
#7693= IFCCARTESIANPOINT((84999.9994506836,25500.2104826052,37200.));
#7694= IFCAXIS2PLACEMENT3D(#7693,#9,#8);
#7695= IFCLOCALPLACEMENT(#7691,#7694);
#7696= IFCSHAPEREPRESENTATION(#12,'Body','SweptSolid',(#7685));
#7697= IFCPRODUCTDEFINITIONSHAPE($,$,(#7696));
#7698= IFCCOLUMN('1vADNxBuT1Vgw8G$elAfTd',#7674,'main piece','[]450*38','[]450*38',#7695,#7697,'c/15');
#7699= IFCOWNERHISTORY(#3,#4,$,.NOCHANGE.,$,$,$,1776459600);
#7700= IFCLOCALPLACEMENT(#42,#10);
#7701= IFCELEMENTASSEMBLY('3CUzzPZ9D3XvPZBN01qlGp',#7699,'COLUMN',$,$,#7700,$,'C/109',.NOTDEFINED.,.RIGID_FRAME.);
#7702= IFCCARTESIANPOINT((17000.,0.210482605201832,37200.));
#7703= IFCAXIS2PLACEMENT3D(#7702,#9,#8);
#7704= IFCLOCALPLACEMENT(#7700,#7703);
#7705= IFCSHAPEREPRESENTATION(#12,'Body','SweptSolid',(#7685));
#7706= IFCPRODUCTDEFINITIONSHAPE($,$,(#7705));
#7707= IFCCOLUMN('26NUmuvIHETQyA0s3aarlx',#7699,'main piece','[]450*38','[]450*38',#7704,#7706,'c/15');
#7708= IFCOWNERHISTORY(#3,#4,$,.NOCHANGE.,$,$,$,1776373200);
#7709= IFCLOCALPLACEMENT(#42,#10);
#7710= IFCELEMENTASSEMBLY('3jO$hE0zTBcvBnx_36Y6pO',#7708,'COLUMN',$,$,#7709,$,'C/109',.NOTDEFINED.,.RIGID_FRAME.);
#7711= IFCCARTESIANPOINT((16999.9994506836,25500.2104826052,37200.));
#7712= IFCAXIS2PLACEMENT3D(#7711,#9,#8);
#7713= IFCLOCALPLACEMENT(#7709,#7712);
#7714= IFCSHAPEREPRESENTATION(#12,'Body','SweptSolid',(#7685));
#7715= IFCPRODUCTDEFINITIONSHAPE($,$,(#7714));
#7716= IFCCOLUMN('0w9GC9KfH5EQyHZCqDIy1p',#7708,'main piece','[]450*38','[]450*38',#7713,#7715,'c/15');
#7717= IFCCARTESIANPOINT((53000.2915496826,9125.15588010591,52715.));
#7718= IFCDIRECTION((-1.44949999989423E-05,0.999999999894947,0.));
#7719= IFCAXIS2PLACEMENT3D(#7717,#9,#7718);
#7720= IFCLOCALPLACEMENT(#1054,#7719);
#7721= IFCISHAPEPROFILEDEF(.AREA.,'IPE270',#73,135.,270.,6.599999905,10.19999981,15.);
#7722= IFCCARTESIANPOINT((7237.30087355001,-1.22604645781784E-17,-7.27595761418343E-12));
#7723= IFCAXIS2PLACEMENT3D(#7722,#3991,#332);
#7724= IFCEXTRUDEDAREASOLID(#7721,#7723,#9,7237.3);
#7725= IFCDIRECTION((-0.9999988570891,-0.00151189301682878,0.));
#7726= IFCCARTESIANPOINT((7.71765786768265,60.7717079347931,-120.000000000007));
#7727= IFCAXIS2PLACEMENT3D(#7726,#7725,#9);
#7728= IFCPLANE(#7727);
#7729= IFCHALFSPACESOLID(#7728,.F.);
#7730= IFCBOOLEANCLIPPINGRESULT(.DIFFERENCE.,#7724,#7729);
#7731= IFCDIRECTION((0.999998647414283,-0.00164473998079962,0.));
#7732= IFCCARTESIANPOINT((7242.45214762396,-59.1603278650946,-120.000000000007));
#7733= IFCAXIS2PLACEMENT3D(#7732,#7731,#9);
#7734= IFCPLANE(#7733);
#7735= IFCHALFSPACESOLID(#7734,.F.);
#7736= IFCBOOLEANCLIPPINGRESULT(.DIFFERENCE.,#7730,#7735);
#7737= IFCSHAPEREPRESENTATION(#12,'Body','Clipping',(#7736));
#7738= IFCPRODUCTDEFINITIONSHAPE($,$,(#7737));
#7739= IFCBEAM('10RQ9krN99uuGHR8$OW1uC',#44,'main piece','IPE270','IPE270',#7720,#7738,'b/551(?)');
#7740= IFCLOCALPLACEMENT(#1054,#1060);
#7741= IFCCARTESIANPOINT((0.,-4.23612715242905,0.));
#7742= IFCAXIS2PLACEMENT3D(#7741,#8,#7);
#7743= IFCEXTRUDEDAREASOLID(#405,#7742,#9,6.8);
#7744= IFCSHAPEREPRESENTATION(#12,'Body','SweptSolid',(#7743));
#7745= IFCREPRESENTATIONMAP(#10,#7744);
#7746= IFCMAPPEDITEM(#7745,#86);
#7747= IFCMAPPEDITEM(#7745,#91);
#7748= IFCMAPPEDITEM(#7745,#94);
#7749= IFCSHAPEREPRESENTATION(#12,'Body','MappedRepresentation',(#7746,#7747,#7748));
#7750= IFCPRODUCTDEFINITIONSHAPE($,$,(#7749));
#7751= IFCOPENINGELEMENT('085UEhYoPFhe2YLsoKWyel',#5,$,$,'Opening',#7740,#7750,$);
#7752= IFCRELVOIDSELEMENT('1UOnEeWCXAVuOoQKEAYoV4',#5,'Drill Hole',$,#7739,#7751);
#7753= IFCLOCALPLACEMENT(#1054,#2751);
#7754= IFCCARTESIANPOINT((0.,-2.4684113609692,0.));
#7755= IFCAXIS2PLACEMENT3D(#7754,#8,#7);
#7756= IFCEXTRUDEDAREASOLID(#405,#7755,#9,6.8);
#7757= IFCSHAPEREPRESENTATION(#12,'Body','SweptSolid',(#7756));
#7758= IFCREPRESENTATIONMAP(#10,#7757);
#7759= IFCMAPPEDITEM(#7758,#86);
#7760= IFCMAPPEDITEM(#7758,#91);
#7761= IFCMAPPEDITEM(#7758,#94);
#7762= IFCSHAPEREPRESENTATION(#12,'Body','MappedRepresentation',(#7759,#7760,#7761));
#7763= IFCPRODUCTDEFINITIONSHAPE($,$,(#7762));
#7764= IFCOPENINGELEMENT('2iTcyeiV1A98m_Te4N$i6D',#5,$,$,'Opening',#7753,#7763,$);
#7765= IFCRELVOIDSELEMENT('1rsTahhrfAJQqdAQETUTNQ',#5,'Drill Hole',$,#7739,#7764);
#7766= IFCPROPERTYSINGLEVALUE('IndicationMark',$,IFCIDENTIFIER('b/551(?)'),$);
#7767= IFCPROPERTYSET('12FMQnAX53VeEfKw43M3rV',#5,'AISC_EM11_Pset_PieceIdentification','PieceIdentity',(#5743,#7766,#425,#701));
#7768= IFCPROPERTYSINGLEVALUE('SkewedAngleX',$,IFCREAL(-0.08663),$);
#7769= IFCPROPERTYSET('0sKlBcc8b5CvSvGg4PXUDq',#5,'AISC_EM11_Pset_SkewedEnd',$,(#703,#7768));
#7770= IFCOWNERHISTORY(#3,#4,$,.NOCHANGE.,$,$,$,1763485200);
#7771= IFCLOCALPLACEMENT(#42,#10);
#7772= IFCELEMENTASSEMBLY('1OZxz2QWvBjvjmdRV6p4xJ',#7770,'BEAM',$,$,#7771,$,'B/771',.NOTDEFINED.,.RIGID_FRAME.);
#7773= IFCPROPERTYSINGLEVALUE('AssemblyMark',$,IFCIDENTIFIER('B/771'),$);
#7774= IFCPROPERTYSET('1HMam7OrP1s9JP8_bbpX4p',#5,'AISC_EM11_Pset_AssemblyIdentification','AssemblyIdentity',(#7773,#52,#53));
#7775= IFCCARTESIANPOINT((56583.9402313232,9037.04781736177,52715.));
#7776= IFCAXIS2PLACEMENT3D(#7775,#9,#8);
#7777= IFCLOCALPLACEMENT(#7771,#7776);
#7778= IFCCARTESIANPOINT((1268.12744140625,0.,0.));
#7779= IFCAXIS2PLACEMENT3D(#7778,#3991,#332);
#7780= IFCEXTRUDEDAREASOLID(#7721,#7779,#9,1268.13);
#7781= IFCSHAPEREPRESENTATION(#12,'Body','SweptSolid',(#7780));
#7782= IFCPRODUCTDEFINITIONSHAPE($,$,(#7781));
#7783= IFCBEAM('11h92yC6L8ggH_MWM7_R8z',#7770,'main piece','IPE270','IPE270',#7777,#7782,'b/666');
#7784= IFCPROPERTYSINGLEVALUE('IndicationMark',$,IFCIDENTIFIER('b/666'),$);
#7785= IFCPROPERTYSET('3s$A0i4Hr05f9Aosc34Rwo',#5,'AISC_EM11_Pset_PieceIdentification','PieceIdentity',(#5743,#7784,#425,#701));
#7786= IFCLOCALPLACEMENT(#42,#10);
#7787= IFCELEMENTASSEMBLY('32BQunoaD51OshRYALJ7cb',#7770,'BEAM',$,$,#7786,$,'B/770',.NOTDEFINED.,.RIGID_FRAME.);
#7788= IFCPROPERTYSINGLEVALUE('AssemblyMark',$,IFCIDENTIFIER('B/770'),$);
#7789= IFCPROPERTYSET('228F3X399CDfb0UQ$lgX8U',#5,'AISC_EM11_Pset_AssemblyIdentification','AssemblyIdentity',(#7788,#52,#53));
#7790= IFCCARTESIANPOINT((54812.789642334,10372.6753732089,52715.));
#7791= IFCAXIS2PLACEMENT3D(#7790,#9,#7);
#7792= IFCLOCALPLACEMENT(#7786,#7791);
#7793= IFCCARTESIANPOINT((3474.80010986328,0.,0.));
#7794= IFCAXIS2PLACEMENT3D(#7793,#3991,#332);
#7795= IFCEXTRUDEDAREASOLID(#7721,#7794,#9,3474.8);
#7796= IFCSHAPEREPRESENTATION(#12,'Body','SweptSolid',(#7795));
#7797= IFCPRODUCTDEFINITIONSHAPE($,$,(#7796));
#7798= IFCBEAM('0QvLiXkkr9qgqnqV3HyODs',#7770,'main piece','IPE270','IPE270',#7792,#7797,'b/665');
#7799= IFCPROPERTYSINGLEVALUE('IndicationMark',$,IFCIDENTIFIER('b/665'),$);
#7800= IFCPROPERTYSET('1A5ERyu1z1C8zpMghtL3wf',#5,'AISC_EM11_Pset_PieceIdentification','PieceIdentity',(#5743,#7799,#425,#701));
#7801= IFCLOCALPLACEMENT(#42,#10);
#7802= IFCELEMENTASSEMBLY('0b248lEgzCHBlUjrk4v_yM',#7770,'BEAM',$,$,#7801,$,'B/769',.NOTDEFINED.,.RIGID_FRAME.);
#7803= IFCPROPERTYSINGLEVALUE('AssemblyMark',$,IFCIDENTIFIER('B/769'),$);
#7804= IFCPROPERTYSET('2Rg4J0aPnBDQvuTqthTROY',#5,'AISC_EM11_Pset_AssemblyIdentification','AssemblyIdentity',(#7803,#52,#53));
#7805= IFCCARTESIANPOINT((58367.7956695557,8924.63822568697,52715.));
#7806= IFCAXIS2PLACEMENT3D(#7805,#9,#8);
#7807= IFCLOCALPLACEMENT(#7801,#7806);
#7808= IFCCARTESIANPOINT((7640.19966125488,0.,0.));
#7809= IFCAXIS2PLACEMENT3D(#7808,#3991,#332);
#7810= IFCEXTRUDEDAREASOLID(#7721,#7809,#9,7640.2);
#7811= IFCSHAPEREPRESENTATION(#12,'Body','SweptSolid',(#7810));
#7812= IFCPRODUCTDEFINITIONSHAPE($,$,(#7811));
#7813= IFCBEAM('1WVb7HC39FYe0ncN$I69jy',#7770,'main piece','IPE270','IPE270',#7807,#7812,'b/664');
#7814= IFCPROPERTYSINGLEVALUE('IndicationMark',$,IFCIDENTIFIER('b/664'),$);
#7815= IFCPROPERTYSET('0$27BlqYr8vgUuasj9G5TO',#5,'AISC_EM11_Pset_PieceIdentification','PieceIdentity',(#5743,#7814,#425,#701));
#7816= IFCLOCALPLACEMENT(#42,#10);
#7817= IFCELEMENTASSEMBLY('3hAvG3LG18PBvqw5vUkhTg',#7770,'BEAM',$,$,#7816,$,'B/768',.NOTDEFINED.,.RIGID_FRAME.);
#7818= IFCPROPERTYSINGLEVALUE('AssemblyMark',$,IFCIDENTIFIER('B/768'),$);
#7819= IFCPROPERTYSET('29yKjxws9DLxI3$fQ5iVQ_',#5,'AISC_EM11_Pset_AssemblyIdentification','AssemblyIdentity',(#7818,#52,#53));
#7820= IFCCARTESIANPOINT((61900.2911682129,15224.9998589877,52715.));
#7821= IFCAXIS2PLACEMENT3D(#7820,#9,#8);
#7822= IFCLOCALPLACEMENT(#7816,#7821);
#7823= IFCCARTESIANPOINT((1536.51809692383,0.,0.));
#7824= IFCAXIS2PLACEMENT3D(#7823,#3991,#332);
#7825= IFCEXTRUDEDAREASOLID(#7721,#7824,#9,1536.52);
#7826= IFCSHAPEREPRESENTATION(#12,'Body','SweptSolid',(#7825));
#7827= IFCPRODUCTDEFINITIONSHAPE($,$,(#7826));
#7828= IFCBEAM('37XmuZpj1FYQynHYBtAm8v',#7770,'main piece','IPE270','IPE270',#7822,#7827,'b/663');
#7829= IFCPROPERTYSINGLEVALUE('IndicationMark',$,IFCIDENTIFIER('b/663'),$);
#7830= IFCPROPERTYSET('1zSf0bdHHEj853Pf29iQNW',#5,'AISC_EM11_Pset_PieceIdentification','PieceIdentity',(#5743,#7829,#425,#701));
#7831= IFCLOCALPLACEMENT(#42,#10);
#7832= IFCELEMENTASSEMBLY('2Qc06U4kPFehw4PdpjBgeN',#7770,'BEAM',$,$,#7831,$,'B/767',.NOTDEFINED.,.RIGID_FRAME.);
#7833= IFCPROPERTYSINGLEVALUE('AssemblyMark',$,IFCIDENTIFIER('B/767'),$);
#7834= IFCPROPERTYSET('3R5ZW5HP56jh8IdKI7rYCf',#5,'AISC_EM11_Pset_AssemblyIdentification','AssemblyIdentity',(#7833,#52,#53));
#7835= IFCCARTESIANPOINT((60332.788192749,15224.9998589877,52715.));
#7836= IFCAXIS2PLACEMENT3D(#7835,#9,#8);
#7837= IFCLOCALPLACEMENT(#7831,#7836);
#7838= IFCCARTESIANPOINT((1449.24736022949,0.,0.));
#7839= IFCAXIS2PLACEMENT3D(#7838,#3991,#332);
#7840= IFCEXTRUDEDAREASOLID(#7721,#7839,#9,1449.25);
#7841= IFCSHAPEREPRESENTATION(#12,'Body','SweptSolid',(#7840));
#7842= IFCPRODUCTDEFINITIONSHAPE($,$,(#7841));
#7843= IFCBEAM('357XeOcxr4teQimqCEpHAE',#7770,'main piece','IPE270','IPE270',#7837,#7842,'b/662');
#7844= IFCPROPERTYSINGLEVALUE('IndicationMark',$,IFCIDENTIFIER('b/662'),$);
#7845= IFCPROPERTYSET('2yQsPeZeL2YhQpB6bDotLa',#5,'AISC_EM11_Pset_PieceIdentification','PieceIdentity',(#5743,#7844,#425,#701));
#7846= IFCLOCALPLACEMENT(#42,#10);
#7847= IFCELEMENTASSEMBLY('1lJoDaTDL3pA_ebrqAXrOb',#7770,'BEAM',$,$,#7846,$,'B/583',.NOTDEFINED.,.RIGID_FRAME.);
#7848= IFCPROPERTYSINGLEVALUE('AssemblyMark',$,IFCIDENTIFIER('B/583'),$);
#7849= IFCPROPERTYSET('1GCYGPpdH6nvmQxNSH$A5x',#5,'AISC_EM11_Pset_AssemblyIdentification','AssemblyIdentity',(#7848,#52,#53));
#7850= IFCCARTESIANPOINT((59800.0905151367,15137.4992867832,52715.));
#7851= IFCAXIS2PLACEMENT3D(#7850,#9,#7);
#7852= IFCLOCALPLACEMENT(#7846,#7851);
#7853= IFCCARTESIANPOINT((3587.50152587891,0.,0.));
#7854= IFCAXIS2PLACEMENT3D(#7853,#3991,#332);
#7855= IFCEXTRUDEDAREASOLID(#7721,#7854,#9,3587.5);
#7856= IFCSHAPEREPRESENTATION(#12,'Body','SweptSolid',(#7855));
#7857= IFCPRODUCTDEFINITIONSHAPE($,$,(#7856));
#7858= IFCBEAM('0RADJdLMfAFhOdsOrGhkOl',#7770,'main piece','IPE270','IPE270',#7852,#7857,'b/478');
#7859= IFCPROPERTYSINGLEVALUE('IndicationMark',$,IFCIDENTIFIER('b/478'),$);
#7860= IFCPROPERTYSET('3_QWr5dUz6_O4azFnC8tvY',#5,'AISC_EM11_Pset_PieceIdentification','PieceIdentity',(#5743,#7859,#425,#701));
#7861= IFCLOCALPLACEMENT(#42,#10);
#7862= IFCELEMENTASSEMBLY('1KjlVVAhH38B6UQqvtqLxo',#7770,'BEAM',$,$,#7861,$,'B/766',.NOTDEFINED.,.RIGID_FRAME.);
#7863= IFCPROPERTYSINGLEVALUE('AssemblyMark',$,IFCIDENTIFIER('B/766'),$);
#7864= IFCPROPERTYSET('3avS_m3vj3ZfnUYIqZseuD',#5,'AISC_EM11_Pset_AssemblyIdentification','AssemblyIdentity',(#7863,#52,#53));
#7865= IFCCARTESIANPOINT((61900.2911682129,10231.8892022495,52715.));
#7866= IFCAXIS2PLACEMENT3D(#7865,#9,#332);
#7867= IFCLOCALPLACEMENT(#7861,#7866);
#7868= IFCCARTESIANPOINT((1491.84703826904,0.,0.));
#7869= IFCAXIS2PLACEMENT3D(#7868,#3991,#332);
#7870= IFCEXTRUDEDAREASOLID(#7721,#7869,#9,1491.85);
#7871= IFCSHAPEREPRESENTATION(#12,'Body','SweptSolid',(#7870));
#7872= IFCPRODUCTDEFINITIONSHAPE($,$,(#7871));
#7873= IFCBEAM('3XTywA2Bz1SBPxRqjuLvea',#7770,'main piece','IPE270','IPE270',#7867,#7872,'b/661');
#7874= IFCPROPERTYSINGLEVALUE('IndicationMark',$,IFCIDENTIFIER('b/661'),$);
#7875= IFCPROPERTYSET('1tQeve9ETDhe6dVlkl66rP',#5,'AISC_EM11_Pset_PieceIdentification','PieceIdentity',(#5743,#7874,#425,#701));
#7876= IFCLOCALPLACEMENT(#42,#10);
#7877= IFCELEMENTASSEMBLY('2rIWgZotX2eOX5udOvOzL8',#7770,'BEAM',$,$,#7876,$,'B/765',.NOTDEFINED.,.RIGID_FRAME.);
#7878= IFCPROPERTYSINGLEVALUE('AssemblyMark',$,IFCIDENTIFIER('B/765'),$);
#7879= IFCPROPERTYSET('34Q2TWDO1BAPvtuNyutJgB',#5,'AISC_EM11_Pset_AssemblyIdentification','AssemblyIdentity',(#7878,#52,#53));
#7880= IFCCARTESIANPOINT((60332.788192749,8814.88080228609,52715.));
#7881= IFCAXIS2PLACEMENT3D(#7880,#9,#8);
#7882= IFCLOCALPLACEMENT(#7876,#7881);
#7883= IFCCARTESIANPOINT((1417.00839996338,0.,0.));
#7884= IFCAXIS2PLACEMENT3D(#7883,#3991,#332);
#7885= IFCEXTRUDEDAREASOLID(#7721,#7884,#9,1417.01);
#7886= IFCSHAPEREPRESENTATION(#12,'Body','SweptSolid',(#7885));
#7887= IFCPRODUCTDEFINITIONSHAPE($,$,(#7886));
#7888= IFCBEAM('2xogBky0f4W9LwNK35Iit4',#7770,'main piece','IPE270','IPE270',#7882,#7887,'b/660');
#7889= IFCPROPERTYSINGLEVALUE('IndicationMark',$,IFCIDENTIFIER('b/660'),$);
#7890= IFCPROPERTYSET('16qlKSafL5kR6awUAqQb$O',#5,'AISC_EM11_Pset_PieceIdentification','PieceIdentity',(#5743,#7889,#425,#701));
#7891= IFCLOCALPLACEMENT(#42,#10);
#7892= IFCELEMENTASSEMBLY('0gcYbOIXnDSAfRnx$yo88M',#7770,'BEAM',$,$,#7891,$,'B/764',.NOTDEFINED.,.RIGID_FRAME.);
#7893= IFCPROPERTYSINGLEVALUE('AssemblyMark',$,IFCIDENTIFIER('B/764'),$);
#7894= IFCPROPERTYSET('1b7fMorr15b8vITs52w8S7',#5,'AISC_EM11_Pset_AssemblyIdentification','AssemblyIdentity',(#7893,#52,#53));
#7895= IFCCARTESIANPOINT((59800.0867004395,10319.3897744541,52715.));
#7896= IFCAXIS2PLACEMENT3D(#7895,#9,#7);
#7897= IFCLOCALPLACEMENT(#7891,#7896);
#7898= IFCCARTESIANPOINT((3580.2116394043,0.,0.));
#7899= IFCAXIS2PLACEMENT3D(#7898,#3991,#332);
#7900= IFCEXTRUDEDAREASOLID(#7721,#7899,#9,3580.21);
#7901= IFCSHAPEREPRESENTATION(#12,'Body','SweptSolid',(#7900));
#7902= IFCPRODUCTDEFINITIONSHAPE($,$,(#7901));
#7903= IFCBEAM('118jJfHM9Aog4ShbI7loT6',#7770,'main piece','IPE270','IPE270',#7897,#7902,'b/659');
#7904= IFCPROPERTYSINGLEVALUE('IndicationMark',$,IFCIDENTIFIER('b/659'),$);
#7905= IFCPROPERTYSET('0CF_OFHSjCGfvwXPisaV$p',#5,'AISC_EM11_Pset_PieceIdentification','PieceIdentity',(#5743,#7904,#425,#701));
#7906= IFCLOCALPLACEMENT(#42,#10);
#7907= IFCELEMENTASSEMBLY('22mlRE1an9LRmoJ9nx9W7_',#7770,'BEAM',$,$,#7906,$,'B/680',.NOTDEFINED.,.RIGID_FRAME.);
#7908= IFCPROPERTYSINGLEVALUE('AssemblyMark',$,IFCIDENTIFIER('B/680'),$);
#7909= IFCPROPERTYSET('0ghY6lk4PESOZaMrc29Sqq',#5,'AISC_EM11_Pset_AssemblyIdentification','AssemblyIdentity',(#7908,#52,#53));
#7910= IFCCARTESIANPOINT((78913.0437011719,8116.64629687094,52699.9981994629));
#7911= IFCAXIS2PLACEMENT3D(#7910,#9,#7);
#7912= IFCLOCALPLACEMENT(#7906,#7911);
#7913= IFCISHAPEPROFILEDEF(.AREA.,'IPE300',#73,150.,300.,7.099999905,10.69999981,15.);
#7914= IFCCARTESIANPOINT((5900.,0.,0.));
#7915= IFCAXIS2PLACEMENT3D(#7914,#3991,#332);
#7916= IFCEXTRUDEDAREASOLID(#7913,#7915,#9,5900.);
#7917= IFCSHAPEREPRESENTATION(#12,'Body','SweptSolid',(#7916));
#7918= IFCPRODUCTDEFINITIONSHAPE($,$,(#7917));
#7919= IFCBEAM('0bXRihcqj4bwD1UFuvjEfE',#7770,'main piece','IPE300','IPE300',#7912,#7918,'b/575');
#7920= IFCPROPERTYSINGLEVALUE('IndicationMark',$,IFCIDENTIFIER('b/575'),$);
#7921= IFCPROPERTYSET('37ScECAxD43vqsdRDZomvx',#5,'AISC_EM11_Pset_PieceIdentification','PieceIdentity',(#5743,#7920,#425,#701));
#7922= IFCLOCALPLACEMENT(#42,#10);
#7923= IFCELEMENTASSEMBLY('0oz3shRmL2uwGWWxlPulLY',#7770,'BEAM',$,$,#7922,$,'B/679',.NOTDEFINED.,.RIGID_FRAME.);
#7924= IFCPROPERTYSINGLEVALUE('AssemblyMark',$,IFCIDENTIFIER('B/679'),$);
#7925= IFCPROPERTYSET('3A8CUe3gXFw9imTlQJGcHY',#5,'AISC_EM11_Pset_AssemblyIdentification','AssemblyIdentity',(#7924,#52,#53));
#7926= IFCCARTESIANPOINT((78912.9826660156,17380.2055856113,52699.9981994629));
#7927= IFCAXIS2PLACEMENT3D(#7926,#9,#7);
#7928= IFCLOCALPLACEMENT(#7922,#7927);
#7929= IFCCARTESIANPOINT((5892.08984375,0.,0.));
#7930= IFCAXIS2PLACEMENT3D(#7929,#3991,#332);
#7931= IFCEXTRUDEDAREASOLID(#7913,#7930,#9,5892.09);
#7932= IFCSHAPEREPRESENTATION(#12,'Body','SweptSolid',(#7931));
#7933= IFCPRODUCTDEFINITIONSHAPE($,$,(#7932));
#7934= IFCBEAM('3kYYGPH8LCRPO4vGGodaRP',#7770,'main piece','IPE300','IPE300',#7928,#7933,'b/574');
#7935= IFCPROPERTYSINGLEVALUE('IndicationMark',$,IFCIDENTIFIER('b/574'),$);
#7936= IFCPROPERTYSET('07wgbJqSfDPe9wp35sjATu',#5,'AISC_EM11_Pset_PieceIdentification','PieceIdentity',(#5743,#7935,#425,#701));
#7937= IFCLOCALPLACEMENT(#42,#10);
#7938= IFCELEMENTASSEMBLY('02kJke4ZrFFfTEZhDuo42f',#7770,'BEAM',$,$,#7937,$,'B/611',.NOTDEFINED.,.RIGID_FRAME.);
#7939= IFCPROPERTYSINGLEVALUE('AssemblyMark',$,IFCIDENTIFIER('B/611'),$);
#7940= IFCPROPERTYSET('1zJwj$2j5D7uTN65YsagNl',#5,'AISC_EM11_Pset_AssemblyIdentification','AssemblyIdentity',(#7939,#52,#53));
#7941= IFCCARTESIANPOINT((82700.2865905762,17475.2058526401,52714.9981994629));
#7942= IFCAXIS2PLACEMENT3D(#7941,#9,#8);
#7943= IFCLOCALPLACEMENT(#7937,#7942);
#7944= IFCCARTESIANPOINT((7120.01609802246,0.,0.));
#7945= IFCAXIS2PLACEMENT3D(#7944,#3991,#332);
#7946= IFCEXTRUDEDAREASOLID(#7721,#7945,#9,7120.02);
#7947= IFCSHAPEREPRESENTATION(#12,'Body','SweptSolid',(#7946));
#7948= IFCPRODUCTDEFINITIONSHAPE($,$,(#7947));
#7949= IFCBEAM('0BJqMA$3n15BxW5CMVAHKD',#7770,'main piece','IPE270','IPE270',#7943,#7948,'b/506');
#7950= IFCPROPERTYSINGLEVALUE('IndicationMark',$,IFCIDENTIFIER('b/506'),$);
#7951= IFCPROPERTYSET('0J1dkyXW18QQtsW5cLUYQy',#5,'AISC_EM11_Pset_PieceIdentification','PieceIdentity',(#5743,#7950,#425,#701));
#7952= IFCLOCALPLACEMENT(#42,#10);
#7953= IFCELEMENTASSEMBLY('0XowXcw9j8NPh_BcK0pbNn',#7770,'BEAM',$,$,#7952,$,'B/631',.NOTDEFINED.,.RIGID_FRAME.);
#7954= IFCPROPERTYSINGLEVALUE('AssemblyMark',$,IFCIDENTIFIER('B/631'),$);
#7955= IFCPROPERTYSET('3gm4XvtWjEjhj4kwn3F7fj',#5,'AISC_EM11_Pset_AssemblyIdentification','AssemblyIdentity',(#7954,#52,#53));
#7956= IFCCARTESIANPOINT((80800.2850646973,17475.2058526401,52714.9981994629));
#7957= IFCAXIS2PLACEMENT3D(#7956,#9,#8);
#7958= IFCLOCALPLACEMENT(#7952,#7957);
#7959= IFCCARTESIANPOINT((4569.50950622559,0.,0.));
#7960= IFCAXIS2PLACEMENT3D(#7959,#3991,#332);
#7961= IFCEXTRUDEDAREASOLID(#7721,#7960,#9,4569.51);
#7962= IFCSHAPEREPRESENTATION(#12,'Body','SweptSolid',(#7961));
#7963= IFCPRODUCTDEFINITIONSHAPE($,$,(#7962));
#7964= IFCBEAM('3XfsiRZrn9Jhwo8iX$$1$r',#7770,'main piece','IPE270','IPE270',#7958,#7963,'b/526');
#7965= IFCPROPERTYSINGLEVALUE('IndicationMark',$,IFCIDENTIFIER('b/526'),$);
#7966= IFCPROPERTYSET('1959BHhBr5I8mD9mfz8UuN',#5,'AISC_EM11_Pset_PieceIdentification','PieceIdentity',(#5743,#7965,#425,#701));
#7967= IFCLOCALPLACEMENT(#42,#10);
#7968= IFCELEMENTASSEMBLY('0tFPZuuUbFwuQoagU53Ryk',#7770,'BEAM',$,$,#7967,$,'B/731',.NOTDEFINED.,.RIGID_FRAME.);
#7969= IFCPROPERTYSINGLEVALUE('AssemblyMark',$,IFCIDENTIFIER('B/731'),$);
#7970= IFCPROPERTYSET('1S25b61Xb48hk18_tVMX8P',#5,'AISC_EM11_Pset_AssemblyIdentification','AssemblyIdentity',(#7969,#52,#53));
#7971= IFCCARTESIANPOINT((81655.0099487305,24682.7158471469,52714.9981994629));
#7972= IFCAXIS2PLACEMENT3D(#7971,#9,#3765);
#7973= IFCLOCALPLACEMENT(#7967,#7972);
#7974= IFCCARTESIANPOINT((3200.14190674634,0.,-7.27595761418343E-12));
#7975= IFCAXIS2PLACEMENT3D(#7974,#3991,#332);
#7976= IFCEXTRUDEDAREASOLID(#7721,#7975,#9,3200.14);
#7977= IFCSHAPEREPRESENTATION(#12,'Body','SweptSolid',(#7976));
#7978= IFCPRODUCTDEFINITIONSHAPE($,$,(#7977));
#7979= IFCBEAM('3QSTiBYVjAfge3mYRwGHbO',#7770,'main piece','IPE270','IPE270',#7973,#7978,'b/626');
#7980= IFCPROPERTYSINGLEVALUE('IndicationMark',$,IFCIDENTIFIER('b/626'),$);
#7981= IFCPROPERTYSET('11bVmsATT6RvDL2FbxmBxY',#5,'AISC_EM11_Pset_PieceIdentification','PieceIdentity',(#5743,#7980,#425,#701));
#7982= IFCLOCALPLACEMENT(#42,#10);
#7983= IFCELEMENTASSEMBLY('0yJr3DWLrBkxJ5mBMUZ_tv',#7770,'BEAM',$,$,#7982,$,'B/759',.NOTDEFINED.,.RIGID_FRAME.);
#7984= IFCPROPERTYSINGLEVALUE('AssemblyMark',$,IFCIDENTIFIER('B/759'),$);
#7985= IFCPROPERTYSET('0H00WsU4j9Gxbx7j_e7ZD9',#5,'AISC_EM11_Pset_AssemblyIdentification','AssemblyIdentity',(#7984,#52,#53));
#7986= IFCCARTESIANPOINT((79333.9267735556,17453.2064275469,52699.9981994629));
#7987= IFCDIRECTION((0.293752275945103,0.955881582821362,0.));
#7988= IFCAXIS2PLACEMENT3D(#7986,#9,#7987);
#7989= IFCLOCALPLACEMENT(#7982,#7988);
#7990= IFCCARTESIANPOINT((8199.36075929176,0.,0.));
#7991= IFCAXIS2PLACEMENT3D(#7990,#3991,#332);
#7992= IFCEXTRUDEDAREASOLID(#7913,#7991,#9,8199.36);
#7993= IFCSHAPEREPRESENTATION(#12,'Body','SweptSolid',(#7992));
#7994= IFCPRODUCTDEFINITIONSHAPE($,$,(#7993));
#7995= IFCBEAM('1lTcb5Caj3o9u_2od0umRd',#7770,'main piece','IPE300','IPE300',#7989,#7994,'b/654');
#7996= IFCPROPERTYSINGLEVALUE('IndicationMark',$,IFCIDENTIFIER('b/654'),$);
#7997= IFCPROPERTYSET('2UCdXYxGb9RxDbVnQ0juP9',#5,'AISC_EM11_Pset_PieceIdentification','PieceIdentity',(#5743,#7996,#425,#701));
#7998= IFCCARTESIANPOINT((78913.0284423828,19557.6128503208,52714.9981994629));
#7999= IFCAXIS2PLACEMENT3D(#7998,#9,#7);
#8000= IFCLOCALPLACEMENT(#3838,#7999);
#8001= IFCCARTESIANPOINT((968.215942382813,0.,0.));
#8002= IFCAXIS2PLACEMENT3D(#8001,#3991,#332);
#8003= IFCEXTRUDEDAREASOLID(#7721,#8002,#9,968.22);
#8004= IFCDIRECTION((-0.999999999824463,-1.87369999668427E-05,0.));
#8005= IFCCARTESIANPOINT((397.624311860258,60.009564690441,-120.));
#8006= IFCAXIS2PLACEMENT3D(#8005,#8004,#9);
#8007= IFCPLANE(#8006);
#8008= IFCHALFSPACESOLID(#8007,.F.);
#8009= IFCBOOLEANCLIPPINGRESULT(.DIFFERENCE.,#8003,#8008);
#8010= IFCSHAPEREPRESENTATION(#12,'Body','Clipping',(#8009));
#8011= IFCPRODUCTDEFINITIONSHAPE($,$,(#8010));
#8012= IFCBEAM('0aOv6ssgL48wfGhOuUSshk',#44,'main piece','IPE270','IPE270',#8000,#8011,'b/508(?)');
#8013= IFCLOCALPLACEMENT(#3838,#3843);
#8014= IFCCARTESIANPOINT((0.,-3.3999551676214,0.));
#8015= IFCAXIS2PLACEMENT3D(#8014,#8,#7);
#8016= IFCEXTRUDEDAREASOLID(#405,#8015,#9,6.8);
#8017= IFCSHAPEREPRESENTATION(#12,'Body','SweptSolid',(#8016));
#8018= IFCREPRESENTATIONMAP(#10,#8017);
#8019= IFCMAPPEDITEM(#8018,#86);
#8020= IFCMAPPEDITEM(#8018,#91);
#8021= IFCMAPPEDITEM(#8018,#94);
#8022= IFCSHAPEREPRESENTATION(#12,'Body','MappedRepresentation',(#8019,#8020,#8021));
#8023= IFCPRODUCTDEFINITIONSHAPE($,$,(#8022));
#8024= IFCOPENINGELEMENT('1B03a4dGf7tOzmeCX08o_q',#5,$,$,'Opening',#8013,#8023,$);
#8025= IFCRELVOIDSELEMENT('1re_O9TLz5QAXGCofmeYPv',#5,'Drill Hole',$,#8012,#8024);
#8026= IFCPROPERTYSINGLEVALUE('IndicationMark',$,IFCIDENTIFIER('b/508(?)'),$);
#8027= IFCPROPERTYSET('0zgCFGyjLBrg$tvljS4RYq',#5,'AISC_EM11_Pset_PieceIdentification','PieceIdentity',(#5743,#8026,#425,#701));
#8028= IFCPROPERTYSINGLEVALUE('SkewedAngleX',$,IFCREAL(-0.00107),$);
#8029= IFCPROPERTYSET('0QErsBSv174eTop1x473I6',#5,'AISC_EM11_Pset_SkewedEnd',$,(#703,#8028));
#8030= IFCLOCALPLACEMENT(#42,#10);
#8031= IFCELEMENTASSEMBLY('366AeR1h9889P7YfGdtV8k',#7770,'BEAM',$,$,#8030,$,'B/708',.NOTDEFINED.,.RIGID_FRAME.);
#8032= IFCPROPERTYSINGLEVALUE('AssemblyMark',$,IFCIDENTIFIER('B/708'),$);
#8033= IFCPROPERTYSET('1VgzCFyIr8sPme4RLG4E$T',#5,'AISC_EM11_Pset_AssemblyIdentification','AssemblyIdentity',(#8032,#52,#53));
#8034= IFCCARTESIANPOINT((74283.5156555176,17645.2612420444,52714.9981994629));
#8035= IFCDIRECTION((1.29349999979625E-05,0.999999999916343,0.));
#8036= IFCAXIS2PLACEMENT3D(#8034,#9,#8035);
#8037= IFCLOCALPLACEMENT(#8030,#8036);
#8038= IFCCARTESIANPOINT((7342.05532018995,0.,-7.27595761418343E-12));
#8039= IFCAXIS2PLACEMENT3D(#8038,#3991,#332);
#8040= IFCEXTRUDEDAREASOLID(#7721,#8039,#9,7342.06);
#8041= IFCSHAPEREPRESENTATION(#12,'Body','SweptSolid',(#8040));
#8042= IFCPRODUCTDEFINITIONSHAPE($,$,(#8041));
#8043= IFCBEAM('389olRCU13YweVTfO50YAU',#7770,'main piece','IPE270','IPE270',#8037,#8042,'b/603');
#8044= IFCPROPERTYSINGLEVALUE('IndicationMark',$,IFCIDENTIFIER('b/603'),$);
#8045= IFCPROPERTYSET('2h6AN1din1c9_ME2YEKuCU',#5,'AISC_EM11_Pset_PieceIdentification','PieceIdentity',(#5743,#8044,#425,#701));
#8046= IFCLOCALPLACEMENT(#42,#10);
#8047= IFCELEMENTASSEMBLY('2gQrroQpPAC9lvgIFRWdYN',#7770,'BEAM',$,$,#8046,$,'B/744',.NOTDEFINED.,.RIGID_FRAME.);
#8048= IFCPROPERTYSINGLEVALUE('AssemblyMark',$,IFCIDENTIFIER('B/744'),$);
#8049= IFCPROPERTYSET('0HM1jaoQT0ggWUQnzW3kxt',#5,'AISC_EM11_Pset_AssemblyIdentification','AssemblyIdentity',(#8048,#52,#53));
#8050= IFCCARTESIANPOINT((72369.1727785935,25028.4361382879,52714.9981994629));
#8051= IFCDIRECTION((-0.000567653999933884,-0.999999838884455,0.));
#8052= IFCAXIS2PLACEMENT3D(#8050,#9,#8051);
#8053= IFCLOCALPLACEMENT(#8046,#8052);
#8054= IFCCARTESIANPOINT((6844.43774825644,0.,7.27595761418343E-12));
#8055= IFCAXIS2PLACEMENT3D(#8054,#3991,#332);
#8056= IFCEXTRUDEDAREASOLID(#7721,#8055,#9,6844.44);
#8057= IFCSHAPEREPRESENTATION(#12,'Body','SweptSolid',(#8056));
#8058= IFCPRODUCTDEFINITIONSHAPE($,$,(#8057));
#8059= IFCBEAM('0tSyhMVuv1hwkn0s2YQaH0',#7770,'main piece','IPE270','IPE270',#8053,#8058,'b/639');
#8060= IFCPROPERTYSINGLEVALUE('IndicationMark',$,IFCIDENTIFIER('b/639'),$);
#8061= IFCPROPERTYSET('2jZ$JsDPH30By3OcSsIj6D',#5,'AISC_EM11_Pset_PieceIdentification','PieceIdentity',(#5743,#8060,#425,#701));
#8062= IFCLOCALPLACEMENT(#42,#10);
#8063= IFCELEMENTASSEMBLY('2NfvVv3954v9kTSznXd1gl',#7770,'BEAM',$,$,#8062,$,'B/744',.NOTDEFINED.,.RIGID_FRAME.);
#8064= IFCCARTESIANPOINT((70500.0836486816,18142.8617974643,52714.9981994629));
#8065= IFCAXIS2PLACEMENT3D(#8064,#9,#8);
#8066= IFCLOCALPLACEMENT(#8062,#8065);
#8067= IFCCARTESIANPOINT((6844.44808960041,0.,1.45519152283669E-11));
#8068= IFCAXIS2PLACEMENT3D(#8067,#3991,#332);
#8069= IFCEXTRUDEDAREASOLID(#7721,#8068,#9,6844.45);
#8070= IFCSHAPEREPRESENTATION(#12,'Body','SweptSolid',(#8069));
#8071= IFCPRODUCTDEFINITIONSHAPE($,$,(#8070));
#8072= IFCBEAM('1vhkz_RAP3MO_Ozqn8WIMD',#7770,'main piece','IPE270','IPE270',#8066,#8071,'b/639');
#8073= IFCLOCALPLACEMENT(#42,#10);
#8074= IFCELEMENTASSEMBLY('2GXlEwLefCw9Q2tzpvAs_j',#7770,'BEAM',$,$,#8073,$,'B/660',.NOTDEFINED.,.RIGID_FRAME.);
#8075= IFCPROPERTYSINGLEVALUE('AssemblyMark',$,IFCIDENTIFIER('B/660'),$);
#8076= IFCPROPERTYSET('2jzm6wksL6cg8EPQDd3LhP',#5,'AISC_EM11_Pset_AssemblyIdentification','AssemblyIdentity',(#8075,#52,#53));
#8077= IFCCARTESIANPOINT((66817.7487487793,18998.5727807407,52714.9981994629));
#8078= IFCAXIS2PLACEMENT3D(#8077,#9,#8);
#8079= IFCLOCALPLACEMENT(#8073,#8078);
#8080= IFCCARTESIANPOINT((574.600219726563,0.,0.));
#8081= IFCAXIS2PLACEMENT3D(#8080,#3991,#332);
#8082= IFCEXTRUDEDAREASOLID(#7721,#8081,#9,574.6);
#8083= IFCSHAPEREPRESENTATION(#12,'Body','SweptSolid',(#8082));
#8084= IFCPRODUCTDEFINITIONSHAPE($,$,(#8083));
#8085= IFCBEAM('1NURhqLLjBt8PQijuzdMli',#7770,'main piece','IPE270','IPE270',#8079,#8084,'b/555');
#8086= IFCPROPERTYSINGLEVALUE('IndicationMark',$,IFCIDENTIFIER('b/555'),$);
#8087= IFCPROPERTYSET('2R0Angr19AEAJxRGDJ2QpH',#5,'AISC_EM11_Pset_PieceIdentification','PieceIdentity',(#5743,#8086,#425,#701));
#8088= IFCLOCALPLACEMENT(#42,#10);
#8089= IFCELEMENTASSEMBLY('0l9akrES17xOEKSKoKpbXn',#7770,'BEAM',$,$,#8088,$,'B/676',.NOTDEFINED.,.RIGID_FRAME.);
#8090= IFCPROPERTYSINGLEVALUE('AssemblyMark',$,IFCIDENTIFIER('B/676'),$);
#8091= IFCPROPERTYSET('3K9eFqgHHC3uQmGdbJ4Pdo',#5,'AISC_EM11_Pset_AssemblyIdentification','AssemblyIdentity',(#8090,#52,#53));
#8092= IFCCARTESIANPOINT((64882.7817077637,18998.6700555209,52714.9981994629));
#8093= IFCAXIS2PLACEMENT3D(#8092,#9,#3478);
#8094= IFCLOCALPLACEMENT(#8088,#8093);
#8095= IFCCARTESIANPOINT((587.200049926465,-1.24344447229272E-19,0.));
#8096= IFCAXIS2PLACEMENT3D(#8095,#3991,#332);
#8097= IFCEXTRUDEDAREASOLID(#7721,#8096,#9,587.2);
#8098= IFCSHAPEREPRESENTATION(#12,'Body','SweptSolid',(#8097));
#8099= IFCPRODUCTDEFINITIONSHAPE($,$,(#8098));
#8100= IFCBEAM('2euugz_Hn29uES6vLy5GoS',#7770,'main piece','IPE270','IPE270',#8094,#8099,'b/571');
#8101= IFCPROPERTYSINGLEVALUE('IndicationMark',$,IFCIDENTIFIER('b/571'),$);
#8102= IFCPROPERTYSET('3KwIv7NGP82w4eMbqxFyRe',#5,'AISC_EM11_Pset_PieceIdentification','PieceIdentity',(#5743,#8101,#425,#701));
#8103= IFCCARTESIANPOINT((65875.0836486816,18017.4288293247,52714.9981994629));
#8104= IFCDIRECTION((7.20299999207508E-06,0.999999999974058,0.));
#8105= IFCAXIS2PLACEMENT3D(#8103,#9,#8104);
#8106= IFCLOCALPLACEMENT(#1883,#8105);
#8107= IFCCARTESIANPOINT((833.44286229703,0.,-7.27595761418343E-12));
#8108= IFCAXIS2PLACEMENT3D(#8107,#3991,#332);
#8109= IFCEXTRUDEDAREASOLID(#7721,#8108,#9,833.44);
#8110= IFCDIRECTION((-0.998366550467745,-0.0571334482342536,0.));
#8111= IFCCARTESIANPOINT((-2.51995439271923,89.0669233851804,-120.000000000007));
#8112= IFCAXIS2PLACEMENT3D(#8111,#8110,#9);
#8113= IFCPLANE(#8112);
#8114= IFCHALFSPACESOLID(#8113,.F.);
#8115= IFCBOOLEANCLIPPINGRESULT(.DIFFERENCE.,#8109,#8114);
#8116= IFCSHAPEREPRESENTATION(#12,'Body','Clipping',(#8115));
#8117= IFCPRODUCTDEFINITIONSHAPE($,$,(#8116));
#8118= IFCBEAM('2Uo1uv_aj8Wu3dxfkS3$mg',#44,'main piece','IPE270','IPE270',#8106,#8117,'b/570(?)');
#8119= IFCLOCALPLACEMENT(#1883,#1889);
#8120= IFCCARTESIANPOINT((0.,-35.441902035183,0.));
#8121= IFCAXIS2PLACEMENT3D(#8120,#8,#7);
#8122= IFCEXTRUDEDAREASOLID(#405,#8121,#9,6.81);
#8123= IFCSHAPEREPRESENTATION(#12,'Body','SweptSolid',(#8122));
#8124= IFCREPRESENTATIONMAP(#10,#8123);
#8125= IFCMAPPEDITEM(#8124,#86);
#8126= IFCMAPPEDITEM(#8124,#91);
#8127= IFCMAPPEDITEM(#8124,#94);
#8128= IFCSHAPEREPRESENTATION(#12,'Body','MappedRepresentation',(#8125,#8126,#8127));
#8129= IFCPRODUCTDEFINITIONSHAPE($,$,(#8128));
#8130= IFCOPENINGELEMENT('02uZT5AlX8WgK_dPebczZY',#5,$,$,'Opening',#8119,#8129,$);
#8131= IFCRELVOIDSELEMENT('0blRMPS3D2Wh0AfmS1lPMb',#5,'Drill Hole',$,#8118,#8130);
#8132= IFCPROPERTYSINGLEVALUE('IndicationMark',$,IFCIDENTIFIER('b/570(?)'),$);
#8133= IFCPROPERTYSET('3IAaRejHP7v8Uwyha9pms5',#5,'AISC_EM11_Pset_PieceIdentification','PieceIdentity',(#5743,#8132,#425,#701));
#8134= IFCPROPERTYSINGLEVALUE('SkewedAngleX',$,IFCREAL(-3.27529),$);
#8135= IFCPROPERTYSET('0zqdojFjv5o97RN1h3JSF$',#5,'AISC_EM11_Pset_SkewedEnd',$,(#703,#8134));
#8136= IFCCARTESIANPOINT((63830.2952880859,18918.3678170566,52714.9981994629));
#8137= IFCAXIS2PLACEMENT3D(#8136,#9,#3765);
#8138= IFCLOCALPLACEMENT(#5018,#8137);
#8139= IFCCARTESIANPOINT((3910.90393069255,8.28166120710734E-19,7.27595761418343E-12));
#8140= IFCAXIS2PLACEMENT3D(#8139,#3991,#332);
#8141= IFCEXTRUDEDAREASOLID(#7721,#8140,#9,3910.9);
#8142= IFCDIRECTION((0.999999999853624,1.71100000442162E-05,0.));
#8143= IFCCARTESIANPOINT((3659.23540800793,-60.0087341416693,-119.999999999993));
#8144= IFCAXIS2PLACEMENT3D(#8143,#8142,#9);
#8145= IFCPLANE(#8144);
#8146= IFCHALFSPACESOLID(#8145,.F.);
#8147= IFCBOOLEANCLIPPINGRESULT(.DIFFERENCE.,#8141,#8146);
#8148= IFCSHAPEREPRESENTATION(#12,'Body','Clipping',(#8147));
#8149= IFCPRODUCTDEFINITIONSHAPE($,$,(#8148));
#8150= IFCBEAM('0InyA5BTfEJwHJpw3LD_eg',#44,'main piece','IPE270','IPE270',#8138,#8149,'b/553(?)');
#8151= IFCLOCALPLACEMENT(#5018,#5023);
#8152= IFCCARTESIANPOINT((0.,-3.39904404189532,0.));
#8153= IFCAXIS2PLACEMENT3D(#8152,#8,#7);
#8154= IFCEXTRUDEDAREASOLID(#405,#8153,#9,6.8);
#8155= IFCSHAPEREPRESENTATION(#12,'Body','SweptSolid',(#8154));
#8156= IFCREPRESENTATIONMAP(#10,#8155);
#8157= IFCMAPPEDITEM(#8156,#86);
#8158= IFCMAPPEDITEM(#8156,#91);
#8159= IFCMAPPEDITEM(#8156,#94);
#8160= IFCSHAPEREPRESENTATION(#12,'Body','MappedRepresentation',(#8157,#8158,#8159));
#8161= IFCPRODUCTDEFINITIONSHAPE($,$,(#8160));
#8162= IFCOPENINGELEMENT('0hMQ0EQfjFoPQcOiN8wiSh',#5,$,$,'Opening',#8151,#8161,$);
#8163= IFCRELVOIDSELEMENT('2WiLs6T$1BFxU8rBtWCxJm',#5,'Drill Hole',$,#8150,#8162);
#8164= IFCPROPERTYSINGLEVALUE('IndicationMark',$,IFCIDENTIFIER('b/553(?)'),$);
#8165= IFCPROPERTYSET('3EpSCvC59CVBqlzPQxFo4x',#5,'AISC_EM11_Pset_PieceIdentification','PieceIdentity',(#5743,#8164,#425,#701));
#8166= IFCPROPERTYSINGLEVALUE('SkewedAngleX',$,IFCREAL(-0.00098),$);
#8167= IFCPROPERTYSET('3i4AyNWGjFXfsrYQUmOE0V',#5,'AISC_EM11_Pset_SkewedEnd_2',$,(#703,#8166));
#8168= IFCCARTESIANPOINT((63830.310546875,19653.3684274082,52714.9981994629));
#8169= IFCAXIS2PLACEMENT3D(#8168,#9,#3765);
#8170= IFCLOCALPLACEMENT(#4938,#8169);
#8171= IFCCARTESIANPOINT((3889.90020754058,0.,7.27595761418343E-12));
#8172= IFCAXIS2PLACEMENT3D(#8171,#3991,#332);
#8173= IFCEXTRUDEDAREASOLID(#7721,#8172,#9,3889.9);
#8174= IFCCARTESIANPOINT((3659.22016337937,-60.0088546124098,-119.999999999993));
#8175= IFCAXIS2PLACEMENT3D(#8174,#8142,#9);
#8176= IFCPLANE(#8175);
#8177= IFCHALFSPACESOLID(#8176,.F.);
#8178= IFCBOOLEANCLIPPINGRESULT(.DIFFERENCE.,#8173,#8177);
#8179= IFCSHAPEREPRESENTATION(#12,'Body','Clipping',(#8178));
#8180= IFCPRODUCTDEFINITIONSHAPE($,$,(#8179));
#8181= IFCBEAM('2Kc0ET6fL7Af2TaKMGsU3w',#44,'main piece','IPE270','IPE270',#8170,#8180,'b/569(?)');
#8182= IFCLOCALPLACEMENT(#4938,#4943);
#8183= IFCCARTESIANPOINT((0.,-3.39917619118698,0.));
#8184= IFCAXIS2PLACEMENT3D(#8183,#8,#7);
#8185= IFCEXTRUDEDAREASOLID(#405,#8184,#9,6.8);
#8186= IFCSHAPEREPRESENTATION(#12,'Body','SweptSolid',(#8185));
#8187= IFCREPRESENTATIONMAP(#10,#8186);
#8188= IFCMAPPEDITEM(#8187,#86);
#8189= IFCMAPPEDITEM(#8187,#91);
#8190= IFCMAPPEDITEM(#8187,#94);
#8191= IFCSHAPEREPRESENTATION(#12,'Body','MappedRepresentation',(#8188,#8189,#8190));
#8192= IFCPRODUCTDEFINITIONSHAPE($,$,(#8191));
#8193= IFCOPENINGELEMENT('3aBo4$ZD93QefxhEqOp$96',#5,$,$,'Opening',#8182,#8192,$);
#8194= IFCRELVOIDSELEMENT('2IXSonmcT8gfGANGKyqhxh',#5,'Drill Hole',$,#8181,#8193);
#8195= IFCPROPERTYSINGLEVALUE('IndicationMark',$,IFCIDENTIFIER('b/569(?)'),$);
#8196= IFCPROPERTYSET('0u6u7qecLCOwz04j_9GHdO',#5,'AISC_EM11_Pset_PieceIdentification','PieceIdentity',(#5743,#8195,#425,#701));
#8197= IFCLOCALPLACEMENT(#42,#10);
#8198= IFCELEMENTASSEMBLY('3aWQ5K3_XAPuXLuO9iWxyy',#7770,'BEAM',$,$,#8197,$,'B/712',.NOTDEFINED.,.RIGID_FRAME.);
#8199= IFCPROPERTYSINGLEVALUE('AssemblyMark',$,IFCIDENTIFIER('B/712'),$);
#8200= IFCPROPERTYSET('2SUUcocpvECAll_4ErAFIT',#5,'AISC_EM11_Pset_AssemblyIdentification','AssemblyIdentity',(#8199,#52,#53));
#8201= IFCCARTESIANPOINT((65875.0923066498,20635.1888760437,52714.9981994629));
#8202= IFCAXIS2PLACEMENT3D(#8201,#9,#332);
#8203= IFCLOCALPLACEMENT(#8197,#8202);
#8204= IFCCARTESIANPOINT((894.317969082277,0.,0.));
#8205= IFCAXIS2PLACEMENT3D(#8204,#3991,#332);
#8206= IFCEXTRUDEDAREASOLID(#7721,#8205,#9,894.32);
#8207= IFCSHAPEREPRESENTATION(#12,'Body','SweptSolid',(#8206));
#8208= IFCPRODUCTDEFINITIONSHAPE($,$,(#8207));
#8209= IFCBEAM('0a1eFnkwj9N9lhqKprN5jM',#7770,'main piece','IPE270','IPE270',#8203,#8208,'b/607');
#8210= IFCPROPERTYSINGLEVALUE('IndicationMark',$,IFCIDENTIFIER('b/607'),$);
#8211= IFCPROPERTYSET('3bp0g1AJ57$hQWewM6ZJzv',#5,'AISC_EM11_Pset_PieceIdentification','PieceIdentity',(#5743,#8210,#425,#701));
#8212= IFCLOCALPLACEMENT(#42,#10);
#8213= IFCELEMENTASSEMBLY('18PQZjQpjAo8tox6giHx8s',#7770,'BEAM',$,$,#8212,$,'B/711',.NOTDEFINED.,.RIGID_FRAME.);
#8214= IFCPROPERTYSINGLEVALUE('AssemblyMark',$,IFCIDENTIFIER('B/711'),$);
#8215= IFCPROPERTYSET('0W1$TbLQXCQPG6wIpPzwDI',#5,'AISC_EM11_Pset_AssemblyIdentification','AssemblyIdentity',(#8214,#52,#53));
#8216= IFCCARTESIANPOINT((67312.6332397461,20782.9412957553,52729.9981994629));
#8217= IFCAXIS2PLACEMENT3D(#8216,#9,#8);
#8218= IFCLOCALPLACEMENT(#8212,#8217);
#8219= IFCISHAPEPROFILEDEF(.AREA.,'IPE240',#73,120.,240.,6.199999809,9.800000191,15.);
#8220= IFCCARTESIANPOINT((417.247772216797,0.,0.));
#8221= IFCAXIS2PLACEMENT3D(#8220,#3991,#332);
#8222= IFCEXTRUDEDAREASOLID(#8219,#8221,#9,417.25);
#8223= IFCSHAPEREPRESENTATION(#12,'Body','SweptSolid',(#8222));
#8224= IFCPRODUCTDEFINITIONSHAPE($,$,(#8223));
#8225= IFCBEAM('305E8QEFD8OPs1g1Xmmwvs',#7770,'main piece','IPE240','IPE240',#8218,#8224,'b/606');
#8226= IFCPROPERTYSINGLEVALUE('IndicationMark',$,IFCIDENTIFIER('b/606'),$);
#8227= IFCPROPERTYSET('2AuNEJKL16ah2BH9YtFlX5',#5,'AISC_EM11_Pset_PieceIdentification','PieceIdentity',(#5743,#8226,#425,#701));
#8228= IFCLOCALPLACEMENT(#42,#10);
#8229= IFCELEMENTASSEMBLY('08dO6h0BT6l9oWqp$KYrlQ',#7770,'BEAM',$,$,#8228,$,'B/711',.NOTDEFINED.,.RIGID_FRAME.);
#8230= IFCCARTESIANPOINT((66142.6312561035,20782.9393884067,52729.9981994629));
#8231= IFCAXIS2PLACEMENT3D(#8230,#9,#8);
#8232= IFCLOCALPLACEMENT(#8228,#8231);
#8233= IFCSHAPEREPRESENTATION(#12,'Body','SweptSolid',(#8222));
#8234= IFCPRODUCTDEFINITIONSHAPE($,$,(#8233));
#8235= IFCBEAM('015aWIqXP18BEiP8Q4CAH5',#7770,'main piece','IPE240','IPE240',#8232,#8234,'b/606');
#8236= IFCLOCALPLACEMENT(#42,#10);
#8237= IFCELEMENTASSEMBLY('28Y7AM27DCNP_4PCOwkrWv',#7770,'BEAM',$,$,#8236,$,'B/711',.NOTDEFINED.,.RIGID_FRAME.);
#8238= IFCCARTESIANPOINT((65407.531463623,20782.9374810581,52729.9981994629));
#8239= IFCAXIS2PLACEMENT3D(#8238,#9,#8);
#8240= IFCLOCALPLACEMENT(#8236,#8239);
#8241= IFCCARTESIANPOINT((417.24967956543,0.,0.));
#8242= IFCAXIS2PLACEMENT3D(#8241,#3991,#332);
#8243= IFCEXTRUDEDAREASOLID(#8219,#8242,#9,417.25);
#8244= IFCSHAPEREPRESENTATION(#12,'Body','SweptSolid',(#8243));
#8245= IFCPRODUCTDEFINITIONSHAPE($,$,(#8244));
#8246= IFCBEAM('2BdlBShEr5bfjnT8OIB23l',#7770,'main piece','IPE240','IPE240',#8240,#8245,'b/606');
#8247= IFCLOCALPLACEMENT(#42,#10);
#8248= IFCELEMENTASSEMBLY('2dZxO2Agv8ahJhMtzjwhRL',#7770,'BEAM',$,$,#8247,$,'B/711',.NOTDEFINED.,.RIGID_FRAME.);
#8249= IFCCARTESIANPOINT((64890.2775878906,20782.9355737094,52729.9981994629));
#8250= IFCAXIS2PLACEMENT3D(#8249,#9,#8);
#8251= IFCLOCALPLACEMENT(#8247,#8250);
#8252= IFCSHAPEREPRESENTATION(#12,'Body','SweptSolid',(#8243));
#8253= IFCPRODUCTDEFINITIONSHAPE($,$,(#8252));
#8254= IFCBEAM('1je27afAn59gtd_iXclem$',#7770,'main piece','IPE240','IPE240',#8251,#8253,'b/606');
#8255= IFCCARTESIANPOINT((63830.3868408203,20702.6848336582,52714.9981994629));
#8256= IFCAXIS2PLACEMENT3D(#8255,#9,#3765);
#8257= IFCLOCALPLACEMENT(#4858,#8256);
#8258= IFCCARTESIANPOINT((3859.90142826035,0.,-1.45519152283669E-11));
#8259= IFCAXIS2PLACEMENT3D(#8258,#3991,#332);
#8260= IFCEXTRUDEDAREASOLID(#7721,#8259,#9,3859.9);
#8261= IFCCARTESIANPOINT((3659.1438390733,-60.008596314954,-120.000000000015));
#8262= IFCAXIS2PLACEMENT3D(#8261,#8142,#9);
#8263= IFCPLANE(#8262);
#8264= IFCHALFSPACESOLID(#8263,.F.);
#8265= IFCBOOLEANCLIPPINGRESULT(.DIFFERENCE.,#8260,#8264);
#8266= IFCSHAPEREPRESENTATION(#12,'Body','Clipping',(#8265));
#8267= IFCPRODUCTDEFINITIONSHAPE($,$,(#8266));
#8268= IFCBEAM('3tkkpTo7XF6QbdaliNArTH',#44,'main piece','IPE270','IPE270',#8257,#8267,'b/566(?)');
#8269= IFCLOCALPLACEMENT(#4858,#4863);
#8270= IFCCARTESIANPOINT((0.,-3.39889284142484,0.));
#8271= IFCAXIS2PLACEMENT3D(#8270,#8,#7);
#8272= IFCEXTRUDEDAREASOLID(#405,#8271,#9,6.8);
#8273= IFCSHAPEREPRESENTATION(#12,'Body','SweptSolid',(#8272));
#8274= IFCREPRESENTATIONMAP(#10,#8273);
#8275= IFCMAPPEDITEM(#8274,#86);
#8276= IFCMAPPEDITEM(#8274,#91);
#8277= IFCMAPPEDITEM(#8274,#94);
#8278= IFCSHAPEREPRESENTATION(#12,'Body','MappedRepresentation',(#8275,#8276,#8277));
#8279= IFCPRODUCTDEFINITIONSHAPE($,$,(#8278));
#8280= IFCOPENINGELEMENT('3y9WVqG2PAiPw04laT9ptN',#5,$,$,'Opening',#8269,#8279,$);
#8281= IFCRELVOIDSELEMENT('1S4Fu2GGHAwv9aEtq6mz5e',#5,'Drill Hole',$,#8268,#8280);
#8282= IFCPROPERTYSINGLEVALUE('IndicationMark',$,IFCIDENTIFIER('b/566(?)'),$);
#8283= IFCPROPERTYSET('181iKQmpn1FfLMS9wbziGN',#5,'AISC_EM11_Pset_PieceIdentification','PieceIdentity',(#5743,#8282,#425,#701));
#8284= IFCPROPERTYSINGLEVALUE('SkewedAngleX',$,IFCREAL(-0.00096),$);
#8285= IFCPROPERTYSET('2tulWIJxD2DeM4gAt30Q_O',#5,'AISC_EM11_Pset_SkewedEnd_2',$,(#703,#8284));
#8286= IFCCARTESIANPOINT((63830.3868408203,21287.6839181308,52714.9981994629));
#8287= IFCAXIS2PLACEMENT3D(#8286,#9,#3765);
#8288= IFCLOCALPLACEMENT(#4778,#8287);
#8289= IFCCARTESIANPOINT((3843.20068362272,0.,0.));
#8290= IFCAXIS2PLACEMENT3D(#8289,#3991,#332);
#8291= IFCEXTRUDEDAREASOLID(#7721,#8290,#9,3843.2);
#8292= IFCCARTESIANPOINT((3659.14385347351,-60.0087188275829,-120.));
#8293= IFCAXIS2PLACEMENT3D(#8292,#8142,#9);
#8294= IFCPLANE(#8293);
#8295= IFCHALFSPACESOLID(#8294,.F.);
#8296= IFCBOOLEANCLIPPINGRESULT(.DIFFERENCE.,#8291,#8295);
#8297= IFCSHAPEREPRESENTATION(#12,'Body','Clipping',(#8296));
#8298= IFCPRODUCTDEFINITIONSHAPE($,$,(#8297));
#8299= IFCBEAM('2EQtSDDJn3BPlkIMXOq_Tm',#44,'main piece','IPE270','IPE270',#8288,#8298,'b/565(?)');
#8300= IFCLOCALPLACEMENT(#4778,#4783);
#8301= IFCSHAPEREPRESENTATION(#12,'Body','MappedRepresentation',(#8157,#8158,#8159));
#8302= IFCPRODUCTDEFINITIONSHAPE($,$,(#8301));
#8303= IFCOPENINGELEMENT('3pw5LLwNb6jwP6yrMP1gEE',#5,$,$,'Opening',#8300,#8302,$);
#8304= IFCRELVOIDSELEMENT('2xfy6RmUnDKfqTWCJJZ0CC',#5,'Drill Hole',$,#8299,#8303);
#8305= IFCPROPERTYSINGLEVALUE('IndicationMark',$,IFCIDENTIFIER('b/565(?)'),$);
#8306= IFCPROPERTYSET('3F2pK42Gr2OxUC7RhwKKYM',#5,'AISC_EM11_Pset_PieceIdentification','PieceIdentity',(#5743,#8305,#425,#701));
#8307= IFCLOCALPLACEMENT(#42,#10);
#8308= IFCELEMENTASSEMBLY('1Q98_$rEr5h8QIHOlZn81C',#7770,'BEAM',$,$,#8307,$,'B/763',.NOTDEFINED.,.RIGID_FRAME.);
#8309= IFCPROPERTYSINGLEVALUE('AssemblyMark',$,IFCIDENTIFIER('B/763'),$);
#8310= IFCPROPERTYSET('2IJPor$cj0tQ4p4zw3Rzd0',#5,'AISC_EM11_Pset_AssemblyIdentification','AssemblyIdentity',(#8309,#52,#53));
#8311= IFCCARTESIANPOINT((65880.1896208668,24979.8296471835,52714.9981994629));
#8312= IFCDIRECTION((-0.00140868399972472,-0.999999007804202,0.));
#8313= IFCAXIS2PLACEMENT3D(#8311,#9,#8312);
#8314= IFCLOCALPLACEMENT(#8307,#8313);
#8315= IFCCARTESIANPOINT((3624.63967421345,0.,-7.27595761418343E-12));
#8316= IFCAXIS2PLACEMENT3D(#8315,#3991,#332);
#8317= IFCEXTRUDEDAREASOLID(#7721,#8316,#9,3624.64);
#8318= IFCSHAPEREPRESENTATION(#12,'Body','SweptSolid',(#8317));
#8319= IFCPRODUCTDEFINITIONSHAPE($,$,(#8318));
#8320= IFCBEAM('2DHfwPG557neQfmf$HWLGL',#7770,'main piece','IPE270','IPE270',#8314,#8319,'b/658');
#8321= IFCPROPERTYSINGLEVALUE('IndicationMark',$,IFCIDENTIFIER('b/658'),$);
#8322= IFCPROPERTYSET('3hgT9psgb5sucokttneUyB',#5,'AISC_EM11_Pset_PieceIdentification','PieceIdentity',(#5743,#8321,#425,#701));
#8323= IFCCARTESIANPOINT((63750.0836486816,17899.1751214389,52714.9981994629));
#8324= IFCAXIS2PLACEMENT3D(#8323,#9,#8);
#8325= IFCLOCALPLACEMENT(#2142,#8324);
#8326= IFCCARTESIANPOINT((7088.09852600175,0.,0.));
#8327= IFCAXIS2PLACEMENT3D(#8326,#3991,#332);
#8328= IFCEXTRUDEDAREASOLID(#7721,#8327,#9,7088.1);
#8329= IFCDIRECTION((-0.998366946607074,-0.0571265255592154,0.));
#8330= IFCCARTESIANPOINT((-5.81717101297545,89.0634133333224,-120.));
#8331= IFCAXIS2PLACEMENT3D(#8330,#8329,#9);
#8332= IFCPLANE(#8331);
#8333= IFCHALFSPACESOLID(#8332,.F.);
#8334= IFCBOOLEANCLIPPINGRESULT(.DIFFERENCE.,#8328,#8333);
#8335= IFCSHAPEREPRESENTATION(#12,'Body','Clipping',(#8334));
#8336= IFCPRODUCTDEFINITIONSHAPE($,$,(#8335));
#8337= IFCBEAM('0BC6iCWmnAAfqIgYQD3aEg',#44,'main piece','IPE270','IPE270',#8325,#8336,'b/645(?)');
#8338= IFCLOCALPLACEMENT(#2142,#2147);
#8339= IFCCARTESIANPOINT((0.,-35.4380049805032,0.));
#8340= IFCAXIS2PLACEMENT3D(#8339,#8,#7);
#8341= IFCEXTRUDEDAREASOLID(#405,#8340,#9,6.81);
#8342= IFCSHAPEREPRESENTATION(#12,'Body','SweptSolid',(#8341));
#8343= IFCREPRESENTATIONMAP(#10,#8342);
#8344= IFCMAPPEDITEM(#8343,#86);
#8345= IFCMAPPEDITEM(#8343,#91);
#8346= IFCMAPPEDITEM(#8343,#94);
#8347= IFCSHAPEREPRESENTATION(#12,'Body','MappedRepresentation',(#8344,#8345,#8346));
#8348= IFCPRODUCTDEFINITIONSHAPE($,$,(#8347));
#8349= IFCOPENINGELEMENT('16FcvYrsv1LPGzrN0LurTj',#5,$,$,'Opening',#8338,#8348,$);
#8350= IFCRELVOIDSELEMENT('3dG69Wuw58aAcdH2cS$l$Q',#5,'Drill Hole',$,#8337,#8349);
#8351= IFCPROPERTYSINGLEVALUE('IndicationMark',$,IFCIDENTIFIER('b/645(?)'),$);
#8352= IFCPROPERTYSET('0RSbRCqjH0owZS8pCvowEK',#5,'AISC_EM11_Pset_PieceIdentification','PieceIdentity',(#5743,#8351,#425,#701));
#8353= IFCCARTESIANPOINT((61625.0855560303,24987.2564813022,52714.9981994629));
#8354= IFCAXIS2PLACEMENT3D(#8353,#9,#332);
#8355= IFCLOCALPLACEMENT(#2228,#8354);
#8356= IFCCARTESIANPOINT((7206.50100708084,3.81508986713673E-19,-7.27595761418343E-12));
#8357= IFCAXIS2PLACEMENT3D(#8356,#3991,#332);
#8358= IFCEXTRUDEDAREASOLID(#7721,#8357,#9,7206.5);
#8359= IFCDIRECTION((0.998366946835579,0.0571265215657745,0.));
#8360= IFCCARTESIANPOINT((7215.45027440987,-89.0634113085034,-120.000000000007));
#8361= IFCAXIS2PLACEMENT3D(#8360,#8359,#9);
#8362= IFCPLANE(#8361);
#8363= IFCHALFSPACESOLID(#8362,.F.);
#8364= IFCBOOLEANCLIPPINGRESULT(.DIFFERENCE.,#8358,#8363);
#8365= IFCSHAPEREPRESENTATION(#12,'Body','Clipping',(#8364));
#8366= IFCPRODUCTDEFINITIONSHAPE($,$,(#8365));
#8367= IFCBEAM('3mA4GzrC5FBu0jrHNVsB8T',#44,'main piece','IPE270','IPE270',#8355,#8366,'b/653(?)');
#8368= IFCLOCALPLACEMENT(#2228,#2233);
#8369= IFCSHAPEREPRESENTATION(#12,'Body','MappedRepresentation',(#8344,#8345,#8346));
#8370= IFCPRODUCTDEFINITIONSHAPE($,$,(#8369));
#8371= IFCOPENINGELEMENT('079X78QTLByBEtQL5QQRrE',#5,$,$,'Opening',#8368,#8370,$);
#8372= IFCRELVOIDSELEMENT('3TeCQhrs9D2wmBitj7EBK$',#5,'Drill Hole',$,#8367,#8371);
#8373= IFCPROPERTYSINGLEVALUE('IndicationMark',$,IFCIDENTIFIER('b/653(?)'),$);
#8374= IFCPROPERTYSET('2Q6$3moDz4gfhQ_0YL65Ok',#5,'AISC_EM11_Pset_PieceIdentification','PieceIdentity',(#5743,#8373,#425,#701));
#8375= IFCLOCALPLACEMENT(#42,#10);
#8376= IFCELEMENTASSEMBLY('2k$rwzvX9AmxbZrnXrnVje',#7770,'BEAM',$,$,#8375,$,'B/757',.NOTDEFINED.,.RIGID_FRAME.);
#8377= IFCPROPERTYSINGLEVALUE('AssemblyMark',$,IFCIDENTIFIER('B/757'),$);
#8378= IFCPROPERTYSET('0uqGdXRqj08hPXAIwQmOwh',#5,'AISC_EM11_Pset_AssemblyIdentification','AssemblyIdentity',(#8377,#52,#53));
#8379= IFCCARTESIANPOINT((57390.0868530273,17544.9385186557,52714.9981994629));
#8380= IFCAXIS2PLACEMENT3D(#8379,#9,#8);
#8381= IFCLOCALPLACEMENT(#8375,#8380);
#8382= IFCCARTESIANPOINT((7442.34848022461,0.,0.));
#8383= IFCAXIS2PLACEMENT3D(#8382,#3991,#332);
#8384= IFCEXTRUDEDAREASOLID(#7721,#8383,#9,7442.35);
#8385= IFCSHAPEREPRESENTATION(#12,'Body','SweptSolid',(#8384));
#8386= IFCPRODUCTDEFINITIONSHAPE($,$,(#8385));
#8387= IFCBEAM('3aHavrpGf8uAKvN_yIEtLO',#7770,'main piece','IPE270','IPE270',#8381,#8386,'b/652');
#8388= IFCPROPERTYSINGLEVALUE('IndicationMark',$,IFCIDENTIFIER('b/652'),$);
#8389= IFCPROPERTYSET('3Sc4T3g3j8q8Nn_uVWyCQP',#5,'AISC_EM11_Pset_PieceIdentification','PieceIdentity',(#5743,#8388,#425,#701));
#8390= IFCCARTESIANPOINT((55260.0857849121,24987.2793694858,52714.9981994629));
#8391= IFCAXIS2PLACEMENT3D(#8390,#9,#332);
#8392= IFCLOCALPLACEMENT(#2297,#8391);
#8393= IFCCARTESIANPOINT((7560.94932556152,0.,0.));
#8394= IFCAXIS2PLACEMENT3D(#8393,#3991,#332);
#8395= IFCEXTRUDEDAREASOLID(#7721,#8394,#9,7560.95);
#8396= IFCCARTESIANPOINT((7579.55623211686,-89.0632771630771,-120.));
#8397= IFCAXIS2PLACEMENT3D(#8396,#8359,#9);
#8398= IFCPLANE(#8397);
#8399= IFCHALFSPACESOLID(#8398,.F.);
#8400= IFCBOOLEANCLIPPINGRESULT(.DIFFERENCE.,#8395,#8399);
#8401= IFCSHAPEREPRESENTATION(#12,'Body','Clipping',(#8400));
#8402= IFCPRODUCTDEFINITIONSHAPE($,$,(#8401));
#8403= IFCBEAM('2vULUR7hr2O91XZ$Gdoxoj',#44,'main piece','IPE270','IPE270',#8392,#8402,'b/651(?)');
#8404= IFCLOCALPLACEMENT(#2297,#2302);
#8405= IFCCARTESIANPOINT((0.,-35.4378537707704,0.));
#8406= IFCAXIS2PLACEMENT3D(#8405,#8,#7);
#8407= IFCEXTRUDEDAREASOLID(#405,#8406,#9,6.81);
#8408= IFCSHAPEREPRESENTATION(#12,'Body','SweptSolid',(#8407));
#8409= IFCREPRESENTATIONMAP(#10,#8408);
#8410= IFCMAPPEDITEM(#8409,#86);
#8411= IFCMAPPEDITEM(#8409,#91);
#8412= IFCMAPPEDITEM(#8409,#94);
#8413= IFCSHAPEREPRESENTATION(#12,'Body','MappedRepresentation',(#8410,#8411,#8412));
#8414= IFCPRODUCTDEFINITIONSHAPE($,$,(#8413));
#8415= IFCOPENINGELEMENT('0blnAPCJL4lQTqOwX5sli2',#5,$,$,'Opening',#8404,#8414,$);
#8416= IFCRELVOIDSELEMENT('2DYrlV9Of4Du_slCWgeGYF',#5,'Drill Hole',$,#8403,#8415);
#8417= IFCPROPERTYSINGLEVALUE('IndicationMark',$,IFCIDENTIFIER('b/651(?)'),$);
#8418= IFCPROPERTYSET('0WmCK2EL1EzQkedGYsvsfg',#5,'AISC_EM11_Pset_PieceIdentification','PieceIdentity',(#5743,#8417,#425,#701));
#8419= IFCCARTESIANPOINT((53130.0866241455,17375.1787682895,52714.9981994629));
#8420= IFCAXIS2PLACEMENT3D(#8419,#9,#8);
#8421= IFCLOCALPLACEMENT(#2383,#8420);
#8422= IFCCARTESIANPOINT((7612.14828491211,0.,0.));
#8423= IFCAXIS2PLACEMENT3D(#8422,#3991,#332);
#8424= IFCEXTRUDEDAREASOLID(#7721,#8423,#9,7612.15);
#8425= IFCDIRECTION((-0.999998671149737,0.0016302450002431,0.));
#8426= IFCCARTESIANPOINT((13.3508243848846,59.1677285467449,-120.));
#8427= IFCAXIS2PLACEMENT3D(#8426,#8425,#9);
#8428= IFCPLANE(#8427);
#8429= IFCHALFSPACESOLID(#8428,.F.);
#8430= IFCBOOLEANCLIPPINGRESULT(.DIFFERENCE.,#8424,#8429);
#8431= IFCSHAPEREPRESENTATION(#12,'Body','Clipping',(#8430));
#8432= IFCPRODUCTDEFINITIONSHAPE($,$,(#8431));
#8433= IFCBEAM('1shW95cTn5lwVJfY3w0$51',#44,'main piece','IPE270','IPE270',#8421,#8432,'b/650(?)');
#8434= IFCLOCALPLACEMENT(#2383,#2389);
#8435= IFCCARTESIANPOINT((0.,-2.47652848598026,0.));
#8436= IFCAXIS2PLACEMENT3D(#8435,#8,#7);
#8437= IFCEXTRUDEDAREASOLID(#405,#8436,#9,6.8);
#8438= IFCSHAPEREPRESENTATION(#12,'Body','SweptSolid',(#8437));
#8439= IFCREPRESENTATIONMAP(#10,#8438);
#8440= IFCMAPPEDITEM(#8439,#86);
#8441= IFCMAPPEDITEM(#8439,#91);
#8442= IFCMAPPEDITEM(#8439,#94);
#8443= IFCSHAPEREPRESENTATION(#12,'Body','MappedRepresentation',(#8440,#8441,#8442));
#8444= IFCPRODUCTDEFINITIONSHAPE($,$,(#8443));
#8445= IFCOPENINGELEMENT('3TbTJGJbf418_qTTz7rmjf',#5,$,$,'Opening',#8434,#8444,$);
#8446= IFCRELVOIDSELEMENT('37LZ0r7lD30hBVSLkJwIEo',#5,'Drill Hole',$,#8433,#8445);
#8447= IFCPROPERTYSINGLEVALUE('IndicationMark',$,IFCIDENTIFIER('b/650(?)'),$);
#8448= IFCPROPERTYSET('1lJmapwiLF_BRaG70sXP2x',#5,'AISC_EM11_Pset_PieceIdentification','PieceIdentity',(#5743,#8447,#425,#701));
#8449= IFCPROPERTYSINGLEVALUE('SkewedAngleX',$,IFCREAL(0.09341),$);
#8450= IFCPROPERTYSET('0V68GDtkHE9RBYZ7ELOZ92',#5,'AISC_EM11_Pset_SkewedEnd',$,(#703,#8449));
#8451= IFCCARTESIANPOINT((48890.0868530273,17373.9790459995,52714.9981994629));
#8452= IFCAXIS2PLACEMENT3D(#8451,#9,#8);
#8453= IFCLOCALPLACEMENT(#2681,#8452);
#8454= IFCCARTESIANPOINT((7613.2984161377,0.,0.));
#8455= IFCAXIS2PLACEMENT3D(#8454,#3991,#332);
#8456= IFCEXTRUDEDAREASOLID(#7721,#8455,#9,7613.3);
#8457= IFCCARTESIANPOINT((21.5425786866399,59.1677285466867,-120.));
#8458= IFCAXIS2PLACEMENT3D(#8457,#8425,#9);
#8459= IFCPLANE(#8458);
#8460= IFCHALFSPACESOLID(#8459,.F.);
#8461= IFCBOOLEANCLIPPINGRESULT(.DIFFERENCE.,#8456,#8460);
#8462= IFCSHAPEREPRESENTATION(#12,'Body','Clipping',(#8461));
#8463= IFCPRODUCTDEFINITIONSHAPE($,$,(#8462));
#8464= IFCBEAM('2_6WX5r5nB59Nl0mXCQm3r',#44,'main piece','IPE270','IPE270',#8453,#8463,'b/649(?)');
#8465= IFCLOCALPLACEMENT(#2681,#2686);
#8466= IFCSHAPEREPRESENTATION(#12,'Body','MappedRepresentation',(#8440,#8441,#8442));
#8467= IFCPRODUCTDEFINITIONSHAPE($,$,(#8466));
#8468= IFCOPENINGELEMENT('2otiUbViH0kBCE1$AK4g5d',#5,$,$,'Opening',#8465,#8467,$);
#8469= IFCRELVOIDSELEMENT('3YLhsnzTL01ft$CijlvlVG',#5,'Drill Hole',$,#8464,#8468);
#8470= IFCPROPERTYSINGLEVALUE('IndicationMark',$,IFCIDENTIFIER('b/649(?)'),$);
#8471= IFCPROPERTYSET('3LonP9K4fDdRAZfIJ$wHaK',#5,'AISC_EM11_Pset_PieceIdentification','PieceIdentity',(#5743,#8470,#425,#701));
#8472= IFCCARTESIANPOINT((46760.0857849121,24987.2965356235,52714.9981994629));
#8473= IFCAXIS2PLACEMENT3D(#8472,#9,#332);
#8474= IFCLOCALPLACEMENT(#2830,#8473);
#8475= IFCCARTESIANPOINT((7558.39920043945,0.,0.));
#8476= IFCAXIS2PLACEMENT3D(#8475,#3991,#332);
#8477= IFCEXTRUDEDAREASOLID(#7721,#8476,#9,7558.4);
#8478= IFCDIRECTION((0.998472581030666,-0.0552494790017029,0.));
#8479= IFCCARTESIANPOINT((7562.5507456797,-31.7051351843693,-120.));
#8480= IFCAXIS2PLACEMENT3D(#8479,#8478,#9);
#8481= IFCPLANE(#8480);
#8482= IFCHALFSPACESOLID(#8481,.F.);
#8483= IFCBOOLEANCLIPPINGRESULT(.DIFFERENCE.,#8477,#8482);
#8484= IFCSHAPEREPRESENTATION(#12,'Body','Clipping',(#8483));
#8485= IFCPRODUCTDEFINITIONSHAPE($,$,(#8484));
#8486= IFCBEAM('1AjY7x8fX6v95rXI7aISdp',#44,'main piece','IPE270','IPE270',#8474,#8485,'b/648(?)');
#8487= IFCLOCALPLACEMENT(#2830,#2836);
#8488= IFCCARTESIANPOINT((0.,27.5925565178995,0.));
#8489= IFCAXIS2PLACEMENT3D(#8488,#8,#7);
#8490= IFCEXTRUDEDAREASOLID(#405,#8489,#9,6.81);
#8491= IFCSHAPEREPRESENTATION(#12,'Body','SweptSolid',(#8490));
#8492= IFCREPRESENTATIONMAP(#10,#8491);
#8493= IFCMAPPEDITEM(#8492,#86);
#8494= IFCMAPPEDITEM(#8492,#91);
#8495= IFCMAPPEDITEM(#8492,#94);
#8496= IFCSHAPEREPRESENTATION(#12,'Body','MappedRepresentation',(#8493,#8494,#8495));
#8497= IFCPRODUCTDEFINITIONSHAPE($,$,(#8496));
#8498= IFCOPENINGELEMENT('2xGm$RRiH8l912njgxpKg0',#5,$,$,'Opening',#8487,#8497,$);
#8499= IFCRELVOIDSELEMENT('1TBM2DMYbDpBuSG5tuj4hw',#5,'Drill Hole',$,#8486,#8498);
#8500= IFCPROPERTYSINGLEVALUE('IndicationMark',$,IFCIDENTIFIER('b/648(?)'),$);
#8501= IFCPROPERTYSET('3tPBgTML5DxORLk1SNveKi',#5,'AISC_EM11_Pset_PieceIdentification','PieceIdentity',(#5743,#8500,#425,#701));
#8502= IFCCARTESIANPOINT((44630.0866241455,17546.7981835727,52714.9981994629));
#8503= IFCAXIS2PLACEMENT3D(#8502,#9,#8);
#8504= IFCLOCALPLACEMENT(#3128,#8503);
#8505= IFCCARTESIANPOINT((7440.49835205078,0.,0.));
#8506= IFCAXIS2PLACEMENT3D(#8505,#3991,#332);
#8507= IFCEXTRUDEDAREASOLID(#7721,#8506,#9,7440.5);
#8508= IFCDIRECTION((-0.998472581030667,0.055249479001696,0.));
#8509= IFCCARTESIANPOINT((-4.15082358605287,31.705135184282,-120.));
#8510= IFCAXIS2PLACEMENT3D(#8509,#8508,#9);
#8511= IFCPLANE(#8510);
#8512= IFCHALFSPACESOLID(#8511,.F.);
#8513= IFCBOOLEANCLIPPINGRESULT(.DIFFERENCE.,#8507,#8512);
#8514= IFCSHAPEREPRESENTATION(#12,'Body','Clipping',(#8513));
#8515= IFCPRODUCTDEFINITIONSHAPE($,$,(#8514));
#8516= IFCBEAM('2yhWw3N_HAixLjBbHPqG1z',#44,'main piece','IPE270','IPE270',#8504,#8515,'b/647(?)');
#8517= IFCLOCALPLACEMENT(#3128,#3133);
#8518= IFCSHAPEREPRESENTATION(#12,'Body','MappedRepresentation',(#8493,#8494,#8495));
#8519= IFCPRODUCTDEFINITIONSHAPE($,$,(#8518));
#8520= IFCOPENINGELEMENT('1GvKZFMyPBAu0FY9iMhDMM',#5,$,$,'Opening',#8517,#8519,$);
#8521= IFCRELVOIDSELEMENT('0w6JMPqDnAMQQCCtaIoCxt',#5,'Drill Hole',$,#8516,#8520);
#8522= IFCPROPERTYSINGLEVALUE('IndicationMark',$,IFCIDENTIFIER('b/647(?)'),$);
#8523= IFCPROPERTYSET('13uysM0W9CbBAsGoG0XUpU',#5,'AISC_EM11_Pset_PieceIdentification','PieceIdentity',(#5743,#8522,#425,#701));
#8524= IFCLOCALPLACEMENT(#42,#10);
#8525= IFCELEMENTASSEMBLY('3KdVIxr9HASR3RdC3nS7Ji',#7770,'BEAM',$,$,#8524,$,'B/664',.NOTDEFINED.,.RIGID_FRAME.);
#8526= IFCPROPERTYSINGLEVALUE('AssemblyMark',$,IFCIDENTIFIER('B/664'),$);
#8527= IFCPROPERTYSET('3ZHtqmQ_j2SBlPnI4VvhA$',#5,'AISC_EM11_Pset_AssemblyIdentification','AssemblyIdentity',(#8526,#52,#53));
#8528= IFCCARTESIANPOINT((37103.0060882568,20783.9382807141,52729.9981994629));
#8529= IFCAXIS2PLACEMENT3D(#8528,#9,#8);
#8530= IFCLOCALPLACEMENT(#8524,#8529);
#8531= IFCCARTESIANPOINT((409.999847412109,0.,0.));
#8532= IFCAXIS2PLACEMENT3D(#8531,#3991,#332);
#8533= IFCEXTRUDEDAREASOLID(#8219,#8532,#9,410.);
#8534= IFCSHAPEREPRESENTATION(#12,'Body','SweptSolid',(#8533));
#8535= IFCPRODUCTDEFINITIONSHAPE($,$,(#8534));
#8536= IFCBEAM('2GIqfIew9AJwKxmz4AVduv',#7770,'main piece','IPE240','IPE240',#8530,#8535,'b/559');
#8537= IFCPROPERTYSINGLEVALUE('IndicationMark',$,IFCIDENTIFIER('b/559'),$);
#8538= IFCPROPERTYSET('1M2PFAOZz85urD7ypkQ38o',#5,'AISC_EM11_Pset_PieceIdentification','PieceIdentity',(#5743,#8537,#425,#701));
#8539= IFCLOCALPLACEMENT(#42,#10);
#8540= IFCELEMENTASSEMBLY('29EgfIhGL4th4PSB6EnXHY',#7770,'BEAM',$,$,#8539,$,'B/663',.NOTDEFINED.,.RIGID_FRAME.);
#8541= IFCPROPERTYSINGLEVALUE('AssemblyMark',$,IFCIDENTIFIER('B/663'),$);
#8542= IFCPROPERTYSET('1GB1U_hjH6kACbmmm6Oulv',#5,'AISC_EM11_Pset_AssemblyIdentification','AssemblyIdentity',(#8541,#52,#53));
#8543= IFCCARTESIANPOINT((36015.3653259277,21277.0374933606,52729.9981994629));
#8544= IFCAXIS2PLACEMENT3D(#8543,#9,#7);
#8545= IFCLOCALPLACEMENT(#8539,#8544);
#8546= IFCCARTESIANPOINT((2159.93881225586,0.,0.));
#8547= IFCAXIS2PLACEMENT3D(#8546,#3991,#332);
#8548= IFCEXTRUDEDAREASOLID(#8219,#8547,#9,2159.94);
#8549= IFCSHAPEREPRESENTATION(#12,'Body','SweptSolid',(#8548));
#8550= IFCPRODUCTDEFINITIONSHAPE($,$,(#8549));
#8551= IFCBEAM('1KpezNIMf3ugrVe19SUyJX',#7770,'main piece','IPE240','IPE240',#8545,#8550,'b/558');
#8552= IFCPROPERTYSINGLEVALUE('IndicationMark',$,IFCIDENTIFIER('b/558'),$);
#8553= IFCPROPERTYSET('2gFzBo62T9tAEFueNkkG8y',#5,'AISC_EM11_Pset_PieceIdentification','PieceIdentity',(#5743,#8552,#425,#701));
#8554= IFCLOCALPLACEMENT(#42,#10);
#8555= IFCELEMENTASSEMBLY('0lTZnXVX98EQijdKOWCDsb',#7770,'BEAM',$,$,#8554,$,'B/663',.NOTDEFINED.,.RIGID_FRAME.);
#8556= IFCCARTESIANPOINT((36015.3653259277,20707.039705885,52729.9981994629));
#8557= IFCDIRECTION((0.999998969784182,-0.00143541999969001,0.));
#8558= IFCAXIS2PLACEMENT3D(#8556,#9,#8557);
#8559= IFCLOCALPLACEMENT(#8554,#8558);
#8560= IFCCARTESIANPOINT((2159.9219639418,-3.63797880709171E-12,0.));
#8561= IFCAXIS2PLACEMENT3D(#8560,#3991,#332);
#8562= IFCEXTRUDEDAREASOLID(#8219,#8561,#9,2159.92);
#8563= IFCSHAPEREPRESENTATION(#12,'Body','SweptSolid',(#8562));
#8564= IFCPRODUCTDEFINITIONSHAPE($,$,(#8563));
#8565= IFCBEAM('36UQWF1Vr7x8g1YITrtFHr',#7770,'main piece','IPE240','IPE240',#8559,#8564,'b/558');
#8566= IFCCARTESIANPOINT((40375.0855560303,17782.3595544223,52714.9981994629));
#8567= IFCAXIS2PLACEMENT3D(#8566,#9,#8);
#8568= IFCLOCALPLACEMENT(#3242,#8567);
#8569= IFCCARTESIANPOINT((7204.89883422852,0.,0.));
#8570= IFCAXIS2PLACEMENT3D(#8569,#3991,#332);
#8571= IFCEXTRUDEDAREASOLID(#7721,#8570,#9,7204.9);
#8572= IFCCARTESIANPOINT((-4.18566667670893,31.7051351843693,-120.));
#8573= IFCAXIS2PLACEMENT3D(#8572,#8508,#9);
#8574= IFCPLANE(#8573);
#8575= IFCHALFSPACESOLID(#8574,.F.);
#8576= IFCBOOLEANCLIPPINGRESULT(.DIFFERENCE.,#8571,#8575);
#8577= IFCSHAPEREPRESENTATION(#12,'Body','Clipping',(#8576));
#8578= IFCPRODUCTDEFINITIONSHAPE($,$,(#8577));
#8579= IFCBEAM('36SPXBCbzFxPt9ZDsVMidQ',#44,'main piece','IPE270','IPE270',#8568,#8578,'b/646(?)');
#8580= IFCLOCALPLACEMENT(#3242,#3247);
#8581= IFCSHAPEREPRESENTATION(#12,'Body','MappedRepresentation',(#8493,#8494,#8495));
#8582= IFCPRODUCTDEFINITIONSHAPE($,$,(#8581));
#8583= IFCOPENINGELEMENT('15gnRwaBn8sBn96GzD8u32',#5,$,$,'Opening',#8580,#8582,$);
#8584= IFCRELVOIDSELEMENT('3UU2xBDUPDEQ2e7WRamiHI',#5,'Drill Hole',$,#8579,#8583);
#8585= IFCPROPERTYSINGLEVALUE('IndicationMark',$,IFCIDENTIFIER('b/646(?)'),$);
#8586= IFCPROPERTYSET('1mtB_YR2L25wHXpnj9$XOS',#5,'AISC_EM11_Pset_PieceIdentification','PieceIdentity',(#5743,#8585,#425,#701));
#8587= IFCCARTESIANPOINT((38250.0855560303,17899.9723931674,52714.9981994629));
#8588= IFCAXIS2PLACEMENT3D(#8587,#9,#8);
#8589= IFCLOCALPLACEMENT(#3311,#8588);
#8590= IFCCARTESIANPOINT((7087.29934692383,0.,0.));
#8591= IFCAXIS2PLACEMENT3D(#8590,#3991,#332);
#8592= IFCEXTRUDEDAREASOLID(#7721,#8591,#9,7087.3);
#8593= IFCCARTESIANPOINT((-4.17365328293818,31.7051351843693,-120.));
#8594= IFCAXIS2PLACEMENT3D(#8593,#8508,#9);
#8595= IFCPLANE(#8594);
#8596= IFCHALFSPACESOLID(#8595,.F.);
#8597= IFCBOOLEANCLIPPINGRESULT(.DIFFERENCE.,#8592,#8596);
#8598= IFCSHAPEREPRESENTATION(#12,'Body','Clipping',(#8597));
#8599= IFCPRODUCTDEFINITIONSHAPE($,$,(#8598));
#8600= IFCBEAM('0gP6cR2m9F_wkSdFqLOGRe',#44,'main piece','IPE270','IPE270',#8589,#8599,'b/645(?)');
#8601= IFCLOCALPLACEMENT(#3311,#3314);
#8602= IFCSHAPEREPRESENTATION(#12,'Body','MappedRepresentation',(#8493,#8494,#8495));
#8603= IFCPRODUCTDEFINITIONSHAPE($,$,(#8602));
#8604= IFCOPENINGELEMENT('3DRMYtFv9BaeKBHCDLrbsu',#5,$,$,'Opening',#8601,#8603,$);
#8605= IFCRELVOIDSELEMENT('3WHaMeFtLBlgJUIpJADKyy',#5,'Drill Hole',$,#8600,#8604);
#8606= IFCLOCALPLACEMENT(#42,#10);
#8607= IFCELEMENTASSEMBLY('1qNenMSn1AeAKtUozuCzcG',#7770,'BEAM',$,$,#8606,$,'B/701',.NOTDEFINED.,.RIGID_FRAME.);
#8608= IFCPROPERTYSINGLEVALUE('AssemblyMark',$,IFCIDENTIFIER('B/701'),$);
#8609= IFCPROPERTYSET('2YsQmLerH94Pzwi5e4Y9gP',#5,'AISC_EM11_Pset_AssemblyIdentification','AssemblyIdentity',(#8608,#52,#53));
#8610= IFCCARTESIANPOINT((35935.1460571289,19833.6023827915,52714.9981994629));
#8611= IFCAXIS2PLACEMENT3D(#8610,#9,#8);
#8612= IFCLOCALPLACEMENT(#8606,#8611);
#8613= IFCCARTESIANPOINT((5153.65600585938,0.,0.));
#8614= IFCAXIS2PLACEMENT3D(#8613,#3991,#332);
#8615= IFCEXTRUDEDAREASOLID(#7721,#8614,#9,5153.66);
#8616= IFCSHAPEREPRESENTATION(#12,'Body','SweptSolid',(#8615));
#8617= IFCPRODUCTDEFINITIONSHAPE($,$,(#8616));
#8618= IFCBEAM('3GQf0wEzn76fy26tipnHmO',#7770,'main piece','IPE270','IPE270',#8612,#8617,'b/596');
#8619= IFCPROPERTYSINGLEVALUE('IndicationMark',$,IFCIDENTIFIER('b/596'),$);
#8620= IFCPROPERTYSET('0GrMfvBJ96EAqsdYzcITxA',#5,'AISC_EM11_Pset_PieceIdentification','PieceIdentity',(#5743,#8619,#425,#701));
#8621= IFCLOCALPLACEMENT(#42,#10);
#8622= IFCELEMENTASSEMBLY('1J5mk5IZPCfecsPN0tzQrK',#7770,'BEAM',$,$,#8621,$,'B/660',.NOTDEFINED.,.RIGID_FRAME.);
#8623= IFCCARTESIANPOINT((37103.0060882568,18992.3695246106,52714.9981994629));
#8624= IFCAXIS2PLACEMENT3D(#8623,#9,#8);
#8625= IFCLOCALPLACEMENT(#8621,#8624);
#8626= IFCCARTESIANPOINT((574.499130249023,0.,0.));
#8627= IFCAXIS2PLACEMENT3D(#8626,#3991,#332);
#8628= IFCEXTRUDEDAREASOLID(#7721,#8627,#9,574.5);
#8629= IFCSHAPEREPRESENTATION(#12,'Body','SweptSolid',(#8628));
#8630= IFCPRODUCTDEFINITIONSHAPE($,$,(#8629));
#8631= IFCBEAM('0DLcrPm7DD8OZuUUrZMErw',#7770,'main piece','IPE270','IPE270',#8625,#8630,'b/555');
#8632= IFCLOCALPLACEMENT(#42,#10);
#8633= IFCELEMENTASSEMBLY('2gxSPIXgDE4vB4Cky8t$$V',#7770,'BEAM',$,$,#8632,$,'B/660',.NOTDEFINED.,.RIGID_FRAME.);
#8634= IFCCARTESIANPOINT((35182.9621429443,18992.3695246106,52714.9981994629));
#8635= IFCAXIS2PLACEMENT3D(#8634,#9,#8);
#8636= IFCLOCALPLACEMENT(#8632,#8635);
#8637= IFCSHAPEREPRESENTATION(#12,'Body','SweptSolid',(#8628));
#8638= IFCPRODUCTDEFINITIONSHAPE($,$,(#8637));
#8639= IFCBEAM('381nb86Kn92eZ$OI$Z2E98',#7770,'main piece','IPE270','IPE270',#8636,#8638,'b/555');
#8640= IFCCARTESIANPOINT((34272.6895446777,19647.1193949109,52714.9981994629));
#8641= IFCAXIS2PLACEMENT3D(#8640,#9,#7);
#8642= IFCLOCALPLACEMENT(#5452,#8641);
#8643= IFCCARTESIANPOINT((3900.,0.,0.));
#8644= IFCAXIS2PLACEMENT3D(#8643,#3991,#332);
#8645= IFCEXTRUDEDAREASOLID(#7721,#8644,#9,3900.);
#8646= IFCCARTESIANPOINT((237.779656798812,60.0096055126814,-120.));
#8647= IFCAXIS2PLACEMENT3D(#8646,#8004,#9);
#8648= IFCPLANE(#8647);
#8649= IFCHALFSPACESOLID(#8648,.F.);
#8650= IFCBOOLEANCLIPPINGRESULT(.DIFFERENCE.,#8645,#8649);
#8651= IFCSHAPEREPRESENTATION(#12,'Body','Clipping',(#8650));
#8652= IFCPRODUCTDEFINITIONSHAPE($,$,(#8651));
#8653= IFCBEAM('3psmf1Za14$gvuP894KP1D',#44,'main piece','IPE270','IPE270',#8642,#8652,'b/554(?)');
#8654= IFCLOCALPLACEMENT(#5452,#5457);
#8655= IFCSHAPEREPRESENTATION(#12,'Body','MappedRepresentation',(#8019,#8020,#8021));
#8656= IFCPRODUCTDEFINITIONSHAPE($,$,(#8655));
#8657= IFCOPENINGELEMENT('3bz8gVFp12KeOVgpQOj7v_',#5,$,$,'Opening',#8654,#8656,$);
#8658= IFCRELVOIDSELEMENT('2pV2ICbbT2VeAeHrqgAGds',#5,'Drill Hole',$,#8653,#8657);
#8659= IFCPROPERTYSINGLEVALUE('IndicationMark',$,IFCIDENTIFIER('b/554(?)'),$);
#8660= IFCPROPERTYSET('0Y8WeiplfCJf6o_G6yuoCn',#5,'AISC_EM11_Pset_PieceIdentification','PieceIdentity',(#5743,#8659,#425,#701));
#8661= IFCPROPERTYSINGLEVALUE('SkewedAngleX',$,IFCREAL(-0.00108),$);
#8662= IFCPROPERTYSET('36vWQCwUjDL8S8e$2MhvYx',#5,'AISC_EM11_Pset_SkewedEnd',$,(#703,#8661));
#8663= IFCCARTESIANPOINT((34251.7010803223,18912.1187845593,52714.9981994629));
#8664= IFCAXIS2PLACEMENT3D(#8663,#9,#7);
#8665= IFCLOCALPLACEMENT(#5385,#8664);
#8666= IFCCARTESIANPOINT((3910.9001159668,0.,0.));
#8667= IFCAXIS2PLACEMENT3D(#8666,#3991,#332);
#8668= IFCEXTRUDEDAREASOLID(#7721,#8667,#9,3910.9);
#8669= IFCCARTESIANPOINT((258.76812115428,60.0096055126814,-120.));
#8670= IFCAXIS2PLACEMENT3D(#8669,#8004,#9);
#8671= IFCPLANE(#8670);
#8672= IFCHALFSPACESOLID(#8671,.F.);
#8673= IFCBOOLEANCLIPPINGRESULT(.DIFFERENCE.,#8668,#8672);
#8674= IFCSHAPEREPRESENTATION(#12,'Body','Clipping',(#8673));
#8675= IFCPRODUCTDEFINITIONSHAPE($,$,(#8674));
#8676= IFCBEAM('2mTXLeH3D2GOGpsU23pkWu',#44,'main piece','IPE270','IPE270',#8665,#8675,'b/553(?)');
#8677= IFCLOCALPLACEMENT(#5385,#5388);
#8678= IFCSHAPEREPRESENTATION(#12,'Body','MappedRepresentation',(#8019,#8020,#8021));
#8679= IFCPRODUCTDEFINITIONSHAPE($,$,(#8678));
#8680= IFCOPENINGELEMENT('3zFuhFU0b2NRlatbIZvUCU',#5,$,$,'Opening',#8677,#8679,$);
#8681= IFCRELVOIDSELEMENT('1MWBXyeXn8n87Zyh5T6Z5E',#5,'Drill Hole',$,#8676,#8680);
#8682= IFCCARTESIANPOINT((36117.8052062988,18011.3953272229,52714.9981994629));
#8683= IFCAXIS2PLACEMENT3D(#8682,#9,#8);
#8684= IFCLOCALPLACEMENT(#3378,#8683);
#8685= IFCCARTESIANPOINT((820.499420166016,0.,0.));
#8686= IFCAXIS2PLACEMENT3D(#8685,#3991,#332);
#8687= IFCEXTRUDEDAREASOLID(#7721,#8686,#9,820.5);
#8688= IFCCARTESIANPOINT((2.43125306431466,31.7051351843693,-120.));
#8689= IFCAXIS2PLACEMENT3D(#8688,#8508,#9);
#8690= IFCPLANE(#8689);
#8691= IFCHALFSPACESOLID(#8690,.F.);
#8692= IFCBOOLEANCLIPPINGRESULT(.DIFFERENCE.,#8687,#8691);
#8693= IFCSHAPEREPRESENTATION(#12,'Body','Clipping',(#8692));
#8694= IFCPRODUCTDEFINITIONSHAPE($,$,(#8693));
#8695= IFCBEAM('3PzTJ9amT7fRxfV2umFXwH',#44,'main piece','IPE270','IPE270',#8684,#8694,'b/552(?)');
#8696= IFCLOCALPLACEMENT(#3378,#3383);
#8697= IFCSHAPEREPRESENTATION(#12,'Body','MappedRepresentation',(#8493,#8494,#8495));
#8698= IFCPRODUCTDEFINITIONSHAPE($,$,(#8697));
#8699= IFCOPENINGELEMENT('3ZaxsKICDCsgHG7lYZjOgH',#5,$,$,'Opening',#8696,#8698,$);
#8700= IFCRELVOIDSELEMENT('1a8xn1wp1B2QbC_p1PX0Hq',#5,'Drill Hole',$,#8695,#8699);
#8701= IFCPROPERTYSINGLEVALUE('IndicationMark',$,IFCIDENTIFIER('b/552(?)'),$);
#8702= IFCPROPERTYSET('3CHgoahhvErhmnslBFafCD',#5,'AISC_EM11_Pset_PieceIdentification','PieceIdentity',(#5743,#8701,#425,#701));
#8703= IFCPROPERTYSINGLEVALUE('SkewedAngleX',$,IFCREAL(3.16717),$);
#8704= IFCPROPERTYSET('0YlzWwAy16ORQPjU1_LfYn',#5,'AISC_EM11_Pset_SkewedEnd',$,(#703,#8703));
#8705= IFCLOCALPLACEMENT(#42,#10);
#8706= IFCELEMENTASSEMBLY('3tPoDrwyHFXhryTQXgQmBq',#7770,'BEAM',$,$,#8705,$,'B/618',.NOTDEFINED.,.RIGID_FRAME.);
#8707= IFCPROPERTYSINGLEVALUE('AssemblyMark',$,IFCIDENTIFIER('B/618'),$);
#8708= IFCPROPERTYSET('0MITnpWpXDT9cp2SNc_MoX',#5,'AISC_EM11_Pset_AssemblyIdentification','AssemblyIdentity',(#8707,#52,#53));
#8709= IFCCARTESIANPOINT((17144.9944610596,17380.1321526889,52699.9981994629));
#8710= IFCAXIS2PLACEMENT3D(#8709,#9,#7);
#8711= IFCLOCALPLACEMENT(#8705,#8710);
#8712= IFCCARTESIANPOINT((5879.9991607666,0.,0.));
#8713= IFCAXIS2PLACEMENT3D(#8712,#3991,#332);
#8714= IFCEXTRUDEDAREASOLID(#7913,#8713,#9,5880.);
#8715= IFCSHAPEREPRESENTATION(#12,'Body','SweptSolid',(#8714));
#8716= IFCPRODUCTDEFINITIONSHAPE($,$,(#8715));
#8717= IFCBEAM('1z0DBBWJL7cQ1EF6P9MMI1',#7770,'main piece','IPE300','IPE300',#8711,#8716,'b/513');
#8718= IFCPROPERTYSINGLEVALUE('IndicationMark',$,IFCIDENTIFIER('b/513'),$);
#8719= IFCPROPERTYSET('09Gb$$xsf3xeLV0ec6QjkP',#5,'AISC_EM11_Pset_PieceIdentification','PieceIdentity',(#5743,#8718,#425,#701));
#8720= IFCLOCALPLACEMENT(#42,#10);
#8721= IFCELEMENTASSEMBLY('1$_fFgPE11EPPJtpv3k98v',#7770,'BEAM',$,$,#8720,$,'B/655',.NOTDEFINED.,.RIGID_FRAME.);
#8722= IFCPROPERTYSINGLEVALUE('AssemblyMark',$,IFCIDENTIFIER('B/655'),$);
#8723= IFCPROPERTYSET('0auT3aKTHBmOeGKpX1vz6i',#5,'AISC_EM11_Pset_AssemblyIdentification','AssemblyIdentity',(#8722,#52,#53));
#8724= IFCCARTESIANPOINT((29325.05103302,7372.07932676118,52729.9981994629));
#8725= IFCDIRECTION((0.000488372999876268,-0.999999880745899,0.));
#8726= IFCAXIS2PLACEMENT3D(#8724,#9,#8725);
#8727= IFCLOCALPLACEMENT(#8720,#8726);
#8728= IFCCARTESIANPOINT((1769.20053599713,0.,0.));
#8729= IFCAXIS2PLACEMENT3D(#8728,#3991,#332);
#8730= IFCEXTRUDEDAREASOLID(#8219,#8729,#9,1769.2);
#8731= IFCSHAPEREPRESENTATION(#12,'Body','SweptSolid',(#8730));
#8732= IFCPRODUCTDEFINITIONSHAPE($,$,(#8731));
#8733= IFCBEAM('0dpbn$3cfBluAL6$xp5ruA',#7770,'main piece','IPE240','IPE240',#8727,#8732,'b/550');
#8734= IFCPROPERTYSINGLEVALUE('IndicationMark',$,IFCIDENTIFIER('b/550'),$);
#8735= IFCPROPERTYSET('1RRN0NYDT8TflqgkN3ZST7',#5,'AISC_EM11_Pset_PieceIdentification','PieceIdentity',(#5743,#8734,#425,#701));
#8736= IFCLOCALPLACEMENT(#42,#10);
#8737= IFCELEMENTASSEMBLY('3WUHhZ0GLFyQ6SQM8Y37NH',#7770,'BEAM',$,$,#8736,$,'B/655',.NOTDEFINED.,.RIGID_FRAME.);
#8738= IFCCARTESIANPOINT((28905.0519104004,5602.87900174898,52729.9981994629));
#8739= IFCAXIS2PLACEMENT3D(#8738,#9,#3478);
#8740= IFCLOCALPLACEMENT(#8736,#8739);
#8741= IFCCARTESIANPOINT((1769.1993713366,0.,0.));
#8742= IFCAXIS2PLACEMENT3D(#8741,#3991,#332);
#8743= IFCEXTRUDEDAREASOLID(#8219,#8742,#9,1769.2);
#8744= IFCSHAPEREPRESENTATION(#12,'Body','SweptSolid',(#8743));
#8745= IFCPRODUCTDEFINITIONSHAPE($,$,(#8744));
#8746= IFCBEAM('1Obt3KemTA$elDEB4fq2uh',#7770,'main piece','IPE240','IPE240',#8740,#8745,'b/550');
#8747= IFCLOCALPLACEMENT(#42,#10);
#8748= IFCELEMENTASSEMBLY('0xNK08GvrBuh48USmN70$H',#7770,'BEAM',$,$,#8747,$,'B/654',.NOTDEFINED.,.RIGID_FRAME.);
#8749= IFCPROPERTYSINGLEVALUE('AssemblyMark',$,IFCIDENTIFIER('B/654'),$);
#8750= IFCPROPERTYSET('3VTXrkVnj1Jvw6SmVrqBIz',#5,'AISC_EM11_Pset_AssemblyIdentification','AssemblyIdentity',(#8749,#52,#53));
#8751= IFCCARTESIANPOINT((28005.3155059814,5522.62301648897,52729.9981994629));
#8752= IFCAXIS2PLACEMENT3D(#8751,#9,#3765);
#8753= IFCLOCALPLACEMENT(#8747,#8752);
#8754= IFCCARTESIANPOINT((1864.5000457913,-3.94823242235596E-19,-7.27595761418343E-12));
#8755= IFCAXIS2PLACEMENT3D(#8754,#3991,#332);
#8756= IFCEXTRUDEDAREASOLID(#8219,#8755,#9,1864.5);
#8757= IFCSHAPEREPRESENTATION(#12,'Body','SweptSolid',(#8756));
#8758= IFCPRODUCTDEFINITIONSHAPE($,$,(#8757));
#8759= IFCBEAM('2zmrG8pe95RRpMCz3tUG_n',#7770,'main piece','IPE240','IPE240',#8753,#8758,'b/549');
#8760= IFCPROPERTYSINGLEVALUE('IndicationMark',$,IFCIDENTIFIER('b/549'),$);
#8761= IFCPROPERTYSET('3mS_copPD2SBLTCcFMvVe1',#5,'AISC_EM11_Pset_PieceIdentification','PieceIdentity',(#5743,#8760,#425,#701));
#8762= IFCLOCALPLACEMENT(#42,#10);
#8763= IFCELEMENTASSEMBLY('1fg06ONQ15Ne7CrWksC5Kr',#7770,'BEAM',$,$,#8762,$,'B/649',.NOTDEFINED.,.RIGID_FRAME.);
#8764= IFCPROPERTYSINGLEVALUE('AssemblyMark',$,IFCIDENTIFIER('B/649'),$);
#8765= IFCPROPERTYSET('2q6qgSr09E3RIaHOhAiFZb',#5,'AISC_EM11_Pset_AssemblyIdentification','AssemblyIdentity',(#8764,#52,#53));
#8766= IFCCARTESIANPOINT((37110.3016967773,4299.08843244356,52729.9981994629));
#8767= IFCAXIS2PLACEMENT3D(#8766,#9,#8);
#8768= IFCLOCALPLACEMENT(#8762,#8767);
#8769= IFCCARTESIANPOINT((309.99755859375,0.,0.));
#8770= IFCAXIS2PLACEMENT3D(#8769,#3991,#332);
#8771= IFCEXTRUDEDAREASOLID(#8219,#8770,#9,310.);
#8772= IFCSHAPEREPRESENTATION(#12,'Body','SweptSolid',(#8771));
#8773= IFCPRODUCTDEFINITIONSHAPE($,$,(#8772));
#8774= IFCBEAM('1BYq6GWML94uh5DvF9h$x6',#7770,'main piece','IPE240','IPE240',#8768,#8773,'b/544');
#8775= IFCPROPERTYSINGLEVALUE('IndicationMark',$,IFCIDENTIFIER('b/544'),$);
#8776= IFCPROPERTYSET('3OiZFlhKT9fuuIibJ2c4U8',#5,'AISC_EM11_Pset_PieceIdentification','PieceIdentity',(#5743,#8775,#425,#701));
#8777= IFCLOCALPLACEMENT(#42,#10);
#8778= IFCELEMENTASSEMBLY('0YtlKdyHrEmBgW65flh5oP',#7770,'BEAM',$,$,#8777,$,'B/646',.NOTDEFINED.,.RIGID_FRAME.);
#8779= IFCPROPERTYSINGLEVALUE('AssemblyMark',$,IFCIDENTIFIER('B/646'),$);
#8780= IFCPROPERTYSET('0tSZOyYl1E$8DFDcmLWAuR',#5,'AISC_EM11_Pset_AssemblyIdentification','AssemblyIdentity',(#8779,#52,#53));
#8781= IFCCARTESIANPOINT((38169.8491210938,4689.08639158052,52729.9981994629));
#8782= IFCAXIS2PLACEMENT3D(#8781,#9,#3991);
#8783= IFCLOCALPLACEMENT(#8777,#8782);
#8784= IFCCARTESIANPOINT((1967.00286865234,0.,0.));
#8785= IFCAXIS2PLACEMENT3D(#8784,#3991,#332);
#8786= IFCEXTRUDEDAREASOLID(#8219,#8785,#9,1967.);
#8787= IFCSHAPEREPRESENTATION(#12,'Body','SweptSolid',(#8786));
#8788= IFCPRODUCTDEFINITIONSHAPE($,$,(#8787));
#8789= IFCBEAM('3Ib4NwObT6M8OPlMcz9CvJ',#7770,'main piece','IPE240','IPE240',#8783,#8788,'b/541');
#8790= IFCPROPERTYSINGLEVALUE('IndicationMark',$,IFCIDENTIFIER('b/541'),$);
#8791= IFCPROPERTYSET('23jYwrcXz9Ge3$zsnpjjD_',#5,'AISC_EM11_Pset_PieceIdentification','PieceIdentity',(#5743,#8790,#425,#701));
#8792= IFCLOCALPLACEMENT(#42,#10);
#8793= IFCELEMENTASSEMBLY('07S09Wwlr0YfDjAQykJyzi',#7770,'BEAM',$,$,#8792,$,'B/645',.NOTDEFINED.,.RIGID_FRAME.);
#8794= IFCPROPERTYSINGLEVALUE('AssemblyMark',$,IFCIDENTIFIER('B/645'),$);
#8795= IFCPROPERTYSET('22F6hq_ufCbhSkFyCEuPMl',#5,'AISC_EM11_Pset_AssemblyIdentification','AssemblyIdentity',(#8794,#52,#53));
#8796= IFCCARTESIANPOINT((38169.8491210938,4219.0885087375,52729.9981994629));
#8797= IFCAXIS2PLACEMENT3D(#8796,#9,#3991);
#8798= IFCLOCALPLACEMENT(#8792,#8797);
#8799= IFCCARTESIANPOINT((1950.,0.,0.));
#8800= IFCAXIS2PLACEMENT3D(#8799,#3991,#332);
#8801= IFCEXTRUDEDAREASOLID(#8219,#8800,#9,1950.);
#8802= IFCSHAPEREPRESENTATION(#12,'Body','SweptSolid',(#8801));
#8803= IFCPRODUCTDEFINITIONSHAPE($,$,(#8802));
#8804= IFCBEAM('3HksjDDuL4nuNceP53355I',#7770,'main piece','IPE240','IPE240',#8798,#8803,'b/540');
#8805= IFCPROPERTYSINGLEVALUE('IndicationMark',$,IFCIDENTIFIER('b/540'),$);
#8806= IFCPROPERTYSET('3wECYjyzj9NRzPuGYDn8fj',#5,'AISC_EM11_Pset_PieceIdentification','PieceIdentity',(#5743,#8805,#425,#701));
#8807= IFCCARTESIANPOINT((34293.2850952148,4689.44878782075,52729.9981994629));
#8808= IFCAXIS2PLACEMENT3D(#8807,#9,#7);
#8809= IFCLOCALPLACEMENT(#5590,#8808);
#8810= IFCCARTESIANPOINT((1774.52087402344,0.,0.));
#8811= IFCAXIS2PLACEMENT3D(#8810,#3991,#332);
#8812= IFCEXTRUDEDAREASOLID(#8219,#8811,#9,1774.52);
#8813= IFCCARTESIANPOINT((217.184106261702,60.0096055126814,-120.));
#8814= IFCAXIS2PLACEMENT3D(#8813,#8004,#9);
#8815= IFCPLANE(#8814);
#8816= IFCHALFSPACESOLID(#8815,.F.);
#8817= IFCBOOLEANCLIPPINGRESULT(.DIFFERENCE.,#8812,#8816);
#8818= IFCSHAPEREPRESENTATION(#12,'Body','Clipping',(#8817));
#8819= IFCPRODUCTDEFINITIONSHAPE($,$,(#8818));
#8820= IFCBEAM('1HnipN5Rn029HKG2DBgLFe',#44,'main piece','IPE240','IPE240',#8809,#8819,'b/548(?)');
#8821= IFCLOCALPLACEMENT(#5590,#5595);
#8822= IFCCARTESIANPOINT((0.,-3.19999990846154,0.));
#8823= IFCAXIS2PLACEMENT3D(#8822,#8,#7);
#8824= IFCEXTRUDEDAREASOLID(#405,#8823,#9,6.4);
#8825= IFCSHAPEREPRESENTATION(#12,'Body','SweptSolid',(#8824));
#8826= IFCREPRESENTATIONMAP(#10,#8825);
#8827= IFCMAPPEDITEM(#8826,#86);
#8828= IFCMAPPEDITEM(#8826,#91);
#8829= IFCMAPPEDITEM(#8826,#94);
#8830= IFCSHAPEREPRESENTATION(#12,'Body','MappedRepresentation',(#8827,#8828,#8829));
#8831= IFCPRODUCTDEFINITIONSHAPE($,$,(#8830));
#8832= IFCOPENINGELEMENT('26fL_ryYL8$gzELuR5W7dl',#5,$,$,'Opening',#8821,#8831,$);
#8833= IFCRELVOIDSELEMENT('1n3tfxYPH0MBeon0e291KE',#5,'Drill Hole',$,#8820,#8832);
#8834= IFCPROPERTYSINGLEVALUE('IndicationMark',$,IFCIDENTIFIER('b/548(?)'),$);
#8835= IFCPROPERTYSET('3X4GoozF9DmBZqgK7axTQa',#5,'AISC_EM11_Pset_PieceIdentification','PieceIdentity',(#5743,#8834,#425,#701));
#8836= IFCCARTESIANPOINT((34304.5804138184,4219.08660138887,52729.9981994629));
#8837= IFCAXIS2PLACEMENT3D(#8836,#9,#7);
#8838= IFCLOCALPLACEMENT(#5659,#8837);
#8839= IFCCARTESIANPOINT((1763.22555541992,0.,0.));
#8840= IFCAXIS2PLACEMENT3D(#8839,#3991,#332);
#8841= IFCEXTRUDEDAREASOLID(#8219,#8840,#9,1763.23);
#8842= IFCCARTESIANPOINT((205.888787658187,60.0096055126814,-120.));
#8843= IFCAXIS2PLACEMENT3D(#8842,#8004,#9);
#8844= IFCPLANE(#8843);
#8845= IFCHALFSPACESOLID(#8844,.F.);
#8846= IFCBOOLEANCLIPPINGRESULT(.DIFFERENCE.,#8841,#8845);
#8847= IFCSHAPEREPRESENTATION(#12,'Body','Clipping',(#8846));
#8848= IFCPRODUCTDEFINITIONSHAPE($,$,(#8847));
#8849= IFCBEAM('1RVTA9Evn4dhmarc85oj0z',#44,'main piece','IPE240','IPE240',#8838,#8848,'b/546(?)');
#8850= IFCLOCALPLACEMENT(#5659,#5664);
#8851= IFCSHAPEREPRESENTATION(#12,'Body','MappedRepresentation',(#8827,#8828,#8829));
#8852= IFCPRODUCTDEFINITIONSHAPE($,$,(#8851));
#8853= IFCOPENINGELEMENT('0Iv_FXxQHAbAOxs4DilwXE',#5,$,$,'Opening',#8850,#8852,$);
#8854= IFCRELVOIDSELEMENT('0ulcsqTj91GB4bs2F9fXXI',#5,'Drill Hole',$,#8849,#8853);
#8855= IFCPROPERTYSINGLEVALUE('IndicationMark',$,IFCIDENTIFIER('b/546(?)'),$);
#8856= IFCPROPERTYSET('0qKFuLStH32BA7YAoYFCo9',#5,'AISC_EM11_Pset_PieceIdentification','PieceIdentity',(#5743,#8855,#425,#701));
#8857= IFCCARTESIANPOINT((78913.0360717755,5942.54870607831,52714.9981994629));
#8858= IFCAXIS2PLACEMENT3D(#8857,#9,#7);
#8859= IFCLOCALPLACEMENT(#4022,#8858);
#8860= IFCCARTESIANPOINT((968.3113098168,-9.09494701772928E-13,7.27595761418343E-12));
#8861= IFCAXIS2PLACEMENT3D(#8860,#3991,#332);
#8862= IFCEXTRUDEDAREASOLID(#7721,#8861,#9,968.31);
#8863= IFCCARTESIANPOINT((397.615652371329,60.0090618759159,-119.999999999993));
#8864= IFCAXIS2PLACEMENT3D(#8863,#8004,#9);
#8865= IFCPLANE(#8864);
#8866= IFCHALFSPACESOLID(#8865,.F.);
#8867= IFCBOOLEANCLIPPINGRESULT(.DIFFERENCE.,#8862,#8866);
#8868= IFCSHAPEREPRESENTATION(#12,'Body','Clipping',(#8867));
#8869= IFCPRODUCTDEFINITIONSHAPE($,$,(#8868));
#8870= IFCBEAM('2Js4M0_$X7Aw$LB7hzPOlI',#44,'main piece','IPE270','IPE270',#8859,#8869,'b/508(?)');
#8871= IFCLOCALPLACEMENT(#4022,#4025);
#8872= IFCCARTESIANPOINT((0.,-3.39940356575062,0.));
#8873= IFCAXIS2PLACEMENT3D(#8872,#8,#7);
#8874= IFCEXTRUDEDAREASOLID(#405,#8873,#9,6.8);
#8875= IFCSHAPEREPRESENTATION(#12,'Body','SweptSolid',(#8874));
#8876= IFCREPRESENTATIONMAP(#10,#8875);
#8877= IFCMAPPEDITEM(#8876,#86);
#8878= IFCMAPPEDITEM(#8876,#91);
#8879= IFCMAPPEDITEM(#8876,#94);
#8880= IFCSHAPEREPRESENTATION(#12,'Body','MappedRepresentation',(#8877,#8878,#8879));
#8881= IFCPRODUCTDEFINITIONSHAPE($,$,(#8880));
#8882= IFCOPENINGELEMENT('1NDE345Kr5_R2F4GWWqp$$',#5,$,$,'Opening',#8871,#8881,$);
#8883= IFCRELVOIDSELEMENT('1vKv5xPaT4hQnmvbUhAQnm',#5,'Drill Hole',$,#8870,#8882);
#8884= IFCPROPERTYSINGLEVALUE('SkewedAngleX',$,IFCREAL(-0.00102),$);
#8885= IFCPROPERTYSET('3Y3jcAduTAARKnRgMORB$3',#5,'AISC_EM11_Pset_SkewedEnd',$,(#703,#8884));
#8886= IFCLOCALPLACEMENT(#42,#10);
#8887= IFCELEMENTASSEMBLY('1Ldu72iLb2wQLRbGyLKeik',#7770,'BEAM',$,$,#8886,$,'B/652',.NOTDEFINED.,.RIGID_FRAME.);
#8888= IFCPROPERTYSINGLEVALUE('AssemblyMark',$,IFCIDENTIFIER('B/652'),$);
#8889= IFCPROPERTYSET('1JgnQe0d1BT8S925TaVxWg',#5,'AISC_EM11_Pset_AssemblyIdentification','AssemblyIdentity',(#8888,#52,#53));
#8890= IFCCARTESIANPOINT((72330.2876586914,5530.1990052585,52714.9981994629));
#8891= IFCAXIS2PLACEMENT3D(#8890,#9,#7);
#8892= IFCLOCALPLACEMENT(#8886,#8891);
#8893= IFCCARTESIANPOINT((1982.2998046875,0.,0.));
#8894= IFCAXIS2PLACEMENT3D(#8893,#3991,#332);
#8895= IFCEXTRUDEDAREASOLID(#7721,#8894,#9,1982.3);
#8896= IFCSHAPEREPRESENTATION(#12,'Body','SweptSolid',(#8895));
#8897= IFCPRODUCTDEFINITIONSHAPE($,$,(#8896));
#8898= IFCBEAM('0A_JUGGFD8zwbhbGsmj_6j',#7770,'main piece','IPE270','IPE270',#8892,#8897,'b/547');
#8899= IFCPROPERTYSINGLEVALUE('IndicationMark',$,IFCIDENTIFIER('b/547'),$);
#8900= IFCPROPERTYSET('1ElIl8b5r7hO1bx9JIMWZ3',#5,'AISC_EM11_Pset_PieceIdentification','PieceIdentity',(#5743,#8899,#425,#701));
#8901= IFCLOCALPLACEMENT(#42,#10);
#8902= IFCELEMENTASSEMBLY('2M3A6oGdzEOOmamqMpycCV',#7770,'BEAM',$,$,#8901,$,'B/651',.NOTDEFINED.,.RIGID_FRAME.);
#8903= IFCPROPERTYSINGLEVALUE('AssemblyMark',$,IFCIDENTIFIER('B/651'),$);
#8904= IFCPROPERTYSET('0_o_Mrp5919f9cOgeBAwK7',#5,'AISC_EM11_Pset_AssemblyIdentification','AssemblyIdentity',(#8903,#52,#53));
#8905= IFCCARTESIANPOINT((73095.1268310547,7368.19977964204,52729.9981994629));
#8906= IFCAXIS2PLACEMENT3D(#8905,#9,#332);
#8907= IFCLOCALPLACEMENT(#8901,#8906);
#8908= IFCCARTESIANPOINT((1763.7996673584,0.,0.));
#8909= IFCAXIS2PLACEMENT3D(#8908,#3991,#332);
#8910= IFCEXTRUDEDAREASOLID(#8219,#8909,#9,1763.8);
#8911= IFCSHAPEREPRESENTATION(#12,'Body','SweptSolid',(#8910));
#8912= IFCPRODUCTDEFINITIONSHAPE($,$,(#8911));
#8913= IFCBEAM('3tzjISL59BpxHUovNYOUeI',#7770,'main piece','IPE240','IPE240',#8907,#8912,'b/546');
#8914= IFCPROPERTYSINGLEVALUE('IndicationMark',$,IFCIDENTIFIER('b/546'),$);
#8915= IFCPROPERTYSET('2FGRKsXqH8uPe8orFTEF7k',#5,'AISC_EM11_Pset_PieceIdentification','PieceIdentity',(#5743,#8914,#425,#701));
#8916= IFCLOCALPLACEMENT(#42,#10);
#8917= IFCELEMENTASSEMBLY('0p4ySvbyP7Ffz30S4K39kM',#7770,'BEAM',$,$,#8916,$,'B/650',.NOTDEFINED.,.RIGID_FRAME.);
#8918= IFCPROPERTYSINGLEVALUE('AssemblyMark',$,IFCIDENTIFIER('B/650'),$);
#8919= IFCPROPERTYSET('3R9deusWT6Exs5ItTNAQln',#5,'AISC_EM11_Pset_AssemblyIdentification','AssemblyIdentity',(#8918,#52,#53));
#8920= IFCCARTESIANPOINT((72643.5710327626,5604.40011228365,52729.9981994629));
#8921= IFCAXIS2PLACEMENT3D(#8920,#9,#8);
#8922= IFCLOCALPLACEMENT(#8916,#8921);
#8923= IFCCARTESIANPOINT((1750.,0.,0.));
#8924= IFCAXIS2PLACEMENT3D(#8923,#3991,#332);
#8925= IFCEXTRUDEDAREASOLID(#8219,#8924,#9,1750.);
#8926= IFCSHAPEREPRESENTATION(#12,'Body','SweptSolid',(#8925));
#8927= IFCPRODUCTDEFINITIONSHAPE($,$,(#8926));
#8928= IFCBEAM('149IBBkHn4s9XlhaWcCjI9',#7770,'main piece','IPE240','IPE240',#8922,#8927,'b/545');
#8929= IFCPROPERTYSINGLEVALUE('IndicationMark',$,IFCIDENTIFIER('b/545'),$);
#8930= IFCPROPERTYSET('0tUDajzU97meWIe4RrQLqG',#5,'AISC_EM11_Pset_PieceIdentification','PieceIdentity',(#5743,#8929,#425,#701));
#8931= IFCLOCALPLACEMENT(#42,#10);
#8932= IFCELEMENTASSEMBLY('2YNmHiwrHBPgSJsXOY_lKq',#7770,'BEAM',$,$,#8931,$,'B/649',.NOTDEFINED.,.RIGID_FRAME.);
#8933= IFCCARTESIANPOINT((64890.3004760742,4299.13754667085,52729.9981994629));
#8934= IFCAXIS2PLACEMENT3D(#8933,#9,#8);
#8935= IFCLOCALPLACEMENT(#8931,#8934);
#8936= IFCSHAPEREPRESENTATION(#12,'Body','SweptSolid',(#8771));
#8937= IFCPRODUCTDEFINITIONSHAPE($,$,(#8936));
#8938= IFCBEAM('3GC5K_5xfExgPmZ4tPhm3V',#7770,'main piece','IPE240','IPE240',#8935,#8937,'b/544');
#8939= IFCCARTESIANPOINT((65952.4113769531,4689.50457776826,52729.9981994629));
#8940= IFCAXIS2PLACEMENT3D(#8939,#9,#7);
#8941= IFCLOCALPLACEMENT(#5316,#8940);
#8942= IFCCARTESIANPOINT((1754.50134277344,0.,0.));
#8943= IFCAXIS2PLACEMENT3D(#8942,#3991,#332);
#8944= IFCEXTRUDEDAREASOLID(#8219,#8943,#9,1754.5);
#8945= IFCDIRECTION((0.99999999982296,1.88169999696732E-05,0.));
#8946= IFCCARTESIANPOINT((1537.11942157033,-60.0096055126742,-120.));
#8947= IFCAXIS2PLACEMENT3D(#8946,#8945,#9);
#8948= IFCPLANE(#8947);
#8949= IFCHALFSPACESOLID(#8948,.F.);
#8950= IFCBOOLEANCLIPPINGRESULT(.DIFFERENCE.,#8944,#8949);
#8951= IFCSHAPEREPRESENTATION(#12,'Body','Clipping',(#8950));
#8952= IFCPRODUCTDEFINITIONSHAPE($,$,(#8951));
#8953= IFCBEAM('3O1w06LW5EzhEIw4L3FoXY',#44,'main piece','IPE240','IPE240',#8941,#8952,'b/543(?)');
#8954= IFCLOCALPLACEMENT(#5316,#5321);
#8955= IFCSHAPEREPRESENTATION(#12,'Body','MappedRepresentation',(#8827,#8828,#8829));
#8956= IFCPRODUCTDEFINITIONSHAPE($,$,(#8955));
#8957= IFCOPENINGELEMENT('0i5UEXNbD0l8Oop7zFvT$P',#5,$,$,'Opening',#8954,#8956,$);
#8958= IFCRELVOIDSELEMENT('0Hb4bLFNzDFgHGc457HzPN',#5,'Drill Hole',$,#8953,#8957);
#8959= IFCPROPERTYSINGLEVALUE('IndicationMark',$,IFCIDENTIFIER('b/543(?)'),$);
#8960= IFCPROPERTYSET('3mn0BgxEP3S9hoR9ErBO6p',#5,'AISC_EM11_Pset_PieceIdentification','PieceIdentity',(#5743,#8959,#425,#701));
#8961= IFCPROPERTYSET('2SSA4fpbz7YO05aiVHFwKK',#5,'AISC_EM11_Pset_SkewedEnd_2',$,(#703,#8661));
#8962= IFCCARTESIANPOINT((65952.4037475586,4219.50526441377,52729.9981994629));
#8963= IFCAXIS2PLACEMENT3D(#8962,#9,#7);
#8964= IFCLOCALPLACEMENT(#5247,#8963);
#8965= IFCCARTESIANPOINT((1741.10412597656,0.,0.));
#8966= IFCAXIS2PLACEMENT3D(#8965,#3991,#332);
#8967= IFCEXTRUDEDAREASOLID(#8219,#8966,#9,1741.1);
#8968= IFCCARTESIANPOINT((1537.12705096486,-60.0096055126742,-120.));
#8969= IFCAXIS2PLACEMENT3D(#8968,#8945,#9);
#8970= IFCPLANE(#8969);
#8971= IFCHALFSPACESOLID(#8970,.F.);
#8972= IFCBOOLEANCLIPPINGRESULT(.DIFFERENCE.,#8967,#8971);
#8973= IFCSHAPEREPRESENTATION(#12,'Body','Clipping',(#8972));
#8974= IFCPRODUCTDEFINITIONSHAPE($,$,(#8973));
#8975= IFCBEAM('2cEdmR_Eb0v86mcyyDuJF4',#44,'main piece','IPE240','IPE240',#8964,#8974,'b/542(?)');
#8976= IFCLOCALPLACEMENT(#5247,#5252);
#8977= IFCSHAPEREPRESENTATION(#12,'Body','MappedRepresentation',(#8827,#8828,#8829));
#8978= IFCPRODUCTDEFINITIONSHAPE($,$,(#8977));
#8979= IFCOPENINGELEMENT('26w4b_hXXD2u$oY4QdKQpH',#5,$,$,'Opening',#8976,#8978,$);
#8980= IFCRELVOIDSELEMENT('1N$nBM6en6xwPNwM1c$dlj',#5,'Drill Hole',$,#8975,#8979);
#8981= IFCPROPERTYSINGLEVALUE('IndicationMark',$,IFCIDENTIFIER('b/542(?)'),$);
#8982= IFCPROPERTYSET('2NqKcae2LBHOfDh9CgA5g$',#5,'AISC_EM11_Pset_PieceIdentification','PieceIdentity',(#5743,#8981,#425,#701));
#8983= IFCLOCALPLACEMENT(#42,#10);
#8984= IFCELEMENTASSEMBLY('2PU6LaCor6lw3LibanS2BS',#7770,'BEAM',$,$,#8983,$,'B/646',.NOTDEFINED.,.RIGID_FRAME.);
#8985= IFCCARTESIANPOINT((65797.7940673828,4689.13550580782,52729.9981994629));
#8986= IFCAXIS2PLACEMENT3D(#8985,#9,#3991);
#8987= IFCLOCALPLACEMENT(#8983,#8986);
#8988= IFCCARTESIANPOINT((1967.49877929688,0.,0.));
#8989= IFCAXIS2PLACEMENT3D(#8988,#3991,#332);
#8990= IFCEXTRUDEDAREASOLID(#8219,#8989,#9,1967.5);
#8991= IFCSHAPEREPRESENTATION(#12,'Body','SweptSolid',(#8990));
#8992= IFCPRODUCTDEFINITIONSHAPE($,$,(#8991));
#8993= IFCBEAM('3DbjATOdj9Juvgbyo9qDMO',#7770,'main piece','IPE240','IPE240',#8987,#8992,'b/541');
#8994= IFCLOCALPLACEMENT(#42,#10);
#8995= IFCELEMENTASSEMBLY('2l2SWXWJ1EEfWpj2HbkYRX',#7770,'BEAM',$,$,#8994,$,'B/645',.NOTDEFINED.,.RIGID_FRAME.);
#8996= IFCCARTESIANPOINT((63830.2952880859,4219.13714612764,52729.9981994629));
#8997= IFCAXIS2PLACEMENT3D(#8996,#9,#7);
#8998= IFCLOCALPLACEMENT(#8994,#8997);
#8999= IFCSHAPEREPRESENTATION(#12,'Body','SweptSolid',(#8801));
#9000= IFCPRODUCTDEFINITIONSHAPE($,$,(#8999));
#9001= IFCBEAM('1mQMsvcuP00uI4B_8B3dvU',#7770,'main piece','IPE240','IPE240',#8998,#9000,'b/540');
#9002= IFCLOCALPLACEMENT(#42,#10);
#9003= IFCELEMENTASSEMBLY('0_NMytIWz9CAuzmSbHUi5u',#7770,'BEAM',$,$,#9002,$,'B/617',.NOTDEFINED.,.RIGID_FRAME.);
#9004= IFCPROPERTYSINGLEVALUE('AssemblyMark',$,IFCIDENTIFIER('B/617'),$);
#9005= IFCPROPERTYSET('14GAFu_az5nRQsgy2S9Kgq',#5,'AISC_EM11_Pset_AssemblyIdentification','AssemblyIdentity',(#9004,#52,#53));
#9006= IFCCARTESIANPOINT((84607.9327697754,17475.2058526401,52684.9981994629));
#9007= IFCAXIS2PLACEMENT3D(#9006,#9,#3478);
#9008= IFCLOCALPLACEMENT(#9002,#9007);
#9009= IFCCARTESIANPOINT((7127.30789185795,0.,0.));
#9010= IFCAXIS2PLACEMENT3D(#9009,#3991,#332);
#9011= IFCEXTRUDEDAREASOLID(#7665,#9010,#9,7127.31);
#9012= IFCSHAPEREPRESENTATION(#12,'Body','SweptSolid',(#9011));
#9013= IFCPRODUCTDEFINITIONSHAPE($,$,(#9012));
#9014= IFCBEAM('1_PncBAq5EMvZobnkX03so',#7770,'main piece','IPE330','IPE330',#9008,#9013,'b/512');
#9015= IFCPROPERTYSINGLEVALUE('IndicationMark',$,IFCIDENTIFIER('b/512'),$);
#9016= IFCPROPERTYSET('25TEe0uxn4vu8WLXwWrlGZ',#5,'AISC_EM11_Pset_PieceIdentification','PieceIdentity',(#5743,#9015,#425,#701));
#9017= IFCLOCALPLACEMENT(#42,#10);
#9018= IFCELEMENTASSEMBLY('2GmHxvRyr8AfkmTRnqU3Zx',#7770,'BEAM',$,$,#9017,$,'B/749',.NOTDEFINED.,.RIGID_FRAME.);
#9019= IFCPROPERTYSINGLEVALUE('AssemblyMark',$,IFCIDENTIFIER('B/749'),$);
#9020= IFCPROPERTYSET('0C5agnvC92h8Zis3PYYnOL',#5,'AISC_EM11_Pset_AssemblyIdentification','AssemblyIdentity',(#9019,#52,#53));
#9021= IFCCARTESIANPOINT((84607.9403991699,8215.19608701509,52684.9981994629));
#9022= IFCAXIS2PLACEMENT3D(#9021,#9,#8);
#9023= IFCLOCALPLACEMENT(#9017,#9022);
#9024= IFCCARTESIANPOINT((9070.00923157629,0.,-7.27595761418343E-12));
#9025= IFCAXIS2PLACEMENT3D(#9024,#3991,#332);
#9026= IFCEXTRUDEDAREASOLID(#7665,#9025,#9,9070.01);
#9027= IFCSHAPEREPRESENTATION(#12,'Body','SweptSolid',(#9026));
#9028= IFCPRODUCTDEFINITIONSHAPE($,$,(#9027));
#9029= IFCBEAM('1K1myPmPr6HAtQRLgCkQy8',#7770,'main piece','IPE330','IPE330',#9023,#9028,'b/644');
#9030= IFCPROPERTYSINGLEVALUE('IndicationMark',$,IFCIDENTIFIER('b/644'),$);
#9031= IFCPROPERTYSET('1Dqk6Vq0n6aBxN0BFF$XHi',#5,'AISC_EM11_Pset_PieceIdentification','PieceIdentity',(#5743,#9030,#425,#701));
#9032= IFCLOCALPLACEMENT(#42,#10);
#9033= IFCELEMENTASSEMBLY('11hYeByIL979Ic4eXPKnuS',#7770,'BEAM',$,$,#9032,$,'B/640',.NOTDEFINED.,.RIGID_FRAME.);
#9034= IFCPROPERTYSINGLEVALUE('AssemblyMark',$,IFCIDENTIFIER('B/640'),$);
#9035= IFCPROPERTYSET('33eIN62ArCagth2tSRoGga',#5,'AISC_EM11_Pset_AssemblyIdentification','AssemblyIdentity',(#9034,#52,#53));
#9036= IFCCARTESIANPOINT((84607.9442138672,897.958233011184,52684.9981994629));
#9037= IFCAXIS2PLACEMENT3D(#9036,#9,#8);
#9038= IFCLOCALPLACEMENT(#9032,#9037);
#9039= IFCCARTESIANPOINT((7150.,0.,0.));
#9040= IFCAXIS2PLACEMENT3D(#9039,#3991,#332);
#9041= IFCEXTRUDEDAREASOLID(#7665,#9040,#9,7150.);
#9042= IFCSHAPEREPRESENTATION(#12,'Body','SweptSolid',(#9041));
#9043= IFCPRODUCTDEFINITIONSHAPE($,$,(#9042));
#9044= IFCBEAM('3JKXB6UfD2YgYYwrbVXhiA',#7770,'main piece','IPE330','IPE330',#9038,#9043,'b/535');
#9045= IFCPROPERTYSINGLEVALUE('IndicationMark',$,IFCIDENTIFIER('b/535'),$);
#9046= IFCPROPERTYSET('23Lsp5rlX53h91Soao_y9$',#5,'AISC_EM11_Pset_PieceIdentification','PieceIdentity',(#5743,#9045,#425,#701));
#9047= IFCLOCALPLACEMENT(#42,#10);
#9048= IFCELEMENTASSEMBLY('2T3HiEumP8rPmYKEdgfl9J',#7770,'BEAM',$,$,#9047,$,'B/639',.NOTDEFINED.,.RIGID_FRAME.);
#9049= IFCPROPERTYSINGLEVALUE('AssemblyMark',$,IFCIDENTIFIER('B/639'),$);
#9050= IFCPROPERTYSET('1FnOqm2jf7WPLO8CwG2xLi',#5,'AISC_EM11_Pset_AssemblyIdentification','AssemblyIdentity',(#9049,#52,#53));
#9051= IFCCARTESIANPOINT((82710.0816650391,17305.2057763461,52714.9981994629));
#9052= IFCAXIS2PLACEMENT3D(#9051,#9,#332);
#9053= IFCLOCALPLACEMENT(#9047,#9052);
#9054= IFCCARTESIANPOINT((9085.205078125,0.,0.));
#9055= IFCAXIS2PLACEMENT3D(#9054,#3991,#332);
#9056= IFCEXTRUDEDAREASOLID(#7721,#9055,#9,9085.21);
#9057= IFCSHAPEREPRESENTATION(#12,'Body','SweptSolid',(#9056));
#9058= IFCPRODUCTDEFINITIONSHAPE($,$,(#9057));
#9059= IFCBEAM('1MUnsoX_L8DeEIr1injVqV',#7770,'main piece','IPE270','IPE270',#9053,#9058,'b/534');
#9060= IFCPROPERTYSINGLEVALUE('IndicationMark',$,IFCIDENTIFIER('b/534'),$);
#9061= IFCPROPERTYSET('2IiKSvzaTBXgm7PN1JFnLv',#5,'AISC_EM11_Pset_PieceIdentification','PieceIdentity',(#5743,#9060,#425,#701));
#9062= IFCLOCALPLACEMENT(#42,#10);
#9063= IFCELEMENTASSEMBLY('295dg1LwL499WbR9rNPgrg',#7770,'BEAM',$,$,#9062,$,'B/638',.NOTDEFINED.,.RIGID_FRAME.);
#9064= IFCPROPERTYSINGLEVALUE('AssemblyMark',$,IFCIDENTIFIER('B/638'),$);
#9065= IFCPROPERTYSET('2XdYzUKOD7YwNNHZPrlSuK',#5,'AISC_EM11_Pset_AssemblyIdentification','AssemblyIdentity',(#9064,#52,#53));
#9066= IFCCARTESIANPOINT((80810.0801391602,8235.19654477876,52714.9981994629));
#9067= IFCAXIS2PLACEMENT3D(#9066,#9,#8);
#9068= IFCLOCALPLACEMENT(#9062,#9067);
#9069= IFCEXTRUDEDAREASOLID(#7721,#9025,#9,9070.01);
#9070= IFCSHAPEREPRESENTATION(#12,'Body','SweptSolid',(#9069));
#9071= IFCPRODUCTDEFINITIONSHAPE($,$,(#9070));
#9072= IFCBEAM('1XbYhT69r4PxrJC1txbH$2',#7770,'main piece','IPE270','IPE270',#9068,#9071,'b/533');
#9073= IFCPROPERTYSINGLEVALUE('IndicationMark',$,IFCIDENTIFIER('b/533'),$);
#9074= IFCPROPERTYSET('15zItKzzX3kO$u7E1qd5Rp',#5,'AISC_EM11_Pset_PieceIdentification','PieceIdentity',(#5743,#9073,#425,#701));
#9075= IFCLOCALPLACEMENT(#42,#10);
#9076= IFCELEMENTASSEMBLY('2M2j794SL2WBy2B$WulUij',#7770,'BEAM',$,$,#9075,$,'B/639',.NOTDEFINED.,.RIGID_FRAME.);
#9077= IFCCARTESIANPOINT((74450.2484436035,8045.48265864932,52714.9981994629));
#9078= IFCAXIS2PLACEMENT3D(#9077,#9,#8);
#9079= IFCLOCALPLACEMENT(#9075,#9078);
#9080= IFCCARTESIANPOINT((9084.64974186337,0.,0.));
#9081= IFCAXIS2PLACEMENT3D(#9080,#3991,#332);
#9082= IFCEXTRUDEDAREASOLID(#7721,#9081,#9,9084.65);
#9083= IFCSHAPEREPRESENTATION(#12,'Body','SweptSolid',(#9082));
#9084= IFCPRODUCTDEFINITIONSHAPE($,$,(#9083));
#9085= IFCBEAM('1dLaX9acj0bfhRnJ6qvfg5',#7770,'main piece','IPE270','IPE270',#9079,#9084,'b/534');
#9086= IFCLOCALPLACEMENT(#42,#10);
#9087= IFCELEMENTASSEMBLY('23qgoRbKz1mu7sLBW4UmqU',#7770,'BEAM',$,$,#9086,$,'B/725',.NOTDEFINED.,.RIGID_FRAME.);
#9088= IFCPROPERTYSINGLEVALUE('AssemblyMark',$,IFCIDENTIFIER('B/725'),$);
#9089= IFCPROPERTYSET('1fZXNZrKPDuegfx3v_tfiC',#5,'AISC_EM11_Pset_AssemblyIdentification','AssemblyIdentity',(#9088,#52,#53));
#9090= IFCCARTESIANPOINT((63467.7960510254,8652.37279142183,52714.9981994629));
#9091= IFCDIRECTION((9.79799999982004E-06,0.999999999952,0.));
#9092= IFCAXIS2PLACEMENT3D(#9090,#9,#9091);
#9093= IFCLOCALPLACEMENT(#9086,#9092);
#9094= IFCCARTESIANPOINT((8565.3366358813,0.,-7.27595761418343E-12));
#9095= IFCAXIS2PLACEMENT3D(#9094,#3991,#332);
#9096= IFCEXTRUDEDAREASOLID(#7721,#9095,#9,8565.34);
#9097= IFCSHAPEREPRESENTATION(#12,'Body','SweptSolid',(#9096));
#9098= IFCPRODUCTDEFINITIONSHAPE($,$,(#9097));
#9099= IFCBEAM('3wZiVSFbvC_AoMY5SYThDY',#7770,'main piece','IPE270','IPE270',#9093,#9098,'b/620');
#9100= IFCPROPERTYSINGLEVALUE('IndicationMark',$,IFCIDENTIFIER('b/620'),$);
#9101= IFCPROPERTYSET('3gZ60x76P7Mh4NcQtlseYr',#5,'AISC_EM11_Pset_PieceIdentification','PieceIdentity',(#5743,#9100,#425,#701));
#9102= IFCLOCALPLACEMENT(#42,#10);
#9103= IFCELEMENTASSEMBLY('2pxuBCwTTCMQWYuHcGODYs',#7770,'BEAM',$,$,#9102,$,'B/747',.NOTDEFINED.,.RIGID_FRAME.);
#9104= IFCPROPERTYSINGLEVALUE('AssemblyMark',$,IFCIDENTIFIER('B/747'),$);
#9105= IFCPROPERTYSET('1RfMZibtfDPQaImap6e5pJ',#5,'AISC_EM11_Pset_AssemblyIdentification','AssemblyIdentity',(#9104,#52,#53));
#9106= IFCCARTESIANPOINT((82700.2865905762,897.95680249971,52714.9981994629));
#9107= IFCAXIS2PLACEMENT3D(#9106,#9,#8);
#9108= IFCLOCALPLACEMENT(#9102,#9107);
#9109= IFCCARTESIANPOINT((7127.23970413208,0.,0.));
#9110= IFCAXIS2PLACEMENT3D(#9109,#3991,#332);
#9111= IFCEXTRUDEDAREASOLID(#7721,#9110,#9,7127.24);
#9112= IFCSHAPEREPRESENTATION(#12,'Body','SweptSolid',(#9111));
#9113= IFCPRODUCTDEFINITIONSHAPE($,$,(#9112));
#9114= IFCBEAM('2eq0GBxdH9APboG5S0wCZ7',#7770,'main piece','IPE270','IPE270',#9108,#9113,'b/642');
#9115= IFCPROPERTYSINGLEVALUE('IndicationMark',$,IFCIDENTIFIER('b/642'),$);
#9116= IFCPROPERTYSET('1BVz68NwfBkAkXmSeekrD5',#5,'AISC_EM11_Pset_PieceIdentification','PieceIdentity',(#5743,#9115,#425,#701));
#9117= IFCLOCALPLACEMENT(#42,#10);
#9118= IFCELEMENTASSEMBLY('0qj0Uv9Av3lO1$Aj3IkzIN',#7770,'BEAM',$,$,#9117,$,'B/612',.NOTDEFINED.,.RIGID_FRAME.);
#9119= IFCPROPERTYSINGLEVALUE('AssemblyMark',$,IFCIDENTIFIER('B/612'),$);
#9120= IFCPROPERTYSET('0Qp1fk9mL8KgCm5UVEkVVw',#5,'AISC_EM11_Pset_AssemblyIdentification','AssemblyIdentity',(#9119,#52,#53));
#9121= IFCCARTESIANPOINT((81705.1274414063,817.720844400345,52714.9981994629));
#9122= IFCAXIS2PLACEMENT3D(#9121,#9,#7);
#9123= IFCLOCALPLACEMENT(#9117,#9122);
#9124= IFCCARTESIANPOINT((3150.0244140625,0.,0.));
#9125= IFCAXIS2PLACEMENT3D(#9124,#3991,#332);
#9126= IFCEXTRUDEDAREASOLID(#7721,#9125,#9,3150.02);
#9127= IFCSHAPEREPRESENTATION(#12,'Body','SweptSolid',(#9126));
#9128= IFCPRODUCTDEFINITIONSHAPE($,$,(#9127));
#9129= IFCBEAM('1VCne_tljANO8D6scBV8vS',#7770,'main piece','IPE270','IPE270',#9123,#9128,'b/507');
#9130= IFCPROPERTYSINGLEVALUE('IndicationMark',$,IFCIDENTIFIER('b/507'),$);
#9131= IFCPROPERTYSET('3OasdiKnn6DxQRYaBSD9XB',#5,'AISC_EM11_Pset_PieceIdentification','PieceIdentity',(#5743,#9130,#425,#701));
#9132= IFCLOCALPLACEMENT(#42,#10);
#9133= IFCELEMENTASSEMBLY('08qqVptd1BHw09CXBlaL8Q',#7770,'BEAM',$,$,#9132,$,'B/728',.NOTDEFINED.,.RIGID_FRAME.);
#9134= IFCPROPERTYSINGLEVALUE('AssemblyMark',$,IFCIDENTIFIER('B/728'),$);
#9135= IFCPROPERTYSET('1Ito4HDZn1Gf6lbRd3IvDY',#5,'AISC_EM11_Pset_AssemblyIdentification','AssemblyIdentity',(#9134,#52,#53));
#9136= IFCCARTESIANPOINT((79340.7055969238,8025.19650663179,52699.9981994629));
#9137= IFCDIRECTION((0.29375553205504,-0.955880582179103,0.));
#9138= IFCAXIS2PLACEMENT3D(#9136,#9,#9137);
#9139= IFCLOCALPLACEMENT(#9132,#9138);
#9140= IFCCARTESIANPOINT((8176.75993704955,0.,0.));
#9141= IFCAXIS2PLACEMENT3D(#9140,#3991,#332);
#9142= IFCEXTRUDEDAREASOLID(#7913,#9141,#9,8176.76);
#9143= IFCSHAPEREPRESENTATION(#12,'Body','SweptSolid',(#9142));
#9144= IFCPRODUCTDEFINITIONSHAPE($,$,(#9143));
#9145= IFCBEAM('24t_hbRUvFL9GZu_Lgg3sq',#7770,'main piece','IPE300','IPE300',#9139,#9144,'b/623');
#9146= IFCPROPERTYSINGLEVALUE('IndicationMark',$,IFCIDENTIFIER('b/623'),$);
#9147= IFCPROPERTYSET('21WIHFUMfDtPAESvXUXMF0',#5,'AISC_EM11_Pset_PieceIdentification','PieceIdentity',(#5743,#9146,#425,#701));
#9148= IFCLOCALPLACEMENT(#42,#10);
#9149= IFCELEMENTASSEMBLY('3jtplNjv9DQOc12IRLarHM',#7770,'BEAM',$,$,#9148,$,'B/746',.NOTDEFINED.,.RIGID_FRAME.);
#9150= IFCPROPERTYSINGLEVALUE('AssemblyMark',$,IFCIDENTIFIER('B/746'),$);
#9151= IFCPROPERTYSET('0ETZgU_LPB9gatwrxVUlAd',#5,'AISC_EM11_Pset_AssemblyIdentification','AssemblyIdentity',(#9150,#52,#53));
#9152= IFCCARTESIANPOINT((80800.2850646973,3599.12724698824,52714.9981994629));
#9153= IFCAXIS2PLACEMENT3D(#9152,#9,#8);
#9154= IFCLOCALPLACEMENT(#9148,#9153);
#9155= IFCCARTESIANPOINT((4426.06925964364,0.,0.));
#9156= IFCAXIS2PLACEMENT3D(#9155,#3991,#332);
#9157= IFCEXTRUDEDAREASOLID(#7721,#9156,#9,4426.07);
#9158= IFCSHAPEREPRESENTATION(#12,'Body','SweptSolid',(#9157));
#9159= IFCPRODUCTDEFINITIONSHAPE($,$,(#9158));
#9160= IFCBEAM('1_BDYKME980vTBEl_rRjKk',#7770,'main piece','IPE270','IPE270',#9154,#9159,'b/641');
#9161= IFCPROPERTYSINGLEVALUE('IndicationMark',$,IFCIDENTIFIER('b/641'),$);
#9162= IFCPROPERTYSET('3foYsRt1v9QOs3CulH6SOw',#5,'AISC_EM11_Pset_PieceIdentification','PieceIdentity',(#5743,#9161,#425,#701));
#9163= IFCLOCALPLACEMENT(#42,#10);
#9164= IFCELEMENTASSEMBLY('2h77YWrQXB1AHWu86lTqRY',#7770,'BEAM',$,$,#9163,$,'B/745',.NOTDEFINED.,.RIGID_FRAME.);
#9165= IFCPROPERTYSINGLEVALUE('AssemblyMark',$,IFCIDENTIFIER('B/745'),$);
#9166= IFCPROPERTYSET('0r591E2DbDivlYy$j9BmOY',#5,'AISC_EM11_Pset_AssemblyIdentification','AssemblyIdentity',(#9165,#52,#53));
#9167= IFCCARTESIANPOINT((74385.0819702148,512.709571969925,52714.9981994629));
#9168= IFCAXIS2PLACEMENT3D(#9167,#9,#8);
#9169= IFCLOCALPLACEMENT(#9163,#9168);
#9170= IFCCARTESIANPOINT((7344.70033645653,0.,1.45519152283669E-11));
#9171= IFCAXIS2PLACEMENT3D(#9170,#3991,#332);
#9172= IFCEXTRUDEDAREASOLID(#7721,#9171,#9,7344.7);
#9173= IFCSHAPEREPRESENTATION(#12,'Body','SweptSolid',(#9172));
#9174= IFCPRODUCTDEFINITIONSHAPE($,$,(#9173));
#9175= IFCBEAM('0Wq551H75EteDg5kKgmrRE',#7770,'main piece','IPE270','IPE270',#9169,#9174,'b/640');
#9176= IFCPROPERTYSINGLEVALUE('IndicationMark',$,IFCIDENTIFIER('b/640'),$);
#9177= IFCPROPERTYSET('0bsJ$cLSX3JRZ9yFVRm7WF',#5,'AISC_EM11_Pset_PieceIdentification','PieceIdentity',(#5743,#9176,#425,#701));
#9178= IFCLOCALPLACEMENT(#42,#10);
#9179= IFCELEMENTASSEMBLY('04jc8uo7LD08kDeliYFmGR',#7770,'BEAM',$,$,#9178,$,'B/744',.NOTDEFINED.,.RIGID_FRAME.);
#9180= IFCCARTESIANPOINT((72250.0836486816,7357.41658414644,52714.9981994629));
#9181= IFCDIRECTION((0.000730648000056769,-0.999999733076714,0.));
#9182= IFCAXIS2PLACEMENT3D(#9180,#9,#9181);
#9183= IFCLOCALPLACEMENT(#9178,#9182);
#9184= IFCCARTESIANPOINT((6844.70168663294,-7.42104043866263E-16,-7.27595761418343E-12));
#9185= IFCAXIS2PLACEMENT3D(#9184,#3991,#332);
#9186= IFCEXTRUDEDAREASOLID(#7721,#9185,#9,6844.7);
#9187= IFCSHAPEREPRESENTATION(#12,'Body','SweptSolid',(#9186));
#9188= IFCPRODUCTDEFINITIONSHAPE($,$,(#9187));
#9189= IFCBEAM('2xAdtTPLr1yhe2Zn6TXFXH',#7770,'main piece','IPE270','IPE270',#9183,#9188,'b/639');
#9190= IFCLOCALPLACEMENT(#42,#10);
#9191= IFCELEMENTASSEMBLY('057Lw9O6fB1x2QiU8WVDFt',#7770,'BEAM',$,$,#9190,$,'B/744',.NOTDEFINED.,.RIGID_FRAME.);
#9192= IFCCARTESIANPOINT((70125.0836486816,512.716724527298,52714.9981994629));
#9193= IFCAXIS2PLACEMENT3D(#9192,#9,#8);
#9194= IFCLOCALPLACEMENT(#9190,#9193);
#9195= IFCCARTESIANPOINT((6844.69985961914,0.,0.));
#9196= IFCAXIS2PLACEMENT3D(#9195,#3991,#332);
#9197= IFCEXTRUDEDAREASOLID(#7721,#9196,#9,6844.7);
#9198= IFCSHAPEREPRESENTATION(#12,'Body','SweptSolid',(#9197));
#9199= IFCPRODUCTDEFINITIONSHAPE($,$,(#9198));
#9200= IFCBEAM('1QIgTfv9H0MwZZAMPXoiSp',#7770,'main piece','IPE270','IPE270',#9194,#9199,'b/639');
#9201= IFCCARTESIANPOINT((65865.3038330078,7483.83565152925,52714.9981994629));
#9202= IFCAXIS2PLACEMENT3D(#9201,#9,#332);
#9203= IFCLOCALPLACEMENT(#45,#9202);
#9204= IFCCARTESIANPOINT((6971.1012840271,0.,0.));
#9205= IFCAXIS2PLACEMENT3D(#9204,#3991,#332);
#9206= IFCEXTRUDEDAREASOLID(#7721,#9205,#9,6971.1);
#9207= IFCDIRECTION((-0.998368955012732,0.0570914150007267,0.));
#9208= IFCCARTESIANPOINT((4.65351381115124,30.758663989749,-120.));
#9209= IFCAXIS2PLACEMENT3D(#9208,#9207,#9);
#9210= IFCPLANE(#9209);
#9211= IFCHALFSPACESOLID(#9210,.F.);
#9212= IFCBOOLEANCLIPPINGRESULT(.DIFFERENCE.,#9206,#9211);
#9213= IFCDIRECTION((0.999999999779395,2.10049999996092E-05,0.));
#9214= IFCCARTESIANPOINT((6973.2730108671,-60.0107224124076,-120.));
#9215= IFCAXIS2PLACEMENT3D(#9214,#9213,#9);
#9216= IFCPLANE(#9215);
#9217= IFCHALFSPACESOLID(#9216,.F.);
#9218= IFCBOOLEANCLIPPINGRESULT(.DIFFERENCE.,#9212,#9217);
#9219= IFCSHAPEREPRESENTATION(#12,'Body','Clipping',(#9218));
#9220= IFCPRODUCTDEFINITIONSHAPE($,$,(#9219));
#9221= IFCBEAM('1NPPYrFsvD9B4LbX48EvXm',#44,'main piece','IPE270','IPE270',#9203,#9220,'b/638(?)');
#9222= IFCLOCALPLACEMENT(#45,#58);
#9223= IFCCARTESIANPOINT((0.,28.628601113806,0.));
#9224= IFCAXIS2PLACEMENT3D(#9223,#8,#7);
#9225= IFCEXTRUDEDAREASOLID(#405,#9224,#9,6.81);
#9226= IFCSHAPEREPRESENTATION(#12,'Body','SweptSolid',(#9225));
#9227= IFCREPRESENTATIONMAP(#10,#9226);
#9228= IFCMAPPEDITEM(#9227,#86);
#9229= IFCMAPPEDITEM(#9227,#91);
#9230= IFCMAPPEDITEM(#9227,#94);
#9231= IFCSHAPEREPRESENTATION(#12,'Body','MappedRepresentation',(#9228,#9229,#9230));
#9232= IFCPRODUCTDEFINITIONSHAPE($,$,(#9231));
#9233= IFCOPENINGELEMENT('0q3T0glBv2ku7pz7amKynA',#5,$,$,'Opening',#9222,#9232,$);
#9234= IFCRELVOIDSELEMENT('0kCwRmTPz5VOwOx8C8mn$q',#5,'Drill Hole',$,#9221,#9233);
#9235= IFCLOCALPLACEMENT(#45,#4183);
#9236= IFCCARTESIANPOINT((0.,-3.40122525011054,0.));
#9237= IFCAXIS2PLACEMENT3D(#9236,#8,#7);
#9238= IFCEXTRUDEDAREASOLID(#405,#9237,#9,6.8);
#9239= IFCSHAPEREPRESENTATION(#12,'Body','SweptSolid',(#9238));
#9240= IFCREPRESENTATIONMAP(#10,#9239);
#9241= IFCMAPPEDITEM(#9240,#86);
#9242= IFCMAPPEDITEM(#9240,#91);
#9243= IFCMAPPEDITEM(#9240,#94);
#9244= IFCSHAPEREPRESENTATION(#12,'Body','MappedRepresentation',(#9241,#9242,#9243));
#9245= IFCPRODUCTDEFINITIONSHAPE($,$,(#9244));
#9246= IFCOPENINGELEMENT('1Zf69m3G13TRPc2qIUrMkV',#5,$,$,'Opening',#9235,#9245,$);
#9247= IFCRELVOIDSELEMENT('02w1DyjDP0UAaNiSwe7iZv',#5,'Drill Hole',$,#9221,#9246);
#9248= IFCPROPERTYSINGLEVALUE('IndicationMark',$,IFCIDENTIFIER('b/638(?)'),$);
#9249= IFCPROPERTYSET('1x8gUjFNb1QguvvC56Okec',#5,'AISC_EM11_Pset_PieceIdentification','PieceIdentity',(#5743,#9248,#425,#701));
#9250= IFCPROPERTYSINGLEVALUE('SkewedAngleX',$,IFCREAL(3.27288),$);
#9251= IFCPROPERTYSET('0nIiqnbdX6TP2C7BioqmBu',#5,'AISC_EM11_Pset_SkewedEnd',$,(#703,#9250));
#9252= IFCCARTESIANPOINT((63750.0847167969,512.722923410354,52714.9981994629));
#9253= IFCAXIS2PLACEMENT3D(#9252,#9,#8);
#9254= IFCLOCALPLACEMENT(#707,#9253);
#9255= IFCCARTESIANPOINT((7089.30110931396,0.,0.));
#9256= IFCAXIS2PLACEMENT3D(#9255,#3991,#332);
#9257= IFCEXTRUDEDAREASOLID(#7721,#9256,#9,7089.3);
#9258= IFCDIRECTION((0.998368955012732,-0.0570914150007317,0.));
#9259= IFCCARTESIANPOINT((7087.45728644692,-30.7586639743531,-120.));
#9260= IFCAXIS2PLACEMENT3D(#9259,#9258,#9);
#9261= IFCPLANE(#9260);
#9262= IFCHALFSPACESOLID(#9261,.F.);
#9263= IFCBOOLEANCLIPPINGRESULT(.DIFFERENCE.,#9257,#9262);
#9264= IFCDIRECTION((-0.999999999779395,-2.10049999953409E-05,0.));
#9265= IFCCARTESIANPOINT((-2.1649108476247,60.0107224124877,-120.));
#9266= IFCAXIS2PLACEMENT3D(#9265,#9264,#9);
#9267= IFCPLANE(#9266);
#9268= IFCHALFSPACESOLID(#9267,.F.);
#9269= IFCBOOLEANCLIPPINGRESULT(.DIFFERENCE.,#9263,#9268);
#9270= IFCSHAPEREPRESENTATION(#12,'Body','Clipping',(#9269));
#9271= IFCPRODUCTDEFINITIONSHAPE($,$,(#9270));
#9272= IFCBEAM('3jzlsyjGrC5Oq3ffIvp$n0',#44,'main piece','IPE270','IPE270',#9254,#9271,'b/637(?)');
#9273= IFCLOCALPLACEMENT(#707,#712);
#9274= IFCSHAPEREPRESENTATION(#12,'Body','MappedRepresentation',(#9228,#9229,#9230));
#9275= IFCPRODUCTDEFINITIONSHAPE($,$,(#9274));
#9276= IFCOPENINGELEMENT('337_mbCYn7mgUcWdi2DMMc',#5,$,$,'Opening',#9273,#9275,$);
#9277= IFCRELVOIDSELEMENT('3ZxDWA45X8uer$imCFN3im',#5,'Drill Hole',$,#9272,#9276);
#9278= IFCLOCALPLACEMENT(#707,#4259);
#9279= IFCSHAPEREPRESENTATION(#12,'Body','MappedRepresentation',(#9241,#9242,#9243));
#9280= IFCPRODUCTDEFINITIONSHAPE($,$,(#9279));
#9281= IFCOPENINGELEMENT('20Co0g7C90Nx3eQBwi7gGK',#5,$,$,'Opening',#9278,#9280,$);
#9282= IFCRELVOIDSELEMENT('1huhpZJd1AMQMGlKBzrWwo',#5,'Drill Hole',$,#9272,#9281);
#9283= IFCPROPERTYSINGLEVALUE('IndicationMark',$,IFCIDENTIFIER('b/637(?)'),$);
#9284= IFCPROPERTYSET('1XajRKFcHFiOoLPNA7mqWQ',#5,'AISC_EM11_Pset_PieceIdentification','PieceIdentity',(#5743,#9283,#425,#701));
#9285= IFCPROPERTYSINGLEVALUE('SkewedAngleX',$,IFCREAL(2.77145),$);
#9286= IFCPROPERTYSET('3ZaHUwWZHFowSws8LLl5u4',#5,'AISC_EM11_Pset_SkewedEnd_2',$,(#703,#9285));
#9287= IFCCARTESIANPOINT((61625.0836486816,7720.73502744478,52714.9981994629));
#9288= IFCAXIS2PLACEMENT3D(#9287,#9,#332);
#9289= IFCLOCALPLACEMENT(#821,#9288);
#9290= IFCCARTESIANPOINT((7208.00018310547,0.,0.));
#9291= IFCAXIS2PLACEMENT3D(#9290,#3991,#332);
#9292= IFCEXTRUDEDAREASOLID(#7721,#9291,#9,7208.);
#9293= IFCCARTESIANPOINT((-1.00281706327041,30.7586639725196,-120.));
#9294= IFCAXIS2PLACEMENT3D(#9293,#9207,#9);
#9295= IFCPLANE(#9294);
#9296= IFCHALFSPACESOLID(#9295,.F.);
#9297= IFCBOOLEANCLIPPINGRESULT(.DIFFERENCE.,#9292,#9296);
#9298= IFCCARTESIANPOINT((7210.18166438439,-60.0107224124658,-120.));
#9299= IFCAXIS2PLACEMENT3D(#9298,#9213,#9);
#9300= IFCPLANE(#9299);
#9301= IFCHALFSPACESOLID(#9300,.F.);
#9302= IFCBOOLEANCLIPPINGRESULT(.DIFFERENCE.,#9297,#9301);
#9303= IFCSHAPEREPRESENTATION(#12,'Body','Clipping',(#9302));
#9304= IFCPRODUCTDEFINITIONSHAPE($,$,(#9303));
#9305= IFCBEAM('2C4fy3$H5E0emBm2rKZNKC',#44,'main piece','IPE270','IPE270',#9289,#9304,'b/631(?)');
#9306= IFCLOCALPLACEMENT(#821,#826);
#9307= IFCSHAPEREPRESENTATION(#12,'Body','MappedRepresentation',(#9228,#9229,#9230));
#9308= IFCPRODUCTDEFINITIONSHAPE($,$,(#9307));
#9309= IFCOPENINGELEMENT('2X7AOYva19owE27SCuOXzF',#5,$,$,'Opening',#9306,#9308,$);
#9310= IFCRELVOIDSELEMENT('1YqFIS$HHBuhtI0G8B2Qc9',#5,'Drill Hole',$,#9305,#9309);
#9311= IFCLOCALPLACEMENT(#821,#4324);
#9312= IFCSHAPEREPRESENTATION(#12,'Body','MappedRepresentation',(#9241,#9242,#9243));
#9313= IFCPRODUCTDEFINITIONSHAPE($,$,(#9312));
#9314= IFCOPENINGELEMENT('1tC_4RG2nAIPfum1FZlYAG',#5,$,$,'Opening',#9311,#9313,$);
#9315= IFCRELVOIDSELEMENT('3E6Zl0DTDA5Qj6RxcNIkTG',#5,'Drill Hole',$,#9305,#9314);
#9316= IFCPROPERTYSINGLEVALUE('IndicationMark',$,IFCIDENTIFIER('b/631(?)'),$);
#9317= IFCPROPERTYSET('3BYH91GID5cgDUvNd5mgp8',#5,'AISC_EM11_Pset_PieceIdentification','PieceIdentity',(#5743,#9316,#425,#701));
#9318= IFCCARTESIANPOINT((57390.0868530273,525.457813394485,52714.9981994629));
#9319= IFCAXIS2PLACEMENT3D(#9318,#9,#8);
#9320= IFCLOCALPLACEMENT(#916,#9319);
#9321= IFCCARTESIANPOINT((7431.88285827637,0.,0.));
#9322= IFCAXIS2PLACEMENT3D(#9321,#3991,#332);
#9323= IFCEXTRUDEDAREASOLID(#7721,#9322,#9,7431.88);
#9324= IFCCARTESIANPOINT((7438.53694145399,-30.7586639724905,-120.));
#9325= IFCAXIS2PLACEMENT3D(#9324,#9258,#9);
#9326= IFCPLANE(#9325);
#9327= IFCHALFSPACESOLID(#9326,.F.);
#9328= IFCBOOLEANCLIPPINGRESULT(.DIFFERENCE.,#9323,#9327);
#9329= IFCCARTESIANPOINT((-14.9137165070813,60.0107224124804,-120.));
#9330= IFCAXIS2PLACEMENT3D(#9329,#9264,#9);
#9331= IFCPLANE(#9330);
#9332= IFCHALFSPACESOLID(#9331,.F.);
#9333= IFCBOOLEANCLIPPINGRESULT(.DIFFERENCE.,#9328,#9332);
#9334= IFCSHAPEREPRESENTATION(#12,'Body','Clipping',(#9333));
#9335= IFCPRODUCTDEFINITIONSHAPE($,$,(#9334));
#9336= IFCBEAM('2v8ewGOYT05e_sR0y0YlHs',#44,'main piece','IPE270','IPE270',#9320,#9335,'b/636(?)');
#9337= IFCLOCALPLACEMENT(#916,#921);
#9338= IFCSHAPEREPRESENTATION(#12,'Body','MappedRepresentation',(#9228,#9229,#9230));
#9339= IFCPRODUCTDEFINITIONSHAPE($,$,(#9338));
#9340= IFCOPENINGELEMENT('0Qn8Ret1n4dAPULKssC0lG',#5,$,$,'Opening',#9337,#9339,$);
#9341= IFCRELVOIDSELEMENT('02SOyhCPTCJBoMRxjm0Qp$',#5,'Drill Hole',$,#9336,#9340);
#9342= IFCLOCALPLACEMENT(#916,#4389);
#9343= IFCSHAPEREPRESENTATION(#12,'Body','MappedRepresentation',(#9241,#9242,#9243));
#9344= IFCPRODUCTDEFINITIONSHAPE($,$,(#9343));
#9345= IFCOPENINGELEMENT('0t2vRd5213QPzuR0vWMlTT',#5,$,$,'Opening',#9342,#9344,$);
#9346= IFCRELVOIDSELEMENT('08oQ5gwAP7IvRwy83BFIEU',#5,'Drill Hole',$,#9336,#9345);
#9347= IFCPROPERTYSINGLEVALUE('IndicationMark',$,IFCIDENTIFIER('b/636(?)'),$);
#9348= IFCPROPERTYSET('03ohlcZfT8ERZIymOk0hRg',#5,'AISC_EM11_Pset_PieceIdentification','PieceIdentity',(#5743,#9347,#425,#701));
#9349= IFCCARTESIANPOINT((55260.0876922607,8076.34206022066,52714.9981994629));
#9350= IFCAXIS2PLACEMENT3D(#9349,#9,#332);
#9351= IFCLOCALPLACEMENT(#985,#9350);
#9352= IFCCARTESIANPOINT((7550.8828163147,0.,0.));
#9353= IFCAXIS2PLACEMENT3D(#9352,#3991,#332);
#9354= IFCEXTRUDEDAREASOLID(#7721,#9353,#9,7550.88);
#9355= IFCCARTESIANPOINT((-9.49623799117762,30.7586639724905,-120.));
#9356= IFCAXIS2PLACEMENT3D(#9355,#9207,#9);
#9357= IFCPLANE(#9356);
#9358= IFCHALFSPACESOLID(#9357,.F.);
#9359= IFCBOOLEANCLIPPINGRESULT(.DIFFERENCE.,#9354,#9358);
#9360= IFCCARTESIANPOINT((7565.80262377142,-60.0107224124804,-120.));
#9361= IFCAXIS2PLACEMENT3D(#9360,#9213,#9);
#9362= IFCPLANE(#9361);
#9363= IFCHALFSPACESOLID(#9362,.F.);
#9364= IFCBOOLEANCLIPPINGRESULT(.DIFFERENCE.,#9359,#9363);
#9365= IFCSHAPEREPRESENTATION(#12,'Body','Clipping',(#9364));
#9366= IFCPRODUCTDEFINITIONSHAPE($,$,(#9365));
#9367= IFCBEAM('3Fio2nLrTCoxPHOrP945$V',#44,'main piece','IPE270','IPE270',#9351,#9366,'b/576(?)');
#9368= IFCLOCALPLACEMENT(#985,#990);
#9369= IFCSHAPEREPRESENTATION(#12,'Body','MappedRepresentation',(#9228,#9229,#9230));
#9370= IFCPRODUCTDEFINITIONSHAPE($,$,(#9369));
#9371= IFCOPENINGELEMENT('2sJ6SV339Bgui3MdVRD9eZ',#5,$,$,'Opening',#9368,#9370,$);
#9372= IFCRELVOIDSELEMENT('2E92ndJTfEwxlwRjTsv2Te',#5,'Drill Hole',$,#9367,#9371);
#9373= IFCLOCALPLACEMENT(#985,#4454);
#9374= IFCSHAPEREPRESENTATION(#12,'Body','MappedRepresentation',(#9241,#9242,#9243));
#9375= IFCPRODUCTDEFINITIONSHAPE($,$,(#9374));
#9376= IFCOPENINGELEMENT('1eEEu84ZL50RD4RknoovpY',#5,$,$,'Opening',#9373,#9375,$);
#9377= IFCRELVOIDSELEMENT('1dPlwJLEX4bh6yC_Atml2v',#5,'Drill Hole',$,#9367,#9376);
#9378= IFCPROPERTYSINGLEVALUE('IndicationMark',$,IFCIDENTIFIER('b/576(?)'),$);
#9379= IFCPROPERTYSET('065PwjNhXD4fbgQakKegwJ',#5,'AISC_EM11_Pset_PieceIdentification','PieceIdentity',(#5743,#9378,#425,#701));
#9380= IFCCARTESIANPOINT((53130.0866241455,512.728168619095,52714.9981994629));
#9381= IFCAXIS2PLACEMENT3D(#9380,#9,#8);
#9382= IFCLOCALPLACEMENT(#1353,#9381);
#9383= IFCCARTESIANPOINT((7594.51103210449,0.,0.));
#9384= IFCAXIS2PLACEMENT3D(#9383,#3991,#332);
#9385= IFCEXTRUDEDAREASOLID(#7721,#9384,#9,7594.51);
#9386= IFCDIRECTION((0.999998835069158,0.00152638800010669,0.));
#9387= IFCCARTESIANPOINT((7599.58384771149,-60.7791058724979,-120.));
#9388= IFCAXIS2PLACEMENT3D(#9387,#9386,#9);
#9389= IFCPLANE(#9388);
#9390= IFCHALFSPACESOLID(#9389,.F.);
#9391= IFCBOOLEANCLIPPINGRESULT(.DIFFERENCE.,#9385,#9390);
#9392= IFCCARTESIANPOINT((-2.1933926121917,60.0107224124804,-120.));
#9393= IFCAXIS2PLACEMENT3D(#9392,#9264,#9);
#9394= IFCPLANE(#9393);
#9395= IFCHALFSPACESOLID(#9394,.F.);
#9396= IFCBOOLEANCLIPPINGRESULT(.DIFFERENCE.,#9391,#9395);
#9397= IFCSHAPEREPRESENTATION(#12,'Body','Clipping',(#9396));
#9398= IFCPRODUCTDEFINITIONSHAPE($,$,(#9397));
#9399= IFCBEAM('1xlu_qlOLCBx0EVsOSeODS',#44,'main piece','IPE270','IPE270',#9382,#9398,'b/635(?)');
#9400= IFCLOCALPLACEMENT(#1353,#1358);
#9401= IFCCARTESIANPOINT((0.,-4.24424444393216,0.));
#9402= IFCAXIS2PLACEMENT3D(#9401,#8,#7);
#9403= IFCEXTRUDEDAREASOLID(#405,#9402,#9,6.8);
#9404= IFCSHAPEREPRESENTATION(#12,'Body','SweptSolid',(#9403));
#9405= IFCREPRESENTATIONMAP(#10,#9404);
#9406= IFCMAPPEDITEM(#9405,#86);
#9407= IFCMAPPEDITEM(#9405,#91);
#9408= IFCMAPPEDITEM(#9405,#94);
#9409= IFCSHAPEREPRESENTATION(#12,'Body','MappedRepresentation',(#9406,#9407,#9408));
#9410= IFCPRODUCTDEFINITIONSHAPE($,$,(#9409));
#9411= IFCOPENINGELEMENT('34glAE9mL8Fh2vct2x2m6Z',#5,$,$,'Opening',#9400,#9410,$);
#9412= IFCRELVOIDSELEMENT('1ObZkRdPL2UeCOkelRJMHe',#5,'Drill Hole',$,#9399,#9411);
#9413= IFCLOCALPLACEMENT(#1353,#4519);
#9414= IFCSHAPEREPRESENTATION(#12,'Body','MappedRepresentation',(#9241,#9242,#9243));
#9415= IFCPRODUCTDEFINITIONSHAPE($,$,(#9414));
#9416= IFCOPENINGELEMENT('18bv1Pa1X4pvpMRda7prmF',#5,$,$,'Opening',#9413,#9415,$);
#9417= IFCRELVOIDSELEMENT('3ooR6Qb3vFMPkVucgEuUMO',#5,'Drill Hole',$,#9399,#9416);
#9418= IFCPROPERTYSINGLEVALUE('IndicationMark',$,IFCIDENTIFIER('b/635(?)'),$);
#9419= IFCPROPERTYSET('2LJ90TX5L2nxMaSkJVJGu4',#5,'AISC_EM11_Pset_PieceIdentification','PieceIdentity',(#5743,#9418,#425,#701));
#9420= IFCLOCALPLACEMENT(#42,#10);
#9421= IFCELEMENTASSEMBLY('2cdVKBTIP15RVNtAZfW$hd',#7770,'BEAM',$,$,#9420,$,'B/739',.NOTDEFINED.,.RIGID_FRAME.);
#9422= IFCPROPERTYSINGLEVALUE('AssemblyMark',$,IFCIDENTIFIER('B/739'),$);
#9423= IFCPROPERTYSET('0DT3ekUED8XwONel3I_LWT',#5,'AISC_EM11_Pset_AssemblyIdentification','AssemblyIdentity',(#9422,#52,#53));
#9424= IFCCARTESIANPOINT((48650.0870819092,512.728168619095,52714.9981994629));
#9425= IFCAXIS2PLACEMENT3D(#9424,#9,#8);
#9426= IFCLOCALPLACEMENT(#9420,#9425);
#9427= IFCCARTESIANPOINT((7633.39996337891,0.,0.));
#9428= IFCAXIS2PLACEMENT3D(#9427,#3991,#332);
#9429= IFCEXTRUDEDAREASOLID(#7721,#9428,#9,7633.4);
#9430= IFCSHAPEREPRESENTATION(#12,'Body','SweptSolid',(#9429));
#9431= IFCPRODUCTDEFINITIONSHAPE($,$,(#9430));
#9432= IFCBEAM('2Oku6l4RT8af2AcwDfkSvx',#7770,'main piece','IPE270','IPE270',#9426,#9431,'b/634');
#9433= IFCPROPERTYSINGLEVALUE('IndicationMark',$,IFCIDENTIFIER('b/634'),$);
#9434= IFCPROPERTYSET('1SquJqWBfDKhqgnCrya92F',#5,'AISC_EM11_Pset_PieceIdentification','PieceIdentity',(#5743,#9433,#425,#701));
#9435= IFCLOCALPLACEMENT(#42,#10);
#9436= IFCELEMENTASSEMBLY('0H6_hMLgX24BVrM1YcppYO',#7770,'BEAM',$,$,#9435,$,'B/738',.NOTDEFINED.,.RIGID_FRAME.);
#9437= IFCPROPERTYSINGLEVALUE('AssemblyMark',$,IFCIDENTIFIER('B/738'),$);
#9438= IFCPROPERTYSET('0VERWAFmDEkuCfR335W1A_',#5,'AISC_EM11_Pset_AssemblyIdentification','AssemblyIdentity',(#9437,#52,#53));
#9439= IFCCARTESIANPOINT((46603.3859374525,8085.04338468355,52714.9981994629));
#9440= IFCAXIS2PLACEMENT3D(#9439,#9,#332);
#9441= IFCLOCALPLACEMENT(#9435,#9440);
#9442= IFCCARTESIANPOINT((7572.29995727539,0.,0.));
#9443= IFCAXIS2PLACEMENT3D(#9442,#3991,#332);
#9444= IFCEXTRUDEDAREASOLID(#7721,#9443,#9,7572.3);
#9445= IFCSHAPEREPRESENTATION(#12,'Body','SweptSolid',(#9444));
#9446= IFCPRODUCTDEFINITIONSHAPE($,$,(#9445));
#9447= IFCBEAM('24eFaVLb97yeRTcs8I_KqC',#7770,'main piece','IPE270','IPE270',#9441,#9446,'b/633');
#9448= IFCPROPERTYSINGLEVALUE('IndicationMark',$,IFCIDENTIFIER('b/633'),$);
#9449= IFCPROPERTYSET('3K3OsJ8WrAUvGVdJIvcD3s',#5,'AISC_EM11_Pset_PieceIdentification','PieceIdentity',(#5743,#9448,#425,#701));
#9450= IFCLOCALPLACEMENT(#42,#10);
#9451= IFCELEMENTASSEMBLY('0nlwxLd2H5Z8TwQMPCC_Gh',#7770,'BEAM',$,$,#9450,$,'B/737',.NOTDEFINED.,.RIGID_FRAME.);
#9452= IFCPROPERTYSINGLEVALUE('AssemblyMark',$,IFCIDENTIFIER('B/737'),$);
#9453= IFCPROPERTYSET('3fmYM$9SX3YOJnBgZEmhpW',#5,'AISC_EM11_Pset_AssemblyIdentification','AssemblyIdentity',(#9452,#52,#53));
#9454= IFCCARTESIANPOINT((44550.0867004395,512.726261270462,52714.9981994629));
#9455= IFCAXIS2PLACEMENT3D(#9454,#9,#8);
#9456= IFCLOCALPLACEMENT(#9450,#9455);
#9457= IFCCARTESIANPOINT((7459.09976959229,0.,0.));
#9458= IFCAXIS2PLACEMENT3D(#9457,#3991,#332);
#9459= IFCEXTRUDEDAREASOLID(#7721,#9458,#9,7459.1);
#9460= IFCSHAPEREPRESENTATION(#12,'Body','SweptSolid',(#9459));
#9461= IFCPRODUCTDEFINITIONSHAPE($,$,(#9460));
#9462= IFCBEAM('2CeDuCyQH0rh44OLuRs_2n',#7770,'main piece','IPE270','IPE270',#9456,#9461,'b/632');
#9463= IFCPROPERTYSINGLEVALUE('IndicationMark',$,IFCIDENTIFIER('b/632'),$);
#9464= IFCPROPERTYSET('2XPun8Z1nBzx6sOFBb2PfC',#5,'AISC_EM11_Pset_PieceIdentification','PieceIdentity',(#5743,#9463,#425,#701));
#9465= IFCCARTESIANPOINT((40375.0874633789,511.295272958694,52714.9981994629));
#9466= IFCAXIS2PLACEMENT3D(#9465,#9,#8);
#9467= IFCLOCALPLACEMENT(#1437,#9466);
#9468= IFCCARTESIANPOINT((7208.90092849731,0.,0.));
#9469= IFCAXIS2PLACEMENT3D(#9468,#3991,#332);
#9470= IFCEXTRUDEDAREASOLID(#7721,#9469,#9,7208.9);
#9471= IFCDIRECTION((0.998476918062491,0.055171044003452,0.));
#9472= IFCCARTESIANPOINT((7219.82103306443,-88.0717963241623,-120.));
#9473= IFCAXIS2PLACEMENT3D(#9472,#9471,#9);
#9474= IFCPLANE(#9473);
#9475= IFCHALFSPACESOLID(#9474,.F.);
#9476= IFCBOOLEANCLIPPINGRESULT(.DIFFERENCE.,#9470,#9475);
#9477= IFCCARTESIANPOINT((-0.7884048899557,60.0107224124513,-120.));
#9478= IFCAXIS2PLACEMENT3D(#9477,#9264,#9);
#9479= IFCPLANE(#9478);
#9480= IFCHALFSPACESOLID(#9479,.F.);
#9481= IFCBOOLEANCLIPPINGRESULT(.DIFFERENCE.,#9476,#9480);
#9482= IFCSHAPEREPRESENTATION(#12,'Body','Clipping',(#9481));
#9483= IFCPRODUCTDEFINITIONSHAPE($,$,(#9482));
#9484= IFCBEAM('2t0bBz7tr6kRGH2w8plV75',#44,'main piece','IPE270','IPE270',#9467,#9483,'b/631(?)');
#9485= IFCLOCALPLACEMENT(#1437,#1441);
#9486= IFCCARTESIANPOINT((0.,-34.3373741156941,0.));
#9487= IFCAXIS2PLACEMENT3D(#9486,#8,#7);
#9488= IFCEXTRUDEDAREASOLID(#405,#9487,#9,6.81);
#9489= IFCSHAPEREPRESENTATION(#12,'Body','SweptSolid',(#9488));
#9490= IFCREPRESENTATIONMAP(#10,#9489);
#9491= IFCMAPPEDITEM(#9490,#86);
#9492= IFCMAPPEDITEM(#9490,#91);
#9493= IFCMAPPEDITEM(#9490,#94);
#9494= IFCSHAPEREPRESENTATION(#12,'Body','MappedRepresentation',(#9491,#9492,#9493));
#9495= IFCPRODUCTDEFINITIONSHAPE($,$,(#9494));
#9496= IFCOPENINGELEMENT('16Ncw67ZX5XuTyhd92PW23',#5,$,$,'Opening',#9485,#9495,$);
#9497= IFCRELVOIDSELEMENT('2ggDBgomL0Mu2_gdptDoOU',#5,'Drill Hole',$,#9484,#9496);
#9498= IFCLOCALPLACEMENT(#1437,#4584);
#9499= IFCSHAPEREPRESENTATION(#12,'Body','MappedRepresentation',(#9241,#9242,#9243));
#9500= IFCPRODUCTDEFINITIONSHAPE($,$,(#9499));
#9501= IFCOPENINGELEMENT('1CJI31DRnBV98x1EfcAHSu',#5,$,$,'Opening',#9498,#9500,$);
#9502= IFCRELVOIDSELEMENT('36T7SWnhTEdOvzsLwEq5HV',#5,'Drill Hole',$,#9484,#9501);
#9503= IFCCARTESIANPOINT((38250.0874633789,7602.85802091402,52714.9981994629));
#9504= IFCAXIS2PLACEMENT3D(#9503,#9,#332);
#9505= IFCLOCALPLACEMENT(#1745,#9504);
#9506= IFCCARTESIANPOINT((7091.60089492798,0.,0.));
#9507= IFCAXIS2PLACEMENT3D(#9506,#3991,#332);
#9508= IFCEXTRUDEDAREASOLID(#7721,#9507,#9,7091.6);
#9509= IFCDIRECTION((-0.998476918062491,-0.0551710440034478,0.));
#9510= IFCCARTESIANPOINT((-10.8810878501135,88.0717963259958,-120.));
#9511= IFCAXIS2PLACEMENT3D(#9510,#9509,#9);
#9512= IFCPLANE(#9511);
#9513= IFCHALFSPACESOLID(#9512,.F.);
#9514= IFCBOOLEANCLIPPINGRESULT(.DIFFERENCE.,#9508,#9513);
#9515= IFCCARTESIANPOINT((7092.35580234528,-60.0107224124513,-120.));
#9516= IFCAXIS2PLACEMENT3D(#9515,#9213,#9);
#9517= IFCPLANE(#9516);
#9518= IFCHALFSPACESOLID(#9517,.F.);
#9519= IFCBOOLEANCLIPPINGRESULT(.DIFFERENCE.,#9514,#9518);
#9520= IFCSHAPEREPRESENTATION(#12,'Body','Clipping',(#9519));
#9521= IFCPRODUCTDEFINITIONSHAPE($,$,(#9520));
#9522= IFCBEAM('1qT36W9_X39A$zM48epfBS',#44,'main piece','IPE270','IPE270',#9505,#9521,'b/630(?)');
#9523= IFCLOCALPLACEMENT(#1745,#1750);
#9524= IFCSHAPEREPRESENTATION(#12,'Body','MappedRepresentation',(#9491,#9492,#9493));
#9525= IFCPRODUCTDEFINITIONSHAPE($,$,(#9524));
#9526= IFCOPENINGELEMENT('2x83lN9_bEahYU4rn34gi_',#5,$,$,'Opening',#9523,#9525,$);
#9527= IFCRELVOIDSELEMENT('2vG2cZwIH2Yfp3IzAB5pqp',#5,'Drill Hole',$,#9522,#9526);
#9528= IFCLOCALPLACEMENT(#1745,#4649);
#9529= IFCSHAPEREPRESENTATION(#12,'Body','MappedRepresentation',(#9241,#9242,#9243));
#9530= IFCPRODUCTDEFINITIONSHAPE($,$,(#9529));
#9531= IFCOPENINGELEMENT('3Aby4ojAn78wx6G8YFwLEH',#5,$,$,'Opening',#9528,#9530,$);
#9532= IFCRELVOIDSELEMENT('1NTRWuMKH6LhjnfjNUV8kg',#5,'Drill Hole',$,#9522,#9531);
#9533= IFCPROPERTYSINGLEVALUE('IndicationMark',$,IFCIDENTIFIER('b/630(?)'),$);
#9534= IFCPROPERTYSET('1QfVSm2W10cQmwgiKvDtf7',#5,'AISC_EM11_Pset_PieceIdentification','PieceIdentity',(#5743,#9533,#425,#701));
#9535= IFCCARTESIANPOINT((36135.3070373535,511.250927102981,52714.9981994629));
#9536= IFCAXIS2PLACEMENT3D(#9535,#9,#8);
#9537= IFCLOCALPLACEMENT(#1814,#9536);
#9538= IFCCARTESIANPOINT((6974.80010986328,0.,0.));
#9539= IFCAXIS2PLACEMENT3D(#9538,#3991,#332);
#9540= IFCEXTRUDEDAREASOLID(#7721,#9539,#9,6974.8);
#9541= IFCCARTESIANPOINT((6985.67547614365,-88.0717963259958,-120.));
#9542= IFCAXIS2PLACEMENT3D(#9541,#9471,#9);
#9543= IFCPLANE(#9542);
#9544= IFCHALFSPACESOLID(#9543,.F.);
#9545= IFCBOOLEANCLIPPINGRESULT(.DIFFERENCE.,#9540,#9544);
#9546= IFCCARTESIANPOINT((-0.753335673815627,60.0107224124804,-120.));
#9547= IFCAXIS2PLACEMENT3D(#9546,#9264,#9);
#9548= IFCPLANE(#9547);
#9549= IFCHALFSPACESOLID(#9548,.F.);
#9550= IFCBOOLEANCLIPPINGRESULT(.DIFFERENCE.,#9545,#9549);
#9551= IFCSHAPEREPRESENTATION(#12,'Body','Clipping',(#9550));
#9552= IFCPRODUCTDEFINITIONSHAPE($,$,(#9551));
#9553= IFCBEAM('2TSWrVv15338e8b4ZcDVoI',#44,'main piece','IPE270','IPE270',#9537,#9552,'b/629(?)');
#9554= IFCLOCALPLACEMENT(#1814,#1819);
#9555= IFCSHAPEREPRESENTATION(#12,'Body','MappedRepresentation',(#9491,#9492,#9493));
#9556= IFCPRODUCTDEFINITIONSHAPE($,$,(#9555));
#9557= IFCOPENINGELEMENT('1TyZ9g3L16QAcGc5Qu2dpQ',#5,$,$,'Opening',#9554,#9556,$);
#9558= IFCRELVOIDSELEMENT('3AO6tgybfBew_N_i1aQSTu',#5,'Drill Hole',$,#9553,#9557);
#9559= IFCLOCALPLACEMENT(#1814,#4714);
#9560= IFCSHAPEREPRESENTATION(#12,'Body','MappedRepresentation',(#9241,#9242,#9243));
#9561= IFCPRODUCTDEFINITIONSHAPE($,$,(#9560));
#9562= IFCOPENINGELEMENT('3d33IA2CrB28qP1uOf4jm_',#5,$,$,'Opening',#9559,#9561,$);
#9563= IFCRELVOIDSELEMENT('2F0wtey1X2S9TdzIdoNv1m',#5,'Drill Hole',$,#9553,#9562);
#9564= IFCPROPERTYSINGLEVALUE('IndicationMark',$,IFCIDENTIFIER('b/629(?)'),$);
#9565= IFCPROPERTYSET('1ufwxYnp59dAFFwJL_sthp',#5,'AISC_EM11_Pset_PieceIdentification','PieceIdentity',(#5743,#9564,#425,#701));
#9566= IFCLOCALPLACEMENT(#42,#10);
#9567= IFCELEMENTASSEMBLY('21dBEMDGzCfg6tiR_VPLlB',#7770,'BEAM',$,$,#9566,$,'B/604',.NOTDEFINED.,.RIGID_FRAME.);
#9568= IFCPROPERTYSINGLEVALUE('AssemblyMark',$,IFCIDENTIFIER('B/604'),$);
#9569= IFCPROPERTYSET('05EJQvI7LDUAl1QbChGP7L',#5,'AISC_EM11_Pset_AssemblyIdentification','AssemblyIdentity',(#9568,#52,#53));
#9570= IFCCARTESIANPOINT((31974.9812828359,512.717205090156,52714.9981994629));
#9571= IFCAXIS2PLACEMENT3D(#9570,#9,#8035);
#9572= IFCLOCALPLACEMENT(#9566,#9571);
#9573= IFCCARTESIANPOINT((6857.39946048733,1.16168865510333E-17,-7.27595761418343E-12));
#9574= IFCAXIS2PLACEMENT3D(#9573,#3991,#332);
#9575= IFCEXTRUDEDAREASOLID(#7721,#9574,#9,6857.4);
#9576= IFCSHAPEREPRESENTATION(#12,'Body','SweptSolid',(#9575));
#9577= IFCPRODUCTDEFINITIONSHAPE($,$,(#9576));
#9578= IFCBEAM('2EeC3yQtf2EA61rCOAH24Y',#7770,'main piece','IPE270','IPE270',#9572,#9577,'b/499');
#9579= IFCPROPERTYSINGLEVALUE('IndicationMark',$,IFCIDENTIFIER('b/499'),$);
#9580= IFCPROPERTYSET('1Gu$LW3V97n8cPGKsZlixv',#5,'AISC_EM11_Pset_PieceIdentification','PieceIdentity',(#5743,#9579,#425,#701));
#9581= IFCLOCALPLACEMENT(#42,#10);
#9582= IFCELEMENTASSEMBLY('0v2uR02D1CwAZXASKwO470',#7770,'BEAM',$,$,#9581,$,'B/733',.NOTDEFINED.,.RIGID_FRAME.);
#9583= IFCPROPERTYSINGLEVALUE('AssemblyMark',$,IFCIDENTIFIER('B/733'),$);
#9584= IFCPROPERTYSET('1mVan21Pb05x$JlyAFQr2j',#5,'AISC_EM11_Pset_AssemblyIdentification','AssemblyIdentity',(#9583,#52,#53));
#9585= IFCCARTESIANPOINT((29949.9835716542,512.772512610307,52714.9981994629));
#9586= IFCDIRECTION((1.11779999992498E-05,0.999999999937526,0.));
#9587= IFCAXIS2PLACEMENT3D(#9585,#9,#9586);
#9588= IFCLOCALPLACEMENT(#9581,#9587);
#9589= IFCCARTESIANPOINT((6803.22790374793,0.,0.));
#9590= IFCAXIS2PLACEMENT3D(#9589,#3991,#332);
#9591= IFCEXTRUDEDAREASOLID(#7721,#9590,#9,6803.23);
#9592= IFCSHAPEREPRESENTATION(#12,'Body','SweptSolid',(#9591));
#9593= IFCPRODUCTDEFINITIONSHAPE($,$,(#9592));
#9594= IFCBEAM('3mvQOy8fr0egSFD1J8rgPa',#7770,'main piece','IPE270','IPE270',#9588,#9593,'b/628');
#9595= IFCPROPERTYSINGLEVALUE('IndicationMark',$,IFCIDENTIFIER('b/628'),$);
#9596= IFCPROPERTYSET('1cBVfeA3b15AB6pmJgWY0a',#5,'AISC_EM11_Pset_PieceIdentification','PieceIdentity',(#5743,#9595,#425,#701));
#9597= IFCLOCALPLACEMENT(#42,#10);
#9598= IFCELEMENTASSEMBLY('2cSEGrjAL5t8R6X094GnK2',#7770,'BEAM',$,$,#9597,$,'B/704',.NOTDEFINED.,.RIGID_FRAME.);
#9599= IFCPROPERTYSINGLEVALUE('AssemblyMark',$,IFCIDENTIFIER('B/704'),$);
#9600= IFCPROPERTYSET('0yPc5F57r5cfUgi1Y$r2sp',#5,'AISC_EM11_Pset_AssemblyIdentification','AssemblyIdentity',(#9599,#52,#53));
#9601= IFCCARTESIANPOINT((27924.9810924156,512.708607858804,52714.9981994629));
#9602= IFCAXIS2PLACEMENT3D(#9601,#9,#9586);
#9603= IFCLOCALPLACEMENT(#9597,#9602);
#9604= IFCCARTESIANPOINT((7357.42420014418,1.24639614088965E-17,0.));
#9605= IFCAXIS2PLACEMENT3D(#9604,#3991,#332);
#9606= IFCEXTRUDEDAREASOLID(#7721,#9605,#9,7357.42);
#9607= IFCSHAPEREPRESENTATION(#12,'Body','SweptSolid',(#9606));
#9608= IFCPRODUCTDEFINITIONSHAPE($,$,(#9607));
#9609= IFCBEAM('1qLkt1oMf1iek91eWi33hE',#7770,'main piece','IPE270','IPE270',#9603,#9608,'b/599');
#9610= IFCPROPERTYSINGLEVALUE('IndicationMark',$,IFCIDENTIFIER('b/599'),$);
#9611= IFCPROPERTYSET('1VxQJ5DJX5txM0kYeX9nYZ',#5,'AISC_EM11_Pset_PieceIdentification','PieceIdentity',(#5743,#9610,#425,#701));
#9612= IFCCARTESIANPOINT((23087.3429412842,5942.50102247041,52714.9981994629));
#9613= IFCDIRECTION((-0.999998058631959,-0.00197046499927437,0.));
#9614= IFCAXIS2PLACEMENT3D(#9612,#9,#9613);
#9615= IFCLOCALPLACEMENT(#4100,#9614);
#9616= IFCCARTESIANPOINT((968.657664089706,0.,-7.27595761418343E-12));
#9617= IFCAXIS2PLACEMENT3D(#9616,#3991,#332);
#9618= IFCEXTRUDEDAREASOLID(#7721,#9617,#9,968.66);
#9619= IFCDIRECTION((-0.999998095375073,0.00195172903530372,0.));
#9620= IFCCARTESIANPOINT((397.931475300418,59.0035859599311,-120.000000000007));
#9621= IFCAXIS2PLACEMENT3D(#9620,#9619,#9);
#9622= IFCPLANE(#9621);
#9623= IFCHALFSPACESOLID(#9622,.F.);
#9624= IFCBOOLEANCLIPPINGRESULT(.DIFFERENCE.,#9618,#9623);
#9625= IFCSHAPEREPRESENTATION(#12,'Body','Clipping',(#9624));
#9626= IFCPRODUCTDEFINITIONSHAPE($,$,(#9625));
#9627= IFCBEAM('11dao1LSj6EOOuEdgG4kLf',#44,'main piece','IPE270','IPE270',#9615,#9626,'b/508(?)');
#9628= IFCLOCALPLACEMENT(#4100,#4103);
#9629= IFCCARTESIANPOINT((0.,-2.29649846165737,0.));
#9630= IFCAXIS2PLACEMENT3D(#9629,#8,#7);
#9631= IFCEXTRUDEDAREASOLID(#405,#9630,#9,6.8);
#9632= IFCSHAPEREPRESENTATION(#12,'Body','SweptSolid',(#9631));
#9633= IFCREPRESENTATIONMAP(#10,#9632);
#9634= IFCMAPPEDITEM(#9633,#86);
#9635= IFCMAPPEDITEM(#9633,#91);
#9636= IFCMAPPEDITEM(#9633,#94);
#9637= IFCSHAPEREPRESENTATION(#12,'Body','MappedRepresentation',(#9634,#9635,#9636));
#9638= IFCPRODUCTDEFINITIONSHAPE($,$,(#9637));
#9639= IFCOPENINGELEMENT('0Gixyg9PzA6hdVWV_XwjmV',#5,$,$,'Opening',#9628,#9638,$);
#9640= IFCRELVOIDSELEMENT('36ItSBB$50YxoboHU8z$oy',#5,'Drill Hole',$,#9627,#9639);
#9641= IFCPROPERTYSINGLEVALUE('SkewedAngleX',$,IFCREAL(0.11183),$);
#9642= IFCPROPERTYSET('2RitK2$Ur7zQYvvwX72dYv',#5,'AISC_EM11_Pset_SkewedEnd',$,(#703,#9641));
#9643= IFCLOCALPLACEMENT(#42,#10);
#9644= IFCELEMENTASSEMBLY('2VBDt4DybEp9_GNDUcGtCr',#7770,'BEAM',$,$,#9643,$,'B/732',.NOTDEFINED.,.RIGID_FRAME.);
#9645= IFCPROPERTYSINGLEVALUE('AssemblyMark',$,IFCIDENTIFIER('B/732'),$);
#9646= IFCPROPERTYSET('1qBr4dsw94WQ11w6OPUNBR',#5,'AISC_EM11_Pset_AssemblyIdentification','AssemblyIdentity',(#9645,#52,#53));
#9647= IFCCARTESIANPOINT((20258.0006561788,209.248852928366,52699.9981994629));
#9648= IFCAXIS2PLACEMENT3D(#9647,#9,#7987);
#9649= IFCLOCALPLACEMENT(#9643,#9648);
#9650= IFCCARTESIANPOINT((8179.12113628128,0.,0.));
#9651= IFCAXIS2PLACEMENT3D(#9650,#3991,#332);
#9652= IFCEXTRUDEDAREASOLID(#7913,#9651,#9,8179.12);
#9653= IFCSHAPEREPRESENTATION(#12,'Body','SweptSolid',(#9652));
#9654= IFCPRODUCTDEFINITIONSHAPE($,$,(#9653));
#9655= IFCBEAM('2oj3BVR6H5Y9Lm06bNZq80',#7770,'main piece','IPE300','IPE300',#9649,#9654,'b/627');
#9656= IFCPROPERTYSINGLEVALUE('IndicationMark',$,IFCIDENTIFIER('b/627'),$);
#9657= IFCPROPERTYSET('230gVJQXzFw9WoYxsVP1Rv',#5,'AISC_EM11_Pset_PieceIdentification','PieceIdentity',(#5743,#9656,#425,#701));
#9658= IFCLOCALPLACEMENT(#42,#10);
#9659= IFCELEMENTASSEMBLY('3gR8_84gz33wY$Z8s9USK0',#7770,'BEAM',$,$,#9658,$,'B/618',.NOTDEFINED.,.RIGID_FRAME.);
#9660= IFCCARTESIANPOINT((17144.9944610596,8122.51992429536,52699.9981994629));
#9661= IFCAXIS2PLACEMENT3D(#9660,#9,#7);
#9662= IFCLOCALPLACEMENT(#9658,#9661);
#9663= IFCSHAPEREPRESENTATION(#12,'Body','SweptSolid',(#8714));
#9664= IFCPRODUCTDEFINITIONSHAPE($,$,(#9663));
#9665= IFCBEAM('2Kb1qESFHE5ABU39SQ7h7v',#7770,'main piece','IPE300','IPE300',#9662,#9664,'b/513');
#9666= IFCLOCALPLACEMENT(#42,#10);
#9667= IFCELEMENTASSEMBLY('1wx_mOCs11sO2RgZDHMV_A',#7770,'BEAM',$,$,#9666,$,'B/617',.NOTDEFINED.,.RIGID_FRAME.);
#9668= IFCCARTESIANPOINT((17392.6732177734,17475.1314660434,52684.9981994629));
#9669= IFCAXIS2PLACEMENT3D(#9668,#9,#8);
#9670= IFCLOCALPLACEMENT(#9666,#9669);
#9671= IFCCARTESIANPOINT((7127.23731994757,0.,0.));
#9672= IFCAXIS2PLACEMENT3D(#9671,#3991,#332);
#9673= IFCEXTRUDEDAREASOLID(#7665,#9672,#9,7127.24);
#9674= IFCSHAPEREPRESENTATION(#12,'Body','SweptSolid',(#9673));
#9675= IFCPRODUCTDEFINITIONSHAPE($,$,(#9674));
#9676= IFCBEAM('3mhQcSRGDE$RNHVdF_fAXg',#7770,'main piece','IPE330','IPE330',#9670,#9675,'b/512');
#9677= IFCLOCALPLACEMENT(#42,#10);
#9678= IFCELEMENTASSEMBLY('2aVmZh5tvF_RGoZ28aasGI',#7770,'BEAM',$,$,#9677,$,'B/616',.NOTDEFINED.,.RIGID_FRAME.);
#9679= IFCPROPERTYSINGLEVALUE('AssemblyMark',$,IFCIDENTIFIER('B/616'),$);
#9680= IFCPROPERTYSET('1gQYAeaWH8mBFrmPsfzOkt',#5,'AISC_EM11_Pset_AssemblyIdentification','AssemblyIdentity',(#9679,#52,#53));
#9681= IFCCARTESIANPOINT((17392.5854797363,8217.51923764986,52684.9981994629));
#9682= IFCAXIS2PLACEMENT3D(#9681,#9,#8);
#9683= IFCLOCALPLACEMENT(#9677,#9682);
#9684= IFCCARTESIANPOINT((9067.61169433594,0.,0.));
#9685= IFCAXIS2PLACEMENT3D(#9684,#3991,#332);
#9686= IFCEXTRUDEDAREASOLID(#7665,#9685,#9,9067.61);
#9687= IFCSHAPEREPRESENTATION(#12,'Body','SweptSolid',(#9686));
#9688= IFCPRODUCTDEFINITIONSHAPE($,$,(#9687));
#9689= IFCBEAM('24nd5PHB9CG8EPJohTWoBw',#7770,'main piece','IPE330','IPE330',#9683,#9688,'b/511');
#9690= IFCPROPERTYSINGLEVALUE('IndicationMark',$,IFCIDENTIFIER('b/511'),$);
#9691= IFCPROPERTYSET('3410KDOXv92wPw22o5ksGc',#5,'AISC_EM11_Pset_PieceIdentification','PieceIdentity',(#5743,#9690,#425,#701));
#9692= IFCLOCALPLACEMENT(#42,#10);
#9693= IFCELEMENTASSEMBLY('2PrePdqpLAHQ3wzVuBLdWw',#7770,'BEAM',$,$,#9692,$,'B/615',.NOTDEFINED.,.RIGID_FRAME.);
#9694= IFCPROPERTYSINGLEVALUE('AssemblyMark',$,IFCIDENTIFIER('B/615'),$);
#9695= IFCPROPERTYSET('2Dmi_8nJT12wmThx6htpSy',#5,'AISC_EM11_Pset_AssemblyIdentification','AssemblyIdentity',(#9694,#52,#53));
#9696= IFCCARTESIANPOINT((17392.6731414795,897.814683586565,52684.9981994629));
#9697= IFCAXIS2PLACEMENT3D(#9696,#9,#8);
#9698= IFCLOCALPLACEMENT(#9692,#9697);
#9699= IFCCARTESIANPOINT((7129.7092437757,-3.77443664613848E-19,0.));
#9700= IFCAXIS2PLACEMENT3D(#9699,#3991,#332);
#9701= IFCEXTRUDEDAREASOLID(#7665,#9700,#9,7129.71);
#9702= IFCSHAPEREPRESENTATION(#12,'Body','SweptSolid',(#9701));
#9703= IFCPRODUCTDEFINITIONSHAPE($,$,(#9702));
#9704= IFCBEAM('2Udn07TdX3EAe29eDUOkUs',#7770,'main piece','IPE330','IPE330',#9698,#9703,'b/510');
#9705= IFCPROPERTYSINGLEVALUE('IndicationMark',$,IFCIDENTIFIER('b/510'),$);
#9706= IFCPROPERTYSET('1BQILvWRHFt8rCCfMy1D4r',#5,'AISC_EM11_Pset_PieceIdentification','PieceIdentity',(#5743,#9705,#425,#701));
#9707= IFCLOCALPLACEMENT(#42,#10);
#9708= IFCELEMENTASSEMBLY('2p4v_$2pz9m8y5uq2k6zVv',#7770,'BEAM',$,$,#9707,$,'B/614',.NOTDEFINED.,.RIGID_FRAME.);
#9709= IFCPROPERTYSINGLEVALUE('AssemblyMark',$,IFCIDENTIFIER('B/614'),$);
#9710= IFCPROPERTYSET('3KB2jv1Wb6j96q_2431WuS',#5,'AISC_EM11_Pset_AssemblyIdentification','AssemblyIdentity',(#9709,#52,#53));
#9711= IFCCARTESIANPOINT((21200.087272644,17475.1314660434,52714.9981994629));
#9712= IFCAXIS2PLACEMENT3D(#9711,#9,#8);
#9713= IFCLOCALPLACEMENT(#9707,#9712);
#9714= IFCCARTESIANPOINT((4275.1293182373,0.,0.));
#9715= IFCAXIS2PLACEMENT3D(#9714,#3991,#332);
#9716= IFCEXTRUDEDAREASOLID(#7721,#9715,#9,4275.13);
#9717= IFCSHAPEREPRESENTATION(#12,'Body','SweptSolid',(#9716));
#9718= IFCPRODUCTDEFINITIONSHAPE($,$,(#9717));
#9719= IFCBEAM('2tGlNUE2r20OMrLkeNLU$L',#7770,'main piece','IPE270','IPE270',#9713,#9718,'b/509');
#9720= IFCPROPERTYSINGLEVALUE('IndicationMark',$,IFCIDENTIFIER('b/509'),$);
#9721= IFCPROPERTYSET('0XhKYHQVf8gxvIZ6UIZG0v',#5,'AISC_EM11_Pset_PieceIdentification','PieceIdentity',(#5743,#9720,#425,#701));
#9722= IFCLOCALPLACEMENT(#42,#10);
#9723= IFCELEMENTASSEMBLY('2YPN3qheb9nBhkjOLcyYbh',#7770,'BEAM',$,$,#9722,$,'B/613',.NOTDEFINED.,.RIGID_FRAME.);
#9724= IFCPROPERTYSINGLEVALUE('AssemblyMark',$,IFCIDENTIFIER('B/613'),$);
#9725= IFCPROPERTYSET('0UFc8fuk5DJ9$XB5n0JtPQ',#5,'AISC_EM11_Pset_AssemblyIdentification','AssemblyIdentity',(#9724,#52,#53));
#9726= IFCCARTESIANPOINT((22119.1060180657,19557.6136897822,52714.9981994629));
#9727= IFCAXIS2PLACEMENT3D(#9726,#9,#7);
#9728= IFCLOCALPLACEMENT(#9722,#9727);
#9729= IFCCARTESIANPOINT((968.236923218865,0.,0.));
#9730= IFCAXIS2PLACEMENT3D(#9729,#3991,#332);
#9731= IFCEXTRUDEDAREASOLID(#7721,#9730,#9,968.24);
#9732= IFCSHAPEREPRESENTATION(#12,'Body','SweptSolid',(#9731));
#9733= IFCPRODUCTDEFINITIONSHAPE($,$,(#9732));
#9734= IFCBEAM('3Hp_$xru1Dl9Ul91D4H4SZ',#7770,'main piece','IPE270','IPE270',#9728,#9733,'b/508');
#9735= IFCPROPERTYSINGLEVALUE('IndicationMark',$,IFCIDENTIFIER('b/508'),$);
#9736= IFCPROPERTYSET('331x48ObDCPOgbdf2ACTH8',#5,'AISC_EM11_Pset_PieceIdentification','PieceIdentity',(#5743,#9735,#425,#701));
#9737= IFCCARTESIANPOINT((31893.3607417372,18130.1741143588,52714.9981994629));
#9738= IFCDIRECTION((0.000479692999974951,0.999999884947306,0.));
#9739= IFCAXIS2PLACEMENT3D(#9737,#9,#9738);
#9740= IFCLOCALPLACEMENT(#3473,#9739);
#9741= IFCCARTESIANPOINT((6857.08124850652,0.,-7.27595761418343E-12));
#9742= IFCAXIS2PLACEMENT3D(#9741,#3991,#332);
#9743= IFCEXTRUDEDAREASOLID(#7721,#9742,#9,6857.08);
#9744= IFCDIRECTION((-0.99999987475137,-0.000500496997487282,0.));
#9745= IFCCARTESIANPOINT((10.4488585419203,60.2554813543029,-120.000000000007));
#9746= IFCAXIS2PLACEMENT3D(#9745,#9744,#9);
#9747= IFCPLANE(#9746);
#9748= IFCHALFSPACESOLID(#9747,.F.);
#9749= IFCBOOLEANCLIPPINGRESULT(.DIFFERENCE.,#9743,#9748);
#9750= IFCSHAPEREPRESENTATION(#12,'Body','Clipping',(#9749));
#9751= IFCPRODUCTDEFINITIONSHAPE($,$,(#9750));
#9752= IFCBEAM('2wuHDYfh12ZQwxILWwqp7e',#44,'main piece','IPE270','IPE270',#9740,#9751,'b/499(?)');
#9753= IFCLOCALPLACEMENT(#3473,#3479);
#9754= IFCCARTESIANPOINT((0.,-3.66974116966005,0.));
#9755= IFCAXIS2PLACEMENT3D(#9754,#8,#7);
#9756= IFCEXTRUDEDAREASOLID(#405,#9755,#9,6.8);
#9757= IFCSHAPEREPRESENTATION(#12,'Body','SweptSolid',(#9756));
#9758= IFCREPRESENTATIONMAP(#10,#9757);
#9759= IFCMAPPEDITEM(#9758,#86);
#9760= IFCMAPPEDITEM(#9758,#91);
#9761= IFCMAPPEDITEM(#9758,#94);
#9762= IFCSHAPEREPRESENTATION(#12,'Body','MappedRepresentation',(#9759,#9760,#9761));
#9763= IFCPRODUCTDEFINITIONSHAPE($,$,(#9762));
#9764= IFCOPENINGELEMENT('1bhbzua7X52PO1IZUzmYZc',#5,$,$,'Opening',#9753,#9763,$);
#9765= IFCRELVOIDSELEMENT('2aZeaGrFr08eG7hWwuetQF',#5,'Drill Hole',$,#9752,#9764);
#9766= IFCPROPERTYSINGLEVALUE('IndicationMark',$,IFCIDENTIFIER('b/499(?)'),$);
#9767= IFCPROPERTYSET('0ic2Mvp0v3GAw5inEkSS_r',#5,'AISC_EM11_Pset_PieceIdentification','PieceIdentity',(#5743,#9766,#425,#701));
#9768= IFCPROPERTYSINGLEVALUE('SkewedAngleX',$,IFCREAL(-0.02868),$);
#9769= IFCPROPERTYSET('3250JCiUz3i8T9Q$_MebIN',#5,'AISC_EM11_Pset_SkewedEnd',$,(#703,#9768));
#9770= IFCCARTESIANPOINT((29803.3605891494,18130.162670267,52714.9981994629));
#9771= IFCAXIS2PLACEMENT3D(#9770,#9,#9738);
#9772= IFCLOCALPLACEMENT(#3771,#9771);
#9773= IFCCARTESIANPOINT((10.4561498042603,60.2554813542883,-120.000000000007));
#9774= IFCAXIS2PLACEMENT3D(#9773,#9744,#9);
#9775= IFCPLANE(#9774);
#9776= IFCHALFSPACESOLID(#9775,.F.);
#9777= IFCBOOLEANCLIPPINGRESULT(.DIFFERENCE.,#9743,#9776);
#9778= IFCSHAPEREPRESENTATION(#12,'Body','Clipping',(#9777));
#9779= IFCPRODUCTDEFINITIONSHAPE($,$,(#9778));
#9780= IFCBEAM('03BTmDW2TElgljDrhfpqFl',#44,'main piece','IPE270','IPE270',#9772,#9779,'b/499(?)');
#9781= IFCLOCALPLACEMENT(#3771,#3774);
#9782= IFCSHAPEREPRESENTATION(#12,'Body','MappedRepresentation',(#9759,#9760,#9761));
#9783= IFCPRODUCTDEFINITIONSHAPE($,$,(#9782));
#9784= IFCOPENINGELEMENT('3K0oTCQzX50eDKaGmt825w',#5,$,$,'Opening',#9781,#9783,$);
#9785= IFCRELVOIDSELEMENT('0aDE3KquHC9wV8Ohu0fI_e',#5,'Drill Hole',$,#9780,#9784);
#9786= IFCLOCALPLACEMENT(#42,#10);
#9787= IFCELEMENTASSEMBLY('0$ufGhIqXC1w7mC33UwczN',#7770,'BEAM',$,$,#9786,$,'B/731',.NOTDEFINED.,.RIGID_FRAME.);
#9788= IFCCARTESIANPOINT((17144.9944610596,24682.167484415,52714.9981994629));
#9789= IFCAXIS2PLACEMENT3D(#9788,#9,#3765);
#9790= IFCLOCALPLACEMENT(#9786,#9789);
#9791= IFCCARTESIANPOINT((3200.67119599923,0.,0.));
#9792= IFCAXIS2PLACEMENT3D(#9791,#3991,#332);
#9793= IFCEXTRUDEDAREASOLID(#7721,#9792,#9,3200.67);
#9794= IFCSHAPEREPRESENTATION(#12,'Body','SweptSolid',(#9793));
#9795= IFCPRODUCTDEFINITIONSHAPE($,$,(#9794));
#9796= IFCBEAM('11FdFlEu5BL9Y5Xpuc15Ul',#7770,'main piece','IPE270','IPE270',#9790,#9795,'b/626');
#9797= IFCLOCALPLACEMENT(#42,#10);
#9798= IFCELEMENTASSEMBLY('2by8IfOSf4OwRSC280F_eA',#7770,'BEAM',$,$,#9797,$,'B/611',.NOTDEFINED.,.RIGID_FRAME.);
#9799= IFCCARTESIANPOINT((19300.0876541138,17475.1314660434,52714.9981994629));
#9800= IFCAXIS2PLACEMENT3D(#9799,#9,#8);
#9801= IFCLOCALPLACEMENT(#9797,#9800);
#9802= IFCCARTESIANPOINT((7119.97222900391,0.,0.));
#9803= IFCAXIS2PLACEMENT3D(#9802,#3991,#332);
#9804= IFCEXTRUDEDAREASOLID(#7721,#9803,#9,7119.97);
#9805= IFCSHAPEREPRESENTATION(#12,'Body','SweptSolid',(#9804));
#9806= IFCPRODUCTDEFINITIONSHAPE($,$,(#9805));
#9807= IFCBEAM('0QXoC_Eyv2swMOVmg3HIsx',#7770,'main piece','IPE270','IPE270',#9801,#9806,'b/506');
#9808= IFCLOCALPLACEMENT(#42,#10);
#9809= IFCELEMENTASSEMBLY('1irTYCfXz0qx1qXrtNC6BL',#7770,'BEAM',$,$,#9808,$,'B/609',.NOTDEFINED.,.RIGID_FRAME.);
#9810= IFCPROPERTYSINGLEVALUE('AssemblyMark',$,IFCIDENTIFIER('B/609'),$);
#9811= IFCPROPERTYSET('1l9SohLVHDoB_aDtUhAU24',#5,'AISC_EM11_Pset_AssemblyIdentification','AssemblyIdentity',(#9810,#52,#53));
#9812= IFCCARTESIANPOINT((21199.9995346069,8217.51923764986,52714.9981994629));
#9813= IFCAXIS2PLACEMENT3D(#9812,#9,#8);
#9814= IFCLOCALPLACEMENT(#9808,#9813);
#9815= IFCEXTRUDEDAREASOLID(#7721,#9685,#9,9067.61);
#9816= IFCSHAPEREPRESENTATION(#12,'Body','SweptSolid',(#9815));
#9817= IFCPRODUCTDEFINITIONSHAPE($,$,(#9816));
#9818= IFCBEAM('0iiMlOdwH3ae2tUvX368HY',#7770,'main piece','IPE270','IPE270',#9814,#9817,'b/504');
#9819= IFCPROPERTYSINGLEVALUE('IndicationMark',$,IFCIDENTIFIER('b/504'),$);
#9820= IFCPROPERTYSET('0ndaHF7MjBsfSUzmnZIg6U',#5,'AISC_EM11_Pset_PieceIdentification','PieceIdentity',(#5743,#9819,#425,#701));
#9821= IFCLOCALPLACEMENT(#42,#10);
#9822= IFCELEMENTASSEMBLY('1sfvrwyN54HBk1C1iVoD4w',#7770,'BEAM',$,$,#9821,$,'B/730',.NOTDEFINED.,.RIGID_FRAME.);
#9823= IFCPROPERTYSINGLEVALUE('AssemblyMark',$,IFCIDENTIFIER('B/730'),$);
#9824= IFCPROPERTYSET('2YanZlHUzCxO2t$d9Ha9LF',#5,'AISC_EM11_Pset_AssemblyIdentification','AssemblyIdentity',(#9823,#52,#53));
#9825= IFCCARTESIANPOINT((21199.9995346069,3597.95054380838,52714.9981994629));
#9826= IFCAXIS2PLACEMENT3D(#9825,#9,#8);
#9827= IFCLOCALPLACEMENT(#9821,#9826);
#9828= IFCCARTESIANPOINT((4429.56911345817,0.,0.));
#9829= IFCAXIS2PLACEMENT3D(#9828,#3991,#332);
#9830= IFCEXTRUDEDAREASOLID(#7721,#9829,#9,4429.57);
#9831= IFCSHAPEREPRESENTATION(#12,'Body','SweptSolid',(#9830));
#9832= IFCPRODUCTDEFINITIONSHAPE($,$,(#9831));
#9833= IFCBEAM('1KdjZ3cenFlgWoJ_$PVYcL',#7770,'main piece','IPE270','IPE270',#9827,#9832,'b/625');
#9834= IFCPROPERTYSINGLEVALUE('IndicationMark',$,IFCIDENTIFIER('b/625'),$);
#9835= IFCPROPERTYSET('2QElbfNCb23wSta1yJjovz',#5,'AISC_EM11_Pset_PieceIdentification','PieceIdentity',(#5743,#9834,#425,#701));
#9836= IFCLOCALPLACEMENT(#42,#10);
#9837= IFCELEMENTASSEMBLY('0dBjLNAg96pumgAXnskflt',#7770,'BEAM',$,$,#9836,$,'B/609',.NOTDEFINED.,.RIGID_FRAME.);
#9838= IFCCARTESIANPOINT((19299.9999160767,8217.51923764986,52714.9981994629));
#9839= IFCAXIS2PLACEMENT3D(#9838,#9,#8);
#9840= IFCLOCALPLACEMENT(#9836,#9839);
#9841= IFCSHAPEREPRESENTATION(#12,'Body','SweptSolid',(#9815));
#9842= IFCPRODUCTDEFINITIONSHAPE($,$,(#9841));
#9843= IFCBEAM('0qjCmL_4XFzee4CwgNaLf5',#7770,'main piece','IPE270','IPE270',#9840,#9842,'b/504');
#9844= IFCLOCALPLACEMENT(#42,#10);
#9845= IFCELEMENTASSEMBLY('1Kf05aO0nF6xvTqaT8Emzm',#7770,'BEAM',$,$,#9844,$,'B/608',.NOTDEFINED.,.RIGID_FRAME.);
#9846= IFCPROPERTYSINGLEVALUE('AssemblyMark',$,IFCIDENTIFIER('B/608'),$);
#9847= IFCPROPERTYSET('1bRf7VIDb83xguG7GiiSjL',#5,'AISC_EM11_Pset_AssemblyIdentification','AssemblyIdentity',(#9846,#52,#53));
#9848= IFCCARTESIANPOINT((19299.9999160767,905.109836709915,52714.9981994629));
#9849= IFCAXIS2PLACEMENT3D(#9848,#9,#8);
#9850= IFCLOCALPLACEMENT(#9844,#9849);
#9851= IFCCARTESIANPOINT((7122.41554260254,0.,0.));
#9852= IFCAXIS2PLACEMENT3D(#9851,#3991,#332);
#9853= IFCEXTRUDEDAREASOLID(#7721,#9852,#9,7122.42);
#9854= IFCSHAPEREPRESENTATION(#12,'Body','SweptSolid',(#9853));
#9855= IFCPRODUCTDEFINITIONSHAPE($,$,(#9854));
#9856= IFCBEAM('1cWuQ0lhf3fPHtJFcYniCA',#7770,'main piece','IPE270','IPE270',#9850,#9855,'b/503');
#9857= IFCPROPERTYSINGLEVALUE('IndicationMark',$,IFCIDENTIFIER('b/503'),$);
#9858= IFCPROPERTYSET('1XTaZV4kjFtuZoj9JkkNVb',#5,'AISC_EM11_Pset_PieceIdentification','PieceIdentity',(#5743,#9857,#425,#701));
#9859= IFCLOCALPLACEMENT(#42,#10);
#9860= IFCELEMENTASSEMBLY('0asHRDib16HwOxqxlVRVOx',#7770,'BEAM',$,$,#9859,$,'B/729',.NOTDEFINED.,.RIGID_FRAME.);
#9861= IFCPROPERTYSINGLEVALUE('AssemblyMark',$,IFCIDENTIFIER('B/729'),$);
#9862= IFCPROPERTYSET('1uGe7nKDj85R8bSmJ3Ma5e',#5,'AISC_EM11_Pset_AssemblyIdentification','AssemblyIdentity',(#9861,#52,#53));
#9863= IFCCARTESIANPOINT((17144.9944610596,817.609979761062,52714.9981994629));
#9864= IFCAXIS2PLACEMENT3D(#9863,#9,#7);
#9865= IFCLOCALPLACEMENT(#9859,#9864);
#9866= IFCCARTESIANPOINT((3187.96163925289,1.13686837721616E-13,7.27595761418343E-12));
#9867= IFCAXIS2PLACEMENT3D(#9866,#3991,#332);
#9868= IFCEXTRUDEDAREASOLID(#7721,#9867,#9,3187.96);
#9869= IFCSHAPEREPRESENTATION(#12,'Body','SweptSolid',(#9868));
#9870= IFCPRODUCTDEFINITIONSHAPE($,$,(#9869));
#9871= IFCBEAM('2459uwNhTAHxy5grq4Ie9O',#7770,'main piece','IPE270','IPE270',#9865,#9870,'b/624');
#9872= IFCPROPERTYSINGLEVALUE('IndicationMark',$,IFCIDENTIFIER('b/624'),$);
#9873= IFCPROPERTYSET('3xbbHbM8HAyhzWz7wWXLEv',#5,'AISC_EM11_Pset_PieceIdentification','PieceIdentity',(#5743,#9872,#425,#701));
#9874= IFCLOCALPLACEMENT(#42,#10);
#9875= IFCELEMENTASSEMBLY('03ap8gsPPBPuR6ICFBz4K_',#7770,'BEAM',$,$,#9874,$,'B/728',.NOTDEFINED.,.RIGID_FRAME.);
#9876= IFCCARTESIANPOINT((22659.8765487671,17475.1314660434,52699.9981994629));
#9877= IFCDIRECTION((-0.293755746120962,0.955880516393611,0.));
#9878= IFCAXIS2PLACEMENT3D(#9876,#9,#9877);
#9879= IFCLOCALPLACEMENT(#9874,#9878);
#9880= IFCCARTESIANPOINT((8176.34011207737,0.,-7.27595761418343E-12));
#9881= IFCAXIS2PLACEMENT3D(#9880,#3991,#332);
#9882= IFCEXTRUDEDAREASOLID(#7913,#9881,#9,8176.34);
#9883= IFCSHAPEREPRESENTATION(#12,'Body','SweptSolid',(#9882));
#9884= IFCPRODUCTDEFINITIONSHAPE($,$,(#9883));
#9885= IFCBEAM('14sRRiZKv87ucQcA4L4onn',#7770,'main piece','IPE300','IPE300',#9879,#9884,'b/623');
#9886= IFCLOCALPLACEMENT(#42,#10);
#9887= IFCELEMENTASSEMBLY('1xNpTDrQX5XR9hhtba3W5I',#7770,'BEAM',$,$,#9886,$,'B/704',.NOTDEFINED.,.RIGID_FRAME.);
#9888= IFCCARTESIANPOINT((27716.6582017583,17630.1340600376,52714.9981994629));
#9889= IFCAXIS2PLACEMENT3D(#9888,#9,#3478);
#9890= IFCLOCALPLACEMENT(#9886,#9889);
#9891= IFCCARTESIANPOINT((7357.12814331903,-3.63797880709171E-12,1.45519152283669E-11));
#9892= IFCAXIS2PLACEMENT3D(#9891,#3991,#332);
#9893= IFCEXTRUDEDAREASOLID(#7721,#9892,#9,7357.13);
#9894= IFCSHAPEREPRESENTATION(#12,'Body','SweptSolid',(#9893));
#9895= IFCPRODUCTDEFINITIONSHAPE($,$,(#9894));
#9896= IFCBEAM('3GVcoNWe1AnfZkNeMq1WUR',#7770,'main piece','IPE270','IPE270',#9890,#9895,'b/599');
#9897= IFCLOCALPLACEMENT(#42,#10);
#9898= IFCELEMENTASSEMBLY('3pfuOu$EvCdeLul6lhdxwY',#7770,'BEAM',$,$,#9897,$,'B/727',.NOTDEFINED.,.RIGID_FRAME.);
#9899= IFCPROPERTYSINGLEVALUE('AssemblyMark',$,IFCIDENTIFIER('B/727'),$);
#9900= IFCPROPERTYSET('2Fm6HYkF5FZ9c0hk7qxRZ_',#5,'AISC_EM11_Pset_AssemblyIdentification','AssemblyIdentity',(#9899,#52,#53));
#9901= IFCCARTESIANPOINT((65633.9261238557,17333.7124634126,52714.9981994629));
#9902= IFCDIRECTION((-9.53499999887281E-06,-0.999999999954542,0.));
#9903= IFCAXIS2PLACEMENT3D(#9901,#9,#9902);
#9904= IFCLOCALPLACEMENT(#9897,#9903);
#9905= IFCCARTESIANPOINT((8802.33710128496,-1.49117390752545E-17,-7.27595761418343E-12));
#9906= IFCAXIS2PLACEMENT3D(#9905,#3991,#332);
#9907= IFCEXTRUDEDAREASOLID(#7721,#9906,#9,8802.34);
#9908= IFCSHAPEREPRESENTATION(#12,'Body','SweptSolid',(#9907));
#9909= IFCPRODUCTDEFINITIONSHAPE($,$,(#9908));
#9910= IFCBEAM('3EREDWUp15CPqtUt40vwDc',#7770,'main piece','IPE270','IPE270',#9904,#9909,'b/622');
#9911= IFCPROPERTYSINGLEVALUE('IndicationMark',$,IFCIDENTIFIER('b/622'),$);
#9912= IFCPROPERTYSET('33QpSGWMzDLAXx0OF$_5Gv',#5,'AISC_EM11_Pset_PieceIdentification','PieceIdentity',(#5743,#9911,#425,#701));
#9913= IFCCARTESIANPOINT((65714.0614624023,9958.54611600679,52729.9981994629));
#9914= IFCAXIS2PLACEMENT3D(#9913,#9,#7);
#9915= IFCLOCALPLACEMENT(#5167,#9914);
#9916= IFCCARTESIANPOINT((2061.01989746269,0.,-1.45519152283669E-11));
#9917= IFCAXIS2PLACEMENT3D(#9916,#3991,#332);
#9918= IFCEXTRUDEDAREASOLID(#8219,#9917,#9,2061.02);
#9919= IFCCARTESIANPOINT((1775.46930833696,-60.0093691654238,-120.000000000015));
#9920= IFCAXIS2PLACEMENT3D(#9919,#8945,#9);
#9921= IFCPLANE(#9920);
#9922= IFCHALFSPACESOLID(#9921,.F.);
#9923= IFCBOOLEANCLIPPINGRESULT(.DIFFERENCE.,#9918,#9922);
#9924= IFCSHAPEREPRESENTATION(#12,'Body','Clipping',(#9923));
#9925= IFCPRODUCTDEFINITIONSHAPE($,$,(#9924));
#9926= IFCBEAM('0iefyo1pXDKvTieGQQEH_O',#44,'main piece','IPE240','IPE240',#9915,#9925,'b/657(?)');
#9927= IFCLOCALPLACEMENT(#5167,#5172);
#9928= IFCCARTESIANPOINT((0.,-3.19974062863584,0.));
#9929= IFCAXIS2PLACEMENT3D(#9928,#8,#7);
#9930= IFCEXTRUDEDAREASOLID(#405,#9929,#9,6.4);
#9931= IFCSHAPEREPRESENTATION(#12,'Body','SweptSolid',(#9930));
#9932= IFCREPRESENTATIONMAP(#10,#9931);
#9933= IFCMAPPEDITEM(#9932,#86);
#9934= IFCMAPPEDITEM(#9932,#91);
#9935= IFCMAPPEDITEM(#9932,#94);
#9936= IFCSHAPEREPRESENTATION(#12,'Body','MappedRepresentation',(#9933,#9934,#9935));
#9937= IFCPRODUCTDEFINITIONSHAPE($,$,(#9936));
#9938= IFCOPENINGELEMENT('2$Q0n6wBrEivf1pgX1bAA6',#5,$,$,'Opening',#9927,#9937,$);
#9939= IFCRELVOIDSELEMENT('2KFJt5jqz1sft71c0dt8h8',#5,'Drill Hole',$,#9926,#9938);
#9940= IFCPROPERTYSINGLEVALUE('IndicationMark',$,IFCIDENTIFIER('b/657(?)'),$);
#9941= IFCPROPERTYSET('3X6_p5TsbDxQUoPvhX9og9',#5,'AISC_EM11_Pset_PieceIdentification','PieceIdentity',(#5743,#9940,#425,#701));
#9942= IFCPROPERTYSINGLEVALUE('SkewedAngleX',$,IFCREAL(-0.00105),$);
#9943= IFCPROPERTYSET('2IrthpjIj4jvKxmCyXmO48',#5,'AISC_EM11_Pset_SkewedEnd_2',$,(#703,#9942));
#9944= IFCLOCALPLACEMENT(#42,#10);
#9945= IFCELEMENTASSEMBLY('2HgIDhUoHANQMdNRc1TQ2k',#7770,'BEAM',$,$,#9944,$,'B/599',.NOTDEFINED.,.RIGID_FRAME.);
#9946= IFCPROPERTYSINGLEVALUE('AssemblyMark',$,IFCIDENTIFIER('B/599'),$);
#9947= IFCPROPERTYSET('3YZfQ4y4D4zvnDmZ_Pa9P_',#5,'AISC_EM11_Pset_AssemblyIdentification','AssemblyIdentity',(#9946,#52,#53));
#9948= IFCCARTESIANPOINT((67140.2585724716,10031.1575594442,52729.9981994629));
#9949= IFCAXIS2PLACEMENT3D(#9948,#9,#8);
#9950= IFCLOCALPLACEMENT(#9944,#9949);
#9951= IFCCARTESIANPOINT((2736.31132420178,0.,7.27595761418343E-12));
#9952= IFCAXIS2PLACEMENT3D(#9951,#3991,#332);
#9953= IFCEXTRUDEDAREASOLID(#8219,#9952,#9,2736.31);
#9954= IFCSHAPEREPRESENTATION(#12,'Body','SweptSolid',(#9953));
#9955= IFCPRODUCTDEFINITIONSHAPE($,$,(#9954));
#9956= IFCBEAM('0smFLLhujEBPAClySBbb8H',#7770,'main piece','IPE240','IPE240',#9950,#9955,'b/494');
#9957= IFCPROPERTYSINGLEVALUE('IndicationMark',$,IFCIDENTIFIER('b/494'),$);
#9958= IFCPROPERTYSET('26oO2akgPD2fKIYGSX1v29',#5,'AISC_EM11_Pset_PieceIdentification','PieceIdentity',(#5743,#9957,#425,#701));
#9959= IFCCARTESIANPOINT((65714.0614624023,12840.1913186435,52729.9981994629));
#9960= IFCAXIS2PLACEMENT3D(#9959,#9,#7);
#9961= IFCLOCALPLACEMENT(#5087,#9960);
#9962= IFCCARTESIANPOINT((2084.02252197397,0.,0.));
#9963= IFCAXIS2PLACEMENT3D(#9962,#3991,#332);
#9964= IFCEXTRUDEDAREASOLID(#8219,#9963,#9,2084.02);
#9965= IFCCARTESIANPOINT((1775.46933612111,-60.0096055126724,-120.));
#9966= IFCAXIS2PLACEMENT3D(#9965,#8945,#9);
#9967= IFCPLANE(#9966);
#9968= IFCHALFSPACESOLID(#9967,.F.);
#9969= IFCBOOLEANCLIPPINGRESULT(.DIFFERENCE.,#9964,#9968);
#9970= IFCSHAPEREPRESENTATION(#12,'Body','Clipping',(#9969));
#9971= IFCPRODUCTDEFINITIONSHAPE($,$,(#9970));
#9972= IFCBEAM('3bhm6GEf18EgoH6LQyXL32',#44,'main piece','IPE240','IPE240',#9961,#9971,'b/656(?)');
#9973= IFCLOCALPLACEMENT(#5087,#5092);
#9974= IFCSHAPEREPRESENTATION(#12,'Body','MappedRepresentation',(#8827,#8828,#8829));
#9975= IFCPRODUCTDEFINITIONSHAPE($,$,(#9974));
#9976= IFCOPENINGELEMENT('0GTpHBSiH0bBebczf0m$Hz',#5,$,$,'Opening',#9973,#9975,$);
#9977= IFCRELVOIDSELEMENT('0YZ4P6aUzB0A982WP_IL2I',#5,'Drill Hole',$,#9972,#9976);
#9978= IFCPROPERTYSINGLEVALUE('IndicationMark',$,IFCIDENTIFIER('b/656(?)'),$);
#9979= IFCPROPERTYSET('2cLrFD_pD7L8ALMKFJHe3H',#5,'AISC_EM11_Pset_PieceIdentification','PieceIdentity',(#5743,#9978,#425,#701));
#9980= IFCLOCALPLACEMENT(#42,#10);
#9981= IFCELEMENTASSEMBLY('05AzD0YQb8BRmdM04BK7wO',#7770,'BEAM',$,$,#9980,$,'B/424',.NOTDEFINED.,.RIGID_FRAME.);
#9982= IFCPROPERTYSINGLEVALUE('AssemblyMark',$,IFCIDENTIFIER('B/424'),$);
#9983= IFCPROPERTYSET('1TF9Ck7ef628SifTp9J__J',#5,'AISC_EM11_Pset_AssemblyIdentification','AssemblyIdentity',(#9982,#52,#53));
#9984= IFCCARTESIANPOINT((47912.9902954102,11513.0428811435,52749.9981994629));
#9985= IFCAXIS2PLACEMENT3D(#9984,#9,#7);
#9986= IFCLOCALPLACEMENT(#9980,#9985);
#9987= IFCRECTANGLEHOLLOWPROFILEDEF(.AREA.,'[]200*100*4',#73,100.,200.,4.,4.,8.);
#9988= IFCCARTESIANPOINT((2874.60327148438,0.,0.));
#9989= IFCAXIS2PLACEMENT3D(#9988,#3991,#332);
#9990= IFCEXTRUDEDAREASOLID(#9987,#9989,#9,2874.6);
#9991= IFCSHAPEREPRESENTATION(#12,'Body','SweptSolid',(#9990));
#9992= IFCPRODUCTDEFINITIONSHAPE($,$,(#9991));
#9993= IFCBEAM('3_JXbJKSX2fAobxoc9jnHb',#7770,'main piece','[]200*100*4','[]200*100*4',#9986,#9992,'b/319');
#9994= IFCPROPERTYSINGLEVALUE('IndicationMark',$,IFCIDENTIFIER('b/319'),$);
#9995= IFCPROPERTYSET('3j7ll3rOfFi8_3S$UMRywf',#5,'AISC_EM11_Pset_PieceIdentification','PieceIdentity',(#5743,#9994,#425,#701));
#9996= IFCLOCALPLACEMENT(#42,#10);
#9997= IFCELEMENTASSEMBLY('3SndVzKZ5FruS6IDhWYTB_',#7770,'BEAM',$,$,#9996,$,'B/423',.NOTDEFINED.,.RIGID_FRAME.);
#9998= IFCPROPERTYSINGLEVALUE('AssemblyMark',$,IFCIDENTIFIER('B/423'),$);
#9999= IFCPROPERTYSET('3bwbhTGHT1a83xO$IbAJ4L',#5,'AISC_EM11_Pset_AssemblyIdentification','AssemblyIdentity',(#9998,#52,#53));
#10000= IFCCARTESIANPOINT((47912.9902954102,13963.04078306,52749.9981994629));
#10001= IFCAXIS2PLACEMENT3D(#10000,#9,#7);
#10002= IFCLOCALPLACEMENT(#9996,#10001);
#10003= IFCCARTESIANPOINT((2870.,0.,0.));
#10004= IFCAXIS2PLACEMENT3D(#10003,#3991,#332);
#10005= IFCEXTRUDEDAREASOLID(#9987,#10004,#9,2870.);
#10006= IFCSHAPEREPRESENTATION(#12,'Body','SweptSolid',(#10005));
#10007= IFCPRODUCTDEFINITIONSHAPE($,$,(#10006));
#10008= IFCBEAM('3K17Suh1DEhhoyJcWVsh1Q',#7770,'main piece','[]200*100*4','[]200*100*4',#10002,#10007,'b/318');
#10009= IFCPROPERTYSINGLEVALUE('IndicationMark',$,IFCIDENTIFIER('b/318'),$);
#10010= IFCPROPERTYSET('0HA_eo9of76RvzFJts8BSA',#5,'AISC_EM11_Pset_PieceIdentification','PieceIdentity',(#5743,#10009,#425,#701));
#10011= IFCLOCALPLACEMENT(#42,#10);
#10012= IFCELEMENTASSEMBLY('3beY5TpDnBqxAjoQujNXKS',#7770,'BEAM',$,$,#10011,$,'B/681',.NOTDEFINED.,.RIGID_FRAME.);
#10013= IFCPROPERTYSINGLEVALUE('AssemblyMark',$,IFCIDENTIFIER('B/681'),$);
#10014= IFCPROPERTYSET('0oSyblTNv7nOFm02H$QHGb',#5,'AISC_EM11_Pset_AssemblyIdentification','AssemblyIdentity',(#10013,#52,#53));
#10015= IFCCARTESIANPOINT((45150.1862640381,16569.8036691074,52714.9981994629));
#10016= IFCAXIS2PLACEMENT3D(#10015,#9,#332);
#10017= IFCLOCALPLACEMENT(#10011,#10016);
#10018= IFCCARTESIANPOINT((7551.40113830566,0.,0.));
#10019= IFCAXIS2PLACEMENT3D(#10018,#3991,#332);
#10020= IFCEXTRUDEDAREASOLID(#7721,#10019,#9,7551.4);
#10021= IFCSHAPEREPRESENTATION(#12,'Body','SweptSolid',(#10020));
#10022= IFCPRODUCTDEFINITIONSHAPE($,$,(#10021));
#10023= IFCBEAM('3L7VXhVxD22wSrwBn$$kEZ',#7770,'main piece','IPE270','IPE270',#10017,#10022,'b/576');
#10024= IFCPROPERTYSINGLEVALUE('IndicationMark',$,IFCIDENTIFIER('b/576'),$);
#10025= IFCPROPERTYSET('0HUqhmmVP9zxyQvUktadsf',#5,'AISC_EM11_Pset_PieceIdentification','PieceIdentity',(#5743,#10024,#425,#701));
#10026= IFCLOCALPLACEMENT(#42,#10);
#10027= IFCELEMENTASSEMBLY('2$OlSGe8XFg8TVmZim5Zcl',#7770,'BEAM',$,$,#10026,$,'B/726',.NOTDEFINED.,.RIGID_FRAME.);
#10028= IFCPROPERTYSINGLEVALUE('AssemblyMark',$,IFCIDENTIFIER('B/726'),$);
#10029= IFCPROPERTYSET('1guxXwr7vERB_NIxKHjsOA',#5,'AISC_EM11_Pset_AssemblyIdentification','AssemblyIdentity',(#10028,#52,#53));
#10030= IFCCARTESIANPOINT((40375.0855560303,16747.880413187,52714.9981994629));
#10031= IFCAXIS2PLACEMENT3D(#10030,#9,#9902);
#10032= IFCLOCALPLACEMENT(#10026,#10031);
#10033= IFCCARTESIANPOINT((8330.53629713021,-1.41124774239343E-17,0.));
#10034= IFCAXIS2PLACEMENT3D(#10033,#3991,#332);
#10035= IFCEXTRUDEDAREASOLID(#7721,#10034,#9,8330.54);
#10036= IFCSHAPEREPRESENTATION(#12,'Body','SweptSolid',(#10035));
#10037= IFCPRODUCTDEFINITIONSHAPE($,$,(#10036));
#10038= IFCBEAM('2lKY7H62f2BfAqhkMyCkgg',#7770,'main piece','IPE270','IPE270',#10032,#10037,'b/621');
#10039= IFCPROPERTYSINGLEVALUE('IndicationMark',$,IFCIDENTIFIER('b/621'),$);
#10040= IFCPROPERTYSET('3fYjKw_KfB0vzVSV8oVCpn',#5,'AISC_EM11_Pset_PieceIdentification','PieceIdentity',(#5743,#10039,#425,#701));
#10041= IFCLOCALPLACEMENT(#42,#10);
#10042= IFCELEMENTASSEMBLY('0yvoclrHX8GxywqEoavX14',#7770,'BEAM',$,$,#10041,$,'B/725',.NOTDEFINED.,.RIGID_FRAME.);
#10043= IFCCARTESIANPOINT((38249.9997253418,8299.91819789493,52714.9981994629));
#10044= IFCAXIS2PLACEMENT3D(#10043,#9,#9091);
#10045= IFCLOCALPLACEMENT(#10041,#10044);
#10046= IFCCARTESIANPOINT((8565.536907482,0.,0.));
#10047= IFCAXIS2PLACEMENT3D(#10046,#3991,#332);
#10048= IFCEXTRUDEDAREASOLID(#7721,#10047,#9,8565.54);
#10049= IFCSHAPEREPRESENTATION(#12,'Body','SweptSolid',(#10048));
#10050= IFCPRODUCTDEFINITIONSHAPE($,$,(#10049));
#10051= IFCBEAM('3lcOY9i698GhChU0laQmvl',#7770,'main piece','IPE270','IPE270',#10045,#10050,'b/620');
#10052= IFCLOCALPLACEMENT(#42,#10);
#10053= IFCELEMENTASSEMBLY('2ZKOjVH6fCT9eDz_vD_M3L',#7770,'BEAM',$,$,#10052,$,'B/724',.NOTDEFINED.,.RIGID_FRAME.);
#10054= IFCPROPERTYSINGLEVALUE('AssemblyMark',$,IFCIDENTIFIER('B/724'),$);
#10055= IFCPROPERTYSET('2EO8Lg3915TwHpiaWMPSHj',#5,'AISC_EM11_Pset_AssemblyIdentification','AssemblyIdentity',(#10054,#52,#53));
#10056= IFCCARTESIANPOINT((36124.9997253418,8182.54187038028,52714.9981994629));
#10057= IFCAXIS2PLACEMENT3D(#10056,#9,#9091);
#10058= IFCLOCALPLACEMENT(#10052,#10057);
#10059= IFCCARTESIANPOINT((8800.53751783931,0.,-7.27595761418343E-12));
#10060= IFCAXIS2PLACEMENT3D(#10059,#3991,#332);
#10061= IFCEXTRUDEDAREASOLID(#7721,#10060,#9,8800.54);
#10062= IFCSHAPEREPRESENTATION(#12,'Body','SweptSolid',(#10061));
#10063= IFCPRODUCTDEFINITIONSHAPE($,$,(#10062));
#10064= IFCBEAM('3T$zcdwVX9neRYwVwdgOJ5',#7770,'main piece','IPE270','IPE270',#10058,#10063,'b/619');
#10065= IFCPROPERTYSINGLEVALUE('IndicationMark',$,IFCIDENTIFIER('b/619'),$);
#10066= IFCPROPERTYSET('2qgmvWb850QRl8zIoRBYA7',#5,'AISC_EM11_Pset_PieceIdentification','PieceIdentity',(#5743,#10065,#425,#701));
#10067= IFCLOCALPLACEMENT(#42,#10);
#10068= IFCELEMENTASSEMBLY('0GYhUr8_5ETAqTOGC0szhr',#7770,'BEAM',$,$,#10067,$,'B/599',.NOTDEFINED.,.RIGID_FRAME.);
#10069= IFCCARTESIANPOINT((34860.2578277588,10031.213237894,52729.9981994629));
#10070= IFCAXIS2PLACEMENT3D(#10069,#9,#3478);
#10071= IFCLOCALPLACEMENT(#10067,#10070);
#10072= IFCCARTESIANPOINT((2736.28652866782,5.79431210727435E-19,0.));
#10073= IFCAXIS2PLACEMENT3D(#10072,#3991,#332);
#10074= IFCEXTRUDEDAREASOLID(#8219,#10073,#9,2736.29);
#10075= IFCSHAPEREPRESENTATION(#12,'Body','SweptSolid',(#10074));
#10076= IFCPRODUCTDEFINITIONSHAPE($,$,(#10075));
#10077= IFCBEAM('1G32Zj21L6aeUgNg1DBIGL',#7770,'main piece','IPE240','IPE240',#10071,#10076,'b/494');
#10078= IFCCARTESIANPOINT((34212.9857177734,9958.49271024507,52729.9981994629));
#10079= IFCAXIS2PLACEMENT3D(#10078,#9,#7);
#10080= IFCLOCALPLACEMENT(#5521,#10079);
#10081= IFCCARTESIANPOINT((1815.79971313548,-1.92255272830083E-19,7.27595761418343E-12));
#10082= IFCAXIS2PLACEMENT3D(#10081,#3991,#332);
#10083= IFCEXTRUDEDAREASOLID(#8219,#10082,#9,1815.8);
#10084= IFCCARTESIANPOINT((297.483515208056,60.0093375163324,-119.999999999993));
#10085= IFCAXIS2PLACEMENT3D(#10084,#8004,#9);
#10086= IFCPLANE(#10085);
#10087= IFCHALFSPACESOLID(#10086,.F.);
#10088= IFCBOOLEANCLIPPINGRESULT(.DIFFERENCE.,#10083,#10087);
#10089= IFCSHAPEREPRESENTATION(#12,'Body','Clipping',(#10088));
#10090= IFCPRODUCTDEFINITIONSHAPE($,$,(#10089));
#10091= IFCBEAM('140vQyxJD5MOWyVmrtqq2k',#44,'main piece','IPE240','IPE240',#10080,#10090,'b/493(?)');
#10092= IFCLOCALPLACEMENT(#5521,#5526);
#10093= IFCSHAPEREPRESENTATION(#12,'Body','MappedRepresentation',(#9933,#9934,#9935));
#10094= IFCPRODUCTDEFINITIONSHAPE($,$,(#10093));
#10095= IFCOPENINGELEMENT('3rRHMLxZzFufUVqJwADKlx',#5,$,$,'Opening',#10092,#10094,$);
#10096= IFCRELVOIDSELEMENT('2axOsGex9AS9tOxazBcoLB',#5,'Drill Hole',$,#10091,#10095);
#10097= IFCPROPERTYSINGLEVALUE('IndicationMark',$,IFCIDENTIFIER('b/493(?)'),$);
#10098= IFCPROPERTYSET('2MPf$PDk1AAvi1nze9KiL7',#5,'AISC_EM11_Pset_PieceIdentification','PieceIdentity',(#5743,#10097,#425,#701));
#10099= IFCPROPERTYSET('1JGMKEJgH6YgYhijupvel2',#5,'AISC_EM11_Pset_SkewedEnd',$,(#703,#9942));
#10100= IFCLOCALPLACEMENT(#42,#10);
#10101= IFCELEMENTASSEMBLY('3GOCD4gO57cPYdZWYf5HpL',#7770,'BEAM',$,$,#10100,$,'B/598',.NOTDEFINED.,.RIGID_FRAME.);
#10102= IFCPROPERTYSINGLEVALUE('AssemblyMark',$,IFCIDENTIFIER('B/598'),$);
#10103= IFCPROPERTYSET('2868S4H$bDkRYLBOT2Rdty',#5,'AISC_EM11_Pset_AssemblyIdentification','AssemblyIdentity',(#10102,#52,#53));
#10104= IFCCARTESIANPOINT((34213.0429382324,12843.2326103571,52729.9981994629));
#10105= IFCDIRECTION((0.999998542582782,-0.0017072879992875,0.));
#10106= IFCAXIS2PLACEMENT3D(#10104,#9,#10105);
#10107= IFCLOCALPLACEMENT(#10100,#10106);
#10108= IFCCARTESIANPOINT((1815.74513897133,3.93726964870543E-16,-7.27595761418343E-12));
#10109= IFCAXIS2PLACEMENT3D(#10108,#3991,#332);
#10110= IFCEXTRUDEDAREASOLID(#8219,#10109,#9,1815.75);
#10111= IFCSHAPEREPRESENTATION(#12,'Body','SweptSolid',(#10110));
#10112= IFCPRODUCTDEFINITIONSHAPE($,$,(#10111));
#10113= IFCBEAM('1B0d79iCL7YwHKqOPCx8NC',#7770,'main piece','IPE240','IPE240',#10107,#10112,'b/493');
#10114= IFCPROPERTYSINGLEVALUE('IndicationMark',$,IFCIDENTIFIER('b/493'),$);
#10115= IFCPROPERTYSET('0lVOIO$RTDxfvmJMHOYr3R',#5,'AISC_EM11_Pset_PieceIdentification','PieceIdentity',(#5743,#10114,#425,#701));
#10116= IFCLOCALPLACEMENT(#42,#10);
#10117= IFCELEMENTASSEMBLY('394C0t0N51O8Z5EZJZ3xu3',#7770,'BEAM',$,$,#10116,$,'B/190',.NOTDEFINED.,.RIGID_FRAME.);
#10118= IFCPROPERTYSINGLEVALUE('AssemblyMark',$,IFCIDENTIFIER('B/190'),$);
#10119= IFCPROPERTYSET('2y2m93La58iQdqs14vqVzV',#5,'AISC_EM11_Pset_AssemblyIdentification','AssemblyIdentity',(#10118,#52,#53));
#10120= IFCCARTESIANPOINT((25912.755517229,10560.2281906358,52749.9981994629));
#10121= IFCAXIS2PLACEMENT3D(#10120,#9,#7);
#10122= IFCLOCALPLACEMENT(#10116,#10121);
#10123= IFCCARTESIANPOINT((3300.19760131836,0.,0.));
#10124= IFCAXIS2PLACEMENT3D(#10123,#3991,#332);
#10125= IFCEXTRUDEDAREASOLID(#9987,#10124,#9,3300.2);
#10126= IFCSHAPEREPRESENTATION(#12,'Body','SweptSolid',(#10125));
#10127= IFCPRODUCTDEFINITIONSHAPE($,$,(#10126));
#10128= IFCBEAM('0CDFlk2Rz9beigetasg_sN',#7770,'main piece','[]200*100*4','[]200*100*4',#10122,#10127,'b/62');
#10129= IFCPROPERTYSINGLEVALUE('IndicationMark',$,IFCIDENTIFIER('b/62'),$);
#10130= IFCPROPERTYSET('2WvLCDiu11BuSfUTJDRcYL',#5,'AISC_EM11_Pset_PieceIdentification','PieceIdentity',(#5743,#10129,#425,#701));
#10131= IFCLOCALPLACEMENT(#42,#10);
#10132= IFCELEMENTASSEMBLY('1XmP7$LRf5i8u5I$Mn4chw',#7770,'BEAM',$,$,#10131,$,'B/190',.NOTDEFINED.,.RIGID_FRAME.);
#10133= IFCCARTESIANPOINT((25900.0508422852,12750.1196404819,52749.9981994629));
#10134= IFCAXIS2PLACEMENT3D(#10133,#9,#7);
#10135= IFCLOCALPLACEMENT(#10131,#10134);
#10136= IFCSHAPEREPRESENTATION(#12,'Body','SweptSolid',(#10125));
#10137= IFCPRODUCTDEFINITIONSHAPE($,$,(#10136));
#10138= IFCBEAM('2JxQZi6z54Vwtl3IAUqB7s',#7770,'main piece','[]200*100*4','[]200*100*4',#10135,#10137,'b/62');
#10139= IFCLOCALPLACEMENT(#42,#10);
#10140= IFCELEMENTASSEMBLY('1zmt6YE2z5n9yhMqIQyDLM',#7770,'BEAM',$,$,#10139,$,'B/190',.NOTDEFINED.,.RIGID_FRAME.);
#10141= IFCCARTESIANPOINT((25912.7478878345,14944.2368881456,52749.9981994629));
#10142= IFCAXIS2PLACEMENT3D(#10141,#9,#7);
#10143= IFCLOCALPLACEMENT(#10139,#10142);
#10144= IFCSHAPEREPRESENTATION(#12,'Body','SweptSolid',(#10125));
#10145= IFCPRODUCTDEFINITIONSHAPE($,$,(#10144));
#10146= IFCBEAM('0O4I0ZLhf7kh7kWfSd90xu',#7770,'main piece','[]200*100*4','[]200*100*4',#10143,#10145,'b/62');
#10147= IFCOWNERHISTORY(#3,#4,$,.NOCHANGE.,$,$,$,1762480800);
#10148= IFCRELAGGREGATES('2Hct2PG6PBfAY5V$Spp_QA',#5,$,$,#37,(#39));
#10149= IFCRELAGGREGATES('2Zu9KhYOhTxSqNnHk55GiS',#5,$,$,#39,(#41));
#10150= IFCRELAGGREGATES('32b9or5NX6EQLJDbYcOqNi',#5,$,$,#41,(#43));
#10151= IFCRELAGGREGATES('0Iod7$kPz6PvDAG8j03Vpb',#5,$,$,#46,(#9221,#4199,#106));
#10152= IFCRELAGGREGATES('1MhY3ZHfDFAuYFPeFOsyNy',#5,$,$,#124,(#699,#688,#679,#403,#386,#328,#304));
#10153= IFCRELAGGREGATES('17JXjHVXj4$8fiGJhQj64H',#5,$,$,#708,(#9272,#4264,#717));
#10154= IFCRELAGGREGATES('1507jmWbvB_xHua$KIlFR0',#5,$,$,#719,(#820,#814,#808,#797,#789,#735,#726));
#10155= IFCRELAGGREGATES('1X$dOxf7j0TgqbsZUNIKA0',#5,$,$,#822,(#9305,#4329,#831));
#10156= IFCRELAGGREGATES('2eswbFXnr2Y8X4Ln186Uh4',#5,$,$,#833,(#915,#909,#903,#892,#884,#849,#840));
#10157= IFCRELAGGREGATES('3g6q0QddL5vf6dURf1m2lQ',#5,$,$,#917,(#9336,#4394,#926));
#10158= IFCRELAGGREGATES('04NbVmJsTEtfk4umVyGrtk',#5,$,$,#928,(#984,#978,#972,#961,#953,#944,#935));
#10159= IFCRELAGGREGATES('2x6dNQVcrDhxuO2R8YWHdk',#5,$,$,#986,(#9367,#4459,#995));
#10160= IFCRELAGGREGATES('37EUtHVKL3SPjXlOVdD5u5',#5,$,$,#997,(#1053,#1047,#1041,#1030,#1022,#1013,#1004));
#10161= IFCRELAGGREGATES('2m_MpJIMz7Oe2Z0i5yVqq9',#5,$,$,#1055,(#7739,#2767,#1076));
#10162= IFCRELAGGREGATES('2CWk2B2iX9bRUaea9RfPsC',#5,$,$,#1078,(#1352,#1345,#1339,#1326,#1317,#1263,#1254));
#10163= IFCRELAGGREGATES('3hY3llKkLEWhLSoH8rQpiP',#5,$,$,#1354,(#9399,#4524,#1374));
#10164= IFCRELAGGREGATES('3GbenQ6kXF0xSjAePKrvRX',#5,$,$,#1376,(#1436,#1429,#1423,#1411,#1403,#1394,#1385));
#10165= IFCRELAGGREGATES('0mtHSxTFr6afsV3T93ivYc',#5,$,$,#1438,(#9484,#4589,#1469));
#10166= IFCRELAGGREGATES('1N1vg6eqf2i8qny77GdA3L',#5,$,$,#1471,(#1744,#1737,#1731,#1719,#1710,#1656,#1647));
#10167= IFCRELAGGREGATES('094_nPz619Y8hl6oGrA_bd',#5,$,$,#1746,(#9522,#4654,#1755));
#10168= IFCRELAGGREGATES('3_N_fOcyvAJPIZdLGaxMQD',#5,$,$,#1757,(#1813,#1807,#1801,#1790,#1782,#1773,#1764));
#10169= IFCRELAGGREGATES('35LznbSUD7ovYkSaSrCPOq',#5,$,$,#1815,(#9553,#4719,#1824));
#10170= IFCRELAGGREGATES('3feC_4D7TE1R2EWUKNGNsg',#5,$,$,#1826,(#1882,#1876,#1870,#1859,#1851,#1842,#1833));
#10171= IFCRELAGGREGATES('0FToKW0bvBiR_mpe4sAOgn',#5,$,$,#1884,(#8118,#1911));
#10172= IFCRELAGGREGATES('3IeziyWBv9TfuQwAhmO4DK',#5,$,$,#1913,(#2141,#2134,#2128,#2116,#2107,#2098,#2089));
#10173= IFCRELAGGREGATES('2hnJJ87P97zgXC9TTb7n6s',#5,$,$,#2143,(#8337,#2169));
#10174= IFCRELAGGREGATES('3ASgRQTpnEVhdx3fa1A8LX',#5,$,$,#2171,(#2227,#2221,#2215,#2204,#2196,#2187,#2178));
#10175= IFCRELAGGREGATES('2eYURggCH3rvJpQ2rn6cGT',#5,$,$,#2229,(#8367,#2238));
#10176= IFCRELAGGREGATES('2eeFreJsn0EBv1wiuChMmM',#5,$,$,#2240,(#2296,#2290,#2284,#2273,#2265,#2256,#2247));
#10177= IFCRELAGGREGATES('1D$oENwh14$8aNnevllRMD',#5,$,$,#2298,(#8403,#2324));
#10178= IFCRELAGGREGATES('1w$AIDkW9C0vNxPefWvqAY',#5,$,$,#2326,(#2382,#2376,#2370,#2359,#2351,#2342,#2333));
#10179= IFCRELAGGREGATES('1XGxZ7yHvAfAUX6UFkfEYU',#5,$,$,#2384,(#8433,#2405));
#10180= IFCRELAGGREGATES('3mP3brwvLAheyk8ML9S51v',#5,$,$,#2407,(#2680,#2673,#2667,#2655,#2646,#2592,#2583));
#10181= IFCRELAGGREGATES('38F3bgRlLDePgUbdwHsRoD',#5,$,$,#2682,(#8464,#2691));
#10182= IFCRELAGGREGATES('0WmcSFPcX0hu8Ckb84tRZv',#5,$,$,#2693,(#2749,#2743,#2737,#2726,#2718,#2709,#2700));
#10183= IFCRELAGGREGATES('2EWgksopz9lPLkqE5nQuMJ',#5,$,$,#2769,(#2829,#2822,#2816,#2804,#2796,#2787,#2778));
#10184= IFCRELAGGREGATES('3_2o50V$93jAmjlXmdilHf',#5,$,$,#2831,(#8486,#2852));
#10185= IFCRELAGGREGATES('2O46SIVYT14f7lvcQiy9OU',#5,$,$,#2854,(#3127,#3120,#3114,#3102,#3093,#3039,#3030));
#10186= IFCRELAGGREGATES('19H28ImU959AupWHXc40qU',#5,$,$,#3129,(#8516,#3138));
#10187= IFCRELAGGREGATES('1eCVDjDOT4dRJzkZqXKthv',#5,$,$,#3140,(#3241,#3235,#3229,#3218,#3210,#3156,#3147));
#10188= IFCRELAGGREGATES('1iH9RHwJP1YRRZ3TmPEIvZ',#5,$,$,#3243,(#8579,#3252));
#10189= IFCRELAGGREGATES('346LzGfqz7mB_qzhvwkAXn',#5,$,$,#3254,(#3310,#3304,#3298,#3287,#3279,#3270,#3261));
#10190= IFCRELAGGREGATES('2hNLXIL8T8LftNtEY90vbg',#5,$,$,#3312,(#8600,#3319));
#10191= IFCRELAGGREGATES('20Hc7pwuXDteZcCPgwX3MJ',#5,$,$,#3321,(#3377,#3371,#3365,#3354,#3346,#3337,#3328));
#10192= IFCRELAGGREGATES('3FTqm$v3H9sRBa3W8ojA2L',#5,$,$,#3379,(#8695,#3388));
#10193= IFCRELAGGREGATES('3dhikKU3vBwfHb8MLKOXPz',#5,$,$,#3390,(#3472,#3466,#3460,#3449,#3441,#3406,#3397));
#10194= IFCRELAGGREGATES('2oVbamolH9Y8lwiWUKQ1U0',#5,$,$,#3474,(#9752,#3495));
#10195= IFCRELAGGREGATES('1oDlbKFuvBcQ3FIwYJaTwQ',#5,$,$,#3497,(#3770,#3763,#3757,#3745,#3736,#3682,#3673));
#10196= IFCRELAGGREGATES('0lX2nLUuXEtwOEoMq1acyP',#5,$,$,#3772,(#9780,#3779));
#10197= IFCRELAGGREGATES('25QiN0$uz7OxmlXU$mAOOh',#5,$,$,#3781,(#3837,#3831,#3825,#3814,#3806,#3797,#3788));
#10198= IFCRELAGGREGATES('2Q_SP_YM59E9VXe6jqlwUH',#5,$,$,#3839,(#8012,#3859));
#10199= IFCRELAGGREGATES('1OITcRYAn0XxY8sv_q4Xng',#5,$,$,#3861,(#4021,#4015,#4009,#3996,#3987,#3978,#3969));
#10200= IFCRELAGGREGATES('3cCyQkirn4dwUl$bA1yVck',#5,$,$,#4023,(#8870,#4041));
#10201= IFCRELAGGREGATES('3DhKf$Ii98qBUHPoEMEkH1',#5,$,$,#4043,(#4099,#4093,#4087,#4076,#4068,#4059,#4050));
#10202= IFCRELAGGREGATES('2B9CCX8LP5RwQHOQCyN9ej',#5,$,$,#4101,(#9627,#4119));
#10203= IFCRELAGGREGATES('0npG118513cfJI6uexJlT6',#5,$,$,#4121,(#4181,#4175,#4169,#4156,#4148,#4139,#4130));
#10204= IFCRELAGGREGATES('1jl90pnx9ClRYdPceVLWwq',#5,$,$,#4201,(#4257,#4251,#4245,#4234,#4226,#4217,#4208));
#10205= IFCRELAGGREGATES('02xcqhzTj6ixHxpGhUeRcM',#5,$,$,#4266,(#4322,#4316,#4310,#4299,#4291,#4282,#4273));
#10206= IFCRELAGGREGATES('0F1P3g1VHA59ZOy0dyaXX2',#5,$,$,#4331,(#4387,#4381,#4375,#4364,#4356,#4347,#4338));
#10207= IFCRELAGGREGATES('3lrgIhwn99VQK5iUAI28EM',#5,$,$,#4396,(#4452,#4446,#4440,#4429,#4421,#4412,#4403));
#10208= IFCRELAGGREGATES('0dv4Kll259lu2kUoLyJ8F3',#5,$,$,#4461,(#4517,#4511,#4505,#4494,#4486,#4477,#4468));
#10209= IFCRELAGGREGATES('0_Z2saMnjF3xVqe7MSxMOx',#5,$,$,#4526,(#4582,#4576,#4570,#4559,#4551,#4542,#4533));
#10210= IFCRELAGGREGATES('0QClSC$5f4weXIpb475_4Z',#5,$,$,#4591,(#4647,#4641,#4635,#4624,#4616,#4607,#4598));
#10211= IFCRELAGGREGATES('1VDhbLBNj3Jx6XlhY6lB$j',#5,$,$,#4656,(#4712,#4706,#4700,#4689,#4681,#4672,#4663));
#10212= IFCRELAGGREGATES('3WxF8R2T9FvvoMsd8G6$5R',#5,$,$,#4721,(#4777,#4771,#4765,#4754,#4746,#4737,#4728));
#10213= IFCRELAGGREGATES('1Ouw4va6XECQhaWIuY8iDr',#5,$,$,#4779,(#8299,#4799));
#10214= IFCRELAGGREGATES('3I0RsVyOr0tB_MKJBeu5yv',#5,$,$,#4801,(#4857,#4851,#4845,#4834,#4826,#4817,#4808));
#10215= IFCRELAGGREGATES('1klxeCf1TBTh84BtmWsfCv',#5,$,$,#4859,(#8268,#4879));
#10216= IFCRELAGGREGATES('3QYm$kSrL9JPQDs0IyHcNQ',#5,$,$,#4881,(#4937,#4931,#4925,#4914,#4906,#4897,#4888));
#10217= IFCRELAGGREGATES('3VcOwHAnb63AJG7DNfdGc6',#5,$,$,#4939,(#8181,#4959));
#10218= IFCRELAGGREGATES('2Cp$CRhCL1H8haDagu3uFf',#5,$,$,#4961,(#5017,#5011,#5005,#4994,#4986,#4977,#4968));
#10219= IFCRELAGGREGATES('39_8N2gBT57Bjulqf86oH1',#5,$,$,#5019,(#8150,#5028));
#10220= IFCRELAGGREGATES('2l49Auwc582vm1LA2y252z',#5,$,$,#5030,(#5086,#5080,#5074,#5063,#5055,#5046,#5037));
#10221= IFCRELAGGREGATES('1OykkSwTn09OcrYlpyaQgp',#5,$,$,#5088,(#9972,#5108));
#10222= IFCRELAGGREGATES('3U85DF3xn8SfPVhDJf0ogq',#5,$,$,#5110,(#5166,#5160,#5154,#5143,#5135,#5126,#5117));
#10223= IFCRELAGGREGATES('0Er31n$GzDBR5PSnXLHpr5',#5,$,$,#5168,(#9926,#5188));
#10224= IFCRELAGGREGATES('1d_VO81UL3l9BrmX5tM7Ng',#5,$,$,#5190,(#5246,#5240,#5234,#5223,#5215,#5206,#5197));
#10225= IFCRELAGGREGATES('0_j8xnXyD0Wwyy9RQc5Qsc',#5,$,$,#5248,(#8975,#5257));
#10226= IFCRELAGGREGATES('2igIhNAan4TvFo_OoE6zRQ',#5,$,$,#5259,(#5315,#5309,#5303,#5292,#5284,#5275,#5266));
#10227= IFCRELAGGREGATES('33zZya8lP0qhhbX3NUAae6',#5,$,$,#5317,(#8953,#5326));
#10228= IFCRELAGGREGATES('3wKXFSepb3E8QYMHd$mqYd',#5,$,$,#5328,(#5384,#5378,#5372,#5361,#5353,#5344,#5335));
#10229= IFCRELAGGREGATES('1mGFJ5uWbDXvc5G$q77Myj',#5,$,$,#5386,(#8676,#5393));
#10230= IFCRELAGGREGATES('264_KOsXv4BRfgWNCY1gh1',#5,$,$,#5395,(#5451,#5445,#5439,#5428,#5420,#5411,#5402));
#10231= IFCRELAGGREGATES('3DGRzVXof01QqLyxo7Ku0W',#5,$,$,#5453,(#8653,#5462));
#10232= IFCRELAGGREGATES('371ak0fv9CH8I2VdvKxLBV',#5,$,$,#5464,(#5520,#5514,#5508,#5497,#5489,#5480,#5471));
#10233= IFCRELAGGREGATES('3WWjmo2lz99v51IwLyv$qi',#5,$,$,#5522,(#10091,#5531));
#10234= IFCRELAGGREGATES('3C6MdTiJT4agAX6IUtSjsD',#5,$,$,#5533,(#5589,#5583,#5577,#5566,#5558,#5549,#5540));
#10235= IFCRELAGGREGATES('0pWau08DDFHQWcsKnUM3LP',#5,$,$,#5591,(#8820,#5600));
#10236= IFCRELAGGREGATES('0HMAVAdyr4HBCwR68OPBYV',#5,$,$,#5602,(#5658,#5652,#5646,#5635,#5627,#5618,#5609));
#10237= IFCRELAGGREGATES('2uS5HEmn1Dp8847CM9u$0t',#5,$,$,#5660,(#8849,#5669));
#10238= IFCRELAGGREGATES('0AZo_h1xfAswkUrsoLK3v6',#5,$,$,#5671,(#5727,#5721,#5715,#5704,#5696,#5687,#5678));
#10239= IFCRELAGGREGATES('29s0vAQJn2CgIB49Bw_Lg0',#5,$,$,#5729,(#5742));
#10240= IFCRELAGGREGATES('0FOghIGS1CTwju__AlEioG',#5,$,$,#5751,(#5763));
#10241= IFCRELAGGREGATES('1g_VDdZgf2$83n64BC5v1R',#5,$,$,#5767,(#5778));
#10242= IFCRELAGGREGATES('2Ma_V8TEv5_wOTIMQJlaQ0',#5,$,$,#5782,(#5794));
#10243= IFCRELAGGREGATES('2lc8UfEDTBYQwCIhGEVBF8',#5,$,$,#5798,(#5807));
#10244= IFCRELAGGREGATES('2Lmn99edrAieFPFS0$SXvW',#5,$,$,#5809,(#5818));
#10245= IFCRELAGGREGATES('0UiIcf3f96jPfDLMj1ACzV',#5,$,$,#5820,(#5831));
#10246= IFCRELAGGREGATES('3CLyBw_ML8bfZIXf4xwmMt',#5,$,$,#5835,(#5844));
#10247= IFCRELAGGREGATES('0LjSkJgBzAqv83tS_VC_mg',#5,$,$,#5846,(#5858));
#10248= IFCRELAGGREGATES('3PL32kd1P2jxOqw9rfu3DN',#5,$,$,#5862,(#5871));
#10249= IFCRELAGGREGATES('0DPjtpGCz5IhsnWxDgV8Hk',#5,$,$,#5873,(#5885));
#10250= IFCRELAGGREGATES('2WmcuG3Nz50e_BMB3SYXN_',#5,$,$,#5889,(#5898));
#10251= IFCRELAGGREGATES('3Cffy337j2UAdwdgnH3jbK',#5,$,$,#5900,(#5912));
#10252= IFCRELAGGREGATES('2WkOjZ86f6Ox_s23hEBtt6',#5,$,$,#5916,(#5925));
#10253= IFCRELAGGREGATES('0FrjUs3sPAdxAy4TQ8o7E1',#5,$,$,#5927,(#5939));
#10254= IFCRELAGGREGATES('3$8D3icwPFcg1I4Ek6ymre',#5,$,$,#5943,(#5949));
#10255= IFCRELAGGREGATES('08gfIwL6X0O8t9jJVDVzls',#5,$,$,#5951,(#5957));
#10256= IFCRELAGGREGATES('2KYuCu_Cv7H97owTbFjPQd',#5,$,$,#5959,(#5965));
#10257= IFCRELAGGREGATES('1JA$mTf6D4xwB4donhlzp0',#5,$,$,#5967,(#5978));
#10258= IFCRELAGGREGATES('2CbPQcpsXFtRNxkEd0CSRD',#5,$,$,#5982,(#5992));
#10259= IFCRELAGGREGATES('0iqOGyenL8bfQ9nJ5yf20S',#5,$,$,#5996,(#6002));
#10260= IFCRELAGGREGATES('0j8nJdYXbB7vmjtRg0KXKk',#5,$,$,#6004,(#6014));
#10261= IFCRELAGGREGATES('1m7rZZinjEhfwGZk3Ymqd8',#5,$,$,#6018,(#6025));
#10262= IFCRELAGGREGATES('0BXxCda_jDfe2SzAhXtAEk',#5,$,$,#6027,(#6033));
#10263= IFCRELAGGREGATES('02W9OvACX9ivKuuUOyQMqU',#5,$,$,#6035,(#6046));
#10264= IFCRELAGGREGATES('2sbEZ1oiz1qOFK5MAeDB6N',#5,$,$,#6050,(#6056));
#10265= IFCRELAGGREGATES('0lwp4eMmPAGgX6mGOW8Y0g',#5,$,$,#6058,(#6070));
#10266= IFCRELAGGREGATES('3B5aBjPQ92nAJKmxAzlLWU',#5,$,$,#6078,(#6088));
#10267= IFCRELAGGREGATES('0BrodIZMTBcODq$gE4KuJh',#5,$,$,#6092,(#6103));
#10268= IFCRELAGGREGATES('1afM$6_NX2M93EhfS51obi',#5,$,$,#6107,(#6113));
#10269= IFCRELAGGREGATES('2jpgdoVqXBxgg4wCXBfm7u',#5,$,$,#6115,(#6121));
#10270= IFCRELAGGREGATES('25McM2_bv5deUi5_uVc70q',#5,$,$,#6123,(#6129));
#10271= IFCRELAGGREGATES('3Oxl8LHQ1AE9yymb0WfHbI',#5,$,$,#6131,(#6137));
#10272= IFCRELAGGREGATES('2RKVlV1z1F$R2s_rZWW1S0',#5,$,$,#6139,(#6145));
#10273= IFCRELAGGREGATES('136cX7DkD19BGim1o2lTBD',#5,$,$,#6147,(#6153));
#10274= IFCRELAGGREGATES('2thupRhcj5KwbjGR7do7_D',#5,$,$,#6155,(#6161));
#10275= IFCRELAGGREGATES('11Gcw6dZD3LuxUifhEIKDP',#5,$,$,#6163,(#6174));
#10276= IFCRELAGGREGATES('2HjhDG5l9Eiei3uPATPMhq',#5,$,$,#6179,(#6191));
#10277= IFCRELAGGREGATES('3TsVMLRFz94RCT7_KV5Ieq',#5,$,$,#6195,(#6201));
#10278= IFCRELAGGREGATES('1zdu1hkST1UQvsDMAMGZPB',#5,$,$,#6203,(#6209));
#10279= IFCRELAGGREGATES('3ckxB5QDj5tvSDCSBXf0gn',#5,$,$,#6211,(#6217));
#10280= IFCRELAGGREGATES('2ii_aeApb0HOhP6D2e1FND',#5,$,$,#6219,(#6225));
#10281= IFCRELAGGREGATES('3yDJaSfQr8QeWgjJ4ypyj3',#5,$,$,#6227,(#6233));
#10282= IFCRELAGGREGATES('1ogCPGW792Zw0x5ckCcY4m',#5,$,$,#6235,(#6241));
#10283= IFCRELAGGREGATES('3vuatKG6P0AAzx4K2CTPYa',#5,$,$,#6243,(#6249));
#10284= IFCRELAGGREGATES('0z2C3AFgrDwRiaAPkJHtVR',#5,$,$,#6251,(#6257));
#10285= IFCRELAGGREGATES('0vefYOyeL3TPlSeogQMqSo',#5,$,$,#6259,(#6265));
#10286= IFCRELAGGREGATES('0$IvcqTeH5NepIJ27dPcwn',#5,$,$,#6267,(#6273));
#10287= IFCRELAGGREGATES('23eJOsQ9zAe83oTKVLtDch',#5,$,$,#6275,(#6281));
#10288= IFCRELAGGREGATES('33rEHUz7DAZg9bBcZWK8rt',#5,$,$,#6283,(#6289));
#10289= IFCRELAGGREGATES('3vwcQjb890HRIPs5164A8Q',#5,$,$,#6291,(#6297));
#10290= IFCRELAGGREGATES('12LrYFDefCowrP9tcUFpVf',#5,$,$,#6299,(#6305));
#10291= IFCRELAGGREGATES('3axFJDyl14sgS960M5YG5O',#5,$,$,#6307,(#6313));
#10292= IFCRELAGGREGATES('33pq0MDef6wg4L_R_KXgIZ',#5,$,$,#6315,(#6321));
#10293= IFCRELAGGREGATES('1tuin4Y915QwQJTCrVPV57',#5,$,$,#6323,(#6329));
#10294= IFCRELAGGREGATES('16jzhvZKjBUQmFWrhmiCLf',#5,$,$,#6331,(#6337));
#10295= IFCRELAGGREGATES('2EU1JWGVnA9fR4hf3D_3_O',#5,$,$,#6339,(#6345));
#10296= IFCRELAGGREGATES('190H73XFf4eOQM5u5W2p7J',#5,$,$,#6347,(#6353));
#10297= IFCRELAGGREGATES('2QgKfgb912EARw8hqjLP_v',#5,$,$,#6355,(#6361));
#10298= IFCRELAGGREGATES('2cvWvApDnDZBWETtc2Ymic',#5,$,$,#6363,(#6369));
#10299= IFCRELAGGREGATES('1teo267dT7Lf$y8fGAMMck',#5,$,$,#6371,(#6377));
#10300= IFCRELAGGREGATES('0YMoFykEL54QpvQDXPkDsw',#5,$,$,#6379,(#6385));
#10301= IFCRELAGGREGATES('2NSZ2Zee9Ds8Zz_Vd$qm9q',#5,$,$,#6387,(#6393));
#10302= IFCRELAGGREGATES('1EHWFKMhv8XxK_et8wxccw',#5,$,$,#6395,(#6401));
#10303= IFCRELAGGREGATES('1hoIMYOEv4$xUf$ZHhz2I8',#5,$,$,#6404,(#6414));
#10304= IFCRELAGGREGATES('0ckVXsaBv1c9TCBB26mCxq',#5,$,$,#6418,(#6424));
#10305= IFCRELAGGREGATES('2O57lZpH1Efh6n00x1nCoE',#5,$,$,#6426,(#6433));
#10306= IFCRELAGGREGATES('3YkSSrjW1B_vnHW_st2EME',#5,$,$,#6437,(#6443));
#10307= IFCRELAGGREGATES('3Jvd920uzDSRtgAnQpgjGN',#5,$,$,#6445,(#6454));
#10308= IFCRELAGGREGATES('29wXywBIf9DxKRlHJ6ZMTQ',#5,$,$,#6456,(#6462));
#10309= IFCRELAGGREGATES('3bp9yveKTFlgWCWpo95ybr',#5,$,$,#6464,(#6476));
#10310= IFCRELAGGREGATES('2fLIuaT6zBvQTqg2lCApr7',#5,$,$,#6480,(#6487));
#10311= IFCRELAGGREGATES('16QdNuLfX4yBJbzYXLC$fK',#5,$,$,#6489,(#6495));
#10312= IFCRELAGGREGATES('1jf1eWnCX8BfOPVjIkzFSw',#5,$,$,#6497,(#6506));
#10313= IFCRELAGGREGATES('0xN4fC9RHFoQ0w_gi1lKZP',#5,$,$,#6508,(#6514));
#10314= IFCRELAGGREGATES('3sQiM$Sqf8GgwEcvGIl22e',#5,$,$,#6516,(#6523));
#10315= IFCRELAGGREGATES('2uj124pFL0Ex1oZvUANWYJ',#5,$,$,#6525,(#6531));
#10316= IFCRELAGGREGATES('0K5Q_gZfrD2PDxQ9jhxLoZ',#5,$,$,#6533,(#6539));
#10317= IFCRELAGGREGATES('1sr_dSJu9CcBIfQteyZDZ7',#5,$,$,#6541,(#6551));
#10318= IFCRELAGGREGATES('0uAtGi0gPDHhQc7zYWNHoX',#5,$,$,#6555,(#6562));
#10319= IFCRELAGGREGATES('2$NhvYiUP0IgHZb5sVRELh',#5,$,$,#6564,(#6570));
#10320= IFCRELAGGREGATES('0JVznmML1F3x65U$uaGypf',#5,$,$,#6572,(#6578));
#10321= IFCRELAGGREGATES('2kC3xOMiD1iQkZnClfOSsr',#5,$,$,#6580,(#6586));
#10322= IFCRELAGGREGATES('3cpxC7yZf6_9v_9ZcB2zxp',#5,$,$,#6589,(#6601));
#10323= IFCRELAGGREGATES('3vIuWbhnf3nvUSzdBTdTo6',#5,$,$,#6605,(#6616));
#10324= IFCRELAGGREGATES('28pkNd2ILF8xhQEZg$LE4x',#5,$,$,#6620,(#6631));
#10325= IFCRELAGGREGATES('0PIp03zL57UQs8IP9GR4Lu',#5,$,$,#6635,(#6648));
#10326= IFCRELAGGREGATES('3wvi8oznP2LeFx9PDfeoMo',#5,$,$,#6652,(#6664));
#10327= IFCRELAGGREGATES('3PdXcSZIP9UR$3JKYpeocL',#5,$,$,#6668,(#6679));
#10328= IFCRELAGGREGATES('2QvO9Je7X1cf88cBXk325W',#5,$,$,#6683,(#6692));
#10329= IFCRELAGGREGATES('20ZRR6q7X37PPg2iS4bmwl',#5,$,$,#6694,(#6703));
#10330= IFCRELAGGREGATES('0ekfzcpt10YejvBex7Sm7a',#5,$,$,#6705,(#6714));
#10331= IFCRELAGGREGATES('1Wk3AQtcrCrfqF2ZT$0evq',#5,$,$,#6716,(#6725));
#10332= IFCRELAGGREGATES('3v1DzjMsnFtep9IGUkvB9U',#5,$,$,#6727,(#6736));
#10333= IFCRELAGGREGATES('1E8UmHScL6jgSra8Kns00$',#5,$,$,#6738,(#6747));
#10334= IFCRELAGGREGATES('0D8neaVaD7ROLGAKO24X4N',#5,$,$,#6749,(#6758));
#10335= IFCRELAGGREGATES('1LPsicIJzCmhDfSUHjwvjP',#5,$,$,#6760,(#6769));
#10336= IFCRELAGGREGATES('3S7RdOKUX0NhkHpn1TtRr0',#5,$,$,#6771,(#6777));
#10337= IFCRELAGGREGATES('3Y2Xw$gLb2tOdLAxS89MvF',#5,$,$,#6779,(#6788));
#10338= IFCRELAGGREGATES('2030kZJJn9HxKNrCwOyU71',#5,$,$,#6790,(#6799));
#10339= IFCRELAGGREGATES('2Iv5fIB1X8beuhZGtlxAwe',#5,$,$,#6801,(#6810));
#10340= IFCRELAGGREGATES('22j1ZKc2v96hE_mLHZLkmH',#5,$,$,#6812,(#6818));
#10341= IFCRELAGGREGATES('1QgJAYTpz2dBitgA_krghG',#5,$,$,#6820,(#6829));
#10342= IFCRELAGGREGATES('3wtg0OUWPEOwo7J11TkzYq',#5,$,$,#6831,(#6840));
#10343= IFCRELAGGREGATES('1St$V3RdbD3e$k7ynEwP2R',#5,$,$,#6842,(#6851));
#10344= IFCRELAGGREGATES('1M2XhelZD9CeV_9IIodlWZ',#5,$,$,#6853,(#6863));
#10345= IFCRELAGGREGATES('3obffWvEH6Suc3GQk3w8U7',#5,$,$,#6865,(#6874));
#10346= IFCRELAGGREGATES('0_aW3eu0j7NuZcP2lf0IZ6',#5,$,$,#6876,(#6885));
#10347= IFCRELAGGREGATES('2Kiu5VuSH1OfkV7hdzR0r1',#5,$,$,#6887,(#6893));
#10348= IFCRELAGGREGATES('04BqwwRBTAyO2Hk3G1Q_IN',#5,$,$,#6895,(#6904));
#10349= IFCRELAGGREGATES('2XSJGuh_j7VvzFHRdSdH$6',#5,$,$,#6906,(#6915));
#10350= IFCRELAGGREGATES('3C8hj024j4nRTe_a83wFaD',#5,$,$,#6917,(#6926));
#10351= IFCRELAGGREGATES('3BWXpsL$f9sgjQQ1w2yclz',#5,$,$,#6928,(#6937));
#10352= IFCRELAGGREGATES('1ONUroSRj9LOhbwHfhkBbS',#5,$,$,#6939,(#6948));
#10353= IFCRELAGGREGATES('19pdeZXXvB1OFNERXW1UHI',#5,$,$,#6950,(#6959));
#10354= IFCRELAGGREGATES('03u$kDdk1C0eHoc$VlYAlU',#5,$,$,#6961,(#6973));
#10355= IFCRELAGGREGATES('08ROngcv55wfQvKI0p_lHS',#5,$,$,#6977,(#6987));
#10356= IFCRELAGGREGATES('3bJDybVq13ihjnsvL7Tpwo',#5,$,$,#6989,(#7002));
#10357= IFCRELAGGREGATES('2oku7NWor4EuVrVcJVgRaH',#5,$,$,#7006,(#7017));
#10358= IFCRELAGGREGATES('0jpjVb4MT6DwC3bf2W8jn9',#5,$,$,#7021,(#7032));
#10359= IFCRELAGGREGATES('1clzcwkxD0sAM8Ml2AVbiW',#5,$,$,#7036,(#7046));
#10360= IFCRELAGGREGATES('0OLw4jVaz7hQwPvBZM_IBw',#5,$,$,#7048,(#7057));
#10361= IFCRELAGGREGATES('3XcfcnJVr1L8_lxzcb508O',#5,$,$,#7059,(#7065));
#10362= IFCRELAGGREGATES('1zuE4ywrf2LACoU$8Lr$Ea',#5,$,$,#7067,(#7073));
#10363= IFCRELAGGREGATES('2R4g0A1nvBUwvLMNPddMnv',#5,$,$,#7075,(#7081));
#10364= IFCRELAGGREGATES('0uFh44dhP5SutmcEGbFiSr',#5,$,$,#7083,(#7089));
#10365= IFCRELAGGREGATES('3_GVwIfbb6Eg36ULZ21QHA',#5,$,$,#7091,(#7100));
#10366= IFCRELAGGREGATES('3K$78zyQP0bBkXcnNO7Jzv',#5,$,$,#7102,(#7108));
#10367= IFCRELAGGREGATES('1ugbngcEb5Sh6jVsRMNVOp',#5,$,$,#7110,(#7122));
#10368= IFCRELAGGREGATES('2YTswS4szE1B6wO$aHBiqc',#5,$,$,#7126,(#7132));
#10369= IFCRELAGGREGATES('3I6ZPJMgrB09kMKfo1gRXt',#5,$,$,#7134,(#7144));
#10370= IFCRELAGGREGATES('0$ZwEoQ_T8DfqcpwmRg$c6',#5,$,$,#7146,(#7158));
#10371= IFCRELAGGREGATES('1GrUWQafX9EO4yCXRTKwJr',#5,$,$,#7162,(#7174));
#10372= IFCRELAGGREGATES('3$Peg9y7nFnB1sAgvu1RVB',#5,$,$,#7178,(#7184));
#10373= IFCRELAGGREGATES('0jhUa6_K5BY928wZtaRDtz',#5,$,$,#7186,(#7197));
#10374= IFCRELAGGREGATES('03b0HpGrP4gPcbgVi7eoHc',#5,$,$,#7201,(#7211));
#10375= IFCRELAGGREGATES('0nCSN$NUvEqBAHVCDBTp5H',#5,$,$,#7213,(#7222));
#10376= IFCRELAGGREGATES('3UJ2BWrzL5oxjK3xx4ubeH',#5,$,$,#7224,(#7234));
#10377= IFCRELAGGREGATES('3Jsxhxy2HApuwiJorClkdb',#5,$,$,#7236,(#7245));
#10378= IFCRELAGGREGATES('0rVAcF_Z51JuxOMciIv8Td',#5,$,$,#7247,(#7257));
#10379= IFCRELAGGREGATES('1FbuTlGdb4TRQd3diNJz8h',#5,$,$,#7259,(#7266));
#10380= IFCRELAGGREGATES('2bAo$wZFvCfQgtJrrpr1ba',#5,$,$,#7268,(#7278));
#10381= IFCRELAGGREGATES('2CdUlz3HD96RTsI6kt8nRi',#5,$,$,#7280,(#7291));
#10382= IFCRELAGGREGATES('1z29rpO0jCowojisWLRN$S',#5,$,$,#7295,(#7306));
#10383= IFCRELAGGREGATES('0yi9xFSmHCrgkELAfyzWsd',#5,$,$,#7310,(#7316));
#10384= IFCRELAGGREGATES('2c0LOORoX9KRR9P6SNN_BP',#5,$,$,#7318,(#7329));
#10385= IFCRELAGGREGATES('1LJFzDYMn4oR6G1tczrDNQ',#5,$,$,#7333,(#7345));
#10386= IFCRELAGGREGATES('0MQa2hfUP4QPy1Mrx_CPHa',#5,$,$,#7349,(#7358));
#10387= IFCRELAGGREGATES('1uvtKCCfL7nBPnNFzul19I',#5,$,$,#7360,(#7369));
#10388= IFCRELAGGREGATES('3umrNce4L4Ku406GXaIExK',#5,$,$,#7371,(#7382));
#10389= IFCRELAGGREGATES('0cSFpkexD7QO_Lr3TjdUvM',#5,$,$,#7386,(#7395));
#10390= IFCRELAGGREGATES('3q$IHw3gD1xwyvg1M7GGf0',#5,$,$,#7397,(#7406));
#10391= IFCRELAGGREGATES('0KhlEYhQL4_QFTfaI8iA1w',#5,$,$,#7408,(#7414));
#10392= IFCRELAGGREGATES('0iY8A0njnCRPLhrhasDeVv',#5,$,$,#7416,(#7422));
#10393= IFCRELAGGREGATES('2qo6aPpm55_P5mH2vM9Zfc',#5,$,$,#7424,(#7431));
#10394= IFCRELAGGREGATES('37pqqt26b5nuNp_HFXiZYb',#5,$,$,#7433,(#7439));
#10395= IFCRELAGGREGATES('2VSgxcWdj4axr3HeOMSBjo',#5,$,$,#7441,(#7452));
#10396= IFCRELAGGREGATES('1qjn7pvFT5bOeToqS807NV',#5,$,$,#7456,(#7462));
#10397= IFCRELAGGREGATES('2ePm1jiCLA3xYgkS0Rb2Z1',#5,$,$,#7464,(#7470));
#10398= IFCRELAGGREGATES('2n8o__bKL54OwoQa42vemU',#5,$,$,#7472,(#7478));
#10399= IFCRELAGGREGATES('1dYIs44L96Besai0oJdYHL',#5,$,$,#7480,(#7486));
#10400= IFCRELAGGREGATES('2T854G1VX9IhIz_37WJIET',#5,$,$,#7488,(#7497));
#10401= IFCRELAGGREGATES('34pCzN8ZL4WQoyjAIl3qFX',#5,$,$,#7499,(#7508));
#10402= IFCRELAGGREGATES('3ZYCZ9HbbAcPMdHg_XvUnp',#5,$,$,#7510,(#7516));
#10403= IFCRELAGGREGATES('14Edd7bNT8QfviHg5iY4BP',#5,$,$,#7518,(#7524));
#10404= IFCRELAGGREGATES('0r8V29kAj1K98uaJ5s$ExB',#5,$,$,#7526,(#7532));
#10405= IFCRELAGGREGATES('2hzzMA89LDUANgABh9f2bC',#5,$,$,#7534,(#7540));
#10406= IFCRELAGGREGATES('2NqIgm$SLBiO5tV8yX$T5r',#5,$,$,#7542,(#7548));
#10407= IFCRELAGGREGATES('0jGGyznP9AzwQamKQTS23k',#5,$,$,#7550,(#7559));
#10408= IFCRELAGGREGATES('3ykK8zZPfCfv3HD_CH9k5z',#5,$,$,#7561,(#7570));
#10409= IFCRELAGGREGATES('3cRAciKx53pwcW4lNkijSw',#5,$,$,#7572,(#7578));
#10410= IFCRELAGGREGATES('1N2XFkfWHEIxZpbmth2NnL',#5,$,$,#7580,(#7586));
#10411= IFCRELAGGREGATES('3VnTWXL$b81BMIu1RhM3Kd',#5,$,$,#7588,(#7594));
#10412= IFCRELAGGREGATES('2jnDL_gz93ux_x0bkVpz7L',#5,$,$,#7596,(#7602));
#10413= IFCRELAGGREGATES('0_5P2dXTT5O82vA7K3gZgx',#5,$,$,#7604,(#7610));
#10414= IFCRELAGGREGATES('3nhgb3bkT3PhntuDLw$_5b',#5,$,$,#7612,(#7623));
#10415= IFCRELAGGREGATES('3RiS1SBNjAF9$ph$mHQT2o',#5,$,$,#7627,(#7633));
#10416= IFCRELAGGREGATES('1ThGu8101EWOybJf26yBcG',#5,$,$,#7635,(#7645));
#10417= IFCRELAGGREGATES('2PQwGTQ0v10eDDpIl$Rbft',#5,$,$,#7647,(#7656));
#10418= IFCRELAGGREGATES('1YSxybbsD8eBS1JhoctsHz',#5,$,$,#7659,(#7671));
#10419= IFCRELAGGREGATES('39Ej82VQnD1h4ctqwls2NB',#5,$,$,#7676,(#7688));
#10420= IFCRELAGGREGATES('1k_BmEJT19MgVfn$WBTGVv',#5,$,$,#7692,(#7698));
#10421= IFCRELAGGREGATES('1SUjHHal56rgtr2wTPNBaw',#5,$,$,#7701,(#7707));
#10422= IFCRELAGGREGATES('1$I7NLquXDgAHzIHCgCpSe',#5,$,$,#7710,(#7716));
#10423= IFCRELAGGREGATES('15iehSzZ1CKP5MkZuZEUTW',#5,$,$,#7772,(#7783));
#10424= IFCRELAGGREGATES('0slpUzxMn8k8fEqM5ajCtr',#5,$,$,#7787,(#7798));
#10425= IFCRELAGGREGATES('2Ze29RLxHBkxIQ8aANPotq',#5,$,$,#7802,(#7813));
#10426= IFCRELAGGREGATES('0ZDyw8WqX0le2lDqAt2vix',#5,$,$,#7817,(#7828));
#10427= IFCRELAGGREGATES('2kTcNK5MjBK8AxZ9f9eyGq',#5,$,$,#7832,(#7843));
#10428= IFCRELAGGREGATES('3lvEp9Efz5RA887od6U2J4',#5,$,$,#7847,(#7858));
#10429= IFCRELAGGREGATES('382hRWDZj4FwrP9PVeECQa',#5,$,$,#7862,(#7873));
#10430= IFCRELAGGREGATES('2FLJWvRkD8iRz4gM7IMtPA',#5,$,$,#7877,(#7888));
#10431= IFCRELAGGREGATES('3nxgwNHcL8TvX3f9kcqGhc',#5,$,$,#7892,(#7903));
#10432= IFCRELAGGREGATES('0uuxjtaWnDjPZO7vWwSpQl',#5,$,$,#7907,(#7919));
#10433= IFCRELAGGREGATES('0UG3rG2yr0rffyCfbXQwXs',#5,$,$,#7923,(#7934));
#10434= IFCRELAGGREGATES('1Hih24$Rr5YB5hgz6bJqAv',#5,$,$,#7938,(#7949));
#10435= IFCRELAGGREGATES('3Bd6ILSAz4c9xU6mld9$0q',#5,$,$,#7953,(#7964));
#10436= IFCRELAGGREGATES('0KXAFyblb36A9KfYrfFOUc',#5,$,$,#7968,(#7979));
#10437= IFCRELAGGREGATES('0ic3PG$v94I9PTS2kx6GTl',#5,$,$,#7983,(#7995));
#10438= IFCRELAGGREGATES('312YCwDTP2heNawbDG97DK',#5,$,$,#8031,(#8043));
#10439= IFCRELAGGREGATES('2NBZRyJezDrxoILWe3Phiq',#5,$,$,#8047,(#8059));
#10440= IFCRELAGGREGATES('2RVTGkjqb3xg$5Od1m_ePo',#5,$,$,#8063,(#8072));
#10441= IFCRELAGGREGATES('2joZA4kVr5qORF40T68ABN',#5,$,$,#8074,(#8085));
#10442= IFCRELAGGREGATES('1q37vEc9XFCQ7DjXzSkGrU',#5,$,$,#8089,(#8100));
#10443= IFCRELAGGREGATES('0$9J_GtXT1LAVMuRLlp760',#5,$,$,#8198,(#8209));
#10444= IFCRELAGGREGATES('31pKnNnCT9UgXFybi7uc1w',#5,$,$,#8213,(#8225));
#10445= IFCRELAGGREGATES('0d9HEoucPBLP7ZRo$V47Dj',#5,$,$,#8229,(#8235));
#10446= IFCRELAGGREGATES('3qBr1SxkjBnv3$_c_wR5DY',#5,$,$,#8237,(#8246));
#10447= IFCRELAGGREGATES('3$NLoay$D7RBeQP0AvuWyZ',#5,$,$,#8248,(#8254));
#10448= IFCRELAGGREGATES('3PxUhr4Hr36RR2XTvsO3rl',#5,$,$,#8308,(#8320));
#10449= IFCRELAGGREGATES('3n3qr3n2H0YRpgMk4de4r2',#5,$,$,#8376,(#8387));
#10450= IFCRELAGGREGATES('2PIhDOGsP4sx9aHvemQ9jW',#5,$,$,#8525,(#8536));
#10451= IFCRELAGGREGATES('2vL7GDdUH9pB5HA1qeE7ot',#5,$,$,#8540,(#8551));
#10452= IFCRELAGGREGATES('2bqEiqtIr2SxNGrE5UdjmJ',#5,$,$,#8555,(#8565));
#10453= IFCRELAGGREGATES('1NZ4w0PqLCGgJUMqSQDcMh',#5,$,$,#8607,(#8618));
#10454= IFCRELAGGREGATES('2_BCohSQn6HfV8b4ZsozMw',#5,$,$,#8622,(#8631));
#10455= IFCRELAGGREGATES('3X3ffX1dDA18qjOO7RbT9h',#5,$,$,#8633,(#8639));
#10456= IFCRELAGGREGATES('3tOlkaKl9CLho6XuY8m0$t',#5,$,$,#8706,(#8717));
#10457= IFCRELAGGREGATES('37MlmUqir6Yu7UJRMoppte',#5,$,$,#8721,(#8733));
#10458= IFCRELAGGREGATES('0ZGND06UT97PZ2bZikdxXh',#5,$,$,#8737,(#8746));
#10459= IFCRELAGGREGATES('1wV5Dv675FyvVaoaJ53Zm_',#5,$,$,#8748,(#8759));
#10460= IFCRELAGGREGATES('3xM1ZsPMb5HPnt5CAWXaY9',#5,$,$,#8763,(#8774));
#10461= IFCRELAGGREGATES('31$X19slr9C8lYJ01yp3S1',#5,$,$,#8778,(#8789));
#10462= IFCRELAGGREGATES('173bNdP3XE_8Vkw9N3PX_H',#5,$,$,#8793,(#8804));
#10463= IFCRELAGGREGATES('3o$uRg8dP0FANuWHwZPd_W',#5,$,$,#8887,(#8898));
#10464= IFCRELAGGREGATES('3M93PcqvTAzgjaNmiHtOOK',#5,$,$,#8902,(#8913));
#10465= IFCRELAGGREGATES('2ACp3t2nnABvcpWcX2JJof',#5,$,$,#8917,(#8928));
#10466= IFCRELAGGREGATES('2H6PbQN197lRJK$cBATjog',#5,$,$,#8932,(#8938));
#10467= IFCRELAGGREGATES('1PAdE743b2JO$2ZNrTwas8',#5,$,$,#8984,(#8993));
#10468= IFCRELAGGREGATES('06wgiKfpP9bhQOXxmg_rPH',#5,$,$,#8995,(#9001));
#10469= IFCRELAGGREGATES('0ZuU$7Yov2sA$DO5QvUoR1',#5,$,$,#9003,(#9014));
#10470= IFCRELAGGREGATES('1aZGkl54rCEPzC_1rY5Nou',#5,$,$,#9018,(#9029));
#10471= IFCRELAGGREGATES('2V_a$_i3T3OR3$zIdMiofy',#5,$,$,#9033,(#9044));
#10472= IFCRELAGGREGATES('1_8NlMJ8L8HfBAkHhqwZ7H',#5,$,$,#9048,(#9059));
#10473= IFCRELAGGREGATES('0z6sxHS0XATPmlvdHjmRUC',#5,$,$,#9063,(#9072));
#10474= IFCRELAGGREGATES('0r9Soc_T15$8k9mxafgbA3',#5,$,$,#9076,(#9085));
#10475= IFCRELAGGREGATES('2n_GBoa4D36RsUlTlZO_wB',#5,$,$,#9087,(#9099));
#10476= IFCRELAGGREGATES('277mQ2$5DD4fN8FV3E2lhR',#5,$,$,#9103,(#9114));
#10477= IFCRELAGGREGATES('3BykSr8$j6RQrF_fx2TuFQ',#5,$,$,#9118,(#9129));
#10478= IFCRELAGGREGATES('3YS7D89ff8WAM6$3owt4oi',#5,$,$,#9133,(#9145));
#10479= IFCRELAGGREGATES('04vZJiE192pxddnUK6J3tn',#5,$,$,#9149,(#9160));
#10480= IFCRELAGGREGATES('1AahJwUoj6rPIoeKu00bUH',#5,$,$,#9164,(#9175));
#10481= IFCRELAGGREGATES('1XbXSZAQb5495kgFxZLvpi',#5,$,$,#9179,(#9189));
#10482= IFCRELAGGREGATES('0L4MaLN1nEIhdxmyqKUSbs',#5,$,$,#9191,(#9200));
#10483= IFCRELAGGREGATES('2Lpo7lXRD3ofXs1KMn0mJg',#5,$,$,#9421,(#9432));
#10484= IFCRELAGGREGATES('3bnYsu7xP2RwySxi3TRZ6S',#5,$,$,#9436,(#9447));
#10485= IFCRELAGGREGATES('3a4kEoVBjFlfs0Q2GNuIaT',#5,$,$,#9451,(#9462));
#10486= IFCRELAGGREGATES('1Tcf5BJpfFMOlL7RILtOxv',#5,$,$,#9567,(#9578));
#10487= IFCRELAGGREGATES('3YA4ro17bAAxmecd8$3gik',#5,$,$,#9582,(#9594));
#10488= IFCRELAGGREGATES('36oaUy3On7d8MyzUYmCvQ_',#5,$,$,#9598,(#9609));
#10489= IFCRELAGGREGATES('1PokWMRQ10RBCfx9ZNyRJu',#5,$,$,#9644,(#9655));
#10490= IFCRELAGGREGATES('3sfaSlGuPAzArqoPxAvF2E',#5,$,$,#9659,(#9665));
#10491= IFCRELAGGREGATES('31dZK7fIjB_w9MeTB0aFIi',#5,$,$,#9667,(#9676));
#10492= IFCRELAGGREGATES('16SE2ZWTr3wfpsfGkUg807',#5,$,$,#9678,(#9689));
#10493= IFCRELAGGREGATES('1_MCljyc9EaATvjC3CKWvg',#5,$,$,#9693,(#9704));
#10494= IFCRELAGGREGATES('07Zelimgn46f8Ao6VroHuR',#5,$,$,#9708,(#9719));
#10495= IFCRELAGGREGATES('1CRfInlM5BOffz4LI3rUzo',#5,$,$,#9723,(#9734));
#10496= IFCRELAGGREGATES('3EgMF1pZb1X9Sl83w4Kuv9',#5,$,$,#9787,(#9796));
#10497= IFCRELAGGREGATES('0$JUs7S9v4dBtzOKgNC0lk',#5,$,$,#9798,(#9807));
#10498= IFCRELAGGREGATES('3hJjnHEhD2LwHs5SUUY3bz',#5,$,$,#9809,(#9818));
#10499= IFCRELAGGREGATES('06U4nPt9H0ig68KGhYMIOD',#5,$,$,#9822,(#9833));
#10500= IFCRELAGGREGATES('1CAiIWMvr4VA2wlzifQXfN',#5,$,$,#9837,(#9843));
#10501= IFCRELAGGREGATES('1$8W4sVifEUuleDsf11Xra',#5,$,$,#9845,(#9856));
#10502= IFCRELAGGREGATES('16Rr4Gs0H8APCyyxlFcMlp',#5,$,$,#9860,(#9871));
#10503= IFCRELAGGREGATES('2QsUSSba1F3hAakPQlHTQO',#5,$,$,#9875,(#9885));
#10504= IFCRELAGGREGATES('0FsRihhnXFi8ICi4XwLX$t',#5,$,$,#9887,(#9896));
#10505= IFCRELAGGREGATES('2Ov78n15b1CupE0Qd9zho$',#5,$,$,#9898,(#9910));
#10506= IFCRELAGGREGATES('1VypIIydX58wlMxm7_eBB1',#5,$,$,#9945,(#9956));
#10507= IFCRELAGGREGATES('2GxULsYyXCp84WR6RuH4GH',#5,$,$,#9981,(#9993));
#10508= IFCRELAGGREGATES('1cV5DMhknEyxDbk6WQw6uq',#5,$,$,#9997,(#10008));
#10509= IFCRELAGGREGATES('0X8$0mjw92Jw8NlY1mEguH',#5,$,$,#10012,(#10023));
#10510= IFCRELAGGREGATES('3KQDWj02r9gPExGGT5xUcR',#5,$,$,#10027,(#10038));
#10511= IFCRELAGGREGATES('1pfqLrIwrDW8hunL5uWoDh',#5,$,$,#10042,(#10051));
#10512= IFCRELAGGREGATES('3q304M6BT8HOe_oOAbSGuP',#5,$,$,#10053,(#10064));
#10513= IFCRELAGGREGATES('0yW62WwTHFawsJ6u6Xp4Nu',#5,$,$,#10068,(#10077));
#10514= IFCRELAGGREGATES('2Q1YHJD3T67e_GKdKuaC4Q',#5,$,$,#10101,(#10113));
#10515= IFCRELAGGREGATES('2dxsAjXmD8gPKGPqD2ZtV_',#5,$,$,#10117,(#10128));
#10516= IFCRELAGGREGATES('1IWKc7uo9FfvK4SPcG4eDV',#5,$,$,#10132,(#10138));
#10517= IFCRELAGGREGATES('2G6pcUBVD7dPnTbYWErR6l',#5,$,$,#10140,(#10146));
#10518= IFCRELCONTAINEDINSPATIALSTRUCTURE('3$tM9364D2cQsE8wM5cygb',#5,$,$,(#10140,#10132,#10117,#10101,#10068,#10053,#10042,#10027,#10012,#9997,#9981,#9945,#9898,#9887,#9875,#9860,#9845,#9837,#9822,#9809,#9798,#9787,#9723,#9708,#9693,#9678,#9667,#9659,#9644,#9598,#9582,#9567,#9451,#9436,#9421,#9191,#9179,#9164,#9149,#9133,#9118,#9103,#9087,#9076,#9063,#9048,#9033,#9018,#9003,#8995,#8984,#8932,#8917,#8902,#8887,#8793,#8778,#8763,#8748,#8737,#8721,#8706,#8633,#8622,#8607,#8555,#8540,#8525,#8376,#8308,#8248,#8237,#8229,#8213,#8198,#8089,#8074,#8063,#8047,#8031,#7983,#7968,#7953,#7938,#7923,#7907,#7892,#7877,#7862,#7847,#7832,#7817,#7802,#7787,#7772,#7710,#7701,#7692,#7676,#7659,#7647,#7635,#7627,#7612,#7604,#7596,#7588,#7580,#7572,#7561,#7550,#7542,#7534,#7526,#7518,#7510,#7499,#7488,#7480,#7472,#7464,#7456,#7441,#7433,#7424,#7416,#7408,#7397,#7386,#7371,#7360,#7349,#7333,#7318,#7310,#7295,#7280,#7268,#7259,#7247,#7236,#7224,#7213,#7201,#7186,#7178,#7162,#7146,#7134,#7126,#7110,#7102,#7091,#7083,#7075,#7067,#7059,#7048,#7036,#7021,#7006,#6989,#6977,#6961,#6950,#6939,#6928,#6917,#6906,#6895,#6887,#6876,#6865,#6853,#6842,#6831,#6820,#6812,#6801,#6790,#6779,#6771,#6760,#6749,#6738,#6727,#6716,#6705,#6694,#6683,#6668,#6652,#6635,#6620,#6605,#6589,#6580,#6572,#6564,#6555,#6541,#6533,#6525,#6516,#6508,#6497,#6489,#6480,#6464,#6456,#6445,#6437,#6426,#6418,#6404,#6395,#6387,#6379,#6371,#6363,#6355,#6347,#6339,#6331,#6323,#6315,#6307,#6299,#6291,#6283,#6275,#6267,#6259,#6251,#6243,#6235,#6227,#6219,#6211,#6203,#6195,#6179,#6163,#6155,#6147,#6139,#6131,#6123,#6115,#6107,#6092,#6078,#6058,#6050,#6035,#6027,#6018,#6004,#5996,#5982,#5967,#5959,#5951,#5943,#5927,#5916,#5900,#5889,#5873,#5862,#5846,#5835,#5820,#5809,#5798,#5782,#5767,#5751,#5729,#5671,#5660,#5602,#5591,#5533,#5522,#5464,#5453,#5395,#5386,#5328,#5317,#5259,#5248,#5190,#5168,#5110,#5088,#5030,#5019,#4961,#4939,#4881,#4859,#4801,#4779,#4721,#4656,#4591,#4526,#4461,#4396,#4331,#4266,#4201,#4121,#4101,#4043,#4023,#3861,#3839,#3781,#3772,#3497,#3474,#3390,#3379,#3321,#3312,#3254,#3243,#3140,#3129,#2854,#2831,#2769,#2693,#2682,#2407,#2384,#2326,#2298,#2240,#2229,#2171,#2143,#1913,#1884,#1826,#1815,#1757,#1746,#1471,#1438,#1376,#1354,#1078,#1055,#997,#986,#928,#917,#833,#822,#719,#708,#124,#46),#43);
#10519= IFCRELCONNECTSWITHREALIZINGELEMENTS('1iMiasRT9CjPu5bSbEkMLT',#5,$,$,$,#5727,#5704,(#5696),$);
#10520= IFCRELCONNECTSWITHREALIZINGELEMENTS('0Av14ySQPD$QMRn4NG3n5b',#5,$,$,$,#5727,#5721,(#5687),$);
#10521= IFCRELCONNECTSWITHREALIZINGELEMENTS('1YYdVpyJr118Ue5kYkI4Jk',#5,$,$,$,#5727,#5715,(#5678),$);
#10522= IFCRELCONNECTSWITHREALIZINGELEMENTS('3o9Q_ibVfEOBoB9_8_slXj',#5,$,$,$,#5658,#5635,(#5627),$);
#10523= IFCRELCONNECTSWITHREALIZINGELEMENTS('0Qj9HnpYTF3A7sCGWHQVgv',#5,$,$,$,#5658,#5652,(#5618),$);
#10524= IFCRELCONNECTSWITHREALIZINGELEMENTS('0_IPu_9lT1YucdPjsvCDhs',#5,$,$,$,#5658,#5646,(#5609),$);
#10525= IFCRELCONNECTSWITHREALIZINGELEMENTS('1URNZ$2VP5_PGT2q6t125q',#5,$,$,$,#5589,#5566,(#5558),$);
#10526= IFCRELCONNECTSWITHREALIZINGELEMENTS('25cLnlUTPBQerpLmVckSoX',#5,$,$,$,#5589,#5583,(#5549),$);
#10527= IFCRELCONNECTSWITHREALIZINGELEMENTS('3$YIUnvP133B1hc1YsjodG',#5,$,$,$,#5589,#5577,(#5540),$);
#10528= IFCRELCONNECTSWITHREALIZINGELEMENTS('1xMbbE30H95hzgm2GlYnyt',#5,$,$,$,#5520,#5497,(#5489),$);
#10529= IFCRELCONNECTSWITHREALIZINGELEMENTS('2a8kldctf9hBVfY$3zWjkB',#5,$,$,$,#5520,#5514,(#5480),$);
#10530= IFCRELCONNECTSWITHREALIZINGELEMENTS('3Ttm5KEgLCjQazLkg9WFIW',#5,$,$,$,#5520,#5508,(#5471),$);
#10531= IFCRELCONNECTSWITHREALIZINGELEMENTS('3kb8YQp$z9wgqWr5z82rAw',#5,$,$,$,#5451,#5428,(#5420),$);
#10532= IFCRELCONNECTSWITHREALIZINGELEMENTS('0HRRA$f0TEj8GzdPNe591E',#5,$,$,$,#5451,#5445,(#5411),$);
#10533= IFCRELCONNECTSWITHREALIZINGELEMENTS('2yhqSQpyf9Sf6SwSkm5wjP',#5,$,$,$,#5451,#5439,(#5402),$);
#10534= IFCRELCONNECTSWITHREALIZINGELEMENTS('1BhyfC9un3tOJHmzyPBvJ4',#5,$,$,$,#5384,#5361,(#5353),$);
#10535= IFCRELCONNECTSWITHREALIZINGELEMENTS('1ELeU6NjLCTeW8W0Qk_7sC',#5,$,$,$,#5384,#5378,(#5344),$);
#10536= IFCRELCONNECTSWITHREALIZINGELEMENTS('1dBHMZRoLBXvYoIz8xJWE_',#5,$,$,$,#5384,#5372,(#5335),$);
#10537= IFCRELCONNECTSWITHREALIZINGELEMENTS('1M2WshUe52a9MwQD45edBR',#5,$,$,$,#5315,#5292,(#5284),$);
#10538= IFCRELCONNECTSWITHREALIZINGELEMENTS('18qvakYoD33QOo$bpThQTl',#5,$,$,$,#5315,#5309,(#5275),$);
#10539= IFCRELCONNECTSWITHREALIZINGELEMENTS('1mulnMLhD9N8aEgywWXkbG',#5,$,$,$,#5315,#5303,(#5266),$);
#10540= IFCRELCONNECTSWITHREALIZINGELEMENTS('1gusI$x6f5EgU9wl8gZkf6',#5,$,$,$,#5246,#5223,(#5215),$);
#10541= IFCRELCONNECTSWITHREALIZINGELEMENTS('3H1ccb0xL6geA5DmJ8Z2va',#5,$,$,$,#5246,#5240,(#5206),$);
#10542= IFCRELCONNECTSWITHREALIZINGELEMENTS('3GIfjFoGr3BhfGkBUKeOIy',#5,$,$,$,#5246,#5234,(#5197),$);
#10543= IFCRELCONNECTSWITHREALIZINGELEMENTS('1$Y5tiJKX0sfyG8go2eg7f',#5,$,$,$,#5166,#5143,(#5135),$);
#10544= IFCRELCONNECTSWITHREALIZINGELEMENTS('0Yp_XyQEv9Av8NJdFK_E4_',#5,$,$,$,#5166,#5160,(#5126),$);
#10545= IFCRELCONNECTSWITHREALIZINGELEMENTS('0T5jGY8fb79BzGQtLRWbXU',#5,$,$,$,#5166,#5154,(#5117),$);
#10546= IFCRELCONNECTSWITHREALIZINGELEMENTS('0PaDT18WT4WAMJCTRX28fT',#5,$,$,$,#5086,#5063,(#5055),$);
#10547= IFCRELCONNECTSWITHREALIZINGELEMENTS('2f6AqwJOX7RxxZbaaolBZf',#5,$,$,$,#5086,#5080,(#5046),$);
#10548= IFCRELCONNECTSWITHREALIZINGELEMENTS('3mM4P$AY5C3Akyl99VAMqG',#5,$,$,$,#5086,#5074,(#5037),$);
#10549= IFCRELCONNECTSWITHREALIZINGELEMENTS('30fzwDiOj0$OSbmzgw$kJO',#5,$,$,$,#5017,#4994,(#4986),$);
#10550= IFCRELCONNECTSWITHREALIZINGELEMENTS('02fKJ9hCT01ebDpgMtuZfh',#5,$,$,$,#5017,#5011,(#4977),$);
#10551= IFCRELCONNECTSWITHREALIZINGELEMENTS('2fYGyel$X1ohwyyDk9yEI6',#5,$,$,$,#5017,#5005,(#4968),$);
#10552= IFCRELCONNECTSWITHREALIZINGELEMENTS('2o_kqx1nf8dPfPG6Gnjxxr',#5,$,$,$,#4937,#4914,(#4906),$);
#10553= IFCRELCONNECTSWITHREALIZINGELEMENTS('0BfhtWYpb0KAOh4ioLXcRs',#5,$,$,$,#4937,#4931,(#4897),$);
#10554= IFCRELCONNECTSWITHREALIZINGELEMENTS('1hyjTl3dD5UxEse3O$$xFo',#5,$,$,$,#4937,#4925,(#4888),$);
#10555= IFCRELCONNECTSWITHREALIZINGELEMENTS('2mUpXVKTDCVh$tKVozRdti',#5,$,$,$,#4857,#4834,(#4826),$);
#10556= IFCRELCONNECTSWITHREALIZINGELEMENTS('3KzXEh5ErFVAbPdyrh_hwX',#5,$,$,$,#4857,#4851,(#4817),$);
#10557= IFCRELCONNECTSWITHREALIZINGELEMENTS('0bk_h9w79CuQPPKqrz5LKI',#5,$,$,$,#4857,#4845,(#4808),$);
#10558= IFCRELCONNECTSWITHREALIZINGELEMENTS('3pNf0fc3b4W8L9bACSPbiA',#5,$,$,$,#4777,#4754,(#4746),$);
#10559= IFCRELCONNECTSWITHREALIZINGELEMENTS('2kWf3QrYj8ohuSop8SRuvs',#5,$,$,$,#4777,#4771,(#4737),$);
#10560= IFCRELCONNECTSWITHREALIZINGELEMENTS('1vXH80PSr0TA72wH4bl99D',#5,$,$,$,#4777,#4765,(#4728),$);
#10561= IFCRELCONNECTSWITHREALIZINGELEMENTS('1BKLzWh55E6RmUrhq8pQhd',#5,$,$,$,#4712,#4689,(#4681),$);
#10562= IFCRELCONNECTSWITHREALIZINGELEMENTS('2LJvGSP$DBDf5Gq2p2tE3f',#5,$,$,$,#4712,#4706,(#4672),$);
#10563= IFCRELCONNECTSWITHREALIZINGELEMENTS('3FEoW0Tk1Fnw9Hna5tGZId',#5,$,$,$,#4712,#4700,(#4663),$);
#10564= IFCRELCONNECTSWITHREALIZINGELEMENTS('1tX3kgWnvBBvgevegnMJlc',#5,$,$,$,#4647,#4624,(#4616),$);
#10565= IFCRELCONNECTSWITHREALIZINGELEMENTS('2wCzR2PJL87PdcsHhhl1oG',#5,$,$,$,#4647,#4641,(#4607),$);
#10566= IFCRELCONNECTSWITHREALIZINGELEMENTS('17jSZ9oGnEzhZp4eyj6qmg',#5,$,$,$,#4647,#4635,(#4598),$);
#10567= IFCRELCONNECTSWITHREALIZINGELEMENTS('2H5z4n6iz9IgV4I3b_DTe2',#5,$,$,$,#4582,#4559,(#4551),$);
#10568= IFCRELCONNECTSWITHREALIZINGELEMENTS('3KrIUdabL38xOKEKbutvur',#5,$,$,$,#4582,#4576,(#4542),$);
#10569= IFCRELCONNECTSWITHREALIZINGELEMENTS('0VS7egkiL0LhYWvNZ8LBbx',#5,$,$,$,#4582,#4570,(#4533),$);
#10570= IFCRELCONNECTSWITHREALIZINGELEMENTS('35jFYgJiT8tBsuxELle9qg',#5,$,$,$,#4517,#4494,(#4486),$);
#10571= IFCRELCONNECTSWITHREALIZINGELEMENTS('1$siRGOIv5FgEXufYfBZu8',#5,$,$,$,#4517,#4511,(#4477),$);
#10572= IFCRELCONNECTSWITHREALIZINGELEMENTS('18BFKs9rXFd8Jv6KgD45uv',#5,$,$,$,#4517,#4505,(#4468),$);
#10573= IFCRELCONNECTSWITHREALIZINGELEMENTS('0zIVFJFzH0xOKYToRcEhNQ',#5,$,$,$,#4452,#4429,(#4421),$);
#10574= IFCRELCONNECTSWITHREALIZINGELEMENTS('0Wo9O11SP3Z9jf7aaUN4lE',#5,$,$,$,#4452,#4446,(#4412),$);
#10575= IFCRELCONNECTSWITHREALIZINGELEMENTS('1fRMDjT4r1Jg1ckkSR$zTa',#5,$,$,$,#4452,#4440,(#4403),$);
#10576= IFCRELCONNECTSWITHREALIZINGELEMENTS('1MceLEV3r8K85f9_5tHaUU',#5,$,$,$,#4387,#4364,(#4356),$);
#10577= IFCRELCONNECTSWITHREALIZINGELEMENTS('2N3WeZJEPF8QPifXz8$Akq',#5,$,$,$,#4387,#4381,(#4347),$);
#10578= IFCRELCONNECTSWITHREALIZINGELEMENTS('33McXqkkHAlgjFW9Z1vZll',#5,$,$,$,#4387,#4375,(#4338),$);
#10579= IFCRELCONNECTSWITHREALIZINGELEMENTS('0Q8qej8g5DFAOikOYpJEpF',#5,$,$,$,#4322,#4299,(#4291),$);
#10580= IFCRELCONNECTSWITHREALIZINGELEMENTS('2fuerlioL4lwvvoPX9pK_V',#5,$,$,$,#4322,#4316,(#4282),$);
#10581= IFCRELCONNECTSWITHREALIZINGELEMENTS('0gIp7XTzXAOPlhet6wB4RN',#5,$,$,$,#4322,#4310,(#4273),$);
#10582= IFCRELCONNECTSWITHREALIZINGELEMENTS('0hzQtbzATD58TYHo$GP$EM',#5,$,$,$,#4257,#4234,(#4226),$);
#10583= IFCRELCONNECTSWITHREALIZINGELEMENTS('0GjMh9nf9CSQP9VqL99GBZ',#5,$,$,$,#4257,#4251,(#4217),$);
#10584= IFCRELCONNECTSWITHREALIZINGELEMENTS('0LuuB6lc97F80L_w$cr6mB',#5,$,$,$,#4257,#4245,(#4208),$);
#10585= IFCRELCONNECTSWITHREALIZINGELEMENTS('3WDIt8dD57W9xLxNYz4vOY',#5,$,$,$,#4181,#4156,(#4148),$);
#10586= IFCRELCONNECTSWITHREALIZINGELEMENTS('3WY_5FYpD1uxauotfT6zML',#5,$,$,$,#4181,#4175,(#4139),$);
#10587= IFCRELCONNECTSWITHREALIZINGELEMENTS('3BkRgGm3DDXfzolZviMJTS',#5,$,$,$,#4181,#4169,(#4130),$);
#10588= IFCRELCONNECTSWITHREALIZINGELEMENTS('3segMGCDH358rtEetdVv7Y',#5,$,$,$,#4099,#4076,(#4068),$);
#10589= IFCRELCONNECTSWITHREALIZINGELEMENTS('2HvuQ4WNT3b8Lg9K3M_TQF',#5,$,$,$,#4099,#4093,(#4059),$);
#10590= IFCRELCONNECTSWITHREALIZINGELEMENTS('0CdGwEqgP9$eoBueC_sad_',#5,$,$,$,#4099,#4087,(#4050),$);
#10591= IFCRELCONNECTSWITHREALIZINGELEMENTS('3uM4xdu7j92eFgsJLETyHT',#5,$,$,$,#4021,#3996,(#3987),$);
#10592= IFCRELCONNECTSWITHREALIZINGELEMENTS('1sU8P$FJ5DLA7mjw57qI18',#5,$,$,$,#4021,#4015,(#3978),$);
#10593= IFCRELCONNECTSWITHREALIZINGELEMENTS('1g4_yQGMr6lQemwW$LGPKF',#5,$,$,$,#4021,#4009,(#3969),$);
#10594= IFCRELCONNECTSWITHREALIZINGELEMENTS('1uX9V0J2bBBw9wxVLlwyEi',#5,$,$,$,#3837,#3814,(#3806),$);
#10595= IFCRELCONNECTSWITHREALIZINGELEMENTS('1K8SJ9D2T8EgsGDdKze85a',#5,$,$,$,#3837,#3831,(#3797),$);
#10596= IFCRELCONNECTSWITHREALIZINGELEMENTS('2usIlfnlT1pesy0Flm2RwE',#5,$,$,$,#3837,#3825,(#3788),$);
#10597= IFCRELCONNECTSWITHREALIZINGELEMENTS('09jzbGgx50lgE6eK3TgJ9X',#5,$,$,$,#3770,#3745,(#3736),$);
#10598= IFCRELCONNECTSWITHREALIZINGELEMENTS('0l8KZelUrEJxWtpKCERRxn',#5,$,$,$,#3770,#3763,(#3682),$);
#10599= IFCRELCONNECTSWITHREALIZINGELEMENTS('2elbgkC8f69wFo_TfRhouo',#5,$,$,$,#3770,#3757,(#3673),$);
#10600= IFCRELCONNECTSWITHREALIZINGELEMENTS('23ZgAcQfH9pR8aqth5BG$O',#5,$,$,$,#3472,#3449,(#3441),$);
#10601= IFCRELCONNECTSWITHREALIZINGELEMENTS('3XvXtLPXv1LgDpNhkCYpXI',#5,$,$,$,#3472,#3466,(#3406),$);
#10602= IFCRELCONNECTSWITHREALIZINGELEMENTS('2tYMUd9Nv2wOZelTxNLxM_',#5,$,$,$,#3472,#3460,(#3397),$);
#10603= IFCRELCONNECTSWITHREALIZINGELEMENTS('2Y94$8EFf4KAq10kOHyp1A',#5,$,$,$,#3377,#3354,(#3346),$);
#10604= IFCRELCONNECTSWITHREALIZINGELEMENTS('3kRCGO9Tv4dPwhidckYO4T',#5,$,$,$,#3377,#3371,(#3337),$);
#10605= IFCRELCONNECTSWITHREALIZINGELEMENTS('3BWdzvdr54y8s1MabQpNbj',#5,$,$,$,#3377,#3365,(#3328),$);
#10606= IFCRELCONNECTSWITHREALIZINGELEMENTS('1_cFkGWv95FObHslRacAAK',#5,$,$,$,#3310,#3287,(#3279),$);
#10607= IFCRELCONNECTSWITHREALIZINGELEMENTS('0wqP366LzAD8sN0x5Yl9$v',#5,$,$,$,#3310,#3304,(#3270),$);
#10608= IFCRELCONNECTSWITHREALIZINGELEMENTS('3duotpHzLDKAYlCaE6FPKK',#5,$,$,$,#3310,#3298,(#3261),$);
#10609= IFCRELCONNECTSWITHREALIZINGELEMENTS('0T7CBcCzL7BhLdLeY2S6AU',#5,$,$,$,#3241,#3218,(#3210),$);
#10610= IFCRELCONNECTSWITHREALIZINGELEMENTS('1O1qLhUq11LOiU153rTiZQ',#5,$,$,$,#3241,#3235,(#3156),$);
#10611= IFCRELCONNECTSWITHREALIZINGELEMENTS('2LKouTauL2JxdAPGpYzqfZ',#5,$,$,$,#3241,#3229,(#3147),$);
#10612= IFCRELCONNECTSWITHREALIZINGELEMENTS('1wX8ify6L4K9PtqrbZimuE',#5,$,$,$,#3127,#3102,(#3093),$);
#10613= IFCRELCONNECTSWITHREALIZINGELEMENTS('2AMwDwmR1FGguwCMdzQaK5',#5,$,$,$,#3127,#3120,(#3039),$);
#10614= IFCRELCONNECTSWITHREALIZINGELEMENTS('3j0Is5LqL71fW9SiwKgZ5r',#5,$,$,$,#3127,#3114,(#3030),$);
#10615= IFCRELCONNECTSWITHREALIZINGELEMENTS('3j9YIwEyP8phxnRgQo052k',#5,$,$,$,#2829,#2804,(#2796),$);
#10616= IFCRELCONNECTSWITHREALIZINGELEMENTS('3oFt0hyA93ped1o1_fpezI',#5,$,$,$,#2829,#2822,(#2787),$);
#10617= IFCRELCONNECTSWITHREALIZINGELEMENTS('2I$6KKqUrBmfJLH8YwOysA',#5,$,$,$,#2829,#2816,(#2778),$);
#10618= IFCRELCONNECTSWITHREALIZINGELEMENTS('2ijkyG5tb6fQerQhVoVu3j',#5,$,$,$,#2749,#2726,(#2718),$);
#10619= IFCRELCONNECTSWITHREALIZINGELEMENTS('0oufwJ0aL4VgvnKsp$RuKe',#5,$,$,$,#2749,#2743,(#2709),$);
#10620= IFCRELCONNECTSWITHREALIZINGELEMENTS('1DtXs4Nib6dQiM4NYklz1L',#5,$,$,$,#2749,#2737,(#2700),$);
#10621= IFCRELCONNECTSWITHREALIZINGELEMENTS('0w$tyv8uv2uBYDRr3GvIm3',#5,$,$,$,#2680,#2655,(#2646),$);
#10622= IFCRELCONNECTSWITHREALIZINGELEMENTS('2YOINsJav3H8_kS4scxD0U',#5,$,$,$,#2680,#2673,(#2592),$);
#10623= IFCRELCONNECTSWITHREALIZINGELEMENTS('3Y9gPj6xn8jOPs_EW$MDfM',#5,$,$,$,#2680,#2667,(#2583),$);
#10624= IFCRELCONNECTSWITHREALIZINGELEMENTS('1nH607dSP9LBNBbVbCL4_t',#5,$,$,$,#2382,#2359,(#2351),$);
#10625= IFCRELCONNECTSWITHREALIZINGELEMENTS('3jULM1FFLBU97orzVoujZZ',#5,$,$,$,#2382,#2376,(#2342),$);
#10626= IFCRELCONNECTSWITHREALIZINGELEMENTS('0I9Vu3rh5E2OOndAUOjCat',#5,$,$,$,#2382,#2370,(#2333),$);
#10627= IFCRELCONNECTSWITHREALIZINGELEMENTS('1QwJl3QG91tP$4y7zFJY0Z',#5,$,$,$,#2296,#2273,(#2265),$);
#10628= IFCRELCONNECTSWITHREALIZINGELEMENTS('2Grgrvqij7a9Jxd$APubuK',#5,$,$,$,#2296,#2290,(#2256),$);
#10629= IFCRELCONNECTSWITHREALIZINGELEMENTS('2IXd2flLzF4ho_rK6dYZY$',#5,$,$,$,#2296,#2284,(#2247),$);
#10630= IFCRELCONNECTSWITHREALIZINGELEMENTS('2j3LA$s2nFuvq4gWMjqiO7',#5,$,$,$,#2227,#2204,(#2196),$);
#10631= IFCRELCONNECTSWITHREALIZINGELEMENTS('3NoLWs231DDwXIIsvop7aE',#5,$,$,$,#2227,#2221,(#2187),$);
#10632= IFCRELCONNECTSWITHREALIZINGELEMENTS('2GS_APgRT3_hmOFJkAOgkg',#5,$,$,$,#2227,#2215,(#2178),$);
#10633= IFCRELCONNECTSWITHREALIZINGELEMENTS('2KRrSavdD5gAmMxOutOETa',#5,$,$,$,#2141,#2116,(#2107),$);
#10634= IFCRELCONNECTSWITHREALIZINGELEMENTS('0e23doDeL6Av6iU26pazHV',#5,$,$,$,#2141,#2134,(#2098),$);
#10635= IFCRELCONNECTSWITHREALIZINGELEMENTS('12uC5iqwT4Cu2xcYzbteGa',#5,$,$,$,#2141,#2128,(#2089),$);
#10636= IFCRELCONNECTSWITHREALIZINGELEMENTS('1CN29Pp919gw7Y2ZR8o2kQ',#5,$,$,$,#1882,#1859,(#1851),$);
#10637= IFCRELCONNECTSWITHREALIZINGELEMENTS('10$YA_q6n8Axo41j3FKMr3',#5,$,$,$,#1882,#1876,(#1842),$);
#10638= IFCRELCONNECTSWITHREALIZINGELEMENTS('1WP3SsfsLAsxandB7SpigD',#5,$,$,$,#1882,#1870,(#1833),$);
#10639= IFCRELCONNECTSWITHREALIZINGELEMENTS('21BlRAYNj6RgqaTlGYBLw_',#5,$,$,$,#1813,#1790,(#1782),$);
#10640= IFCRELCONNECTSWITHREALIZINGELEMENTS('08qaQRBt5F4gZwZYrJoLJw',#5,$,$,$,#1813,#1807,(#1773),$);
#10641= IFCRELCONNECTSWITHREALIZINGELEMENTS('3QfTsGcmfD_v0chYNjeKll',#5,$,$,$,#1813,#1801,(#1764),$);
#10642= IFCRELCONNECTSWITHREALIZINGELEMENTS('3CfqQRbUj5zxSO_sXbXXQ2',#5,$,$,$,#1744,#1719,(#1710),$);
#10643= IFCRELCONNECTSWITHREALIZINGELEMENTS('0OKnGasI5D8htZ4uDrIG4S',#5,$,$,$,#1744,#1737,(#1656),$);
#10644= IFCRELCONNECTSWITHREALIZINGELEMENTS('10VdpfXLD6GQeXOoauy_4Z',#5,$,$,$,#1744,#1731,(#1647),$);
#10645= IFCRELCONNECTSWITHREALIZINGELEMENTS('0nt7IEZST8QgLDMULDjczQ',#5,$,$,$,#1436,#1411,(#1403),$);
#10646= IFCRELCONNECTSWITHREALIZINGELEMENTS('0FpQzV6enCYfmEX3vdPePk',#5,$,$,$,#1436,#1429,(#1394),$);
#10647= IFCRELCONNECTSWITHREALIZINGELEMENTS('0pY8435qfCPA0tk2nFzPrj',#5,$,$,$,#1436,#1423,(#1385),$);
#10648= IFCRELCONNECTSWITHREALIZINGELEMENTS('2r7GhtONrABgXC47Nn31H$',#5,$,$,$,#1352,#1326,(#1317),$);
#10649= IFCRELCONNECTSWITHREALIZINGELEMENTS('1RMTnd8VP1kfbdqKZo9GNB',#5,$,$,$,#1352,#1345,(#1263),$);
#10650= IFCRELCONNECTSWITHREALIZINGELEMENTS('2RdGA3VIvAdRJcuSf9aKjb',#5,$,$,$,#1352,#1339,(#1254),$);
#10651= IFCRELCONNECTSWITHREALIZINGELEMENTS('2yhBZDJOT7QeiZqPXXB0Tw',#5,$,$,$,#1053,#1030,(#1022),$);
#10652= IFCRELCONNECTSWITHREALIZINGELEMENTS('0pNGQe8vLECgLSTaRtQd9U',#5,$,$,$,#1053,#1047,(#1013),$);
#10653= IFCRELCONNECTSWITHREALIZINGELEMENTS('11AhUmviv0secresA8gitL',#5,$,$,$,#1053,#1041,(#1004),$);
#10654= IFCRELCONNECTSWITHREALIZINGELEMENTS('3WG18ERQv228Q7APiM8VW1',#5,$,$,$,#984,#961,(#953),$);
#10655= IFCRELCONNECTSWITHREALIZINGELEMENTS('3ug65ieWz41Q1y$pbpEa2J',#5,$,$,$,#984,#978,(#944),$);
#10656= IFCRELCONNECTSWITHREALIZINGELEMENTS('0Ri6UuFwnDgxaBuj2M0WM1',#5,$,$,$,#984,#972,(#935),$);
#10657= IFCRELCONNECTSWITHREALIZINGELEMENTS('1vNqxM6015rhVBFD$Und7p',#5,$,$,$,#915,#892,(#884),$);
#10658= IFCRELCONNECTSWITHREALIZINGELEMENTS('2aXnChWwn1sQyGMVJnsNhh',#5,$,$,$,#915,#909,(#849),$);
#10659= IFCRELCONNECTSWITHREALIZINGELEMENTS('0wXztLu2z22xpthGLY2io6',#5,$,$,$,#915,#903,(#840),$);
#10660= IFCRELCONNECTSWITHREALIZINGELEMENTS('1ldb$598P9_BsUHNdn_GHb',#5,$,$,$,#820,#797,(#789),$);
#10661= IFCRELCONNECTSWITHREALIZINGELEMENTS('049c83DlfFfOol5jTK$7KF',#5,$,$,$,#820,#814,(#735),$);
#10662= IFCRELCONNECTSWITHREALIZINGELEMENTS('186GJ7dLb0ix8MgcOVnGY0',#5,$,$,$,#820,#808,(#726),$);
#10663= IFCRELCONNECTSWITHREALIZINGELEMENTS('2fT9rOiY1B5Q1pp2eELmC9',#5,$,$,$,#699,#403,(#386),$);
#10664= IFCRELCONNECTSWITHREALIZINGELEMENTS('1FATjV$jv2FgKGAhc2Ddkb',#5,$,$,$,#699,#688,(#328),$);
#10665= IFCRELCONNECTSWITHREALIZINGELEMENTS('1himhH5hv80vsxWcuB9dab',#5,$,$,$,#699,#679,(#304),$);
#10666= IFCRELDEFINESBYPROPERTIES('3Z013iG5D0vADQj4kAU30r',#5,$,$,(#10140,#10132,#10117,#10101,#10068,#10053,#10042,#10027,#10012,#9997,#9981,#9945,#9898,#9887,#9875,#9860,#9845,#9837,#9822,#9809,#9798,#9787,#9723,#9708,#9693,#9678,#9667,#9659,#9644,#9598,#9582,#9567,#9451,#9436,#9421,#9191,#9179,#9164,#9149,#9133,#9118,#9103,#9087,#9076,#9063,#9048,#9033,#9018,#9003,#8995,#8984,#8932,#8917,#8902,#8887,#8793,#8778,#8763,#8748,#8737,#8721,#8706,#8633,#8622,#8607,#8555,#8540,#8525,#8376,#8308,#8248,#8237,#8229,#8213,#8198,#8089,#8074,#8063,#8047,#8031,#7983,#7968,#7953,#7938,#7923,#7907,#7892,#7877,#7862,#7847,#7832,#7817,#7802,#7787,#7772,#7710,#7701,#7692,#7676,#7659,#7647,#7635,#7627,#7612,#7604,#7596,#7588,#7580,#7572,#7561,#7550,#7542,#7534,#7526,#7518,#7510,#7499,#7488,#7480,#7472,#7464,#7456,#7441,#7433,#7424,#7416,#7408,#7397,#7386,#7371,#7360,#7349,#7333,#7318,#7310,#7295,#7280,#7268,#7259,#7247,#7236,#7224,#7213,#7201,#7186,#7178,#7162,#7146,#7134,#7126,#7110,#7102,#7091,#7083,#7075,#7067,#7059,#7048,#7036,#7021,#7006,#6989,#6977,#6961,#6950,#6939,#6928,#6917,#6906,#6895,#6887,#6876,#6865,#6853,#6842,#6831,#6820,#6812,#6801,#6790,#6779,#6771,#6760,#6749,#6738,#6727,#6716,#6705,#6694,#6683,#6668,#6652,#6635,#6620,#6605,#6589,#6580,#6572,#6564,#6555,#6541,#6533,#6525,#6516,#6508,#6497,#6489,#6480,#6464,#6456,#6445,#6437,#6426,#6418,#6404,#6395,#6387,#6379,#6371,#6363,#6355,#6347,#6339,#6331,#6323,#6315,#6307,#6299,#6291,#6283,#6275,#6267,#6259,#6251,#6243,#6235,#6227,#6219,#6211,#6203,#6195,#6179,#6163,#6155,#6147,#6139,#6131,#6123,#6115,#6107,#6092,#6078,#6058,#6050,#6035,#6027,#6018,#6004,#5996,#5982,#5967,#5959,#5951,#5943,#5927,#5916,#5900,#5889,#5873,#5862,#5846,#5835,#5820,#5809,#5798,#5782,#5767,#5751,#5729,#5671,#5660,#5602,#5591,#5533,#5522,#5464,#5453,#5395,#5386,#5328,#5317,#5259,#5248,#5190,#5168,#5110,#5088,#5030,#5019,#4961,#4939,#4881,#4859,#4801,#4779,#4721,#4656,#4591,#4526,#4461,#4396,#4331,#4266,#4201,#4121,#4101,#4043,#4023,#3861,#3839,#3781,#3772,#3497,#3474,#3390,#3379,#3321,#3312,#3254,#3243,#3140,#3129,#2854,#2831,#2769,#2693,#2682,#2407,#2384,#2326,#2298,#2240,#2229,#2171,#2143,#1913,#1884,#1826,#1815,#1757,#1746,#1471,#1438,#1376,#1354,#1078,#1055,#997,#986,#928,#917,#833,#822,#719,#708,#124,#46),#48);
#10667= IFCRELDEFINESBYPROPERTIES('0_KfTP3cX2fPC8Frt5Z9cx',#5,$,$,(#10140,#10132,#10117,#10101,#10068,#10053,#10042,#10027,#10012,#9997,#9981,#9945,#9898,#9887,#9875,#9860,#9845,#9837,#9822,#9809,#9798,#9787,#9723,#9708,#9693,#9678,#9667,#9659,#9644,#9598,#9582,#9567,#9451,#9436,#9421,#9191,#9179,#9164,#9149,#9133,#9118,#9103,#9087,#9076,#9063,#9048,#9033,#9018,#9003,#8995,#8984,#8932,#8917,#8902,#8887,#8793,#8778,#8763,#8748,#8737,#8721,#8706,#8633,#8622,#8607,#8555,#8540,#8525,#8376,#8308,#8248,#8237,#8229,#8213,#8198,#8089,#8074,#8063,#8047,#8031,#7983,#7968,#7953,#7938,#7923,#7907,#7892,#7877,#7862,#7847,#7832,#7817,#7802,#7787,#7772,#7710,#7701,#7692,#7676,#7659,#7647,#7635,#7627,#7612,#7604,#7596,#7588,#7580,#7572,#7561,#7550,#7542,#7534,#7526,#7518,#7510,#7499,#7488,#7480,#7472,#7464,#7456,#7441,#7433,#7424,#7416,#7408,#7397,#7386,#7371,#7360,#7349,#7333,#7318,#7310,#7295,#7280,#7268,#7259,#7247,#7236,#7224,#7213,#7201,#7186,#7178,#7162,#7146,#7134,#7126,#7110,#7102,#7091,#7083,#7075,#7067,#7059,#7048,#7036,#7021,#7006,#6989,#6977,#6961,#6950,#6939,#6928,#6917,#6906,#6895,#6887,#6876,#6865,#6853,#6842,#6831,#6820,#6812,#6801,#6790,#6779,#6771,#6760,#6749,#6738,#6727,#6716,#6705,#6694,#6683,#6668,#6652,#6635,#6620,#6605,#6589,#6580,#6572,#6564,#6555,#6541,#6533,#6525,#6516,#6508,#6497,#6489,#6480,#6464,#6456,#6445,#6437,#6426,#6418,#6404,#6395,#6387,#6379,#6371,#6363,#6355,#6347,#6339,#6331,#6323,#6315,#6307,#6299,#6291,#6283,#6275,#6267,#6259,#6251,#6243,#6235,#6227,#6219,#6211,#6203,#6195,#6179,#6163,#6155,#6147,#6139,#6131,#6123,#6115,#6107,#6092,#6078,#6058,#6050,#6035,#6027,#6018,#6004,#5996,#5982,#5967,#5959,#5951,#5943,#5927,#5916,#5900,#5889,#5873,#5862,#5846,#5835,#5820,#5809,#5798,#5782,#5767,#5751,#5729,#5671,#5660,#5602,#5591,#5533,#5522,#5464,#5453,#5395,#5386,#5328,#5317,#5259,#5248,#5190,#5168,#5110,#5088,#5030,#5019,#4961,#4939,#4881,#4859,#4801,#4779,#4721,#4656,#4591,#4526,#4461,#4396,#4331,#4266,#4201,#4121,#4101,#4043,#4023,#3861,#3839,#3781,#3772,#3497,#3474,#3390,#3379,#3321,#3312,#3254,#3243,#3140,#3129,#2854,#2831,#2769,#2693,#2682,#2407,#2384,#2326,#2298,#2240,#2229,#2171,#2143,#1913,#1884,#1826,#1815,#1757,#1746,#1471,#1438,#1376,#1354,#1078,#1055,#997,#986,#928,#917,#833,#822,#719,#708,#124,#46),#50);
#10668= IFCRELDEFINESBYPROPERTIES('1QWRKeXLH4QAc5lpI5mMAP',#5,$,$,(#46),#54);
#10669= IFCRELDEFINESBYPROPERTIES('0OFNwbXEP8iQa72eKdW_k4',#5,$,$,(#5669,#5600,#5531,#5462,#5393,#5326,#5257,#5188,#5108,#5028,#4959,#4879,#4799,#4719,#4654,#4589,#4524,#4459,#4394,#4329,#4264,#4199,#4119,#4041,#3859,#3779,#3495,#3388,#3319,#3252,#3138,#2852,#2767,#2691,#2405,#2324,#2238,#2169,#1911,#1824,#1755,#1469,#1374,#1076,#995,#926,#831,#717,#106),#113);
#10670= IFCRELDEFINESBYPROPERTIES('1jWC$Hy9zDbfpxIsEiGBGn',#5,$,$,(#5669,#5600,#5531,#5462,#5393,#5326,#5257,#5188,#5108,#5028,#4959,#4879,#4799,#4719,#4654,#4589,#4524,#4459,#4394,#4329,#4264,#4199,#4119,#4041,#3859,#3779,#3495,#3388,#3319,#3252,#3138,#2852,#2767,#2691,#2405,#2324,#2238,#2169,#1911,#1824,#1755,#1469,#1374,#1076,#995,#926,#831,#717,#106),#116);
#10671= IFCRELDEFINESBYPROPERTIES('1fZrf$P5b7H81fvbXGfkZa',#5,$,$,(#5669,#5600,#5531,#5462,#5393,#5326,#5257,#5188,#5108,#5028,#4959,#4879,#4799,#4719,#4654,#4589,#4524,#4459,#4394,#4329,#4264,#4199,#4119,#4041,#3859,#3779,#3495,#3388,#3319,#3252,#3138,#2852,#2767,#2691,#2405,#2324,#2238,#2169,#1911,#1824,#1755,#1469,#1374,#1076,#995,#926,#831,#717,#106),#121);
#10672= IFCRELDEFINESBYPROPERTIES('2G1r0vovnENAxO6ZU1KOi3',#5,$,$,(#5671,#5602,#5533,#5464,#5395,#5328,#5259,#5190,#5110,#5030,#4961,#4881,#4801,#4721,#4656,#4591,#4526,#4461,#4396,#4331,#4266,#4201,#4121,#4043,#3861,#3781,#3497,#3390,#3321,#3254,#3140,#2854,#2769,#2693,#2407,#2326,#2240,#2171,#1913,#1826,#1757,#1471,#1376,#1078,#997,#928,#833,#719,#124),#126);
#10673= IFCRELDEFINESBYPROPERTIES('3AM5LmC4TANxuB8U0QgDUw',#5,$,$,(#304),#321);
#10674= IFCRELDEFINESBYPROPERTIES('0qvFbi5bD9yxN6ZKvEqqtW',#5,$,$,(#328),#330);
#10675= IFCRELDEFINESBYPROPERTIES('1RRJ5hRDjDGhuGziypX3ND',#5,$,$,(#386),#392);
#10676= IFCRELDEFINESBYPROPERTIES('2NK4aGP55AX9rLj2tPHGni',#5,$,$,(#10095,#9976,#9938,#9784,#9764,#9639,#9562,#9557,#9531,#9526,#9501,#9496,#9416,#9411,#9376,#9371,#9345,#9340,#9314,#9309,#9281,#9276,#9246,#9233,#8979,#8957,#8882,#8853,#8832,#8699,#8680,#8657,#8604,#8583,#8520,#8498,#8468,#8445,#8415,#8371,#8349,#8303,#8280,#8193,#8162,#8130,#8024,#7764,#7751,#5708,#5639,#5570,#5501,#5432,#5365,#5296,#5227,#5147,#5067,#4998,#4918,#4838,#4758,#4693,#4628,#4563,#4498,#4433,#4368,#4303,#4238,#4160,#4080,#4000,#3818,#3749,#3453,#3358,#3291,#3222,#3106,#2808,#2730,#2659,#2363,#2277,#2208,#2120,#1863,#1794,#1723,#1415,#1330,#1034,#965,#896,#801,#416),#422);
#10677= IFCRELDEFINESBYPROPERTIES('3L56jEqc15zPqNbwiJZGXa',#5,$,$,(#5704,#5635,#5566,#5497,#5428,#5361,#5292,#5223,#5143,#5063,#4994,#4914,#4834,#4754,#4689,#4624,#4559,#4494,#4429,#4364,#4299,#4234,#4156,#4076,#3996,#3814,#3745,#3449,#3354,#3287,#3218,#3102,#2804,#2726,#2655,#2359,#2273,#2204,#2116,#1859,#1790,#1719,#1411,#1326,#1030,#961,#892,#797,#403),#427);
#10678= IFCRELDEFINESBYPROPERTIES('0$ER2pGun3PAgAVtLCmc_V',#5,$,$,(#10146,#10138,#10128,#10113,#10091,#10077,#10064,#10051,#10038,#10023,#10008,#9993,#9972,#9956,#9926,#9910,#9896,#9885,#9871,#9856,#9843,#9833,#9818,#9807,#9796,#9780,#9752,#9734,#9719,#9704,#9689,#9676,#9665,#9655,#9627,#9609,#9594,#9578,#9553,#9522,#9484,#9462,#9447,#9432,#9399,#9367,#9336,#9305,#9272,#9221,#9200,#9189,#9175,#9160,#9145,#9129,#9114,#9099,#9085,#9072,#9059,#9044,#9029,#9014,#9001,#8993,#8975,#8953,#8938,#8928,#8913,#8898,#8870,#8849,#8820,#8804,#8789,#8774,#8759,#8746,#8733,#8717,#8695,#8676,#8653,#8639,#8631,#8618,#8600,#8579,#8565,#8551,#8536,#8516,#8486,#8464,#8433,#8403,#8387,#8367,#8337,#8320,#8299,#8268,#8254,#8246,#8235,#8225,#8209,#8181,#8150,#8118,#8100,#8085,#8072,#8059,#8043,#8012,#7995,#7979,#7964,#7949,#7934,#7919,#7903,#7888,#7873,#7858,#7843,#7828,#7813,#7798,#7783,#7739,#7716,#7707,#7698,#7688,#7671,#7656,#7645,#7633,#7623,#7610,#7602,#7594,#7586,#7578,#7570,#7559,#7548,#7540,#7532,#7524,#7516,#7508,#7497,#7486,#7478,#7470,#7462,#7452,#7439,#7431,#7422,#7414,#7406,#7395,#7382,#7369,#7358,#7345,#7329,#7316,#7306,#7291,#7278,#7266,#7257,#7245,#7234,#7222,#7211,#7197,#7184,#7174,#7158,#7144,#7132,#7122,#7108,#7100,#7089,#7081,#7073,#7065,#7057,#7046,#7032,#7017,#7002,#6987,#6973,#6959,#6948,#6937,#6926,#6915,#6904,#6893,#6885,#6874,#6863,#6851,#6840,#6829,#6818,#6810,#6799,#6788,#6777,#6769,#6758,#6747,#6736,#6725,#6714,#6703,#6692,#6679,#6664,#6648,#6631,#6616,#6601,#5727,#5721,#5715,#5704,#5658,#5652,#5646,#5635,#5589,#5583,#5577,#5566,#5520,#5514,#5508,#5497,#5451,#5445,#5439,#5428,#5384,#5378,#5372,#5361,#5315,#5309,#5303,#5292,#5246,#5240,#5234,#5223,#5166,#5160,#5154,#5143,#5086,#5080,#5074,#5063,#5017,#5011,#5005,#4994,#4937,#4931,#4925,#4914,#4857,#4851,#4845,#4834,#4777,#4771,#4765,#4754,#4712,#4706,#4700,#4689,#4647,#4641,#4635,#4624,#4582,#4576,#4570,#4559,#4517,#4511,#4505,#4494,#4452,#4446,#4440,#4429,#4387,#4381,#4375,#4364,#4322,#4316,#4310,#4299,#4257,#4251,#4245,#4234,#4181,#4175,#4169,#4156,#4099,#4093,#4087,#4076,#4021,#4015,#4009,#3996,#3837,#3831,#3825,#3814,#3770,#3763,#3757,#3745,#3472,#3466,#3460,#3449,#3377,#3371,#3365,#3354,#3310,#3304,#3298,#3287,#3241,#3235,#3229,#3218,#3127,#3120,#3114,#3102,#2829,#2822,#2816,#2804,#2749,#2743,#2737,#2726,#2680,#2673,#2667,#2655,#2382,#2376,#2370,#2359,#2296,#2290,#2284,#2273,#2227,#2221,#2215,#2204,#2141,#2134,#2128,#2116,#1882,#1876,#1870,#1859,#1813,#1807,#1801,#1790,#1744,#1737,#1731,#1719,#1436,#1429,#1423,#1411,#1352,#1345,#1339,#1326,#1053,#1047,#1041,#1030,#984,#978,#972,#961,#915,#909,#903,#892,#820,#814,#808,#797,#699,#688,#679,#403),#430);
#10679= IFCRELDEFINESBYPROPERTIES('2w0OZsfyj9bOpuI4YfHXe6',#5,$,$,(#5721,#5715,#5652,#5646,#5583,#5577,#5514,#5508,#5445,#5439,#5378,#5372,#5309,#5303,#5240,#5234,#5160,#5154,#5080,#5074,#5011,#5005,#4931,#4925,#4851,#4845,#4771,#4765,#4706,#4700,#4641,#4635,#4576,#4570,#4511,#4505,#4446,#4440,#4381,#4375,#4316,#4310,#4251,#4245,#4175,#4169,#4093,#4087,#4015,#4009,#3831,#3825,#3763,#3757,#3466,#3460,#3371,#3365,#3304,#3298,#3235,#3229,#3120,#3114,#2822,#2816,#2743,#2737,#2673,#2667,#2376,#2370,#2290,#2284,#2221,#2215,#2134,#2128,#1876,#1870,#1807,#1801,#1737,#1731,#1429,#1423,#1345,#1339,#1047,#1041,#978,#972,#909,#903,#814,#808,#688,#679),#682);
#10680= IFCRELDEFINESBYPROPERTIES('2$QkZgnhL4_ea3RZ_3Ar5M',#5,$,$,(#5727,#5658,#5589,#5520,#5451,#5384,#5315,#5246,#5166,#5086,#5017,#4937,#4857,#4777,#4712,#4647,#4582,#4517,#4452,#4387,#4322,#4257,#4181,#4099,#4021,#3837,#3770,#3472,#3377,#3310,#3241,#3127,#2829,#2749,#2680,#2382,#2296,#2227,#2141,#1882,#1813,#1744,#1436,#1352,#1053,#984,#915,#820,#699),#702);
#10681= IFCRELDEFINESBYPROPERTIES('33EnkzOmT4XuT7H5AFAzsT',#5,$,$,(#10146,#10138,#10128,#10113,#10077,#10064,#10051,#10038,#10023,#10008,#9993,#9972,#9956,#9926,#9910,#9896,#9885,#9871,#9856,#9843,#9833,#9818,#9807,#9796,#9734,#9719,#9704,#9689,#9676,#9665,#9655,#9609,#9594,#9578,#9553,#9522,#9484,#9462,#9447,#9432,#9399,#9367,#9336,#9305,#9272,#9200,#9189,#9175,#9160,#9145,#9129,#9114,#9099,#9085,#9072,#9059,#9044,#9029,#9014,#9001,#8993,#8975,#8953,#8938,#8928,#8913,#8898,#8804,#8789,#8774,#8759,#8746,#8733,#8717,#8639,#8631,#8618,#8600,#8579,#8565,#8551,#8536,#8516,#8486,#8403,#8387,#8367,#8337,#8320,#8299,#8268,#8254,#8246,#8235,#8225,#8209,#8181,#8150,#8100,#8085,#8072,#8059,#8043,#7995,#7979,#7964,#7949,#7934,#7919,#7903,#7888,#7873,#7858,#7843,#7828,#7813,#7798,#7783,#7716,#7707,#7698,#7688,#7671,#7656,#7645,#7633,#7623,#7610,#7602,#7594,#7586,#7578,#7570,#7559,#7548,#7540,#7532,#7524,#7516,#7508,#7497,#7486,#7478,#7470,#7462,#7452,#7439,#7431,#7422,#7414,#7406,#7395,#7382,#7369,#7358,#7345,#7329,#7316,#7306,#7291,#7278,#7266,#7257,#7245,#7234,#7222,#7211,#7197,#7184,#7174,#7158,#7144,#7132,#7122,#7108,#7100,#7089,#7081,#7073,#7065,#7057,#7046,#7032,#7017,#7002,#6987,#6973,#6959,#6948,#6937,#6926,#6915,#6904,#6893,#6885,#6874,#6863,#6851,#6840,#6829,#6818,#6810,#6799,#6788,#6777,#6769,#6758,#6747,#6736,#6725,#6714,#6703,#6692,#6679,#6664,#6648,#6631,#6616,#6601,#6586,#6578,#6570,#6562,#6551,#6539,#6531,#6523,#6514,#6506,#6495,#6487,#6476,#6462,#6454,#6443,#6433,#6424,#6414,#6401,#6393,#6385,#6377,#6369,#6361,#6353,#6345,#6337,#6329,#6321,#6313,#6305,#6297,#6289,#6281,#6273,#6265,#6257,#6249,#6241,#6233,#6225,#6217,#6209,#6201,#6191,#6174,#6161,#6153,#6145,#6137,#6129,#6121,#6113,#6103,#6088,#6070,#6056,#6046,#6033,#6025,#6014,#6002,#5992,#5978,#5965,#5957,#5949,#5939,#5925,#5912,#5898,#5885,#5871,#5858,#5844,#5831,#5818,#5807,#5794,#5778,#5763,#5742,#5727,#5658,#5589,#5520,#5451,#5384,#5315,#5246,#5166,#5086,#5017,#4937,#4857,#4777,#4712,#4647,#4582,#4517,#4452,#4387,#4322,#4257,#4181,#4099,#4021,#3837,#3770,#3472,#3377,#3310,#3241,#3127,#2829,#2749,#2680,#2382,#2296,#2227,#2141,#1882,#1813,#1744,#1436,#1352,#1053,#984,#915,#820,#699),#705);
#10682= IFCRELDEFINESBYPROPERTIES('26h7ZZOQLEluIusnS4PrFa',#5,$,$,(#10146,#10138,#10128,#10113,#10091,#10077,#10064,#10051,#10038,#10023,#10008,#9993,#9956,#9910,#9896,#9885,#9871,#9856,#9843,#9833,#9818,#9807,#9796,#9780,#9752,#9734,#9719,#9704,#9689,#9676,#9665,#9655,#9627,#9609,#9594,#9578,#9553,#9522,#9484,#9462,#9447,#9432,#9399,#9367,#9336,#9305,#9221,#9200,#9189,#9175,#9160,#9145,#9129,#9114,#9099,#9085,#9072,#9059,#9044,#9029,#9014,#9001,#8993,#8938,#8928,#8913,#8898,#8870,#8849,#8820,#8804,#8789,#8774,#8759,#8746,#8733,#8717,#8695,#8676,#8653,#8639,#8631,#8618,#8600,#8579,#8565,#8551,#8536,#8516,#8486,#8464,#8433,#8403,#8387,#8367,#8337,#8320,#8254,#8246,#8235,#8225,#8209,#8118,#8100,#8085,#8072,#8059,#8043,#8012,#7995,#7979,#7964,#7949,#7934,#7919,#7903,#7888,#7873,#7858,#7843,#7828,#7813,#7798,#7783,#7739,#7716,#7707,#7698,#7688,#7671,#7656,#7645,#7633,#7623,#7610,#7602,#7594,#7586,#7578,#7570,#7559,#7548,#7540,#7532,#7524,#7516,#7508,#7497,#7486,#7478,#7470,#7462,#7452,#7439,#7431,#7422,#7414,#7406,#7395,#7382,#7369,#7358,#7345,#7329,#7316,#7306,#7291,#7278,#7266,#7257,#7245,#7234,#7222,#7211,#7197,#7184,#7174,#7158,#7144,#7132,#7122,#7108,#7100,#7089,#7081,#7073,#7065,#7057,#7046,#7032,#7017,#7002,#6987,#6973,#6959,#6948,#6937,#6926,#6915,#6904,#6893,#6885,#6874,#6863,#6851,#6840,#6829,#6818,#6810,#6799,#6788,#6777,#6769,#6758,#6747,#6736,#6725,#6714,#6703,#6692,#6679,#6664,#6648,#6631,#6616,#6601,#6586,#6578,#6570,#6562,#6551,#6539,#6531,#6523,#6514,#6506,#6495,#6487,#6476,#6462,#6454,#6443,#6433,#6424,#6414,#6401,#6393,#6385,#6377,#6369,#6361,#6353,#6345,#6337,#6329,#6321,#6313,#6305,#6297,#6289,#6281,#6273,#6265,#6257,#6249,#6241,#6233,#6225,#6217,#6209,#6201,#6191,#6174,#6161,#6153,#6145,#6137,#6129,#6121,#6113,#6103,#6088,#6070,#6056,#6046,#6033,#6025,#6014,#6002,#5992,#5978,#5965,#5957,#5949,#5939,#5925,#5912,#5898,#5885,#5871,#5858,#5844,#5831,#5818,#5807,#5794,#5778,#5763,#5742,#5727,#5658,#5589,#5520,#5451,#5384,#5315,#5246,#5166,#5086,#5017,#4937,#4857,#4777,#4712,#4647,#4582,#4517,#4452,#4387,#4322,#4257,#4181,#4099,#4021,#3837,#3770,#3472,#3377,#3310,#3241,#3127,#2829,#2749,#2680,#2382,#2296,#2227,#2141,#1882,#1813,#1744,#1436,#1352,#1053,#984,#915,#820,#699),#706);
#10683= IFCRELDEFINESBYPROPERTIES('2MwARSfwn4TgDlH86wJaJm',#5,$,$,(#708),#710);
#10684= IFCRELDEFINESBYPROPERTIES('3oHScn89T2kQPU7M$V4jjm',#5,$,$,(#726),#728);
#10685= IFCRELDEFINESBYPROPERTIES('0vzMZ0K11ACOgB$aM$pxHm',#5,$,$,(#735),#737);
#10686= IFCRELDEFINESBYPROPERTIES('1YsEA9wXvEvBb5t4vWv1T9',#5,$,$,(#789),#791);
#10687= IFCRELDEFINESBYPROPERTIES('1MzfbvmNHBw8XZoUyYZvtc',#5,$,$,(#1438,#822),#824);
#10688= IFCRELDEFINESBYPROPERTIES('0J4$qhJ3H3evLKMBzte6Dr',#5,$,$,(#840),#842);
#10689= IFCRELDEFINESBYPROPERTIES('0T_6Ktlr13YwvzI7whu4BR',#5,$,$,(#849),#851);
#10690= IFCRELDEFINESBYPROPERTIES('3Ca8AZSlTBWelKHGjcuUG4',#5,$,$,(#884),#886);
#10691= IFCRELDEFINESBYPROPERTIES('12xWHN1uz81uERzC9YATNp',#5,$,$,(#917),#919);
#10692= IFCRELDEFINESBYPROPERTIES('2H$J0vbhD5a8Ua04Imb42R',#5,$,$,(#935),#937);
#10693= IFCRELDEFINESBYPROPERTIES('31jDAEbzX7_eYmGVjVy8sf',#5,$,$,(#944),#946);
#10694= IFCRELDEFINESBYPROPERTIES('0V5w5hjGjF$QPVWa4vqaal',#5,$,$,(#953),#955);
#10695= IFCRELDEFINESBYPROPERTIES('3loYea9RT2uAYY1kriGyhU',#5,$,$,(#986),#988);
#10696= IFCRELDEFINESBYPROPERTIES('3gV$q8TLzDHA3vFAhejNrw',#5,$,$,(#1004),#1006);
#10697= IFCRELDEFINESBYPROPERTIES('30fZFmfbLFDvl9VvO4CBk5',#5,$,$,(#1013),#1015);
#10698= IFCRELDEFINESBYPROPERTIES('3VKoIMBZvCPRknmwsQcLO0',#5,$,$,(#1022),#1024);
#10699= IFCRELDEFINESBYPROPERTIES('3y8QesUMb0CRxPw$iMMT$w',#5,$,$,(#1055),#1057);
#10700= IFCRELDEFINESBYPROPERTIES('2f1SEQgXH6GgbUKeC9XjCu',#5,$,$,(#1254),#1256);
#10701= IFCRELDEFINESBYPROPERTIES('0kfDJHUif5Mh2QeA28cCug',#5,$,$,(#1263),#1265);
#10702= IFCRELDEFINESBYPROPERTIES('2omrVCiczDKRQyHrmkn7KL',#5,$,$,(#1317),#1319);
#10703= IFCRELDEFINESBYPROPERTIES('3$hjioI212zeykBDxPc6M5',#5,$,$,(#1354),#1356);
#10704= IFCRELDEFINESBYPROPERTIES('0g76V4Tlf18f56VoWzmiD1',#5,$,$,(#1385),#1387);
#10705= IFCRELDEFINESBYPROPERTIES('2SOL8X6o9309rfD__oT$F5',#5,$,$,(#1394),#1396);
#10706= IFCRELDEFINESBYPROPERTIES('1pHZrJsST6mwwvtU$0IKU_',#5,$,$,(#1403),#1405);
#10707= IFCRELDEFINESBYPROPERTIES('0z5Mno8LHAx83L6GZk$o4O',#5,$,$,(#1647),#1649);
#10708= IFCRELDEFINESBYPROPERTIES('14t$LeYh96fxKQx5al$cJI',#5,$,$,(#1656),#1658);
#10709= IFCRELDEFINESBYPROPERTIES('2$eSggFbr7qfHpRidiuLEu',#5,$,$,(#1710),#1712);
#10710= IFCRELDEFINESBYPROPERTIES('3XJnvTa252zPgM0j2bgqvn',#5,$,$,(#1746),#1748);
#10711= IFCRELDEFINESBYPROPERTIES('1Dw1Q12IjDhxhyYLgSCxHh',#5,$,$,(#1764),#1766);
#10712= IFCRELDEFINESBYPROPERTIES('1Wswt6AFrB_fwF9kBM04i3',#5,$,$,(#1773),#1775);
#10713= IFCRELDEFINESBYPROPERTIES('1TmlWSNsT2zvXdTxMLC8z8',#5,$,$,(#1782),#1784);
#10714= IFCRELDEFINESBYPROPERTIES('0FYW1Lsw9AGua_uQQCIrRX',#5,$,$,(#1815),#1817);
#10715= IFCRELDEFINESBYPROPERTIES('1rgpCjaxX7yBouGluP21Oe',#5,$,$,(#1833),#1835);
#10716= IFCRELDEFINESBYPROPERTIES('2xBdAP3gHF7gLveklke$tK',#5,$,$,(#1842),#1844);
#10717= IFCRELDEFINESBYPROPERTIES('17ou7$FYz2MQh9NF_ppwk3',#5,$,$,(#1851),#1853);
#10718= IFCRELDEFINESBYPROPERTIES('3kcY$yjBDAlvtb2awRalD8',#5,$,$,(#1884),#1886);
#10719= IFCRELDEFINESBYPROPERTIES('0XFRasmtv0BAxK8E3EQh5A',#5,$,$,(#2089),#2091);
#10720= IFCRELDEFINESBYPROPERTIES('0DzfQc8UPDFhrJh9b_eYs0',#5,$,$,(#2098),#2100);
#10721= IFCRELDEFINESBYPROPERTIES('3fnVKewp9A0QYY9qlnL9uc',#5,$,$,(#2107),#2109);
#10722= IFCRELDEFINESBYPROPERTIES('0uznrB2vn8EhahEBrqto7E',#5,$,$,(#3312,#2143),#2145);
#10723= IFCRELDEFINESBYPROPERTIES('0uzIiXMFL3yOtIbcFZg_l4',#5,$,$,(#2178),#2180);
#10724= IFCRELDEFINESBYPROPERTIES('06145$ByHCihroYN07gcsB',#5,$,$,(#2187),#2189);
#10725= IFCRELDEFINESBYPROPERTIES('0Z1Pm$MXX2AufsVw85xpba',#5,$,$,(#2196),#2198);
#10726= IFCRELDEFINESBYPROPERTIES('30$egaVHr7eOx0gnv7gAk9',#5,$,$,(#2229),#2231);
#10727= IFCRELDEFINESBYPROPERTIES('0a3MQK8TP9M9wlSVLov1CL',#5,$,$,(#2247),#2249);
#10728= IFCRELDEFINESBYPROPERTIES('3josTKPIj54BRKP_K9aXUj',#5,$,$,(#2256),#2258);
#10729= IFCRELDEFINESBYPROPERTIES('16O$RuTV5BnuurdAIy21pR',#5,$,$,(#2265),#2267);
#10730= IFCRELDEFINESBYPROPERTIES('1Y$kMnkXvEtxA0o1wY5Ni9',#5,$,$,(#2298),#2300);
#10731= IFCRELDEFINESBYPROPERTIES('220nQ1xHj2xPYo57oBHDCl',#5,$,$,(#2333),#2335);
#10732= IFCRELDEFINESBYPROPERTIES('3J5vZP$FH8x8ElhhqInVxn',#5,$,$,(#2342),#2344);
#10733= IFCRELDEFINESBYPROPERTIES('3G8XpQWirDQwMt_4U4uRKI',#5,$,$,(#2351),#2353);
#10734= IFCRELDEFINESBYPROPERTIES('0ap4Y2vIX2fwn5AHssCHZG',#5,$,$,(#2384),#2386);
#10735= IFCRELDEFINESBYPROPERTIES('08kW3jBePD7eKZxsEuPK5P',#5,$,$,(#2583),#2585);
#10736= IFCRELDEFINESBYPROPERTIES('0wvGRs9_1AZhdoyxjD4m48',#5,$,$,(#2592),#2594);
#10737= IFCRELDEFINESBYPROPERTIES('0XlsEc07j0e9pX29jeB3z6',#5,$,$,(#2646),#2648);
#10738= IFCRELDEFINESBYPROPERTIES('1GLk0_FgL8_BcaleAqyUTx',#5,$,$,(#2682),#2684);
#10739= IFCRELDEFINESBYPROPERTIES('0ArQcB2AvDmfBe4loGXzCX',#5,$,$,(#2700),#2702);
#10740= IFCRELDEFINESBYPROPERTIES('0ZMQ4LEm9B6h0xQlQAr1_J',#5,$,$,(#2709),#2711);
#10741= IFCRELDEFINESBYPROPERTIES('1lsT_zoDb6meF2T9$N1y_n',#5,$,$,(#2718),#2720);
#10742= IFCRELDEFINESBYPROPERTIES('0RSC7YoDHAjQ$YrUofjtzs',#5,$,$,(#2778),#2780);
#10743= IFCRELDEFINESBYPROPERTIES('3TQf8NWLv0Cw0dgVaQ4Le4',#5,$,$,(#2787),#2789);
#10744= IFCRELDEFINESBYPROPERTIES('3ItMm7ioP0F8VziesTEVi5',#5,$,$,(#2796),#2798);
#10745= IFCRELDEFINESBYPROPERTIES('3a6YMO4Fb7cwjF$aDdLdU7',#5,$,$,(#2831),#2833);
#10746= IFCRELDEFINESBYPROPERTIES('2vZrqtMf1EivOML967cfMb',#5,$,$,(#3030),#3032);
#10747= IFCRELDEFINESBYPROPERTIES('2uOCgz4iTFcBOiUoW$X5HR',#5,$,$,(#3039),#3041);
#10748= IFCRELDEFINESBYPROPERTIES('29BEMjRxfF09im7uSg51AL',#5,$,$,(#3093),#3095);
#10749= IFCRELDEFINESBYPROPERTIES('3A0$elI891mQFxhW9DHWCx',#5,$,$,(#3129),#3131);
#10750= IFCRELDEFINESBYPROPERTIES('1KTJQEbd93SRwZresbt5Mr',#5,$,$,(#3147),#3149);
#10751= IFCRELDEFINESBYPROPERTIES('1wmO6Gx_D1zPCiwme0H1_0',#5,$,$,(#3156),#3158);
#10752= IFCRELDEFINESBYPROPERTIES('2YQjf6vuXDIPz3CLfP7z10',#5,$,$,(#3210),#3212);
#10753= IFCRELDEFINESBYPROPERTIES('3d3CNY6Eb32PS6fK041We5',#5,$,$,(#3243),#3245);
#10754= IFCRELDEFINESBYPROPERTIES('17aW6MqVv5zf379BjSTeCG',#5,$,$,(#3261),#3263);
#10755= IFCRELDEFINESBYPROPERTIES('002fvwIX9DmB14imT6oZXI',#5,$,$,(#3270),#3272);
#10756= IFCRELDEFINESBYPROPERTIES('1ApNNEAPTEIvssiYj6CW6m',#5,$,$,(#3279),#3281);
#10757= IFCRELDEFINESBYPROPERTIES('0pL0$7HtLFqfZhy8eHDVUf',#5,$,$,(#3328),#3330);
#10758= IFCRELDEFINESBYPROPERTIES('0VQoqRhZz0JeBi6hoCRjG0',#5,$,$,(#3337),#3339);
#10759= IFCRELDEFINESBYPROPERTIES('1rBadfRQ92Yg772IgF6f34',#5,$,$,(#3346),#3348);
#10760= IFCRELDEFINESBYPROPERTIES('0Sgqw97nX06B5grI5ItoR1',#5,$,$,(#3379),#3381);
#10761= IFCRELDEFINESBYPROPERTIES('3Av8caP5T8kRSDJEUZJ4$H',#5,$,$,(#3397),#3399);
#10762= IFCRELDEFINESBYPROPERTIES('0ugZL9lnDBoOuZRwWBlgSg',#5,$,$,(#3406),#3408);
#10763= IFCRELDEFINESBYPROPERTIES('1V7WKdAjLB19aXfnsVaR8w',#5,$,$,(#3441),#3443);
#10764= IFCRELDEFINESBYPROPERTIES('1XqgYYBa13zxQRZTzBUT_6',#5,$,$,(#3772,#3474),#3476);
#10765= IFCRELDEFINESBYPROPERTIES('27ziWZGszDdhrlebOmIUU4',#5,$,$,(#3673),#3675);
#10766= IFCRELDEFINESBYPROPERTIES('0tu087gQL9JB6jhUjlj64J',#5,$,$,(#3682),#3684);
#10767= IFCRELDEFINESBYPROPERTIES('03vian1$P7sOuHJ84UqxFB',#5,$,$,(#3736),#3738);
#10768= IFCRELDEFINESBYPROPERTIES('3PpaZ4G_PFg8cCHa8Z2YoM',#5,$,$,(#3788),#3790);
#10769= IFCRELDEFINESBYPROPERTIES('2W0JEt_Zj9ge$B3kL7qnuo',#5,$,$,(#3797),#3799);
#10770= IFCRELDEFINESBYPROPERTIES('1zBx7cm6PAnfLW8OMurclX',#5,$,$,(#3806),#3808);
#10771= IFCRELDEFINESBYPROPERTIES('0xuv5U6tr6YQf6dE9kKUse',#5,$,$,(#4101,#4023,#3839),#3841);
#10772= IFCRELDEFINESBYPROPERTIES('2uS2W0E2v4Bx08NRZJjTev',#5,$,$,(#3969),#3971);
#10773= IFCRELDEFINESBYPROPERTIES('1Ke7b29Z9218WSUzsx_mTa',#5,$,$,(#3978),#3980);
#10774= IFCRELDEFINESBYPROPERTIES('2l2FN3ru598O96CcoWZwdk',#5,$,$,(#3987),#3989);
#10775= IFCRELDEFINESBYPROPERTIES('14yfXf7mnEsfT08gI5pJAI',#5,$,$,(#4050),#4052);
#10776= IFCRELDEFINESBYPROPERTIES('1tnTXO9n1A4865Yjc5Ox96',#5,$,$,(#4059),#4061);
#10777= IFCRELDEFINESBYPROPERTIES('22zNjuLCv5$wjzoDaCJEMD',#5,$,$,(#4068),#4070);
#10778= IFCRELDEFINESBYPROPERTIES('1d1yVfbL9BUPheF_x2v8Se',#5,$,$,(#4130),#4132);
#10779= IFCRELDEFINESBYPROPERTIES('1ZFEpN14zC2e_$YxM4nLpN',#5,$,$,(#4139),#4141);
#10780= IFCRELDEFINESBYPROPERTIES('38lRiTXIb72fcUhKLyXFh_',#5,$,$,(#4148),#4150);
#10781= IFCRELDEFINESBYPROPERTIES('3w0lbPABfFwBziWGMyLIZ5',#5,$,$,(#4208),#4210);
#10782= IFCRELDEFINESBYPROPERTIES('2IZ9LKF_DCrPqGNs1LAI2Y',#5,$,$,(#4217),#4219);
#10783= IFCRELDEFINESBYPROPERTIES('3pyyM57ib5xOKQIhR7raeA',#5,$,$,(#4226),#4228);
#10784= IFCRELDEFINESBYPROPERTIES('2s5kzBsDj5hPPFlS1W3OMJ',#5,$,$,(#4273),#4275);
#10785= IFCRELDEFINESBYPROPERTIES('1wkTMFv6b3Ghyg_XtChoSE',#5,$,$,(#4282),#4284);
#10786= IFCRELDEFINESBYPROPERTIES('14QHMQfrjDQxDZjqu618cY',#5,$,$,(#4291),#4293);
#10787= IFCRELDEFINESBYPROPERTIES('1B$rU7jnX939Q96pkWstFV',#5,$,$,(#4338),#4340);
#10788= IFCRELDEFINESBYPROPERTIES('0hNTLSLrf4EeAInC8TtBIn',#5,$,$,(#4347),#4349);
#10789= IFCRELDEFINESBYPROPERTIES('1UKvCp3QH1whjWYrol1_MH',#5,$,$,(#4356),#4358);
#10790= IFCRELDEFINESBYPROPERTIES('0ai2BJ_HHEWvYzqvSO1CgP',#5,$,$,(#4403),#4405);
#10791= IFCRELDEFINESBYPROPERTIES('1FgA4U_v55XfmVgWQqskjV',#5,$,$,(#4412),#4414);
#10792= IFCRELDEFINESBYPROPERTIES('2zkROITHLAPuCTvklxxI1G',#5,$,$,(#4421),#4423);
#10793= IFCRELDEFINESBYPROPERTIES('1EUmfSQn99Dx3Gj9F6Te6X',#5,$,$,(#4468),#4470);
#10794= IFCRELDEFINESBYPROPERTIES('2rYgX5Bmb64Ry5e2mXGHYy',#5,$,$,(#4477),#4479);
#10795= IFCRELDEFINESBYPROPERTIES('1RWJ98hOn7ffDJE49StRbA',#5,$,$,(#4486),#4488);
#10796= IFCRELDEFINESBYPROPERTIES('3yvLYa7uj6WwXUqNLFN3gB',#5,$,$,(#4533),#4535);
#10797= IFCRELDEFINESBYPROPERTIES('0F4M$KrUj94xQvJl3DymgP',#5,$,$,(#4542),#4544);
#10798= IFCRELDEFINESBYPROPERTIES('3h4ev1hqjF4uYblN9q2QLO',#5,$,$,(#4551),#4553);
#10799= IFCRELDEFINESBYPROPERTIES('3H17zXB9z5xxQiyHLXin2I',#5,$,$,(#4598),#4600);
#10800= IFCRELDEFINESBYPROPERTIES('1HKE0tl5D0$xHYXy3xed6l',#5,$,$,(#4607),#4609);
#10801= IFCRELDEFINESBYPROPERTIES('1VzYzqdh9ATOaM0nfqDynp',#5,$,$,(#4616),#4618);
#10802= IFCRELDEFINESBYPROPERTIES('3EmIf7q3z469AhntF5gWHk',#5,$,$,(#4663),#4665);
#10803= IFCRELDEFINESBYPROPERTIES('3FIF9lv35AAfkm7iZUI33r',#5,$,$,(#4672),#4674);
#10804= IFCRELDEFINESBYPROPERTIES('2RMXiNBmfDwgQX36R8BqLv',#5,$,$,(#4681),#4683);
#10805= IFCRELDEFINESBYPROPERTIES('3yFZ5XkBfDy9zK6Ghhvb74',#5,$,$,(#4728),#4730);
#10806= IFCRELDEFINESBYPROPERTIES('0I6Gy5tu506BHpGmbf98ja',#5,$,$,(#4737),#4739);
#10807= IFCRELDEFINESBYPROPERTIES('2SXym8Xyr1ZxuKdROrcQgA',#5,$,$,(#4746),#4748);
#10808= IFCRELDEFINESBYPROPERTIES('0XdU24i9T8BRQz72epE45K',#5,$,$,(#4779),#4781);
#10809= IFCRELDEFINESBYPROPERTIES('1wYKreLtHAHOPj1HQ$lR7k',#5,$,$,(#4808),#4810);
#10810= IFCRELDEFINESBYPROPERTIES('12Bf0iJ6T7_OcV9qYW5wtn',#5,$,$,(#4817),#4819);
#10811= IFCRELDEFINESBYPROPERTIES('043Cpfan14L9DE3PvtR6DJ',#5,$,$,(#4826),#4828);
#10812= IFCRELDEFINESBYPROPERTIES('3lfKlg8y90AxKQ7ZgV5Jlh',#5,$,$,(#4859),#4861);
#10813= IFCRELDEFINESBYPROPERTIES('0ssQurOtP8ZuJnadmThMH$',#5,$,$,(#4888),#4890);
#10814= IFCRELDEFINESBYPROPERTIES('1XRvd6I6D7Bv4lIGNVQXIX',#5,$,$,(#4897),#4899);
#10815= IFCRELDEFINESBYPROPERTIES('29pP765YjFHg0pdQDmdEhf',#5,$,$,(#4906),#4908);
#10816= IFCRELDEFINESBYPROPERTIES('0bTbwG7xvCbeGH0iVukops',#5,$,$,(#4939),#4941);
#10817= IFCRELDEFINESBYPROPERTIES('1KhPNaz45CqfVNaozZjRc0',#5,$,$,(#4968),#4970);
#10818= IFCRELDEFINESBYPROPERTIES('2rzyPUeV95xg0CYwkF5QvN',#5,$,$,(#4977),#4979);
#10819= IFCRELDEFINESBYPROPERTIES('3M$keLZWDCKfv2scQChZKh',#5,$,$,(#4986),#4988);
#10820= IFCRELDEFINESBYPROPERTIES('30AYs9JhL96RqaZEX5RGTz',#5,$,$,(#5386,#5019),#5021);
#10821= IFCRELDEFINESBYPROPERTIES('0x$iDD2On1oQBjml12Iv9V',#5,$,$,(#5037),#5039);
#10822= IFCRELDEFINESBYPROPERTIES('0nhUv6P_zDn96petqNb0ks',#5,$,$,(#5046),#5048);
#10823= IFCRELDEFINESBYPROPERTIES('3ydoZ0bhDFywIVo_6mkyqI',#5,$,$,(#5055),#5057);
#10824= IFCRELDEFINESBYPROPERTIES('1VW4GtlZzDvQ6U4KVzOF8g',#5,$,$,(#5088),#5090);
#10825= IFCRELDEFINESBYPROPERTIES('0XZgbJ0hL4HO2cgNXR7N_G',#5,$,$,(#5117),#5119);
#10826= IFCRELDEFINESBYPROPERTIES('12Q$QFAU12KgBImYqa9NLe',#5,$,$,(#5126),#5128);
#10827= IFCRELDEFINESBYPROPERTIES('0RKCjQHUL4PenJrYx6h$Sr',#5,$,$,(#5135),#5137);
#10828= IFCRELDEFINESBYPROPERTIES('3SpfZmmPr528aRoqA81BH$',#5,$,$,(#5168),#5170);
#10829= IFCRELDEFINESBYPROPERTIES('2Y7ejFZbfEQwWwpxxWQ1yy',#5,$,$,(#5197),#5199);
#10830= IFCRELDEFINESBYPROPERTIES('2_GfdbBJr3mu53M7qCAcs_',#5,$,$,(#5206),#5208);
#10831= IFCRELDEFINESBYPROPERTIES('2THmUsEMHC8wur4Aj_Go5C',#5,$,$,(#5215),#5217);
#10832= IFCRELDEFINESBYPROPERTIES('1ul$8em3r6ahFJ4WmcXN3u',#5,$,$,(#5248),#5250);
#10833= IFCRELDEFINESBYPROPERTIES('2nTZjd29PC6AE$KOsQbhLg',#5,$,$,(#5266),#5268);
#10834= IFCRELDEFINESBYPROPERTIES('12xKue3sj9hxCAwDeNieu$',#5,$,$,(#5275),#5277);
#10835= IFCRELDEFINESBYPROPERTIES('0Ab_U1lID17ugRxpuRawR$',#5,$,$,(#5284),#5286);
#10836= IFCRELDEFINESBYPROPERTIES('2bEw$7NbDDJewjNQKYxtmI',#5,$,$,(#5317),#5319);
#10837= IFCRELDEFINESBYPROPERTIES('3I785NvFf0p87jMe2kij0K',#5,$,$,(#5335),#5337);
#10838= IFCRELDEFINESBYPROPERTIES('1uhSG2C9zEgf5bIecj94bR',#5,$,$,(#5344),#5346);
#10839= IFCRELDEFINESBYPROPERTIES('3ZJ40DvBL2F8FFOsAjDjaI',#5,$,$,(#5353),#5355);
#10840= IFCRELDEFINESBYPROPERTIES('3K5xnWddT7Bx8kfUzLJc0f',#5,$,$,(#5402),#5404);
#10841= IFCRELDEFINESBYPROPERTIES('2laDj_xID0X8kFuvdJF2UL',#5,$,$,(#5411),#5413);
#10842= IFCRELDEFINESBYPROPERTIES('28uF7Rdxj0_eoBsD27runb',#5,$,$,(#5420),#5422);
#10843= IFCRELDEFINESBYPROPERTIES('0HsDf3xgbDwhr1sowe9Xdv',#5,$,$,(#5453),#5455);
#10844= IFCRELDEFINESBYPROPERTIES('1tmbWpNCPD$gJNvZCEZ4Y4',#5,$,$,(#5471),#5473);
#10845= IFCRELDEFINESBYPROPERTIES('320WJT2aTAI9063q85Ay0T',#5,$,$,(#5480),#5482);
#10846= IFCRELDEFINESBYPROPERTIES('2PStZQPrr3ph6yvKcP_qGg',#5,$,$,(#5489),#5491);
#10847= IFCRELDEFINESBYPROPERTIES('2fjBxM_8DDovDnXDP9KUe7',#5,$,$,(#5522),#5524);
#10848= IFCRELDEFINESBYPROPERTIES('3FYaRyKmzD$fWnEeIq5Z5r',#5,$,$,(#5540),#5542);
#10849= IFCRELDEFINESBYPROPERTIES('2FyeZ6QIz4EPHadcyGpMOu',#5,$,$,(#5549),#5551);
#10850= IFCRELDEFINESBYPROPERTIES('1SvVURqVb5oeTobK87ZX19',#5,$,$,(#5558),#5560);
#10851= IFCRELDEFINESBYPROPERTIES('0WavYyPXX1ivloUwPXi78$',#5,$,$,(#5591),#5593);
#10852= IFCRELDEFINESBYPROPERTIES('1$a9KiBnPEWwmjnkERGdG2',#5,$,$,(#5609),#5611);
#10853= IFCRELDEFINESBYPROPERTIES('1SkuZmGO9DJgF2zXqrC6NQ',#5,$,$,(#5618),#5620);
#10854= IFCRELDEFINESBYPROPERTIES('2xCsTdQ5DBH9TDve47vH8X',#5,$,$,(#5627),#5629);
#10855= IFCRELDEFINESBYPROPERTIES('1oYEXxTSn2eArMTXaaM4H8',#5,$,$,(#5660),#5662);
#10856= IFCRELDEFINESBYPROPERTIES('2Qy2JJQ_n8M9rqwdW_2q0l',#5,$,$,(#5678),#5680);
#10857= IFCRELDEFINESBYPROPERTIES('2ibV6XxRf8LOEHGoQik_aB',#5,$,$,(#5687),#5689);
#10858= IFCRELDEFINESBYPROPERTIES('24$pRh$ejEzeZYOD8OMnte',#5,$,$,(#5696),#5698);
#10859= IFCRELDEFINESBYPROPERTIES('2N$rX66x5C0wQfoZkMk$50',#5,$,$,(#5798,#5729),#5731);
#10860= IFCRELDEFINESBYPROPERTIES('27wdMty2nDHuQNDNDkF8Qg',#5,$,$,(#5807,#5742),#5745);
#10861= IFCRELDEFINESBYPROPERTIES('2r$$QH1nnA8OzyF6aa1jKM',#5,$,$,(#6174,#6161,#6153,#6145,#6137,#6129,#6121,#6113,#6103,#6088,#6056,#6046,#6033,#6025,#6014,#6002,#5992,#5978,#5965,#5957,#5949,#5939,#5925,#5912,#5898,#5885,#5871,#5858,#5844,#5831,#5818,#5807,#5794,#5778,#5763,#5742),#5748);
#10862= IFCRELDEFINESBYPROPERTIES('0uoVT8O411JAXSKvwiQ1eK',#5,$,$,(#5809,#5751),#5753);
#10863= IFCRELDEFINESBYPROPERTIES('1PmPOILPDCDP9kDt9KIiJJ',#5,$,$,(#5818,#5763),#5765);
#10864= IFCRELDEFINESBYPROPERTIES('1GuecrlxLEPOH1ZSNd0uoy',#5,$,$,(#5767),#5769);
#10865= IFCRELDEFINESBYPROPERTIES('00UDC2Fen448kM9yZWdvOy',#5,$,$,(#5778),#5780);
#10866= IFCRELDEFINESBYPROPERTIES('1ajF_m5fLBNf9l4BdMo5QC',#5,$,$,(#5835,#5782),#5784);
#10867= IFCRELDEFINESBYPROPERTIES('3$deHeC3b39BtIQGWo89ip',#5,$,$,(#5844,#5794),#5796);
#10868= IFCRELDEFINESBYPROPERTIES('09Afh_w1H5Zub_qxoYAj3u',#5,$,$,(#5820),#5822);
#10869= IFCRELDEFINESBYPROPERTIES('1y0lPf2zT8UeX7USqf5MKf',#5,$,$,(#5831),#5833);
#10870= IFCRELDEFINESBYPROPERTIES('2iduoXmQnDnR7sKFR_RLeh',#5,$,$,(#5862,#5846),#5848);
#10871= IFCRELDEFINESBYPROPERTIES('390lQNIwX98AyKJYAYfvns',#5,$,$,(#5871,#5858),#5860);
#10872= IFCRELDEFINESBYPROPERTIES('2cRp9hR_n1xuvHUtBGgMIJ',#5,$,$,(#5889,#5873),#5875);
#10873= IFCRELDEFINESBYPROPERTIES('3TFEXuEPb7Z8o8M0QpArNH',#5,$,$,(#5898,#5885),#5887);
#10874= IFCRELDEFINESBYPROPERTIES('29he3gKifA8PsT4X7Y0o3r',#5,$,$,(#5916,#5900),#5902);
#10875= IFCRELDEFINESBYPROPERTIES('25lcUuMIHDMRDmvo7dxnKM',#5,$,$,(#5925,#5912),#5914);
#10876= IFCRELDEFINESBYPROPERTIES('2JnNu1cB98R92qtgkn8xRW',#5,$,$,(#5959,#5951,#5943,#5927),#5929);
#10877= IFCRELDEFINESBYPROPERTIES('2Npy6H_H15jweSFnXd1VKd',#5,$,$,(#5965,#5957,#5949,#5939),#5941);
#10878= IFCRELDEFINESBYPROPERTIES('1FnOTtSOTFZeVx6jnWEEan',#5,$,$,(#6155,#5967),#5969);
#10879= IFCRELDEFINESBYPROPERTIES('2iWP6dhAX16BVsZXzX6qrJ',#5,$,$,(#6161,#5978),#5980);
#10880= IFCRELDEFINESBYPROPERTIES('0qtgJj3KnBxPxE$N0ZkEi_',#5,$,$,(#6050,#6018,#5996,#5982),#5984);
#10881= IFCRELDEFINESBYPROPERTIES('0oMtACstbAuQQ12xi6wjSQ',#5,$,$,(#6056,#6025,#6002,#5992),#5994);
#10882= IFCRELDEFINESBYPROPERTIES('3g3g5lNMnCBB5bH8Ljya2o',#5,$,$,(#6027,#6004),#6006);
#10883= IFCRELDEFINESBYPROPERTIES('15OZKPHEn2sO3TA$o8fRQd',#5,$,$,(#6033,#6014),#6016);
#10884= IFCRELDEFINESBYPROPERTIES('21pOX3NnHA79Nv$xzzEt1j',#5,$,$,(#6035),#6037);
#10885= IFCRELDEFINESBYPROPERTIES('05aCPhKC50kR9ZvSMHuKs6',#5,$,$,(#6046),#6048);
#10886= IFCRELDEFINESBYPROPERTIES('3MtGWfk8r5GgBIOelU8NCN',#5,$,$,(#6058),#6060);
#10887= IFCRELDEFINESBYPROPERTIES('3Z7klICHDB6gmHXqx14Yyu',#5,$,$,(#6070),#6073);
#10888= IFCRELDEFINESBYPROPERTIES('2hc35EwKPFUAopY4UlU5sB',#5,$,$,(#6586,#6578,#6570,#6562,#6551,#6539,#6531,#6523,#6514,#6506,#6495,#6487,#6476,#6462,#6454,#6443,#6433,#6424,#6414,#6401,#6393,#6385,#6377,#6369,#6361,#6353,#6345,#6337,#6329,#6321,#6313,#6305,#6297,#6289,#6281,#6273,#6265,#6257,#6249,#6241,#6233,#6225,#6217,#6209,#6201,#6191,#6070),#6075);
#10889= IFCRELDEFINESBYPROPERTIES('3gkPRP1gL2aeNyNeJpVk7x',#5,$,$,(#6078),#6080);
#10890= IFCRELDEFINESBYPROPERTIES('3$Ez7a8fLFQPRYpCLpRLA5',#5,$,$,(#6088),#6090);
#10891= IFCRELDEFINESBYPROPERTIES('0gsgemg5j1bABMIJPZ13X5',#5,$,$,(#6147,#6139,#6131,#6123,#6115,#6107,#6092),#6094);
#10892= IFCRELDEFINESBYPROPERTIES('3hnfOIea57BeQlVhZWHjQv',#5,$,$,(#6153,#6145,#6137,#6129,#6121,#6113,#6103),#6105);
#10893= IFCRELDEFINESBYPROPERTIES('3vc_mq6WjApv_pTI1XvjhA',#5,$,$,(#6163),#6165);
#10894= IFCRELDEFINESBYPROPERTIES('0yJurporjFVffpUG_xxvhp',#5,$,$,(#6174),#6176);
#10895= IFCRELDEFINESBYPROPERTIES('3KPoyaJfH3jgevAl5MLN02',#5,$,$,(#6580,#6395,#6387,#6379,#6371,#6363,#6355,#6347,#6339,#6331,#6323,#6315,#6307,#6299,#6291,#6283,#6275,#6267,#6259,#6251,#6243,#6235,#6227,#6219,#6211,#6203,#6195,#6179),#6181);
#10896= IFCRELDEFINESBYPROPERTIES('3kfBGZ16jDcRt7vFhLU_22',#5,$,$,(#6586,#6401,#6393,#6385,#6377,#6369,#6361,#6353,#6345,#6337,#6329,#6321,#6313,#6305,#6297,#6289,#6281,#6273,#6265,#6257,#6249,#6241,#6233,#6225,#6217,#6209,#6201,#6191),#6193);
#10897= IFCRELDEFINESBYPROPERTIES('3jbi1x5j9D08XuVCjaZs0D',#5,$,$,(#6456,#6445,#6418,#6404),#6406);
#10898= IFCRELDEFINESBYPROPERTIES('3b0mbb3Z57i8IUyYrG36wS',#5,$,$,(#6462,#6454,#6424,#6414),#6416);
#10899= IFCRELDEFINESBYPROPERTIES('3UsG61PxDDmgfHzgOwdBra',#5,$,$,(#6497,#6489,#6437,#6426),#6428);
#10900= IFCRELDEFINESBYPROPERTIES('1kn0FNvBH0iBInXX4wI3H_',#5,$,$,(#6506,#6495,#6443,#6433),#6435);
#10901= IFCRELDEFINESBYPROPERTIES('26PCs6ISfE990kV4yCqV3J',#5,$,$,(#6572,#6564,#6533,#6525,#6516,#6508,#6480,#6464),#6466);
#10902= IFCRELDEFINESBYPROPERTIES('0neI0C6zjEWAql3n7R4mhb',#5,$,$,(#6578,#6570,#6539,#6531,#6523,#6514,#6487,#6476),#6478);
#10903= IFCRELDEFINESBYPROPERTIES('083rAj8RH5oxLQutC7khjP',#5,$,$,(#6555,#6541),#6543);
#10904= IFCRELDEFINESBYPROPERTIES('1oXXEta3fAjuzJpUlUVTMV',#5,$,$,(#6562,#6551),#6553);
#10905= IFCRELDEFINESBYPROPERTIES('0q0VCL5Fr1vusvhIlZZj9Q',#5,$,$,(#6589),#6591);
#10906= IFCRELDEFINESBYPROPERTIES('3o8_wPlVb93RQc0z6JiSKd',#5,$,$,(#6601),#6603);
#10907= IFCRELDEFINESBYPROPERTIES('35BT_p$Wv3UgJo39Ptnyl1',#5,$,$,(#7647,#6605),#6607);
#10908= IFCRELDEFINESBYPROPERTIES('3LnG5feqjF6AKO$OJ5BPIp',#5,$,$,(#7656,#6616),#6618);
#10909= IFCRELDEFINESBYPROPERTIES('0AKWtJI7v6LhV7U9rEiEZy',#5,$,$,(#6620),#6622);
#10910= IFCRELDEFINESBYPROPERTIES('1I7TNzocz0Jvkc4GO8s$NY',#5,$,$,(#6631),#6633);
#10911= IFCRELDEFINESBYPROPERTIES('0QyG1_FWv4wBbSr5zrwiBs',#5,$,$,(#6635),#6637);
#10912= IFCRELDEFINESBYPROPERTIES('1tSZagnmrFd99$iVefwNMc',#5,$,$,(#6648),#6650);
#10913= IFCRELDEFINESBYPROPERTIES('2QGKz$xOf5xOt43nrLOG6r',#5,$,$,(#7635,#7627,#7360,#6652),#6654);
#10914= IFCRELDEFINESBYPROPERTIES('0gV7ehsdTAIOuMGgVeTB76',#5,$,$,(#7645,#7633,#7369,#6664),#6666);
#10915= IFCRELDEFINESBYPROPERTIES('2BLmTT5_D3i9iZ1LZiZ9n9',#5,$,$,(#6950,#6939,#6928,#6917,#6906,#6895,#6887,#6876,#6865,#6853,#6842,#6831,#6820,#6812,#6801,#6790,#6779,#6771,#6760,#6749,#6738,#6727,#6716,#6705,#6694,#6683,#6668),#6670);
#10916= IFCRELDEFINESBYPROPERTIES('06Y$a4DHX8BgvhNNPUSjCY',#5,$,$,(#6959,#6948,#6937,#6926,#6915,#6904,#6893,#6885,#6874,#6863,#6851,#6840,#6829,#6818,#6810,#6799,#6788,#6777,#6769,#6758,#6747,#6736,#6725,#6714,#6703,#6692,#6679),#6681);
#10917= IFCRELDEFINESBYPROPERTIES('1qE8MDctX8ufJM$cpRaG9M',#5,$,$,(#7349,#6977,#6961),#6963);
#10918= IFCRELDEFINESBYPROPERTIES('1cDOp8jg56j8u2LJXZzQ8e',#5,$,$,(#7358,#6987,#6973),#6975);
#10919= IFCRELDEFINESBYPROPERTIES('3qSwgmJh9AxgN0VRQDHwvw',#5,$,$,(#6989),#6991);
#10920= IFCRELDEFINESBYPROPERTIES('2gd6AxSkDCoAxcY87Bldxy',#5,$,$,(#7002),#7004);
#10921= IFCRELDEFINESBYPROPERTIES('1QKGqCJSzDI9xR1XZxV6UR',#5,$,$,(#7178,#7134,#7006),#7008);
#10922= IFCRELDEFINESBYPROPERTIES('0nesTr94DEHR_Axr6EBX57',#5,$,$,(#7184,#7144,#7017),#7019);
#10923= IFCRELDEFINESBYPROPERTIES('0CHNGxEWD4uf$m$1r7dpXd',#5,$,$,(#7310,#7268,#7259,#7247,#7236,#7224,#7213,#7126,#7102,#7091,#7083,#7075,#7067,#7059,#7048,#7036,#7021),#7023);
#10924= IFCRELDEFINESBYPROPERTIES('1snja_lVb73u9ML51SwXdN',#5,$,$,(#7316,#7278,#7266,#7257,#7245,#7234,#7222,#7132,#7108,#7100,#7089,#7081,#7073,#7065,#7057,#7046,#7032),#7034);
#10925= IFCRELDEFINESBYPROPERTIES('1A40iZl2b0iAB699$F8$uU',#5,$,$,(#7201,#7110),#7112);
#10926= IFCRELDEFINESBYPROPERTIES('2SH8YfLWf66xca2U_A_APf',#5,$,$,(#7211,#7122),#7124);
#10927= IFCRELDEFINESBYPROPERTIES('0LSY7ZylHEghAUMKNP_GS7',#5,$,$,(#7146),#7148);
#10928= IFCRELDEFINESBYPROPERTIES('2nhHQMUJnAae68NMwKbs$P',#5,$,$,(#7158),#7160);
#10929= IFCRELDEFINESBYPROPERTIES('3wp5aXIQXFP9yOCq$pO2_2',#5,$,$,(#7162),#7164);
#10930= IFCRELDEFINESBYPROPERTIES('2oDYpC8UT52g5Kz5LeYM_z',#5,$,$,(#7174),#7176);
#10931= IFCRELDEFINESBYPROPERTIES('1VSNiX$ETAavgmbDNjp_6o',#5,$,$,(#7186),#7188);
#10932= IFCRELDEFINESBYPROPERTIES('3LkyS_wOj2Vw6ezsxNZRLm',#5,$,$,(#7197),#7199);
#10933= IFCRELDEFINESBYPROPERTIES('1dUAXNr2fC3gnOn1ia8pci',#5,$,$,(#7280),#7282);
#10934= IFCRELDEFINESBYPROPERTIES('2$IhHDOfX4dAxsE$F_uBOB',#5,$,$,(#7291),#7293);
#10935= IFCRELDEFINESBYPROPERTIES('3I3m7VqYP5UueeeTmNYyxv',#5,$,$,(#7295),#7297);
#10936= IFCRELDEFINESBYPROPERTIES('3q3eXfU$v3nvrCuVcwGoM3',#5,$,$,(#7306),#7308);
#10937= IFCRELDEFINESBYPROPERTIES('0nuJ32DQP7WfnHc5S4bVef',#5,$,$,(#7318),#7320);
#10938= IFCRELDEFINESBYPROPERTIES('1UcFTabNz1z9oeTpxPIqtE',#5,$,$,(#7329),#7331);
#10939= IFCRELDEFINESBYPROPERTIES('1bIv4SxUjBgAl7HlL9cGcm',#5,$,$,(#7333),#7335);
#10940= IFCRELDEFINESBYPROPERTIES('1pY1KZ0arFQgliyD$f91E1',#5,$,$,(#7345),#7347);
#10941= IFCRELDEFINESBYPROPERTIES('1kG7S63hT6XOc33EkL9Pbh',#5,$,$,(#7604,#7596,#7588,#7580,#7572,#7561,#7542,#7534,#7526,#7518,#7510,#7499,#7488,#7480,#7472,#7464,#7456,#7433,#7424,#7416,#7408,#7397,#7386,#7371),#7373);
#10942= IFCRELDEFINESBYPROPERTIES('0zp3YNzfnFc8MXWCKiOQHt',#5,$,$,(#7610,#7602,#7594,#7586,#7578,#7570,#7548,#7540,#7532,#7524,#7516,#7508,#7497,#7486,#7478,#7470,#7462,#7439,#7431,#7422,#7414,#7406,#7395,#7382),#7384);
#10943= IFCRELDEFINESBYPROPERTIES('1q5O3k6EL3Reodpw3O8MFI',#5,$,$,(#7550,#7441),#7443);
#10944= IFCRELDEFINESBYPROPERTIES('1f1NLOsE12DO0tOruakfBw',#5,$,$,(#7559,#7452),#7454);
#10945= IFCRELDEFINESBYPROPERTIES('23RtU5klXEIP6mUoAyFlcJ',#5,$,$,(#7612),#7614);
#10946= IFCRELDEFINESBYPROPERTIES('2QImIC1szBKQ$Y1IY1wEfi',#5,$,$,(#7623),#7625);
#10947= IFCRELDEFINESBYPROPERTIES('05ucNLdcb2xhykbnyCtZSc',#5,$,$,(#7659),#7661);
#10948= IFCRELDEFINESBYPROPERTIES('10rd9pw3b4aux$_y9a$40w',#5,$,$,(#7671),#7673);
#10949= IFCRELDEFINESBYPROPERTIES('1_jR7P9aTDlPqRKQKiIOty',#5,$,$,(#7710,#7701,#7692,#7676),#7678);
#10950= IFCRELDEFINESBYPROPERTIES('3kg86uekXA_fxBWKZYonMC',#5,$,$,(#7716,#7707,#7698,#7688),#7690);
#10951= IFCRELDEFINESBYPROPERTIES('2W86jZ7UvDBvPCg0dif76t',#5,$,$,(#7739),#7767);
#10952= IFCRELDEFINESBYPROPERTIES('0XTXlygm99_8PtXZlr5SAV',#5,$,$,(#7739),#7769);
#10953= IFCRELDEFINESBYPROPERTIES('1aaFbzOpb2B9aJdv_vw_BZ',#5,$,$,(#7772),#7774);
#10954= IFCRELDEFINESBYPROPERTIES('2DoWJZNTfDQwjp8QpOZ5Pm',#5,$,$,(#7783),#7785);
#10955= IFCRELDEFINESBYPROPERTIES('2fhvVPepr5490nt0TMX_xK',#5,$,$,(#7787),#7789);
#10956= IFCRELDEFINESBYPROPERTIES('3ISEH5fFTAyeo3Y4xaGFlM',#5,$,$,(#7798),#7800);
#10957= IFCRELDEFINESBYPROPERTIES('0LpnOFzxbAwQO4vOSJ9Att',#5,$,$,(#7802),#7804);
#10958= IFCRELDEFINESBYPROPERTIES('34GTWzr_9ETxlezTGldzyC',#5,$,$,(#7813),#7815);
#10959= IFCRELDEFINESBYPROPERTIES('31JJG1pYf9vhYPqobJr2h1',#5,$,$,(#7817),#7819);
#10960= IFCRELDEFINESBYPROPERTIES('0AiTBBhrD3gecE5oI1XwGy',#5,$,$,(#7828),#7830);
#10961= IFCRELDEFINESBYPROPERTIES('1Ly4tSK4zFVQqA54OOLVTG',#5,$,$,(#7832),#7834);
#10962= IFCRELDEFINESBYPROPERTIES('3d$Zxo7hPAgugNNK4B3sug',#5,$,$,(#7843),#7845);
#10963= IFCRELDEFINESBYPROPERTIES('12FYq8nb51nPUIU7n$bhJE',#5,$,$,(#7847),#7849);
#10964= IFCRELDEFINESBYPROPERTIES('2yDaaW9T52aviOk$xdvyFZ',#5,$,$,(#7858),#7860);
#10965= IFCRELDEFINESBYPROPERTIES('0t4MH3PJn55eR5zF449frV',#5,$,$,(#7862),#7864);
#10966= IFCRELDEFINESBYPROPERTIES('3FrRTQQ4H8Ahyw6kg2jgEy',#5,$,$,(#7873),#7875);
#10967= IFCRELDEFINESBYPROPERTIES('3xneYGMa1ACeqOkopcqb5$',#5,$,$,(#7877),#7879);
#10968= IFCRELDEFINESBYPROPERTIES('0EbsmCGYLEIBRTQtggkaVp',#5,$,$,(#7888),#7890);
#10969= IFCRELDEFINESBYPROPERTIES('365QdLnxn0VxiCNbSy0_uV',#5,$,$,(#7892),#7894);
#10970= IFCRELDEFINESBYPROPERTIES('3eTC1ZJQX8Bv02FIIdsC1V',#5,$,$,(#7903),#7905);
#10971= IFCRELDEFINESBYPROPERTIES('3jh_EF$Fv49ORTYlOTM94P',#5,$,$,(#7907),#7909);
#10972= IFCRELDEFINESBYPROPERTIES('312$t$D_f8PPyq9dcY3yMt',#5,$,$,(#7919),#7921);
#10973= IFCRELDEFINESBYPROPERTIES('2di9ohibnFcvZjJu1BG6BW',#5,$,$,(#7923),#7925);
#10974= IFCRELDEFINESBYPROPERTIES('0WnQ7QbQDEheVNvP3fJEwO',#5,$,$,(#7934),#7936);
#10975= IFCRELDEFINESBYPROPERTIES('3RnnFlgBz5WOLU9R8_FnPr',#5,$,$,(#9798,#7938),#7940);
#10976= IFCRELDEFINESBYPROPERTIES('1FtlCr0H155vyqFQ2K9$go',#5,$,$,(#9807,#7949),#7951);
#10977= IFCRELDEFINESBYPROPERTIES('3GaZ5f1Vr23gMdIwYJHRF1',#5,$,$,(#7953),#7955);
#10978= IFCRELDEFINESBYPROPERTIES('2v_WMtfK1BmAwV8j$s$mQN',#5,$,$,(#7964),#7966);
#10979= IFCRELDEFINESBYPROPERTIES('3gf4nyen55FQ_VdWMUCYoz',#5,$,$,(#9787,#7968),#7970);
#10980= IFCRELDEFINESBYPROPERTIES('1yAv7CxE9FH82V8PFxFaiq',#5,$,$,(#9796,#7979),#7981);
#10981= IFCRELDEFINESBYPROPERTIES('057wp0$$PC9gxVRPH0L1k2',#5,$,$,(#7983),#7985);
#10982= IFCRELDEFINESBYPROPERTIES('3P1rc9j2n6MfI5omJtCvwF',#5,$,$,(#7995),#7997);
#10983= IFCRELDEFINESBYPROPERTIES('1NBLm7SMn2P9cagESiZZuM',#5,$,$,(#9627,#8870,#8012),#8027);
#10984= IFCRELDEFINESBYPROPERTIES('14Xy2u23XBdfL2vh$n29mw',#5,$,$,(#8012),#8029);
#10985= IFCRELDEFINESBYPROPERTIES('2j9i38Xrb5MxyIdCKL7Ylf',#5,$,$,(#8031),#8033);
#10986= IFCRELDEFINESBYPROPERTIES('1fOfSMEzv2I9_KG8a9ubNo',#5,$,$,(#8043),#8045);
#10987= IFCRELDEFINESBYPROPERTIES('0l2BEG9MDEt9S_xsQiTAap',#5,$,$,(#9191,#9179,#8063,#8047),#8049);
#10988= IFCRELDEFINESBYPROPERTIES('2Tf3WuBtj6NAtHnMd5iNw5',#5,$,$,(#9200,#9189,#8072,#8059),#8061);
#10989= IFCRELDEFINESBYPROPERTIES('1NhjwnFfD36Q3CCJ6bPNFo',#5,$,$,(#8633,#8622,#8074),#8076);
#10990= IFCRELDEFINESBYPROPERTIES('3ZKNIBP7L0cPo_SkipdyVY',#5,$,$,(#8639,#8631,#8085),#8087);
#10991= IFCRELDEFINESBYPROPERTIES('2k4NpsHO97NAI9FPx0MeZx',#5,$,$,(#8089),#8091);
#10992= IFCRELDEFINESBYPROPERTIES('1ZZ3VfC8bCJvGdyg7w_SCv',#5,$,$,(#8100),#8102);
#10993= IFCRELDEFINESBYPROPERTIES('0_cBNmg6XFWRP682pegHqD',#5,$,$,(#8118),#8133);
#10994= IFCRELDEFINESBYPROPERTIES('0uY4fanHfEdfv$MewTzegD',#5,$,$,(#8118),#8135);
#10995= IFCRELDEFINESBYPROPERTIES('3xRo$HBSTFQ9xMr45xVpOy',#5,$,$,(#8676,#8150),#8165);
#10996= IFCRELDEFINESBYPROPERTIES('0euAsoruHEmxa5S6lJpCPr',#5,$,$,(#8299,#8181,#8150),#8167);
#10997= IFCRELDEFINESBYPROPERTIES('0O2cbyNW919xQ6rywUjWhw',#5,$,$,(#8181),#8196);
#10998= IFCRELDEFINESBYPROPERTIES('2PipMn0bX7Qg7ffVXTMj72',#5,$,$,(#8198),#8200);
#10999= IFCRELDEFINESBYPROPERTIES('2I16rIdazEmuEntZR51z_I',#5,$,$,(#8209),#8211);
#11000= IFCRELDEFINESBYPROPERTIES('3SMaxDsrr9HQQVOicSYHQe',#5,$,$,(#8248,#8237,#8229,#8213),#8215);
#11001= IFCRELDEFINESBYPROPERTIES('0AMsTqz5TCTv9m0Cd0rIg7',#5,$,$,(#8254,#8246,#8235,#8225),#8227);
#11002= IFCRELDEFINESBYPROPERTIES('3WINrLc8X5Fxwx8NdukQhf',#5,$,$,(#8268),#8283);
#11003= IFCRELDEFINESBYPROPERTIES('085w2Z3KjAUeCm6o_5HZBO',#5,$,$,(#8268),#8285);
#11004= IFCRELDEFINESBYPROPERTIES('2OaxSt9FT3MvJBLvmEG8Xe',#5,$,$,(#8299),#8306);
#11005= IFCRELDEFINESBYPROPERTIES('1FEDB2j5D8dxgPtcp7BN6Y',#5,$,$,(#8308),#8310);
#11006= IFCRELDEFINESBYPROPERTIES('3kQPIiWR93FhAmuvJO8$jc',#5,$,$,(#8320),#8322);
#11007= IFCRELDEFINESBYPROPERTIES('1LYov_7F90gf$ZN3bF6xFe',#5,$,$,(#8600,#8337),#8352);
#11008= IFCRELDEFINESBYPROPERTIES('10ah1wG3D4k9X_Cm0szhIU',#5,$,$,(#8367),#8374);
#11009= IFCRELDEFINESBYPROPERTIES('13m3W6nY14BRDeiYfHN7p6',#5,$,$,(#8376),#8378);
#11010= IFCRELDEFINESBYPROPERTIES('05v_8Zkl92GejwQzMVDvR0',#5,$,$,(#8387),#8389);
#11011= IFCRELDEFINESBYPROPERTIES('0Sm3GJ7OT9ygcYkr1KZjMk',#5,$,$,(#8403),#8418);
#11012= IFCRELDEFINESBYPROPERTIES('2HeCjmTqbB3wvT4ekXJhWd',#5,$,$,(#8433),#8448);
#11013= IFCRELDEFINESBYPROPERTIES('0hRd6updL709NmA7sDs$UJ',#5,$,$,(#8464,#8433),#8450);
#11014= IFCRELDEFINESBYPROPERTIES('0SlKTZedj10BRWJxrO0dxG',#5,$,$,(#8464),#8471);
#11015= IFCRELDEFINESBYPROPERTIES('1UlNdsB119O9IVGUBeWlBm',#5,$,$,(#8486),#8501);
#11016= IFCRELDEFINESBYPROPERTIES('0ojOPMLHn0kP4FYwBtZPBT',#5,$,$,(#8516),#8523);
#11017= IFCRELDEFINESBYPROPERTIES('2fIxFBDa5DJAK$FKmsD9q2',#5,$,$,(#8525),#8527);
#11018= IFCRELDEFINESBYPROPERTIES('3xDYHpGqXAfwSmHTudMsH1',#5,$,$,(#8536),#8538);
#11019= IFCRELDEFINESBYPROPERTIES('2Hh09VmLn35RDZWBYW2Mrs',#5,$,$,(#8555,#8540),#8542);
#11020= IFCRELDEFINESBYPROPERTIES('2$jdZ7oCD8dxHEp2IJxARk',#5,$,$,(#8565,#8551),#8553);
#11021= IFCRELDEFINESBYPROPERTIES('12heXKtxP0qu9AsLPLZ7VO',#5,$,$,(#8579),#8586);
#11022= IFCRELDEFINESBYPROPERTIES('2hSM30Pwn7lgAyj3Y_yWzC',#5,$,$,(#8607),#8609);
#11023= IFCRELDEFINESBYPROPERTIES('3SNvIeveDD49C9WgTj4UnT',#5,$,$,(#8618),#8620);
#11024= IFCRELDEFINESBYPROPERTIES('2OKpfCroT4zRreQuN582Wu',#5,$,$,(#8653),#8660);
#11025= IFCRELDEFINESBYPROPERTIES('22heZmDbT1zxCS15uUmeMw',#5,$,$,(#8849,#8820,#8676,#8653),#8662);
#11026= IFCRELDEFINESBYPROPERTIES('30dSqvwQ5DuR_CqgMRdC56',#5,$,$,(#8695),#8702);
#11027= IFCRELDEFINESBYPROPERTIES('2ogRNvAmf15uILuqPhhwTy',#5,$,$,(#8695),#8704);
#11028= IFCRELDEFINESBYPROPERTIES('08T358z1z728LLnH1Hbili',#5,$,$,(#9659,#8706),#8708);
#11029= IFCRELDEFINESBYPROPERTIES('3FefP9sC1BWQ95mB5pBvnK',#5,$,$,(#9665,#8717),#8719);
#11030= IFCRELDEFINESBYPROPERTIES('0ucPkP_3D2OPLRHkRY1tyX',#5,$,$,(#8737,#8721),#8723);
#11031= IFCRELDEFINESBYPROPERTIES('0fCEHAlwfDCBgl7u_ZsXef',#5,$,$,(#8746,#8733),#8735);
#11032= IFCRELDEFINESBYPROPERTIES('2MRS2QEXz9zxUJar9TBhht',#5,$,$,(#8748),#8750);
#11033= IFCRELDEFINESBYPROPERTIES('3Qx9PwvKb34xxAVmCXymoS',#5,$,$,(#8759),#8761);
#11034= IFCRELDEFINESBYPROPERTIES('3G10CdJrDCvwpKlwck_1z7',#5,$,$,(#8932,#8763),#8765);
#11035= IFCRELDEFINESBYPROPERTIES('2IhDevSk1EYRfKuAvkCIgn',#5,$,$,(#8938,#8774),#8776);
#11036= IFCRELDEFINESBYPROPERTIES('1nBYNX9qv8$ud22$Ju9l3y',#5,$,$,(#8984,#8778),#8780);
#11037= IFCRELDEFINESBYPROPERTIES('00rt3SMHf2lBYy2iVqnV6W',#5,$,$,(#8993,#8789),#8791);
#11038= IFCRELDEFINESBYPROPERTIES('3_nGX19dv2bQmE9ONU_7J9',#5,$,$,(#8995,#8793),#8795);
#11039= IFCRELDEFINESBYPROPERTIES('2SxixzrwbCpfB97HFgTH39',#5,$,$,(#9001,#8804),#8806);
#11040= IFCRELDEFINESBYPROPERTIES('2FXse9fVvE0hd2JB4Ygo3w',#5,$,$,(#8820),#8835);
#11041= IFCRELDEFINESBYPROPERTIES('1WZiVSqj1CTwhFPFEsAwi$',#5,$,$,(#8849),#8856);
#11042= IFCRELDEFINESBYPROPERTIES('2N50IYDcD1EfFiNTbD0Mi3',#5,$,$,(#8870),#8885);
#11043= IFCRELDEFINESBYPROPERTIES('2BDeQL3HfFOuIssYI0XIMb',#5,$,$,(#8887),#8889);
#11044= IFCRELDEFINESBYPROPERTIES('2Fvd6tP0f8Vwcb$TUli9Qm',#5,$,$,(#8898),#8900);
#11045= IFCRELDEFINESBYPROPERTIES('3JkBB8sG5ALuSQTp2vnVR_',#5,$,$,(#8902),#8904);
#11046= IFCRELDEFINESBYPROPERTIES('03DO$P0XXDTeDO4pRssbOd',#5,$,$,(#8913),#8915);
#11047= IFCRELDEFINESBYPROPERTIES('2FaQWPfZz4VuBtlKXaubs0',#5,$,$,(#8917),#8919);
#11048= IFCRELDEFINESBYPROPERTIES('3XwkRe0Tr3tuHIMIymN6Rr',#5,$,$,(#8928),#8930);
#11049= IFCRELDEFINESBYPROPERTIES('3mCpEacMD0sQZQKX0eSZbk',#5,$,$,(#8953),#8960);
#11050= IFCRELDEFINESBYPROPERTIES('1avW4_przBGPUpvoSNRPYB',#5,$,$,(#9972,#8975,#8953),#8961);
#11051= IFCRELDEFINESBYPROPERTIES('2FvAxx$419If6EwWCkMCfN',#5,$,$,(#8975),#8982);
#11052= IFCRELDEFINESBYPROPERTIES('1CjvYVZwj1DfGL2vD2vm6r',#5,$,$,(#9667,#9003),#9005);
#11053= IFCRELDEFINESBYPROPERTIES('2dWpnw4yrA_RG$9NasCdzl',#5,$,$,(#9676,#9014),#9016);
#11054= IFCRELDEFINESBYPROPERTIES('1BbfF_S054qQgRk3UNfk9P',#5,$,$,(#9018),#9020);
#11055= IFCRELDEFINESBYPROPERTIES('0f1p7Qb8H7xB$SWDAK4b7T',#5,$,$,(#9029),#9031);
#11056= IFCRELDEFINESBYPROPERTIES('2OYiCQ9hL2pP4C09fWZpjw',#5,$,$,(#9033),#9035);
#11057= IFCRELDEFINESBYPROPERTIES('27MsPLcK1EFv2HUeCEzEpq',#5,$,$,(#9044),#9046);
#11058= IFCRELDEFINESBYPROPERTIES('0T7KwOWWzF1ellE8RATlly',#5,$,$,(#9076,#9048),#9050);
#11059= IFCRELDEFINESBYPROPERTIES('2j8hCHUKv0uBkQ9szaXI4W',#5,$,$,(#9085,#9059),#9061);
#11060= IFCRELDEFINESBYPROPERTIES('17nJxBqqXALwl0MTGJxjUZ',#5,$,$,(#9063),#9065);
#11061= IFCRELDEFINESBYPROPERTIES('0Z2JfPPW13ZRr3nteGugzU',#5,$,$,(#9072),#9074);
#11062= IFCRELDEFINESBYPROPERTIES('0pnywqK015nAmP3lib4PTm',#5,$,$,(#10042,#9087),#9089);
#11063= IFCRELDEFINESBYPROPERTIES('2uJhf4YKj6H8n$6I_YFI2z',#5,$,$,(#10051,#9099),#9101);
#11064= IFCRELDEFINESBYPROPERTIES('2KPG1ePm18c8FqFZ7HkPQx',#5,$,$,(#9103),#9105);
#11065= IFCRELDEFINESBYPROPERTIES('1gJTCpbxXF_gEMDNaz4frf',#5,$,$,(#9114),#9116);
#11066= IFCRELDEFINESBYPROPERTIES('3ZmQ00LYfAuv9P4eR5488e',#5,$,$,(#9118),#9120);
#11067= IFCRELDEFINESBYPROPERTIES('03oix05u96yvRg52HWUgzR',#5,$,$,(#9129),#9131);
#11068= IFCRELDEFINESBYPROPERTIES('3pn39jQaP5efkXdTr21xy_',#5,$,$,(#9875,#9133),#9135);
#11069= IFCRELDEFINESBYPROPERTIES('0e$1wOmJLDKxJVcDaMu0zu',#5,$,$,(#9885,#9145),#9147);
#11070= IFCRELDEFINESBYPROPERTIES('0YoN0P_MX9yRnyX9HRbJKo',#5,$,$,(#9149),#9151);
#11071= IFCRELDEFINESBYPROPERTIES('3DsCYWe_j78fIHJncYcMmV',#5,$,$,(#9160),#9162);
#11072= IFCRELDEFINESBYPROPERTIES('2TJhC9f49DdeMlJ7k8293b',#5,$,$,(#9164),#9166);
#11073= IFCRELDEFINESBYPROPERTIES('2y0BnbElnB_hP$7666oU17',#5,$,$,(#9175),#9177);
#11074= IFCRELDEFINESBYPROPERTIES('3H6P_Wjqj9Yv5Gw0k0ij_f',#5,$,$,(#9221),#9249);
#11075= IFCRELDEFINESBYPROPERTIES('1nfMMzuB5CxufWPDB7ckOx',#5,$,$,(#9221),#9251);
#11076= IFCRELDEFINESBYPROPERTIES('2FgJP3aPf9FwGzCjkBZlDY',#5,$,$,(#9272),#9284);
#11077= IFCRELDEFINESBYPROPERTIES('0M$a39NVTDX9JHtT0Mh1tM',#5,$,$,(#9272),#9286);
#11078= IFCRELDEFINESBYPROPERTIES('3ikmqCgRLAwOGomwfjlQGR',#5,$,$,(#9484,#9305),#9317);
#11079= IFCRELDEFINESBYPROPERTIES('3RBy0oG3rEZQNbYz0h4Sod',#5,$,$,(#9336),#9348);
#11080= IFCRELDEFINESBYPROPERTIES('3TCf7p$6X2WPF6lPcpxSIc',#5,$,$,(#9367),#9379);
#11081= IFCRELDEFINESBYPROPERTIES('3ZpkBKsQz7XggpwKwJ1D15',#5,$,$,(#9399),#9419);
#11082= IFCRELDEFINESBYPROPERTIES('3d8mkzTlr7RwEGr94TpDE8',#5,$,$,(#9421),#9423);
#11083= IFCRELDEFINESBYPROPERTIES('1gufyrzwXElAhXmqWQHb80',#5,$,$,(#9432),#9434);
#11084= IFCRELDEFINESBYPROPERTIES('2FmG_Or9b7yOQiK7Zae2_h',#5,$,$,(#9436),#9438);
#11085= IFCRELDEFINESBYPROPERTIES('3eP_7ojnj2tRreRTLTj_di',#5,$,$,(#9447),#9449);
#11086= IFCRELDEFINESBYPROPERTIES('35CP7LpJL4mvEzpU8cpCYE',#5,$,$,(#9451),#9453);
#11087= IFCRELDEFINESBYPROPERTIES('2PcaZqlDf3u8CujQuOxoog',#5,$,$,(#9462),#9464);
#11088= IFCRELDEFINESBYPROPERTIES('3cYNc001bDq88XQT0NOiCW',#5,$,$,(#9522),#9534);
#11089= IFCRELDEFINESBYPROPERTIES('2VOxwrzDz8WfpoByP4gOLc',#5,$,$,(#9553),#9565);
#11090= IFCRELDEFINESBYPROPERTIES('2KMS41lLz2cuBbf7gXqTvM',#5,$,$,(#9567),#9569);
#11091= IFCRELDEFINESBYPROPERTIES('2nP80_hGn6_833TUY71Bwx',#5,$,$,(#9578),#9580);
#11092= IFCRELDEFINESBYPROPERTIES('3U6LV$m7DCPe6HKedvJ723',#5,$,$,(#9582),#9584);
#11093= IFCRELDEFINESBYPROPERTIES('372aCShKj9yQjNB7Zofi7U',#5,$,$,(#9594),#9596);
#11094= IFCRELDEFINESBYPROPERTIES('1AbSf5Zwv08AiUvdkfJXNi',#5,$,$,(#9887,#9598),#9600);
#11095= IFCRELDEFINESBYPROPERTIES('20vKVJL5D8KgdS4MpIXeqn',#5,$,$,(#9896,#9609),#9611);
#11096= IFCRELDEFINESBYPROPERTIES('2cDR9YT7D0WPtSn18pl11n',#5,$,$,(#9627),#9642);
#11097= IFCRELDEFINESBYPROPERTIES('2ykzu9LyP7zOy52$LKg4Kq',#5,$,$,(#9644),#9646);
#11098= IFCRELDEFINESBYPROPERTIES('15ympXTQr6MOc_31iFDMEr',#5,$,$,(#9655),#9657);
#11099= IFCRELDEFINESBYPROPERTIES('3M4UvY69L7MP1MvgjLtRyf',#5,$,$,(#9678),#9680);
#11100= IFCRELDEFINESBYPROPERTIES('1qNkTJAfHEVugXHU9dpSJW',#5,$,$,(#9689),#9691);
#11101= IFCRELDEFINESBYPROPERTIES('1T8Hs38lbA78o6bsnEY0HW',#5,$,$,(#9693),#9695);
#11102= IFCRELDEFINESBYPROPERTIES('1WLHmdoiT8ifdlM6GUqVSe',#5,$,$,(#9704),#9706);
#11103= IFCRELDEFINESBYPROPERTIES('2zC4vESEr1KPbQWqyXNGfs',#5,$,$,(#9708),#9710);
#11104= IFCRELDEFINESBYPROPERTIES('0bu1eSYZj8vP65moJ5ty3j',#5,$,$,(#9719),#9721);
#11105= IFCRELDEFINESBYPROPERTIES('2nKqB__uX0WRQNjNX5uqtP',#5,$,$,(#9723),#9725);
#11106= IFCRELDEFINESBYPROPERTIES('3b4ISyXerFEB_TclhIxgAl',#5,$,$,(#9734),#9736);
#11107= IFCRELDEFINESBYPROPERTIES('0Jr8mUqdH9qQqeKJqQUcXF',#5,$,$,(#9780,#9752),#9767);
#11108= IFCRELDEFINESBYPROPERTIES('09CyYUABnBQuGz4ppFwg48',#5,$,$,(#9780,#9752),#9769);
#11109= IFCRELDEFINESBYPROPERTIES('1$AD5w80DFHv_0U$vzNM7z',#5,$,$,(#9837,#9809),#9811);
#11110= IFCRELDEFINESBYPROPERTIES('15Y_Y6co51TOyjmj22v0E1',#5,$,$,(#9843,#9818),#9820);
#11111= IFCRELDEFINESBYPROPERTIES('0oVTQUr$XDmPKeeD56H2U7',#5,$,$,(#9822),#9824);
#11112= IFCRELDEFINESBYPROPERTIES('1WWU2KKsf3UQoj_z6E1XFY',#5,$,$,(#9833),#9835);
#11113= IFCRELDEFINESBYPROPERTIES('2qqlNbvrz93P9BuRLUJe6w',#5,$,$,(#9845),#9847);
#11114= IFCRELDEFINESBYPROPERTIES('093ClO4kH4nuqtjdugvY5h',#5,$,$,(#9856),#9858);
#11115= IFCRELDEFINESBYPROPERTIES('3Oe_m27Jj1Lf$eYfALyAuB',#5,$,$,(#9860),#9862);
#11116= IFCRELDEFINESBYPROPERTIES('1nfi61sc90rRFQ4h6aXL5f',#5,$,$,(#9871),#9873);
#11117= IFCRELDEFINESBYPROPERTIES('0Nz6Se3Ez7jR5IMh7INbr4',#5,$,$,(#9898),#9900);
#11118= IFCRELDEFINESBYPROPERTIES('01SM1ikRPDzhWM001Iy0Z6',#5,$,$,(#9910),#9912);
#11119= IFCRELDEFINESBYPROPERTIES('0FB7XHZ3v2meD47zBVQ3ZG',#5,$,$,(#9926),#9941);
#11120= IFCRELDEFINESBYPROPERTIES('2hC03Rs$j2shmxHI4WDYnH',#5,$,$,(#9926),#9943);
#11121= IFCRELDEFINESBYPROPERTIES('2B$wVcgMn2C9RSSfj_TFGK',#5,$,$,(#10068,#9945),#9947);
#11122= IFCRELDEFINESBYPROPERTIES('0NSKMMo7nDzPR7VhiqSZ3T',#5,$,$,(#10077,#9956),#9958);
#11123= IFCRELDEFINESBYPROPERTIES('0AsC5z0394muIQ48yqGS4M',#5,$,$,(#9972),#9979);
#11124= IFCRELDEFINESBYPROPERTIES('0PM9R_EoP6QOHw_8$Uzxfx',#5,$,$,(#9981),#9983);
#11125= IFCRELDEFINESBYPROPERTIES('3CPjc0R1n7qBe8QwT6H6BS',#5,$,$,(#9993),#9995);
#11126= IFCRELDEFINESBYPROPERTIES('07peG3soj6JuiCEgCCAcAg',#5,$,$,(#9997),#9999);
#11127= IFCRELDEFINESBYPROPERTIES('0t90zsbwLAl8kO0uhWtS4o',#5,$,$,(#10008),#10010);
#11128= IFCRELDEFINESBYPROPERTIES('2evJBOTk9FpvIgQ7NhdIl4',#5,$,$,(#10012),#10014);
#11129= IFCRELDEFINESBYPROPERTIES('36Z4h36Rf7sxTAA5lGbQUf',#5,$,$,(#10023),#10025);
#11130= IFCRELDEFINESBYPROPERTIES('3rItn4izH56fVTQ4OkVCiU',#5,$,$,(#10027),#10029);
#11131= IFCRELDEFINESBYPROPERTIES('122vC4rqDCVB1mNVCY2MV3',#5,$,$,(#10038),#10040);
#11132= IFCRELDEFINESBYPROPERTIES('3b8ZrtVGb2O94qrOyC5dHS',#5,$,$,(#10053),#10055);
#11133= IFCRELDEFINESBYPROPERTIES('0iJ6y7$SL2sf30MDcKOMGN',#5,$,$,(#10064),#10066);
#11134= IFCRELDEFINESBYPROPERTIES('15EsHnPtn03Pj7jjF324ee',#5,$,$,(#10091),#10098);
#11135= IFCRELDEFINESBYPROPERTIES('3P774LX6HFWQTUrweO4PT6',#5,$,$,(#10091),#10099);
#11136= IFCRELDEFINESBYPROPERTIES('0KNCaQ3Or1g9dIEXqb$bEx',#5,$,$,(#10101),#10103);
#11137= IFCRELDEFINESBYPROPERTIES('0P3o7SJCn4CwkB8s1yi$fp',#5,$,$,(#10113),#10115);
#11138= IFCRELDEFINESBYPROPERTIES('2yg01IXRf70QWiZhabuPBK',#5,$,$,(#10140,#10132,#10117),#10119);
#11139= IFCRELDEFINESBYPROPERTIES('14n_fxhIH938ZK9E88IeSD',#5,$,$,(#10146,#10138,#10128),#10130);
#11140= IFCRELASSOCIATESMATERIAL('1zBkSDAKD8RvuV6ksfSEG6',#5,$,$,(#5669,#5600,#5531,#5462,#5393,#5326,#5257,#5188,#5108,#5028,#4959,#4879,#4799,#4719,#4654,#4589,#4524,#4459,#4394,#4329,#4264,#4199,#4119,#4041,#3859,#3779,#3495,#3388,#3319,#3252,#3138,#2852,#2767,#2691,#2405,#2324,#2238,#2169,#1911,#1824,#1755,#1469,#1374,#1076,#995,#926,#831,#717,#106),#122);
#11141= IFCRELASSOCIATESMATERIAL('01SI_5EuzA788Yeim$lrp2',#5,$,$,(#10146,#10138,#10128,#10113,#10091,#10077,#10064,#10051,#10038,#10023,#10008,#9993,#9972,#9956,#9926,#9910,#9896,#9885,#9871,#9856,#9843,#9833,#9818,#9807,#9796,#9780,#9752,#9734,#9719,#9704,#9689,#9676,#9665,#9655,#9627,#9609,#9594,#9578,#9553,#9522,#9484,#9462,#9447,#9432,#9399,#9367,#9336,#9305,#9272,#9221,#9200,#9189,#9175,#9160,#9145,#9129,#9114,#9099,#9085,#9072,#9059,#9044,#9029,#9014,#9001,#8993,#8975,#8953,#8938,#8928,#8913,#8898,#8870,#8849,#8820,#8804,#8789,#8774,#8759,#8746,#8733,#8717,#8695,#8676,#8653,#8639,#8631,#8618,#8600,#8579,#8565,#8551,#8536,#8516,#8486,#8464,#8433,#8403,#8387,#8367,#8337,#8320,#8299,#8268,#8254,#8246,#8235,#8225,#8209,#8181,#8150,#8118,#8100,#8085,#8072,#8059,#8043,#8012,#7995,#7979,#7964,#7949,#7934,#7919,#7903,#7888,#7873,#7858,#7843,#7828,#7813,#7798,#7783,#7739,#7716,#7707,#7698,#7688,#7671,#7656,#7645,#7633,#7623,#7610,#7602,#7594,#7586,#7578,#7570,#7559,#7548,#7540,#7532,#7524,#7516,#7508,#7497,#7486,#7478,#7470,#7462,#7452,#7439,#7431,#7422,#7414,#7406,#7395,#7382,#7369,#7358,#7345,#7329,#7316,#7306,#7291,#7278,#7266,#7257,#7245,#7234,#7222,#7211,#7197,#7184,#7174,#7158,#7144,#7132,#7122,#7108,#7100,#7089,#7081,#7073,#7065,#7057,#7046,#7032,#7017,#7002,#6987,#6973,#6959,#6948,#6937,#6926,#6915,#6904,#6893,#6885,#6874,#6863,#6851,#6840,#6829,#6818,#6810,#6799,#6788,#6777,#6769,#6758,#6747,#6736,#6725,#6714,#6703,#6692,#6679,#6664,#6648,#6631,#6616,#6601,#5727,#5721,#5715,#5704,#5658,#5652,#5646,#5635,#5589,#5583,#5577,#5566,#5520,#5514,#5508,#5497,#5451,#5445,#5439,#5428,#5384,#5378,#5372,#5361,#5315,#5309,#5303,#5292,#5246,#5240,#5234,#5223,#5166,#5160,#5154,#5143,#5086,#5080,#5074,#5063,#5017,#5011,#5005,#4994,#4937,#4931,#4925,#4914,#4857,#4851,#4845,#4834,#4777,#4771,#4765,#4754,#4712,#4706,#4700,#4689,#4647,#4641,#4635,#4624,#4582,#4576,#4570,#4559,#4517,#4511,#4505,#4494,#4452,#4446,#4440,#4429,#4387,#4381,#4375,#4364,#4322,#4316,#4310,#4299,#4257,#4251,#4245,#4234,#4181,#4175,#4169,#4156,#4099,#4093,#4087,#4076,#4021,#4015,#4009,#3996,#3837,#3831,#3825,#3814,#3770,#3763,#3757,#3745,#3472,#3466,#3460,#3449,#3377,#3371,#3365,#3354,#3310,#3304,#3298,#3287,#3241,#3235,#3229,#3218,#3127,#3120,#3114,#3102,#2829,#2822,#2816,#2804,#2749,#2743,#2737,#2726,#2680,#2673,#2667,#2655,#2382,#2376,#2370,#2359,#2296,#2290,#2284,#2273,#2227,#2221,#2215,#2204,#2141,#2134,#2128,#2116,#1882,#1876,#1870,#1859,#1813,#1807,#1801,#1790,#1744,#1737,#1731,#1719,#1436,#1429,#1423,#1411,#1352,#1345,#1339,#1326,#1053,#1047,#1041,#1030,#984,#978,#972,#961,#915,#909,#903,#892,#820,#814,#808,#797,#699,#688,#679,#403),#431);
#11142= IFCRELASSOCIATESMATERIAL('3NcoC5$yz3vgqzOC8B$5Qr',#5,$,$,(#6174,#6161,#6153,#6145,#6137,#6129,#6121,#6113,#6103,#6088,#6056,#6046,#6033,#6025,#6014,#6002,#5992,#5978,#5965,#5957,#5949,#5939,#5925,#5912,#5898,#5885,#5871,#5858,#5844,#5831,#5818,#5807,#5794,#5778,#5763,#5742),#5749);
#11143= IFCRELASSOCIATESMATERIAL('1Mnmn3n1f4BhrQM6ZnLpx1',#5,$,$,(#6586,#6578,#6570,#6562,#6551,#6539,#6531,#6523,#6514,#6506,#6495,#6487,#6476,#6462,#6454,#6443,#6433,#6424,#6414,#6401,#6393,#6385,#6377,#6369,#6361,#6353,#6345,#6337,#6329,#6321,#6313,#6305,#6297,#6289,#6281,#6273,#6265,#6257,#6249,#6241,#6233,#6225,#6217,#6209,#6201,#6191,#6070),#6076);
ENDSEC;

END-ISO-10303-21;
