ISO-10303-21;
HEADER;
FILE_DESCRIPTION(('ViewDefinition[AISC_Steel_Detailing]', 'Option [BaseQuantities:Off]', 'Option [GridExport:On]', 'Option [Assemblies:On]', 'Option [Bolts:On]', 'Option [Rebars:On]', 'Option [PourObjects:Off]', 'Option [Welds:On]', 'Option [SurfaceTreatments:On]', 'Option [LocationBy:0]', 'Option [ViewColors:Off]', 'Option [SectionedSpine:Off]', 'Option [PropertySets:On]', 'Option [Export all:Off]'),'2;1');
FILE_NAME('N12.ifc','2026-05-18T17:59:39',('GIOVANNIPC\\gcorrea'),('Structural Designer'),'IFC Database version: Work','Tekla Structures 2020 Service Pack 5, IFC Export Version: 4.0.0.0 Dec  7 2020','');
FILE_SCHEMA(('IFC2X3'));
ENDSEC;

DATA;
#1= IFCPERSON('GIOVANNIPC\\gcorrea','Undefined',$,$,$,$,$,$);
#2= IFCORGANIZATION($,'Trimble Solutions Corporation',$,$,$);
#3= IFCPERSONANDORGANIZATION(#1,#2,$);
#4= IFCAPPLICATION(#2,'2020 Service Pack 5','Tekla Structures','Multi material modeling');
#5= IFCOWNERHISTORY(#3,#4,$,.NOCHANGE.,$,$,$,1779145179);
#6= IFCCARTESIANPOINT((0.,0.,0.));
#7= IFCDIRECTION((1.,0.,0.));
#8= IFCDIRECTION((0.,1.,0.));
#9= IFCDIRECTION((0.,0.,1.));
#10= IFCAXIS2PLACEMENT3D(#6,#9,#7);
#11= IFCGEOMETRICREPRESENTATIONCONTEXT($,'Model',3,1.E-05,#10,$);
#12= IFCGEOMETRICREPRESENTATIONSUBCONTEXT('Body','Model',*,*,*,*,#11,$,.MODEL_VIEW.,$);
#13= IFCGEOMETRICREPRESENTATIONSUBCONTEXT('Axis','Model',*,*,*,*,#11,$,.GRAPH_VIEW.,$);
#14= IFCGEOMETRICREPRESENTATIONSUBCONTEXT('FootPrint','Model',*,*,*,*,#11,$,.MODEL_VIEW.,$);
#15= IFCSIUNIT(*,.LENGTHUNIT.,.MILLI.,.METRE.);
#16= IFCMEASUREWITHUNIT(IFCRATIOMEASURE(304.8),#15);
#17= IFCDIMENSIONALEXPONENTS(1,0,0,0,0,0,0);
#18= IFCCONVERSIONBASEDUNIT(#17,.LENGTHUNIT.,'FOOT',#16);
#19= IFCSIUNIT(*,.AREAUNIT.,$,.SQUARE_METRE.);
#20= IFCMEASUREWITHUNIT(IFCRATIOMEASURE(0.09290304),#19);
#21= IFCDIMENSIONALEXPONENTS(2,0,0,0,0,0,0);
#22= IFCCONVERSIONBASEDUNIT(#21,.AREAUNIT.,'SQUARE FOOT',#20);
#23= IFCSIUNIT(*,.VOLUMEUNIT.,$,.CUBIC_METRE.);
#24= IFCMEASUREWITHUNIT(IFCRATIOMEASURE(0.028316846592),#23);
#25= IFCDIMENSIONALEXPONENTS(3,0,0,0,0,0,0);
#26= IFCCONVERSIONBASEDUNIT(#25,.VOLUMEUNIT.,'CUBIC FOOT',#24);
#27= IFCSIUNIT(*,.MASSUNIT.,.KILO.,.GRAM.);
#28= IFCSIUNIT(*,.TIMEUNIT.,$,.SECOND.);
#29= IFCSIUNIT(*,.PLANEANGLEUNIT.,$,.RADIAN.);
#30= IFCMEASUREWITHUNIT(IFCRATIOMEASURE(0.0174532925199433),#29);
#31= IFCDIMENSIONALEXPONENTS(0,0,0,0,0,0,0);
#32= IFCCONVERSIONBASEDUNIT(#31,.PLANEANGLEUNIT.,'DEGREE',#30);
#33= IFCSIUNIT(*,.SOLIDANGLEUNIT.,$,.STERADIAN.);
#34= IFCSIUNIT(*,.THERMODYNAMICTEMPERATUREUNIT.,$,.DEGREE_CELSIUS.);
#35= IFCSIUNIT(*,.LUMINOUSINTENSITYUNIT.,$,.LUMEN.);
#36= IFCUNITASSIGNMENT((#15,#19,#23,#27,#28,#29,#33,#34,#35));
#37= IFCPROJECT('2G7ZFDNE16yBDU14FA92Me',#5,'Proyecto',$,$,$,$,(#11),#36);
#38= IFCLOCALPLACEMENT($,#10);
#39= IFCSITE('2xvEzEinjBTea80yOTcujY',#5,'Obra',$,$,#38,$,$,.ELEMENT.,$,$,$,$,$);
#40= IFCLOCALPLACEMENT(#38,#10);
#41= IFCBUILDING('2$M76kXZ59YPj0nIhLEKhK',#5,'Undefined',$,$,#40,$,$,.ELEMENT.,$,$,$);
#42= IFCLOCALPLACEMENT(#40,#10);
#43= IFCBUILDINGSTOREY('29hdEUCErFze9E_VIAceOd',#5,'Undefined',$,$,#42,$,$,.ELEMENT.,0.);
#44= IFCOWNERHISTORY(#3,#4,$,.NOCHANGE.,$,$,$,1779123600);
#45= IFCLOCALPLACEMENT(#42,#10);
#46= IFCELEMENTASSEMBLY('276k4CoA95t8ahn9Y2OzZo',#44,'BEAM',$,$,#45,$,'B/705(?)',.NOTDEFINED.,.RIGID_FRAME.);
#47= IFCPROPERTYSINGLEVALUE('OnSiteBy',$,$,$);
#48= IFCPROPERTYSET('2OS2IsNErCwf7YwLPTC6ma',#5,'AISC_EM11_Pset_SchedulingInformation',$,(#47));
#49= IFCPROPERTYSINGLEVALUE('DrawingNumber',$,IFCIDENTIFIER(''),$);
#50= IFCPROPERTYSET('1twT5GUzP6_PDDIu7M8K4U',#5,'AISC_EM11_Pset_DrawingNumber',$,(#49));
#51= IFCPROPERTYSINGLEVALUE('AssemblyMark',$,IFCIDENTIFIER('B/705(?)'),$);
#52= IFCPROPERTYSINGLEVALUE('PrelimMark',$,$,$);
#53= IFCPROPERTYSINGLEVALUE('ShippingMark',$,IFCINTEGER(0),$);
#54= IFCPROPERTYSET('117VQ2wmL978fs6tfY59vD',#5,'AISC_EM11_Pset_AssemblyIdentification','AssemblyIdentity',(#51,#52,#53));
#55= IFCCARTESIANPOINT((57029.1259278422,9008.53996332344,56835.));
#56= IFCDIRECTION((0.0571102009751412,0.998367880565365,0.));
#57= IFCDIRECTION((0.,0.,-1.));
#58= IFCAXIS2PLACEMENT3D(#55,#56,#57);
#59= IFCLOCALPLACEMENT(#45,#58);
#60= IFCCARTESIANPOINT((13.85640646056,0.));
#61= IFCCARTESIANPOINT((6.92820323028,12.0000000000017));
#62= IFCCARTESIANPOINT((-6.92820323028,12.0000000000017));
#63= IFCCARTESIANPOINT((-13.85640646056,0.));
#64= IFCCARTESIANPOINT((-6.92820323028,-12.0000000000017));
#65= IFCCARTESIANPOINT((6.92820323028,-12.0000000000017));
#66= IFCPOLYLINE((#60,#61,#62,#63,#64,#65,#60));
#67= IFCARBITRARYCLOSEDPROFILEDEF(.AREA.,$,#66);
#68= IFCCARTESIANPOINT((0.,-19.6599999045428,0.));
#69= IFCAXIS2PLACEMENT3D(#68,#8,#7);
#70= IFCEXTRUDEDAREASOLID(#67,#69,#9,10.56);
#71= IFCDIRECTION((1.,0.));
#72= IFCCARTESIANPOINT((0.,0.));
#73= IFCAXIS2PLACEMENT2D(#72,#71);
#74= IFCCIRCLEPROFILEDEF(.AREA.,$,#73,8.);
#75= IFCCARTESIANPOINT((0.,-9.09999990454284,0.));
#76= IFCAXIS2PLACEMENT3D(#75,#8,#7);
#77= IFCEXTRUDEDAREASOLID(#74,#76,#9,40.);
#78= IFCCIRCLEPROFILEDEF(.AREA.,$,#73,15.);
#79= IFCCARTESIANPOINT((0.,35.3393906079976,0.));
#80= IFCAXIS2PLACEMENT3D(#79,#8,#7);
#81= IFCEXTRUDEDAREASOLID(#78,#80,#9,8.);
#82= IFCCARTESIANPOINT((0.,43.3393906079976,0.));
#83= IFCAXIS2PLACEMENT3D(#82,#8,#7);
#84= IFCEXTRUDEDAREASOLID(#67,#83,#9,13.);
#85= IFCCARTESIANPOINT((60.,1.81898940354586E-10,50.0000000000418));
#86= IFCCARTESIANTRANSFORMATIONOPERATOR3D($,$,#85,$,$);
#87= IFCSHAPEREPRESENTATION(#12,'Body','SweptSolid',(#70,#77,#81,#84));
#88= IFCREPRESENTATIONMAP(#10,#87);
#89= IFCMAPPEDITEM(#88,#86);
#90= IFCCARTESIANPOINT((120.,1.81898940354586E-10,50.0000000000418));
#91= IFCCARTESIANTRANSFORMATIONOPERATOR3D($,$,#90,$,$);
#92= IFCMAPPEDITEM(#88,#91);
#93= IFCCARTESIANPOINT((180.,1.81898940354586E-10,50.0000000000418));
#94= IFCCARTESIANTRANSFORMATIONOPERATOR3D($,$,#93,$,$);
#95= IFCMAPPEDITEM(#88,#94);
#96= IFCSHAPEREPRESENTATION(#12,'Body','MappedRepresentation',(#89,#92,#95));
#97= IFCCARTESIANPOINT((0.,40.,0.));
#98= IFCPOLYLINE((#68,#97));
#99= IFCSHAPEREPRESENTATION(#12,'Axis','GeometricCurveSet',(#98));
#100= IFCREPRESENTATIONMAP(#10,#99);
#101= IFCMAPPEDITEM(#100,#86);
#102= IFCMAPPEDITEM(#100,#91);
#103= IFCMAPPEDITEM(#100,#94);
#104= IFCSHAPEREPRESENTATION(#12,'Axis','MappedRepresentation',(#101,#102,#103));
#105= IFCPRODUCTDEFINITIONSHAPE($,$,(#96,#104));
#106= IFCMECHANICALFASTENER('04b0LCymf7Hwtg1VyPvU5T',#44,'Bolt assembly',$,$,#59,#105,'ID0494054c-f30a-4747-adea-05ff19e5e15d',16.,40.);
#107= IFCPROPERTYSINGLEVALUE('BoltFieldAssembled',$,IFCBOOLEAN(.F.),$);
#108= IFCPROPERTYSINGLEVALUE('BoltGrade',$,IFCIDENTIFIER('5.6'),$);
#109= IFCPROPERTYSINGLEVALUE('BoltDiameter',$,IFCPOSITIVELENGTHMEASURE(16.),$);
#110= IFCPROPERTYSINGLEVALUE('BoltLength',$,IFCPOSITIVELENGTHMEASURE(40.),$);
#111= IFCPROPERTYSINGLEVALUE('BoltStandard',$,IFCIDENTIFIER('7968'),$);
#112= IFCPROPERTYSINGLEVALUE('BoltType',$,IFCIDENTIFIER('7968'),$);
#113= IFCPROPERTYSET('0EE6g9ugzDsgFIiYB2JhXa',#5,'AISC_EM11_Pset_Bolt','BoltIdentity',(#107,#108,#109,#110,#111,#112));
#114= IFCPROPERTYSINGLEVALUE('NutSize',$,IFCPOSITIVELENGTHMEASURE(16.),$);
#115= IFCPROPERTYSINGLEVALUE('NutStandard',$,IFCIDENTIFIER('555'),$);
#116= IFCPROPERTYSET('2dWJ3LFkD2hRHwYE7ACmcQ',#5,'AISC_EM11_Pset_Nut','NutIdentity',(#114,#115));
#117= IFCPROPERTYSINGLEVALUE('WasherThickness',$,IFCPOSITIVELENGTHMEASURE(8.),$);
#118= IFCPROPERTYSINGLEVALUE('WasherSize',$,IFCPOSITIVELENGTHMEASURE(16.),$);
#119= IFCPROPERTYSINGLEVALUE('WasherStandard',$,IFCIDENTIFIER('7989'),$);
#120= IFCPROPERTYSINGLEVALUE('HeadSideWashers',$,IFCBOOLEAN(.F.),$);
#121= IFCPROPERTYSET('3ZNN93rnr0Z9yFfMKy41ui',#5,'AISC_EM11_Pset_Washer','WasherIdentity',(#117,#118,#119,#120));
#122= IFCMATERIAL('Undefined');
#123= IFCLOCALPLACEMENT(#42,#10);
#124= IFCELEMENTASSEMBLY('2m$VtxqrPDiwxxUDVWzoy2',#44,$,$,$,#123,$,'A/193(?)',.NOTDEFINED.,.RIGID_FRAME.);
#125= IFCPROPERTYSINGLEVALUE('AssemblyMark',$,IFCIDENTIFIER('A/193(?)'),$);
#126= IFCPROPERTYSET('3TRX5X8dv1Y8KGfh_dGzm7',#5,'AISC_EM11_Pset_AssemblyIdentification','AssemblyIdentity',(#125,#52,#53));
#127= IFCCARTESIANPOINT((56984.9147903016,8989.86280862162,56771.8291777742));
#128= IFCDIRECTION((0.373752979077682,0.913828063678639,-0.15883003703301));
#129= IFCDIRECTION((-0.841036354282036,0.406101305136228,0.357406744120244));
#130= IFCAXIS2PLACEMENT3D(#127,#128,#129);
#131= IFCLOCALPLACEMENT(#123,#130);
#132= IFCCARTESIANPOINT((-45.3293352293695,-125.16681060371,21.6008850735634));
#133= IFCCARTESIANPOINT((-48.576511830197,-125.369744739364,13.1180307345348));
#134= IFCCARTESIANPOINT((-57.3772525400236,-117.593223096177,11.775983673695));
#135= IFCCARTESIANPOINT((-50.2103870445426,-120.853809421926,20.8565612196617));
#136= IFCPOLYLOOP((#132,#133,#134,#135));
#137= IFCFACEOUTERBOUND(#136,.T.);
#138= IFCFACE((#137));
#139= IFCCARTESIANPOINT((-48.1311817225978,-133.589579099658,24.3154688820541));
#140= IFCCARTESIANPOINT((-59.2699310852004,-123.747143291999,22.6168930080094));
#141= IFCPOLYLOOP((#133,#139,#140,#134));
#142= IFCFACEOUTERBOUND(#141,.T.);
#143= IFCFACE((#142));
#144= IFCPOLYLOOP((#139,#132,#135,#140));
#145= IFCFACEOUTERBOUND(#144,.T.);
#146= IFCFACE((#145));
#147= IFCPOLYLOOP((#140,#135,#134));
#148= IFCFACEOUTERBOUND(#147,.T.);
#149= IFCFACE((#148));
#150= IFCPOLYLOOP((#139,#133,#132));
#151= IFCFACEOUTERBOUND(#150,.T.);
#152= IFCFACE((#151));
#153= IFCCARTESIANPOINT((-8.33773718919474,-13.0291786364105,2.24853368853655));
#154= IFCCARTESIANPOINT((-13.1032863468026,-12.0998069305206,-3.08986179858766));
#155= IFCCARTESIANPOINT((-8.45235064498411,-0.123363438484375,-5.15671784625374));
#156= IFCCARTESIANPOINT((-3.27798200179313,-1.45519152283669E-11,1.45519152283669E-11));
#157= IFCPOLYLOOP((#153,#154,#155,#156));
#158= IFCFACEOUTERBOUND(#157,.T.);
#159= IFCFACE((#158));
#160= IFCCARTESIANPOINT((-14.5642272258046,-10.211485321779,4.56458272226519));
#161= IFCCARTESIANPOINT((-6.96469951512699,9.35776268082554,1.18738492485136));
#162= IFCPOLYLOOP((#154,#160,#161,#155));
#163= IFCFACEOUTERBOUND(#162,.T.);
#164= IFCFACE((#163));
#165= IFCPOLYLOOP((#160,#153,#156,#161));
#166= IFCFACEOUTERBOUND(#165,.T.);
#167= IFCFACE((#166));
#168= IFCCARTESIANPOINT((-45.1506318571119,-107.824630785399,18.6080275311142));
#169= IFCCARTESIANPOINT((-49.9161810147161,-106.895259079509,13.2696320439936));
#170= IFCPOLYLOOP((#168,#169,#154,#153));
#171= IFCFACEOUTERBOUND(#170,.T.);
#172= IFCFACE((#171));
#173= IFCCARTESIANPOINT((-51.3771218937254,-105.006937470782,20.9240765648501));
#174= IFCPOLYLOOP((#169,#173,#160,#154));
#175= IFCFACEOUTERBOUND(#174,.T.);
#176= IFCFACE((#175));
#177= IFCPOLYLOOP((#173,#168,#153,#160));
#178= IFCFACEOUTERBOUND(#177,.T.);
#179= IFCFACE((#178));
#180= IFCCARTESIANPOINT((-54.5671167165601,-118.871702571661,15.3364880916597));
#181= IFCPOLYLOOP((#135,#180,#169,#168));
#182= IFCFACEOUTERBOUND(#181,.T.);
#183= IFCFACE((#182));
#184= IFCCARTESIANPOINT((-58.9766496044394,-124.576185473576,24.3012743622967));
#185= IFCPOLYLOOP((#180,#184,#173,#169));
#186= IFCFACEOUTERBOUND(#185,.T.);
#187= IFCFACE((#186));
#188= IFCPOLYLOOP((#184,#135,#168,#173));
#189= IFCFACEOUTERBOUND(#188,.T.);
#190= IFCFACE((#189));
#191= IFCPOLYLOOP((#161,#156,#155));
#192= IFCFACEOUTERBOUND(#191,.T.);
#193= IFCFACE((#192));
#194= IFCPOLYLOOP((#184,#180,#135));
#195= IFCFACEOUTERBOUND(#194,.T.);
#196= IFCFACE((#195));
#197= IFCCARTESIANPOINT((3.27798200177858,2.91038304567337E-11,-1.45519152283669E-11));
#198= IFCCARTESIANPOINT((0.030805400943791,-0.202934135682881,-8.48285433899582));
#199= IFCCARTESIANPOINT((5.81160933484716,-8.16818843332294,-15.0300251839508));
#200= IFCCARTESIANPOINT((6.48412162858222,-4.41767576499842,-3.63118073704027));
#201= IFCPOLYLOOP((#197,#198,#199,#200));
#202= IFCFACEOUTERBOUND(#201,.T.);
#203= IFCFACE((#202));
#204= IFCCARTESIANPOINT((7.04127021284876,8.48285433907586,-0.202934135719261));
#205= IFCCARTESIANPOINT((14.3578050656215,-1.59845292312093,-8.48942927062308));
#206= IFCPOLYLOOP((#198,#204,#205,#199));
#207= IFCFACEOUTERBOUND(#206,.T.);
#208= IFCFACE((#207));
#209= IFCPOLYLOOP((#204,#197,#200,#205));
#210= IFCFACEOUTERBOUND(#209,.T.);
#211= IFCFACE((#210));
#212= IFCCARTESIANPOINT((-11.7898720847588,-0.20293413575564,-8.48285433895944));
#213= IFCPOLYLOOP((#156,#212,#198,#197));
#214= IFCFACEOUTERBOUND(#213,.T.);
#215= IFCFACE((#214));
#216= IFCCARTESIANPOINT((-7.91969365944897,8.48285433898855,-0.202934135675605));
#217= IFCPOLYLOOP((#212,#216,#204,#198));
#218= IFCFACEOUTERBOUND(#217,.T.);
#219= IFCFACE((#218));
#220= IFCPOLYLOOP((#216,#156,#197,#204));
#221= IFCFACEOUTERBOUND(#220,.T.);
#222= IFCFACE((#221));
#223= IFCPOLYLOOP((#205,#200,#199));
#224= IFCFACEOUTERBOUND(#223,.T.);
#225= IFCFACE((#224));
#226= IFCPOLYLOOP((#216,#212,#156));
#227= IFCFACEOUTERBOUND(#226,.T.);
#228= IFCFACE((#227));
#229= IFCCARTESIANPOINT((-35.3885282267256,-112.242306550397,14.9768467940667));
#230= IFCCARTESIANPOINT((-35.3885282267147,-113.469503942484,7.86582411947893));
#231= IFCCARTESIANPOINT((-40.0394639285441,-125.445947434593,9.93268016714137));
#232= IFCCARTESIANPOINT((-40.4482834141454,-125.27148518688,17.2253804826141));
#233= IFCPOLYLOOP((#229,#230,#231,#232));
#234= IFCFACEOUTERBOUND(#233,.T.);
#235= IFCFACE((#234));
#236= IFCCARTESIANPOINT((-29.1620381901303,-115.059999865,12.6607977603453));
#237= IFCCARTESIANPOINT((-36.7615659008334,-134.629247867721,16.037995557781));
#238= IFCPOLYLOOP((#230,#236,#237,#231));
#239= IFCFACEOUTERBOUND(#238,.T.);
#240= IFCFACE((#239));
#241= IFCPOLYLOOP((#236,#229,#232,#237));
#242= IFCFACEOUTERBOUND(#241,.T.);
#243= IFCFACE((#242));
#244= IFCCARTESIANPOINT((1.4243664411988,-17.4468544013798,-1.38264704851463));
#245= IFCCARTESIANPOINT((1.42436644120608,-18.6740517934813,-8.49366972310963));
#246= IFCPOLYLOOP((#244,#245,#230,#229));
#247= IFCFACEOUTERBOUND(#246,.T.);
#248= IFCFACE((#247));
#249= IFCCARTESIANPOINT((7.65085647778687,-20.2645477159967,-3.69869608223962));
#250= IFCPOLYLOOP((#245,#249,#236,#230));
#251= IFCFACEOUTERBOUND(#250,.T.);
#252= IFCFACE((#251));
#253= IFCPOLYLOOP((#249,#244,#229,#236));
#254= IFCFACEOUTERBOUND(#253,.T.);
#255= IFCFACE((#254));
#256= IFCCARTESIANPOINT((6.07530214303551,-6.69760830143059,-10.5605257707648));
#257= IFCPOLYLOOP((#200,#256,#245,#244));
#258= IFCFACEOUTERBOUND(#257,.T.);
#259= IFCFACE((#258));
#260= IFCCARTESIANPOINT((15.2503841884754,-0.695299713348504,-7.07589387966073));
#261= IFCPOLYLOOP((#256,#260,#249,#245));
#262= IFCFACEOUTERBOUND(#261,.T.);
#263= IFCFACE((#262));
#264= IFCPOLYLOOP((#260,#200,#244,#249));
#265= IFCFACEOUTERBOUND(#264,.T.);
#266= IFCFACE((#265));
#267= IFCPOLYLOOP((#237,#232,#231));
#268= IFCFACEOUTERBOUND(#267,.T.);
#269= IFCFACE((#268));
#270= IFCPOLYLOOP((#260,#256,#200));
#271= IFCFACEOUTERBOUND(#270,.T.);
#272= IFCFACE((#271));
#273= IFCCARTESIANPOINT((-39.7757711203303,-125.558477393759,5.22881282872549));
#274= IFCPOLYLOOP((#232,#273,#133,#132));
#275= IFCFACEOUTERBOUND(#274,.T.);
#276= IFCFACE((#275));
#277= IFCCARTESIANPOINT((-36.9924323600862,-133.828450554065,14.3303978730837));
#278= IFCPOLYLOOP((#273,#277,#139,#133));
#279= IFCFACEOUTERBOUND(#278,.T.);
#280= IFCFACE((#279));
#281= IFCPOLYLOOP((#277,#232,#132,#139));
#282= IFCFACEOUTERBOUND(#281,.T.);
#283= IFCFACE((#282));
#284= IFCPOLYLOOP((#139,#132,#133));
#285= IFCFACEOUTERBOUND(#284,.T.);
#286= IFCFACE((#285));
#287= IFCPOLYLOOP((#277,#273,#232));
#288= IFCFACEOUTERBOUND(#287,.T.);
#289= IFCFACE((#288));
#290= IFCCLOSEDSHELL((#138,#143,#146,#149,#152,#159,#164,#167,#172,#176,#179,#183,#187,#190,#193,#196,#203,#208,#211,#215,#219,#222,#225,#228,#235,#240,#243,#248,#252,#255,#259,#263,#266,#269,#272,#276,#280,#283,#286,#289));
#291= IFCFACETEDBREP(#290);
#292= IFCSHAPEREPRESENTATION(#12,'Body','Brep',(#291));
#293= IFCCARTESIANPOINT((-45.3293352295113,21.6008850737198,125.166810603143));
#294= IFCCARTESIANPOINT((-50.2103870446881,20.8565612198145,120.853809421344));
#295= IFCCARTESIANPOINT((-45.1506318572465,18.6080275312524,107.824630784889));
#296= IFCCARTESIANPOINT((-8.33773718921293,2.24853368855474,13.0291786363523));
#297= IFCCARTESIANPOINT((6.48412162860768,-3.63118073704391,4.41767576502752));
#298= IFCCARTESIANPOINT((1.42436644120244,-1.38264704850371,17.4468544013507));
#299= IFCCARTESIANPOINT((-35.3885282268348,14.9768467942013,112.242306549902));
#300= IFCCARTESIANPOINT((-40.4482834142727,17.2253804827596,125.271485186327));
#301= IFCPOLYLINE((#293,#294,#295,#296,#156,#197,#297,#298,#299,#300,#293));
#302= IFCSHAPEREPRESENTATION(#13,'Axis','GeometricCurveSet',(#301));
#303= IFCPRODUCTDEFINITIONSHAPE($,$,(#292,#302));
#304= IFCFASTENER('3lsvIjqKn6FBervMMRx7x8',#44,'Weld',$,$,#131,#303,'IDefdb94ad-d14c-463c-ba35-e5659bec7ec8');
#305= IFCPROPERTYSINGLEVALUE('FieldWeld',$,IFCBOOLEAN(.F.),$);
#306= IFCPROPERTYSINGLEVALUE('WeldDescription',$,$,$);
#307= IFCPROPERTYSINGLEVALUE('WeldCategory',$,IFCLABEL('Ninguno'),$);
#308= IFCPROPERTYSINGLEVALUE('WPSCode',$,IFCIDENTIFIER('Ninguno'),$);
#309= IFCPROPERTYSINGLEVALUE('WeldID',$,IFCINTEGER(115380330),$);
#310= IFCPROPERTYSINGLEVALUE('z',$,IFCPOSITIVELENGTHMEASURE(6.),$);
#311= IFCPROPERTYSINGLEVALUE('s',$,IFCPOSITIVELENGTHMEASURE(0.),$);
#312= IFCPROPERTYSINGLEVALUE('n',$,$,$);
#313= IFCPROPERTYSINGLEVALUE('l',$,IFCPOSITIVELENGTHMEASURE(288.9),$);
#314= IFCPROPERTYSINGLEVALUE('e',$,IFCPOSITIVELENGTHMEASURE(0.),$);
#315= IFCPROPERTYSINGLEVALUE('d',$,IFCPOSITIVELENGTHMEASURE(0.),$);
#316= IFCPROPERTYSINGLEVALUE('c',$,IFCPOSITIVELENGTHMEASURE(6.),$);
#317= IFCPROPERTYSINGLEVALUE('a',$,IFCPOSITIVELENGTHMEASURE(0.),$);
#318= IFCPROPERTYSINGLEVALUE('Staggered',$,IFCBOOLEAN(.F.),$);
#319= IFCPROPERTYSINGLEVALUE('Intermittent',$,IFCBOOLEAN(.F.),$);
#320= IFCPROPERTYSINGLEVALUE('WeldType1',$,IFCLABEL('SOLDADURA'),$);
#321= IFCPROPERTYSET('0bPmOUFTv4SvndLozlxqDu',#5,'AISC_EM11_Pset_Weld','WeldIdentity',(#305,#306,#307,#308,#309,#310,#311,#312,#313,#314,#315,#316,#317,#318,#319,#320));
#322= IFCCARTESIANPOINT((57084.7515783594,8984.15178852411,56771.8291777742));
#323= IFCAXIS2PLACEMENT3D(#322,#128,#129);
#324= IFCLOCALPLACEMENT(#123,#323);
#325= IFCSHAPEREPRESENTATION(#12,'Body','Brep',(#291));
#326= IFCSHAPEREPRESENTATION(#13,'Axis','GeometricCurveSet',(#301));
#327= IFCPRODUCTDEFINITIONSHAPE($,$,(#325,#326));
#328= IFCFASTENER('2v7DmLC3f6LPZLJkac9rVp',#44,'Weld',$,$,#324,#327,'IDb91cdc15-303a-4655-98d5-4ee9262757f3');
#329= IFCPROPERTYSINGLEVALUE('WeldID',$,IFCINTEGER(115380285),$);
#330= IFCPROPERTYSET('1UupufGNjA7BV_GJh6in0u',#5,'AISC_EM11_Pset_Weld','WeldIdentity',(#305,#306,#307,#308,#329,#310,#311,#312,#313,#314,#315,#316,#317,#318,#319,#320));
#331= IFCCARTESIANPOINT((57031.65,8998.379,56715.));
#332= IFCAXIS2PLACEMENT3D(#331,#8,#57);
#333= IFCLOCALPLACEMENT(#123,#332);
#334= IFCCARTESIANPOINT((-95.,-0.242298062315967,4.23571619080576));
#335= IFCCARTESIANPOINT((-95.,0.,0.));
#336= IFCCARTESIANPOINT((95.,0.,0.));
#337= IFCCARTESIANPOINT((95.,-0.242298062315967,4.23571619080576));
#338= IFCPOLYLOOP((#334,#335,#336,#337));
#339= IFCFACEOUTERBOUND(#338,.T.);
#340= IFCFACE((#339));
#341= IFCCARTESIANPOINT((-95.,4.23571619080758,0.242298062303234));
#342= IFCCARTESIANPOINT((95.,4.23571619080758,0.242298062303234));
#343= IFCPOLYLOOP((#335,#341,#342,#336));
#344= IFCFACEOUTERBOUND(#343,.T.);
#345= IFCFACE((#344));
#346= IFCPOLYLOOP((#341,#334,#337,#342));
#347= IFCFACEOUTERBOUND(#346,.T.);
#348= IFCFACE((#347));
#349= IFCPOLYLOOP((#342,#337,#336));
#350= IFCFACEOUTERBOUND(#349,.T.);
#351= IFCFACE((#350));
#352= IFCPOLYLOOP((#341,#335,#334));
#353= IFCFACEOUTERBOUND(#352,.T.);
#354= IFCFACE((#353));
#355= IFCCARTESIANPOINT((95.,-6.23229806231393,3.89371619079066));
#356= IFCCARTESIANPOINT((95.,-5.98999999999796,-0.342000000000553));
#357= IFCCARTESIANPOINT((-95.,-5.98999999999796,-0.342000000000553));
#358= IFCCARTESIANPOINT((-95.,-6.23229806231393,3.89371619079066));
#359= IFCPOLYLOOP((#355,#356,#357,#358));
#360= IFCFACEOUTERBOUND(#359,.T.);
#361= IFCFACE((#360));
#362= IFCCARTESIANPOINT((95.,-10.225716190791,-0.584298062303787));
#363= IFCCARTESIANPOINT((-95.,-10.225716190791,-0.584298062303787));
#364= IFCPOLYLOOP((#356,#362,#363,#357));
#365= IFCFACEOUTERBOUND(#364,.T.);
#366= IFCFACE((#365));
#367= IFCPOLYLOOP((#362,#355,#358,#363));
#368= IFCFACEOUTERBOUND(#367,.T.);
#369= IFCFACE((#368));
#370= IFCPOLYLOOP((#363,#358,#357));
#371= IFCFACEOUTERBOUND(#370,.T.);
#372= IFCFACE((#371));
#373= IFCPOLYLOOP((#362,#356,#355));
#374= IFCFACEOUTERBOUND(#373,.T.);
#375= IFCFACE((#374));
#376= IFCCLOSEDSHELL((#340,#345,#348,#351,#354,#361,#366,#369,#372,#375));
#377= IFCFACETEDBREP(#376);
#378= IFCSHAPEREPRESENTATION(#12,'Body','Brep',(#377));
#379= IFCPOLYLINE((#335,#336));
#380= IFCCARTESIANPOINT((95.,-0.342000000000553,5.98999999999796));
#381= IFCCARTESIANPOINT((-95.,-0.342000000000553,5.98999999999796));
#382= IFCPOLYLINE((#380,#381));
#383= IFCSHAPEREPRESENTATION(#13,'Axis','GeometricCurveSet',(#379,#382));
#384= IFCPRODUCTDEFINITIONSHAPE($,$,(#378,#383));
#385= IFCFASTENER('2ik3HDxz12Y8uOuecdR2UO',#44,'Weld',$,$,#333,#384,'IDacb8344d-efd0-4288-8e18-e289a76c2798');
#386= IFCPROPERTYSINGLEVALUE('WeldID',$,IFCINTEGER(115380223),$);
#387= IFCPROPERTYSINGLEVALUE('z',$,IFCPOSITIVELENGTHMEASURE(3.),$);
#388= IFCPROPERTYSINGLEVALUE('l',$,IFCPOSITIVELENGTHMEASURE(190.),$);
#389= IFCPROPERTYSINGLEVALUE('d',$,IFCPOSITIVELENGTHMEASURE(3.),$);
#390= IFCPROPERTYSINGLEVALUE('c',$,IFCPOSITIVELENGTHMEASURE(3.),$);
#391= IFCPROPERTYSET('0R2iOyeQj4DOkEWkCxGFBA',#5,'AISC_EM11_Pset_Weld','WeldIdentity',(#305,#306,#307,#308,#386,#387,#311,#312,#388,#314,#389,#390,#317,#318,#319,#320));
#392= IFCCARTESIANPOINT((57037.7859308624,9053.11814572834,56620.));
#393= IFCDIRECTION((-0.0571102009751412,-0.998367880565365,0.));
#394= IFCAXIS2PLACEMENT3D(#392,#9,#393);
#395= IFCLOCALPLACEMENT(#123,#394);
#396= IFCRECTANGLEPROFILEDEF(.AREA.,'PL6*110',#73,6.,110.);
#397= IFCCARTESIANPOINT((0.,0.,189.999999999993));
#398= IFCAXIS2PLACEMENT3D(#397,#57,#8);
#399= IFCEXTRUDEDAREASOLID(#396,#398,#9,190.);
#400= IFCSHAPEREPRESENTATION(#12,'Body','SweptSolid',(#399));
#401= IFCPRODUCTDEFINITIONSHAPE($,$,(#400));
#402= IFCDISCRETEACCESSORY('1lxkcQnk96Zh3g62tWfQO_',#44,'Support section',$,$,#395,#401,'1050(?)');
#403= IFCLOCALPLACEMENT(#123,#58);
#404= IFCCIRCLEPROFILEDEF(.AREA.,$,#73,9.5);
#405= IFCCARTESIANPOINT((0.,-9.19999990454284,0.));
#406= IFCAXIS2PLACEMENT3D(#405,#8,#7);
#407= IFCEXTRUDEDAREASOLID(#404,#406,#9,6.2);
#408= IFCSHAPEREPRESENTATION(#12,'Body','SweptSolid',(#407));
#409= IFCREPRESENTATIONMAP(#10,#408);
#410= IFCMAPPEDITEM(#409,#86);
#411= IFCMAPPEDITEM(#409,#91);
#412= IFCMAPPEDITEM(#409,#94);
#413= IFCSHAPEREPRESENTATION(#12,'Body','MappedRepresentation',(#410,#411,#412));
#414= IFCPRODUCTDEFINITIONSHAPE($,$,(#413));
#415= IFCOPENINGELEMENT('0p2p1M7MHDnQZL_DSXCvGQ',#5,$,$,'Opening',#403,#414,$);
#416= IFCRELVOIDSELEMENT('0RbRCLdrTDYxxe5SfDsF1L',#5,'Drill Hole',$,#402,#415);
#417= IFCPROPERTYSINGLEVALUE('FeatureSubTypes',$,IFCLABEL('TORNILLO'),$);
#418= IFCPROPERTYSINGLEVALUE('RectangleOpeningWidth',$,$,$);
#419= IFCPROPERTYSINGLEVALUE('RectangleOpeningHeight',$,$,$);
#420= IFCPROPERTYSINGLEVALUE('OpeningDiameter',$,$,$);
#421= IFCPROPERTYSET('3f5kjvgT5688HKIEH4Duwm',#5,'AISC_EM11_Pset_Opening/Cope',$,(#417,#418,#419,#420));
#422= IFCPROPERTYSINGLEVALUE('PieceMark',$,IFCIDENTIFIER('PLACA'),$);
#423= IFCPROPERTYSINGLEVALUE('IndicationMark',$,IFCIDENTIFIER('1050(?)'),$);
#424= IFCPROPERTYSINGLEVALUE('PrelimMark',$,IFCIDENTIFIER(''),$);
#425= IFCPROPERTYSINGLEVALUE('MainPieceTag',$,IFCBOOLEAN(.F.),$);
#426= IFCPROPERTYSET('0ZF89bIxnEAO2o0hc5zDVT',#5,'AISC_EM11_Pset_PieceIdentification','PieceIdentity',(#422,#423,#424,#425));
#427= IFCPROPERTYSINGLEVALUE('MaterialType',$,IFCIDENTIFIER('STEEL'),$);
#428= IFCPROPERTYSINGLEVALUE('MaterialGrade',$,IFCIDENTIFIER('S235JR'),$);
#429= IFCPROPERTYSET('0fb2WaCHLE1hZQzvJ0SYrw',#5,'AISC_EM11_Pset_Material',$,(#427,#428));
#430= IFCMATERIAL('STEEL/S235JR');
#431= IFCCARTESIANPOINT((56967.4234567301,8733.61509358112,56645.0007506475));
#432= IFCDIRECTION((-9.90096887107936E-08,-1.73016938424552E-06,0.999999999998498));
#433= IFCDIRECTION((0.0571102009750399,0.998367880563867,1.7330000038187E-06));
#434= IFCAXIS2PLACEMENT3D(#431,#432,#433);
#435= IFCLOCALPLACEMENT(#123,#434);
#436= IFCCARTESIANPOINT((-5.45696821063757E-12,-8.,0.));
#437= IFCCARTESIANPOINT((-9.80337244982366E-06,-5.65685424950061,-5.65685424949334));
#438= IFCCARTESIANPOINT((241.499984811799,-5.65685425051197,-5.6572727703533));
#439= IFCCARTESIANPOINT((241.499994615162,-8.00000000101136,-0.000418520867242478));
#440= IFCPOLYLOOP((#436,#437,#438,#439));
#441= IFCFACEOUTERBOUND(#440,.T.);
#442= IFCFACE((#441));
#443= IFCCARTESIANPOINT((-1.38640589284478E-05,-1.45519152283669E-11,-7.99999999999272));
#444= IFCCARTESIANPOINT((241.49998075111,-1.01863406598568E-09,-8.00041852085269));
#445= IFCPOLYLOOP((#437,#443,#444,#438));
#446= IFCFACEOUTERBOUND(#445,.T.);
#447= IFCFACE((#446));
#448= IFCCARTESIANPOINT((-9.80336699285544E-06,5.65685424949334,-5.65685424947151));
#449= IFCCARTESIANPOINT((241.499984811802,5.6568542484747,-5.65727277033875));
#450= IFCPOLYLOOP((#443,#448,#449,#444));
#451= IFCFACEOUTERBOUND(#450,.T.);
#452= IFCFACE((#451));
#453= IFCCARTESIANPOINT((1.81898940354586E-12,8.00000000000728,2.18278728425503E-11));
#454= IFCCARTESIANPOINT((241.499994615169,7.99999999898864,-0.000418520845414605));
#455= IFCPOLYLOOP((#448,#453,#454,#449));
#456= IFCFACEOUTERBOUND(#455,.T.);
#457= IFCFACE((#456));
#458= IFCCARTESIANPOINT((9.80336881184485E-06,5.65685424950061,5.65685424951516));
#459= IFCCARTESIANPOINT((241.500004418538,5.65685424849653,5.65643572864792));
#460= IFCPOLYLOOP((#453,#458,#459,#454));
#461= IFCFACEOUTERBOUND(#460,.T.);
#462= IFCFACE((#461));
#463= IFCCARTESIANPOINT((1.3864055290469E-05,1.45519152283669E-11,8.00000000000728));
#464= IFCCARTESIANPOINT((241.500008479226,-9.96806193143129E-10,7.99958147914003));
#465= IFCPOLYLOOP((#458,#463,#464,#459));
#466= IFCFACEOUTERBOUND(#465,.T.);
#467= IFCFACE((#466));
#468= IFCCARTESIANPOINT((9.80336517386604E-06,-5.65685424948606,5.65685424949334));
#469= IFCCARTESIANPOINT((241.500004418533,-5.65685425049014,5.65643572863337));
#470= IFCPOLYLOOP((#463,#468,#469,#464));
#471= IFCFACEOUTERBOUND(#470,.T.);
#472= IFCFACE((#471));
#473= IFCPOLYLOOP((#468,#436,#439,#469));
#474= IFCFACEOUTERBOUND(#473,.T.);
#475= IFCFACE((#474));
#476= IFCPOLYLOOP((#468,#463,#458,#453,#448,#443,#437,#436));
#477= IFCFACEOUTERBOUND(#476,.T.);
#478= IFCFACE((#477));
#479= IFCCARTESIANPOINT((255.656839061379,-5.65685425057018,-5.65729730426392));
#480= IFCCARTESIANPOINT((249.999994615224,-8.00000000104046,-0.000433251414506231));
#481= IFCPOLYLOOP((#439,#438,#479,#480));
#482= IFCFACEOUTERBOUND(#481,.T.);
#483= IFCFACE((#482));
#484= IFCCARTESIANPOINT((257.999980751209,-1.09139364212751E-09,-8.00044711544615));
#485= IFCPOLYLOOP((#438,#444,#484,#479));
#486= IFCFACEOUTERBOUND(#485,.T.);
#487= IFCFACE((#486));
#488= IFCCARTESIANPOINT((255.656839061368,5.65685424841649,-5.65729730424937));
#489= IFCPOLYLOOP((#444,#449,#488,#484));
#490= IFCFACEOUTERBOUND(#489,.T.);
#491= IFCFACE((#490));
#492= IFCCARTESIANPOINT((249.999994615207,7.99999999895954,-0.000433251392678358));
#493= IFCPOLYLOOP((#449,#454,#492,#488));
#494= IFCFACEOUTERBOUND(#493,.T.);
#495= IFCFACE((#494));
#496= IFCCARTESIANPOINT((244.34315016905,5.65685424848198,5.65643080145674));
#497= IFCPOLYLOOP((#454,#459,#496,#492));
#498= IFCFACEOUTERBOUND(#497,.T.);
#499= IFCFACE((#498));
#500= IFCCARTESIANPOINT((242.000008479223,-9.89530235528946E-10,7.99958061263897));
#501= IFCPOLYLOOP((#459,#464,#500,#496));
#502= IFCFACEOUTERBOUND(#501,.T.);
#503= IFCFACE((#502));
#504= IFCCARTESIANPOINT((244.343150169061,-5.65685425050469,5.65643080144218));
#505= IFCPOLYLOOP((#464,#469,#504,#500));
#506= IFCFACEOUTERBOUND(#505,.T.);
#507= IFCFACE((#506));
#508= IFCPOLYLOOP((#469,#439,#480,#504));
#509= IFCFACEOUTERBOUND(#508,.T.);
#510= IFCFACE((#509));
#511= IFCCARTESIANPOINT((255.656863595203,-5.65685425052652,8.49955694533855));
#512= IFCCARTESIANPOINT((250.000009345722,-8.00000000101863,8.49956674865098));
#513= IFCPOLYLOOP((#480,#479,#511,#512));
#514= IFCFACEOUTERBOUND(#513,.T.);
#515= IFCFACE((#514));
#516= IFCCARTESIANPOINT((258.000009345702,-1.03318598121405E-09,8.49955288467027));
#517= IFCPOLYLOOP((#479,#484,#516,#511));
#518= IFCFACEOUTERBOUND(#517,.T.);
#519= IFCFACE((#518));
#520= IFCCARTESIANPOINT((255.656863595192,5.65685424846015,8.49955694533855));
#521= IFCPOLYLOOP((#484,#488,#520,#516));
#522= IFCFACEOUTERBOUND(#521,.T.);
#523= IFCFACE((#522));
#524= IFCCARTESIANPOINT((250.000009345707,7.99999999898137,8.49956674865098));
#525= IFCPOLYLOOP((#488,#492,#524,#520));
#526= IFCFACEOUTERBOUND(#525,.T.);
#527= IFCFACE((#526));
#528= IFCCARTESIANPOINT((244.343155096223,5.65685424849653,8.49957655197068));
#529= IFCPOLYLOOP((#492,#496,#528,#524));
#530= IFCFACEOUTERBOUND(#529,.T.);
#531= IFCFACE((#530));
#532= IFCCARTESIANPOINT((242.000009345724,-9.89530235528946E-10,8.49958061263897));
#533= IFCPOLYLOOP((#496,#500,#532,#528));
#534= IFCFACEOUTERBOUND(#533,.T.);
#535= IFCFACE((#534));
#536= IFCCARTESIANPOINT((244.343155096234,-5.65685425049014,8.49957655197795));
#537= IFCPOLYLOOP((#500,#504,#536,#532));
#538= IFCFACEOUTERBOUND(#537,.T.);
#539= IFCFACE((#538));
#540= IFCPOLYLOOP((#504,#480,#512,#536));
#541= IFCFACEOUTERBOUND(#540,.T.);
#542= IFCFACE((#541));
#543= IFCCARTESIANPOINT((255.657042094166,-5.65685425022821,111.499556948285));
#544= IFCCARTESIANPOINT((250.000187844684,-8.00000000072032,111.499566751598));
#545= IFCPOLYLOOP((#512,#511,#543,#544));
#546= IFCFACEOUTERBOUND(#545,.T.);
#547= IFCFACE((#546));
#548= IFCCARTESIANPOINT((258.000187844666,-7.42147676646709E-10,111.499552887617));
#549= IFCPOLYLOOP((#511,#516,#548,#543));
#550= IFCFACEOUTERBOUND(#549,.T.);
#551= IFCFACE((#550));
#552= IFCCARTESIANPOINT((255.657042094157,5.65685424876574,111.499556948285));
#553= IFCPOLYLOOP((#516,#520,#552,#548));
#554= IFCFACEOUTERBOUND(#553,.T.);
#555= IFCFACE((#554));
#556= IFCCARTESIANPOINT((250.000187844669,7.99999999928696,111.499566751598));
#557= IFCPOLYLOOP((#520,#524,#556,#552));
#558= IFCFACEOUTERBOUND(#557,.T.);
#559= IFCFACE((#558));
#560= IFCCARTESIANPOINT((244.343333595187,5.65685424879484,111.499576554917));
#561= IFCPOLYLOOP((#524,#528,#560,#556));
#562= IFCFACEOUTERBOUND(#561,.T.);
#563= IFCFACE((#562));
#564= IFCCARTESIANPOINT((242.000187844687,-6.91215973347425E-10,111.499580615586));
#565= IFCPOLYLOOP((#528,#532,#564,#560));
#566= IFCFACEOUTERBOUND(#565,.T.);
#567= IFCFACE((#566));
#568= IFCCARTESIANPOINT((244.343333595196,-5.65685425019183,111.499576554925));
#569= IFCPOLYLOOP((#532,#536,#568,#564));
#570= IFCFACEOUTERBOUND(#569,.T.);
#571= IFCFACE((#570));
#572= IFCPOLYLOOP((#536,#512,#544,#568));
#573= IFCFACEOUTERBOUND(#572,.T.);
#574= IFCFACE((#573));
#575= IFCCARTESIANPOINT((255.657066627988,-5.65685425018455,125.656411197779));
#576= IFCCARTESIANPOINT((250.00020257518,-8.00000000068394,119.999566751612));
#577= IFCPOLYLOOP((#544,#543,#575,#576));
#578= IFCFACEOUTERBOUND(#577,.T.);
#579= IFCFACE((#578));
#580= IFCCARTESIANPOINT((258.000216439157,-6.98491930961609E-10,127.99955288761));
#581= IFCPOLYLOOP((#543,#548,#580,#575));
#582= IFCFACEOUTERBOUND(#581,.T.);
#583= IFCFACE((#582));
#584= IFCCARTESIANPOINT((255.65706662798,5.65685424880212,125.656411197757));
#585= IFCPOLYLOOP((#548,#552,#584,#580));
#586= IFCFACEOUTERBOUND(#585,.T.);
#587= IFCFACE((#586));
#588= IFCCARTESIANPOINT((250.000202575166,7.99999999931606,119.999566751576));
#589= IFCPOLYLOOP((#552,#556,#588,#584));
#590= IFCFACEOUTERBOUND(#589,.T.);
#591= IFCFACE((#590));
#592= IFCCARTESIANPOINT((244.343338522358,5.65685424879484,114.34272230541));
#593= IFCPOLYLOOP((#556,#560,#592,#588));
#594= IFCFACEOUTERBOUND(#593,.T.);
#595= IFCFACE((#594));
#596= IFCCARTESIANPOINT((242.000188711187,-6.91215973347425E-10,111.999580615586));
#597= IFCPOLYLOOP((#560,#564,#596,#592));
#598= IFCFACEOUTERBOUND(#597,.T.);
#599= IFCFACE((#598));
#600= IFCCARTESIANPOINT((244.343338522365,-5.65685425018455,114.342722305439));
#601= IFCPOLYLOOP((#564,#568,#600,#596));
#602= IFCFACEOUTERBOUND(#601,.T.);
#603= IFCFACE((#602));
#604= IFCPOLYLOOP((#568,#544,#576,#600));
#605= IFCFACEOUTERBOUND(#604,.T.);
#606= IFCFACE((#605));
#607= IFCCARTESIANPOINT((241.500212378511,-5.65685425011907,125.656435731595));
#608= IFCCARTESIANPOINT((241.500202575176,-8.00000000065484,119.999581482101));
#609= IFCPOLYLOOP((#576,#575,#607,#608));
#610= IFCFACEOUTERBOUND(#609,.T.);
#611= IFCFACE((#610));
#612= IFCCARTESIANPOINT((241.500216439184,-6.11180439591408E-10,127.99958148208));
#613= IFCPOLYLOOP((#575,#580,#612,#607));
#614= IFCFACEOUTERBOUND(#613,.T.);
#615= IFCFACE((#614));
#616= IFCCARTESIANPOINT((241.500212378523,5.65685424887488,125.656435731573));
#617= IFCPOLYLOOP((#580,#584,#616,#612));
#618= IFCFACEOUTERBOUND(#617,.T.);
#619= IFCFACE((#618));
#620= IFCCARTESIANPOINT((241.500202575198,7.99999999935244,119.999581482072));
#621= IFCPOLYLOOP((#584,#588,#620,#616));
#622= IFCFACEOUTERBOUND(#621,.T.);
#623= IFCFACE((#622));
#624= IFCCARTESIANPOINT((241.500192771866,5.6568542488094,114.342727232579));
#625= IFCPOLYLOOP((#588,#592,#624,#620));
#626= IFCFACEOUTERBOUND(#625,.T.);
#627= IFCFACE((#626));
#628= IFCCARTESIANPOINT((241.500188711187,-6.98491930961609E-10,111.999581482087));
#629= IFCPOLYLOOP((#592,#596,#628,#624));
#630= IFCFACEOUTERBOUND(#629,.T.);
#631= IFCFACE((#630));
#632= IFCCARTESIANPOINT((241.500192771851,-5.65685425017728,114.342727232608));
#633= IFCPOLYLOOP((#596,#600,#632,#628));
#634= IFCFACEOUTERBOUND(#633,.T.);
#635= IFCFACE((#634));
#636= IFCPOLYLOOP((#600,#576,#608,#632));
#637= IFCFACEOUTERBOUND(#636,.T.);
#638= IFCFACE((#637));
#639= IFCCARTESIANPOINT((0.000215764877793845,-5.65685424893309,125.65685425073));
#640= IFCCARTESIANPOINT((0.000205961547180777,-7.99999999946886,120.000000001244));
#641= IFCPOLYLOOP((#608,#607,#639,#640));
#642= IFCFACEOUTERBOUND(#641,.T.);
#643= IFCFACE((#642));
#644= IFCCARTESIANPOINT((0.000219825555177522,5.74800651520491E-10,128.00000000123));
#645= IFCPOLYLOOP((#607,#612,#644,#639));
#646= IFCFACEOUTERBOUND(#645,.T.);
#647= IFCFACE((#646));
#648= IFCCARTESIANPOINT((0.000215764890526771,5.65685425005358,125.656854250708));
#649= IFCPOLYLOOP((#612,#616,#648,#644));
#650= IFCFACEOUTERBOUND(#649,.T.);
#651= IFCFACE((#650));
#652= IFCCARTESIANPOINT((0.000205961565370671,8.00000000053842,120.000000001208));
#653= IFCPOLYLOOP((#616,#620,#652,#648));
#654= IFCFACEOUTERBOUND(#653,.T.);
#655= IFCFACE((#654));
#656= IFCCARTESIANPOINT((0.000196158232938615,5.65685424999538,114.343145751722));
#657= IFCPOLYLOOP((#620,#624,#656,#652));
#658= IFCFACEOUTERBOUND(#657,.T.);
#659= IFCFACE((#658));
#660= IFCCARTESIANPOINT((0.000192097553735948,4.8748916015029E-10,112.00000000123));
#661= IFCPOLYLOOP((#624,#628,#660,#656));
#662= IFCFACEOUTERBOUND(#661,.T.);
#663= IFCFACE((#662));
#664= IFCCARTESIANPOINT((0.000196158220205689,-5.65685424899129,114.343145751744));
#665= IFCPOLYLOOP((#628,#632,#664,#660));
#666= IFCFACEOUTERBOUND(#665,.T.);
#667= IFCFACE((#666));
#668= IFCPOLYLOOP((#632,#608,#640,#664));
#669= IFCFACEOUTERBOUND(#668,.T.);
#670= IFCFACE((#669));
#671= IFCPOLYLOOP((#644,#648,#652,#656,#660,#664,#640,#639));
#672= IFCFACEOUTERBOUND(#671,.T.);
#673= IFCFACE((#672));
#674= IFCCLOSEDSHELL((#442,#447,#452,#457,#462,#467,#472,#475,#478,#483,#487,#491,#495,#499,#503,#507,#510,#515,#519,#523,#527,#531,#535,#539,#542,#547,#551,#555,#559,#563,#567,#571,#574,#579,#583,#587,#591,#595,#599,#603,#606,#611,#615,#619,#623,#627,#631,#635,#638,#643,#647,#651,#655,#659,#663,#667,#670,#673));
#675= IFCFACETEDBREP(#674);
#676= IFCSHAPEREPRESENTATION(#12,'Body','Brep',(#675));
#677= IFCPRODUCTDEFINITIONSHAPE($,$,(#676));
#678= IFCDISCRETEACCESSORY('3GWvlvGfb5ofoYyB_lNX5N',#44,'Support section',$,$,#435,#677,'1497(?)');
#679= IFCPROPERTYSINGLEVALUE('PieceMark',$,IFCIDENTIFIER(''),$);
#680= IFCPROPERTYSINGLEVALUE('IndicationMark',$,IFCIDENTIFIER('1497(?)'),$);
#681= IFCPROPERTYSET('0FRTIZhzP7guogvHZQ1Eer',#5,'AISC_EM11_Pset_PieceIdentification','PieceIdentity',(#679,#680,#424,#425));
#682= IFCCARTESIANPOINT((57067.2602447879,8727.9040734836,56645.0007506475));
#683= IFCAXIS2PLACEMENT3D(#682,#432,#433);
#684= IFCLOCALPLACEMENT(#123,#683);
#685= IFCSHAPEREPRESENTATION(#12,'Body','Brep',(#675));
#686= IFCPRODUCTDEFINITIONSHAPE($,$,(#685));
#687= IFCDISCRETEACCESSORY('3UE0gjVxr1LA_LKQJn3VMc',#44,'Support section',$,$,#684,#686,'1497(?)');
#688= IFCCARTESIANPOINT((57028.2692748274,8993.56444511495,56595.));
#689= IFCDIRECTION((0.998367880565365,-0.0571102009751378,0.));
#690= IFCAXIS2PLACEMENT3D(#688,#9,#689);
#691= IFCLOCALPLACEMENT(#123,#690);
#692= IFCRECTANGLEPROFILEDEF(.AREA.,'PL10*200',#73,10.,200.);
#693= IFCCARTESIANPOINT((0.,0.,240.000000000007));
#694= IFCAXIS2PLACEMENT3D(#693,#57,#8);
#695= IFCEXTRUDEDAREASOLID(#692,#694,#9,240.);
#696= IFCSHAPEREPRESENTATION(#12,'Body','SweptSolid',(#695));
#697= IFCPRODUCTDEFINITIONSHAPE($,$,(#696));
#698= IFCCOLUMN('02Je_Ik0vBtu9p6EDhWOFG',#44,'main piece','PL10*200','PL10*200',#691,#697,'1496(?)');
#699= IFCPROPERTYSINGLEVALUE('IndicationMark',$,IFCIDENTIFIER('1496(?)'),$);
#700= IFCPROPERTYSINGLEVALUE('MainPieceTag',$,IFCBOOLEAN(.T.),$);
#701= IFCPROPERTYSET('0s99srQFf4rxJzT27lhfXt',#5,'AISC_EM11_Pset_PieceIdentification','PieceIdentity',(#679,#699,#424,#700));
#702= IFCPROPERTYSINGLEVALUE('SkewedAngleY',$,IFCREAL(0.),$);
#703= IFCPROPERTYSINGLEVALUE('SkewedAngleX',$,IFCREAL(0.),$);
#704= IFCPROPERTYSET('1dUJYTfff4hwVJuSFb3o__',#5,'AISC_EM11_Pset_SkewedEnd',$,(#702,#703));
#705= IFCPROPERTYSET('3qTy4V2D1DDBUQNXwebRf5',#5,'AISC_EM11_Pset_SkewedEnd_2',$,(#702,#703));
#706= IFCLOCALPLACEMENT(#42,#10);
#707= IFCELEMENTASSEMBLY('0a3LNEVEzB7Rtg0QoPNFay',#44,'BEAM',$,$,#706,$,'B/743(?)',.NOTDEFINED.,.RIGID_FRAME.);
#708= IFCPROPERTYSINGLEVALUE('AssemblyMark',$,IFCIDENTIFIER('B/743(?)'),$);
#709= IFCPROPERTYSET('3JTFNbmFb38RIx75cNMt32',#5,'AISC_EM11_Pset_AssemblyIdentification','AssemblyIdentity',(#708,#52,#53));
#710= IFCCARTESIANPOINT((65836.1776305243,7483.07773403606,56834.9981994629));
#711= IFCAXIS2PLACEMENT3D(#710,#393,#57);
#712= IFCLOCALPLACEMENT(#706,#711);
#713= IFCSHAPEREPRESENTATION(#12,'Body','MappedRepresentation',(#89,#92,#95));
#714= IFCSHAPEREPRESENTATION(#12,'Axis','MappedRepresentation',(#101,#102,#103));
#715= IFCPRODUCTDEFINITIONSHAPE($,$,(#713,#714));
#716= IFCMECHANICALFASTENER('1dlPBM8s54jfQ3ML5OMOhk',#44,'Bolt assembly',$,$,#712,#715,'ID67bd92d6-2361-44b6-9683-595158598aee',16.,40.);
#717= IFCLOCALPLACEMENT(#42,#10);
#718= IFCELEMENTASSEMBLY('079X8XfIH71gci4J0DFSD4',#44,$,$,$,#717,$,'A/193(?)',.NOTDEFINED.,.RIGID_FRAME.);
#719= IFCCARTESIANPOINT((65880.3887680562,7501.75488873618,56771.8273772373));
#720= IFCDIRECTION((-0.373752979077326,-0.913828063678811,-0.158830037032858));
#721= IFCDIRECTION((0.841036354282424,-0.406101305135841,0.35740674411977));
#722= IFCAXIS2PLACEMENT3D(#719,#720,#721);
#723= IFCLOCALPLACEMENT(#717,#722);
#724= IFCSHAPEREPRESENTATION(#12,'Body','Brep',(#291));
#725= IFCSHAPEREPRESENTATION(#13,'Axis','GeometricCurveSet',(#301));
#726= IFCPRODUCTDEFINITIONSHAPE($,$,(#724,#725));
#727= IFCFASTENER('3gSW$57mf3Dfg80SufWX0B',#44,'Weld',$,$,#723,#726,'IDea720fc5-1f0a-4336-9a88-01ce2982100b');
#728= IFCPROPERTYSINGLEVALUE('WeldID',$,IFCINTEGER(115379940),$);
#729= IFCPROPERTYSET('12B90MWlH8jw20KaIrZw6v',#5,'AISC_EM11_Pset_Weld','WeldIdentity',(#305,#306,#307,#308,#728,#310,#311,#312,#313,#314,#315,#316,#317,#318,#319,#320));
#730= IFCCARTESIANPOINT((65780.5519800037,7507.46590883612,56771.8273772373));
#731= IFCAXIS2PLACEMENT3D(#730,#720,#721);
#732= IFCLOCALPLACEMENT(#717,#731);
#733= IFCSHAPEREPRESENTATION(#12,'Body','Brep',(#291));
#734= IFCSHAPEREPRESENTATION(#13,'Axis','GeometricCurveSet',(#301));
#735= IFCPRODUCTDEFINITIONSHAPE($,$,(#733,#734));
#736= IFCFASTENER('38C3rn$i9Bn8ae5iAMmlht',#44,'Weld',$,$,#732,#735,'IDc8303d71-fec2-4bc4-8928-16c296c2faf7');
#737= IFCPROPERTYSINGLEVALUE('WeldID',$,IFCINTEGER(115379895),$);
#738= IFCPROPERTYSET('141uVMGO542xGISv3DXovK',#5,'AISC_EM11_Pset_Weld','WeldIdentity',(#305,#306,#307,#308,#737,#310,#311,#312,#313,#314,#315,#316,#317,#318,#319,#320));
#739= IFCCARTESIANPOINT((65827.664,7493.581,56714.998));
#740= IFCDIRECTION((0.,-1.,0.));
#741= IFCAXIS2PLACEMENT3D(#739,#740,#9);
#742= IFCLOCALPLACEMENT(#717,#741);
#743= IFCCARTESIANPOINT((-95.,0.24229806229414,4.23571619081122));
#744= IFCCARTESIANPOINT((95.,0.24229806229414,4.23571619081122));
#745= IFCPOLYLOOP((#743,#335,#336,#744));
#746= IFCFACEOUTERBOUND(#745,.T.);
#747= IFCFACE((#746));
#748= IFCCARTESIANPOINT((-95.,4.23571619081486,-0.242298062309601));
#749= IFCCARTESIANPOINT((95.,4.23571619081486,-0.242298062309601));
#750= IFCPOLYLOOP((#335,#748,#749,#336));
#751= IFCFACEOUTERBOUND(#750,.T.);
#752= IFCFACE((#751));
#753= IFCPOLYLOOP((#748,#743,#744,#749));
#754= IFCFACEOUTERBOUND(#753,.T.);
#755= IFCFACE((#754));
#756= IFCPOLYLOOP((#749,#744,#336));
#757= IFCFACEOUTERBOUND(#756,.T.);
#758= IFCFACE((#757));
#759= IFCPOLYLOOP((#748,#335,#743));
#760= IFCFACEOUTERBOUND(#759,.T.);
#761= IFCFACE((#760));
#762= IFCCARTESIANPOINT((95.,-5.74770193769655,4.57871619079015));
#763= IFCCARTESIANPOINT((95.,-5.98999999999069,0.342999999999847));
#764= IFCCARTESIANPOINT((-95.,-5.98999999999069,0.342999999999847));
#765= IFCCARTESIANPOINT((-95.,-5.74770193769655,4.57871619079015));
#766= IFCPOLYLOOP((#762,#763,#764,#765));
#767= IFCFACEOUTERBOUND(#766,.T.);
#768= IFCFACE((#767));
#769= IFCCARTESIANPOINT((95.,-10.2257161907764,0.585298062308539));
#770= IFCCARTESIANPOINT((-95.,-10.2257161907764,0.585298062308539));
#771= IFCPOLYLOOP((#763,#769,#770,#764));
#772= IFCFACEOUTERBOUND(#771,.T.);
#773= IFCFACE((#772));
#774= IFCPOLYLOOP((#769,#762,#765,#770));
#775= IFCFACEOUTERBOUND(#774,.T.);
#776= IFCFACE((#775));
#777= IFCPOLYLOOP((#770,#765,#764));
#778= IFCFACEOUTERBOUND(#777,.T.);
#779= IFCFACE((#778));
#780= IFCPOLYLOOP((#769,#763,#762));
#781= IFCFACEOUTERBOUND(#780,.T.);
#782= IFCFACE((#781));
#783= IFCCLOSEDSHELL((#747,#752,#755,#758,#761,#768,#773,#776,#779,#782));
#784= IFCFACETEDBREP(#783);
#785= IFCSHAPEREPRESENTATION(#12,'Body','Brep',(#784));
#786= IFCCARTESIANPOINT((95.,0.342999999999847,5.98999999999069));
#787= IFCCARTESIANPOINT((-95.,0.342999999999847,5.98999999999069));
#788= IFCPOLYLINE((#786,#787));
#789= IFCSHAPEREPRESENTATION(#13,'Axis','GeometricCurveSet',(#379,#788));
#790= IFCPRODUCTDEFINITIONSHAPE($,$,(#785,#789));
#791= IFCFASTENER('2V_fArIoT5fAsBioXwsMuX',#44,'Weld',$,$,#742,#790,'ID9ffa92b5-4b27-45a4-ad8b-b3287ad96e21');
#792= IFCPROPERTYSINGLEVALUE('WeldID',$,IFCINTEGER(115379833),$);
#793= IFCPROPERTYSET('0QaTx$ZUH8FxGyGn6m1KXH',#5,'AISC_EM11_Pset_Weld','WeldIdentity',(#305,#306,#307,#308,#792,#387,#311,#312,#388,#314,#389,#390,#317,#318,#319,#320));
#794= IFCCARTESIANPOINT((65827.5176275059,7438.49955163134,56619.9981994629));
#795= IFCAXIS2PLACEMENT3D(#794,#9,#56);
#796= IFCLOCALPLACEMENT(#717,#795);
#797= IFCSHAPEREPRESENTATION(#12,'Body','SweptSolid',(#399));
#798= IFCPRODUCTDEFINITIONSHAPE($,$,(#797));
#799= IFCDISCRETEACCESSORY('2hU2vLgtLETRAGKgIBkfo8',#44,'Support section',$,$,#796,#798,'1050(?)');
#800= IFCLOCALPLACEMENT(#717,#711);
#801= IFCSHAPEREPRESENTATION(#12,'Body','MappedRepresentation',(#410,#411,#412));
#802= IFCPRODUCTDEFINITIONSHAPE($,$,(#801));
#803= IFCOPENINGELEMENT('2YF6h6DmXD88kttuVoTLkg',#5,$,$,'Opening',#800,#802,$);
#804= IFCRELVOIDSELEMENT('1l1d$CM8TD_u6XvCKVJ10f',#5,'Drill Hole',$,#799,#803);
#805= IFCCARTESIANPOINT((65897.8801016247,7758.00260377698,56644.9989501104));
#806= IFCDIRECTION((9.90096887107936E-08,1.73016938424552E-06,0.999999999998498));
#807= IFCDIRECTION((-0.0571102009750601,-0.998367880563866,1.73300000382374E-06));
#808= IFCAXIS2PLACEMENT3D(#805,#806,#807);
#809= IFCLOCALPLACEMENT(#717,#808);
#810= IFCSHAPEREPRESENTATION(#12,'Body','Brep',(#675));
#811= IFCPRODUCTDEFINITIONSHAPE($,$,(#810));
#812= IFCDISCRETEACCESSORY('05$w6xaATDA8OgizCIQUz0',#44,'Support section',$,$,#809,#811,'1497(?)');
#813= IFCCARTESIANPOINT((65798.0433135722,7763.71362387691,56644.9989501104));
#814= IFCAXIS2PLACEMENT3D(#813,#806,#807);
#815= IFCLOCALPLACEMENT(#717,#814);
#816= IFCSHAPEREPRESENTATION(#12,'Body','Brep',(#675));
#817= IFCPRODUCTDEFINITIONSHAPE($,$,(#816));
#818= IFCDISCRETEACCESSORY('3c_P$w0G91dxF83lhGx2Mz',#44,'Support section',$,$,#815,#817,'1497(?)');
#819= IFCCARTESIANPOINT((65837.0342835386,7498.05325224452,56594.9981994629));
#820= IFCDIRECTION((-0.998367880565365,0.0571102009751378,0.));
#821= IFCAXIS2PLACEMENT3D(#819,#9,#820);
#822= IFCLOCALPLACEMENT(#717,#821);
#823= IFCSHAPEREPRESENTATION(#12,'Body','SweptSolid',(#695));
#824= IFCPRODUCTDEFINITIONSHAPE($,$,(#823));
#825= IFCCOLUMN('02UTUF66bCkBKGDhdDQ5xW',#44,'main piece','PL10*200','PL10*200',#822,#824,'1496(?)');
#826= IFCLOCALPLACEMENT(#42,#10);
#827= IFCELEMENTASSEMBLY('24eLLpGEL7ReoNzDU$1H7a',#44,'BEAM',$,$,#826,$,'B/742(?)',.NOTDEFINED.,.RIGID_FRAME.);
#828= IFCPROPERTYSINGLEVALUE('AssemblyMark',$,IFCIDENTIFIER('B/742(?)'),$);
#829= IFCPROPERTYSET('0HkXVlY6nEm9RmCh1jjn5g',#5,'AISC_EM11_Pset_AssemblyIdentification','AssemblyIdentity',(#828,#52,#53));
#830= IFCCARTESIANPOINT((63720.9585142979,7604.0758061738,56834.9981994629));
#831= IFCAXIS2PLACEMENT3D(#830,#393,#57);
#832= IFCLOCALPLACEMENT(#826,#831);
#833= IFCSHAPEREPRESENTATION(#12,'Body','MappedRepresentation',(#89,#92,#95));
#834= IFCSHAPEREPRESENTATION(#12,'Axis','MappedRepresentation',(#101,#102,#103));
#835= IFCPRODUCTDEFINITIONSHAPE($,$,(#833,#834));
#836= IFCMECHANICALFASTENER('3Q1kkNM_PE1Qgdcop00dTz',#44,'Bolt assembly',$,$,#832,#835,'IDda06eb97-5be6-4e05-aaa7-9b2cc002777d',16.,40.);
#837= IFCLOCALPLACEMENT(#42,#10);
#838= IFCELEMENTASSEMBLY('18QedwCT92_9hUOWczwFqc',#44,$,$,$,#837,$,'A/193(?)',.NOTDEFINED.,.RIGID_FRAME.);
#839= IFCCARTESIANPOINT((63765.1696518378,7622.75296087524,56771.8273772373));
#840= IFCAXIS2PLACEMENT3D(#839,#720,#721);
#841= IFCLOCALPLACEMENT(#837,#840);
#842= IFCSHAPEREPRESENTATION(#12,'Body','Brep',(#291));
#843= IFCSHAPEREPRESENTATION(#13,'Axis','GeometricCurveSet',(#301));
#844= IFCPRODUCTDEFINITIONSHAPE($,$,(#842,#843));
#845= IFCFASTENER('1LQUXR5rTEMO5l2uGrbkTo',#44,'Weld',$,$,#841,#844,'ID5569e85b-1757-4e59-816f-0b843596e772');
#846= IFCPROPERTYSINGLEVALUE('WeldID',$,IFCINTEGER(115379550),$);
#847= IFCPROPERTYSET('0Nr68xAIX01g8_nyIF8t2q',#5,'AISC_EM11_Pset_Weld','WeldIdentity',(#305,#306,#307,#308,#846,#310,#311,#312,#313,#314,#315,#316,#317,#318,#319,#320));
#848= IFCCARTESIANPOINT((63665.33286378,7628.46398097311,56771.8273772373));
#849= IFCAXIS2PLACEMENT3D(#848,#720,#721);
#850= IFCLOCALPLACEMENT(#837,#849);
#851= IFCSHAPEREPRESENTATION(#12,'Body','Brep',(#291));
#852= IFCSHAPEREPRESENTATION(#13,'Axis','GeometricCurveSet',(#301));
#853= IFCPRODUCTDEFINITIONSHAPE($,$,(#851,#852));
#854= IFCFASTENER('3XUZ0T5Pf5xxv0kxwue_lC',#44,'Weld',$,$,#850,#853,'IDe17a301d-159a-45ef-be40-bbbeb8a3ebcc');
#855= IFCPROPERTYSINGLEVALUE('WeldID',$,IFCINTEGER(115379505),$);
#856= IFCPROPERTYSET('0OuDyPIAz6tPLZqbqmUfP$',#5,'AISC_EM11_Pset_Weld','WeldIdentity',(#305,#306,#307,#308,#855,#310,#311,#312,#313,#314,#315,#316,#317,#318,#319,#320));
#857= IFCCARTESIANPOINT((63718.435,7614.237,56714.998));
#858= IFCAXIS2PLACEMENT3D(#857,#740,#57);
#859= IFCLOCALPLACEMENT(#837,#858);
#860= IFCCARTESIANPOINT((95.,-6.2332980623105,3.89371619079338));
#861= IFCCARTESIANPOINT((95.,-5.99099999999453,-0.341999999999643));
#862= IFCCARTESIANPOINT((-95.,-5.99099999999453,-0.341999999999643));
#863= IFCCARTESIANPOINT((-95.,-6.2332980623105,3.89371619079338));
#864= IFCPOLYLOOP((#860,#861,#862,#863));
#865= IFCFACEOUTERBOUND(#864,.T.);
#866= IFCFACE((#865));
#867= IFCCARTESIANPOINT((95.,-10.2267161907876,-0.584298062306516));
#868= IFCCARTESIANPOINT((-95.,-10.2267161907876,-0.584298062306516));
#869= IFCPOLYLOOP((#861,#867,#868,#862));
#870= IFCFACEOUTERBOUND(#869,.T.);
#871= IFCFACE((#870));
#872= IFCPOLYLOOP((#867,#860,#863,#868));
#873= IFCFACEOUTERBOUND(#872,.T.);
#874= IFCFACE((#873));
#875= IFCPOLYLOOP((#868,#863,#862));
#876= IFCFACEOUTERBOUND(#875,.T.);
#877= IFCFACE((#876));
#878= IFCPOLYLOOP((#867,#861,#860));
#879= IFCFACEOUTERBOUND(#878,.T.);
#880= IFCFACE((#879));
#881= IFCCLOSEDSHELL((#340,#345,#348,#351,#354,#866,#871,#874,#877,#880));
#882= IFCFACETEDBREP(#881);
#883= IFCSHAPEREPRESENTATION(#12,'Body','Brep',(#882));
#884= IFCCARTESIANPOINT((95.,-0.341999999999643,5.99099999999453));
#885= IFCCARTESIANPOINT((-95.,-0.341999999999643,5.99099999999453));
#886= IFCPOLYLINE((#884,#885));
#887= IFCSHAPEREPRESENTATION(#13,'Axis','GeometricCurveSet',(#379,#886));
#888= IFCPRODUCTDEFINITIONSHAPE($,$,(#883,#887));
#889= IFCFASTENER('1Ya0hrbKf40wt6jV6mekUX',#44,'Weld',$,$,#859,#888,'ID62900af5-954a-4403-adc6-b5f1b0a2e7a1');
#890= IFCPROPERTYSINGLEVALUE('WeldID',$,IFCINTEGER(115379443),$);
#891= IFCPROPERTYSET('0mWTFeEkr9nQ9oweu1uRp5',#5,'AISC_EM11_Pset_Weld','WeldIdentity',(#305,#306,#307,#308,#890,#387,#311,#312,#388,#314,#389,#390,#317,#318,#319,#320));
#892= IFCCARTESIANPOINT((63712.2985112778,7559.49762376891,56619.9981994629));
#893= IFCAXIS2PLACEMENT3D(#892,#9,#56);
#894= IFCLOCALPLACEMENT(#837,#893);
#895= IFCSHAPEREPRESENTATION(#12,'Body','SweptSolid',(#399));
#896= IFCPRODUCTDEFINITIONSHAPE($,$,(#895));
#897= IFCDISCRETEACCESSORY('1zaCcmLJT4yAvneoVtq3$Q',#44,'Support section',$,$,#894,#896,'1050(?)');
#898= IFCLOCALPLACEMENT(#837,#831);
#899= IFCSHAPEREPRESENTATION(#12,'Body','MappedRepresentation',(#410,#411,#412));
#900= IFCPRODUCTDEFINITIONSHAPE($,$,(#899));
#901= IFCOPENINGELEMENT('18btbHlNzCOg1L75mB2W5y',#5,$,$,'Opening',#898,#900,$);
#902= IFCRELVOIDSELEMENT('0crQSpmHfAZ9baWHiBY0A1',#5,'Drill Hole',$,#897,#901);
#903= IFCCARTESIANPOINT((63782.6609854092,7879.00067591599,56644.9989501104));
#904= IFCAXIS2PLACEMENT3D(#903,#806,#807);
#905= IFCLOCALPLACEMENT(#837,#904);
#906= IFCSHAPEREPRESENTATION(#12,'Body','Brep',(#675));
#907= IFCPRODUCTDEFINITIONSHAPE($,$,(#906));
#908= IFCDISCRETEACCESSORY('1D6kAGfKL74uP_NcOUXM2f',#44,'Support section',$,$,#905,#907,'1497(?)');
#909= IFCCARTESIANPOINT((63682.8241973514,7884.71169601387,56644.9989501104));
#910= IFCAXIS2PLACEMENT3D(#909,#806,#807);
#911= IFCLOCALPLACEMENT(#837,#910);
#912= IFCSHAPEREPRESENTATION(#12,'Body','Brep',(#675));
#913= IFCPRODUCTDEFINITIONSHAPE($,$,(#912));
#914= IFCDISCRETEACCESSORY('0Oa0mCbbD4ludHd$Gn4hkr',#44,'Support section',$,$,#911,#913,'1497(?)');
#915= IFCCARTESIANPOINT((63721.8151673126,7619.05132438228,56594.9981994629));
#916= IFCAXIS2PLACEMENT3D(#915,#9,#820);
#917= IFCLOCALPLACEMENT(#837,#916);
#918= IFCSHAPEREPRESENTATION(#12,'Body','SweptSolid',(#695));
#919= IFCPRODUCTDEFINITIONSHAPE($,$,(#918));
#920= IFCCOLUMN('3_n_8Mo_rEdwZM6kJTHelH',#44,'main piece','PL10*200','PL10*200',#917,#919,'1496(?)');
#921= IFCLOCALPLACEMENT(#42,#10);
#922= IFCELEMENTASSEMBLY('15Z54zwD15UODQahoZHfq4',#44,'BEAM',$,$,#921,$,'B/736(?)',.NOTDEFINED.,.RIGID_FRAME.);
#923= IFCPROPERTYSINGLEVALUE('AssemblyMark',$,IFCIDENTIFIER('B/736(?)'),$);
#924= IFCPROPERTYSET('3U9AwqvaT8ouyzd5bYhF_y',#5,'AISC_EM11_Pset_AssemblyIdentification','AssemblyIdentity',(#923,#52,#53));
#925= IFCCARTESIANPOINT((61595.9574461813,7725.63344082426,56834.9981994629));
#926= IFCAXIS2PLACEMENT3D(#925,#393,#57);
#927= IFCLOCALPLACEMENT(#921,#926);
#928= IFCSHAPEREPRESENTATION(#12,'Body','MappedRepresentation',(#89,#92,#95));
#929= IFCSHAPEREPRESENTATION(#12,'Axis','MappedRepresentation',(#101,#102,#103));
#930= IFCPRODUCTDEFINITIONSHAPE($,$,(#928,#929));
#931= IFCMECHANICALFASTENER('2xip9Lgxb9FgxtQOGeDYuD',#44,'Bolt assembly',$,$,#927,#930,'IDbbb33255-abb9-493e-aef7-698428362e0d',16.,40.);
#932= IFCLOCALPLACEMENT(#42,#10);
#933= IFCELEMENTASSEMBLY('0ksju$vD90IetA4rQu8LtV',#44,$,$,$,#932,$,'A/193(?)',.NOTDEFINED.,.RIGID_FRAME.);
#934= IFCCARTESIANPOINT((61640.1685837219,7744.31059552584,56771.8273772373));
#935= IFCAXIS2PLACEMENT3D(#934,#720,#721);
#936= IFCLOCALPLACEMENT(#932,#935);
#937= IFCSHAPEREPRESENTATION(#12,'Body','Brep',(#291));
#938= IFCSHAPEREPRESENTATION(#13,'Axis','GeometricCurveSet',(#301));
#939= IFCPRODUCTDEFINITIONSHAPE($,$,(#937,#938));
#940= IFCFASTENER('0GUy6jaSz7FQljqxb$SYgL',#44,'Weld',$,$,#936,#939,'ID107bc1ad-91cf-473d-abed-d3b97f722a95');
#941= IFCPROPERTYSINGLEVALUE('WeldID',$,IFCINTEGER(115379160),$);
#942= IFCPROPERTYSET('0nBWNqMMr9TPU8UIHAQ2xG',#5,'AISC_EM11_Pset_Weld','WeldIdentity',(#305,#306,#307,#308,#941,#310,#311,#312,#313,#314,#315,#316,#317,#318,#319,#320));
#943= IFCCARTESIANPOINT((61540.3317956642,7750.02161562336,56771.8273772373));
#944= IFCAXIS2PLACEMENT3D(#943,#720,#721);
#945= IFCLOCALPLACEMENT(#932,#944);
#946= IFCSHAPEREPRESENTATION(#12,'Body','Brep',(#291));
#947= IFCSHAPEREPRESENTATION(#13,'Axis','GeometricCurveSet',(#301));
#948= IFCPRODUCTDEFINITIONSHAPE($,$,(#946,#947));
#949= IFCFASTENER('1iPqvJgP965uL42oWuCt5V',#44,'Weld',$,$,#945,#948,'ID6c674e53-a992-4617-8544-0b283833715f');
#950= IFCPROPERTYSINGLEVALUE('WeldID',$,IFCINTEGER(115379115),$);
#951= IFCPROPERTYSET('2JTzHZVgTCevOCwgEKkMx7',#5,'AISC_EM11_Pset_Weld','WeldIdentity',(#305,#306,#307,#308,#950,#310,#311,#312,#313,#314,#315,#316,#317,#318,#319,#320));
#952= IFCCARTESIANPOINT((61587.443,7736.137,56714.998));
#953= IFCAXIS2PLACEMENT3D(#952,#740,#9);
#954= IFCLOCALPLACEMENT(#932,#953);
#955= IFCCARTESIANPOINT((95.,-5.74870193768584,4.5787161908047));
#956= IFCCARTESIANPOINT((95.,-5.9910000000018,0.342999999999847));
#957= IFCCARTESIANPOINT((-95.,-5.9910000000018,0.342999999999847));
#958= IFCCARTESIANPOINT((-95.,-5.74870193768584,4.5787161908047));
#959= IFCPOLYLOOP((#955,#956,#957,#958));
#960= IFCFACEOUTERBOUND(#959,.T.);
#961= IFCFACE((#960));
#962= IFCCARTESIANPOINT((95.,-10.2267161908094,0.585298062307629));
#963= IFCCARTESIANPOINT((-95.,-10.2267161908094,0.585298062307629));
#964= IFCPOLYLOOP((#956,#962,#963,#957));
#965= IFCFACEOUTERBOUND(#964,.T.);
#966= IFCFACE((#965));
#967= IFCPOLYLOOP((#962,#955,#958,#963));
#968= IFCFACEOUTERBOUND(#967,.T.);
#969= IFCFACE((#968));
#970= IFCPOLYLOOP((#963,#958,#957));
#971= IFCFACEOUTERBOUND(#970,.T.);
#972= IFCFACE((#971));
#973= IFCPOLYLOOP((#962,#956,#955));
#974= IFCFACEOUTERBOUND(#973,.T.);
#975= IFCFACE((#974));
#976= IFCCLOSEDSHELL((#747,#752,#755,#758,#761,#961,#966,#969,#972,#975));
#977= IFCFACETEDBREP(#976);
#978= IFCSHAPEREPRESENTATION(#12,'Body','Brep',(#977));
#979= IFCCARTESIANPOINT((95.,0.342999999999847,5.9910000000018));
#980= IFCCARTESIANPOINT((-95.,0.342999999999847,5.9910000000018));
#981= IFCPOLYLINE((#979,#980));
#982= IFCSHAPEREPRESENTATION(#13,'Axis','GeometricCurveSet',(#379,#981));
#983= IFCPRODUCTDEFINITIONSHAPE($,$,(#978,#982));
#984= IFCFASTENER('1KOBH4Tt93KfvncziUrzBG',#44,'Weld',$,$,#954,#983,'ID5460b444-7772-4352-9e71-9bdb1ed7d2d0');
#985= IFCPROPERTYSINGLEVALUE('WeldID',$,IFCINTEGER(115379053),$);
#986= IFCPROPERTYSET('1HibquDp18NQeEk0w1slhW',#5,'AISC_EM11_Pset_Weld','WeldIdentity',(#305,#306,#307,#308,#985,#387,#311,#312,#388,#314,#389,#390,#317,#318,#319,#320));
#987= IFCCARTESIANPOINT((61587.2974431611,7681.05525841936,56619.9981994629));
#988= IFCAXIS2PLACEMENT3D(#987,#9,#56);
#989= IFCLOCALPLACEMENT(#932,#988);
#990= IFCSHAPEREPRESENTATION(#12,'Body','SweptSolid',(#399));
#991= IFCPRODUCTDEFINITIONSHAPE($,$,(#990));
#992= IFCDISCRETEACCESSORY('2OCcvptqPCXBUcPn4BchSC',#44,'Support section',$,$,#989,#991,'1050(?)');
#993= IFCLOCALPLACEMENT(#932,#926);
#994= IFCSHAPEREPRESENTATION(#12,'Body','MappedRepresentation',(#410,#411,#412));
#995= IFCPRODUCTDEFINITIONSHAPE($,$,(#994));
#996= IFCOPENINGELEMENT('2lRLGkn_L7OADdC3WV6Rbn',#5,$,$,'Opening',#993,#995,$);
#997= IFCRELVOIDSELEMENT('3QwVvhb3rEX9B5eXFbWcdF',#5,'Drill Hole',$,#992,#996);
#998= IFCCARTESIANPOINT((61657.6599172933,8000.55831056658,56644.9989501104));
#999= IFCAXIS2PLACEMENT3D(#998,#806,#807);
#1000= IFCLOCALPLACEMENT(#932,#999);
#1001= IFCSHAPEREPRESENTATION(#12,'Body','Brep',(#675));
#1002= IFCPRODUCTDEFINITIONSHAPE($,$,(#1001));
#1003= IFCDISCRETEACCESSORY('3dYGxFRqD3pvlc0sNxmEXT',#44,'Support section',$,$,#1000,#1002,'1497(?)');
#1004= IFCCARTESIANPOINT((61557.8231292356,8006.26933066409,56644.9989501104));
#1005= IFCAXIS2PLACEMENT3D(#1004,#806,#807);
#1006= IFCLOCALPLACEMENT(#932,#1005);
#1007= IFCSHAPEREPRESENTATION(#12,'Body','Brep',(#675));
#1008= IFCPRODUCTDEFINITIONSHAPE($,$,(#1007));
#1009= IFCDISCRETEACCESSORY('1j5G_4dH1BEOG3zEsFc9dU',#44,'Support section',$,$,#1006,#1008,'1497(?)');
#1010= IFCCARTESIANPOINT((61596.814099196,7740.60895903274,56594.9981994629));
#1011= IFCAXIS2PLACEMENT3D(#1010,#9,#820);
#1012= IFCLOCALPLACEMENT(#932,#1011);
#1013= IFCSHAPEREPRESENTATION(#12,'Body','SweptSolid',(#695));
#1014= IFCPRODUCTDEFINITIONSHAPE($,$,(#1013));
#1015= IFCCOLUMN('2RV2NLew9ElO4xGihorSP2',#44,'main piece','PL10*200','PL10*200',#1012,#1014,'1496(?)');
#1016= IFCLOCALPLACEMENT(#42,#10);
#1017= IFCELEMENTASSEMBLY('3Ydknh3L53BQyesLRwObMJ',#44,'BEAM',$,$,#1016,$,'B/741(?)',.NOTDEFINED.,.RIGID_FRAME.);
#1018= IFCPROPERTYSINGLEVALUE('AssemblyMark',$,IFCIDENTIFIER('B/741(?)'),$);
#1019= IFCPROPERTYSET('0Ge9hqFL9DJR5oBpTfamA1',#5,'AISC_EM11_Pset_AssemblyIdentification','AssemblyIdentity',(#1018,#52,#53));
#1020= IFCCARTESIANPOINT((57360.960650527,7967.8903511647,56834.9981994629));
#1021= IFCAXIS2PLACEMENT3D(#1020,#393,#57);
#1022= IFCLOCALPLACEMENT(#1016,#1021);
#1023= IFCSHAPEREPRESENTATION(#12,'Body','MappedRepresentation',(#89,#92,#95));
#1024= IFCSHAPEREPRESENTATION(#12,'Axis','MappedRepresentation',(#101,#102,#103));
#1025= IFCPRODUCTDEFINITIONSHAPE($,$,(#1023,#1024));
#1026= IFCMECHANICALFASTENER('1HuIOPTwr9cvWrSt6CKzXs',#44,'Bolt assembly',$,$,#1022,#1025,'ID51e12619-77ad-499b-9835-73718c53d876',16.,40.);
#1027= IFCLOCALPLACEMENT(#42,#10);
#1028= IFCELEMENTASSEMBLY('2jU_izoizCvuE2D5Ww679U',#44,$,$,$,#1027,$,'A/193(?)',.NOTDEFINED.,.RIGID_FRAME.);
#1029= IFCCARTESIANPOINT((57405.1717880675,7986.56750586651,56771.827377237));
#1030= IFCAXIS2PLACEMENT3D(#1029,#720,#721);
#1031= IFCLOCALPLACEMENT(#1027,#1030);
#1032= IFCSHAPEREPRESENTATION(#12,'Body','Brep',(#291));
#1033= IFCSHAPEREPRESENTATION(#13,'Axis','GeometricCurveSet',(#301));
#1034= IFCPRODUCTDEFINITIONSHAPE($,$,(#1032,#1033));
#1035= IFCFASTENER('115pNEsO987wUaAzKZJq2R',#44,'Weld',$,$,#1031,#1034,'ID411735ce-d982-481f-a7a4-2bd5234f409b');
#1036= IFCPROPERTYSINGLEVALUE('WeldID',$,IFCINTEGER(115378770),$);
#1037= IFCPROPERTYSET('1h5sD6N1f9xvLFq2AO2dr2',#5,'AISC_EM11_Pset_Weld','WeldIdentity',(#305,#306,#307,#308,#1036,#310,#311,#312,#313,#314,#315,#316,#317,#318,#319,#320));
#1038= IFCCARTESIANPOINT((57305.3350000097,7992.27852596402,56771.8273772371));
#1039= IFCAXIS2PLACEMENT3D(#1038,#720,#721);
#1040= IFCLOCALPLACEMENT(#1027,#1039);
#1041= IFCSHAPEREPRESENTATION(#12,'Body','Brep',(#291));
#1042= IFCSHAPEREPRESENTATION(#13,'Axis','GeometricCurveSet',(#301));
#1043= IFCPRODUCTDEFINITIONSHAPE($,$,(#1041,#1042));
#1044= IFCFASTENER('2QNpjDNgz4g9uvSxmQ9Pcc',#44,'Weld',$,$,#1040,#1043,'ID9a5f3b4d-5eaf-44a8-9e39-73bc1a2599a6');
#1045= IFCPROPERTYSINGLEVALUE('WeldID',$,IFCINTEGER(115378725),$);
#1046= IFCPROPERTYSET('1O78hH4kj4Oxbxabk23Mgw',#5,'AISC_EM11_Pset_Weld','WeldIdentity',(#305,#306,#307,#308,#1045,#310,#311,#312,#313,#314,#315,#316,#317,#318,#319,#320));
#1047= IFCCARTESIANPOINT((57352.447,7978.394,56714.998));
#1048= IFCAXIS2PLACEMENT3D(#1047,#740,#9);
#1049= IFCLOCALPLACEMENT(#1027,#1048);
#1050= IFCSHAPEREPRESENTATION(#12,'Body','Brep',(#784));
#1051= IFCSHAPEREPRESENTATION(#13,'Axis','GeometricCurveSet',(#379,#788));
#1052= IFCPRODUCTDEFINITIONSHAPE($,$,(#1050,#1051));
#1053= IFCFASTENER('3T5pbjdTnBHwkgeeya3uCX',#44,'Weld',$,$,#1049,#1052,'IDdd17396d-9ddc-4b47-abaa-a28f240f8321');
#1054= IFCPROPERTYSINGLEVALUE('WeldID',$,IFCINTEGER(115378663),$);
#1055= IFCPROPERTYSET('3MwPktVmf5puO4kqoaL_J3',#5,'AISC_EM11_Pset_Weld','WeldIdentity',(#305,#306,#307,#308,#1054,#387,#311,#312,#388,#314,#389,#390,#317,#318,#319,#320));
#1056= IFCCARTESIANPOINT((57352.3006475068,7923.31216875979,56619.9981994629));
#1057= IFCAXIS2PLACEMENT3D(#1056,#9,#56);
#1058= IFCLOCALPLACEMENT(#1027,#1057);
#1059= IFCSHAPEREPRESENTATION(#12,'Body','SweptSolid',(#399));
#1060= IFCPRODUCTDEFINITIONSHAPE($,$,(#1059));
#1061= IFCDISCRETEACCESSORY('0NQ2RBUdvBdQJXy8fXTrFp',#44,'Support section',$,$,#1058,#1060,'1050(?)');
#1062= IFCLOCALPLACEMENT(#1027,#1021);
#1063= IFCSHAPEREPRESENTATION(#12,'Body','MappedRepresentation',(#410,#411,#412));
#1064= IFCPRODUCTDEFINITIONSHAPE($,$,(#1063));
#1065= IFCOPENINGELEMENT('12utCSq455d8gTEgQdCBwt',#5,$,$,'Opening',#1062,#1064,$);
#1066= IFCRELVOIDSELEMENT('0lO9BzyFv1rgwNJ8YS3dfR',#5,'Drill Hole',$,#1061,#1065);
#1067= IFCCARTESIANPOINT((57422.663121639,8242.81522090701,56644.9989501104));
#1068= IFCAXIS2PLACEMENT3D(#1067,#806,#807);
#1069= IFCLOCALPLACEMENT(#1027,#1068);
#1070= IFCSHAPEREPRESENTATION(#12,'Body','Brep',(#675));
#1071= IFCPRODUCTDEFINITIONSHAPE($,$,(#1070));
#1072= IFCDISCRETEACCESSORY('2p5N9EDT55IRmjsqp3_i8c',#44,'Support section',$,$,#1069,#1071,'1497(?)');
#1073= IFCCARTESIANPOINT((57322.8263335812,8248.52624100452,56644.9989501104));
#1074= IFCAXIS2PLACEMENT3D(#1073,#806,#807);
#1075= IFCLOCALPLACEMENT(#1027,#1074);
#1076= IFCSHAPEREPRESENTATION(#12,'Body','Brep',(#675));
#1077= IFCPRODUCTDEFINITIONSHAPE($,$,(#1076));
#1078= IFCDISCRETEACCESSORY('3ujoBZjTzAVRAhIm6G3tcc',#44,'Support section',$,$,#1075,#1077,'1497(?)');
#1079= IFCCARTESIANPOINT((57361.8173035417,7982.86586937318,56594.9981994629));
#1080= IFCAXIS2PLACEMENT3D(#1079,#9,#820);
#1081= IFCLOCALPLACEMENT(#1027,#1080);
#1082= IFCSHAPEREPRESENTATION(#12,'Body','SweptSolid',(#695));
#1083= IFCPRODUCTDEFINITIONSHAPE($,$,(#1082));
#1084= IFCCOLUMN('2j6SCxg0T0gP6eFUcaBZAD',#44,'main piece','PL10*200','PL10*200',#1081,#1083,'1496(?)');
#1085= IFCLOCALPLACEMENT(#42,#10);
#1086= IFCELEMENTASSEMBLY('0tL28q71X9D8M_ASikmaZE',#44,'BEAM',$,$,#1085,$,'B/681(?)',.NOTDEFINED.,.RIGID_FRAME.);
#1087= IFCPROPERTYSINGLEVALUE('AssemblyMark',$,IFCIDENTIFIER('B/681(?)'),$);
#1088= IFCPROPERTYSET('0OHub1ajL0exI43DWrroRH',#5,'AISC_EM11_Pset_AssemblyIdentification','AssemblyIdentity',(#1087,#52,#53));
#1089= IFCCARTESIANPOINT((55230.9614897604,8089.73389452805,56834.9981994629));
#1090= IFCAXIS2PLACEMENT3D(#1089,#393,#57);
#1091= IFCLOCALPLACEMENT(#1085,#1090);
#1092= IFCSHAPEREPRESENTATION(#12,'Body','MappedRepresentation',(#89,#92,#95));
#1093= IFCSHAPEREPRESENTATION(#12,'Axis','MappedRepresentation',(#101,#102,#103));
#1094= IFCPRODUCTDEFINITIONSHAPE($,$,(#1092,#1093));
#1095= IFCMECHANICALFASTENER('3yt5YyLTz83vUiuCkJvGNl',#44,'Bolt assembly',$,$,#1091,#1094,'IDfcdc58bc-55df-480f-97ac-e0cb93e505ef',16.,40.);
#1096= IFCLOCALPLACEMENT(#42,#10);
#1097= IFCELEMENTASSEMBLY('2_GK3d4JHFg8kTiNZ1OHDv',#44,$,$,$,#1096,$,'A/193(?)',.NOTDEFINED.,.RIGID_FRAME.);
#1098= IFCCARTESIANPOINT((55275.1726273009,8108.41104922987,56771.827377237));
#1099= IFCAXIS2PLACEMENT3D(#1098,#720,#721);
#1100= IFCLOCALPLACEMENT(#1096,#1099);
#1101= IFCSHAPEREPRESENTATION(#12,'Body','Brep',(#291));
#1102= IFCSHAPEREPRESENTATION(#13,'Axis','GeometricCurveSet',(#301));
#1103= IFCPRODUCTDEFINITIONSHAPE($,$,(#1101,#1102));
#1104= IFCFASTENER('1oSkmn0Lj2jwXjzJlnS46P',#44,'Weld',$,$,#1100,#1103,'ID7272ec31-015b-42b7-a86d-f53bf1704199');
#1105= IFCPROPERTYSINGLEVALUE('WeldID',$,IFCINTEGER(115378380),$);
#1106= IFCPROPERTYSET('05okxXJCD6Y9xdMns4SpBw',#5,'AISC_EM11_Pset_Weld','WeldIdentity',(#305,#306,#307,#308,#1105,#310,#311,#312,#313,#314,#315,#316,#317,#318,#319,#320));
#1107= IFCCARTESIANPOINT((55175.3358392431,8114.12206932737,56771.827377237));
#1108= IFCAXIS2PLACEMENT3D(#1107,#720,#721);
#1109= IFCLOCALPLACEMENT(#1096,#1108);
#1110= IFCSHAPEREPRESENTATION(#12,'Body','Brep',(#291));
#1111= IFCSHAPEREPRESENTATION(#13,'Axis','GeometricCurveSet',(#301));
#1112= IFCPRODUCTDEFINITIONSHAPE($,$,(#1110,#1111));
#1113= IFCFASTENER('1jCgVSBmzAcB8238HlGqoo',#44,'Weld',$,$,#1109,#1112,'ID6d32a7dc-2f0f-4a98-b202-0c846f434cb2');
#1114= IFCPROPERTYSINGLEVALUE('WeldID',$,IFCINTEGER(115378335),$);
#1115= IFCPROPERTYSET('1NNTEcJc9CL9xNxLUEoyPp',#5,'AISC_EM11_Pset_Weld','WeldIdentity',(#305,#306,#307,#308,#1114,#310,#311,#312,#313,#314,#315,#316,#317,#318,#319,#320));
#1116= IFCCARTESIANPOINT((55228.438,8099.895,56714.998));
#1117= IFCAXIS2PLACEMENT3D(#1116,#740,#57);
#1118= IFCLOCALPLACEMENT(#1096,#1117);
#1119= IFCSHAPEREPRESENTATION(#12,'Body','Brep',(#882));
#1120= IFCSHAPEREPRESENTATION(#13,'Axis','GeometricCurveSet',(#379,#886));
#1121= IFCPRODUCTDEFINITIONSHAPE($,$,(#1119,#1120));
#1122= IFCFASTENER('2yLmepAL5CVxqg4eVfd2TG',#44,'Weld',$,$,#1118,#1121,'IDbc570a33-2951-4c7f-bd2a-1287e99c2750');
#1123= IFCPROPERTYSINGLEVALUE('WeldID',$,IFCINTEGER(115378273),$);
#1124= IFCPROPERTYSET('3d_tMEAO97Xf0Pe$5SbJkI',#5,'AISC_EM11_Pset_Weld','WeldIdentity',(#305,#306,#307,#308,#1123,#387,#311,#312,#388,#314,#389,#390,#317,#318,#319,#320));
#1125= IFCCARTESIANPOINT((55222.3014867402,8045.15571212314,56619.9981994629));
#1126= IFCAXIS2PLACEMENT3D(#1125,#9,#56);
#1127= IFCLOCALPLACEMENT(#1096,#1126);
#1128= IFCSHAPEREPRESENTATION(#12,'Body','SweptSolid',(#399));
#1129= IFCPRODUCTDEFINITIONSHAPE($,$,(#1128));
#1130= IFCDISCRETEACCESSORY('2mtZOvLF9AqvgP4Sr6XK4G',#44,'Support section',$,$,#1127,#1129,'1050(?)');
#1131= IFCLOCALPLACEMENT(#1096,#1090);
#1132= IFCSHAPEREPRESENTATION(#12,'Body','MappedRepresentation',(#410,#411,#412));
#1133= IFCPRODUCTDEFINITIONSHAPE($,$,(#1132));
#1134= IFCOPENINGELEMENT('3ksEEmbVv3XAIWRoWiMEdA',#5,$,$,'Opening',#1131,#1133,$);
#1135= IFCRELVOIDSELEMENT('0nPBk79Ar6bO0XN5UWKq3y',#5,'Drill Hole',$,#1130,#1134);
#1136= IFCCARTESIANPOINT((55292.6639608724,8364.65876427037,56644.9989501104));
#1137= IFCAXIS2PLACEMENT3D(#1136,#806,#807);
#1138= IFCLOCALPLACEMENT(#1096,#1137);
#1139= IFCSHAPEREPRESENTATION(#12,'Body','Brep',(#675));
#1140= IFCPRODUCTDEFINITIONSHAPE($,$,(#1139));
#1141= IFCDISCRETEACCESSORY('0Z0Y2yjP17Bg9Dql_Xp$Ge',#44,'Support section',$,$,#1138,#1140,'1497(?)');
#1142= IFCCARTESIANPOINT((55192.8271728146,8370.36978436788,56644.9989501104));
#1143= IFCAXIS2PLACEMENT3D(#1142,#806,#807);
#1144= IFCLOCALPLACEMENT(#1096,#1143);
#1145= IFCSHAPEREPRESENTATION(#12,'Body','Brep',(#675));
#1146= IFCPRODUCTDEFINITIONSHAPE($,$,(#1145));
#1147= IFCDISCRETEACCESSORY('10RQqAZtr5xhMTK1_Uc43V',#44,'Support section',$,$,#1144,#1146,'1497(?)');
#1148= IFCCARTESIANPOINT((55231.8181427751,8104.70941273654,56594.9981994629));
#1149= IFCAXIS2PLACEMENT3D(#1148,#9,#820);
#1150= IFCLOCALPLACEMENT(#1096,#1149);
#1151= IFCSHAPEREPRESENTATION(#12,'Body','SweptSolid',(#695));
#1152= IFCPRODUCTDEFINITIONSHAPE($,$,(#1151));
#1153= IFCCOLUMN('1U8cFiflvEveBK$bjvcNwz',#44,'main piece','PL10*200','PL10*200',#1150,#1152,'1496(?)');
#1154= IFCLOCALPLACEMENT(#42,#10);
#1155= IFCELEMENTASSEMBLY('07fII7FRL5fua_YnwK0R71',#44,'BEAM',$,$,#1154,$,'B/656(?)',.NOTDEFINED.,.RIGID_FRAME.);
#1156= IFCPROPERTYSINGLEVALUE('AssemblyMark',$,IFCIDENTIFIER('B/656(?)'),$);
#1157= IFCPROPERTYSET('2fWzBPWXn79RAstsNx1oHA',#5,'AISC_EM11_Pset_AssemblyIdentification','AssemblyIdentity',(#1156,#52,#53));
#1158= IFCCARTESIANPOINT((52999.5299745528,9132.49392488389,56835.));
#1159= IFCDIRECTION((-0.00150757099941984,0.999998863614195,0.));
#1160= IFCAXIS2PLACEMENT3D(#1158,#1159,#57);
#1161= IFCLOCALPLACEMENT(#1154,#1160);
#1162= IFCCARTESIANPOINT((0.,2.46388010733703,0.));
#1163= IFCAXIS2PLACEMENT3D(#1162,#8,#7);
#1164= IFCEXTRUDEDAREASOLID(#78,#1163,#9,8.);
#1165= IFCCARTESIANPOINT((0.,10.463880107337,0.));
#1166= IFCAXIS2PLACEMENT3D(#1165,#8,#7);
#1167= IFCEXTRUDEDAREASOLID(#67,#1166,#9,13.);
#1168= IFCSHAPEREPRESENTATION(#12,'Body','SweptSolid',(#70,#77,#1164,#1167));
#1169= IFCREPRESENTATIONMAP(#10,#1168);
#1170= IFCMAPPEDITEM(#1169,#86);
#1171= IFCMAPPEDITEM(#1169,#91);
#1172= IFCMAPPEDITEM(#1169,#94);
#1173= IFCSHAPEREPRESENTATION(#12,'Body','MappedRepresentation',(#1170,#1171,#1172));
#1174= IFCSHAPEREPRESENTATION(#12,'Axis','MappedRepresentation',(#101,#102,#103));
#1175= IFCPRODUCTDEFINITIONSHAPE($,$,(#1173,#1174));
#1176= IFCMECHANICALFASTENER('39SAt9ISD4afj3MeAV4Zrn',#44,'Bolt assembly',$,$,#1161,#1175,'IDc970adc9-49c3-4492-9b43-5a829f123d71',16.,40.);
#1177= IFCLOCALPLACEMENT(#42,#10);
#1178= IFCELEMENTASSEMBLY('2byC86M9L2ZgMuRW$8TuPq',#44,$,$,$,#1177,$,'A/193(?)',.NOTDEFINED.,.RIGID_FRAME.);
#1179= IFCCARTESIANPOINT((52956.4896175875,9111.25743561423,56771.8291777665));
#1180= IFCDIRECTION((0.329028610079368,0.934445749074795,-0.136203215032852));
#1181= IFCDIRECTION((-0.863394044827327,0.356105520928905,0.357406744928885));
#1182= IFCAXIS2PLACEMENT3D(#1179,#1180,#1181);
#1183= IFCLOCALPLACEMENT(#1177,#1182);
#1184= IFCCARTESIANPOINT((-45.3293352263681,-125.6590767741,18.5236371983337));
#1185= IFCCARTESIANPOINT((-48.576511827192,-125.653838000959,10.038357441219));
#1186= IFCCARTESIANPOINT((-57.3772525370223,-117.846732223174,8.88749752158401));
#1187= IFCCARTESIANPOINT((-50.2103870415413,-121.329113071697,17.8853492308808));
#1188= IFCPOLYLOOP((#1184,#1185,#1186,#1187));
#1189= IFCFACEOUTERBOUND(#1188,.T.);
#1190= IFCFACE((#1189));
#1191= IFCCARTESIANPOINT((-48.1311817196183,-134.145907655649,21.0307662290288));
#1192= IFCCARTESIANPOINT((-59.2699310822136,-124.264762718754,19.574168356321));
#1193= IFCPOLYLOOP((#1185,#1191,#1192,#1186));
#1194= IFCFACEOUTERBOUND(#1193,.T.);
#1195= IFCFACE((#1194));
#1196= IFCPOLYLOOP((#1191,#1184,#1187,#1192));
#1197= IFCFACEOUTERBOUND(#1196,.T.);
#1198= IFCFACE((#1197));
#1199= IFCPOLYLOOP((#1192,#1187,#1186));
#1200= IFCFACEOUTERBOUND(#1199,.T.);
#1201= IFCFACE((#1200));
#1202= IFCPOLYLOOP((#1191,#1185,#1184));
#1203= IFCFACEOUTERBOUND(#1202,.T.);
#1204= IFCFACE((#1203));
#1205= IFCCARTESIANPOINT((-8.33773718911834,-13.0804208460613,1.92820905878398));
#1206= IFCCARTESIANPOINT((-13.1032863467153,-12.0203607752192,-3.38577916015129));
#1207= IFCCARTESIANPOINT((-8.45235064494773,0.00318464438896626,-5.15819225523956));
#1208= IFCPOLYLOOP((#1205,#1206,#1207,#156));
#1209= IFCFACEOUTERBOUND(#1208,.T.);
#1210= IFCFACE((#1209));
#1211= IFCCARTESIANPOINT((-14.5642272257683,-10.3203957818623,4.31268811865448));
#1212= IFCCARTESIANPOINT((-6.96469951515974,9.32581574530923,1.41660369726378));
#1213= IFCPOLYLOOP((#1206,#1211,#1212,#1207));
#1214= IFCFACEOUTERBOUND(#1213,.T.);
#1215= IFCFACE((#1214));
#1216= IFCPOLYLOOP((#1211,#1205,#156,#1212));
#1217= IFCFACEOUTERBOUND(#1216,.T.);
#1218= IFCFACE((#1217));
#1219= IFCCARTESIANPOINT((-45.1506318541797,-108.248692225519,15.9571401720859));
#1220= IFCCARTESIANPOINT((-49.9161810117839,-107.188632154663,10.6431519531507));
#1221= IFCPOLYLOOP((#1219,#1220,#1206,#1205));
#1222= IFCFACEOUTERBOUND(#1221,.T.);
#1223= IFCFACE((#1222));
#1224= IFCCARTESIANPOINT((-51.3771218908369,-105.48866716132,18.3416192319528));
#1225= IFCPOLYLOOP((#1220,#1224,#1211,#1206));
#1226= IFCFACEOUTERBOUND(#1225,.T.);
#1227= IFCFACE((#1226));
#1228= IFCPOLYLOOP((#1224,#1219,#1205,#1211));
#1229= IFCFACEOUTERBOUND(#1228,.T.);
#1230= IFCFACE((#1229));
#1231= IFCCARTESIANPOINT((-54.5671167135588,-119.212177574358,12.4155650482498));
#1232= IFCPOLYLOOP((#1187,#1231,#1220,#1219));
#1233= IFCFACEOUTERBOUND(#1232,.T.);
#1234= IFCFACE((#1233));
#1235= IFCCARTESIANPOINT((-58.9766496014854,-125.134878688652,21.2377036533617));
#1236= IFCPOLYLOOP((#1231,#1235,#1224,#1220));
#1237= IFCFACEOUTERBOUND(#1236,.T.);
#1238= IFCFACE((#1237));
#1239= IFCPOLYLOOP((#1235,#1187,#1219,#1224));
#1240= IFCFACEOUTERBOUND(#1239,.T.);
#1241= IFCFACE((#1240));
#1242= IFCPOLYLOOP((#1212,#156,#1207));
#1243= IFCFACEOUTERBOUND(#1242,.T.);
#1244= IFCFACE((#1243));
#1245= IFCPOLYLOOP((#1235,#1231,#1187));
#1246= IFCFACEOUTERBOUND(#1245,.T.);
#1247= IFCFACE((#1246));
#1248= IFCCARTESIANPOINT((0.030805400940153,0.00523877309751697,-8.48527975705656));
#1249= IFCCARTESIANPOINT((5.8116093348799,-7.79699484474258,-15.2258934287238));
#1250= IFCCARTESIANPOINT((6.48412162858585,-4.32726151337556,-3.73846766794304));
#1251= IFCPOLYLOOP((#197,#1248,#1249,#1250));
#1252= IFCFACEOUTERBOUND(#1251,.T.);
#1253= IFCFACE((#1252));
#1254= IFCCARTESIANPOINT((7.04127021280146,8.48527975704928,0.00523877310479293));
#1255= IFCCARTESIANPOINT((14.3578050656361,-1.38969867976266,-8.52608929509734));
#1256= IFCPOLYLOOP((#1248,#1254,#1255,#1249));
#1257= IFCFACEOUTERBOUND(#1256,.T.);
#1258= IFCFACE((#1257));
#1259= IFCPOLYLOOP((#1254,#197,#1250,#1255));
#1260= IFCFACEOUTERBOUND(#1259,.T.);
#1261= IFCFACE((#1260));
#1262= IFCCARTESIANPOINT((-11.7898720847443,0.00523877306841314,-8.48527975705656));
#1263= IFCPOLYLOOP((#156,#1262,#1248,#197));
#1264= IFCFACEOUTERBOUND(#1263,.T.);
#1265= IFCFACE((#1264));
#1266= IFCCARTESIANPOINT((-7.91969365945988,8.48527975700563,0.00523877310843091));
#1267= IFCPOLYLOOP((#1262,#1266,#1254,#1248));
#1268= IFCFACEOUTERBOUND(#1267,.T.);
#1269= IFCFACE((#1268));
#1270= IFCPOLYLOOP((#1266,#156,#197,#1254));
#1271= IFCFACEOUTERBOUND(#1270,.T.);
#1272= IFCFACE((#1271));
#1273= IFCPOLYLOOP((#1255,#1250,#1249));
#1274= IFCFACEOUTERBOUND(#1273,.T.);
#1275= IFCFACE((#1274));
#1276= IFCPOLYLOOP((#1266,#1262,#156));
#1277= IFCFACEOUTERBOUND(#1276,.T.);
#1278= IFCFACE((#1277));
#1279= IFCCARTESIANPOINT((-35.3885282238007,-112.575953738895,12.2186725041429));
#1280= IFCCARTESIANPOINT((-35.3885282237934,-113.628325397993,5.07968302317022));
#1281= IFCCARTESIANPOINT((-40.0394639255683,-125.651870817688,6.85209611826576));
#1282= IFCCARTESIANPOINT((-40.4482834111659,-125.656374585058,14.1468815629341));
#1283= IFCPOLYLOOP((#1279,#1280,#1281,#1282));
#1284= IFCFACEOUTERBOUND(#1283,.T.);
#1285= IFCFACE((#1284));
#1286= IFCCARTESIANPOINT((-29.1620381871653,-115.335978803094,9.83419344427239));
#1287= IFCCARTESIANPOINT((-36.7615658977957,-134.982190330367,12.730277865674));
#1288= IFCPOLYLOOP((#1280,#1286,#1287,#1281));
#1289= IFCFACEOUTERBOUND(#1288,.T.);
#1290= IFCFACE((#1289));
#1291= IFCPOLYLOOP((#1286,#1279,#1282,#1287));
#1292= IFCFACEOUTERBOUND(#1291,.T.);
#1293= IFCFACE((#1292));
#1294= IFCCARTESIANPOINT((1.42436644126064,-17.4076823594514,-1.8102586091627));
#1295= IFCCARTESIANPOINT((1.42436644128975,-18.4600540185638,-8.94924809013173));
#1296= IFCPOLYLOOP((#1294,#1295,#1280,#1279));
#1297= IFCFACEOUTERBOUND(#1296,.T.);
#1298= IFCFACE((#1297));
#1299= IFCCARTESIANPOINT((7.65085647790329,-20.1677074236504,-4.19473766902956));
#1300= IFCPOLYLOOP((#1295,#1299,#1286,#1280));
#1301= IFCFACEOUTERBOUND(#1300,.T.);
#1302= IFCFACE((#1301));
#1303= IFCPOLYLOOP((#1299,#1294,#1279,#1286));
#1304= IFCFACEOUTERBOUND(#1303,.T.);
#1305= IFCFACE((#1304));
#1306= IFCCARTESIANPOINT((6.07530214305007,-6.43650859891204,-10.7216611852127));
#1307= IFCPOLYLOOP((#1250,#1306,#1295,#1294));
#1308= IFCFACEOUTERBOUND(#1307,.T.);
#1309= IFCFACE((#1308));
#1310= IFCCARTESIANPOINT((15.25038418849,-0.52149589646433,-7.09082209040935));
#1311= IFCPOLYLOOP((#1306,#1310,#1299,#1295));
#1312= IFCFACEOUTERBOUND(#1311,.T.);
#1313= IFCFACE((#1312));
#1314= IFCPOLYLOOP((#1310,#1250,#1294,#1299));
#1315= IFCFACEOUTERBOUND(#1314,.T.);
#1316= IFCFACE((#1315));
#1317= IFCPOLYLOOP((#1287,#1282,#1281));
#1318= IFCFACEOUTERBOUND(#1317,.T.);
#1319= IFCFACE((#1318));
#1320= IFCPOLYLOOP((#1310,#1306,#1250));
#1321= IFCFACEOUTERBOUND(#1320,.T.);
#1322= IFCFACE((#1321));
#1323= IFCCARTESIANPOINT((-39.7757711173545,-125.648965841014,2.14688384991314));
#1324= IFCPOLYLOOP((#1282,#1323,#1185,#1184));
#1325= IFCFACEOUTERBOUND(#1324,.T.);
#1326= IFCFACE((#1325));
#1327= IFCCARTESIANPOINT((-36.9924323570594,-134.139741155537,11.0428402880971));
#1328= IFCPOLYLOOP((#1323,#1327,#1191,#1185));
#1329= IFCFACEOUTERBOUND(#1328,.T.);
#1330= IFCFACE((#1329));
#1331= IFCPOLYLOOP((#1327,#1282,#1184,#1191));
#1332= IFCFACEOUTERBOUND(#1331,.T.);
#1333= IFCFACE((#1332));
#1334= IFCPOLYLOOP((#1191,#1184,#1185));
#1335= IFCFACEOUTERBOUND(#1334,.T.);
#1336= IFCFACE((#1335));
#1337= IFCPOLYLOOP((#1327,#1323,#1282));
#1338= IFCFACEOUTERBOUND(#1337,.T.);
#1339= IFCFACE((#1338));
#1340= IFCCLOSEDSHELL((#1190,#1195,#1198,#1201,#1204,#1210,#1215,#1218,#1223,#1227,#1230,#1234,#1238,#1241,#1244,#1247,#1253,#1258,#1261,#1265,#1269,#1272,#1275,#1278,#1285,#1290,#1293,#1298,#1302,#1305,#1309,#1313,#1316,#1319,#1322,#1326,#1330,#1333,#1336,#1339));
#1341= IFCFACETEDBREP(#1340);
#1342= IFCSHAPEREPRESENTATION(#12,'Body','Brep',(#1341));
#1343= IFCCARTESIANPOINT((-45.3293352265973,18.5236371984502,125.659076774173));
#1344= IFCCARTESIANPOINT((-50.2103870417704,17.8853492309936,121.329113071755));
#1345= IFCCARTESIANPOINT((-45.1506318543798,15.9571401721805,108.248692225563));
#1346= IFCCARTESIANPOINT((-8.33773718913289,1.92820905879489,13.0804208460613));
#1347= IFCCARTESIANPOINT((6.4841216285713,-3.73846766792485,4.32726151339011));
#1348= IFCCARTESIANPOINT((1.42436644122427,-1.8102586091336,17.407682359466));
#1349= IFCCARTESIANPOINT((-35.3885282240262,12.2186725042557,112.575953738968));
#1350= IFCCARTESIANPOINT((-40.4482834114133,14.1468815630651,125.656374585145));
#1351= IFCPOLYLINE((#1343,#1344,#1345,#1346,#156,#197,#1347,#1348,#1349,#1350,#1343));
#1352= IFCSHAPEREPRESENTATION(#13,'Axis','GeometricCurveSet',(#1351));
#1353= IFCPRODUCTDEFINITIONSHAPE($,$,(#1342,#1352));
#1354= IFCFASTENER('2bvNkQ4fX4gPqPAi6HHXdS',#44,'Weld',$,$,#1183,#1353,'IDa5e57b9a-1298-44a9-9d19-2ac1914619dc');
#1355= IFCPROPERTYSINGLEVALUE('WeldID',$,IFCINTEGER(115377990),$);
#1356= IFCPROPERTYSET('2WXA4ckL9FrRXyAgs7mPJA',#5,'AISC_EM11_Pset_Weld','WeldIdentity',(#305,#306,#307,#308,#1355,#310,#311,#312,#313,#314,#315,#316,#317,#318,#319,#320));
#1357= IFCCARTESIANPOINT((53056.4895039484,9111.4081927142,56771.8291777665));
#1358= IFCAXIS2PLACEMENT3D(#1357,#1180,#1181);
#1359= IFCLOCALPLACEMENT(#1177,#1358);
#1360= IFCSHAPEREPRESENTATION(#12,'Body','Brep',(#1341));
#1361= IFCSHAPEREPRESENTATION(#13,'Axis','GeometricCurveSet',(#1351));
#1362= IFCPRODUCTDEFINITIONSHAPE($,$,(#1360,#1361));
#1363= IFCFASTENER('2z2Qor9fT1c83IkbXHN7HL',#44,'Weld',$,$,#1359,#1362,'IDbd09acb5-2697-4198-80d2-ba58515c7455');
#1364= IFCPROPERTYSINGLEVALUE('WeldID',$,IFCINTEGER(115377945),$);
#1365= IFCPROPERTYSET('1X4LWvllPCgfG7WXWOlS62',#5,'AISC_EM11_Pset_Weld','WeldIdentity',(#305,#306,#307,#308,#1364,#310,#311,#312,#313,#314,#315,#316,#317,#318,#319,#320));
#1366= IFCCARTESIANPOINT((53008.645,9122.508,56715.));
#1367= IFCAXIS2PLACEMENT3D(#1366,#8,#9);
#1368= IFCLOCALPLACEMENT(#1177,#1367);
#1369= IFCCARTESIANPOINT((-95.,-0.00639608204801334,4.24263586583584));
#1370= IFCCARTESIANPOINT((95.,-0.00639608204801334,4.24263586583584));
#1371= IFCPOLYLOOP((#1369,#335,#336,#1370));
#1372= IFCFACEOUTERBOUND(#1371,.T.);
#1373= IFCFACE((#1372));
#1374= IFCCARTESIANPOINT((-95.,4.24263586583402,0.00639608206256526));
#1375= IFCCARTESIANPOINT((95.,4.24263586583402,0.00639608206256526));
#1376= IFCPOLYLOOP((#335,#1374,#1375,#336));
#1377= IFCFACEOUTERBOUND(#1376,.T.);
#1378= IFCFACE((#1377));
#1379= IFCPOLYLOOP((#1374,#1369,#1370,#1375));
#1380= IFCFACEOUTERBOUND(#1379,.T.);
#1381= IFCFACE((#1380));
#1382= IFCPOLYLOOP((#1375,#1370,#336));
#1383= IFCFACEOUTERBOUND(#1382,.T.);
#1384= IFCFACE((#1383));
#1385= IFCPOLYLOOP((#1374,#335,#1369));
#1386= IFCFACEOUTERBOUND(#1385,.T.);
#1387= IFCFACE((#1386));
#1388= IFCCARTESIANPOINT((95.,-6.00639608204801,4.23363586585037));
#1389= IFCCARTESIANPOINT((95.,-6.,-0.00900000000001455));
#1390= IFCCARTESIANPOINT((-95.,-6.,-0.00900000000001455));
#1391= IFCCARTESIANPOINT((-95.,-6.00639608204801,4.23363586585037));
#1392= IFCPOLYLOOP((#1388,#1389,#1390,#1391));
#1393= IFCFACEOUTERBOUND(#1392,.T.);
#1394= IFCFACE((#1393));
#1395= IFCCARTESIANPOINT((95.,-10.2426358658486,-0.0153960820625798));
#1396= IFCCARTESIANPOINT((-95.,-10.2426358658486,-0.0153960820625798));
#1397= IFCPOLYLOOP((#1389,#1395,#1396,#1390));
#1398= IFCFACEOUTERBOUND(#1397,.T.);
#1399= IFCFACE((#1398));
#1400= IFCPOLYLOOP((#1395,#1388,#1391,#1396));
#1401= IFCFACEOUTERBOUND(#1400,.T.);
#1402= IFCFACE((#1401));
#1403= IFCPOLYLOOP((#1396,#1391,#1390));
#1404= IFCFACEOUTERBOUND(#1403,.T.);
#1405= IFCFACE((#1404));
#1406= IFCPOLYLOOP((#1395,#1389,#1388));
#1407= IFCFACEOUTERBOUND(#1406,.T.);
#1408= IFCFACE((#1407));
#1409= IFCCLOSEDSHELL((#1373,#1378,#1381,#1384,#1387,#1394,#1399,#1402,#1405,#1408));
#1410= IFCFACETEDBREP(#1409);
#1411= IFCSHAPEREPRESENTATION(#12,'Body','Brep',(#1410));
#1412= IFCCARTESIANPOINT((95.,-0.00900000000001455,6.));
#1413= IFCCARTESIANPOINT((-95.,-0.00900000000001455,6.));
#1414= IFCPOLYLINE((#1412,#1413));
#1415= IFCSHAPEREPRESENTATION(#13,'Axis','GeometricCurveSet',(#379,#1414));
#1416= IFCPRODUCTDEFINITIONSHAPE($,$,(#1411,#1415));
#1417= IFCFASTENER('272aR$pLD1oBgncT7zqL2s',#44,'Weld',$,$,#1368,#1416,'ID870a46ff-cd53-41c8-bab1-99d1fdd150b6');
#1418= IFCPROPERTYSINGLEVALUE('WeldID',$,IFCINTEGER(115377883),$);
#1419= IFCPROPERTYSET('2LmuTe_ZH7RuPaA4I3KxVZ',#5,'AISC_EM11_Pset_Weld','WeldIdentity',(#305,#306,#307,#308,#1418,#387,#311,#312,#388,#314,#389,#390,#317,#318,#319,#320));
#1420= IFCCARTESIANPOINT((53005.5621268305,9177.50306992913,56620.));
#1421= IFCDIRECTION((0.00150757099941984,-0.999998863614195,0.));
#1422= IFCAXIS2PLACEMENT3D(#1420,#9,#1421);
#1423= IFCLOCALPLACEMENT(#1177,#1422);
#1424= IFCSHAPEREPRESENTATION(#12,'Body','SweptSolid',(#399));
#1425= IFCPRODUCTDEFINITIONSHAPE($,$,(#1424));
#1426= IFCDISCRETEACCESSORY('3KOcjyX$j1sgNOQTLhCX_1',#44,'Support section',$,$,#1423,#1425,'1050(?)');
#1427= IFCLOCALPLACEMENT(#1177,#1160);
#1428= IFCSHAPEREPRESENTATION(#12,'Body','MappedRepresentation',(#410,#411,#412));
#1429= IFCPRODUCTDEFINITIONSHAPE($,$,(#1428));
#1430= IFCOPENINGELEMENT('3JYPXjMdTBih81dePeQhgP',#5,$,$,'Opening',#1427,#1429,$);
#1431= IFCRELVOIDSELEMENT('3xAZmK73vDn8zmsWgAaNFb',#5,'Drill Hole',$,#1426,#1430);
#1432= IFCCARTESIANPOINT((52954.0483807067,8854.42504211518,56645.0007506475));
#1433= IFCDIRECTION((-0.00150757099940246,0.999998863612694,1.73300000383062E-06));
#1434= IFCAXIS2PLACEMENT3D(#1432,#432,#1433);
#1435= IFCLOCALPLACEMENT(#1177,#1434);
#1436= IFCSHAPEREPRESENTATION(#12,'Body','Brep',(#675));
#1437= IFCPRODUCTDEFINITIONSHAPE($,$,(#1436));
#1438= IFCDISCRETEACCESSORY('1NANDlmaDFg937xTdY_00S',#44,'Support section',$,$,#1435,#1437,'1497(?)');
#1439= IFCCARTESIANPOINT((53054.0482670675,8854.57579921516,56645.0007506475));
#1440= IFCAXIS2PLACEMENT3D(#1439,#432,#1433);
#1441= IFCLOCALPLACEMENT(#1177,#1440);
#1442= IFCSHAPEREPRESENTATION(#12,'Body','Brep',(#675));
#1443= IFCPRODUCTDEFINITIONSHAPE($,$,(#1442));
#1444= IFCDISCRETEACCESSORY('2ZhTgPZfPFEfxJbcgU16Tt',#44,'Support section',$,$,#1441,#1443,'1497(?)');
#1445= IFCCARTESIANPOINT((52999.5525881177,9117.49394192977,56595.));
#1446= IFCDIRECTION((0.999998863614195,0.00150757099941802,0.));
#1447= IFCAXIS2PLACEMENT3D(#1445,#9,#1446);
#1448= IFCLOCALPLACEMENT(#1177,#1447);
#1449= IFCSHAPEREPRESENTATION(#12,'Body','SweptSolid',(#695));
#1450= IFCPRODUCTDEFINITIONSHAPE($,$,(#1449));
#1451= IFCCOLUMN('3f$EPrKaf0g8EzPOnXehCT',#44,'main piece','PL10*200','PL10*200',#1448,#1450,'1496(?)');
#1452= IFCLOCALPLACEMENT(#42,#10);
#1453= IFCELEMENTASSEMBLY('1NMQpUwej1o8MQOkE_RCxV',#44,'BEAM',$,$,#1452,$,'B/740(?)',.NOTDEFINED.,.RIGID_FRAME.);
#1454= IFCPROPERTYSINGLEVALUE('AssemblyMark',$,IFCIDENTIFIER('B/740(?)'),$);
#1455= IFCPROPERTYSET('3CjPRwqXn6PBrzd4BoJYVP',#5,'AISC_EM11_Pset_AssemblyIdentification','AssemblyIdentity',(#1454,#52,#53));
#1456= IFCCARTESIANPOINT((53130.8554853519,8112.69074853358,56834.9981994629));
#1457= IFCAXIS2PLACEMENT3D(#1456,#1421,#57);
#1458= IFCLOCALPLACEMENT(#1452,#1457);
#1459= IFCCARTESIANPOINT((0.,2.45576295934266,0.));
#1460= IFCAXIS2PLACEMENT3D(#1459,#8,#7);
#1461= IFCEXTRUDEDAREASOLID(#78,#1460,#9,8.);
#1462= IFCCARTESIANPOINT((0.,10.4557629593427,0.));
#1463= IFCAXIS2PLACEMENT3D(#1462,#8,#7);
#1464= IFCEXTRUDEDAREASOLID(#67,#1463,#9,13.);
#1465= IFCSHAPEREPRESENTATION(#12,'Body','SweptSolid',(#70,#77,#1461,#1464));
#1466= IFCREPRESENTATIONMAP(#10,#1465);
#1467= IFCMAPPEDITEM(#1466,#86);
#1468= IFCMAPPEDITEM(#1466,#91);
#1469= IFCMAPPEDITEM(#1466,#94);
#1470= IFCSHAPEREPRESENTATION(#12,'Body','MappedRepresentation',(#1467,#1468,#1469));
#1471= IFCSHAPEREPRESENTATION(#12,'Axis','MappedRepresentation',(#101,#102,#103));
#1472= IFCPRODUCTDEFINITIONSHAPE($,$,(#1470,#1471));
#1473= IFCMECHANICALFASTENER('3$AoGZGp9F5urm8wmURLim',#44,'Bolt assembly',$,$,#1458,#1472,'IDff2b2423-4332-4f17-8d70-23ac1e6d5b30',16.,40.);
#1474= IFCLOCALPLACEMENT(#42,#10);
#1475= IFCELEMENTASSEMBLY('1NpBkcvCP5K8DRrm9ruEX3',#44,$,$,$,#1474,$,'A/193(?)',.NOTDEFINED.,.RIGID_FRAME.);
#1476= IFCCARTESIANPOINT((53173.8958423172,8133.92723780325,56771.8273772294));
#1477= IFCDIRECTION((-0.329028610079368,-0.934445749074795,-0.136203215032852));
#1478= IFCDIRECTION((0.863394044827327,-0.356105520928905,0.357406744928885));
#1479= IFCAXIS2PLACEMENT3D(#1476,#1477,#1478);
#1480= IFCLOCALPLACEMENT(#1474,#1479);
#1481= IFCSHAPEREPRESENTATION(#12,'Body','Brep',(#1341));
#1482= IFCSHAPEREPRESENTATION(#13,'Axis','GeometricCurveSet',(#1351));
#1483= IFCPRODUCTDEFINITIONSHAPE($,$,(#1481,#1482));
#1484= IFCFASTENER('0qojGwINP32QBSYyNQ2w_d',#44,'Weld',$,$,#1480,#1483,'ID34cad43a-4976-4309-a2dc-8bc5da0bafa7');
#1485= IFCPROPERTYSINGLEVALUE('WeldID',$,IFCINTEGER(115377600),$);
#1486= IFCPROPERTYSET('0$XqNc_nf7nP_DXrWnW8fx',#5,'AISC_EM11_Pset_Weld','WeldIdentity',(#305,#306,#307,#308,#1485,#310,#311,#312,#313,#314,#315,#316,#317,#318,#319,#320));
#1487= IFCCARTESIANPOINT((53073.8959559564,8133.77648070326,56771.8273772294));
#1488= IFCAXIS2PLACEMENT3D(#1487,#1477,#1478);
#1489= IFCLOCALPLACEMENT(#1474,#1488);
#1490= IFCSHAPEREPRESENTATION(#12,'Body','Brep',(#1341));
#1491= IFCSHAPEREPRESENTATION(#13,'Axis','GeometricCurveSet',(#1351));
#1492= IFCPRODUCTDEFINITIONSHAPE($,$,(#1490,#1491));
#1493= IFCFASTENER('1t9C7cqWbF5Qzl5ZTj2I18',#44,'Weld',$,$,#1489,#1492,'ID7724c1e6-d209-4f15-af6f-16376d092048');
#1494= IFCPROPERTYSINGLEVALUE('WeldID',$,IFCINTEGER(115377555),$);
#1495= IFCPROPERTYSET('3jZnsxNrL4hAyK4UUlQWM2',#5,'AISC_EM11_Pset_Weld','WeldIdentity',(#305,#306,#307,#308,#1494,#310,#311,#312,#313,#314,#315,#316,#317,#318,#319,#320));
#1496= IFCCARTESIANPOINT((53121.74,8122.677,56714.998));
#1497= IFCAXIS2PLACEMENT3D(#1496,#740,#9);
#1498= IFCLOCALPLACEMENT(#1474,#1497);
#1499= IFCSHAPEREPRESENTATION(#12,'Body','Brep',(#1410));
#1500= IFCSHAPEREPRESENTATION(#13,'Axis','GeometricCurveSet',(#379,#1414));
#1501= IFCPRODUCTDEFINITIONSHAPE($,$,(#1499,#1500));
#1502= IFCFASTENER('2OjF28q9PAUvrmjK0HD$40',#44,'Weld',$,$,#1498,#1501,'ID98b4f088-d096-4a7b-9d70-b5401137f100');
#1503= IFCPROPERTYSINGLEVALUE('WeldID',$,IFCINTEGER(115377493),$);
#1504= IFCPROPERTYSET('03FM65vir3B9m5sEzuiMve',#5,'AISC_EM11_Pset_Weld','WeldIdentity',(#305,#306,#307,#308,#1503,#387,#311,#312,#388,#314,#389,#390,#317,#318,#319,#320));
#1505= IFCCARTESIANPOINT((53124.8233330743,8067.68160348833,56619.9981994629));
#1506= IFCAXIS2PLACEMENT3D(#1505,#9,#1159);
#1507= IFCLOCALPLACEMENT(#1474,#1506);
#1508= IFCSHAPEREPRESENTATION(#12,'Body','SweptSolid',(#399));
#1509= IFCPRODUCTDEFINITIONSHAPE($,$,(#1508));
#1510= IFCDISCRETEACCESSORY('3x2$cKZTfEeebZnCWKEkUK',#44,'Support section',$,$,#1507,#1509,'1050(?)');
#1511= IFCLOCALPLACEMENT(#1474,#1457);
#1512= IFCSHAPEREPRESENTATION(#12,'Body','MappedRepresentation',(#410,#411,#412));
#1513= IFCPRODUCTDEFINITIONSHAPE($,$,(#1512));
#1514= IFCOPENINGELEMENT('30d$UzpHT4MQlu2qYcAaBe',#5,$,$,'Opening',#1511,#1513,$);
#1515= IFCRELVOIDSELEMENT('31O7Wm0wbBIOmU8jHcsnI3',#5,'Drill Hole',$,#1510,#1514);
#1516= IFCCARTESIANPOINT((53176.3370791981,8390.75963130228,56644.9989501104));
#1517= IFCDIRECTION((0.00150757099940244,-0.999998863612694,1.73300000383061E-06));
#1518= IFCAXIS2PLACEMENT3D(#1516,#806,#1517);
#1519= IFCLOCALPLACEMENT(#1474,#1518);
#1520= IFCSHAPEREPRESENTATION(#12,'Body','Brep',(#675));
#1521= IFCPRODUCTDEFINITIONSHAPE($,$,(#1520));
#1522= IFCDISCRETEACCESSORY('0JYsCwdInESOBkeE_ybjfO',#44,'Support section',$,$,#1519,#1521,'1497(?)');
#1523= IFCCARTESIANPOINT((53076.3371928372,8390.60887420231,56644.9989501104));
#1524= IFCAXIS2PLACEMENT3D(#1523,#806,#1517);
#1525= IFCLOCALPLACEMENT(#1474,#1524);
#1526= IFCSHAPEREPRESENTATION(#12,'Body','Brep',(#675));
#1527= IFCPRODUCTDEFINITIONSHAPE($,$,(#1526));
#1528= IFCDISCRETEACCESSORY('0lJJ5gcZ98Jw1G1xPCq2Tc',#44,'Support section',$,$,#1525,#1527,'1497(?)');
#1529= IFCCARTESIANPOINT((53130.8328717871,8127.69073148769,56594.9981994629));
#1530= IFCDIRECTION((-0.999998863614195,-0.00150757099941802,0.));
#1531= IFCAXIS2PLACEMENT3D(#1529,#9,#1530);
#1532= IFCLOCALPLACEMENT(#1474,#1531);
#1533= IFCSHAPEREPRESENTATION(#12,'Body','SweptSolid',(#695));
#1534= IFCPRODUCTDEFINITIONSHAPE($,$,(#1533));
#1535= IFCCOLUMN('18ALVxeoT5Iw9Y4o0wCR3t',#44,'main piece','PL10*200','PL10*200',#1532,#1534,'1496(?)');
#1536= IFCLOCALPLACEMENT(#42,#10);
#1537= IFCELEMENTASSEMBLY('15kZvnrGb2xBRoKUaXQ4dd',#44,'BEAM',$,$,#1536,$,'B/736(?)',.NOTDEFINED.,.RIGID_FRAME.);
#1538= IFCCARTESIANPOINT((40403.2151139361,7728.27512822988,56834.9981994629));
#1539= IFCDIRECTION((0.0551522560011072,-0.998477956020056,0.));
#1540= IFCAXIS2PLACEMENT3D(#1538,#1539,#57);
#1541= IFCLOCALPLACEMENT(#1536,#1540);
#1542= IFCCARTESIANPOINT((0.,-44.797374117613,0.));
#1543= IFCAXIS2PLACEMENT3D(#1542,#8,#7);
#1544= IFCEXTRUDEDAREASOLID(#67,#1543,#9,10.56);
#1545= IFCCARTESIANPOINT((0.,-34.237374117613,0.));
#1546= IFCAXIS2PLACEMENT3D(#1545,#8,#7);
#1547= IFCEXTRUDEDAREASOLID(#74,#1546,#9,40.);
#1548= IFCCARTESIANPOINT((0.,-3.09999990479203,0.));
#1549= IFCAXIS2PLACEMENT3D(#1548,#8,#7);
#1550= IFCEXTRUDEDAREASOLID(#78,#1549,#9,8.);
#1551= IFCCARTESIANPOINT((0.,4.90000009520797,0.));
#1552= IFCAXIS2PLACEMENT3D(#1551,#8,#7);
#1553= IFCEXTRUDEDAREASOLID(#67,#1552,#9,13.);
#1554= IFCSHAPEREPRESENTATION(#12,'Body','SweptSolid',(#1544,#1547,#1550,#1553));
#1555= IFCREPRESENTATIONMAP(#10,#1554);
#1556= IFCMAPPEDITEM(#1555,#86);
#1557= IFCMAPPEDITEM(#1555,#91);
#1558= IFCMAPPEDITEM(#1555,#94);
#1559= IFCSHAPEREPRESENTATION(#12,'Body','MappedRepresentation',(#1556,#1557,#1558));
#1560= IFCPOLYLINE((#1542,#97));
#1561= IFCSHAPEREPRESENTATION(#12,'Axis','GeometricCurveSet',(#1560));
#1562= IFCREPRESENTATIONMAP(#10,#1561);
#1563= IFCMAPPEDITEM(#1562,#86);
#1564= IFCMAPPEDITEM(#1562,#91);
#1565= IFCMAPPEDITEM(#1562,#94);
#1566= IFCSHAPEREPRESENTATION(#12,'Axis','MappedRepresentation',(#1563,#1564,#1565));
#1567= IFCPRODUCTDEFINITIONSHAPE($,$,(#1559,#1566));
#1568= IFCMECHANICALFASTENER('2M$shkZ957n9AqxjJK0k3_',#44,'Bolt assembly',$,$,#1541,#1567,'ID96ff6aee-8c91-47c4-92b4-eed4d402e0fe',16.,40.);
#1569= IFCLOCALPLACEMENT(#42,#10);
#1570= IFCELEMENTASSEMBLY('2FXZpX2x52kPMp7bBFrKUL',#44,$,$,$,#1569,$,'A/193(?)',.NOTDEFINED.,.RIGID_FRAME.);
#1571= IFCCARTESIANPOINT((40445.0542196605,7751.79001033918,56771.8273772281));
#1572= IFCDIRECTION((-0.286600622332509,-0.950972877691171,-0.116235404134852));
#1573= IFCDIRECTION((0.881254692273318,-0.3092742890959,0.357406745110505));
#1574= IFCAXIS2PLACEMENT3D(#1571,#1572,#1573);
#1575= IFCLOCALPLACEMENT(#1569,#1574);
#1576= IFCCARTESIANPOINT((-45.3293352262917,-126.029501998186,15.808014955488));
#1577= IFCCARTESIANPOINT((-48.5765118271302,-125.841179996991,7.32482364414682));
#1578= IFCCARTESIANPOINT((-57.3772525368549,-118.011059973185,6.34268333194996));
#1579= IFCCARTESIANPOINT((-50.2103870414358,-121.686774173839,15.2633019691966));
#1580= IFCPOLYLOOP((#1576,#1577,#1578,#1579));
#1581= IFCFACEOUTERBOUND(#1580,.T.);
#1582= IFCFACE((#1581));
#1583= IFCCARTESIANPOINT((-48.1311817195528,-134.568452712418,18.1314423997646));
#1584= IFCCARTESIANPOINT((-59.2699310820826,-124.658179554703,16.8883862596958));
#1585= IFCPOLYLOOP((#1577,#1583,#1584,#1578));
#1586= IFCFACEOUTERBOUND(#1585,.T.);
#1587= IFCFACE((#1586));
#1588= IFCPOLYLOOP((#1583,#1576,#1579,#1584));
#1589= IFCFACEOUTERBOUND(#1588,.T.);
#1590= IFCFACE((#1589));
#1591= IFCPOLYLOOP((#1584,#1579,#1578));
#1592= IFCFACEOUTERBOUND(#1591,.T.);
#1593= IFCFACE((#1592));
#1594= IFCPOLYLOOP((#1583,#1577,#1576));
#1595= IFCFACEOUTERBOUND(#1594,.T.);
#1596= IFCFACE((#1595));
#1597= IFCCARTESIANPOINT((-8.33773718911834,-13.1189800807915,1.64552767431087));
#1598= IFCCARTESIANPOINT((-13.1032863467044,-11.9445083968822,-3.64435081281044));
#1599= IFCCARTESIANPOINT((-8.4523506449259,0.114480737865961,-5.15692269135616));
#1600= IFCPOLYLOOP((#1597,#1598,#1599,#156));
#1601= IFCFACEOUTERBOUND(#1600,.T.);
#1602= IFCFACE((#1601));
#1603= IFCCARTESIANPOINT((-14.5642272257464,-10.4110467832797,4.08900388622715));
#1604= IFCCARTESIANPOINT((-6.96469951511972,9.29307900294225,1.61749435730962));
#1605= IFCPOLYLOOP((#1598,#1603,#1604,#1599));
#1606= IFCFACEOUTERBOUND(#1605,.T.);
#1607= IFCFACE((#1606));
#1608= IFCPOLYLOOP((#1603,#1597,#156,#1604));
#1609= IFCFACEOUTERBOUND(#1608,.T.);
#1610= IFCFACE((#1609));
#1611= IFCCARTESIANPOINT((-45.1506318540414,-108.567794092967,13.6177742948712));
#1612= IFCCARTESIANPOINT((-49.9161810116275,-107.393322409065,8.32789580774624));
#1613= IFCPOLYLOOP((#1611,#1612,#1598,#1597));
#1614= IFCFACEOUTERBOUND(#1613,.T.);
#1615= IFCFACE((#1614));
#1616= IFCCARTESIANPOINT((-51.3771218906768,-105.859860795455,16.0612505067947));
#1617= IFCPOLYLOOP((#1612,#1616,#1603,#1598));
#1618= IFCFACEOUTERBOUND(#1617,.T.);
#1619= IFCFACE((#1618));
#1620= IFCPOLYLOOP((#1616,#1611,#1597,#1603));
#1621= IFCFACEOUTERBOUND(#1620,.T.);
#1622= IFCFACE((#1621));
#1623= IFCCARTESIANPOINT((-54.5671167134351,-119.452311543842,9.84046768629923));
#1624= IFCPOLYLOOP((#1579,#1623,#1612,#1611));
#1625= IFCFACEOUTERBOUND(#1624,.T.);
#1626= IFCFACE((#1625));
#1627= IFCCARTESIANPOINT((-58.9766496013544,-125.563986581757,18.5327600357232));
#1628= IFCPOLYLOOP((#1623,#1627,#1616,#1612));
#1629= IFCFACEOUTERBOUND(#1628,.T.);
#1630= IFCFACE((#1629));
#1631= IFCPOLYLOOP((#1627,#1579,#1611,#1616));
#1632= IFCFACEOUTERBOUND(#1631,.T.);
#1633= IFCFACE((#1632));
#1634= IFCPOLYLOOP((#1604,#156,#1599));
#1635= IFCFACEOUTERBOUND(#1634,.T.);
#1636= IFCFACE((#1635));
#1637= IFCPOLYLOOP((#1627,#1623,#1579));
#1638= IFCFACEOUTERBOUND(#1637,.T.);
#1639= IFCFACE((#1638));
#1640= IFCCARTESIANPOINT((0.030805400943791,0.188322001129563,-8.48319131129756));
#1641= IFCCARTESIANPOINT((5.81160933481442,-7.46665493473847,-15.3905822956222));
#1642= IFCCARTESIANPOINT((6.48412162854947,-4.24559026335919,-3.83096541688792));
#1643= IFCPOLYLOOP((#197,#1640,#1641,#1642));
#1644= IFCFACEOUTERBOUND(#1643,.T.);
#1645= IFCFACE((#1644));
#1646= IFCCARTESIANPOINT((7.04127021284512,8.48319131131575,0.188322001111374));
#1647= IFCCARTESIANPOINT((14.3578050655487,-1.20541016852803,-8.55408951404752));
#1648= IFCPOLYLOOP((#1640,#1646,#1647,#1641));
#1649= IFCFACEOUTERBOUND(#1648,.T.);
#1650= IFCFACE((#1649));
#1651= IFCPOLYLOOP((#1646,#197,#1642,#1647));
#1652= IFCFACEOUTERBOUND(#1651,.T.);
#1653= IFCFACE((#1652));
#1654= IFCCARTESIANPOINT((-11.7898720847079,0.18832200110046,-8.48319131128301));
#1655= IFCPOLYLOOP((#156,#1654,#1640,#197));
#1656= IFCFACEOUTERBOUND(#1655,.T.);
#1657= IFCFACE((#1656));
#1658= IFCCARTESIANPOINT((-7.91969365943805,8.48319131127937,0.188322001129563));
#1659= IFCPOLYLOOP((#1654,#1658,#1646,#1640));
#1660= IFCFACEOUTERBOUND(#1659,.T.);
#1661= IFCFACE((#1660));
#1662= IFCPOLYLOOP((#1658,#156,#197,#1646));
#1663= IFCFACEOUTERBOUND(#1662,.T.);
#1664= IFCFACE((#1663));
#1665= IFCPOLYLOOP((#1647,#1642,#1641));
#1666= IFCFACEOUTERBOUND(#1665,.T.);
#1667= IFCFACE((#1666));
#1668= IFCPOLYLOOP((#1658,#1654,#156));
#1669= IFCFACEOUTERBOUND(#1668,.T.);
#1670= IFCFACE((#1669));
#1671= IFCCARTESIANPOINT((-35.388528223717,-112.813384356312,9.78680887798328));
#1672= IFCCARTESIANPOINT((-35.3885282237025,-113.711475090226,2.62677466356035));
#1673= IFCCARTESIANPOINT((-40.0394639255319,-125.770464224996,4.13934654210971));
#1674= IFCCARTESIANPOINT((-40.4482834111186,-125.932364437191,11.4323365523051));
#1675= IFCPOLYLOOP((#1671,#1672,#1673,#1674));
#1676= IFCFACEOUTERBOUND(#1675,.T.);
#1677= IFCFACE((#1676));
#1678= IFCCARTESIANPOINT((-29.1620381871107,-115.521317653824,7.34333266607428));
#1679= IFCCARTESIANPOINT((-36.7615658977811,-135.22544344014,9.81484219500271));
#1680= IFCPOLYLOOP((#1672,#1678,#1679,#1673));
#1681= IFCFACEOUTERBOUND(#1680,.T.);
#1682= IFCFACE((#1681));
#1683= IFCPOLYLOOP((#1678,#1671,#1674,#1679));
#1684= IFCFACEOUTERBOUND(#1683,.T.);
#1685= IFCFACE((#1684));
#1686= IFCCARTESIANPOINT((1.4243664411988,-17.3645703441434,-2.18543774257705));
#1687= IFCCARTESIANPOINT((1.42436644120608,-18.2626610780499,-9.34547195700725));
#1688= IFCPOLYLOOP((#1686,#1687,#1672,#1671));
#1689= IFCFACEOUTERBOUND(#1688,.T.);
#1690= IFCFACE((#1689));
#1691= IFCCARTESIANPOINT((7.65085647781234,-20.0725036416479,-4.62891395448605));
#1692= IFCPOLYLOOP((#1687,#1691,#1678,#1672));
#1693= IFCFACEOUTERBOUND(#1692,.T.);
#1694= IFCFACE((#1693));
#1695= IFCPOLYLOOP((#1691,#1686,#1671,#1678));
#1696= IFCFACEOUTERBOUND(#1695,.T.);
#1697= IFCFACE((#1696));
#1698= IFCCARTESIANPOINT((6.07530214299186,-6.20367194330174,-10.858043835553));
#1699= IFCPOLYLOOP((#1642,#1698,#1687,#1686));
#1700= IFCFACEOUTERBOUND(#1699,.T.);
#1701= IFCFACE((#1700));
#1702= IFCCARTESIANPOINT((15.2503841884318,-0.368377855447761,-7.10042348340721));
#1703= IFCPOLYLOOP((#1698,#1702,#1691,#1687));
#1704= IFCFACEOUTERBOUND(#1703,.T.);
#1705= IFCFACE((#1704));
#1706= IFCPOLYLOOP((#1702,#1642,#1686,#1691));
#1707= IFCFACEOUTERBOUND(#1706,.T.);
#1708= IFCFACE((#1707));
#1709= IFCPOLYLOOP((#1679,#1674,#1673));
#1710= IFCFACEOUTERBOUND(#1709,.T.);
#1711= IFCFACE((#1710));
#1712= IFCPOLYLOOP((#1702,#1698,#1642));
#1713= IFCFACEOUTERBOUND(#1712,.T.);
#1714= IFCFACE((#1713));
#1715= IFCCARTESIANPOINT((-39.7757711173253,-125.666036909017,-0.564707652414654));
#1716= IFCPOLYLOOP((#1674,#1715,#1577,#1576));
#1717= IFCFACEOUTERBOUND(#1716,.T.);
#1718= IFCFACE((#1717));
#1719= IFCCARTESIANPOINT((-36.9924323570522,-134.346781034517,8.14597474449693));
#1720= IFCPOLYLOOP((#1715,#1719,#1583,#1577));
#1721= IFCFACEOUTERBOUND(#1720,.T.);
#1722= IFCFACE((#1721));
#1723= IFCPOLYLOOP((#1719,#1674,#1576,#1583));
#1724= IFCFACEOUTERBOUND(#1723,.T.);
#1725= IFCFACE((#1724));
#1726= IFCPOLYLOOP((#1583,#1576,#1577));
#1727= IFCFACEOUTERBOUND(#1726,.T.);
#1728= IFCFACE((#1727));
#1729= IFCPOLYLOOP((#1719,#1715,#1674));
#1730= IFCFACEOUTERBOUND(#1729,.T.);
#1731= IFCFACE((#1730));
#1732= IFCCLOSEDSHELL((#1582,#1587,#1590,#1593,#1596,#1602,#1607,#1610,#1615,#1619,#1622,#1626,#1630,#1633,#1636,#1639,#1645,#1650,#1653,#1657,#1661,#1664,#1667,#1670,#1677,#1682,#1685,#1690,#1694,#1697,#1701,#1705,#1708,#1711,#1714,#1718,#1722,#1725,#1728,#1731));
#1733= IFCFACETEDBREP(#1732);
#1734= IFCSHAPEREPRESENTATION(#12,'Body','Brep',(#1733));
#1735= IFCCARTESIANPOINT((-45.3293352265464,15.8080149556263,126.029501997917));
#1736= IFCCARTESIANPOINT((-50.2103870416904,15.2633019693349,121.68677417357));
#1737= IFCCARTESIANPOINT((-45.1506318542743,13.6177742949985,108.567794092727));
#1738= IFCCARTESIANPOINT((-8.33773718915472,1.64552767432906,13.1189800807551));
#1739= IFCCARTESIANPOINT((6.4841216285422,-3.83096541688064,4.24559026338102));
#1740= IFCCARTESIANPOINT((1.42436644116242,-2.18543774255522,17.3645703441289));
#1741= IFCCARTESIANPOINT((-35.3885282239498,9.78680887811061,112.813384356094));
#1742= IFCCARTESIANPOINT((-40.4482834113733,11.4323365524469,125.932364436936));
#1743= IFCPOLYLINE((#1735,#1736,#1737,#1738,#156,#197,#1739,#1740,#1741,#1742,#1735));
#1744= IFCSHAPEREPRESENTATION(#13,'Axis','GeometricCurveSet',(#1743));
#1745= IFCPRODUCTDEFINITIONSHAPE($,$,(#1734,#1744));
#1746= IFCFASTENER('1cxDGYtTL0gB_eozRP7OhF',#44,'Weld',$,$,#1575,#1745,'ID66ecd422-ddd5-40a8-bfa8-cbd6d91d8acf');
#1747= IFCPROPERTYSINGLEVALUE('WeldID',$,IFCINTEGER(115377210),$);
#1748= IFCPROPERTYSET('3meplmeLH2l9maGD936HVZ',#5,'AISC_EM11_Pset_Weld','WeldIdentity',(#305,#306,#307,#308,#1747,#310,#311,#312,#313,#314,#315,#316,#317,#318,#319,#320));
#1749= IFCCARTESIANPOINT((40345.2064240587,7746.27478473898,56771.8273772281));
#1750= IFCAXIS2PLACEMENT3D(#1749,#1572,#1573);
#1751= IFCLOCALPLACEMENT(#1569,#1750);
#1752= IFCSHAPEREPRESENTATION(#12,'Body','Brep',(#1733));
#1753= IFCSHAPEREPRESENTATION(#13,'Axis','GeometricCurveSet',(#1743));
#1754= IFCPRODUCTDEFINITIONSHAPE($,$,(#1752,#1753));
#1755= IFCFASTENER('0FbT_zg7X0uOYTkZg2$NDQ',#44,'Weld',$,$,#1751,#1754,'ID0f95dfbd-a878-40e1-889d-ba3a82fd735a');
#1756= IFCPROPERTYSINGLEVALUE('WeldID',$,IFCINTEGER(115377165),$);
#1757= IFCPROPERTYSET('3Y2ZPulof4ZAsiytPGvY9J',#5,'AISC_EM11_Pset_Weld','WeldIdentity',(#305,#306,#307,#308,#1756,#310,#311,#312,#313,#314,#315,#316,#317,#318,#319,#320));
#1758= IFCCARTESIANPOINT((40399.568,7738.089,56714.998));
#1759= IFCAXIS2PLACEMENT3D(#1758,#740,#57);
#1760= IFCLOCALPLACEMENT(#1569,#1759);
#1761= IFCCARTESIANPOINT((-95.,0.233991205284838,4.2361832014094));
#1762= IFCCARTESIANPOINT((95.,0.233991205284838,4.2361832014094));
#1763= IFCPOLYLOOP((#1761,#335,#336,#1762));
#1764= IFCFACEOUTERBOUND(#1763,.T.);
#1765= IFCFACE((#1764));
#1766= IFCCARTESIANPOINT((-95.,4.23618320140667,-0.233991205296661));
#1767= IFCCARTESIANPOINT((95.,4.23618320140667,-0.233991205296661));
#1768= IFCPOLYLOOP((#335,#1766,#1767,#336));
#1769= IFCFACEOUTERBOUND(#1768,.T.);
#1770= IFCFACE((#1769));
#1771= IFCPOLYLOOP((#1766,#1761,#1762,#1767));
#1772= IFCFACEOUTERBOUND(#1771,.T.);
#1773= IFCFACE((#1772));
#1774= IFCPOLYLOOP((#1767,#1762,#336));
#1775= IFCFACEOUTERBOUND(#1774,.T.);
#1776= IFCFACE((#1775));
#1777= IFCPOLYLOOP((#1766,#335,#1761));
#1778= IFCFACEOUTERBOUND(#1777,.T.);
#1779= IFCFACE((#1778));
#1780= IFCCARTESIANPOINT((95.,-5.75700879471697,4.56718320139771));
#1781= IFCCARTESIANPOINT((95.,-5.9910000000018,0.331000000000131));
#1782= IFCCARTESIANPOINT((-95.,-5.9910000000018,0.331000000000131));
#1783= IFCCARTESIANPOINT((-95.,-5.75700879471697,4.56718320139771));
#1784= IFCPOLYLOOP((#1780,#1781,#1782,#1783));
#1785= IFCFACEOUTERBOUND(#1784,.T.);
#1786= IFCFACE((#1785));
#1787= IFCCARTESIANPOINT((95.,-10.2271832014012,0.564991205295883));
#1788= IFCCARTESIANPOINT((-95.,-10.2271832014012,0.564991205295883));
#1789= IFCPOLYLOOP((#1781,#1787,#1788,#1782));
#1790= IFCFACEOUTERBOUND(#1789,.T.);
#1791= IFCFACE((#1790));
#1792= IFCPOLYLOOP((#1787,#1780,#1783,#1788));
#1793= IFCFACEOUTERBOUND(#1792,.T.);
#1794= IFCFACE((#1793));
#1795= IFCPOLYLOOP((#1788,#1783,#1782));
#1796= IFCFACEOUTERBOUND(#1795,.T.);
#1797= IFCFACE((#1796));
#1798= IFCPOLYLOOP((#1787,#1781,#1780));
#1799= IFCFACEOUTERBOUND(#1798,.T.);
#1800= IFCFACE((#1799));
#1801= IFCCLOSEDSHELL((#1765,#1770,#1773,#1776,#1779,#1786,#1791,#1794,#1797,#1800));
#1802= IFCFACETEDBREP(#1801);
#1803= IFCSHAPEREPRESENTATION(#12,'Body','Brep',(#1802));
#1804= IFCCARTESIANPOINT((95.,0.331000000000131,5.9910000000018));
#1805= IFCCARTESIANPOINT((-95.,0.331000000000131,5.9910000000018));
#1806= IFCPOLYLINE((#1804,#1805));
#1807= IFCSHAPEREPRESENTATION(#13,'Axis','GeometricCurveSet',(#379,#1806));
#1808= IFCPRODUCTDEFINITIONSHAPE($,$,(#1803,#1807));
#1809= IFCFASTENER('01xSGKtafBIRMJvTRi$BaW',#44,'Weld',$,$,#1760,#1808,'ID01edc414-de4a-4b49-b593-e5d6ecfcb920');
#1810= IFCPROPERTYSINGLEVALUE('WeldID',$,IFCINTEGER(115377103),$);
#1811= IFCPROPERTYSET('2H6HBMLd58bxvxpMne_hlb',#5,'AISC_EM11_Pset_Weld','WeldIdentity',(#305,#306,#307,#308,#1810,#387,#311,#312,#388,#314,#389,#390,#317,#318,#319,#320));
#1812= IFCCARTESIANPOINT((40399.6062500196,7683.00719145286,56619.9981994629));
#1813= IFCDIRECTION((-0.0551522560011072,0.998477956020056,0.));
#1814= IFCAXIS2PLACEMENT3D(#1812,#9,#1813);
#1815= IFCLOCALPLACEMENT(#1569,#1814);
#1816= IFCSHAPEREPRESENTATION(#12,'Body','SweptSolid',(#399));
#1817= IFCPRODUCTDEFINITIONSHAPE($,$,(#1816));
#1818= IFCDISCRETEACCESSORY('03kuIwIyX2LePYowVdrikr',#44,'Support section',$,$,#1815,#1817,'1050(?)');
#1819= IFCLOCALPLACEMENT(#1569,#1540);
#1820= IFCSHAPEREPRESENTATION(#12,'Body','MappedRepresentation',(#410,#411,#412));
#1821= IFCPRODUCTDEFINITIONSHAPE($,$,(#1820));
#1822= IFCOPENINGELEMENT('2YktIVt1n2aOXkqB4pVOBM',#5,$,$,'Opening',#1819,#1821,$);
#1823= IFCRELVOIDSELEMENT('3IuKvRnET8UQoaW4CnIB02',#5,'Drill Hole',$,#1818,#1822);
#1824= IFCCARTESIANPOINT((40433.7136745492,8008.38353000307,56644.9989501104));
#1825= IFCDIRECTION((0.0551522560010293,-0.998477956018556,1.73300000382669E-06));
#1826= IFCAXIS2PLACEMENT3D(#1824,#806,#1825);
#1827= IFCLOCALPLACEMENT(#1569,#1826);
#1828= IFCSHAPEREPRESENTATION(#12,'Body','Brep',(#675));
#1829= IFCPRODUCTDEFINITIONSHAPE($,$,(#1828));
#1830= IFCDISCRETEACCESSORY('1RodUCgiH2muk75oqgZ5$k',#44,'Support section',$,$,#1827,#1829,'1497(?)');
#1831= IFCCARTESIANPOINT((40333.8658789474,8002.86830440287,56644.9989501104));
#1832= IFCAXIS2PLACEMENT3D(#1831,#806,#1825);
#1833= IFCLOCALPLACEMENT(#1569,#1832);
#1834= IFCSHAPEREPRESENTATION(#12,'Body','Brep',(#675));
#1835= IFCPRODUCTDEFINITIONSHAPE($,$,(#1834));
#1836= IFCDISCRETEACCESSORY('1Twr8xBD51Tg89Zvu8l1Fu',#44,'Support section',$,$,#1833,#1835,'1497(?)');
#1837= IFCCARTESIANPOINT((40402.3878300962,7743.25229757012,56594.9981994629));
#1838= IFCDIRECTION((-0.998477956020056,-0.0551522560011081,0.));
#1839= IFCAXIS2PLACEMENT3D(#1837,#9,#1838);
#1840= IFCLOCALPLACEMENT(#1569,#1839);
#1841= IFCSHAPEREPRESENTATION(#12,'Body','SweptSolid',(#695));
#1842= IFCPRODUCTDEFINITIONSHAPE($,$,(#1841));
#1843= IFCCOLUMN('35Ts4jDOP938SSshxaV4cR',#44,'main piece','PL10*200','PL10*200',#1840,#1842,'1496(?)');
#1844= IFCLOCALPLACEMENT(#42,#10);
#1845= IFCELEMENTASSEMBLY('0G8wIIZP5FoQkspf2IGlbm',#44,'BEAM',$,$,#1844,$,'B/735(?)',.NOTDEFINED.,.RIGID_FRAME.);
#1846= IFCPROPERTYSINGLEVALUE('AssemblyMark',$,IFCIDENTIFIER('B/735(?)'),$);
#1847= IFCPROPERTYSET('0xVgySbCTFp9EoIe$1DVYd',#5,'AISC_EM11_Pset_AssemblyIdentification','AssemblyIdentity',(#1846,#52,#53));
#1848= IFCCARTESIANPOINT((38278.2151139374,7610.89793097113,56834.9981994629));
#1849= IFCAXIS2PLACEMENT3D(#1848,#1539,#57);
#1850= IFCLOCALPLACEMENT(#1844,#1849);
#1851= IFCSHAPEREPRESENTATION(#12,'Body','MappedRepresentation',(#1556,#1557,#1558));
#1852= IFCSHAPEREPRESENTATION(#12,'Axis','MappedRepresentation',(#1563,#1564,#1565));
#1853= IFCPRODUCTDEFINITIONSHAPE($,$,(#1851,#1852));
#1854= IFCMECHANICALFASTENER('2IyUYZd1D5xOGtSPNB7Kci',#44,'Bolt assembly',$,$,#1850,#1853,'ID92f1e8a3-9c13-45ed-8437-7195cb1d49ac',16.,40.);
#1855= IFCLOCALPLACEMENT(#42,#10);
#1856= IFCELEMENTASSEMBLY('3kVYx$i6P6Ff0fWqDP8Iqf',#44,$,$,$,#1855,$,'A/193(?)',.NOTDEFINED.,.RIGID_FRAME.);
#1857= IFCCARTESIANPOINT((38320.0542196611,7634.41281308019,56771.8273772281));
#1858= IFCAXIS2PLACEMENT3D(#1857,#1572,#1573);
#1859= IFCLOCALPLACEMENT(#1855,#1858);
#1860= IFCSHAPEREPRESENTATION(#12,'Body','Brep',(#1733));
#1861= IFCSHAPEREPRESENTATION(#13,'Axis','GeometricCurveSet',(#1743));
#1862= IFCPRODUCTDEFINITIONSHAPE($,$,(#1860,#1861));
#1863= IFCFASTENER('0XcIipvQz1bAG9gSy3ZOmz',#44,'Weld',$,$,#1859,#1862,'ID21992b33-e5af-4194-a409-a9cf038d8c3d');
#1864= IFCPROPERTYSINGLEVALUE('WeldID',$,IFCINTEGER(115376820),$);
#1865= IFCPROPERTYSET('1iZkyDTjD8HgpQY8nZPwBN',#5,'AISC_EM11_Pset_Weld','WeldIdentity',(#305,#306,#307,#308,#1864,#310,#311,#312,#313,#314,#315,#316,#317,#318,#319,#320));
#1866= IFCCARTESIANPOINT((38220.2064240593,7628.89758748036,56771.8273772281));
#1867= IFCAXIS2PLACEMENT3D(#1866,#1572,#1573);
#1868= IFCLOCALPLACEMENT(#1855,#1867);
#1869= IFCSHAPEREPRESENTATION(#12,'Body','Brep',(#1733));
#1870= IFCSHAPEREPRESENTATION(#13,'Axis','GeometricCurveSet',(#1743));
#1871= IFCPRODUCTDEFINITIONSHAPE($,$,(#1869,#1870));
#1872= IFCFASTENER('1tY8hWECn19Q6hpVPWz2w8',#44,'Weld',$,$,#1868,#1871,'ID77888ae0-38cc-4125-a1ab-cdf660f42e88');
#1873= IFCPROPERTYSINGLEVALUE('WeldID',$,IFCINTEGER(115376775),$);
#1874= IFCPROPERTYSET('0BMlHzEDT8TA8fpq4UPP6H',#5,'AISC_EM11_Pset_Weld','WeldIdentity',(#305,#306,#307,#308,#1873,#310,#311,#312,#313,#314,#315,#316,#317,#318,#319,#320));
#1875= IFCCARTESIANPOINT((38274.568,7620.712,56714.998));
#1876= IFCAXIS2PLACEMENT3D(#1875,#740,#57);
#1877= IFCLOCALPLACEMENT(#1855,#1876);
#1878= IFCSHAPEREPRESENTATION(#12,'Body','Brep',(#1802));
#1879= IFCSHAPEREPRESENTATION(#13,'Axis','GeometricCurveSet',(#379,#1806));
#1880= IFCPRODUCTDEFINITIONSHAPE($,$,(#1878,#1879));
#1881= IFCFASTENER('12WPs5eFn9qPQPBqcvllc0',#44,'Weld',$,$,#1877,#1880,'ID42819d85-a0fc-49d1-9699-2f49b9bef980');
#1882= IFCPROPERTYSINGLEVALUE('WeldID',$,IFCINTEGER(115376713),$);
#1883= IFCPROPERTYSET('3KA8CbJZvAOwOoSj4nyEcB',#5,'AISC_EM11_Pset_Weld','WeldIdentity',(#305,#306,#307,#308,#1882,#387,#311,#312,#388,#314,#389,#390,#317,#318,#319,#320));
#1884= IFCCARTESIANPOINT((38274.6062500211,7565.62999419415,56619.9981994629));
#1885= IFCAXIS2PLACEMENT3D(#1884,#9,#1813);
#1886= IFCLOCALPLACEMENT(#1855,#1885);
#1887= IFCSHAPEREPRESENTATION(#12,'Body','SweptSolid',(#399));
#1888= IFCPRODUCTDEFINITIONSHAPE($,$,(#1887));
#1889= IFCDISCRETEACCESSORY('0kuNL4xwb1x8KAQnSRh$17',#44,'Support section',$,$,#1886,#1888,'1050(?)');
#1890= IFCLOCALPLACEMENT(#1855,#1849);
#1891= IFCSHAPEREPRESENTATION(#12,'Body','MappedRepresentation',(#410,#411,#412));
#1892= IFCPRODUCTDEFINITIONSHAPE($,$,(#1891));
#1893= IFCOPENINGELEMENT('3eFxTvKgj9P8VlcFDLeie1',#5,$,$,'Opening',#1890,#1892,$);
#1894= IFCRELVOIDSELEMENT('1EELUvper6dAfslbWwqGn6',#5,'Drill Hole',$,#1889,#1893);
#1895= IFCCARTESIANPOINT((38308.7136745497,7891.00633274411,56644.9989501104));
#1896= IFCAXIS2PLACEMENT3D(#1895,#806,#1825);
#1897= IFCLOCALPLACEMENT(#1855,#1896);
#1898= IFCSHAPEREPRESENTATION(#12,'Body','Brep',(#675));
#1899= IFCPRODUCTDEFINITIONSHAPE($,$,(#1898));
#1900= IFCDISCRETEACCESSORY('1hOPB6_ErCOvxivrZFwfVZ',#44,'Support section',$,$,#1897,#1899,'1497(?)');
#1901= IFCCARTESIANPOINT((38208.865878948,7885.49110714427,56644.9989501104));
#1902= IFCAXIS2PLACEMENT3D(#1901,#806,#1825);
#1903= IFCLOCALPLACEMENT(#1855,#1902);
#1904= IFCSHAPEREPRESENTATION(#12,'Body','Brep',(#675));
#1905= IFCPRODUCTDEFINITIONSHAPE($,$,(#1904));
#1906= IFCDISCRETEACCESSORY('0neMXNlZvDcAhVDrkUOy$0',#44,'Support section',$,$,#1903,#1905,'1497(?)');
#1907= IFCCARTESIANPOINT((38277.3878300975,7625.87510031137,56594.9981994629));
#1908= IFCAXIS2PLACEMENT3D(#1907,#9,#1838);
#1909= IFCLOCALPLACEMENT(#1855,#1908);
#1910= IFCSHAPEREPRESENTATION(#12,'Body','SweptSolid',(#695));
#1911= IFCPRODUCTDEFINITIONSHAPE($,$,(#1910));
#1912= IFCCOLUMN('3153D6PFT8POHWyK1kXlHO',#44,'main piece','PL10*200','PL10*200',#1909,#1911,'1496(?)');
#1913= IFCLOCALPLACEMENT(#42,#10);
#1914= IFCELEMENTASSEMBLY('2WY0dhrYL7ehzk8RHNOMYR',#44,'BEAM',$,$,#1913,$,'B/734(?)',.NOTDEFINED.,.RIGID_FRAME.);
#1915= IFCPROPERTYSINGLEVALUE('AssemblyMark',$,IFCIDENTIFIER('B/734(?)'),$);
#1916= IFCPROPERTYSET('3DiDHRxrH0XADSyiujzP5$',#5,'AISC_EM11_Pset_AssemblyIdentification','AssemblyIdentity',(#1915,#52,#53));
#1917= IFCCARTESIANPOINT((36163.434687912,7494.08522545363,56834.9981994629));
#1918= IFCAXIS2PLACEMENT3D(#1917,#1539,#57);
#1919= IFCLOCALPLACEMENT(#1913,#1918);
#1920= IFCSHAPEREPRESENTATION(#12,'Body','MappedRepresentation',(#1556,#1557,#1558));
#1921= IFCSHAPEREPRESENTATION(#12,'Axis','MappedRepresentation',(#1563,#1564,#1565));
#1922= IFCPRODUCTDEFINITIONSHAPE($,$,(#1920,#1921));
#1923= IFCMECHANICALFASTENER('3DRFU4$KzBaANNtVMkpBq8',#44,'Bolt assembly',$,$,#1919,#1922,'IDcd6cf784-fd4f-4b90-a5d7-ddf5aeccbd08',16.,40.);
#1924= IFCLOCALPLACEMENT(#42,#10);
#1925= IFCELEMENTASSEMBLY('1V203KY4T5wwVgzPD2$4ou',#44,$,$,$,#1924,$,'A/193(?)',.NOTDEFINED.,.RIGID_FRAME.);
#1926= IFCCARTESIANPOINT((36205.2737936357,7517.60010756271,56771.827377228));
#1927= IFCAXIS2PLACEMENT3D(#1926,#1572,#1573);
#1928= IFCLOCALPLACEMENT(#1924,#1927);
#1929= IFCSHAPEREPRESENTATION(#12,'Body','Brep',(#1733));
#1930= IFCSHAPEREPRESENTATION(#13,'Axis','GeometricCurveSet',(#1743));
#1931= IFCPRODUCTDEFINITIONSHAPE($,$,(#1929,#1930));
#1932= IFCFASTENER('1WKfu5M3f83RgLuyYB_xvI',#44,'Weld',$,$,#1928,#1931,'ID60529e05-583a-480d-ba95-e3c88bfbbe52');
#1933= IFCPROPERTYSINGLEVALUE('WeldID',$,IFCINTEGER(115376430),$);
#1934= IFCPROPERTYSET('0_RVJl3XDFMvf6BTgy5OvC',#5,'AISC_EM11_Pset_Weld','WeldIdentity',(#305,#306,#307,#308,#1933,#310,#311,#312,#313,#314,#315,#316,#317,#318,#319,#320));
#1935= IFCCARTESIANPOINT((36105.4259980339,7512.08488196288,56771.827377228));
#1936= IFCAXIS2PLACEMENT3D(#1935,#1572,#1573);
#1937= IFCLOCALPLACEMENT(#1924,#1936);
#1938= IFCSHAPEREPRESENTATION(#12,'Body','Brep',(#1733));
#1939= IFCSHAPEREPRESENTATION(#13,'Axis','GeometricCurveSet',(#1743));
#1940= IFCPRODUCTDEFINITIONSHAPE($,$,(#1938,#1939));
#1941= IFCFASTENER('1dh0WhLEbDwPfJ7m8XMMIr',#44,'Weld',$,$,#1937,#1940,'ID67ac082b-54e9-4de9-9a53-1f02215964b5');
#1942= IFCPROPERTYSINGLEVALUE('WeldID',$,IFCINTEGER(115376385),$);
#1943= IFCPROPERTYSET('1sY1YJ5Yr36OW3Q6Og83y5',#5,'AISC_EM11_Pset_Weld','WeldIdentity',(#305,#306,#307,#308,#1942,#310,#311,#312,#313,#314,#315,#316,#317,#318,#319,#320));
#1944= IFCCARTESIANPOINT((36159.788,7503.899,56714.998));
#1945= IFCAXIS2PLACEMENT3D(#1944,#740,#57);
#1946= IFCLOCALPLACEMENT(#1924,#1945);
#1947= IFCSHAPEREPRESENTATION(#12,'Body','Brep',(#1802));
#1948= IFCSHAPEREPRESENTATION(#13,'Axis','GeometricCurveSet',(#379,#1806));
#1949= IFCPRODUCTDEFINITIONSHAPE($,$,(#1947,#1948));
#1950= IFCFASTENER('20i$F5KKrAOw7dYwCFkgaf',#44,'Weld',$,$,#1946,#1949,'ID80b3f3c5-514d-4a63-a1e7-8ba30fbaa929');
#1951= IFCPROPERTYSINGLEVALUE('WeldID',$,IFCINTEGER(115376323),$);
#1952= IFCPROPERTYSET('3pchDkk5nCxfpo1nITXGoS',#5,'AISC_EM11_Pset_Weld','WeldIdentity',(#305,#306,#307,#308,#1951,#387,#311,#312,#388,#314,#389,#390,#317,#318,#319,#320));
#1953= IFCCARTESIANPOINT((36159.8258239957,7448.81728867665,56619.9981994629));
#1954= IFCAXIS2PLACEMENT3D(#1953,#9,#1813);
#1955= IFCLOCALPLACEMENT(#1924,#1954);
#1956= IFCSHAPEREPRESENTATION(#12,'Body','SweptSolid',(#399));
#1957= IFCPRODUCTDEFINITIONSHAPE($,$,(#1956));
#1958= IFCDISCRETEACCESSORY('1mGw4HHqf6YRX7Hy0KOXcf',#44,'Support section',$,$,#1955,#1957,'1050(?)');
#1959= IFCLOCALPLACEMENT(#1924,#1918);
#1960= IFCSHAPEREPRESENTATION(#12,'Body','MappedRepresentation',(#410,#411,#412));
#1961= IFCPRODUCTDEFINITIONSHAPE($,$,(#1960));
#1962= IFCOPENINGELEMENT('3N$ty_D3TFZu197m4Uhdc9',#5,$,$,'Opening',#1959,#1961,$);
#1963= IFCRELVOIDSELEMENT('13QJKvZy9Ctv1d76E3SJlh',#5,'Drill Hole',$,#1958,#1962);
#1964= IFCCARTESIANPOINT((36193.9332485244,7774.19362722661,56644.9989501104));
#1965= IFCAXIS2PLACEMENT3D(#1964,#806,#1825);
#1966= IFCLOCALPLACEMENT(#1924,#1965);
#1967= IFCSHAPEREPRESENTATION(#12,'Body','Brep',(#675));
#1968= IFCPRODUCTDEFINITIONSHAPE($,$,(#1967));
#1969= IFCDISCRETEACCESSORY('0A_sRWR8z3_gLg_0cjS2E3',#44,'Support section',$,$,#1966,#1968,'1497(?)');
#1970= IFCCARTESIANPOINT((36094.0854529226,7768.67840162678,56644.9989501104));
#1971= IFCAXIS2PLACEMENT3D(#1970,#806,#1825);
#1972= IFCLOCALPLACEMENT(#1924,#1971);
#1973= IFCSHAPEREPRESENTATION(#12,'Body','Brep',(#675));
#1974= IFCPRODUCTDEFINITIONSHAPE($,$,(#1973));
#1975= IFCDISCRETEACCESSORY('1cV9mtj6jFrwo343htzlKf',#44,'Support section',$,$,#1972,#1974,'1497(?)');
#1976= IFCCARTESIANPOINT((36162.6074040721,7509.06239479388,56594.9981994629));
#1977= IFCAXIS2PLACEMENT3D(#1976,#9,#1838);
#1978= IFCLOCALPLACEMENT(#1924,#1977);
#1979= IFCSHAPEREPRESENTATION(#12,'Body','SweptSolid',(#695));
#1980= IFCPRODUCTDEFINITIONSHAPE($,$,(#1979));
#1981= IFCCOLUMN('0ilajQc0rC9vSRXyDoE2cY',#44,'main piece','PL10*200','PL10*200',#1978,#1980,'1496(?)');
#1982= IFCLOCALPLACEMENT(#42,#10);
#1983= IFCELEMENTASSEMBLY('3iBBlGWHX8FektA$BOZ4Ns',#44,'BEAM',$,$,#1982,$,'B/744(?)',.NOTDEFINED.,.RIGID_FRAME.);
#1984= IFCPROPERTYSINGLEVALUE('AssemblyMark',$,IFCIDENTIFIER('B/744(?)'),$);
#1985= IFCPROPERTYSET('1x6NFxql9CHAMCBfdZj56T',#5,'AISC_EM11_Pset_AssemblyIdentification','AssemblyIdentity',(#1984,#52,#53));
#1986= IFCCARTESIANPOINT((72175.8237973538,18140.2586634191,56834.9981994629));
#1987= IFCAXIS2PLACEMENT3D(#1986,#8,#57);
#1988= IFCLOCALPLACEMENT(#1982,#1987);
#1989= IFCCARTESIANPOINT((0.,2.98211420460606,0.));
#1990= IFCAXIS2PLACEMENT3D(#1989,#8,#7);
#1991= IFCEXTRUDEDAREASOLID(#78,#1990,#9,8.);
#1992= IFCCARTESIANPOINT((0.,10.9821142046061,0.));
#1993= IFCAXIS2PLACEMENT3D(#1992,#8,#7);
#1994= IFCEXTRUDEDAREASOLID(#67,#1993,#9,13.);
#1995= IFCSHAPEREPRESENTATION(#12,'Body','SweptSolid',(#70,#77,#1991,#1994));
#1996= IFCREPRESENTATIONMAP(#10,#1995);
#1997= IFCMAPPEDITEM(#1996,#86);
#1998= IFCMAPPEDITEM(#1996,#91);
#1999= IFCMAPPEDITEM(#1996,#94);
#2000= IFCSHAPEREPRESENTATION(#12,'Body','MappedRepresentation',(#1997,#1998,#1999));
#2001= IFCSHAPEREPRESENTATION(#12,'Axis','MappedRepresentation',(#101,#102,#103));
#2002= IFCPRODUCTDEFINITIONSHAPE($,$,(#2000,#2001));
#2003= IFCMECHANICALFASTENER('1HWhgklkf06ef2n5yqOSm$',#44,'Bolt assembly',$,$,#1988,#2002,'ID5182baae-beea-401a-8a42-c45f3461cc3f',16.,40.);
#2004= IFCLOCALPLACEMENT(#42,#10);
#2005= IFCELEMENTASSEMBLY('0PPx12I1jDhBxsm$xd8LQj',#44,$,$,$,#2004,$,'A/193(?)',.NOTDEFINED.,.RIGID_FRAME.);
#2006= IFCCARTESIANPOINT((72132.7514737367,18119.087090502,56771.8273772368));
#2007= IFCDIRECTION((0.330200775676843,0.933948831135934,-0.136773639866144));
#2008= IFCDIRECTION((-0.862856209550792,0.357406744228225,0.357406744228225));
#2009= IFCAXIS2PLACEMENT3D(#2006,#2007,#2008);
#2010= IFCLOCALPLACEMENT(#2004,#2009);
#2011= IFCCARTESIANPOINT((-45.3293352301043,-125.647616422866,18.6012149961025));
#2012= IFCCARTESIANPOINT((-48.5765118310228,-125.647616422822,10.1159336218843));
#2013= IFCCARTESIANPOINT((-57.3772525408567,-117.841222668561,8.96025385098619));
#2014= IFCCARTESIANPOINT((-50.2103870453284,-121.318047621695,17.9602538509571));
#2015= IFCPOLYLOOP((#2011,#2012,#2013,#2014));
#2016= IFCFACEOUTERBOUND(#2015,.T.);
#2017= IFCFACE((#2016));
#2018= IFCCARTESIANPOINT((-48.1311817234673,-134.13289779707,21.1135832786895));
#2019= IFCCARTESIANPOINT((-59.269931086048,-124.252654040189,19.6508851109102));
#2020= IFCPOLYLOOP((#2012,#2018,#2019,#2013));
#2021= IFCFACEOUTERBOUND(#2020,.T.);
#2022= IFCFACE((#2021));
#2023= IFCPOLYLOOP((#2018,#2011,#2014,#2019));
#2024= IFCFACEOUTERBOUND(#2023,.T.);
#2025= IFCFACE((#2024));
#2026= IFCPOLYLOOP((#2019,#2014,#2013));
#2027= IFCFACEOUTERBOUND(#2026,.T.);
#2028= IFCFACE((#2027));
#2029= IFCPOLYLOOP((#2018,#2012,#2011));
#2030= IFCFACEOUTERBOUND(#2029,.T.);
#2031= IFCFACE((#2030));
#2032= IFCCARTESIANPOINT((-8.33773718932935,-13.0792278857261,1.93628448206437));
#2033= IFCCARTESIANPOINT((-13.1032863469736,-12.02244884838,-3.37835720016301));
#2034= IFCCARTESIANPOINT((-8.4523506450787,1.45519152283669E-11,-5.15819323826145));
#2035= IFCPOLYLOOP((#2032,#2033,#2034,#156));
#2036= IFCFACEOUTERBOUND(#2035,.T.);
#2037= IFCFACE((#2036));
#2038= IFCCARTESIANPOINT((-14.5642272259647,-10.3177311813197,4.3190590608574));
#2039= IFCCARTESIANPOINT((-6.96469951512699,9.32668857238605,1.41084571217652));
#2040= IFCPOLYLOOP((#2033,#2038,#2039,#2034));
#2041= IFCFACEOUTERBOUND(#2040,.T.);
#2042= IFCFACE((#2041));
#2043= IFCPOLYLOOP((#2038,#2032,#156,#2039));
#2044= IFCFACEOUTERBOUND(#2043,.T.);
#2045= IFCFACE((#2044));
#2046= IFCCARTESIANPOINT((-45.1506318577813,-108.238819735852,16.0239693688782));
#2047= IFCCARTESIANPOINT((-49.9161810154183,-107.182040698506,10.7093276866435));
#2048= IFCPOLYLOOP((#2046,#2047,#2033,#2032));
#2049= IFCFACEOUTERBOUND(#2048,.T.);
#2050= IFCFACE((#2049));
#2051= IFCCARTESIANPOINT((-51.3771218944166,-105.477323031446,18.4067439476785));
#2052= IFCPOLYLOOP((#2047,#2051,#2038,#2033));
#2053= IFCFACEOUTERBOUND(#2052,.T.);
#2054= IFCFACE((#2053));
#2055= IFCPOLYLOOP((#2051,#2046,#2032,#2038));
#2056= IFCFACEOUTERBOUND(#2055,.T.);
#2057= IFCFACE((#2056));
#2058= IFCCARTESIANPOINT((-54.5671167173714,-119.204489547061,12.4891637247638));
#2059= IFCPOLYLOOP((#2014,#2058,#2047,#2046));
#2060= IFCFACEOUTERBOUND(#2059,.T.);
#2061= IFCFACE((#2060));
#2062= IFCCARTESIANPOINT((-58.9766496053053,-125.121742785283,21.3149572963885));
#2063= IFCPOLYLOOP((#2058,#2062,#2051,#2047));
#2064= IFCFACEOUTERBOUND(#2063,.T.);
#2065= IFCFACE((#2064));
#2066= IFCPOLYLOOP((#2062,#2014,#2046,#2051));
#2067= IFCFACEOUTERBOUND(#2066,.T.);
#2068= IFCFACE((#2067));
#2069= IFCPOLYLOOP((#2039,#156,#2034));
#2070= IFCFACEOUTERBOUND(#2069,.T.);
#2071= IFCFACE((#2070));
#2072= IFCPOLYLOOP((#2062,#2058,#2014));
#2073= IFCFACEOUTERBOUND(#2072,.T.);
#2074= IFCFACE((#2073));
#2075= IFCCARTESIANPOINT((0.0308054008783074,0.,-8.48528137423273));
#2076= IFCCARTESIANPOINT((5.81160933480714,-7.80639375430474,-15.2210766986173));
#2077= IFCCARTESIANPOINT((6.48412162861496,-4.32956880115671,-3.7357953243627));
#2078= IFCPOLYLOOP((#197,#2075,#2076,#2077));
#2079= IFCFACEOUTERBOUND(#2078,.T.);
#2080= IFCFACE((#2079));
#2081= IFCCARTESIANPOINT((7.04127021293971,8.48528137423273,-1.45519152283669E-11));
#2082= IFCCARTESIANPOINT((14.3578050657525,-1.39496238266292,-8.52522967660479));
#2083= IFCPOLYLOOP((#2075,#2081,#2082,#2076));
#2084= IFCFACEOUTERBOUND(#2083,.T.);
#2085= IFCFACE((#2084));
#2086= IFCPOLYLOOP((#2081,#197,#2077,#2082));
#2087= IFCFACEOUTERBOUND(#2086,.T.);
#2088= IFCFACE((#2087));
#2089= IFCCARTESIANPOINT((-11.7898720849334,1.45519152283669E-11,-8.48528137418907));
#2090= IFCPOLYLOOP((#156,#2089,#2075,#197));
#2091= IFCFACEOUTERBOUND(#2090,.T.);
#2092= IFCFACE((#2091));
#2093= IFCCARTESIANPOINT((-7.91969365946716,8.48528137424728,3.63797880709171E-11));
#2094= IFCPOLYLOOP((#2089,#2093,#2081,#2075));
#2095= IFCFACEOUTERBOUND(#2094,.T.);
#2096= IFCFACE((#2095));
#2097= IFCPOLYLOOP((#2093,#156,#197,#2081));
#2098= IFCFACEOUTERBOUND(#2097,.T.);
#2099= IFCFACE((#2098));
#2100= IFCPOLYLOOP((#2082,#2077,#2076));
#2101= IFCFACEOUTERBOUND(#2100,.T.);
#2102= IFCFACE((#2101));
#2103= IFCPOLYLOOP((#2093,#2089,#156));
#2104= IFCFACEOUTERBOUND(#2103,.T.);
#2105= IFCFACE((#2104));
#2106= IFCCARTESIANPOINT((-35.3885282273259,-112.568388537024,12.2881740444791));
#2107= IFCCARTESIANPOINT((-35.3885282273404,-113.625167574311,5.14983565350849));
#2108= IFCCARTESIANPOINT((-40.0394639292936,-125.647616422852,6.92967169162148));
#2109= IFCCARTESIANPOINT((-40.4482834148512,-125.647616422881,14.2244585265507));
#2110= IFCPOLYLOOP((#2106,#2107,#2108,#2109));
#2111= IFCFACEOUTERBOUND(#2110,.T.);
#2112= IFCFACE((#2111));
#2113= IFCCARTESIANPOINT((-29.1620381906978,-115.329885241445,9.90539946569334));
#2114= IFCCARTESIANPOINT((-36.7615659015719,-134.974304995267,12.8136128144033));
#2115= IFCPOLYLOOP((#2107,#2113,#2114,#2108));
#2116= IFCFACEOUTERBOUND(#2115,.T.);
#2117= IFCFACE((#2116));
#2118= IFCPOLYLOOP((#2113,#2106,#2109,#2114));
#2119= IFCFACEOUTERBOUND(#2118,.T.);
#2120= IFCFACE((#2119));
#2121= IFCCARTESIANPOINT((1.42436644111876,-17.4087966868974,-1.79951084232744));
#2122= IFCCARTESIANPOINT((1.42436644113332,-18.4655757241999,-8.93784923329804));
#2123= IFCPOLYLOOP((#2121,#2122,#2107,#2106));
#2124= IFCFACEOUTERBOUND(#2123,.T.);
#2125= IFCFACE((#2124));
#2126= IFCCARTESIANPOINT((7.65085647775413,-20.1702933913184,-4.18228542112047));
#2127= IFCPOLYLOOP((#2122,#2126,#2113,#2107));
#2128= IFCFACEOUTERBOUND(#2127,.T.);
#2129= IFCFACE((#2128));
#2130= IFCPOLYLOOP((#2126,#2121,#2106,#2113));
#2131= IFCFACEOUTERBOUND(#2130,.T.);
#2132= IFCFACE((#2131));
#2133= IFCCARTESIANPOINT((6.07530214301369,-6.44312687579077,-10.7176852713892));
#2134= IFCPOLYLOOP((#2077,#2133,#2122,#2121));
#2135= IFCFACEOUTERBOUND(#2134,.T.);
#2136= IFCFACE((#2135));
#2137= IFCCARTESIANPOINT((15.2503841886064,-0.525873637569021,-7.09049876981589));
#2138= IFCPOLYLOOP((#2133,#2137,#2126,#2122));
#2139= IFCFACEOUTERBOUND(#2138,.T.);
#2140= IFCFACE((#2139));
#2141= IFCPOLYLOOP((#2137,#2077,#2121,#2126));
#2142= IFCFACEOUTERBOUND(#2141,.T.);
#2143= IFCFACE((#2142));
#2144= IFCPOLYLOOP((#2114,#2109,#2108));
#2145= IFCFACEOUTERBOUND(#2144,.T.);
#2146= IFCFACE((#2145));
#2147= IFCPOLYLOOP((#2137,#2133,#2077));
#2148= IFCFACEOUTERBOUND(#2147,.T.);
#2149= IFCFACE((#2148));
#2150= IFCCARTESIANPOINT((-39.7757711210943,-125.647616422837,2.22445852657984));
#2151= IFCPOLYLOOP((#2109,#2150,#2012,#2011));
#2152= IFCFACEOUTERBOUND(#2151,.T.);
#2153= IFCFACE((#2152));
#2154= IFCCARTESIANPOINT((-36.9924323608284,-134.132897797099,11.1256554342835));
#2155= IFCPOLYLOOP((#2150,#2154,#2018,#2012));
#2156= IFCFACEOUTERBOUND(#2155,.T.);
#2157= IFCFACE((#2156));
#2158= IFCPOLYLOOP((#2154,#2109,#2011,#2018));
#2159= IFCFACEOUTERBOUND(#2158,.T.);
#2160= IFCFACE((#2159));
#2161= IFCPOLYLOOP((#2018,#2011,#2012));
#2162= IFCFACEOUTERBOUND(#2161,.T.);
#2163= IFCFACE((#2162));
#2164= IFCPOLYLOOP((#2154,#2150,#2109));
#2165= IFCFACEOUTERBOUND(#2164,.T.);
#2166= IFCFACE((#2165));
#2167= IFCCLOSEDSHELL((#2017,#2022,#2025,#2028,#2031,#2037,#2042,#2045,#2050,#2054,#2057,#2061,#2065,#2068,#2071,#2074,#2080,#2085,#2088,#2092,#2096,#2099,#2102,#2105,#2112,#2117,#2120,#2125,#2129,#2132,#2136,#2140,#2143,#2146,#2149,#2153,#2157,#2160,#2163,#2166));
#2168= IFCFACETEDBREP(#2167);
#2169= IFCSHAPEREPRESENTATION(#12,'Body','Brep',(#2168));
#2170= IFCCARTESIANPOINT((-45.3293352294349,18.6012149956732,125.64761642339));
#2171= IFCCARTESIANPOINT((-50.2103870446444,17.9602538505278,121.31804762219));
#2172= IFCCARTESIANPOINT((-45.1506318571846,16.0239693685071,108.238819736289));
#2173= IFCCARTESIANPOINT((-8.33773718924203,1.93628448201343,13.0792278857843));
#2174= IFCCARTESIANPOINT((6.48412162862223,-3.73579532438453,4.32956880121492));
#2175= IFCCARTESIANPOINT((1.42436644120608,-1.79951084238564,17.4087966870138));
#2176= IFCCARTESIANPOINT((-35.3885282267365,12.288174044108,112.568388537518));
#2177= IFCCARTESIANPOINT((-40.4482834141963,14.2244585261287,125.647616423419));
#2178= IFCPOLYLINE((#2170,#2171,#2172,#2173,#156,#197,#2174,#2175,#2176,#2177,#2170));
#2179= IFCSHAPEREPRESENTATION(#13,'Axis','GeometricCurveSet',(#2178));
#2180= IFCPRODUCTDEFINITIONSHAPE($,$,(#2169,#2179));
#2181= IFCFASTENER('2dn$y1ZYL6seFggKr9BSV2',#44,'Weld',$,$,#2010,#2180,'IDa7c7ff01-8e25-46da-83ea-a94d492dc7c2');
#2182= IFCPROPERTYSINGLEVALUE('WeldID',$,IFCINTEGER(115376040),$);
#2183= IFCPROPERTYSET('1HrEA2jnfDHQ4pML1xRPj0',#5,'AISC_EM11_Pset_Weld','WeldIdentity',(#305,#306,#307,#308,#2182,#310,#311,#312,#313,#314,#315,#316,#317,#318,#319,#320));
#2184= IFCCARTESIANPOINT((72232.7514737378,18119.0870905009,56771.8273772368));
#2185= IFCAXIS2PLACEMENT3D(#2184,#2007,#2008);
#2186= IFCLOCALPLACEMENT(#2004,#2185);
#2187= IFCSHAPEREPRESENTATION(#12,'Body','Brep',(#2168));
#2188= IFCSHAPEREPRESENTATION(#13,'Axis','GeometricCurveSet',(#2178));
#2189= IFCPRODUCTDEFINITIONSHAPE($,$,(#2187,#2188));
#2190= IFCFASTENER('2wsSHfXgHFrwQPsDawo6Pt',#44,'Weld',$,$,#2186,#2189,'IDbad9c469-86a4-4fd7-a699-d8d93ac86677');
#2191= IFCPROPERTYSINGLEVALUE('WeldID',$,IFCINTEGER(115375995),$);
#2192= IFCPROPERTYSET('2eRpsCPM14x8y6OJ3Qrv50',#5,'AISC_EM11_Pset_Weld','WeldIdentity',(#305,#306,#307,#308,#2191,#310,#311,#312,#313,#314,#315,#316,#317,#318,#319,#320));
#2193= IFCCARTESIANPOINT((72184.924,18130.259,56714.998));
#2194= IFCAXIS2PLACEMENT3D(#2193,#8,#9);
#2195= IFCLOCALPLACEMENT(#2004,#2194);
#2196= IFCCARTESIANPOINT((-95.,0.,4.24264068712));
#2197= IFCCARTESIANPOINT((95.,0.,4.24264068712));
#2198= IFCPOLYLOOP((#2196,#335,#336,#2197));
#2199= IFCFACEOUTERBOUND(#2198,.T.);
#2200= IFCFACE((#2199));
#2201= IFCCARTESIANPOINT((-95.,4.24264068712364,0.));
#2202= IFCCARTESIANPOINT((95.,4.24264068712364,0.));
#2203= IFCPOLYLOOP((#335,#2201,#2202,#336));
#2204= IFCFACEOUTERBOUND(#2203,.T.);
#2205= IFCFACE((#2204));
#2206= IFCPOLYLOOP((#2201,#2196,#2197,#2202));
#2207= IFCFACEOUTERBOUND(#2206,.T.);
#2208= IFCFACE((#2207));
#2209= IFCPOLYLOOP((#2202,#2197,#336));
#2210= IFCFACEOUTERBOUND(#2209,.T.);
#2211= IFCFACE((#2210));
#2212= IFCPOLYLOOP((#2201,#335,#2196));
#2213= IFCFACEOUTERBOUND(#2212,.T.);
#2214= IFCFACE((#2213));
#2215= IFCCARTESIANPOINT((95.,-6.,4.24264068712));
#2216= IFCCARTESIANPOINT((95.,-6.,0.));
#2217= IFCCARTESIANPOINT((-95.,-6.,0.));
#2218= IFCCARTESIANPOINT((-95.,-6.,4.24264068712));
#2219= IFCPOLYLOOP((#2215,#2216,#2217,#2218));
#2220= IFCFACEOUTERBOUND(#2219,.T.);
#2221= IFCFACE((#2220));
#2222= IFCCARTESIANPOINT((95.,-10.2426406871236,0.));
#2223= IFCCARTESIANPOINT((-95.,-10.2426406871236,0.));
#2224= IFCPOLYLOOP((#2216,#2222,#2223,#2217));
#2225= IFCFACEOUTERBOUND(#2224,.T.);
#2226= IFCFACE((#2225));
#2227= IFCPOLYLOOP((#2222,#2215,#2218,#2223));
#2228= IFCFACEOUTERBOUND(#2227,.T.);
#2229= IFCFACE((#2228));
#2230= IFCPOLYLOOP((#2223,#2218,#2217));
#2231= IFCFACEOUTERBOUND(#2230,.T.);
#2232= IFCFACE((#2231));
#2233= IFCPOLYLOOP((#2222,#2216,#2215));
#2234= IFCFACEOUTERBOUND(#2233,.T.);
#2235= IFCFACE((#2234));
#2236= IFCCLOSEDSHELL((#2200,#2205,#2208,#2211,#2214,#2221,#2226,#2229,#2232,#2235));
#2237= IFCFACETEDBREP(#2236);
#2238= IFCSHAPEREPRESENTATION(#12,'Body','Brep',(#2237));
#2239= IFCCARTESIANPOINT((95.,0.,6.));
#2240= IFCCARTESIANPOINT((-95.,0.,6.));
#2241= IFCPOLYLINE((#2239,#2240));
#2242= IFCSHAPEREPRESENTATION(#13,'Axis','GeometricCurveSet',(#379,#2241));
#2243= IFCPRODUCTDEFINITIONSHAPE($,$,(#2238,#2242));
#2244= IFCFASTENER('3aeAEKFtjCJgtgb60M2eGY',#44,'Weld',$,$,#2195,#2243,'IDe4a0a394-3f7b-4c4e-adea-9460160a8422');
#2245= IFCPROPERTYSINGLEVALUE('WeldID',$,IFCINTEGER(115375933),$);
#2246= IFCPROPERTYSET('394YlQG0P1agL$l_zJk4xf',#5,'AISC_EM11_Pset_Weld','WeldIdentity',(#305,#306,#307,#308,#2245,#387,#311,#312,#388,#314,#389,#390,#317,#318,#319,#320));
#2247= IFCCARTESIANPOINT((72181.9237972579,18185.2586634188,56619.9981994629));
#2248= IFCAXIS2PLACEMENT3D(#2247,#9,#740);
#2249= IFCLOCALPLACEMENT(#2004,#2248);
#2250= IFCSHAPEREPRESENTATION(#12,'Body','SweptSolid',(#399));
#2251= IFCPRODUCTDEFINITIONSHAPE($,$,(#2250));
#2252= IFCDISCRETEACCESSORY('2BRy7h6sb9iO5MCzgVxGOv',#44,'Support section',$,$,#2249,#2251,'1050(?)');
#2253= IFCLOCALPLACEMENT(#2004,#1987);
#2254= IFCSHAPEREPRESENTATION(#12,'Body','MappedRepresentation',(#410,#411,#412));
#2255= IFCPRODUCTDEFINITIONSHAPE($,$,(#2254));
#2256= IFCOPENINGELEMENT('0nNXhWA0v5FRwbv5sQVA9l',#5,$,$,'Opening',#2253,#2255,$);
#2257= IFCRELVOIDSELEMENT('3YI3_mRhD6Uv7GGYkN7kWH',#5,'Drill Hole',$,#2252,#2256);
#2258= IFCCARTESIANPOINT((72129.923046612,17862.2586633752,56644.9989501104));
#2259= IFCDIRECTION((0.,0.999999999998498,1.733000003824E-06));
#2260= IFCAXIS2PLACEMENT3D(#2258,#432,#2259);
#2261= IFCLOCALPLACEMENT(#2004,#2260);
#2262= IFCSHAPEREPRESENTATION(#12,'Body','Brep',(#675));
#2263= IFCPRODUCTDEFINITIONSHAPE($,$,(#2262));
#2264= IFCDISCRETEACCESSORY('3RsYoqUXD7pPLOI2Eft9Sr',#44,'Support section',$,$,#2261,#2263,'1497(?)');
#2265= IFCCARTESIANPOINT((72229.9230466131,17862.2586633741,56644.9989501104));
#2266= IFCAXIS2PLACEMENT3D(#2265,#432,#2259);
#2267= IFCLOCALPLACEMENT(#2004,#2266);
#2268= IFCSHAPEREPRESENTATION(#12,'Body','Brep',(#675));
#2269= IFCPRODUCTDEFINITIONSHAPE($,$,(#2268));
#2270= IFCDISCRETEACCESSORY('1VK8FlmhPFwgzofk2Q0JAV',#44,'Support section',$,$,#2267,#2269,'1497(?)');
#2271= IFCCARTESIANPOINT((72175.8237973539,18125.2586634191,56594.9981994629));
#2272= IFCAXIS2PLACEMENT3D(#2271,#9,#7);
#2273= IFCLOCALPLACEMENT(#2004,#2272);
#2274= IFCSHAPEREPRESENTATION(#12,'Body','SweptSolid',(#695));
#2275= IFCPRODUCTDEFINITIONSHAPE($,$,(#2274));
#2276= IFCCOLUMN('1OBaafWwX279ROGs1ben0d',#44,'main piece','PL10*200','PL10*200',#2273,#2275,'1496(?)');
#2277= IFCLOCALPLACEMENT(#42,#10);
#2278= IFCELEMENTASSEMBLY('1F5enqUnnEn9VsNyCh$Chz',#44,'BEAM',$,$,#2277,$,'B/744(?)',.NOTDEFINED.,.RIGID_FRAME.);
#2279= IFCCARTESIANPOINT((70090.000020942,18140.2586634191,56834.9981994629));
#2280= IFCAXIS2PLACEMENT3D(#2279,#8,#57);
#2281= IFCLOCALPLACEMENT(#2277,#2280);
#2282= IFCCARTESIANPOINT((0.,3.30015618875224,0.));
#2283= IFCAXIS2PLACEMENT3D(#2282,#8,#7);
#2284= IFCEXTRUDEDAREASOLID(#78,#2283,#9,8.);
#2285= IFCCARTESIANPOINT((0.,11.3001561887522,0.));
#2286= IFCAXIS2PLACEMENT3D(#2285,#8,#7);
#2287= IFCEXTRUDEDAREASOLID(#67,#2286,#9,13.);
#2288= IFCSHAPEREPRESENTATION(#12,'Body','SweptSolid',(#70,#77,#2284,#2287));
#2289= IFCREPRESENTATIONMAP(#10,#2288);
#2290= IFCMAPPEDITEM(#2289,#86);
#2291= IFCMAPPEDITEM(#2289,#91);
#2292= IFCMAPPEDITEM(#2289,#94);
#2293= IFCSHAPEREPRESENTATION(#12,'Body','MappedRepresentation',(#2290,#2291,#2292));
#2294= IFCSHAPEREPRESENTATION(#12,'Axis','MappedRepresentation',(#101,#102,#103));
#2295= IFCPRODUCTDEFINITIONSHAPE($,$,(#2293,#2294));
#2296= IFCMECHANICALFASTENER('3G5JHgLBXD5g6QNaN2behb',#44,'Bolt assembly',$,$,#2281,#2295,'IDd015346a-54b8-4d16-a19a-5e45c2968ae5',16.,40.);
#2297= IFCLOCALPLACEMENT(#42,#10);
#2298= IFCELEMENTASSEMBLY('1JuDIYLSD8JwSknfhgNV2w',#44,$,$,$,#2297,$,'A/193(?)',.NOTDEFINED.,.RIGID_FRAME.);
#2299= IFCCARTESIANPOINT((70046.927697325,18119.087090502,56771.8273772368));
#2300= IFCAXIS2PLACEMENT3D(#2299,#2007,#2008);
#2301= IFCLOCALPLACEMENT(#2297,#2300);
#2302= IFCSHAPEREPRESENTATION(#12,'Body','Brep',(#2168));
#2303= IFCSHAPEREPRESENTATION(#13,'Axis','GeometricCurveSet',(#2178));
#2304= IFCPRODUCTDEFINITIONSHAPE($,$,(#2302,#2303));
#2305= IFCFASTENER('3eCURfnT9FdOssClG8dGYz',#44,'Weld',$,$,#2301,#2304,'IDe831e6e9-c5d2-4f9d-8db6-32f4089d08bd');
#2306= IFCPROPERTYSINGLEVALUE('WeldID',$,IFCINTEGER(115375650),$);
#2307= IFCPROPERTYSET('02cvIAFdP3HRh8rJQNGTmG',#5,'AISC_EM11_Pset_Weld','WeldIdentity',(#305,#306,#307,#308,#2306,#310,#311,#312,#313,#314,#315,#316,#317,#318,#319,#320));
#2308= IFCCARTESIANPOINT((70146.9276973261,18119.0870905009,56771.8273772368));
#2309= IFCAXIS2PLACEMENT3D(#2308,#2007,#2008);
#2310= IFCLOCALPLACEMENT(#2297,#2309);
#2311= IFCSHAPEREPRESENTATION(#12,'Body','Brep',(#2168));
#2312= IFCSHAPEREPRESENTATION(#13,'Axis','GeometricCurveSet',(#2178));
#2313= IFCPRODUCTDEFINITIONSHAPE($,$,(#2311,#2312));
#2314= IFCFASTENER('0ncdtsHyb17vSCr_Dza8do',#44,'Weld',$,$,#2310,#2313,'ID319a7df6-47c9-411f-970c-d7e37d9089f2');
#2315= IFCPROPERTYSINGLEVALUE('WeldID',$,IFCINTEGER(115375605),$);
#2316= IFCPROPERTYSET('28qjkeGhf74ProvTHi9Af6',#5,'AISC_EM11_Pset_Weld','WeldIdentity',(#305,#306,#307,#308,#2315,#310,#311,#312,#313,#314,#315,#316,#317,#318,#319,#320));
#2317= IFCCARTESIANPOINT((70099.1,18130.259,56714.998));
#2318= IFCAXIS2PLACEMENT3D(#2317,#8,#9);
#2319= IFCLOCALPLACEMENT(#2297,#2318);
#2320= IFCSHAPEREPRESENTATION(#12,'Body','Brep',(#2237));
#2321= IFCSHAPEREPRESENTATION(#13,'Axis','GeometricCurveSet',(#379,#2241));
#2322= IFCPRODUCTDEFINITIONSHAPE($,$,(#2320,#2321));
#2323= IFCFASTENER('11$AA4_154EeNiFRp9Jgk$',#44,'Weld',$,$,#2319,#2322,'ID41fca284-f811-443a-85ec-3dbcc94eabbf');
#2324= IFCPROPERTYSINGLEVALUE('WeldID',$,IFCINTEGER(115375543),$);
#2325= IFCPROPERTYSET('0ZAaw4gyPDoQdnvqL6NqHz',#5,'AISC_EM11_Pset_Weld','WeldIdentity',(#305,#306,#307,#308,#2324,#387,#311,#312,#388,#314,#389,#390,#317,#318,#319,#320));
#2326= IFCCARTESIANPOINT((70096.1000208461,18185.2586634188,56619.9981994629));
#2327= IFCAXIS2PLACEMENT3D(#2326,#9,#740);
#2328= IFCLOCALPLACEMENT(#2297,#2327);
#2329= IFCSHAPEREPRESENTATION(#12,'Body','SweptSolid',(#399));
#2330= IFCPRODUCTDEFINITIONSHAPE($,$,(#2329));
#2331= IFCDISCRETEACCESSORY('3Ovk7kwE196QnUf_1rt$4p',#44,'Support section',$,$,#2328,#2330,'1050(?)');
#2332= IFCLOCALPLACEMENT(#2297,#2280);
#2333= IFCSHAPEREPRESENTATION(#12,'Body','MappedRepresentation',(#410,#411,#412));
#2334= IFCPRODUCTDEFINITIONSHAPE($,$,(#2333));
#2335= IFCOPENINGELEMENT('2XvWVWmC5FPAb3Kz7e$ZK3',#5,$,$,'Opening',#2332,#2334,$);
#2336= IFCRELVOIDSELEMENT('1GrQYfNQHAKvD8WCcXf2kK',#5,'Drill Hole',$,#2331,#2335);
#2337= IFCCARTESIANPOINT((70044.0992702002,17862.2586633752,56644.9989501104));
#2338= IFCAXIS2PLACEMENT3D(#2337,#432,#2259);
#2339= IFCLOCALPLACEMENT(#2297,#2338);
#2340= IFCSHAPEREPRESENTATION(#12,'Body','Brep',(#675));
#2341= IFCPRODUCTDEFINITIONSHAPE($,$,(#2340));
#2342= IFCDISCRETEACCESSORY('2d8sAA5wT8PgyGLKzOAfxA',#44,'Support section',$,$,#2339,#2341,'1497(?)');
#2343= IFCCARTESIANPOINT((70144.0992702013,17862.2586633741,56644.9989501104));
#2344= IFCAXIS2PLACEMENT3D(#2343,#432,#2259);
#2345= IFCLOCALPLACEMENT(#2297,#2344);
#2346= IFCSHAPEREPRESENTATION(#12,'Body','Brep',(#675));
#2347= IFCPRODUCTDEFINITIONSHAPE($,$,(#2346));
#2348= IFCDISCRETEACCESSORY('2qZn4448L2$ulvysvzm4Jd',#44,'Support section',$,$,#2345,#2347,'1497(?)');
#2349= IFCCARTESIANPOINT((70090.0000209421,18125.2586634191,56594.9981994629));
#2350= IFCAXIS2PLACEMENT3D(#2349,#9,#7);
#2351= IFCLOCALPLACEMENT(#2297,#2350);
#2352= IFCSHAPEREPRESENTATION(#12,'Body','SweptSolid',(#695));
#2353= IFCPRODUCTDEFINITIONSHAPE($,$,(#2352));
#2354= IFCCOLUMN('0ABW_WgsHC58vf1OwTgsDv',#44,'main piece','PL10*200','PL10*200',#2351,#2353,'1496(?)');
#2355= IFCLOCALPLACEMENT(#42,#10);
#2356= IFCELEMENTASSEMBLY('0iDr8Q57j3O8YFki2AS5qc',#44,'BEAM',$,$,#2355,$,'B/675(?)',.NOTDEFINED.,.RIGID_FRAME.);
#2357= IFCPROPERTYSINGLEVALUE('AssemblyMark',$,IFCIDENTIFIER('B/675(?)'),$);
#2358= IFCPROPERTYSET('1jIaFmCp55mOpp9Q$L7tef',#5,'AISC_EM11_Pset_AssemblyIdentification','AssemblyIdentity',(#2357,#52,#53));
#2359= IFCCARTESIANPOINT((65845.9551740973,18017.8680775274,56834.9981994629));
#2360= IFCDIRECTION((-0.057107470984367,0.998368036726822,0.));
#2361= IFCAXIS2PLACEMENT3D(#2359,#2360,#57);
#2362= IFCLOCALPLACEMENT(#2355,#2361);
#2363= IFCCARTESIANPOINT((0.,-45.9019020332618,0.));
#2364= IFCAXIS2PLACEMENT3D(#2363,#8,#7);
#2365= IFCEXTRUDEDAREASOLID(#67,#2364,#9,10.56);
#2366= IFCCARTESIANPOINT((0.,-35.3419020332618,0.));
#2367= IFCAXIS2PLACEMENT3D(#2366,#8,#7);
#2368= IFCEXTRUDEDAREASOLID(#74,#2367,#9,40.);
#2369= IFCSHAPEREPRESENTATION(#12,'Body','SweptSolid',(#2365,#2368,#1550,#1553));
#2370= IFCREPRESENTATIONMAP(#10,#2369);
#2371= IFCMAPPEDITEM(#2370,#86);
#2372= IFCMAPPEDITEM(#2370,#91);
#2373= IFCMAPPEDITEM(#2370,#94);
#2374= IFCSHAPEREPRESENTATION(#12,'Body','MappedRepresentation',(#2371,#2372,#2373));
#2375= IFCPOLYLINE((#2363,#97));
#2376= IFCSHAPEREPRESENTATION(#12,'Axis','GeometricCurveSet',(#2375));
#2377= IFCREPRESENTATIONMAP(#10,#2376);
#2378= IFCMAPPEDITEM(#2377,#86);
#2379= IFCMAPPEDITEM(#2377,#91);
#2380= IFCMAPPEDITEM(#2377,#94);
#2381= IFCSHAPEREPRESENTATION(#12,'Axis','MappedRepresentation',(#2378,#2379,#2380));
#2382= IFCPRODUCTDEFINITIONSHAPE($,$,(#2374,#2381));
#2383= IFCMECHANICALFASTENER('0lNIxL$RLAzPq7K3sd3ctc',#44,'Bolt assembly',$,$,#2362,#2382,'ID2f5d2ed5-fdb5-4af5-9d07-503da70e6de6',16.,40.);
#2384= IFCLOCALPLACEMENT(#42,#10);
#2385= IFCELEMENTASSEMBLY('2CBk_QhSDCjBRh$deo9K8q',#44,$,$,$,#2384,$,'A/193(?)',.NOTDEFINED.,.RIGID_FRAME.);
#2386= IFCCARTESIANPOINT((65804.1621978485,17994.271305689,56771.8273772359));
#2387= IFCDIRECTION((0.285028395812085,0.951532589178997,-0.115518592923843));
#2388= IFCDIRECTION((-0.881858655104486,0.307547934036814,0.357406744042406));
#2389= IFCAXIS2PLACEMENT3D(#2386,#2387,#2388);
#2390= IFCLOCALPLACEMENT(#2384,#2389);
#2391= IFCCARTESIANPOINT((-45.3293352283617,-126.041691525956,15.7105286200276));
#2392= IFCCARTESIANPOINT((-48.5765118292693,-125.846807981579,7.22748551013501));
#2393= IFCCARTESIANPOINT((-57.3772525390814,-118.015930631678,6.25140195208951));
#2394= IFCCARTESIANPOINT((-50.2103870435421,-121.69854367472,15.1691748204066));
#2395= IFCPOLYLOOP((#2391,#2392,#2393,#2394));
#2396= IFCFACEOUTERBOUND(#2395,.T.);
#2397= IFCFACE((#2396));
#2398= IFCCARTESIANPOINT((-48.131181721641,-134.582436816141,18.0273506407684));
#2399= IFCCARTESIANPOINT((-59.2699310841745,-124.671205140854,16.7919602948459));
#2400= IFCPOLYLOOP((#2392,#2398,#2399,#2393));
#2401= IFCFACEOUTERBOUND(#2400,.T.);
#2402= IFCFACE((#2401));
#2403= IFCPOLYLOOP((#2398,#2391,#2394,#2399));
#2404= IFCFACEOUTERBOUND(#2403,.T.);
#2405= IFCFACE((#2404));
#2406= IFCPOLYLOOP((#2399,#2394,#2393));
#2407= IFCFACEOUTERBOUND(#2406,.T.);
#2408= IFCFACE((#2407));
#2409= IFCPOLYLOOP((#2398,#2392,#2391));
#2410= IFCFACEOUTERBOUND(#2409,.T.);
#2411= IFCFACE((#2410));
#2412= IFCCARTESIANPOINT((-8.33773718913653,-13.1202489431307,1.63537988127428));
#2413= IFCCARTESIANPOINT((-13.1032863467772,-11.9416859823687,-3.65358859017579));
#2414= IFCCARTESIANPOINT((-8.45235064501321,0.118469492837903,-5.15683259985963));
#2415= IFCPOLYLOOP((#2412,#2413,#2414,#156));
#2416= IFCFACEOUTERBOUND(#2415,.T.);
#2417= IFCFACE((#2416));
#2418= IFCCARTESIANPOINT((-14.5642272257828,-10.4142064415937,4.08094990110112));
#2419= IFCCARTESIANPOINT((-6.96469951517065,9.29182511963882,1.62468190689106));
#2420= IFCPOLYLOOP((#2413,#2418,#2419,#2414));
#2421= IFCFACEOUTERBOUND(#2420,.T.);
#2422= IFCFACE((#2421));
#2423= IFCPOLYLOOP((#2418,#2412,#156,#2419));
#2424= IFCFACEOUTERBOUND(#2423,.T.);
#2425= IFCFACE((#2424));
#2426= IFCCARTESIANPOINT((-45.1506318561842,-108.578294731458,13.5337949391251));
#2427= IFCCARTESIANPOINT((-49.9161810137994,-107.399731770696,8.24482646765318));
#2428= IFCPOLYLOOP((#2426,#2427,#2413,#2412));
#2429= IFCFACEOUTERBOUND(#2428,.T.);
#2430= IFCFACE((#2429));
#2431= IFCCARTESIANPOINT((-51.3771218928268,-105.872252229907,15.9793649589337));
#2432= IFCPOLYLOOP((#2427,#2431,#2418,#2413));
#2433= IFCFACEOUTERBOUND(#2432,.T.);
#2434= IFCFACE((#2433));
#2435= IFCPOLYLOOP((#2431,#2426,#2412,#2418));
#2436= IFCFACEOUTERBOUND(#2435,.T.);
#2437= IFCFACE((#2436));
#2438= IFCCARTESIANPOINT((-54.567116715607,-119.459887246005,9.74807047733339));
#2439= IFCPOLYLOOP((#2394,#2438,#2427,#2426));
#2440= IFCFACEOUTERBOUND(#2439,.T.);
#2441= IFCFACE((#2440));
#2442= IFCCARTESIANPOINT((-58.9766496034499,-125.578283791212,18.4356329531402));
#2443= IFCPOLYLOOP((#2438,#2442,#2431,#2427));
#2444= IFCFACEOUTERBOUND(#2443,.T.);
#2445= IFCFACE((#2444));
#2446= IFCPOLYLOOP((#2442,#2394,#2426,#2431));
#2447= IFCFACEOUTERBOUND(#2446,.T.);
#2448= IFCFACE((#2447));
#2449= IFCPOLYLOOP((#2419,#156,#2414));
#2450= IFCFACEOUTERBOUND(#2449,.T.);
#2451= IFCFACE((#2450));
#2452= IFCPOLYLOOP((#2442,#2438,#2394));
#2453= IFCFACEOUTERBOUND(#2452,.T.);
#2454= IFCFACE((#2453));
#2455= IFCCARTESIANPOINT((0.0308054008310137,0.194883544347249,-8.48304310989624));
#2456= IFCCARTESIANPOINT((5.81160933474894,-7.45474835606001,-15.3963530182227));
#2457= IFCCARTESIANPOINT((6.48412162856039,-4.24262580888171,-3.83424816040861));
#2458= IFCPOLYLOOP((#197,#2455,#2456,#2457));
#2459= IFCFACEOUTERBOUND(#2458,.T.);
#2460= IFCFACE((#2459));
#2461= IFCCARTESIANPOINT((7.04127021278691,8.4830431099399,0.194883544336335));
#2462= IFCCARTESIANPOINT((14.3578050655997,-1.198793369942,-8.55501931879189));
#2463= IFCPOLYLOOP((#2455,#2461,#2462,#2456));
#2464= IFCFACEOUTERBOUND(#2463,.T.);
#2465= IFCFACE((#2464));
#2466= IFCPOLYLOOP((#2461,#197,#2457,#2462));
#2467= IFCFACEOUTERBOUND(#2466,.T.);
#2468= IFCFACE((#2467));
#2469= IFCCARTESIANPOINT((-11.7898720849007,0.194883544376353,-8.48304310990716));
#2470= IFCPOLYLOOP((#156,#2469,#2455,#197));
#2471= IFCFACEOUTERBOUND(#2470,.T.);
#2472= IFCFACE((#2471));
#2473= IFCCARTESIANPOINT((-7.91969365951081,8.48304310998356,0.194883544332697));
#2474= IFCPOLYLOOP((#2469,#2473,#2461,#2455));
#2475= IFCFACEOUTERBOUND(#2474,.T.);
#2476= IFCFACE((#2475));
#2477= IFCPOLYLOOP((#2473,#156,#197,#2461));
#2478= IFCFACEOUTERBOUND(#2477,.T.);
#2479= IFCFACE((#2478));
#2480= IFCPOLYLOOP((#2462,#2457,#2456));
#2481= IFCFACEOUTERBOUND(#2480,.T.);
#2482= IFCFACE((#2481));
#2483= IFCPOLYLOOP((#2473,#2469,#156));
#2484= IFCFACEOUTERBOUND(#2483,.T.);
#2485= IFCFACE((#2484));
#2486= IFCCARTESIANPOINT((-35.3885282258234,-112.820920540369,9.69954677869828));
#2487= IFCCARTESIANPOINT((-35.3885282258525,-113.713472844844,2.53882004865955));
#2488= IFCCARTESIANPOINT((-40.0394639276383,-125.773628320167,4.04206405835794));
#2489= IFCCARTESIANPOINT((-40.4482834131923,-125.941169483631,11.3349266599944));
#2490= IFCPOLYLOOP((#2486,#2487,#2488,#2489));
#2491= IFCFACEOUTERBOUND(#2490,.T.);
#2492= IFCFACE((#2491));
#2493= IFCCARTESIANPOINT((-29.1620381891589,-115.526963041921,7.25397675887871));
#2494= IFCCARTESIANPOINT((-36.7615658998075,-135.232994603241,9.71024475309241));
#2495= IFCPOLYLOOP((#2487,#2493,#2494,#2488));
#2496= IFCFACEOUTERBOUND(#2495,.T.);
#2497= IFCFACE((#2496));
#2498= IFCPOLYLOOP((#2493,#2486,#2489,#2494));
#2499= IFCFACEOUTERBOUND(#2498,.T.);
#2500= IFCFACE((#2499));
#2501= IFCCARTESIANPOINT((1.4243664412279,-17.3628747520415,-2.19886827915252));
#2502= IFCCARTESIANPOINT((1.42436644119152,-18.2554270565306,-9.3595950091767));
#2503= IFCPOLYLOOP((#2501,#2502,#2487,#2486));
#2504= IFCFACEOUTERBOUND(#2503,.T.);
#2505= IFCFACE((#2504));
#2506= IFCCARTESIANPOINT((7.65085647787055,-20.0689172535931,-4.64443829896481));
#2507= IFCPOLYLOOP((#2502,#2506,#2493,#2487));
#2508= IFCFACEOUTERBOUND(#2507,.T.);
#2509= IFCFACE((#2508));
#2510= IFCPOLYLOOP((#2506,#2501,#2486,#2493));
#2511= IFCFACEOUTERBOUND(#2510,.T.);
#2512= IFCFACE((#2511));
#2513= IFCCARTESIANPOINT((6.0753021429482,-6.1952715813386,-10.8628390188387));
#2514= IFCPOLYLOOP((#2457,#2513,#2502,#2501));
#2515= IFCFACEOUTERBOUND(#2514,.T.);
#2516= IFCFACE((#2515));
#2517= IFCCARTESIANPOINT((15.2503841884827,-0.36288569237513,-7.10070629315305));
#2518= IFCPOLYLOOP((#2513,#2517,#2506,#2502));
#2519= IFCFACEOUTERBOUND(#2518,.T.);
#2520= IFCFACE((#2519));
#2521= IFCPOLYLOOP((#2517,#2457,#2501,#2506));
#2522= IFCFACEOUTERBOUND(#2521,.T.);
#2523= IFCFACE((#2522));
#2524= IFCPOLYLOOP((#2494,#2489,#2488));
#2525= IFCFACEOUTERBOUND(#2524,.T.);
#2526= IFCFACE((#2525));
#2527= IFCPOLYLOOP((#2517,#2513,#2457));
#2528= IFCFACEOUTERBOUND(#2527,.T.);
#2529= IFCFACE((#2528));
#2530= IFCCARTESIANPOINT((-39.7757711194572,-125.665562532129,-0.661907956226059));
#2531= IFCPOLYLOOP((#2489,#2530,#2392,#2391));
#2532= IFCFACEOUTERBOUND(#2531,.T.);
#2533= IFCFACE((#2532));
#2534= IFCCARTESIANPOINT((-36.9924323590894,-134.353041620765,8.04205743173952));
#2535= IFCPOLYLOOP((#2530,#2534,#2398,#2392));
#2536= IFCFACEOUTERBOUND(#2535,.T.);
#2537= IFCFACE((#2536));
#2538= IFCPOLYLOOP((#2534,#2489,#2391,#2398));
#2539= IFCFACEOUTERBOUND(#2538,.T.);
#2540= IFCFACE((#2539));
#2541= IFCPOLYLOOP((#2398,#2391,#2392));
#2542= IFCFACEOUTERBOUND(#2541,.T.);
#2543= IFCFACE((#2542));
#2544= IFCPOLYLOOP((#2534,#2530,#2489));
#2545= IFCFACEOUTERBOUND(#2544,.T.);
#2546= IFCFACE((#2545));
#2547= IFCCLOSEDSHELL((#2397,#2402,#2405,#2408,#2411,#2417,#2422,#2425,#2430,#2434,#2437,#2441,#2445,#2448,#2451,#2454,#2460,#2465,#2468,#2472,#2476,#2479,#2482,#2485,#2492,#2497,#2500,#2505,#2509,#2512,#2516,#2520,#2523,#2526,#2529,#2533,#2537,#2540,#2543,#2546));
#2548= IFCFACETEDBREP(#2547);
#2549= IFCSHAPEREPRESENTATION(#12,'Body','Brep',(#2548));
#2550= IFCCARTESIANPOINT((-45.3293352289402,15.710528620024,126.041691525519));
#2551= IFCCARTESIANPOINT((-50.2103870440988,15.1691748203993,121.698543674298));
#2552= IFCCARTESIANPOINT((-45.150631856668,13.5337949391142,108.57829473108));
#2553= IFCCARTESIANPOINT((-8.3377371891911,1.63537988127428,13.1202489431016));
#2554= IFCCARTESIANPOINT((6.4841216285422,-3.83424816040861,4.24262580888171));
#2555= IFCCARTESIANPOINT((1.42436644114423,-2.19886827914161,17.3628747519979));
#2556= IFCCARTESIANPOINT((-35.3885282263363,9.69954677870192,112.820920539976));
#2557= IFCCARTESIANPOINT((-40.4482834137634,11.3349266599944,125.941169483194));
#2558= IFCPOLYLINE((#2550,#2551,#2552,#2553,#156,#197,#2554,#2555,#2556,#2557,#2550));
#2559= IFCSHAPEREPRESENTATION(#13,'Axis','GeometricCurveSet',(#2558));
#2560= IFCPRODUCTDEFINITIONSHAPE($,$,(#2549,#2559));
#2561= IFCFASTENER('3k23cASRn96w8feghqz$FF',#44,'Weld',$,$,#2390,#2560,'IDee08398a-71bc-491b-a229-a2aaf4f7f3cf');
#2562= IFCPROPERTYSINGLEVALUE('WeldID',$,IFCINTEGER(115375260),$);
#2563= IFCPROPERTYSET('3QUT_1OqX4XuXL_K2X_N9c',#5,'AISC_EM11_Pset_Weld','WeldIdentity',(#305,#306,#307,#308,#2562,#310,#311,#312,#313,#314,#315,#316,#317,#318,#319,#320));
#2564= IFCCARTESIANPOINT((65903.9990015244,17999.9820527854,56771.8273772359));
#2565= IFCAXIS2PLACEMENT3D(#2564,#2387,#2388);
#2566= IFCLOCALPLACEMENT(#2384,#2565);
#2567= IFCSHAPEREPRESENTATION(#12,'Body','Brep',(#2548));
#2568= IFCSHAPEREPRESENTATION(#13,'Axis','GeometricCurveSet',(#2558));
#2569= IFCPRODUCTDEFINITIONSHAPE($,$,(#2567,#2568));
#2570= IFCFASTENER('27fX2u01zBrvk78a6SgFIp',#44,'Weld',$,$,#2566,#2569,'ID87a610b8-001f-4bd7-9b87-22419ca8f4b3');
#2571= IFCPROPERTYSINGLEVALUE('WeldID',$,IFCINTEGER(115375215),$);
#2572= IFCPROPERTYSET('1KbRYq0aPFmxGpOWid9pLh',#5,'AISC_EM11_Pset_Weld','WeldIdentity',(#305,#306,#307,#308,#2571,#310,#311,#312,#313,#314,#315,#316,#317,#318,#319,#320));
#2573= IFCCARTESIANPOINT((65849.621,18008.061,56714.998));
#2574= IFCAXIS2PLACEMENT3D(#2573,#8,#57);
#2575= IFCLOCALPLACEMENT(#2384,#2574);
#2576= IFCSHAPEREPRESENTATION(#12,'Body','Brep',(#784));
#2577= IFCSHAPEREPRESENTATION(#13,'Axis','GeometricCurveSet',(#379,#788));
#2578= IFCPRODUCTDEFINITIONSHAPE($,$,(#2576,#2577));
#2579= IFCFASTENER('0fvPfv6VLEYfrw$iNYgaEz',#44,'Weld',$,$,#2575,#2578,'ID29e59a79-19f5-4e8a-9d7a-fec5e2aa43bd');
#2580= IFCPROPERTYSINGLEVALUE('WeldID',$,IFCINTEGER(115375152),$);
#2581= IFCPROPERTYSET('01JfI4mxjBTuCkYNMysWAU',#5,'AISC_EM11_Pset_Weld','WeldIdentity',(#305,#306,#307,#308,#2580,#387,#311,#312,#388,#314,#389,#390,#317,#318,#319,#320));
#2582= IFCCARTESIANPOINT((65849.4753828307,18063.1429947471,56619.9981994629));
#2583= IFCDIRECTION((0.0571074709843671,-0.998368036726822,0.));
#2584= IFCAXIS2PLACEMENT3D(#2582,#9,#2583);
#2585= IFCLOCALPLACEMENT(#2384,#2584);
#2586= IFCSHAPEREPRESENTATION(#12,'Body','SweptSolid',(#399));
#2587= IFCPRODUCTDEFINITIONSHAPE($,$,(#2586));
#2588= IFCDISCRETEACCESSORY('2tqBEZn$L7owe4yF7N1t9o',#44,'Support section',$,$,#2585,#2587,'1050(?)');
#2589= IFCLOCALPLACEMENT(#2384,#2361);
#2590= IFCSHAPEREPRESENTATION(#12,'Body','MappedRepresentation',(#410,#411,#412));
#2591= IFCPRODUCTDEFINITIONSHAPE($,$,(#2590));
#2592= IFCOPENINGELEMENT('3hYHjmqfv6bg8WMr9c5zT4',#5,$,$,'Opening',#2589,#2591,$);
#2593= IFCRELVOIDSELEMENT('2SAsSJFMHAuwlYr1aEsY7q',#5,'Drill Hole',$,#2588,#2592);
#2594= IFCCARTESIANPOINT((65816.0052086342,17737.7004874847,56644.9989501104));
#2595= IFCDIRECTION((-0.0571074709842851,0.998368036725323,1.7330000038331E-06));
#2596= IFCAXIS2PLACEMENT3D(#2594,#432,#2595);
#2597= IFCLOCALPLACEMENT(#2384,#2596);
#2598= IFCSHAPEREPRESENTATION(#12,'Body','Brep',(#675));
#2599= IFCPRODUCTDEFINITIONSHAPE($,$,(#2598));
#2600= IFCDISCRETEACCESSORY('1hl4Mnhv5E0uwZxeDB9h_M',#44,'Support section',$,$,#2597,#2599,'1497(?)');
#2601= IFCCARTESIANPOINT((65915.84201231,17743.411234581,56644.9989501104));
#2602= IFCAXIS2PLACEMENT3D(#2601,#432,#2595);
#2603= IFCLOCALPLACEMENT(#2384,#2602);
#2604= IFCSHAPEREPRESENTATION(#12,'Body','Brep',(#675));
#2605= IFCPRODUCTDEFINITIONSHAPE($,$,(#2604));
#2606= IFCDISCRETEACCESSORY('39dV2IPzP7i8aHbZpxKpVt',#44,'Support section',$,$,#2603,#2605,'1497(?)');
#2607= IFCCARTESIANPOINT((65846.8117861624,18002.8925569767,56594.9981994629));
#2608= IFCDIRECTION((0.998368036726822,0.0571074709843741,0.));
#2609= IFCAXIS2PLACEMENT3D(#2607,#9,#2608);
#2610= IFCLOCALPLACEMENT(#2384,#2609);
#2611= IFCSHAPEREPRESENTATION(#12,'Body','SweptSolid',(#695));
#2612= IFCPRODUCTDEFINITIONSHAPE($,$,(#2611));
#2613= IFCCOLUMN('0ty0_biQb0e9NoUEKLURm$',#44,'main piece','PL10*200','PL10*200',#2610,#2612,'1496(?)');
#2614= IFCLOCALPLACEMENT(#42,#10);
#2615= IFCELEMENTASSEMBLY('2IG$7R9TvFy9wfN7Z7$ccL',#44,'BEAM',$,$,#2614,$,'B/750(?)',.NOTDEFINED.,.RIGID_FRAME.);
#2616= IFCPROPERTYSINGLEVALUE('AssemblyMark',$,IFCIDENTIFIER('B/750(?)'),$);
#2617= IFCPROPERTYSET('1O4ti8FiD1LRP8cO2k1jB7',#5,'AISC_EM11_Pset_AssemblyIdentification','AssemblyIdentity',(#2616,#52,#53));
#2618= IFCCARTESIANPOINT((63720.9587007332,17896.3165354304,56834.9981994629));
#2619= IFCAXIS2PLACEMENT3D(#2618,#2360,#57);
#2620= IFCLOCALPLACEMENT(#2614,#2619);
#2621= IFCCARTESIANPOINT((0.,-45.8980049785965,0.));
#2622= IFCAXIS2PLACEMENT3D(#2621,#8,#7);
#2623= IFCEXTRUDEDAREASOLID(#67,#2622,#9,10.56);
#2624= IFCCARTESIANPOINT((0.,-35.3380049785965,0.));
#2625= IFCAXIS2PLACEMENT3D(#2624,#8,#7);
#2626= IFCEXTRUDEDAREASOLID(#74,#2625,#9,40.);
#2627= IFCSHAPEREPRESENTATION(#12,'Body','SweptSolid',(#2623,#2626,#1550,#1553));
#2628= IFCREPRESENTATIONMAP(#10,#2627);
#2629= IFCMAPPEDITEM(#2628,#86);
#2630= IFCMAPPEDITEM(#2628,#91);
#2631= IFCMAPPEDITEM(#2628,#94);
#2632= IFCSHAPEREPRESENTATION(#12,'Body','MappedRepresentation',(#2629,#2630,#2631));
#2633= IFCPOLYLINE((#2621,#97));
#2634= IFCSHAPEREPRESENTATION(#12,'Axis','GeometricCurveSet',(#2633));
#2635= IFCREPRESENTATIONMAP(#10,#2634);
#2636= IFCMAPPEDITEM(#2635,#86);
#2637= IFCMAPPEDITEM(#2635,#91);
#2638= IFCMAPPEDITEM(#2635,#94);
#2639= IFCSHAPEREPRESENTATION(#12,'Axis','MappedRepresentation',(#2636,#2637,#2638));
#2640= IFCPRODUCTDEFINITIONSHAPE($,$,(#2632,#2639));
#2641= IFCMECHANICALFASTENER('1Q6zhg7T1CR8ZKxI7Ehe0r',#44,'Bolt assembly',$,$,#2620,#2640,'ID5a1bdaea-1dd0-4c6c-88d4-ed21ceae8035',16.,40.);
#2642= IFCLOCALPLACEMENT(#42,#10);
#2643= IFCELEMENTASSEMBLY('0hUUON7CT3$gxHN2oIvTaX',#44,$,$,$,#2642,$,'A/193(?)',.NOTDEFINED.,.RIGID_FRAME.);
#2644= IFCCARTESIANPOINT((63679.1657244845,17872.719763592,56771.8273772359));
#2645= IFCAXIS2PLACEMENT3D(#2644,#2387,#2388);
#2646= IFCLOCALPLACEMENT(#2642,#2645);
#2647= IFCSHAPEREPRESENTATION(#12,'Body','Brep',(#2548));
#2648= IFCSHAPEREPRESENTATION(#13,'Axis','GeometricCurveSet',(#2558));
#2649= IFCPRODUCTDEFINITIONSHAPE($,$,(#2647,#2648));
#2650= IFCFASTENER('3GFvVHyG57tx_CagUvTaFQ',#44,'Weld',$,$,#2646,#2649,'IDd03f97d1-f101-47df-bf8c-92a7b97643da');
#2651= IFCPROPERTYSINGLEVALUE('WeldID',$,IFCINTEGER(115374869),$);
#2652= IFCPROPERTYSET('0cSRSxyoX9ZvrEXPZRBMQJ',#5,'AISC_EM11_Pset_Weld','WeldIdentity',(#305,#306,#307,#308,#2651,#310,#311,#312,#313,#314,#315,#316,#317,#318,#319,#320));
#2653= IFCCARTESIANPOINT((63779.0025281603,17878.4305106883,56771.8273772359));
#2654= IFCAXIS2PLACEMENT3D(#2653,#2387,#2388);
#2655= IFCLOCALPLACEMENT(#2642,#2654);
#2656= IFCSHAPEREPRESENTATION(#12,'Body','Brep',(#2548));
#2657= IFCSHAPEREPRESENTATION(#13,'Axis','GeometricCurveSet',(#2558));
#2658= IFCPRODUCTDEFINITIONSHAPE($,$,(#2656,#2657));
#2659= IFCFASTENER('3wwmlmvErAwQL6XhNoUxWr',#44,'Weld',$,$,#2655,#2658,'IDfaeb0bf0-e4ed-4ae9-a546-86b5f27bb835');
#2660= IFCPROPERTYSINGLEVALUE('WeldID',$,IFCINTEGER(115374824),$);
#2661= IFCPROPERTYSET('1lVTBK$Rz1v9NfXHnIV41W',#5,'AISC_EM11_Pset_Weld','WeldIdentity',(#305,#306,#307,#308,#2660,#310,#311,#312,#313,#314,#315,#316,#317,#318,#319,#320));
#2662= IFCCARTESIANPOINT((63724.625,17886.51,56714.998));
#2663= IFCAXIS2PLACEMENT3D(#2662,#8,#57);
#2664= IFCLOCALPLACEMENT(#2642,#2663);
#2665= IFCSHAPEREPRESENTATION(#12,'Body','Brep',(#784));
#2666= IFCSHAPEREPRESENTATION(#13,'Axis','GeometricCurveSet',(#379,#788));
#2667= IFCPRODUCTDEFINITIONSHAPE($,$,(#2665,#2666));
#2668= IFCFASTENER('1VqQ2$_FrBoBVJOXgD3El6',#44,'Weld',$,$,#2664,#2667,'ID5fd1a0bf-f8fd-4bc8-b7d3-621a8d0cebc6');
#2669= IFCPROPERTYSINGLEVALUE('WeldID',$,IFCINTEGER(115374762),$);
#2670= IFCPROPERTYSET('27S_r1Zxb5j8yVC$87watW',#5,'AISC_EM11_Pset_Weld','WeldIdentity',(#305,#306,#307,#308,#2669,#387,#311,#312,#388,#314,#389,#390,#317,#318,#319,#320));
#2671= IFCCARTESIANPOINT((63724.4789094667,17941.5914526501,56619.9981994629));
#2672= IFCAXIS2PLACEMENT3D(#2671,#9,#2583);
#2673= IFCLOCALPLACEMENT(#2642,#2672);
#2674= IFCSHAPEREPRESENTATION(#12,'Body','SweptSolid',(#399));
#2675= IFCPRODUCTDEFINITIONSHAPE($,$,(#2674));
#2676= IFCDISCRETEACCESSORY('000X7RKArFPxBjx5EZ3zNi',#44,'Support section',$,$,#2673,#2675,'1050(?)');
#2677= IFCLOCALPLACEMENT(#2642,#2619);
#2678= IFCSHAPEREPRESENTATION(#12,'Body','MappedRepresentation',(#410,#411,#412));
#2679= IFCPRODUCTDEFINITIONSHAPE($,$,(#2678));
#2680= IFCOPENINGELEMENT('2veQZ4wwr9qeOs_CTtBGJR',#5,$,$,'Opening',#2677,#2679,$);
#2681= IFCRELVOIDSELEMENT('3VG8ZDpgj648562dv2LXO0',#5,'Drill Hole',$,#2676,#2680);
#2682= IFCCARTESIANPOINT((63691.0087352702,17616.1489453876,56644.9989501104));
#2683= IFCAXIS2PLACEMENT3D(#2682,#432,#2595);
#2684= IFCLOCALPLACEMENT(#2642,#2683);
#2685= IFCSHAPEREPRESENTATION(#12,'Body','Brep',(#675));
#2686= IFCPRODUCTDEFINITIONSHAPE($,$,(#2685));
#2687= IFCDISCRETEACCESSORY('1v1RDVmRP0vPd5msidnlnw',#44,'Support section',$,$,#2684,#2686,'1497(?)');
#2688= IFCCARTESIANPOINT((63790.845538946,17621.8596924839,56644.9989501104));
#2689= IFCAXIS2PLACEMENT3D(#2688,#432,#2595);
#2690= IFCLOCALPLACEMENT(#2642,#2689);
#2691= IFCSHAPEREPRESENTATION(#12,'Body','Brep',(#675));
#2692= IFCPRODUCTDEFINITIONSHAPE($,$,(#2691));
#2693= IFCDISCRETEACCESSORY('0M6vADzS958fJDAXTVRmGq',#44,'Support section',$,$,#2690,#2692,'1497(?)');
#2694= IFCCARTESIANPOINT((63721.8153127983,17881.3410148796,56594.9981994629));
#2695= IFCAXIS2PLACEMENT3D(#2694,#9,#2608);
#2696= IFCLOCALPLACEMENT(#2642,#2695);
#2697= IFCSHAPEREPRESENTATION(#12,'Body','SweptSolid',(#695));
#2698= IFCPRODUCTDEFINITIONSHAPE($,$,(#2697));
#2699= IFCCOLUMN('2xu42AgEDESe5XlGudBUdN',#44,'main piece','PL10*200','PL10*200',#2696,#2698,'1496(?)');
#2700= IFCLOCALPLACEMENT(#42,#10);
#2701= IFCELEMENTASSEMBLY('37n$KRzWT9Ie6XzlKf7kRd',#44,'BEAM',$,$,#2700,$,'B/758(?)',.NOTDEFINED.,.RIGID_FRAME.);
#2702= IFCPROPERTYSINGLEVALUE('AssemblyMark',$,IFCIDENTIFIER('B/758(?)'),$);
#2703= IFCPROPERTYSET('05bfKU0_j8fhl1r9u5aJ4h',#5,'AISC_EM11_Pset_AssemblyIdentification','AssemblyIdentity',(#2702,#52,#53));
#2704= IFCCARTESIANPOINT((61595.9586995772,17774.7647915408,56834.9981994629));
#2705= IFCAXIS2PLACEMENT3D(#2704,#2360,#57);
#2706= IFCLOCALPLACEMENT(#2700,#2705);
#2707= IFCSHAPEREPRESENTATION(#12,'Body','MappedRepresentation',(#2629,#2630,#2631));
#2708= IFCSHAPEREPRESENTATION(#12,'Axis','MappedRepresentation',(#2636,#2637,#2638));
#2709= IFCPRODUCTDEFINITIONSHAPE($,$,(#2707,#2708));
#2710= IFCMECHANICALFASTENER('2hC8_GdI5Dru7rMtjnwfrw',#44,'Bolt assembly',$,$,#2706,#2709,'IDab308f90-9d21-4dd7-81f5-5b7b71ea9d7a',16.,40.);
#2711= IFCLOCALPLACEMENT(#42,#10);
#2712= IFCELEMENTASSEMBLY('2XznPaN4nFqvXicW1Y9w5T',#44,$,$,$,#2711,$,'A/193(?)',.NOTDEFINED.,.RIGID_FRAME.);
#2713= IFCCARTESIANPOINT((61554.1657233285,17751.1680197023,56771.8273772359));
#2714= IFCAXIS2PLACEMENT3D(#2713,#2387,#2388);
#2715= IFCLOCALPLACEMENT(#2711,#2714);
#2716= IFCSHAPEREPRESENTATION(#12,'Body','Brep',(#2548));
#2717= IFCSHAPEREPRESENTATION(#13,'Axis','GeometricCurveSet',(#2558));
#2718= IFCPRODUCTDEFINITIONSHAPE($,$,(#2716,#2717));
#2719= IFCFASTENER('04H4O1tUb1yfKiVwSsdw9L',#44,'Weld',$,$,#2715,#2718,'ID04444601-dde9-41f2-952c-7fa7369fa255');
#2720= IFCPROPERTYSINGLEVALUE('WeldID',$,IFCINTEGER(115374479),$);
#2721= IFCPROPERTYSET('2GyrkreuP9uRUzrK9TVs4g',#5,'AISC_EM11_Pset_Weld','WeldIdentity',(#305,#306,#307,#308,#2720,#310,#311,#312,#313,#314,#315,#316,#317,#318,#319,#320));
#2722= IFCCARTESIANPOINT((61654.0025270042,17756.8787667987,56771.8273772359));
#2723= IFCAXIS2PLACEMENT3D(#2722,#2387,#2388);
#2724= IFCLOCALPLACEMENT(#2711,#2723);
#2725= IFCSHAPEREPRESENTATION(#12,'Body','Brep',(#2548));
#2726= IFCSHAPEREPRESENTATION(#13,'Axis','GeometricCurveSet',(#2558));
#2727= IFCPRODUCTDEFINITIONSHAPE($,$,(#2725,#2726));
#2728= IFCFASTENER('3sXnWNSZz7URb0WJU5MrIP',#44,'Weld',$,$,#2724,#2727,'IDf6871817-723f-4779-b940-8137855b5499');
#2729= IFCPROPERTYSINGLEVALUE('WeldID',$,IFCINTEGER(115374434),$);
#2730= IFCPROPERTYSET('25XxzXHhH8a9_Y6mF2F2l4',#5,'AISC_EM11_Pset_Weld','WeldIdentity',(#305,#306,#307,#308,#2729,#310,#311,#312,#313,#314,#315,#316,#317,#318,#319,#320));
#2731= IFCCARTESIANPOINT((61599.625,17764.958,56714.998));
#2732= IFCAXIS2PLACEMENT3D(#2731,#8,#57);
#2733= IFCLOCALPLACEMENT(#2711,#2732);
#2734= IFCSHAPEREPRESENTATION(#12,'Body','Brep',(#784));
#2735= IFCSHAPEREPRESENTATION(#13,'Axis','GeometricCurveSet',(#379,#788));
#2736= IFCPRODUCTDEFINITIONSHAPE($,$,(#2734,#2735));
#2737= IFCFASTENER('0cepbKtX9F9hMXb_v$fkVb',#44,'Weld',$,$,#2733,#2736,'ID26a33954-de12-4f26-b5a1-97ee7fa6e7e5');
#2738= IFCPROPERTYSINGLEVALUE('WeldID',$,IFCINTEGER(115374372),$);
#2739= IFCPROPERTYSET('1bS4Esva54uhP0S72aiZ4R',#5,'AISC_EM11_Pset_Weld','WeldIdentity',(#305,#306,#307,#308,#2738,#387,#311,#312,#388,#314,#389,#390,#317,#318,#319,#320));
#2740= IFCCARTESIANPOINT((61599.4789083106,17820.0397087604,56619.9981994629));
#2741= IFCAXIS2PLACEMENT3D(#2740,#9,#2583);
#2742= IFCLOCALPLACEMENT(#2711,#2741);
#2743= IFCSHAPEREPRESENTATION(#12,'Body','SweptSolid',(#399));
#2744= IFCPRODUCTDEFINITIONSHAPE($,$,(#2743));
#2745= IFCDISCRETEACCESSORY('3ihmkOW$nFVvcm5$$tMvGr',#44,'Support section',$,$,#2742,#2744,'1050(?)');
#2746= IFCLOCALPLACEMENT(#2711,#2705);
#2747= IFCSHAPEREPRESENTATION(#12,'Body','MappedRepresentation',(#410,#411,#412));
#2748= IFCPRODUCTDEFINITIONSHAPE($,$,(#2747));
#2749= IFCOPENINGELEMENT('1w9FoSQWTBXQwe_Df4uCxH',#5,$,$,'Opening',#2746,#2748,$);
#2750= IFCRELVOIDSELEMENT('3WtnTIZ4r0R9wj$2GUqRZ6',#5,'Drill Hole',$,#2745,#2749);
#2751= IFCCARTESIANPOINT((61566.0087341142,17494.597201498,56644.9989501104));
#2752= IFCAXIS2PLACEMENT3D(#2751,#432,#2595);
#2753= IFCLOCALPLACEMENT(#2711,#2752);
#2754= IFCSHAPEREPRESENTATION(#12,'Body','Brep',(#675));
#2755= IFCPRODUCTDEFINITIONSHAPE($,$,(#2754));
#2756= IFCDISCRETEACCESSORY('2zLAjUeq1EFvU1Ni8DDkgA',#44,'Support section',$,$,#2753,#2755,'1497(?)');
#2757= IFCCARTESIANPOINT((61665.8455377899,17500.3079485943,56644.9989501104));
#2758= IFCAXIS2PLACEMENT3D(#2757,#432,#2595);
#2759= IFCLOCALPLACEMENT(#2711,#2758);
#2760= IFCSHAPEREPRESENTATION(#12,'Body','Brep',(#675));
#2761= IFCPRODUCTDEFINITIONSHAPE($,$,(#2760));
#2762= IFCDISCRETEACCESSORY('17r4RDEWD8WPsl85mMEzIS',#44,'Support section',$,$,#2759,#2761,'1497(?)');
#2763= IFCCARTESIANPOINT((61596.8153116423,17759.78927099,56594.9981994629));
#2764= IFCAXIS2PLACEMENT3D(#2763,#9,#2608);
#2765= IFCLOCALPLACEMENT(#2711,#2764);
#2766= IFCSHAPEREPRESENTATION(#12,'Body','SweptSolid',(#695));
#2767= IFCPRODUCTDEFINITIONSHAPE($,$,(#2766));
#2768= IFCCOLUMN('2JAVCtm3jCvBiRGhhUraGG',#44,'main piece','PL10*200','PL10*200',#2765,#2767,'1496(?)');
#2769= IFCLOCALPLACEMENT(#42,#10);
#2770= IFCELEMENTASSEMBLY('2MEPeBInb7Rxfda$btlvC8',#44,'BEAM',$,$,#2769,$,'B/756(?)',.NOTDEFINED.,.RIGID_FRAME.);
#2771= IFCPROPERTYSINGLEVALUE('AssemblyMark',$,IFCIDENTIFIER('B/756(?)'),$);
#2772= IFCPROPERTYSET('1kMrqIULXEpfrCAnsugIa7',#5,'AISC_EM11_Pset_AssemblyIdentification','AssemblyIdentity',(#2771,#52,#53));
#2773= IFCCARTESIANPOINT((55230.9609746988,17410.6816984153,56834.9981994629));
#2774= IFCAXIS2PLACEMENT3D(#2773,#2360,#57);
#2775= IFCLOCALPLACEMENT(#2769,#2774);
#2776= IFCCARTESIANPOINT((0.,-45.897853768864,0.));
#2777= IFCAXIS2PLACEMENT3D(#2776,#8,#7);
#2778= IFCEXTRUDEDAREASOLID(#67,#2777,#9,10.56);
#2779= IFCCARTESIANPOINT((0.,-35.337853768864,0.));
#2780= IFCAXIS2PLACEMENT3D(#2779,#8,#7);
#2781= IFCEXTRUDEDAREASOLID(#74,#2780,#9,40.);
#2782= IFCSHAPEREPRESENTATION(#12,'Body','SweptSolid',(#2778,#2781,#1550,#1553));
#2783= IFCREPRESENTATIONMAP(#10,#2782);
#2784= IFCMAPPEDITEM(#2783,#86);
#2785= IFCMAPPEDITEM(#2783,#91);
#2786= IFCMAPPEDITEM(#2783,#94);
#2787= IFCSHAPEREPRESENTATION(#12,'Body','MappedRepresentation',(#2784,#2785,#2786));
#2788= IFCPOLYLINE((#2776,#97));
#2789= IFCSHAPEREPRESENTATION(#12,'Axis','GeometricCurveSet',(#2788));
#2790= IFCREPRESENTATIONMAP(#10,#2789);
#2791= IFCMAPPEDITEM(#2790,#86);
#2792= IFCMAPPEDITEM(#2790,#91);
#2793= IFCMAPPEDITEM(#2790,#94);
#2794= IFCSHAPEREPRESENTATION(#12,'Axis','MappedRepresentation',(#2791,#2792,#2793));
#2795= IFCPRODUCTDEFINITIONSHAPE($,$,(#2787,#2794));
#2796= IFCMECHANICALFASTENER('3srB2NBcD7zuj1mVr4cR_P',#44,'Bolt assembly',$,$,#2775,#2795,'IDf6d4b097-2e63-47f7-8b41-c1fd4499bf99',16.,40.);
#2797= IFCLOCALPLACEMENT(#42,#10);
#2798= IFCELEMENTASSEMBLY('0wvouT0ErBJPGOYDt7fKR_',#44,$,$,$,#2797,$,'A/193(?)',.NOTDEFINED.,.RIGID_FRAME.);
#2799= IFCCARTESIANPOINT((55189.1679984501,17387.0849265769,56771.8273772359));
#2800= IFCAXIS2PLACEMENT3D(#2799,#2387,#2388);
#2801= IFCLOCALPLACEMENT(#2797,#2800);
#2802= IFCSHAPEREPRESENTATION(#12,'Body','Brep',(#2548));
#2803= IFCSHAPEREPRESENTATION(#13,'Axis','GeometricCurveSet',(#2558));
#2804= IFCPRODUCTDEFINITIONSHAPE($,$,(#2802,#2803));
#2805= IFCFASTENER('3p1ZLDmM91lgjo5_IT0U6H',#44,'Weld',$,$,#2801,#2804,'IDf306354d-c162-41be-ab72-17e49d01e191');
#2806= IFCPROPERTYSINGLEVALUE('WeldID',$,IFCINTEGER(115374088),$);
#2807= IFCPROPERTYSET('0TeySd6r19MO6zLRcd3EcJ',#5,'AISC_EM11_Pset_Weld','WeldIdentity',(#305,#306,#307,#308,#2806,#310,#311,#312,#313,#314,#315,#316,#317,#318,#319,#320));
#2808= IFCCARTESIANPOINT((55289.0048021258,17392.7956736732,56771.8273772359));
#2809= IFCAXIS2PLACEMENT3D(#2808,#2387,#2388);
#2810= IFCLOCALPLACEMENT(#2797,#2809);
#2811= IFCSHAPEREPRESENTATION(#12,'Body','Brep',(#2548));
#2812= IFCSHAPEREPRESENTATION(#13,'Axis','GeometricCurveSet',(#2558));
#2813= IFCPRODUCTDEFINITIONSHAPE($,$,(#2811,#2812));
#2814= IFCFASTENER('1c_kY9m$H9RxT4Guc9CCPi',#44,'Weld',$,$,#2810,#2813,'ID66fae889-c3f4-496f-b744-43898930c66c');
#2815= IFCPROPERTYSINGLEVALUE('WeldID',$,IFCINTEGER(115374043),$);
#2816= IFCPROPERTYSET('2b98rycRX2K9pJJvb52eFz',#5,'AISC_EM11_Pset_Weld','WeldIdentity',(#305,#306,#307,#308,#2815,#310,#311,#312,#313,#314,#315,#316,#317,#318,#319,#320));
#2817= IFCCARTESIANPOINT((55234.627,17400.875,56714.998));
#2818= IFCAXIS2PLACEMENT3D(#2817,#8,#57);
#2819= IFCLOCALPLACEMENT(#2797,#2818);
#2820= IFCSHAPEREPRESENTATION(#12,'Body','Brep',(#784));
#2821= IFCSHAPEREPRESENTATION(#13,'Axis','GeometricCurveSet',(#379,#788));
#2822= IFCPRODUCTDEFINITIONSHAPE($,$,(#2820,#2821));
#2823= IFCFASTENER('2T$CPfwGP8sPCp17NsUY_L',#44,'Weld',$,$,#2819,#2822,'ID9dfcc669-e906-48d9-9333-0475f67a2f95');
#2824= IFCPROPERTYSINGLEVALUE('WeldID',$,IFCINTEGER(115373980),$);
#2825= IFCPROPERTYSET('0$gmt2lsnCmw8lIQ1KV5iM',#5,'AISC_EM11_Pset_Weld','WeldIdentity',(#305,#306,#307,#308,#2824,#387,#311,#312,#388,#314,#389,#390,#317,#318,#319,#320));
#2826= IFCCARTESIANPOINT((55234.4811834322,17455.956615635,56619.9981994629));
#2827= IFCAXIS2PLACEMENT3D(#2826,#9,#2583);
#2828= IFCLOCALPLACEMENT(#2797,#2827);
#2829= IFCSHAPEREPRESENTATION(#12,'Body','SweptSolid',(#399));
#2830= IFCPRODUCTDEFINITIONSHAPE($,$,(#2829));
#2831= IFCDISCRETEACCESSORY('3SFqZnSxv7W8id5Ka7DQOy',#44,'Support section',$,$,#2828,#2830,'1050(?)');
#2832= IFCLOCALPLACEMENT(#2797,#2774);
#2833= IFCSHAPEREPRESENTATION(#12,'Body','MappedRepresentation',(#410,#411,#412));
#2834= IFCPRODUCTDEFINITIONSHAPE($,$,(#2833));
#2835= IFCOPENINGELEMENT('2zp5xumMf0TAVtb7v4Y4L3',#5,$,$,'Opening',#2832,#2834,$);
#2836= IFCRELVOIDSELEMENT('3$gJlr2fP5Sf9zxEWQQTKg',#5,'Drill Hole',$,#2831,#2835);
#2837= IFCCARTESIANPOINT((55201.0110092358,17130.5141083725,56644.9989501104));
#2838= IFCAXIS2PLACEMENT3D(#2837,#432,#2595);
#2839= IFCLOCALPLACEMENT(#2797,#2838);
#2840= IFCSHAPEREPRESENTATION(#12,'Body','Brep',(#675));
#2841= IFCPRODUCTDEFINITIONSHAPE($,$,(#2840));
#2842= IFCDISCRETEACCESSORY('3w$TggWizEQP0B7Aeg9QlY',#44,'Support section',$,$,#2839,#2841,'1497(?)');
#2843= IFCCARTESIANPOINT((55300.8478129115,17136.2248554688,56644.9989501104));
#2844= IFCAXIS2PLACEMENT3D(#2843,#432,#2595);
#2845= IFCLOCALPLACEMENT(#2797,#2844);
#2846= IFCSHAPEREPRESENTATION(#12,'Body','Brep',(#675));
#2847= IFCPRODUCTDEFINITIONSHAPE($,$,(#2846));
#2848= IFCDISCRETEACCESSORY('1JeYk0STX31h5jEv9k0DnQ',#44,'Support section',$,$,#2845,#2847,'1497(?)');
#2849= IFCCARTESIANPOINT((55231.8175867638,17395.7061778645,56594.9981994629));
#2850= IFCAXIS2PLACEMENT3D(#2849,#9,#2608);
#2851= IFCLOCALPLACEMENT(#2797,#2850);
#2852= IFCSHAPEREPRESENTATION(#12,'Body','SweptSolid',(#695));
#2853= IFCPRODUCTDEFINITIONSHAPE($,$,(#2852));
#2854= IFCCOLUMN('3M775qWdfFdORWmH0EGVg4',#44,'main piece','PL10*200','PL10*200',#2851,#2853,'1496(?)');
#2855= IFCCARTESIANPOINT((57029.1245355552,16491.8708061703,56835.));
#2856= IFCAXIS2PLACEMENT3D(#2855,#2583,#57);
#2857= IFCLOCALPLACEMENT(#45,#2856);
#2858= IFCSHAPEREPRESENTATION(#12,'Body','MappedRepresentation',(#2784,#2785,#2786));
#2859= IFCSHAPEREPRESENTATION(#12,'Axis','MappedRepresentation',(#2791,#2792,#2793));
#2860= IFCPRODUCTDEFINITIONSHAPE($,$,(#2858,#2859));
#2861= IFCMECHANICALFASTENER('3MQW9fEt9BQPWhfhH0_9fx',#44,'Bolt assembly',$,$,#2857,#2860,'IDd66a0269-3b72-4b69-982b-a6b440f89a7b',16.,40.);
#2862= IFCLOCALPLACEMENT(#42,#10);
#2863= IFCELEMENTASSEMBLY('0Cs0srMxn4pxLuX$PagKIH',#44,$,$,$,#2862,$,'A/193(?)',.NOTDEFINED.,.RIGID_FRAME.);
#2864= IFCCARTESIANPOINT((57070.9175118039,16515.4675780087,56771.829177773));
#2865= IFCDIRECTION((-0.285028395811802,-0.951532589179095,-0.115518592923727));
#2866= IFCDIRECTION((0.881858655104733,-0.307547934036513,0.357406744042056));
#2867= IFCAXIS2PLACEMENT3D(#2864,#2865,#2866);
#2868= IFCLOCALPLACEMENT(#2862,#2867);
#2869= IFCSHAPEREPRESENTATION(#12,'Body','Brep',(#2548));
#2870= IFCSHAPEREPRESENTATION(#13,'Axis','GeometricCurveSet',(#2558));
#2871= IFCPRODUCTDEFINITIONSHAPE($,$,(#2869,#2870));
#2872= IFCFASTENER('1SnZRY$wb82QL1h_ifO0QS',#44,'Weld',$,$,#2868,#2871,'ID5cc636e2-ffa9-4809-a541-afeb2960069c');
#2873= IFCPROPERTYSINGLEVALUE('WeldID',$,IFCINTEGER(115373697),$);
#2874= IFCPROPERTYSET('0RP_0ufNX2rvcTNkYe4TRY',#5,'AISC_EM11_Pset_Weld','WeldIdentity',(#305,#306,#307,#308,#2873,#310,#311,#312,#313,#314,#315,#316,#317,#318,#319,#320));
#2875= IFCCARTESIANPOINT((56971.0807081281,16509.7568309124,56771.829177773));
#2876= IFCAXIS2PLACEMENT3D(#2875,#2865,#2866);
#2877= IFCLOCALPLACEMENT(#2862,#2876);
#2878= IFCSHAPEREPRESENTATION(#12,'Body','Brep',(#2548));
#2879= IFCSHAPEREPRESENTATION(#13,'Axis','GeometricCurveSet',(#2558));
#2880= IFCPRODUCTDEFINITIONSHAPE($,$,(#2878,#2879));
#2881= IFCFASTENER('35TpVcHZfDIvd_4cUkZl2c',#44,'Weld',$,$,#2877,#2880,'IDc57737e6-463a-4d4b-99fe-1267ae8ef0a6');
#2882= IFCPROPERTYSINGLEVALUE('WeldID',$,IFCINTEGER(115373652),$);
#2883= IFCPROPERTYSET('06jwwJExf4uQieNIraLHx2',#5,'AISC_EM11_Pset_Weld','WeldIdentity',(#305,#306,#307,#308,#2882,#310,#311,#312,#313,#314,#315,#316,#317,#318,#319,#320));
#2884= IFCCARTESIANPOINT((57019.468,16501.335,56715.));
#2885= IFCAXIS2PLACEMENT3D(#2884,#740,#9);
#2886= IFCLOCALPLACEMENT(#2862,#2885);
#2887= IFCSHAPEREPRESENTATION(#12,'Body','Brep',(#882));
#2888= IFCSHAPEREPRESENTATION(#13,'Axis','GeometricCurveSet',(#379,#886));
#2889= IFCPRODUCTDEFINITIONSHAPE($,$,(#2887,#2888));
#2890= IFCFASTENER('2tSMJMsvn1Q9bpzZX71baW',#44,'Weld',$,$,#2886,#2889,'IDb77164d6-db9c-4168-9973-f63847065920');
#2891= IFCPROPERTYSINGLEVALUE('WeldID',$,IFCINTEGER(115373589),$);
#2892= IFCPROPERTYSET('22Ww2HtWLAzBobvQOfXEMX',#5,'AISC_EM11_Pset_Weld','WeldIdentity',(#305,#306,#307,#308,#2891,#387,#311,#312,#388,#314,#389,#390,#317,#318,#319,#320));
#2893= IFCCARTESIANPOINT((57025.6043268217,16446.5958889507,56620.));
#2894= IFCAXIS2PLACEMENT3D(#2893,#9,#2360);
#2895= IFCLOCALPLACEMENT(#2862,#2894);
#2896= IFCSHAPEREPRESENTATION(#12,'Body','SweptSolid',(#399));
#2897= IFCPRODUCTDEFINITIONSHAPE($,$,(#2896));
#2898= IFCDISCRETEACCESSORY('2wuvWX7mvEP8097BbSpTcT',#44,'Support section',$,$,#2895,#2897,'1050(?)');
#2899= IFCLOCALPLACEMENT(#2862,#2856);
#2900= IFCSHAPEREPRESENTATION(#12,'Body','MappedRepresentation',(#410,#411,#412));
#2901= IFCPRODUCTDEFINITIONSHAPE($,$,(#2900));
#2902= IFCOPENINGELEMENT('1QPLSSfJbCORpb4xGvYthb',#5,$,$,'Opening',#2899,#2901,$);
#2903= IFCRELVOIDSELEMENT('36FmVw35j2HB0uB_mcfQde',#5,'Drill Hole',$,#2898,#2902);
#2904= IFCCARTESIANPOINT((57059.0745010182,16772.0383962131,56645.0007506475));
#2905= IFCDIRECTION((0.0571074709842817,-0.998368036725323,1.733000003833E-06));
#2906= IFCAXIS2PLACEMENT3D(#2904,#806,#2905);
#2907= IFCLOCALPLACEMENT(#2862,#2906);
#2908= IFCSHAPEREPRESENTATION(#12,'Body','Brep',(#675));
#2909= IFCPRODUCTDEFINITIONSHAPE($,$,(#2908));
#2910= IFCDISCRETEACCESSORY('3FOQUNvs9158W4d$ga_4BL',#44,'Support section',$,$,#2907,#2909,'1497(?)');
#2911= IFCCARTESIANPOINT((56959.2376973424,16766.3276491168,56645.0007506475));
#2912= IFCAXIS2PLACEMENT3D(#2911,#806,#2905);
#2913= IFCLOCALPLACEMENT(#2862,#2912);
#2914= IFCSHAPEREPRESENTATION(#12,'Body','Brep',(#675));
#2915= IFCPRODUCTDEFINITIONSHAPE($,$,(#2914));
#2916= IFCDISCRETEACCESSORY('3u8n7MTO99NQButG6$zK1B',#44,'Support section',$,$,#2913,#2915,'1497(?)');
#2917= IFCCARTESIANPOINT((57028.2679234901,16506.8463267211,56595.));
#2918= IFCDIRECTION((-0.998368036726822,-0.0571074709843741,0.));
#2919= IFCAXIS2PLACEMENT3D(#2917,#9,#2918);
#2920= IFCLOCALPLACEMENT(#2862,#2919);
#2921= IFCSHAPEREPRESENTATION(#12,'Body','SweptSolid',(#695));
#2922= IFCPRODUCTDEFINITIONSHAPE($,$,(#2921));
#2923= IFCCOLUMN('06re6znRf8MgufC_JhyBqK',#44,'main piece','PL10*200','PL10*200',#2920,#2922,'1496(?)');
#2924= IFCLOCALPLACEMENT(#42,#10);
#2925= IFCELEMENTASSEMBLY('1bQrKXTfL8QRhtDOY4Nsns',#44,'BEAM',$,$,#2924,$,'B/755(?)',.NOTDEFINED.,.RIGID_FRAME.);
#2926= IFCPROPERTYSINGLEVALUE('AssemblyMark',$,IFCIDENTIFIER('B/755(?)'),$);
#2927= IFCPROPERTYSET('3tG$myZC912OlqHXNLW_Ib',#5,'AISC_EM11_Pset_AssemblyIdentification','AssemblyIdentity',(#2926,#52,#53));
#2928= IFCCARTESIANPOINT((53130.927645769,17387.9614322727,56834.9981994629));
#2929= IFCDIRECTION((0.00164906200048427,0.999998640296335,0.));
#2930= IFCAXIS2PLACEMENT3D(#2928,#2929,#57);
#2931= IFCLOCALPLACEMENT(#2924,#2930);
#2932= IFCCARTESIANPOINT((0.,4.22348039122289,0.));
#2933= IFCAXIS2PLACEMENT3D(#2932,#8,#7);
#2934= IFCEXTRUDEDAREASOLID(#78,#2933,#9,8.);
#2935= IFCCARTESIANPOINT((0.,12.2234803912229,0.));
#2936= IFCAXIS2PLACEMENT3D(#2935,#8,#7);
#2937= IFCEXTRUDEDAREASOLID(#67,#2936,#9,13.);
#2938= IFCSHAPEREPRESENTATION(#12,'Body','SweptSolid',(#70,#77,#2934,#2937));
#2939= IFCREPRESENTATIONMAP(#10,#2938);
#2940= IFCMAPPEDITEM(#2939,#86);
#2941= IFCMAPPEDITEM(#2939,#91);
#2942= IFCMAPPEDITEM(#2939,#94);
#2943= IFCSHAPEREPRESENTATION(#12,'Body','MappedRepresentation',(#2940,#2941,#2942));
#2944= IFCSHAPEREPRESENTATION(#12,'Axis','MappedRepresentation',(#101,#102,#103));
#2945= IFCPRODUCTDEFINITIONSHAPE($,$,(#2943,#2944));
#2946= IFCMECHANICALFASTENER('2G0BALReD8zvLwSTQoFiW4',#44,'Bolt assembly',$,$,#2931,#2945,'ID9000b295-6e83-48f7-957a-71d6b23ec804',16.,40.);
#2947= IFCLOCALPLACEMENT(#42,#10);
#2948= IFCELEMENTASSEMBLY('1ZzwMwYa17dhil5q35$eid',#44,$,$,$,#2947,$,'A/193(?)',.NOTDEFINED.,.RIGID_FRAME.);
#2949= IFCCARTESIANPOINT((53087.8204674679,17366.8609213023,56771.8273772386));
#2950= IFCDIRECTION((0.33148166126178,0.93340325283974,-0.137398238108508));
#2951= IFCDIRECTION((-0.862265650289643,0.358829162120624,0.357406744119902));
#2952= IFCAXIS2PLACEMENT3D(#2949,#2950,#2951);
#2953= IFCLOCALPLACEMENT(#2947,#2952);
#2954= IFCCARTESIANPOINT((-45.329335229304,-125.635011532067,18.6861603938705));
#2955= IFCCARTESIANPOINT((-48.5765118301824,-125.640748383172,10.2008809589388));
#2956= IFCCARTESIANPOINT((-57.3772525400273,-117.835137761562,9.03992359314725));
#2957= IFCCARTESIANPOINT((-50.2103870445244,-121.305877070583,18.0422721980322));
#2958= IFCPOLYLOOP((#2954,#2955,#2956,#2957));
#2959= IFCFACEOUTERBOUND(#2958,.T.);
#2960= IFCFACE((#2959));
#2961= IFCCARTESIANPOINT((-48.1311817226451,-134.11859236889,21.204264953456));
#2962= IFCCARTESIANPOINT((-59.2699310851567,-124.239339792082,19.7348871425966));
#2963= IFCPOLYLOOP((#2955,#2961,#2962,#2956));
#2964= IFCFACEOUTERBOUND(#2963,.T.);
#2965= IFCFACE((#2964));
#2966= IFCPOLYLOOP((#2961,#2954,#2957,#2962));
#2967= IFCFACEOUTERBOUND(#2966,.T.);
#2968= IFCFACE((#2967));
#2969= IFCPOLYLOOP((#2962,#2957,#2956));
#2970= IFCFACEOUTERBOUND(#2969,.T.);
#2971= IFCFACE((#2970));
#2972= IFCPOLYLOOP((#2961,#2955,#2954));
#2973= IFCFACEOUTERBOUND(#2972,.T.);
#2974= IFCFACE((#2973));
#2975= IFCCARTESIANPOINT((-8.33773718914017,-13.0779157855286,1.94512683214998));
#2976= IFCCARTESIANPOINT((-13.1032863467699,-12.0247301891941,-3.37022811782663));
#2977= IFCCARTESIANPOINT((-8.45235064502049,-0.00348742555070203,-5.15819205937805));
#2978= IFCPOLYLOOP((#2975,#2976,#2977,#156));
#2979= IFCFACEOUTERBOUND(#2978,.T.);
#2980= IFCFACE((#2979));
#2981= IFCCARTESIANPOINT((-14.5642272258046,-10.3148087317386,4.32603383399328));
#2982= IFCCARTESIANPOINT((-6.96469951519612,9.32764030572434,1.40453966793939));
#2983= IFCPOLYLOOP((#2976,#2981,#2982,#2977));
#2984= IFCFACEOUTERBOUND(#2983,.T.);
#2985= IFCFACE((#2984));
#2986= IFCPOLYLOOP((#2981,#2975,#156,#2982));
#2987= IFCFACEOUTERBOUND(#2986,.T.);
#2988= IFCFACE((#2987));
#2989= IFCCARTESIANPOINT((-45.1506318571628,-108.227961284996,16.0971453658785));
#2990= IFCCARTESIANPOINT((-49.9161810147925,-107.174775688633,10.7817904159128));
#2991= IFCPOLYLOOP((#2989,#2990,#2976,#2975));
#2992= IFCFACEOUTERBOUND(#2991,.T.);
#2993= IFCFACE((#2992));
#2994= IFCCARTESIANPOINT((-51.3771218938273,-105.464854231206,18.4780523677218));
#2995= IFCPOLYLOOP((#2990,#2994,#2981,#2976));
#2996= IFCFACEOUTERBOUND(#2995,.T.);
#2997= IFCFACE((#2996));
#2998= IFCPOLYLOOP((#2994,#2989,#2975,#2981));
#2999= IFCFACEOUTERBOUND(#2998,.T.);
#3000= IFCFACE((#2999));
#3001= IFCCARTESIANPOINT((-54.5671167165783,-119.196018452334,12.5697543574643));
#3002= IFCPOLYLOOP((#2957,#3001,#2990,#2989));
#3003= IFCFACEOUTERBOUND(#3002,.T.);
#3004= IFCFACE((#3003));
#3005= IFCCARTESIANPOINT((-58.9766496044467,-125.107303268684,21.3995465337903));
#3006= IFCPOLYLOOP((#3001,#3005,#2994,#2990));
#3007= IFCFACEOUTERBOUND(#3006,.T.);
#3008= IFCFACE((#3007));
#3009= IFCPOLYLOOP((#3005,#2957,#2989,#2994));
#3010= IFCFACEOUTERBOUND(#3009,.T.);
#3011= IFCFACE((#3010));
#3012= IFCPOLYLOOP((#2982,#156,#2977));
#3013= IFCFACEOUTERBOUND(#3012,.T.);
#3014= IFCFACE((#3013));
#3015= IFCPOLYLOOP((#3005,#3001,#2957));
#3016= IFCFACEOUTERBOUND(#3015,.T.);
#3017= IFCFACE((#3016));
#3018= IFCCARTESIANPOINT((0.0308054008928593,-0.00573685117706191,-8.48527943492445));
#3019= IFCCARTESIANPOINT((5.81160933495266,-7.81668285481283,-15.2157953607966));
#3020= IFCCARTESIANPOINT((6.48412162865498,-4.33209356194129,-3.73286727338564));
#3021= IFCPOLYLOOP((#197,#3018,#3019,#3020));
#3022= IFCFACEOUTERBOUND(#3021,.T.);
#3023= IFCFACE((#3022));
#3024= IFCCARTESIANPOINT((7.04127021281238,8.48527943495719,-0.00573685116614797));
#3025= IFCCARTESIANPOINT((14.357805065727,-1.40072592382785,-8.52428460199008));
#3026= IFCPOLYLOOP((#3018,#3024,#3025,#3019));
#3027= IFCFACEOUTERBOUND(#3026,.T.);
#3028= IFCFACE((#3027));
#3029= IFCPOLYLOOP((#3024,#197,#3020,#3025));
#3030= IFCFACEOUTERBOUND(#3029,.T.);
#3031= IFCFACE((#3030));
#3032= IFCCARTESIANPOINT((-11.7898720848389,-0.00573685119161382,-8.48527943487352));
#3033= IFCPOLYLOOP((#156,#3032,#3018,#197));
#3034= IFCFACEOUTERBOUND(#3033,.T.);
#3035= IFCFACE((#3034));
#3036= IFCCARTESIANPOINT((-7.919693659529,8.48527943492809,-0.00573685110794031));
#3037= IFCPOLYLOOP((#3032,#3036,#3024,#3018));
#3038= IFCFACEOUTERBOUND(#3037,.T.);
#3039= IFCFACE((#3038));
#3040= IFCPOLYLOOP((#3036,#156,#197,#3024));
#3041= IFCFACEOUTERBOUND(#3040,.T.);
#3042= IFCFACE((#3041));
#3043= IFCPOLYLOOP((#3025,#3020,#3019));
#3044= IFCFACEOUTERBOUND(#3043,.T.);
#3045= IFCFACE((#3044));
#3046= IFCPOLYLOOP((#3036,#3032,#156));
#3047= IFCFACEOUTERBOUND(#3046,.T.);
#3048= IFCFACE((#3047));
#3049= IFCCARTESIANPOINT((-35.3885282267147,-112.560054846981,12.3642780924783));
#3050= IFCCARTESIANPOINT((-35.3885282266601,-113.621659833312,5.22665581536057));
#3051= IFCCARTESIANPOINT((-40.0394639284677,-125.642902597087,7.01461975693383));
#3052= IFCCARTESIANPOINT((-40.4482834140763,-125.637970632626,14.309404924621));
#3053= IFCPOLYLOOP((#3049,#3050,#3051,#3052));
#3054= IFCFACEOUTERBOUND(#3053,.T.);
#3055= IFCFACE((#3054));
#3056= IFCCARTESIANPOINT((-29.1620381900866,-115.323161900757,9.9833710906496));
#3057= IFCCARTESIANPOINT((-36.7615659007242,-134.965610938307,12.9048652567108));
#3058= IFCPOLYLOOP((#3050,#3056,#3057,#3051));
#3059= IFCFACEOUTERBOUND(#3058,.T.);
#3060= IFCFACE((#3059));
#3061= IFCPOLYLOOP((#3056,#3049,#3052,#3057));
#3062= IFCFACEOUTERBOUND(#3061,.T.);
#3063= IFCFACE((#3062));
#3064= IFCCARTESIANPOINT((1.42436644130794,-17.4100093475281,-1.78774044125385));
#3065= IFCCARTESIANPOINT((1.42436644134796,-18.4716143338446,-8.9253627183607));
#3066= IFCPOLYLOOP((#3064,#3065,#3050,#3049));
#3067= IFCFACEOUTERBOUND(#3066,.T.);
#3068= IFCFACE((#3067));
#3069= IFCCARTESIANPOINT((7.65085647792876,-20.173116401289,-4.16864744307895));
#3070= IFCPOLYLOOP((#3065,#3069,#3056,#3050));
#3071= IFCFACEOUTERBOUND(#3070,.T.);
#3072= IFCFACE((#3071));
#3073= IFCPOLYLOOP((#3069,#3064,#3049,#3056));
#3074= IFCFACEOUTERBOUND(#3073,.T.);
#3075= IFCFACE((#3074));
#3076= IFCCARTESIANPOINT((6.07530214311919,-6.45037157017214,-10.7133266599012));
#3077= IFCPOLYLOOP((#3020,#3076,#3065,#3064));
#3078= IFCFACEOUTERBOUND(#3077,.T.);
#3079= IFCFACE((#3078));
#3080= IFCCARTESIANPOINT((15.2503841885373,-0.530667363855173,-7.09014160912557));
#3081= IFCPOLYLOOP((#3076,#3080,#3069,#3065));
#3082= IFCFACEOUTERBOUND(#3081,.T.);
#3083= IFCFACE((#3082));
#3084= IFCPOLYLOOP((#3080,#3020,#3064,#3069));
#3085= IFCFACEOUTERBOUND(#3084,.T.);
#3086= IFCFACE((#3085));
#3087= IFCPOLYLOOP((#3057,#3052,#3051));
#3088= IFCFACEOUTERBOUND(#3087,.T.);
#3089= IFCFACE((#3088));
#3090= IFCPOLYLOOP((#3080,#3076,#3020));
#3091= IFCFACEOUTERBOUND(#3090,.T.);
#3092= IFCFACE((#3091));
#3093= IFCCARTESIANPOINT((-39.7757711202539,-125.646083765329,2.30940766719141));
#3094= IFCPOLYLOOP((#3052,#3093,#2955,#2954));
#3095= IFCFACEOUTERBOUND(#3094,.T.);
#3096= IFCFACE((#3095));
#3097= IFCCARTESIANPOINT((-36.9924323599698,-134.125345150998,11.2163393916671));
#3098= IFCPOLYLOOP((#3093,#3097,#2961,#2955));
#3099= IFCFACEOUTERBOUND(#3098,.T.);
#3100= IFCFACE((#3099));
#3101= IFCPOLYLOOP((#3097,#3052,#2954,#2961));
#3102= IFCFACEOUTERBOUND(#3101,.T.);
#3103= IFCFACE((#3102));
#3104= IFCPOLYLOOP((#2961,#2954,#2955));
#3105= IFCFACEOUTERBOUND(#3104,.T.);
#3106= IFCFACE((#3105));
#3107= IFCPOLYLOOP((#3097,#3093,#3052));
#3108= IFCFACEOUTERBOUND(#3107,.T.);
#3109= IFCFACE((#3108));
#3110= IFCCLOSEDSHELL((#2960,#2965,#2968,#2971,#2974,#2980,#2985,#2988,#2993,#2997,#3000,#3004,#3008,#3011,#3014,#3017,#3023,#3028,#3031,#3035,#3039,#3042,#3045,#3048,#3055,#3060,#3063,#3068,#3072,#3075,#3079,#3083,#3086,#3089,#3092,#3096,#3100,#3103,#3106,#3109));
#3111= IFCFACETEDBREP(#3110);
#3112= IFCSHAPEREPRESENTATION(#12,'Body','Brep',(#3111));
#3113= IFCCARTESIANPOINT((-45.3293352295077,18.6861603938378,125.635011531689));
#3114= IFCCARTESIANPOINT((-50.210387044699,18.0422721979885,121.305877070219));
#3115= IFCCARTESIANPOINT((-45.1506318573229,16.0971453658494,108.227961284661));
#3116= IFCCARTESIANPOINT((-8.33773718915108,1.94512683213907,13.0779157854849));
#3117= IFCCARTESIANPOINT((6.48412162862223,-3.73286727337472,4.33209356194129));
#3118= IFCCARTESIANPOINT((1.42436644124973,-1.78774044124293,17.4100093474844));
#3119= IFCCARTESIANPOINT((-35.3885282269111,12.3642780924602,112.560054846661));
#3120= IFCCARTESIANPOINT((-40.4482834143018,14.3094049246029,125.637970632262));
#3121= IFCPOLYLINE((#3113,#3114,#3115,#3116,#156,#197,#3117,#3118,#3119,#3120,#3113));
#3122= IFCSHAPEREPRESENTATION(#13,'Axis','GeometricCurveSet',(#3121));
#3123= IFCPRODUCTDEFINITIONSHAPE($,$,(#3112,#3122));
#3124= IFCFASTENER('1qLeBAAe1EHx5ekJRB5aBR',#44,'Weld',$,$,#2953,#3123,'ID745682ca-2a80-4e47-b168-b936cb1642db');
#3125= IFCPROPERTYSINGLEVALUE('WeldID',$,IFCINTEGER(115373306),$);
#3126= IFCPROPERTYSET('3jnp$JeR94df48O2CaaCC2',#5,'AISC_EM11_Pset_Weld','WeldIdentity',(#305,#306,#307,#308,#3125,#310,#311,#312,#313,#314,#315,#316,#317,#318,#319,#320));
#3127= IFCCARTESIANPOINT((53187.8203314999,17366.6960151023,56771.8273772386));
#3128= IFCAXIS2PLACEMENT3D(#3127,#2950,#2951);
#3129= IFCLOCALPLACEMENT(#2947,#3128);
#3130= IFCSHAPEREPRESENTATION(#12,'Body','Brep',(#3111));
#3131= IFCSHAPEREPRESENTATION(#13,'Axis','GeometricCurveSet',(#3121));
#3132= IFCPRODUCTDEFINITIONSHAPE($,$,(#3130,#3131));
#3133= IFCFASTENER('01M8f1YKPATv3LB1hcC7pM',#44,'Weld',$,$,#3129,#3132,'ID01588a41-8946-4a77-90d5-2c1ae6307cd6');
#3134= IFCPROPERTYSINGLEVALUE('WeldID',$,IFCINTEGER(115373261),$);
#3135= IFCPROPERTYSET('02k$Fq89rA3BDgNpG$ks8E',#5,'AISC_EM11_Pset_Weld','WeldIdentity',(#305,#306,#307,#308,#3134,#310,#311,#312,#313,#314,#315,#316,#317,#318,#319,#320));
#3136= IFCCARTESIANPOINT((53140.011,17377.946,56714.998));
#3137= IFCAXIS2PLACEMENT3D(#3136,#8,#9);
#3138= IFCLOCALPLACEMENT(#2947,#3137);
#3139= IFCCARTESIANPOINT((-95.,0.00699637755315052,4.24263491837701));
#3140= IFCCARTESIANPOINT((95.,0.00699637755315052,4.24263491837701));
#3141= IFCPOLYLOOP((#3139,#335,#336,#3140));
#3142= IFCFACEOUTERBOUND(#3141,.T.);
#3143= IFCFACE((#3142));
#3144= IFCCARTESIANPOINT((-95.,4.24263491838065,-0.00699637753859861));
#3145= IFCCARTESIANPOINT((95.,4.24263491838065,-0.00699637753859861));
#3146= IFCPOLYLOOP((#335,#3144,#3145,#336));
#3147= IFCFACEOUTERBOUND(#3146,.T.);
#3148= IFCFACE((#3147));
#3149= IFCPOLYLOOP((#3144,#3139,#3140,#3145));
#3150= IFCFACEOUTERBOUND(#3149,.T.);
#3151= IFCFACE((#3150));
#3152= IFCPOLYLOOP((#3145,#3140,#336));
#3153= IFCFACEOUTERBOUND(#3152,.T.);
#3154= IFCFACE((#3153));
#3155= IFCPOLYLOOP((#3144,#335,#3139));
#3156= IFCFACEOUTERBOUND(#3155,.T.);
#3157= IFCFACE((#3156));
#3158= IFCCARTESIANPOINT((95.,-5.99300362244685,4.25263491838996));
#3159= IFCCARTESIANPOINT((95.,-6.,0.00999999999839929));
#3160= IFCCARTESIANPOINT((-95.,-6.,0.00999999999839929));
#3161= IFCCARTESIANPOINT((-95.,-5.99300362244685,4.25263491838996));
#3162= IFCPOLYLOOP((#3158,#3159,#3160,#3161));
#3163= IFCFACEOUTERBOUND(#3162,.T.);
#3164= IFCFACE((#3163));
#3165= IFCCARTESIANPOINT((95.,-10.2426349183952,0.0169963775369979));
#3166= IFCCARTESIANPOINT((-95.,-10.2426349183952,0.0169963775369979));
#3167= IFCPOLYLOOP((#3159,#3165,#3166,#3160));
#3168= IFCFACEOUTERBOUND(#3167,.T.);
#3169= IFCFACE((#3168));
#3170= IFCPOLYLOOP((#3165,#3158,#3161,#3166));
#3171= IFCFACEOUTERBOUND(#3170,.T.);
#3172= IFCFACE((#3171));
#3173= IFCPOLYLOOP((#3166,#3161,#3160));
#3174= IFCFACEOUTERBOUND(#3173,.T.);
#3175= IFCFACE((#3174));
#3176= IFCPOLYLOOP((#3165,#3159,#3158));
#3177= IFCFACEOUTERBOUND(#3176,.T.);
#3178= IFCFACE((#3177));
#3179= IFCCLOSEDSHELL((#3143,#3148,#3151,#3154,#3157,#3164,#3169,#3172,#3175,#3178));
#3180= IFCFACETEDBREP(#3179);
#3181= IFCSHAPEREPRESENTATION(#12,'Body','Brep',(#3180));
#3182= IFCCARTESIANPOINT((95.,0.00999999999839929,6.));
#3183= IFCCARTESIANPOINT((-95.,0.00999999999839929,6.));
#3184= IFCPOLYLINE((#3182,#3183));
#3185= IFCSHAPEREPRESENTATION(#13,'Axis','GeometricCurveSet',(#379,#3184));
#3186= IFCPRODUCTDEFINITIONSHAPE($,$,(#3181,#3185));
#3187= IFCFASTENER('3noboOBn9BueYUSOMY$x3s',#44,'Weld',$,$,#3138,#3186,'IDf1ca5c98-2f12-4be2-889e-7185a2ffb0f6');
#3188= IFCPROPERTYSINGLEVALUE('WeldID',$,IFCINTEGER(115373198),$);
#3189= IFCPROPERTYSET('3le_xZW9b2NAEvXCisNCR3',#5,'AISC_EM11_Pset_Weld','WeldIdentity',(#305,#306,#307,#308,#3188,#387,#311,#312,#388,#314,#389,#390,#317,#318,#319,#320));
#3190= IFCCARTESIANPOINT((53137.1018451696,17432.9513118084,56619.9981994629));
#3191= IFCDIRECTION((-0.00164906200048427,-0.999998640296335,0.));
#3192= IFCAXIS2PLACEMENT3D(#3190,#9,#3191);
#3193= IFCLOCALPLACEMENT(#2947,#3192);
#3194= IFCSHAPEREPRESENTATION(#12,'Body','SweptSolid',(#399));
#3195= IFCPRODUCTDEFINITIONSHAPE($,$,(#3194));
#3196= IFCDISCRETEACCESSORY('3_8I1nRDD8LPiI7Y1QjP0l',#44,'Support section',$,$,#3193,#3195,'1050(?)');
#3197= IFCLOCALPLACEMENT(#2947,#2930);
#3198= IFCSHAPEREPRESENTATION(#12,'Body','MappedRepresentation',(#410,#411,#412));
#3199= IFCPRODUCTDEFINITIONSHAPE($,$,(#3198));
#3200= IFCOPENINGELEMENT('0TTUy87zL3_OAvGmTOx5KI',#5,$,$,'Opening',#3197,#3199,$);
#3201= IFCRELVOIDSELEMENT('1MBXoqfSP80eIAAgLEMLo6',#5,'Drill Hole',$,#3196,#3200);
#3202= IFCCARTESIANPOINT((53084.5685181979,17110.0375034063,56644.9989501104));
#3203= IFCDIRECTION((0.00164906200049732,0.999998640294833,1.73300000380195E-06));
#3204= IFCAXIS2PLACEMENT3D(#3202,#432,#3203);
#3205= IFCLOCALPLACEMENT(#2947,#3204);
#3206= IFCSHAPEREPRESENTATION(#12,'Body','Brep',(#675));
#3207= IFCPRODUCTDEFINITIONSHAPE($,$,(#3206));
#3208= IFCDISCRETEACCESSORY('1fYXGdQKz4$gTZzh8gPhdk',#44,'Support section',$,$,#3205,#3207,'1497(?)');
#3209= IFCCARTESIANPOINT((53184.5683822299,17109.8725972063,56644.9989501104));
#3210= IFCAXIS2PLACEMENT3D(#3209,#432,#3203);
#3211= IFCLOCALPLACEMENT(#2947,#3210);
#3212= IFCSHAPEREPRESENTATION(#12,'Body','Brep',(#675));
#3213= IFCPRODUCTDEFINITIONSHAPE($,$,(#3212));
#3214= IFCDISCRETEACCESSORY('0ZZPfRuGTCAOHhzCi6gbfA',#44,'Support section',$,$,#3211,#3213,'1497(?)');
#3215= IFCCARTESIANPOINT((53130.9029098389,17372.9614526681,56594.9981994629));
#3216= IFCDIRECTION((0.999998640296335,-0.0016490620004879,0.));
#3217= IFCAXIS2PLACEMENT3D(#3215,#9,#3216);
#3218= IFCLOCALPLACEMENT(#2947,#3217);
#3219= IFCSHAPEREPRESENTATION(#12,'Body','SweptSolid',(#695));
#3220= IFCPRODUCTDEFINITIONSHAPE($,$,(#3219));
#3221= IFCCOLUMN('1BOk7PrWX9XQyUxYZG4hz8',#44,'main piece','PL10*200','PL10*200',#3218,#3220,'1496(?)');
#3222= IFCLOCALPLACEMENT(#42,#10);
#3223= IFCELEMENTASSEMBLY('2xyKC6SQnB$xJkXNauHnd6',#44,'BEAM',$,$,#3222,$,'B/754(?)',.NOTDEFINED.,.RIGID_FRAME.);
#3224= IFCPROPERTYSINGLEVALUE('AssemblyMark',$,IFCIDENTIFIER('B/754(?)'),$);
#3225= IFCPROPERTYSET('3DzI1UoJb88hSQI1F0mcro',#5,'AISC_EM11_Pset_AssemblyIdentification','AssemblyIdentity',(#3224,#52,#53));
#3226= IFCCARTESIANPOINT((48890.9278746509,17394.9534642844,56834.9981994629));
#3227= IFCAXIS2PLACEMENT3D(#3226,#2929,#57);
#3228= IFCLOCALPLACEMENT(#3222,#3227);
#3229= IFCSHAPEREPRESENTATION(#12,'Body','MappedRepresentation',(#2940,#2941,#2942));
#3230= IFCSHAPEREPRESENTATION(#12,'Axis','MappedRepresentation',(#101,#102,#103));
#3231= IFCPRODUCTDEFINITIONSHAPE($,$,(#3229,#3230));
#3232= IFCMECHANICALFASTENER('181vWBuS18afmJtHmqaPj$',#44,'Bolt assembly',$,$,#3228,#3231,'ID4807980b-e1c0-4892-9c13-dd1c34919b7f',16.,40.);
#3233= IFCLOCALPLACEMENT(#42,#10);
#3234= IFCELEMENTASSEMBLY('0$FqEQi4bF$P1$B$kOLAM6',#44,$,$,$,#3233,$,'A/193(?)',.NOTDEFINED.,.RIGID_FRAME.);
#3235= IFCCARTESIANPOINT((48847.8206963498,17373.852953314,56771.8273772386));
#3236= IFCAXIS2PLACEMENT3D(#3235,#2950,#2951);
#3237= IFCLOCALPLACEMENT(#3233,#3236);
#3238= IFCSHAPEREPRESENTATION(#12,'Body','Brep',(#3111));
#3239= IFCSHAPEREPRESENTATION(#13,'Axis','GeometricCurveSet',(#3121));
#3240= IFCPRODUCTDEFINITIONSHAPE($,$,(#3238,#3239));
#3241= IFCFASTENER('1wa7L6h_v8sAWH$6e4PLVl',#44,'Weld',$,$,#3237,#3240,'ID7a907546-afee-48d8-a811-fc6a046557ef');
#3242= IFCPROPERTYSINGLEVALUE('WeldID',$,IFCINTEGER(115372915),$);
#3243= IFCPROPERTYSET('0dVOvrjb53nwyK2cbGjm$z',#5,'AISC_EM11_Pset_Weld','WeldIdentity',(#305,#306,#307,#308,#3242,#310,#311,#312,#313,#314,#315,#316,#317,#318,#319,#320));
#3244= IFCCARTESIANPOINT((48947.8205603817,17373.688047114,56771.8273772386));
#3245= IFCAXIS2PLACEMENT3D(#3244,#2950,#2951);
#3246= IFCLOCALPLACEMENT(#3233,#3245);
#3247= IFCSHAPEREPRESENTATION(#12,'Body','Brep',(#3111));
#3248= IFCSHAPEREPRESENTATION(#13,'Axis','GeometricCurveSet',(#3121));
#3249= IFCPRODUCTDEFINITIONSHAPE($,$,(#3247,#3248));
#3250= IFCFASTENER('1Su4hns911fOO5OiW7X5rG',#44,'Weld',$,$,#3246,#3249,'ID5ce04af1-d890-41a5-8605-62c807845d50');
#3251= IFCPROPERTYSINGLEVALUE('WeldID',$,IFCINTEGER(115372870),$);
#3252= IFCPROPERTYSET('3x5NTb5TD7$9SB3qk2$oBh',#5,'AISC_EM11_Pset_Weld','WeldIdentity',(#305,#306,#307,#308,#3251,#310,#311,#312,#313,#314,#315,#316,#317,#318,#319,#320));
#3253= IFCCARTESIANPOINT((48900.011,17384.938,56714.998));
#3254= IFCAXIS2PLACEMENT3D(#3253,#8,#9);
#3255= IFCLOCALPLACEMENT(#3233,#3254);
#3256= IFCSHAPEREPRESENTATION(#12,'Body','Brep',(#3180));
#3257= IFCSHAPEREPRESENTATION(#13,'Axis','GeometricCurveSet',(#379,#3184));
#3258= IFCPRODUCTDEFINITIONSHAPE($,$,(#3256,#3257));
#3259= IFCFASTENER('0k8X1l4TDFqQVc_ZE71TTK',#44,'Weld',$,$,#3255,#3258,'ID2e22106f-11d3-4fd1-a7e6-fa338705d754');
#3260= IFCPROPERTYSINGLEVALUE('WeldID',$,IFCINTEGER(115372808),$);
#3261= IFCPROPERTYSET('22fiH8w09D8u08lq_gIEMC',#5,'AISC_EM11_Pset_Weld','WeldIdentity',(#305,#306,#307,#308,#3260,#387,#311,#312,#388,#314,#389,#390,#317,#318,#319,#320));
#3262= IFCCARTESIANPOINT((48897.1020740515,17439.9433438201,56619.9981994629));
#3263= IFCAXIS2PLACEMENT3D(#3262,#9,#3191);
#3264= IFCLOCALPLACEMENT(#3233,#3263);
#3265= IFCSHAPEREPRESENTATION(#12,'Body','SweptSolid',(#399));
#3266= IFCPRODUCTDEFINITIONSHAPE($,$,(#3265));
#3267= IFCDISCRETEACCESSORY('14QWd9t1n19fjKddwzuwzi',#44,'Support section',$,$,#3264,#3266,'1050(?)');
#3268= IFCLOCALPLACEMENT(#3233,#3227);
#3269= IFCSHAPEREPRESENTATION(#12,'Body','MappedRepresentation',(#410,#411,#412));
#3270= IFCPRODUCTDEFINITIONSHAPE($,$,(#3269));
#3271= IFCOPENINGELEMENT('0Q74iC1lT7XRrno5b0pw6O',#5,$,$,'Opening',#3268,#3270,$);
#3272= IFCRELVOIDSELEMENT('2tQn46oqP5tQAW9VB5ufZN',#5,'Drill Hole',$,#3267,#3271);
#3273= IFCCARTESIANPOINT((48844.5687470798,17117.029535418,56644.9989501104));
#3274= IFCAXIS2PLACEMENT3D(#3273,#432,#3203);
#3275= IFCLOCALPLACEMENT(#3233,#3274);
#3276= IFCSHAPEREPRESENTATION(#12,'Body','Brep',(#675));
#3277= IFCPRODUCTDEFINITIONSHAPE($,$,(#3276));
#3278= IFCDISCRETEACCESSORY('03WLx9eTv5j8VRMBDLOYcy',#44,'Support section',$,$,#3275,#3277,'1497(?)');
#3279= IFCCARTESIANPOINT((48944.5686111117,17116.864629218,56644.9989501104));
#3280= IFCAXIS2PLACEMENT3D(#3279,#432,#3203);
#3281= IFCLOCALPLACEMENT(#3233,#3280);
#3282= IFCSHAPEREPRESENTATION(#12,'Body','Brep',(#675));
#3283= IFCPRODUCTDEFINITIONSHAPE($,$,(#3282));
#3284= IFCDISCRETEACCESSORY('1KtV_00H98UOYPU19OoSkL',#44,'Support section',$,$,#3281,#3283,'1497(?)');
#3285= IFCCARTESIANPOINT((48890.9031387208,17379.9534846798,56594.9981994629));
#3286= IFCAXIS2PLACEMENT3D(#3285,#9,#3216);
#3287= IFCLOCALPLACEMENT(#3233,#3286);
#3288= IFCSHAPEREPRESENTATION(#12,'Body','SweptSolid',(#695));
#3289= IFCPRODUCTDEFINITIONSHAPE($,$,(#3288));
#3290= IFCCOLUMN('0xBG6YITP839yX7keCxnX1',#44,'main piece','PL10*200','PL10*200',#3287,#3289,'1496(?)');
#3291= IFCCARTESIANPOINT((52999.3381480274,16368.1770448997,56835.));
#3292= IFCAXIS2PLACEMENT3D(#3291,#3191,#57);
#3293= IFCLOCALPLACEMENT(#1154,#3292);
#3294= IFCCARTESIANPOINT((0.,4.2315976747086,0.));
#3295= IFCAXIS2PLACEMENT3D(#3294,#8,#7);
#3296= IFCEXTRUDEDAREASOLID(#78,#3295,#9,8.);
#3297= IFCCARTESIANPOINT((0.,12.2315976747086,0.));
#3298= IFCAXIS2PLACEMENT3D(#3297,#8,#7);
#3299= IFCEXTRUDEDAREASOLID(#67,#3298,#9,13.);
#3300= IFCSHAPEREPRESENTATION(#12,'Body','SweptSolid',(#70,#77,#3296,#3299));
#3301= IFCREPRESENTATIONMAP(#10,#3300);
#3302= IFCMAPPEDITEM(#3301,#86);
#3303= IFCMAPPEDITEM(#3301,#91);
#3304= IFCMAPPEDITEM(#3301,#94);
#3305= IFCSHAPEREPRESENTATION(#12,'Body','MappedRepresentation',(#3302,#3303,#3304));
#3306= IFCSHAPEREPRESENTATION(#12,'Axis','MappedRepresentation',(#101,#102,#103));
#3307= IFCPRODUCTDEFINITIONSHAPE($,$,(#3305,#3306));
#3308= IFCMECHANICALFASTENER('0u$nQcJkf17gDbBCcNsrfX',#44,'Bolt assembly',$,$,#3293,#3307,'ID38ff16a6-4eea-411e-a365-2cc997db5a61',16.,40.);
#3309= IFCLOCALPLACEMENT(#42,#10);
#3310= IFCELEMENTASSEMBLY('1IcfKDU2jFTgH5ASKEgYtK',#44,$,$,$,#3309,$,'A/193(?)',.NOTDEFINED.,.RIGID_FRAME.);
#3311= IFCCARTESIANPOINT((53042.4453263285,16389.2775558701,56771.8291777758));
#3312= IFCDIRECTION((-0.331481661261779,-0.933403252839741,-0.137398238108508));
#3313= IFCDIRECTION((0.862265650289643,-0.358829162120624,0.357406744119902));
#3314= IFCAXIS2PLACEMENT3D(#3311,#3312,#3313);
#3315= IFCLOCALPLACEMENT(#3309,#3314);
#3316= IFCSHAPEREPRESENTATION(#12,'Body','Brep',(#3111));
#3317= IFCSHAPEREPRESENTATION(#13,'Axis','GeometricCurveSet',(#3121));
#3318= IFCPRODUCTDEFINITIONSHAPE($,$,(#3316,#3317));
#3319= IFCFASTENER('2X6nAeHuv8TAmc4wxHcEAx',#44,'Weld',$,$,#3315,#3318,'IDa11b12a8-478e-4874-ac26-13aed198e2bb');
#3320= IFCPROPERTYSINGLEVALUE('WeldID',$,IFCINTEGER(115372525),$);
#3321= IFCPROPERTYSET('1QBu16_pjF_QMtGgJJgXg1',#5,'AISC_EM11_Pset_Weld','WeldIdentity',(#305,#306,#307,#308,#3320,#310,#311,#312,#313,#314,#315,#316,#317,#318,#319,#320));
#3322= IFCCARTESIANPOINT((52942.4454622965,16389.4424620701,56771.8291777758));
#3323= IFCAXIS2PLACEMENT3D(#3322,#3312,#3313);
#3324= IFCLOCALPLACEMENT(#3309,#3323);
#3325= IFCSHAPEREPRESENTATION(#12,'Body','Brep',(#3111));
#3326= IFCSHAPEREPRESENTATION(#13,'Axis','GeometricCurveSet',(#3121));
#3327= IFCPRODUCTDEFINITIONSHAPE($,$,(#3325,#3326));
#3328= IFCFASTENER('0N0xe2VRfBKQMGYuvhC8sO',#44,'Weld',$,$,#3324,#3327,'ID1703ba02-7dba-4b51-a590-8b8e6b308d98');
#3329= IFCPROPERTYSINGLEVALUE('WeldID',$,IFCINTEGER(115372480),$);
#3330= IFCPROPERTYSET('35P_iDzMb3ZwLcw4nLwf$4',#5,'AISC_EM11_Pset_Weld','WeldIdentity',(#305,#306,#307,#308,#3329,#310,#311,#312,#313,#314,#315,#316,#317,#318,#319,#320));
#3331= IFCCARTESIANPOINT((52990.255,16378.192,56715.));
#3332= IFCAXIS2PLACEMENT3D(#3331,#740,#9);
#3333= IFCLOCALPLACEMENT(#3309,#3332);
#3334= IFCSHAPEREPRESENTATION(#12,'Body','Brep',(#3180));
#3335= IFCSHAPEREPRESENTATION(#13,'Axis','GeometricCurveSet',(#379,#3184));
#3336= IFCPRODUCTDEFINITIONSHAPE($,$,(#3334,#3335));
#3337= IFCFASTENER('38dQT5NUL4AeYmAxPu9MkW',#44,'Weld',$,$,#3333,#3336,'IDc89da745-5de5-442a-88b0-2bb678256ba0');
#3338= IFCPROPERTYSINGLEVALUE('WeldID',$,IFCINTEGER(115372417),$);
#3339= IFCPROPERTYSET('0ds$i3vUHCSvIEIZbUL2dN',#5,'AISC_EM11_Pset_Weld','WeldIdentity',(#305,#306,#307,#308,#3338,#387,#311,#312,#388,#314,#389,#390,#317,#318,#319,#320));
#3340= IFCCARTESIANPOINT((52993.1639486268,16323.187165364,56620.));
#3341= IFCAXIS2PLACEMENT3D(#3340,#9,#2929);
#3342= IFCLOCALPLACEMENT(#3309,#3341);
#3343= IFCSHAPEREPRESENTATION(#12,'Body','SweptSolid',(#399));
#3344= IFCPRODUCTDEFINITIONSHAPE($,$,(#3343));
#3345= IFCDISCRETEACCESSORY('10T9TU7ZH95RlgWuKyEEDH',#44,'Support section',$,$,#3342,#3344,'1050(?)');
#3346= IFCLOCALPLACEMENT(#3309,#3292);
#3347= IFCSHAPEREPRESENTATION(#12,'Body','MappedRepresentation',(#410,#411,#412));
#3348= IFCPRODUCTDEFINITIONSHAPE($,$,(#3347));
#3349= IFCOPENINGELEMENT('2DfVdorYLDUgwdSSfmJvOD',#5,$,$,'Opening',#3346,#3348,$);
#3350= IFCRELVOIDSELEMENT('3SzDHIjRnDpeAHrVa0y5$Z',#5,'Drill Hole',$,#3345,#3349);
#3351= IFCCARTESIANPOINT((53045.6972755985,16646.1009737661,56645.0007506475));
#3352= IFCDIRECTION((-0.0016490620004973,-0.999998640294833,1.73300000380193E-06));
#3353= IFCAXIS2PLACEMENT3D(#3351,#806,#3352);
#3354= IFCLOCALPLACEMENT(#3309,#3353);
#3355= IFCSHAPEREPRESENTATION(#12,'Body','Brep',(#675));
#3356= IFCPRODUCTDEFINITIONSHAPE($,$,(#3355));
#3357= IFCDISCRETEACCESSORY('0AIbYEktb9$Qw_2cVte2Yy',#44,'Support section',$,$,#3354,#3356,'1497(?)');
#3358= IFCCARTESIANPOINT((52945.6974115665,16646.2658799661,56645.0007506475));
#3359= IFCAXIS2PLACEMENT3D(#3358,#806,#3352);
#3360= IFCLOCALPLACEMENT(#3309,#3359);
#3361= IFCSHAPEREPRESENTATION(#12,'Body','Brep',(#675));
#3362= IFCPRODUCTDEFINITIONSHAPE($,$,(#3361));
#3363= IFCDISCRETEACCESSORY('2BwWeiB090qBWFqA8X5bCg',#44,'Support section',$,$,#3360,#3362,'1497(?)');
#3364= IFCCARTESIANPOINT((52999.3628839575,16383.1770245043,56595.));
#3365= IFCDIRECTION((-0.999998640296335,0.00164906200048609,0.));
#3366= IFCAXIS2PLACEMENT3D(#3364,#9,#3365);
#3367= IFCLOCALPLACEMENT(#3309,#3366);
#3368= IFCSHAPEREPRESENTATION(#12,'Body','SweptSolid',(#695));
#3369= IFCPRODUCTDEFINITIONSHAPE($,$,(#3368));
#3370= IFCCOLUMN('26MfchWxfDDh0cPTh1x2fU',#44,'main piece','PL10*200','PL10*200',#3367,#3369,'1496(?)');
#3371= IFCLOCALPLACEMENT(#42,#10);
#3372= IFCELEMENTASSEMBLY('14XRMtiqj5vOENbhKcZ06t',#44,'BEAM',$,$,#3371,$,'B/753(?)',.NOTDEFINED.,.RIGID_FRAME.);
#3373= IFCPROPERTYSINGLEVALUE('AssemblyMark',$,IFCIDENTIFIER('B/753(?)'),$);
#3374= IFCPROPERTYSET('1erS7$4fT70QpfUpVxPC0r',#5,'AISC_EM11_Pset_AssemblyIdentification','AssemblyIdentity',(#3373,#52,#53));
#3375= IFCCARTESIANPOINT((46788.2726010773,17420.9606787172,56834.9981994629));
#3376= IFCDIRECTION((0.0552682670131471,0.998471541237588,0.));
#3377= IFCAXIS2PLACEMENT3D(#3375,#3376,#57);
#3378= IFCLOCALPLACEMENT(#3371,#3377);
#3379= IFCCARTESIANPOINT((0.,34.302659694873,0.));
#3380= IFCAXIS2PLACEMENT3D(#3379,#8,#7);
#3381= IFCEXTRUDEDAREASOLID(#78,#3380,#9,8.);
#3382= IFCCARTESIANPOINT((0.,42.302659694873,0.));
#3383= IFCAXIS2PLACEMENT3D(#3382,#8,#7);
#3384= IFCEXTRUDEDAREASOLID(#67,#3383,#9,13.);
#3385= IFCSHAPEREPRESENTATION(#12,'Body','SweptSolid',(#70,#77,#3381,#3384));
#3386= IFCREPRESENTATIONMAP(#10,#3385);
#3387= IFCMAPPEDITEM(#3386,#86);
#3388= IFCMAPPEDITEM(#3386,#91);
#3389= IFCMAPPEDITEM(#3386,#94);
#3390= IFCSHAPEREPRESENTATION(#12,'Body','MappedRepresentation',(#3387,#3388,#3389));
#3391= IFCSHAPEREPRESENTATION(#12,'Axis','MappedRepresentation',(#101,#102,#103));
#3392= IFCPRODUCTDEFINITIONSHAPE($,$,(#3390,#3391));
#3393= IFCMECHANICALFASTENER('0QOrOLAv9178N65wskbqof',#44,'Bolt assembly',$,$,#3378,#3392,'ID1a635615-2b92-411c-85c6-17adae974ca9',16.,40.);
#3394= IFCLOCALPLACEMENT(#42,#10);
#3395= IFCELEMENTASSEMBLY('3T1xR19rzDfQbQr_xa45y8',#44,$,$,$,#3394,$,'A/193(?)',.NOTDEFINED.,.RIGID_FRAME.);
#3396= IFCCARTESIANPOINT((46744.0959957854,17402.2020024618,56771.8273772407));
#3397= IFCDIRECTION((0.37237493169515,0.914516310553684,-0.158103851870568));
#3398= IFCDIRECTION((-0.841784118148388,0.404549030070866,0.357406744063206));
#3399= IFCAXIS2PLACEMENT3D(#3396,#3397,#3398);
#3400= IFCLOCALPLACEMENT(#3394,#3399);
#3401= IFCCARTESIANPOINT((-45.3293352301716,-125.183814367163,21.5021239340604));
#3402= IFCCARTESIANPOINT((-48.5765118310901,-125.380055616421,13.0191121238386));
#3403= IFCCARTESIANPOINT((-57.3772525409422,-117.602477542037,11.6832010198232));
#3404= IFCCARTESIANPOINT((-50.2103870453702,-120.870227269275,20.7612031940625));
#3405= IFCPOLYLOOP((#3401,#3402,#3403,#3404));
#3406= IFCFACEOUTERBOUND(#3405,.T.);
#3407= IFCFACE((#3406));
#3408= IFCCARTESIANPOINT((-48.1311817234546,-133.608722000412,24.2100614811352));
#3409= IFCCARTESIANPOINT((-59.2699310860316,-123.764949109638,22.5192516449024));
#3410= IFCPOLYLOOP((#3402,#3408,#3409,#3403));
#3411= IFCFACEOUTERBOUND(#3410,.T.);
#3412= IFCFACE((#3411));
#3413= IFCPOLYLOOP((#3408,#3401,#3404,#3409));
#3414= IFCFACEOUTERBOUND(#3413,.T.);
#3415= IFCFACE((#3414));
#3416= IFCPOLYLOOP((#3409,#3404,#3403));
#3417= IFCFACEOUTERBOUND(#3416,.T.);
#3418= IFCFACE((#3417));
#3419= IFCPOLYLOOP((#3408,#3402,#3401));
#3420= IFCFACEOUTERBOUND(#3419,.T.);
#3421= IFCFACE((#3420));
#3422= IFCCARTESIANPOINT((-8.33773718914199,-13.0309486346378,2.23825319541356));
#3423= IFCCARTESIANPOINT((-13.1032863467899,-12.0973653176625,-3.09940737214856));
#3424= IFCCARTESIANPOINT((-8.45235064499684,-0.119294840143993,-5.15681357278663));
#3425= IFCPOLYLOOP((#3422,#3423,#3424,#156));
#3426= IFCFACEOUTERBOUND(#3425,.T.);
#3427= IFCFACE((#3426));
#3428= IFCCARTESIANPOINT((-14.5642272257883,-10.215083519055,4.55652461886712));
#3429= IFCCARTESIANPOINT((-6.96469951516519,9.35682294238359,1.19476766581283));
#3430= IFCPOLYLOOP((#3423,#3428,#3429,#3424));
#3431= IFCFACEOUTERBOUND(#3430,.T.);
#3432= IFCFACE((#3431));
#3433= IFCPOLYLOOP((#3428,#3422,#156,#3429));
#3434= IFCFACEOUTERBOUND(#3433,.T.);
#3435= IFCFACE((#3434));
#3436= IFCCARTESIANPOINT((-45.1506318579795,-107.839278634579,18.522949998649));
#3437= IFCCARTESIANPOINT((-49.9161810156238,-106.905695317604,13.1852894310905));
#3438= IFCPOLYLOOP((#3436,#3437,#3423,#3422));
#3439= IFCFACEOUTERBOUND(#3438,.T.);
#3440= IFCFACE((#3439));
#3441= IFCCARTESIANPOINT((-51.3771218946222,-105.023413518997,20.8412214220953));
#3442= IFCPOLYLOOP((#3437,#3441,#3428,#3423));
#3443= IFCFACEOUTERBOUND(#3442,.T.);
#3444= IFCFACE((#3443));
#3445= IFCPOLYLOOP((#3441,#3436,#3422,#3428));
#3446= IFCFACEOUTERBOUND(#3445,.T.);
#3447= IFCFACE((#3446));
#3448= IFCCARTESIANPOINT((-54.5671167174241,-118.883765795108,15.2426956317286));
#3449= IFCPOLYLOOP((#3404,#3448,#3437,#3436));
#3450= IFCFACEOUTERBOUND(#3449,.T.);
#3451= IFCFACE((#3450));
#3452= IFCCARTESIANPOINT((-58.9766496052926,-124.595319980508,24.2029783751823));
#3453= IFCPOLYLOOP((#3448,#3452,#3441,#3437));
#3454= IFCFACEOUTERBOUND(#3453,.T.);
#3455= IFCFACE((#3454));
#3456= IFCPOLYLOOP((#3452,#3404,#3436,#3441));
#3457= IFCFACEOUTERBOUND(#3456,.T.);
#3458= IFCFACE((#3457));
#3459= IFCPOLYLOOP((#3429,#156,#3424));
#3460= IFCFACEOUTERBOUND(#3459,.T.);
#3461= IFCFACE((#3460));
#3462= IFCPOLYLOOP((#3452,#3448,#3404));
#3463= IFCFACEOUTERBOUND(#3462,.T.);
#3464= IFCFACE((#3463));
#3465= IFCCARTESIANPOINT((0.0308054008837644,-0.196241249330342,-8.48301181018542));
#3466= IFCCARTESIANPOINT((5.81160933475803,-8.15632746490883,-15.0364650632));
#3467= IFCCARTESIANPOINT((6.48412162859131,-4.41480945216608,-3.63466507550402));
#3468= IFCPOLYLOOP((#197,#3465,#3466,#3467));
#3469= IFCFACEOUTERBOUND(#3468,.T.);
#3470= IFCFACE((#3469));
#3471= IFCCARTESIANPOINT((7.04127021283603,8.48301181016723,-0.196241249392187));
#3472= IFCCARTESIANPOINT((14.3578050656233,-1.59175441498519,-8.49068777965658));
#3473= IFCPOLYLOOP((#3465,#3471,#3472,#3466));
#3474= IFCFACEOUTERBOUND(#3473,.T.);
#3475= IFCFACE((#3474));
#3476= IFCPOLYLOOP((#3471,#197,#3467,#3472));
#3477= IFCFACEOUTERBOUND(#3476,.T.);
#3478= IFCFACE((#3477));
#3479= IFCCARTESIANPOINT((-11.7898720848225,-0.196241249301238,-8.48301181011993));
#3480= IFCPOLYLOOP((#156,#3479,#3465,#197));
#3481= IFCFACEOUTERBOUND(#3480,.T.);
#3482= IFCFACE((#3481));
#3483= IFCCARTESIANPOINT((-7.91969365949444,8.48301181019633,-0.196241249312152));
#3484= IFCPOLYLOOP((#3479,#3483,#3471,#3465));
#3485= IFCFACEOUTERBOUND(#3484,.T.);
#3486= IFCFACE((#3485));
#3487= IFCPOLYLOOP((#3483,#156,#197,#3471));
#3488= IFCFACEOUTERBOUND(#3487,.T.);
#3489= IFCFACE((#3488));
#3490= IFCPOLYLOOP((#3472,#3467,#3466));
#3491= IFCFACEOUTERBOUND(#3490,.T.);
#3492= IFCFACE((#3491));
#3493= IFCPOLYLOOP((#3483,#3479,#156));
#3494= IFCFACEOUTERBOUND(#3493,.T.);
#3495= IFCFACE((#3494));
#3496= IFCCARTESIANPOINT((-35.3885282276005,-112.254088086731,14.8882849231341));
#3497= IFCCARTESIANPOINT((-35.3885282276478,-113.475674624759,7.77629622459062));
#3498= IFCCARTESIANPOINT((-40.0394639294518,-125.453745102277,9.83370242522869));
#3499= IFCCARTESIANPOINT((-40.4482834149985,-125.285036721441,17.1265381185585));
#3500= IFCPOLYLOOP((#3496,#3497,#3498,#3499));
#3501= IFCFACEOUTERBOUND(#3500,.T.);
#3502= IFCFACE((#3501));
#3503= IFCCARTESIANPOINT((-29.1620381909543,-115.069953202314,12.5700134996878));
#3504= IFCCARTESIANPOINT((-36.7615659016392,-134.641859663869,15.9317704527712));
#3505= IFCPOLYLOOP((#3497,#3503,#3504,#3498));
#3506= IFCFACEOUTERBOUND(#3505,.T.);
#3507= IFCFACE((#3506));
#3508= IFCPOLYLOOP((#3503,#3496,#3499,#3504));
#3509= IFCFACEOUTERBOUND(#3508,.T.);
#3510= IFCFACE((#3509));
#3511= IFCCARTESIANPOINT((1.42436644122972,-17.4457580867893,-1.39641188009773));
#3512= IFCCARTESIANPOINT((1.42436644118607,-18.6673446248315,-8.50840057864116));
#3513= IFCPOLYLOOP((#3511,#3512,#3497,#3496));
#3514= IFCFACEOUTERBOUND(#3513,.T.);
#3515= IFCFACE((#3514));
#3516= IFCCARTESIANPOINT((7.65085647788692,-20.2616232023865,-3.71468330354401));
#3517= IFCPOLYLOOP((#3512,#3516,#3503,#3497));
#3518= IFCFACEOUTERBOUND(#3517,.T.);
#3519= IFCFACE((#3518));
#3520= IFCPOLYLOOP((#3516,#3511,#3496,#3503));
#3521= IFCFACEOUTERBOUND(#3520,.T.);
#3522= IFCFACE((#3521));
#3523= IFCCARTESIANPOINT((6.07530214297185,-6.68927414734208,-10.5658067792829));
#3524= IFCPOLYLOOP((#3467,#3523,#3512,#3511));
#3525= IFCFACEOUTERBOUND(#3524,.T.);
#3526= IFCFACE((#3525));
#3527= IFCCARTESIANPOINT((15.2503841885245,-0.689716740918811,-7.07644025662375));
#3528= IFCPOLYLOOP((#3523,#3527,#3516,#3512));
#3529= IFCFACEOUTERBOUND(#3528,.T.);
#3530= IFCFACE((#3529));
#3531= IFCPOLYLOOP((#3527,#3467,#3511,#3516));
#3532= IFCFACEOUTERBOUND(#3531,.T.);
#3533= IFCFACE((#3532));
#3534= IFCPOLYLOOP((#3504,#3499,#3498));
#3535= IFCFACEOUTERBOUND(#3534,.T.);
#3536= IFCFACE((#3535));
#3537= IFCPOLYLOOP((#3527,#3523,#3467));
#3538= IFCFACEOUTERBOUND(#3537,.T.);
#3539= IFCFACE((#3538));
#3540= IFCCARTESIANPOINT((-39.7757711212671,-125.562563757645,5.12974776672127));
#3541= IFCPOLYLOOP((#3499,#3540,#3402,#3401));
#3542= IFCFACEOUTERBOUND(#3541,.T.);
#3543= IFCFACE((#3542));
#3544= IFCCARTESIANPOINT((-36.9924323609212,-133.83971533482,14.2248051145689));
#3545= IFCPOLYLOOP((#3540,#3544,#3408,#3402));
#3546= IFCFACEOUTERBOUND(#3545,.T.);
#3547= IFCFACE((#3546));
#3548= IFCPOLYLOOP((#3544,#3499,#3401,#3408));
#3549= IFCFACEOUTERBOUND(#3548,.T.);
#3550= IFCFACE((#3549));
#3551= IFCPOLYLOOP((#3408,#3401,#3402));
#3552= IFCFACEOUTERBOUND(#3551,.T.);
#3553= IFCFACE((#3552));
#3554= IFCPOLYLOOP((#3544,#3540,#3499));
#3555= IFCFACEOUTERBOUND(#3554,.T.);
#3556= IFCFACE((#3555));
#3557= IFCCLOSEDSHELL((#3407,#3412,#3415,#3418,#3421,#3427,#3432,#3435,#3440,#3444,#3447,#3451,#3455,#3458,#3461,#3464,#3470,#3475,#3478,#3482,#3486,#3489,#3492,#3495,#3502,#3507,#3510,#3515,#3519,#3522,#3526,#3530,#3533,#3536,#3539,#3543,#3547,#3550,#3553,#3556));
#3558= IFCFACETEDBREP(#3557);
#3559= IFCSHAPEREPRESENTATION(#12,'Body','Brep',(#3558));
#3560= IFCCARTESIANPOINT((-45.3293352305445,21.5021239341586,125.183814367338));
#3561= IFCCARTESIANPOINT((-50.2103870457177,20.7612031941535,120.87022726945));
#3562= IFCCARTESIANPOINT((-45.1506318582906,18.5229499987217,107.839278634725));
#3563= IFCCARTESIANPOINT((-8.33773718918019,2.23825319542084,13.0309486346523));
#3564= IFCCARTESIANPOINT((6.48412162856039,-3.63466507550038,4.41480945216608));
#3565= IFCCARTESIANPOINT((1.4243664411697,-1.39641188007954,17.4457580868184));
#3566= IFCCARTESIANPOINT((-35.3885282279407,14.8882849232214,112.254088086891));
#3567= IFCCARTESIANPOINT((-40.4482834153714,17.1265381186531,125.285036721616));
#3568= IFCPOLYLINE((#3560,#3561,#3562,#3563,#156,#197,#3564,#3565,#3566,#3567,#3560));
#3569= IFCSHAPEREPRESENTATION(#13,'Axis','GeometricCurveSet',(#3568));
#3570= IFCPRODUCTDEFINITIONSHAPE($,$,(#3559,#3569));
#3571= IFCFASTENER('0Sbm$bDmjDieGC2$ErNj_B',#44,'Weld',$,$,#3400,#3570,'ID1c970fe5-370b-4db2-840c-0bf3b55edf8b');
#3572= IFCPROPERTYSINGLEVALUE('WeldID',$,IFCINTEGER(115372134),$);
#3573= IFCPROPERTYSET('09LUNRmsvDiQeeFhqvX7JZ',#5,'AISC_EM11_Pset_Weld','WeldIdentity',(#305,#306,#307,#308,#3572,#310,#311,#312,#313,#314,#315,#316,#317,#318,#319,#320));
#3574= IFCCARTESIANPOINT((46843.9431499088,17396.6751757582,56771.8273772407));
#3575= IFCAXIS2PLACEMENT3D(#3574,#3397,#3398);
#3576= IFCLOCALPLACEMENT(#3394,#3575);
#3577= IFCSHAPEREPRESENTATION(#12,'Body','Brep',(#3558));
#3578= IFCSHAPEREPRESENTATION(#13,'Axis','GeometricCurveSet',(#3568));
#3579= IFCPRODUCTDEFINITIONSHAPE($,$,(#3577,#3578));
#3580= IFCFASTENER('2rmuZftib4IwzSZLTcj0D8',#44,'Weld',$,$,#3576,#3579,'IDb5c388e9-dec9-444b-af5c-8d5766b40348');
#3581= IFCPROPERTYSINGLEVALUE('WeldID',$,IFCINTEGER(115372089),$);
#3582= IFCPROPERTYSET('0kveNHqiH9dfGq$d_mazeX',#5,'AISC_EM11_Pset_Weld','WeldIdentity',(#305,#306,#307,#308,#3581,#310,#311,#312,#313,#314,#315,#316,#317,#318,#319,#320));
#3583= IFCCARTESIANPOINT((46796.806,17410.473,56714.998));
#3584= IFCAXIS2PLACEMENT3D(#3583,#8,#9);
#3585= IFCLOCALPLACEMENT(#3394,#3584);
#3586= IFCCARTESIANPOINT((-95.,0.234483398322482,4.23615598579272));
#3587= IFCCARTESIANPOINT((95.,0.234483398322482,4.23615598579272));
#3588= IFCPOLYLOOP((#3586,#335,#336,#3587));
#3589= IFCFACEOUTERBOUND(#3588,.T.);
#3590= IFCFACE((#3589));
#3591= IFCCARTESIANPOINT((-95.,4.23615598579636,-0.234483398337034));
#3592= IFCCARTESIANPOINT((95.,4.23615598579636,-0.234483398337034));
#3593= IFCPOLYLOOP((#335,#3591,#3592,#336));
#3594= IFCFACEOUTERBOUND(#3593,.T.);
#3595= IFCFACE((#3594));
#3596= IFCPOLYLOOP((#3591,#3586,#3587,#3592));
#3597= IFCFACEOUTERBOUND(#3596,.T.);
#3598= IFCFACE((#3597));
#3599= IFCPOLYLOOP((#3592,#3587,#336));
#3600= IFCFACEOUTERBOUND(#3599,.T.);
#3601= IFCFACE((#3600));
#3602= IFCPOLYLOOP((#3591,#335,#3586));
#3603= IFCFACEOUTERBOUND(#3602,.T.);
#3604= IFCFACE((#3603));
#3605= IFCCARTESIANPOINT((95.,-5.75651660167205,4.56815598577668));
#3606= IFCCARTESIANPOINT((95.,-5.99099999999453,0.331999999998516));
#3607= IFCCARTESIANPOINT((-95.,-5.99099999999453,0.331999999998516));
#3608= IFCCARTESIANPOINT((-95.,-5.75651660167205,4.56815598577668));
#3609= IFCPOLYLOOP((#3605,#3606,#3607,#3608));
#3610= IFCFACEOUTERBOUND(#3609,.T.);
#3611= IFCFACE((#3610));
#3612= IFCCARTESIANPOINT((95.,-10.2271559857691,0.566483398335549));
#3613= IFCCARTESIANPOINT((-95.,-10.2271559857691,0.566483398335549));
#3614= IFCPOLYLOOP((#3606,#3612,#3613,#3607));
#3615= IFCFACEOUTERBOUND(#3614,.T.);
#3616= IFCFACE((#3615));
#3617= IFCPOLYLOOP((#3612,#3605,#3608,#3613));
#3618= IFCFACEOUTERBOUND(#3617,.T.);
#3619= IFCFACE((#3618));
#3620= IFCPOLYLOOP((#3613,#3608,#3607));
#3621= IFCFACEOUTERBOUND(#3620,.T.);
#3622= IFCFACE((#3621));
#3623= IFCPOLYLOOP((#3612,#3606,#3605));
#3624= IFCFACEOUTERBOUND(#3623,.T.);
#3625= IFCFACE((#3624));
#3626= IFCCLOSEDSHELL((#3590,#3595,#3598,#3601,#3604,#3611,#3616,#3619,#3622,#3625));
#3627= IFCFACETEDBREP(#3626);
#3628= IFCSHAPEREPRESENTATION(#12,'Body','Brep',(#3627));
#3629= IFCCARTESIANPOINT((95.,0.331999999998516,5.99099999999453));
#3630= IFCCARTESIANPOINT((-95.,0.331999999998516,5.99099999999453));
#3631= IFCPOLYLINE((#3629,#3630));
#3632= IFCSHAPEREPRESENTATION(#13,'Axis','GeometricCurveSet',(#379,#3631));
#3633= IFCPRODUCTDEFINITIONSHAPE($,$,(#3628,#3632));
#3634= IFCFASTENER('3WTZZse717OwAUcmt5aSc5',#44,'Weld',$,$,#3585,#3633,'IDe07638f6-a070-4763-a29e-9b0dc591c985');
#3635= IFCPROPERTYSINGLEVALUE('WeldID',$,IFCINTEGER(115372027),$);
#3636= IFCPROPERTYSET('3WOxEkW7f3hPkKwLvdGPu0',#5,'AISC_EM11_Pset_Weld','WeldIdentity',(#305,#306,#307,#308,#3635,#387,#311,#312,#388,#314,#389,#390,#317,#318,#319,#320));
#3637= IFCCARTESIANPOINT((46796.8503493979,17465.5547616496,56619.9981994629));
#3638= IFCDIRECTION((-0.0552682670131471,-0.998471541237588,0.));
#3639= IFCAXIS2PLACEMENT3D(#3637,#9,#3638);
#3640= IFCLOCALPLACEMENT(#3394,#3639);
#3641= IFCSHAPEREPRESENTATION(#12,'Body','SweptSolid',(#399));
#3642= IFCPRODUCTDEFINITIONSHAPE($,$,(#3641));
#3643= IFCDISCRETEACCESSORY('2OWWk$e4z0ZOf3EbgfzTYv',#44,'Support section',$,$,#3640,#3642,'1050(?)');
#3644= IFCLOCALPLACEMENT(#3394,#3377);
#3645= IFCSHAPEREPRESENTATION(#12,'Body','MappedRepresentation',(#410,#411,#412));
#3646= IFCPRODUCTDEFINITIONSHAPE($,$,(#3645));
#3647= IFCOPENINGELEMENT('16inSoL0X4_Q1xwAnWQrpm',#5,$,$,'Opening',#3644,#3646,$);
#3648= IFCRELVOIDSELEMENT('0HEgRkROPApvv3PjNrXvVH',#5,'Drill Hole',$,#3643,#3647);
#3649= IFCCARTESIANPOINT((46727.0774295128,17145.9224451549,56644.9989501104));
#3650= IFCDIRECTION((0.055268267013072,0.998471541236088,1.73300000380612E-06));
#3651= IFCAXIS2PLACEMENT3D(#3649,#432,#3650);
#3652= IFCLOCALPLACEMENT(#3394,#3651);
#3653= IFCSHAPEREPRESENTATION(#12,'Body','Brep',(#675));
#3654= IFCPRODUCTDEFINITIONSHAPE($,$,(#3653));
#3655= IFCDISCRETEACCESSORY('1GCpaPHBT0GOjUauAIaxRr',#44,'Support section',$,$,#3652,#3654,'1497(?)');
#3656= IFCCARTESIANPOINT((46826.9245836362,17140.3956184513,56644.9989501104));
#3657= IFCAXIS2PLACEMENT3D(#3656,#432,#3650);
#3658= IFCLOCALPLACEMENT(#3394,#3657);
#3659= IFCSHAPEREPRESENTATION(#12,'Body','Brep',(#675));
#3660= IFCPRODUCTDEFINITIONSHAPE($,$,(#3659));
#3661= IFCDISCRETEACCESSORY('2ZnjvYjwb2O8vOQcd$7eQa',#44,'Support section',$,$,#3658,#3660,'1497(?)');
#3662= IFCCARTESIANPOINT((46787.4435770724,17405.9836055985,56594.9981994629));
#3663= IFCDIRECTION((0.998471541237587,-0.0552682670131507,0.));
#3664= IFCAXIS2PLACEMENT3D(#3662,#9,#3663);
#3665= IFCLOCALPLACEMENT(#3394,#3664);
#3666= IFCSHAPEREPRESENTATION(#12,'Body','SweptSolid',(#695));
#3667= IFCPRODUCTDEFINITIONSHAPE($,$,(#3666));
#3668= IFCCOLUMN('1sMzdL6RPDUvs79xOmE8kt',#44,'main piece','PL10*200','PL10*200',#3665,#3667,'1496(?)');
#3669= IFCLOCALPLACEMENT(#42,#10);
#3670= IFCELEMENTASSEMBLY('2NQJe2i09CZ8PWvp$DQOGu',#44,'BEAM',$,$,#3669,$,'B/752(?)',.NOTDEFINED.,.RIGID_FRAME.);
#3671= IFCPROPERTYSINGLEVALUE('AssemblyMark',$,IFCIDENTIFIER('B/752(?)'),$);
#3672= IFCPROPERTYSET('0BT8Bu9RXD3fFnsRXEb3q9',#5,'AISC_EM11_Pset_AssemblyIdentification','AssemblyIdentity',(#3671,#52,#53));
#3673= IFCCARTESIANPOINT((44658.2734403108,17538.8622487601,56834.9981994629));
#3674= IFCAXIS2PLACEMENT3D(#3673,#3376,#57);
#3675= IFCLOCALPLACEMENT(#3669,#3674);
#3676= IFCSHAPEREPRESENTATION(#12,'Body','MappedRepresentation',(#3387,#3388,#3389));
#3677= IFCSHAPEREPRESENTATION(#12,'Axis','MappedRepresentation',(#101,#102,#103));
#3678= IFCPRODUCTDEFINITIONSHAPE($,$,(#3676,#3677));
#3679= IFCMECHANICALFASTENER('2mJ0cVQ2v2sRlQshkh4Jm9',#44,'Bolt assembly',$,$,#3675,#3678,'IDb04c099f-682e-42d9-bbda-dabbab113c09',16.,40.);
#3680= IFCLOCALPLACEMENT(#42,#10);
#3681= IFCELEMENTASSEMBLY('1sg97vZJn68eieCjThi6WH',#44,$,$,$,#3680,$,'A/193(?)',.NOTDEFINED.,.RIGID_FRAME.);
#3682= IFCCARTESIANPOINT((44614.0968350188,17520.1035725046,56771.8273772407));
#3683= IFCAXIS2PLACEMENT3D(#3682,#3397,#3398);
#3684= IFCLOCALPLACEMENT(#3680,#3683);
#3685= IFCSHAPEREPRESENTATION(#12,'Body','Brep',(#3558));
#3686= IFCSHAPEREPRESENTATION(#13,'Axis','GeometricCurveSet',(#3568));
#3687= IFCPRODUCTDEFINITIONSHAPE($,$,(#3685,#3686));
#3688= IFCFASTENER('2w2auPA7D1OvP29YR1XIS5',#44,'Weld',$,$,#3684,#3687,'IDba0a4e19-2873-4163-9642-2626c1852705');
#3689= IFCPROPERTYSINGLEVALUE('WeldID',$,IFCINTEGER(115371744),$);
#3690= IFCPROPERTYSET('1Ynp1KQpH6Fh5QDZsVeAGx',#5,'AISC_EM11_Pset_Weld','WeldIdentity',(#305,#306,#307,#308,#3689,#310,#311,#312,#313,#314,#315,#316,#317,#318,#319,#320));
#3691= IFCCARTESIANPOINT((44713.9439891422,17514.5767458011,56771.8273772407));
#3692= IFCAXIS2PLACEMENT3D(#3691,#3397,#3398);
#3693= IFCLOCALPLACEMENT(#3680,#3692);
#3694= IFCSHAPEREPRESENTATION(#12,'Body','Brep',(#3558));
#3695= IFCSHAPEREPRESENTATION(#13,'Axis','GeometricCurveSet',(#3568));
#3696= IFCPRODUCTDEFINITIONSHAPE($,$,(#3694,#3695));
#3697= IFCFASTENER('0QPIQMr1HFEvAkxDYC083c',#44,'Weld',$,$,#3693,#3696,'ID1a652696-d414-4f3b-92ae-ecd88c0080e6');
#3698= IFCPROPERTYSINGLEVALUE('WeldID',$,IFCINTEGER(115371699),$);
#3699= IFCPROPERTYSET('2E3SJGUeTCP89Sujxy5Tbb',#5,'AISC_EM11_Pset_Weld','WeldIdentity',(#305,#306,#307,#308,#3698,#310,#311,#312,#313,#314,#315,#316,#317,#318,#319,#320));
#3700= IFCCARTESIANPOINT((44660.816,17528.706,56714.998));
#3701= IFCAXIS2PLACEMENT3D(#3700,#8,#57);
#3702= IFCLOCALPLACEMENT(#3680,#3701);
#3703= IFCCARTESIANPOINT((-95.,-0.234483398322482,4.23615598577817));
#3704= IFCCARTESIANPOINT((95.,-0.234483398322482,4.23615598577817));
#3705= IFCPOLYLOOP((#3703,#335,#336,#3704));
#3706= IFCFACEOUTERBOUND(#3705,.T.);
#3707= IFCFACE((#3706));
#3708= IFCCARTESIANPOINT((-95.,4.23615598577453,0.234483398337034));
#3709= IFCCARTESIANPOINT((95.,4.23615598577453,0.234483398337034));
#3710= IFCPOLYLOOP((#335,#3708,#3709,#336));
#3711= IFCFACEOUTERBOUND(#3710,.T.);
#3712= IFCFACE((#3711));
#3713= IFCPOLYLOOP((#3708,#3703,#3704,#3709));
#3714= IFCFACEOUTERBOUND(#3713,.T.);
#3715= IFCFACE((#3714));
#3716= IFCPOLYLOOP((#3709,#3704,#336));
#3717= IFCFACEOUTERBOUND(#3716,.T.);
#3718= IFCFACE((#3717));
#3719= IFCPOLYLOOP((#3708,#335,#3703));
#3720= IFCFACEOUTERBOUND(#3719,.T.);
#3721= IFCFACE((#3720));
#3722= IFCCARTESIANPOINT((95.,-6.22548339832429,3.90515598579441));
#3723= IFCCARTESIANPOINT((95.,-5.9910000000018,-0.330999999998312));
#3724= IFCCARTESIANPOINT((-95.,-5.9910000000018,-0.330999999998312));
#3725= IFCCARTESIANPOINT((-95.,-6.22548339832429,3.90515598579441));
#3726= IFCPOLYLOOP((#3722,#3723,#3724,#3725));
#3727= IFCFACEOUTERBOUND(#3726,.T.);
#3728= IFCFACE((#3727));
#3729= IFCCARTESIANPOINT((95.,-10.2271559857982,-0.565483398335346));
#3730= IFCCARTESIANPOINT((-95.,-10.2271559857982,-0.565483398335346));
#3731= IFCPOLYLOOP((#3723,#3729,#3730,#3724));
#3732= IFCFACEOUTERBOUND(#3731,.T.);
#3733= IFCFACE((#3732));
#3734= IFCPOLYLOOP((#3729,#3722,#3725,#3730));
#3735= IFCFACEOUTERBOUND(#3734,.T.);
#3736= IFCFACE((#3735));
#3737= IFCPOLYLOOP((#3730,#3725,#3724));
#3738= IFCFACEOUTERBOUND(#3737,.T.);
#3739= IFCFACE((#3738));
#3740= IFCPOLYLOOP((#3729,#3723,#3722));
#3741= IFCFACEOUTERBOUND(#3740,.T.);
#3742= IFCFACE((#3741));
#3743= IFCCLOSEDSHELL((#3707,#3712,#3715,#3718,#3721,#3728,#3733,#3736,#3739,#3742));
#3744= IFCFACETEDBREP(#3743);
#3745= IFCSHAPEREPRESENTATION(#12,'Body','Brep',(#3744));
#3746= IFCCARTESIANPOINT((95.,-0.330999999998312,5.9910000000018));
#3747= IFCCARTESIANPOINT((-95.,-0.330999999998312,5.9910000000018));
#3748= IFCPOLYLINE((#3746,#3747));
#3749= IFCSHAPEREPRESENTATION(#13,'Axis','GeometricCurveSet',(#379,#3748));
#3750= IFCPRODUCTDEFINITIONSHAPE($,$,(#3745,#3749));
#3751= IFCFASTENER('17b1JjlPjE3R0ZBgrhi_zg',#44,'Weld',$,$,#3702,#3750,'ID479414ed-bd9b-4e0d-b023-2ead6bb3ef6a');
#3752= IFCPROPERTYSINGLEVALUE('WeldID',$,IFCINTEGER(115371637),$);
#3753= IFCPROPERTYSET('3tDC1E6bP8mBu3Ept0EWfh',#5,'AISC_EM11_Pset_Weld','WeldIdentity',(#305,#306,#307,#308,#3752,#387,#311,#312,#388,#314,#389,#390,#317,#318,#319,#320));
#3754= IFCCARTESIANPOINT((44666.8511886314,17583.4563316925,56619.9981994629));
#3755= IFCAXIS2PLACEMENT3D(#3754,#9,#3638);
#3756= IFCLOCALPLACEMENT(#3680,#3755);
#3757= IFCSHAPEREPRESENTATION(#12,'Body','SweptSolid',(#399));
#3758= IFCPRODUCTDEFINITIONSHAPE($,$,(#3757));
#3759= IFCDISCRETEACCESSORY('2ojOdS5QrDE8zo79xa1pJz',#44,'Support section',$,$,#3756,#3758,'1050(?)');
#3760= IFCLOCALPLACEMENT(#3680,#3674);
#3761= IFCSHAPEREPRESENTATION(#12,'Body','MappedRepresentation',(#410,#411,#412));
#3762= IFCPRODUCTDEFINITIONSHAPE($,$,(#3761));
#3763= IFCOPENINGELEMENT('2PpzP8a511UBniJMHH7IaX',#5,$,$,'Opening',#3760,#3762,$);
#3764= IFCRELVOIDSELEMENT('0qqv83v8fATRlkAtz9E21L',#5,'Drill Hole',$,#3759,#3763);
#3765= IFCCARTESIANPOINT((44597.0782687462,17263.8240151978,56644.9989501104));
#3766= IFCAXIS2PLACEMENT3D(#3765,#432,#3650);
#3767= IFCLOCALPLACEMENT(#3680,#3766);
#3768= IFCSHAPEREPRESENTATION(#12,'Body','Brep',(#675));
#3769= IFCPRODUCTDEFINITIONSHAPE($,$,(#3768));
#3770= IFCDISCRETEACCESSORY('38ntFKW7fBoeTN8MDKxFib',#44,'Support section',$,$,#3767,#3769,'1497(?)');
#3771= IFCCARTESIANPOINT((44696.9254228696,17258.2971884942,56644.9989501104));
#3772= IFCAXIS2PLACEMENT3D(#3771,#432,#3650);
#3773= IFCLOCALPLACEMENT(#3680,#3772);
#3774= IFCSHAPEREPRESENTATION(#12,'Body','Brep',(#675));
#3775= IFCPRODUCTDEFINITIONSHAPE($,$,(#3774));
#3776= IFCDISCRETEACCESSORY('18ry3PNQ9F8OxnSFOGDFSa',#44,'Support section',$,$,#3773,#3775,'1497(?)');
#3777= IFCCARTESIANPOINT((44657.4444163059,17523.8851756414,56594.9981994629));
#3778= IFCAXIS2PLACEMENT3D(#3777,#9,#3663);
#3779= IFCLOCALPLACEMENT(#3680,#3778);
#3780= IFCSHAPEREPRESENTATION(#12,'Body','SweptSolid',(#695));
#3781= IFCPRODUCTDEFINITIONSHAPE($,$,(#3780));
#3782= IFCCOLUMN('2ItfHQe2z9xA1CwMzU8NSv',#44,'main piece','PL10*200','PL10*200',#3779,#3781,'1496(?)');
#3783= IFCLOCALPLACEMENT(#42,#10);
#3784= IFCELEMENTASSEMBLY('34Aby3llH2A8a41odv7TtW',#44,'BEAM',$,$,#3783,$,'B/751(?)',.NOTDEFINED.,.RIGID_FRAME.);
#3785= IFCPROPERTYSINGLEVALUE('AssemblyMark',$,IFCIDENTIFIER('B/751(?)'),$);
#3786= IFCPROPERTYSET('35$mlYK4HCwQu_Vh5$of6I',#5,'AISC_EM11_Pset_AssemblyIdentification','AssemblyIdentity',(#3785,#52,#53));
#3787= IFCCARTESIANPOINT((40403.2723721955,17774.388776519,56834.9981994629));
#3788= IFCAXIS2PLACEMENT3D(#3787,#3376,#57);
#3789= IFCLOCALPLACEMENT(#3783,#3788);
#3790= IFCSHAPEREPRESENTATION(#12,'Body','MappedRepresentation',(#3387,#3388,#3389));
#3791= IFCSHAPEREPRESENTATION(#12,'Axis','MappedRepresentation',(#101,#102,#103));
#3792= IFCPRODUCTDEFINITIONSHAPE($,$,(#3790,#3791));
#3793= IFCMECHANICALFASTENER('0kQLJAk2bDtfALiopExvP5',#44,'Bolt assembly',$,$,#3789,#3792,'ID2e6954ca-b829-4dde-9295-b32cceef9645',16.,40.);
#3794= IFCLOCALPLACEMENT(#42,#10);
#3795= IFCELEMENTASSEMBLY('2BXTh9Sv15fertApghHSX4',#44,$,$,$,#3794,$,'A/193(?)',.NOTDEFINED.,.RIGID_FRAME.);
#3796= IFCCARTESIANPOINT((40359.0957669036,17755.6301002636,56771.8273772407));
#3797= IFCAXIS2PLACEMENT3D(#3796,#3397,#3398);
#3798= IFCLOCALPLACEMENT(#3794,#3797);
#3799= IFCSHAPEREPRESENTATION(#12,'Body','Brep',(#3558));
#3800= IFCSHAPEREPRESENTATION(#13,'Axis','GeometricCurveSet',(#3568));
#3801= IFCPRODUCTDEFINITIONSHAPE($,$,(#3799,#3800));
#3802= IFCFASTENER('1_r_imkSvDHPwZ$OFpK5Vq',#44,'Weld',$,$,#3798,#3801,'ID7ed7eb30-b9ce-4d45-9ea3-fd83f35057f4');
#3803= IFCPROPERTYSINGLEVALUE('WeldID',$,IFCINTEGER(115371354),$);
#3804= IFCPROPERTYSET('1cOnnFRjP02PX_tm5E5WXW',#5,'AISC_EM11_Pset_Weld','WeldIdentity',(#305,#306,#307,#308,#3803,#310,#311,#312,#313,#314,#315,#316,#317,#318,#319,#320));
#3805= IFCCARTESIANPOINT((40458.9429210269,17750.1032735601,56771.8273772407));
#3806= IFCAXIS2PLACEMENT3D(#3805,#3397,#3398);
#3807= IFCLOCALPLACEMENT(#3794,#3806);
#3808= IFCSHAPEREPRESENTATION(#12,'Body','Brep',(#3558));
#3809= IFCSHAPEREPRESENTATION(#13,'Axis','GeometricCurveSet',(#3568));
#3810= IFCPRODUCTDEFINITIONSHAPE($,$,(#3808,#3809));
#3811= IFCFASTENER('0jFmkOgXD1gxbE$N4ESKlF',#44,'Weld',$,$,#3807,#3810,'ID2d3f0b98-aa13-41ab-b94e-fd710e714bcf');
#3812= IFCPROPERTYSINGLEVALUE('WeldID',$,IFCINTEGER(115371309),$);
#3813= IFCPROPERTYSET('0aGBLX$kjA4Qpu4uw0qrdq',#5,'AISC_EM11_Pset_Weld','WeldIdentity',(#305,#306,#307,#308,#3812,#310,#311,#312,#313,#314,#315,#316,#317,#318,#319,#320));
#3814= IFCCARTESIANPOINT((40411.806,17763.901,56714.998));
#3815= IFCAXIS2PLACEMENT3D(#3814,#8,#9);
#3816= IFCLOCALPLACEMENT(#3794,#3815);
#3817= IFCSHAPEREPRESENTATION(#12,'Body','Brep',(#3627));
#3818= IFCSHAPEREPRESENTATION(#13,'Axis','GeometricCurveSet',(#379,#3631));
#3819= IFCPRODUCTDEFINITIONSHAPE($,$,(#3817,#3818));
#3820= IFCFASTENER('2WLqYnKdDAthjnkvNwIzd5',#44,'Weld',$,$,#3816,#3819,'IDa05748b1-5273-4ade-bb71-bb95fa4bd9c5');
#3821= IFCPROPERTYSINGLEVALUE('WeldID',$,IFCINTEGER(115371247),$);
#3822= IFCPROPERTYSET('2WJwxl1dj2eR8dM6bLxZAb',#5,'AISC_EM11_Pset_Weld','WeldIdentity',(#305,#306,#307,#308,#3821,#387,#311,#312,#388,#314,#389,#390,#317,#318,#319,#320));
#3823= IFCCARTESIANPOINT((40411.8501205161,17818.9828594514,56619.9981994629));
#3824= IFCAXIS2PLACEMENT3D(#3823,#9,#3638);
#3825= IFCLOCALPLACEMENT(#3794,#3824);
#3826= IFCSHAPEREPRESENTATION(#12,'Body','SweptSolid',(#399));
#3827= IFCPRODUCTDEFINITIONSHAPE($,$,(#3826));
#3828= IFCDISCRETEACCESSORY('255HXYeUr2dxfubhCuzdEh',#44,'Support section',$,$,#3825,#3827,'1050(?)');
#3829= IFCLOCALPLACEMENT(#3794,#3788);
#3830= IFCSHAPEREPRESENTATION(#12,'Body','MappedRepresentation',(#410,#411,#412));
#3831= IFCPRODUCTDEFINITIONSHAPE($,$,(#3830));
#3832= IFCOPENINGELEMENT('1bFegBMY12hA92qH20PaNj',#5,$,$,'Opening',#3829,#3831,$);
#3833= IFCRELVOIDSELEMENT('131a7qszP93e0s6DPm8q0a',#5,'Drill Hole',$,#3828,#3832);
#3834= IFCCARTESIANPOINT((40342.0772006309,17499.3505429567,56644.9989501104));
#3835= IFCAXIS2PLACEMENT3D(#3834,#432,#3650);
#3836= IFCLOCALPLACEMENT(#3794,#3835);
#3837= IFCSHAPEREPRESENTATION(#12,'Body','Brep',(#675));
#3838= IFCPRODUCTDEFINITIONSHAPE($,$,(#3837));
#3839= IFCDISCRETEACCESSORY('2EMZPY1B9ASuNja9ElIWG8',#44,'Support section',$,$,#3836,#3838,'1497(?)');
#3840= IFCCARTESIANPOINT((40441.9243547543,17493.8237162532,56644.9989501104));
#3841= IFCAXIS2PLACEMENT3D(#3840,#432,#3650);
#3842= IFCLOCALPLACEMENT(#3794,#3841);
#3843= IFCSHAPEREPRESENTATION(#12,'Body','Brep',(#675));
#3844= IFCPRODUCTDEFINITIONSHAPE($,$,(#3843));
#3845= IFCDISCRETEACCESSORY('1T3yckDgf20Pc3nlY8d8R4',#44,'Support section',$,$,#3842,#3844,'1497(?)');
#3846= IFCCARTESIANPOINT((40402.4433481906,17759.4117034003,56594.9981994629));
#3847= IFCAXIS2PLACEMENT3D(#3846,#9,#3663);
#3848= IFCLOCALPLACEMENT(#3794,#3847);
#3849= IFCSHAPEREPRESENTATION(#12,'Body','SweptSolid',(#695));
#3850= IFCPRODUCTDEFINITIONSHAPE($,$,(#3849));
#3851= IFCCOLUMN('054diP5e92HwmOcpJ9TmoP',#44,'main piece','PL10*200','PL10*200',#3848,#3850,'1496(?)');
#3852= IFCLOCALPLACEMENT(#42,#10);
#3853= IFCELEMENTASSEMBLY('3cbqxmKWL9q9WW9SKs$iIr',#44,'BEAM',$,$,#3852,$,'B/750(?)',.NOTDEFINED.,.RIGID_FRAME.);
#3854= IFCCARTESIANPOINT((38278.2723721955,17892.0136286579,56834.9981994629));
#3855= IFCAXIS2PLACEMENT3D(#3854,#3376,#57);
#3856= IFCLOCALPLACEMENT(#3852,#3855);
#3857= IFCSHAPEREPRESENTATION(#12,'Body','MappedRepresentation',(#3387,#3388,#3389));
#3858= IFCSHAPEREPRESENTATION(#12,'Axis','MappedRepresentation',(#101,#102,#103));
#3859= IFCPRODUCTDEFINITIONSHAPE($,$,(#3857,#3858));
#3860= IFCMECHANICALFASTENER('0D6qGaDlv06eMF8UUjoExz',#44,'Bolt assembly',$,$,#3856,#3859,'ID0d1b4424-36fe-401a-858f-21e7adc8eefd',16.,40.);
#3861= IFCLOCALPLACEMENT(#42,#10);
#3862= IFCELEMENTASSEMBLY('0kPi4Xm1nFfgYAIn7A7oe5',#44,$,$,$,#3861,$,'A/193(?)',.NOTDEFINED.,.RIGID_FRAME.);
#3863= IFCCARTESIANPOINT((38234.0957669036,17873.2549524025,56771.8273772407));
#3864= IFCAXIS2PLACEMENT3D(#3863,#3397,#3398);
#3865= IFCLOCALPLACEMENT(#3861,#3864);
#3866= IFCSHAPEREPRESENTATION(#12,'Body','Brep',(#3558));
#3867= IFCSHAPEREPRESENTATION(#13,'Axis','GeometricCurveSet',(#3568));
#3868= IFCPRODUCTDEFINITIONSHAPE($,$,(#3866,#3867));
#3869= IFCFASTENER('2sdr_OEVTBSunI8l9MA3MX',#44,'Weld',$,$,#3865,#3868,'IDb69f5f98-39f7-4b73-8c52-22f2562835a1');
#3870= IFCPROPERTYSINGLEVALUE('WeldID',$,IFCINTEGER(115370964),$);
#3871= IFCPROPERTYSET('0Rx1Qk9Gb1_ggHW5RiK7e9',#5,'AISC_EM11_Pset_Weld','WeldIdentity',(#305,#306,#307,#308,#3870,#310,#311,#312,#313,#314,#315,#316,#317,#318,#319,#320));
#3872= IFCCARTESIANPOINT((38333.9429210269,17867.728125699,56771.8273772407));
#3873= IFCAXIS2PLACEMENT3D(#3872,#3397,#3398);
#3874= IFCLOCALPLACEMENT(#3861,#3873);
#3875= IFCSHAPEREPRESENTATION(#12,'Body','Brep',(#3558));
#3876= IFCSHAPEREPRESENTATION(#13,'Axis','GeometricCurveSet',(#3568));
#3877= IFCPRODUCTDEFINITIONSHAPE($,$,(#3875,#3876));
#3878= IFCFASTENER('1SDBWZ6N17Jw93NOnk7i2Y',#44,'Weld',$,$,#3874,#3877,'ID5c34b823-1970-474f-a243-5d8c6e1ec0a2');
#3879= IFCPROPERTYSINGLEVALUE('WeldID',$,IFCINTEGER(115370919),$);
#3880= IFCPROPERTYSET('2CmkFbRR93Q9sEVMDoud5O',#5,'AISC_EM11_Pset_Weld','WeldIdentity',(#305,#306,#307,#308,#3879,#310,#311,#312,#313,#314,#315,#316,#317,#318,#319,#320));
#3881= IFCCARTESIANPOINT((38286.806,17881.526,56714.998));
#3882= IFCAXIS2PLACEMENT3D(#3881,#8,#9);
#3883= IFCLOCALPLACEMENT(#3861,#3882);
#3884= IFCSHAPEREPRESENTATION(#12,'Body','Brep',(#3627));
#3885= IFCSHAPEREPRESENTATION(#13,'Axis','GeometricCurveSet',(#379,#3631));
#3886= IFCPRODUCTDEFINITIONSHAPE($,$,(#3884,#3885));
#3887= IFCFASTENER('03fEv$MAb8yvcEaW4YoxU0',#44,'Weld',$,$,#3883,#3886,'ID03a4ee7f-58a9-48f3-998e-920122cbb780');
#3888= IFCPROPERTYSINGLEVALUE('WeldID',$,IFCINTEGER(115370857),$);
#3889= IFCPROPERTYSET('0QSOgdd1HD4hUNchk4oIb7',#5,'AISC_EM11_Pset_Weld','WeldIdentity',(#305,#306,#307,#308,#3888,#387,#311,#312,#388,#314,#389,#390,#317,#318,#319,#320));
#3890= IFCCARTESIANPOINT((38286.8501205161,17936.6077115903,56619.9981994629));
#3891= IFCAXIS2PLACEMENT3D(#3890,#9,#3638);
#3892= IFCLOCALPLACEMENT(#3861,#3891);
#3893= IFCSHAPEREPRESENTATION(#12,'Body','SweptSolid',(#399));
#3894= IFCPRODUCTDEFINITIONSHAPE($,$,(#3893));
#3895= IFCDISCRETEACCESSORY('3lMto4Tdr72A31sC0VCqFc',#44,'Support section',$,$,#3892,#3894,'1050(?)');
#3896= IFCLOCALPLACEMENT(#3861,#3855);
#3897= IFCSHAPEREPRESENTATION(#12,'Body','MappedRepresentation',(#410,#411,#412));
#3898= IFCPRODUCTDEFINITIONSHAPE($,$,(#3897));
#3899= IFCOPENINGELEMENT('3kmkImjkT6g8FQVdb$yVKP',#5,$,$,'Opening',#3896,#3898,$);
#3900= IFCRELVOIDSELEMENT('0xV9k8xgbAUA_8bSgrNfk$',#5,'Drill Hole',$,#3895,#3899);
#3901= IFCCARTESIANPOINT((38217.077200631,17616.9753950956,56644.9989501104));
#3902= IFCAXIS2PLACEMENT3D(#3901,#432,#3650);
#3903= IFCLOCALPLACEMENT(#3861,#3902);
#3904= IFCSHAPEREPRESENTATION(#12,'Body','Brep',(#675));
#3905= IFCPRODUCTDEFINITIONSHAPE($,$,(#3904));
#3906= IFCDISCRETEACCESSORY('3qXPnYw3T1gfkSVrdZ$jOt',#44,'Support section',$,$,#3903,#3905,'1497(?)');
#3907= IFCCARTESIANPOINT((38316.9243547543,17611.448568392,56644.9989501104));
#3908= IFCAXIS2PLACEMENT3D(#3907,#432,#3650);
#3909= IFCLOCALPLACEMENT(#3861,#3908);
#3910= IFCSHAPEREPRESENTATION(#12,'Body','Brep',(#675));
#3911= IFCPRODUCTDEFINITIONSHAPE($,$,(#3910));
#3912= IFCDISCRETEACCESSORY('3Eeuxi_YL92hdAhUG3pvqc',#44,'Support section',$,$,#3909,#3911,'1497(?)');
#3913= IFCCARTESIANPOINT((38277.4433481906,17877.0365555392,56594.9981994629));
#3914= IFCAXIS2PLACEMENT3D(#3913,#9,#3663);
#3915= IFCLOCALPLACEMENT(#3861,#3914);
#3916= IFCSHAPEREPRESENTATION(#12,'Body','SweptSolid',(#695));
#3917= IFCPRODUCTDEFINITIONSHAPE($,$,(#3916));
#3918= IFCCOLUMN('0zEdC7zhPC0O2gkBEJUp4b',#44,'main piece','PL10*200','PL10*200',#3915,#3917,'1496(?)');
#3919= IFCLOCALPLACEMENT(#42,#10);
#3920= IFCELEMENTASSEMBLY('2DZiBBwbT1cRWzIaS13WSk',#44,'BEAM',$,$,#3919,$,'B/657(?)',.NOTDEFINED.,.RIGID_FRAME.);
#3921= IFCPROPERTYSINGLEVALUE('AssemblyMark',$,IFCIDENTIFIER('B/657(?)'),$);
#3922= IFCPROPERTYSET('2rD467BJD7IgfemAGWRgLo',#5,'AISC_EM11_Pset_AssemblyIdentification','AssemblyIdentity',(#3921,#52,#53));
#3923= IFCCARTESIANPOINT((36145.992022464,18010.0414690606,56834.9981994629));
#3924= IFCAXIS2PLACEMENT3D(#3923,#3376,#57);
#3925= IFCLOCALPLACEMENT(#3919,#3924);
#3926= IFCSHAPEREPRESENTATION(#12,'Body','MappedRepresentation',(#3387,#3388,#3389));
#3927= IFCSHAPEREPRESENTATION(#12,'Axis','MappedRepresentation',(#101,#102,#103));
#3928= IFCPRODUCTDEFINITIONSHAPE($,$,(#3926,#3927));
#3929= IFCMECHANICALFASTENER('0auLs6UZL6_OqsnTp0yV2d',#44,'Bolt assembly',$,$,#3925,#3928,'ID24e15d86-7a35-46f9-8d36-c5dcc0f1f0a7',16.,40.);
#3930= IFCLOCALPLACEMENT(#42,#10);
#3931= IFCELEMENTASSEMBLY('2ckleV62nE5O7ZGW9j2nde',#44,$,$,$,#3930,$,'A/193(?)',.NOTDEFINED.,.RIGID_FRAME.);
#3932= IFCCARTESIANPOINT((36101.8154171721,17991.2827928052,56771.8273772407));
#3933= IFCAXIS2PLACEMENT3D(#3932,#3397,#3398);
#3934= IFCLOCALPLACEMENT(#3930,#3933);
#3935= IFCSHAPEREPRESENTATION(#12,'Body','Brep',(#3558));
#3936= IFCSHAPEREPRESENTATION(#13,'Axis','GeometricCurveSet',(#3568));
#3937= IFCPRODUCTDEFINITIONSHAPE($,$,(#3935,#3936));
#3938= IFCFASTENER('3dklCUAaX96PkXGdSCCV4H',#44,'Weld',$,$,#3934,#3937,'IDe7baf31e-2a48-4919-9ba1-42770c31f111');
#3939= IFCPROPERTYSINGLEVALUE('WeldID',$,IFCINTEGER(115370574),$);
#3940= IFCPROPERTYSET('3oCAVV0hXCE8nSYRK9PZyn',#5,'AISC_EM11_Pset_Weld','WeldIdentity',(#305,#306,#307,#308,#3939,#310,#311,#312,#313,#314,#315,#316,#317,#318,#319,#320));
#3941= IFCCARTESIANPOINT((36201.6625712955,17985.7559661017,56771.8273772407));
#3942= IFCAXIS2PLACEMENT3D(#3941,#3397,#3398);
#3943= IFCLOCALPLACEMENT(#3930,#3942);
#3944= IFCSHAPEREPRESENTATION(#12,'Body','Brep',(#3558));
#3945= IFCSHAPEREPRESENTATION(#13,'Axis','GeometricCurveSet',(#3568));
#3946= IFCPRODUCTDEFINITIONSHAPE($,$,(#3944,#3945));
#3947= IFCFASTENER('225jrSvBz2BgcSzHHGa8hh',#44,'Weld',$,$,#3943,#3946,'ID8216dd5c-e4bf-422e-a99c-f51450908aeb');
#3948= IFCPROPERTYSINGLEVALUE('WeldID',$,IFCINTEGER(115370529),$);
#3949= IFCPROPERTYSET('2qi6PFHnvEyeUhW3LihqQg',#5,'AISC_EM11_Pset_Weld','WeldIdentity',(#305,#306,#307,#308,#3948,#310,#311,#312,#313,#314,#315,#316,#317,#318,#319,#320));
#3950= IFCCARTESIANPOINT((36148.535,17999.885,56714.998));
#3951= IFCAXIS2PLACEMENT3D(#3950,#8,#57);
#3952= IFCLOCALPLACEMENT(#3930,#3951);
#3953= IFCCARTESIANPOINT((95.,-6.22448339832044,3.90515598579441));
#3954= IFCCARTESIANPOINT((95.,-5.98999999999796,-0.330999999998312));
#3955= IFCCARTESIANPOINT((-95.,-5.98999999999796,-0.330999999998312));
#3956= IFCCARTESIANPOINT((-95.,-6.22448339832044,3.90515598579441));
#3957= IFCPOLYLOOP((#3953,#3954,#3955,#3956));
#3958= IFCFACEOUTERBOUND(#3957,.T.);
#3959= IFCFACE((#3958));
#3960= IFCCARTESIANPOINT((95.,-10.2261559857943,-0.565483398335346));
#3961= IFCCARTESIANPOINT((-95.,-10.2261559857943,-0.565483398335346));
#3962= IFCPOLYLOOP((#3954,#3960,#3961,#3955));
#3963= IFCFACEOUTERBOUND(#3962,.T.);
#3964= IFCFACE((#3963));
#3965= IFCPOLYLOOP((#3960,#3953,#3956,#3961));
#3966= IFCFACEOUTERBOUND(#3965,.T.);
#3967= IFCFACE((#3966));
#3968= IFCPOLYLOOP((#3961,#3956,#3955));
#3969= IFCFACEOUTERBOUND(#3968,.T.);
#3970= IFCFACE((#3969));
#3971= IFCPOLYLOOP((#3960,#3954,#3953));
#3972= IFCFACEOUTERBOUND(#3971,.T.);
#3973= IFCFACE((#3972));
#3974= IFCCLOSEDSHELL((#3707,#3712,#3715,#3718,#3721,#3959,#3964,#3967,#3970,#3973));
#3975= IFCFACETEDBREP(#3974);
#3976= IFCSHAPEREPRESENTATION(#12,'Body','Brep',(#3975));
#3977= IFCCARTESIANPOINT((95.,-0.330999999998312,5.98999999999796));
#3978= IFCCARTESIANPOINT((-95.,-0.330999999998312,5.98999999999796));
#3979= IFCPOLYLINE((#3977,#3978));
#3980= IFCSHAPEREPRESENTATION(#13,'Axis','GeometricCurveSet',(#379,#3979));
#3981= IFCPRODUCTDEFINITIONSHAPE($,$,(#3976,#3980));
#3982= IFCFASTENER('0KPd46Xuz2nAYKKKletqeL',#44,'Weld',$,$,#3952,#3981,'ID14667106-878f-42c4-a894-514be8df4a15');
#3983= IFCPROPERTYSINGLEVALUE('WeldID',$,IFCINTEGER(115370466),$);
#3984= IFCPROPERTYSET('1_t0$jq9PFnOQXBahqBLTi',#5,'AISC_EM11_Pset_Weld','WeldIdentity',(#305,#306,#307,#308,#3983,#387,#311,#312,#388,#314,#389,#390,#317,#318,#319,#320));
#3985= IFCCARTESIANPOINT((36154.5697707846,18054.6355519931,56619.9981994629));
#3986= IFCAXIS2PLACEMENT3D(#3985,#9,#3638);
#3987= IFCLOCALPLACEMENT(#3930,#3986);
#3988= IFCSHAPEREPRESENTATION(#12,'Body','SweptSolid',(#399));
#3989= IFCPRODUCTDEFINITIONSHAPE($,$,(#3988));
#3990= IFCDISCRETEACCESSORY('1QE688ajf4_ghjLRqSrw9_',#44,'Support section',$,$,#3987,#3989,'1050(?)');
#3991= IFCLOCALPLACEMENT(#3930,#3924);
#3992= IFCSHAPEREPRESENTATION(#12,'Body','MappedRepresentation',(#410,#411,#412));
#3993= IFCPRODUCTDEFINITIONSHAPE($,$,(#3992));
#3994= IFCOPENINGELEMENT('2dch4il998fwUy0u31G_DV',#5,$,$,'Opening',#3991,#3993,$);
#3995= IFCRELVOIDSELEMENT('2WkvBU5HT4$f5xIGvq6v14',#5,'Drill Hole',$,#3990,#3994);
#3996= IFCCARTESIANPOINT((36084.7968508995,17735.0032354983,56644.9989501104));
#3997= IFCAXIS2PLACEMENT3D(#3996,#432,#3650);
#3998= IFCLOCALPLACEMENT(#3930,#3997);
#3999= IFCSHAPEREPRESENTATION(#12,'Body','Brep',(#675));
#4000= IFCPRODUCTDEFINITIONSHAPE($,$,(#3999));
#4001= IFCDISCRETEACCESSORY('2Ijf1d$zn4JuGeHruV3Z89',#44,'Support section',$,$,#3998,#4000,'1497(?)');
#4002= IFCCARTESIANPOINT((36184.6440050229,17729.4764087948,56644.9989501104));
#4003= IFCAXIS2PLACEMENT3D(#4002,#432,#3650);
#4004= IFCLOCALPLACEMENT(#3930,#4003);
#4005= IFCSHAPEREPRESENTATION(#12,'Body','Brep',(#675));
#4006= IFCPRODUCTDEFINITIONSHAPE($,$,(#4005));
#4007= IFCDISCRETEACCESSORY('07Iie6SMPDyQyUWa0cLUGa',#44,'Support section',$,$,#4004,#4006,'1497(?)');
#4008= IFCCARTESIANPOINT((36145.1629984591,17995.0643959419,56594.9981994629));
#4009= IFCAXIS2PLACEMENT3D(#4008,#9,#3663);
#4010= IFCLOCALPLACEMENT(#3930,#4009);
#4011= IFCSHAPEREPRESENTATION(#12,'Body','SweptSolid',(#695));
#4012= IFCPRODUCTDEFINITIONSHAPE($,$,(#4011));
#4013= IFCCOLUMN('2P9BJCQQTAXf59QuoOZAUl',#44,'main piece','PL10*200','PL10*200',#4010,#4012,'1496(?)');
#4014= IFCLOCALPLACEMENT(#42,#10);
#4015= IFCELEMENTASSEMBLY('1KjLQJhWvFI93Lkwmm7eMt',#44,'BEAM',$,$,#4014,$,'B/604(?)',.NOTDEFINED.,.RIGID_FRAME.);
#4016= IFCPROPERTYSINGLEVALUE('AssemblyMark',$,IFCIDENTIFIER('B/604(?)'),$);
#4017= IFCPROPERTYSET('3StPZktET06AgZRzCzNs9D',#5,'AISC_EM11_Pset_AssemblyIdentification','AssemblyIdentity',(#4016,#52,#53));
#4018= IFCCARTESIANPOINT((31893.1198859998,18140.1827935933,56834.9981994629));
#4019= IFCDIRECTION((-1.98699999964447E-06,0.999999999998026,0.));
#4020= IFCAXIS2PLACEMENT3D(#4018,#4019,#57);
#4021= IFCLOCALPLACEMENT(#4014,#4020);
#4022= IFCCARTESIANPOINT((0.,3.03025950099554,0.));
#4023= IFCAXIS2PLACEMENT3D(#4022,#8,#7);
#4024= IFCEXTRUDEDAREASOLID(#78,#4023,#9,8.);
#4025= IFCCARTESIANPOINT((0.,11.0302595009955,0.));
#4026= IFCAXIS2PLACEMENT3D(#4025,#8,#7);
#4027= IFCEXTRUDEDAREASOLID(#67,#4026,#9,13.);
#4028= IFCSHAPEREPRESENTATION(#12,'Body','SweptSolid',(#70,#77,#4024,#4027));
#4029= IFCREPRESENTATIONMAP(#10,#4028);
#4030= IFCMAPPEDITEM(#4029,#86);
#4031= IFCMAPPEDITEM(#4029,#91);
#4032= IFCMAPPEDITEM(#4029,#94);
#4033= IFCSHAPEREPRESENTATION(#12,'Body','MappedRepresentation',(#4030,#4031,#4032));
#4034= IFCSHAPEREPRESENTATION(#12,'Axis','MappedRepresentation',(#101,#102,#103));
#4035= IFCPRODUCTDEFINITIONSHAPE($,$,(#4033,#4034));
#4036= IFCMECHANICALFASTENER('3bamS6$$H7f9zs7jVLYFB9',#44,'Bolt assembly',$,$,#4021,#4035,'IDe5930706-fff4-47a4-9f76-1ed7d588f2c9',16.,40.);
#4037= IFCLOCALPLACEMENT(#42,#10);
#4038= IFCELEMENTASSEMBLY('3mLfzkuWX7uRlF30mty9zw',#44,$,$,$,#4037,$,'A/193(?)',.NOTDEFINED.,.RIGID_FRAME.);
#4039= IFCCARTESIANPOINT((31850.0476044504,18119.0111350938,56771.8273772388));
#4040= IFCDIRECTION((0.330199231963216,0.933949487176237,-0.136772886984763));
#4041= IFCDIRECTION((-0.862856919776393,0.357405029907589,0.357406743907765));
#4042= IFCAXIS2PLACEMENT3D(#4039,#4040,#4041);
#4043= IFCLOCALPLACEMENT(#4037,#4042);
#4044= IFCCARTESIANPOINT((-45.3293352302015,-125.647631567997,18.6011126982849));
#4045= IFCCARTESIANPOINT((-48.5765118310509,-125.647624659585,10.1158313240594));
#4046= IFCCARTESIANPOINT((-57.3772525408375,-117.841229964441,8.9601579088303));
#4047= IFCCARTESIANPOINT((-50.2103870453637,-121.318062245031,17.9601550781081));
#4048= IFCPOLYLOOP((#4044,#4045,#4046,#4047));
#4049= IFCFACEOUTERBOUND(#4048,.T.);
#4050= IFCFACE((#4049));
#4051= IFCCARTESIANPOINT((-48.1311817235027,-134.132914987727,21.1134740724629));
#4052= IFCCARTESIANPOINT((-59.2699310860543,-124.252670039961,19.6507839487895));
#4053= IFCPOLYLOOP((#4045,#4051,#4052,#4046));
#4054= IFCFACEOUTERBOUND(#4053,.T.);
#4055= IFCFACE((#4054));
#4056= IFCPOLYLOOP((#4051,#4044,#4047,#4052));
#4057= IFCFACEOUTERBOUND(#4056,.T.);
#4058= IFCFACE((#4057));
#4059= IFCPOLYLOOP((#4052,#4047,#4046));
#4060= IFCFACEOUTERBOUND(#4059,.T.);
#4061= IFCFACE((#4060));
#4062= IFCPOLYLOOP((#4051,#4045,#4044));
#4063= IFCFACEOUTERBOUND(#4062,.T.);
#4064= IFCFACE((#4063));
#4065= IFCCARTESIANPOINT((-45.1506318578603,-108.238832782736,16.0238812446987));
#4066= IFCCARTESIANPOINT((-49.9161810154427,-107.182049418407,10.7092404228461));
#4067= IFCPOLYLOOP((#4065,#4066,#2033,#2032));
#4068= IFCFACEOUTERBOUND(#4067,.T.);
#4069= IFCFACE((#4068));
#4070= IFCCARTESIANPOINT((-51.3771218944702,-105.477338018267,18.4066580718027));
#4071= IFCPOLYLOOP((#4066,#4070,#2038,#2033));
#4072= IFCFACEOUTERBOUND(#4071,.T.);
#4073= IFCFACE((#4072));
#4074= IFCPOLYLOOP((#4070,#4065,#2032,#2038));
#4075= IFCFACEOUTERBOUND(#4074,.T.);
#4076= IFCFACE((#4075));
#4077= IFCCARTESIANPOINT((-54.5671167173776,-119.204499716048,12.4890666726933));
#4078= IFCPOLYLOOP((#4047,#4077,#4066,#4065));
#4079= IFCFACEOUTERBOUND(#4078,.T.);
#4080= IFCFACE((#4079));
#4081= IFCCARTESIANPOINT((-58.976649605337,-125.121760139904,21.3148554267282));
#4082= IFCPOLYLOOP((#4077,#4081,#4070,#4066));
#4083= IFCFACEOUTERBOUND(#4082,.T.);
#4084= IFCFACE((#4083));
#4085= IFCPOLYLOOP((#4081,#4047,#4065,#4070));
#4086= IFCFACEOUTERBOUND(#4085,.T.);
#4087= IFCFACE((#4086));
#4088= IFCPOLYLOOP((#4081,#4077,#4047));
#4089= IFCFACEOUTERBOUND(#4088,.T.);
#4090= IFCFACE((#4089));
#4091= IFCCARTESIANPOINT((-35.3885282275031,-112.568398542302,12.2880823953237));
#4092= IFCCARTESIANPOINT((-35.3885282275104,-113.625171767802,5.14974314392384));
#4093= IFCCARTESIANPOINT((-40.0394639294199,-125.647622065408,6.92956939376381));
#4094= IFCCARTESIANPOINT((-40.4482834149884,-125.647628004583,14.2243562287258));
#4095= IFCPOLYLOOP((#4091,#4092,#4093,#4094));
#4096= IFCFACEOUTERBOUND(#4095,.T.);
#4097= IFCFACE((#4096));
#4098= IFCCARTESIANPOINT((-29.162038190875,-115.329893306771,9.9053055682125));
#4099= IFCCARTESIANPOINT((-36.7615659017055,-134.97431542835,12.8135029231125));
#4100= IFCPOLYLOOP((#4092,#4098,#4099,#4093));
#4101= IFCFACEOUTERBOUND(#4100,.T.);
#4102= IFCFACE((#4101));
#4103= IFCPOLYLOOP((#4098,#4091,#4094,#4099));
#4104= IFCFACEOUTERBOUND(#4103,.T.);
#4105= IFCFACE((#4104));
#4106= IFCPOLYLOOP((#2121,#2122,#4092,#4091));
#4107= IFCFACEOUTERBOUND(#4106,.T.);
#4108= IFCFACE((#4107));
#4109= IFCPOLYLOOP((#2122,#2126,#4098,#4092));
#4110= IFCFACEOUTERBOUND(#4109,.T.);
#4111= IFCFACE((#4110));
#4112= IFCPOLYLOOP((#2126,#2121,#4091,#4098));
#4113= IFCFACEOUTERBOUND(#4112,.T.);
#4114= IFCFACE((#4113));
#4115= IFCPOLYLOOP((#4099,#4094,#4093));
#4116= IFCFACEOUTERBOUND(#4115,.T.);
#4117= IFCFACE((#4116));
#4118= IFCCARTESIANPOINT((-39.7757711212279,-125.647618234572,2.22435622875491));
#4119= IFCPOLYLOOP((#4094,#4118,#4045,#4044));
#4120= IFCFACEOUTERBOUND(#4119,.T.);
#4121= IFCFACE((#4120));
#4122= IFCCARTESIANPOINT((-36.9924323609802,-134.132906855841,11.1255462280205));
#4123= IFCPOLYLOOP((#4118,#4122,#4051,#4045));
#4124= IFCFACEOUTERBOUND(#4123,.T.);
#4125= IFCFACE((#4124));
#4126= IFCPOLYLOOP((#4122,#4094,#4044,#4051));
#4127= IFCFACEOUTERBOUND(#4126,.T.);
#4128= IFCFACE((#4127));
#4129= IFCPOLYLOOP((#4051,#4044,#4045));
#4130= IFCFACEOUTERBOUND(#4129,.T.);
#4131= IFCFACE((#4130));
#4132= IFCPOLYLOOP((#4122,#4118,#4094));
#4133= IFCFACEOUTERBOUND(#4132,.T.);
#4134= IFCFACE((#4133));
#4135= IFCCLOSEDSHELL((#4050,#4055,#4058,#4061,#4064,#2037,#2042,#2045,#4069,#4073,#4076,#4080,#4084,#4087,#2071,#4090,#2080,#2085,#2088,#2092,#2096,#2099,#2102,#2105,#4097,#4102,#4105,#4108,#4111,#4114,#2136,#2140,#2143,#4117,#2149,#4121,#4125,#4128,#4131,#4134));
#4136= IFCFACETEDBREP(#4135);
#4137= IFCSHAPEREPRESENTATION(#12,'Body','Brep',(#4136));
#4138= IFCCARTESIANPOINT((-45.3293352300825,18.6011126982776,125.647631567954));
#4139= IFCCARTESIANPOINT((-50.2103870452447,17.9601550780935,121.318062244951));
#4140= IFCCARTESIANPOINT((-45.1506318577558,16.0238812446842,108.23883278267));
#4141= IFCCARTESIANPOINT((-35.3885282274096,12.2880823953201,112.56839854228));
#4142= IFCCARTESIANPOINT((-40.4482834148876,14.2243562287222,125.647628004554));
#4143= IFCPOLYLINE((#4138,#4139,#4140,#2173,#156,#197,#2174,#2175,#4141,#4142,#4138));
#4144= IFCSHAPEREPRESENTATION(#13,'Axis','GeometricCurveSet',(#4143));
#4145= IFCPRODUCTDEFINITIONSHAPE($,$,(#4137,#4144));
#4146= IFCFASTENER('3dZqDLMTX2w97nq5E5c4AG',#44,'Weld',$,$,#4043,#4145,'IDe78f4355-59d8-42e8-91f1-d05385984290');
#4147= IFCPROPERTYSINGLEVALUE('WeldID',$,IFCINTEGER(115370183),$);
#4148= IFCPROPERTYSET('2BnHzumVz32P3k_9ZapfdN',#5,'AISC_EM11_Pset_Weld','WeldIdentity',(#305,#306,#307,#308,#4147,#310,#311,#312,#313,#314,#315,#316,#317,#318,#319,#320));
#4149= IFCCARTESIANPOINT((31950.0476044501,18119.0113337926,56771.8273772388));
#4150= IFCAXIS2PLACEMENT3D(#4149,#4040,#4041);
#4151= IFCLOCALPLACEMENT(#4037,#4150);
#4152= IFCSHAPEREPRESENTATION(#12,'Body','Brep',(#4136));
#4153= IFCSHAPEREPRESENTATION(#13,'Axis','GeometricCurveSet',(#4143));
#4154= IFCPRODUCTDEFINITIONSHAPE($,$,(#4152,#4153));
#4155= IFCFASTENER('1wm9SZyBT0Thw2qh8WemEI',#44,'Weld',$,$,#4151,#4154,'ID7ac09723-f0b7-4076-be82-d2b220a30392');
#4156= IFCPROPERTYSINGLEVALUE('WeldID',$,IFCINTEGER(115370138),$);
#4157= IFCPROPERTYSET('20bqly$Lz8j9Ck7uBpcJze',#5,'AISC_EM11_Pset_Weld','WeldIdentity',(#305,#306,#307,#308,#4156,#310,#311,#312,#313,#314,#315,#316,#317,#318,#319,#320));
#4158= IFCCARTESIANPOINT((31902.22,18130.183,56714.998));
#4159= IFCAXIS2PLACEMENT3D(#4158,#8,#9);
#4160= IFCLOCALPLACEMENT(#4037,#4159);
#4161= IFCSHAPEREPRESENTATION(#12,'Body','Brep',(#2237));
#4162= IFCSHAPEREPRESENTATION(#13,'Axis','GeometricCurveSet',(#379,#2241));
#4163= IFCPRODUCTDEFINITIONSHAPE($,$,(#4161,#4162));
#4164= IFCFASTENER('2O_SjxpzLBKQ2JOAgDiI$u',#44,'Weld',$,$,#4160,#4163,'ID98f9cb7b-cfd5-4b51-a093-60aa8db12ff8');
#4165= IFCPROPERTYSINGLEVALUE('WeldID',$,IFCINTEGER(115370076),$);
#4166= IFCPROPERTYSET('2Q5tlPgi97XPgmtFwgPriq',#5,'AISC_EM11_Pset_Weld','WeldIdentity',(#305,#306,#307,#308,#4165,#387,#311,#312,#388,#314,#389,#390,#317,#318,#319,#320));
#4167= IFCCARTESIANPOINT((31899.2197964889,18185.1828057132,56619.9981994629));
#4168= IFCDIRECTION((1.98699999964447E-06,-0.999999999998026,0.));
#4169= IFCAXIS2PLACEMENT3D(#4167,#9,#4168);
#4170= IFCLOCALPLACEMENT(#4037,#4169);
#4171= IFCSHAPEREPRESENTATION(#12,'Body','SweptSolid',(#399));
#4172= IFCPRODUCTDEFINITIONSHAPE($,$,(#4171));
#4173= IFCDISCRETEACCESSORY('2g9TO7clf5v88JWHsnG$SH',#44,'Support section',$,$,#4170,#4172,'1050(?)');
#4174= IFCLOCALPLACEMENT(#4037,#4020);
#4175= IFCSHAPEREPRESENTATION(#12,'Body','MappedRepresentation',(#410,#411,#412));
#4176= IFCPRODUCTDEFINITIONSHAPE($,$,(#4175));
#4177= IFCOPENINGELEMENT('0UTA1Av6PDoxDaIRgafyhB',#5,$,$,'Opening',#4174,#4176,$);
#4178= IFCRELVOIDSELEMENT('0nddxQ_sn7J8kaDQ8j_Q03',#5,'Drill Hole',$,#4173,#4177);
#4179= IFCCARTESIANPOINT((31847.2196876442,17862.1827023486,56644.9989501104));
#4180= IFCDIRECTION((-1.98700000071307E-06,0.999999999996524,1.73300000384421E-06));
#4181= IFCAXIS2PLACEMENT3D(#4179,#432,#4180);
#4182= IFCLOCALPLACEMENT(#4037,#4181);
#4183= IFCSHAPEREPRESENTATION(#12,'Body','Brep',(#675));
#4184= IFCPRODUCTDEFINITIONSHAPE($,$,(#4183));
#4185= IFCDISCRETEACCESSORY('1ZIntNnhP57egJFpeH9ZBQ',#44,'Support section',$,$,#4182,#4184,'1497(?)');
#4186= IFCCARTESIANPOINT((31947.2196876439,17862.1829010473,56644.9989501104));
#4187= IFCAXIS2PLACEMENT3D(#4186,#432,#4180);
#4188= IFCLOCALPLACEMENT(#4037,#4187);
#4189= IFCSHAPEREPRESENTATION(#12,'Body','Brep',(#675));
#4190= IFCPRODUCTDEFINITIONSHAPE($,$,(#4189));
#4191= IFCDISCRETEACCESSORY('3eMC_IofX3uQH1Yk2qSHb2',#44,'Support section',$,$,#4188,#4190,'1497(?)');
#4192= IFCCARTESIANPOINT((31893.1199158049,18125.1827935936,56594.9981994629));
#4193= IFCDIRECTION((0.999999999998026,1.98699999964447E-06,0.));
#4194= IFCAXIS2PLACEMENT3D(#4192,#9,#4193);
#4195= IFCLOCALPLACEMENT(#4037,#4194);
#4196= IFCSHAPEREPRESENTATION(#12,'Body','SweptSolid',(#695));
#4197= IFCPRODUCTDEFINITIONSHAPE($,$,(#4196));
#4198= IFCCOLUMN('001kTUDmz4tes7AzMUv_58',#44,'main piece','PL10*200','PL10*200',#4195,#4197,'1496(?)');
#4199= IFCLOCALPLACEMENT(#42,#10);
#4200= IFCELEMENTASSEMBLY('3cV6TL18L4fgymV3Tj9YKG',#44,'BEAM',$,$,#4199,$,'B/604(?)',.NOTDEFINED.,.RIGID_FRAME.);
#4201= IFCCARTESIANPOINT((29803.1197369095,18140.178640763,56834.9981994629));
#4202= IFCAXIS2PLACEMENT3D(#4201,#4019,#57);
#4203= IFCLOCALPLACEMENT(#4199,#4202);
#4204= IFCSHAPEREPRESENTATION(#12,'Body','MappedRepresentation',(#4030,#4031,#4032));
#4205= IFCSHAPEREPRESENTATION(#12,'Axis','MappedRepresentation',(#101,#102,#103));
#4206= IFCPRODUCTDEFINITIONSHAPE($,$,(#4204,#4205));
#4207= IFCMECHANICALFASTENER('07x0VenRj5Y8hNosbj4wtj',#44,'Bolt assembly',$,$,#4203,#4206,'ID07ec07e8-c5bb-4588-8ad7-cb696d13aded',16.,40.);
#4208= IFCLOCALPLACEMENT(#42,#10);
#4209= IFCELEMENTASSEMBLY('2SQ5CaG$X0_RwmpdoR6jvr',#44,$,$,$,#4208,$,'A/193(?)',.NOTDEFINED.,.RIGID_FRAME.);
#4210= IFCCARTESIANPOINT((29760.0474553601,18119.0069822635,56771.8273772388));
#4211= IFCAXIS2PLACEMENT3D(#4210,#4040,#4041);
#4212= IFCLOCALPLACEMENT(#4208,#4211);
#4213= IFCSHAPEREPRESENTATION(#12,'Body','Brep',(#4136));
#4214= IFCSHAPEREPRESENTATION(#13,'Axis','GeometricCurveSet',(#4143));
#4215= IFCPRODUCTDEFINITIONSHAPE($,$,(#4213,#4214));
#4216= IFCFASTENER('0AePvgNq1Aev8T2LnyRjCh',#44,'Weld',$,$,#4212,#4215,'ID0aa19e6a-5f40-4aa3-921d-095c7c6ed32b');
#4217= IFCPROPERTYSINGLEVALUE('WeldID',$,IFCINTEGER(115369793),$);
#4218= IFCPROPERTYSET('11m7d43uX84gaKIJrkzCTQ',#5,'AISC_EM11_Pset_Weld','WeldIdentity',(#305,#306,#307,#308,#4217,#310,#311,#312,#313,#314,#315,#316,#317,#318,#319,#320));
#4219= IFCCARTESIANPOINT((29860.0474553598,18119.0071809623,56771.8273772388));
#4220= IFCAXIS2PLACEMENT3D(#4219,#4040,#4041);
#4221= IFCLOCALPLACEMENT(#4208,#4220);
#4222= IFCSHAPEREPRESENTATION(#12,'Body','Brep',(#4136));
#4223= IFCSHAPEREPRESENTATION(#13,'Axis','GeometricCurveSet',(#4143));
#4224= IFCPRODUCTDEFINITIONSHAPE($,$,(#4222,#4223));
#4225= IFCFASTENER('17GsnQ_1vAV9DgPk0ZeDMa',#44,'Weld',$,$,#4221,#4224,'ID47436c5a-f81e-4a7c-936a-66e023a0d5a4');
#4226= IFCPROPERTYSINGLEVALUE('WeldID',$,IFCINTEGER(115369748),$);
#4227= IFCPROPERTYSET('2NHVnvzl998Q314v3bDijb',#5,'AISC_EM11_Pset_Weld','WeldIdentity',(#305,#306,#307,#308,#4226,#310,#311,#312,#313,#314,#315,#316,#317,#318,#319,#320));
#4228= IFCCARTESIANPOINT((29812.22,18130.179,56714.998));
#4229= IFCAXIS2PLACEMENT3D(#4228,#8,#9);
#4230= IFCLOCALPLACEMENT(#4208,#4229);
#4231= IFCSHAPEREPRESENTATION(#12,'Body','Brep',(#2237));
#4232= IFCSHAPEREPRESENTATION(#13,'Axis','GeometricCurveSet',(#379,#2241));
#4233= IFCPRODUCTDEFINITIONSHAPE($,$,(#4231,#4232));
#4234= IFCFASTENER('0wRpH3IOf2e9DIZyRPT7MN',#44,'Weld',$,$,#4230,#4233,'ID3a6f3443-498a-42a0-9352-8fc6d9747597');
#4235= IFCPROPERTYSINGLEVALUE('WeldID',$,IFCINTEGER(115369686),$);
#4236= IFCPROPERTYSET('18B9ErFCfFVvlss34JLHDS',#5,'AISC_EM11_Pset_Weld','WeldIdentity',(#305,#306,#307,#308,#4235,#387,#311,#312,#388,#314,#389,#390,#317,#318,#319,#320));
#4237= IFCCARTESIANPOINT((29809.2196473986,18185.1786528829,56619.9981994629));
#4238= IFCAXIS2PLACEMENT3D(#4237,#9,#4168);
#4239= IFCLOCALPLACEMENT(#4208,#4238);
#4240= IFCSHAPEREPRESENTATION(#12,'Body','SweptSolid',(#399));
#4241= IFCPRODUCTDEFINITIONSHAPE($,$,(#4240));
#4242= IFCDISCRETEACCESSORY('08jU479xb78g7iMou8tUdC',#44,'Support section',$,$,#4239,#4241,'1050(?)');
#4243= IFCLOCALPLACEMENT(#4208,#4202);
#4244= IFCSHAPEREPRESENTATION(#12,'Body','MappedRepresentation',(#410,#411,#412));
#4245= IFCPRODUCTDEFINITIONSHAPE($,$,(#4244));
#4246= IFCOPENINGELEMENT('1e6$LpfF9B08xGJfbprFbK',#5,$,$,'Opening',#4243,#4245,$);
#4247= IFCRELVOIDSELEMENT('2TRWooBtP5vR8DR1AjFYgo',#5,'Drill Hole',$,#4242,#4246);
#4248= IFCCARTESIANPOINT((29757.2195385539,17862.1785495183,56644.9989501104));
#4249= IFCAXIS2PLACEMENT3D(#4248,#432,#4180);
#4250= IFCLOCALPLACEMENT(#4208,#4249);
#4251= IFCSHAPEREPRESENTATION(#12,'Body','Brep',(#675));
#4252= IFCPRODUCTDEFINITIONSHAPE($,$,(#4251));
#4253= IFCDISCRETEACCESSORY('2Sqgf7pDjBuR$6GuMdP1s8',#44,'Support section',$,$,#4250,#4252,'1497(?)');
#4254= IFCCARTESIANPOINT((29857.2195385536,17862.178748217,56644.9989501104));
#4255= IFCAXIS2PLACEMENT3D(#4254,#432,#4180);
#4256= IFCLOCALPLACEMENT(#4208,#4255);
#4257= IFCSHAPEREPRESENTATION(#12,'Body','Brep',(#675));
#4258= IFCPRODUCTDEFINITIONSHAPE($,$,(#4257));
#4259= IFCDISCRETEACCESSORY('3gTGxYqPf3RAASdjN24PDG',#44,'Support section',$,$,#4256,#4258,'1497(?)');
#4260= IFCCARTESIANPOINT((29803.1197667146,18125.1786407633,56594.9981994629));
#4261= IFCAXIS2PLACEMENT3D(#4260,#9,#4193);
#4262= IFCLOCALPLACEMENT(#4208,#4261);
#4263= IFCSHAPEREPRESENTATION(#12,'Body','SweptSolid',(#695));
#4264= IFCPRODUCTDEFINITIONSHAPE($,$,(#4263));
#4265= IFCCOLUMN('2uBBo2EV564gWs5MLtZAC7',#44,'main piece','PL10*200','PL10*200',#4262,#4264,'1496(?)');
#4266= IFCLOCALPLACEMENT(#42,#10);
#4267= IFCELEMENTASSEMBLY('0PXp4wdGv27flnsRm9cKHl',#44,'BEAM',$,$,#4266,$,'B/613(?)',.NOTDEFINED.,.RIGID_FRAME.);
#4268= IFCPROPERTYSINGLEVALUE('AssemblyMark',$,IFCIDENTIFIER('B/613(?)'),$);
#4269= IFCPROPERTYSET('2VT095aBT6cRwHBs07jkE6',#5,'AISC_EM11_Pset_AssemblyIdentification','AssemblyIdentity',(#4268,#52,#53));
#4270= IFCCARTESIANPOINT((79310.1835479616,19557.6128095363,56834.9981994629));
#4271= IFCAXIS2PLACEMENT3D(#4270,#7,#57);
#4272= IFCLOCALPLACEMENT(#4266,#4271);
#4273= IFCCARTESIANPOINT((0.,3.30004474108574,0.));
#4274= IFCAXIS2PLACEMENT3D(#4273,#8,#7);
#4275= IFCEXTRUDEDAREASOLID(#78,#4274,#9,8.);
#4276= IFCCARTESIANPOINT((0.,11.3000447410857,0.));
#4277= IFCAXIS2PLACEMENT3D(#4276,#8,#7);
#4278= IFCEXTRUDEDAREASOLID(#67,#4277,#9,13.);
#4279= IFCSHAPEREPRESENTATION(#12,'Body','SweptSolid',(#70,#77,#4275,#4278));
#4280= IFCREPRESENTATIONMAP(#10,#4279);
#4281= IFCMAPPEDITEM(#4280,#86);
#4282= IFCMAPPEDITEM(#4280,#91);
#4283= IFCMAPPEDITEM(#4280,#94);
#4284= IFCSHAPEREPRESENTATION(#12,'Body','MappedRepresentation',(#4281,#4282,#4283));
#4285= IFCSHAPEREPRESENTATION(#12,'Axis','MappedRepresentation',(#101,#102,#103));
#4286= IFCPRODUCTDEFINITIONSHAPE($,$,(#4284,#4285));
#4287= IFCMECHANICALFASTENER('38W6y3LSf5KgnQbWAfgHyu',#44,'Bolt assembly',$,$,#4272,#4286,'IDc8806f03-55ca-4552-ac5a-9602a9a91f38',16.,40.);
#4288= IFCLOCALPLACEMENT(#42,#10);
#4289= IFCELEMENTASSEMBLY('0n4BjRwf94$umBRFPsbrQC',#44,$,$,$,#4288,$,'A/193(?)',.NOTDEFINED.,.RIGID_FRAME.);
#4290= IFCCARTESIANPOINT((79289.0119784916,19600.6851348419,56771.8273772359));
#4291= IFCDIRECTION((0.933948804799339,-0.33020083773209,-0.13677366988903));
#4292= IFCDIRECTION((0.357406813049059,0.862856181118436,0.357406744049163));
#4293= IFCAXIS2PLACEMENT3D(#4290,#4291,#4292);
#4294= IFCLOCALPLACEMENT(#4288,#4293);
#4295= IFCSHAPEREPRESENTATION(#12,'Body','Brep',(#2168));
#4296= IFCSHAPEREPRESENTATION(#13,'Axis','GeometricCurveSet',(#2178));
#4297= IFCPRODUCTDEFINITIONSHAPE($,$,(#4295,#4296));
#4298= IFCFASTENER('2p9XY0op93iuk5bilNOuX3',#44,'Weld',$,$,#4294,#4297,'IDb3261880-cb32-43b3-8b85-96cbd7638843');
#4299= IFCPROPERTYSINGLEVALUE('WeldID',$,IFCINTEGER(115369403),$);
#4300= IFCPROPERTYSET('25OgwP1b5EphqS7R$BGrp8',#5,'AISC_EM11_Pset_Weld','WeldIdentity',(#305,#306,#307,#308,#4299,#310,#311,#312,#313,#314,#315,#316,#317,#318,#319,#320));
#4301= IFCCARTESIANPOINT((79289.0119704877,19500.6851348408,56771.8273772359));
#4302= IFCAXIS2PLACEMENT3D(#4301,#4291,#4292);
#4303= IFCLOCALPLACEMENT(#4288,#4302);
#4304= IFCSHAPEREPRESENTATION(#12,'Body','Brep',(#2168));
#4305= IFCSHAPEREPRESENTATION(#13,'Axis','GeometricCurveSet',(#2178));
#4306= IFCPRODUCTDEFINITIONSHAPE($,$,(#4304,#4305));
#4307= IFCFASTENER('0pdu4W1LP01guGeynwa1U_',#44,'Weld',$,$,#4303,#4306,'ID339f8120-0556-4006-ae10-a3cc7a9017be');
#4308= IFCPROPERTYSINGLEVALUE('WeldID',$,IFCINTEGER(115369358),$);
#4309= IFCPROPERTYSET('2_G4np1xPCzfUXTOngfkjO',#5,'AISC_EM11_Pset_Weld','WeldIdentity',(#305,#306,#307,#308,#4308,#310,#311,#312,#313,#314,#315,#316,#317,#318,#319,#320));
#4310= IFCCARTESIANPOINT((79300.184,19548.513,56714.998));
#4311= IFCAXIS2PLACEMENT3D(#4310,#7,#9);
#4312= IFCLOCALPLACEMENT(#4288,#4311);
#4313= IFCSHAPEREPRESENTATION(#12,'Body','Brep',(#2237));
#4314= IFCSHAPEREPRESENTATION(#13,'Axis','GeometricCurveSet',(#379,#2241));
#4315= IFCPRODUCTDEFINITIONSHAPE($,$,(#4313,#4314));
#4316= IFCFASTENER('0x0M9dhHjAphfTLW0CNC9w',#44,'Weld',$,$,#4312,#4315,'ID3b016267-ad1b-4ace-ba5d-56000c5cc27a');
#4317= IFCPROPERTYSINGLEVALUE('WeldID',$,IFCINTEGER(115369295),$);
#4318= IFCPROPERTYSET('385wN7NeX25e8pOP746bKZ',#5,'AISC_EM11_Pset_Weld','WeldIdentity',(#305,#306,#307,#308,#4317,#387,#311,#312,#388,#314,#389,#390,#317,#318,#319,#320));
#4319= IFCCARTESIANPOINT((79355.1835474731,19551.5128060332,56619.9981994629));
#4320= IFCDIRECTION((-0.999999999999997,8.00000016170086E-08,0.));
#4321= IFCAXIS2PLACEMENT3D(#4319,#9,#4320);
#4322= IFCLOCALPLACEMENT(#4288,#4321);
#4323= IFCSHAPEREPRESENTATION(#12,'Body','SweptSolid',(#399));
#4324= IFCPRODUCTDEFINITIONSHAPE($,$,(#4323));
#4325= IFCDISCRETEACCESSORY('2S48LcCin0FwLTa0FeYJz9',#44,'Support section',$,$,#4322,#4324,'1050(?)');
#4326= IFCLOCALPLACEMENT(#4288,#4271);
#4327= IFCSHAPEREPRESENTATION(#12,'Body','MappedRepresentation',(#410,#411,#412));
#4328= IFCPRODUCTDEFINITIONSHAPE($,$,(#4327));
#4329= IFCOPENINGELEMENT('3P01RsnrDEWx2dKwTbMEli',#5,$,$,'Opening',#4326,#4328,$);
#4330= IFCRELVOIDSELEMENT('2NA_eOSc50suwIxiPGUJLD',#5,'Drill Hole',$,#4325,#4329);
#4331= IFCCARTESIANPOINT((79032.1835515911,19603.5135825118,56644.9989501104));
#4332= IFCDIRECTION((-1.73299999732989E-06,0.,0.999999999998498));
#4333= IFCDIRECTION((0.999999999998495,-7.99999994711993E-08,1.73300000382399E-06));
#4334= IFCAXIS2PLACEMENT3D(#4331,#4332,#4333);
#4335= IFCLOCALPLACEMENT(#4288,#4334);
#4336= IFCSHAPEREPRESENTATION(#12,'Body','Brep',(#675));
#4337= IFCPRODUCTDEFINITIONSHAPE($,$,(#4336));
#4338= IFCDISCRETEACCESSORY('2gl$cJNEb6wvmLEYOKmgV8',#44,'Support section',$,$,#4335,#4337,'1497(?)');
#4339= IFCCARTESIANPOINT((79032.1835435872,19503.5135825107,56644.9989501104));
#4340= IFCAXIS2PLACEMENT3D(#4339,#4332,#4333);
#4341= IFCLOCALPLACEMENT(#4288,#4340);
#4342= IFCSHAPEREPRESENTATION(#12,'Body','Brep',(#675));
#4343= IFCPRODUCTDEFINITIONSHAPE($,$,(#4342));
#4344= IFCDISCRETEACCESSORY('29O2KYlwj7cR8wNezJ1a5Z',#44,'Support section',$,$,#4341,#4343,'1497(?)');
#4345= IFCCARTESIANPOINT((79295.1835479616,19557.6128107358,56594.9981994629));
#4346= IFCAXIS2PLACEMENT3D(#4345,#9,#740);
#4347= IFCLOCALPLACEMENT(#4288,#4346);
#4348= IFCSHAPEREPRESENTATION(#12,'Body','SweptSolid',(#695));
#4349= IFCPRODUCTDEFINITIONSHAPE($,$,(#4348));
#4350= IFCCOLUMN('0JJAudor90I80abfV0R67P',#44,'main piece','PL10*200','PL10*200',#4347,#4349,'1496(?)');
#4351= IFCLOCALPLACEMENT(#42,#10);
#4352= IFCELEMENTASSEMBLY('3OmuTYdx92cgzBncqg$iha',#44,'BEAM',$,$,#4351,$,'B/613(?)',.NOTDEFINED.,.RIGID_FRAME.);
#4353= IFCCARTESIANPOINT((79310.1824587564,5942.54855413117,56834.9981994629));
#4354= IFCAXIS2PLACEMENT3D(#4353,#7,#57);
#4355= IFCLOCALPLACEMENT(#4351,#4354);
#4356= IFCCARTESIANPOINT((0.,3.3005963424955,0.));
#4357= IFCAXIS2PLACEMENT3D(#4356,#8,#7);
#4358= IFCEXTRUDEDAREASOLID(#78,#4357,#9,8.);
#4359= IFCCARTESIANPOINT((0.,11.3005963424955,0.));
#4360= IFCAXIS2PLACEMENT3D(#4359,#8,#7);
#4361= IFCEXTRUDEDAREASOLID(#67,#4360,#9,13.);
#4362= IFCSHAPEREPRESENTATION(#12,'Body','SweptSolid',(#70,#77,#4358,#4361));
#4363= IFCREPRESENTATIONMAP(#10,#4362);
#4364= IFCMAPPEDITEM(#4363,#86);
#4365= IFCMAPPEDITEM(#4363,#91);
#4366= IFCMAPPEDITEM(#4363,#94);
#4367= IFCSHAPEREPRESENTATION(#12,'Body','MappedRepresentation',(#4364,#4365,#4366));
#4368= IFCSHAPEREPRESENTATION(#12,'Axis','MappedRepresentation',(#101,#102,#103));
#4369= IFCPRODUCTDEFINITIONSHAPE($,$,(#4367,#4368));
#4370= IFCMECHANICALFASTENER('0LxDOcKT5FrgYqQfshnCGB',#44,'Bolt assembly',$,$,#4355,#4369,'ID15ecd626-51d1-4fd6-a8b4-6a9dabc4c40b',16.,40.);
#4371= IFCLOCALPLACEMENT(#42,#10);
#4372= IFCELEMENTASSEMBLY('2GNowTypTACPh3dMYjwufk',#44,$,$,$,#4371,$,'A/193(?)',.NOTDEFINED.,.RIGID_FRAME.);
#4373= IFCCARTESIANPOINT((79289.0108892861,5985.62087943743,56771.8273772359));
#4374= IFCAXIS2PLACEMENT3D(#4373,#4291,#4292);
#4375= IFCLOCALPLACEMENT(#4371,#4374);
#4376= IFCSHAPEREPRESENTATION(#12,'Body','Brep',(#2168));
#4377= IFCSHAPEREPRESENTATION(#13,'Axis','GeometricCurveSet',(#2178));
#4378= IFCPRODUCTDEFINITIONSHAPE($,$,(#4376,#4377));
#4379= IFCFASTENER('2s4hTJ5Tr3NBUKA9vlGsjQ',#44,'Weld',$,$,#4375,#4378,'IDb612b753-15dd-435c-b794-289e6f436b5a');
#4380= IFCPROPERTYSINGLEVALUE('WeldID',$,IFCINTEGER(115369008),$);
#4381= IFCPROPERTYSET('1EOEq_opLB0O4YeD6g7YoQ',#5,'AISC_EM11_Pset_Weld','WeldIdentity',(#305,#306,#307,#308,#4380,#310,#311,#312,#313,#314,#315,#316,#317,#318,#319,#320));
#4382= IFCCARTESIANPOINT((79289.0108812825,5885.62087943634,56771.8273772359));
#4383= IFCAXIS2PLACEMENT3D(#4382,#4291,#4292);
#4384= IFCLOCALPLACEMENT(#4371,#4383);
#4385= IFCSHAPEREPRESENTATION(#12,'Body','Brep',(#2168));
#4386= IFCSHAPEREPRESENTATION(#13,'Axis','GeometricCurveSet',(#2178));
#4387= IFCPRODUCTDEFINITIONSHAPE($,$,(#4385,#4386));
#4388= IFCFASTENER('3TFgAXDub3ngR6l6QYueMS',#44,'Weld',$,$,#4384,#4387,'IDdd3ea2a1-3789-43c6-a6c6-bc66a2e2859c');
#4389= IFCPROPERTYSINGLEVALUE('WeldID',$,IFCINTEGER(115368963),$);
#4390= IFCPROPERTYSET('0TboG$2pf8FBU$ceU_zqDS',#5,'AISC_EM11_Pset_Weld','WeldIdentity',(#305,#306,#307,#308,#4389,#310,#311,#312,#313,#314,#315,#316,#317,#318,#319,#320));
#4391= IFCCARTESIANPOINT((79300.182,5933.449,56714.998));
#4392= IFCAXIS2PLACEMENT3D(#4391,#7,#9);
#4393= IFCLOCALPLACEMENT(#4371,#4392);
#4394= IFCSHAPEREPRESENTATION(#12,'Body','Brep',(#2237));
#4395= IFCSHAPEREPRESENTATION(#13,'Axis','GeometricCurveSet',(#379,#2241));
#4396= IFCPRODUCTDEFINITIONSHAPE($,$,(#4394,#4395));
#4397= IFCFASTENER('3cL2b1tcbBrRfo$oAtp3an',#44,'Weld',$,$,#4393,#4396,'IDe6542941-de69-4bd5-ba72-ff22b7cc3931');
#4398= IFCPROPERTYSINGLEVALUE('WeldID',$,IFCINTEGER(115368900),$);
#4399= IFCPROPERTYSET('1l3l_gsnzEvxBKeakLNnFQ',#5,'AISC_EM11_Pset_Weld','WeldIdentity',(#305,#306,#307,#308,#4398,#387,#311,#312,#388,#314,#389,#390,#317,#318,#319,#320));
#4400= IFCCARTESIANPOINT((79355.182458268,5936.44855062793,56619.9981994629));
#4401= IFCAXIS2PLACEMENT3D(#4400,#9,#4320);
#4402= IFCLOCALPLACEMENT(#4371,#4401);
#4403= IFCSHAPEREPRESENTATION(#12,'Body','SweptSolid',(#399));
#4404= IFCPRODUCTDEFINITIONSHAPE($,$,(#4403));
#4405= IFCDISCRETEACCESSORY('3LE$DgJen8JvAAslNgsywY',#44,'Support section',$,$,#4402,#4404,'1050(?)');
#4406= IFCLOCALPLACEMENT(#4371,#4354);
#4407= IFCSHAPEREPRESENTATION(#12,'Body','MappedRepresentation',(#410,#411,#412));
#4408= IFCPRODUCTDEFINITIONSHAPE($,$,(#4407));
#4409= IFCOPENINGELEMENT('19o$x9CHXDJAFmdaV4V1QM',#5,$,$,'Opening',#4406,#4408,$);
#4410= IFCRELVOIDSELEMENT('3B2sSiq6L2ReDq_xaOYuo9',#5,'Drill Hole',$,#4405,#4409);
#4411= IFCCARTESIANPOINT((79032.1824623858,5988.44932710768,56644.9989501104));
#4412= IFCAXIS2PLACEMENT3D(#4411,#4332,#4333);
#4413= IFCLOCALPLACEMENT(#4371,#4412);
#4414= IFCSHAPEREPRESENTATION(#12,'Body','Brep',(#675));
#4415= IFCPRODUCTDEFINITIONSHAPE($,$,(#4414));
#4416= IFCDISCRETEACCESSORY('3cmHcX87fCuetl1VVkots6',#44,'Support section',$,$,#4413,#4415,'1497(?)');
#4417= IFCCARTESIANPOINT((79032.1824543822,5888.44932710659,56644.9989501104));
#4418= IFCAXIS2PLACEMENT3D(#4417,#4332,#4333);
#4419= IFCLOCALPLACEMENT(#4371,#4418);
#4420= IFCSHAPEREPRESENTATION(#12,'Body','Brep',(#675));
#4421= IFCPRODUCTDEFINITIONSHAPE($,$,(#4420));
#4422= IFCDISCRETEACCESSORY('1FACEMZ$z52va2KDxA$WRJ',#44,'Support section',$,$,#4419,#4421,'1497(?)');
#4423= IFCCARTESIANPOINT((79295.1824587564,5942.54855533079,56594.9981994629));
#4424= IFCAXIS2PLACEMENT3D(#4423,#9,#740);
#4425= IFCLOCALPLACEMENT(#4371,#4424);
#4426= IFCSHAPEREPRESENTATION(#12,'Body','SweptSolid',(#695));
#4427= IFCPRODUCTDEFINITIONSHAPE($,$,(#4426));
#4428= IFCCOLUMN('1iHW9mNO1EAPls$hKAD2GP',#44,'main piece','PL10*200','PL10*200',#4425,#4427,'1496(?)');
#4429= IFCLOCALPLACEMENT(#42,#10);
#4430= IFCELEMENTASSEMBLY('0wy2U5jQ1659ihgbWkB1JQ',#44,'BEAM',$,$,#4429,$,'B/613(?)',.NOTDEFINED.,.RIGID_FRAME.);
#4431= IFCCARTESIANPOINT((22689.9977093555,5942.7230464847,56834.9981994629));
#4432= IFCAXIS2PLACEMENT3D(#4431,#4320,#57);
#4433= IFCLOCALPLACEMENT(#4429,#4432);
#4434= IFCCARTESIANPOINT((0.,4.4035142574471,0.));
#4435= IFCAXIS2PLACEMENT3D(#4434,#8,#7);
#4436= IFCEXTRUDEDAREASOLID(#78,#4435,#9,8.);
#4437= IFCCARTESIANPOINT((0.,12.4035142574471,0.));
#4438= IFCAXIS2PLACEMENT3D(#4437,#8,#7);
#4439= IFCEXTRUDEDAREASOLID(#67,#4438,#9,13.);
#4440= IFCSHAPEREPRESENTATION(#12,'Body','SweptSolid',(#70,#77,#4436,#4439));
#4441= IFCREPRESENTATIONMAP(#10,#4440);
#4442= IFCMAPPEDITEM(#4441,#86);
#4443= IFCMAPPEDITEM(#4441,#91);
#4444= IFCMAPPEDITEM(#4441,#94);
#4445= IFCSHAPEREPRESENTATION(#12,'Body','MappedRepresentation',(#4442,#4443,#4444));
#4446= IFCSHAPEREPRESENTATION(#12,'Axis','MappedRepresentation',(#101,#102,#103));
#4447= IFCPRODUCTDEFINITIONSHAPE($,$,(#4445,#4446));
#4448= IFCMECHANICALFASTENER('0iMDEm3Ev72BF8$FjUScu5',#44,'Bolt assembly',$,$,#4433,#4447,'ID2c58d3b0-0cee-4708-b3c8-fcfb5e726e05',16.,40.);
#4449= IFCLOCALPLACEMENT(#42,#10);
#4450= IFCELEMENTASSEMBLY('3zuiE22AP6nOlQwxs0$x40',#44,$,$,$,#4449,$,'A/193(?)',.NOTDEFINED.,.RIGID_FRAME.);
#4451= IFCCARTESIANPOINT((22711.1692787837,5899.65072115278,56771.8273772368));
#4452= IFCDIRECTION((-0.933948804465492,0.330200838684511,-0.136773669869326));
#4453= IFCDIRECTION((-0.357406813921444,-0.862856180810151,0.357406743921043));
#4454= IFCAXIS2PLACEMENT3D(#4451,#4452,#4453);
#4455= IFCLOCALPLACEMENT(#4449,#4454);
#4456= IFCSHAPEREPRESENTATION(#12,'Body','Brep',(#2168));
#4457= IFCSHAPEREPRESENTATION(#13,'Axis','GeometricCurveSet',(#2178));
#4458= IFCPRODUCTDEFINITIONSHAPE($,$,(#4456,#4457));
#4459= IFCFASTENER('2xV8o_EpvBUf1maJoCxZam',#44,'Weld',$,$,#4455,#4458,'IDbb7c8cbe-3b3e-4b7a-9070-913c8cee3930');
#4460= IFCPROPERTYSINGLEVALUE('WeldID',$,IFCINTEGER(115368613),$);
#4461= IFCPROPERTYSET('1p4Blmefr05fCVg8qPwGon',#5,'AISC_EM11_Pset_Weld','WeldIdentity',(#305,#306,#307,#308,#4460,#310,#311,#312,#313,#314,#315,#316,#317,#318,#319,#320));
#4462= IFCCARTESIANPOINT((22711.1692868848,5999.65072115386,56771.8273772368));
#4463= IFCAXIS2PLACEMENT3D(#4462,#4452,#4453);
#4464= IFCLOCALPLACEMENT(#4449,#4463);
#4465= IFCSHAPEREPRESENTATION(#12,'Body','Brep',(#2168));
#4466= IFCSHAPEREPRESENTATION(#13,'Axis','GeometricCurveSet',(#2178));
#4467= IFCPRODUCTDEFINITIONSHAPE($,$,(#4465,#4466));
#4468= IFCFASTENER('2t_724s2zAbeM7EsUnb0G4',#44,'Weld',$,$,#4464,#4467,'IDb7f87084-d82f-4a96-8587-3b67b1940404');
#4469= IFCPROPERTYSINGLEVALUE('WeldID',$,IFCINTEGER(115368568),$);
#4470= IFCPROPERTYSET('1nRvbybq9FN8WDDfPgRSKv',#5,'AISC_EM11_Pset_Weld','WeldIdentity',(#305,#306,#307,#308,#4469,#310,#311,#312,#313,#314,#315,#316,#317,#318,#319,#320));
#4471= IFCCARTESIANPOINT((22699.998,5951.823,56714.998));
#4472= IFCAXIS2PLACEMENT3D(#4471,#4320,#9);
#4473= IFCLOCALPLACEMENT(#4449,#4472);
#4474= IFCSHAPEREPRESENTATION(#12,'Body','Brep',(#2237));
#4475= IFCSHAPEREPRESENTATION(#13,'Axis','GeometricCurveSet',(#379,#2241));
#4476= IFCPRODUCTDEFINITIONSHAPE($,$,(#4474,#4475));
#4477= IFCFASTENER('194ybq53L4u9SDy9sAu1U$',#44,'Weld',$,$,#4473,#4476,'ID4913c974-1435-44e0-970d-f09d8ae017bf');
#4478= IFCPROPERTYSINGLEVALUE('WeldID',$,IFCINTEGER(115368505),$);
#4479= IFCPROPERTYSET('3_xIS08_j9_BRWcOP8wslN',#5,'AISC_EM11_Pset_Weld','WeldIdentity',(#305,#306,#307,#308,#4478,#387,#311,#312,#388,#314,#389,#390,#317,#318,#319,#320));
#4480= IFCCARTESIANPOINT((22644.9977098498,5948.82305003377,56619.9981994629));
#4481= IFCAXIS2PLACEMENT3D(#4480,#9,#7);
#4482= IFCLOCALPLACEMENT(#4449,#4481);
#4483= IFCSHAPEREPRESENTATION(#12,'Body','SweptSolid',(#399));
#4484= IFCPRODUCTDEFINITIONSHAPE($,$,(#4483));
#4485= IFCDISCRETEACCESSORY('0t3AqyXtv10Of3c$DFFsyG',#44,'Support section',$,$,#4482,#4484,'1050(?)');
#4486= IFCLOCALPLACEMENT(#4449,#4432);
#4487= IFCSHAPEREPRESENTATION(#12,'Body','MappedRepresentation',(#410,#411,#412));
#4488= IFCPRODUCTDEFINITIONSHAPE($,$,(#4487));
#4489= IFCOPENINGELEMENT('3TooVl2tDE6vJnPnViBc2a',#5,$,$,'Opening',#4486,#4488,$);
#4490= IFCRELVOIDSELEMENT('1P8_P6VHD3HBXeovgjA3z3',#5,'Drill Hole',$,#4485,#4489);
#4491= IFCCARTESIANPOINT((22967.9977056814,5896.822273225,56644.9989501104));
#4492= IFCDIRECTION((1.73300000460585E-06,0.,0.999999999998498));
#4493= IFCDIRECTION((-0.999999999998495,8.10000009197454E-08,1.73300000382399E-06));
#4494= IFCAXIS2PLACEMENT3D(#4491,#4492,#4493);
#4495= IFCLOCALPLACEMENT(#4449,#4494);
#4496= IFCSHAPEREPRESENTATION(#12,'Body','Brep',(#675));
#4497= IFCPRODUCTDEFINITIONSHAPE($,$,(#4496));
#4498= IFCDISCRETEACCESSORY('2od30xQsfD2Bqsmj5l5dBK',#44,'Support section',$,$,#4495,#4497,'1497(?)');
#4499= IFCCARTESIANPOINT((22967.9977137825,5996.82227322608,56644.9989501104));
#4500= IFCAXIS2PLACEMENT3D(#4499,#4492,#4493);
#4501= IFCLOCALPLACEMENT(#4449,#4500);
#4502= IFCSHAPEREPRESENTATION(#12,'Body','Brep',(#675));
#4503= IFCPRODUCTDEFINITIONSHAPE($,$,(#4502));
#4504= IFCDISCRETEACCESSORY('36_n_BzVzAmBuB5Ali_RIj',#44,'Support section',$,$,#4501,#4503,'1497(?)');
#4505= IFCCARTESIANPOINT((22704.9977093555,5942.7230452698,56594.9981994629));
#4506= IFCAXIS2PLACEMENT3D(#4505,#9,#8);
#4507= IFCLOCALPLACEMENT(#4449,#4506);
#4508= IFCSHAPEREPRESENTATION(#12,'Body','SweptSolid',(#695));
#4509= IFCPRODUCTDEFINITIONSHAPE($,$,(#4508));
#4510= IFCCOLUMN('30qhN8gGD9NQe9amwPxPBR',#44,'main piece','PL10*200','PL10*200',#4507,#4509,'1496(?)');
#4511= IFCCARTESIANPOINT((65865.3027171303,510.093570485333,56834.9981994629));
#4512= IFCAXIS2PLACEMENT3D(#4511,#4019,#57);
#4513= IFCLOCALPLACEMENT(#706,#4512);
#4514= IFCCARTESIANPOINT((0.,3.29877465333126,0.));
#4515= IFCAXIS2PLACEMENT3D(#4514,#8,#7);
#4516= IFCEXTRUDEDAREASOLID(#78,#4515,#9,8.);
#4517= IFCCARTESIANPOINT((0.,11.2987746533313,0.));
#4518= IFCAXIS2PLACEMENT3D(#4517,#8,#7);
#4519= IFCEXTRUDEDAREASOLID(#67,#4518,#9,13.);
#4520= IFCSHAPEREPRESENTATION(#12,'Body','SweptSolid',(#70,#77,#4516,#4519));
#4521= IFCREPRESENTATIONMAP(#10,#4520);
#4522= IFCMAPPEDITEM(#4521,#86);
#4523= IFCMAPPEDITEM(#4521,#91);
#4524= IFCMAPPEDITEM(#4521,#94);
#4525= IFCSHAPEREPRESENTATION(#12,'Body','MappedRepresentation',(#4522,#4523,#4524));
#4526= IFCSHAPEREPRESENTATION(#12,'Axis','MappedRepresentation',(#101,#102,#103));
#4527= IFCPRODUCTDEFINITIONSHAPE($,$,(#4525,#4526));
#4528= IFCMECHANICALFASTENER('0ngSnCS_T0BhGt$5Z9a4_E',#44,'Bolt assembly',$,$,#4513,#4527,'ID31a9cc4c-73e7-402e-b437-fc58c9904f8e',16.,40.);
#4529= IFCLOCALPLACEMENT(#42,#10);
#4530= IFCELEMENTASSEMBLY('0JyhOpe1j4mwxweFnVS5Uw',#44,$,$,$,#4529,$,'A/193(?)',.NOTDEFINED.,.RIGID_FRAME.);
#4531= IFCCARTESIANPOINT((65822.2304398336,488.921903324424,56771.8273772365));
#4532= IFCAXIS2PLACEMENT3D(#4531,#4040,#4041);
#4533= IFCLOCALPLACEMENT(#4529,#4532);
#4534= IFCSHAPEREPRESENTATION(#12,'Body','Brep',(#4136));
#4535= IFCSHAPEREPRESENTATION(#13,'Axis','GeometricCurveSet',(#4143));
#4536= IFCPRODUCTDEFINITIONSHAPE($,$,(#4534,#4535));
#4537= IFCFASTENER('3s3z6OuJn8Yfnv2pwNcVEK',#44,'Weld',$,$,#4533,#4536,'IDf60fd198-e13c-488a-9c79-0b3e9799f394');
#4538= IFCPROPERTYSINGLEVALUE('WeldID',$,IFCINTEGER(115368220),$);
#4539= IFCPROPERTYSET('0XrA$2F1b27wRFh2JF1etH',#5,'AISC_EM11_Pset_Weld','WeldIdentity',(#305,#306,#307,#308,#4538,#310,#311,#312,#313,#314,#315,#316,#317,#318,#319,#320));
#4540= IFCCARTESIANPOINT((65922.2304398361,488.92212212427,56771.8273772364));
#4541= IFCAXIS2PLACEMENT3D(#4540,#4040,#4041);
#4542= IFCLOCALPLACEMENT(#4529,#4541);
#4543= IFCSHAPEREPRESENTATION(#12,'Body','Brep',(#4136));
#4544= IFCSHAPEREPRESENTATION(#13,'Axis','GeometricCurveSet',(#4143));
#4545= IFCPRODUCTDEFINITIONSHAPE($,$,(#4543,#4544));
#4546= IFCFASTENER('0VvNMcbMzB4eEdVoDYHepn',#44,'Weld',$,$,#4542,#4545,'ID1fe575a6-956f-4b12-83a7-7f2362468cf1');
#4547= IFCPROPERTYSINGLEVALUE('WeldID',$,IFCINTEGER(115368175),$);
#4548= IFCPROPERTYSET('2QJ06r5tH3vemVf1fCNxFk',#5,'AISC_EM11_Pset_Weld','WeldIdentity',(#305,#306,#307,#308,#4547,#310,#311,#312,#313,#314,#315,#316,#317,#318,#319,#320));
#4549= IFCCARTESIANPOINT((65874.403,500.094,56714.998));
#4550= IFCAXIS2PLACEMENT3D(#4549,#8,#9);
#4551= IFCLOCALPLACEMENT(#4529,#4550);
#4552= IFCSHAPEREPRESENTATION(#12,'Body','Brep',(#2237));
#4553= IFCSHAPEREPRESENTATION(#13,'Axis','GeometricCurveSet',(#379,#2241));
#4554= IFCPRODUCTDEFINITIONSHAPE($,$,(#4552,#4553));
#4555= IFCFASTENER('2oCZHpmJjDP8MdHIu$PVtp',#44,'Weld',$,$,#4551,#4554,'IDb2323473-c13b-4d64-85a7-452e3f65fdf3');
#4556= IFCPROPERTYSINGLEVALUE('WeldID',$,IFCINTEGER(115368112),$);
#4557= IFCPROPERTYSET('0cxAQU1318fvPUPz$kRkAc',#5,'AISC_EM11_Pset_Weld','WeldIdentity',(#305,#306,#307,#308,#4556,#387,#311,#312,#388,#314,#389,#390,#317,#318,#319,#320));
#4558= IFCCARTESIANPOINT((65871.402618575,555.093583831846,56619.9981994629));
#4559= IFCAXIS2PLACEMENT3D(#4558,#9,#4168);
#4560= IFCLOCALPLACEMENT(#4529,#4559);
#4561= IFCSHAPEREPRESENTATION(#12,'Body','SweptSolid',(#399));
#4562= IFCPRODUCTDEFINITIONSHAPE($,$,(#4561));
#4563= IFCDISCRETEACCESSORY('3o3W8IpXXAABocuU8Ew2_k',#44,'Support section',$,$,#4560,#4562,'1050(?)');
#4564= IFCLOCALPLACEMENT(#4529,#4512);
#4565= IFCSHAPEREPRESENTATION(#12,'Body','MappedRepresentation',(#410,#411,#412));
#4566= IFCPRODUCTDEFINITIONSHAPE($,$,(#4565));
#4567= IFCOPENINGELEMENT('1Y72Oez9rFEfVnkHxV6Y4G',#5,$,$,'Opening',#4564,#4566,$);
#4568= IFCRELVOIDSELEMENT('2DQ$LuwQ96iOfjzLUbXpLX',#5,'Drill Hole',$,#4563,#4567);
#4569= IFCCARTESIANPOINT((65819.4025746483,232.093470010898,56644.9989501104));
#4570= IFCAXIS2PLACEMENT3D(#4569,#432,#4180);
#4571= IFCLOCALPLACEMENT(#4529,#4570);
#4572= IFCSHAPEREPRESENTATION(#12,'Body','Brep',(#675));
#4573= IFCPRODUCTDEFINITIONSHAPE($,$,(#4572));
#4574= IFCDISCRETEACCESSORY('3UL5NZhtT3cAn$wEyprMq8',#44,'Support section',$,$,#4571,#4573,'1497(?)');
#4575= IFCCARTESIANPOINT((65919.4025746508,232.093688810745,56644.9989501104));
#4576= IFCAXIS2PLACEMENT3D(#4575,#432,#4180);
#4577= IFCLOCALPLACEMENT(#4529,#4576);
#4578= IFCSHAPEREPRESENTATION(#12,'Body','Brep',(#675));
#4579= IFCPRODUCTDEFINITIONSHAPE($,$,(#4578));
#4580= IFCDISCRETEACCESSORY('3C$TeB$1f4bwrScXnuRuH2',#44,'Support section',$,$,#4577,#4579,'1497(?)');
#4581= IFCCARTESIANPOINT((65865.3027499501,495.093570485409,56594.9981994629));
#4582= IFCAXIS2PLACEMENT3D(#4581,#9,#4193);
#4583= IFCLOCALPLACEMENT(#4529,#4582);
#4584= IFCSHAPEREPRESENTATION(#12,'Body','SweptSolid',(#695));
#4585= IFCPRODUCTDEFINITIONSHAPE($,$,(#4584));
#4586= IFCCOLUMN('1p$x1o0ujFPv7cABoACL_k',#44,'main piece','PL10*200','PL10*200',#4583,#4585,'1496(?)');
#4587= IFCCARTESIANPOINT((63750.0836009193,510.088942385907,56834.9981994629));
#4588= IFCAXIS2PLACEMENT3D(#4587,#4019,#57);
#4589= IFCLOCALPLACEMENT(#826,#4588);
#4590= IFCSHAPEREPRESENTATION(#12,'Body','MappedRepresentation',(#4522,#4523,#4524));
#4591= IFCSHAPEREPRESENTATION(#12,'Axis','MappedRepresentation',(#101,#102,#103));
#4592= IFCPRODUCTDEFINITIONSHAPE($,$,(#4590,#4591));
#4593= IFCMECHANICALFASTENER('2PSSdvFtbDXvnaxbxLp5Vd',#44,'Bolt assembly',$,$,#4589,#4592,'ID9971c9f9-3f79-4d87-9c64-ee5ed5cc57e7',16.,40.);
#4594= IFCLOCALPLACEMENT(#42,#10);
#4595= IFCELEMENTASSEMBLY('2srGRXXJj3M8Olc0yHOCNz',#44,$,$,$,#4594,$,'A/193(?)',.NOTDEFINED.,.RIGID_FRAME.);
#4596= IFCCARTESIANPOINT((63707.0113236227,488.917275225012,56771.8273772365));
#4597= IFCAXIS2PLACEMENT3D(#4596,#4040,#4041);
#4598= IFCLOCALPLACEMENT(#4594,#4597);
#4599= IFCSHAPEREPRESENTATION(#12,'Body','Brep',(#4136));
#4600= IFCSHAPEREPRESENTATION(#13,'Axis','GeometricCurveSet',(#4143));
#4601= IFCPRODUCTDEFINITIONSHAPE($,$,(#4599,#4600));
#4602= IFCFASTENER('0RqZuKgUj1oRBeeJktUqdw',#44,'Weld',$,$,#4598,#4601,'ID1bd23e14-a9eb-41c9-b2e8-a13bb77b49fa');
#4603= IFCPROPERTYSINGLEVALUE('WeldID',$,IFCINTEGER(115367829),$);
#4604= IFCPROPERTYSET('1kgfKJWkT4MQwgI_EQiDOc',#5,'AISC_EM11_Pset_Weld','WeldIdentity',(#305,#306,#307,#308,#4603,#310,#311,#312,#313,#314,#315,#316,#317,#318,#319,#320));
#4605= IFCCARTESIANPOINT((63807.0113236252,488.917494024859,56771.8273772365));
#4606= IFCAXIS2PLACEMENT3D(#4605,#4040,#4041);
#4607= IFCLOCALPLACEMENT(#4594,#4606);
#4608= IFCSHAPEREPRESENTATION(#12,'Body','Brep',(#4136));
#4609= IFCSHAPEREPRESENTATION(#13,'Axis','GeometricCurveSet',(#4143));
#4610= IFCPRODUCTDEFINITIONSHAPE($,$,(#4608,#4609));
#4611= IFCFASTENER('0gqIILtDn6$QJb0fjPANlB',#44,'Weld',$,$,#4607,#4610,'ID2ad12495-dcdc-46fd-a4e5-029b59297bcb');
#4612= IFCPROPERTYSINGLEVALUE('WeldID',$,IFCINTEGER(115367784),$);
#4613= IFCPROPERTYSET('1pNMcAhYTF5BEQh$HEYkb8',#5,'AISC_EM11_Pset_Weld','WeldIdentity',(#305,#306,#307,#308,#4612,#310,#311,#312,#313,#314,#315,#316,#317,#318,#319,#320));
#4614= IFCCARTESIANPOINT((63759.184,500.089,56714.998));
#4615= IFCAXIS2PLACEMENT3D(#4614,#8,#9);
#4616= IFCLOCALPLACEMENT(#4594,#4615);
#4617= IFCSHAPEREPRESENTATION(#12,'Body','Brep',(#2237));
#4618= IFCSHAPEREPRESENTATION(#13,'Axis','GeometricCurveSet',(#379,#2241));
#4619= IFCPRODUCTDEFINITIONSHAPE($,$,(#4617,#4618));
#4620= IFCFASTENER('19rX8RHg17dwQ1BNWTM4aa',#44,'Weld',$,$,#4616,#4619,'ID49d6121b-46a0-479f-a681-2d781d584924');
#4621= IFCPROPERTYSINGLEVALUE('WeldID',$,IFCINTEGER(115367721),$);
#4622= IFCPROPERTYSET('25kDRNX4vFrvZA0lehXVvA',#5,'AISC_EM11_Pset_Weld','WeldIdentity',(#305,#306,#307,#308,#4621,#387,#311,#312,#388,#314,#389,#390,#317,#318,#319,#320));
#4623= IFCCARTESIANPOINT((63756.183502364,555.08895573242,56619.9981994629));
#4624= IFCAXIS2PLACEMENT3D(#4623,#9,#4168);
#4625= IFCLOCALPLACEMENT(#4594,#4624);
#4626= IFCSHAPEREPRESENTATION(#12,'Body','SweptSolid',(#399));
#4627= IFCPRODUCTDEFINITIONSHAPE($,$,(#4626));
#4628= IFCDISCRETEACCESSORY('0CWfrqkd5DTxfN7qi72r0A',#44,'Support section',$,$,#4625,#4627,'1050(?)');
#4629= IFCLOCALPLACEMENT(#4594,#4588);
#4630= IFCSHAPEREPRESENTATION(#12,'Body','MappedRepresentation',(#410,#411,#412));
#4631= IFCPRODUCTDEFINITIONSHAPE($,$,(#4630));
#4632= IFCOPENINGELEMENT('1L2XG5IDf47QncFiT3p3Mj',#5,$,$,'Opening',#4629,#4631,$);
#4633= IFCRELVOIDSELEMENT('1a$A_yxRTDDRWmhcHDce0f',#5,'Drill Hole',$,#4628,#4632);
#4634= IFCCARTESIANPOINT((63704.1834584373,232.088841911472,56644.9989501104));
#4635= IFCAXIS2PLACEMENT3D(#4634,#432,#4180);
#4636= IFCLOCALPLACEMENT(#4594,#4635);
#4637= IFCSHAPEREPRESENTATION(#12,'Body','Brep',(#675));
#4638= IFCPRODUCTDEFINITIONSHAPE($,$,(#4637));
#4639= IFCDISCRETEACCESSORY('0t_QbXUIn7Gg6q98v7MX4c',#44,'Support section',$,$,#4636,#4638,'1497(?)');
#4640= IFCCARTESIANPOINT((63804.1834584399,232.089060711319,56644.9989501104));
#4641= IFCAXIS2PLACEMENT3D(#4640,#432,#4180);
#4642= IFCLOCALPLACEMENT(#4594,#4641);
#4643= IFCSHAPEREPRESENTATION(#12,'Body','Brep',(#675));
#4644= IFCPRODUCTDEFINITIONSHAPE($,$,(#4643));
#4645= IFCDISCRETEACCESSORY('3iaVXzC_D7IhYSP9d85gEr',#44,'Support section',$,$,#4642,#4644,'1497(?)');
#4646= IFCCARTESIANPOINT((63750.0836337392,495.088942385984,56594.9981994629));
#4647= IFCAXIS2PLACEMENT3D(#4646,#9,#4193);
#4648= IFCLOCALPLACEMENT(#4594,#4647);
#4649= IFCSHAPEREPRESENTATION(#12,'Body','SweptSolid',(#695));
#4650= IFCPRODUCTDEFINITIONSHAPE($,$,(#4649));
#4651= IFCCOLUMN('1rYkn$qy9C$hziwG1GA4M2',#44,'main piece','PL10*200','PL10*200',#4648,#4650,'1496(?)');
#4652= IFCCARTESIANPOINT((61625.0825328041,510.08429288357,56834.9981994629));
#4653= IFCAXIS2PLACEMENT3D(#4652,#4019,#57);
#4654= IFCLOCALPLACEMENT(#921,#4653);
#4655= IFCSHAPEREPRESENTATION(#12,'Body','MappedRepresentation',(#4522,#4523,#4524));
#4656= IFCSHAPEREPRESENTATION(#12,'Axis','MappedRepresentation',(#101,#102,#103));
#4657= IFCPRODUCTDEFINITIONSHAPE($,$,(#4655,#4656));
#4658= IFCMECHANICALFASTENER('3ayNrUNAHEvRwqmgeUPL$Q',#44,'Bolt assembly',$,$,#4654,#4657,'IDe4f17d5e-5ca4-4ee5-beb4-c2aa1e655fda',16.,40.);
#4659= IFCLOCALPLACEMENT(#42,#10);
#4660= IFCELEMENTASSEMBLY('0xiMQ6anj649Ditg1xRmSD',#44,$,$,$,#4659,$,'A/193(?)',.NOTDEFINED.,.RIGID_FRAME.);
#4661= IFCCARTESIANPOINT((61582.0102555075,488.912625722661,56771.8273772364));
#4662= IFCAXIS2PLACEMENT3D(#4661,#4040,#4041);
#4663= IFCLOCALPLACEMENT(#4659,#4662);
#4664= IFCSHAPEREPRESENTATION(#12,'Body','Brep',(#4136));
#4665= IFCSHAPEREPRESENTATION(#13,'Axis','GeometricCurveSet',(#4143));
#4666= IFCPRODUCTDEFINITIONSHAPE($,$,(#4664,#4665));
#4667= IFCFASTENER('0OD2$Op9nA2A0oY46GDzUB',#44,'Weld',$,$,#4663,#4666,'ID18342fd8-cc9c-4a08-a032-88419037d78b');
#4668= IFCPROPERTYSINGLEVALUE('WeldID',$,IFCINTEGER(115367438),$);
#4669= IFCPROPERTYSET('0sYxPPflfD2wdpMUWDSMaO',#5,'AISC_EM11_Pset_Weld','WeldIdentity',(#305,#306,#307,#308,#4668,#310,#311,#312,#313,#314,#315,#316,#317,#318,#319,#320));
#4670= IFCCARTESIANPOINT((61682.01025551,488.912844522507,56771.8273772364));
#4671= IFCAXIS2PLACEMENT3D(#4670,#4040,#4041);
#4672= IFCLOCALPLACEMENT(#4659,#4671);
#4673= IFCSHAPEREPRESENTATION(#12,'Body','Brep',(#4136));
#4674= IFCSHAPEREPRESENTATION(#13,'Axis','GeometricCurveSet',(#4143));
#4675= IFCPRODUCTDEFINITIONSHAPE($,$,(#4673,#4674));
#4676= IFCFASTENER('2zKIvENOb4Pu_5i9Jt5IaW',#44,'Weld',$,$,#4672,#4675,'IDbd512e4e-5d89-4467-8f85-b094f7152920');
#4677= IFCPROPERTYSINGLEVALUE('WeldID',$,IFCINTEGER(115367393),$);
#4678= IFCPROPERTYSET('3_LuZ5kE5CFvDWk7TvlfZd',#5,'AISC_EM11_Pset_Weld','WeldIdentity',(#305,#306,#307,#308,#4677,#310,#311,#312,#313,#314,#315,#316,#317,#318,#319,#320));
#4679= IFCCARTESIANPOINT((61634.183,500.084,56714.998));
#4680= IFCAXIS2PLACEMENT3D(#4679,#8,#9);
#4681= IFCLOCALPLACEMENT(#4659,#4680);
#4682= IFCSHAPEREPRESENTATION(#12,'Body','Brep',(#2237));
#4683= IFCSHAPEREPRESENTATION(#13,'Axis','GeometricCurveSet',(#379,#2241));
#4684= IFCPRODUCTDEFINITIONSHAPE($,$,(#4682,#4683));
#4685= IFCFASTENER('0KCA$I479BYvInoP34PCt_',#44,'Weld',$,$,#4681,#4684,'ID1430afd2-1072-4b8b-94b1-c990c464cdfe');
#4686= IFCPROPERTYSINGLEVALUE('WeldID',$,IFCINTEGER(115367330),$);
#4687= IFCPROPERTYSET('1bjC9w01DClvj6BKK7Vcf$',#5,'AISC_EM11_Pset_Weld','WeldIdentity',(#305,#306,#307,#308,#4686,#387,#311,#312,#388,#314,#389,#390,#317,#318,#319,#320));
#4688= IFCCARTESIANPOINT((61631.1824342488,555.084306230084,56619.9981994629));
#4689= IFCAXIS2PLACEMENT3D(#4688,#9,#4168);
#4690= IFCLOCALPLACEMENT(#4659,#4689);
#4691= IFCSHAPEREPRESENTATION(#12,'Body','SweptSolid',(#399));
#4692= IFCPRODUCTDEFINITIONSHAPE($,$,(#4691));
#4693= IFCDISCRETEACCESSORY('1DQCett$LCzu4w4k8jXWft',#44,'Support section',$,$,#4690,#4692,'1050(?)');
#4694= IFCLOCALPLACEMENT(#4659,#4653);
#4695= IFCSHAPEREPRESENTATION(#12,'Body','MappedRepresentation',(#410,#411,#412));
#4696= IFCPRODUCTDEFINITIONSHAPE($,$,(#4695));
#4697= IFCOPENINGELEMENT('2jH_Hxt1f3kR9tXJt0leMk',#5,$,$,'Opening',#4694,#4696,$);
#4698= IFCRELVOIDSELEMENT('39$G9hxID7bQ6fgWAPcBIL',#5,'Drill Hole',$,#4693,#4697);
#4699= IFCCARTESIANPOINT((61579.1823903221,232.084192409135,56644.9989501104));
#4700= IFCAXIS2PLACEMENT3D(#4699,#432,#4180);
#4701= IFCLOCALPLACEMENT(#4659,#4700);
#4702= IFCSHAPEREPRESENTATION(#12,'Body','Brep',(#675));
#4703= IFCPRODUCTDEFINITIONSHAPE($,$,(#4702));
#4704= IFCDISCRETEACCESSORY('1CTNFn2o59exKZ8tBTwOWo',#44,'Support section',$,$,#4701,#4703,'1497(?)');
#4705= IFCCARTESIANPOINT((61679.1823903246,232.084411208982,56644.9989501104));
#4706= IFCAXIS2PLACEMENT3D(#4705,#432,#4180);
#4707= IFCLOCALPLACEMENT(#4659,#4706);
#4708= IFCSHAPEREPRESENTATION(#12,'Body','Brep',(#675));
#4709= IFCPRODUCTDEFINITIONSHAPE($,$,(#4708));
#4710= IFCDISCRETEACCESSORY('1jxn5LY$n9NOj2NaO4bhpE',#44,'Support section',$,$,#4707,#4709,'1497(?)');
#4711= IFCCARTESIANPOINT((61625.082565624,495.084292883646,56594.9981994629));
#4712= IFCAXIS2PLACEMENT3D(#4711,#9,#4193);
#4713= IFCLOCALPLACEMENT(#4659,#4712);
#4714= IFCSHAPEREPRESENTATION(#12,'Body','SweptSolid',(#695));
#4715= IFCPRODUCTDEFINITIONSHAPE($,$,(#4714));
#4716= IFCCOLUMN('1hyvs9ozr2iw$g5E8rKEXl',#44,'main piece','PL10*200','PL10*200',#4713,#4715,'1496(?)');
#4717= IFCCARTESIANPOINT((57390.0857371497,510.075026710581,56834.9981994629));
#4718= IFCAXIS2PLACEMENT3D(#4717,#4019,#57);
#4719= IFCLOCALPLACEMENT(#1016,#4718);
#4720= IFCSHAPEREPRESENTATION(#12,'Body','MappedRepresentation',(#4522,#4523,#4524));
#4721= IFCSHAPEREPRESENTATION(#12,'Axis','MappedRepresentation',(#101,#102,#103));
#4722= IFCPRODUCTDEFINITIONSHAPE($,$,(#4720,#4721));
#4723= IFCMECHANICALFASTENER('12AhxWrGjCTPSQg4lCG5t8',#44,'Bolt assembly',$,$,#4719,#4722,'ID422abee0-d50b-4c75-971a-a84bcc405dc8',16.,40.);
#4724= IFCLOCALPLACEMENT(#42,#10);
#4725= IFCELEMENTASSEMBLY('0BTRqq2u16XOSgyqESuK$i',#44,$,$,$,#4724,$,'A/193(?)',.NOTDEFINED.,.RIGID_FRAME.);
#4726= IFCCARTESIANPOINT((57347.0134598531,488.903359549672,56771.8273772364));
#4727= IFCAXIS2PLACEMENT3D(#4726,#4040,#4041);
#4728= IFCLOCALPLACEMENT(#4724,#4727);
#4729= IFCSHAPEREPRESENTATION(#12,'Body','Brep',(#4136));
#4730= IFCSHAPEREPRESENTATION(#13,'Axis','GeometricCurveSet',(#4143));
#4731= IFCPRODUCTDEFINITIONSHAPE($,$,(#4729,#4730));
#4732= IFCFASTENER('24MlkoPMX0Dg_F6Ch18S9R',#44,'Weld',$,$,#4728,#4731,'ID845afbb2-6568-4036-af8f-18cac121c25b');
#4733= IFCPROPERTYSINGLEVALUE('WeldID',$,IFCINTEGER(115367047),$);
#4734= IFCPROPERTYSET('3dxM1Qv6jD6RjPHwoW0bVf',#5,'AISC_EM11_Pset_Weld','WeldIdentity',(#305,#306,#307,#308,#4733,#310,#311,#312,#313,#314,#315,#316,#317,#318,#319,#320));
#4735= IFCCARTESIANPOINT((57447.0134598556,488.903578349518,56771.8273772364));
#4736= IFCAXIS2PLACEMENT3D(#4735,#4040,#4041);
#4737= IFCLOCALPLACEMENT(#4724,#4736);
#4738= IFCSHAPEREPRESENTATION(#12,'Body','Brep',(#4136));
#4739= IFCSHAPEREPRESENTATION(#13,'Axis','GeometricCurveSet',(#4143));
#4740= IFCPRODUCTDEFINITIONSHAPE($,$,(#4738,#4739));
#4741= IFCFASTENER('2SqBUY8811fOsHwCqIpQcw',#44,'Weld',$,$,#4737,#4740,'ID9cd0b7a2-2080-41a5-8d91-e8cd12cda9ba');
#4742= IFCPROPERTYSINGLEVALUE('WeldID',$,IFCINTEGER(115367002),$);
#4743= IFCPROPERTYSET('3moJ4TqpXEXOsLNf6d179x',#5,'AISC_EM11_Pset_Weld','WeldIdentity',(#305,#306,#307,#308,#4742,#310,#311,#312,#313,#314,#315,#316,#317,#318,#319,#320));
#4744= IFCCARTESIANPOINT((57399.186,500.075,56714.998));
#4745= IFCAXIS2PLACEMENT3D(#4744,#8,#9);
#4746= IFCLOCALPLACEMENT(#4724,#4745);
#4747= IFCSHAPEREPRESENTATION(#12,'Body','Brep',(#2237));
#4748= IFCSHAPEREPRESENTATION(#13,'Axis','GeometricCurveSet',(#379,#2241));
#4749= IFCPRODUCTDEFINITIONSHAPE($,$,(#4747,#4748));
#4750= IFCFASTENER('2ud56DiMb6Hvp5bp_qxPvZ',#44,'Weld',$,$,#4746,#4749,'IDb89c518d-b169-4647-9cc5-973fb4ed9e63');
#4751= IFCPROPERTYSINGLEVALUE('WeldID',$,IFCINTEGER(115366939),$);
#4752= IFCPROPERTYSET('1TWB$44v9ByB345$Yd3X8r',#5,'AISC_EM11_Pset_Weld','WeldIdentity',(#305,#306,#307,#308,#4751,#387,#311,#312,#388,#314,#389,#390,#317,#318,#319,#320));
#4753= IFCCARTESIANPOINT((57396.1856385945,555.075040057095,56619.9981994629));
#4754= IFCAXIS2PLACEMENT3D(#4753,#9,#4168);
#4755= IFCLOCALPLACEMENT(#4724,#4754);
#4756= IFCSHAPEREPRESENTATION(#12,'Body','SweptSolid',(#399));
#4757= IFCPRODUCTDEFINITIONSHAPE($,$,(#4756));
#4758= IFCDISCRETEACCESSORY('0Nh4flZPf1APZGpANS_Jt4',#44,'Support section',$,$,#4755,#4757,'1050(?)');
#4759= IFCLOCALPLACEMENT(#4724,#4718);
#4760= IFCSHAPEREPRESENTATION(#12,'Body','MappedRepresentation',(#410,#411,#412));
#4761= IFCPRODUCTDEFINITIONSHAPE($,$,(#4760));
#4762= IFCOPENINGELEMENT('1tuDrEnIr4ixFuUJOeZ_3s',#5,$,$,'Opening',#4759,#4761,$);
#4763= IFCRELVOIDSELEMENT('0nM4F4et98Zfpwe1sB7dph',#5,'Drill Hole',$,#4758,#4762);
#4764= IFCCARTESIANPOINT((57344.1855946678,232.074926236146,56644.9989501104));
#4765= IFCAXIS2PLACEMENT3D(#4764,#432,#4180);
#4766= IFCLOCALPLACEMENT(#4724,#4765);
#4767= IFCSHAPEREPRESENTATION(#12,'Body','Brep',(#675));
#4768= IFCPRODUCTDEFINITIONSHAPE($,$,(#4767));
#4769= IFCDISCRETEACCESSORY('1_cvhmJkHCIAy$hxxul$_6',#44,'Support section',$,$,#4766,#4768,'1497(?)');
#4770= IFCCARTESIANPOINT((57444.1855946703,232.075145035993,56644.9989501104));
#4771= IFCAXIS2PLACEMENT3D(#4770,#432,#4180);
#4772= IFCLOCALPLACEMENT(#4724,#4771);
#4773= IFCSHAPEREPRESENTATION(#12,'Body','Brep',(#675));
#4774= IFCPRODUCTDEFINITIONSHAPE($,$,(#4773));
#4775= IFCDISCRETEACCESSORY('1ch5kWL8vEAwjM0PpOZ2gv',#44,'Support section',$,$,#4772,#4774,'1497(?)');
#4776= IFCCARTESIANPOINT((57390.0857699697,495.075026710658,56594.9981994629));
#4777= IFCAXIS2PLACEMENT3D(#4776,#9,#4193);
#4778= IFCLOCALPLACEMENT(#4724,#4777);
#4779= IFCSHAPEREPRESENTATION(#12,'Body','SweptSolid',(#695));
#4780= IFCPRODUCTDEFINITIONSHAPE($,$,(#4779));
#4781= IFCCOLUMN('2VP7MPQtbDDgYFfvXcx4Py',#44,'main piece','PL10*200','PL10*200',#4778,#4780,'1496(?)');
#4782= IFCCARTESIANPOINT((55260.0865763832,510.070366272417,56834.9981994629));
#4783= IFCAXIS2PLACEMENT3D(#4782,#4019,#57);
#4784= IFCLOCALPLACEMENT(#1085,#4783);
#4785= IFCSHAPEREPRESENTATION(#12,'Body','MappedRepresentation',(#4522,#4523,#4524));
#4786= IFCSHAPEREPRESENTATION(#12,'Axis','MappedRepresentation',(#101,#102,#103));
#4787= IFCPRODUCTDEFINITIONSHAPE($,$,(#4785,#4786));
#4788= IFCMECHANICALFASTENER('0mDxTK_$X4_wfTNkVUtR9A',#44,'Bolt assembly',$,$,#4784,#4787,'ID3037b754-fbf8-44fb-aa5d-5ee7deddb24a',16.,40.);
#4789= IFCLOCALPLACEMENT(#42,#10);
#4790= IFCELEMENTASSEMBLY('1gbZxNdTX6hfDSLmqZ1Ds3',#44,$,$,$,#4789,$,'A/193(?)',.NOTDEFINED.,.RIGID_FRAME.);
#4791= IFCCARTESIANPOINT((55217.0142990865,488.898699111508,56771.8273772364));
#4792= IFCAXIS2PLACEMENT3D(#4791,#4040,#4041);
#4793= IFCLOCALPLACEMENT(#4789,#4792);
#4794= IFCSHAPEREPRESENTATION(#12,'Body','Brep',(#4136));
#4795= IFCSHAPEREPRESENTATION(#13,'Axis','GeometricCurveSet',(#4143));
#4796= IFCPRODUCTDEFINITIONSHAPE($,$,(#4794,#4795));
#4797= IFCFASTENER('2FxxhNAw9CJA9pG1nwGgoK',#44,'Weld',$,$,#4793,#4796,'ID8fefbad7-2ba2-4c4c-a273-401c7a42ac94');
#4798= IFCPROPERTYSINGLEVALUE('WeldID',$,IFCINTEGER(115366656),$);
#4799= IFCPROPERTYSET('0xI3U1zK19kO6B15fM$C0C',#5,'AISC_EM11_Pset_Weld','WeldIdentity',(#305,#306,#307,#308,#4798,#310,#311,#312,#313,#314,#315,#316,#317,#318,#319,#320));
#4800= IFCCARTESIANPOINT((55317.014299089,488.898917911354,56771.8273772364));
#4801= IFCAXIS2PLACEMENT3D(#4800,#4040,#4041);
#4802= IFCLOCALPLACEMENT(#4789,#4801);
#4803= IFCSHAPEREPRESENTATION(#12,'Body','Brep',(#4136));
#4804= IFCSHAPEREPRESENTATION(#13,'Axis','GeometricCurveSet',(#4143));
#4805= IFCPRODUCTDEFINITIONSHAPE($,$,(#4803,#4804));
#4806= IFCFASTENER('0j_S9jDJTBKOT8fYJ4_BpS',#44,'Weld',$,$,#4802,#4805,'ID2df9c26d-3537-4b51-8748-a624c4f8bcdc');
#4807= IFCPROPERTYSINGLEVALUE('WeldID',$,IFCINTEGER(115366611),$);
#4808= IFCPROPERTYSET('2FfLxC6rH67RSsBsxKL_1i',#5,'AISC_EM11_Pset_Weld','WeldIdentity',(#305,#306,#307,#308,#4807,#310,#311,#312,#313,#314,#315,#316,#317,#318,#319,#320));
#4809= IFCCARTESIANPOINT((55269.187,500.07,56714.998));
#4810= IFCAXIS2PLACEMENT3D(#4809,#8,#9);
#4811= IFCLOCALPLACEMENT(#4789,#4810);
#4812= IFCSHAPEREPRESENTATION(#12,'Body','Brep',(#2237));
#4813= IFCSHAPEREPRESENTATION(#13,'Axis','GeometricCurveSet',(#379,#2241));
#4814= IFCPRODUCTDEFINITIONSHAPE($,$,(#4812,#4813));
#4815= IFCFASTENER('0cXMU93nb2VvMKveXCoXlK',#44,'Weld',$,$,#4811,#4814,'ID26856789-0f19-427f-9594-e6884cca1bd4');
#4816= IFCPROPERTYSINGLEVALUE('WeldID',$,IFCINTEGER(115366548),$);
#4817= IFCPROPERTYSET('26a6NAbof8WfZ7BlcHBLNe',#5,'AISC_EM11_Pset_Weld','WeldIdentity',(#305,#306,#307,#308,#4816,#387,#311,#312,#388,#314,#389,#390,#317,#318,#319,#320));
#4818= IFCCARTESIANPOINT((55266.1864778279,555.070379618931,56619.9981994629));
#4819= IFCAXIS2PLACEMENT3D(#4818,#9,#4168);
#4820= IFCLOCALPLACEMENT(#4789,#4819);
#4821= IFCSHAPEREPRESENTATION(#12,'Body','SweptSolid',(#399));
#4822= IFCPRODUCTDEFINITIONSHAPE($,$,(#4821));
#4823= IFCDISCRETEACCESSORY('2Ac5n9_oj5hAk1HGJlVwpW',#44,'Support section',$,$,#4820,#4822,'1050(?)');
#4824= IFCLOCALPLACEMENT(#4789,#4783);
#4825= IFCSHAPEREPRESENTATION(#12,'Body','MappedRepresentation',(#410,#411,#412));
#4826= IFCPRODUCTDEFINITIONSHAPE($,$,(#4825));
#4827= IFCOPENINGELEMENT('01W$MQEjr16fVnBtnzk38s',#5,$,$,'Opening',#4824,#4826,$);
#4828= IFCRELVOIDSELEMENT('2vrH70KInFlR50kLMil2f5',#5,'Drill Hole',$,#4823,#4827);
#4829= IFCCARTESIANPOINT((55214.1864339012,232.070265797982,56644.9989501104));
#4830= IFCAXIS2PLACEMENT3D(#4829,#432,#4180);
#4831= IFCLOCALPLACEMENT(#4789,#4830);
#4832= IFCSHAPEREPRESENTATION(#12,'Body','Brep',(#675));
#4833= IFCPRODUCTDEFINITIONSHAPE($,$,(#4832));
#4834= IFCDISCRETEACCESSORY('0G_QltHBz1mRvt4aC7a50i',#44,'Support section',$,$,#4831,#4833,'1497(?)');
#4835= IFCCARTESIANPOINT((55314.1864339037,232.070484597829,56644.9989501104));
#4836= IFCAXIS2PLACEMENT3D(#4835,#432,#4180);
#4837= IFCLOCALPLACEMENT(#4789,#4836);
#4838= IFCSHAPEREPRESENTATION(#12,'Body','Brep',(#675));
#4839= IFCPRODUCTDEFINITIONSHAPE($,$,(#4838));
#4840= IFCDISCRETEACCESSORY('2qiXEuRn9AVAArwigMneiE',#44,'Support section',$,$,#4837,#4839,'1497(?)');
#4841= IFCCARTESIANPOINT((55260.0866092031,495.070366272494,56594.9981994629));
#4842= IFCAXIS2PLACEMENT3D(#4841,#9,#4193);
#4843= IFCLOCALPLACEMENT(#4789,#4842);
#4844= IFCSHAPEREPRESENTATION(#12,'Body','SweptSolid',(#695));
#4845= IFCPRODUCTDEFINITIONSHAPE($,$,(#4844));
#4846= IFCCOLUMN('1et22a95LAuQN6Wrteulj$',#44,'main piece','PL10*200','PL10*200',#4843,#4845,'1496(?)');
#4847= IFCCARTESIANPOINT((53130.0855082679,510.06570583008,56834.9981994629));
#4848= IFCAXIS2PLACEMENT3D(#4847,#4019,#57);
#4849= IFCLOCALPLACEMENT(#1452,#4848);
#4850= IFCSHAPEREPRESENTATION(#12,'Body','MappedRepresentation',(#4522,#4523,#4524));
#4851= IFCSHAPEREPRESENTATION(#12,'Axis','MappedRepresentation',(#101,#102,#103));
#4852= IFCPRODUCTDEFINITIONSHAPE($,$,(#4850,#4851));
#4853= IFCMECHANICALFASTENER('1X0atN7qv2dQj$4H0Ubtvl',#44,'Bolt assembly',$,$,#4849,#4852,'ID61024dd7-1f4e-429d-ab7f-11101e977e6f',16.,40.);
#4854= IFCLOCALPLACEMENT(#42,#10);
#4855= IFCELEMENTASSEMBLY('321TDivd99WgSRlMm4RkjS',#44,$,$,$,#4854,$,'A/193(?)',.NOTDEFINED.,.RIGID_FRAME.);
#4856= IFCCARTESIANPOINT((53087.0132309713,488.894038669171,56771.8273772364));
#4857= IFCAXIS2PLACEMENT3D(#4856,#4040,#4041);
#4858= IFCLOCALPLACEMENT(#4854,#4857);
#4859= IFCSHAPEREPRESENTATION(#12,'Body','Brep',(#4136));
#4860= IFCSHAPEREPRESENTATION(#13,'Axis','GeometricCurveSet',(#4143));
#4861= IFCPRODUCTDEFINITIONSHAPE($,$,(#4859,#4860));
#4862= IFCFASTENER('1ITm6ZNDX6He5$OooM5gPi',#44,'Weld',$,$,#4858,#4861,'ID527701a3-5cd8-4646-817f-632c9616a66c');
#4863= IFCPROPERTYSINGLEVALUE('WeldID',$,IFCINTEGER(115366261),$);
#4864= IFCPROPERTYSET('3TGHnfeb12gR1WlQ56hYls',#5,'AISC_EM11_Pset_Weld','WeldIdentity',(#305,#306,#307,#308,#4863,#310,#311,#312,#313,#314,#315,#316,#317,#318,#319,#320));
#4865= IFCCARTESIANPOINT((53187.0132309738,488.894257469017,56771.8273772364));
#4866= IFCAXIS2PLACEMENT3D(#4865,#4040,#4041);
#4867= IFCLOCALPLACEMENT(#4854,#4866);
#4868= IFCSHAPEREPRESENTATION(#12,'Body','Brep',(#4136));
#4869= IFCSHAPEREPRESENTATION(#13,'Axis','GeometricCurveSet',(#4143));
#4870= IFCPRODUCTDEFINITIONSHAPE($,$,(#4868,#4869));
#4871= IFCFASTENER('1umVxBfxv14R2P00jSXjWJ',#44,'Weld',$,$,#4867,#4870,'ID78c1fecb-a7be-4111-b099-000b5c86d813');
#4872= IFCPROPERTYSINGLEVALUE('WeldID',$,IFCINTEGER(115366216),$);
#4873= IFCPROPERTYSET('20XqViFE19F91cMOt4mK8U',#5,'AISC_EM11_Pset_Weld','WeldIdentity',(#305,#306,#307,#308,#4872,#310,#311,#312,#313,#314,#315,#316,#317,#318,#319,#320));
#4874= IFCCARTESIANPOINT((53139.186,500.066,56714.998));
#4875= IFCAXIS2PLACEMENT3D(#4874,#8,#9);
#4876= IFCLOCALPLACEMENT(#4854,#4875);
#4877= IFCSHAPEREPRESENTATION(#12,'Body','Brep',(#2237));
#4878= IFCSHAPEREPRESENTATION(#13,'Axis','GeometricCurveSet',(#379,#2241));
#4879= IFCPRODUCTDEFINITIONSHAPE($,$,(#4877,#4878));
#4880= IFCFASTENER('31FjXZvLjFFvdWLqKVgOHX',#44,'Weld',$,$,#4876,#4879,'IDc13ed863-e55b-4f3f-99e0-57451fa98461');
#4881= IFCPROPERTYSINGLEVALUE('WeldID',$,IFCINTEGER(115366153),$);
#4882= IFCPROPERTYSET('2tkXbx8Nr66fubyJcqCwm7',#5,'AISC_EM11_Pset_Weld','WeldIdentity',(#305,#306,#307,#308,#4881,#387,#311,#312,#388,#314,#389,#390,#317,#318,#319,#320));
#4883= IFCCARTESIANPOINT((53136.1854097126,555.065719176594,56619.9981994629));
#4884= IFCAXIS2PLACEMENT3D(#4883,#9,#4168);
#4885= IFCLOCALPLACEMENT(#4854,#4884);
#4886= IFCSHAPEREPRESENTATION(#12,'Body','SweptSolid',(#399));
#4887= IFCPRODUCTDEFINITIONSHAPE($,$,(#4886));
#4888= IFCDISCRETEACCESSORY('00MYofqc16bfWKATmVHQ5U',#44,'Support section',$,$,#4885,#4887,'1050(?)');
#4889= IFCLOCALPLACEMENT(#4854,#4848);
#4890= IFCSHAPEREPRESENTATION(#12,'Body','MappedRepresentation',(#410,#411,#412));
#4891= IFCPRODUCTDEFINITIONSHAPE($,$,(#4890));
#4892= IFCOPENINGELEMENT('0KJRu$Xzn8dwW9X3VGi7co',#5,$,$,'Opening',#4889,#4891,$);
#4893= IFCRELVOIDSELEMENT('3a_2ZMvnr8$gKoUraAaE_R',#5,'Drill Hole',$,#4888,#4892);
#4894= IFCCARTESIANPOINT((53084.185365786,232.065605355645,56644.9989501104));
#4895= IFCAXIS2PLACEMENT3D(#4894,#432,#4180);
#4896= IFCLOCALPLACEMENT(#4854,#4895);
#4897= IFCSHAPEREPRESENTATION(#12,'Body','Brep',(#675));
#4898= IFCPRODUCTDEFINITIONSHAPE($,$,(#4897));
#4899= IFCDISCRETEACCESSORY('2lKnNnWuL4Svp37UqkIEp6',#44,'Support section',$,$,#4896,#4898,'1497(?)');
#4900= IFCCARTESIANPOINT((53184.1853657885,232.065824155492,56644.9989501104));
#4901= IFCAXIS2PLACEMENT3D(#4900,#432,#4180);
#4902= IFCLOCALPLACEMENT(#4854,#4901);
#4903= IFCSHAPEREPRESENTATION(#12,'Body','Brep',(#675));
#4904= IFCPRODUCTDEFINITIONSHAPE($,$,(#4903));
#4905= IFCDISCRETEACCESSORY('2DEcXcq8vD$QjdHiKP8$9F',#44,'Support section',$,$,#4902,#4904,'1497(?)');
#4906= IFCCARTESIANPOINT((53130.0855410878,495.065705830157,56594.9981994629));
#4907= IFCAXIS2PLACEMENT3D(#4906,#9,#4193);
#4908= IFCLOCALPLACEMENT(#4854,#4907);
#4909= IFCSHAPEREPRESENTATION(#12,'Body','SweptSolid',(#695));
#4910= IFCPRODUCTDEFINITIONSHAPE($,$,(#4909));
#4911= IFCCOLUMN('0FUidfe1jF2fZL6ikA7THy',#44,'main piece','PL10*200','PL10*200',#4908,#4910,'1496(?)');
#4912= IFCCARTESIANPOINT((40375.0863475013,510.037797891916,56834.9981994629));
#4913= IFCAXIS2PLACEMENT3D(#4912,#4019,#57);
#4914= IFCLOCALPLACEMENT(#1536,#4913);
#4915= IFCSHAPEREPRESENTATION(#12,'Body','MappedRepresentation',(#4522,#4523,#4524));
#4916= IFCSHAPEREPRESENTATION(#12,'Axis','MappedRepresentation',(#101,#102,#103));
#4917= IFCPRODUCTDEFINITIONSHAPE($,$,(#4915,#4916));
#4918= IFCMECHANICALFASTENER('116V2fOXXCwhwb1nbBt$xG',#44,'Bolt assembly',$,$,#4914,#4917,'ID4119f0a9-6218-4cea-bea5-07194bdffed0',16.,40.);
#4919= IFCLOCALPLACEMENT(#42,#10);
#4920= IFCELEMENTASSEMBLY('1QL5YFVrL6U9KKmPoWgOvf',#44,$,$,$,#4919,$,'A/193(?)',.NOTDEFINED.,.RIGID_FRAME.);
#4921= IFCCARTESIANPOINT((40332.0140702047,488.866130731007,56771.8273772365));
#4922= IFCAXIS2PLACEMENT3D(#4921,#4040,#4041);
#4923= IFCLOCALPLACEMENT(#4919,#4922);
#4924= IFCSHAPEREPRESENTATION(#12,'Body','Brep',(#4136));
#4925= IFCSHAPEREPRESENTATION(#13,'Axis','GeometricCurveSet',(#4143));
#4926= IFCPRODUCTDEFINITIONSHAPE($,$,(#4924,#4925));
#4927= IFCFASTENER('19Rc8oCin1EgxPh1ZIBC0F',#44,'Weld',$,$,#4923,#4926,'ID496e6232-32cc-413a-aed9-ac18d22cc00f');
#4928= IFCPROPERTYSINGLEVALUE('WeldID',$,IFCINTEGER(115365870),$);
#4929= IFCPROPERTYSET('2y7CQuCffEFe1p6TjYfxfC',#5,'AISC_EM11_Pset_Weld','WeldIdentity',(#305,#306,#307,#308,#4928,#310,#311,#312,#313,#314,#315,#316,#317,#318,#319,#320));
#4930= IFCCARTESIANPOINT((40432.0140702072,488.866349530853,56771.8273772364));
#4931= IFCAXIS2PLACEMENT3D(#4930,#4040,#4041);
#4932= IFCLOCALPLACEMENT(#4919,#4931);
#4933= IFCSHAPEREPRESENTATION(#12,'Body','Brep',(#4136));
#4934= IFCSHAPEREPRESENTATION(#13,'Axis','GeometricCurveSet',(#4143));
#4935= IFCPRODUCTDEFINITIONSHAPE($,$,(#4933,#4934));
#4936= IFCFASTENER('0AvUNy8HL0OvGppn6vEgtI',#44,'Weld',$,$,#4932,#4935,'ID0ae5e5fc-2115-4063-9433-cf11b93aadd2');
#4937= IFCPROPERTYSINGLEVALUE('WeldID',$,IFCINTEGER(115365825),$);
#4938= IFCPROPERTYSET('3rE5q$hfX1DAvapnuZHcaD',#5,'AISC_EM11_Pset_Weld','WeldIdentity',(#305,#306,#307,#308,#4937,#310,#311,#312,#313,#314,#315,#316,#317,#318,#319,#320));
#4939= IFCCARTESIANPOINT((40384.186,500.038,56714.998));
#4940= IFCAXIS2PLACEMENT3D(#4939,#8,#9);
#4941= IFCLOCALPLACEMENT(#4919,#4940);
#4942= IFCSHAPEREPRESENTATION(#12,'Body','Brep',(#2237));
#4943= IFCSHAPEREPRESENTATION(#13,'Axis','GeometricCurveSet',(#379,#2241));
#4944= IFCPRODUCTDEFINITIONSHAPE($,$,(#4942,#4943));
#4945= IFCFASTENER('3gnQyx_pH6_OeoZN9nNDwq',#44,'Weld',$,$,#4941,#4944,'IDeac5af3b-fb34-46f9-8a32-8d72715cdeb4');
#4946= IFCPROPERTYSINGLEVALUE('WeldID',$,IFCINTEGER(115365762),$);
#4947= IFCPROPERTYSET('0ExQyeVHr89hqRFBQdLB6Y',#5,'AISC_EM11_Pset_Weld','WeldIdentity',(#305,#306,#307,#308,#4946,#387,#311,#312,#388,#314,#389,#390,#317,#318,#319,#320));
#4948= IFCCARTESIANPOINT((40381.1862489461,555.03781123843,56619.9981994629));
#4949= IFCAXIS2PLACEMENT3D(#4948,#9,#4168);
#4950= IFCLOCALPLACEMENT(#4919,#4949);
#4951= IFCSHAPEREPRESENTATION(#12,'Body','SweptSolid',(#399));
#4952= IFCPRODUCTDEFINITIONSHAPE($,$,(#4951));
#4953= IFCDISCRETEACCESSORY('1nIfEDSVH4_A2t_m5$3_fS',#44,'Support section',$,$,#4950,#4952,'1050(?)');
#4954= IFCLOCALPLACEMENT(#4919,#4913);
#4955= IFCSHAPEREPRESENTATION(#12,'Body','MappedRepresentation',(#410,#411,#412));
#4956= IFCPRODUCTDEFINITIONSHAPE($,$,(#4955));
#4957= IFCOPENINGELEMENT('1pohUkSSX0xOJ9quYiTgdQ',#5,$,$,'Opening',#4954,#4956,$);
#4958= IFCRELVOIDSELEMENT('2$pLKuiv53xgk2f1lMJAGX',#5,'Drill Hole',$,#4953,#4957);
#4959= IFCCARTESIANPOINT((40329.1862050194,232.037697417481,56644.9989501104));
#4960= IFCAXIS2PLACEMENT3D(#4959,#432,#4180);
#4961= IFCLOCALPLACEMENT(#4919,#4960);
#4962= IFCSHAPEREPRESENTATION(#12,'Body','Brep',(#675));
#4963= IFCPRODUCTDEFINITIONSHAPE($,$,(#4962));
#4964= IFCDISCRETEACCESSORY('2cOpYudp1Cf9FKWOxDj4cM',#44,'Support section',$,$,#4961,#4963,'1497(?)');
#4965= IFCCARTESIANPOINT((40429.1862050219,232.037916217328,56644.9989501104));
#4966= IFCAXIS2PLACEMENT3D(#4965,#432,#4180);
#4967= IFCLOCALPLACEMENT(#4919,#4966);
#4968= IFCSHAPEREPRESENTATION(#12,'Body','Brep',(#675));
#4969= IFCPRODUCTDEFINITIONSHAPE($,$,(#4968));
#4970= IFCDISCRETEACCESSORY('33UmZ9DurFi8_L3RLP6uxZ',#44,'Support section',$,$,#4967,#4969,'1497(?)');
#4971= IFCCARTESIANPOINT((40375.0863803212,495.037797891992,56594.9981994629));
#4972= IFCAXIS2PLACEMENT3D(#4971,#9,#4193);
#4973= IFCLOCALPLACEMENT(#4919,#4972);
#4974= IFCSHAPEREPRESENTATION(#12,'Body','SweptSolid',(#695));
#4975= IFCPRODUCTDEFINITIONSHAPE($,$,(#4974));
#4976= IFCCOLUMN('2VkPaxbP55CB42ZLwUcW$8',#44,'main piece','PL10*200','PL10*200',#4973,#4975,'1496(?)');
#4977= IFCCARTESIANPOINT((38250.0863475013,510.033148391916,56834.9981994629));
#4978= IFCAXIS2PLACEMENT3D(#4977,#4019,#57);
#4979= IFCLOCALPLACEMENT(#1844,#4978);
#4980= IFCSHAPEREPRESENTATION(#12,'Body','MappedRepresentation',(#4522,#4523,#4524));
#4981= IFCSHAPEREPRESENTATION(#12,'Axis','MappedRepresentation',(#101,#102,#103));
#4982= IFCPRODUCTDEFINITIONSHAPE($,$,(#4980,#4981));
#4983= IFCMECHANICALFASTENER('1zfTLbodn9w9rGWv_ZOfWs',#44,'Bolt assembly',$,$,#4979,#4982,'ID7da5d565-ca7c-49e8-9d50-839fa3629836',16.,40.);
#4984= IFCLOCALPLACEMENT(#42,#10);
#4985= IFCELEMENTASSEMBLY('0GbvA8kGb21vjR7h4D0fVZ',#44,$,$,$,#4984,$,'A/193(?)',.NOTDEFINED.,.RIGID_FRAME.);
#4986= IFCCARTESIANPOINT((38207.0140702047,488.861481231007,56771.8273772364));
#4987= IFCAXIS2PLACEMENT3D(#4986,#4040,#4041);
#4988= IFCLOCALPLACEMENT(#4984,#4987);
#4989= IFCSHAPEREPRESENTATION(#12,'Body','Brep',(#4136));
#4990= IFCSHAPEREPRESENTATION(#13,'Axis','GeometricCurveSet',(#4143));
#4991= IFCPRODUCTDEFINITIONSHAPE($,$,(#4989,#4990));
#4992= IFCFASTENER('24G7UJ0yDBfA5RkyuwQWsZ',#44,'Weld',$,$,#4988,#4991,'ID84407793-03c3-4ba4-a15b-bbce3a6a0da3');
#4993= IFCPROPERTYSINGLEVALUE('WeldID',$,IFCINTEGER(115365475),$);
#4994= IFCPROPERTYSET('25cF4muKb9_fCzstYatqWf',#5,'AISC_EM11_Pset_Weld','WeldIdentity',(#305,#306,#307,#308,#4993,#310,#311,#312,#313,#314,#315,#316,#317,#318,#319,#320));
#4995= IFCCARTESIANPOINT((38307.0140702072,488.861700030868,56771.8273772365));
#4996= IFCAXIS2PLACEMENT3D(#4995,#4040,#4041);
#4997= IFCLOCALPLACEMENT(#4984,#4996);
#4998= IFCSHAPEREPRESENTATION(#12,'Body','Brep',(#4136));
#4999= IFCSHAPEREPRESENTATION(#13,'Axis','GeometricCurveSet',(#4143));
#5000= IFCPRODUCTDEFINITIONSHAPE($,$,(#4998,#4999));
#5001= IFCFASTENER('1SozIeW9542fePayjeMkyF',#44,'Weld',$,$,#4997,#5000,'ID5ccbd4a8-8091-440a-9a19-93cb685aef0f');
#5002= IFCPROPERTYSINGLEVALUE('WeldID',$,IFCINTEGER(115365430),$);
#5003= IFCPROPERTYSET('0pvnU4p6r6DBpALfZ$TlPH',#5,'AISC_EM11_Pset_Weld','WeldIdentity',(#305,#306,#307,#308,#5002,#310,#311,#312,#313,#314,#315,#316,#317,#318,#319,#320));
#5004= IFCCARTESIANPOINT((38259.186,500.033,56714.998));
#5005= IFCAXIS2PLACEMENT3D(#5004,#8,#9);
#5006= IFCLOCALPLACEMENT(#4984,#5005);
#5007= IFCSHAPEREPRESENTATION(#12,'Body','Brep',(#2237));
#5008= IFCSHAPEREPRESENTATION(#13,'Axis','GeometricCurveSet',(#379,#2241));
#5009= IFCPRODUCTDEFINITIONSHAPE($,$,(#5007,#5008));
#5010= IFCFASTENER('1G1JRAG7f0$Qu6VK$SxhTM',#44,'Weld',$,$,#5006,#5009,'ID500536ca-407a-40fd-ae06-7d4fdceeb756');
#5011= IFCPROPERTYSINGLEVALUE('WeldID',$,IFCINTEGER(115365367),$);
#5012= IFCPROPERTYSET('3jaKSZWAT5cwYdbQ04sdfS',#5,'AISC_EM11_Pset_Weld','WeldIdentity',(#305,#306,#307,#308,#5011,#387,#311,#312,#388,#314,#389,#390,#317,#318,#319,#320));
#5013= IFCCARTESIANPOINT((38256.1862489461,555.03316173843,56619.9981994629));
#5014= IFCAXIS2PLACEMENT3D(#5013,#9,#4168);
#5015= IFCLOCALPLACEMENT(#4984,#5014);
#5016= IFCSHAPEREPRESENTATION(#12,'Body','SweptSolid',(#399));
#5017= IFCPRODUCTDEFINITIONSHAPE($,$,(#5016));
#5018= IFCDISCRETEACCESSORY('3gkuCtXv9DlBvN1hhXuF8k',#44,'Support section',$,$,#5015,#5017,'1050(?)');
#5019= IFCLOCALPLACEMENT(#4984,#4978);
#5020= IFCSHAPEREPRESENTATION(#12,'Body','MappedRepresentation',(#410,#411,#412));
#5021= IFCPRODUCTDEFINITIONSHAPE($,$,(#5020));
#5022= IFCOPENINGELEMENT('1rPU_ZWjj3$AgLo7fA1C0t',#5,$,$,'Opening',#5019,#5021,$);
#5023= IFCRELVOIDSELEMENT('38RWgfVK18Z8Rjp5hdCx4V',#5,'Drill Hole',$,#5018,#5022);
#5024= IFCCARTESIANPOINT((38204.1862050194,232.033047917481,56644.9989501104));
#5025= IFCAXIS2PLACEMENT3D(#5024,#432,#4180);
#5026= IFCLOCALPLACEMENT(#4984,#5025);
#5027= IFCSHAPEREPRESENTATION(#12,'Body','Brep',(#675));
#5028= IFCPRODUCTDEFINITIONSHAPE($,$,(#5027));
#5029= IFCDISCRETEACCESSORY('0l15a$7IX5RBgdiAkQvklI',#44,'Support section',$,$,#5026,#5028,'1497(?)');
#5030= IFCCARTESIANPOINT((38304.1862050219,232.033266717328,56644.9989501104));
#5031= IFCAXIS2PLACEMENT3D(#5030,#432,#4180);
#5032= IFCLOCALPLACEMENT(#4984,#5031);
#5033= IFCSHAPEREPRESENTATION(#12,'Body','Brep',(#675));
#5034= IFCPRODUCTDEFINITIONSHAPE($,$,(#5033));
#5035= IFCDISCRETEACCESSORY('1JJEzCXJD6qelwePmikRZt',#44,'Support section',$,$,#5032,#5034,'1497(?)');
#5036= IFCCARTESIANPOINT((38250.0863803212,495.033148391993,56594.9981994629));
#5037= IFCAXIS2PLACEMENT3D(#5036,#9,#4193);
#5038= IFCLOCALPLACEMENT(#4984,#5037);
#5039= IFCSHAPEREPRESENTATION(#12,'Body','SweptSolid',(#695));
#5040= IFCPRODUCTDEFINITIONSHAPE($,$,(#5039));
#5041= IFCCOLUMN('1RfJENW6X2peUKqzGg9RRW',#44,'main piece','PL10*200','PL10*200',#5038,#5040,'1496(?)');
#5042= IFCCARTESIANPOINT((36135.3059214759,510.028521252344,56834.9981994629));
#5043= IFCAXIS2PLACEMENT3D(#5042,#4019,#57);
#5044= IFCLOCALPLACEMENT(#1913,#5043);
#5045= IFCSHAPEREPRESENTATION(#12,'Body','MappedRepresentation',(#4522,#4523,#4524));
#5046= IFCSHAPEREPRESENTATION(#12,'Axis','MappedRepresentation',(#101,#102,#103));
#5047= IFCPRODUCTDEFINITIONSHAPE($,$,(#5045,#5046));
#5048= IFCMECHANICALFASTENER('0eOg8Qtpj75xEwF_CF$BS9',#44,'Bolt assembly',$,$,#5044,#5047,'ID2862a21a-df3b-4717-b3ba-3fe30ffcb709',16.,40.);
#5049= IFCLOCALPLACEMENT(#42,#10);
#5050= IFCELEMENTASSEMBLY('0FDj2UORbCy8qiYSXrvW48',#44,$,$,$,#5049,$,'A/193(?)',.NOTDEFINED.,.RIGID_FRAME.);
#5051= IFCCARTESIANPOINT((36092.2336441793,488.856854091434,56771.8273772364));
#5052= IFCAXIS2PLACEMENT3D(#5051,#4040,#4041);
#5053= IFCLOCALPLACEMENT(#5049,#5052);
#5054= IFCSHAPEREPRESENTATION(#12,'Body','Brep',(#4136));
#5055= IFCSHAPEREPRESENTATION(#13,'Axis','GeometricCurveSet',(#4143));
#5056= IFCPRODUCTDEFINITIONSHAPE($,$,(#5054,#5055));
#5057= IFCFASTENER('06jl7vEZ5ChedpPThTCZBv',#44,'Weld',$,$,#5053,#5056,'ID06b6f1f9-3a31-4cae-89f3-65dadd3232f9');
#5058= IFCPROPERTYSINGLEVALUE('WeldID',$,IFCINTEGER(115365084),$);
#5059= IFCPROPERTYSET('3f4hxrm$D6ZvdrGDNgOJN7',#5,'AISC_EM11_Pset_Weld','WeldIdentity',(#305,#306,#307,#308,#5058,#310,#311,#312,#313,#314,#315,#316,#317,#318,#319,#320));
#5060= IFCCARTESIANPOINT((36192.2336441818,488.857072891281,56771.8273772364));
#5061= IFCAXIS2PLACEMENT3D(#5060,#4040,#4041);
#5062= IFCLOCALPLACEMENT(#5049,#5061);
#5063= IFCSHAPEREPRESENTATION(#12,'Body','Brep',(#4136));
#5064= IFCSHAPEREPRESENTATION(#13,'Axis','GeometricCurveSet',(#4143));
#5065= IFCPRODUCTDEFINITIONSHAPE($,$,(#5063,#5064));
#5066= IFCFASTENER('28S8eVJcf0JO0WtkVmV3Rb',#44,'Weld',$,$,#5062,#5065,'ID88708a1f-4e6a-404d-8020-dee7f07c36e5');
#5067= IFCPROPERTYSINGLEVALUE('WeldID',$,IFCINTEGER(115365039),$);
#5068= IFCPROPERTYSET('3HgwN6KNfCIOrWqWezdr9k',#5,'AISC_EM11_Pset_Weld','WeldIdentity',(#305,#306,#307,#308,#5067,#310,#311,#312,#313,#314,#315,#316,#317,#318,#319,#320));
#5069= IFCCARTESIANPOINT((36144.406,500.029,56714.998));
#5070= IFCAXIS2PLACEMENT3D(#5069,#8,#9);
#5071= IFCLOCALPLACEMENT(#5049,#5070);
#5072= IFCSHAPEREPRESENTATION(#12,'Body','Brep',(#2237));
#5073= IFCSHAPEREPRESENTATION(#13,'Axis','GeometricCurveSet',(#379,#2241));
#5074= IFCPRODUCTDEFINITIONSHAPE($,$,(#5072,#5073));
#5075= IFCFASTENER('0cA1$m69b8A9lJF4_m8tH7',#44,'Weld',$,$,#5071,#5074,'ID26281ff0-1899-4828-9bd3-3c4fb0237447');
#5076= IFCPROPERTYSINGLEVALUE('WeldID',$,IFCINTEGER(115364976),$);
#5077= IFCPROPERTYSET('01iA27XHn7zfF6VvLUYS80',#5,'AISC_EM11_Pset_Weld','WeldIdentity',(#305,#306,#307,#308,#5076,#387,#311,#312,#388,#314,#389,#390,#317,#318,#319,#320));
#5078= IFCCARTESIANPOINT((36141.4058229207,555.028534598857,56619.9981994629));
#5079= IFCAXIS2PLACEMENT3D(#5078,#9,#4168);
#5080= IFCLOCALPLACEMENT(#5049,#5079);
#5081= IFCSHAPEREPRESENTATION(#12,'Body','SweptSolid',(#399));
#5082= IFCPRODUCTDEFINITIONSHAPE($,$,(#5081));
#5083= IFCDISCRETEACCESSORY('0qsAhuCxz9F9TdmlNrkScK',#44,'Support section',$,$,#5080,#5082,'1050(?)');
#5084= IFCLOCALPLACEMENT(#5049,#5043);
#5085= IFCSHAPEREPRESENTATION(#12,'Body','MappedRepresentation',(#410,#411,#412));
#5086= IFCPRODUCTDEFINITIONSHAPE($,$,(#5085));
#5087= IFCOPENINGELEMENT('24U4pcnsHFPfc0D3jJUnKR',#5,$,$,'Opening',#5084,#5086,$);
#5088= IFCRELVOIDSELEMENT('0CBXcz9B92cAPy3vGBkRrE',#5,'Drill Hole',$,#5083,#5087);
#5089= IFCCARTESIANPOINT((36089.405778994,232.028420777909,56644.9989501104));
#5090= IFCAXIS2PLACEMENT3D(#5089,#432,#4180);
#5091= IFCLOCALPLACEMENT(#5049,#5090);
#5092= IFCSHAPEREPRESENTATION(#12,'Body','Brep',(#675));
#5093= IFCPRODUCTDEFINITIONSHAPE($,$,(#5092));
#5094= IFCDISCRETEACCESSORY('0cPPf9yzL2DwRF5Xy9EE5G',#44,'Support section',$,$,#5091,#5093,'1497(?)');
#5095= IFCCARTESIANPOINT((36189.4057789965,232.028639577755,56644.9989501104));
#5096= IFCAXIS2PLACEMENT3D(#5095,#432,#4180);
#5097= IFCLOCALPLACEMENT(#5049,#5096);
#5098= IFCSHAPEREPRESENTATION(#12,'Body','Brep',(#675));
#5099= IFCPRODUCTDEFINITIONSHAPE($,$,(#5098));
#5100= IFCDISCRETEACCESSORY('3od$9x4pv9rxBKuvsEpPjZ',#44,'Support section',$,$,#5097,#5099,'1497(?)');
#5101= IFCCARTESIANPOINT((36135.3059542959,495.02852125242,56594.9981994629));
#5102= IFCAXIS2PLACEMENT3D(#5101,#9,#4193);
#5103= IFCLOCALPLACEMENT(#5049,#5102);
#5104= IFCSHAPEREPRESENTATION(#12,'Body','SweptSolid',(#695));
#5105= IFCPRODUCTDEFINITIONSHAPE($,$,(#5104));
#5106= IFCCOLUMN('0oCDcEc55FtvkNxYEGOdjq',#44,'main piece','PL10*200','PL10*200',#5103,#5105,'1496(?)');
#5107= IFCLOCALPLACEMENT(#42,#10);
#5108= IFCELEMENTASSEMBLY('3bMpV3E_n5DBppDbnp5OXA',#44,'BEAM',$,$,#5107,$,'B/670(?)',.NOTDEFINED.,.RIGID_FRAME.);
#5109= IFCPROPERTYSINGLEVALUE('AssemblyMark',$,IFCIDENTIFIER('B/670(?)'),$);
#5110= IFCPROPERTYSET('2Mph_1THD90Qt0jT4F7DeD',#5,'AISC_EM11_Pset_AssemblyIdentification','AssemblyIdentity',(#5109,#52,#53));
#5111= IFCCARTESIANPOINT((67490.0000000021,21287.6911607449,56834.9981994629));
#5112= IFCAXIS2PLACEMENT3D(#5111,#4320,#57);
#5113= IFCLOCALPLACEMENT(#5107,#5112);
#5114= IFCCARTESIANPOINT((0.,3.30097266755971,0.));
#5115= IFCAXIS2PLACEMENT3D(#5114,#8,#7);
#5116= IFCEXTRUDEDAREASOLID(#78,#5115,#9,8.);
#5117= IFCCARTESIANPOINT((0.,11.3009726675597,0.));
#5118= IFCAXIS2PLACEMENT3D(#5117,#8,#7);
#5119= IFCEXTRUDEDAREASOLID(#67,#5118,#9,13.);
#5120= IFCSHAPEREPRESENTATION(#12,'Body','SweptSolid',(#70,#77,#5116,#5119));
#5121= IFCREPRESENTATIONMAP(#10,#5120);
#5122= IFCMAPPEDITEM(#5121,#86);
#5123= IFCMAPPEDITEM(#5121,#91);
#5124= IFCMAPPEDITEM(#5121,#94);
#5125= IFCSHAPEREPRESENTATION(#12,'Body','MappedRepresentation',(#5122,#5123,#5124));
#5126= IFCSHAPEREPRESENTATION(#12,'Axis','MappedRepresentation',(#101,#102,#103));
#5127= IFCPRODUCTDEFINITIONSHAPE($,$,(#5125,#5126));
#5128= IFCMECHANICALFASTENER('0IJIXy8AD3h8Doid7YSbGy',#44,'Bolt assembly',$,$,#5113,#5127,'ID124d287c-20a3-43ac-8372-b271e272543c',16.,40.);
#5129= IFCLOCALPLACEMENT(#42,#10);
#5130= IFCELEMENTASSEMBLY('0lPvFjbKb4ewVyes0ZAgTs',#44,$,$,$,#5129,$,'A/193(?)',.NOTDEFINED.,.RIGID_FRAME.);
#5131= IFCCARTESIANPOINT((67511.1715729195,21244.6188371278,56771.8273772359));
#5132= IFCAXIS2PLACEMENT3D(#5131,#4452,#4453);
#5133= IFCLOCALPLACEMENT(#5129,#5132);
#5134= IFCSHAPEREPRESENTATION(#12,'Body','Brep',(#2168));
#5135= IFCSHAPEREPRESENTATION(#13,'Axis','GeometricCurveSet',(#2178));
#5136= IFCPRODUCTDEFINITIONSHAPE($,$,(#5134,#5135));
#5137= IFCFASTENER('1b3YzKcR12xBD_B1rOMg6A',#44,'Weld',$,$,#5133,#5136,'ID650e2f54-99b0-42ec-b37e-2c1d585aa18a');
#5138= IFCPROPERTYSINGLEVALUE('WeldID',$,IFCINTEGER(115358813),$);
#5139= IFCPROPERTYSET('3bu1aAkbLC3estjZeyjCZC',#5,'AISC_EM11_Pset_Weld','WeldIdentity',(#305,#306,#307,#308,#5138,#310,#311,#312,#313,#314,#315,#316,#317,#318,#319,#320));
#5140= IFCCARTESIANPOINT((67511.1715729206,21344.6188371289,56771.8273772359));
#5141= IFCAXIS2PLACEMENT3D(#5140,#4452,#4453);
#5142= IFCLOCALPLACEMENT(#5129,#5141);
#5143= IFCSHAPEREPRESENTATION(#12,'Body','Brep',(#2168));
#5144= IFCSHAPEREPRESENTATION(#13,'Axis','GeometricCurveSet',(#2178));
#5145= IFCPRODUCTDEFINITIONSHAPE($,$,(#5143,#5144));
#5146= IFCFASTENER('0XeDu7SOX0wvx6s7lTCu5R',#44,'Weld',$,$,#5142,#5145,'ID21a0de07-7188-40eb-9ec6-d87bdd33815b');
#5147= IFCPROPERTYSINGLEVALUE('WeldID',$,IFCINTEGER(115358768),$);
#5148= IFCPROPERTYSET('12xr9BzBrCPhXLQLX9Ue2m',#5,'AISC_EM11_Pset_Weld','WeldIdentity',(#305,#306,#307,#308,#5147,#310,#311,#312,#313,#314,#315,#316,#317,#318,#319,#320));
#5149= IFCCARTESIANPOINT((67500.,21296.791,56714.998));
#5150= IFCAXIS2PLACEMENT3D(#5149,#4320,#9);
#5151= IFCLOCALPLACEMENT(#5129,#5150);
#5152= IFCSHAPEREPRESENTATION(#12,'Body','Brep',(#2237));
#5153= IFCSHAPEREPRESENTATION(#13,'Axis','GeometricCurveSet',(#379,#2241));
#5154= IFCPRODUCTDEFINITIONSHAPE($,$,(#5152,#5153));
#5155= IFCFASTENER('0e2GasdwjAGwMB9eoFYTWV',#44,'Weld',$,$,#5151,#5154,'ID28090936-9fab-4a43-a58b-268c8f89d81f');
#5156= IFCPROPERTYSINGLEVALUE('WeldID',$,IFCINTEGER(115358705),$);
#5157= IFCPROPERTYSET('1eeM6rStL2shQ2qS2TN1Kz',#5,'AISC_EM11_Pset_Weld','WeldIdentity',(#305,#306,#307,#308,#5156,#387,#311,#312,#388,#314,#389,#390,#317,#318,#319,#320));
#5158= IFCCARTESIANPOINT((67445.0000000023,21293.791160649,56619.9981994629));
#5159= IFCAXIS2PLACEMENT3D(#5158,#9,#7);
#5160= IFCLOCALPLACEMENT(#5129,#5159);
#5161= IFCSHAPEREPRESENTATION(#12,'Body','SweptSolid',(#399));
#5162= IFCPRODUCTDEFINITIONSHAPE($,$,(#5161));
#5163= IFCDISCRETEACCESSORY('0bZWxlD3L4pPwDnP1$wQT2',#44,'Support section',$,$,#5160,#5162,'1050(?)');
#5164= IFCLOCALPLACEMENT(#5129,#5112);
#5165= IFCSHAPEREPRESENTATION(#12,'Body','MappedRepresentation',(#410,#411,#412));
#5166= IFCPRODUCTDEFINITIONSHAPE($,$,(#5165));
#5167= IFCOPENINGELEMENT('3c524$6gr3SQrRNKHno_td',#5,$,$,'Opening',#5164,#5166,$);
#5168= IFCRELVOIDSELEMENT('0t8qEWmnLFdxn_bS5hU1tj',#5,'Drill Hole',$,#5163,#5167);
#5169= IFCCARTESIANPOINT((67768.0000000459,21241.7904100031,56644.9989501104));
#5170= IFCAXIS2PLACEMENT3D(#5169,#4492,#4493);
#5171= IFCLOCALPLACEMENT(#5129,#5170);
#5172= IFCSHAPEREPRESENTATION(#12,'Body','Brep',(#675));
#5173= IFCPRODUCTDEFINITIONSHAPE($,$,(#5172));
#5174= IFCDISCRETEACCESSORY('2fi7kXfij1q8OA7zsw3BJK',#44,'Support section',$,$,#5171,#5173,'1497(?)');
#5175= IFCCARTESIANPOINT((67768.000000047,21341.7904100042,56644.9989501104));
#5176= IFCAXIS2PLACEMENT3D(#5175,#4492,#4493);
#5177= IFCLOCALPLACEMENT(#5129,#5176);
#5178= IFCSHAPEREPRESENTATION(#12,'Body','Brep',(#675));
#5179= IFCPRODUCTDEFINITIONSHAPE($,$,(#5178));
#5180= IFCDISCRETEACCESSORY('26RNrwZLbAQvcD1wd4yFfW',#44,'Support section',$,$,#5177,#5179,'1497(?)');
#5181= IFCCARTESIANPOINT((67505.000000002,21287.691160745,56594.9981994629));
#5182= IFCAXIS2PLACEMENT3D(#5181,#9,#8);
#5183= IFCLOCALPLACEMENT(#5129,#5182);
#5184= IFCSHAPEREPRESENTATION(#12,'Body','SweptSolid',(#695));
#5185= IFCPRODUCTDEFINITIONSHAPE($,$,(#5184));
#5186= IFCCOLUMN('0GaUBud092tgCbMDTaYqql',#44,'main piece','PL10*200','PL10*200',#5183,#5185,'1496(?)');
#5187= IFCLOCALPLACEMENT(#42,#10);
#5188= IFCELEMENTASSEMBLY('30OrJmFdr7IwP4OOm6EiP5',#44,'BEAM',$,$,#5187,$,'B/671(?)',.NOTDEFINED.,.RIGID_FRAME.);
#5189= IFCPROPERTYSINGLEVALUE('AssemblyMark',$,IFCIDENTIFIER('B/671(?)'),$);
#5190= IFCPROPERTYSET('3j5XSZFSb3XuP1XU70uy1h',#5,'AISC_EM11_Pset_AssemblyIdentification','AssemblyIdentity',(#5189,#52,#53));
#5191= IFCCARTESIANPOINT((67490.0000000021,20702.6930769794,56834.9981994629));
#5192= IFCAXIS2PLACEMENT3D(#5191,#4320,#57);
#5193= IFCLOCALPLACEMENT(#5187,#5192);
#5194= IFCCARTESIANPOINT((0.,3.30110706357692,0.));
#5195= IFCAXIS2PLACEMENT3D(#5194,#8,#7);
#5196= IFCEXTRUDEDAREASOLID(#78,#5195,#9,8.);
#5197= IFCCARTESIANPOINT((0.,11.3011070635769,0.));
#5198= IFCAXIS2PLACEMENT3D(#5197,#8,#7);
#5199= IFCEXTRUDEDAREASOLID(#67,#5198,#9,13.);
#5200= IFCSHAPEREPRESENTATION(#12,'Body','SweptSolid',(#70,#77,#5196,#5199));
#5201= IFCREPRESENTATIONMAP(#10,#5200);
#5202= IFCMAPPEDITEM(#5201,#86);
#5203= IFCMAPPEDITEM(#5201,#91);
#5204= IFCMAPPEDITEM(#5201,#94);
#5205= IFCSHAPEREPRESENTATION(#12,'Body','MappedRepresentation',(#5202,#5203,#5204));
#5206= IFCSHAPEREPRESENTATION(#12,'Axis','MappedRepresentation',(#101,#102,#103));
#5207= IFCPRODUCTDEFINITIONSHAPE($,$,(#5205,#5206));
#5208= IFCMECHANICALFASTENER('0jccRO3X18Nx8F38OR0w6T',#44,'Bolt assembly',$,$,#5193,#5207,'ID2d9a66d8-0e10-485f-b20f-0c861b03a19d',16.,40.);
#5209= IFCLOCALPLACEMENT(#42,#10);
#5210= IFCELEMENTASSEMBLY('0hUD9uhCD7whhAfZysWrQ9',#44,$,$,$,#5209,$,'A/193(?)',.NOTDEFINED.,.RIGID_FRAME.);
#5211= IFCCARTESIANPOINT((67511.1715729195,20659.6207533623,56771.8273772359));
#5212= IFCAXIS2PLACEMENT3D(#5211,#4452,#4453);
#5213= IFCLOCALPLACEMENT(#5209,#5212);
#5214= IFCSHAPEREPRESENTATION(#12,'Body','Brep',(#2168));
#5215= IFCSHAPEREPRESENTATION(#13,'Axis','GeometricCurveSet',(#2178));
#5216= IFCPRODUCTDEFINITIONSHAPE($,$,(#5214,#5215));
#5217= IFCFASTENER('1r0PdUOVD73QeTpdoRf7kL',#44,'Weld',$,$,#5213,#5216,'ID750199de-61f3-470d-aa1d-ce7c9ba47b95');
#5218= IFCPROPERTYSINGLEVALUE('WeldID',$,IFCINTEGER(115358422),$);
#5219= IFCPROPERTYSET('1tqgrjpbT0n9taRuieioGW',#5,'AISC_EM11_Pset_Weld','WeldIdentity',(#305,#306,#307,#308,#5218,#310,#311,#312,#313,#314,#315,#316,#317,#318,#319,#320));
#5220= IFCCARTESIANPOINT((67511.1715729206,20759.6207533634,56771.8273772359));
#5221= IFCAXIS2PLACEMENT3D(#5220,#4452,#4453);
#5222= IFCLOCALPLACEMENT(#5209,#5221);
#5223= IFCSHAPEREPRESENTATION(#12,'Body','Brep',(#2168));
#5224= IFCSHAPEREPRESENTATION(#13,'Axis','GeometricCurveSet',(#2178));
#5225= IFCPRODUCTDEFINITIONSHAPE($,$,(#5223,#5224));
#5226= IFCFASTENER('2FoV_OXj5DqOCUuvnmpMjy',#44,'Weld',$,$,#5222,#5225,'ID8fc9ff98-86d1-4dd1-831e-e39c70cd6b7c');
#5227= IFCPROPERTYSINGLEVALUE('WeldID',$,IFCINTEGER(115358377),$);
#5228= IFCPROPERTYSET('1P764LaX15p8o8kAhU0mFY',#5,'AISC_EM11_Pset_Weld','WeldIdentity',(#305,#306,#307,#308,#5227,#310,#311,#312,#313,#314,#315,#316,#317,#318,#319,#320));
#5229= IFCCARTESIANPOINT((67500.,20711.793,56714.998));
#5230= IFCAXIS2PLACEMENT3D(#5229,#4320,#9);
#5231= IFCLOCALPLACEMENT(#5209,#5230);
#5232= IFCSHAPEREPRESENTATION(#12,'Body','Brep',(#2237));
#5233= IFCSHAPEREPRESENTATION(#13,'Axis','GeometricCurveSet',(#379,#2241));
#5234= IFCPRODUCTDEFINITIONSHAPE($,$,(#5232,#5233));
#5235= IFCFASTENER('2kP8w1OqTCUPB6rckpGAx3',#44,'Weld',$,$,#5231,#5234,'IDae648e81-6347-4c79-92c6-d66bb340aec3');
#5236= IFCPROPERTYSINGLEVALUE('WeldID',$,IFCINTEGER(115358314),$);
#5237= IFCPROPERTYSET('0S9TFnST1F3RjRkblk8oDQ',#5,'AISC_EM11_Pset_Weld','WeldIdentity',(#305,#306,#307,#308,#5236,#387,#311,#312,#388,#314,#389,#390,#317,#318,#319,#320));
#5238= IFCCARTESIANPOINT((67445.0000000023,20708.7930768835,56619.9981994629));
#5239= IFCAXIS2PLACEMENT3D(#5238,#9,#7);
#5240= IFCLOCALPLACEMENT(#5209,#5239);
#5241= IFCSHAPEREPRESENTATION(#12,'Body','SweptSolid',(#399));
#5242= IFCPRODUCTDEFINITIONSHAPE($,$,(#5241));
#5243= IFCDISCRETEACCESSORY('2DB1iaqjP8L9wAl2UW568N',#44,'Support section',$,$,#5240,#5242,'1050(?)');
#5244= IFCLOCALPLACEMENT(#5209,#5192);
#5245= IFCSHAPEREPRESENTATION(#12,'Body','MappedRepresentation',(#410,#411,#412));
#5246= IFCPRODUCTDEFINITIONSHAPE($,$,(#5245));
#5247= IFCOPENINGELEMENT('0v3UQqVb53pxl6hxcnfzRm',#5,$,$,'Opening',#5244,#5246,$);
#5248= IFCRELVOIDSELEMENT('1JDLYA$tDDKREWi6gdx6__',#5,'Drill Hole',$,#5243,#5247);
#5249= IFCCARTESIANPOINT((67768.0000000459,20656.7923262376,56644.9989501104));
#5250= IFCAXIS2PLACEMENT3D(#5249,#4492,#4493);
#5251= IFCLOCALPLACEMENT(#5209,#5250);
#5252= IFCSHAPEREPRESENTATION(#12,'Body','Brep',(#675));
#5253= IFCPRODUCTDEFINITIONSHAPE($,$,(#5252));
#5254= IFCDISCRETEACCESSORY('3Eyd3Jua94QAZpEEBD5jgG',#44,'Support section',$,$,#5251,#5253,'1497(?)');
#5255= IFCCARTESIANPOINT((67768.000000047,20756.7923262387,56644.9989501104));
#5256= IFCAXIS2PLACEMENT3D(#5255,#4492,#4493);
#5257= IFCLOCALPLACEMENT(#5209,#5256);
#5258= IFCSHAPEREPRESENTATION(#12,'Body','Brep',(#675));
#5259= IFCPRODUCTDEFINITIONSHAPE($,$,(#5258));
#5260= IFCDISCRETEACCESSORY('2e2DJx3fv8yvRM_7ZDwl_h',#44,'Support section',$,$,#5257,#5259,'1497(?)');
#5261= IFCCARTESIANPOINT((67505.000000002,20702.6930769795,56594.9981994629));
#5262= IFCAXIS2PLACEMENT3D(#5261,#9,#8);
#5263= IFCLOCALPLACEMENT(#5209,#5262);
#5264= IFCSHAPEREPRESENTATION(#12,'Body','SweptSolid',(#695));
#5265= IFCPRODUCTDEFINITIONSHAPE($,$,(#5264));
#5266= IFCCOLUMN('3WPFP0UAT9a9Y2DOiBH3Ce',#44,'main piece','PL10*200','PL10*200',#5263,#5265,'1496(?)');
#5267= IFCLOCALPLACEMENT(#42,#10);
#5268= IFCELEMENTASSEMBLY('2AnmXvde9DOeIqjv9fKWtw',#44,'BEAM',$,$,#5267,$,'B/674(?)',.NOTDEFINED.,.RIGID_FRAME.);
#5269= IFCPROPERTYSINGLEVALUE('AssemblyMark',$,IFCIDENTIFIER('B/674(?)'),$);
#5270= IFCPROPERTYSET('1kCAE0oXD73hNGCs$Jh1VN',#5,'AISC_EM11_Pset_AssemblyIdentification','AssemblyIdentity',(#5269,#52,#53));
#5271= IFCCARTESIANPOINT((67490.0000000021,19653.3745610174,56834.9981994629));
#5272= IFCAXIS2PLACEMENT3D(#5271,#4320,#57);
#5273= IFCLOCALPLACEMENT(#5267,#5272);
#5274= IFCCARTESIANPOINT((0.,3.30082371382471,0.));
#5275= IFCAXIS2PLACEMENT3D(#5274,#8,#7);
#5276= IFCEXTRUDEDAREASOLID(#78,#5275,#9,8.);
#5277= IFCCARTESIANPOINT((0.,11.3008237138247,0.));
#5278= IFCAXIS2PLACEMENT3D(#5277,#8,#7);
#5279= IFCEXTRUDEDAREASOLID(#67,#5278,#9,13.);
#5280= IFCSHAPEREPRESENTATION(#12,'Body','SweptSolid',(#70,#77,#5276,#5279));
#5281= IFCREPRESENTATIONMAP(#10,#5280);
#5282= IFCMAPPEDITEM(#5281,#86);
#5283= IFCMAPPEDITEM(#5281,#91);
#5284= IFCMAPPEDITEM(#5281,#94);
#5285= IFCSHAPEREPRESENTATION(#12,'Body','MappedRepresentation',(#5282,#5283,#5284));
#5286= IFCSHAPEREPRESENTATION(#12,'Axis','MappedRepresentation',(#101,#102,#103));
#5287= IFCPRODUCTDEFINITIONSHAPE($,$,(#5285,#5286));
#5288= IFCMECHANICALFASTENER('2UtOZ3nDfBMuyF3H2PvcXw',#44,'Bolt assembly',$,$,#5273,#5287,'ID9edd88c3-c4da-4b5b-8f0f-0d1099e6687a',16.,40.);
#5289= IFCLOCALPLACEMENT(#42,#10);
#5290= IFCELEMENTASSEMBLY('2dtiXbfpL3f93MctHxrvnv',#44,$,$,$,#5289,$,'A/193(?)',.NOTDEFINED.,.RIGID_FRAME.);
#5291= IFCCARTESIANPOINT((67511.1715729195,19610.3022374003,56771.8273772359));
#5292= IFCAXIS2PLACEMENT3D(#5291,#4452,#4453);
#5293= IFCLOCALPLACEMENT(#5289,#5292);
#5294= IFCSHAPEREPRESENTATION(#12,'Body','Brep',(#2168));
#5295= IFCSHAPEREPRESENTATION(#13,'Axis','GeometricCurveSet',(#2178));
#5296= IFCPRODUCTDEFINITIONSHAPE($,$,(#5294,#5295));
#5297= IFCFASTENER('3BB6dstkXFXA_jNENJSGN1',#44,'Weld',$,$,#5293,#5296,'IDcb2c69f6-dee8-4f84-afad-5ce5d37105c1');
#5298= IFCPROPERTYSINGLEVALUE('WeldID',$,IFCINTEGER(115358031),$);
#5299= IFCPROPERTYSET('2HMGL4duj2xw1RLpN_bai0',#5,'AISC_EM11_Pset_Weld','WeldIdentity',(#305,#306,#307,#308,#5298,#310,#311,#312,#313,#314,#315,#316,#317,#318,#319,#320));
#5300= IFCCARTESIANPOINT((67511.1715729206,19710.3022374014,56771.8273772359));
#5301= IFCAXIS2PLACEMENT3D(#5300,#4452,#4453);
#5302= IFCLOCALPLACEMENT(#5289,#5301);
#5303= IFCSHAPEREPRESENTATION(#12,'Body','Brep',(#2168));
#5304= IFCSHAPEREPRESENTATION(#13,'Axis','GeometricCurveSet',(#2178));
#5305= IFCPRODUCTDEFINITIONSHAPE($,$,(#5303,#5304));
#5306= IFCFASTENER('0GQk0eJWn7Qw1ZvwTQLKhY',#44,'Weld',$,$,#5302,#5305,'ID106ae028-4e0c-476b-a063-e7a75a554ae2');
#5307= IFCPROPERTYSINGLEVALUE('WeldID',$,IFCINTEGER(115357986),$);
#5308= IFCPROPERTYSET('3g7zPgDbfBiwY93ge5EaJ6',#5,'AISC_EM11_Pset_Weld','WeldIdentity',(#305,#306,#307,#308,#5307,#310,#311,#312,#313,#314,#315,#316,#317,#318,#319,#320));
#5309= IFCCARTESIANPOINT((67500.,19662.475,56714.998));
#5310= IFCAXIS2PLACEMENT3D(#5309,#4320,#9);
#5311= IFCLOCALPLACEMENT(#5289,#5310);
#5312= IFCSHAPEREPRESENTATION(#12,'Body','Brep',(#2237));
#5313= IFCSHAPEREPRESENTATION(#13,'Axis','GeometricCurveSet',(#379,#2241));
#5314= IFCPRODUCTDEFINITIONSHAPE($,$,(#5312,#5313));
#5315= IFCFASTENER('1Oz$846cT0_vgHmAH$GHdd',#44,'Weld',$,$,#5311,#5314,'ID58f7f204-1a67-40fb-9a91-c0a47f4119e7');
#5316= IFCPROPERTYSINGLEVALUE('WeldID',$,IFCINTEGER(115357923),$);
#5317= IFCPROPERTYSET('02p0cbgpL8yhk2UaRztRnJ',#5,'AISC_EM11_Pset_Weld','WeldIdentity',(#305,#306,#307,#308,#5316,#387,#311,#312,#388,#314,#389,#390,#317,#318,#319,#320));
#5318= IFCCARTESIANPOINT((67445.0000000023,19659.4745609215,56619.9981994629));
#5319= IFCAXIS2PLACEMENT3D(#5318,#9,#7);
#5320= IFCLOCALPLACEMENT(#5289,#5319);
#5321= IFCSHAPEREPRESENTATION(#12,'Body','SweptSolid',(#399));
#5322= IFCPRODUCTDEFINITIONSHAPE($,$,(#5321));
#5323= IFCDISCRETEACCESSORY('03inuNgnL2cxzcRP6j0Phi',#44,'Support section',$,$,#5320,#5322,'1050(?)');
#5324= IFCLOCALPLACEMENT(#5289,#5272);
#5325= IFCSHAPEREPRESENTATION(#12,'Body','MappedRepresentation',(#410,#411,#412));
#5326= IFCPRODUCTDEFINITIONSHAPE($,$,(#5325));
#5327= IFCOPENINGELEMENT('2lyyg5YFrAjxrqIMf$xHim',#5,$,$,'Opening',#5324,#5326,$);
#5328= IFCRELVOIDSELEMENT('1mO6mUKTr6g9mLitsEK_cc',#5,'Drill Hole',$,#5323,#5327);
#5329= IFCCARTESIANPOINT((67768.0000000459,19607.4738102756,56644.9989501104));
#5330= IFCAXIS2PLACEMENT3D(#5329,#4492,#4493);
#5331= IFCLOCALPLACEMENT(#5289,#5330);
#5332= IFCSHAPEREPRESENTATION(#12,'Body','Brep',(#675));
#5333= IFCPRODUCTDEFINITIONSHAPE($,$,(#5332));
#5334= IFCDISCRETEACCESSORY('3glZ$oTjf1zASYc_b5N7us',#44,'Support section',$,$,#5331,#5333,'1497(?)');
#5335= IFCCARTESIANPOINT((67768.000000047,19707.4738102767,56644.9989501104));
#5336= IFCAXIS2PLACEMENT3D(#5335,#4492,#4493);
#5337= IFCLOCALPLACEMENT(#5289,#5336);
#5338= IFCSHAPEREPRESENTATION(#12,'Body','Brep',(#675));
#5339= IFCPRODUCTDEFINITIONSHAPE($,$,(#5338));
#5340= IFCDISCRETEACCESSORY('1BWkhxTGj9Qec_FgFXKauQ',#44,'Support section',$,$,#5337,#5339,'1497(?)');
#5341= IFCCARTESIANPOINT((67505.000000002,19653.3745610175,56594.9981994629));
#5342= IFCAXIS2PLACEMENT3D(#5341,#9,#8);
#5343= IFCLOCALPLACEMENT(#5289,#5342);
#5344= IFCSHAPEREPRESENTATION(#12,'Body','SweptSolid',(#695));
#5345= IFCPRODUCTDEFINITIONSHAPE($,$,(#5344));
#5346= IFCCOLUMN('2OBuQ2YXD1sQbLZ3ak5Ek8',#44,'main piece','PL10*200','PL10*200',#5343,#5345,'1496(?)');
#5347= IFCLOCALPLACEMENT(#42,#10);
#5348= IFCELEMENTASSEMBLY('0nVhmlHmH3LwOI9jIvFqo1',#44,'BEAM',$,$,#5347,$,'B/658(?)',.NOTDEFINED.,.RIGID_FRAME.);
#5349= IFCPROPERTYSINGLEVALUE('AssemblyMark',$,IFCIDENTIFIER('B/658(?)'),$);
#5350= IFCPROPERTYSET('1rpmhf6KD99vIEZsTt0L2M',#5,'AISC_EM11_Pset_AssemblyIdentification','AssemblyIdentity',(#5349,#52,#53));
#5351= IFCCARTESIANPOINT((67490.0000000021,18918.3749347386,56834.9981994629));
#5352= IFCAXIS2PLACEMENT3D(#5351,#4320,#57);
#5353= IFCLOCALPLACEMENT(#5347,#5352);
#5354= IFCSHAPEREPRESENTATION(#12,'Body','MappedRepresentation',(#5122,#5123,#5124));
#5355= IFCSHAPEREPRESENTATION(#12,'Axis','MappedRepresentation',(#101,#102,#103));
#5356= IFCPRODUCTDEFINITIONSHAPE($,$,(#5354,#5355));
#5357= IFCMECHANICALFASTENER('1thMiCgHT51RpyvI8DxtNY',#44,'Bolt assembly',$,$,#5353,#5356,'ID77ad6b0c-a917-4505-bcfc-e5220def75e2',16.,40.);
#5358= IFCLOCALPLACEMENT(#42,#10);
#5359= IFCELEMENTASSEMBLY('3efHUJiwT6nAI1bMTtGbWe',#44,$,$,$,#5358,$,'A/193(?)',.NOTDEFINED.,.RIGID_FRAME.);
#5360= IFCCARTESIANPOINT((67511.1715729195,18875.3026111215,56771.8273772359));
#5361= IFCAXIS2PLACEMENT3D(#5360,#4452,#4453);
#5362= IFCLOCALPLACEMENT(#5358,#5361);
#5363= IFCSHAPEREPRESENTATION(#12,'Body','Brep',(#2168));
#5364= IFCSHAPEREPRESENTATION(#13,'Axis','GeometricCurveSet',(#2178));
#5365= IFCPRODUCTDEFINITIONSHAPE($,$,(#5363,#5364));
#5366= IFCFASTENER('0Ysw1sF2r918kWIr8qVnG4',#44,'Weld',$,$,#5362,#5365,'ID22dba076-3c2d-4904-8ba0-4b52347f1404');
#5367= IFCPROPERTYSINGLEVALUE('WeldID',$,IFCINTEGER(115357640),$);
#5368= IFCPROPERTYSET('0zqMqOniP12xtTmqXMq4uT',#5,'AISC_EM11_Pset_Weld','WeldIdentity',(#305,#306,#307,#308,#5367,#310,#311,#312,#313,#314,#315,#316,#317,#318,#319,#320));
#5369= IFCCARTESIANPOINT((67511.1715729206,18975.3026111226,56771.8273772359));
#5370= IFCAXIS2PLACEMENT3D(#5369,#4452,#4453);
#5371= IFCLOCALPLACEMENT(#5358,#5370);
#5372= IFCSHAPEREPRESENTATION(#12,'Body','Brep',(#2168));
#5373= IFCSHAPEREPRESENTATION(#13,'Axis','GeometricCurveSet',(#2178));
#5374= IFCPRODUCTDEFINITIONSHAPE($,$,(#5372,#5373));
#5375= IFCFASTENER('1KLgh9r9bBJBx_hUOl7mwK',#44,'Weld',$,$,#5371,#5374,'ID5456aac9-d499-4b4c-befe-ade62f1f0e94');
#5376= IFCPROPERTYSINGLEVALUE('WeldID',$,IFCINTEGER(115357595),$);
#5377= IFCPROPERTYSET('2X4V21D$X7XPi4VUyJwiDq',#5,'AISC_EM11_Pset_Weld','WeldIdentity',(#305,#306,#307,#308,#5376,#310,#311,#312,#313,#314,#315,#316,#317,#318,#319,#320));
#5378= IFCCARTESIANPOINT((67500.,18927.475,56714.998));
#5379= IFCAXIS2PLACEMENT3D(#5378,#4320,#9);
#5380= IFCLOCALPLACEMENT(#5358,#5379);
#5381= IFCSHAPEREPRESENTATION(#12,'Body','Brep',(#2237));
#5382= IFCSHAPEREPRESENTATION(#13,'Axis','GeometricCurveSet',(#379,#2241));
#5383= IFCPRODUCTDEFINITIONSHAPE($,$,(#5381,#5382));
#5384= IFCFASTENER('2Ppk1WEPvF6OKIdDU1rgjR',#44,'Weld',$,$,#5380,#5383,'ID99cee060-399e-4f19-8512-9cd781d6ab5b');
#5385= IFCPROPERTYSINGLEVALUE('WeldID',$,IFCINTEGER(115357532),$);
#5386= IFCPROPERTYSET('30p7gCk5T8HP0aShDG3RjJ',#5,'AISC_EM11_Pset_Weld','WeldIdentity',(#305,#306,#307,#308,#5385,#387,#311,#312,#388,#314,#389,#390,#317,#318,#319,#320));
#5387= IFCCARTESIANPOINT((67445.0000000023,18924.4749346427,56619.9981994629));
#5388= IFCAXIS2PLACEMENT3D(#5387,#9,#7);
#5389= IFCLOCALPLACEMENT(#5358,#5388);
#5390= IFCSHAPEREPRESENTATION(#12,'Body','SweptSolid',(#399));
#5391= IFCPRODUCTDEFINITIONSHAPE($,$,(#5390));
#5392= IFCDISCRETEACCESSORY('0tBBBiaVT1GOUsQB27gpbb',#44,'Support section',$,$,#5389,#5391,'1050(?)');
#5393= IFCLOCALPLACEMENT(#5358,#5352);
#5394= IFCSHAPEREPRESENTATION(#12,'Body','MappedRepresentation',(#410,#411,#412));
#5395= IFCPRODUCTDEFINITIONSHAPE($,$,(#5394));
#5396= IFCOPENINGELEMENT('0FwgXDEiDD9A5mFVfmNcZG',#5,$,$,'Opening',#5393,#5395,$);
#5397= IFCRELVOIDSELEMENT('3IW1w8HLbDlueHaih4nlFF',#5,'Drill Hole',$,#5392,#5396);
#5398= IFCCARTESIANPOINT((67768.0000000459,18872.4741839968,56644.9989501104));
#5399= IFCAXIS2PLACEMENT3D(#5398,#4492,#4493);
#5400= IFCLOCALPLACEMENT(#5358,#5399);
#5401= IFCSHAPEREPRESENTATION(#12,'Body','Brep',(#675));
#5402= IFCPRODUCTDEFINITIONSHAPE($,$,(#5401));
#5403= IFCDISCRETEACCESSORY('2YB_LU0jf8WRWlJLdGtpJZ',#44,'Support section',$,$,#5400,#5402,'1497(?)');
#5404= IFCCARTESIANPOINT((67768.000000047,18972.4741839979,56644.9989501104));
#5405= IFCAXIS2PLACEMENT3D(#5404,#4492,#4493);
#5406= IFCLOCALPLACEMENT(#5358,#5405);
#5407= IFCSHAPEREPRESENTATION(#12,'Body','Brep',(#675));
#5408= IFCPRODUCTDEFINITIONSHAPE($,$,(#5407));
#5409= IFCDISCRETEACCESSORY('2chOjb2aP1Lvsq4g$7iFrA',#44,'Support section',$,$,#5406,#5408,'1497(?)');
#5410= IFCCARTESIANPOINT((67505.000000002,18918.3749347387,56594.9981994629));
#5411= IFCAXIS2PLACEMENT3D(#5410,#9,#8);
#5412= IFCLOCALPLACEMENT(#5358,#5411);
#5413= IFCSHAPEREPRESENTATION(#12,'Body','SweptSolid',(#695));
#5414= IFCPRODUCTDEFINITIONSHAPE($,$,(#5413));
#5415= IFCCOLUMN('2KmEtDVi18Jg4t7QbQJHAk',#44,'main piece','PL10*200','PL10*200',#5412,#5414,'1496(?)');
#5416= IFCLOCALPLACEMENT(#42,#10);
#5417= IFCELEMENTASSEMBLY('3G$9a1TafAcvcmnlcgqFgt',#44,'BEAM',$,$,#5416,$,'B/601(?)',.NOTDEFINED.,.RIGID_FRAME.);
#5418= IFCPROPERTYSINGLEVALUE('AssemblyMark',$,IFCIDENTIFIER('B/601(?)'),$);
#5419= IFCPROPERTYSET('1tO59MgPXBLu8sJ2UIq3KW',#5,'AISC_EM11_Pset_AssemblyIdentification','AssemblyIdentity',(#5418,#52,#53));
#5420= IFCCARTESIANPOINT((67490.0000000021,12840.1915276551,56849.9981994629));
#5421= IFCAXIS2PLACEMENT3D(#5420,#4320,#57);
#5422= IFCLOCALPLACEMENT(#5416,#5421);
#5423= IFCCARTESIANPOINT((0.,3.10057950127241,0.));
#5424= IFCAXIS2PLACEMENT3D(#5423,#8,#7);
#5425= IFCEXTRUDEDAREASOLID(#78,#5424,#9,8.);
#5426= IFCCARTESIANPOINT((0.,11.1005795012724,0.));
#5427= IFCAXIS2PLACEMENT3D(#5426,#8,#7);
#5428= IFCEXTRUDEDAREASOLID(#67,#5427,#9,13.);
#5429= IFCSHAPEREPRESENTATION(#12,'Body','SweptSolid',(#70,#77,#5425,#5428));
#5430= IFCREPRESENTATIONMAP(#10,#5429);
#5431= IFCMAPPEDITEM(#5430,#86);
#5432= IFCMAPPEDITEM(#5430,#91);
#5433= IFCMAPPEDITEM(#5430,#94);
#5434= IFCSHAPEREPRESENTATION(#12,'Body','MappedRepresentation',(#5431,#5432,#5433));
#5435= IFCSHAPEREPRESENTATION(#12,'Axis','MappedRepresentation',(#101,#102,#103));
#5436= IFCPRODUCTDEFINITIONSHAPE($,$,(#5434,#5435));
#5437= IFCMECHANICALFASTENER('0OpuNDGUHDvOYgqBMApXXc',#44,'Bolt assembly',$,$,#5422,#5436,'ID18cf85cd-41e4-4de5-88aa-d0b58ace1866',16.,40.);
#5438= IFCLOCALPLACEMENT(#42,#10);
#5439= IFCELEMENTASSEMBLY('1fSOH1n5j6avv$gDrjQWxM',#44,$,$,$,#5438,$,'A/193(?)',.NOTDEFINED.,.RIGID_FRAME.);
#5440= IFCCARTESIANPOINT((67511.1715729195,12797.119204038,56786.8273772359));
#5441= IFCAXIS2PLACEMENT3D(#5440,#4452,#4453);
#5442= IFCLOCALPLACEMENT(#5438,#5441);
#5443= IFCSHAPEREPRESENTATION(#12,'Body','Brep',(#2168));
#5444= IFCSHAPEREPRESENTATION(#13,'Axis','GeometricCurveSet',(#2178));
#5445= IFCPRODUCTDEFINITIONSHAPE($,$,(#5443,#5444));
#5446= IFCFASTENER('3r3q04uqb2oRqGfT7iFW_h',#44,'Weld',$,$,#5442,#5445,'IDf50f4004-e349-42c9-bd10-a5d1ec3e0fab');
#5447= IFCPROPERTYSINGLEVALUE('WeldID',$,IFCINTEGER(115357249),$);
#5448= IFCPROPERTYSET('1wePNKdPvB7fM9Gf3$zdAN',#5,'AISC_EM11_Pset_Weld','WeldIdentity',(#305,#306,#307,#308,#5447,#310,#311,#312,#313,#314,#315,#316,#317,#318,#319,#320));
#5449= IFCCARTESIANPOINT((67511.1715729206,12897.1192040391,56786.8273772359));
#5450= IFCAXIS2PLACEMENT3D(#5449,#4452,#4453);
#5451= IFCLOCALPLACEMENT(#5438,#5450);
#5452= IFCSHAPEREPRESENTATION(#12,'Body','Brep',(#2168));
#5453= IFCSHAPEREPRESENTATION(#13,'Axis','GeometricCurveSet',(#2178));
#5454= IFCPRODUCTDEFINITIONSHAPE($,$,(#5452,#5453));
#5455= IFCFASTENER('1V77UzwiPBq81HJImUhjEc',#44,'Weld',$,$,#5451,#5454,'ID5f1c77bd-eac6-4bd0-8051-4d2c1eaed3a6');
#5456= IFCPROPERTYSINGLEVALUE('WeldID',$,IFCINTEGER(115357204),$);
#5457= IFCPROPERTYSET('0GDdBGFTH5oBlCXG7e0s6G',#5,'AISC_EM11_Pset_Weld','WeldIdentity',(#305,#306,#307,#308,#5456,#310,#311,#312,#313,#314,#315,#316,#317,#318,#319,#320));
#5458= IFCCARTESIANPOINT((67500.,12849.292,56729.998));
#5459= IFCAXIS2PLACEMENT3D(#5458,#4320,#9);
#5460= IFCLOCALPLACEMENT(#5438,#5459);
#5461= IFCSHAPEREPRESENTATION(#12,'Body','Brep',(#2237));
#5462= IFCSHAPEREPRESENTATION(#13,'Axis','GeometricCurveSet',(#379,#2241));
#5463= IFCPRODUCTDEFINITIONSHAPE($,$,(#5461,#5462));
#5464= IFCFASTENER('0qZhDfibH9dAgMRuvn2Ixt',#44,'Weld',$,$,#5460,#5463,'ID348eb369-b254-499c-aa96-6f8e71092ef7');
#5465= IFCPROPERTYSINGLEVALUE('WeldID',$,IFCINTEGER(115357141),$);
#5466= IFCPROPERTYSET('17F$VBfrv1cPhaffdPDGbe',#5,'AISC_EM11_Pset_Weld','WeldIdentity',(#305,#306,#307,#308,#5465,#387,#311,#312,#388,#314,#389,#390,#317,#318,#319,#320));
#5467= IFCCARTESIANPOINT((67445.0000000023,12846.2915275592,56634.9981994629));
#5468= IFCAXIS2PLACEMENT3D(#5467,#9,#7);
#5469= IFCLOCALPLACEMENT(#5438,#5468);
#5470= IFCSHAPEREPRESENTATION(#12,'Body','SweptSolid',(#399));
#5471= IFCPRODUCTDEFINITIONSHAPE($,$,(#5470));
#5472= IFCDISCRETEACCESSORY('2Eqi03GX1D798iwqMDiSLf',#44,'Support section',$,$,#5469,#5471,'1050(?)');
#5473= IFCLOCALPLACEMENT(#5438,#5421);
#5474= IFCSHAPEREPRESENTATION(#12,'Body','MappedRepresentation',(#410,#411,#412));
#5475= IFCPRODUCTDEFINITIONSHAPE($,$,(#5474));
#5476= IFCOPENINGELEMENT('2Os$ybPdnFweaPkgSqdvHI',#5,$,$,'Opening',#5473,#5475,$);
#5477= IFCRELVOIDSELEMENT('1_YSPd7TP5vP2gaskG3JeN',#5,'Drill Hole',$,#5472,#5476);
#5478= IFCCARTESIANPOINT((67768.0000000459,12794.2907769132,56659.9989501104));
#5479= IFCAXIS2PLACEMENT3D(#5478,#4492,#4493);
#5480= IFCLOCALPLACEMENT(#5438,#5479);
#5481= IFCSHAPEREPRESENTATION(#12,'Body','Brep',(#675));
#5482= IFCPRODUCTDEFINITIONSHAPE($,$,(#5481));
#5483= IFCDISCRETEACCESSORY('0_8qX3BCXCSx18tPRlnt_R',#44,'Support section',$,$,#5480,#5482,'1497(?)');
#5484= IFCCARTESIANPOINT((67768.000000047,12894.2907769143,56659.9989501104));
#5485= IFCAXIS2PLACEMENT3D(#5484,#4492,#4493);
#5486= IFCLOCALPLACEMENT(#5438,#5485);
#5487= IFCSHAPEREPRESENTATION(#12,'Body','Brep',(#675));
#5488= IFCPRODUCTDEFINITIONSHAPE($,$,(#5487));
#5489= IFCDISCRETEACCESSORY('1Cs49lPYr44vnn8g1Pt5z0',#44,'Support section',$,$,#5486,#5488,'1497(?)');
#5490= IFCCARTESIANPOINT((67505.000000002,12840.1915276552,56609.9981994629));
#5491= IFCAXIS2PLACEMENT3D(#5490,#9,#8);
#5492= IFCLOCALPLACEMENT(#5438,#5491);
#5493= IFCSHAPEREPRESENTATION(#12,'Body','SweptSolid',(#695));
#5494= IFCPRODUCTDEFINITIONSHAPE($,$,(#5493));
#5495= IFCCOLUMN('3yG2chMi1Ftu0oM$ttI08e',#44,'main piece','PL10*200','PL10*200',#5492,#5494,'1496(?)');
#5496= IFCLOCALPLACEMENT(#42,#10);
#5497= IFCELEMENTASSEMBLY('1ZdxxAANH0DwAwCbmZLhVc',#44,'BEAM',$,$,#5496,$,'B/602(?)',.NOTDEFINED.,.RIGID_FRAME.);
#5498= IFCPROPERTYSINGLEVALUE('AssemblyMark',$,IFCIDENTIFIER('B/602(?)'),$);
#5499= IFCPROPERTYSET('1KYPnulzH8eOp7TzOUV0vT',#5,'AISC_EM11_Pset_AssemblyIdentification','AssemblyIdentity',(#5498,#52,#53));
#5500= IFCCARTESIANPOINT((67490.0000000021,9958.54742307393,56849.9981994629));
#5501= IFCAXIS2PLACEMENT3D(#5500,#4320,#57);
#5502= IFCLOCALPLACEMENT(#5496,#5501);
#5503= IFCCARTESIANPOINT((0.,3.10088022092559,0.));
#5504= IFCAXIS2PLACEMENT3D(#5503,#8,#7);
#5505= IFCEXTRUDEDAREASOLID(#78,#5504,#9,8.);
#5506= IFCCARTESIANPOINT((0.,11.1008802209256,0.));
#5507= IFCAXIS2PLACEMENT3D(#5506,#8,#7);
#5508= IFCEXTRUDEDAREASOLID(#67,#5507,#9,13.);
#5509= IFCSHAPEREPRESENTATION(#12,'Body','SweptSolid',(#70,#77,#5505,#5508));
#5510= IFCREPRESENTATIONMAP(#10,#5509);
#5511= IFCMAPPEDITEM(#5510,#86);
#5512= IFCMAPPEDITEM(#5510,#91);
#5513= IFCMAPPEDITEM(#5510,#94);
#5514= IFCSHAPEREPRESENTATION(#12,'Body','MappedRepresentation',(#5511,#5512,#5513));
#5515= IFCSHAPEREPRESENTATION(#12,'Axis','MappedRepresentation',(#101,#102,#103));
#5516= IFCPRODUCTDEFINITIONSHAPE($,$,(#5514,#5515));
#5517= IFCMECHANICALFASTENER('167Ud58$b44By$3DOa8318',#44,'Bolt assembly',$,$,#5502,#5516,'ID461de9c5-23f9-4410-bf3f-0cd624203048',16.,40.);
#5518= IFCLOCALPLACEMENT(#42,#10);
#5519= IFCELEMENTASSEMBLY('2I5RNAR_D94OlaXoNUxU8G',#44,$,$,$,#5518,$,'A/193(?)',.NOTDEFINED.,.RIGID_FRAME.);
#5520= IFCCARTESIANPOINT((67511.1715729195,9915.47509945686,56786.8273772359));
#5521= IFCAXIS2PLACEMENT3D(#5520,#4452,#4453);
#5522= IFCLOCALPLACEMENT(#5518,#5521);
#5523= IFCSHAPEREPRESENTATION(#12,'Body','Brep',(#2168));
#5524= IFCSHAPEREPRESENTATION(#13,'Axis','GeometricCurveSet',(#2178));
#5525= IFCPRODUCTDEFINITIONSHAPE($,$,(#5523,#5524));
#5526= IFCFASTENER('1AdbSCv8f3Cwd5d00Llw41',#44,'Weld',$,$,#5522,#5525,'ID4a9e570c-e48a-4333-a9c5-9c0015bfa101');
#5527= IFCPROPERTYSINGLEVALUE('WeldID',$,IFCINTEGER(115356858),$);
#5528= IFCPROPERTYSET('1W2rgUqHr4kgStWMUFqjQK',#5,'AISC_EM11_Pset_Weld','WeldIdentity',(#305,#306,#307,#308,#5527,#310,#311,#312,#313,#314,#315,#316,#317,#318,#319,#320));
#5529= IFCCARTESIANPOINT((67511.1715729206,10015.475099458,56786.8273772359));
#5530= IFCAXIS2PLACEMENT3D(#5529,#4452,#4453);
#5531= IFCLOCALPLACEMENT(#5518,#5530);
#5532= IFCSHAPEREPRESENTATION(#12,'Body','Brep',(#2168));
#5533= IFCSHAPEREPRESENTATION(#13,'Axis','GeometricCurveSet',(#2178));
#5534= IFCPRODUCTDEFINITIONSHAPE($,$,(#5532,#5533));
#5535= IFCFASTENER('2IwXMSKcv7AvFusGGRy0QE',#44,'Weld',$,$,#5531,#5534,'ID92ea159c-526e-472b-93f8-d9041bf0068e');
#5536= IFCPROPERTYSINGLEVALUE('WeldID',$,IFCINTEGER(115356813),$);
#5537= IFCPROPERTYSET('2xJ_a1tWfDsh5gWYQmTU_S',#5,'AISC_EM11_Pset_Weld','WeldIdentity',(#305,#306,#307,#308,#5536,#310,#311,#312,#313,#314,#315,#316,#317,#318,#319,#320));
#5538= IFCCARTESIANPOINT((67500.,9967.647,56729.998));
#5539= IFCAXIS2PLACEMENT3D(#5538,#4320,#9);
#5540= IFCLOCALPLACEMENT(#5518,#5539);
#5541= IFCSHAPEREPRESENTATION(#12,'Body','Brep',(#2237));
#5542= IFCSHAPEREPRESENTATION(#13,'Axis','GeometricCurveSet',(#379,#2241));
#5543= IFCPRODUCTDEFINITIONSHAPE($,$,(#5541,#5542));
#5544= IFCFASTENER('0Rw2SWOF12_uR3CUvTfbR8',#44,'Weld',$,$,#5540,#5543,'ID1be82720-60f0-42fb-86c3-31ee5da656c8');
#5545= IFCPROPERTYSINGLEVALUE('WeldID',$,IFCINTEGER(115356750),$);
#5546= IFCPROPERTYSET('1jmlX9jn9BGRHWFMhOQJXS',#5,'AISC_EM11_Pset_Weld','WeldIdentity',(#305,#306,#307,#308,#5545,#387,#311,#312,#388,#314,#389,#390,#317,#318,#319,#320));
#5547= IFCCARTESIANPOINT((67445.0000000023,9964.64742297803,56634.9981994629));
#5548= IFCAXIS2PLACEMENT3D(#5547,#9,#7);
#5549= IFCLOCALPLACEMENT(#5518,#5548);
#5550= IFCSHAPEREPRESENTATION(#12,'Body','SweptSolid',(#399));
#5551= IFCPRODUCTDEFINITIONSHAPE($,$,(#5550));
#5552= IFCDISCRETEACCESSORY('159NFYWrH5ihJ6qiVynyUC',#44,'Support section',$,$,#5549,#5551,'1050(?)');
#5553= IFCLOCALPLACEMENT(#5518,#5501);
#5554= IFCSHAPEREPRESENTATION(#12,'Body','MappedRepresentation',(#410,#411,#412));
#5555= IFCPRODUCTDEFINITIONSHAPE($,$,(#5554));
#5556= IFCOPENINGELEMENT('0WZUE4Q8HEd8jVqnVNb0Iq',#5,$,$,'Opening',#5553,#5555,$);
#5557= IFCRELVOIDSELEMENT('06zIPpDBX3EwAwl64mN2QS',#5,'Drill Hole',$,#5552,#5556);
#5558= IFCCARTESIANPOINT((67768.0000000459,9912.64667233212,56659.9989501104));
#5559= IFCAXIS2PLACEMENT3D(#5558,#4492,#4493);
#5560= IFCLOCALPLACEMENT(#5518,#5559);
#5561= IFCSHAPEREPRESENTATION(#12,'Body','Brep',(#675));
#5562= IFCPRODUCTDEFINITIONSHAPE($,$,(#5561));
#5563= IFCDISCRETEACCESSORY('0IJLa_UM1BNwiUaA23s6Fp',#44,'Support section',$,$,#5560,#5562,'1497(?)');
#5564= IFCCARTESIANPOINT((67768.000000047,10012.6466723332,56659.9989501104));
#5565= IFCAXIS2PLACEMENT3D(#5564,#4492,#4493);
#5566= IFCLOCALPLACEMENT(#5518,#5565);
#5567= IFCSHAPEREPRESENTATION(#12,'Body','Brep',(#675));
#5568= IFCPRODUCTDEFINITIONSHAPE($,$,(#5567));
#5569= IFCDISCRETEACCESSORY('0yC8PpuVn7pfiqLMmfY_Sq',#44,'Support section',$,$,#5566,#5568,'1497(?)');
#5570= IFCCARTESIANPOINT((67505.000000002,9958.54742307403,56609.9981994629));
#5571= IFCAXIS2PLACEMENT3D(#5570,#9,#8);
#5572= IFCLOCALPLACEMENT(#5518,#5571);
#5573= IFCSHAPEREPRESENTATION(#12,'Body','SweptSolid',(#695));
#5574= IFCPRODUCTDEFINITIONSHAPE($,$,(#5573));
#5575= IFCCOLUMN('39_3ifN6j2Wx$0lISvxF9H',#44,'main piece','PL10*200','PL10*200',#5572,#5574,'1496(?)');
#5576= IFCLOCALPLACEMENT(#42,#10);
#5577= IFCELEMENTASSEMBLY('1yT9MkAbjFnuGOhlHJ3WBu',#44,'BEAM',$,$,#5576,$,'B/647(?)',.NOTDEFINED.,.RIGID_FRAME.);
#5578= IFCPROPERTYSINGLEVALUE('AssemblyMark',$,IFCIDENTIFIER('B/647(?)'),$);
#5579= IFCPROPERTYSET('3iRuDcQOXFPwUOHsaWDygA',#5,'AISC_EM11_Pset_AssemblyIdentification','AssemblyIdentity',(#5578,#52,#53));
#5580= IFCCARTESIANPOINT((67490.0000000021,4219.50526440982,56849.9981994629));
#5581= IFCAXIS2PLACEMENT3D(#5580,#4320,#57);
#5582= IFCLOCALPLACEMENT(#5576,#5581);
#5583= IFCCARTESIANPOINT((0.,3.0999999005453,0.));
#5584= IFCAXIS2PLACEMENT3D(#5583,#8,#7);
#5585= IFCEXTRUDEDAREASOLID(#78,#5584,#9,8.);
#5586= IFCCARTESIANPOINT((0.,11.0999999005453,0.));
#5587= IFCAXIS2PLACEMENT3D(#5586,#8,#7);
#5588= IFCEXTRUDEDAREASOLID(#67,#5587,#9,13.);
#5589= IFCSHAPEREPRESENTATION(#12,'Body','SweptSolid',(#70,#77,#5585,#5588));
#5590= IFCREPRESENTATIONMAP(#10,#5589);
#5591= IFCMAPPEDITEM(#5590,#86);
#5592= IFCMAPPEDITEM(#5590,#91);
#5593= IFCMAPPEDITEM(#5590,#94);
#5594= IFCSHAPEREPRESENTATION(#12,'Body','MappedRepresentation',(#5591,#5592,#5593));
#5595= IFCSHAPEREPRESENTATION(#12,'Axis','MappedRepresentation',(#101,#102,#103));
#5596= IFCPRODUCTDEFINITIONSHAPE($,$,(#5594,#5595));
#5597= IFCMECHANICALFASTENER('0y_L4F1m9CmhplHf$1sS6d',#44,'Bolt assembly',$,$,#5582,#5596,'ID3cf9510f-0702-4cc2-bcef-469fc1d9c1a7',16.,40.);
#5598= IFCLOCALPLACEMENT(#42,#10);
#5599= IFCELEMENTASSEMBLY('2g17gnHbv4n8iBlyuWoFda',#44,$,$,$,#5598,$,'A/193(?)',.NOTDEFINED.,.RIGID_FRAME.);
#5600= IFCCARTESIANPOINT((67511.1715729195,4176.43294079275,56786.8273772359));
#5601= IFCAXIS2PLACEMENT3D(#5600,#4452,#4453);
#5602= IFCLOCALPLACEMENT(#5598,#5601);
#5603= IFCSHAPEREPRESENTATION(#12,'Body','Brep',(#2168));
#5604= IFCSHAPEREPRESENTATION(#13,'Axis','GeometricCurveSet',(#2178));
#5605= IFCPRODUCTDEFINITIONSHAPE($,$,(#5603,#5604));
#5606= IFCFASTENER('0AX9Ka5Rb8guMGRNKQ_a5m',#44,'Weld',$,$,#5602,#5605,'ID0a849524-15b9-48ab-8590-6d751afa4170');
#5607= IFCPROPERTYSINGLEVALUE('WeldID',$,IFCINTEGER(115356467),$);
#5608= IFCPROPERTYSET('3G7CEmmhfDluKjx7UXwyNX',#5,'AISC_EM11_Pset_Weld','WeldIdentity',(#305,#306,#307,#308,#5607,#310,#311,#312,#313,#314,#315,#316,#317,#318,#319,#320));
#5609= IFCCARTESIANPOINT((67511.1715729206,4276.43294079384,56786.8273772359));
#5610= IFCAXIS2PLACEMENT3D(#5609,#4452,#4453);
#5611= IFCLOCALPLACEMENT(#5598,#5610);
#5612= IFCSHAPEREPRESENTATION(#12,'Body','Brep',(#2168));
#5613= IFCSHAPEREPRESENTATION(#13,'Axis','GeometricCurveSet',(#2178));
#5614= IFCPRODUCTDEFINITIONSHAPE($,$,(#5612,#5613));
#5615= IFCFASTENER('3$UivXbN99LO4CZmpiS8HW',#44,'Weld',$,$,#5611,#5614,'IDff7ace61-9572-4955-810c-8f0cec708460');
#5616= IFCPROPERTYSINGLEVALUE('WeldID',$,IFCINTEGER(115356422),$);
#5617= IFCPROPERTYSET('2x8pOOR4T3fQThvnUkRMOl',#5,'AISC_EM11_Pset_Weld','WeldIdentity',(#305,#306,#307,#308,#5616,#310,#311,#312,#313,#314,#315,#316,#317,#318,#319,#320));
#5618= IFCCARTESIANPOINT((67500.,4228.605,56729.998));
#5619= IFCAXIS2PLACEMENT3D(#5618,#4320,#9);
#5620= IFCLOCALPLACEMENT(#5598,#5619);
#5621= IFCSHAPEREPRESENTATION(#12,'Body','Brep',(#2237));
#5622= IFCSHAPEREPRESENTATION(#13,'Axis','GeometricCurveSet',(#379,#2241));
#5623= IFCPRODUCTDEFINITIONSHAPE($,$,(#5621,#5622));
#5624= IFCFASTENER('3kZVU99kD61O6buQKi9lxu',#44,'Weld',$,$,#5620,#5623,'IDee8df789-26e3-4605-81a5-e1a52c26fef8');
#5625= IFCPROPERTYSINGLEVALUE('WeldID',$,IFCINTEGER(115356359),$);
#5626= IFCPROPERTYSET('1eI8odtCf8jxGiKJc1GUec',#5,'AISC_EM11_Pset_Weld','WeldIdentity',(#305,#306,#307,#308,#5625,#387,#311,#312,#388,#314,#389,#390,#317,#318,#319,#320));
#5627= IFCCARTESIANPOINT((67445.0000000023,4225.60526431391,56634.9981994629));
#5628= IFCAXIS2PLACEMENT3D(#5627,#9,#7);
#5629= IFCLOCALPLACEMENT(#5598,#5628);
#5630= IFCSHAPEREPRESENTATION(#12,'Body','SweptSolid',(#399));
#5631= IFCPRODUCTDEFINITIONSHAPE($,$,(#5630));
#5632= IFCDISCRETEACCESSORY('0BbsUC0SX3pQJilR$S5QoM',#44,'Support section',$,$,#5629,#5631,'1050(?)');
#5633= IFCLOCALPLACEMENT(#5598,#5581);
#5634= IFCSHAPEREPRESENTATION(#12,'Body','MappedRepresentation',(#410,#411,#412));
#5635= IFCPRODUCTDEFINITIONSHAPE($,$,(#5634));
#5636= IFCOPENINGELEMENT('3jv_1TrdL3iRvBJeD4ZhFY',#5,$,$,'Opening',#5633,#5635,$);
#5637= IFCRELVOIDSELEMENT('1zmc09VJLDIuRf8pf4LaTw',#5,'Drill Hole',$,#5632,#5636);
#5638= IFCCARTESIANPOINT((67768.0000000459,4173.604513668,56659.9989501104));
#5639= IFCAXIS2PLACEMENT3D(#5638,#4492,#4493);
#5640= IFCLOCALPLACEMENT(#5598,#5639);
#5641= IFCSHAPEREPRESENTATION(#12,'Body','Brep',(#675));
#5642= IFCPRODUCTDEFINITIONSHAPE($,$,(#5641));
#5643= IFCDISCRETEACCESSORY('0NFvFu_dP5vuKHAQTOCuH_',#44,'Support section',$,$,#5640,#5642,'1497(?)');
#5644= IFCCARTESIANPOINT((67768.000000047,4273.6045136691,56659.9989501104));
#5645= IFCAXIS2PLACEMENT3D(#5644,#4492,#4493);
#5646= IFCLOCALPLACEMENT(#5598,#5645);
#5647= IFCSHAPEREPRESENTATION(#12,'Body','Brep',(#675));
#5648= IFCPRODUCTDEFINITIONSHAPE($,$,(#5647));
#5649= IFCDISCRETEACCESSORY('2OqSgg6TPBP9KQdZs$tSX2',#44,'Support section',$,$,#5646,#5648,'1497(?)');
#5650= IFCCARTESIANPOINT((67505.000000002,4219.50526440992,56609.9981994629));
#5651= IFCAXIS2PLACEMENT3D(#5650,#9,#8);
#5652= IFCLOCALPLACEMENT(#5598,#5651);
#5653= IFCSHAPEREPRESENTATION(#12,'Body','SweptSolid',(#695));
#5654= IFCPRODUCTDEFINITIONSHAPE($,$,(#5653));
#5655= IFCCOLUMN('1dcLwDA4v0oRzrDSY8lXVZ',#44,'main piece','PL10*200','PL10*200',#5652,#5654,'1496(?)');
#5656= IFCLOCALPLACEMENT(#42,#10);
#5657= IFCELEMENTASSEMBLY('2pCWn$1kH6$wv381O18m3M',#44,'BEAM',$,$,#5656,$,'B/648(?)',.NOTDEFINED.,.RIGID_FRAME.);
#5658= IFCPROPERTYSINGLEVALUE('AssemblyMark',$,IFCIDENTIFIER('B/648(?)'),$);
#5659= IFCPROPERTYSET('0L1fOBIhz6VhDifO_sGrIm',#5,'AISC_EM11_Pset_AssemblyIdentification','AssemblyIdentity',(#5658,#52,#53));
#5660= IFCCARTESIANPOINT((67490.0000000021,4689.50457776431,56849.9981994629));
#5661= IFCAXIS2PLACEMENT3D(#5660,#4320,#57);
#5662= IFCLOCALPLACEMENT(#5656,#5661);
#5663= IFCSHAPEREPRESENTATION(#12,'Body','MappedRepresentation',(#5591,#5592,#5593));
#5664= IFCSHAPEREPRESENTATION(#12,'Axis','MappedRepresentation',(#101,#102,#103));
#5665= IFCPRODUCTDEFINITIONSHAPE($,$,(#5663,#5664));
#5666= IFCMECHANICALFASTENER('23MloUpFjE8v3Y54csXto$',#44,'Bolt assembly',$,$,#5662,#5665,'ID835afc9e-ccfb-4e23-90e2-1449b6877cbf',16.,40.);
#5667= IFCLOCALPLACEMENT(#42,#10);
#5668= IFCELEMENTASSEMBLY('0LKGDc0G1AigVwvJbzsaxE',#44,$,$,$,#5667,$,'A/193(?)',.NOTDEFINED.,.RIGID_FRAME.);
#5669= IFCCARTESIANPOINT((67511.1715729195,4646.43225414724,56786.8273772359));
#5670= IFCAXIS2PLACEMENT3D(#5669,#4452,#4453);
#5671= IFCLOCALPLACEMENT(#5667,#5670);
#5672= IFCSHAPEREPRESENTATION(#12,'Body','Brep',(#2168));
#5673= IFCSHAPEREPRESENTATION(#13,'Axis','GeometricCurveSet',(#2178));
#5674= IFCPRODUCTDEFINITIONSHAPE($,$,(#5672,#5673));
#5675= IFCFASTENER('3hwygL6rP5pOvOiJ1dZCLb',#44,'Weld',$,$,#5671,#5674,'IDebebca95-1b56-45cd-8e58-b130678cc565');
#5676= IFCPROPERTYSINGLEVALUE('WeldID',$,IFCINTEGER(115356076),$);
#5677= IFCPROPERTYSET('0HzepUgEj7GAPcZ2yk6A3w',#5,'AISC_EM11_Pset_Weld','WeldIdentity',(#305,#306,#307,#308,#5676,#310,#311,#312,#313,#314,#315,#316,#317,#318,#319,#320));
#5678= IFCCARTESIANPOINT((67511.1715729206,4746.43225414833,56786.8273772359));
#5679= IFCAXIS2PLACEMENT3D(#5678,#4452,#4453);
#5680= IFCLOCALPLACEMENT(#5667,#5679);
#5681= IFCSHAPEREPRESENTATION(#12,'Body','Brep',(#2168));
#5682= IFCSHAPEREPRESENTATION(#13,'Axis','GeometricCurveSet',(#2178));
#5683= IFCPRODUCTDEFINITIONSHAPE($,$,(#5681,#5682));
#5684= IFCFASTENER('2L$chlYefALOFRqjVrvR3V',#44,'Weld',$,$,#5680,#5683,'ID95fe6aef-8a8a-4a55-83db-d2d7f5e5b0df');
#5685= IFCPROPERTYSINGLEVALUE('WeldID',$,IFCINTEGER(115356031),$);
#5686= IFCPROPERTYSET('2FqWdgoiX7KOZY8_TZNilV',#5,'AISC_EM11_Pset_Weld','WeldIdentity',(#305,#306,#307,#308,#5685,#310,#311,#312,#313,#314,#315,#316,#317,#318,#319,#320));
#5687= IFCCARTESIANPOINT((67500.,4698.605,56729.998));
#5688= IFCAXIS2PLACEMENT3D(#5687,#4320,#9);
#5689= IFCLOCALPLACEMENT(#5667,#5688);
#5690= IFCSHAPEREPRESENTATION(#12,'Body','Brep',(#2237));
#5691= IFCSHAPEREPRESENTATION(#13,'Axis','GeometricCurveSet',(#379,#2241));
#5692= IFCPRODUCTDEFINITIONSHAPE($,$,(#5690,#5691));
#5693= IFCFASTENER('3pBKb_V3TDJh88A36VPPt5',#44,'Weld',$,$,#5689,#5692,'IDf32d497e-7c37-4d4e-b208-28319f659dc5');
#5694= IFCPROPERTYSINGLEVALUE('WeldID',$,IFCINTEGER(115355968),$);
#5695= IFCPROPERTYSET('0KDTrpzg98kht4tHH0frQC',#5,'AISC_EM11_Pset_Weld','WeldIdentity',(#305,#306,#307,#308,#5694,#387,#311,#312,#388,#314,#389,#390,#317,#318,#319,#320));
#5696= IFCCARTESIANPOINT((67445.0000000023,4695.6045776684,56634.9981994629));
#5697= IFCAXIS2PLACEMENT3D(#5696,#9,#7);
#5698= IFCLOCALPLACEMENT(#5667,#5697);
#5699= IFCSHAPEREPRESENTATION(#12,'Body','SweptSolid',(#399));
#5700= IFCPRODUCTDEFINITIONSHAPE($,$,(#5699));
#5701= IFCDISCRETEACCESSORY('198dM1US10j9hQnrspgAcC',#44,'Support section',$,$,#5698,#5700,'1050(?)');
#5702= IFCLOCALPLACEMENT(#5667,#5661);
#5703= IFCSHAPEREPRESENTATION(#12,'Body','MappedRepresentation',(#410,#411,#412));
#5704= IFCPRODUCTDEFINITIONSHAPE($,$,(#5703));
#5705= IFCOPENINGELEMENT('0CHIqug95FhhHq86I3WySi',#5,$,$,'Opening',#5702,#5704,$);
#5706= IFCRELVOIDSELEMENT('2QkpdlzM97EwXpxYqF_buw',#5,'Drill Hole',$,#5701,#5705);
#5707= IFCCARTESIANPOINT((67768.0000000459,4643.6038270225,56659.9989501104));
#5708= IFCAXIS2PLACEMENT3D(#5707,#4492,#4493);
#5709= IFCLOCALPLACEMENT(#5667,#5708);
#5710= IFCSHAPEREPRESENTATION(#12,'Body','Brep',(#675));
#5711= IFCPRODUCTDEFINITIONSHAPE($,$,(#5710));
#5712= IFCDISCRETEACCESSORY('3MKCLS55P8IfkYdCkAIaRr',#44,'Support section',$,$,#5709,#5711,'1497(?)');
#5713= IFCCARTESIANPOINT((67768.000000047,4743.60382702359,56659.9989501104));
#5714= IFCAXIS2PLACEMENT3D(#5713,#4492,#4493);
#5715= IFCLOCALPLACEMENT(#5667,#5714);
#5716= IFCSHAPEREPRESENTATION(#12,'Body','Brep',(#675));
#5717= IFCPRODUCTDEFINITIONSHAPE($,$,(#5716));
#5718= IFCDISCRETEACCESSORY('0e1JDnoCT5D9GEZqF6QqAg',#44,'Support section',$,$,#5715,#5717,'1497(?)');
#5719= IFCCARTESIANPOINT((67505.000000002,4689.50457776441,56609.9981994629));
#5720= IFCAXIS2PLACEMENT3D(#5719,#9,#8);
#5721= IFCLOCALPLACEMENT(#5667,#5720);
#5722= IFCSHAPEREPRESENTATION(#12,'Body','SweptSolid',(#695));
#5723= IFCPRODUCTDEFINITIONSHAPE($,$,(#5722));
#5724= IFCCOLUMN('1QWitY7ND5SgyXYN7QEhNF',#44,'main piece','PL10*200','PL10*200',#5721,#5723,'1496(?)');
#5725= IFCLOCALPLACEMENT(#42,#10);
#5726= IFCELEMENTASSEMBLY('1vDwB49JTFiwrAh4s1fCuC',#44,'BEAM',$,$,#5725,$,'B/658(?)',.NOTDEFINED.,.RIGID_FRAME.);
#5727= IFCCARTESIANPOINT((34509.9999999979,18912.1187845633,56834.9981994629));
#5728= IFCAXIS2PLACEMENT3D(#5727,#7,#57);
#5729= IFCLOCALPLACEMENT(#5725,#5728);
#5730= IFCSHAPEREPRESENTATION(#12,'Body','MappedRepresentation',(#4281,#4282,#4283));
#5731= IFCSHAPEREPRESENTATION(#12,'Axis','MappedRepresentation',(#101,#102,#103));
#5732= IFCPRODUCTDEFINITIONSHAPE($,$,(#5730,#5731));
#5733= IFCMECHANICALFASTENER('3FQIYEJ9X3fvOKj2wuUB0w',#44,'Bolt assembly',$,$,#5729,#5732,'IDcf69288e-4c98-43a7-9614-b42eb878b03a',16.,40.);
#5734= IFCLOCALPLACEMENT(#42,#10);
#5735= IFCELEMENTASSEMBLY('0tsMR41MfBUAJWCQ5rj5LM',#44,$,$,$,#5734,$,'A/193(?)',.NOTDEFINED.,.RIGID_FRAME.);
#5736= IFCCARTESIANPOINT((34488.8284270805,18955.1911081803,56771.8273772359));
#5737= IFCAXIS2PLACEMENT3D(#5736,#4291,#4292);
#5738= IFCLOCALPLACEMENT(#5734,#5737);
#5739= IFCSHAPEREPRESENTATION(#12,'Body','Brep',(#2168));
#5740= IFCSHAPEREPRESENTATION(#13,'Axis','GeometricCurveSet',(#2178));
#5741= IFCPRODUCTDEFINITIONSHAPE($,$,(#5739,#5740));
#5742= IFCFASTENER('3_rXvRwKz6dBdeaKjDIwLi',#44,'Weld',$,$,#5738,#5741,'IDfed61e5b-e94f-469c-b9e8-914b4d4ba56c');
#5743= IFCPROPERTYSINGLEVALUE('WeldID',$,IFCINTEGER(115355685),$);
#5744= IFCPROPERTYSET('3Im9yOwuj9kAmQvgdnmvwl',#5,'AISC_EM11_Pset_Weld','WeldIdentity',(#305,#306,#307,#308,#5743,#310,#311,#312,#313,#314,#315,#316,#317,#318,#319,#320));
#5745= IFCCARTESIANPOINT((34488.8284270794,18855.1911081793,56771.8273772359));
#5746= IFCAXIS2PLACEMENT3D(#5745,#4291,#4292);
#5747= IFCLOCALPLACEMENT(#5734,#5746);
#5748= IFCSHAPEREPRESENTATION(#12,'Body','Brep',(#2168));
#5749= IFCSHAPEREPRESENTATION(#13,'Axis','GeometricCurveSet',(#2178));
#5750= IFCPRODUCTDEFINITIONSHAPE($,$,(#5748,#5749));
#5751= IFCFASTENER('3TjaS5eTrA6gMmGyEsD0Ih',#44,'Weld',$,$,#5747,#5750,'IDddb64705-a1dd-4a1a-a5b0-43c3b63404ab');
#5752= IFCPROPERTYSINGLEVALUE('WeldID',$,IFCINTEGER(115355640),$);
#5753= IFCPROPERTYSET('3nhOHJGgDBEAhy169hmo_h',#5,'AISC_EM11_Pset_Weld','WeldIdentity',(#305,#306,#307,#308,#5752,#310,#311,#312,#313,#314,#315,#316,#317,#318,#319,#320));
#5754= IFCCARTESIANPOINT((34500.,18903.019,56714.998));
#5755= IFCAXIS2PLACEMENT3D(#5754,#7,#9);
#5756= IFCLOCALPLACEMENT(#5734,#5755);
#5757= IFCSHAPEREPRESENTATION(#12,'Body','Brep',(#2237));
#5758= IFCSHAPEREPRESENTATION(#13,'Axis','GeometricCurveSet',(#379,#2241));
#5759= IFCPRODUCTDEFINITIONSHAPE($,$,(#5757,#5758));
#5760= IFCFASTENER('2kC_Cljpn0gB3WpJ164_mf',#44,'Weld',$,$,#5756,#5759,'IDae33e32f-b73c-40a8-b0e0-cd304613ec29');
#5761= IFCPROPERTYSINGLEVALUE('WeldID',$,IFCINTEGER(115355577),$);
#5762= IFCPROPERTYSET('3YO1ZmaDD3thLsnWVIeCsm',#5,'AISC_EM11_Pset_Weld','WeldIdentity',(#305,#306,#307,#308,#5761,#387,#311,#312,#388,#314,#389,#390,#317,#318,#319,#320));
#5763= IFCCARTESIANPOINT((34554.9999999977,18906.0187846592,56619.9981994629));
#5764= IFCAXIS2PLACEMENT3D(#5763,#9,#4320);
#5765= IFCLOCALPLACEMENT(#5734,#5764);
#5766= IFCSHAPEREPRESENTATION(#12,'Body','SweptSolid',(#399));
#5767= IFCPRODUCTDEFINITIONSHAPE($,$,(#5766));
#5768= IFCDISCRETEACCESSORY('3bE3KpXtn8PwYXQ4qac1rv',#44,'Support section',$,$,#5765,#5767,'1050(?)');
#5769= IFCLOCALPLACEMENT(#5734,#5728);
#5770= IFCSHAPEREPRESENTATION(#12,'Body','MappedRepresentation',(#410,#411,#412));
#5771= IFCPRODUCTDEFINITIONSHAPE($,$,(#5770));
#5772= IFCOPENINGELEMENT('1vIV4z1R59mv0iTIB3T1nt',#5,$,$,'Opening',#5769,#5771,$);
#5773= IFCRELVOIDSELEMENT('07uGX0DUn0G98hjZKjjGTF',#5,'Drill Hole',$,#5768,#5772);
#5774= IFCCARTESIANPOINT((34231.9999999541,18958.0195353051,56644.9989501104));
#5775= IFCAXIS2PLACEMENT3D(#5774,#4332,#4333);
#5776= IFCLOCALPLACEMENT(#5734,#5775);
#5777= IFCSHAPEREPRESENTATION(#12,'Body','Brep',(#675));
#5778= IFCPRODUCTDEFINITIONSHAPE($,$,(#5777));
#5779= IFCDISCRETEACCESSORY('0ZzeCfNvL39hDe_7hYhsqV',#44,'Support section',$,$,#5776,#5778,'1497(?)');
#5780= IFCCARTESIANPOINT((34231.999999953,18858.019535304,56644.9989501104));
#5781= IFCAXIS2PLACEMENT3D(#5780,#4332,#4333);
#5782= IFCLOCALPLACEMENT(#5734,#5781);
#5783= IFCSHAPEREPRESENTATION(#12,'Body','Brep',(#675));
#5784= IFCPRODUCTDEFINITIONSHAPE($,$,(#5783));
#5785= IFCDISCRETEACCESSORY('3ZqQYIRAvAYADGNMy8HFPk',#44,'Support section',$,$,#5782,#5784,'1497(?)');
#5786= IFCCARTESIANPOINT((34494.999999998,18912.1187845632,56594.9981994629));
#5787= IFCAXIS2PLACEMENT3D(#5786,#9,#740);
#5788= IFCLOCALPLACEMENT(#5734,#5787);
#5789= IFCSHAPEREPRESENTATION(#12,'Body','SweptSolid',(#695));
#5790= IFCPRODUCTDEFINITIONSHAPE($,$,(#5789));
#5791= IFCCOLUMN('3PySWSuVL6dBzEH3fhsVAT',#44,'main piece','PL10*200','PL10*200',#5788,#5790,'1496(?)');
#5792= IFCLOCALPLACEMENT(#42,#10);
#5793= IFCELEMENTASSEMBLY('13D7cOgVf8BuYMYuYkRicP',#44,'BEAM',$,$,#5792,$,'B/659(?)',.NOTDEFINED.,.RIGID_FRAME.);
#5794= IFCPROPERTYSINGLEVALUE('AssemblyMark',$,IFCIDENTIFIER('B/659(?)'),$);
#5795= IFCPROPERTYSET('0U5JX$puTET8kjzfjIKP$g',#5,'AISC_EM11_Pset_AssemblyIdentification','AssemblyIdentity',(#5794,#52,#53));
#5796= IFCCARTESIANPOINT((34509.9999999979,19647.1193949148,56834.9981994629));
#5797= IFCAXIS2PLACEMENT3D(#5796,#7,#57);
#5798= IFCLOCALPLACEMENT(#5792,#5797);
#5799= IFCSHAPEREPRESENTATION(#12,'Body','MappedRepresentation',(#4281,#4282,#4283));
#5800= IFCSHAPEREPRESENTATION(#12,'Axis','MappedRepresentation',(#101,#102,#103));
#5801= IFCPRODUCTDEFINITIONSHAPE($,$,(#5799,#5800));
#5802= IFCMECHANICALFASTENER('0NLxpJTqj599cK0qYGYb2w',#44,'Bolt assembly',$,$,#5798,#5801,'ID1757bcd3-774b-4524-9994-0348908a50ba',16.,40.);
#5803= IFCLOCALPLACEMENT(#42,#10);
#5804= IFCELEMENTASSEMBLY('1GZfwEo9b8aP$RE$tmvgVh',#44,$,$,$,#5803,$,'A/193(?)',.NOTDEFINED.,.RIGID_FRAME.);
#5805= IFCCARTESIANPOINT((34488.8284270805,19690.1917185319,56771.8273772359));
#5806= IFCAXIS2PLACEMENT3D(#5805,#4291,#4292);
#5807= IFCLOCALPLACEMENT(#5803,#5806);
#5808= IFCSHAPEREPRESENTATION(#12,'Body','Brep',(#2168));
#5809= IFCSHAPEREPRESENTATION(#13,'Axis','GeometricCurveSet',(#2178));
#5810= IFCPRODUCTDEFINITIONSHAPE($,$,(#5808,#5809));
#5811= IFCFASTENER('0_YKqAIGT2o8pTUmxIdmA7',#44,'Weld',$,$,#5807,#5810,'ID3e894d0a-4907-42c8-8cdd-7b0ed29f0287');
#5812= IFCPROPERTYSINGLEVALUE('WeldID',$,IFCINTEGER(115355294),$);
#5813= IFCPROPERTYSET('2GwLDsJiD0sx32AsBq0UNO',#5,'AISC_EM11_Pset_Weld','WeldIdentity',(#305,#306,#307,#308,#5812,#310,#311,#312,#313,#314,#315,#316,#317,#318,#319,#320));
#5814= IFCCARTESIANPOINT((34488.8284270794,19590.1917185308,56771.8273772359));
#5815= IFCAXIS2PLACEMENT3D(#5814,#4291,#4292);
#5816= IFCLOCALPLACEMENT(#5803,#5815);
#5817= IFCSHAPEREPRESENTATION(#12,'Body','Brep',(#2168));
#5818= IFCSHAPEREPRESENTATION(#13,'Axis','GeometricCurveSet',(#2178));
#5819= IFCPRODUCTDEFINITIONSHAPE($,$,(#5817,#5818));
#5820= IFCFASTENER('0foVyEUBj8A8CJTgAzqQaj',#44,'Weld',$,$,#5816,#5819,'ID29c9ff0e-78bb-4828-8313-76a2bdd1a92d');
#5821= IFCPROPERTYSINGLEVALUE('WeldID',$,IFCINTEGER(115355249),$);
#5822= IFCPROPERTYSET('1fHsikaoj8T82C2h$xDPNx',#5,'AISC_EM11_Pset_Weld','WeldIdentity',(#305,#306,#307,#308,#5821,#310,#311,#312,#313,#314,#315,#316,#317,#318,#319,#320));
#5823= IFCCARTESIANPOINT((34500.,19638.019,56714.998));
#5824= IFCAXIS2PLACEMENT3D(#5823,#7,#9);
#5825= IFCLOCALPLACEMENT(#5803,#5824);
#5826= IFCSHAPEREPRESENTATION(#12,'Body','Brep',(#2237));
#5827= IFCSHAPEREPRESENTATION(#13,'Axis','GeometricCurveSet',(#379,#2241));
#5828= IFCPRODUCTDEFINITIONSHAPE($,$,(#5826,#5827));
#5829= IFCFASTENER('3sGj4_4fj1vf8v_s1xa$y$',#44,'Weld',$,$,#5825,#5828,'IDf642d13e-129b-41e6-9239-fb607b93ff3f');
#5830= IFCPROPERTYSINGLEVALUE('WeldID',$,IFCINTEGER(115355186),$);
#5831= IFCPROPERTYSET('20fI_9HS59Y9z5ydDYB_0r',#5,'AISC_EM11_Pset_Weld','WeldIdentity',(#305,#306,#307,#308,#5830,#387,#311,#312,#388,#314,#389,#390,#317,#318,#319,#320));
#5832= IFCCARTESIANPOINT((34554.9999999977,19641.0193950107,56619.9981994629));
#5833= IFCAXIS2PLACEMENT3D(#5832,#9,#4320);
#5834= IFCLOCALPLACEMENT(#5803,#5833);
#5835= IFCSHAPEREPRESENTATION(#12,'Body','SweptSolid',(#399));
#5836= IFCPRODUCTDEFINITIONSHAPE($,$,(#5835));
#5837= IFCDISCRETEACCESSORY('2GMF4gCFTDoge0Sn2esSRG',#44,'Support section',$,$,#5834,#5836,'1050(?)');
#5838= IFCLOCALPLACEMENT(#5803,#5797);
#5839= IFCSHAPEREPRESENTATION(#12,'Body','MappedRepresentation',(#410,#411,#412));
#5840= IFCPRODUCTDEFINITIONSHAPE($,$,(#5839));
#5841= IFCOPENINGELEMENT('36w9$yeAPDmRicJdafJFud',#5,$,$,'Opening',#5838,#5840,$);
#5842= IFCRELVOIDSELEMENT('1_bSevJKnFvxtEhq8YkNV8',#5,'Drill Hole',$,#5837,#5841);
#5843= IFCCARTESIANPOINT((34231.9999999541,19693.0201456567,56644.9989501104));
#5844= IFCAXIS2PLACEMENT3D(#5843,#4332,#4333);
#5845= IFCLOCALPLACEMENT(#5803,#5844);
#5846= IFCSHAPEREPRESENTATION(#12,'Body','Brep',(#675));
#5847= IFCPRODUCTDEFINITIONSHAPE($,$,(#5846));
#5848= IFCDISCRETEACCESSORY('2Zp4kbmpP6xRB90jkLyOTi',#44,'Support section',$,$,#5845,#5847,'1497(?)');
#5849= IFCCARTESIANPOINT((34231.999999953,19593.0201456556,56644.9989501104));
#5850= IFCAXIS2PLACEMENT3D(#5849,#4332,#4333);
#5851= IFCLOCALPLACEMENT(#5803,#5850);
#5852= IFCSHAPEREPRESENTATION(#12,'Body','Brep',(#675));
#5853= IFCPRODUCTDEFINITIONSHAPE($,$,(#5852));
#5854= IFCDISCRETEACCESSORY('3EB4MH4_X9ZOdHdPJI0Tjt',#44,'Support section',$,$,#5851,#5853,'1497(?)');
#5855= IFCCARTESIANPOINT((34494.999999998,19647.1193949147,56594.9981994629));
#5856= IFCAXIS2PLACEMENT3D(#5855,#9,#740);
#5857= IFCLOCALPLACEMENT(#5803,#5856);
#5858= IFCSHAPEREPRESENTATION(#12,'Body','SweptSolid',(#695));
#5859= IFCPRODUCTDEFINITIONSHAPE($,$,(#5858));
#5860= IFCCOLUMN('2ckiIgs5r3cB$dSUMsecj$',#44,'main piece','PL10*200','PL10*200',#5857,#5859,'1496(?)');
#5861= IFCLOCALPLACEMENT(#42,#10);
#5862= IFCELEMENTASSEMBLY('09D6sx$Fj4xPtNUO2MrFLg',#44,'BEAM',$,$,#5861,$,'B/598(?)',.NOTDEFINED.,.RIGID_FRAME.);
#5863= IFCPROPERTYSINGLEVALUE('AssemblyMark',$,IFCIDENTIFIER('B/598(?)'),$);
#5864= IFCPROPERTYSET('1CKNoL$rrCBea5cXLq2sPP',#5,'AISC_EM11_Pset_AssemblyIdentification','AssemblyIdentity',(#5863,#52,#53));
#5865= IFCCARTESIANPOINT((34509.9999999979,9958.49259843152,56849.9981994629));
#5866= IFCAXIS2PLACEMENT3D(#5865,#7,#57);
#5867= IFCLOCALPLACEMENT(#5861,#5866);
#5868= IFCCARTESIANPOINT((0.,3.1002939006722,0.));
#5869= IFCAXIS2PLACEMENT3D(#5868,#8,#7);
#5870= IFCEXTRUDEDAREASOLID(#78,#5869,#9,8.);
#5871= IFCCARTESIANPOINT((0.,11.1002939006722,0.));
#5872= IFCAXIS2PLACEMENT3D(#5871,#8,#7);
#5873= IFCEXTRUDEDAREASOLID(#67,#5872,#9,13.);
#5874= IFCSHAPEREPRESENTATION(#12,'Body','SweptSolid',(#70,#77,#5870,#5873));
#5875= IFCREPRESENTATIONMAP(#10,#5874);
#5876= IFCMAPPEDITEM(#5875,#86);
#5877= IFCMAPPEDITEM(#5875,#91);
#5878= IFCMAPPEDITEM(#5875,#94);
#5879= IFCSHAPEREPRESENTATION(#12,'Body','MappedRepresentation',(#5876,#5877,#5878));
#5880= IFCSHAPEREPRESENTATION(#12,'Axis','MappedRepresentation',(#101,#102,#103));
#5881= IFCPRODUCTDEFINITIONSHAPE($,$,(#5879,#5880));
#5882= IFCMECHANICALFASTENER('2zeGKxUgr8ZxAmc10g7Nq5',#44,'Bolt assembly',$,$,#5867,#5881,'IDbda1053b-7aad-488f-b2b0-98102a1d7d05',16.,40.);
#5883= IFCLOCALPLACEMENT(#42,#10);
#5884= IFCELEMENTASSEMBLY('1SCVDnU715dRXrasxSXASJ',#44,$,$,$,#5883,$,'A/193(?)',.NOTDEFINED.,.RIGID_FRAME.);
#5885= IFCCARTESIANPOINT((34488.8284270805,10001.5649220486,56786.8273772359));
#5886= IFCAXIS2PLACEMENT3D(#5885,#4291,#4292);
#5887= IFCLOCALPLACEMENT(#5883,#5886);
#5888= IFCSHAPEREPRESENTATION(#12,'Body','Brep',(#2168));
#5889= IFCSHAPEREPRESENTATION(#13,'Axis','GeometricCurveSet',(#2178));
#5890= IFCPRODUCTDEFINITIONSHAPE($,$,(#5888,#5889));
#5891= IFCFASTENER('0fituGM0b0BhBKH24h9U4I',#44,'Weld',$,$,#5887,#5890,'ID29b37e10-5809-402e-b2d4-44212b25e112');
#5892= IFCPROPERTYSINGLEVALUE('WeldID',$,IFCINTEGER(115354903),$);
#5893= IFCPROPERTYSET('2HQg2O77r5EuNXIuYGxt8u',#5,'AISC_EM11_Pset_Weld','WeldIdentity',(#305,#306,#307,#308,#5892,#310,#311,#312,#313,#314,#315,#316,#317,#318,#319,#320));
#5894= IFCCARTESIANPOINT((34488.8284270794,9901.5649220475,56786.8273772359));
#5895= IFCAXIS2PLACEMENT3D(#5894,#4291,#4292);
#5896= IFCLOCALPLACEMENT(#5883,#5895);
#5897= IFCSHAPEREPRESENTATION(#12,'Body','Brep',(#2168));
#5898= IFCSHAPEREPRESENTATION(#13,'Axis','GeometricCurveSet',(#2178));
#5899= IFCPRODUCTDEFINITIONSHAPE($,$,(#5897,#5898));
#5900= IFCFASTENER('0eK0ESczb3FBCXbxyyEmnu',#44,'Weld',$,$,#5896,#5899,'ID2850039c-9bd9-433c-b321-97bf3c3b0c78');
#5901= IFCPROPERTYSINGLEVALUE('WeldID',$,IFCINTEGER(115354858),$);
#5902= IFCPROPERTYSET('3pQTc5PsXFcABmwGrMFiIj',#5,'AISC_EM11_Pset_Weld','WeldIdentity',(#305,#306,#307,#308,#5901,#310,#311,#312,#313,#314,#315,#316,#317,#318,#319,#320));
#5903= IFCCARTESIANPOINT((34500.,9949.393,56729.998));
#5904= IFCAXIS2PLACEMENT3D(#5903,#7,#9);
#5905= IFCLOCALPLACEMENT(#5883,#5904);
#5906= IFCSHAPEREPRESENTATION(#12,'Body','Brep',(#2237));
#5907= IFCSHAPEREPRESENTATION(#13,'Axis','GeometricCurveSet',(#379,#2241));
#5908= IFCPRODUCTDEFINITIONSHAPE($,$,(#5906,#5907));
#5909= IFCFASTENER('3L8ZKhaiH8SvvcQVxDLmgv',#44,'Weld',$,$,#5905,#5908,'IDd522352b-92c4-4873-9e66-69fecd570ab9');
#5910= IFCPROPERTYSINGLEVALUE('WeldID',$,IFCINTEGER(115354795),$);
#5911= IFCPROPERTYSET('3T_ufkt5LE4RzquiYww$C3',#5,'AISC_EM11_Pset_Weld','WeldIdentity',(#305,#306,#307,#308,#5910,#387,#311,#312,#388,#314,#389,#390,#317,#318,#319,#320));
#5912= IFCCARTESIANPOINT((34554.9999999977,9952.39259852743,56634.9981994629));
#5913= IFCAXIS2PLACEMENT3D(#5912,#9,#4320);
#5914= IFCLOCALPLACEMENT(#5883,#5913);
#5915= IFCSHAPEREPRESENTATION(#12,'Body','SweptSolid',(#399));
#5916= IFCPRODUCTDEFINITIONSHAPE($,$,(#5915));
#5917= IFCDISCRETEACCESSORY('3XaH_wUWv0oP_3Nq98CHgh',#44,'Support section',$,$,#5914,#5916,'1050(?)');
#5918= IFCLOCALPLACEMENT(#5883,#5866);
#5919= IFCSHAPEREPRESENTATION(#12,'Body','MappedRepresentation',(#410,#411,#412));
#5920= IFCPRODUCTDEFINITIONSHAPE($,$,(#5919));
#5921= IFCOPENINGELEMENT('2seJHXLq18xwB7IH5svg_n',#5,$,$,'Opening',#5918,#5920,$);
#5922= IFCRELVOIDSELEMENT('0LRFSvgDLAax6$6YNHkV3B',#5,'Drill Hole',$,#5917,#5921);
#5923= IFCCARTESIANPOINT((34231.9999999541,10004.3933491733,56659.9989501104));
#5924= IFCAXIS2PLACEMENT3D(#5923,#4332,#4333);
#5925= IFCLOCALPLACEMENT(#5883,#5924);
#5926= IFCSHAPEREPRESENTATION(#12,'Body','Brep',(#675));
#5927= IFCPRODUCTDEFINITIONSHAPE($,$,(#5926));
#5928= IFCDISCRETEACCESSORY('14P_VXscb6Bu9RpXbLK2Ph',#44,'Support section',$,$,#5925,#5927,'1497(?)');
#5929= IFCCARTESIANPOINT((34231.999999953,9904.39334917225,56659.9989501104));
#5930= IFCAXIS2PLACEMENT3D(#5929,#4332,#4333);
#5931= IFCLOCALPLACEMENT(#5883,#5930);
#5932= IFCSHAPEREPRESENTATION(#12,'Body','Brep',(#675));
#5933= IFCPRODUCTDEFINITIONSHAPE($,$,(#5932));
#5934= IFCDISCRETEACCESSORY('1i9I0jUlfCKPwAnZ$pc3L3',#44,'Support section',$,$,#5931,#5933,'1497(?)');
#5935= IFCCARTESIANPOINT((34494.999999998,9958.49259843142,56609.9981994629));
#5936= IFCAXIS2PLACEMENT3D(#5935,#9,#740);
#5937= IFCLOCALPLACEMENT(#5883,#5936);
#5938= IFCSHAPEREPRESENTATION(#12,'Body','SweptSolid',(#695));
#5939= IFCPRODUCTDEFINITIONSHAPE($,$,(#5938));
#5940= IFCCOLUMN('3$0iqvw2HBpPI7o2q2WyLA',#44,'main piece','PL10*200','PL10*200',#5937,#5939,'1496(?)');
#5941= IFCLOCALPLACEMENT(#42,#10);
#5942= IFCELEMENTASSEMBLY('2oe5R52J96p8jaCVsXgfEJ',#44,'BEAM',$,$,#5941,$,'B/653(?)',.NOTDEFINED.,.RIGID_FRAME.);
#5943= IFCPROPERTYSINGLEVALUE('AssemblyMark',$,IFCIDENTIFIER('B/653(?)'),$);
#5944= IFCPROPERTYSET('3k1h50BZH7xg5G7LqcSi1M',#5,'AISC_EM11_Pset_AssemblyIdentification','AssemblyIdentity',(#5943,#52,#53));
#5945= IFCCARTESIANPOINT((34509.9999999979,4689.44878782472,56849.9981994629));
#5946= IFCAXIS2PLACEMENT3D(#5945,#7,#57);
#5947= IFCLOCALPLACEMENT(#5941,#5946);
#5948= IFCSHAPEREPRESENTATION(#12,'Body','MappedRepresentation',(#5591,#5592,#5593));
#5949= IFCSHAPEREPRESENTATION(#12,'Axis','MappedRepresentation',(#101,#102,#103));
#5950= IFCPRODUCTDEFINITIONSHAPE($,$,(#5948,#5949));
#5951= IFCMECHANICALFASTENER('1jEY5Pz$bByuaiKo8WrbvP',#44,'Bolt assembly',$,$,#5947,#5950,'ID6d3a2159-f7f9-4bf3-892c-532220d65e59',16.,40.);
#5952= IFCLOCALPLACEMENT(#42,#10);
#5953= IFCELEMENTASSEMBLY('1umjSp4JX6AxAFCw0uZHNE',#44,$,$,$,#5952,$,'A/193(?)',.NOTDEFINED.,.RIGID_FRAME.);
#5954= IFCCARTESIANPOINT((34488.8284270805,4732.52111144178,56786.8273772359));
#5955= IFCAXIS2PLACEMENT3D(#5954,#4291,#4292);
#5956= IFCLOCALPLACEMENT(#5952,#5955);
#5957= IFCSHAPEREPRESENTATION(#12,'Body','Brep',(#2168));
#5958= IFCSHAPEREPRESENTATION(#13,'Axis','GeometricCurveSet',(#2178));
#5959= IFCPRODUCTDEFINITIONSHAPE($,$,(#5957,#5958));
#5960= IFCFASTENER('11FoeVlsLCtwET0pWHU0V0',#44,'Weld',$,$,#5956,#5959,'ID413f2a1f-bf65-4cdf-a39d-0338117807c0');
#5961= IFCPROPERTYSINGLEVALUE('WeldID',$,IFCINTEGER(115354512),$);
#5962= IFCPROPERTYSET('2e5L1G5212IA_QRz74vNnK',#5,'AISC_EM11_Pset_Weld','WeldIdentity',(#305,#306,#307,#308,#5961,#310,#311,#312,#313,#314,#315,#316,#317,#318,#319,#320));
#5963= IFCCARTESIANPOINT((34488.8284270794,4632.52111144069,56786.8273772359));
#5964= IFCAXIS2PLACEMENT3D(#5963,#4291,#4292);
#5965= IFCLOCALPLACEMENT(#5952,#5964);
#5966= IFCSHAPEREPRESENTATION(#12,'Body','Brep',(#2168));
#5967= IFCSHAPEREPRESENTATION(#13,'Axis','GeometricCurveSet',(#2178));
#5968= IFCPRODUCTDEFINITIONSHAPE($,$,(#5966,#5967));
#5969= IFCFASTENER('3ZzhwUz9n8iPT9Dsxeynqc',#44,'Weld',$,$,#5965,#5968,'IDe3f6be9e-f49c-48b1-9749-376ee8f31d26');
#5970= IFCPROPERTYSINGLEVALUE('WeldID',$,IFCINTEGER(115354467),$);
#5971= IFCPROPERTYSET('0m1SRueL13WhjmqzsKKhK_',#5,'AISC_EM11_Pset_Weld','WeldIdentity',(#305,#306,#307,#308,#5970,#310,#311,#312,#313,#314,#315,#316,#317,#318,#319,#320));
#5972= IFCCARTESIANPOINT((34500.,4680.349,56729.998));
#5973= IFCAXIS2PLACEMENT3D(#5972,#7,#9);
#5974= IFCLOCALPLACEMENT(#5952,#5973);
#5975= IFCSHAPEREPRESENTATION(#12,'Body','Brep',(#2237));
#5976= IFCSHAPEREPRESENTATION(#13,'Axis','GeometricCurveSet',(#379,#2241));
#5977= IFCPRODUCTDEFINITIONSHAPE($,$,(#5975,#5976));
#5978= IFCFASTENER('17h0mvwMb6shFM5jdw97pW',#44,'Weld',$,$,#5974,#5977,'ID47ac0c39-e969-46da-b3d6-16d9fa247ce0');
#5979= IFCPROPERTYSINGLEVALUE('WeldID',$,IFCINTEGER(115354404),$);
#5980= IFCPROPERTYSET('1zKKQNiFb1xvb5RF8aKihC',#5,'AISC_EM11_Pset_Weld','WeldIdentity',(#305,#306,#307,#308,#5979,#387,#311,#312,#388,#314,#389,#390,#317,#318,#319,#320));
#5981= IFCCARTESIANPOINT((34554.9999999977,4683.34878792062,56634.9981994629));
#5982= IFCAXIS2PLACEMENT3D(#5981,#9,#4320);
#5983= IFCLOCALPLACEMENT(#5952,#5982);
#5984= IFCSHAPEREPRESENTATION(#12,'Body','SweptSolid',(#399));
#5985= IFCPRODUCTDEFINITIONSHAPE($,$,(#5984));
#5986= IFCDISCRETEACCESSORY('0xAPvQMiD7DxMUtt6xxmAa',#44,'Support section',$,$,#5983,#5985,'1050(?)');
#5987= IFCLOCALPLACEMENT(#5952,#5946);
#5988= IFCSHAPEREPRESENTATION(#12,'Body','MappedRepresentation',(#410,#411,#412));
#5989= IFCPRODUCTDEFINITIONSHAPE($,$,(#5988));
#5990= IFCOPENINGELEMENT('2UBU21Q9b6OO_VK5$lYlD6',#5,$,$,'Opening',#5987,#5989,$);
#5991= IFCRELVOIDSELEMENT('22Ek7FbRLFmx3bFp2FoRKF',#5,'Drill Hole',$,#5986,#5990);
#5992= IFCCARTESIANPOINT((34231.9999999541,4735.34953856653,56659.9989501104));
#5993= IFCAXIS2PLACEMENT3D(#5992,#4332,#4333);
#5994= IFCLOCALPLACEMENT(#5952,#5993);
#5995= IFCSHAPEREPRESENTATION(#12,'Body','Brep',(#675));
#5996= IFCPRODUCTDEFINITIONSHAPE($,$,(#5995));
#5997= IFCDISCRETEACCESSORY('1nWp8qxjDCoxT5rMTyp4G$',#44,'Support section',$,$,#5994,#5996,'1497(?)');
#5998= IFCCARTESIANPOINT((34231.999999953,4635.34953856544,56659.9989501104));
#5999= IFCAXIS2PLACEMENT3D(#5998,#4332,#4333);
#6000= IFCLOCALPLACEMENT(#5952,#5999);
#6001= IFCSHAPEREPRESENTATION(#12,'Body','Brep',(#675));
#6002= IFCPRODUCTDEFINITIONSHAPE($,$,(#6001));
#6003= IFCDISCRETEACCESSORY('0uWqUxQ71C7g727OgGnEu2',#44,'Support section',$,$,#6000,#6002,'1497(?)');
#6004= IFCCARTESIANPOINT((34494.999999998,4689.44878782461,56609.9981994629));
#6005= IFCAXIS2PLACEMENT3D(#6004,#9,#740);
#6006= IFCLOCALPLACEMENT(#5952,#6005);
#6007= IFCSHAPEREPRESENTATION(#12,'Body','SweptSolid',(#695));
#6008= IFCPRODUCTDEFINITIONSHAPE($,$,(#6007));
#6009= IFCCOLUMN('16ozlLxjz5vAIwnpqA7$t5',#44,'main piece','PL10*200','PL10*200',#6006,#6008,'1496(?)');
#6010= IFCLOCALPLACEMENT(#42,#10);
#6011= IFCELEMENTASSEMBLY('0uuqDFlID6R8bUVcHONrTt',#44,'BEAM',$,$,#6010,$,'B/651(?)',.NOTDEFINED.,.RIGID_FRAME.);
#6012= IFCPROPERTYSINGLEVALUE('AssemblyMark',$,IFCIDENTIFIER('B/651(?)'),$);
#6013= IFCPROPERTYSET('1B83pC7hb5Wek4e6R2zut1',#5,'AISC_EM11_Pset_AssemblyIdentification','AssemblyIdentity',(#6012,#52,#53));
#6014= IFCCARTESIANPOINT((34509.9999999979,4219.08660139283,56849.9981994629));
#6015= IFCAXIS2PLACEMENT3D(#6014,#7,#57);
#6016= IFCLOCALPLACEMENT(#6010,#6015);
#6017= IFCSHAPEREPRESENTATION(#12,'Body','MappedRepresentation',(#5591,#5592,#5593));
#6018= IFCSHAPEREPRESENTATION(#12,'Axis','MappedRepresentation',(#101,#102,#103));
#6019= IFCPRODUCTDEFINITIONSHAPE($,$,(#6017,#6018));
#6020= IFCMECHANICALFASTENER('15qZ8UzwvA1PhxLwcjvQ9r',#44,'Bolt assembly',$,$,#6016,#6019,'ID45d2321e-f7ae-4a05-9afb-57a9ade5a275',16.,40.);
#6021= IFCLOCALPLACEMENT(#42,#10);
#6022= IFCELEMENTASSEMBLY('1$9Jrs92T5aADCjfYsO9vn',#44,$,$,$,#6021,$,'A/193(?)',.NOTDEFINED.,.RIGID_FRAME.);
#6023= IFCCARTESIANPOINT((34488.8284270805,4262.1589250099,56786.8273772359));
#6024= IFCAXIS2PLACEMENT3D(#6023,#4291,#4292);
#6025= IFCLOCALPLACEMENT(#6021,#6024);
#6026= IFCSHAPEREPRESENTATION(#12,'Body','Brep',(#2168));
#6027= IFCSHAPEREPRESENTATION(#13,'Axis','GeometricCurveSet',(#2178));
#6028= IFCPRODUCTDEFINITIONSHAPE($,$,(#6026,#6027));
#6029= IFCFASTENER('05fFZocnT4mu0aNHihLmfk',#44,'Weld',$,$,#6025,#6028,'ID05a4f8f2-9b17-44c3-8024-5d1b2b570a6e');
#6030= IFCPROPERTYSINGLEVALUE('WeldID',$,IFCINTEGER(115354121),$);
#6031= IFCPROPERTYSET('1QTFCoqfH0LeMWaN$NfSlk',#5,'AISC_EM11_Pset_Weld','WeldIdentity',(#305,#306,#307,#308,#6030,#310,#311,#312,#313,#314,#315,#316,#317,#318,#319,#320));
#6032= IFCCARTESIANPOINT((34488.8284270794,4162.15892500881,56786.8273772359));
#6033= IFCAXIS2PLACEMENT3D(#6032,#4291,#4292);
#6034= IFCLOCALPLACEMENT(#6021,#6033);
#6035= IFCSHAPEREPRESENTATION(#12,'Body','Brep',(#2168));
#6036= IFCSHAPEREPRESENTATION(#13,'Axis','GeometricCurveSet',(#2178));
#6037= IFCPRODUCTDEFINITIONSHAPE($,$,(#6035,#6036));
#6038= IFCFASTENER('3gKZcPeJDBJ9R1If4Qmdxo',#44,'Weld',$,$,#6034,#6037,'IDea523999-a133-4b4c-96c1-4a911ac27ef2');
#6039= IFCPROPERTYSINGLEVALUE('WeldID',$,IFCINTEGER(115354076),$);
#6040= IFCPROPERTYSET('3OTfoj6GTDYh5FPkH4o6dG',#5,'AISC_EM11_Pset_Weld','WeldIdentity',(#305,#306,#307,#308,#6039,#310,#311,#312,#313,#314,#315,#316,#317,#318,#319,#320));
#6041= IFCCARTESIANPOINT((34500.,4209.987,56729.998));
#6042= IFCAXIS2PLACEMENT3D(#6041,#7,#9);
#6043= IFCLOCALPLACEMENT(#6021,#6042);
#6044= IFCSHAPEREPRESENTATION(#12,'Body','Brep',(#2237));
#6045= IFCSHAPEREPRESENTATION(#13,'Axis','GeometricCurveSet',(#379,#2241));
#6046= IFCPRODUCTDEFINITIONSHAPE($,$,(#6044,#6045));
#6047= IFCFASTENER('1dlIwc0dL1Pgp4vSkX4YQ1',#44,'Weld',$,$,#6043,#6046,'ID67bd2ea6-0275-4166-acc4-e5cba1122681');
#6048= IFCPROPERTYSINGLEVALUE('WeldID',$,IFCINTEGER(115354013),$);
#6049= IFCPROPERTYSET('1jatR9EmL1$RBWM$_e0zoc',#5,'AISC_EM11_Pset_Weld','WeldIdentity',(#305,#306,#307,#308,#6048,#387,#311,#312,#388,#314,#389,#390,#317,#318,#319,#320));
#6050= IFCCARTESIANPOINT((34554.9999999977,4212.98660148874,56634.9981994629));
#6051= IFCAXIS2PLACEMENT3D(#6050,#9,#4320);
#6052= IFCLOCALPLACEMENT(#6021,#6051);
#6053= IFCSHAPEREPRESENTATION(#12,'Body','SweptSolid',(#399));
#6054= IFCPRODUCTDEFINITIONSHAPE($,$,(#6053));
#6055= IFCDISCRETEACCESSORY('2l6Uw$iqPFaPkfZ3XhU406',#44,'Support section',$,$,#6052,#6054,'1050(?)');
#6056= IFCLOCALPLACEMENT(#6021,#6015);
#6057= IFCSHAPEREPRESENTATION(#12,'Body','MappedRepresentation',(#410,#411,#412));
#6058= IFCPRODUCTDEFINITIONSHAPE($,$,(#6057));
#6059= IFCOPENINGELEMENT('0f52LIFEL7lgI24zHZo616',#5,$,$,'Opening',#6056,#6058,$);
#6060= IFCRELVOIDSELEMENT('36FnexWLrBrwiiN68gm6OQ',#5,'Drill Hole',$,#6055,#6059);
#6061= IFCCARTESIANPOINT((34231.9999999541,4264.98735213465,56659.9989501104));
#6062= IFCAXIS2PLACEMENT3D(#6061,#4332,#4333);
#6063= IFCLOCALPLACEMENT(#6021,#6062);
#6064= IFCSHAPEREPRESENTATION(#12,'Body','Brep',(#675));
#6065= IFCPRODUCTDEFINITIONSHAPE($,$,(#6064));
#6066= IFCDISCRETEACCESSORY('3FmzBet_fB6B0RMeirw6kE',#44,'Support section',$,$,#6063,#6065,'1497(?)');
#6067= IFCCARTESIANPOINT((34231.999999953,4164.98735213355,56659.9989501104));
#6068= IFCAXIS2PLACEMENT3D(#6067,#4332,#4333);
#6069= IFCLOCALPLACEMENT(#6021,#6068);
#6070= IFCSHAPEREPRESENTATION(#12,'Body','Brep',(#675));
#6071= IFCPRODUCTDEFINITIONSHAPE($,$,(#6070));
#6072= IFCDISCRETEACCESSORY('0g8DAiozn7hvaD_jvZyl6q',#44,'Support section',$,$,#6069,#6071,'1497(?)');
#6073= IFCCARTESIANPOINT((34494.999999998,4219.08660139273,56609.9981994629));
#6074= IFCAXIS2PLACEMENT3D(#6073,#9,#740);
#6075= IFCLOCALPLACEMENT(#6021,#6074);
#6076= IFCSHAPEREPRESENTATION(#12,'Body','SweptSolid',(#695));
#6077= IFCPRODUCTDEFINITIONSHAPE($,$,(#6076));
#6078= IFCCOLUMN('3WmPI9GOr2Lh5V8vqy8z9g',#44,'main piece','PL10*200','PL10*200',#6075,#6077,'1496(?)');
#6079= IFCLOCALPLACEMENT(#42,#10);
#6080= IFCELEMENTASSEMBLY('1IANG53bvEuRP0hhGKbuaz',#44,'BEAM',$,$,#6079,$,'B/1637(?)',.NOTDEFINED.,.REINFORCEMENT_UNIT.);
#6081= IFCPROPERTYSINGLEVALUE('AssemblyMark',$,IFCIDENTIFIER('B/1637(?)'),$);
#6082= IFCPROPERTYSET('1qstMPWnTD9RvoOH4OewBM',#5,'AISC_EM11_Pset_AssemblyIdentification','AssemblyIdentity',(#6081,#52,#53));
#6083= IFCCARTESIANPOINT((68000.0000000294,7870.13312430993,56375.));
#6084= IFCDIRECTION((0.99999999982296,-1.88169999966587E-05,0.));
#6085= IFCAXIS2PLACEMENT3D(#6083,#9,#6084);
#6086= IFCLOCALPLACEMENT(#6079,#6085);
#6087= IFCRECTANGLEPROFILEDEF(.AREA.,'950*1000',#73,1000.,950.);
#6088= IFCCARTESIANPOINT((5200.03869426273,1.7618416404151E-17,-7.27595761418343E-12));
#6089= IFCAXIS2PLACEMENT3D(#6088,#4320,#740);
#6090= IFCEXTRUDEDAREASOLID(#6087,#6089,#9,5200.04);
#6091= IFCSHAPEREPRESENTATION(#12,'Body','SweptSolid',(#6090));
#6092= IFCPRODUCTDEFINITIONSHAPE($,$,(#6091));
#6093= IFCBEAM('3WtibLwIz8dxd4QWPc$ck3',#44,'main piece','950*1000','950*1000',#6086,#6092,'Hormig\S\sn_B-1/102(?)');
#6094= IFCPROPERTYSINGLEVALUE('PieceMark',$,IFCIDENTIFIER('BEAM'),$);
#6095= IFCPROPERTYSINGLEVALUE('IndicationMark',$,IFCIDENTIFIER('Hormig\S\sn_B-1/102(?)'),$);
#6096= IFCPROPERTYSET('3MUwZZ_pv4yQHUj32zjN1l',#5,'AISC_EM11_Pset_PieceIdentification','PieceIdentity',(#6094,#6095,#424,#700));
#6097= IFCPROPERTYSINGLEVALUE('MaterialType',$,IFCIDENTIFIER('CONCRETE'),$);
#6098= IFCPROPERTYSINGLEVALUE('MaterialGrade',$,IFCIDENTIFIER('Concrete_Undefined'),$);
#6099= IFCPROPERTYSET('3E8BziNOHCPxL2jRqwYkL_',#5,'AISC_EM11_Pset_Material',$,(#6097,#6098));
#6100= IFCMATERIAL('CONCRETE/Concrete_Undefined');
#6101= IFCLOCALPLACEMENT(#42,#10);
#6102= IFCELEMENTASSEMBLY('39w$efHsj06AGpKkHG3Urg',#44,'BEAM',$,$,#6101,$,'B/973(?)',.NOTDEFINED.,.REINFORCEMENT_UNIT.);
#6103= IFCPROPERTYSINGLEVALUE('AssemblyMark',$,IFCIDENTIFIER('B/973(?)'),$);
#6104= IFCPROPERTYSET('3GbjF$kLr57fCgnbbWMD1q',#5,'AISC_EM11_Pset_AssemblyIdentification','AssemblyIdentity',(#6103,#52,#53));
#6105= IFCCARTESIANPOINT((54800.2126434401,8625.20800541385,56375.));
#6106= IFCAXIS2PLACEMENT3D(#6105,#9,#689);
#6107= IFCLOCALPLACEMENT(#6101,#6106);
#6108= IFCCARTESIANPOINT((13221.3662053227,-1.72724774618242E-12,7.27595761418343E-12));
#6109= IFCAXIS2PLACEMENT3D(#6108,#4320,#740);
#6110= IFCEXTRUDEDAREASOLID(#6087,#6109,#9,13221.37);
#6111= IFCSHAPEREPRESENTATION(#12,'Body','SweptSolid',(#6110));
#6112= IFCPRODUCTDEFINITIONSHAPE($,$,(#6111));
#6113= IFCBEAM('0oWKexgib38vuLY4IJ_aDD',#44,'main piece','950*1000','950*1000',#6107,#6112,'Hormig\S\sn_B-1/50(?)');
#6114= IFCPROPERTYSINGLEVALUE('IndicationMark',$,IFCIDENTIFIER('Hormig\S\sn_B-1/50(?)'),$);
#6115= IFCPROPERTYSET('2N9oAWseb0th2Vws$sPYlL',#5,'AISC_EM11_Pset_PieceIdentification','PieceIdentity',(#6094,#6114,#424,#700));
#6116= IFCLOCALPLACEMENT(#42,#10);
#6117= IFCELEMENTASSEMBLY('3Q56Wq8yPDYOaKw_Qbcxm5',#44,'BEAM',$,$,#6116,$,'B/1638(?)',.NOTDEFINED.,.REINFORCEMENT_UNIT.);
#6118= IFCPROPERTYSINGLEVALUE('AssemblyMark',$,IFCIDENTIFIER('B/1638(?)'),$);
#6119= IFCPROPERTYSET('3CHKXOyenB898q7R52agRG',#5,'AISC_EM11_Pset_AssemblyIdentification','AssemblyIdentity',(#6118,#52,#53));
#6120= IFCCARTESIANPOINT((47186.3785805349,8613.72959691461,56375.));
#6121= IFCAXIS2PLACEMENT3D(#6120,#9,#1446);
#6122= IFCLOCALPLACEMENT(#6116,#6121);
#6123= IFCCARTESIANPOINT((7613.842715168,-1.81733841458331E-12,7.27595761418343E-12));
#6124= IFCAXIS2PLACEMENT3D(#6123,#4320,#740);
#6125= IFCEXTRUDEDAREASOLID(#6087,#6124,#9,7613.84);
#6126= IFCSHAPEREPRESENTATION(#12,'Body','SweptSolid',(#6125));
#6127= IFCPRODUCTDEFINITIONSHAPE($,$,(#6126));
#6128= IFCBEAM('0GKlcxuef3deAtKcjT9n2X',#44,'main piece','950*1000','950*1000',#6122,#6127,'Hormig\S\sn_B-1/103(?)');
#6129= IFCPROPERTYSINGLEVALUE('IndicationMark',$,IFCIDENTIFIER('Hormig\S\sn_B-1/103(?)'),$);
#6130= IFCPROPERTYSET('0JjyruraT9e8$RMT2lOsUx',#5,'AISC_EM11_Pset_PieceIdentification','PieceIdentity',(#6094,#6129,#424,#700));
#6131= IFCLOCALPLACEMENT(#42,#10);
#6132= IFCELEMENTASSEMBLY('1wOBFO8Z16CO0_fxsmr7i6',#44,'BEAM',$,$,#6131,$,'B/1635(?)',.NOTDEFINED.,.REINFORCEMENT_UNIT.);
#6133= IFCPROPERTYSINGLEVALUE('AssemblyMark',$,IFCIDENTIFIER('B/1635(?)'),$);
#6134= IFCPROPERTYSET('2oItV$nvz9KvzvjyyetRRQ',#5,'AISC_EM11_Pset_AssemblyIdentification','AssemblyIdentity',(#6133,#52,#53));
#6135= IFCCARTESIANPOINT((34186.3671368554,7895.65669918754,56375.));
#6136= IFCDIRECTION((0.998477956020056,0.0551522560011078,0.));
#6137= IFCAXIS2PLACEMENT3D(#6135,#9,#6136);
#6138= IFCLOCALPLACEMENT(#6131,#6137);
#6139= IFCCARTESIANPOINT((13019.8281948054,0.,-7.27595761418343E-12));
#6140= IFCAXIS2PLACEMENT3D(#6139,#4320,#740);
#6141= IFCEXTRUDEDAREASOLID(#6087,#6140,#9,13019.83);
#6142= IFCSHAPEREPRESENTATION(#12,'Body','SweptSolid',(#6141));
#6143= IFCPRODUCTDEFINITIONSHAPE($,$,(#6142));
#6144= IFCBEAM('1XiIiKOrTASfciAOo7lqeI',#44,'main piece','950*1000','950*1000',#6138,#6143,'Hormig\S\sn_B-1/100(?)');
#6145= IFCPROPERTYSINGLEVALUE('IndicationMark',$,IFCIDENTIFIER('Hormig\S\sn_B-1/100(?)'),$);
#6146= IFCPROPERTYSET('19yZNuVBHAAvFoW468fGQV',#5,'AISC_EM11_Pset_PieceIdentification','PieceIdentity',(#6094,#6145,#424,#700));
#6147= IFCLOCALPLACEMENT(#42,#10);
#6148= IFCELEMENTASSEMBLY('3kaLxoLrn75g1U1Ov5H3Zs',#44,'BEAM',$,$,#6147,$,'B/1637(?)',.NOTDEFINED.,.REINFORCEMENT_UNIT.);
#6149= IFCCARTESIANPOINT((68000.1943331306,17630.2586634211,56375.));
#6150= IFCAXIS2PLACEMENT3D(#6149,#9,#7);
#6151= IFCLOCALPLACEMENT(#6147,#6150);
#6152= IFCCARTESIANPOINT((5199.80621321799,0.,0.));
#6153= IFCAXIS2PLACEMENT3D(#6152,#4320,#740);
#6154= IFCEXTRUDEDAREASOLID(#6087,#6153,#9,5199.81);
#6155= IFCSHAPEREPRESENTATION(#12,'Body','SweptSolid',(#6154));
#6156= IFCPRODUCTDEFINITIONSHAPE($,$,(#6155));
#6157= IFCBEAM('2M5VMy1LP7juG3uSkROkxw',#44,'main piece','950*1000','950*1000',#6151,#6156,'Hormig\S\sn_B-1/102(?)');
#6158= IFCLOCALPLACEMENT(#42,#10);
#6159= IFCELEMENTASSEMBLY('0IQ$MRVXn3JQ1$6M7jVkER',#44,'BEAM',$,$,#6158,$,'B/973(?)',.NOTDEFINED.,.REINFORCEMENT_UNIT.);
#6160= IFCCARTESIANPOINT((54800.1973847896,16875.208005808,56375.));
#6161= IFCAXIS2PLACEMENT3D(#6160,#9,#2608);
#6162= IFCLOCALPLACEMENT(#6158,#6161);
#6163= IFCCARTESIANPOINT((13221.5740716366,0.,0.));
#6164= IFCAXIS2PLACEMENT3D(#6163,#4320,#740);
#6165= IFCEXTRUDEDAREASOLID(#6087,#6164,#9,13221.57);
#6166= IFCSHAPEREPRESENTATION(#12,'Body','SweptSolid',(#6165));
#6167= IFCPRODUCTDEFINITIONSHAPE($,$,(#6166));
#6168= IFCBEAM('3Xo9FhrYL8DwPiFJPxWDgb',#44,'main piece','950*1000','950*1000',#6162,#6167,'Hormig\S\sn_B-1/50(?)');
#6169= IFCLOCALPLACEMENT(#42,#10);
#6170= IFCELEMENTASSEMBLY('1hWEUdSnTB3v0jNuaPbja8',#44,'BEAM',$,$,#6169,$,'B/1636(?)',.NOTDEFINED.,.REINFORCEMENT_UNIT.);
#6171= IFCPROPERTYSINGLEVALUE('AssemblyMark',$,IFCIDENTIFIER('B/1636(?)'),$);
#6172= IFCPROPERTYSET('2eLWZZ9KTEEP07SlqwydDK',#5,'AISC_EM11_Pset_AssemblyIdentification','AssemblyIdentity',(#6171,#52,#53));
#6173= IFCCARTESIANPOINT((47193.4540590146,16887.7520142025,56375.));
#6174= IFCAXIS2PLACEMENT3D(#6173,#9,#3216);
#6175= IFCLOCALPLACEMENT(#6169,#6174);
#6176= IFCCARTESIANPOINT((7606.75366870573,0.,-7.27595761418343E-12));
#6177= IFCAXIS2PLACEMENT3D(#6176,#4320,#740);
#6178= IFCEXTRUDEDAREASOLID(#6087,#6177,#9,7606.75);
#6179= IFCSHAPEREPRESENTATION(#12,'Body','SweptSolid',(#6178));
#6180= IFCPRODUCTDEFINITIONSHAPE($,$,(#6179));
#6181= IFCBEAM('1KoJZQfAv9xwRfWcilGwUl',#44,'main piece','950*1000','950*1000',#6175,#6180,'Hormig\S\sn_B-1/101(?)');
#6182= IFCPROPERTYSINGLEVALUE('IndicationMark',$,IFCIDENTIFIER('Hormig\S\sn_B-1/101(?)'),$);
#6183= IFCPROPERTYSET('1Pf4H_OAzF5eRZVqTDK_9b',#5,'AISC_EM11_Pset_PieceIdentification','PieceIdentity',(#6094,#6182,#424,#700));
#6184= IFCLOCALPLACEMENT(#42,#10);
#6185= IFCELEMENTASSEMBLY('2bV2nukTD2qemUyLCFVDAW',#44,'BEAM',$,$,#6184,$,'B/1635(?)',.NOTDEFINED.,.REINFORCEMENT_UNIT.);
#6186= IFCCARTESIANPOINT((34193.4540593282,17607.3393449671,56375.));
#6187= IFCAXIS2PLACEMENT3D(#6186,#9,#3663);
#6188= IFCLOCALPLACEMENT(#6184,#6187);
#6189= IFCCARTESIANPOINT((13019.9003805115,0.,0.));
#6190= IFCAXIS2PLACEMENT3D(#6189,#4320,#740);
#6191= IFCEXTRUDEDAREASOLID(#6087,#6190,#9,13019.9);
#6192= IFCSHAPEREPRESENTATION(#12,'Body','SweptSolid',(#6191));
#6193= IFCPRODUCTDEFINITIONSHAPE($,$,(#6192));
#6194= IFCBEAM('0N0gvdq1164OuEo1WKpBLA',#44,'main piece','950*1000','950*1000',#6188,#6193,'Hormig\S\sn_B-1/100(?)');
#6195= IFCLOCALPLACEMENT(#42,#10);
#6196= IFCELEMENTASSEMBLY('0_Xv724qTAp9JRNjM5LAiw',#44,'BEAM',$,$,#6195,$,'B/1634(?)',.NOTDEFINED.,.REINFORCEMENT_UNIT.);
#6197= IFCPROPERTYSINGLEVALUE('AssemblyMark',$,IFCIDENTIFIER('B/1634(?)'),$);
#6198= IFCPROPERTYSET('3qulDu9Pb7XeFsfpc5cZuv',#5,'AISC_EM11_Pset_AssemblyIdentification','AssemblyIdentity',(#6197,#52,#53));
#6199= IFCCARTESIANPOINT((28799.9646881943,7870.16115989824,56375.));
#6200= IFCDIRECTION((0.999999999986656,5.16599999985267E-06,0.));
#6201= IFCAXIS2PLACEMENT3D(#6199,#9,#6200);
#6202= IFCLOCALPLACEMENT(#6195,#6201);
#6203= IFCCARTESIANPOINT((4800.03531185816,0.,0.));
#6204= IFCAXIS2PLACEMENT3D(#6203,#4320,#740);
#6205= IFCEXTRUDEDAREASOLID(#6087,#6204,#9,4800.04);
#6206= IFCSHAPEREPRESENTATION(#12,'Body','SweptSolid',(#6205));
#6207= IFCPRODUCTDEFINITIONSHAPE($,$,(#6206));
#6208= IFCBEAM('1PkMmL1TfDtfcHU0VSXhVo',#44,'main piece','950*1000','950*1000',#6202,#6207,'Hormig\S\sn_B-1/99(?)');
#6209= IFCPROPERTYSINGLEVALUE('IndicationMark',$,IFCIDENTIFIER('Hormig\S\sn_B-1/99(?)'),$);
#6210= IFCPROPERTYSET('3pdsvK_y92B8cGs7vnCr00',#5,'AISC_EM11_Pset_PieceIdentification','PieceIdentity',(#6094,#6209,#424,#700));
#6211= IFCLOCALPLACEMENT(#42,#10);
#6212= IFCELEMENTASSEMBLY('3EfcY_4SjF_8oaqwnOrBX9',#44,'BEAM',$,$,#6211,$,'B/1634(?)',.NOTDEFINED.,.REINFORCEMENT_UNIT.);
#6213= IFCCARTESIANPOINT((28799.9990204697,17630.1766475691,56375.));
#6214= IFCAXIS2PLACEMENT3D(#6213,#9,#4193);
#6215= IFCLOCALPLACEMENT(#6211,#6214);
#6216= IFCCARTESIANPOINT((4800.00097952382,0.,7.27595761418343E-12));
#6217= IFCAXIS2PLACEMENT3D(#6216,#4320,#740);
#6218= IFCEXTRUDEDAREASOLID(#6087,#6217,#9,4800.);
#6219= IFCSHAPEREPRESENTATION(#12,'Body','SweptSolid',(#6218));
#6220= IFCPRODUCTDEFINITIONSHAPE($,$,(#6219));
#6221= IFCBEAM('3Ayy3CxND6Th5dmi5bK_ey',#44,'main piece','950*1000','950*1000',#6215,#6220,'Hormig\S\sn_B-1/99(?)');
#6222= IFCLOCALPLACEMENT(#42,#10);
#6223= IFCELEMENTASSEMBLY('1GkV$8Yv1EuvL4J4OqOlBr',#44,'BEAM',$,$,#6222,$,'B/1633(?)',.NOTDEFINED.,.REINFORCEMENT_UNIT.);
#6224= IFCPROPERTYSINGLEVALUE('AssemblyMark',$,IFCIDENTIFIER('B/1633(?)'),$);
#6225= IFCPROPERTYSET('0_hGhpMV90HOgt2xku0IdU',#5,'AISC_EM11_Pset_AssemblyIdentification','AssemblyIdentity',(#6224,#52,#53));
#6226= IFCCARTESIANPOINT((23099.9971588398,-945.846081267868,56375.));
#6227= IFCAXIS2PLACEMENT3D(#6226,#9,#7);
#6228= IFCLOCALPLACEMENT(#6222,#6227);
#6229= IFCRECTANGLEPROFILEDEF(.AREA.,'950*300',#73,300.,950.);
#6230= IFCCARTESIANPOINT((55800.2292175869,0.,0.));
#6231= IFCAXIS2PLACEMENT3D(#6230,#4320,#740);
#6232= IFCEXTRUDEDAREASOLID(#6229,#6231,#9,55800.23);
#6233= IFCSHAPEREPRESENTATION(#12,'Body','SweptSolid',(#6232));
#6234= IFCPRODUCTDEFINITIONSHAPE($,$,(#6233));
#6235= IFCBEAM('1jXZkc_$j6ihiAGBELqoVi',#44,'main piece','950*300','950*300',#6228,#6234,'Hormig\S\sn_B-1/98(?)');
#6236= IFCPROPERTYSINGLEVALUE('IndicationMark',$,IFCIDENTIFIER('Hormig\S\sn_B-1/98(?)'),$);
#6237= IFCPROPERTYSET('16mv4n2iH3wgWx9Z2kZ8CC',#5,'AISC_EM11_Pset_PieceIdentification','PieceIdentity',(#6094,#6236,#424,#700));
#6238= IFCLOCALPLACEMENT(#42,#10);
#6239= IFCELEMENTASSEMBLY('1u0M1VDhv2gep_75XfaXnS',#44,'BEAM',$,$,#6238,$,'B/1633(?)',.NOTDEFINED.,.REINFORCEMENT_UNIT.);
#6240= IFCCARTESIANPOINT((23099.9982575302,26445.951192102,56375.));
#6241= IFCAXIS2PLACEMENT3D(#6240,#9,#7);
#6242= IFCLOCALPLACEMENT(#6238,#6241);
#6243= IFCCARTESIANPOINT((55800.1826796556,0.,0.));
#6244= IFCAXIS2PLACEMENT3D(#6243,#4320,#740);
#6245= IFCEXTRUDEDAREASOLID(#6229,#6244,#9,55800.18);
#6246= IFCSHAPEREPRESENTATION(#12,'Body','SweptSolid',(#6245));
#6247= IFCPRODUCTDEFINITIONSHAPE($,$,(#6246));
#6248= IFCBEAM('2MHt7xPz9CV8qG4zPXlYUA',#44,'main piece','950*300','950*300',#6242,#6247,'Hormig\S\sn_B-1/98(?)');
#6249= IFCLOCALPLACEMENT(#42,#10);
#6250= IFCELEMENTASSEMBLY('36Y4btNpLC$xKHDr_o_H$Z',#44,'BEAM',$,$,#6249,$,'B/1632(?)',.NOTDEFINED.,.REINFORCEMENT_UNIT.);
#6251= IFCPROPERTYSINGLEVALUE('AssemblyMark',$,IFCIDENTIFIER('B/1632(?)'),$);
#6252= IFCPROPERTYSET('2wVIRLQO98BeRaDaKzGfXM',#5,'AISC_EM11_Pset_AssemblyIdentification','AssemblyIdentity',(#6251,#52,#53));
#6253= IFCCARTESIANPOINT((78800.1819196869,-795.846081267868,56375.));
#6254= IFCAXIS2PLACEMENT3D(#6253,#9,#8);
#6255= IFCLOCALPLACEMENT(#6249,#6254);
#6256= IFCRECTANGLEPROFILEDEF(.AREA.,'950*200',#73,200.,950.);
#6257= IFCCARTESIANPOINT((27091.797718967,0.,0.));
#6258= IFCAXIS2PLACEMENT3D(#6257,#4320,#740);
#6259= IFCEXTRUDEDAREASOLID(#6256,#6258,#9,27091.8);
#6260= IFCSHAPEREPRESENTATION(#12,'Body','SweptSolid',(#6259));
#6261= IFCPRODUCTDEFINITIONSHAPE($,$,(#6260));
#6262= IFCBEAM('3AgzIARhnE2f2VGbfOIjWM',#44,'main piece','950*200','950*200',#6255,#6261,'Hormig\S\sn_B-1/97(?)');
#6263= IFCPROPERTYSINGLEVALUE('IndicationMark',$,IFCIDENTIFIER('Hormig\S\sn_B-1/97(?)'),$);
#6264= IFCPROPERTYSET('0pCyQeEF9AMR$kwDpU1$os',#5,'AISC_EM11_Pset_PieceIdentification','PieceIdentity',(#6094,#6263,#424,#700));
#6265= IFCLOCALPLACEMENT(#42,#10);
#6266= IFCELEMENTASSEMBLY('1iXlMlLtDAvBjGO$pvmLaY',#44,'BEAM',$,$,#6265,$,'B/1632(?)',.NOTDEFINED.,.REINFORCEMENT_UNIT.);
#6267= IFCCARTESIANPOINT((23199.9971635294,-795.846081267868,56375.));
#6268= IFCAXIS2PLACEMENT3D(#6267,#9,#8);
#6269= IFCLOCALPLACEMENT(#6265,#6268);
#6270= IFCCARTESIANPOINT((27091.7972733702,3.5855695141998E-19,7.27595761418343E-12));
#6271= IFCAXIS2PLACEMENT3D(#6270,#4320,#740);
#6272= IFCEXTRUDEDAREASOLID(#6256,#6271,#9,27091.8);
#6273= IFCSHAPEREPRESENTATION(#12,'Body','SweptSolid',(#6272));
#6274= IFCPRODUCTDEFINITIONSHAPE($,$,(#6273));
#6275= IFCBEAM('17AtEUVjnAMxNvDsN$5K7d',#44,'main piece','950*200','950*200',#6269,#6274,'Hormig\S\sn_B-1/97(?)');
#6276= IFCLOCALPLACEMENT(#42,#10);
#6277= IFCELEMENTASSEMBLY('36CaxSmiH1PhwCVntmdLCY',#44,'BEAM',$,$,#6276,$,'B/1631(?)',.NOTDEFINED.,.REINFORCEMENT_UNIT.);
#6278= IFCPROPERTYSINGLEVALUE('AssemblyMark',$,IFCIDENTIFIER('B/1631(?)'),$);
#6279= IFCPROPERTYSET('0JtvGpfr98uAHA6K79sEpi',#5,'AISC_EM11_Pset_AssemblyIdentification','AssemblyIdentity',(#6278,#52,#53));
#6280= IFCCARTESIANPOINT((78700.0366210938,8120.17260399004,56375.));
#6281= IFCAXIS2PLACEMENT3D(#6280,#9,#4320);
#6282= IFCLOCALPLACEMENT(#6276,#6281);
#6283= IFCRECTANGLEPROFILEDEF(.AREA.,'950*500',#73,500.,950.);
#6284= IFCCARTESIANPOINT((1800.00097953032,0.,0.));
#6285= IFCAXIS2PLACEMENT3D(#6284,#4320,#740);
#6286= IFCEXTRUDEDAREASOLID(#6283,#6285,#9,1800.);
#6287= IFCSHAPEREPRESENTATION(#12,'Body','SweptSolid',(#6286));
#6288= IFCPRODUCTDEFINITIONSHAPE($,$,(#6287));
#6289= IFCBEAM('2jafW0Hz9AQAyZRarxVUC7',#44,'main piece','950*500','950*500',#6282,#6288,'Hormig\S\sn_B-1/96(?)');
#6290= IFCPROPERTYSINGLEVALUE('IndicationMark',$,IFCIDENTIFIER('Hormig\S\sn_B-1/96(?)'),$);
#6291= IFCPROPERTYSET('2HK0LEoNb85vlgizcYtClY',#5,'AISC_EM11_Pset_PieceIdentification','PieceIdentity',(#6094,#6290,#424,#700));
#6292= IFCLOCALPLACEMENT(#42,#10);
#6293= IFCELEMENTASSEMBLY('1jOj$yWzP2XRVUc_hFoQCA',#44,'BEAM',$,$,#6292,$,'B/1631(?)',.NOTDEFINED.,.REINFORCEMENT_UNIT.);
#6294= IFCCARTESIANPOINT((78700.0366210938,17382.5760921492,56375.));
#6295= IFCAXIS2PLACEMENT3D(#6294,#9,#4320);
#6296= IFCLOCALPLACEMENT(#6292,#6295);
#6297= IFCSHAPEREPRESENTATION(#12,'Body','SweptSolid',(#6286));
#6298= IFCPRODUCTDEFINITIONSHAPE($,$,(#6297));
#6299= IFCBEAM('1zZiDGILD6VwHa1z3rfgi7',#44,'main piece','950*500','950*500',#6296,#6298,'Hormig\S\sn_B-1/96(?)');
#6300= IFCLOCALPLACEMENT(#42,#10);
#6301= IFCELEMENTASSEMBLY('3Ljwk6Rqj94Rbv3JQ0wkdw',#44,'BEAM',$,$,#6300,$,'B/1631(?)',.NOTDEFINED.,.REINFORCEMENT_UNIT.);
#6302= IFCCARTESIANPOINT((25100.,8120.17260399004,56375.));
#6303= IFCAXIS2PLACEMENT3D(#6302,#9,#4320);
#6304= IFCLOCALPLACEMENT(#6300,#6303);
#6305= IFCSHAPEREPRESENTATION(#12,'Body','SweptSolid',(#6286));
#6306= IFCPRODUCTDEFINITIONSHAPE($,$,(#6305));
#6307= IFCBEAM('0ntQ53j7bEHvKfwu8iUx4r',#44,'main piece','950*500','950*500',#6304,#6306,'Hormig\S\sn_B-1/96(?)');
#6308= IFCLOCALPLACEMENT(#42,#10);
#6309= IFCELEMENTASSEMBLY('1GX684eEH27ACmGhCkodeK',#44,'BEAM',$,$,#6308,$,'B/1631(?)',.NOTDEFINED.,.REINFORCEMENT_UNIT.);
#6310= IFCCARTESIANPOINT((25100.,17382.5760921492,56375.));
#6311= IFCAXIS2PLACEMENT3D(#6310,#9,#4320);
#6312= IFCLOCALPLACEMENT(#6308,#6311);
#6313= IFCSHAPEREPRESENTATION(#12,'Body','SweptSolid',(#6286));
#6314= IFCPRODUCTDEFINITIONSHAPE($,$,(#6313));
#6315= IFCBEAM('2Ziqh3zDv8XxAjryONarqw',#44,'main piece','950*500','950*500',#6312,#6314,'Hormig\S\sn_B-1/96(?)');
#6316= IFCLOCALPLACEMENT(#42,#10);
#6317= IFCELEMENTASSEMBLY('0WjFmzxHz2MgSECRH$1Dl9',#44,'BEAM',$,$,#6316,$,'B/1536(?)',.NOTDEFINED.,.REINFORCEMENT_UNIT.);
#6318= IFCPROPERTYSINGLEVALUE('AssemblyMark',$,IFCIDENTIFIER('B/1536(?)'),$);
#6319= IFCPROPERTYSET('0I8Lya1mH21R2cEY5Uwdra',#5,'AISC_EM11_Pset_AssemblyIdentification','AssemblyIdentity',(#6318,#52,#53));
#6320= IFCCARTESIANPOINT((23099.9982575302,0.,56375.));
#6321= IFCAXIS2PLACEMENT3D(#6320,#9,#4193);
#6322= IFCLOCALPLACEMENT(#6316,#6321);
#6323= IFCCARTESIANPOINT((55800.1847487086,0.,-7.27595761418343E-12));
#6324= IFCAXIS2PLACEMENT3D(#6323,#4320,#740);
#6325= IFCEXTRUDEDAREASOLID(#6087,#6324,#9,55800.18);
#6326= IFCSHAPEREPRESENTATION(#12,'Body','SweptSolid',(#6325));
#6327= IFCPRODUCTDEFINITIONSHAPE($,$,(#6326));
#6328= IFCBEAM('1t_28iRtTA8uv9weskaVcP',#44,'main piece','950*1000','950*1000',#6322,#6327,'Hormig\S\sn_B-1/83(?)');
#6329= IFCPROPERTYSINGLEVALUE('IndicationMark',$,IFCIDENTIFIER('Hormig\S\sn_B-1/83(?)'),$);
#6330= IFCPROPERTYSET('16ef6P6Q9E$xbdo2kkFs1W',#5,'AISC_EM11_Pset_PieceIdentification','PieceIdentity',(#6094,#6329,#424,#700));
#6331= IFCLOCALPLACEMENT(#42,#10);
#6332= IFCELEMENTASSEMBLY('21Wke3j9T4mBNH6mTdlbTw',#44,'BEAM',$,$,#6331,$,'B/1628(?)',.NOTDEFINED.,.REINFORCEMENT_UNIT.);
#6333= IFCPROPERTYSINGLEVALUE('AssemblyMark',$,IFCIDENTIFIER('B/1628(?)'),$);
#6334= IFCPROPERTYSET('2p5wLqOyzDtvUC7koMIQ$h',#5,'AISC_EM11_Pset_AssemblyIdentification','AssemblyIdentity',(#6333,#52,#53));
#6335= IFCCARTESIANPOINT((76500.,-795.846081267868,56375.));
#6336= IFCAXIS2PLACEMENT3D(#6335,#9,#8);
#6337= IFCLOCALPLACEMENT(#6331,#6336);
#6338= IFCRECTANGLEPROFILEDEF(.AREA.,'950*800',#73,800.,950.);
#6339= IFCEXTRUDEDAREASOLID(#6338,#6271,#9,27091.8);
#6340= IFCSHAPEREPRESENTATION(#12,'Body','SweptSolid',(#6339));
#6341= IFCPRODUCTDEFINITIONSHAPE($,$,(#6340));
#6342= IFCBEAM('0EIHWKZw951hNv_gyszmvP',#44,'main piece','950*800','950*800',#6337,#6341,'Hormig\S\sn_B-1/93(?)');
#6343= IFCPROPERTYSINGLEVALUE('IndicationMark',$,IFCIDENTIFIER('Hormig\S\sn_B-1/93(?)'),$);
#6344= IFCPROPERTYSET('1cCUjq$aD4IwL5JjF0JKOR',#5,'AISC_EM11_Pset_PieceIdentification','PieceIdentity',(#6094,#6343,#424,#700));
#6345= IFCLOCALPLACEMENT(#42,#10);
#6346= IFCELEMENTASSEMBLY('3RotVldh9EpQ24Xacu_qZT',#44,'BEAM',$,$,#6345,$,'B/1628(?)',.NOTDEFINED.,.REINFORCEMENT_UNIT.);
#6347= IFCCARTESIANPOINT((68000.,-795.846081267868,56375.));
#6348= IFCAXIS2PLACEMENT3D(#6347,#9,#8);
#6349= IFCLOCALPLACEMENT(#6345,#6348);
#6350= IFCSHAPEREPRESENTATION(#12,'Body','SweptSolid',(#6339));
#6351= IFCPRODUCTDEFINITIONSHAPE($,$,(#6350));
#6352= IFCBEAM('0mE$khlrv5l8qTvS7spTq$',#44,'main piece','950*800','950*800',#6349,#6351,'Hormig\S\sn_B-1/93(?)');
#6353= IFCLOCALPLACEMENT(#42,#10);
#6354= IFCELEMENTASSEMBLY('0Vujv6J0r06Rna0lYgNNLR',#44,'BEAM',$,$,#6353,$,'B/1630(?)',.NOTDEFINED.,.REINFORCEMENT_UNIT.);
#6355= IFCPROPERTYSINGLEVALUE('AssemblyMark',$,IFCIDENTIFIER('B/1630(?)'),$);
#6356= IFCPROPERTYSET('2ySJIetinFCgPD9uly6bHd',#5,'AISC_EM11_Pset_AssemblyIdentification','AssemblyIdentity',(#6355,#52,#53));
#6357= IFCCARTESIANPOINT((59500.,-795.846081267868,56375.));
#6358= IFCAXIS2PLACEMENT3D(#6357,#9,#8);
#6359= IFCLOCALPLACEMENT(#6353,#6358);
#6360= IFCRECTANGLEPROFILEDEF(.AREA.,'950*600',#73,600.,950.);
#6361= IFCEXTRUDEDAREASOLID(#6360,#6271,#9,27091.8);
#6362= IFCSHAPEREPRESENTATION(#12,'Body','SweptSolid',(#6361));
#6363= IFCPRODUCTDEFINITIONSHAPE($,$,(#6362));
#6364= IFCBEAM('1KfD7pEWf09eWCxDzy58e4',#44,'main piece','950*600','950*600',#6359,#6363,'Hormig\S\sn_B-1/95(?)');
#6365= IFCPROPERTYSINGLEVALUE('IndicationMark',$,IFCIDENTIFIER('Hormig\S\sn_B-1/95(?)'),$);
#6366= IFCPROPERTYSET('23HfWaThv3muM6sTwYi$fr',#5,'AISC_EM11_Pset_PieceIdentification','PieceIdentity',(#6094,#6365,#424,#700));
#6367= IFCLOCALPLACEMENT(#42,#10);
#6368= IFCELEMENTASSEMBLY('2oZ66asw588vei95UcHi2I',#44,'BEAM',$,$,#6367,$,'B/1628(?)',.NOTDEFINED.,.REINFORCEMENT_UNIT.);
#6369= IFCCARTESIANPOINT((51000.,-795.846081267868,56375.));
#6370= IFCDIRECTION((3.38800000009482E-06,0.999999999994261,0.));
#6371= IFCAXIS2PLACEMENT3D(#6369,#9,#6370);
#6372= IFCLOCALPLACEMENT(#6367,#6371);
#6373= IFCSHAPEREPRESENTATION(#12,'Body','SweptSolid',(#6339));
#6374= IFCPRODUCTDEFINITIONSHAPE($,$,(#6373));
#6375= IFCBEAM('30qpg$FnX9PhlX8Sk$rU7m',#44,'main piece','950*800','950*800',#6372,#6374,'Hormig\S\sn_B-1/93(?)');
#6376= IFCLOCALPLACEMENT(#42,#10);
#6377= IFCELEMENTASSEMBLY('3ft0Yc50n1FgFidw5SPZm4',#44,'BEAM',$,$,#6376,$,'B/1630(?)',.NOTDEFINED.,.REINFORCEMENT_UNIT.);
#6378= IFCCARTESIANPOINT((42500.,-795.846081267868,56375.));
#6379= IFCAXIS2PLACEMENT3D(#6378,#9,#8);
#6380= IFCLOCALPLACEMENT(#6376,#6379);
#6381= IFCSHAPEREPRESENTATION(#12,'Body','SweptSolid',(#6361));
#6382= IFCPRODUCTDEFINITIONSHAPE($,$,(#6381));
#6383= IFCBEAM('1Uw8MP_3H3Owlx9sLzgLSB',#44,'main piece','950*600','950*600',#6380,#6382,'Hormig\S\sn_B-1/95(?)');
#6384= IFCLOCALPLACEMENT(#42,#10);
#6385= IFCELEMENTASSEMBLY('39VVppoI16JwfDFvnK4Sb3',#44,'BEAM',$,$,#6384,$,'B/1629(?)',.NOTDEFINED.,.REINFORCEMENT_UNIT.);
#6386= IFCPROPERTYSINGLEVALUE('AssemblyMark',$,IFCIDENTIFIER('B/1629(?)'),$);
#6387= IFCPROPERTYSET('3YQcgAFE91BgutO3Q$h1wf',#5,'AISC_EM11_Pset_AssemblyIdentification','AssemblyIdentity',(#6386,#52,#53));
#6388= IFCCARTESIANPOINT((34000.,-795.846081267868,56375.));
#6389= IFCAXIS2PLACEMENT3D(#6388,#9,#8);
#6390= IFCLOCALPLACEMENT(#6384,#6389);
#6391= IFCCARTESIANPOINT((26295.951192102,0.,0.));
#6392= IFCAXIS2PLACEMENT3D(#6391,#4320,#740);
#6393= IFCEXTRUDEDAREASOLID(#6338,#6392,#9,26295.95);
#6394= IFCSHAPEREPRESENTATION(#12,'Body','SweptSolid',(#6393));
#6395= IFCPRODUCTDEFINITIONSHAPE($,$,(#6394));
#6396= IFCBEAM('1o6kWVntnEDhHSdW51$UXd',#44,'main piece','950*800','950*800',#6390,#6395,'Hormig\S\sn_B-1/94(?)');
#6397= IFCPROPERTYSINGLEVALUE('IndicationMark',$,IFCIDENTIFIER('Hormig\S\sn_B-1/94(?)'),$);
#6398= IFCPROPERTYSET('2Jf4wtxOj0Axjf$y69Ob5n',#5,'AISC_EM11_Pset_PieceIdentification','PieceIdentity',(#6094,#6397,#424,#700));
#6399= IFCLOCALPLACEMENT(#42,#10);
#6400= IFCELEMENTASSEMBLY('2rwTY7Pur8ofgAudrlJuug',#44,'BEAM',$,$,#6399,$,'B/1628(?)',.NOTDEFINED.,.REINFORCEMENT_UNIT.);
#6401= IFCCARTESIANPOINT((25500.,-795.846081267868,56375.));
#6402= IFCAXIS2PLACEMENT3D(#6401,#9,#8);
#6403= IFCLOCALPLACEMENT(#6399,#6402);
#6404= IFCSHAPEREPRESENTATION(#12,'Body','SweptSolid',(#6339));
#6405= IFCPRODUCTDEFINITIONSHAPE($,$,(#6404));
#6406= IFCBEAM('0U99uD6MnCFAsLhkZzumG5',#44,'main piece','950*800','950*800',#6403,#6405,'Hormig\S\sn_B-1/93(?)');
#6407= IFCLOCALPLACEMENT(#42,#10);
#6408= IFCELEMENTASSEMBLY('3NIAGsgfjFuwOhDC$Vbt85',#44,'COLUMN',$,$,#6407,$,'C/134(?)',.NOTDEFINED.,.REINFORCEMENT_UNIT.);
#6409= IFCPROPERTYSINGLEVALUE('AssemblyMark',$,IFCIDENTIFIER('C/134(?)'),$);
#6410= IFCPROPERTYSET('23Xq5QNS57BuYc6IQJCPAk',#5,'AISC_EM11_Pset_AssemblyIdentification','AssemblyIdentity',(#6409,#52,#53));
#6411= IFCCARTESIANPOINT((51000.2011413574,12750.1685256958,56850.));
#6412= IFCAXIS2PLACEMENT3D(#6411,#9,#740);
#6413= IFCLOCALPLACEMENT(#6407,#6412);
#6414= IFCRECTANGLEPROFILEDEF(.AREA.,'CUT400*7250',#73,400.,7250.);
#6415= IFCCARTESIANPOINT((0.,0.,4387.64296993532));
#6416= IFCAXIS2PLACEMENT3D(#6415,#57,#8);
#6417= IFCEXTRUDEDAREASOLID(#6414,#6416,#9,4387.64);
#6418= IFCSHAPEREPRESENTATION(#12,'Body','SweptSolid',(#6417));
#6419= IFCPRODUCTDEFINITIONSHAPE($,$,(#6418));
#6420= IFCCOLUMN('05D6cxgbfEwe3xukBlMIw8',#44,'main piece','CUT400*7250','CUT400*7250',#6413,#6419,'Hormig\S\sn_C-1/35(?)');
#6421= IFCPROPERTYSINGLEVALUE('PieceMark',$,IFCIDENTIFIER('COLUMN'),$);
#6422= IFCPROPERTYSINGLEVALUE('IndicationMark',$,IFCIDENTIFIER('Hormig\S\sn_C-1/35(?)'),$);
#6423= IFCPROPERTYSET('3fCj6PGr1Be8PTchsBKccd',#5,'AISC_EM11_Pset_PieceIdentification','PieceIdentity',(#6421,#6422,#424,#700));
#6424= IFCPROPERTYSINGLEVALUE('MaterialGrade',$,IFCIDENTIFIER('C20/25'),$);
#6425= IFCPROPERTYSET('1f6OObjwLFhfXhSNyI4gg5',#5,'AISC_EM11_Pset_Material',$,(#6097,#6424));
#6426= IFCMATERIAL('CONCRETE/C20/25');
#6427= IFCOWNERHISTORY(#3,#4,$,.NOCHANGE.,$,$,$,1779130800);
#6428= IFCLOCALPLACEMENT(#42,#10);
#6429= IFCELEMENTASSEMBLY('35yHdDG05CTxYH1C9H1CbA',#6427,'COLUMN',$,$,#6428,$,'C/33',.NOTDEFINED.,.REINFORCEMENT_UNIT.);
#6430= IFCPROPERTYSINGLEVALUE('AssemblyMark',$,IFCIDENTIFIER('C/33'),$);
#6431= IFCPROPERTYSET('1DrkV0siz4698TWP6C0XAh',#5,'AISC_EM11_Pset_AssemblyIdentification','AssemblyIdentity',(#6430,#52,#53));
#6432= IFCCARTESIANPOINT((76500.,25500.,56850.));
#6433= IFCAXIS2PLACEMENT3D(#6432,#9,#8);
#6434= IFCLOCALPLACEMENT(#6428,#6433);
#6435= IFCCIRCLEPROFILEDEF(.AREA.,'D1100',#73,550.);
#6436= IFCCARTESIANPOINT((0.,0.,4000.));
#6437= IFCAXIS2PLACEMENT3D(#6436,#57,#8);
#6438= IFCEXTRUDEDAREASOLID(#6435,#6437,#9,4000.);
#6439= IFCSHAPEREPRESENTATION(#12,'Body','SweptSolid',(#6438));
#6440= IFCPRODUCTDEFINITIONSHAPE($,$,(#6439));
#6441= IFCCOLUMN('2A8xHO8trBjRJu2iGyPo2_',#6427,'main piece','D1100','D1100',#6434,#6440,'Hormig\S\sn_C-1/8');
#6442= IFCPROPERTYSINGLEVALUE('IndicationMark',$,IFCIDENTIFIER('Hormig\S\sn_C-1/8'),$);
#6443= IFCPROPERTYSET('1tfK_Wj9XEkgchyuL9rsYS',#5,'AISC_EM11_Pset_PieceIdentification','PieceIdentity',(#6421,#6442,#424,#700));
#6444= IFCLOCALPLACEMENT(#42,#10);
#6445= IFCELEMENTASSEMBLY('2S$FnxCDbClRBpvrotWfOB',#6427,'COLUMN',$,$,#6444,$,'C/33',.NOTDEFINED.,.REINFORCEMENT_UNIT.);
#6446= IFCCARTESIANPOINT((76500.,25500.,52850.));
#6447= IFCAXIS2PLACEMENT3D(#6446,#9,#8);
#6448= IFCLOCALPLACEMENT(#6444,#6447);
#6449= IFCSHAPEREPRESENTATION(#12,'Body','SweptSolid',(#6438));
#6450= IFCPRODUCTDEFINITIONSHAPE($,$,(#6449));
#6451= IFCCOLUMN('2HsDM8HRD4KAekUcy5lHGW',#6427,'main piece','D1100','D1100',#6448,#6450,'Hormig\S\sn_C-1/8');
#6452= IFCLOCALPLACEMENT(#42,#10);
#6453= IFCELEMENTASSEMBLY('1hC9GW$Mj2Z9QlS2Er4jE6',#6427,'COLUMN',$,$,#6452,$,'C/33',.NOTDEFINED.,.REINFORCEMENT_UNIT.);
#6454= IFCCARTESIANPOINT((68000.,25500.,56850.));
#6455= IFCAXIS2PLACEMENT3D(#6454,#9,#8);
#6456= IFCLOCALPLACEMENT(#6452,#6455);
#6457= IFCSHAPEREPRESENTATION(#12,'Body','SweptSolid',(#6438));
#6458= IFCPRODUCTDEFINITIONSHAPE($,$,(#6457));
#6459= IFCCOLUMN('1snXllMYL4qhg2CDlkoLs2',#6427,'main piece','D1100','D1100',#6456,#6458,'Hormig\S\sn_C-1/8');
#6460= IFCLOCALPLACEMENT(#42,#10);
#6461= IFCELEMENTASSEMBLY('3Cc$J$t1f8zvxSDazr7U7N',#6427,'COLUMN',$,$,#6460,$,'C/33',.NOTDEFINED.,.REINFORCEMENT_UNIT.);
#6462= IFCCARTESIANPOINT((68000.,25500.,52850.));
#6463= IFCAXIS2PLACEMENT3D(#6462,#9,#8);
#6464= IFCLOCALPLACEMENT(#6460,#6463);
#6465= IFCSHAPEREPRESENTATION(#12,'Body','SweptSolid',(#6438));
#6466= IFCPRODUCTDEFINITIONSHAPE($,$,(#6465));
#6467= IFCCOLUMN('2txC1Fhg53NxTIgh1$lhiV',#6427,'main piece','D1100','D1100',#6464,#6466,'Hormig\S\sn_C-1/8');
#6468= IFCLOCALPLACEMENT(#42,#10);
#6469= IFCELEMENTASSEMBLY('34fKKCoFP139xnoyXF$HJe',#6427,'COLUMN',$,$,#6468,$,'C/33',.NOTDEFINED.,.REINFORCEMENT_UNIT.);
#6470= IFCCARTESIANPOINT((59500.,25500.,56850.));
#6471= IFCAXIS2PLACEMENT3D(#6470,#9,#8);
#6472= IFCLOCALPLACEMENT(#6468,#6471);
#6473= IFCSHAPEREPRESENTATION(#12,'Body','SweptSolid',(#6438));
#6474= IFCPRODUCTDEFINITIONSHAPE($,$,(#6473));
#6475= IFCCOLUMN('2bEmRMoMrAVvQIlB8whwdb',#6427,'main piece','D1100','D1100',#6472,#6474,'Hormig\S\sn_C-1/8');
#6476= IFCLOCALPLACEMENT(#42,#10);
#6477= IFCELEMENTASSEMBLY('0Js$LPeVD3Nh_PZSlp9YLP',#6427,'COLUMN',$,$,#6476,$,'C/33',.NOTDEFINED.,.REINFORCEMENT_UNIT.);
#6478= IFCCARTESIANPOINT((59500.,25500.,52850.));
#6479= IFCAXIS2PLACEMENT3D(#6478,#9,#8);
#6480= IFCLOCALPLACEMENT(#6476,#6479);
#6481= IFCSHAPEREPRESENTATION(#12,'Body','SweptSolid',(#6438));
#6482= IFCPRODUCTDEFINITIONSHAPE($,$,(#6481));
#6483= IFCCOLUMN('3$gcBVZfX6WuEW07wZvCyc',#6427,'main piece','D1100','D1100',#6480,#6482,'Hormig\S\sn_C-1/8');
#6484= IFCLOCALPLACEMENT(#42,#10);
#6485= IFCELEMENTASSEMBLY('3kWgsh_Y1APPQDZXdesvVx',#6427,'COLUMN',$,$,#6484,$,'C/33',.NOTDEFINED.,.REINFORCEMENT_UNIT.);
#6486= IFCCARTESIANPOINT((51000.,25500.,56850.));
#6487= IFCAXIS2PLACEMENT3D(#6486,#9,#8);
#6488= IFCLOCALPLACEMENT(#6484,#6487);
#6489= IFCSHAPEREPRESENTATION(#12,'Body','SweptSolid',(#6438));
#6490= IFCPRODUCTDEFINITIONSHAPE($,$,(#6489));
#6491= IFCCOLUMN('0osBVsaPbB7PbCKh4MpZHt',#6427,'main piece','D1100','D1100',#6488,#6490,'Hormig\S\sn_C-1/8');
#6492= IFCLOCALPLACEMENT(#42,#10);
#6493= IFCELEMENTASSEMBLY('1qVFJ5szP4HhugAIKTVtMt',#6427,'COLUMN',$,$,#6492,$,'C/33',.NOTDEFINED.,.REINFORCEMENT_UNIT.);
#6494= IFCCARTESIANPOINT((51000.,25500.,52850.));
#6495= IFCAXIS2PLACEMENT3D(#6494,#9,#8);
#6496= IFCLOCALPLACEMENT(#6492,#6495);
#6497= IFCSHAPEREPRESENTATION(#12,'Body','SweptSolid',(#6438));
#6498= IFCPRODUCTDEFINITIONSHAPE($,$,(#6497));
#6499= IFCCOLUMN('3ai4ZC9DH8wAEdlv4GaZbw',#6427,'main piece','D1100','D1100',#6496,#6498,'Hormig\S\sn_C-1/8');
#6500= IFCLOCALPLACEMENT(#42,#10);
#6501= IFCELEMENTASSEMBLY('02MYkT0hb9I9Ge0SvrFHfq',#6427,'COLUMN',$,$,#6500,$,'C/33',.NOTDEFINED.,.REINFORCEMENT_UNIT.);
#6502= IFCCARTESIANPOINT((42500.,25500.,56850.));
#6503= IFCAXIS2PLACEMENT3D(#6502,#9,#8);
#6504= IFCLOCALPLACEMENT(#6500,#6503);
#6505= IFCSHAPEREPRESENTATION(#12,'Body','SweptSolid',(#6438));
#6506= IFCPRODUCTDEFINITIONSHAPE($,$,(#6505));
#6507= IFCCOLUMN('2dS_QHIWb3sv0sww3rLY_j',#6427,'main piece','D1100','D1100',#6504,#6506,'Hormig\S\sn_C-1/8');
#6508= IFCLOCALPLACEMENT(#42,#10);
#6509= IFCELEMENTASSEMBLY('3aJwoWjCPEWO4ZvHlw6QLc',#6427,'COLUMN',$,$,#6508,$,'C/33',.NOTDEFINED.,.REINFORCEMENT_UNIT.);
#6510= IFCCARTESIANPOINT((42500.,25500.,52850.));
#6511= IFCAXIS2PLACEMENT3D(#6510,#9,#8);
#6512= IFCLOCALPLACEMENT(#6508,#6511);
#6513= IFCSHAPEREPRESENTATION(#12,'Body','SweptSolid',(#6438));
#6514= IFCPRODUCTDEFINITIONSHAPE($,$,(#6513));
#6515= IFCCOLUMN('332ZHZCqX4z93wXrQ5vHQT',#6427,'main piece','D1100','D1100',#6512,#6514,'Hormig\S\sn_C-1/8');
#6516= IFCLOCALPLACEMENT(#42,#10);
#6517= IFCELEMENTASSEMBLY('3Csvh_YoX1vwUdT2az$5o6',#6427,'COLUMN',$,$,#6516,$,'C/33',.NOTDEFINED.,.REINFORCEMENT_UNIT.);
#6518= IFCCARTESIANPOINT((34000.,25500.,56850.));
#6519= IFCAXIS2PLACEMENT3D(#6518,#9,#8);
#6520= IFCLOCALPLACEMENT(#6516,#6519);
#6521= IFCSHAPEREPRESENTATION(#12,'Body','SweptSolid',(#6438));
#6522= IFCPRODUCTDEFINITIONSHAPE($,$,(#6521));
#6523= IFCCOLUMN('0zxs7TDKn8YOAFUEGyNX3y',#6427,'main piece','D1100','D1100',#6520,#6522,'Hormig\S\sn_C-1/8');
#6524= IFCLOCALPLACEMENT(#42,#10);
#6525= IFCELEMENTASSEMBLY('28i95PsyX6dv43zm5NOULZ',#6427,'COLUMN',$,$,#6524,$,'C/33',.NOTDEFINED.,.REINFORCEMENT_UNIT.);
#6526= IFCCARTESIANPOINT((34000.,25500.,52850.));
#6527= IFCAXIS2PLACEMENT3D(#6526,#9,#8);
#6528= IFCLOCALPLACEMENT(#6524,#6527);
#6529= IFCSHAPEREPRESENTATION(#12,'Body','SweptSolid',(#6438));
#6530= IFCPRODUCTDEFINITIONSHAPE($,$,(#6529));
#6531= IFCCOLUMN('2KxMZnUQ5EQ9iE8oz4stQn',#6427,'main piece','D1100','D1100',#6528,#6530,'Hormig\S\sn_C-1/8');
#6532= IFCLOCALPLACEMENT(#42,#10);
#6533= IFCELEMENTASSEMBLY('1JgNSWiO93YfsyHarE_Lgi',#6427,'COLUMN',$,$,#6532,$,'C/33',.NOTDEFINED.,.REINFORCEMENT_UNIT.);
#6534= IFCCARTESIANPOINT((25500.,25500.,56850.));
#6535= IFCAXIS2PLACEMENT3D(#6534,#9,#8);
#6536= IFCLOCALPLACEMENT(#6532,#6535);
#6537= IFCSHAPEREPRESENTATION(#12,'Body','SweptSolid',(#6438));
#6538= IFCPRODUCTDEFINITIONSHAPE($,$,(#6537));
#6539= IFCCOLUMN('0M_7wRRzv3tBE3lA30xOzn',#6427,'main piece','D1100','D1100',#6536,#6538,'Hormig\S\sn_C-1/8');
#6540= IFCLOCALPLACEMENT(#42,#10);
#6541= IFCELEMENTASSEMBLY('289qdf37v8HuEgS0sCZ6xu',#6427,'COLUMN',$,$,#6540,$,'C/33',.NOTDEFINED.,.REINFORCEMENT_UNIT.);
#6542= IFCCARTESIANPOINT((25500.,25500.,52850.));
#6543= IFCAXIS2PLACEMENT3D(#6542,#9,#8);
#6544= IFCLOCALPLACEMENT(#6540,#6543);
#6545= IFCSHAPEREPRESENTATION(#12,'Body','SweptSolid',(#6438));
#6546= IFCPRODUCTDEFINITIONSHAPE($,$,(#6545));
#6547= IFCCOLUMN('3IKjyH3BH9oQjm4DCUGhxx',#6427,'main piece','D1100','D1100',#6544,#6546,'Hormig\S\sn_C-1/8');
#6548= IFCLOCALPLACEMENT(#42,#10);
#6549= IFCELEMENTASSEMBLY('0by8PJDpz4KQFKEKbLOQd_',#6427,'COLUMN',$,$,#6548,$,'C/33',.NOTDEFINED.,.REINFORCEMENT_UNIT.);
#6550= IFCCARTESIANPOINT((76500.,0.,56850.));
#6551= IFCAXIS2PLACEMENT3D(#6550,#9,#8);
#6552= IFCLOCALPLACEMENT(#6548,#6551);
#6553= IFCSHAPEREPRESENTATION(#12,'Body','SweptSolid',(#6438));
#6554= IFCPRODUCTDEFINITIONSHAPE($,$,(#6553));
#6555= IFCCOLUMN('1siMsq2mDBWfvtxROXqYff',#6427,'main piece','D1100','D1100',#6552,#6554,'Hormig\S\sn_C-1/8');
#6556= IFCLOCALPLACEMENT(#42,#10);
#6557= IFCELEMENTASSEMBLY('0Jvksku2n1dP6xCGKX_syl',#6427,'COLUMN',$,$,#6556,$,'C/33',.NOTDEFINED.,.REINFORCEMENT_UNIT.);
#6558= IFCCARTESIANPOINT((76500.,0.,52850.));
#6559= IFCAXIS2PLACEMENT3D(#6558,#9,#8);
#6560= IFCLOCALPLACEMENT(#6556,#6559);
#6561= IFCSHAPEREPRESENTATION(#12,'Body','SweptSolid',(#6438));
#6562= IFCPRODUCTDEFINITIONSHAPE($,$,(#6561));
#6563= IFCCOLUMN('0IChZ$mKvDZ9x8$m5GOvuR',#6427,'main piece','D1100','D1100',#6560,#6562,'Hormig\S\sn_C-1/8');
#6564= IFCLOCALPLACEMENT(#42,#10);
#6565= IFCELEMENTASSEMBLY('3TXma$3PfBWOOGCgmVmtgD',#6427,'COLUMN',$,$,#6564,$,'C/33',.NOTDEFINED.,.REINFORCEMENT_UNIT.);
#6566= IFCCARTESIANPOINT((68000.,0.,56850.));
#6567= IFCAXIS2PLACEMENT3D(#6566,#9,#8);
#6568= IFCLOCALPLACEMENT(#6564,#6567);
#6569= IFCSHAPEREPRESENTATION(#12,'Body','SweptSolid',(#6438));
#6570= IFCPRODUCTDEFINITIONSHAPE($,$,(#6569));
#6571= IFCCOLUMN('0PKFqDjOD01RkQciu3e_JO',#6427,'main piece','D1100','D1100',#6568,#6570,'Hormig\S\sn_C-1/8');
#6572= IFCLOCALPLACEMENT(#42,#10);
#6573= IFCELEMENTASSEMBLY('3WH08LXTP9a9Ll4Pw1_jO2',#6427,'COLUMN',$,$,#6572,$,'C/33',.NOTDEFINED.,.REINFORCEMENT_UNIT.);
#6574= IFCCARTESIANPOINT((68000.,0.,52850.));
#6575= IFCAXIS2PLACEMENT3D(#6574,#9,#8);
#6576= IFCLOCALPLACEMENT(#6572,#6575);
#6577= IFCSHAPEREPRESENTATION(#12,'Body','SweptSolid',(#6438));
#6578= IFCPRODUCTDEFINITIONSHAPE($,$,(#6577));
#6579= IFCCOLUMN('3e00E8_FX9QAWH1Io9O5a8',#6427,'main piece','D1100','D1100',#6576,#6578,'Hormig\S\sn_C-1/8');
#6580= IFCLOCALPLACEMENT(#42,#10);
#6581= IFCELEMENTASSEMBLY('3S7iUy24rEJ90Dpu5ubZB0',#6427,'COLUMN',$,$,#6580,$,'C/33',.NOTDEFINED.,.REINFORCEMENT_UNIT.);
#6582= IFCCARTESIANPOINT((59500.,0.,56850.));
#6583= IFCAXIS2PLACEMENT3D(#6582,#9,#8);
#6584= IFCLOCALPLACEMENT(#6580,#6583);
#6585= IFCSHAPEREPRESENTATION(#12,'Body','SweptSolid',(#6438));
#6586= IFCPRODUCTDEFINITIONSHAPE($,$,(#6585));
#6587= IFCCOLUMN('1_cVvVcQ99A9$9vqZiunkG',#6427,'main piece','D1100','D1100',#6584,#6586,'Hormig\S\sn_C-1/8');
#6588= IFCLOCALPLACEMENT(#42,#10);
#6589= IFCELEMENTASSEMBLY('0XGjpGaxXAy8tb_vlU4ghD',#6427,'COLUMN',$,$,#6588,$,'C/33',.NOTDEFINED.,.REINFORCEMENT_UNIT.);
#6590= IFCCARTESIANPOINT((59500.,0.,52850.));
#6591= IFCAXIS2PLACEMENT3D(#6590,#9,#8);
#6592= IFCLOCALPLACEMENT(#6588,#6591);
#6593= IFCSHAPEREPRESENTATION(#12,'Body','SweptSolid',(#6438));
#6594= IFCPRODUCTDEFINITIONSHAPE($,$,(#6593));
#6595= IFCCOLUMN('0GBIpBj117QOE6ZvDke7y2',#6427,'main piece','D1100','D1100',#6592,#6594,'Hormig\S\sn_C-1/8');
#6596= IFCLOCALPLACEMENT(#42,#10);
#6597= IFCELEMENTASSEMBLY('045xa3$15DxABUaoe$YH8D',#6427,'COLUMN',$,$,#6596,$,'C/33',.NOTDEFINED.,.REINFORCEMENT_UNIT.);
#6598= IFCCARTESIANPOINT((51000.,0.,56850.));
#6599= IFCAXIS2PLACEMENT3D(#6598,#9,#8);
#6600= IFCLOCALPLACEMENT(#6596,#6599);
#6601= IFCSHAPEREPRESENTATION(#12,'Body','SweptSolid',(#6438));
#6602= IFCPRODUCTDEFINITIONSHAPE($,$,(#6601));
#6603= IFCCOLUMN('1QzGulo7H4owbvzfjCDbqG',#6427,'main piece','D1100','D1100',#6600,#6602,'Hormig\S\sn_C-1/8');
#6604= IFCLOCALPLACEMENT(#42,#10);
#6605= IFCELEMENTASSEMBLY('0UZZOSDM92j9_OTx7AsZGN',#6427,'COLUMN',$,$,#6604,$,'C/33',.NOTDEFINED.,.REINFORCEMENT_UNIT.);
#6606= IFCCARTESIANPOINT((51000.,0.,52850.));
#6607= IFCAXIS2PLACEMENT3D(#6606,#9,#8);
#6608= IFCLOCALPLACEMENT(#6604,#6607);
#6609= IFCSHAPEREPRESENTATION(#12,'Body','SweptSolid',(#6438));
#6610= IFCPRODUCTDEFINITIONSHAPE($,$,(#6609));
#6611= IFCCOLUMN('1eDxnXtFv7wRE3fpUah3ZZ',#6427,'main piece','D1100','D1100',#6608,#6610,'Hormig\S\sn_C-1/8');
#6612= IFCLOCALPLACEMENT(#42,#10);
#6613= IFCELEMENTASSEMBLY('07LEfKPKvBePjucQdpmJSn',#6427,'COLUMN',$,$,#6612,$,'C/33',.NOTDEFINED.,.REINFORCEMENT_UNIT.);
#6614= IFCCARTESIANPOINT((42500.,0.,56850.));
#6615= IFCAXIS2PLACEMENT3D(#6614,#9,#8);
#6616= IFCLOCALPLACEMENT(#6612,#6615);
#6617= IFCSHAPEREPRESENTATION(#12,'Body','SweptSolid',(#6438));
#6618= IFCPRODUCTDEFINITIONSHAPE($,$,(#6617));
#6619= IFCCOLUMN('15BjTIGLzACO$Asmdni0G3',#6427,'main piece','D1100','D1100',#6616,#6618,'Hormig\S\sn_C-1/8');
#6620= IFCLOCALPLACEMENT(#42,#10);
#6621= IFCELEMENTASSEMBLY('3RXyqQ$yrD_xEM_XJR6y4v',#6427,'COLUMN',$,$,#6620,$,'C/33',.NOTDEFINED.,.REINFORCEMENT_UNIT.);
#6622= IFCCARTESIANPOINT((42500.,0.,52850.));
#6623= IFCAXIS2PLACEMENT3D(#6622,#9,#8);
#6624= IFCLOCALPLACEMENT(#6620,#6623);
#6625= IFCSHAPEREPRESENTATION(#12,'Body','SweptSolid',(#6438));
#6626= IFCPRODUCTDEFINITIONSHAPE($,$,(#6625));
#6627= IFCCOLUMN('2giF08rFrEkfqMvE3iF5DW',#6427,'main piece','D1100','D1100',#6624,#6626,'Hormig\S\sn_C-1/8');
#6628= IFCLOCALPLACEMENT(#42,#10);
#6629= IFCELEMENTASSEMBLY('0B3Rpkg3n3aOHygagqWdOK',#6427,'COLUMN',$,$,#6628,$,'C/33',.NOTDEFINED.,.REINFORCEMENT_UNIT.);
#6630= IFCCARTESIANPOINT((34000.,0.,56850.));
#6631= IFCAXIS2PLACEMENT3D(#6630,#9,#8);
#6632= IFCLOCALPLACEMENT(#6628,#6631);
#6633= IFCSHAPEREPRESENTATION(#12,'Body','SweptSolid',(#6438));
#6634= IFCPRODUCTDEFINITIONSHAPE($,$,(#6633));
#6635= IFCCOLUMN('1Pf4tEMXH07Pru7JaGS74G',#6427,'main piece','D1100','D1100',#6632,#6634,'Hormig\S\sn_C-1/8');
#6636= IFCLOCALPLACEMENT(#42,#10);
#6637= IFCELEMENTASSEMBLY('2edMOj3uL05RNd4lQQB_Rt',#6427,'COLUMN',$,$,#6636,$,'C/33',.NOTDEFINED.,.REINFORCEMENT_UNIT.);
#6638= IFCCARTESIANPOINT((34000.,0.,52850.));
#6639= IFCAXIS2PLACEMENT3D(#6638,#9,#8);
#6640= IFCLOCALPLACEMENT(#6636,#6639);
#6641= IFCSHAPEREPRESENTATION(#12,'Body','SweptSolid',(#6438));
#6642= IFCPRODUCTDEFINITIONSHAPE($,$,(#6641));
#6643= IFCCOLUMN('0LtTKWYHj0hQngM331RHOi',#6427,'main piece','D1100','D1100',#6640,#6642,'Hormig\S\sn_C-1/8');
#6644= IFCLOCALPLACEMENT(#42,#10);
#6645= IFCELEMENTASSEMBLY('0p8bruIF13$vb7CMKgS_bO',#6427,'COLUMN',$,$,#6644,$,'C/33',.NOTDEFINED.,.REINFORCEMENT_UNIT.);
#6646= IFCCARTESIANPOINT((25500.,0.,56850.));
#6647= IFCAXIS2PLACEMENT3D(#6646,#9,#8);
#6648= IFCLOCALPLACEMENT(#6644,#6647);
#6649= IFCSHAPEREPRESENTATION(#12,'Body','SweptSolid',(#6438));
#6650= IFCPRODUCTDEFINITIONSHAPE($,$,(#6649));
#6651= IFCCOLUMN('0I7bIsnWr56ebrNFP1lnHJ',#6427,'main piece','D1100','D1100',#6648,#6650,'Hormig\S\sn_C-1/8');
#6652= IFCLOCALPLACEMENT(#42,#10);
#6653= IFCELEMENTASSEMBLY('0wMEwtPwv3jOJeGnDRZxfT',#6427,'COLUMN',$,$,#6652,$,'C/33',.NOTDEFINED.,.REINFORCEMENT_UNIT.);
#6654= IFCCARTESIANPOINT((25500.,0.,52850.));
#6655= IFCAXIS2PLACEMENT3D(#6654,#9,#8);
#6656= IFCLOCALPLACEMENT(#6652,#6655);
#6657= IFCSHAPEREPRESENTATION(#12,'Body','SweptSolid',(#6438));
#6658= IFCPRODUCTDEFINITIONSHAPE($,$,(#6657));
#6659= IFCCOLUMN('1KZYuozCX6$fqEtvYCOhix',#6427,'main piece','D1100','D1100',#6656,#6658,'Hormig\S\sn_C-1/8');
#6660= IFCOWNERHISTORY(#3,#4,$,.NOCHANGE.,$,$,$,1779116400);
#6661= IFCLOCALPLACEMENT(#42,#10);
#6662= IFCELEMENTASSEMBLY('1j7fTzvifCRxiC_uJeUuQu',#6660,'BEAM',$,$,#6661,$,'B/840',.NOTDEFINED.,.RIGID_FRAME.);
#6663= IFCPROPERTYSINGLEVALUE('AssemblyMark',$,IFCIDENTIFIER('B/840'),$);
#6664= IFCPROPERTYSET('0NzyN5LvT0ehRqJzCT4K1v',#5,'AISC_EM11_Pset_AssemblyIdentification','AssemblyIdentity',(#6663,#52,#53));
#6665= IFCCARTESIANPOINT((16999.999725343,185.210482605202,109649.998199463));
#6666= IFCAXIS2PLACEMENT3D(#6665,#8,#57);
#6667= IFCLOCALPLACEMENT(#6661,#6666);
#6668= IFCCARTESIANPOINT((0.,-20.3099999966094,0.));
#6669= IFCAXIS2PLACEMENT3D(#6668,#8,#7);
#6670= IFCEXTRUDEDAREASOLID(#67,#6669,#9,10.56);
#6671= IFCCARTESIANPOINT((0.,-9.7499999966094,0.));
#6672= IFCAXIS2PLACEMENT3D(#6671,#8,#7);
#6673= IFCEXTRUDEDAREASOLID(#74,#6672,#9,40.);
#6674= IFCCARTESIANPOINT((0.,3.75000000264663,0.));
#6675= IFCAXIS2PLACEMENT3D(#6674,#8,#7);
#6676= IFCEXTRUDEDAREASOLID(#78,#6675,#9,8.);
#6677= IFCCARTESIANPOINT((0.,11.7500000026466,0.));
#6678= IFCAXIS2PLACEMENT3D(#6677,#8,#7);
#6679= IFCEXTRUDEDAREASOLID(#67,#6678,#9,13.);
#6680= IFCCARTESIANPOINT((75.,0.,50.));
#6681= IFCCARTESIANTRANSFORMATIONOPERATOR3D($,$,#6680,$,$);
#6682= IFCSHAPEREPRESENTATION(#12,'Body','SweptSolid',(#6670,#6673,#6676,#6679));
#6683= IFCREPRESENTATIONMAP(#10,#6682);
#6684= IFCMAPPEDITEM(#6683,#6681);
#6685= IFCCARTESIANPOINT((135.,0.,50.));
#6686= IFCCARTESIANTRANSFORMATIONOPERATOR3D($,$,#6685,$,$);
#6687= IFCMAPPEDITEM(#6683,#6686);
#6688= IFCCARTESIANPOINT((195.,0.,50.));
#6689= IFCCARTESIANTRANSFORMATIONOPERATOR3D($,$,#6688,$,$);
#6690= IFCMAPPEDITEM(#6683,#6689);
#6691= IFCCARTESIANPOINT((255.,0.,50.));
#6692= IFCCARTESIANTRANSFORMATIONOPERATOR3D($,$,#6691,$,$);
#6693= IFCMAPPEDITEM(#6683,#6692);
#6694= IFCSHAPEREPRESENTATION(#12,'Body','MappedRepresentation',(#6684,#6687,#6690,#6693));
#6695= IFCPOLYLINE((#6668,#97));
#6696= IFCSHAPEREPRESENTATION(#12,'Axis','GeometricCurveSet',(#6695));
#6697= IFCREPRESENTATIONMAP(#10,#6696);
#6698= IFCMAPPEDITEM(#6697,#6681);
#6699= IFCMAPPEDITEM(#6697,#6686);
#6700= IFCMAPPEDITEM(#6697,#6689);
#6701= IFCMAPPEDITEM(#6697,#6692);
#6702= IFCSHAPEREPRESENTATION(#12,'Axis','MappedRepresentation',(#6698,#6699,#6700,#6701));
#6703= IFCPRODUCTDEFINITIONSHAPE($,$,(#6694,#6702));
#6704= IFCMECHANICALFASTENER('3NtEAOxyf9HgV3FDuSnc7L',#6660,'Bolt assembly',$,$,#6667,#6703,'IDd7dce298-efca-4946-a7c3-3cde1cc661d5',16.,40.);
#6705= IFCPROPERTYSINGLEVALUE('BoltStandard',$,IFCIDENTIFIER('7990'),$);
#6706= IFCPROPERTYSINGLEVALUE('BoltType',$,IFCIDENTIFIER('7990'),$);
#6707= IFCPROPERTYSET('1OONoDGpz41PLFcfiJobAl',#5,'AISC_EM11_Pset_Bolt','BoltIdentity',(#107,#108,#109,#110,#6705,#6706));
#6708= IFCLOCALPLACEMENT(#42,#10);
#6709= IFCELEMENTASSEMBLY('2Te7HgpxfFEetDPMugI9ZW',#6660,'COLUMN',$,$,#6708,$,'C/47',.NOTDEFINED.,.RIGID_FRAME.);
#6710= IFCPROPERTYSINGLEVALUE('AssemblyMark',$,IFCIDENTIFIER('C/47'),$);
#6711= IFCPROPERTYSET('3bCqGMXDH8ZAW3bFsJBpk5',#5,'AISC_EM11_Pset_AssemblyIdentification','AssemblyIdentity',(#6710,#52,#53));
#6712= IFCCARTESIANPOINT((17003.7497253418,175.210482605202,109484.998199463));
#6713= IFCAXIS2PLACEMENT3D(#6712,#8,#57);
#6714= IFCLOCALPLACEMENT(#6708,#6713);
#6715= IFCCARTESIANPOINT((-125.,0.,8.48528137423858));
#6716= IFCCARTESIANPOINT((-125.,0.,0.));
#6717= IFCCARTESIANPOINT((125.,0.,0.));
#6718= IFCCARTESIANPOINT((125.,0.,8.48528137423858));
#6719= IFCPOLYLOOP((#6715,#6716,#6717,#6718));
#6720= IFCFACEOUTERBOUND(#6719,.T.);
#6721= IFCFACE((#6720));
#6722= IFCCARTESIANPOINT((-125.,8.48528137424,0.));
#6723= IFCCARTESIANPOINT((125.,8.48528137424,0.));
#6724= IFCPOLYLOOP((#6716,#6722,#6723,#6717));
#6725= IFCFACEOUTERBOUND(#6724,.T.);
#6726= IFCFACE((#6725));
#6727= IFCPOLYLOOP((#6722,#6715,#6718,#6723));
#6728= IFCFACEOUTERBOUND(#6727,.T.);
#6729= IFCFACE((#6728));
#6730= IFCPOLYLOOP((#6723,#6718,#6717));
#6731= IFCFACEOUTERBOUND(#6730,.T.);
#6732= IFCFACE((#6731));
#6733= IFCPOLYLOOP((#6722,#6716,#6715));
#6734= IFCFACEOUTERBOUND(#6733,.T.);
#6735= IFCFACE((#6734));
#6736= IFCCARTESIANPOINT((125.,-6.,8.48528137423858));
#6737= IFCCARTESIANPOINT((125.,-6.,0.));
#6738= IFCCARTESIANPOINT((-125.,-6.,0.));
#6739= IFCCARTESIANPOINT((-125.,-6.,8.48528137423858));
#6740= IFCPOLYLOOP((#6736,#6737,#6738,#6739));
#6741= IFCFACEOUTERBOUND(#6740,.T.);
#6742= IFCFACE((#6741));
#6743= IFCCARTESIANPOINT((125.,-14.48528137424,0.));
#6744= IFCCARTESIANPOINT((-125.,-14.48528137424,0.));
#6745= IFCPOLYLOOP((#6737,#6743,#6744,#6738));
#6746= IFCFACEOUTERBOUND(#6745,.T.);
#6747= IFCFACE((#6746));
#6748= IFCPOLYLOOP((#6743,#6736,#6739,#6744));
#6749= IFCFACEOUTERBOUND(#6748,.T.);
#6750= IFCFACE((#6749));
#6751= IFCPOLYLOOP((#6744,#6739,#6738));
#6752= IFCFACEOUTERBOUND(#6751,.T.);
#6753= IFCFACE((#6752));
#6754= IFCPOLYLOOP((#6743,#6737,#6736));
#6755= IFCFACEOUTERBOUND(#6754,.T.);
#6756= IFCFACE((#6755));
#6757= IFCCLOSEDSHELL((#6721,#6726,#6729,#6732,#6735,#6742,#6747,#6750,#6753,#6756));
#6758= IFCFACETEDBREP(#6757);
#6759= IFCSHAPEREPRESENTATION(#12,'Body','Brep',(#6758));
#6760= IFCPOLYLINE((#6716,#6717));
#6761= IFCCARTESIANPOINT((125.,0.,6.));
#6762= IFCCARTESIANPOINT((-125.,0.,6.));
#6763= IFCPOLYLINE((#6761,#6762));
#6764= IFCSHAPEREPRESENTATION(#13,'Axis','GeometricCurveSet',(#6760,#6763));
#6765= IFCPRODUCTDEFINITIONSHAPE($,$,(#6759,#6764));
#6766= IFCFASTENER('0HRiMDE6r59wO_O9ACh1uW',#6660,'Weld',$,$,#6714,#6765,'ID116ec58d-386d-4527-a63e-60928cac1e20');
#6767= IFCPROPERTYSINGLEVALUE('WeldID',$,IFCINTEGER(114118788),$);
#6768= IFCPROPERTYSINGLEVALUE('l',$,IFCPOSITIVELENGTHMEASURE(250.),$);
#6769= IFCPROPERTYSINGLEVALUE('d',$,IFCPOSITIVELENGTHMEASURE(6.),$);
#6770= IFCPROPERTYSET('2u20UVwO989h2D7B9KQuK8',#5,'AISC_EM11_Pset_Weld','WeldIdentity',(#305,#306,#307,#308,#6767,#310,#311,#312,#6768,#314,#6769,#316,#317,#318,#319,#320));
#6771= IFCCARTESIANPOINT((17006.7497253409,230.210482605202,109359.998199463));
#6772= IFCAXIS2PLACEMENT3D(#6771,#9,#740);
#6773= IFCLOCALPLACEMENT(#6708,#6772);
#6774= IFCCARTESIANPOINT((0.,0.,250.));
#6775= IFCAXIS2PLACEMENT3D(#6774,#57,#8);
#6776= IFCEXTRUDEDAREASOLID(#396,#6775,#9,250.);
#6777= IFCSHAPEREPRESENTATION(#12,'Body','SweptSolid',(#6776));
#6778= IFCPRODUCTDEFINITIONSHAPE($,$,(#6777));
#6779= IFCDISCRETEACCESSORY('2ziNstn7bAZgYUn4xaRZtA',#6660,'Support section',$,$,#6773,#6778,'1477');
#6780= IFCLOCALPLACEMENT(#6708,#6666);
#6781= IFCCARTESIANPOINT((0.,-9.8499999966094,0.));
#6782= IFCAXIS2PLACEMENT3D(#6781,#8,#7);
#6783= IFCEXTRUDEDAREASOLID(#404,#6782,#9,6.2);
#6784= IFCSHAPEREPRESENTATION(#12,'Body','SweptSolid',(#6783));
#6785= IFCREPRESENTATIONMAP(#10,#6784);
#6786= IFCMAPPEDITEM(#6785,#6681);
#6787= IFCMAPPEDITEM(#6785,#6686);
#6788= IFCMAPPEDITEM(#6785,#6689);
#6789= IFCMAPPEDITEM(#6785,#6692);
#6790= IFCSHAPEREPRESENTATION(#12,'Body','MappedRepresentation',(#6786,#6787,#6788,#6789));
#6791= IFCPRODUCTDEFINITIONSHAPE($,$,(#6790));
#6792= IFCOPENINGELEMENT('2dLb8JuLvFGuU5g2wGlMab',#5,$,$,'Opening',#6780,#6791,$);
#6793= IFCRELVOIDSELEMENT('18bOfKREz6MgmoWREDWwmv',#5,'Drill Hole',$,#6779,#6792);
#6794= IFCPROPERTYSINGLEVALUE('IndicationMark',$,IFCIDENTIFIER('1477'),$);
#6795= IFCPROPERTYSET('2YjL3mS4TEleHj7VFfRVHc',#5,'AISC_EM11_Pset_PieceIdentification','PieceIdentity',(#422,#6794,#424,#425));
#6796= IFCOWNERHISTORY(#3,#4,$,.NOCHANGE.,$,$,$,1779120000);
#6797= IFCLOCALPLACEMENT(#42,#10);
#6798= IFCELEMENTASSEMBLY('01FZtYdlnDZP7H3s4glKff',#6796,'BEAM',$,$,#6797,$,'B/1604',.NOTDEFINED.,.RIGID_FRAME.);
#6799= IFCPROPERTYSINGLEVALUE('AssemblyMark',$,IFCIDENTIFIER('B/1604'),$);
#6800= IFCPROPERTYSET('1Aktop3QT54gvI81ZDZKA1',#5,'AISC_EM11_Pset_AssemblyIdentification','AssemblyIdentity',(#6799,#52,#53));
#6801= IFCCARTESIANPOINT((17184.9994286889,0.000507354736328125,109649.9999996));
#6802= IFCAXIS2PLACEMENT3D(#6801,#7,#57);
#6803= IFCLOCALPLACEMENT(#6797,#6802);
#6804= IFCSHAPEREPRESENTATION(#12,'Body','MappedRepresentation',(#6684,#6687,#6690,#6693));
#6805= IFCSHAPEREPRESENTATION(#12,'Axis','MappedRepresentation',(#6698,#6699,#6700,#6701));
#6806= IFCPRODUCTDEFINITIONSHAPE($,$,(#6804,#6805));
#6807= IFCMECHANICALFASTENER('26TwRWizr6R9LYCbQ9nagO',#6660,'Bolt assembly',$,$,#6803,#6806,'ID8677a6e0-b3dd-466c-9562-325689c64a98',16.,40.);
#6808= IFCCARTESIANPOINT((17174.9994300095,-3.74949264526367,109485.));
#6809= IFCAXIS2PLACEMENT3D(#6808,#7,#57);
#6810= IFCLOCALPLACEMENT(#6708,#6809);
#6811= IFCSHAPEREPRESENTATION(#12,'Body','Brep',(#6758));
#6812= IFCSHAPEREPRESENTATION(#13,'Axis','GeometricCurveSet',(#6760,#6763));
#6813= IFCPRODUCTDEFINITIONSHAPE($,$,(#6811,#6812));
#6814= IFCFASTENER('1WmQVQLLT2RR15Pis63USh',#6660,'Weld',$,$,#6810,#6813,'ID60c1a7da-5557-426d-b045-66cd860de72b');
#6815= IFCPROPERTYSINGLEVALUE('WeldID',$,IFCINTEGER(114118523),$);
#6816= IFCPROPERTYSET('3Pjth_AG94cRyyyVMWSr72',#5,'AISC_EM11_Pset_Weld','WeldIdentity',(#305,#306,#307,#308,#6815,#310,#311,#312,#6768,#314,#6769,#316,#317,#318,#319,#320));
#6817= IFCCARTESIANPOINT((17229.9994310099,-6.74949264526367,109360.00000036));
#6818= IFCAXIS2PLACEMENT3D(#6817,#9,#4320);
#6819= IFCLOCALPLACEMENT(#6708,#6818);
#6820= IFCSHAPEREPRESENTATION(#12,'Body','SweptSolid',(#6776));
#6821= IFCPRODUCTDEFINITIONSHAPE($,$,(#6820));
#6822= IFCDISCRETEACCESSORY('33NJKY1fL8fP8G6_zHio_G',#6660,'Support section',$,$,#6819,#6821,'1477');
#6823= IFCLOCALPLACEMENT(#6708,#6802);
#6824= IFCSHAPEREPRESENTATION(#12,'Body','MappedRepresentation',(#6786,#6787,#6788,#6789));
#6825= IFCPRODUCTDEFINITIONSHAPE($,$,(#6824));
#6826= IFCOPENINGELEMENT('01v50UEAXFl84MbnnecS2M',#5,$,$,'Opening',#6823,#6825,$);
#6827= IFCRELVOIDSELEMENT('13PArd_OP87RQV3pffhpBJ',#5,'Drill Hole',$,#6822,#6826);
#6828= IFCLOCALPLACEMENT(#42,#10);
#6829= IFCELEMENTASSEMBLY('0nPjcdmDH0tPfkTz3b$8ZQ',#6660,'BEAM',$,$,#6828,$,'B/1572',.NOTDEFINED.,.RIGID_FRAME.);
#6830= IFCPROPERTYSINGLEVALUE('AssemblyMark',$,IFCIDENTIFIER('B/1572'),$);
#6831= IFCPROPERTYSET('3Yq4gb_EPB5xN0C0sTbQYQ',#5,'AISC_EM11_Pset_AssemblyIdentification','AssemblyIdentity',(#6830,#52,#53));
#6832= IFCCARTESIANPOINT((16999.999725343,-184.789517394798,109650.));
#6833= IFCAXIS2PLACEMENT3D(#6832,#740,#57);
#6834= IFCLOCALPLACEMENT(#6828,#6833);
#6835= IFCSHAPEREPRESENTATION(#12,'Body','MappedRepresentation',(#6684,#6687,#6690,#6693));
#6836= IFCSHAPEREPRESENTATION(#12,'Axis','MappedRepresentation',(#6698,#6699,#6700,#6701));
#6837= IFCPRODUCTDEFINITIONSHAPE($,$,(#6835,#6836));
#6838= IFCMECHANICALFASTENER('33Q0vCtZnAqxGjGeWK7hsd',#6660,'Bolt assembly',$,$,#6834,#6837,'IDc3680e4c-de3c-4ad3-b42d-4288141ebda7',16.,40.);
#6839= IFCCARTESIANPOINT((16996.2497253418,-174.789517394798,109485.));
#6840= IFCAXIS2PLACEMENT3D(#6839,#740,#57);
#6841= IFCLOCALPLACEMENT(#6708,#6840);
#6842= IFCSHAPEREPRESENTATION(#12,'Body','Brep',(#6758));
#6843= IFCSHAPEREPRESENTATION(#13,'Axis','GeometricCurveSet',(#6760,#6763));
#6844= IFCPRODUCTDEFINITIONSHAPE($,$,(#6842,#6843));
#6845= IFCFASTENER('3kSb7fFnT1k9dtA17z6Pin',#6660,'Weld',$,$,#6841,#6844,'IDee7251e9-3f17-41b8-99f7-2811fd199b31');
#6846= IFCPROPERTYSINGLEVALUE('WeldID',$,IFCINTEGER(114118242),$);
#6847= IFCPROPERTYSET('3Vc5QVzuP9LvioKFljzHbd',#5,'AISC_EM11_Pset_Weld','WeldIdentity',(#305,#306,#307,#308,#6846,#310,#311,#312,#6768,#314,#6769,#316,#317,#318,#319,#320));
#6848= IFCCARTESIANPOINT((16993.2497253409,-229.789517394798,109360.));
#6849= IFCAXIS2PLACEMENT3D(#6848,#9,#8);
#6850= IFCLOCALPLACEMENT(#6708,#6849);
#6851= IFCSHAPEREPRESENTATION(#12,'Body','SweptSolid',(#6776));
#6852= IFCPRODUCTDEFINITIONSHAPE($,$,(#6851));
#6853= IFCDISCRETEACCESSORY('0m2rda61f19vTPrxZM96VP',#6660,'Support section',$,$,#6850,#6852,'1477');
#6854= IFCLOCALPLACEMENT(#6708,#6833);
#6855= IFCSHAPEREPRESENTATION(#12,'Body','MappedRepresentation',(#6786,#6787,#6788,#6789));
#6856= IFCPRODUCTDEFINITIONSHAPE($,$,(#6855));
#6857= IFCOPENINGELEMENT('16kBIVR_TCfuDMiS5K6aYN',#5,$,$,'Opening',#6854,#6856,$);
#6858= IFCRELVOIDSELEMENT('1JaldAlN9FyA3pWzr4SKaq',#5,'Drill Hole',$,#6853,#6857);
#6859= IFCLOCALPLACEMENT(#42,#10);
#6860= IFCELEMENTASSEMBLY('2Z0y1pLP1DMQCwUlpnjhWy',#6660,'BEAM',$,$,#6859,$,'B/842',.NOTDEFINED.,.RIGID_FRAME.);
#6861= IFCPROPERTYSINGLEVALUE('AssemblyMark',$,IFCIDENTIFIER('B/842'),$);
#6862= IFCPROPERTYSET('2AH_bByy56P8R7agW0hwVA',#5,'AISC_EM11_Pset_AssemblyIdentification','AssemblyIdentity',(#6861,#52,#53));
#6863= IFCCARTESIANPOINT((16814.9994286889,0.000507354440236178,109650.0000004));
#6864= IFCAXIS2PLACEMENT3D(#6863,#4320,#57);
#6865= IFCLOCALPLACEMENT(#6859,#6864);
#6866= IFCSHAPEREPRESENTATION(#12,'Body','MappedRepresentation',(#6684,#6687,#6690,#6693));
#6867= IFCSHAPEREPRESENTATION(#12,'Axis','MappedRepresentation',(#6698,#6699,#6700,#6701));
#6868= IFCPRODUCTDEFINITIONSHAPE($,$,(#6866,#6867));
#6869= IFCMECHANICALFASTENER('2Xm8QWW0zDwwpWQ9CUE$E_',#6660,'Bolt assembly',$,$,#6865,#6868,'IDa1c086a0-800f-4deb-ace0-68931e3bf3be',16.,40.);
#6870= IFCCARTESIANPOINT((16824.9994300095,3.75051717444148,109485.));
#6871= IFCAXIS2PLACEMENT3D(#6870,#4320,#57);
#6872= IFCLOCALPLACEMENT(#6708,#6871);
#6873= IFCSHAPEREPRESENTATION(#12,'Body','Brep',(#6758));
#6874= IFCSHAPEREPRESENTATION(#13,'Axis','GeometricCurveSet',(#6760,#6763));
#6875= IFCPRODUCTDEFINITIONSHAPE($,$,(#6873,#6874));
#6876= IFCFASTENER('339r6jQavF4xGA1IpnLrCR',#6660,'Weld',$,$,#6872,#6875,'IDc32751ad-6a4e-4f13-b40a-052cf157531b');
#6877= IFCPROPERTYSINGLEVALUE('WeldID',$,IFCINTEGER(114117960),$);
#6878= IFCPROPERTYSET('1$O7EBj9jCDwO0s87Pudwv',#5,'AISC_EM11_Pset_Weld','WeldIdentity',(#305,#306,#307,#308,#6877,#310,#311,#312,#6768,#314,#6769,#316,#317,#318,#319,#320));
#6879= IFCCARTESIANPOINT((16769.9994328512,6.75050735444289,109359.99999964));
#6880= IFCAXIS2PLACEMENT3D(#6879,#9,#7);
#6881= IFCLOCALPLACEMENT(#6708,#6880);
#6882= IFCSHAPEREPRESENTATION(#12,'Body','SweptSolid',(#6776));
#6883= IFCPRODUCTDEFINITIONSHAPE($,$,(#6882));
#6884= IFCDISCRETEACCESSORY('30aSY6ah9D$Acxoho80yaA',#6660,'Support section',$,$,#6881,#6883,'1477');
#6885= IFCLOCALPLACEMENT(#6708,#6864);
#6886= IFCSHAPEREPRESENTATION(#12,'Body','MappedRepresentation',(#6786,#6787,#6788,#6789));
#6887= IFCPRODUCTDEFINITIONSHAPE($,$,(#6886));
#6888= IFCOPENINGELEMENT('1AWG0iMMb52eXnaFuJlOSl',#5,$,$,'Opening',#6885,#6887,$);
#6889= IFCRELVOIDSELEMENT('3fCQnvtWb5v8Se9Tguukdo',#5,'Drill Hole',$,#6884,#6888);
#6890= IFCLOCALPLACEMENT(#42,#10);
#6891= IFCELEMENTASSEMBLY('2DKCZuRYLEa9hAxLJV_Mqj',#6796,'BEAM',$,$,#6890,$,'B/882',.NOTDEFINED.,.RIGID_FRAME.);
#6892= IFCPROPERTYSINGLEVALUE('AssemblyMark',$,IFCIDENTIFIER('B/882'),$);
#6893= IFCPROPERTYSET('2yYqJr6CbCiwc3cd7Rgluh',#5,'AISC_EM11_Pset_AssemblyIdentification','AssemblyIdentity',(#6892,#52,#53));
#6894= IFCCARTESIANPOINT((17184.9994506836,25500.0000305176,109650.));
#6895= IFCAXIS2PLACEMENT3D(#6894,#7,#57);
#6896= IFCLOCALPLACEMENT(#6890,#6895);
#6897= IFCSHAPEREPRESENTATION(#12,'Body','MappedRepresentation',(#6684,#6687,#6690,#6693));
#6898= IFCSHAPEREPRESENTATION(#12,'Axis','MappedRepresentation',(#6698,#6699,#6700,#6701));
#6899= IFCPRODUCTDEFINITIONSHAPE($,$,(#6897,#6898));
#6900= IFCMECHANICALFASTENER('0b6xCJOWf1KhdD_qdFxl3j',#6660,'Bolt assembly',$,$,#6896,#6899,'ID251bb313-620a-4152-b9cd-fb49cfeef0ed',16.,40.);
#6901= IFCLOCALPLACEMENT(#42,#10);
#6902= IFCELEMENTASSEMBLY('0M7EmrmoL3yBx8JaH77xzR',#6660,'COLUMN',$,$,#6901,$,'C/47',.NOTDEFINED.,.RIGID_FRAME.);
#6903= IFCCARTESIANPOINT((17174.9994506836,25496.2500305176,109485.));
#6904= IFCAXIS2PLACEMENT3D(#6903,#7,#57);
#6905= IFCLOCALPLACEMENT(#6901,#6904);
#6906= IFCSHAPEREPRESENTATION(#12,'Body','Brep',(#6758));
#6907= IFCSHAPEREPRESENTATION(#13,'Axis','GeometricCurveSet',(#6760,#6763));
#6908= IFCPRODUCTDEFINITIONSHAPE($,$,(#6906,#6907));
#6909= IFCFASTENER('1YuxL8SSnFo92m9OT71do8',#6660,'Weld',$,$,#6905,#6908,'ID62e3b548-71cc-4fc8-90b0-258747067c88');
#6910= IFCPROPERTYSINGLEVALUE('WeldID',$,IFCINTEGER(114114681),$);
#6911= IFCPROPERTYSET('2ytUtHS11FcPIN$1pkmWSe',#5,'AISC_EM11_Pset_Weld','WeldIdentity',(#305,#306,#307,#308,#6910,#310,#311,#312,#6768,#314,#6769,#316,#317,#318,#319,#320));
#6912= IFCCARTESIANPOINT((17229.9994506836,25493.2500305176,109360.));
#6913= IFCAXIS2PLACEMENT3D(#6912,#9,#4320);
#6914= IFCLOCALPLACEMENT(#6901,#6913);
#6915= IFCSHAPEREPRESENTATION(#12,'Body','SweptSolid',(#6776));
#6916= IFCPRODUCTDEFINITIONSHAPE($,$,(#6915));
#6917= IFCDISCRETEACCESSORY('1j80V44RX7svjUpyIyI0sm',#6660,'Support section',$,$,#6914,#6916,'1477');
#6918= IFCLOCALPLACEMENT(#6901,#6895);
#6919= IFCSHAPEREPRESENTATION(#12,'Body','MappedRepresentation',(#6786,#6787,#6788,#6789));
#6920= IFCPRODUCTDEFINITIONSHAPE($,$,(#6919));
#6921= IFCOPENINGELEMENT('2cA_70flH188ljBF$cTo1y',#5,$,$,'Opening',#6918,#6920,$);
#6922= IFCRELVOIDSELEMENT('2ZSeh9iuL0LRQ5qFaCcUEX',#5,'Drill Hole',$,#6917,#6921);
#6923= IFCLOCALPLACEMENT(#42,#10);
#6924= IFCELEMENTASSEMBLY('1ZHeugDCL1whOvroEskSgp',#6660,'BEAM',$,$,#6923,$,'B/874',.NOTDEFINED.,.RIGID_FRAME.);
#6925= IFCPROPERTYSINGLEVALUE('AssemblyMark',$,IFCIDENTIFIER('B/874'),$);
#6926= IFCPROPERTYSET('3sb9gBgbzELwMxZCjDAV3Q',#5,'AISC_EM11_Pset_AssemblyIdentification','AssemblyIdentity',(#6925,#52,#53));
#6927= IFCCARTESIANPOINT((16999.9997253418,25315.2104826052,109650.));
#6928= IFCAXIS2PLACEMENT3D(#6927,#740,#57);
#6929= IFCLOCALPLACEMENT(#6923,#6928);
#6930= IFCSHAPEREPRESENTATION(#12,'Body','MappedRepresentation',(#6684,#6687,#6690,#6693));
#6931= IFCSHAPEREPRESENTATION(#12,'Axis','MappedRepresentation',(#6698,#6699,#6700,#6701));
#6932= IFCPRODUCTDEFINITIONSHAPE($,$,(#6930,#6931));
#6933= IFCMECHANICALFASTENER('00h6tgLPT1cfSaQAtm7zxF',#6660,'Bolt assembly',$,$,#6929,#6932,'ID00ac6dea-5597-419a-9724-68adf01fdecf',16.,40.);
#6934= IFCCARTESIANPOINT((16996.2497253418,25325.2104826052,109485.));
#6935= IFCAXIS2PLACEMENT3D(#6934,#740,#57);
#6936= IFCLOCALPLACEMENT(#6901,#6935);
#6937= IFCSHAPEREPRESENTATION(#12,'Body','Brep',(#6758));
#6938= IFCSHAPEREPRESENTATION(#13,'Axis','GeometricCurveSet',(#6760,#6763));
#6939= IFCPRODUCTDEFINITIONSHAPE($,$,(#6937,#6938));
#6940= IFCFASTENER('0h63svcBL9RAd0YMVBYaKQ',#6660,'Weld',$,$,#6936,#6939,'ID2b183db9-98b5-496c-a9c0-8967cb8a451a');
#6941= IFCPROPERTYSINGLEVALUE('WeldID',$,IFCINTEGER(114114402),$);
#6942= IFCPROPERTYSET('1DJXI99Ez5f8QaePJCLukp',#5,'AISC_EM11_Pset_Weld','WeldIdentity',(#305,#306,#307,#308,#6941,#310,#311,#312,#6768,#314,#6769,#316,#317,#318,#319,#320));
#6943= IFCCARTESIANPOINT((16993.2497253418,25270.2104826052,109360.));
#6944= IFCAXIS2PLACEMENT3D(#6943,#9,#8);
#6945= IFCLOCALPLACEMENT(#6901,#6944);
#6946= IFCSHAPEREPRESENTATION(#12,'Body','SweptSolid',(#6776));
#6947= IFCPRODUCTDEFINITIONSHAPE($,$,(#6946));
#6948= IFCDISCRETEACCESSORY('1pfz_kU09EcAD1aUd9WTUv',#6660,'Support section',$,$,#6945,#6947,'1477');
#6949= IFCLOCALPLACEMENT(#6901,#6928);
#6950= IFCSHAPEREPRESENTATION(#12,'Body','MappedRepresentation',(#6786,#6787,#6788,#6789));
#6951= IFCPRODUCTDEFINITIONSHAPE($,$,(#6950));
#6952= IFCOPENINGELEMENT('2j7gk6tovBpuOb5_vJ6_se',#5,$,$,'Opening',#6949,#6951,$);
#6953= IFCRELVOIDSELEMENT('2zBmqI7APFzPnwg0dhP__X',#5,'Drill Hole',$,#6948,#6952);
#6954= IFCLOCALPLACEMENT(#42,#10);
#6955= IFCELEMENTASSEMBLY('3R$hHvNOv9pfGjlkg_Jp2w',#6660,'BEAM',$,$,#6954,$,'B/842',.NOTDEFINED.,.RIGID_FRAME.);
#6956= IFCCARTESIANPOINT((16814.9994506836,25500.0000305176,109650.));
#6957= IFCAXIS2PLACEMENT3D(#6956,#4320,#57);
#6958= IFCLOCALPLACEMENT(#6954,#6957);
#6959= IFCSHAPEREPRESENTATION(#12,'Body','MappedRepresentation',(#6684,#6687,#6690,#6693));
#6960= IFCSHAPEREPRESENTATION(#12,'Axis','MappedRepresentation',(#6698,#6699,#6700,#6701));
#6961= IFCPRODUCTDEFINITIONSHAPE($,$,(#6959,#6960));
#6962= IFCMECHANICALFASTENER('3aW_oq69r3ZejDGLl8wNAM',#6660,'Bolt assembly',$,$,#6958,#6961,'IDe483ecb4-189d-438e-8b4d-415bc8e97296',16.,40.);
#6963= IFCCARTESIANPOINT((16824.9994506836,25503.7500311176,109485.));
#6964= IFCAXIS2PLACEMENT3D(#6963,#4320,#57);
#6965= IFCLOCALPLACEMENT(#6901,#6964);
#6966= IFCSHAPEREPRESENTATION(#12,'Body','Brep',(#6758));
#6967= IFCSHAPEREPRESENTATION(#13,'Axis','GeometricCurveSet',(#6760,#6763));
#6968= IFCPRODUCTDEFINITIONSHAPE($,$,(#6966,#6967));
#6969= IFCFASTENER('2YpfgJZNv579U5RWsQn8kc',#6660,'Weld',$,$,#6965,#6968,'IDa2ce9a93-8d7e-451c-9785-6e0d9ac48ba6');
#6970= IFCPROPERTYSINGLEVALUE('WeldID',$,IFCINTEGER(114114139),$);
#6971= IFCPROPERTYSET('22hny6hyL7gv2BATwaUrmO',#5,'AISC_EM11_Pset_Weld','WeldIdentity',(#305,#306,#307,#308,#6970,#310,#311,#312,#6768,#314,#6769,#316,#317,#318,#319,#320));
#6972= IFCCARTESIANPOINT((16769.9994507961,25506.7500305176,109360.));
#6973= IFCAXIS2PLACEMENT3D(#6972,#9,#7);
#6974= IFCLOCALPLACEMENT(#6901,#6973);
#6975= IFCSHAPEREPRESENTATION(#12,'Body','SweptSolid',(#6776));
#6976= IFCPRODUCTDEFINITIONSHAPE($,$,(#6975));
#6977= IFCDISCRETEACCESSORY('1sw6vQDIX7DBenql9_V4_U',#6660,'Support section',$,$,#6974,#6976,'1477');
#6978= IFCLOCALPLACEMENT(#6901,#6957);
#6979= IFCSHAPEREPRESENTATION(#12,'Body','MappedRepresentation',(#6786,#6787,#6788,#6789));
#6980= IFCPRODUCTDEFINITIONSHAPE($,$,(#6979));
#6981= IFCOPENINGELEMENT('28Nmt7knDA0QgEg83Fmf1O',#5,$,$,'Opening',#6978,#6980,$);
#6982= IFCRELVOIDSELEMENT('0axXgjQMn3mRbBFf1Tw3BW',#5,'Drill Hole',$,#6977,#6981);
#6983= IFCLOCALPLACEMENT(#42,#10);
#6984= IFCELEMENTASSEMBLY('3_QkNgqBX1ReX4yzq$QaKE',#6660,'BEAM',$,$,#6983,$,'B/1576',.NOTDEFINED.,.RIGID_FRAME.);
#6985= IFCPROPERTYSINGLEVALUE('AssemblyMark',$,IFCIDENTIFIER('B/1576'),$);
#6986= IFCPROPERTYSET('2a6dhDCpz1bxwOvEYVwgNG',#5,'AISC_EM11_Pset_AssemblyIdentification','AssemblyIdentity',(#6985,#52,#53));
#6987= IFCCARTESIANPOINT((16999.9997253755,25685.2104826052,109650.));
#6988= IFCAXIS2PLACEMENT3D(#6987,#8,#57);
#6989= IFCLOCALPLACEMENT(#6983,#6988);
#6990= IFCSHAPEREPRESENTATION(#12,'Body','MappedRepresentation',(#6684,#6687,#6690,#6693));
#6991= IFCSHAPEREPRESENTATION(#12,'Axis','MappedRepresentation',(#6698,#6699,#6700,#6701));
#6992= IFCPRODUCTDEFINITIONSHAPE($,$,(#6990,#6991));
#6993= IFCMECHANICALFASTENER('2FkwON2OX0OAwzSu5EHJbL',#6660,'Bolt assembly',$,$,#6989,#6992,'ID8fbba617-0988-4060-aebd-73814e453955',16.,40.);
#6994= IFCCARTESIANPOINT((17003.7497221755,25675.2104826052,109485.));
#6995= IFCAXIS2PLACEMENT3D(#6994,#8,#57);
#6996= IFCLOCALPLACEMENT(#6901,#6995);
#6997= IFCSHAPEREPRESENTATION(#12,'Body','Brep',(#6758));
#6998= IFCSHAPEREPRESENTATION(#13,'Axis','GeometricCurveSet',(#6760,#6763));
#6999= IFCPRODUCTDEFINITIONSHAPE($,$,(#6997,#6998));
#7000= IFCFASTENER('03bBcNts99ZOW0c7nwGA77',#6660,'Weld',$,$,#6996,#6999,'ID0394b997-df62-498d-8800-987c7a40a1c7');
#7001= IFCPROPERTYSINGLEVALUE('WeldID',$,IFCINTEGER(114113857),$);
#7002= IFCPROPERTYSET('11r9XbRWzCe9s8u_VRHb9s',#5,'AISC_EM11_Pset_Weld','WeldIdentity',(#305,#306,#307,#308,#7001,#310,#311,#312,#6768,#314,#6769,#316,#317,#318,#319,#320));
#7003= IFCCARTESIANPOINT((17006.7497253755,25730.2104832052,109360.));
#7004= IFCAXIS2PLACEMENT3D(#7003,#9,#740);
#7005= IFCLOCALPLACEMENT(#6901,#7004);
#7006= IFCSHAPEREPRESENTATION(#12,'Body','SweptSolid',(#6776));
#7007= IFCPRODUCTDEFINITIONSHAPE($,$,(#7006));
#7008= IFCDISCRETEACCESSORY('2P3mH2hTvFOQn$63p5T6lU',#6660,'Support section',$,$,#7005,#7007,'1477');
#7009= IFCLOCALPLACEMENT(#6901,#6988);
#7010= IFCSHAPEREPRESENTATION(#12,'Body','MappedRepresentation',(#6786,#6787,#6788,#6789));
#7011= IFCPRODUCTDEFINITIONSHAPE($,$,(#7010));
#7012= IFCOPENINGELEMENT('2qHIjRmh19NPQAS5xFVl_m',#5,$,$,'Opening',#7009,#7011,$);
#7013= IFCRELVOIDSELEMENT('3LShSyHcb4IPHBWLCFBxQg',#5,'Drill Hole',$,#7008,#7012);
#7014= IFCLOCALPLACEMENT(#42,#10);
#7015= IFCELEMENTASSEMBLY('3VosX7iKX5SeIswQgHGaBx',#6660,'BEAM',$,$,#7014,$,'B/840',.NOTDEFINED.,.RIGID_FRAME.);
#7016= IFCCARTESIANPOINT((85000.0035411539,185.210482605202,109650.));
#7017= IFCAXIS2PLACEMENT3D(#7016,#8,#57);
#7018= IFCLOCALPLACEMENT(#7014,#7017);
#7019= IFCSHAPEREPRESENTATION(#12,'Body','MappedRepresentation',(#6684,#6687,#6690,#6693));
#7020= IFCSHAPEREPRESENTATION(#12,'Axis','MappedRepresentation',(#6698,#6699,#6700,#6701));
#7021= IFCPRODUCTDEFINITIONSHAPE($,$,(#7019,#7020));
#7022= IFCMECHANICALFASTENER('0j25QKLln5z9AEnyaCtRgP',#6660,'Bolt assembly',$,$,#7018,#7021,'ID2d085694-56fc-45f4-928e-c7c90cddba99',16.,40.);
#7023= IFCLOCALPLACEMENT(#42,#10);
#7024= IFCELEMENTASSEMBLY('2RzI6ZZsfFQuIIRr303CIu',#6660,'COLUMN',$,$,#7023,$,'C/47',.NOTDEFINED.,.RIGID_FRAME.);
#7025= IFCCARTESIANPOINT((85003.7535509919,175.210482605202,109485.));
#7026= IFCAXIS2PLACEMENT3D(#7025,#8,#57);
#7027= IFCLOCALPLACEMENT(#7023,#7026);
#7028= IFCSHAPEREPRESENTATION(#12,'Body','Brep',(#6758));
#7029= IFCSHAPEREPRESENTATION(#13,'Axis','GeometricCurveSet',(#6760,#6763));
#7030= IFCPRODUCTDEFINITIONSHAPE($,$,(#7028,#7029));
#7031= IFCFASTENER('3D089A5J15_gGdqD1WRZDe',#6660,'Weld',$,$,#7027,#7030,'IDcd00824a-1530-45fa-a427-d0d0606e3368');
#7032= IFCPROPERTYSINGLEVALUE('WeldID',$,IFCINTEGER(114113578),$);
#7033= IFCPROPERTYSET('0xSsIKbFD94BCEvB98_rI6',#5,'AISC_EM11_Pset_Weld','WeldIdentity',(#305,#306,#307,#308,#7032,#310,#311,#312,#6768,#314,#6769,#316,#317,#318,#319,#320));
#7034= IFCCARTESIANPOINT((85006.7535411539,230.210480760202,109360.));
#7035= IFCAXIS2PLACEMENT3D(#7034,#9,#740);
#7036= IFCLOCALPLACEMENT(#7023,#7035);
#7037= IFCSHAPEREPRESENTATION(#12,'Body','SweptSolid',(#6776));
#7038= IFCPRODUCTDEFINITIONSHAPE($,$,(#7037));
#7039= IFCDISCRETEACCESSORY('2DcS8IPBzDGBIfVACfZexR',#6660,'Support section',$,$,#7036,#7038,'1477');
#7040= IFCLOCALPLACEMENT(#7023,#7017);
#7041= IFCSHAPEREPRESENTATION(#12,'Body','MappedRepresentation',(#6786,#6787,#6788,#6789));
#7042= IFCPRODUCTDEFINITIONSHAPE($,$,(#7041));
#7043= IFCOPENINGELEMENT('06ICq$unj9lOg23mQ006q8',#5,$,$,'Opening',#7040,#7042,$);
#7044= IFCRELVOIDSELEMENT('3z9unDlpf8Nxb6xGusgRDE',#5,'Drill Hole',$,#7039,#7043);
#7045= IFCLOCALPLACEMENT(#42,#10);
#7046= IFCELEMENTASSEMBLY('2e6m0VUVv19QzVqYXP4OAV',#6660,'BEAM',$,$,#7045,$,'B/842',.NOTDEFINED.,.RIGID_FRAME.);
#7047= IFCCARTESIANPOINT((85184.9994506836,0.00050735659452839,109650.));
#7048= IFCAXIS2PLACEMENT3D(#7047,#7,#57);
#7049= IFCLOCALPLACEMENT(#7045,#7048);
#7050= IFCSHAPEREPRESENTATION(#12,'Body','MappedRepresentation',(#6684,#6687,#6690,#6693));
#7051= IFCSHAPEREPRESENTATION(#12,'Axis','MappedRepresentation',(#6698,#6699,#6700,#6701));
#7052= IFCPRODUCTDEFINITIONSHAPE($,$,(#7050,#7051));
#7053= IFCMECHANICALFASTENER('3hitYA_D59e8wzAZirWlBe',#6660,'Bolt assembly',$,$,#7049,#7052,'IDebb3788a-f8d1-49a0-8ebd-2a3b3582f2e8',16.,40.);
#7054= IFCCARTESIANPOINT((85174.9994506836,-3.74948282340564,109485.));
#7055= IFCAXIS2PLACEMENT3D(#7054,#7,#57);
#7056= IFCLOCALPLACEMENT(#7023,#7055);
#7057= IFCSHAPEREPRESENTATION(#12,'Body','Brep',(#6758));
#7058= IFCSHAPEREPRESENTATION(#13,'Axis','GeometricCurveSet',(#6760,#6763));
#7059= IFCPRODUCTDEFINITIONSHAPE($,$,(#7057,#7058));
#7060= IFCFASTENER('2x73HqhoLAxu$$zqWjDO$Y',#6660,'Weld',$,$,#7056,#7059,'IDbb1c3474-af25-4aef-8fff-f7482d358fe2');
#7061= IFCPROPERTYSINGLEVALUE('WeldID',$,IFCINTEGER(114112914),$);
#7062= IFCPROPERTYSET('3WKEJC$en1hvWywTHIEsTP',#5,'AISC_EM11_Pset_Weld','WeldIdentity',(#305,#306,#307,#308,#7061,#310,#311,#312,#6768,#314,#6769,#316,#317,#318,#319,#320));
#7063= IFCCARTESIANPOINT((85229.9994525248,-6.74949264340593,109360.));
#7064= IFCAXIS2PLACEMENT3D(#7063,#9,#4320);
#7065= IFCLOCALPLACEMENT(#7023,#7064);
#7066= IFCSHAPEREPRESENTATION(#12,'Body','SweptSolid',(#6776));
#7067= IFCPRODUCTDEFINITIONSHAPE($,$,(#7066));
#7068= IFCDISCRETEACCESSORY('2Ds4OMy212nR911bcXgF39',#6660,'Support section',$,$,#7065,#7067,'1477');
#7069= IFCLOCALPLACEMENT(#7023,#7048);
#7070= IFCSHAPEREPRESENTATION(#12,'Body','MappedRepresentation',(#6786,#6787,#6788,#6789));
#7071= IFCPRODUCTDEFINITIONSHAPE($,$,(#7070));
#7072= IFCOPENINGELEMENT('1vLAYsaOb1o8HsVRc2QG10',#5,$,$,'Opening',#7069,#7071,$);
#7073= IFCRELVOIDSELEMENT('3MC4V$TH1508jcUEyH7LHX',#5,'Drill Hole',$,#7068,#7072);
#7074= IFCLOCALPLACEMENT(#42,#10);
#7075= IFCELEMENTASSEMBLY('1bjja7U35B8ghymjMUw7FV',#6660,'BEAM',$,$,#7074,$,'B/1576',.NOTDEFINED.,.RIGID_FRAME.);
#7076= IFCCARTESIANPOINT((85000.0035408061,-184.789517394798,109650.));
#7077= IFCAXIS2PLACEMENT3D(#7076,#740,#57);
#7078= IFCLOCALPLACEMENT(#7074,#7077);
#7079= IFCCARTESIANPOINT((0.,3.74991751976387,0.));
#7080= IFCAXIS2PLACEMENT3D(#7079,#8,#7);
#7081= IFCEXTRUDEDAREASOLID(#78,#7080,#9,8.);
#7082= IFCCARTESIANPOINT((0.,11.7499175197639,0.));
#7083= IFCAXIS2PLACEMENT3D(#7082,#8,#7);
#7084= IFCEXTRUDEDAREASOLID(#67,#7083,#9,13.);
#7085= IFCSHAPEREPRESENTATION(#12,'Body','SweptSolid',(#6670,#6673,#7081,#7084));
#7086= IFCREPRESENTATIONMAP(#10,#7085);
#7087= IFCMAPPEDITEM(#7086,#6681);
#7088= IFCMAPPEDITEM(#7086,#6686);
#7089= IFCMAPPEDITEM(#7086,#6689);
#7090= IFCMAPPEDITEM(#7086,#6692);
#7091= IFCSHAPEREPRESENTATION(#12,'Body','MappedRepresentation',(#7087,#7088,#7089,#7090));
#7092= IFCSHAPEREPRESENTATION(#12,'Axis','MappedRepresentation',(#6698,#6699,#6700,#6701));
#7093= IFCPRODUCTDEFINITIONSHAPE($,$,(#7091,#7092));
#7094= IFCMECHANICALFASTENER('3HUzz$AEnDk9XZ_ZRmI$aY',#6660,'Bolt assembly',$,$,#7078,#7093,'IDd17bdf7f-28ec-4db8-9863-fa36f04bf922',16.,40.);
#7095= IFCCARTESIANPOINT((84996.2535820352,-174.789517394798,109485.));
#7096= IFCAXIS2PLACEMENT3D(#7095,#740,#57);
#7097= IFCLOCALPLACEMENT(#7023,#7096);
#7098= IFCSHAPEREPRESENTATION(#12,'Body','Brep',(#6758));
#7099= IFCSHAPEREPRESENTATION(#13,'Axis','GeometricCurveSet',(#6760,#6763));
#7100= IFCPRODUCTDEFINITIONSHAPE($,$,(#7098,#7099));
#7101= IFCFASTENER('0OCdcW3j15FgRggnQXdBRm',#6660,'Weld',$,$,#7097,#7100,'ID183279a0-0ed0-453e-a6ea-ab16a19cb6f0');
#7102= IFCPROPERTYSINGLEVALUE('WeldID',$,IFCINTEGER(114112633),$);
#7103= IFCPROPERTYSET('1zfm79vLvBM9jxCy7sIl1$',#5,'AISC_EM11_Pset_Weld','WeldIdentity',(#305,#306,#307,#308,#7102,#310,#311,#312,#6768,#314,#6769,#316,#317,#318,#319,#320));
#7104= IFCCARTESIANPOINT((84993.2535408061,-229.789525127298,109360.));
#7105= IFCAXIS2PLACEMENT3D(#7104,#9,#8);
#7106= IFCLOCALPLACEMENT(#7023,#7105);
#7107= IFCSHAPEREPRESENTATION(#12,'Body','SweptSolid',(#6776));
#7108= IFCPRODUCTDEFINITIONSHAPE($,$,(#7107));
#7109= IFCDISCRETEACCESSORY('1biehZCi16dBR7Ony7xV47',#6660,'Support section',$,$,#7106,#7108,'1477');
#7110= IFCLOCALPLACEMENT(#7023,#7077);
#7111= IFCSHAPEREPRESENTATION(#12,'Body','MappedRepresentation',(#6786,#6787,#6788,#6789));
#7112= IFCPRODUCTDEFINITIONSHAPE($,$,(#7111));
#7113= IFCOPENINGELEMENT('1M7$oPeLD0yuscKs$gb0e8',#5,$,$,'Opening',#7110,#7112,$);
#7114= IFCRELVOIDSELEMENT('0Ue8Sh59vF9RAamZKMccJL',#5,'Drill Hole',$,#7109,#7113);
#7115= IFCLOCALPLACEMENT(#42,#10);
#7116= IFCELEMENTASSEMBLY('1OS$c7JYzBaeRsNcjcASOC',#6796,'BEAM',$,$,#7115,$,'B/1578',.NOTDEFINED.,.RIGID_FRAME.);
#7117= IFCPROPERTYSINGLEVALUE('AssemblyMark',$,IFCIDENTIFIER('B/1578'),$);
#7118= IFCPROPERTYSET('2uWiux3Cf9fPwDyyGg87PB',#5,'AISC_EM11_Pset_AssemblyIdentification','AssemblyIdentity',(#7117,#52,#53));
#7119= IFCCARTESIANPOINT((84814.9994506836,0.000507354736328125,109650.));
#7120= IFCAXIS2PLACEMENT3D(#7119,#4320,#57);
#7121= IFCLOCALPLACEMENT(#7115,#7120);
#7122= IFCSHAPEREPRESENTATION(#12,'Body','MappedRepresentation',(#6684,#6687,#6690,#6693));
#7123= IFCSHAPEREPRESENTATION(#12,'Axis','MappedRepresentation',(#6698,#6699,#6700,#6701));
#7124= IFCPRODUCTDEFINITIONSHAPE($,$,(#7122,#7123));
#7125= IFCMECHANICALFASTENER('1gALx69DT6Fw8dxfgv0tjH',#6660,'Bolt assembly',$,$,#7121,#7124,'ID6a295ec6-24d7-463f-a227-ee9ab9037b51',16.,40.);
#7126= IFCCARTESIANPOINT((84824.9994506836,3.75050735473633,109485.));
#7127= IFCAXIS2PLACEMENT3D(#7126,#4320,#57);
#7128= IFCLOCALPLACEMENT(#7023,#7127);
#7129= IFCSHAPEREPRESENTATION(#12,'Body','Brep',(#6758));
#7130= IFCSHAPEREPRESENTATION(#13,'Axis','GeometricCurveSet',(#6760,#6763));
#7131= IFCPRODUCTDEFINITIONSHAPE($,$,(#7129,#7130));
#7132= IFCFASTENER('3XFO5ug5fDlvY3hCoZJGw2',#6660,'Weld',$,$,#7128,#7131,'IDe13d8178-a85a-4dbf-9883-accca34d0e82');
#7133= IFCPROPERTYSINGLEVALUE('WeldID',$,IFCINTEGER(114112319),$);
#7134= IFCPROPERTYSET('0O8vxYNmbAmRzKSoZd1VSG',#5,'AISC_EM11_Pset_Weld','WeldIdentity',(#305,#306,#307,#308,#7133,#310,#311,#312,#6768,#314,#6769,#316,#317,#318,#319,#320));
#7135= IFCCARTESIANPOINT((84769.9994506836,6.75050735473633,109360.));
#7136= IFCAXIS2PLACEMENT3D(#7135,#9,#7);
#7137= IFCLOCALPLACEMENT(#7023,#7136);
#7138= IFCSHAPEREPRESENTATION(#12,'Body','SweptSolid',(#6776));
#7139= IFCPRODUCTDEFINITIONSHAPE($,$,(#7138));
#7140= IFCDISCRETEACCESSORY('2797V6Ll9DhAc6oeYLIbge',#6660,'Support section',$,$,#7137,#7139,'1477');
#7141= IFCLOCALPLACEMENT(#7023,#7120);
#7142= IFCSHAPEREPRESENTATION(#12,'Body','MappedRepresentation',(#6786,#6787,#6788,#6789));
#7143= IFCPRODUCTDEFINITIONSHAPE($,$,(#7142));
#7144= IFCOPENINGELEMENT('34OsZgq952e9ICh4hDYypw',#5,$,$,'Opening',#7141,#7143,$);
#7145= IFCRELVOIDSELEMENT('1LYCmMH$v58B42C4tpJW9N',#5,'Drill Hole',$,#7140,#7144);
#7146= IFCLOCALPLACEMENT(#42,#10);
#7147= IFCELEMENTASSEMBLY('1pXWy3QN97jebZPc$1hHq2',#6660,'BEAM',$,$,#7146,$,'B/874',.NOTDEFINED.,.RIGID_FRAME.);
#7148= IFCCARTESIANPOINT((85000.0035322714,25315.2104826052,109650.));
#7149= IFCAXIS2PLACEMENT3D(#7148,#740,#57);
#7150= IFCLOCALPLACEMENT(#7146,#7149);
#7151= IFCSHAPEREPRESENTATION(#12,'Body','MappedRepresentation',(#6684,#6687,#6690,#6693));
#7152= IFCSHAPEREPRESENTATION(#12,'Axis','MappedRepresentation',(#6698,#6699,#6700,#6701));
#7153= IFCPRODUCTDEFINITIONSHAPE($,$,(#7151,#7152));
#7154= IFCMECHANICALFASTENER('38LVi0EPbBeB6BsSgLEKBN',#6660,'Bolt assembly',$,$,#7150,#7153,'IDc855fb00-3999-4ba0-b18b-d9ca953942d7',16.,40.);
#7155= IFCLOCALPLACEMENT(#42,#10);
#7156= IFCELEMENTASSEMBLY('3MfonTgAzATgQ$MMzCmSUx',#6660,'COLUMN',$,$,#7155,$,'C/47',.NOTDEFINED.,.RIGID_FRAME.);
#7157= IFCCARTESIANPOINT((84996.2535421211,25325.2104826052,109485.));
#7158= IFCAXIS2PLACEMENT3D(#7157,#740,#57);
#7159= IFCLOCALPLACEMENT(#7155,#7158);
#7160= IFCSHAPEREPRESENTATION(#12,'Body','Brep',(#6758));
#7161= IFCSHAPEREPRESENTATION(#13,'Axis','GeometricCurveSet',(#6760,#6763));
#7162= IFCPRODUCTDEFINITIONSHAPE($,$,(#7160,#7161));
#7163= IFCFASTENER('0xFRHpU_n1UxdOVxznBZ4X',#6660,'Weld',$,$,#7159,#7162,'ID3b3db473-7bec-417b-b9d8-7fbf712e3121');
#7164= IFCPROPERTYSINGLEVALUE('WeldID',$,IFCINTEGER(114109053),$);
#7165= IFCPROPERTYSET('34X2IQnm50Kvg2rxC3g6x2',#5,'AISC_EM11_Pset_Weld','WeldIdentity',(#305,#306,#307,#308,#7164,#310,#311,#312,#6768,#314,#6769,#316,#317,#318,#319,#320));
#7166= IFCCARTESIANPOINT((84993.2535322714,25270.210480764,109360.));
#7167= IFCAXIS2PLACEMENT3D(#7166,#9,#8);
#7168= IFCLOCALPLACEMENT(#7155,#7167);
#7169= IFCSHAPEREPRESENTATION(#12,'Body','SweptSolid',(#6776));
#7170= IFCPRODUCTDEFINITIONSHAPE($,$,(#7169));
#7171= IFCDISCRETEACCESSORY('0RaZVURfvD3OHd78BG7cDl',#6660,'Support section',$,$,#7168,#7170,'1477');
#7172= IFCLOCALPLACEMENT(#7155,#7149);
#7173= IFCSHAPEREPRESENTATION(#12,'Body','MappedRepresentation',(#6786,#6787,#6788,#6789));
#7174= IFCPRODUCTDEFINITIONSHAPE($,$,(#7173));
#7175= IFCOPENINGELEMENT('3VAUR4ax92Tf21v1pR2Oyx',#5,$,$,'Opening',#7172,#7174,$);
#7176= IFCRELVOIDSELEMENT('2uz9nWQyrEu96cw5xbojM3',#5,'Drill Hole',$,#7171,#7175);
#7177= IFCLOCALPLACEMENT(#42,#10);
#7178= IFCELEMENTASSEMBLY('3O6aOyJhz8rvZCX4ZFPEqv',#6660,'BEAM',$,$,#7177,$,'B/842',.NOTDEFINED.,.RIGID_FRAME.);
#7179= IFCCARTESIANPOINT((85184.9994506836,25500.0000299506,109650.));
#7180= IFCAXIS2PLACEMENT3D(#7179,#7,#57);
#7181= IFCLOCALPLACEMENT(#7177,#7180);
#7182= IFCSHAPEREPRESENTATION(#12,'Body','MappedRepresentation',(#6684,#6687,#6690,#6693));
#7183= IFCSHAPEREPRESENTATION(#12,'Axis','MappedRepresentation',(#6698,#6699,#6700,#6701));
#7184= IFCPRODUCTDEFINITIONSHAPE($,$,(#7182,#7183));
#7185= IFCMECHANICALFASTENER('3MTxtIkVf5cg17VE1r$XEh',#6660,'Bolt assembly',$,$,#7181,#7184,'IDd677bdd2-b9fa-459a-a047-7ce075fe13ab',16.,40.);
#7186= IFCCARTESIANPOINT((85174.9994506836,25496.2500305306,109485.));
#7187= IFCAXIS2PLACEMENT3D(#7186,#7,#57);
#7188= IFCLOCALPLACEMENT(#7155,#7187);
#7189= IFCSHAPEREPRESENTATION(#12,'Body','Brep',(#6758));
#7190= IFCSHAPEREPRESENTATION(#13,'Axis','GeometricCurveSet',(#6760,#6763));
#7191= IFCPRODUCTDEFINITIONSHAPE($,$,(#7189,#7190));
#7192= IFCFASTENER('3rs2sWGg91dP_6V5aoVUZw',#6660,'Weld',$,$,#7188,#7191,'IDf5d82da0-42a2-419d-9f86-7c59327de8fa');
#7193= IFCPROPERTYSINGLEVALUE('WeldID',$,IFCINTEGER(114108788),$);
#7194= IFCPROPERTYSET('3FsCC6EhD8QeoIQaZrnwSG',#5,'AISC_EM11_Pset_Weld','WeldIdentity',(#305,#306,#307,#308,#7193,#310,#311,#312,#6768,#314,#6769,#316,#317,#318,#319,#320));
#7195= IFCCARTESIANPOINT((85229.9994507923,25493.2500299506,109360.));
#7196= IFCAXIS2PLACEMENT3D(#7195,#9,#4320);
#7197= IFCLOCALPLACEMENT(#7155,#7196);
#7198= IFCSHAPEREPRESENTATION(#12,'Body','SweptSolid',(#6776));
#7199= IFCPRODUCTDEFINITIONSHAPE($,$,(#7198));
#7200= IFCDISCRETEACCESSORY('1whcVHbZX8MPxHbXsdrfkV',#6660,'Support section',$,$,#7197,#7199,'1477');
#7201= IFCLOCALPLACEMENT(#7155,#7180);
#7202= IFCSHAPEREPRESENTATION(#12,'Body','MappedRepresentation',(#6786,#6787,#6788,#6789));
#7203= IFCPRODUCTDEFINITIONSHAPE($,$,(#7202));
#7204= IFCOPENINGELEMENT('1nJTVMgXX3kBtE8YDFAQrI',#5,$,$,'Opening',#7201,#7203,$);
#7205= IFCRELVOIDSELEMENT('22UWz$dRP4KP2aCAye7zNc',#5,'Drill Hole',$,#7200,#7204);
#7206= IFCLOCALPLACEMENT(#42,#10);
#7207= IFCELEMENTASSEMBLY('0stYxtPev4XO6_4aQ8UJXP',#6796,'BEAM',$,$,#7206,$,'B/1604',.NOTDEFINED.,.RIGID_FRAME.);
#7208= IFCCARTESIANPOINT((84814.9994506836,25500.0000305176,109650.));
#7209= IFCAXIS2PLACEMENT3D(#7208,#4320,#57);
#7210= IFCLOCALPLACEMENT(#7206,#7209);
#7211= IFCSHAPEREPRESENTATION(#12,'Body','MappedRepresentation',(#6684,#6687,#6690,#6693));
#7212= IFCSHAPEREPRESENTATION(#12,'Axis','MappedRepresentation',(#6698,#6699,#6700,#6701));
#7213= IFCPRODUCTDEFINITIONSHAPE($,$,(#7211,#7212));
#7214= IFCMECHANICALFASTENER('2NEgC2yDPAihbFwcriB6DQ',#6660,'Bolt assembly',$,$,#7210,#7213,'ID973aa302-f0d6-4ab2-b94f-ea6d6c2c635a',16.,40.);
#7215= IFCCARTESIANPOINT((84824.9994506836,25503.7500305176,109485.));
#7216= IFCAXIS2PLACEMENT3D(#7215,#4320,#57);
#7217= IFCLOCALPLACEMENT(#7155,#7216);
#7218= IFCSHAPEREPRESENTATION(#12,'Body','Brep',(#6758));
#7219= IFCSHAPEREPRESENTATION(#13,'Axis','GeometricCurveSet',(#6760,#6763));
#7220= IFCPRODUCTDEFINITIONSHAPE($,$,(#7218,#7219));
#7221= IFCFASTENER('0gXypqay9A98M6V3ITu68x',#6660,'Weld',$,$,#7217,#7220,'ID2a87ccf4-93c2-4a24-8586-7c349de0623b');
#7222= IFCPROPERTYSINGLEVALUE('WeldID',$,IFCINTEGER(114108509),$);
#7223= IFCPROPERTYSET('3HpZrwHGb2AQgtoE5pMdXb',#5,'AISC_EM11_Pset_Weld','WeldIdentity',(#305,#306,#307,#308,#7222,#310,#311,#312,#6768,#314,#6769,#316,#317,#318,#319,#320));
#7224= IFCCARTESIANPOINT((84769.9994506836,25506.7500305176,109360.));
#7225= IFCAXIS2PLACEMENT3D(#7224,#9,#7);
#7226= IFCLOCALPLACEMENT(#7155,#7225);
#7227= IFCSHAPEREPRESENTATION(#12,'Body','SweptSolid',(#6776));
#7228= IFCPRODUCTDEFINITIONSHAPE($,$,(#7227));
#7229= IFCDISCRETEACCESSORY('0RwYkJvdL9AO1LdUgXff1Y',#6660,'Support section',$,$,#7226,#7228,'1477');
#7230= IFCLOCALPLACEMENT(#7155,#7209);
#7231= IFCSHAPEREPRESENTATION(#12,'Body','MappedRepresentation',(#6786,#6787,#6788,#6789));
#7232= IFCPRODUCTDEFINITIONSHAPE($,$,(#7231));
#7233= IFCOPENINGELEMENT('01rj7OZWb0bgNtUFmSEgKB',#5,$,$,'Opening',#7230,#7232,$);
#7234= IFCRELVOIDSELEMENT('0I4lV_6lH31RmSgAm4CqM0',#5,'Drill Hole',$,#7229,#7233);
#7235= IFCLOCALPLACEMENT(#42,#10);
#7236= IFCELEMENTASSEMBLY('0ZOvLUz5TDyeFRFP5pNrs7',#6660,'BEAM',$,$,#7235,$,'B/1603',.NOTDEFINED.,.RIGID_FRAME.);
#7237= IFCPROPERTYSINGLEVALUE('AssemblyMark',$,IFCIDENTIFIER('B/1603'),$);
#7238= IFCPROPERTYSET('3oYE5dPkXFxBA5I_fUZ6oj',#5,'AISC_EM11_Pset_AssemblyIdentification','AssemblyIdentity',(#7237,#52,#53));
#7239= IFCCARTESIANPOINT((85000.0035400391,25685.2104826052,109650.));
#7240= IFCAXIS2PLACEMENT3D(#7239,#8,#57);
#7241= IFCLOCALPLACEMENT(#7235,#7240);
#7242= IFCSHAPEREPRESENTATION(#12,'Body','MappedRepresentation',(#6684,#6687,#6690,#6693));
#7243= IFCSHAPEREPRESENTATION(#12,'Axis','MappedRepresentation',(#6698,#6699,#6700,#6701));
#7244= IFCPRODUCTDEFINITIONSHAPE($,$,(#7242,#7243));
#7245= IFCMECHANICALFASTENER('3Httpzm397PwvVn6R4NW7O',#6660,'Bolt assembly',$,$,#7241,#7244,'IDd1df7cfd-c032-4767-ae5f-c466c45e01d8',16.,40.);
#7246= IFCCARTESIANPOINT((85003.7535400391,25675.2104826052,109485.));
#7247= IFCAXIS2PLACEMENT3D(#7246,#8,#57);
#7248= IFCLOCALPLACEMENT(#7155,#7247);
#7249= IFCSHAPEREPRESENTATION(#12,'Body','Brep',(#6758));
#7250= IFCSHAPEREPRESENTATION(#13,'Axis','GeometricCurveSet',(#6760,#6763));
#7251= IFCPRODUCTDEFINITIONSHAPE($,$,(#7249,#7250));
#7252= IFCFASTENER('36rEzIFlD6mv8pGRutxHqf',#6660,'Weld',$,$,#7248,#7251,'IDc6d4ef52-3ef3-46c3-9233-41be37ed1d29');
#7253= IFCPROPERTYSINGLEVALUE('WeldID',$,IFCINTEGER(114108229),$);
#7254= IFCPROPERTYSET('22tKsJVVn24xppo2BGx5bO',#5,'AISC_EM11_Pset_Weld','WeldIdentity',(#305,#306,#307,#308,#7253,#310,#311,#312,#6768,#314,#6769,#316,#317,#318,#319,#320));
#7255= IFCCARTESIANPOINT((85006.7535400391,25730.2104826052,109360.));
#7256= IFCAXIS2PLACEMENT3D(#7255,#9,#740);
#7257= IFCLOCALPLACEMENT(#7155,#7256);
#7258= IFCSHAPEREPRESENTATION(#12,'Body','SweptSolid',(#6776));
#7259= IFCPRODUCTDEFINITIONSHAPE($,$,(#7258));
#7260= IFCDISCRETEACCESSORY('0Y__O_Ebf1yf1Jo$lrDfz_',#6660,'Support section',$,$,#7257,#7259,'1477');
#7261= IFCLOCALPLACEMENT(#7155,#7240);
#7262= IFCSHAPEREPRESENTATION(#12,'Body','MappedRepresentation',(#6786,#6787,#6788,#6789));
#7263= IFCPRODUCTDEFINITIONSHAPE($,$,(#7262));
#7264= IFCOPENINGELEMENT('0XERcdm1f0xgZy5wxWRbLj',#5,$,$,'Opening',#7261,#7263,$);
#7265= IFCRELVOIDSELEMENT('2_nZ2WAVX7XAdhD$uTZHeQ',#5,'Drill Hole',$,#7260,#7264);
#7266= IFCOWNERHISTORY(#3,#4,$,.NOCHANGE.,$,$,$,1778875200);
#7267= IFCLOCALPLACEMENT(#42,#10);
#7268= IFCELEMENTASSEMBLY('1uWfQge7918xTB2s71Cg75',#7266,'COLUMN',$,$,#7267,$,'C/131',.NOTDEFINED.,.REINFORCEMENT_UNIT.);
#7269= IFCPROPERTYSINGLEVALUE('AssemblyMark',$,IFCIDENTIFIER('C/131'),$);
#7270= IFCPROPERTYSET('174M0RJgX7mfIApJAkgIMQ',#5,'AISC_EM11_Pset_AssemblyIdentification','AssemblyIdentity',(#7269,#52,#53));
#7271= IFCCARTESIANPOINT((72600.249206543,12750.2065582275,56850.));
#7272= IFCAXIS2PLACEMENT3D(#7271,#9,#740);
#7273= IFCLOCALPLACEMENT(#7267,#7272);
#7274= IFCRECTANGLEPROFILEDEF(.AREA.,'CUT400*8760',#73,400.,8760.);
#7275= IFCEXTRUDEDAREASOLID(#7274,#6437,#9,4000.);
#7276= IFCSHAPEREPRESENTATION(#12,'Body','SweptSolid',(#7275));
#7277= IFCPRODUCTDEFINITIONSHAPE($,$,(#7276));
#7278= IFCCOLUMN('3GwiDcWt11av8MdRhfxd9P',#7266,'main piece','CUT400*8760','CUT400*8760',#7273,#7277,'Hormig\S\sn_C-1/32');
#7279= IFCPROPERTYSINGLEVALUE('IndicationMark',$,IFCIDENTIFIER('Hormig\S\sn_C-1/32'),$);
#7280= IFCPROPERTYSET('3MnBJAVzD7L9QJSjv4VfIG',#5,'AISC_EM11_Pset_PieceIdentification','PieceIdentity',(#6421,#7279,#424,#700));
#7281= IFCLOCALPLACEMENT(#42,#10);
#7282= IFCELEMENTASSEMBLY('2RSwpRBun4hhJWhuD$M924',#7266,'COLUMN',$,$,#7281,$,'C/131',.NOTDEFINED.,.REINFORCEMENT_UNIT.);
#7283= IFCCARTESIANPOINT((72600.249206543,12750.2065582275,52850.));
#7284= IFCAXIS2PLACEMENT3D(#7283,#9,#740);
#7285= IFCLOCALPLACEMENT(#7281,#7284);
#7286= IFCSHAPEREPRESENTATION(#12,'Body','SweptSolid',(#7275));
#7287= IFCPRODUCTDEFINITIONSHAPE($,$,(#7286));
#7288= IFCCOLUMN('2e5DP60QHEq9Pn_Oa_x2_4',#7266,'main piece','CUT400*8760','CUT400*8760',#7285,#7287,'Hormig\S\sn_C-1/32');
#7289= IFCLOCALPLACEMENT(#42,#10);
#7290= IFCELEMENTASSEMBLY('03RmU6BZbBwvqhfAtYFw2r',#7266,'COLUMN',$,$,#7289,$,'C/125',.NOTDEFINED.,.REINFORCEMENT_UNIT.);
#7291= IFCPROPERTYSINGLEVALUE('AssemblyMark',$,IFCIDENTIFIER('C/125'),$);
#7292= IFCPROPERTYSET('1xJe$ET8P198No3PhMOQEV',#5,'AISC_EM11_Pset_AssemblyIdentification','AssemblyIdentity',(#7291,#52,#53));
#7293= IFCLOCALPLACEMENT(#7289,#6412);
#7294= IFCEXTRUDEDAREASOLID(#6414,#6437,#9,4000.);
#7295= IFCSHAPEREPRESENTATION(#12,'Body','SweptSolid',(#7294));
#7296= IFCPRODUCTDEFINITIONSHAPE($,$,(#7295));
#7297= IFCCOLUMN('2mkOuR52L1HASdR96ITewK',#7266,'main piece','CUT400*7250','CUT400*7250',#7293,#7296,'Hormig\S\sn_C-1/26');
#7298= IFCPROPERTYSINGLEVALUE('IndicationMark',$,IFCIDENTIFIER('Hormig\S\sn_C-1/26'),$);
#7299= IFCPROPERTYSET('19cY9kMRX32PsKAp6vVV1A',#5,'AISC_EM11_Pset_PieceIdentification','PieceIdentity',(#6421,#7298,#424,#700));
#7300= IFCLOCALPLACEMENT(#42,#10);
#7301= IFCELEMENTASSEMBLY('0jEQuOLo5EPAVDFYiJkj82',#7266,'COLUMN',$,$,#7300,$,'C/125',.NOTDEFINED.,.REINFORCEMENT_UNIT.);
#7302= IFCCARTESIANPOINT((51000.2011413574,12750.1685256958,52850.));
#7303= IFCAXIS2PLACEMENT3D(#7302,#9,#740);
#7304= IFCLOCALPLACEMENT(#7300,#7303);
#7305= IFCSHAPEREPRESENTATION(#12,'Body','SweptSolid',(#7294));
#7306= IFCPRODUCTDEFINITIONSHAPE($,$,(#7305));
#7307= IFCCOLUMN('1wLepj2gv6ye6g$NsIG_VC',#7266,'main piece','CUT400*7250','CUT400*7250',#7304,#7306,'Hormig\S\sn_C-1/26');
#7308= IFCLOCALPLACEMENT(#42,#10);
#7309= IFCELEMENTASSEMBLY('3rNb4LNSXAQR2pWkFLNEH4',#7266,'COLUMN',$,$,#7308,$,'C/131',.NOTDEFINED.,.REINFORCEMENT_UNIT.);
#7310= IFCCARTESIANPOINT((29400.1965637207,12750.1247711182,56850.));
#7311= IFCAXIS2PLACEMENT3D(#7310,#9,#740);
#7312= IFCLOCALPLACEMENT(#7308,#7311);
#7313= IFCSHAPEREPRESENTATION(#12,'Body','SweptSolid',(#7275));
#7314= IFCPRODUCTDEFINITIONSHAPE($,$,(#7313));
#7315= IFCCOLUMN('0CRXJxcMfAXPDwBGTI0UhB',#7266,'main piece','CUT400*8760','CUT400*8760',#7312,#7314,'Hormig\S\sn_C-1/32');
#7316= IFCLOCALPLACEMENT(#42,#10);
#7317= IFCELEMENTASSEMBLY('3U4VPKIGn5BvjRXGQNmRYN',#7266,'COLUMN',$,$,#7316,$,'C/131',.NOTDEFINED.,.REINFORCEMENT_UNIT.);
#7318= IFCCARTESIANPOINT((29400.1965637207,12750.1247711182,52849.9981994629));
#7319= IFCAXIS2PLACEMENT3D(#7318,#9,#740);
#7320= IFCLOCALPLACEMENT(#7316,#7319);
#7321= IFCCARTESIANPOINT((0.,0.,4000.00180053711));
#7322= IFCAXIS2PLACEMENT3D(#7321,#57,#8);
#7323= IFCEXTRUDEDAREASOLID(#7274,#7322,#9,4000.);
#7324= IFCSHAPEREPRESENTATION(#12,'Body','SweptSolid',(#7323));
#7325= IFCPRODUCTDEFINITIONSHAPE($,$,(#7324));
#7326= IFCCOLUMN('09xm3LTP17ffy_H2iXrm3N',#7266,'main piece','CUT400*8760','CUT400*8760',#7320,#7325,'Hormig\S\sn_C-1/32');
#7327= IFCLOCALPLACEMENT(#42,#10);
#7328= IFCELEMENTASSEMBLY('2dntDd4ZnCw99wnBVvBnCO',#7266,'COLUMN',$,$,#7327,$,'C/114',.NOTDEFINED.,.REINFORCEMENT_UNIT.);
#7329= IFCPROPERTYSINGLEVALUE('AssemblyMark',$,IFCIDENTIFIER('C/114'),$);
#7330= IFCPROPERTYSET('2lMaHUxKj8dBvwg_7ttqqp',#5,'AISC_EM11_Pset_AssemblyIdentification','AssemblyIdentity',(#7329,#52,#53));
#7331= IFCCARTESIANPOINT((72249.9847412109,17380.1324005127,56850.0003051758));
#7332= IFCAXIS2PLACEMENT3D(#7331,#9,#4320);
#7333= IFCLOCALPLACEMENT(#7327,#7332);
#7334= IFCRECTANGLEPROFILEDEF(.AREA.,'CUT500*8500',#73,500.,8500.);
#7335= IFCCARTESIANPOINT((0.,0.,3999.99969482422));
#7336= IFCAXIS2PLACEMENT3D(#7335,#57,#8);
#7337= IFCEXTRUDEDAREASOLID(#7334,#7336,#9,4000.);
#7338= IFCSHAPEREPRESENTATION(#12,'Body','SweptSolid',(#7337));
#7339= IFCPRODUCTDEFINITIONSHAPE($,$,(#7338));
#7340= IFCCOLUMN('1926TDUJPFm8GgvJdK4Arw',#7266,'main piece','CUT500*8500','CUT500*8500',#7333,#7339,'Hormig\S\sn_C-1/15');
#7341= IFCPROPERTYSINGLEVALUE('IndicationMark',$,IFCIDENTIFIER('Hormig\S\sn_C-1/15'),$);
#7342= IFCPROPERTYSET('2Xg$hmS5T5cgQJbO4VoY18',#5,'AISC_EM11_Pset_PieceIdentification','PieceIdentity',(#6421,#7341,#424,#700));
#7343= IFCLOCALPLACEMENT(#42,#10);
#7344= IFCELEMENTASSEMBLY('2x7kPN77P6Jey12raOF9wn',#7266,'COLUMN',$,$,#7343,$,'C/114',.NOTDEFINED.,.REINFORCEMENT_UNIT.);
#7345= IFCCARTESIANPOINT((72249.9847412109,17380.1324005127,52850.));
#7346= IFCAXIS2PLACEMENT3D(#7345,#9,#4320);
#7347= IFCLOCALPLACEMENT(#7343,#7346);
#7348= IFCCARTESIANPOINT((0.,0.,4000.00030517578));
#7349= IFCAXIS2PLACEMENT3D(#7348,#57,#8);
#7350= IFCEXTRUDEDAREASOLID(#7334,#7349,#9,4000.);
#7351= IFCSHAPEREPRESENTATION(#12,'Body','SweptSolid',(#7350));
#7352= IFCPRODUCTDEFINITIONSHAPE($,$,(#7351));
#7353= IFCCOLUMN('3Pz$PY4nf3l8s2XW5dZv_Z',#7266,'main piece','CUT500*8500','CUT500*8500',#7347,#7352,'Hormig\S\sn_C-1/15');
#7354= IFCLOCALPLACEMENT(#42,#10);
#7355= IFCELEMENTASSEMBLY('1KfgyF$zv0ZP3WlOi7nedS',#7266,'COLUMN',$,$,#7354,$,'C/125',.NOTDEFINED.,.REINFORCEMENT_UNIT.);
#7356= IFCCARTESIANPOINT((51000.1973266602,16625.1561279297,56850.));
#7357= IFCAXIS2PLACEMENT3D(#7356,#9,#4320);
#7358= IFCLOCALPLACEMENT(#7354,#7357);
#7359= IFCSHAPEREPRESENTATION(#12,'Body','SweptSolid',(#7294));
#7360= IFCPRODUCTDEFINITIONSHAPE($,$,(#7359));
#7361= IFCCOLUMN('3GJLBXij5DRxLXza8TNWGc',#7266,'main piece','CUT400*7250','CUT400*7250',#7358,#7360,'Hormig\S\sn_C-1/26');
#7362= IFCLOCALPLACEMENT(#42,#10);
#7363= IFCELEMENTASSEMBLY('0UhnfUSP9Aa8nqjmNTFBYX',#7266,'COLUMN',$,$,#7362,$,'C/125',.NOTDEFINED.,.REINFORCEMENT_UNIT.);
#7364= IFCCARTESIANPOINT((51000.1973266602,16625.1561279297,52850.));
#7365= IFCAXIS2PLACEMENT3D(#7364,#9,#4320);
#7366= IFCLOCALPLACEMENT(#7362,#7365);
#7367= IFCSHAPEREPRESENTATION(#12,'Body','SweptSolid',(#7294));
#7368= IFCPRODUCTDEFINITIONSHAPE($,$,(#7367));
#7369= IFCCOLUMN('0HS6EuaDvAcOox4kezxNqm',#7266,'main piece','CUT400*7250','CUT400*7250',#7366,#7368,'Hormig\S\sn_C-1/26');
#7370= IFCLOCALPLACEMENT(#42,#10);
#7371= IFCELEMENTASSEMBLY('08Ffr4vtf1pu9DTVYJlzJ7',#7266,'COLUMN',$,$,#7370,$,'C/114',.NOTDEFINED.,.REINFORCEMENT_UNIT.);
#7372= IFCCARTESIANPOINT((29750.1980895996,17380.1324005127,56850.));
#7373= IFCAXIS2PLACEMENT3D(#7372,#9,#4320);
#7374= IFCLOCALPLACEMENT(#7370,#7373);
#7375= IFCEXTRUDEDAREASOLID(#7334,#6437,#9,4000.);
#7376= IFCSHAPEREPRESENTATION(#12,'Body','SweptSolid',(#7375));
#7377= IFCPRODUCTDEFINITIONSHAPE($,$,(#7376));
#7378= IFCCOLUMN('0H69vrvcf0KfZf2fWAw5PV',#7266,'main piece','CUT500*8500','CUT500*8500',#7374,#7377,'Hormig\S\sn_C-1/15');
#7379= IFCLOCALPLACEMENT(#42,#10);
#7380= IFCELEMENTASSEMBLY('0lO0VYszz6sAV3G9jFP9kM',#7266,'COLUMN',$,$,#7379,$,'C/114',.NOTDEFINED.,.REINFORCEMENT_UNIT.);
#7381= IFCCARTESIANPOINT((29750.1980895996,17380.1324005127,52850.));
#7382= IFCAXIS2PLACEMENT3D(#7381,#9,#4320);
#7383= IFCLOCALPLACEMENT(#7379,#7382);
#7384= IFCSHAPEREPRESENTATION(#12,'Body','SweptSolid',(#7375));
#7385= IFCPRODUCTDEFINITIONSHAPE($,$,(#7384));
#7386= IFCCOLUMN('2B$1mpqkT7ZOebgI$e0yLv',#7266,'main piece','CUT500*8500','CUT500*8500',#7383,#7385,'Hormig\S\sn_C-1/15');
#7387= IFCLOCALPLACEMENT(#42,#10);
#7388= IFCELEMENTASSEMBLY('3QM8F75y98kO_OwkqfVDzk',#7266,'COLUMN',$,$,#7387,$,'C/114',.NOTDEFINED.,.REINFORCEMENT_UNIT.);
#7389= IFCCARTESIANPOINT((72250.,8120.13312530518,56850.));
#7390= IFCAXIS2PLACEMENT3D(#7389,#9,#4320);
#7391= IFCLOCALPLACEMENT(#7387,#7390);
#7392= IFCSHAPEREPRESENTATION(#12,'Body','SweptSolid',(#7375));
#7393= IFCPRODUCTDEFINITIONSHAPE($,$,(#7392));
#7394= IFCCOLUMN('14wKa88HX0ROnUfOWzFKXu',#7266,'main piece','CUT500*8500','CUT500*8500',#7391,#7393,'Hormig\S\sn_C-1/15');
#7395= IFCLOCALPLACEMENT(#42,#10);
#7396= IFCELEMENTASSEMBLY('0qHHe3G8PBmRUnOYghTvL7',#7266,'COLUMN',$,$,#7395,$,'C/114',.NOTDEFINED.,.REINFORCEMENT_UNIT.);
#7397= IFCCARTESIANPOINT((72250.,8120.13312530518,52850.));
#7398= IFCAXIS2PLACEMENT3D(#7397,#9,#4320);
#7399= IFCLOCALPLACEMENT(#7395,#7398);
#7400= IFCSHAPEREPRESENTATION(#12,'Body','SweptSolid',(#7375));
#7401= IFCPRODUCTDEFINITIONSHAPE($,$,(#7400));
#7402= IFCCOLUMN('1VAigEIUb1wBvb9aUHl0sn',#7266,'main piece','CUT500*8500','CUT500*8500',#7399,#7401,'Hormig\S\sn_C-1/15');
#7403= IFCLOCALPLACEMENT(#42,#10);
#7404= IFCELEMENTASSEMBLY('22sCX$o_vDIP_21GGCo9D3',#7266,'COLUMN',$,$,#7403,$,'C/120',.NOTDEFINED.,.REINFORCEMENT_UNIT.);
#7405= IFCPROPERTYSINGLEVALUE('AssemblyMark',$,IFCIDENTIFIER('C/120'),$);
#7406= IFCPROPERTYSET('1V7WgngRb0Lfg86ytyxP02',#5,'AISC_EM11_Pset_AssemblyIdentification','AssemblyIdentity',(#7405,#52,#53));
#7407= IFCCARTESIANPOINT((51000.2125854492,8875.15612792969,56850.));
#7408= IFCAXIS2PLACEMENT3D(#7407,#9,#4320);
#7409= IFCLOCALPLACEMENT(#7403,#7408);
#7410= IFCRECTANGLEPROFILEDEF(.AREA.,'CUT500*7600',#73,500.,7600.);
#7411= IFCEXTRUDEDAREASOLID(#7410,#6437,#9,4000.);
#7412= IFCSHAPEREPRESENTATION(#12,'Body','SweptSolid',(#7411));
#7413= IFCPRODUCTDEFINITIONSHAPE($,$,(#7412));
#7414= IFCCOLUMN('1Ay5$Fb8P9bP7DFYuzw6DZ',#7266,'main piece','CUT500*7600','CUT500*7600',#7409,#7413,'Hormig\S\sn_C-1/21');
#7415= IFCPROPERTYSINGLEVALUE('IndicationMark',$,IFCIDENTIFIER('Hormig\S\sn_C-1/21'),$);
#7416= IFCPROPERTYSET('046bdIdsj7zQFauNpCqnC_',#5,'AISC_EM11_Pset_PieceIdentification','PieceIdentity',(#6421,#7415,#424,#700));
#7417= IFCLOCALPLACEMENT(#42,#10);
#7418= IFCELEMENTASSEMBLY('3Xk3TMYUv9quLaXoqbQj6l',#7266,'COLUMN',$,$,#7417,$,'C/120',.NOTDEFINED.,.REINFORCEMENT_UNIT.);
#7419= IFCCARTESIANPOINT((51000.2125854492,8875.15612792969,52850.));
#7420= IFCAXIS2PLACEMENT3D(#7419,#9,#4320);
#7421= IFCLOCALPLACEMENT(#7417,#7420);
#7422= IFCSHAPEREPRESENTATION(#12,'Body','SweptSolid',(#7411));
#7423= IFCPRODUCTDEFINITIONSHAPE($,$,(#7422));
#7424= IFCCOLUMN('1fDZYK$4f6m9nXjxMlOgwO',#7266,'main piece','CUT500*7600','CUT500*7600',#7421,#7423,'Hormig\S\sn_C-1/21');
#7425= IFCLOCALPLACEMENT(#42,#10);
#7426= IFCELEMENTASSEMBLY('2jJRDKuaj9Pwu7Y7fBSOE9',#7266,'COLUMN',$,$,#7425,$,'C/114',.NOTDEFINED.,.REINFORCEMENT_UNIT.);
#7427= IFCCARTESIANPOINT((29750.2133483887,8120.13312530518,56850.));
#7428= IFCAXIS2PLACEMENT3D(#7427,#9,#4320);
#7429= IFCLOCALPLACEMENT(#7425,#7428);
#7430= IFCSHAPEREPRESENTATION(#12,'Body','SweptSolid',(#7375));
#7431= IFCPRODUCTDEFINITIONSHAPE($,$,(#7430));
#7432= IFCCOLUMN('2QVkMMQof8Aw97zNECDCaa',#7266,'main piece','CUT500*8500','CUT500*8500',#7429,#7431,'Hormig\S\sn_C-1/15');
#7433= IFCLOCALPLACEMENT(#42,#10);
#7434= IFCELEMENTASSEMBLY('2ZExxw$CH84wYsAkv2qH2P',#7266,'COLUMN',$,$,#7433,$,'C/114',.NOTDEFINED.,.REINFORCEMENT_UNIT.);
#7435= IFCCARTESIANPOINT((29750.2133483887,8120.13312530518,52850.));
#7436= IFCAXIS2PLACEMENT3D(#7435,#9,#4320);
#7437= IFCLOCALPLACEMENT(#7433,#7436);
#7438= IFCSHAPEREPRESENTATION(#12,'Body','SweptSolid',(#7375));
#7439= IFCPRODUCTDEFINITIONSHAPE($,$,(#7438));
#7440= IFCCOLUMN('3ZzFRM32nFrQiPZUISi9o5',#7266,'main piece','CUT500*8500','CUT500*8500',#7437,#7439,'Hormig\S\sn_C-1/15');
#7441= IFCOWNERHISTORY(#3,#4,$,.NOCHANGE.,$,$,$,1776729600);
#7442= IFCLOCALPLACEMENT(#42,#10);
#7443= IFCELEMENTASSEMBLY('2ZNtV5lS52v9tPzaAKo2fJ',#7441,'BEAM',$,$,#7442,$,'B/1533',.NOTDEFINED.,.RIGID_FRAME.);
#7444= IFCPROPERTYSINGLEVALUE('AssemblyMark',$,IFCIDENTIFIER('B/1533'),$);
#7445= IFCPROPERTYSET('3Gwj0yMVXE58TnqtGyswaW',#5,'AISC_EM11_Pset_AssemblyIdentification','AssemblyIdentity',(#7444,#52,#53));
#7446= IFCCARTESIANPOINT((25453.5,26628.3977779402,56833.099999905));
#7447= IFCAXIS2PLACEMENT3D(#7446,#4320,#57);
#7448= IFCLOCALPLACEMENT(#7442,#7447);
#7449= IFCCARTESIANPOINT((0.,14.44,0.));
#7450= IFCAXIS2PLACEMENT3D(#7449,#8,#7);
#7451= IFCEXTRUDEDAREASOLID(#67,#7450,#9,10.56);
#7452= IFCCARTESIANPOINT((0.,25.,0.));
#7453= IFCAXIS2PLACEMENT3D(#7452,#8,#7);
#7454= IFCEXTRUDEDAREASOLID(#74,#7453,#9,40.);
#7455= IFCCARTESIANPOINT((0.,38.4999999999992,0.));
#7456= IFCAXIS2PLACEMENT3D(#7455,#8,#7);
#7457= IFCEXTRUDEDAREASOLID(#78,#7456,#9,8.);
#7458= IFCCARTESIANPOINT((0.,46.4999999999992,0.));
#7459= IFCAXIS2PLACEMENT3D(#7458,#8,#7);
#7460= IFCEXTRUDEDAREASOLID(#67,#7459,#9,13.);
#7461= IFCCARTESIANPOINT((35.,0.,50.));
#7462= IFCCARTESIANTRANSFORMATIONOPERATOR3D($,$,#7461,$,$);
#7463= IFCSHAPEREPRESENTATION(#12,'Body','SweptSolid',(#7451,#7454,#7457,#7460));
#7464= IFCREPRESENTATIONMAP(#10,#7463);
#7465= IFCMAPPEDITEM(#7464,#7462);
#7466= IFCCARTESIANPOINT((95.,0.,50.));
#7467= IFCCARTESIANTRANSFORMATIONOPERATOR3D($,$,#7466,$,$);
#7468= IFCMAPPEDITEM(#7464,#7467);
#7469= IFCCARTESIANPOINT((155.,0.,50.));
#7470= IFCCARTESIANTRANSFORMATIONOPERATOR3D($,$,#7469,$,$);
#7471= IFCMAPPEDITEM(#7464,#7470);
#7472= IFCSHAPEREPRESENTATION(#12,'Body','MappedRepresentation',(#7465,#7468,#7471));
#7473= IFCPOLYLINE((#7449,#97));
#7474= IFCSHAPEREPRESENTATION(#12,'Axis','GeometricCurveSet',(#7473));
#7475= IFCREPRESENTATIONMAP(#10,#7474);
#7476= IFCMAPPEDITEM(#7475,#7462);
#7477= IFCMAPPEDITEM(#7475,#7467);
#7478= IFCMAPPEDITEM(#7475,#7470);
#7479= IFCSHAPEREPRESENTATION(#12,'Axis','MappedRepresentation',(#7476,#7477,#7478));
#7480= IFCPRODUCTDEFINITIONSHAPE($,$,(#7472,#7479));
#7481= IFCMECHANICALFASTENER('3dWSbIzp5FDOXjRdKHqpfs',#7441,'Bolt assembly',$,$,#7448,#7480,'IDe781c952-f731-4f35-886d-6e7511d33a76',16.,40.);
#7482= IFCLOCALPLACEMENT(#42,#10);
#7483= IFCELEMENTASSEMBLY('011rJA4xfBa8NdPJ4758sO',#7441,'BEAM',$,$,#7482,$,'B/1534',.NOTDEFINED.,.RIGID_FRAME.);
#7484= IFCPROPERTYSINGLEVALUE('AssemblyMark',$,IFCIDENTIFIER('B/1534'),$);
#7485= IFCPROPERTYSET('3wcoQZ4OXDGRvgjdIGh$qi',#5,'AISC_EM11_Pset_AssemblyIdentification','AssemblyIdentity',(#7484,#52,#53));
#7486= IFCCARTESIANPOINT((25497.6500000955,26589.8977779402,56780.));
#7487= IFCAXIS2PLACEMENT3D(#7486,#4320,#57);
#7488= IFCLOCALPLACEMENT(#7482,#7487);
#7489= IFCCARTESIANPOINT((-58.0999999999985,0.,4.24264068712));
#7490= IFCCARTESIANPOINT((-58.0999999999985,0.,0.));
#7491= IFCCARTESIANPOINT((58.0999999999985,0.,0.));
#7492= IFCCARTESIANPOINT((58.0999999999985,0.,4.24264068712));
#7493= IFCPOLYLOOP((#7489,#7490,#7491,#7492));
#7494= IFCFACEOUTERBOUND(#7493,.T.);
#7495= IFCFACE((#7494));
#7496= IFCCARTESIANPOINT((-58.0999999999985,4.24264068712,0.));
#7497= IFCCARTESIANPOINT((58.0999999999985,4.24264068712,0.));
#7498= IFCPOLYLOOP((#7490,#7496,#7497,#7491));
#7499= IFCFACEOUTERBOUND(#7498,.T.);
#7500= IFCFACE((#7499));
#7501= IFCPOLYLOOP((#7496,#7489,#7492,#7497));
#7502= IFCFACEOUTERBOUND(#7501,.T.);
#7503= IFCFACE((#7502));
#7504= IFCPOLYLOOP((#7497,#7492,#7491));
#7505= IFCFACEOUTERBOUND(#7504,.T.);
#7506= IFCFACE((#7505));
#7507= IFCPOLYLOOP((#7496,#7490,#7489));
#7508= IFCFACEOUTERBOUND(#7507,.T.);
#7509= IFCFACE((#7508));
#7510= IFCCARTESIANPOINT((58.0999999999985,-6.,4.24264068712));
#7511= IFCCARTESIANPOINT((58.0999999999985,-6.,0.));
#7512= IFCCARTESIANPOINT((-58.0999999999985,-6.,0.));
#7513= IFCCARTESIANPOINT((-58.0999999999985,-6.,4.24264068712));
#7514= IFCPOLYLOOP((#7510,#7511,#7512,#7513));
#7515= IFCFACEOUTERBOUND(#7514,.T.);
#7516= IFCFACE((#7515));
#7517= IFCCARTESIANPOINT((58.0999999999985,-10.24264068712,0.));
#7518= IFCCARTESIANPOINT((-58.0999999999985,-10.24264068712,0.));
#7519= IFCPOLYLOOP((#7511,#7517,#7518,#7512));
#7520= IFCFACEOUTERBOUND(#7519,.T.);
#7521= IFCFACE((#7520));
#7522= IFCPOLYLOOP((#7517,#7510,#7513,#7518));
#7523= IFCFACEOUTERBOUND(#7522,.T.);
#7524= IFCFACE((#7523));
#7525= IFCPOLYLOOP((#7518,#7513,#7512));
#7526= IFCFACEOUTERBOUND(#7525,.T.);
#7527= IFCFACE((#7526));
#7528= IFCPOLYLOOP((#7517,#7511,#7510));
#7529= IFCFACEOUTERBOUND(#7528,.T.);
#7530= IFCFACE((#7529));
#7531= IFCCLOSEDSHELL((#7495,#7500,#7503,#7506,#7509,#7516,#7521,#7524,#7527,#7530));
#7532= IFCFACETEDBREP(#7531);
#7533= IFCSHAPEREPRESENTATION(#12,'Body','Brep',(#7532));
#7534= IFCPOLYLINE((#7490,#7491));
#7535= IFCCARTESIANPOINT((58.1,0.,6.));
#7536= IFCCARTESIANPOINT((-58.1,0.,6.));
#7537= IFCPOLYLINE((#7535,#7536));
#7538= IFCSHAPEREPRESENTATION(#13,'Axis','GeometricCurveSet',(#7534,#7537));
#7539= IFCPRODUCTDEFINITIONSHAPE($,$,(#7533,#7538));
#7540= IFCFASTENER('0on1_fWWn3BuVpWW6ZeSh6',#7441,'Weld',$,$,#7488,#7539,'ID32c41fa9-820c-432f-87f3-8201a3a1cac6');
#7541= IFCPROPERTYSINGLEVALUE('WeldID',$,IFCINTEGER(113702859),$);
#7542= IFCPROPERTYSINGLEVALUE('l',$,IFCPOSITIVELENGTHMEASURE(116.2),$);
#7543= IFCPROPERTYSET('3trlh5IFLFHOcrIme5Nx1I',#5,'AISC_EM11_Pset_Weld','WeldIdentity',(#305,#306,#307,#308,#7541,#387,#311,#312,#7542,#314,#389,#390,#317,#318,#319,#320));
#7544= IFCCARTESIANPOINT((25492.6500000955,26592.8977779402,56716.900000095));
#7545= IFCAXIS2PLACEMENT3D(#7544,#8,#4320);
#7546= IFCLOCALPLACEMENT(#7482,#7545);
#7547= IFCCARTESIANPOINT((139.149993896484,0.));
#7548= IFCCARTESIANPOINT((139.149993896484,116.199996948242));
#7549= IFCCARTESIANPOINT((39.1499996185303,116.199996948242));
#7550= IFCCARTESIANPOINT((29.1499996185303,126.199996948242));
#7551= IFCCARTESIANPOINT((0.,126.199996948242));
#7552= IFCCARTESIANPOINT((-5.,121.199996948242));
#7553= IFCCARTESIANPOINT((-5.,5.));
#7554= IFCPOLYLINE((#72,#7547,#7548,#7549,#7550,#7550,#7551,#7552,#7553,#72));
#7555= IFCARBITRARYCLOSEDPROFILEDEF(.AREA.,'PL6*126',#7554);
#7556= IFCCARTESIANPOINT((0.,0.,-3.));
#7557= IFCAXIS2PLACEMENT3D(#7556,#9,#7);
#7558= IFCEXTRUDEDAREASOLID(#7555,#7557,#9,6.);
#7559= IFCSHAPEREPRESENTATION(#12,'Body','SweptSolid',(#7558));
#7560= IFCPRODUCTDEFINITIONSHAPE($,$,(#7559));
#7561= IFCDISCRETEACCESSORY('2IbrmqSeL7SuaRczkSF8rF',#7441,'Steel plate',$,$,#7546,#7560,'1458');
#7562= IFCLOCALPLACEMENT(#7482,#7447);
#7563= IFCCARTESIANPOINT((0.,32.4000000000022,0.));
#7564= IFCAXIS2PLACEMENT3D(#7563,#8,#7);
#7565= IFCEXTRUDEDAREASOLID(#404,#7564,#9,6.2);
#7566= IFCSHAPEREPRESENTATION(#12,'Body','SweptSolid',(#7565));
#7567= IFCREPRESENTATIONMAP(#10,#7566);
#7568= IFCMAPPEDITEM(#7567,#7462);
#7569= IFCMAPPEDITEM(#7567,#7467);
#7570= IFCMAPPEDITEM(#7567,#7470);
#7571= IFCSHAPEREPRESENTATION(#12,'Body','MappedRepresentation',(#7568,#7569,#7570));
#7572= IFCPRODUCTDEFINITIONSHAPE($,$,(#7571));
#7573= IFCOPENINGELEMENT('0efizVQfvCjxaqtikQfvCE',#5,$,$,'Opening',#7562,#7572,$);
#7574= IFCRELVOIDSELEMENT('04f_e471v5bQhkPpe5U25B',#5,'Drill Hole',$,#7561,#7573);
#7575= IFCPROPERTYSINGLEVALUE('IndicationMark',$,IFCIDENTIFIER('1458'),$);
#7576= IFCPROPERTYSET('3MCVo555P7BhMfopQDbHcf',#5,'AISC_EM11_Pset_PieceIdentification','PieceIdentity',(#422,#7575,#424,#425));
#7577= IFCLOCALPLACEMENT(#42,#10);
#7578= IFCELEMENTASSEMBLY('07mbmycMr5aB9xZ99t03gG',#7441,'BEAM',$,$,#7577,$,'B/1539',.NOTDEFINED.,.RIGID_FRAME.);
#7579= IFCPROPERTYSINGLEVALUE('AssemblyMark',$,IFCIDENTIFIER('B/1539'),$);
#7580= IFCPROPERTYSET('2vUCcMLEv0qOQUSUqhcwvR',#5,'AISC_EM11_Pset_AssemblyIdentification','AssemblyIdentity',(#7579,#52,#53));
#7581= IFCCARTESIANPOINT((25546.5,26628.3977779402,56833.099999905));
#7582= IFCAXIS2PLACEMENT3D(#7581,#7,#57);
#7583= IFCLOCALPLACEMENT(#7577,#7582);
#7584= IFCCARTESIANPOINT((0.,-43.06,0.));
#7585= IFCAXIS2PLACEMENT3D(#7584,#8,#7);
#7586= IFCEXTRUDEDAREASOLID(#67,#7585,#9,10.56);
#7587= IFCCARTESIANPOINT((0.,-32.5,0.));
#7588= IFCAXIS2PLACEMENT3D(#7587,#8,#7);
#7589= IFCEXTRUDEDAREASOLID(#74,#7588,#9,40.);
#7590= IFCCARTESIANPOINT((0.,-18.9999999999992,0.));
#7591= IFCAXIS2PLACEMENT3D(#7590,#8,#7);
#7592= IFCEXTRUDEDAREASOLID(#78,#7591,#9,8.);
#7593= IFCCARTESIANPOINT((0.,-10.9999999999992,0.));
#7594= IFCAXIS2PLACEMENT3D(#7593,#8,#7);
#7595= IFCEXTRUDEDAREASOLID(#67,#7594,#9,13.);
#7596= IFCSHAPEREPRESENTATION(#12,'Body','SweptSolid',(#7586,#7589,#7592,#7595));
#7597= IFCREPRESENTATIONMAP(#10,#7596);
#7598= IFCMAPPEDITEM(#7597,#7462);
#7599= IFCMAPPEDITEM(#7597,#7467);
#7600= IFCMAPPEDITEM(#7597,#7470);
#7601= IFCSHAPEREPRESENTATION(#12,'Body','MappedRepresentation',(#7598,#7599,#7600));
#7602= IFCPOLYLINE((#7584,#97));
#7603= IFCSHAPEREPRESENTATION(#12,'Axis','GeometricCurveSet',(#7602));
#7604= IFCREPRESENTATIONMAP(#10,#7603);
#7605= IFCMAPPEDITEM(#7604,#7462);
#7606= IFCMAPPEDITEM(#7604,#7467);
#7607= IFCMAPPEDITEM(#7604,#7470);
#7608= IFCSHAPEREPRESENTATION(#12,'Axis','MappedRepresentation',(#7605,#7606,#7607));
#7609= IFCPRODUCTDEFINITIONSHAPE($,$,(#7601,#7608));
#7610= IFCMECHANICALFASTENER('3rb40wgE13vPr5Vl83e_RG',#7441,'Bolt assembly',$,$,#7583,#7609,'IDf594403a-a8e0-43e5-9d45-7ef203a3e6d0',16.,40.);
#7611= IFCCARTESIANPOINT((25502.3499999045,26609.3977779402,56780.));
#7612= IFCAXIS2PLACEMENT3D(#7611,#7,#57);
#7613= IFCLOCALPLACEMENT(#7482,#7612);
#7614= IFCSHAPEREPRESENTATION(#12,'Body','Brep',(#7532));
#7615= IFCSHAPEREPRESENTATION(#13,'Axis','GeometricCurveSet',(#7534,#7537));
#7616= IFCPRODUCTDEFINITIONSHAPE($,$,(#7614,#7615));
#7617= IFCFASTENER('0y8X8VzV90CPbb_KyoP2P8',#7441,'Weld',$,$,#7613,#7616,'ID3c22121f-f5f2-4031-9965-f94f32642648');
#7618= IFCPROPERTYSINGLEVALUE('WeldID',$,IFCINTEGER(113702394),$);
#7619= IFCPROPERTYSET('25OV2QoWn4X9bzhtCeuMkt',#5,'AISC_EM11_Pset_Weld','WeldIdentity',(#305,#306,#307,#308,#7618,#387,#311,#312,#7542,#314,#389,#390,#317,#318,#319,#320));
#7620= IFCCARTESIANPOINT((25507.3499999045,26606.3977779402,56716.900000095));
#7621= IFCAXIS2PLACEMENT3D(#7620,#740,#7);
#7622= IFCLOCALPLACEMENT(#7482,#7621);
#7623= IFCSHAPEREPRESENTATION(#12,'Body','SweptSolid',(#7558));
#7624= IFCPRODUCTDEFINITIONSHAPE($,$,(#7623));
#7625= IFCDISCRETEACCESSORY('2lyNUsGZT4gOzBYRrB6d5M',#7441,'Steel plate',$,$,#7622,#7624,'1458');
#7626= IFCLOCALPLACEMENT(#7482,#7582);
#7627= IFCCARTESIANPOINT((0.,-25.1000000000022,0.));
#7628= IFCAXIS2PLACEMENT3D(#7627,#8,#7);
#7629= IFCEXTRUDEDAREASOLID(#404,#7628,#9,6.2);
#7630= IFCSHAPEREPRESENTATION(#12,'Body','SweptSolid',(#7629));
#7631= IFCREPRESENTATIONMAP(#10,#7630);
#7632= IFCMAPPEDITEM(#7631,#7462);
#7633= IFCMAPPEDITEM(#7631,#7467);
#7634= IFCMAPPEDITEM(#7631,#7470);
#7635= IFCSHAPEREPRESENTATION(#12,'Body','MappedRepresentation',(#7632,#7633,#7634));
#7636= IFCPRODUCTDEFINITIONSHAPE($,$,(#7635));
#7637= IFCOPENINGELEMENT('0CqQ8dvWL2fPGp1ScR3N8N',#5,$,$,'Opening',#7626,#7636,$);
#7638= IFCRELVOIDSELEMENT('046waOqy98dBi7ynrGmn0y',#5,'Drill Hole',$,#7625,#7637);
#7639= IFCCARTESIANPOINT((25500.,26628.3977779402,56770.));
#7640= IFCAXIS2PLACEMENT3D(#7639,#57,#7);
#7641= IFCLOCALPLACEMENT(#7577,#7640);
#7642= IFCUSHAPEPROFILEDEF(.AREA.,'UPN160',#73,160.,65.,7.5,10.5,10.5,5.5,$,$);
#7643= IFCCARTESIANPOINT((53391.2999848251,0.,0.));
#7644= IFCAXIS2PLACEMENT3D(#7643,#4320,#740);
#7645= IFCEXTRUDEDAREASOLID(#7642,#7644,#9,53344.8);
#7646= IFCCARTESIANPOINT((46.5,0.,180.));
#7647= IFCAXIS2PLACEMENT3D(#7646,#7,#8);
#7648= IFCPLANE(#7647);
#7649= IFCHALFSPACESOLID(#7648,.T.);
#7650= IFCBOOLEANCLIPPINGRESULT(.DIFFERENCE.,#7645,#7649);
#7651= IFCSHAPEREPRESENTATION(#12,'Body','Clipping',(#7650));
#7652= IFCPRODUCTDEFINITIONSHAPE($,$,(#7651));
#7653= IFCBEAM('0jg_DMN_D9Hwyd2dgsf9x7',#7441,'main piece','UPN160','UPN160',#7641,#7652,'b/1338');
#7654= IFCLOCALPLACEMENT(#7577,#7640);
#7655= IFCRECTANGLEPROFILEDEF(.AREA.,'PL34.9*46.2',#73,34.9,46.2);
#7656= IFCCARTESIANPOINT((23.4249999522508,33.5,63.5499999524982));
#7657= IFCAXIS2PLACEMENT3D(#7656,#740,#9);
#7658= IFCEXTRUDEDAREASOLID(#7655,#7657,#9,67.);
#7659= IFCSHAPEREPRESENTATION(#12,'Body','SweptSolid',(#7658));
#7660= IFCPRODUCTDEFINITIONSHAPE($,$,(#7659));
#7661= IFCOPENINGELEMENT('1a4OTN7a976xKWIEc3EoYO',#5,$,$,'Recess',#7654,#7660,$);
#7662= IFCRELVOIDSELEMENT('0RuarAqWb6yOxpirTK1qxz',#5,$,$,#7653,#7661);
#7663= IFCPROPERTYSINGLEVALUE('FeatureSubTypes',$,$,$);
#7664= IFCPROPERTYSINGLEVALUE('RectangleOpeningWidth',$,IFCPOSITIVELENGTHMEASURE(34.9),$);
#7665= IFCPROPERTYSINGLEVALUE('RectangleOpeningHeight',$,IFCPOSITIVELENGTHMEASURE(46.2),$);
#7666= IFCPROPERTYSET('2KYG$qXA9FIOedSQttRa9V',#5,'AISC_EM11_Pset_Opening/Cope',$,(#7663,#7664,#7665,#420));
#7667= IFCLOCALPLACEMENT(#7577,#7640);
#7668= IFCRECTANGLEPROFILEDEF(.AREA.,'PL22*46.2',#73,22.,46.2);
#7669= IFCCARTESIANPOINT((23.4249999522508,33.5,-70.));
#7670= IFCAXIS2PLACEMENT3D(#7669,#740,#9);
#7671= IFCEXTRUDEDAREASOLID(#7668,#7670,#9,67.);
#7672= IFCSHAPEREPRESENTATION(#12,'Body','SweptSolid',(#7671));
#7673= IFCPRODUCTDEFINITIONSHAPE($,$,(#7672));
#7674= IFCOPENINGELEMENT('3ouc7jfo1Bdf9z8F5ds66w',#5,$,$,'Recess',#7667,#7673,$);
#7675= IFCRELVOIDSELEMENT('3P8gqFbF50Muq4ncPuTSi6',#5,$,$,#7653,#7674);
#7676= IFCPROPERTYSINGLEVALUE('RectangleOpeningWidth',$,IFCPOSITIVELENGTHMEASURE(22.),$);
#7677= IFCPROPERTYSET('1gsT8UXj90dwyd7B8St2qG',#5,'AISC_EM11_Pset_Opening/Cope',$,(#7663,#7676,#7665,#420));
#7678= IFCLOCALPLACEMENT(#7577,#7582);
#7679= IFCCARTESIANPOINT((0.,-32.6,0.));
#7680= IFCAXIS2PLACEMENT3D(#7679,#8,#7);
#7681= IFCEXTRUDEDAREASOLID(#404,#7680,#9,7.7);
#7682= IFCSHAPEREPRESENTATION(#12,'Body','SweptSolid',(#7681));
#7683= IFCREPRESENTATIONMAP(#10,#7682);
#7684= IFCMAPPEDITEM(#7683,#7462);
#7685= IFCMAPPEDITEM(#7683,#7467);
#7686= IFCMAPPEDITEM(#7683,#7470);
#7687= IFCSHAPEREPRESENTATION(#12,'Body','MappedRepresentation',(#7684,#7685,#7686));
#7688= IFCPRODUCTDEFINITIONSHAPE($,$,(#7687));
#7689= IFCOPENINGELEMENT('2nnkVitqf6rhRvoU15oWcy',#5,$,$,'Opening',#7678,#7688,$);
#7690= IFCRELVOIDSELEMENT('2OykriXKLFGOt1ms$cD4YU',#5,'Drill Hole',$,#7653,#7689);
#7691= IFCPROPERTYSINGLEVALUE('IndicationMark',$,IFCIDENTIFIER('b/1338'),$);
#7692= IFCPROPERTYSET('0qZDQbP3XDZQycQi_gskmM',#5,'AISC_EM11_Pset_PieceIdentification','PieceIdentity',(#6094,#7691,#424,#700));
#7693= IFCCARTESIANPOINT((25500.,26395.8977779402,56780.));
#7694= IFCAXIS2PLACEMENT3D(#7693,#57,#8);
#7695= IFCLOCALPLACEMENT(#7482,#7694);
#7696= IFCISHAPEPROFILEDEF(.AREA.,'IPE140',#73,73.,140.,4.699999809,6.900000095,7.);
#7697= IFCCARTESIANPOINT((265.,0.,0.));
#7698= IFCAXIS2PLACEMENT3D(#7697,#4320,#740);
#7699= IFCEXTRUDEDAREASOLID(#7696,#7698,#9,265.);
#7700= IFCSHAPEREPRESENTATION(#12,'Body','SweptSolid',(#7699));
#7701= IFCPRODUCTDEFINITIONSHAPE($,$,(#7700));
#7702= IFCBEAM('3phElWOBv3EO8LRx_bFu5$',#7441,'main piece','IPE140','IPE140',#7695,#7701,'b/1337');
#7703= IFCPROPERTYSINGLEVALUE('IndicationMark',$,IFCIDENTIFIER('b/1337'),$);
#7704= IFCPROPERTYSET('3ZxfBEoWnD0fyYppQbilxQ',#5,'AISC_EM11_Pset_PieceIdentification','PieceIdentity',(#6094,#7703,#424,#700));
#7705= IFCLOCALPLACEMENT(#42,#10);
#7706= IFCELEMENTASSEMBLY('39ThNKKHv3aej9k3pzR_PG',#7441,'BEAM',$,$,#7705,$,'B/1538',.NOTDEFINED.,.RIGID_FRAME.);
#7707= IFCPROPERTYSINGLEVALUE('AssemblyMark',$,IFCIDENTIFIER('B/1538'),$);
#7708= IFCPROPERTYSET('18N2SJwinCwgLiDJirB_oe',#5,'AISC_EM11_Pset_AssemblyIdentification','AssemblyIdentity',(#7707,#52,#53));
#7709= IFCCARTESIANPOINT((23200.0863189697,26642.1477779402,56829.5));
#7710= IFCAXIS2PLACEMENT3D(#7709,#8,#57);
#7711= IFCLOCALPLACEMENT(#7705,#7710);
#7712= IFCCARTESIANPOINT((0.,-13.06,0.));
#7713= IFCAXIS2PLACEMENT3D(#7712,#8,#7);
#7714= IFCEXTRUDEDAREASOLID(#67,#7713,#9,10.56);
#7715= IFCCARTESIANPOINT((0.,-2.5,0.));
#7716= IFCAXIS2PLACEMENT3D(#7715,#8,#7);
#7717= IFCEXTRUDEDAREASOLID(#74,#7716,#9,40.);
#7718= IFCCARTESIANPOINT((0.,8.50000000000239,0.));
#7719= IFCAXIS2PLACEMENT3D(#7718,#8,#7);
#7720= IFCEXTRUDEDAREASOLID(#78,#7719,#9,8.);
#7721= IFCCARTESIANPOINT((0.,16.5000000000024,0.));
#7722= IFCAXIS2PLACEMENT3D(#7721,#8,#7);
#7723= IFCEXTRUDEDAREASOLID(#67,#7722,#9,13.);
#7724= IFCSHAPEREPRESENTATION(#12,'Body','SweptSolid',(#7714,#7717,#7720,#7723));
#7725= IFCREPRESENTATIONMAP(#10,#7724);
#7726= IFCMAPPEDITEM(#7725,#7462);
#7727= IFCMAPPEDITEM(#7725,#7467);
#7728= IFCMAPPEDITEM(#7725,#7470);
#7729= IFCSHAPEREPRESENTATION(#12,'Body','MappedRepresentation',(#7726,#7727,#7728));
#7730= IFCPOLYLINE((#7712,#97));
#7731= IFCSHAPEREPRESENTATION(#12,'Axis','GeometricCurveSet',(#7730));
#7732= IFCREPRESENTATIONMAP(#10,#7731);
#7733= IFCMAPPEDITEM(#7732,#7462);
#7734= IFCMAPPEDITEM(#7732,#7467);
#7735= IFCMAPPEDITEM(#7732,#7470);
#7736= IFCSHAPEREPRESENTATION(#12,'Axis','MappedRepresentation',(#7733,#7734,#7735));
#7737= IFCPRODUCTDEFINITIONSHAPE($,$,(#7729,#7736));
#7738= IFCMECHANICALFASTENER('2o2v4GzCvFj9pFAv_bpxHT',#7441,'Bolt assembly',$,$,#7711,#7737,'IDb20b9110-f4ce-4fb4-9ccf-2b9fa5cfb45d',16.,40.);
#7739= IFCCARTESIANPOINT((23191.5860000955,26603.3977779402,56770.));
#7740= IFCAXIS2PLACEMENT3D(#7739,#8,#57);
#7741= IFCLOCALPLACEMENT(#7442,#7740);
#7742= IFCCARTESIANPOINT((-59.5,0.,4.24264068712));
#7743= IFCCARTESIANPOINT((-59.5,0.,0.));
#7744= IFCCARTESIANPOINT((59.5,0.,0.));
#7745= IFCCARTESIANPOINT((59.5,0.,4.24264068712));
#7746= IFCPOLYLOOP((#7742,#7743,#7744,#7745));
#7747= IFCFACEOUTERBOUND(#7746,.T.);
#7748= IFCFACE((#7747));
#7749= IFCCARTESIANPOINT((-59.5,4.24264068712,0.));
#7750= IFCCARTESIANPOINT((59.5,4.24264068712,0.));
#7751= IFCPOLYLOOP((#7743,#7749,#7750,#7744));
#7752= IFCFACEOUTERBOUND(#7751,.T.);
#7753= IFCFACE((#7752));
#7754= IFCPOLYLOOP((#7749,#7742,#7745,#7750));
#7755= IFCFACEOUTERBOUND(#7754,.T.);
#7756= IFCFACE((#7755));
#7757= IFCPOLYLOOP((#7750,#7745,#7744));
#7758= IFCFACEOUTERBOUND(#7757,.T.);
#7759= IFCFACE((#7758));
#7760= IFCPOLYLOOP((#7749,#7743,#7742));
#7761= IFCFACEOUTERBOUND(#7760,.T.);
#7762= IFCFACE((#7761));
#7763= IFCCARTESIANPOINT((59.5,-6.,4.24264068712));
#7764= IFCCARTESIANPOINT((59.5,-6.,0.));
#7765= IFCCARTESIANPOINT((-59.5,-6.,0.));
#7766= IFCCARTESIANPOINT((-59.5,-6.,4.24264068712));
#7767= IFCPOLYLOOP((#7763,#7764,#7765,#7766));
#7768= IFCFACEOUTERBOUND(#7767,.T.);
#7769= IFCFACE((#7768));
#7770= IFCCARTESIANPOINT((59.5,-10.24264068712,0.));
#7771= IFCCARTESIANPOINT((-59.5,-10.24264068712,0.));
#7772= IFCPOLYLOOP((#7764,#7770,#7771,#7765));
#7773= IFCFACEOUTERBOUND(#7772,.T.);
#7774= IFCFACE((#7773));
#7775= IFCPOLYLOOP((#7770,#7763,#7766,#7771));
#7776= IFCFACEOUTERBOUND(#7775,.T.);
#7777= IFCFACE((#7776));
#7778= IFCPOLYLOOP((#7771,#7766,#7765));
#7779= IFCFACEOUTERBOUND(#7778,.T.);
#7780= IFCFACE((#7779));
#7781= IFCPOLYLOOP((#7770,#7764,#7763));
#7782= IFCFACEOUTERBOUND(#7781,.T.);
#7783= IFCFACE((#7782));
#7784= IFCCLOSEDSHELL((#7748,#7753,#7756,#7759,#7762,#7769,#7774,#7777,#7780,#7783));
#7785= IFCFACETEDBREP(#7784);
#7786= IFCSHAPEREPRESENTATION(#12,'Body','Brep',(#7785));
#7787= IFCPOLYLINE((#7743,#7744));
#7788= IFCCARTESIANPOINT((59.5,0.,6.));
#7789= IFCCARTESIANPOINT((-59.5,0.,6.));
#7790= IFCPOLYLINE((#7788,#7789));
#7791= IFCSHAPEREPRESENTATION(#13,'Axis','GeometricCurveSet',(#7787,#7790));
#7792= IFCPRODUCTDEFINITIONSHAPE($,$,(#7786,#7791));
#7793= IFCFASTENER('0UEkJZD9TAlgeb9E7PJ2O5',#7441,'Weld',$,$,#7741,#7792,'ID1e3ae4e3-3497-4abe-aa25-24e1d94c2605');
#7794= IFCPROPERTYSINGLEVALUE('WeldID',$,IFCINTEGER(113700953),$);
#7795= IFCPROPERTYSINGLEVALUE('l',$,IFCPOSITIVELENGTHMEASURE(119.),$);
#7796= IFCPROPERTYSET('3lbL4ejEb4698xZEponkuV',#5,'AISC_EM11_Pset_Weld','WeldIdentity',(#305,#306,#307,#308,#7794,#387,#311,#312,#7795,#314,#389,#390,#317,#318,#319,#320));
#7797= IFCCARTESIANPOINT((23194.5863189697,26603.3977779402,56710.5));
#7798= IFCDIRECTION((0.,0.707106781186548,-0.707106781186548));
#7799= IFCAXIS2PLACEMENT3D(#7797,#7,#7798);
#7800= IFCLOCALPLACEMENT(#7442,#7799);
#7801= IFCCARTESIANPOINT((14.1421356200481,0.));
#7802= IFCCARTESIANPOINT((105.182136535368,91.0400009153236));
#7803= IFCCARTESIANPOINT((13.9653587345347,182.256774901929));
#7804= IFCCARTESIANPOINT((-56.7453193640868,111.546096803308));
#7805= IFCCARTESIANPOINT((-70.8874530804023,111.546098710664));
#7806= IFCCARTESIANPOINT((-84.1457061760957,98.2878417966422));
#7807= IFCCARTESIANPOINT((-84.1457061761357,84.1457061765614));
#7808= IFCPOLYLINE((#72,#7801,#7802,#7803,#7804,#7805,#7805,#7806,#7807,#72));
#7809= IFCARBITRARYCLOSEDPROFILEDEF(.AREA.,'PL6*139',#7808);
#7810= IFCEXTRUDEDAREASOLID(#7809,#7557,#9,6.);
#7811= IFCSHAPEREPRESENTATION(#12,'Body','SweptSolid',(#7810));
#7812= IFCPRODUCTDEFINITIONSHAPE($,$,(#7811));
#7813= IFCDISCRETEACCESSORY('1b2anJlFnCIepWfNMWVHq$',#7441,'Steel plate',$,$,#7800,#7812,'1457');
#7814= IFCLOCALPLACEMENT(#7442,#7710);
#7815= IFCCARTESIANPOINT((0.,2.4,0.));
#7816= IFCAXIS2PLACEMENT3D(#7815,#8,#7);
#7817= IFCEXTRUDEDAREASOLID(#404,#7816,#9,6.2);
#7818= IFCSHAPEREPRESENTATION(#12,'Body','SweptSolid',(#7817));
#7819= IFCREPRESENTATIONMAP(#10,#7818);
#7820= IFCMAPPEDITEM(#7819,#7462);
#7821= IFCMAPPEDITEM(#7819,#7467);
#7822= IFCMAPPEDITEM(#7819,#7470);
#7823= IFCSHAPEREPRESENTATION(#12,'Body','MappedRepresentation',(#7820,#7821,#7822));
#7824= IFCPRODUCTDEFINITIONSHAPE($,$,(#7823));
#7825= IFCOPENINGELEMENT('1kuU0EtCf9cQxUEKvsBUY0',#5,$,$,'Opening',#7814,#7824,$);
#7826= IFCRELVOIDSELEMENT('0nwyWjq2P8xftq54T2TPYM',#5,'Drill Hole',$,#7813,#7825);
#7827= IFCPROPERTYSINGLEVALUE('IndicationMark',$,IFCIDENTIFIER('1457'),$);
#7828= IFCPROPERTYSET('2C0zo6DiTBTOn37W4VJTyF',#5,'AISC_EM11_Pset_PieceIdentification','PieceIdentity',(#422,#7827,#424,#425));
#7829= IFCCARTESIANPOINT((23102.8135041123,26628.3977779402,56770.));
#7830= IFCAXIS2PLACEMENT3D(#7829,#57,#7);
#7831= IFCLOCALPLACEMENT(#7442,#7830);
#7832= IFCCARTESIANPOINT((2350.68649588774,0.,0.));
#7833= IFCAXIS2PLACEMENT3D(#7832,#4320,#740);
#7834= IFCEXTRUDEDAREASOLID(#7642,#7833,#9,2350.69);
#7835= IFCCARTESIANPOINT((2350.68649588774,0.,180.));
#7836= IFCAXIS2PLACEMENT3D(#7835,#4320,#740);
#7837= IFCPLANE(#7836);
#7838= IFCHALFSPACESOLID(#7837,.T.);
#7839= IFCBOOLEANCLIPPINGRESULT(.DIFFERENCE.,#7834,#7838);
#7840= IFCSHAPEREPRESENTATION(#12,'Body','Clipping',(#7839));
#7841= IFCPRODUCTDEFINITIONSHAPE($,$,(#7840));
#7842= IFCBEAM('1_vmMjsMT5cBCqo$yEzm4s',#7441,'main piece','UPN160','UPN160',#7831,#7841,'b/1336');
#7843= IFCLOCALPLACEMENT(#7442,#7830);
#7844= IFCCARTESIANPOINT((2373.76149593549,-33.5,63.5499999524982));
#7845= IFCAXIS2PLACEMENT3D(#7844,#8,#9);
#7846= IFCEXTRUDEDAREASOLID(#7655,#7845,#9,67.);
#7847= IFCSHAPEREPRESENTATION(#12,'Body','SweptSolid',(#7846));
#7848= IFCPRODUCTDEFINITIONSHAPE($,$,(#7847));
#7849= IFCOPENINGELEMENT('0kESw$CcHCB9z4V6ublyVk',#5,$,$,'Recess',#7843,#7848,$);
#7850= IFCRELVOIDSELEMENT('0OJVdsst9CuOyHbgadxRSX',#5,$,$,#7842,#7849);
#7851= IFCLOCALPLACEMENT(#7442,#7830);
#7852= IFCCARTESIANPOINT((2373.76149593549,-33.5,-70.));
#7853= IFCAXIS2PLACEMENT3D(#7852,#8,#9);
#7854= IFCEXTRUDEDAREASOLID(#7668,#7853,#9,67.);
#7855= IFCSHAPEREPRESENTATION(#12,'Body','SweptSolid',(#7854));
#7856= IFCPRODUCTDEFINITIONSHAPE($,$,(#7855));
#7857= IFCOPENINGELEMENT('21DrxlhSDB3QDpJIj5TU09',#5,$,$,'Recess',#7851,#7856,$);
#7858= IFCRELVOIDSELEMENT('2xFBCkskH7bf15Bz42P2uG',#5,$,$,#7842,#7857);
#7859= IFCLOCALPLACEMENT(#7442,#7447);
#7860= IFCCARTESIANPOINT((0.,24.9,0.));
#7861= IFCAXIS2PLACEMENT3D(#7860,#8,#7);
#7862= IFCEXTRUDEDAREASOLID(#404,#7861,#9,7.7);
#7863= IFCSHAPEREPRESENTATION(#12,'Body','SweptSolid',(#7862));
#7864= IFCREPRESENTATIONMAP(#10,#7863);
#7865= IFCMAPPEDITEM(#7864,#7462);
#7866= IFCMAPPEDITEM(#7864,#7467);
#7867= IFCMAPPEDITEM(#7864,#7470);
#7868= IFCSHAPEREPRESENTATION(#12,'Body','MappedRepresentation',(#7865,#7866,#7867));
#7869= IFCPRODUCTDEFINITIONSHAPE($,$,(#7868));
#7870= IFCOPENINGELEMENT('1vZMuaQhf4eR_lBA0brmma',#5,$,$,'Opening',#7859,#7869,$);
#7871= IFCRELVOIDSELEMENT('34ah4YMIDCL8K3_Z8D8oCw',#5,'Drill Hole',$,#7842,#7870);
#7872= IFCPROPERTYSINGLEVALUE('IndicationMark',$,IFCIDENTIFIER('b/1336'),$);
#7873= IFCPROPERTYSET('3N8Ngd2KT3c9XHudELotZ5',#5,'AISC_EM11_Pset_PieceIdentification','PieceIdentity',(#6094,#7872,#424,#700));
#7874= IFCLOCALPLACEMENT(#42,#10);
#7875= IFCELEMENTASSEMBLY('2BjukInqr2fwM97oK2Zly5',#7441,'BEAM',$,$,#7874,$,'B/1537',.NOTDEFINED.,.REINFORCEMENT_UNIT.);
#7876= IFCPROPERTYSINGLEVALUE('AssemblyMark',$,IFCIDENTIFIER('B/1537'),$);
#7877= IFCPROPERTYSET('3I2M9EvsvAeOrSqug9oAws',#5,'AISC_EM11_Pset_AssemblyIdentification','AssemblyIdentity',(#7876,#52,#53));
#7878= IFCCARTESIANPOINT((23099.9982575302,26445.8977779402,56350.));
#7879= IFCAXIS2PLACEMENT3D(#7878,#9,#7);
#7880= IFCLOCALPLACEMENT(#7874,#7879);
#7881= IFCRECTANGLEPROFILEDEF(.AREA.,'1000*300',#73,300.,1000.);
#7882= IFCEXTRUDEDAREASOLID(#7881,#6324,#9,55800.18);
#7883= IFCSHAPEREPRESENTATION(#12,'Body','SweptSolid',(#7882));
#7884= IFCPRODUCTDEFINITIONSHAPE($,$,(#7883));
#7885= IFCBEAM('045t_KLOjFwucMTCav5Nb8',#7441,'main piece','1000*300','1000*300',#7880,#7884,'Hormig\S\sn_B-1/84');
#7886= IFCPROPERTYSINGLEVALUE('IndicationMark',$,IFCIDENTIFIER('Hormig\S\sn_B-1/84'),$);
#7887= IFCPROPERTYSET('1M$lvxLVj2QxpBAjd_xtEF',#5,'AISC_EM11_Pset_PieceIdentification','PieceIdentity',(#6094,#7886,#424,#700));
#7888= IFCLOCALPLACEMENT(#42,#10);
#7889= IFCELEMENTASSEMBLY('0qQb0n7sr6zg8FS1OGZBFy',#7441,'BEAM',$,$,#7888,$,'B/1455',.NOTDEFINED.,.REINFORCEMENT_UNIT.);
#7890= IFCPROPERTYSINGLEVALUE('AssemblyMark',$,IFCIDENTIFIER('B/1455'),$);
#7891= IFCPROPERTYSET('1i9UJUwff5m83wM6_jmeft',#5,'AISC_EM11_Pset_AssemblyIdentification','AssemblyIdentity',(#7890,#52,#53));
#7892= IFCCARTESIANPOINT((76500.,0.,56375.));
#7893= IFCAXIS2PLACEMENT3D(#7892,#9,#8);
#7894= IFCLOCALPLACEMENT(#7888,#7893);
#7895= IFCCARTESIANPOINT((25500.,0.,0.));
#7896= IFCAXIS2PLACEMENT3D(#7895,#4320,#740);
#7897= IFCEXTRUDEDAREASOLID(#6338,#7896,#9,25500.);
#7898= IFCSHAPEREPRESENTATION(#12,'Body','SweptSolid',(#7897));
#7899= IFCPRODUCTDEFINITIONSHAPE($,$,(#7898));
#7900= IFCBEAM('3muScjuGj5u9jbIFvKgeyU',#7441,'main piece','950*800','950*800',#7894,#7899,'Hormig\S\sn_B-1/66');
#7901= IFCPROPERTYSINGLEVALUE('IndicationMark',$,IFCIDENTIFIER('Hormig\S\sn_B-1/66'),$);
#7902= IFCPROPERTYSET('3o6JxJQB11w8Ncmygr9bOU',#5,'AISC_EM11_Pset_PieceIdentification','PieceIdentity',(#6094,#7901,#424,#700));
#7903= IFCLOCALPLACEMENT(#42,#10);
#7904= IFCELEMENTASSEMBLY('36SWXNy6DE_RMldQ8gNlzw',#7441,'BEAM',$,$,#7903,$,'B/1455',.NOTDEFINED.,.REINFORCEMENT_UNIT.);
#7905= IFCCARTESIANPOINT((68000.,0.,56375.));
#7906= IFCAXIS2PLACEMENT3D(#7905,#9,#8);
#7907= IFCLOCALPLACEMENT(#7903,#7906);
#7908= IFCSHAPEREPRESENTATION(#12,'Body','SweptSolid',(#7897));
#7909= IFCPRODUCTDEFINITIONSHAPE($,$,(#7908));
#7910= IFCBEAM('250UGdyYH1hvxSEazCsrT7',#7441,'main piece','950*800','950*800',#7907,#7909,'Hormig\S\sn_B-1/66');
#7911= IFCLOCALPLACEMENT(#42,#10);
#7912= IFCELEMENTASSEMBLY('1x61dqibrAmu6JhHU0qN7C',#7441,'BEAM',$,$,#7911,$,'B/1455',.NOTDEFINED.,.REINFORCEMENT_UNIT.);
#7913= IFCCARTESIANPOINT((59500.,0.,56375.));
#7914= IFCAXIS2PLACEMENT3D(#7913,#9,#8);
#7915= IFCLOCALPLACEMENT(#7911,#7914);
#7916= IFCSHAPEREPRESENTATION(#12,'Body','SweptSolid',(#7897));
#7917= IFCPRODUCTDEFINITIONSHAPE($,$,(#7916));
#7918= IFCBEAM('2CW9NiTuHBrQ1dRfo5odDS',#7441,'main piece','950*800','950*800',#7915,#7917,'Hormig\S\sn_B-1/66');
#7919= IFCLOCALPLACEMENT(#42,#10);
#7920= IFCELEMENTASSEMBLY('3mkhsSI5T6GBZrarEo_eiU',#7441,'BEAM',$,$,#7919,$,'B/1455',.NOTDEFINED.,.REINFORCEMENT_UNIT.);
#7921= IFCCARTESIANPOINT((51000.,0.,56375.));
#7922= IFCAXIS2PLACEMENT3D(#7921,#9,#8);
#7923= IFCLOCALPLACEMENT(#7919,#7922);
#7924= IFCSHAPEREPRESENTATION(#12,'Body','SweptSolid',(#7897));
#7925= IFCPRODUCTDEFINITIONSHAPE($,$,(#7924));
#7926= IFCBEAM('269PzVQrb4Zed0dfO21aJu',#7441,'main piece','950*800','950*800',#7923,#7925,'Hormig\S\sn_B-1/66');
#7927= IFCLOCALPLACEMENT(#42,#10);
#7928= IFCELEMENTASSEMBLY('3d$zGC7bH59xnoykcMZB2z',#7441,'BEAM',$,$,#7927,$,'B/1455',.NOTDEFINED.,.REINFORCEMENT_UNIT.);
#7929= IFCCARTESIANPOINT((42500.,0.,56375.));
#7930= IFCAXIS2PLACEMENT3D(#7929,#9,#8);
#7931= IFCLOCALPLACEMENT(#7927,#7930);
#7932= IFCSHAPEREPRESENTATION(#12,'Body','SweptSolid',(#7897));
#7933= IFCPRODUCTDEFINITIONSHAPE($,$,(#7932));
#7934= IFCBEAM('3HcHlfXVb5BBlUCjAaHVFw',#7441,'main piece','950*800','950*800',#7931,#7933,'Hormig\S\sn_B-1/66');
#7935= IFCLOCALPLACEMENT(#42,#10);
#7936= IFCELEMENTASSEMBLY('16DdimcnXAXBkxY$ofkSmc',#7441,'BEAM',$,$,#7935,$,'B/1455',.NOTDEFINED.,.REINFORCEMENT_UNIT.);
#7937= IFCCARTESIANPOINT((34000.,0.,56375.));
#7938= IFCAXIS2PLACEMENT3D(#7937,#9,#8);
#7939= IFCLOCALPLACEMENT(#7935,#7938);
#7940= IFCSHAPEREPRESENTATION(#12,'Body','SweptSolid',(#7897));
#7941= IFCPRODUCTDEFINITIONSHAPE($,$,(#7940));
#7942= IFCBEAM('0lJ7Byt6b7YPXlpDURmOQE',#7441,'main piece','950*800','950*800',#7939,#7941,'Hormig\S\sn_B-1/66');
#7943= IFCLOCALPLACEMENT(#42,#10);
#7944= IFCELEMENTASSEMBLY('08cfBdZf53$eOQ3qLcnRmW',#7441,'BEAM',$,$,#7943,$,'B/1455',.NOTDEFINED.,.REINFORCEMENT_UNIT.);
#7945= IFCCARTESIANPOINT((25500.,0.,56375.));
#7946= IFCAXIS2PLACEMENT3D(#7945,#9,#8);
#7947= IFCLOCALPLACEMENT(#7943,#7946);
#7948= IFCSHAPEREPRESENTATION(#12,'Body','SweptSolid',(#7897));
#7949= IFCPRODUCTDEFINITIONSHAPE($,$,(#7948));
#7950= IFCBEAM('2IvnnrDmf3$PdB78CCMzey',#7441,'main piece','950*800','950*800',#7947,#7949,'Hormig\S\sn_B-1/66');
#7951= IFCLOCALPLACEMENT(#42,#10);
#7952= IFCELEMENTASSEMBLY('2wMw7_0XH2qfas_Z2jJfYS',#7441,'BEAM',$,$,#7951,$,'B/1536',.NOTDEFINED.,.REINFORCEMENT_UNIT.);
#7953= IFCPROPERTYSINGLEVALUE('AssemblyMark',$,IFCIDENTIFIER('B/1536'),$);
#7954= IFCPROPERTYSET('1_sjk_1ZDEeeJhrzEzlLYu',#5,'AISC_EM11_Pset_AssemblyIdentification','AssemblyIdentity',(#7953,#52,#53));
#7955= IFCCARTESIANPOINT((23099.9982575302,25500.,56375.));
#7956= IFCAXIS2PLACEMENT3D(#7955,#9,#7);
#7957= IFCLOCALPLACEMENT(#7951,#7956);
#7958= IFCSHAPEREPRESENTATION(#12,'Body','SweptSolid',(#6325));
#7959= IFCPRODUCTDEFINITIONSHAPE($,$,(#7958));
#7960= IFCBEAM('0hAfhSH4X6hRE$vWkGnAjt',#7441,'main piece','950*1000','950*1000',#7957,#7959,'Hormig\S\sn_B-1/83');
#7961= IFCPROPERTYSINGLEVALUE('IndicationMark',$,IFCIDENTIFIER('Hormig\S\sn_B-1/83'),$);
#7962= IFCPROPERTYSET('033RnYrQLEURDIi2t56LJJ',#5,'AISC_EM11_Pset_PieceIdentification','PieceIdentity',(#6094,#7961,#424,#700));
#7963= IFCLOCALPLACEMENT(#42,#10);
#7964= IFCELEMENTASSEMBLY('2S5Wvhzef3Yh8S3MGMRv5z',#7441,'BEAM',$,$,#7963,$,'B/1535',.NOTDEFINED.,.REINFORCEMENT_UNIT.);
#7965= IFCPROPERTYSINGLEVALUE('AssemblyMark',$,IFCIDENTIFIER('B/1535'),$);
#7966= IFCPROPERTYSET('0osq2Bcpn4HPnBnFFgJbMM',#5,'AISC_EM11_Pset_AssemblyIdentification','AssemblyIdentity',(#7965,#52,#53));
#7967= IFCCARTESIANPOINT((23099.9982575302,0.000103379694337491,56375.));
#7968= IFCAXIS2PLACEMENT3D(#7967,#9,#7);
#7969= IFCLOCALPLACEMENT(#7963,#7968);
#7970= IFCCARTESIANPOINT((55400.2304077148,0.,0.));
#7971= IFCAXIS2PLACEMENT3D(#7970,#4320,#740);
#7972= IFCEXTRUDEDAREASOLID(#6087,#7971,#9,55400.23);
#7973= IFCSHAPEREPRESENTATION(#12,'Body','SweptSolid',(#7972));
#7974= IFCPRODUCTDEFINITIONSHAPE($,$,(#7973));
#7975= IFCBEAM('0nn3ySONr3X8Ku5iie8dp_',#7441,'main piece','950*1000','950*1000',#7969,#7974,'Hormig\S\sn_B-1/82');
#7976= IFCPROPERTYSINGLEVALUE('IndicationMark',$,IFCIDENTIFIER('Hormig\S\sn_B-1/82'),$);
#7977= IFCPROPERTYSET('0cuRC6hzrC3ufg7dQpc3xD',#5,'AISC_EM11_Pset_PieceIdentification','PieceIdentity',(#6094,#7976,#424,#700));
#7978= IFCOWNERHISTORY(#3,#4,$,.NOCHANGE.,$,$,$,1774036800);
#7979= IFCCARTESIANPOINT((84999.9994506836,0.210482605201832,56850.0000011273));
#7980= IFCAXIS2PLACEMENT3D(#7979,#9,#8);
#7981= IFCLOCALPLACEMENT(#7023,#7980);
#7982= IFCRECTANGLEHOLLOWPROFILEDEF(.AREA.,'[]350*25',#73,350.,350.,25.,25.,50.);
#7983= IFCCARTESIANPOINT((0.,0.,52799.9999988727));
#7984= IFCAXIS2PLACEMENT3D(#7983,#57,#8);
#7985= IFCEXTRUDEDAREASOLID(#7982,#7984,#9,52800.);
#7986= IFCSHAPEREPRESENTATION(#12,'Body','SweptSolid',(#7985));
#7987= IFCPRODUCTDEFINITIONSHAPE($,$,(#7986));
#7988= IFCCOLUMN('3TcGTELtz7Qv0nyS_MIiA$',#7978,'main piece','[]350*25','[]350*25',#7981,#7987,'c/25');
#7989= IFCPROPERTYSINGLEVALUE('IndicationMark',$,IFCIDENTIFIER('c/25'),$);
#7990= IFCPROPERTYSET('3qKPdAx7LAcxhZgXzCLKSs',#5,'AISC_EM11_Pset_PieceIdentification','PieceIdentity',(#6421,#7989,#424,#700));
#7991= IFCCARTESIANPOINT((16999.999851085,0.210482605201832,56850.0000011273));
#7992= IFCAXIS2PLACEMENT3D(#7991,#9,#8);
#7993= IFCLOCALPLACEMENT(#6708,#7992);
#7994= IFCSHAPEREPRESENTATION(#12,'Body','SweptSolid',(#7985));
#7995= IFCPRODUCTDEFINITIONSHAPE($,$,(#7994));
#7996= IFCCOLUMN('08sdNbRv1FdAxjsAKIKfLg',#7978,'main piece','[]350*25','[]350*25',#7993,#7995,'c/25');
#7997= IFCCARTESIANPOINT((84999.9994506836,25500.2104826052,56850.));
#7998= IFCAXIS2PLACEMENT3D(#7997,#9,#8);
#7999= IFCLOCALPLACEMENT(#7155,#7998);
#8000= IFCSHAPEREPRESENTATION(#12,'Body','SweptSolid',(#7985));
#8001= IFCPRODUCTDEFINITIONSHAPE($,$,(#8000));
#8002= IFCCOLUMN('0SvzNcOZXCXPvGfNu24d8q',#7978,'main piece','[]350*25','[]350*25',#7999,#8001,'c/25');
#8003= IFCCARTESIANPOINT((16999.9994506836,25500.2104826052,56850.));
#8004= IFCAXIS2PLACEMENT3D(#8003,#9,#8);
#8005= IFCLOCALPLACEMENT(#6901,#8004);
#8006= IFCSHAPEREPRESENTATION(#12,'Body','SweptSolid',(#7985));
#8007= IFCPRODUCTDEFINITIONSHAPE($,$,(#8006));
#8008= IFCCOLUMN('3WXfITeBf2HBg90ulghqiv',#7978,'main piece','[]350*25','[]350*25',#8005,#8007,'c/25');
#8009= IFCOWNERHISTORY(#3,#4,$,.NOCHANGE.,$,$,$,1764183600);
#8010= IFCLOCALPLACEMENT(#42,#10);
#8011= IFCELEMENTASSEMBLY('3sWHdqJGzErxQOjb2d9njV',#8009,'BEAM',$,$,#8010,$,'B/924',.NOTDEFINED.,.RIGID_FRAME.);
#8012= IFCPROPERTYSINGLEVALUE('AssemblyMark',$,IFCIDENTIFIER('B/924'),$);
#8013= IFCPROPERTYSET('2y2G43q2D59PVgEzkqX67O',#5,'AISC_EM11_Pset_AssemblyIdentification','AssemblyIdentity',(#8012,#52,#53));
#8014= IFCCARTESIANPOINT((86063.2969970703,-1710.50453569072,56770.));
#8015= IFCAXIS2PLACEMENT3D(#8014,#57,#8);
#8016= IFCLOCALPLACEMENT(#8010,#8015);
#8017= IFCCARTESIANPOINT((28924.008846283,0.,0.));
#8018= IFCAXIS2PLACEMENT3D(#8017,#4320,#740);
#8019= IFCEXTRUDEDAREASOLID(#7642,#8018,#9,28924.01);
#8020= IFCSHAPEREPRESENTATION(#12,'Body','SweptSolid',(#8019));
#8021= IFCPRODUCTDEFINITIONSHAPE($,$,(#8020));
#8022= IFCBEAM('0jnKjLnwb3aAYy6Gj2wU6L',#8009,'main piece','UPN160','UPN160',#8016,#8021,'b/820');
#8023= IFCPROPERTYSINGLEVALUE('IndicationMark',$,IFCIDENTIFIER('b/820'),$);
#8024= IFCPROPERTYSET('2sukm1yXz82A4MlCD38uDo',#5,'AISC_EM11_Pset_PieceIdentification','PieceIdentity',(#6094,#8023,#424,#700));
#8025= IFCLOCALPLACEMENT(#42,#10);
#8026= IFCELEMENTASSEMBLY('0EIATpE5PCBfzmAQeNKOTH',#8009,'BEAM',$,$,#8025,$,'B/888',.NOTDEFINED.,.RIGID_FRAME.);
#8027= IFCPROPERTYSINGLEVALUE('AssemblyMark',$,IFCIDENTIFIER('B/888'),$);
#8028= IFCPROPERTYSET('3_JMIpjHX7a9MnC0Fl$53t',#5,'AISC_EM11_Pset_AssemblyIdentification','AssemblyIdentity',(#8027,#52,#53));
#8029= IFCCARTESIANPOINT((15901.7006988525,-1745.50438310283,56770.));
#8030= IFCAXIS2PLACEMENT3D(#8029,#57,#7);
#8031= IFCLOCALPLACEMENT(#8025,#8030);
#8032= IFCCARTESIANPOINT((70196.5999603271,0.,0.));
#8033= IFCAXIS2PLACEMENT3D(#8032,#4320,#740);
#8034= IFCEXTRUDEDAREASOLID(#7642,#8033,#9,70196.6);
#8035= IFCSHAPEREPRESENTATION(#12,'Body','SweptSolid',(#8034));
#8036= IFCPRODUCTDEFINITIONSHAPE($,$,(#8035));
#8037= IFCBEAM('1qAje2JWv56O1XdcumwIFn',#8009,'main piece','UPN160','UPN160',#8031,#8036,'b/783');
#8038= IFCPROPERTYSINGLEVALUE('IndicationMark',$,IFCIDENTIFIER('b/783'),$);
#8039= IFCPROPERTYSET('2D7vTjMofCEfIJTWhyvPLe',#5,'AISC_EM11_Pset_PieceIdentification','PieceIdentity',(#6094,#8038,#424,#700));
#8040= IFCLOCALPLACEMENT(#42,#10);
#8041= IFCELEMENTASSEMBLY('1Tr7GVfUD7exPU5cuj9PsG',#8009,'BEAM',$,$,#8040,$,'B/923',.NOTDEFINED.,.RIGID_FRAME.);
#8042= IFCPROPERTYSINGLEVALUE('AssemblyMark',$,IFCIDENTIFIER('B/923'),$);
#8043= IFCPROPERTYSET('2GDgE50of4PhUj7W3$ZO1U',#5,'AISC_EM11_Pset_AssemblyIdentification','AssemblyIdentity',(#8042,#52,#53));
#8044= IFCCARTESIANPOINT((15936.7005462646,27210.5059585415,56770.));
#8045= IFCAXIS2PLACEMENT3D(#8044,#57,#740);
#8046= IFCLOCALPLACEMENT(#8040,#8045);
#8047= IFCCARTESIANPOINT((28921.0104942322,0.,0.));
#8048= IFCAXIS2PLACEMENT3D(#8047,#4320,#740);
#8049= IFCEXTRUDEDAREASOLID(#7642,#8048,#9,28921.01);
#8050= IFCSHAPEREPRESENTATION(#12,'Body','SweptSolid',(#8049));
#8051= IFCPRODUCTDEFINITIONSHAPE($,$,(#8050));
#8052= IFCBEAM('1r5Fao9L1CJ9trUmU6V0yi',#8009,'main piece','UPN160','UPN160',#8046,#8051,'b/819');
#8053= IFCPROPERTYSINGLEVALUE('IndicationMark',$,IFCIDENTIFIER('b/819'),$);
#8054= IFCPROPERTYSET('3bRKAg6SnEC86C8iOjHIUJ',#5,'AISC_EM11_Pset_PieceIdentification','PieceIdentity',(#6094,#8053,#424,#700));
#8055= IFCLOCALPLACEMENT(#42,#10);
#8056= IFCELEMENTASSEMBLY('009FzRGbT7av$iqZjUy0FE',#8009,'BEAM',$,$,#8055,$,'B/937',.NOTDEFINED.,.RIGID_FRAME.);
#8057= IFCPROPERTYSINGLEVALUE('AssemblyMark',$,IFCIDENTIFIER('B/937'),$);
#8058= IFCPROPERTYSET('0HPWiJy9bAwfRSaXo1kR0h',#5,'AISC_EM11_Pset_AssemblyIdentification','AssemblyIdentity',(#8057,#52,#53));
#8059= IFCCARTESIANPOINT((83637.4991149902,-194.830898300579,56770.));
#8060= IFCDIRECTION((0.00159451399961886,-0.999998728761745,0.));
#8061= IFCAXIS2PLACEMENT3D(#8059,#9,#8060);
#8062= IFCLOCALPLACEMENT(#8055,#8061);
#8063= IFCISHAPEPROFILEDEF(.AREA.,'IPE160',#73,82.,160.,5.,7.400000095,9.);
#8064= IFCCARTESIANPOINT((1567.8759479166,0.,0.));
#8065= IFCAXIS2PLACEMENT3D(#8064,#4320,#740);
#8066= IFCEXTRUDEDAREASOLID(#8063,#8065,#9,1567.88);
#8067= IFCSHAPEREPRESENTATION(#12,'Body','SweptSolid',(#8066));
#8068= IFCPRODUCTDEFINITIONSHAPE($,$,(#8067));
#8069= IFCBEAM('3PIOwU$9f6YhEkKqiYEun3',#8009,'main piece','IPE160','IPE160',#8062,#8068,'b/833');
#8070= IFCPROPERTYSINGLEVALUE('IndicationMark',$,IFCIDENTIFIER('b/833'),$);
#8071= IFCPROPERTYSET('3Qp$SPlwz0oQBN7MhOZP$8',#5,'AISC_EM11_Pset_PieceIdentification','PieceIdentity',(#6094,#8070,#424,#700));
#8072= IFCLOCALPLACEMENT(#42,#10);
#8073= IFCELEMENTASSEMBLY('3$ErFayR192B_topZxO19o',#8009,'BEAM',$,$,#8072,$,'B/930',.NOTDEFINED.,.RIGID_FRAME.);
#8074= IFCPROPERTYSINGLEVALUE('AssemblyMark',$,IFCIDENTIFIER('B/930'),$);
#8075= IFCPROPERTYSET('1YbqGABV19s86uaxICPnLm',#5,'AISC_EM11_Pset_AssemblyIdentification','AssemblyIdentity',(#8074,#52,#53));
#8076= IFCCARTESIANPOINT((81220.0009460449,-190.791133896282,56770.));
#8077= IFCDIRECTION((-2.53499999550147E-06,-0.999999999996787,0.));
#8078= IFCAXIS2PLACEMENT3D(#8076,#9,#8077);
#8079= IFCLOCALPLACEMENT(#8072,#8078);
#8080= IFCCARTESIANPOINT((1504.71401215084,0.,0.));
#8081= IFCAXIS2PLACEMENT3D(#8080,#4320,#740);
#8082= IFCEXTRUDEDAREASOLID(#8063,#8081,#9,1504.71);
#8083= IFCSHAPEREPRESENTATION(#12,'Body','SweptSolid',(#8082));
#8084= IFCPRODUCTDEFINITIONSHAPE($,$,(#8083));
#8085= IFCBEAM('3aplWtyOz2Iw$nUL4jgRTt',#8009,'main piece','IPE160','IPE160',#8079,#8084,'b/826');
#8086= IFCPROPERTYSINGLEVALUE('IndicationMark',$,IFCIDENTIFIER('b/826'),$);
#8087= IFCPROPERTYSET('3C246cxm15rRwRi0hdS6gP',#5,'AISC_EM11_Pset_PieceIdentification','PieceIdentity',(#6094,#8086,#424,#700));
#8088= IFCLOCALPLACEMENT(#42,#10);
#8089= IFCELEMENTASSEMBLY('2fZNCT8gX2ChoROFb85Jhh',#8009,'BEAM',$,$,#8088,$,'B/920',.NOTDEFINED.,.RIGID_FRAME.);
#8090= IFCPROPERTYSINGLEVALUE('AssemblyMark',$,IFCIDENTIFIER('B/920'),$);
#8091= IFCPROPERTYSET('1ncS8Hlcf3rOD6KESyYBKm',#5,'AISC_EM11_Pset_AssemblyIdentification','AssemblyIdentity',(#8090,#52,#53));
#8092= IFCCARTESIANPOINT((78799.9989624023,-1095.45326615947,56770.));
#8093= IFCAXIS2PLACEMENT3D(#8092,#9,#740);
#8094= IFCLOCALPLACEMENT(#8088,#8093);
#8095= IFCCARTESIANPOINT((600.051879882813,0.,0.));
#8096= IFCAXIS2PLACEMENT3D(#8095,#4320,#740);
#8097= IFCEXTRUDEDAREASOLID(#8063,#8096,#9,600.05);
#8098= IFCSHAPEREPRESENTATION(#12,'Body','SweptSolid',(#8097));
#8099= IFCPRODUCTDEFINITIONSHAPE($,$,(#8098));
#8100= IFCBEAM('0OVpctdWT01xSxzw_xIXj$',#8009,'main piece','IPE160','IPE160',#8094,#8099,'b/816');
#8101= IFCPROPERTYSINGLEVALUE('IndicationMark',$,IFCIDENTIFIER('b/816'),$);
#8102= IFCPROPERTYSET('21pOJEyXzA6hWq0yQE7Vtw',#5,'AISC_EM11_Pset_PieceIdentification','PieceIdentity',(#6094,#8101,#424,#700));
#8103= IFCLOCALPLACEMENT(#42,#10);
#8104= IFCELEMENTASSEMBLY('0Ci8sRmcr8YPu5O9_lq4RB',#8009,'BEAM',$,$,#8103,$,'B/920',.NOTDEFINED.,.RIGID_FRAME.);
#8105= IFCCARTESIANPOINT((76500.0035400391,-1095.74127580302,56770.));
#8106= IFCAXIS2PLACEMENT3D(#8105,#9,#740);
#8107= IFCLOCALPLACEMENT(#8103,#8106);
#8108= IFCCARTESIANPOINT((599.763870239258,0.,0.));
#8109= IFCAXIS2PLACEMENT3D(#8108,#4320,#740);
#8110= IFCEXTRUDEDAREASOLID(#8063,#8109,#9,599.76);
#8111= IFCSHAPEREPRESENTATION(#12,'Body','SweptSolid',(#8110));
#8112= IFCPRODUCTDEFINITIONSHAPE($,$,(#8111));
#8113= IFCBEAM('2AhvoEYjn9BxAGk_w9yk0G',#8009,'main piece','IPE160','IPE160',#8107,#8112,'b/816');
#8114= IFCLOCALPLACEMENT(#42,#10);
#8115= IFCELEMENTASSEMBLY('3xSdqzEqP7dORUzSTMaNvF',#8009,'BEAM',$,$,#8114,$,'B/920',.NOTDEFINED.,.RIGID_FRAME.);
#8116= IFCCARTESIANPOINT((74375.0035400391,-1095.69549943583,56770.));
#8117= IFCAXIS2PLACEMENT3D(#8116,#9,#740);
#8118= IFCLOCALPLACEMENT(#8114,#8117);
#8119= IFCCARTESIANPOINT((599.809646606445,0.,0.));
#8120= IFCAXIS2PLACEMENT3D(#8119,#4320,#740);
#8121= IFCEXTRUDEDAREASOLID(#8063,#8120,#9,599.81);
#8122= IFCSHAPEREPRESENTATION(#12,'Body','SweptSolid',(#8121));
#8123= IFCPRODUCTDEFINITIONSHAPE($,$,(#8122));
#8124= IFCBEAM('0jc0USlcz5KA44j$LfyR_e',#8009,'main piece','IPE160','IPE160',#8118,#8123,'b/816');
#8125= IFCLOCALPLACEMENT(#42,#10);
#8126= IFCELEMENTASSEMBLY('3wp3_omOf1FP2kEd2NRi4D',#8009,'BEAM',$,$,#8125,$,'B/920',.NOTDEFINED.,.RIGID_FRAME.);
#8127= IFCCARTESIANPOINT((72250.0035400391,-1095.6993141331,56770.));
#8128= IFCAXIS2PLACEMENT3D(#8127,#9,#740);
#8129= IFCLOCALPLACEMENT(#8125,#8128);
#8130= IFCCARTESIANPOINT((599.80583190918,0.,0.));
#8131= IFCAXIS2PLACEMENT3D(#8130,#4320,#740);
#8132= IFCEXTRUDEDAREASOLID(#8063,#8131,#9,599.81);
#8133= IFCSHAPEREPRESENTATION(#12,'Body','SweptSolid',(#8132));
#8134= IFCPRODUCTDEFINITIONSHAPE($,$,(#8133));
#8135= IFCBEAM('3ipRB4aab9AAQt$1BR47Il',#8009,'main piece','IPE160','IPE160',#8129,#8134,'b/816');
#8136= IFCLOCALPLACEMENT(#42,#10);
#8137= IFCELEMENTASSEMBLY('1gjHF4skbEoBIjL5RQhWAO',#8009,'BEAM',$,$,#8136,$,'B/920',.NOTDEFINED.,.RIGID_FRAME.);
#8138= IFCCARTESIANPOINT((70125.0035400391,-1695.50514604228,56770.));
#8139= IFCAXIS2PLACEMENT3D(#8138,#9,#8);
#8140= IFCLOCALPLACEMENT(#8136,#8139);
#8141= IFCCARTESIANPOINT((599.802017211914,0.,0.));
#8142= IFCAXIS2PLACEMENT3D(#8141,#4320,#740);
#8143= IFCEXTRUDEDAREASOLID(#8063,#8142,#9,599.8);
#8144= IFCSHAPEREPRESENTATION(#12,'Body','SweptSolid',(#8143));
#8145= IFCPRODUCTDEFINITIONSHAPE($,$,(#8144));
#8146= IFCBEAM('1d7jESL2rDKePtL3zg1p9x',#8009,'main piece','IPE160','IPE160',#8140,#8145,'b/816');
#8147= IFCLOCALPLACEMENT(#42,#10);
#8148= IFCELEMENTASSEMBLY('3wa8b9neXDxeWbkLB_FXSd',#8009,'BEAM',$,$,#8147,$,'B/920',.NOTDEFINED.,.RIGID_FRAME.);
#8149= IFCCARTESIANPOINT((68000.,-1095.89863206523,56770.));
#8150= IFCAXIS2PLACEMENT3D(#8149,#9,#740);
#8151= IFCLOCALPLACEMENT(#8147,#8150);
#8152= IFCCARTESIANPOINT((599.606513977051,0.,0.));
#8153= IFCAXIS2PLACEMENT3D(#8152,#4320,#740);
#8154= IFCEXTRUDEDAREASOLID(#8063,#8153,#9,599.61);
#8155= IFCSHAPEREPRESENTATION(#12,'Body','SweptSolid',(#8154));
#8156= IFCPRODUCTDEFINITIONSHAPE($,$,(#8155));
#8157= IFCBEAM('3l$PEh7r55z9O8e3C1_0sv',#8009,'main piece','IPE160','IPE160',#8151,#8156,'b/816');
#8158= IFCLOCALPLACEMENT(#42,#10);
#8159= IFCELEMENTASSEMBLY('2co_Ik6Tv0dehJjxiISFwB',#8009,'BEAM',$,$,#8158,$,'B/920',.NOTDEFINED.,.RIGID_FRAME.);
#8160= IFCCARTESIANPOINT((65875.0035400391,-1095.7107582249,56770.));
#8161= IFCAXIS2PLACEMENT3D(#8160,#9,#740);
#8162= IFCLOCALPLACEMENT(#8158,#8161);
#8163= IFCCARTESIANPOINT((599.794387817383,0.,0.));
#8164= IFCAXIS2PLACEMENT3D(#8163,#4320,#740);
#8165= IFCEXTRUDEDAREASOLID(#8063,#8164,#9,599.79);
#8166= IFCSHAPEREPRESENTATION(#12,'Body','SweptSolid',(#8165));
#8167= IFCPRODUCTDEFINITIONSHAPE($,$,(#8166));
#8168= IFCBEAM('3K4Yo0HqHBbQZ8Kz7ePCJ6',#8009,'main piece','IPE160','IPE160',#8162,#8167,'b/816');
#8169= IFCLOCALPLACEMENT(#42,#10);
#8170= IFCELEMENTASSEMBLY('1aXRyX2w5DehX2sTC$xUiz',#8009,'BEAM',$,$,#8169,$,'B/920',.NOTDEFINED.,.RIGID_FRAME.);
#8171= IFCCARTESIANPOINT((63749.5228881836,-1095.76225663798,56770.));
#8172= IFCAXIS2PLACEMENT3D(#8171,#9,#740);
#8173= IFCLOCALPLACEMENT(#8169,#8172);
#8174= IFCCARTESIANPOINT((599.742889404297,0.,0.));
#8175= IFCAXIS2PLACEMENT3D(#8174,#4320,#740);
#8176= IFCEXTRUDEDAREASOLID(#8063,#8175,#9,599.74);
#8177= IFCSHAPEREPRESENTATION(#12,'Body','SweptSolid',(#8176));
#8178= IFCPRODUCTDEFINITIONSHAPE($,$,(#8177));
#8179= IFCBEAM('2JmbZTgmPAZuZ7Hg1QdKDX',#8009,'main piece','IPE160','IPE160',#8173,#8178,'b/816');
#8180= IFCLOCALPLACEMENT(#42,#10);
#8181= IFCELEMENTASSEMBLY('1AICMGuTD4eOAL63WRX8By',#8009,'BEAM',$,$,#8180,$,'B/920',.NOTDEFINED.,.RIGID_FRAME.);
#8182= IFCCARTESIANPOINT((61625.0035400391,-1095.76607133525,56770.));
#8183= IFCAXIS2PLACEMENT3D(#8182,#9,#740);
#8184= IFCLOCALPLACEMENT(#8180,#8183);
#8185= IFCCARTESIANPOINT((599.739074707031,0.,0.));
#8186= IFCAXIS2PLACEMENT3D(#8185,#4320,#740);
#8187= IFCEXTRUDEDAREASOLID(#8063,#8186,#9,599.74);
#8188= IFCSHAPEREPRESENTATION(#12,'Body','SweptSolid',(#8187));
#8189= IFCPRODUCTDEFINITIONSHAPE($,$,(#8188));
#8190= IFCBEAM('0S49tkDJf6jPb$CDWXBoeS',#8009,'main piece','IPE160','IPE160',#8184,#8189,'b/816');
#8191= IFCLOCALPLACEMENT(#42,#10);
#8192= IFCELEMENTASSEMBLY('2Fpqrpmer4zvRS8itua1Sy',#8009,'BEAM',$,$,#8191,$,'B/920',.NOTDEFINED.,.RIGID_FRAME.);
#8193= IFCCARTESIANPOINT((59500.,-1095.89863206523,56770.));
#8194= IFCAXIS2PLACEMENT3D(#8193,#9,#740);
#8195= IFCLOCALPLACEMENT(#8191,#8194);
#8196= IFCSHAPEREPRESENTATION(#12,'Body','SweptSolid',(#8154));
#8197= IFCPRODUCTDEFINITIONSHAPE($,$,(#8196));
#8198= IFCBEAM('0nvh1zsTH82PTbK6HAd7cM',#8009,'main piece','IPE160','IPE160',#8195,#8197,'b/816');
#8199= IFCLOCALPLACEMENT(#42,#10);
#8200= IFCELEMENTASSEMBLY('2GmLR$rcj39xNDKeDpTSjv',#8009,'BEAM',$,$,#8199,$,'B/920',.NOTDEFINED.,.RIGID_FRAME.);
#8201= IFCCARTESIANPOINT((57374.9997253418,-1095.77370072978,56770.));
#8202= IFCAXIS2PLACEMENT3D(#8201,#9,#740);
#8203= IFCLOCALPLACEMENT(#8199,#8202);
#8204= IFCCARTESIANPOINT((599.7314453125,0.,0.));
#8205= IFCAXIS2PLACEMENT3D(#8204,#4320,#740);
#8206= IFCEXTRUDEDAREASOLID(#8063,#8205,#9,599.73);
#8207= IFCSHAPEREPRESENTATION(#12,'Body','SweptSolid',(#8206));
#8208= IFCPRODUCTDEFINITIONSHAPE($,$,(#8207));
#8209= IFCBEAM('2BvA15RrzBq9lNjqdfuBwn',#8009,'main piece','IPE160','IPE160',#8203,#8208,'b/816');
#8210= IFCLOCALPLACEMENT(#42,#10);
#8211= IFCELEMENTASSEMBLY('2xCztgUGb8Hv$ahyImQQwN',#8009,'BEAM',$,$,#8210,$,'B/920',.NOTDEFINED.,.RIGID_FRAME.);
#8212= IFCCARTESIANPOINT((55249.9997253418,-1095.77751542704,56770.));
#8213= IFCAXIS2PLACEMENT3D(#8212,#9,#740);
#8214= IFCLOCALPLACEMENT(#8210,#8213);
#8215= IFCCARTESIANPOINT((599.727630615234,0.,0.));
#8216= IFCAXIS2PLACEMENT3D(#8215,#4320,#740);
#8217= IFCEXTRUDEDAREASOLID(#8063,#8216,#9,599.73);
#8218= IFCSHAPEREPRESENTATION(#12,'Body','SweptSolid',(#8217));
#8219= IFCPRODUCTDEFINITIONSHAPE($,$,(#8218));
#8220= IFCBEAM('1acXCE_W95fQok9XRHdGXJ',#8009,'main piece','IPE160','IPE160',#8214,#8219,'b/816');
#8221= IFCLOCALPLACEMENT(#42,#10);
#8222= IFCELEMENTASSEMBLY('3G3NvRjhv6fPp9HdUfU2EH',#8009,'BEAM',$,$,#8221,$,'B/920',.NOTDEFINED.,.RIGID_FRAME.);
#8223= IFCCARTESIANPOINT((53124.9997253418,-1095.73173905986,56770.));
#8224= IFCAXIS2PLACEMENT3D(#8223,#9,#740);
#8225= IFCLOCALPLACEMENT(#8221,#8224);
#8226= IFCCARTESIANPOINT((599.773406982422,0.,0.));
#8227= IFCAXIS2PLACEMENT3D(#8226,#4320,#740);
#8228= IFCEXTRUDEDAREASOLID(#8063,#8227,#9,599.77);
#8229= IFCSHAPEREPRESENTATION(#12,'Body','SweptSolid',(#8228));
#8230= IFCPRODUCTDEFINITIONSHAPE($,$,(#8229));
#8231= IFCBEAM('36lGNtWDfFd8DQJJEzvOaA',#8009,'main piece','IPE160','IPE160',#8225,#8230,'b/816');
#8232= IFCLOCALPLACEMENT(#42,#10);
#8233= IFCELEMENTASSEMBLY('3t$kvdHtPDaw9ry3s9Cv54',#8009,'BEAM',$,$,#8232,$,'B/920',.NOTDEFINED.,.RIGID_FRAME.);
#8234= IFCCARTESIANPOINT((50999.9987716675,-1095.89863206523,56770.));
#8235= IFCAXIS2PLACEMENT3D(#8234,#9,#4168);
#8236= IFCLOCALPLACEMENT(#8232,#8235);
#8237= IFCSHAPEREPRESENTATION(#12,'Body','SweptSolid',(#8154));
#8238= IFCPRODUCTDEFINITIONSHAPE($,$,(#8237));
#8239= IFCBEAM('3YWmpI7sT3BObui8qGxn3j',#8009,'main piece','IPE160','IPE160',#8236,#8238,'b/816');
#8240= IFCLOCALPLACEMENT(#42,#10);
#8241= IFCELEMENTASSEMBLY('1lWNVEDmf499Ea7qUaLx1z',#8009,'BEAM',$,$,#8240,$,'B/920',.NOTDEFINED.,.RIGID_FRAME.);
#8242= IFCCARTESIANPOINT((48874.9997253418,-1695.50514604228,56770.));
#8243= IFCAXIS2PLACEMENT3D(#8242,#9,#8);
#8244= IFCLOCALPLACEMENT(#8240,#8243);
#8245= IFCCARTESIANPOINT((599.765777587891,0.,0.));
#8246= IFCAXIS2PLACEMENT3D(#8245,#4320,#740);
#8247= IFCEXTRUDEDAREASOLID(#8063,#8246,#9,599.77);
#8248= IFCSHAPEREPRESENTATION(#12,'Body','SweptSolid',(#8247));
#8249= IFCPRODUCTDEFINITIONSHAPE($,$,(#8248));
#8250= IFCBEAM('2o6zgM2Kv5Mu1DtgnM05Dp',#8009,'main piece','IPE160','IPE160',#8244,#8249,'b/816');
#8251= IFCLOCALPLACEMENT(#42,#10);
#8252= IFCELEMENTASSEMBLY('2NDHtfl_94HwRVOyJYK9Ga',#8009,'BEAM',$,$,#8251,$,'B/920',.NOTDEFINED.,.RIGID_FRAME.);
#8253= IFCCARTESIANPOINT((46749.9997253418,-1095.6878700413,56770.));
#8254= IFCAXIS2PLACEMENT3D(#8253,#9,#740);
#8255= IFCLOCALPLACEMENT(#8251,#8254);
#8256= IFCCARTESIANPOINT((599.817276000977,0.,0.));
#8257= IFCAXIS2PLACEMENT3D(#8256,#4320,#740);
#8258= IFCEXTRUDEDAREASOLID(#8063,#8257,#9,599.82);
#8259= IFCSHAPEREPRESENTATION(#12,'Body','SweptSolid',(#8258));
#8260= IFCPRODUCTDEFINITIONSHAPE($,$,(#8259));
#8261= IFCBEAM('1_ROygrJ9FZRGWCboIBgVN',#8009,'main piece','IPE160','IPE160',#8255,#8260,'b/816');
#8262= IFCLOCALPLACEMENT(#42,#10);
#8263= IFCELEMENTASSEMBLY('0xZBe7vEb8gBQRwcAaACjs',#8009,'BEAM',$,$,#8262,$,'B/920',.NOTDEFINED.,.RIGID_FRAME.);
#8264= IFCCARTESIANPOINT((44624.9997253418,-1695.50514604228,56770.));
#8265= IFCAXIS2PLACEMENT3D(#8264,#9,#8);
#8266= IFCLOCALPLACEMENT(#8262,#8265);
#8267= IFCCARTESIANPOINT((599.758148193359,0.,0.));
#8268= IFCAXIS2PLACEMENT3D(#8267,#4320,#740);
#8269= IFCEXTRUDEDAREASOLID(#8063,#8268,#9,599.76);
#8270= IFCSHAPEREPRESENTATION(#12,'Body','SweptSolid',(#8269));
#8271= IFCPRODUCTDEFINITIONSHAPE($,$,(#8270));
#8272= IFCBEAM('34NKt2bqb3vuHU8FD76i9o',#8009,'main piece','IPE160','IPE160',#8266,#8271,'b/816');
#8273= IFCLOCALPLACEMENT(#42,#10);
#8274= IFCELEMENTASSEMBLY('1sGzwx5rXB$eX_f4TjmTx6',#8009,'BEAM',$,$,#8273,$,'B/920',.NOTDEFINED.,.RIGID_FRAME.);
#8275= IFCCARTESIANPOINT((42499.7670288086,-1095.798496262,56770.));
#8276= IFCDIRECTION((0.000388474999827174,-0.999999924543584,0.));
#8277= IFCAXIS2PLACEMENT3D(#8275,#9,#8276);
#8278= IFCLOCALPLACEMENT(#8273,#8277);
#8279= IFCCARTESIANPOINT((599.70669503205,0.,0.));
#8280= IFCAXIS2PLACEMENT3D(#8279,#4320,#740);
#8281= IFCEXTRUDEDAREASOLID(#8063,#8280,#9,599.71);
#8282= IFCSHAPEREPRESENTATION(#12,'Body','SweptSolid',(#8281));
#8283= IFCPRODUCTDEFINITIONSHAPE($,$,(#8282));
#8284= IFCBEAM('11IfBsiGz29fIcP4PcgWyr',#8009,'main piece','IPE160','IPE160',#8278,#8283,'b/816');
#8285= IFCLOCALPLACEMENT(#42,#10);
#8286= IFCELEMENTASSEMBLY('1lF8$7Qhb6YApUs6$i78GA',#8009,'BEAM',$,$,#8285,$,'B/920',.NOTDEFINED.,.RIGID_FRAME.);
#8287= IFCCARTESIANPOINT((40374.9997253418,-1695.50514604228,56770.));
#8288= IFCAXIS2PLACEMENT3D(#8287,#9,#8);
#8289= IFCLOCALPLACEMENT(#8285,#8288);
#8290= IFCCARTESIANPOINT((599.702835083008,0.,0.));
#8291= IFCAXIS2PLACEMENT3D(#8290,#4320,#740);
#8292= IFCEXTRUDEDAREASOLID(#8063,#8291,#9,599.7);
#8293= IFCSHAPEREPRESENTATION(#12,'Body','SweptSolid',(#8292));
#8294= IFCPRODUCTDEFINITIONSHAPE($,$,(#8293));
#8295= IFCBEAM('2lyf_mo6X0XPV7Anj7OpOs',#8009,'main piece','IPE160','IPE160',#8289,#8294,'b/816');
#8296= IFCLOCALPLACEMENT(#42,#10);
#8297= IFCELEMENTASSEMBLY('0fgo0Qm4T0g9lwOrUclJkh',#8009,'BEAM',$,$,#8296,$,'B/920',.NOTDEFINED.,.RIGID_FRAME.);
#8298= IFCCARTESIANPOINT((38249.9997253418,-1095.80612565654,56770.));
#8299= IFCAXIS2PLACEMENT3D(#8298,#9,#740);
#8300= IFCLOCALPLACEMENT(#8296,#8299);
#8301= IFCCARTESIANPOINT((599.699020385742,0.,0.));
#8302= IFCAXIS2PLACEMENT3D(#8301,#4320,#740);
#8303= IFCEXTRUDEDAREASOLID(#8063,#8302,#9,599.7);
#8304= IFCSHAPEREPRESENTATION(#12,'Body','SweptSolid',(#8303));
#8305= IFCPRODUCTDEFINITIONSHAPE($,$,(#8304));
#8306= IFCBEAM('1VQfQYlaXFkRrIhFjo77sX',#8009,'main piece','IPE160','IPE160',#8300,#8305,'b/816');
#8307= IFCLOCALPLACEMENT(#42,#10);
#8308= IFCELEMENTASSEMBLY('2y3lbqPE13GhHI_zi$Rwzo',#8009,'BEAM',$,$,#8307,$,'B/920',.NOTDEFINED.,.RIGID_FRAME.);
#8309= IFCCARTESIANPOINT((36124.9997253418,-1695.50514604228,56770.));
#8310= IFCAXIS2PLACEMENT3D(#8309,#9,#8);
#8311= IFCLOCALPLACEMENT(#8307,#8310);
#8312= IFCSHAPEREPRESENTATION(#12,'Body','SweptSolid',(#8217));
#8313= IFCPRODUCTDEFINITIONSHAPE($,$,(#8312));
#8314= IFCBEAM('0yaU0jDsX5DwjNpCbPhDFi',#8009,'main piece','IPE160','IPE160',#8311,#8313,'b/816');
#8315= IFCLOCALPLACEMENT(#42,#10);
#8316= IFCELEMENTASSEMBLY('1YBlXSHdL44RMSeYfIVZJN',#8009,'BEAM',$,$,#8315,$,'B/920',.NOTDEFINED.,.RIGID_FRAME.);
#8317= IFCCARTESIANPOINT((33999.7670288086,-1095.76416398661,56770.));
#8318= IFCAXIS2PLACEMENT3D(#8317,#9,#8276);
#8319= IFCLOCALPLACEMENT(#8315,#8318);
#8320= IFCCARTESIANPOINT((599.741027304968,0.,7.27595761418343E-12));
#8321= IFCAXIS2PLACEMENT3D(#8320,#4320,#740);
#8322= IFCEXTRUDEDAREASOLID(#8063,#8321,#9,599.74);
#8323= IFCSHAPEREPRESENTATION(#12,'Body','SweptSolid',(#8322));
#8324= IFCPRODUCTDEFINITIONSHAPE($,$,(#8323));
#8325= IFCBEAM('1gNRDVdzP7Z94UoEKkAYNC',#8009,'main piece','IPE160','IPE160',#8319,#8324,'b/816');
#8326= IFCLOCALPLACEMENT(#42,#10);
#8327= IFCELEMENTASSEMBLY('34CxlKKUj0e8ysrIsPOMpI',#8009,'BEAM',$,$,#8326,$,'B/920',.NOTDEFINED.,.RIGID_FRAME.);
#8328= IFCCARTESIANPOINT((31874.9997253418,-1695.50514604228,56770.));
#8329= IFCAXIS2PLACEMENT3D(#8328,#9,#8);
#8330= IFCLOCALPLACEMENT(#8326,#8329);
#8331= IFCCARTESIANPOINT((599.687576293945,0.,0.));
#8332= IFCAXIS2PLACEMENT3D(#8331,#4320,#740);
#8333= IFCEXTRUDEDAREASOLID(#8063,#8332,#9,599.69);
#8334= IFCSHAPEREPRESENTATION(#12,'Body','SweptSolid',(#8333));
#8335= IFCPRODUCTDEFINITIONSHAPE($,$,(#8334));
#8336= IFCBEAM('20seW6ndL0ZAWlBKBwBIUb',#8009,'main piece','IPE160','IPE160',#8330,#8335,'b/816');
#8337= IFCLOCALPLACEMENT(#42,#10);
#8338= IFCELEMENTASSEMBLY('12WaT8pePBrxrilEAtVTW$',#8009,'BEAM',$,$,#8337,$,'B/920',.NOTDEFINED.,.RIGID_FRAME.);
#8339= IFCCARTESIANPOINT((29749.9997253418,-1095.77179338115,56770.));
#8340= IFCAXIS2PLACEMENT3D(#8339,#9,#740);
#8341= IFCLOCALPLACEMENT(#8337,#8340);
#8342= IFCCARTESIANPOINT((599.733352661133,0.,0.));
#8343= IFCAXIS2PLACEMENT3D(#8342,#4320,#740);
#8344= IFCEXTRUDEDAREASOLID(#8063,#8343,#9,599.73);
#8345= IFCSHAPEREPRESENTATION(#12,'Body','SweptSolid',(#8344));
#8346= IFCPRODUCTDEFINITIONSHAPE($,$,(#8345));
#8347= IFCBEAM('1whBCg1V5E4wQGG6RuOIo3',#8009,'main piece','IPE160','IPE160',#8341,#8346,'b/816');
#8348= IFCLOCALPLACEMENT(#42,#10);
#8349= IFCELEMENTASSEMBLY('3cJL7qeoL8vu_fCFu6D0Fz',#8009,'BEAM',$,$,#8348,$,'B/920',.NOTDEFINED.,.RIGID_FRAME.);
#8350= IFCCARTESIANPOINT((27624.9997253418,-1695.50514604228,56770.));
#8351= IFCAXIS2PLACEMENT3D(#8350,#9,#8);
#8352= IFCLOCALPLACEMENT(#8348,#8351);
#8353= IFCCARTESIANPOINT((599.679946899414,0.,0.));
#8354= IFCAXIS2PLACEMENT3D(#8353,#4320,#740);
#8355= IFCEXTRUDEDAREASOLID(#8063,#8354,#9,599.68);
#8356= IFCSHAPEREPRESENTATION(#12,'Body','SweptSolid',(#8355));
#8357= IFCPRODUCTDEFINITIONSHAPE($,$,(#8356));
#8358= IFCBEAM('0PT1vzEvn5VO$jSaye_wJf',#8009,'main piece','IPE160','IPE160',#8352,#8357,'b/816');
#8359= IFCLOCALPLACEMENT(#42,#10);
#8360= IFCELEMENTASSEMBLY('305BDocmPEFeANMiTRuUtp',#8009,'BEAM',$,$,#8359,$,'B/920',.NOTDEFINED.,.RIGID_FRAME.);
#8361= IFCCARTESIANPOINT((25499.9997253418,-1095.82901384013,56770.));
#8362= IFCAXIS2PLACEMENT3D(#8361,#9,#740);
#8363= IFCLOCALPLACEMENT(#8359,#8362);
#8364= IFCCARTESIANPOINT((599.676132202148,0.,0.));
#8365= IFCAXIS2PLACEMENT3D(#8364,#4320,#740);
#8366= IFCEXTRUDEDAREASOLID(#8063,#8365,#9,599.68);
#8367= IFCSHAPEREPRESENTATION(#12,'Body','SweptSolid',(#8366));
#8368= IFCPRODUCTDEFINITIONSHAPE($,$,(#8367));
#8369= IFCBEAM('0ScagwAObFqOxLa0mZixyr',#8009,'main piece','IPE160','IPE160',#8363,#8368,'b/816');
#8370= IFCLOCALPLACEMENT(#42,#10);
#8371= IFCELEMENTASSEMBLY('2Wed4u$gf29Q0UjGONF9Kx',#8009,'BEAM',$,$,#8370,$,'B/920',.NOTDEFINED.,.RIGID_FRAME.);
#8372= IFCCARTESIANPOINT((23200.0004882813,-1695.50514604228,56770.));
#8373= IFCAXIS2PLACEMENT3D(#8372,#9,#8);
#8374= IFCLOCALPLACEMENT(#8370,#8373);
#8375= IFCCARTESIANPOINT((599.721908569336,0.,0.));
#8376= IFCAXIS2PLACEMENT3D(#8375,#4320,#740);
#8377= IFCEXTRUDEDAREASOLID(#8063,#8376,#9,599.72);
#8378= IFCSHAPEREPRESENTATION(#12,'Body','SweptSolid',(#8377));
#8379= IFCPRODUCTDEFINITIONSHAPE($,$,(#8378));
#8380= IFCBEAM('1WO7af6HnDTBW25csghORV',#8009,'main piece','IPE160','IPE160',#8374,#8379,'b/816');
#8381= IFCLOCALPLACEMENT(#42,#10);
#8382= IFCELEMENTASSEMBLY('2z3BkTR3jEbh65$8_2xACJ',#8009,'BEAM',$,$,#8381,$,'B/931',.NOTDEFINED.,.RIGID_FRAME.);
#8383= IFCPROPERTYSINGLEVALUE('AssemblyMark',$,IFCIDENTIFIER('B/931'),$);
#8384= IFCPROPERTYSET('0euXMYBkzALvJB4qzTTgQe',#5,'AISC_EM11_Pset_AssemblyIdentification','AssemblyIdentity',(#8383,#52,#53));
#8385= IFCCARTESIANPOINT((20779.3159808727,-174.960948074327,56770.));
#8386= IFCDIRECTION((0.000450121999861736,-0.999999898695088,0.));
#8387= IFCAXIS2PLACEMENT3D(#8385,#9,#8386);
#8388= IFCLOCALPLACEMENT(#8381,#8387);
#8389= IFCCARTESIANPOINT((1520.54435200683,-8.24288744903185E-17,-7.27595761418343E-12));
#8390= IFCAXIS2PLACEMENT3D(#8389,#4320,#740);
#8391= IFCEXTRUDEDAREASOLID(#8063,#8390,#9,1520.54);
#8392= IFCSHAPEREPRESENTATION(#12,'Body','SweptSolid',(#8391));
#8393= IFCPRODUCTDEFINITIONSHAPE($,$,(#8392));
#8394= IFCBEAM('0ACF7uODj8ShoDhK5AqV$K',#8009,'main piece','IPE160','IPE160',#8388,#8393,'b/827');
#8395= IFCPROPERTYSINGLEVALUE('IndicationMark',$,IFCIDENTIFIER('b/827'),$);
#8396= IFCPROPERTYSET('0kzDyV2bf6bQakTiXISS0r',#5,'AISC_EM11_Pset_PieceIdentification','PieceIdentity',(#6094,#8395,#424,#700));
#8397= IFCLOCALPLACEMENT(#42,#10);
#8398= IFCELEMENTASSEMBLY('3afEmyfN19hgxNxiFwAePF',#8009,'BEAM',$,$,#8397,$,'B/931',.NOTDEFINED.,.RIGID_FRAME.);
#8399= IFCCARTESIANPOINT((18360.0003356934,-1695.45269395488,56770.));
#8400= IFCDIRECTION((-0.00158785000057957,0.999998739365393,0.));
#8401= IFCAXIS2PLACEMENT3D(#8399,#9,#8400);
#8402= IFCLOCALPLACEMENT(#8397,#8401);
#8403= IFCCARTESIANPOINT((1520.73765775589,0.,-7.27595761418343E-12));
#8404= IFCAXIS2PLACEMENT3D(#8403,#4320,#740);
#8405= IFCEXTRUDEDAREASOLID(#8063,#8404,#9,1520.74);
#8406= IFCSHAPEREPRESENTATION(#12,'Body','SweptSolid',(#8405));
#8407= IFCPRODUCTDEFINITIONSHAPE($,$,(#8406));
#8408= IFCBEAM('2eY8OVVrrEMxHZLlvRl3Kg',#8009,'main piece','IPE160','IPE160',#8402,#8407,'b/827');
#8409= IFCLOCALPLACEMENT(#42,#10);
#8410= IFCELEMENTASSEMBLY('3dL7IsdAf9gPmuP9Ptfaq_',#8009,'BEAM',$,$,#8409,$,'B/918',.NOTDEFINED.,.RIGID_FRAME.);
#8411= IFCPROPERTYSINGLEVALUE('AssemblyMark',$,IFCIDENTIFIER('B/918'),$);
#8412= IFCPROPERTYSET('1Xz$EbXHf3ZuSnTK3OtYy2',#5,'AISC_EM11_Pset_AssemblyIdentification','AssemblyIdentity',(#8411,#52,#53));
#8413= IFCCARTESIANPOINT((17000.,0.,56750.));
#8414= IFCDIRECTION((-0.520367804992494,-0.853942238987681,0.));
#8415= IFCAXIS2PLACEMENT3D(#8413,#9,#8414);
#8416= IFCLOCALPLACEMENT(#8409,#8415);
#8417= IFCISHAPEPROFILEDEF(.AREA.,'IPE200',#73,100.,200.,5.599999905,8.5,12.);
#8418= IFCCARTESIANPOINT((1990.20469147722,0.,0.));
#8419= IFCAXIS2PLACEMENT3D(#8418,#4320,#740);
#8420= IFCEXTRUDEDAREASOLID(#8417,#8419,#9,1990.2);
#8421= IFCSHAPEREPRESENTATION(#12,'Body','SweptSolid',(#8420));
#8422= IFCPRODUCTDEFINITIONSHAPE($,$,(#8421));
#8423= IFCBEAM('0EksNPOKH8L92CiG5ZhFeA',#8009,'main piece','IPE200','IPE200',#8416,#8422,'b/814');
#8424= IFCPROPERTYSINGLEVALUE('IndicationMark',$,IFCIDENTIFIER('b/814'),$);
#8425= IFCPROPERTYSET('185mEHImnD4waomo4zyQeq',#5,'AISC_EM11_Pset_PieceIdentification','PieceIdentity',(#6094,#8424,#424,#700));
#8426= IFCLOCALPLACEMENT(#42,#10);
#8427= IFCELEMENTASSEMBLY('3G0tPZEefAsxfrCfW47LgL',#8009,'BEAM',$,$,#8426,$,'B/915',.NOTDEFINED.,.RIGID_FRAME.);
#8428= IFCPROPERTYSINGLEVALUE('AssemblyMark',$,IFCIDENTIFIER('B/915'),$);
#8429= IFCPROPERTYSET('2BlHw$rfP0DvbJIRMmOIet',#5,'AISC_EM11_Pset_AssemblyIdentification','AssemblyIdentity',(#8428,#52,#53));
#8430= IFCCARTESIANPOINT((16774.9993438721,-3.83036422135774E-06,56750.));
#8431= IFCAXIS2PLACEMENT3D(#8430,#9,#4320);
#8432= IFCLOCALPLACEMENT(#8426,#8431);
#8433= IFCCARTESIANPOINT((788.299560546875,0.,0.));
#8434= IFCAXIS2PLACEMENT3D(#8433,#4320,#740);
#8435= IFCEXTRUDEDAREASOLID(#8417,#8434,#9,788.3);
#8436= IFCSHAPEREPRESENTATION(#12,'Body','SweptSolid',(#8435));
#8437= IFCPRODUCTDEFINITIONSHAPE($,$,(#8436));
#8438= IFCBEAM('2gkVXvRkT4990nLImWKMSw',#8009,'main piece','IPE200','IPE200',#8432,#8437,'b/811');
#8439= IFCPROPERTYSINGLEVALUE('IndicationMark',$,IFCIDENTIFIER('b/811'),$);
#8440= IFCPROPERTYSET('1eGDxAfxP8Qf5H$PcePC0b',#5,'AISC_EM11_Pset_PieceIdentification','PieceIdentity',(#6094,#8439,#424,#700));
#8441= IFCLOCALPLACEMENT(#42,#10);
#8442= IFCELEMENTASSEMBLY('1GO_smcIr55PvW7VpK9Onp',#8009,'BEAM',$,$,#8441,$,'B/932',.NOTDEFINED.,.RIGID_FRAME.);
#8443= IFCPROPERTYSINGLEVALUE('AssemblyMark',$,IFCIDENTIFIER('B/932'),$);
#8444= IFCPROPERTYSET('3_JMptAkXFpeT1UxcbOPaK',#5,'AISC_EM11_Pset_AssemblyIdentification','AssemblyIdentity',(#8443,#52,#53));
#8445= IFCCARTESIANPOINT((16874.9997253418,2030.63010786397,56750.));
#8446= IFCAXIS2PLACEMENT3D(#8445,#9,#4320);
#8447= IFCLOCALPLACEMENT(#8441,#8446);
#8448= IFCCARTESIANPOINT((888.299942016602,0.,0.));
#8449= IFCAXIS2PLACEMENT3D(#8448,#4320,#740);
#8450= IFCEXTRUDEDAREASOLID(#8417,#8449,#9,888.3);
#8451= IFCSHAPEREPRESENTATION(#12,'Body','SweptSolid',(#8450));
#8452= IFCPRODUCTDEFINITIONSHAPE($,$,(#8451));
#8453= IFCBEAM('0kRG1d8x12yOy2paI5SfIo',#8009,'main piece','IPE200','IPE200',#8447,#8452,'b/828');
#8454= IFCPROPERTYSINGLEVALUE('IndicationMark',$,IFCIDENTIFIER('b/828'),$);
#8455= IFCPROPERTYSET('2iiUrqQej2kAvpm1DRzqVV',#5,'AISC_EM11_Pset_PieceIdentification','PieceIdentity',(#6094,#8454,#424,#700));
#8456= IFCLOCALPLACEMENT(#42,#10);
#8457= IFCELEMENTASSEMBLY('1dR7JjIO939OGsXTBdmKzy',#8009,'BEAM',$,$,#8456,$,'B/932',.NOTDEFINED.,.RIGID_FRAME.);
#8458= IFCCARTESIANPOINT((16875.7817382813,4061.29788969381,56750.));
#8459= IFCDIRECTION((-0.999999999032924,-4.39790000013307E-05,0.));
#8460= IFCAXIS2PLACEMENT3D(#8458,#9,#8459);
#8461= IFCLOCALPLACEMENT(#8456,#8460);
#8462= IFCCARTESIANPOINT((889.081955817658,6.02465367509479E-18,-7.27595761418343E-12));
#8463= IFCAXIS2PLACEMENT3D(#8462,#4320,#740);
#8464= IFCEXTRUDEDAREASOLID(#8417,#8463,#9,889.08);
#8465= IFCSHAPEREPRESENTATION(#12,'Body','SweptSolid',(#8464));
#8466= IFCPRODUCTDEFINITIONSHAPE($,$,(#8465));
#8467= IFCBEAM('1o9N9Rk_bExAhwe0pKzaZx',#8009,'main piece','IPE200','IPE200',#8461,#8466,'b/828');
#8468= IFCLOCALPLACEMENT(#42,#10);
#8469= IFCELEMENTASSEMBLY('2t03jFfdH0w8MM1apXZ9uV',#8009,'BEAM',$,$,#8468,$,'B/932',.NOTDEFINED.,.RIGID_FRAME.);
#8470= IFCCARTESIANPOINT((16875.7493133545,6091.88890074117,56750.));
#8471= IFCAXIS2PLACEMENT3D(#8470,#9,#4320);
#8472= IFCLOCALPLACEMENT(#8468,#8471);
#8473= IFCCARTESIANPOINT((889.049530029297,0.,0.));
#8474= IFCAXIS2PLACEMENT3D(#8473,#4320,#740);
#8475= IFCEXTRUDEDAREASOLID(#8417,#8474,#9,889.05);
#8476= IFCSHAPEREPRESENTATION(#12,'Body','SweptSolid',(#8475));
#8477= IFCPRODUCTDEFINITIONSHAPE($,$,(#8476));
#8478= IFCBEAM('2wOEOiwLf6HBN0gL5ONxP_',#8009,'main piece','IPE200','IPE200',#8472,#8477,'b/828');
#8479= IFCLOCALPLACEMENT(#42,#10);
#8480= IFCELEMENTASSEMBLY('1_Z4w$RJT3OOh2DSLaYrjW',#8009,'BEAM',$,$,#8479,$,'B/932',.NOTDEFINED.,.RIGID_FRAME.);
#8481= IFCCARTESIANPOINT((15986.6997833252,8122.5190124355,56750.));
#8482= IFCAXIS2PLACEMENT3D(#8481,#9,#7);
#8483= IFCLOCALPLACEMENT(#8479,#8482);
#8484= IFCSHAPEREPRESENTATION(#12,'Body','SweptSolid',(#8450));
#8485= IFCPRODUCTDEFINITIONSHAPE($,$,(#8484));
#8486= IFCBEAM('2pYqxOdLv4Sgrd48AllQ_v',#8009,'main piece','IPE200','IPE200',#8483,#8485,'b/828');
#8487= IFCLOCALPLACEMENT(#42,#10);
#8488= IFCELEMENTASSEMBLY('3smwfRBQn4FPuXC2mkvPue',#8009,'BEAM',$,$,#8487,$,'B/932',.NOTDEFINED.,.RIGID_FRAME.);
#8489= IFCCARTESIANPOINT((16874.9997253418,10436.922546371,56750.));
#8490= IFCAXIS2PLACEMENT3D(#8489,#9,#4320);
#8491= IFCLOCALPLACEMENT(#8487,#8490);
#8492= IFCSHAPEREPRESENTATION(#12,'Body','SweptSolid',(#8450));
#8493= IFCPRODUCTDEFINITIONSHAPE($,$,(#8492));
#8494= IFCBEAM('1pU0tctGz9XQE4BBvjDUGN',#8009,'main piece','IPE200','IPE200',#8491,#8493,'b/828');
#8495= IFCLOCALPLACEMENT(#42,#10);
#8496= IFCELEMENTASSEMBLY('1_psa177T9LwiFGPi4qYDc',#8009,'BEAM',$,$,#8495,$,'B/932',.NOTDEFINED.,.RIGID_FRAME.);
#8497= IFCCARTESIANPOINT((16874.9997253418,12751.3260803066,56750.));
#8498= IFCAXIS2PLACEMENT3D(#8497,#9,#4320);
#8499= IFCLOCALPLACEMENT(#8495,#8498);
#8500= IFCSHAPEREPRESENTATION(#12,'Body','SweptSolid',(#8450));
#8501= IFCPRODUCTDEFINITIONSHAPE($,$,(#8500));
#8502= IFCBEAM('2YyzTqV0zFQgkIJsbVSGhp',#8009,'main piece','IPE200','IPE200',#8499,#8501,'b/828');
#8503= IFCLOCALPLACEMENT(#42,#10);
#8504= IFCELEMENTASSEMBLY('2tjQVV62H1Iwn2xtOdbK7O',#8009,'BEAM',$,$,#8503,$,'B/932',.NOTDEFINED.,.RIGID_FRAME.);
#8505= IFCCARTESIANPOINT((15986.6997833252,15065.7296142421,56750.));
#8506= IFCAXIS2PLACEMENT3D(#8505,#9,#7);
#8507= IFCLOCALPLACEMENT(#8503,#8506);
#8508= IFCSHAPEREPRESENTATION(#12,'Body','SweptSolid',(#8475));
#8509= IFCPRODUCTDEFINITIONSHAPE($,$,(#8508));
#8510= IFCBEAM('1IuNz$4wTD_vi3KHbsRatH',#8009,'main piece','IPE200','IPE200',#8507,#8509,'b/828');
#8511= IFCLOCALPLACEMENT(#42,#10);
#8512= IFCELEMENTASSEMBLY('3PVtRhLR1BnfZEkX9EE8_h',#8009,'BEAM',$,$,#8511,$,'B/932',.NOTDEFINED.,.RIGID_FRAME.);
#8513= IFCCARTESIANPOINT((16875.8008117676,17380.2056274257,56750.));
#8514= IFCAXIS2PLACEMENT3D(#8513,#9,#4320);
#8515= IFCLOCALPLACEMENT(#8511,#8514);
#8516= IFCCARTESIANPOINT((889.101028442383,0.,0.));
#8517= IFCAXIS2PLACEMENT3D(#8516,#4320,#740);
#8518= IFCEXTRUDEDAREASOLID(#8417,#8517,#9,889.1);
#8519= IFCSHAPEREPRESENTATION(#12,'Body','SweptSolid',(#8518));
#8520= IFCPRODUCTDEFINITIONSHAPE($,$,(#8519));
#8521= IFCBEAM('1easOYCtDBhP0eIMdFztO1',#8009,'main piece','IPE200','IPE200',#8515,#8520,'b/828');
#8522= IFCLOCALPLACEMENT(#42,#10);
#8523= IFCELEMENTASSEMBLY('1$MUGAMov7ux4CvWrYJ2zk',#8009,'BEAM',$,$,#8522,$,'B/932',.NOTDEFINED.,.RIGID_FRAME.);
#8524= IFCCARTESIANPOINT((15986.6997833252,19410.0995025478,56750.));
#8525= IFCAXIS2PLACEMENT3D(#8524,#9,#7);
#8526= IFCLOCALPLACEMENT(#8522,#8525);
#8527= IFCSHAPEREPRESENTATION(#12,'Body','SweptSolid',(#8450));
#8528= IFCPRODUCTDEFINITIONSHAPE($,$,(#8527));
#8529= IFCBEAM('3C$kjMVab0AeDk1oMVW7Bo',#8009,'main piece','IPE200','IPE200',#8526,#8528,'b/828');
#8530= IFCLOCALPLACEMENT(#42,#10);
#8531= IFCELEMENTASSEMBLY('0mszQKm5bEFAukguUfpkY1',#8009,'BEAM',$,$,#8530,$,'B/935',.NOTDEFINED.,.RIGID_FRAME.);
#8532= IFCPROPERTYSINGLEVALUE('AssemblyMark',$,IFCIDENTIFIER('B/935'),$);
#8533= IFCPROPERTYSET('2yIJWk$1v6CgYnyfw7xyPU',#5,'AISC_EM11_Pset_AssemblyIdentification','AssemblyIdentity',(#8532,#52,#53));
#8534= IFCCARTESIANPOINT((16877.7928466808,21440.099192264,56750.));
#8535= IFCDIRECTION((-0.999999999300246,-3.74100000110922E-05,0.));
#8536= IFCAXIS2PLACEMENT3D(#8534,#9,#8535);
#8537= IFCLOCALPLACEMENT(#8530,#8536);
#8538= IFCCARTESIANPOINT((891.093063980703,-6.03828147409152E-18,0.));
#8539= IFCAXIS2PLACEMENT3D(#8538,#4320,#740);
#8540= IFCEXTRUDEDAREASOLID(#8417,#8539,#9,891.09);
#8541= IFCSHAPEREPRESENTATION(#12,'Body','SweptSolid',(#8540));
#8542= IFCPRODUCTDEFINITIONSHAPE($,$,(#8541));
#8543= IFCBEAM('1bAOSDTuL2iwknzI47ey6W',#8009,'main piece','IPE200','IPE200',#8537,#8542,'b/831');
#8544= IFCPROPERTYSINGLEVALUE('IndicationMark',$,IFCIDENTIFIER('b/831'),$);
#8545= IFCPROPERTYSET('2DsoD4dQDBVvySYqvgho9y',#5,'AISC_EM11_Pset_PieceIdentification','PieceIdentity',(#6094,#8544,#424,#700));
#8546= IFCLOCALPLACEMENT(#42,#10);
#8547= IFCELEMENTASSEMBLY('3W2cBAcbzDsOl9dhhNnwoL',#8009,'BEAM',$,$,#8546,$,'B/932',.NOTDEFINED.,.RIGID_FRAME.);
#8548= IFCCARTESIANPOINT((15986.6997833252,23470.0331649624,56750.));
#8549= IFCAXIS2PLACEMENT3D(#8548,#9,#7);
#8550= IFCLOCALPLACEMENT(#8546,#8549);
#8551= IFCSHAPEREPRESENTATION(#12,'Body','SweptSolid',(#8450));
#8552= IFCPRODUCTDEFINITIONSHAPE($,$,(#8551));
#8553= IFCBEAM('0XgSvHPyj03OmFzhMnWQVB',#8009,'main piece','IPE200','IPE200',#8550,#8552,'b/828');
#8554= IFCLOCALPLACEMENT(#42,#10);
#8555= IFCELEMENTASSEMBLY('00XOJDQD94$Q4lsaCMS1c9',#8009,'BEAM',$,$,#8554,$,'B/915',.NOTDEFINED.,.RIGID_FRAME.);
#8556= IFCCARTESIANPOINT((16774.9994506836,25500.2104826052,56750.));
#8557= IFCDIRECTION((-0.999999964513388,-0.000266407999868759,0.));
#8558= IFCAXIS2PLACEMENT3D(#8556,#9,#8557);
#8559= IFCLOCALPLACEMENT(#8554,#8558);
#8560= IFCCARTESIANPOINT((788.299695332517,0.,-7.27595761418343E-12));
#8561= IFCAXIS2PLACEMENT3D(#8560,#4320,#740);
#8562= IFCEXTRUDEDAREASOLID(#8417,#8561,#9,788.3);
#8563= IFCSHAPEREPRESENTATION(#12,'Body','SweptSolid',(#8562));
#8564= IFCPRODUCTDEFINITIONSHAPE($,$,(#8563));
#8565= IFCBEAM('1p3zxpyUvCewvWYekdYCo4',#8009,'main piece','IPE200','IPE200',#8559,#8564,'b/811');
#8566= IFCLOCALPLACEMENT(#42,#10);
#8567= IFCELEMENTASSEMBLY('30NaBY2_z7chR08_GXA49X',#8009,'BEAM',$,$,#8566,$,'B/917',.NOTDEFINED.,.RIGID_FRAME.);
#8568= IFCPROPERTYSINGLEVALUE('AssemblyMark',$,IFCIDENTIFIER('B/917'),$);
#8569= IFCPROPERTYSET('2WuUIENe9Ff9CT3XSgcmQe',#5,'AISC_EM11_Pset_AssemblyIdentification','AssemblyIdentity',(#8568,#52,#53));
#8570= IFCCARTESIANPOINT((17002.9093856812,25495.2530822597,56750.));
#8571= IFCDIRECTION((-0.526755711013009,0.850016718020993,0.));
#8572= IFCAXIS2PLACEMENT3D(#8570,#9,#8571);
#8573= IFCLOCALPLACEMENT(#8566,#8572);
#8574= IFCCARTESIANPOINT((1929.18573363913,-3.63797880709171E-12,0.));
#8575= IFCAXIS2PLACEMENT3D(#8574,#4320,#740);
#8576= IFCEXTRUDEDAREASOLID(#8417,#8575,#9,1929.19);
#8577= IFCSHAPEREPRESENTATION(#12,'Body','SweptSolid',(#8576));
#8578= IFCPRODUCTDEFINITIONSHAPE($,$,(#8577));
#8579= IFCBEAM('0Mi4zIrqD5I9XL$L2hTzfE',#8009,'main piece','IPE200','IPE200',#8573,#8578,'b/813');
#8580= IFCPROPERTYSINGLEVALUE('IndicationMark',$,IFCIDENTIFIER('b/813'),$);
#8581= IFCPROPERTYSET('36sL5QZ$T7vx8f1Y18DzRc',#5,'AISC_EM11_Pset_PieceIdentification','PieceIdentity',(#6094,#8580,#424,#700));
#8582= IFCLOCALPLACEMENT(#42,#10);
#8583= IFCELEMENTASSEMBLY('3_JWxCio14VArWRiI71K8l',#8009,'BEAM',$,$,#8582,$,'B/916',.NOTDEFINED.,.RIGID_FRAME.);
#8584= IFCPROPERTYSINGLEVALUE('AssemblyMark',$,IFCIDENTIFIER('B/916'),$);
#8585= IFCPROPERTYSET('1BhoyFAc93igRprj11x5Vq',#5,'AISC_EM11_Pset_AssemblyIdentification','AssemblyIdentity',(#8584,#52,#53));
#8586= IFCCARTESIANPOINT((85034.2067436661,-38.9109079520349,56750.));
#8587= IFCDIRECTION((0.519694514867726,-0.854352158782548,0.));
#8588= IFCAXIS2PLACEMENT3D(#8586,#9,#8587);
#8589= IFCLOCALPLACEMENT(#8582,#8588);
#8590= IFCCARTESIANPOINT((1909.65892561812,-1.06007365420109E-13,7.27595761418343E-12));
#8591= IFCAXIS2PLACEMENT3D(#8590,#4320,#740);
#8592= IFCEXTRUDEDAREASOLID(#8417,#8591,#9,1909.66);
#8593= IFCSHAPEREPRESENTATION(#12,'Body','SweptSolid',(#8592));
#8594= IFCPRODUCTDEFINITIONSHAPE($,$,(#8593));
#8595= IFCBEAM('1NK8PDiNbFzPWJKSp6RuGH',#8009,'main piece','IPE200','IPE200',#8589,#8594,'b/812');
#8596= IFCPROPERTYSINGLEVALUE('IndicationMark',$,IFCIDENTIFIER('b/812'),$);
#8597= IFCPROPERTYSET('3diV8hfH5ECgYtS27CWgvj',#5,'AISC_EM11_Pset_PieceIdentification','PieceIdentity',(#6094,#8596,#424,#700));
#8598= IFCLOCALPLACEMENT(#42,#10);
#8599= IFCELEMENTASSEMBLY('1fUv$HeyT8DwiUripAenKu',#8009,'BEAM',$,$,#8598,$,'B/915',.NOTDEFINED.,.RIGID_FRAME.);
#8600= IFCCARTESIANPOINT((85225.0020141602,-3.83036422135774E-06,56750.));
#8601= IFCAXIS2PLACEMENT3D(#8600,#9,#7);
#8602= IFCLOCALPLACEMENT(#8598,#8601);
#8603= IFCSHAPEREPRESENTATION(#12,'Body','SweptSolid',(#8435));
#8604= IFCPRODUCTDEFINITIONSHAPE($,$,(#8603));
#8605= IFCBEAM('3NhbyaoQP0pw9T3xAHmxaZ',#8009,'main piece','IPE200','IPE200',#8602,#8604,'b/811');
#8606= IFCLOCALPLACEMENT(#42,#10);
#8607= IFCELEMENTASSEMBLY('3N3gw4bNvEjA2GS2eA28BP',#8009,'BEAM',$,$,#8606,$,'B/936',.NOTDEFINED.,.RIGID_FRAME.);
#8608= IFCPROPERTYSINGLEVALUE('AssemblyMark',$,IFCIDENTIFIER('B/936'),$);
#8609= IFCPROPERTYSET('343XeRSGz8JO6iz7SaWNDj',#5,'AISC_EM11_Pset_AssemblyIdentification','AssemblyIdentity',(#8608,#52,#53));
#8610= IFCCARTESIANPOINT((85126.4027709961,2030.63010786397,56750.));
#8611= IFCAXIS2PLACEMENT3D(#8610,#9,#7);
#8612= IFCLOCALPLACEMENT(#8606,#8611);
#8613= IFCCARTESIANPOINT((886.898803710938,0.,0.));
#8614= IFCAXIS2PLACEMENT3D(#8613,#4320,#740);
#8615= IFCEXTRUDEDAREASOLID(#8417,#8614,#9,886.9);
#8616= IFCSHAPEREPRESENTATION(#12,'Body','SweptSolid',(#8615));
#8617= IFCPRODUCTDEFINITIONSHAPE($,$,(#8616));
#8618= IFCBEAM('2r3rEOjL9BMvOvYoR18Hsp',#8009,'main piece','IPE200','IPE200',#8612,#8617,'b/832');
#8619= IFCPROPERTYSINGLEVALUE('IndicationMark',$,IFCIDENTIFIER('b/832'),$);
#8620= IFCPROPERTYSET('3wRM61NJXAega9pKrhPZkL',#5,'AISC_EM11_Pset_PieceIdentification','PieceIdentity',(#6094,#8619,#424,#700));
#8621= IFCLOCALPLACEMENT(#42,#10);
#8622= IFCELEMENTASSEMBLY('01vl14rgvAqPDD1cDModjj',#8009,'BEAM',$,$,#8621,$,'B/935',.NOTDEFINED.,.RIGID_FRAME.);
#8623= IFCCARTESIANPOINT((85122.2066040039,4059.8997613315,56750.));
#8624= IFCDIRECTION((0.999998837005342,0.00152511900000814,0.));
#8625= IFCAXIS2PLACEMENT3D(#8623,#9,#8624);
#8626= IFCLOCALPLACEMENT(#8621,#8625);
#8627= IFCCARTESIANPOINT((891.096007047831,-1.93225645346883E-16,-7.27595761418343E-12));
#8628= IFCAXIS2PLACEMENT3D(#8627,#4320,#740);
#8629= IFCEXTRUDEDAREASOLID(#8417,#8628,#9,891.1);
#8630= IFCSHAPEREPRESENTATION(#12,'Body','SweptSolid',(#8629));
#8631= IFCPRODUCTDEFINITIONSHAPE($,$,(#8630));
#8632= IFCBEAM('0GkRUxggHE2BtFWOE6mVOO',#8009,'main piece','IPE200','IPE200',#8626,#8631,'b/831');
#8633= IFCLOCALPLACEMENT(#42,#10);
#8634= IFCELEMENTASSEMBLY('30MZy43iD8EBEIy1J1y4du',#8009,'BEAM',$,$,#8633,$,'B/932',.NOTDEFINED.,.RIGID_FRAME.);
#8635= IFCCARTESIANPOINT((85125.0493164063,6091.88900874127,56750.));
#8636= IFCAXIS2PLACEMENT3D(#8635,#9,#7);
#8637= IFCLOCALPLACEMENT(#8633,#8636);
#8638= IFCCARTESIANPOINT((888.252258300781,0.,0.));
#8639= IFCAXIS2PLACEMENT3D(#8638,#4320,#740);
#8640= IFCEXTRUDEDAREASOLID(#8417,#8639,#9,888.25);
#8641= IFCSHAPEREPRESENTATION(#12,'Body','SweptSolid',(#8640));
#8642= IFCPRODUCTDEFINITIONSHAPE($,$,(#8641));
#8643= IFCBEAM('24nQQo4pz2p97eXPrS2CiC',#8009,'main piece','IPE200','IPE200',#8637,#8642,'b/828');
#8644= IFCLOCALPLACEMENT(#42,#10);
#8645= IFCELEMENTASSEMBLY('1$IzoRqq11KucWyoJ7y7w3',#8009,'BEAM',$,$,#8644,$,'B/932',.NOTDEFINED.,.RIGID_FRAME.);
#8646= IFCCARTESIANPOINT((85124.2177124023,8122.55811308248,56750.));
#8647= IFCDIRECTION((0.999999987068142,0.000160822000011242,0.));
#8648= IFCAXIS2PLACEMENT3D(#8646,#9,#8647);
#8649= IFCLOCALPLACEMENT(#8644,#8648);
#8650= IFCCARTESIANPOINT((889.101423349161,2.40991423688783E-17,7.27595761418343E-12));
#8651= IFCAXIS2PLACEMENT3D(#8650,#4320,#740);
#8652= IFCEXTRUDEDAREASOLID(#8417,#8651,#9,889.1);
#8653= IFCSHAPEREPRESENTATION(#12,'Body','SweptSolid',(#8652));
#8654= IFCPRODUCTDEFINITIONSHAPE($,$,(#8653));
#8655= IFCBEAM('2QjuNyiorAvu0eL4gPiBrg',#8009,'main piece','IPE200','IPE200',#8649,#8654,'b/828');
#8656= IFCLOCALPLACEMENT(#42,#10);
#8657= IFCELEMENTASSEMBLY('1WogKcddj6wfHe7V1jIwFq',#8009,'BEAM',$,$,#8656,$,'B/932',.NOTDEFINED.,.RIGID_FRAME.);
#8658= IFCCARTESIANPOINT((85125.0523681641,10436.9226543712,56750.));
#8659= IFCAXIS2PLACEMENT3D(#8658,#9,#7);
#8660= IFCLOCALPLACEMENT(#8656,#8659);
#8661= IFCCARTESIANPOINT((888.249206542969,0.,0.));
#8662= IFCAXIS2PLACEMENT3D(#8661,#4320,#740);
#8663= IFCEXTRUDEDAREASOLID(#8417,#8662,#9,888.25);
#8664= IFCSHAPEREPRESENTATION(#12,'Body','SweptSolid',(#8663));
#8665= IFCPRODUCTDEFINITIONSHAPE($,$,(#8664));
#8666= IFCBEAM('2j8jnoWCn8afwjUs5srVkt',#8009,'main piece','IPE200','IPE200',#8660,#8665,'b/828');
#8667= IFCLOCALPLACEMENT(#42,#10);
#8668= IFCELEMENTASSEMBLY('1Wm_c153r99hAZfR3F9xYn',#8009,'BEAM',$,$,#8667,$,'B/932',.NOTDEFINED.,.RIGID_FRAME.);
#8669= IFCCARTESIANPOINT((85124.98828125,12750.038858398,56750.));
#8670= IFCDIRECTION((0.999998949933765,0.001449182999903,0.));
#8671= IFCAXIS2PLACEMENT3D(#8669,#9,#8670);
#8672= IFCLOCALPLACEMENT(#8667,#8671);
#8673= IFCCARTESIANPOINT((888.314226250909,-1.92622442790203E-16,0.));
#8674= IFCAXIS2PLACEMENT3D(#8673,#4320,#740);
#8675= IFCEXTRUDEDAREASOLID(#8417,#8674,#9,888.31);
#8676= IFCSHAPEREPRESENTATION(#12,'Body','SweptSolid',(#8675));
#8677= IFCPRODUCTDEFINITIONSHAPE($,$,(#8676));
#8678= IFCBEAM('1TRqrDJJLEivH2ntUOqSK8',#8009,'main piece','IPE200','IPE200',#8672,#8677,'b/828');
#8679= IFCLOCALPLACEMENT(#42,#10);
#8680= IFCELEMENTASSEMBLY('0wXza7WLr39OFWj_zb_gVH',#8009,'BEAM',$,$,#8679,$,'B/932',.NOTDEFINED.,.RIGID_FRAME.);
#8681= IFCCARTESIANPOINT((85125.0493164063,15065.7677612148,56750.));
#8682= IFCDIRECTION((0.99999999908301,-4.28250000036531E-05,0.));
#8683= IFCAXIS2PLACEMENT3D(#8681,#9,#8682);
#8684= IFCLOCALPLACEMENT(#8679,#8683);
#8685= IFCSHAPEREPRESENTATION(#12,'Body','SweptSolid',(#8640));
#8686= IFCPRODUCTDEFINITIONSHAPE($,$,(#8685));
#8687= IFCBEAM('0ETlyHQd9BKxK3VA0h$ZkH',#8009,'main piece','IPE200','IPE200',#8684,#8686,'b/828');
#8688= IFCLOCALPLACEMENT(#42,#10);
#8689= IFCELEMENTASSEMBLY('2KIv7PgKj6ZPjzM3djDYMR',#8009,'BEAM',$,$,#8688,$,'B/932',.NOTDEFINED.,.RIGID_FRAME.);
#8690= IFCCARTESIANPOINT((85124.98828125,17380.2066891002,56750.));
#8691= IFCDIRECTION((0.99999999649389,-8.37390000406963E-05,0.));
#8692= IFCAXIS2PLACEMENT3D(#8690,#9,#8691);
#8693= IFCLOCALPLACEMENT(#8688,#8692);
#8694= IFCCARTESIANPOINT((888.313296579472,1.20388900749903E-17,7.27595761418343E-12));
#8695= IFCAXIS2PLACEMENT3D(#8694,#4320,#740);
#8696= IFCEXTRUDEDAREASOLID(#8417,#8695,#9,888.31);
#8697= IFCSHAPEREPRESENTATION(#12,'Body','SweptSolid',(#8696));
#8698= IFCPRODUCTDEFINITIONSHAPE($,$,(#8697));
#8699= IFCBEAM('0gcSGjq4b8KhebKD6dkzkK',#8009,'main piece','IPE200','IPE200',#8693,#8698,'b/828');
#8700= IFCLOCALPLACEMENT(#42,#10);
#8701= IFCELEMENTASSEMBLY('1lWh02fUz1v9iqfYEHgf37',#8009,'BEAM',$,$,#8700,$,'B/934',.NOTDEFINED.,.RIGID_FRAME.);
#8702= IFCPROPERTYSINGLEVALUE('AssemblyMark',$,IFCIDENTIFIER('B/934'),$);
#8703= IFCPROPERTYSET('2GbApYjknDzOLU$1ujpMj0',#5,'AISC_EM11_Pset_AssemblyIdentification','AssemblyIdentity',(#8702,#52,#53));
#8704= IFCCARTESIANPOINT((85077.0299072266,19410.0996105479,56750.));
#8705= IFCAXIS2PLACEMENT3D(#8704,#9,#7);
#8706= IFCLOCALPLACEMENT(#8700,#8705);
#8707= IFCCARTESIANPOINT((936.271667480469,0.,0.));
#8708= IFCAXIS2PLACEMENT3D(#8707,#4320,#740);
#8709= IFCEXTRUDEDAREASOLID(#8417,#8708,#9,936.27);
#8710= IFCSHAPEREPRESENTATION(#12,'Body','SweptSolid',(#8709));
#8711= IFCPRODUCTDEFINITIONSHAPE($,$,(#8710));
#8712= IFCBEAM('1qjXXR$EnFrhM85nLyDqKR',#8009,'main piece','IPE200','IPE200',#8706,#8711,'b/830');
#8713= IFCPROPERTYSINGLEVALUE('IndicationMark',$,IFCIDENTIFIER('b/830'),$);
#8714= IFCPROPERTYSET('3xLTce7Q557P$OK1jgWyJf',#5,'AISC_EM11_Pset_PieceIdentification','PieceIdentity',(#6094,#8713,#424,#700));
#8715= IFCLOCALPLACEMENT(#42,#10);
#8716= IFCELEMENTASSEMBLY('0kVF_bh0nCnBeoq4cCyusT',#8009,'BEAM',$,$,#8715,$,'B/933',.NOTDEFINED.,.RIGID_FRAME.);
#8717= IFCPROPERTYSINGLEVALUE('AssemblyMark',$,IFCIDENTIFIER('B/933'),$);
#8718= IFCPROPERTYSET('1tihHLdPnEGuKMdLlyu6Fa',#5,'AISC_EM11_Pset_AssemblyIdentification','AssemblyIdentity',(#8717,#52,#53));
#8719= IFCCARTESIANPOINT((85074.1841430664,21440.0991937045,56750.));
#8720= IFCAXIS2PLACEMENT3D(#8719,#9,#7);
#8721= IFCLOCALPLACEMENT(#8715,#8720);
#8722= IFCCARTESIANPOINT((939.117431640625,0.,0.));
#8723= IFCAXIS2PLACEMENT3D(#8722,#4320,#740);
#8724= IFCEXTRUDEDAREASOLID(#8417,#8723,#9,939.12);
#8725= IFCSHAPEREPRESENTATION(#12,'Body','SweptSolid',(#8724));
#8726= IFCPRODUCTDEFINITIONSHAPE($,$,(#8725));
#8727= IFCBEAM('3h1qGBMFz1AhVFNJghLg5J',#8009,'main piece','IPE200','IPE200',#8721,#8726,'b/829');
#8728= IFCPROPERTYSINGLEVALUE('IndicationMark',$,IFCIDENTIFIER('b/829'),$);
#8729= IFCPROPERTYSET('2u7xzn7unBtvuTaC86fVxB',#5,'AISC_EM11_Pset_PieceIdentification','PieceIdentity',(#6094,#8728,#424,#700));
#8730= IFCLOCALPLACEMENT(#42,#10);
#8731= IFCELEMENTASSEMBLY('1jidhDKm1AMAOHscY780t7',#8009,'BEAM',$,$,#8730,$,'B/932',.NOTDEFINED.,.RIGID_FRAME.);
#8732= IFCCARTESIANPOINT((85125.0493164063,23470.0332729625,56750.));
#8733= IFCAXIS2PLACEMENT3D(#8732,#9,#7);
#8734= IFCLOCALPLACEMENT(#8730,#8733);
#8735= IFCSHAPEREPRESENTATION(#12,'Body','SweptSolid',(#8640));
#8736= IFCPRODUCTDEFINITIONSHAPE($,$,(#8735));
#8737= IFCBEAM('0itX5ZAdH96RpuXaWh1JnZ',#8009,'main piece','IPE200','IPE200',#8734,#8736,'b/828');
#8738= IFCLOCALPLACEMENT(#42,#10);
#8739= IFCELEMENTASSEMBLY('0$uXCLazjCiwWyV7x4jhLi',#8009,'BEAM',$,$,#8738,$,'B/895',.NOTDEFINED.,.RIGID_FRAME.);
#8740= IFCPROPERTYSINGLEVALUE('AssemblyMark',$,IFCIDENTIFIER('B/895'),$);
#8741= IFCPROPERTYSET('2fm0yntHn4GQ9PIUf5Dcse',#5,'AISC_EM11_Pset_AssemblyIdentification','AssemblyIdentity',(#8740,#52,#53));
#8742= IFCCARTESIANPOINT((85229.5033569336,25500.0005810069,56750.));
#8743= IFCAXIS2PLACEMENT3D(#8742,#9,#7);
#8744= IFCLOCALPLACEMENT(#8738,#8743);
#8745= IFCCARTESIANPOINT((783.798217773438,0.,0.));
#8746= IFCAXIS2PLACEMENT3D(#8745,#4320,#740);
#8747= IFCEXTRUDEDAREASOLID(#8417,#8746,#9,783.8);
#8748= IFCSHAPEREPRESENTATION(#12,'Body','SweptSolid',(#8747));
#8749= IFCPRODUCTDEFINITIONSHAPE($,$,(#8748));
#8750= IFCBEAM('0U7OMRHrj2XAKkbpdwQzPK',#8009,'main piece','IPE200','IPE200',#8744,#8749,'b/790');
#8751= IFCPROPERTYSINGLEVALUE('IndicationMark',$,IFCIDENTIFIER('b/790'),$);
#8752= IFCPROPERTYSET('1un33D$GjFSgEzPtAwGAcd',#5,'AISC_EM11_Pset_PieceIdentification','PieceIdentity',(#6094,#8751,#424,#700));
#8753= IFCLOCALPLACEMENT(#42,#10);
#8754= IFCELEMENTASSEMBLY('3jLCrQ1$v59OCoeelqbNPt',#8009,'BEAM',$,$,#8753,$,'B/894',.NOTDEFINED.,.RIGID_FRAME.);
#8755= IFCPROPERTYSINGLEVALUE('AssemblyMark',$,IFCIDENTIFIER('B/894'),$);
#8756= IFCPROPERTYSET('1DMsP$i1DFkP$IZlbf378n',#5,'AISC_EM11_Pset_AssemblyIdentification','AssemblyIdentity',(#8755,#52,#53));
#8757= IFCCARTESIANPOINT((85075.2806267976,25622.8112645973,56770.));
#8758= IFCDIRECTION((0.522594137095714,0.852581590156148,0.));
#8759= IFCAXIS2PLACEMENT3D(#8757,#9,#8758);
#8760= IFCLOCALPLACEMENT(#8753,#8759);
#8761= IFCCARTESIANPOINT((1841.50574675851,-1.02224104001542E-13,0.));
#8762= IFCAXIS2PLACEMENT3D(#8761,#4320,#740);
#8763= IFCEXTRUDEDAREASOLID(#8063,#8762,#9,1841.51);
#8764= IFCSHAPEREPRESENTATION(#12,'Body','SweptSolid',(#8763));
#8765= IFCPRODUCTDEFINITIONSHAPE($,$,(#8764));
#8766= IFCBEAM('3$kbbhyQb5SfgdYnFaSbxh',#8009,'main piece','IPE160','IPE160',#8760,#8765,'b/789');
#8767= IFCPROPERTYSINGLEVALUE('IndicationMark',$,IFCIDENTIFIER('b/789'),$);
#8768= IFCPROPERTYSET('0b3JMv_RDEyxiqugRccPxu',#5,'AISC_EM11_Pset_PieceIdentification','PieceIdentity',(#6094,#8767,#424,#700));
#8769= IFCLOCALPLACEMENT(#42,#10);
#8770= IFCELEMENTASSEMBLY('0XESNLT_X1CRycsVPA0vCg',#8009,'BEAM',$,$,#8769,$,'B/931',.NOTDEFINED.,.RIGID_FRAME.);
#8771= IFCCARTESIANPOINT((83639.9991149902,25674.5409927211,56770.));
#8772= IFCAXIS2PLACEMENT3D(#8771,#9,#6370);
#8773= IFCLOCALPLACEMENT(#8769,#8772);
#8774= IFCCARTESIANPOINT((1520.96227266363,0.,0.));
#8775= IFCAXIS2PLACEMENT3D(#8774,#4320,#740);
#8776= IFCEXTRUDEDAREASOLID(#8063,#8775,#9,1520.96);
#8777= IFCSHAPEREPRESENTATION(#12,'Body','SweptSolid',(#8776));
#8778= IFCPRODUCTDEFINITIONSHAPE($,$,(#8777));
#8779= IFCBEAM('3fiqGzfJDE5fMBDYC9SqBR',#8009,'main piece','IPE160','IPE160',#8773,#8778,'b/827');
#8780= IFCLOCALPLACEMENT(#42,#10);
#8781= IFCELEMENTASSEMBLY('2C1kAzfyDBygnC6PmXt$Qo',#8009,'BEAM',$,$,#8780,$,'B/930',.NOTDEFINED.,.RIGID_FRAME.);
#8782= IFCCARTESIANPOINT((81220.0009460449,25690.8698043667,56770.));
#8783= IFCAXIS2PLACEMENT3D(#8782,#9,#4019);
#8784= IFCLOCALPLACEMENT(#8780,#8783);
#8785= IFCCARTESIANPOINT((1504.63346101775,0.,0.));
#8786= IFCAXIS2PLACEMENT3D(#8785,#4320,#740);
#8787= IFCEXTRUDEDAREASOLID(#8063,#8786,#9,1504.63);
#8788= IFCSHAPEREPRESENTATION(#12,'Body','SweptSolid',(#8787));
#8789= IFCPRODUCTDEFINITIONSHAPE($,$,(#8788));
#8790= IFCBEAM('0kAtcWXQzFrxtVuIq5k_4$',#8009,'main piece','IPE160','IPE160',#8784,#8789,'b/826');
#8791= IFCLOCALPLACEMENT(#42,#10);
#8792= IFCELEMENTASSEMBLY('0zmmWf7Az49fdnRZeM$Fvl',#8009,'BEAM',$,$,#8791,$,'B/891',.NOTDEFINED.,.RIGID_FRAME.);
#8793= IFCPROPERTYSINGLEVALUE('AssemblyMark',$,IFCIDENTIFIER('B/891'),$);
#8794= IFCPROPERTYSET('2tlP1v8j1CtPEV7SjhSdzL',#5,'AISC_EM11_Pset_AssemblyIdentification','AssemblyIdentity',(#8793,#52,#53));
#8795= IFCCARTESIANPOINT((78799.9989624023,26600.4524536133,56770.));
#8796= IFCAXIS2PLACEMENT3D(#8795,#9,#8);
#8797= IFCLOCALPLACEMENT(#8791,#8796);
#8798= IFCCARTESIANPOINT((595.050811767578,0.,0.));
#8799= IFCAXIS2PLACEMENT3D(#8798,#4320,#740);
#8800= IFCEXTRUDEDAREASOLID(#8063,#8799,#9,595.05);
#8801= IFCSHAPEREPRESENTATION(#12,'Body','SweptSolid',(#8800));
#8802= IFCPRODUCTDEFINITIONSHAPE($,$,(#8801));
#8803= IFCBEAM('1xMlpjZhDFlugG7PIxrTDb',#8009,'main piece','IPE160','IPE160',#8797,#8802,'b/786');
#8804= IFCPROPERTYSINGLEVALUE('IndicationMark',$,IFCIDENTIFIER('b/786'),$);
#8805= IFCPROPERTYSET('0gCzLEven6ThH7h0QETcT9',#5,'AISC_EM11_Pset_PieceIdentification','PieceIdentity',(#6094,#8804,#424,#700));
#8806= IFCLOCALPLACEMENT(#42,#10);
#8807= IFCELEMENTASSEMBLY('3MVKafkjDF_AdqVm2bRoYZ',#8009,'BEAM',$,$,#8806,$,'B/891',.NOTDEFINED.,.RIGID_FRAME.);
#8808= IFCCARTESIANPOINT((76500.0035400391,26600.5020446777,56770.));
#8809= IFCAXIS2PLACEMENT3D(#8808,#9,#8);
#8810= IFCLOCALPLACEMENT(#8806,#8809);
#8811= IFCCARTESIANPOINT((595.001220703125,0.,0.));
#8812= IFCAXIS2PLACEMENT3D(#8811,#4320,#740);
#8813= IFCEXTRUDEDAREASOLID(#8063,#8812,#9,595.);
#8814= IFCSHAPEREPRESENTATION(#12,'Body','SweptSolid',(#8813));
#8815= IFCPRODUCTDEFINITIONSHAPE($,$,(#8814));
#8816= IFCBEAM('3q6KIGdFv23P$6KPhXJMmX',#8009,'main piece','IPE160','IPE160',#8810,#8815,'b/786');
#8817= IFCLOCALPLACEMENT(#42,#10);
#8818= IFCELEMENTASSEMBLY('2BaVWehZX5cvqvBrDQhjJh',#8009,'BEAM',$,$,#8817,$,'B/891',.NOTDEFINED.,.RIGID_FRAME.);
#8819= IFCCARTESIANPOINT((74375.0035400391,26600.6050415039,56770.));
#8820= IFCAXIS2PLACEMENT3D(#8819,#9,#8);
#8821= IFCLOCALPLACEMENT(#8817,#8820);
#8822= IFCCARTESIANPOINT((594.898223876953,0.,0.));
#8823= IFCAXIS2PLACEMENT3D(#8822,#4320,#740);
#8824= IFCEXTRUDEDAREASOLID(#8063,#8823,#9,594.9);
#8825= IFCSHAPEREPRESENTATION(#12,'Body','SweptSolid',(#8824));
#8826= IFCPRODUCTDEFINITIONSHAPE($,$,(#8825));
#8827= IFCBEAM('2OqnzeZNL1dBbTLM0M3YPv',#8009,'main piece','IPE160','IPE160',#8821,#8826,'b/786');
#8828= IFCLOCALPLACEMENT(#42,#10);
#8829= IFCELEMENTASSEMBLY('0qET5O$kL5kfk506qN_JNy',#8009,'BEAM',$,$,#8828,$,'B/891',.NOTDEFINED.,.RIGID_FRAME.);
#8830= IFCCARTESIANPOINT((72250.0035400391,26600.4524536133,56770.));
#8831= IFCAXIS2PLACEMENT3D(#8830,#9,#8);
#8832= IFCLOCALPLACEMENT(#8828,#8831);
#8833= IFCSHAPEREPRESENTATION(#12,'Body','SweptSolid',(#8800));
#8834= IFCPRODUCTDEFINITIONSHAPE($,$,(#8833));
#8835= IFCBEAM('0gsQvIWsfDlB$gGZrNH8ep',#8009,'main piece','IPE160','IPE160',#8832,#8834,'b/786');
#8836= IFCLOCALPLACEMENT(#42,#10);
#8837= IFCELEMENTASSEMBLY('3FNLfsfQfBXvuL_0cz9mMf',#8009,'BEAM',$,$,#8836,$,'B/891',.NOTDEFINED.,.RIGID_FRAME.);
#8838= IFCCARTESIANPOINT((70125.0035400391,26600.4524536133,56770.));
#8839= IFCAXIS2PLACEMENT3D(#8838,#9,#8);
#8840= IFCLOCALPLACEMENT(#8836,#8839);
#8841= IFCSHAPEREPRESENTATION(#12,'Body','SweptSolid',(#8800));
#8842= IFCPRODUCTDEFINITIONSHAPE($,$,(#8841));
#8843= IFCBEAM('2lzJgJ9FrFqP2Q8oqM$EOc',#8009,'main piece','IPE160','IPE160',#8840,#8842,'b/786');
#8844= IFCLOCALPLACEMENT(#42,#10);
#8845= IFCELEMENTASSEMBLY('21zbsD9cH2xBtvOJK9Ot3w',#8009,'BEAM',$,$,#8844,$,'B/891',.NOTDEFINED.,.RIGID_FRAME.);
#8846= IFCCARTESIANPOINT((68000.232421875,26600.5020446777,56770.));
#8847= IFCDIRECTION((-0.000390623999891614,0.999999923706443,0.));
#8848= IFCAXIS2PLACEMENT3D(#8846,#9,#8847);
#8849= IFCLOCALPLACEMENT(#8844,#8848);
#8850= IFCSHAPEREPRESENTATION(#12,'Body','SweptSolid',(#8813));
#8851= IFCPRODUCTDEFINITIONSHAPE($,$,(#8850));
#8852= IFCBEAM('0P8L7J6UH0HftUtcPTyqKJ',#8009,'main piece','IPE160','IPE160',#8849,#8851,'b/786');
#8853= IFCLOCALPLACEMENT(#42,#10);
#8854= IFCELEMENTASSEMBLY('3ztgv$JfXA1gv9iykjSswW',#8009,'BEAM',$,$,#8853,$,'B/891',.NOTDEFINED.,.RIGID_FRAME.);
#8855= IFCCARTESIANPOINT((65875.0035400391,26600.4524536133,56770.));
#8856= IFCAXIS2PLACEMENT3D(#8855,#9,#8);
#8857= IFCLOCALPLACEMENT(#8853,#8856);
#8858= IFCSHAPEREPRESENTATION(#12,'Body','SweptSolid',(#8800));
#8859= IFCPRODUCTDEFINITIONSHAPE($,$,(#8858));
#8860= IFCBEAM('01aQXq_jnDoBaNR5rLyCTD',#8009,'main piece','IPE160','IPE160',#8857,#8859,'b/786');
#8861= IFCLOCALPLACEMENT(#42,#10);
#8862= IFCELEMENTASSEMBLY('0Az4NJFS10dg3VkF$WYwv3',#8009,'BEAM',$,$,#8861,$,'B/892',.NOTDEFINED.,.RIGID_FRAME.);
#8863= IFCPROPERTYSINGLEVALUE('AssemblyMark',$,IFCIDENTIFIER('B/892'),$);
#8864= IFCPROPERTYSET('23w6Wf_J9Eaxs$XlvXG6Ua',#5,'AISC_EM11_Pset_AssemblyIdentification','AssemblyIdentity',(#8863,#52,#53));
#8865= IFCCARTESIANPOINT((63749.5228881836,26597.6600952148,56770.));
#8866= IFCAXIS2PLACEMENT3D(#8865,#9,#8);
#8867= IFCLOCALPLACEMENT(#8861,#8866);
#8868= IFCCARTESIANPOINT((597.843170166016,0.,0.));
#8869= IFCAXIS2PLACEMENT3D(#8868,#4320,#740);
#8870= IFCEXTRUDEDAREASOLID(#8063,#8869,#9,597.84);
#8871= IFCSHAPEREPRESENTATION(#12,'Body','SweptSolid',(#8870));
#8872= IFCPRODUCTDEFINITIONSHAPE($,$,(#8871));
#8873= IFCBEAM('1n7m8YPY1BGukkcKKOMVZU',#8009,'main piece','IPE160','IPE160',#8867,#8872,'b/787');
#8874= IFCPROPERTYSINGLEVALUE('IndicationMark',$,IFCIDENTIFIER('b/787'),$);
#8875= IFCPROPERTYSET('12RNRL54P749Y9myo76OWr',#5,'AISC_EM11_Pset_PieceIdentification','PieceIdentity',(#6094,#8874,#424,#700));
#8876= IFCLOCALPLACEMENT(#42,#10);
#8877= IFCELEMENTASSEMBLY('3VcsF338n14B4zWPlh5Qcl',#8009,'BEAM',$,$,#8876,$,'B/891',.NOTDEFINED.,.RIGID_FRAME.);
#8878= IFCCARTESIANPOINT((61625.0035400391,27195.5032653809,56770.));
#8879= IFCAXIS2PLACEMENT3D(#8878,#9,#740);
#8880= IFCLOCALPLACEMENT(#8876,#8879);
#8881= IFCSHAPEREPRESENTATION(#12,'Body','SweptSolid',(#8813));
#8882= IFCPRODUCTDEFINITIONSHAPE($,$,(#8881));
#8883= IFCBEAM('01PmZj3M926hEveGT7W$Tw',#8009,'main piece','IPE160','IPE160',#8880,#8882,'b/786');
#8884= IFCLOCALPLACEMENT(#42,#10);
#8885= IFCELEMENTASSEMBLY('1AH6xw4rb0LxPVNhdPxgOV',#8009,'BEAM',$,$,#8884,$,'B/891',.NOTDEFINED.,.RIGID_FRAME.);
#8886= IFCCARTESIANPOINT((59500.,26600.5020446777,56770.));
#8887= IFCAXIS2PLACEMENT3D(#8886,#9,#8);
#8888= IFCLOCALPLACEMENT(#8884,#8887);
#8889= IFCSHAPEREPRESENTATION(#12,'Body','SweptSolid',(#8813));
#8890= IFCPRODUCTDEFINITIONSHAPE($,$,(#8889));
#8891= IFCBEAM('3FkTjFYATCf9eLI7BKEX2m',#8009,'main piece','IPE160','IPE160',#8888,#8890,'b/786');
#8892= IFCLOCALPLACEMENT(#42,#10);
#8893= IFCELEMENTASSEMBLY('1cL1$dVWLEmfo9Tpu73HVA',#8009,'BEAM',$,$,#8892,$,'B/891',.NOTDEFINED.,.RIGID_FRAME.);
#8894= IFCCARTESIANPOINT((57374.9997253418,27195.5032653809,56770.));
#8895= IFCAXIS2PLACEMENT3D(#8894,#9,#740);
#8896= IFCLOCALPLACEMENT(#8892,#8895);
#8897= IFCSHAPEREPRESENTATION(#12,'Body','SweptSolid',(#8813));
#8898= IFCPRODUCTDEFINITIONSHAPE($,$,(#8897));
#8899= IFCBEAM('0YmLPTS4vFEf4CXxSCz_0e',#8009,'main piece','IPE160','IPE160',#8896,#8898,'b/786');
#8900= IFCLOCALPLACEMENT(#42,#10);
#8901= IFCELEMENTASSEMBLY('2WB3M4Z8vDw9AS2ONoTotB',#8009,'BEAM',$,$,#8900,$,'B/891',.NOTDEFINED.,.RIGID_FRAME.);
#8902= IFCCARTESIANPOINT((55249.9997253418,26600.5020446777,56770.));
#8903= IFCAXIS2PLACEMENT3D(#8902,#9,#8);
#8904= IFCLOCALPLACEMENT(#8900,#8903);
#8905= IFCSHAPEREPRESENTATION(#12,'Body','SweptSolid',(#8813));
#8906= IFCPRODUCTDEFINITIONSHAPE($,$,(#8905));
#8907= IFCBEAM('2e6WU3ewX10hSHnLXAxOAK',#8009,'main piece','IPE160','IPE160',#8904,#8906,'b/786');
#8908= IFCLOCALPLACEMENT(#42,#10);
#8909= IFCELEMENTASSEMBLY('0_eNwklLf0MgddHEGR1QOW',#8009,'BEAM',$,$,#8908,$,'B/891',.NOTDEFINED.,.RIGID_FRAME.);
#8910= IFCCARTESIANPOINT((53124.9997253418,26599.6055908203,56770.));
#8911= IFCAXIS2PLACEMENT3D(#8910,#9,#8);
#8912= IFCLOCALPLACEMENT(#8908,#8911);
#8913= IFCCARTESIANPOINT((595.897674560547,0.,0.));
#8914= IFCAXIS2PLACEMENT3D(#8913,#4320,#740);
#8915= IFCEXTRUDEDAREASOLID(#8063,#8914,#9,595.9);
#8916= IFCSHAPEREPRESENTATION(#12,'Body','SweptSolid',(#8915));
#8917= IFCPRODUCTDEFINITIONSHAPE($,$,(#8916));
#8918= IFCBEAM('1ENR6$u3nFKAcPGsOpPMNe',#8009,'main piece','IPE160','IPE160',#8912,#8917,'b/786');
#8919= IFCLOCALPLACEMENT(#42,#10);
#8920= IFCELEMENTASSEMBLY('3fTqTQENrCtfnojaEKWyam',#8009,'BEAM',$,$,#8919,$,'B/891',.NOTDEFINED.,.RIGID_FRAME.);
#8921= IFCCARTESIANPOINT((51000.,26600.3074951172,56770.));
#8922= IFCAXIS2PLACEMENT3D(#8921,#9,#8);
#8923= IFCLOCALPLACEMENT(#8919,#8922);
#8924= IFCCARTESIANPOINT((595.195770263672,0.,0.));
#8925= IFCAXIS2PLACEMENT3D(#8924,#4320,#740);
#8926= IFCEXTRUDEDAREASOLID(#8063,#8925,#9,595.2);
#8927= IFCSHAPEREPRESENTATION(#12,'Body','SweptSolid',(#8926));
#8928= IFCPRODUCTDEFINITIONSHAPE($,$,(#8927));
#8929= IFCBEAM('3qzwpqXa94UBPcfi8aNd62',#8009,'main piece','IPE160','IPE160',#8923,#8928,'b/786');
#8930= IFCLOCALPLACEMENT(#42,#10);
#8931= IFCELEMENTASSEMBLY('15jdSgtRX72fu3vp6zH5yj',#8009,'BEAM',$,$,#8930,$,'B/891',.NOTDEFINED.,.RIGID_FRAME.);
#8932= IFCCARTESIANPOINT((48874.9997253418,26600.6050415039,56770.));
#8933= IFCAXIS2PLACEMENT3D(#8932,#9,#8);
#8934= IFCLOCALPLACEMENT(#8930,#8933);
#8935= IFCSHAPEREPRESENTATION(#12,'Body','SweptSolid',(#8824));
#8936= IFCPRODUCTDEFINITIONSHAPE($,$,(#8935));
#8937= IFCBEAM('2ktoL1cv11XRxNxsrs9wvX',#8009,'main piece','IPE160','IPE160',#8934,#8936,'b/786');
#8938= IFCLOCALPLACEMENT(#42,#10);
#8939= IFCELEMENTASSEMBLY('1mrRMexff9fPtdEydAd6_L',#8009,'BEAM',$,$,#8938,$,'B/891',.NOTDEFINED.,.RIGID_FRAME.);
#8940= IFCCARTESIANPOINT((46749.9997253418,26600.6050415039,56770.));
#8941= IFCAXIS2PLACEMENT3D(#8940,#9,#8);
#8942= IFCLOCALPLACEMENT(#8938,#8941);
#8943= IFCSHAPEREPRESENTATION(#12,'Body','SweptSolid',(#8824));
#8944= IFCPRODUCTDEFINITIONSHAPE($,$,(#8943));
#8945= IFCBEAM('1$JGM7wr10WO7Q$g_zLNZe',#8009,'main piece','IPE160','IPE160',#8942,#8944,'b/786');
#8946= IFCLOCALPLACEMENT(#42,#10);
#8947= IFCELEMENTASSEMBLY('1IE$nSfw97H8QKNTQrRHNR',#8009,'BEAM',$,$,#8946,$,'B/891',.NOTDEFINED.,.RIGID_FRAME.);
#8948= IFCCARTESIANPOINT((44624.9997253418,26600.6050415039,56770.));
#8949= IFCAXIS2PLACEMENT3D(#8948,#9,#8);
#8950= IFCLOCALPLACEMENT(#8946,#8949);
#8951= IFCSHAPEREPRESENTATION(#12,'Body','SweptSolid',(#8824));
#8952= IFCPRODUCTDEFINITIONSHAPE($,$,(#8951));
#8953= IFCBEAM('2KRJhmMZj92QJI5IJyceDb',#8009,'main piece','IPE160','IPE160',#8950,#8952,'b/786');
#8954= IFCLOCALPLACEMENT(#42,#10);
#8955= IFCELEMENTASSEMBLY('0kJ_gGKpX5qRlQIL_ghNeb',#8009,'BEAM',$,$,#8954,$,'B/891',.NOTDEFINED.,.RIGID_FRAME.);
#8956= IFCCARTESIANPOINT((42500.,26600.5020446777,56770.));
#8957= IFCAXIS2PLACEMENT3D(#8956,#9,#8);
#8958= IFCLOCALPLACEMENT(#8954,#8957);
#8959= IFCSHAPEREPRESENTATION(#12,'Body','SweptSolid',(#8813));
#8960= IFCPRODUCTDEFINITIONSHAPE($,$,(#8959));
#8961= IFCBEAM('3CWMk_PsL6BuDCFNbDRcqK',#8009,'main piece','IPE160','IPE160',#8958,#8960,'b/786');
#8962= IFCLOCALPLACEMENT(#42,#10);
#8963= IFCELEMENTASSEMBLY('0t5p5viML4HvHbC6sfVTGY',#8009,'BEAM',$,$,#8962,$,'B/891',.NOTDEFINED.,.RIGID_FRAME.);
#8964= IFCCARTESIANPOINT((40374.9997253418,26600.5020446777,56770.));
#8965= IFCAXIS2PLACEMENT3D(#8964,#9,#8);
#8966= IFCLOCALPLACEMENT(#8962,#8965);
#8967= IFCSHAPEREPRESENTATION(#12,'Body','SweptSolid',(#8813));
#8968= IFCPRODUCTDEFINITIONSHAPE($,$,(#8967));
#8969= IFCBEAM('36sUMmear1MBoPhObWTaUE',#8009,'main piece','IPE160','IPE160',#8966,#8968,'b/786');
#8970= IFCLOCALPLACEMENT(#42,#10);
#8971= IFCELEMENTASSEMBLY('3KBqeP4o98_QTu0RlAjby4',#8009,'BEAM',$,$,#8970,$,'B/892',.NOTDEFINED.,.RIGID_FRAME.);
#8972= IFCCARTESIANPOINT((38249.9997253418,26597.6143188477,56770.));
#8973= IFCAXIS2PLACEMENT3D(#8972,#9,#8);
#8974= IFCLOCALPLACEMENT(#8970,#8973);
#8975= IFCCARTESIANPOINT((597.888946533203,0.,0.));
#8976= IFCAXIS2PLACEMENT3D(#8975,#4320,#740);
#8977= IFCEXTRUDEDAREASOLID(#8063,#8976,#9,597.89);
#8978= IFCSHAPEREPRESENTATION(#12,'Body','SweptSolid',(#8977));
#8979= IFCPRODUCTDEFINITIONSHAPE($,$,(#8978));
#8980= IFCBEAM('0tT2NlEqT5Ow$GN4xUG7Un',#8009,'main piece','IPE160','IPE160',#8974,#8979,'b/787');
#8981= IFCLOCALPLACEMENT(#42,#10);
#8982= IFCELEMENTASSEMBLY('315r3decv2MugHqwKt13GC',#8009,'BEAM',$,$,#8981,$,'B/891',.NOTDEFINED.,.RIGID_FRAME.);
#8983= IFCCARTESIANPOINT((36124.9997253418,26600.4677124023,56770.));
#8984= IFCAXIS2PLACEMENT3D(#8983,#9,#8);
#8985= IFCLOCALPLACEMENT(#8981,#8984);
#8986= IFCCARTESIANPOINT((595.035552978516,0.,0.));
#8987= IFCAXIS2PLACEMENT3D(#8986,#4320,#740);
#8988= IFCEXTRUDEDAREASOLID(#8063,#8987,#9,595.04);
#8989= IFCSHAPEREPRESENTATION(#12,'Body','SweptSolid',(#8988));
#8990= IFCPRODUCTDEFINITIONSHAPE($,$,(#8989));
#8991= IFCBEAM('2YHAiIULL919Jq8vF1B1Pr',#8009,'main piece','IPE160','IPE160',#8985,#8990,'b/786');
#8992= IFCLOCALPLACEMENT(#42,#10);
#8993= IFCELEMENTASSEMBLY('2Y_NjFFET96xO7EkL9$54W',#8009,'BEAM',$,$,#8992,$,'B/891',.NOTDEFINED.,.RIGID_FRAME.);
#8994= IFCCARTESIANPOINT((34000.,26600.4524536133,56770.));
#8995= IFCAXIS2PLACEMENT3D(#8994,#9,#8);
#8996= IFCLOCALPLACEMENT(#8992,#8995);
#8997= IFCSHAPEREPRESENTATION(#12,'Body','SweptSolid',(#8800));
#8998= IFCPRODUCTDEFINITIONSHAPE($,$,(#8997));
#8999= IFCBEAM('23bC6zBY1BMQJNQ$DA3DXP',#8009,'main piece','IPE160','IPE160',#8996,#8998,'b/786');
#9000= IFCLOCALPLACEMENT(#42,#10);
#9001= IFCELEMENTASSEMBLY('03iZ4ZR7f8TxOpRH0y7qUC',#8009,'BEAM',$,$,#9000,$,'B/891',.NOTDEFINED.,.RIGID_FRAME.);
#9002= IFCCARTESIANPOINT((31874.9997253418,26600.5020446777,56770.));
#9003= IFCAXIS2PLACEMENT3D(#9002,#9,#8);
#9004= IFCLOCALPLACEMENT(#9000,#9003);
#9005= IFCSHAPEREPRESENTATION(#12,'Body','SweptSolid',(#8813));
#9006= IFCPRODUCTDEFINITIONSHAPE($,$,(#9005));
#9007= IFCBEAM('3zj04hkNXBZRwoN4Z3I6xu',#8009,'main piece','IPE160','IPE160',#9004,#9006,'b/786');
#9008= IFCLOCALPLACEMENT(#42,#10);
#9009= IFCELEMENTASSEMBLY('2kIFp1SnT0_OQtwnTWO7WU',#8009,'BEAM',$,$,#9008,$,'B/891',.NOTDEFINED.,.RIGID_FRAME.);
#9010= IFCCARTESIANPOINT((29749.9997253418,26600.6050415039,56770.));
#9011= IFCAXIS2PLACEMENT3D(#9010,#9,#8);
#9012= IFCLOCALPLACEMENT(#9008,#9011);
#9013= IFCSHAPEREPRESENTATION(#12,'Body','SweptSolid',(#8824));
#9014= IFCPRODUCTDEFINITIONSHAPE($,$,(#9013));
#9015= IFCBEAM('37RSSFifn8rfBTadoCZawa',#8009,'main piece','IPE160','IPE160',#9012,#9014,'b/786');
#9016= IFCLOCALPLACEMENT(#42,#10);
#9017= IFCELEMENTASSEMBLY('3bsmkuAZ94AhxoUjE2nHTE',#7441,'BEAM',$,$,#9016,$,'B/891',.NOTDEFINED.,.RIGID_FRAME.);
#9018= IFCCARTESIANPOINT((27624.9997253418,26600.5020446777,56770.));
#9019= IFCAXIS2PLACEMENT3D(#9018,#9,#8);
#9020= IFCLOCALPLACEMENT(#9016,#9019);
#9021= IFCSHAPEREPRESENTATION(#12,'Body','SweptSolid',(#8813));
#9022= IFCPRODUCTDEFINITIONSHAPE($,$,(#9021));
#9023= IFCBEAM('00r5SaWwH5L8phS7R2X8qA',#7441,'main piece','IPE160','IPE160',#9020,#9022,'b/786');
#9024= IFCLOCALPLACEMENT(#42,#10);
#9025= IFCELEMENTASSEMBLY('034ODiNRPBChnJfKMWIraR',#8009,'BEAM',$,$,#9024,$,'B/891',.NOTDEFINED.,.RIGID_FRAME.);
#9026= IFCCARTESIANPOINT((25499.9997253418,26600.5020446777,56770.));
#9027= IFCAXIS2PLACEMENT3D(#9026,#9,#8);
#9028= IFCLOCALPLACEMENT(#9024,#9027);
#9029= IFCSHAPEREPRESENTATION(#12,'Body','SweptSolid',(#8813));
#9030= IFCPRODUCTDEFINITIONSHAPE($,$,(#9029));
#9031= IFCBEAM('0ylJSBlmH2DRpFO2BsiEg1',#8009,'main piece','IPE160','IPE160',#9028,#9030,'b/786');
#9032= IFCCARTESIANPOINT((23200.0863189697,26589.6105727993,56770.));
#9033= IFCAXIS2PLACEMENT3D(#9032,#9,#8);
#9034= IFCLOCALPLACEMENT(#7705,#9033);
#9035= IFCCARTESIANPOINT((605.892181396484,0.,0.));
#9036= IFCAXIS2PLACEMENT3D(#9035,#4320,#740);
#9037= IFCEXTRUDEDAREASOLID(#8063,#9036,#9,553.35);
#9038= IFCCARTESIANPOINT((52.5372051409686,0.,-180.));
#9039= IFCAXIS2PLACEMENT3D(#9038,#7,#740);
#9040= IFCPLANE(#9039);
#9041= IFCHALFSPACESOLID(#9040,.T.);
#9042= IFCBOOLEANCLIPPINGRESULT(.DIFFERENCE.,#9037,#9041);
#9043= IFCSHAPEREPRESENTATION(#12,'Body','Clipping',(#9042));
#9044= IFCPRODUCTDEFINITIONSHAPE($,$,(#9043));
#9045= IFCBEAM('32SQ2ZMj5D_8LKh4nRGCAU',#7441,'main piece','IPE160','IPE160',#9034,#9044,'b/1332');
#9046= IFCLOCALPLACEMENT(#7705,#9033);
#9047= IFCRECTANGLEPROFILEDEF(.AREA.,'PL22*69.5',#73,22.,69.5);
#9048= IFCCARTESIANPOINT((46.5372051409686,-42.,-70.));
#9049= IFCAXIS2PLACEMENT3D(#9048,#8,#57);
#9050= IFCEXTRUDEDAREASOLID(#9047,#9049,#9,84.);
#9051= IFCSHAPEREPRESENTATION(#12,'Body','SweptSolid',(#9050));
#9052= IFCPRODUCTDEFINITIONSHAPE($,$,(#9051));
#9053= IFCOPENINGELEMENT('1lrjkexF19IP_fGLC2gJaz',#5,$,$,'Recess',#9046,#9052,$);
#9054= IFCRELVOIDSELEMENT('283jJa1kP7vhN8ATGGN50X',#5,$,$,#9045,#9053);
#9055= IFCPROPERTYSINGLEVALUE('RectangleOpeningHeight',$,IFCPOSITIVELENGTHMEASURE(69.5),$);
#9056= IFCPROPERTYSET('2jE5yKvtnDXwMwVwJi7xur',#5,'AISC_EM11_Pset_Opening/Cope',$,(#7663,#7676,#9055,#420));
#9057= IFCLOCALPLACEMENT(#7705,#9033);
#9058= IFCCARTESIANPOINT((46.5372051409686,-42.,70.));
#9059= IFCAXIS2PLACEMENT3D(#9058,#8,#57);
#9060= IFCEXTRUDEDAREASOLID(#9047,#9059,#9,84.);
#9061= IFCSHAPEREPRESENTATION(#12,'Body','SweptSolid',(#9060));
#9062= IFCPRODUCTDEFINITIONSHAPE($,$,(#9061));
#9063= IFCOPENINGELEMENT('0_1ydcF0fFj9D$e9S5gSWL',#5,$,$,'Recess',#9057,#9062,$);
#9064= IFCRELVOIDSELEMENT('3Nwb$3FEP16O4dyRTVKs2o',#5,$,$,#9045,#9063);
#9065= IFCLOCALPLACEMENT(#7705,#7710);
#9066= IFCCARTESIANPOINT((0.,-2.6,0.));
#9067= IFCAXIS2PLACEMENT3D(#9066,#8,#7);
#9068= IFCEXTRUDEDAREASOLID(#404,#9067,#9,5.2);
#9069= IFCSHAPEREPRESENTATION(#12,'Body','SweptSolid',(#9068));
#9070= IFCREPRESENTATIONMAP(#10,#9069);
#9071= IFCMAPPEDITEM(#9070,#7462);
#9072= IFCMAPPEDITEM(#9070,#7467);
#9073= IFCMAPPEDITEM(#9070,#7470);
#9074= IFCSHAPEREPRESENTATION(#12,'Body','MappedRepresentation',(#9071,#9072,#9073));
#9075= IFCPRODUCTDEFINITIONSHAPE($,$,(#9074));
#9076= IFCOPENINGELEMENT('3LRA21tb5FrhgeHNl4I$QG',#5,$,$,'Opening',#9065,#9075,$);
#9077= IFCRELVOIDSELEMENT('1W56xfgRPAMAUxP9v06syL',#5,'Drill Hole',$,#9045,#9076);
#9078= IFCPROPERTYSINGLEVALUE('IndicationMark',$,IFCIDENTIFIER('b/1332'),$);
#9079= IFCPROPERTYSET('3mjpEEKgj5xAVFCtRyTX06',#5,'AISC_EM11_Pset_PieceIdentification','PieceIdentity',(#6094,#9078,#424,#700));
#9080= IFCLOCALPLACEMENT(#42,#10);
#9081= IFCELEMENTASSEMBLY('1sZCJOqRH99e$TXbjcuddn',#8009,'BEAM',$,$,#9080,$,'B/930',.NOTDEFINED.,.RIGID_FRAME.);
#9082= IFCCARTESIANPOINT((20775.0002975464,25690.8698043667,56770.));
#9083= IFCAXIS2PLACEMENT3D(#9082,#9,#8);
#9084= IFCLOCALPLACEMENT(#9080,#9083);
#9085= IFCSHAPEREPRESENTATION(#12,'Body','SweptSolid',(#8787));
#9086= IFCPRODUCTDEFINITIONSHAPE($,$,(#9085));
#9087= IFCBEAM('0sEYiUOcnF_RRPJgqfzAY6',#8009,'main piece','IPE160','IPE160',#9084,#9086,'b/826');
#9088= IFCLOCALPLACEMENT(#42,#10);
#9089= IFCELEMENTASSEMBLY('3L9SCSREzA49pyNT6vjv5p',#8009,'BEAM',$,$,#9088,$,'B/930',.NOTDEFINED.,.RIGID_FRAME.);
#9090= IFCCARTESIANPOINT((18351.5013165721,25690.8698043667,56770.));
#9091= IFCDIRECTION((0.0023254140005143,0.999997296221208,0.));
#9092= IFCAXIS2PLACEMENT3D(#9090,#9,#9091);
#9093= IFCLOCALPLACEMENT(#9088,#9092);
#9094= IFCCARTESIANPOINT((1504.63752922071,0.,-7.27595761418343E-12));
#9095= IFCAXIS2PLACEMENT3D(#9094,#4320,#740);
#9096= IFCEXTRUDEDAREASOLID(#8063,#9095,#9,1504.64);
#9097= IFCSHAPEREPRESENTATION(#12,'Body','SweptSolid',(#9096));
#9098= IFCPRODUCTDEFINITIONSHAPE($,$,(#9097));
#9099= IFCBEAM('0dNhHuQ$DDivkzwdtftuHl',#8009,'main piece','IPE160','IPE160',#9093,#9098,'b/826');
#9100= IFCLOCALPLACEMENT(#42,#10);
#9101= IFCELEMENTASSEMBLY('0wiK1sAajF5hssn4mtTGng',#8009,'BEAM',$,$,#9100,$,'B/888',.NOTDEFINED.,.RIGID_FRAME.);
#9102= IFCCARTESIANPOINT((15901.7006988525,27248.0061645508,56770.));
#9103= IFCAXIS2PLACEMENT3D(#9102,#9,#7);
#9104= IFCLOCALPLACEMENT(#9100,#9103);
#9105= IFCCARTESIANPOINT((70197.1263885498,0.,0.));
#9106= IFCAXIS2PLACEMENT3D(#9105,#4320,#740);
#9107= IFCEXTRUDEDAREASOLID(#7642,#9106,#9,70197.13);
#9108= IFCSHAPEREPRESENTATION(#12,'Body','SweptSolid',(#9107));
#9109= IFCPRODUCTDEFINITIONSHAPE($,$,(#9108));
#9110= IFCBEAM('3Svm4JrGXB285CAhf6zY0U',#8009,'main piece','UPN160','UPN160',#9104,#9109,'b/783');
#9111= IFCOWNERHISTORY(#3,#4,$,.NOCHANGE.,$,$,$,1778270400);
#9112= IFCLOCALPLACEMENT(#42,#10);
#9113= IFCELEMENTASSEMBLY('3KOZlUUCjBOhJsN3oVTX5s',#9111,'COLUMN',$,$,#9112,$,'C/109',.NOTDEFINED.,.RIGID_FRAME.);
#9114= IFCPROPERTYSINGLEVALUE('AssemblyMark',$,IFCIDENTIFIER('C/109'),$);
#9115= IFCPROPERTYSET('2r3q_ZIYL8xv_2Es8iJitI',#5,'AISC_EM11_Pset_AssemblyIdentification','AssemblyIdentity',(#9114,#52,#53));
#9116= IFCCARTESIANPOINT((84999.9994506836,0.210482605201832,37200.));
#9117= IFCAXIS2PLACEMENT3D(#9116,#9,#8);
#9118= IFCLOCALPLACEMENT(#9112,#9117);
#9119= IFCRECTANGLEHOLLOWPROFILEDEF(.AREA.,'[]450*38',#73,450.,450.,38.,38.,76.);
#9120= IFCCARTESIANPOINT((0.,0.,19649.9999995805));
#9121= IFCAXIS2PLACEMENT3D(#9120,#57,#8);
#9122= IFCEXTRUDEDAREASOLID(#9119,#9121,#9,19650.);
#9123= IFCSHAPEREPRESENTATION(#12,'Body','SweptSolid',(#9122));
#9124= IFCPRODUCTDEFINITIONSHAPE($,$,(#9123));
#9125= IFCCOLUMN('2JsIjpw4j3BfreMlcGs5CY',#9111,'main piece','[]450*38','[]450*38',#9118,#9124,'c/15');
#9126= IFCPROPERTYSINGLEVALUE('IndicationMark',$,IFCIDENTIFIER('c/15'),$);
#9127= IFCPROPERTYSET('3_W3zgBpX5OhnE5$tHB5FT',#5,'AISC_EM11_Pset_PieceIdentification','PieceIdentity',(#6421,#9126,#424,#700));
#9128= IFCLOCALPLACEMENT(#42,#10);
#9129= IFCELEMENTASSEMBLY('2xxeFAS2bB1OCLpjfun3PD',#9111,'COLUMN',$,$,#9128,$,'C/109',.NOTDEFINED.,.RIGID_FRAME.);
#9130= IFCCARTESIANPOINT((84999.9994506836,25500.2104826052,37200.));
#9131= IFCAXIS2PLACEMENT3D(#9130,#9,#8);
#9132= IFCLOCALPLACEMENT(#9128,#9131);
#9133= IFCSHAPEREPRESENTATION(#12,'Body','SweptSolid',(#9122));
#9134= IFCPRODUCTDEFINITIONSHAPE($,$,(#9133));
#9135= IFCCOLUMN('1vADNxBuT1Vgw8G$elAfTd',#9111,'main piece','[]450*38','[]450*38',#9132,#9134,'c/15');
#9136= IFCOWNERHISTORY(#3,#4,$,.NOCHANGE.,$,$,$,1776459600);
#9137= IFCLOCALPLACEMENT(#42,#10);
#9138= IFCELEMENTASSEMBLY('3CUzzPZ9D3XvPZBN01qlGp',#9136,'COLUMN',$,$,#9137,$,'C/109',.NOTDEFINED.,.RIGID_FRAME.);
#9139= IFCCARTESIANPOINT((17000.,0.210482605201832,37200.));
#9140= IFCAXIS2PLACEMENT3D(#9139,#9,#8);
#9141= IFCLOCALPLACEMENT(#9137,#9140);
#9142= IFCSHAPEREPRESENTATION(#12,'Body','SweptSolid',(#9122));
#9143= IFCPRODUCTDEFINITIONSHAPE($,$,(#9142));
#9144= IFCCOLUMN('26NUmuvIHETQyA0s3aarlx',#9136,'main piece','[]450*38','[]450*38',#9141,#9143,'c/15');
#9145= IFCOWNERHISTORY(#3,#4,$,.NOCHANGE.,$,$,$,1776373200);
#9146= IFCLOCALPLACEMENT(#42,#10);
#9147= IFCELEMENTASSEMBLY('3jO$hE0zTBcvBnx_36Y6pO',#9145,'COLUMN',$,$,#9146,$,'C/109',.NOTDEFINED.,.RIGID_FRAME.);
#9148= IFCCARTESIANPOINT((16999.9994506836,25500.2104826052,37200.));
#9149= IFCAXIS2PLACEMENT3D(#9148,#9,#8);
#9150= IFCLOCALPLACEMENT(#9146,#9149);
#9151= IFCSHAPEREPRESENTATION(#12,'Body','SweptSolid',(#9122));
#9152= IFCPRODUCTDEFINITIONSHAPE($,$,(#9151));
#9153= IFCCOLUMN('0w9GC9KfH5EQyHZCqDIy1p',#9145,'main piece','[]450*38','[]450*38',#9150,#9152,'c/15');
#9154= IFCOWNERHISTORY(#3,#4,$,.NOCHANGE.,$,$,$,1763485200);
#9155= IFCLOCALPLACEMENT(#42,#10);
#9156= IFCELEMENTASSEMBLY('3W6TTWVqz3zwiVfpx2ErmG',#9154,'BEAM',$,$,#9155,$,'B/636',.NOTDEFINED.,.RIGID_FRAME.);
#9157= IFCPROPERTYSINGLEVALUE('AssemblyMark',$,IFCIDENTIFIER('B/636'),$);
#9158= IFCPROPERTYSET('0GFpAqEBTCdA2KdwqkWAC7',#5,'AISC_EM11_Pset_AssemblyIdentification','AssemblyIdentity',(#9157,#52,#53));
#9159= IFCCARTESIANPOINT((63749.9997253418,8636.59711087984,56715.));
#9160= IFCAXIS2PLACEMENT3D(#9159,#9,#8);
#9161= IFCLOCALPLACEMENT(#9155,#9160);
#9162= IFCISHAPEPROFILEDEF(.AREA.,'IPE270',#73,135.,270.,6.599999905,10.19999981,15.);
#9163= IFCCARTESIANPOINT((8227.99968719482,0.,0.));
#9164= IFCAXIS2PLACEMENT3D(#9163,#4320,#740);
#9165= IFCEXTRUDEDAREASOLID(#9162,#9164,#9,8228.);
#9166= IFCSHAPEREPRESENTATION(#12,'Body','SweptSolid',(#9165));
#9167= IFCPRODUCTDEFINITIONSHAPE($,$,(#9166));
#9168= IFCBEAM('32MTKEC5D4rPP5pVi0XIys',#9154,'main piece','IPE270','IPE270',#9161,#9167,'b/531');
#9169= IFCPROPERTYSINGLEVALUE('IndicationMark',$,IFCIDENTIFIER('b/531'),$);
#9170= IFCPROPERTYSET('0oHcOG7Pj3nQ85fioDywYN',#5,'AISC_EM11_Pset_PieceIdentification','PieceIdentity',(#6094,#9169,#424,#700));
#9171= IFCCARTESIANPOINT((53000.2915496826,9125.15588010591,56715.));
#9172= IFCDIRECTION((-1.44949999989423E-05,0.999999999894947,0.));
#9173= IFCAXIS2PLACEMENT3D(#9171,#9,#9172);
#9174= IFCLOCALPLACEMENT(#1154,#9173);
#9175= IFCCARTESIANPOINT((7237.30087355001,-1.22604645781784E-17,7.27595761418343E-12));
#9176= IFCAXIS2PLACEMENT3D(#9175,#4320,#740);
#9177= IFCEXTRUDEDAREASOLID(#9162,#9176,#9,7237.3);
#9178= IFCDIRECTION((-0.9999988570891,-0.00151189301683679,0.));
#9179= IFCCARTESIANPOINT((7.7176578684539,60.7717079369395,-119.999999999993));
#9180= IFCAXIS2PLACEMENT3D(#9179,#9178,#9);
#9181= IFCPLANE(#9180);
#9182= IFCHALFSPACESOLID(#9181,.F.);
#9183= IFCBOOLEANCLIPPINGRESULT(.DIFFERENCE.,#9177,#9182);
#9184= IFCDIRECTION((0.999998647414283,-0.0016447399808056,0.));
#9185= IFCCARTESIANPOINT((7242.45214762559,-59.1603278667317,-119.999999999993));
#9186= IFCAXIS2PLACEMENT3D(#9185,#9184,#9);
#9187= IFCPLANE(#9186);
#9188= IFCHALFSPACESOLID(#9187,.F.);
#9189= IFCBOOLEANCLIPPINGRESULT(.DIFFERENCE.,#9183,#9188);
#9190= IFCSHAPEREPRESENTATION(#12,'Body','Clipping',(#9189));
#9191= IFCPRODUCTDEFINITIONSHAPE($,$,(#9190));
#9192= IFCBEAM('1okHRHP593oua8gsqwbtAa',#44,'main piece','IPE270','IPE270',#9174,#9191,'b/551(?)');
#9193= IFCLOCALPLACEMENT(#1154,#1160);
#9194= IFCCARTESIANPOINT((0.,-4.23612715429254,0.));
#9195= IFCAXIS2PLACEMENT3D(#9194,#8,#7);
#9196= IFCEXTRUDEDAREASOLID(#404,#9195,#9,6.8);
#9197= IFCSHAPEREPRESENTATION(#12,'Body','SweptSolid',(#9196));
#9198= IFCREPRESENTATIONMAP(#10,#9197);
#9199= IFCMAPPEDITEM(#9198,#86);
#9200= IFCMAPPEDITEM(#9198,#91);
#9201= IFCMAPPEDITEM(#9198,#94);
#9202= IFCSHAPEREPRESENTATION(#12,'Body','MappedRepresentation',(#9199,#9200,#9201));
#9203= IFCPRODUCTDEFINITIONSHAPE($,$,(#9202));
#9204= IFCOPENINGELEMENT('2L_z9I8Ub0kQ1DBKF1Nme6',#5,$,$,'Opening',#9193,#9203,$);
#9205= IFCRELVOIDSELEMENT('0SGL_b0iz99xHZWTMDhPaF',#5,'Drill Hole',$,#9192,#9204);
#9206= IFCLOCALPLACEMENT(#1154,#3292);
#9207= IFCCARTESIANPOINT((0.,-2.46841136282764,0.));
#9208= IFCAXIS2PLACEMENT3D(#9207,#8,#7);
#9209= IFCEXTRUDEDAREASOLID(#404,#9208,#9,6.8);
#9210= IFCSHAPEREPRESENTATION(#12,'Body','SweptSolid',(#9209));
#9211= IFCREPRESENTATIONMAP(#10,#9210);
#9212= IFCMAPPEDITEM(#9211,#86);
#9213= IFCMAPPEDITEM(#9211,#91);
#9214= IFCMAPPEDITEM(#9211,#94);
#9215= IFCSHAPEREPRESENTATION(#12,'Body','MappedRepresentation',(#9212,#9213,#9214));
#9216= IFCPRODUCTDEFINITIONSHAPE($,$,(#9215));
#9217= IFCOPENINGELEMENT('2p0t4KMRr4GPyG1wPj39hN',#5,$,$,'Opening',#9206,#9216,$);
#9218= IFCRELVOIDSELEMENT('0U6mRm35T6APBfDtDRSZfJ',#5,'Drill Hole',$,#9192,#9217);
#9219= IFCPROPERTYSINGLEVALUE('IndicationMark',$,IFCIDENTIFIER('b/551(?)'),$);
#9220= IFCPROPERTYSET('0wnYFrYU975wEKuuyG$0EV',#5,'AISC_EM11_Pset_PieceIdentification','PieceIdentity',(#6094,#9219,#424,#700));
#9221= IFCPROPERTYSINGLEVALUE('SkewedAngleX',$,IFCREAL(-0.08663),$);
#9222= IFCPROPERTYSET('0MsFLwcLv7IQ_5ND9WVump',#5,'AISC_EM11_Pset_SkewedEnd',$,(#702,#9221));
#9223= IFCCARTESIANPOINT((56999.9997253418,9013.7629052524,56715.));
#9224= IFCAXIS2PLACEMENT3D(#9223,#9,#8);
#9225= IFCLOCALPLACEMENT(#45,#9224);
#9226= IFCCARTESIANPOINT((7474.89929199219,0.,0.));
#9227= IFCAXIS2PLACEMENT3D(#9226,#4320,#740);
#9228= IFCEXTRUDEDAREASOLID(#9162,#9227,#9,7474.9);
#9229= IFCDIRECTION((-0.998368955012732,0.0570914150007251,0.));
#9230= IFCCARTESIANPOINT((-1.32734561286998,30.7586639743531,-120.));
#9231= IFCAXIS2PLACEMENT3D(#9230,#9229,#9);
#9232= IFCPLANE(#9231);
#9233= IFCHALFSPACESOLID(#9232,.F.);
#9234= IFCBOOLEANCLIPPINGRESULT(.DIFFERENCE.,#9228,#9233);
#9235= IFCDIRECTION((0.998366961974072,0.0571262569985284,0.));
#9236= IFCCARTESIANPOINT((7481.06646196364,-89.063277160858,-120.));
#9237= IFCAXIS2PLACEMENT3D(#9236,#9235,#9);
#9238= IFCPLANE(#9237);
#9239= IFCHALFSPACESOLID(#9238,.F.);
#9240= IFCBOOLEANCLIPPINGRESULT(.DIFFERENCE.,#9234,#9239);
#9241= IFCSHAPEREPRESENTATION(#12,'Body','Clipping',(#9240));
#9242= IFCPRODUCTDEFINITIONSHAPE($,$,(#9241));
#9243= IFCBEAM('0JAxV0bm13cBGunqx9XoH4',#44,'main piece','IPE270','IPE270',#9225,#9242,'b/600(?)');
#9244= IFCLOCALPLACEMENT(#45,#58);
#9245= IFCCARTESIANPOINT((0.,28.628601104973,0.));
#9246= IFCAXIS2PLACEMENT3D(#9245,#8,#7);
#9247= IFCEXTRUDEDAREASOLID(#404,#9246,#9,6.81);
#9248= IFCSHAPEREPRESENTATION(#12,'Body','SweptSolid',(#9247));
#9249= IFCREPRESENTATIONMAP(#10,#9248);
#9250= IFCMAPPEDITEM(#9249,#86);
#9251= IFCMAPPEDITEM(#9249,#91);
#9252= IFCMAPPEDITEM(#9249,#94);
#9253= IFCSHAPEREPRESENTATION(#12,'Body','MappedRepresentation',(#9250,#9251,#9252));
#9254= IFCPRODUCTDEFINITIONSHAPE($,$,(#9253));
#9255= IFCOPENINGELEMENT('2U9cOwT0L00fpBO4Y3kR3C',#5,$,$,'Opening',#9244,#9254,$);
#9256= IFCRELVOIDSELEMENT('0Aa88xZrH1jQBYMZJBVN_v',#5,'Drill Hole',$,#9243,#9255);
#9257= IFCLOCALPLACEMENT(#45,#2856);
#9258= IFCCARTESIANPOINT((0.,-35.437853769237,0.));
#9259= IFCAXIS2PLACEMENT3D(#9258,#8,#7);
#9260= IFCEXTRUDEDAREASOLID(#404,#9259,#9,6.81);
#9261= IFCSHAPEREPRESENTATION(#12,'Body','SweptSolid',(#9260));
#9262= IFCREPRESENTATIONMAP(#10,#9261);
#9263= IFCMAPPEDITEM(#9262,#86);
#9264= IFCMAPPEDITEM(#9262,#91);
#9265= IFCMAPPEDITEM(#9262,#94);
#9266= IFCSHAPEREPRESENTATION(#12,'Body','MappedRepresentation',(#9263,#9264,#9265));
#9267= IFCPRODUCTDEFINITIONSHAPE($,$,(#9266));
#9268= IFCOPENINGELEMENT('3wgc_vHpHCogzUHELUUnTC',#5,$,$,'Opening',#9257,#9267,$);
#9269= IFCRELVOIDSELEMENT('10_Rukep13bfAQN6_$5r3O',#5,'Drill Hole',$,#9243,#9268);
#9270= IFCPROPERTYSINGLEVALUE('IndicationMark',$,IFCIDENTIFIER('b/600(?)'),$);
#9271= IFCPROPERTYSET('0gfYIFo3H7CQvqtY9JvqvN',#5,'AISC_EM11_Pset_PieceIdentification','PieceIdentity',(#6094,#9270,#424,#700));
#9272= IFCLOCALPLACEMENT(#42,#10);
#9273= IFCELEMENTASSEMBLY('1r9IFRiJr338PoyVaAze0l',#9154,'BEAM',$,$,#9272,$,'B/635',.NOTDEFINED.,.RIGID_FRAME.);
#9274= IFCPROPERTYSINGLEVALUE('AssemblyMark',$,IFCIDENTIFIER('B/635'),$);
#9275= IFCPROPERTYSET('2QUui6OnHF$9UfQyQKDSsz',#5,'AISC_EM11_Pset_AssemblyIdentification','AssemblyIdentity',(#9274,#52,#53));
#9276= IFCCARTESIANPOINT((61621.0019226074,8755.59182370943,56715.));
#9277= IFCAXIS2PLACEMENT3D(#9276,#9,#8);
#9278= IFCLOCALPLACEMENT(#9272,#9277);
#9279= IFCCARTESIANPOINT((7990.40031433105,0.,0.));
#9280= IFCAXIS2PLACEMENT3D(#9279,#4320,#740);
#9281= IFCEXTRUDEDAREASOLID(#9162,#9280,#9,7990.4);
#9282= IFCSHAPEREPRESENTATION(#12,'Body','SweptSolid',(#9281));
#9283= IFCPRODUCTDEFINITIONSHAPE($,$,(#9282));
#9284= IFCBEAM('289AOLWjT31v4ZMkNn0wnO',#9154,'main piece','IPE270','IPE270',#9278,#9283,'b/530');
#9285= IFCPROPERTYSINGLEVALUE('IndicationMark',$,IFCIDENTIFIER('b/530'),$);
#9286= IFCPROPERTYSET('1_PvqdExr3xBD5TBD36Iww',#5,'AISC_EM11_Pset_PieceIdentification','PieceIdentity',(#6094,#9285,#424,#700));
#9287= IFCLOCALPLACEMENT(#42,#10);
#9288= IFCELEMENTASSEMBLY('01J_QB_kz5zP3mnqAtqEBc',#9154,'BEAM',$,$,#9287,$,'B/680',.NOTDEFINED.,.RIGID_FRAME.);
#9289= IFCPROPERTYSINGLEVALUE('AssemblyMark',$,IFCIDENTIFIER('B/680'),$);
#9290= IFCPROPERTYSET('2BsNCZCa53fAaVVM3Kvi76',#5,'AISC_EM11_Pset_AssemblyIdentification','AssemblyIdentity',(#9289,#52,#53));
#9291= IFCCARTESIANPOINT((78913.0437011719,8116.64629687094,56699.9981994629));
#9292= IFCAXIS2PLACEMENT3D(#9291,#9,#7);
#9293= IFCLOCALPLACEMENT(#9287,#9292);
#9294= IFCISHAPEPROFILEDEF(.AREA.,'IPE300',#73,150.,300.,7.099999905,10.69999981,15.);
#9295= IFCCARTESIANPOINT((5900.,0.,0.));
#9296= IFCAXIS2PLACEMENT3D(#9295,#4320,#740);
#9297= IFCEXTRUDEDAREASOLID(#9294,#9296,#9,5900.);
#9298= IFCSHAPEREPRESENTATION(#12,'Body','SweptSolid',(#9297));
#9299= IFCPRODUCTDEFINITIONSHAPE($,$,(#9298));
#9300= IFCBEAM('2ts7_j2oH5vQq8tN7EguYf',#9154,'main piece','IPE300','IPE300',#9293,#9299,'b/575');
#9301= IFCPROPERTYSINGLEVALUE('IndicationMark',$,IFCIDENTIFIER('b/575'),$);
#9302= IFCPROPERTYSET('08rj__3BDFHf$JB6opfzeS',#5,'AISC_EM11_Pset_PieceIdentification','PieceIdentity',(#6094,#9301,#424,#700));
#9303= IFCLOCALPLACEMENT(#42,#10);
#9304= IFCELEMENTASSEMBLY('1XA4u2$kz5YP1pK8GSUNhq',#9154,'BEAM',$,$,#9303,$,'B/679',.NOTDEFINED.,.RIGID_FRAME.);
#9305= IFCPROPERTYSINGLEVALUE('AssemblyMark',$,IFCIDENTIFIER('B/679'),$);
#9306= IFCPROPERTYSET('2gTT8wEcH4Tf5f9KBDjG3a',#5,'AISC_EM11_Pset_AssemblyIdentification','AssemblyIdentity',(#9305,#52,#53));
#9307= IFCCARTESIANPOINT((78912.9826660156,17380.2055856113,56699.9981994629));
#9308= IFCAXIS2PLACEMENT3D(#9307,#9,#7);
#9309= IFCLOCALPLACEMENT(#9303,#9308);
#9310= IFCCARTESIANPOINT((5892.08984375,0.,0.));
#9311= IFCAXIS2PLACEMENT3D(#9310,#4320,#740);
#9312= IFCEXTRUDEDAREASOLID(#9294,#9311,#9,5892.09);
#9313= IFCSHAPEREPRESENTATION(#12,'Body','SweptSolid',(#9312));
#9314= IFCPRODUCTDEFINITIONSHAPE($,$,(#9313));
#9315= IFCBEAM('3jImsxdaH0_x7T$SClm7fx',#9154,'main piece','IPE300','IPE300',#9309,#9314,'b/574');
#9316= IFCPROPERTYSINGLEVALUE('IndicationMark',$,IFCIDENTIFIER('b/574'),$);
#9317= IFCPROPERTYSET('22IzPBSw1EluCN1$A3wGa_',#5,'AISC_EM11_Pset_PieceIdentification','PieceIdentity',(#6094,#9316,#424,#700));
#9318= IFCLOCALPLACEMENT(#42,#10);
#9319= IFCELEMENTASSEMBLY('1uwrv2$aX1tu53kxIChU2Z',#9154,'BEAM',$,$,#9318,$,'B/611',.NOTDEFINED.,.RIGID_FRAME.);
#9320= IFCPROPERTYSINGLEVALUE('AssemblyMark',$,IFCIDENTIFIER('B/611'),$);
#9321= IFCPROPERTYSET('1eop2QC$P1f9JlVJfm4bjB',#5,'AISC_EM11_Pset_AssemblyIdentification','AssemblyIdentity',(#9320,#52,#53));
#9322= IFCCARTESIANPOINT((82767.6999206543,17475.2058526401,56714.9981994629));
#9323= IFCAXIS2PLACEMENT3D(#9322,#9,#8);
#9324= IFCLOCALPLACEMENT(#9318,#9323);
#9325= IFCCARTESIANPOINT((7120.01609802246,0.,0.));
#9326= IFCAXIS2PLACEMENT3D(#9325,#4320,#740);
#9327= IFCEXTRUDEDAREASOLID(#9162,#9326,#9,7120.02);
#9328= IFCSHAPEREPRESENTATION(#12,'Body','SweptSolid',(#9327));
#9329= IFCPRODUCTDEFINITIONSHAPE($,$,(#9328));
#9330= IFCBEAM('24GItvkjr3ghID_6wYns1k',#9154,'main piece','IPE270','IPE270',#9324,#9329,'b/506');
#9331= IFCPROPERTYSINGLEVALUE('IndicationMark',$,IFCIDENTIFIER('b/506'),$);
#9332= IFCPROPERTYSET('1IGk6vIzP9093kmcp0Hu_Q',#5,'AISC_EM11_Pset_PieceIdentification','PieceIdentity',(#6094,#9331,#424,#700));
#9333= IFCLOCALPLACEMENT(#42,#10);
#9334= IFCELEMENTASSEMBLY('0pw4S630f1l8mYQvypRh4i',#9154,'BEAM',$,$,#9333,$,'B/631',.NOTDEFINED.,.RIGID_FRAME.);
#9335= IFCPROPERTYSINGLEVALUE('AssemblyMark',$,IFCIDENTIFIER('B/631'),$);
#9336= IFCPROPERTYSET('1KsXiglAX2QveE6c0ew1sU',#5,'AISC_EM11_Pset_AssemblyIdentification','AssemblyIdentity',(#9335,#52,#53));
#9337= IFCCARTESIANPOINT((80732.7850646973,17475.2058526401,56714.9981994629));
#9338= IFCAXIS2PLACEMENT3D(#9337,#9,#8);
#9339= IFCLOCALPLACEMENT(#9333,#9338);
#9340= IFCCARTESIANPOINT((4569.50950622559,0.,0.));
#9341= IFCAXIS2PLACEMENT3D(#9340,#4320,#740);
#9342= IFCEXTRUDEDAREASOLID(#9162,#9341,#9,4569.51);
#9343= IFCSHAPEREPRESENTATION(#12,'Body','SweptSolid',(#9342));
#9344= IFCPRODUCTDEFINITIONSHAPE($,$,(#9343));
#9345= IFCBEAM('0CzYAxcAzDpBDXhFlr3yEQ',#9154,'main piece','IPE270','IPE270',#9339,#9344,'b/526');
#9346= IFCPROPERTYSINGLEVALUE('IndicationMark',$,IFCIDENTIFIER('b/526'),$);
#9347= IFCPROPERTYSET('3tKSY7lWr5Ng4ngidI08pH',#5,'AISC_EM11_Pset_PieceIdentification','PieceIdentity',(#6094,#9346,#424,#700));
#9348= IFCLOCALPLACEMENT(#42,#10);
#9349= IFCELEMENTASSEMBLY('0Fmp3X93X9kQAiNZ1imxFO',#9154,'BEAM',$,$,#9348,$,'B/731',.NOTDEFINED.,.RIGID_FRAME.);
#9350= IFCPROPERTYSINGLEVALUE('AssemblyMark',$,IFCIDENTIFIER('B/731'),$);
#9351= IFCPROPERTYSET('0nAKygsJLD5v7QYZlxQYwn',#5,'AISC_EM11_Pset_AssemblyIdentification','AssemblyIdentity',(#9350,#52,#53));
#9352= IFCCARTESIANPOINT((81655.0099487305,24682.7158471469,56714.9981994629));
#9353= IFCAXIS2PLACEMENT3D(#9352,#9,#4193);
#9354= IFCLOCALPLACEMENT(#9348,#9353);
#9355= IFCCARTESIANPOINT((3200.14190674634,0.,-7.27595761418343E-12));
#9356= IFCAXIS2PLACEMENT3D(#9355,#4320,#740);
#9357= IFCEXTRUDEDAREASOLID(#9162,#9356,#9,3200.14);
#9358= IFCSHAPEREPRESENTATION(#12,'Body','SweptSolid',(#9357));
#9359= IFCPRODUCTDEFINITIONSHAPE($,$,(#9358));
#9360= IFCBEAM('21_tiaotH6_xDSsfef6yCC',#9154,'main piece','IPE270','IPE270',#9354,#9359,'b/626');
#9361= IFCPROPERTYSINGLEVALUE('IndicationMark',$,IFCIDENTIFIER('b/626'),$);
#9362= IFCPROPERTYSET('2zP4nlw5rEDO7rnQLfmGrh',#5,'AISC_EM11_Pset_PieceIdentification','PieceIdentity',(#6094,#9361,#424,#700));
#9363= IFCLOCALPLACEMENT(#42,#10);
#9364= IFCELEMENTASSEMBLY('2IaACecjT4YxYLFvvlZjd5',#9154,'BEAM',$,$,#9363,$,'B/759',.NOTDEFINED.,.RIGID_FRAME.);
#9365= IFCPROPERTYSINGLEVALUE('AssemblyMark',$,IFCIDENTIFIER('B/759'),$);
#9366= IFCPROPERTYSET('0AfMDPH_zDu8OcA9mL7Ih3',#5,'AISC_EM11_Pset_AssemblyIdentification','AssemblyIdentity',(#9365,#52,#53));
#9367= IFCCARTESIANPOINT((79333.9267735556,17453.2064275469,56699.9981994629));
#9368= IFCDIRECTION((0.293752275945103,0.955881582821362,0.));
#9369= IFCAXIS2PLACEMENT3D(#9367,#9,#9368);
#9370= IFCLOCALPLACEMENT(#9363,#9369);
#9371= IFCCARTESIANPOINT((8199.36075929176,0.,-7.27595761418343E-12));
#9372= IFCAXIS2PLACEMENT3D(#9371,#4320,#740);
#9373= IFCEXTRUDEDAREASOLID(#9294,#9372,#9,8199.36);
#9374= IFCSHAPEREPRESENTATION(#12,'Body','SweptSolid',(#9373));
#9375= IFCPRODUCTDEFINITIONSHAPE($,$,(#9374));
#9376= IFCBEAM('1J4tvLfaH4VPDb8Q4h8gPR',#9154,'main piece','IPE300','IPE300',#9370,#9375,'b/654');
#9377= IFCPROPERTYSINGLEVALUE('IndicationMark',$,IFCIDENTIFIER('b/654'),$);
#9378= IFCPROPERTYSET('0USFhDRY17t96zTkaEJCTm',#5,'AISC_EM11_Pset_PieceIdentification','PieceIdentity',(#6094,#9377,#424,#700));
#9379= IFCCARTESIANPOINT((78913.0284423828,19557.6128503208,56714.9981994629));
#9380= IFCAXIS2PLACEMENT3D(#9379,#9,#7);
#9381= IFCLOCALPLACEMENT(#4266,#9380);
#9382= IFCCARTESIANPOINT((968.215942382813,0.,0.));
#9383= IFCAXIS2PLACEMENT3D(#9382,#4320,#740);
#9384= IFCEXTRUDEDAREASOLID(#9162,#9383,#9,968.22);
#9385= IFCDIRECTION((-0.999999999824463,-1.87369999668427E-05,0.));
#9386= IFCCARTESIANPOINT((397.624311859807,60.0095646867267,-120.));
#9387= IFCAXIS2PLACEMENT3D(#9386,#9385,#9);
#9388= IFCPLANE(#9387);
#9389= IFCHALFSPACESOLID(#9388,.F.);
#9390= IFCBOOLEANCLIPPINGRESULT(.DIFFERENCE.,#9384,#9389);
#9391= IFCSHAPEREPRESENTATION(#12,'Body','Clipping',(#9390));
#9392= IFCPRODUCTDEFINITIONSHAPE($,$,(#9391));
#9393= IFCBEAM('1KZAXv3Dn9uBrhiJmtdudt',#44,'main piece','IPE270','IPE270',#9381,#9392,'b/508(?)');
#9394= IFCLOCALPLACEMENT(#4266,#4271);
#9395= IFCCARTESIANPOINT((0.,-3.39995516391066,0.));
#9396= IFCAXIS2PLACEMENT3D(#9395,#8,#7);
#9397= IFCEXTRUDEDAREASOLID(#404,#9396,#9,6.8);
#9398= IFCSHAPEREPRESENTATION(#12,'Body','SweptSolid',(#9397));
#9399= IFCREPRESENTATIONMAP(#10,#9398);
#9400= IFCMAPPEDITEM(#9399,#86);
#9401= IFCMAPPEDITEM(#9399,#91);
#9402= IFCMAPPEDITEM(#9399,#94);
#9403= IFCSHAPEREPRESENTATION(#12,'Body','MappedRepresentation',(#9400,#9401,#9402));
#9404= IFCPRODUCTDEFINITIONSHAPE($,$,(#9403));
#9405= IFCOPENINGELEMENT('08iYmkbEP8hwh0opRQTWoa',#5,$,$,'Opening',#9394,#9404,$);
#9406= IFCRELVOIDSELEMENT('0ZhOg6mpHCuQaE8k$TPNsu',#5,'Drill Hole',$,#9393,#9405);
#9407= IFCPROPERTYSINGLEVALUE('IndicationMark',$,IFCIDENTIFIER('b/508(?)'),$);
#9408= IFCPROPERTYSET('3kypNe1G55YAHZarH3SBPL',#5,'AISC_EM11_Pset_PieceIdentification','PieceIdentity',(#6094,#9407,#424,#700));
#9409= IFCPROPERTYSINGLEVALUE('SkewedAngleX',$,IFCREAL(-0.00107),$);
#9410= IFCPROPERTYSET('1tbGzoVSj7FxKfVf8zqf2N',#5,'AISC_EM11_Pset_SkewedEnd',$,(#702,#9409));
#9411= IFCLOCALPLACEMENT(#42,#10);
#9412= IFCELEMENTASSEMBLY('0ZxKGG9_12kAYvKfwg2PMs',#44,'BEAM',$,$,#9411,$,'B/708(?)',.NOTDEFINED.,.RIGID_FRAME.);
#9413= IFCPROPERTYSINGLEVALUE('AssemblyMark',$,IFCIDENTIFIER('B/708(?)'),$);
#9414= IFCPROPERTYSET('3r2q4qRD9Dw8qbtKoz5W8O',#5,'AISC_EM11_Pset_AssemblyIdentification','AssemblyIdentity',(#9413,#52,#53));
#9415= IFCCARTESIANPOINT((74283.5156555176,17645.2612420444,56714.9981994629));
#9416= IFCDIRECTION((1.29349999979625E-05,0.999999999916343,0.));
#9417= IFCAXIS2PLACEMENT3D(#9415,#9,#9416);
#9418= IFCLOCALPLACEMENT(#9411,#9417);
#9419= IFCCARTESIANPOINT((7342.05532018995,0.,-7.27595761418343E-12));
#9420= IFCAXIS2PLACEMENT3D(#9419,#4320,#740);
#9421= IFCEXTRUDEDAREASOLID(#9162,#9420,#9,7342.06);
#9422= IFCSHAPEREPRESENTATION(#12,'Body','SweptSolid',(#9421));
#9423= IFCPRODUCTDEFINITIONSHAPE($,$,(#9422));
#9424= IFCBEAM('29VplXdIHFjevnsrgQba7r',#44,'main piece','IPE270','IPE270',#9418,#9423,'b/603(?)');
#9425= IFCPROPERTYSINGLEVALUE('IndicationMark',$,IFCIDENTIFIER('b/603(?)'),$);
#9426= IFCPROPERTYSET('0t09X3jo18SAiTLc5Z8W7e',#5,'AISC_EM11_Pset_PieceIdentification','PieceIdentity',(#6094,#9425,#424,#700));
#9427= IFCCARTESIANPOINT((72180.0000305176,24987.2622033481,56714.9981994629));
#9428= IFCDIRECTION((-0.000567653999933884,-0.999999838884455,0.));
#9429= IFCAXIS2PLACEMENT3D(#9427,#9,#9428);
#9430= IFCLOCALPLACEMENT(#1982,#9429);
#9431= IFCCARTESIANPOINT((6844.43774825644,0.,0.));
#9432= IFCAXIS2PLACEMENT3D(#9431,#4320,#740);
#9433= IFCEXTRUDEDAREASOLID(#9162,#9432,#9,6844.44);
#9434= IFCDIRECTION((0.99999982802587,0.000586470996794187,0.));
#9435= IFCCARTESIANPOINT((6846.5696707154,-60.2993657282786,-120.));
#9436= IFCAXIS2PLACEMENT3D(#9435,#9434,#9);
#9437= IFCPLANE(#9436);
#9438= IFCHALFSPACESOLID(#9437,.F.);
#9439= IFCBOOLEANCLIPPINGRESULT(.DIFFERENCE.,#9433,#9438);
#9440= IFCSHAPEREPRESENTATION(#12,'Body','Clipping',(#9439));
#9441= IFCPRODUCTDEFINITIONSHAPE($,$,(#9440));
#9442= IFCBEAM('2K0WOfjUPEWukxBBljWITm',#44,'main piece','IPE270','IPE270',#9430,#9441,'b/639(?)');
#9443= IFCLOCALPLACEMENT(#1982,#1987);
#9444= IFCCARTESIANPOINT((0.,-3.71788676373443,0.));
#9445= IFCAXIS2PLACEMENT3D(#9444,#8,#7);
#9446= IFCEXTRUDEDAREASOLID(#404,#9445,#9,6.8);
#9447= IFCSHAPEREPRESENTATION(#12,'Body','SweptSolid',(#9446));
#9448= IFCREPRESENTATIONMAP(#10,#9447);
#9449= IFCMAPPEDITEM(#9448,#86);
#9450= IFCMAPPEDITEM(#9448,#91);
#9451= IFCMAPPEDITEM(#9448,#94);
#9452= IFCSHAPEREPRESENTATION(#12,'Body','MappedRepresentation',(#9449,#9450,#9451));
#9453= IFCPRODUCTDEFINITIONSHAPE($,$,(#9452));
#9454= IFCOPENINGELEMENT('2g$mkXZbfCVvs7BAm0jSSQ',#5,$,$,'Opening',#9443,#9453,$);
#9455= IFCRELVOIDSELEMENT('3XdRQodsjEl8hbysVuNDOD',#5,'Drill Hole',$,#9442,#9454);
#9456= IFCPROPERTYSINGLEVALUE('IndicationMark',$,IFCIDENTIFIER('b/639(?)'),$);
#9457= IFCPROPERTYSET('35fh00XwTBIA909$FGohr3',#5,'AISC_EM11_Pset_PieceIdentification','PieceIdentity',(#6094,#9456,#424,#700));
#9458= IFCCARTESIANPOINT((70089.9998779297,18142.8617974643,56714.9981994629));
#9459= IFCAXIS2PLACEMENT3D(#9458,#9,#8);
#9460= IFCLOCALPLACEMENT(#2277,#9459);
#9461= IFCCARTESIANPOINT((6844.44808960041,0.,7.27595761418343E-12));
#9462= IFCAXIS2PLACEMENT3D(#9461,#4320,#740);
#9463= IFCEXTRUDEDAREASOLID(#9162,#9462,#9,6844.45);
#9464= IFCCARTESIANPOINT((-2.13391582401891,60.0094630917447,-119.999999999993));
#9465= IFCAXIS2PLACEMENT3D(#9464,#9385,#9);
#9466= IFCPLANE(#9465);
#9467= IFCHALFSPACESOLID(#9466,.F.);
#9468= IFCBOOLEANCLIPPINGRESULT(.DIFFERENCE.,#9463,#9467);
#9469= IFCSHAPEREPRESENTATION(#12,'Body','Clipping',(#9468));
#9470= IFCPRODUCTDEFINITIONSHAPE($,$,(#9469));
#9471= IFCBEAM('0S9kASW8nAAgRm_8biady9',#44,'main piece','IPE270','IPE270',#9460,#9470,'b/639(?)');
#9472= IFCLOCALPLACEMENT(#2277,#2280);
#9473= IFCCARTESIANPOINT((0.,-3.39984371625908,0.));
#9474= IFCAXIS2PLACEMENT3D(#9473,#8,#7);
#9475= IFCEXTRUDEDAREASOLID(#404,#9474,#9,6.8);
#9476= IFCSHAPEREPRESENTATION(#12,'Body','SweptSolid',(#9475));
#9477= IFCREPRESENTATIONMAP(#10,#9476);
#9478= IFCMAPPEDITEM(#9477,#86);
#9479= IFCMAPPEDITEM(#9477,#91);
#9480= IFCMAPPEDITEM(#9477,#94);
#9481= IFCSHAPEREPRESENTATION(#12,'Body','MappedRepresentation',(#9478,#9479,#9480));
#9482= IFCPRODUCTDEFINITIONSHAPE($,$,(#9481));
#9483= IFCOPENINGELEMENT('12qnX_aLb2rf9xcdeuZtuX',#5,$,$,'Opening',#9472,#9482,$);
#9484= IFCRELVOIDSELEMENT('3Xkegv_xj2agkEQ2xKFgLA',#5,'Drill Hole',$,#9471,#9483);
#9485= IFCLOCALPLACEMENT(#42,#10);
#9486= IFCELEMENTASSEMBLY('2uH$VFLcjDZRyDjZJVB9pi',#9154,'BEAM',$,$,#9485,$,'B/660',.NOTDEFINED.,.RIGID_FRAME.);
#9487= IFCPROPERTYSINGLEVALUE('AssemblyMark',$,IFCIDENTIFIER('B/660'),$);
#9488= IFCPROPERTYSET('0uN7iguIT8XOrCavTovR91',#5,'AISC_EM11_Pset_AssemblyIdentification','AssemblyIdentity',(#9487,#52,#53));
#9489= IFCCARTESIANPOINT((66817.7487487793,18998.5727807407,56714.9981994629));
#9490= IFCAXIS2PLACEMENT3D(#9489,#9,#8);
#9491= IFCLOCALPLACEMENT(#9485,#9490);
#9492= IFCCARTESIANPOINT((574.600219726563,0.,0.));
#9493= IFCAXIS2PLACEMENT3D(#9492,#4320,#740);
#9494= IFCEXTRUDEDAREASOLID(#9162,#9493,#9,574.6);
#9495= IFCSHAPEREPRESENTATION(#12,'Body','SweptSolid',(#9494));
#9496= IFCPRODUCTDEFINITIONSHAPE($,$,(#9495));
#9497= IFCBEAM('32f8fSxaLBAuMP2dof0Ntn',#9154,'main piece','IPE270','IPE270',#9491,#9496,'b/555');
#9498= IFCPROPERTYSINGLEVALUE('IndicationMark',$,IFCIDENTIFIER('b/555'),$);
#9499= IFCPROPERTYSET('0T6Hs0gP5BneFSEAqcNJYV',#5,'AISC_EM11_Pset_PieceIdentification','PieceIdentity',(#6094,#9498,#424,#700));
#9500= IFCLOCALPLACEMENT(#42,#10);
#9501= IFCELEMENTASSEMBLY('2aBbnE0xHB5eKEKrbxQfo$',#9154,'BEAM',$,$,#9500,$,'B/676',.NOTDEFINED.,.RIGID_FRAME.);
#9502= IFCPROPERTYSINGLEVALUE('AssemblyMark',$,IFCIDENTIFIER('B/676'),$);
#9503= IFCPROPERTYSET('2oZKPKFBr1VwhQDRbFBbrI',#5,'AISC_EM11_Pset_AssemblyIdentification','AssemblyIdentity',(#9502,#52,#53));
#9504= IFCCARTESIANPOINT((64882.7817077637,18998.6700555209,56714.9981994629));
#9505= IFCAXIS2PLACEMENT3D(#9504,#9,#4019);
#9506= IFCLOCALPLACEMENT(#9500,#9505);
#9507= IFCCARTESIANPOINT((587.200049926465,-1.24344447229272E-19,-7.27595761418343E-12));
#9508= IFCAXIS2PLACEMENT3D(#9507,#4320,#740);
#9509= IFCEXTRUDEDAREASOLID(#9162,#9508,#9,587.2);
#9510= IFCSHAPEREPRESENTATION(#12,'Body','SweptSolid',(#9509));
#9511= IFCPRODUCTDEFINITIONSHAPE($,$,(#9510));
#9512= IFCBEAM('20wCL8hgn0s8pYZUvmEvIt',#9154,'main piece','IPE270','IPE270',#9506,#9511,'b/571');
#9513= IFCPROPERTYSINGLEVALUE('IndicationMark',$,IFCIDENTIFIER('b/571'),$);
#9514= IFCPROPERTYSET('3oeJ5h6C56aAHqLpDogK5g',#5,'AISC_EM11_Pset_PieceIdentification','PieceIdentity',(#6094,#9513,#424,#700));
#9515= IFCCARTESIANPOINT((65875.0836486816,18017.4288293247,56714.9981994629));
#9516= IFCDIRECTION((7.20299999207508E-06,0.999999999974058,0.));
#9517= IFCAXIS2PLACEMENT3D(#9515,#9,#9516);
#9518= IFCLOCALPLACEMENT(#2355,#9517);
#9519= IFCCARTESIANPOINT((833.44286229703,0.,0.));
#9520= IFCAXIS2PLACEMENT3D(#9519,#4320,#740);
#9521= IFCEXTRUDEDAREASOLID(#9162,#9520,#9,833.44);
#9522= IFCDIRECTION((-0.998366550467745,-0.0571334482342558,0.));
#9523= IFCCARTESIANPOINT((-2.51995439206075,89.0669233829394,-120.));
#9524= IFCAXIS2PLACEMENT3D(#9523,#9522,#9);
#9525= IFCPLANE(#9524);
#9526= IFCHALFSPACESOLID(#9525,.F.);
#9527= IFCBOOLEANCLIPPINGRESULT(.DIFFERENCE.,#9521,#9526);
#9528= IFCSHAPEREPRESENTATION(#12,'Body','Clipping',(#9527));
#9529= IFCPRODUCTDEFINITIONSHAPE($,$,(#9528));
#9530= IFCBEAM('32nrHLJVj50BIH8MAFnUeB',#44,'main piece','IPE270','IPE270',#9518,#9529,'b/570(?)');
#9531= IFCLOCALPLACEMENT(#2355,#2361);
#9532= IFCCARTESIANPOINT((0.,-35.4419020332618,0.));
#9533= IFCAXIS2PLACEMENT3D(#9532,#8,#7);
#9534= IFCEXTRUDEDAREASOLID(#404,#9533,#9,6.81);
#9535= IFCSHAPEREPRESENTATION(#12,'Body','SweptSolid',(#9534));
#9536= IFCREPRESENTATIONMAP(#10,#9535);
#9537= IFCMAPPEDITEM(#9536,#86);
#9538= IFCMAPPEDITEM(#9536,#91);
#9539= IFCMAPPEDITEM(#9536,#94);
#9540= IFCSHAPEREPRESENTATION(#12,'Body','MappedRepresentation',(#9537,#9538,#9539));
#9541= IFCPRODUCTDEFINITIONSHAPE($,$,(#9540));
#9542= IFCOPENINGELEMENT('1afGAWJFT9w92LaBTCGl4S',#5,$,$,'Opening',#9531,#9541,$);
#9543= IFCRELVOIDSELEMENT('0bqmE87DrFNRx_hAF6QreR',#5,'Drill Hole',$,#9530,#9542);
#9544= IFCPROPERTYSINGLEVALUE('IndicationMark',$,IFCIDENTIFIER('b/570(?)'),$);
#9545= IFCPROPERTYSET('0tA0BdSXfAOgworn7PdD27',#5,'AISC_EM11_Pset_PieceIdentification','PieceIdentity',(#6094,#9544,#424,#700));
#9546= IFCPROPERTYSINGLEVALUE('SkewedAngleX',$,IFCREAL(-3.27529),$);
#9547= IFCPROPERTYSET('0wzyTGsarCmOII9zigazRG',#5,'AISC_EM11_Pset_SkewedEnd',$,(#702,#9546));
#9548= IFCCARTESIANPOINT((63830.2952880859,18918.3678170566,56714.9981994629));
#9549= IFCAXIS2PLACEMENT3D(#9548,#9,#4193);
#9550= IFCLOCALPLACEMENT(#5347,#9549);
#9551= IFCCARTESIANPOINT((3910.90393069255,8.28166120710734E-19,7.27595761418343E-12));
#9552= IFCAXIS2PLACEMENT3D(#9551,#4320,#740);
#9553= IFCEXTRUDEDAREASOLID(#9162,#9552,#9,3910.9);
#9554= IFCDIRECTION((0.999999999853624,1.71100000442162E-05,0.));
#9555= IFCCARTESIANPOINT((3659.23540800793,-60.0087341416693,-119.999999999993));
#9556= IFCAXIS2PLACEMENT3D(#9555,#9554,#9);
#9557= IFCPLANE(#9556);
#9558= IFCHALFSPACESOLID(#9557,.F.);
#9559= IFCBOOLEANCLIPPINGRESULT(.DIFFERENCE.,#9553,#9558);
#9560= IFCSHAPEREPRESENTATION(#12,'Body','Clipping',(#9559));
#9561= IFCPRODUCTDEFINITIONSHAPE($,$,(#9560));
#9562= IFCBEAM('1cC1hU7SzAOgIplqd4_gWN',#44,'main piece','IPE270','IPE270',#9550,#9561,'b/553(?)');
#9563= IFCLOCALPLACEMENT(#5347,#5352);
#9564= IFCCARTESIANPOINT((0.,-3.39904404189532,0.));
#9565= IFCAXIS2PLACEMENT3D(#9564,#8,#7);
#9566= IFCEXTRUDEDAREASOLID(#404,#9565,#9,6.8);
#9567= IFCSHAPEREPRESENTATION(#12,'Body','SweptSolid',(#9566));
#9568= IFCREPRESENTATIONMAP(#10,#9567);
#9569= IFCMAPPEDITEM(#9568,#86);
#9570= IFCMAPPEDITEM(#9568,#91);
#9571= IFCMAPPEDITEM(#9568,#94);
#9572= IFCSHAPEREPRESENTATION(#12,'Body','MappedRepresentation',(#9569,#9570,#9571));
#9573= IFCPRODUCTDEFINITIONSHAPE($,$,(#9572));
#9574= IFCOPENINGELEMENT('25csELFSL3JRtgps5prFl8',#5,$,$,'Opening',#9563,#9573,$);
#9575= IFCRELVOIDSELEMENT('0ZuHNVVYj7RO_4SSMgcCFb',#5,'Drill Hole',$,#9562,#9574);
#9576= IFCPROPERTYSINGLEVALUE('IndicationMark',$,IFCIDENTIFIER('b/553(?)'),$);
#9577= IFCPROPERTYSET('2YNMPadKv6tO71Z1c_tB2F',#5,'AISC_EM11_Pset_PieceIdentification','PieceIdentity',(#6094,#9576,#424,#700));
#9578= IFCPROPERTYSINGLEVALUE('SkewedAngleX',$,IFCREAL(-0.00098),$);
#9579= IFCPROPERTYSET('3GTmgd4ir8AOXBa4syr66j',#5,'AISC_EM11_Pset_SkewedEnd_2',$,(#702,#9578));
#9580= IFCCARTESIANPOINT((63830.310546875,19653.3684274082,56714.9981994629));
#9581= IFCAXIS2PLACEMENT3D(#9580,#9,#4193);
#9582= IFCLOCALPLACEMENT(#5267,#9581);
#9583= IFCCARTESIANPOINT((3889.90020754058,0.,-7.27595761418343E-12));
#9584= IFCAXIS2PLACEMENT3D(#9583,#4320,#740);
#9585= IFCEXTRUDEDAREASOLID(#9162,#9584,#9,3889.9);
#9586= IFCCARTESIANPOINT((3659.22016337937,-60.0088546124098,-120.000000000007));
#9587= IFCAXIS2PLACEMENT3D(#9586,#9554,#9);
#9588= IFCPLANE(#9587);
#9589= IFCHALFSPACESOLID(#9588,.F.);
#9590= IFCBOOLEANCLIPPINGRESULT(.DIFFERENCE.,#9585,#9589);
#9591= IFCSHAPEREPRESENTATION(#12,'Body','Clipping',(#9590));
#9592= IFCPRODUCTDEFINITIONSHAPE($,$,(#9591));
#9593= IFCBEAM('348qGVpsnCPwgOB3$$qkJi',#44,'main piece','IPE270','IPE270',#9582,#9592,'b/569(?)');
#9594= IFCLOCALPLACEMENT(#5267,#5272);
#9595= IFCCARTESIANPOINT((0.,-3.39917619118698,0.));
#9596= IFCAXIS2PLACEMENT3D(#9595,#8,#7);
#9597= IFCEXTRUDEDAREASOLID(#404,#9596,#9,6.8);
#9598= IFCSHAPEREPRESENTATION(#12,'Body','SweptSolid',(#9597));
#9599= IFCREPRESENTATIONMAP(#10,#9598);
#9600= IFCMAPPEDITEM(#9599,#86);
#9601= IFCMAPPEDITEM(#9599,#91);
#9602= IFCMAPPEDITEM(#9599,#94);
#9603= IFCSHAPEREPRESENTATION(#12,'Body','MappedRepresentation',(#9600,#9601,#9602));
#9604= IFCPRODUCTDEFINITIONSHAPE($,$,(#9603));
#9605= IFCOPENINGELEMENT('0IRXXlzwD3dxCrU7TDy4uQ',#5,$,$,'Opening',#9594,#9604,$);
#9606= IFCRELVOIDSELEMENT('3Zt6QYwljFQPiqcl837w8u',#5,'Drill Hole',$,#9593,#9605);
#9607= IFCPROPERTYSINGLEVALUE('IndicationMark',$,IFCIDENTIFIER('b/569(?)'),$);
#9608= IFCPROPERTYSET('3fqdAwYMTAFwhtOTuHOGNb',#5,'AISC_EM11_Pset_PieceIdentification','PieceIdentity',(#6094,#9607,#424,#700));
#9609= IFCLOCALPLACEMENT(#42,#10);
#9610= IFCELEMENTASSEMBLY('3CcK4V3R18EB$cY7JPHdHs',#9154,'BEAM',$,$,#9609,$,'B/712',.NOTDEFINED.,.RIGID_FRAME.);
#9611= IFCPROPERTYSINGLEVALUE('AssemblyMark',$,IFCIDENTIFIER('B/712'),$);
#9612= IFCPROPERTYSET('3q5opwWj17zf5iY5IOCJi0',#5,'AISC_EM11_Pset_AssemblyIdentification','AssemblyIdentity',(#9611,#52,#53));
#9613= IFCCARTESIANPOINT((65875.0923066498,20635.1888760437,56714.9981994629));
#9614= IFCAXIS2PLACEMENT3D(#9613,#9,#740);
#9615= IFCLOCALPLACEMENT(#9609,#9614);
#9616= IFCCARTESIANPOINT((894.317969082277,0.,7.27595761418343E-12));
#9617= IFCAXIS2PLACEMENT3D(#9616,#4320,#740);
#9618= IFCEXTRUDEDAREASOLID(#9162,#9617,#9,894.32);
#9619= IFCSHAPEREPRESENTATION(#12,'Body','SweptSolid',(#9618));
#9620= IFCPRODUCTDEFINITIONSHAPE($,$,(#9619));
#9621= IFCBEAM('3scsw2BQ53m9ZuRZmYFgq1',#9154,'main piece','IPE270','IPE270',#9615,#9620,'b/607');
#9622= IFCPROPERTYSINGLEVALUE('IndicationMark',$,IFCIDENTIFIER('b/607'),$);
#9623= IFCPROPERTYSET('0KFp4Tb2L20wEjDEuf18pI',#5,'AISC_EM11_Pset_PieceIdentification','PieceIdentity',(#6094,#9622,#424,#700));
#9624= IFCLOCALPLACEMENT(#42,#10);
#9625= IFCELEMENTASSEMBLY('1TM45PH_nBIxrENrD68W2N',#9154,'BEAM',$,$,#9624,$,'B/711',.NOTDEFINED.,.RIGID_FRAME.);
#9626= IFCPROPERTYSINGLEVALUE('AssemblyMark',$,IFCIDENTIFIER('B/711'),$);
#9627= IFCPROPERTYSET('36__5mfrn6SB1D_p0NNCTw',#5,'AISC_EM11_Pset_AssemblyIdentification','AssemblyIdentity',(#9626,#52,#53));
#9628= IFCCARTESIANPOINT((67312.6332397461,20782.9412957553,56729.9981994629));
#9629= IFCAXIS2PLACEMENT3D(#9628,#9,#8);
#9630= IFCLOCALPLACEMENT(#9624,#9629);
#9631= IFCISHAPEPROFILEDEF(.AREA.,'IPE240',#73,120.,240.,6.199999809,9.800000191,15.);
#9632= IFCCARTESIANPOINT((417.247772216797,0.,0.));
#9633= IFCAXIS2PLACEMENT3D(#9632,#4320,#740);
#9634= IFCEXTRUDEDAREASOLID(#9631,#9633,#9,417.25);
#9635= IFCSHAPEREPRESENTATION(#12,'Body','SweptSolid',(#9634));
#9636= IFCPRODUCTDEFINITIONSHAPE($,$,(#9635));
#9637= IFCBEAM('2l7Pes7jL22APUuqH_I42$',#9154,'main piece','IPE240','IPE240',#9630,#9636,'b/606');
#9638= IFCPROPERTYSINGLEVALUE('IndicationMark',$,IFCIDENTIFIER('b/606'),$);
#9639= IFCPROPERTYSET('1U$peeYbX4suuMy7XlVrR1',#5,'AISC_EM11_Pset_PieceIdentification','PieceIdentity',(#6094,#9638,#424,#700));
#9640= IFCLOCALPLACEMENT(#42,#10);
#9641= IFCELEMENTASSEMBLY('2a45FW0B9D7gPVAnhrqfLk',#9154,'BEAM',$,$,#9640,$,'B/711',.NOTDEFINED.,.RIGID_FRAME.);
#9642= IFCCARTESIANPOINT((66142.6312561035,20782.9393884067,56729.9981994629));
#9643= IFCAXIS2PLACEMENT3D(#9642,#9,#8);
#9644= IFCLOCALPLACEMENT(#9640,#9643);
#9645= IFCSHAPEREPRESENTATION(#12,'Body','SweptSolid',(#9634));
#9646= IFCPRODUCTDEFINITIONSHAPE($,$,(#9645));
#9647= IFCBEAM('0gDUp$4hnEux1hu7tQOJZL',#9154,'main piece','IPE240','IPE240',#9644,#9646,'b/606');
#9648= IFCLOCALPLACEMENT(#42,#10);
#9649= IFCELEMENTASSEMBLY('0DAB9AQ_DBVh7d70ZFElni',#9154,'BEAM',$,$,#9648,$,'B/711',.NOTDEFINED.,.RIGID_FRAME.);
#9650= IFCCARTESIANPOINT((65407.531463623,20782.9374810581,56729.9981994629));
#9651= IFCAXIS2PLACEMENT3D(#9650,#9,#8);
#9652= IFCLOCALPLACEMENT(#9648,#9651);
#9653= IFCCARTESIANPOINT((417.24967956543,0.,0.));
#9654= IFCAXIS2PLACEMENT3D(#9653,#4320,#740);
#9655= IFCEXTRUDEDAREASOLID(#9631,#9654,#9,417.25);
#9656= IFCSHAPEREPRESENTATION(#12,'Body','SweptSolid',(#9655));
#9657= IFCPRODUCTDEFINITIONSHAPE($,$,(#9656));
#9658= IFCBEAM('22tARTutvBFv4ytOIQpfwv',#9154,'main piece','IPE240','IPE240',#9652,#9657,'b/606');
#9659= IFCLOCALPLACEMENT(#42,#10);
#9660= IFCELEMENTASSEMBLY('2uGAqSIr5FtwvDQ6ONpegj',#9154,'BEAM',$,$,#9659,$,'B/711',.NOTDEFINED.,.RIGID_FRAME.);
#9661= IFCCARTESIANPOINT((64890.2775878906,20782.9355737094,56729.9981994629));
#9662= IFCAXIS2PLACEMENT3D(#9661,#9,#8);
#9663= IFCLOCALPLACEMENT(#9659,#9662);
#9664= IFCSHAPEREPRESENTATION(#12,'Body','SweptSolid',(#9655));
#9665= IFCPRODUCTDEFINITIONSHAPE($,$,(#9664));
#9666= IFCBEAM('2iSaI_VfPFVuweNJMNJIgP',#9154,'main piece','IPE240','IPE240',#9663,#9665,'b/606');
#9667= IFCCARTESIANPOINT((63830.3868408203,20702.6848336582,56714.9981994629));
#9668= IFCAXIS2PLACEMENT3D(#9667,#9,#4193);
#9669= IFCLOCALPLACEMENT(#5187,#9668);
#9670= IFCCARTESIANPOINT((3859.90142826035,0.,0.));
#9671= IFCAXIS2PLACEMENT3D(#9670,#4320,#740);
#9672= IFCEXTRUDEDAREASOLID(#9162,#9671,#9,3859.9);
#9673= IFCCARTESIANPOINT((3659.1438390733,-60.008596314954,-120.));
#9674= IFCAXIS2PLACEMENT3D(#9673,#9554,#9);
#9675= IFCPLANE(#9674);
#9676= IFCHALFSPACESOLID(#9675,.F.);
#9677= IFCBOOLEANCLIPPINGRESULT(.DIFFERENCE.,#9672,#9676);
#9678= IFCSHAPEREPRESENTATION(#12,'Body','Clipping',(#9677));
#9679= IFCPRODUCTDEFINITIONSHAPE($,$,(#9678));
#9680= IFCBEAM('02w7tvIMD1GAB$pUMunHi$',#44,'main piece','IPE270','IPE270',#9669,#9679,'b/566(?)');
#9681= IFCLOCALPLACEMENT(#5187,#5192);
#9682= IFCCARTESIANPOINT((0.,-3.39889284142484,0.));
#9683= IFCAXIS2PLACEMENT3D(#9682,#8,#7);
#9684= IFCEXTRUDEDAREASOLID(#404,#9683,#9,6.8);
#9685= IFCSHAPEREPRESENTATION(#12,'Body','SweptSolid',(#9684));
#9686= IFCREPRESENTATIONMAP(#10,#9685);
#9687= IFCMAPPEDITEM(#9686,#86);
#9688= IFCMAPPEDITEM(#9686,#91);
#9689= IFCMAPPEDITEM(#9686,#94);
#9690= IFCSHAPEREPRESENTATION(#12,'Body','MappedRepresentation',(#9687,#9688,#9689));
#9691= IFCPRODUCTDEFINITIONSHAPE($,$,(#9690));
#9692= IFCOPENINGELEMENT('3XYnp6GRP7UwGDOXyDMQ1U',#5,$,$,'Opening',#9681,#9691,$);
#9693= IFCRELVOIDSELEMENT('0eR2koAeT2QBtJDfeRSWev',#5,'Drill Hole',$,#9680,#9692);
#9694= IFCPROPERTYSINGLEVALUE('IndicationMark',$,IFCIDENTIFIER('b/566(?)'),$);
#9695= IFCPROPERTYSET('2d1rlXZHf4$umeoXWIvAyb',#5,'AISC_EM11_Pset_PieceIdentification','PieceIdentity',(#6094,#9694,#424,#700));
#9696= IFCPROPERTYSINGLEVALUE('SkewedAngleX',$,IFCREAL(-0.00096),$);
#9697= IFCPROPERTYSET('2Qj6Y3rnbB7u1Taj9DGzN0',#5,'AISC_EM11_Pset_SkewedEnd_2',$,(#702,#9696));
#9698= IFCCARTESIANPOINT((63830.3868408203,21287.6839181308,56714.9981994629));
#9699= IFCAXIS2PLACEMENT3D(#9698,#9,#4193);
#9700= IFCLOCALPLACEMENT(#5107,#9699);
#9701= IFCCARTESIANPOINT((3843.20068362272,0.,0.));
#9702= IFCAXIS2PLACEMENT3D(#9701,#4320,#740);
#9703= IFCEXTRUDEDAREASOLID(#9162,#9702,#9,3843.2);
#9704= IFCCARTESIANPOINT((3659.14385347351,-60.0087188275829,-120.));
#9705= IFCAXIS2PLACEMENT3D(#9704,#9554,#9);
#9706= IFCPLANE(#9705);
#9707= IFCHALFSPACESOLID(#9706,.F.);
#9708= IFCBOOLEANCLIPPINGRESULT(.DIFFERENCE.,#9703,#9707);
#9709= IFCSHAPEREPRESENTATION(#12,'Body','Clipping',(#9708));
#9710= IFCPRODUCTDEFINITIONSHAPE($,$,(#9709));
#9711= IFCBEAM('0UwKqmUS91GA5EnL1hOly5',#44,'main piece','IPE270','IPE270',#9700,#9710,'b/565(?)');
#9712= IFCLOCALPLACEMENT(#5107,#5112);
#9713= IFCSHAPEREPRESENTATION(#12,'Body','MappedRepresentation',(#9569,#9570,#9571));
#9714= IFCPRODUCTDEFINITIONSHAPE($,$,(#9713));
#9715= IFCOPENINGELEMENT('0lp43wQuHEbehkzzM$yEE8',#5,$,$,'Opening',#9712,#9714,$);
#9716= IFCRELVOIDSELEMENT('1_WKmI4vX17BkBAVyz8zHW',#5,'Drill Hole',$,#9711,#9715);
#9717= IFCPROPERTYSINGLEVALUE('IndicationMark',$,IFCIDENTIFIER('b/565(?)'),$);
#9718= IFCPROPERTYSET('2uF82TqZ92HwrCmW_oCPy$',#5,'AISC_EM11_Pset_PieceIdentification','PieceIdentity',(#6094,#9717,#424,#700));
#9719= IFCLOCALPLACEMENT(#42,#10);
#9720= IFCELEMENTASSEMBLY('11KeqoFfL6BeU78DuTlK67',#44,'BEAM',$,$,#9719,$,'B/763(?)',.NOTDEFINED.,.RIGID_FRAME.);
#9721= IFCPROPERTYSINGLEVALUE('AssemblyMark',$,IFCIDENTIFIER('B/763(?)'),$);
#9722= IFCPROPERTYSET('1bbtv7MfDEKQMEqYHHYA8q',#5,'AISC_EM11_Pset_AssemblyIdentification','AssemblyIdentity',(#9721,#52,#53));
#9723= IFCCARTESIANPOINT((65880.1896208668,24979.8296471835,56714.9981994629));
#9724= IFCDIRECTION((-0.00140868399972472,-0.999999007804202,0.));
#9725= IFCAXIS2PLACEMENT3D(#9723,#9,#9724);
#9726= IFCLOCALPLACEMENT(#9719,#9725);
#9727= IFCCARTESIANPOINT((3624.63967421345,0.,0.));
#9728= IFCAXIS2PLACEMENT3D(#9727,#4320,#740);
#9729= IFCEXTRUDEDAREASOLID(#9162,#9728,#9,3624.64);
#9730= IFCSHAPEREPRESENTATION(#12,'Body','SweptSolid',(#9729));
#9731= IFCPRODUCTDEFINITIONSHAPE($,$,(#9730));
#9732= IFCBEAM('0spAK$ZGbDLhAWQi7QQjYd',#44,'main piece','IPE270','IPE270',#9726,#9731,'b/658(?)');
#9733= IFCPROPERTYSINGLEVALUE('IndicationMark',$,IFCIDENTIFIER('b/658(?)'),$);
#9734= IFCPROPERTYSET('03dk3oKgT8KOZJdM$h59mc',#5,'AISC_EM11_Pset_PieceIdentification','PieceIdentity',(#6094,#9733,#424,#700));
#9735= IFCCARTESIANPOINT((63750.0836486816,17899.1751214389,56714.9981994629));
#9736= IFCAXIS2PLACEMENT3D(#9735,#9,#8);
#9737= IFCLOCALPLACEMENT(#2614,#9736);
#9738= IFCCARTESIANPOINT((7088.09852600175,0.,0.));
#9739= IFCAXIS2PLACEMENT3D(#9738,#4320,#740);
#9740= IFCEXTRUDEDAREASOLID(#9162,#9739,#9,7088.1);
#9741= IFCDIRECTION((-0.998366946607074,-0.0571265255592175,0.));
#9742= IFCCARTESIANPOINT((-5.81717101231334,89.0634133310887,-120.));
#9743= IFCAXIS2PLACEMENT3D(#9742,#9741,#9);
#9744= IFCPLANE(#9743);
#9745= IFCHALFSPACESOLID(#9744,.F.);
#9746= IFCBOOLEANCLIPPINGRESULT(.DIFFERENCE.,#9740,#9745);
#9747= IFCSHAPEREPRESENTATION(#12,'Body','Clipping',(#9746));
#9748= IFCPRODUCTDEFINITIONSHAPE($,$,(#9747));
#9749= IFCBEAM('2aHddH8Kf0SwAoQGPvN68g',#44,'main piece','IPE270','IPE270',#9737,#9748,'b/645(?)');
#9750= IFCLOCALPLACEMENT(#2614,#2619);
#9751= IFCCARTESIANPOINT((0.,-35.4380049785965,0.));
#9752= IFCAXIS2PLACEMENT3D(#9751,#8,#7);
#9753= IFCEXTRUDEDAREASOLID(#404,#9752,#9,6.81);
#9754= IFCSHAPEREPRESENTATION(#12,'Body','SweptSolid',(#9753));
#9755= IFCREPRESENTATIONMAP(#10,#9754);
#9756= IFCMAPPEDITEM(#9755,#86);
#9757= IFCMAPPEDITEM(#9755,#91);
#9758= IFCMAPPEDITEM(#9755,#94);
#9759= IFCSHAPEREPRESENTATION(#12,'Body','MappedRepresentation',(#9756,#9757,#9758));
#9760= IFCPRODUCTDEFINITIONSHAPE($,$,(#9759));
#9761= IFCOPENINGELEMENT('3Vb$x3dHD2Fv08otvLFN1b',#5,$,$,'Opening',#9750,#9760,$);
#9762= IFCRELVOIDSELEMENT('0aOt3wfXHCU8ybVIIwvmGU',#5,'Drill Hole',$,#9749,#9761);
#9763= IFCPROPERTYSINGLEVALUE('IndicationMark',$,IFCIDENTIFIER('b/645(?)'),$);
#9764= IFCPROPERTYSET('3e7YXSrOz8GPRo8GsIStJx',#5,'AISC_EM11_Pset_PieceIdentification','PieceIdentity',(#6094,#9763,#424,#700));
#9765= IFCCARTESIANPOINT((61625.0855560303,24987.2564813022,56714.9981994629));
#9766= IFCAXIS2PLACEMENT3D(#9765,#9,#740);
#9767= IFCLOCALPLACEMENT(#2700,#9766);
#9768= IFCCARTESIANPOINT((7206.50100708084,3.81508986713673E-19,-7.27595761418343E-12));
#9769= IFCAXIS2PLACEMENT3D(#9768,#4320,#740);
#9770= IFCEXTRUDEDAREASOLID(#9162,#9769,#9,7206.5);
#9771= IFCCARTESIANPOINT((7215.45027440921,-89.0634113062624,-120.000000000007));
#9772= IFCAXIS2PLACEMENT3D(#9771,#9235,#9);
#9773= IFCPLANE(#9772);
#9774= IFCHALFSPACESOLID(#9773,.F.);
#9775= IFCBOOLEANCLIPPINGRESULT(.DIFFERENCE.,#9770,#9774);
#9776= IFCSHAPEREPRESENTATION(#12,'Body','Clipping',(#9775));
#9777= IFCPRODUCTDEFINITIONSHAPE($,$,(#9776));
#9778= IFCBEAM('0Y_vEhNWbC3A4lq3S9F_3i',#44,'main piece','IPE270','IPE270',#9767,#9777,'b/653(?)');
#9779= IFCLOCALPLACEMENT(#2700,#2705);
#9780= IFCSHAPEREPRESENTATION(#12,'Body','MappedRepresentation',(#9756,#9757,#9758));
#9781= IFCPRODUCTDEFINITIONSHAPE($,$,(#9780));
#9782= IFCOPENINGELEMENT('33MOCHK6zC$wzE253XuleF',#5,$,$,'Opening',#9779,#9781,$);
#9783= IFCRELVOIDSELEMENT('3GRL9kj$fAu8Ukx0_TC4hF',#5,'Drill Hole',$,#9778,#9782);
#9784= IFCPROPERTYSINGLEVALUE('IndicationMark',$,IFCIDENTIFIER('b/653(?)'),$);
#9785= IFCPROPERTYSET('0o$0hVUBr1KetbBsl7B34U',#5,'AISC_EM11_Pset_PieceIdentification','PieceIdentity',(#6094,#9784,#424,#700));
#9786= IFCLOCALPLACEMENT(#42,#10);
#9787= IFCELEMENTASSEMBLY('3MzAfSyyX6CBRiEyC3aCdQ',#9154,'BEAM',$,$,#9786,$,'B/757',.NOTDEFINED.,.RIGID_FRAME.);
#9788= IFCPROPERTYSINGLEVALUE('AssemblyMark',$,IFCIDENTIFIER('B/757'),$);
#9789= IFCPROPERTYSET('1LRMFURyf7mfzE$P3Fj41B',#5,'AISC_EM11_Pset_AssemblyIdentification','AssemblyIdentity',(#9788,#52,#53));
#9790= IFCCARTESIANPOINT((57390.0868530273,17544.9385186557,56714.9981994629));
#9791= IFCAXIS2PLACEMENT3D(#9790,#9,#8);
#9792= IFCLOCALPLACEMENT(#9786,#9791);
#9793= IFCCARTESIANPOINT((7442.34848022461,0.,0.));
#9794= IFCAXIS2PLACEMENT3D(#9793,#4320,#740);
#9795= IFCEXTRUDEDAREASOLID(#9162,#9794,#9,7442.35);
#9796= IFCSHAPEREPRESENTATION(#12,'Body','SweptSolid',(#9795));
#9797= IFCPRODUCTDEFINITIONSHAPE($,$,(#9796));
#9798= IFCBEAM('0cyEH91tr8Vg5S68yl7t7D',#9154,'main piece','IPE270','IPE270',#9792,#9797,'b/652');
#9799= IFCPROPERTYSINGLEVALUE('IndicationMark',$,IFCIDENTIFIER('b/652'),$);
#9800= IFCPROPERTYSET('3BRk5eBZ93xBL45pPeaRWu',#5,'AISC_EM11_Pset_PieceIdentification','PieceIdentity',(#6094,#9799,#424,#700));
#9801= IFCCARTESIANPOINT((55260.0857849121,24987.2793694858,56714.9981994629));
#9802= IFCAXIS2PLACEMENT3D(#9801,#9,#740);
#9803= IFCLOCALPLACEMENT(#2769,#9802);
#9804= IFCCARTESIANPOINT((7560.94932556152,0.,0.));
#9805= IFCAXIS2PLACEMENT3D(#9804,#4320,#740);
#9806= IFCEXTRUDEDAREASOLID(#9162,#9805,#9,7560.95);
#9807= IFCCARTESIANPOINT((7579.55623211621,-89.0632771608362,-120.));
#9808= IFCAXIS2PLACEMENT3D(#9807,#9235,#9);
#9809= IFCPLANE(#9808);
#9810= IFCHALFSPACESOLID(#9809,.F.);
#9811= IFCBOOLEANCLIPPINGRESULT(.DIFFERENCE.,#9806,#9810);
#9812= IFCSHAPEREPRESENTATION(#12,'Body','Clipping',(#9811));
#9813= IFCPRODUCTDEFINITIONSHAPE($,$,(#9812));
#9814= IFCBEAM('2jcQQK_dD6vgpItqttU0Nz',#44,'main piece','IPE270','IPE270',#9803,#9813,'b/651(?)');
#9815= IFCLOCALPLACEMENT(#2769,#2774);
#9816= IFCSHAPEREPRESENTATION(#12,'Body','MappedRepresentation',(#9263,#9264,#9265));
#9817= IFCPRODUCTDEFINITIONSHAPE($,$,(#9816));
#9818= IFCOPENINGELEMENT('2mD9_kiqbF0hQsg8G7RgqQ',#5,$,$,'Opening',#9815,#9817,$);
#9819= IFCRELVOIDSELEMENT('2DcRYfNb1AoeT3ey7Viggq',#5,'Drill Hole',$,#9814,#9818);
#9820= IFCPROPERTYSINGLEVALUE('IndicationMark',$,IFCIDENTIFIER('b/651(?)'),$);
#9821= IFCPROPERTYSET('1jhjYefIL1zh70e45$$i8Z',#5,'AISC_EM11_Pset_PieceIdentification','PieceIdentity',(#6094,#9820,#424,#700));
#9822= IFCCARTESIANPOINT((53130.0866241455,17375.1787682895,56714.9981994629));
#9823= IFCAXIS2PLACEMENT3D(#9822,#9,#8);
#9824= IFCLOCALPLACEMENT(#2924,#9823);
#9825= IFCCARTESIANPOINT((7612.14828491211,0.,0.));
#9826= IFCAXIS2PLACEMENT3D(#9825,#4320,#740);
#9827= IFCEXTRUDEDAREASOLID(#9162,#9826,#9,7612.15);
#9828= IFCDIRECTION((-0.999998671149737,0.00163024500024903,0.));
#9829= IFCCARTESIANPOINT((13.3508243832548,59.167728548382,-120.));
#9830= IFCAXIS2PLACEMENT3D(#9829,#9828,#9);
#9831= IFCPLANE(#9830);
#9832= IFCHALFSPACESOLID(#9831,.F.);
#9833= IFCBOOLEANCLIPPINGRESULT(.DIFFERENCE.,#9827,#9832);
#9834= IFCSHAPEREPRESENTATION(#12,'Body','Clipping',(#9833));
#9835= IFCPRODUCTDEFINITIONSHAPE($,$,(#9834));
#9836= IFCBEAM('3LBghwWJP7nvXKNHRaaWLO',#44,'main piece','IPE270','IPE270',#9824,#9835,'b/650(?)');
#9837= IFCLOCALPLACEMENT(#2924,#2930);
#9838= IFCCARTESIANPOINT((0.,-2.47652848783867,0.));
#9839= IFCAXIS2PLACEMENT3D(#9838,#8,#7);
#9840= IFCEXTRUDEDAREASOLID(#404,#9839,#9,6.8);
#9841= IFCSHAPEREPRESENTATION(#12,'Body','SweptSolid',(#9840));
#9842= IFCREPRESENTATIONMAP(#10,#9841);
#9843= IFCMAPPEDITEM(#9842,#86);
#9844= IFCMAPPEDITEM(#9842,#91);
#9845= IFCMAPPEDITEM(#9842,#94);
#9846= IFCSHAPEREPRESENTATION(#12,'Body','MappedRepresentation',(#9843,#9844,#9845));
#9847= IFCPRODUCTDEFINITIONSHAPE($,$,(#9846));
#9848= IFCOPENINGELEMENT('3qFRCec59BpxhYLm$biFnl',#5,$,$,'Opening',#9837,#9847,$);
#9849= IFCRELVOIDSELEMENT('3n9u1CBDjB89UORXXZAymE',#5,'Drill Hole',$,#9836,#9848);
#9850= IFCPROPERTYSINGLEVALUE('IndicationMark',$,IFCIDENTIFIER('b/650(?)'),$);
#9851= IFCPROPERTYSET('0WPapF6J906A$yRK00Sxzw',#5,'AISC_EM11_Pset_PieceIdentification','PieceIdentity',(#6094,#9850,#424,#700));
#9852= IFCPROPERTYSINGLEVALUE('SkewedAngleX',$,IFCREAL(0.09341),$);
#9853= IFCPROPERTYSET('0xHGjs8MP2HeArTE24AMBh',#5,'AISC_EM11_Pset_SkewedEnd',$,(#702,#9852));
#9854= IFCCARTESIANPOINT((48890.0868530273,17373.9790459995,56714.9981994629));
#9855= IFCAXIS2PLACEMENT3D(#9854,#9,#8);
#9856= IFCLOCALPLACEMENT(#3222,#9855);
#9857= IFCCARTESIANPOINT((7613.2984161377,0.,0.));
#9858= IFCAXIS2PLACEMENT3D(#9857,#4320,#740);
#9859= IFCEXTRUDEDAREASOLID(#9162,#9858,#9,7613.3);
#9860= IFCCARTESIANPOINT((21.5425786850101,59.1677285483383,-120.));
#9861= IFCAXIS2PLACEMENT3D(#9860,#9828,#9);
#9862= IFCPLANE(#9861);
#9863= IFCHALFSPACESOLID(#9862,.F.);
#9864= IFCBOOLEANCLIPPINGRESULT(.DIFFERENCE.,#9859,#9863);
#9865= IFCSHAPEREPRESENTATION(#12,'Body','Clipping',(#9864));
#9866= IFCPRODUCTDEFINITIONSHAPE($,$,(#9865));
#9867= IFCBEAM('2g4Xm5FPX4qv5xR2Pq4pgU',#44,'main piece','IPE270','IPE270',#9856,#9866,'b/649(?)');
#9868= IFCLOCALPLACEMENT(#3222,#3227);
#9869= IFCSHAPEREPRESENTATION(#12,'Body','MappedRepresentation',(#9843,#9844,#9845));
#9870= IFCPRODUCTDEFINITIONSHAPE($,$,(#9869));
#9871= IFCOPENINGELEMENT('2zT_Skh117GO3qqOO$NDLc',#5,$,$,'Opening',#9868,#9870,$);
#9872= IFCRELVOIDSELEMENT('2mdjGsK4j7xuXnwf_wrnmh',#5,'Drill Hole',$,#9867,#9871);
#9873= IFCPROPERTYSINGLEVALUE('IndicationMark',$,IFCIDENTIFIER('b/649(?)'),$);
#9874= IFCPROPERTYSET('25P1xLx1bBbP6qmYpFjCSD',#5,'AISC_EM11_Pset_PieceIdentification','PieceIdentity',(#6094,#9873,#424,#700));
#9875= IFCCARTESIANPOINT((46760.0857849121,24987.2965356235,56714.9981994629));
#9876= IFCAXIS2PLACEMENT3D(#9875,#9,#740);
#9877= IFCLOCALPLACEMENT(#3371,#9876);
#9878= IFCCARTESIANPOINT((7558.39920043945,0.,0.));
#9879= IFCAXIS2PLACEMENT3D(#9878,#4320,#740);
#9880= IFCEXTRUDEDAREASOLID(#9162,#9879,#9,7558.4);
#9881= IFCDIRECTION((0.998472581030666,-0.0552494790017037,0.));
#9882= IFCCARTESIANPOINT((7562.55074568154,-31.7051351827395,-120.));
#9883= IFCAXIS2PLACEMENT3D(#9882,#9881,#9);
#9884= IFCPLANE(#9883);
#9885= IFCHALFSPACESOLID(#9884,.F.);
#9886= IFCBOOLEANCLIPPINGRESULT(.DIFFERENCE.,#9880,#9885);
#9887= IFCSHAPEREPRESENTATION(#12,'Body','Clipping',(#9886));
#9888= IFCPRODUCTDEFINITIONSHAPE($,$,(#9887));
#9889= IFCBEAM('01yzg4FqX1CxmRUqxfWXAe',#44,'main piece','IPE270','IPE270',#9877,#9888,'b/648(?)');
#9890= IFCLOCALPLACEMENT(#3371,#3377);
#9891= IFCCARTESIANPOINT((0.,27.5925565197735,0.));
#9892= IFCAXIS2PLACEMENT3D(#9891,#8,#7);
#9893= IFCEXTRUDEDAREASOLID(#404,#9892,#9,6.81);
#9894= IFCSHAPEREPRESENTATION(#12,'Body','SweptSolid',(#9893));
#9895= IFCREPRESENTATIONMAP(#10,#9894);
#9896= IFCMAPPEDITEM(#9895,#86);
#9897= IFCMAPPEDITEM(#9895,#91);
#9898= IFCMAPPEDITEM(#9895,#94);
#9899= IFCSHAPEREPRESENTATION(#12,'Body','MappedRepresentation',(#9896,#9897,#9898));
#9900= IFCPRODUCTDEFINITIONSHAPE($,$,(#9899));
#9901= IFCOPENINGELEMENT('2hEqzkMnjCbvR7wde10ljM',#5,$,$,'Opening',#9890,#9900,$);
#9902= IFCRELVOIDSELEMENT('3WIRbdKdj57QbVrkf6WngK',#5,'Drill Hole',$,#9889,#9901);
#9903= IFCPROPERTYSINGLEVALUE('IndicationMark',$,IFCIDENTIFIER('b/648(?)'),$);
#9904= IFCPROPERTYSET('2Yx0OeXtnACuYM0UdgsDUu',#5,'AISC_EM11_Pset_PieceIdentification','PieceIdentity',(#6094,#9903,#424,#700));
#9905= IFCCARTESIANPOINT((44630.0866241455,17546.7981835727,56714.9981994629));
#9906= IFCAXIS2PLACEMENT3D(#9905,#9,#8);
#9907= IFCLOCALPLACEMENT(#3669,#9906);
#9908= IFCCARTESIANPOINT((7440.49835205078,0.,0.));
#9909= IFCAXIS2PLACEMENT3D(#9908,#4320,#740);
#9910= IFCEXTRUDEDAREASOLID(#9162,#9909,#9,7440.5);
#9911= IFCDIRECTION((-0.998472581030667,0.0552494790016902,0.));
#9912= IFCCARTESIANPOINT((-4.15082358788641,31.705135182674,-120.));
#9913= IFCAXIS2PLACEMENT3D(#9912,#9911,#9);
#9914= IFCPLANE(#9913);
#9915= IFCHALFSPACESOLID(#9914,.F.);
#9916= IFCBOOLEANCLIPPINGRESULT(.DIFFERENCE.,#9910,#9915);
#9917= IFCSHAPEREPRESENTATION(#12,'Body','Clipping',(#9916));
#9918= IFCPRODUCTDEFINITIONSHAPE($,$,(#9917));
#9919= IFCBEAM('3gaikCF_95gOafJVkoa0d8',#44,'main piece','IPE270','IPE270',#9907,#9918,'b/647(?)');
#9920= IFCLOCALPLACEMENT(#3669,#3674);
#9921= IFCSHAPEREPRESENTATION(#12,'Body','MappedRepresentation',(#9896,#9897,#9898));
#9922= IFCPRODUCTDEFINITIONSHAPE($,$,(#9921));
#9923= IFCOPENINGELEMENT('3VXZkd0VPBxAaWE6qUv3Fi',#5,$,$,'Opening',#9920,#9922,$);
#9924= IFCRELVOIDSELEMENT('1bYbeJPSP64QIh$CBCBDeX',#5,'Drill Hole',$,#9919,#9923);
#9925= IFCPROPERTYSINGLEVALUE('IndicationMark',$,IFCIDENTIFIER('b/647(?)'),$);
#9926= IFCPROPERTYSET('31eZwGZ890DRBQAUX1sqFS',#5,'AISC_EM11_Pset_PieceIdentification','PieceIdentity',(#6094,#9925,#424,#700));
#9927= IFCLOCALPLACEMENT(#42,#10);
#9928= IFCELEMENTASSEMBLY('3oYkqlW_5AIBp19pm81mwQ',#9154,'BEAM',$,$,#9927,$,'B/664',.NOTDEFINED.,.RIGID_FRAME.);
#9929= IFCPROPERTYSINGLEVALUE('AssemblyMark',$,IFCIDENTIFIER('B/664'),$);
#9930= IFCPROPERTYSET('2K$Ab$NNr9tuNLrA3Ic83g',#5,'AISC_EM11_Pset_AssemblyIdentification','AssemblyIdentity',(#9929,#52,#53));
#9931= IFCCARTESIANPOINT((37103.0060882568,20783.9382807141,56729.9981994629));
#9932= IFCAXIS2PLACEMENT3D(#9931,#9,#8);
#9933= IFCLOCALPLACEMENT(#9927,#9932);
#9934= IFCCARTESIANPOINT((409.999847412109,0.,0.));
#9935= IFCAXIS2PLACEMENT3D(#9934,#4320,#740);
#9936= IFCEXTRUDEDAREASOLID(#9631,#9935,#9,410.);
#9937= IFCSHAPEREPRESENTATION(#12,'Body','SweptSolid',(#9936));
#9938= IFCPRODUCTDEFINITIONSHAPE($,$,(#9937));
#9939= IFCBEAM('0eXdZKiCj4EvNHSZUm2XC4',#9154,'main piece','IPE240','IPE240',#9933,#9938,'b/559');
#9940= IFCPROPERTYSINGLEVALUE('IndicationMark',$,IFCIDENTIFIER('b/559'),$);
#9941= IFCPROPERTYSET('0$Sz0Lepv4VPcGRFbqPxfA',#5,'AISC_EM11_Pset_PieceIdentification','PieceIdentity',(#6094,#9940,#424,#700));
#9942= IFCLOCALPLACEMENT(#42,#10);
#9943= IFCELEMENTASSEMBLY('0AxoJc2fDBcALqkbOC6Iyj',#9154,'BEAM',$,$,#9942,$,'B/663',.NOTDEFINED.,.RIGID_FRAME.);
#9944= IFCPROPERTYSINGLEVALUE('AssemblyMark',$,IFCIDENTIFIER('B/663'),$);
#9945= IFCPROPERTYSET('07dJiDGX53EONE6Ebeo9Us',#5,'AISC_EM11_Pset_AssemblyIdentification','AssemblyIdentity',(#9944,#52,#53));
#9946= IFCCARTESIANPOINT((36015.3653259277,21277.0374933606,56729.9981994629));
#9947= IFCAXIS2PLACEMENT3D(#9946,#9,#7);
#9948= IFCLOCALPLACEMENT(#9942,#9947);
#9949= IFCCARTESIANPOINT((2159.93881225586,0.,0.));
#9950= IFCAXIS2PLACEMENT3D(#9949,#4320,#740);
#9951= IFCEXTRUDEDAREASOLID(#9631,#9950,#9,2159.94);
#9952= IFCSHAPEREPRESENTATION(#12,'Body','SweptSolid',(#9951));
#9953= IFCPRODUCTDEFINITIONSHAPE($,$,(#9952));
#9954= IFCBEAM('0zdyEhgz13xeygDkgqTBPR',#9154,'main piece','IPE240','IPE240',#9948,#9953,'b/558');
#9955= IFCPROPERTYSINGLEVALUE('IndicationMark',$,IFCIDENTIFIER('b/558'),$);
#9956= IFCPROPERTYSET('3_uC2jzab6yx5haE44FdN6',#5,'AISC_EM11_Pset_PieceIdentification','PieceIdentity',(#6094,#9955,#424,#700));
#9957= IFCLOCALPLACEMENT(#42,#10);
#9958= IFCELEMENTASSEMBLY('0SNKw9R851Nu7mVy82JmLH',#9154,'BEAM',$,$,#9957,$,'B/663',.NOTDEFINED.,.RIGID_FRAME.);
#9959= IFCCARTESIANPOINT((36015.3653259277,20707.039705885,56729.9981994629));
#9960= IFCDIRECTION((0.999998969784182,-0.00143541999969001,0.));
#9961= IFCAXIS2PLACEMENT3D(#9959,#9,#9960);
#9962= IFCLOCALPLACEMENT(#9957,#9961);
#9963= IFCCARTESIANPOINT((2159.9219639418,-3.63797880709171E-12,7.27595761418343E-12));
#9964= IFCAXIS2PLACEMENT3D(#9963,#4320,#740);
#9965= IFCEXTRUDEDAREASOLID(#9631,#9964,#9,2159.92);
#9966= IFCSHAPEREPRESENTATION(#12,'Body','SweptSolid',(#9965));
#9967= IFCPRODUCTDEFINITIONSHAPE($,$,(#9966));
#9968= IFCBEAM('24zFNAZhvDFeRJw$RiQ6PZ',#9154,'main piece','IPE240','IPE240',#9962,#9967,'b/558');
#9969= IFCCARTESIANPOINT((40375.0855560303,17782.3595544223,56714.9981994629));
#9970= IFCAXIS2PLACEMENT3D(#9969,#9,#8);
#9971= IFCLOCALPLACEMENT(#3783,#9970);
#9972= IFCCARTESIANPOINT((7204.89883422852,0.,0.));
#9973= IFCAXIS2PLACEMENT3D(#9972,#4320,#740);
#9974= IFCEXTRUDEDAREASOLID(#9162,#9973,#9,7204.9);
#9975= IFCCARTESIANPOINT((-4.18566667853884,31.7051351827395,-120.));
#9976= IFCAXIS2PLACEMENT3D(#9975,#9911,#9);
#9977= IFCPLANE(#9976);
#9978= IFCHALFSPACESOLID(#9977,.F.);
#9979= IFCBOOLEANCLIPPINGRESULT(.DIFFERENCE.,#9974,#9978);
#9980= IFCSHAPEREPRESENTATION(#12,'Body','Clipping',(#9979));
#9981= IFCPRODUCTDEFINITIONSHAPE($,$,(#9980));
#9982= IFCBEAM('0PjMJ69AT30h1FnJqWUb2s',#44,'main piece','IPE270','IPE270',#9971,#9981,'b/646(?)');
#9983= IFCLOCALPLACEMENT(#3783,#3788);
#9984= IFCSHAPEREPRESENTATION(#12,'Body','MappedRepresentation',(#9896,#9897,#9898));
#9985= IFCPRODUCTDEFINITIONSHAPE($,$,(#9984));
#9986= IFCOPENINGELEMENT('38sGaFv1b5BBQ9QD4HVrNd',#5,$,$,'Opening',#9983,#9985,$);
#9987= IFCRELVOIDSELEMENT('1gft2GPFfDI8BtWcWxFnd_',#5,'Drill Hole',$,#9982,#9986);
#9988= IFCPROPERTYSINGLEVALUE('IndicationMark',$,IFCIDENTIFIER('b/646(?)'),$);
#9989= IFCPROPERTYSET('39cJCNWsf2mPDCcewX_PEq',#5,'AISC_EM11_Pset_PieceIdentification','PieceIdentity',(#6094,#9988,#424,#700));
#9990= IFCCARTESIANPOINT((38250.0855560303,17899.9723931674,56714.9981994629));
#9991= IFCAXIS2PLACEMENT3D(#9990,#9,#8);
#9992= IFCLOCALPLACEMENT(#3852,#9991);
#9993= IFCCARTESIANPOINT((7087.29934692383,0.,0.));
#9994= IFCAXIS2PLACEMENT3D(#9993,#4320,#740);
#9995= IFCEXTRUDEDAREASOLID(#9162,#9994,#9,7087.3);
#9996= IFCCARTESIANPOINT((-4.17365328477172,31.7051351827395,-120.));
#9997= IFCAXIS2PLACEMENT3D(#9996,#9911,#9);
#9998= IFCPLANE(#9997);
#9999= IFCHALFSPACESOLID(#9998,.F.);
#10000= IFCBOOLEANCLIPPINGRESULT(.DIFFERENCE.,#9995,#9999);
#10001= IFCSHAPEREPRESENTATION(#12,'Body','Clipping',(#10000));
#10002= IFCPRODUCTDEFINITIONSHAPE($,$,(#10001));
#10003= IFCBEAM('1RCEAn1fDCFQ6A$QpBr3mq',#44,'main piece','IPE270','IPE270',#9992,#10002,'b/645(?)');
#10004= IFCLOCALPLACEMENT(#3852,#3855);
#10005= IFCSHAPEREPRESENTATION(#12,'Body','MappedRepresentation',(#9896,#9897,#9898));
#10006= IFCPRODUCTDEFINITIONSHAPE($,$,(#10005));
#10007= IFCOPENINGELEMENT('2gyn_vfuP6EQcvTEf1UOc9',#5,$,$,'Opening',#10004,#10006,$);
#10008= IFCRELVOIDSELEMENT('0YTFOpHLDCeRJvGdozR9UO',#5,'Drill Hole',$,#10003,#10007);
#10009= IFCLOCALPLACEMENT(#42,#10);
#10010= IFCELEMENTASSEMBLY('0lP_iZCB10WvjzgyvNECCE',#44,'BEAM',$,$,#10009,$,'B/701(?)',.NOTDEFINED.,.RIGID_FRAME.);
#10011= IFCPROPERTYSINGLEVALUE('AssemblyMark',$,IFCIDENTIFIER('B/701(?)'),$);
#10012= IFCPROPERTYSET('1sI_aWQLT6qfl72DPevKWr',#5,'AISC_EM11_Pset_AssemblyIdentification','AssemblyIdentity',(#10011,#52,#53));
#10013= IFCCARTESIANPOINT((35935.1460571289,19833.6023827915,56714.9981994629));
#10014= IFCAXIS2PLACEMENT3D(#10013,#9,#8);
#10015= IFCLOCALPLACEMENT(#10009,#10014);
#10016= IFCCARTESIANPOINT((5153.65600585938,0.,0.));
#10017= IFCAXIS2PLACEMENT3D(#10016,#4320,#740);
#10018= IFCEXTRUDEDAREASOLID(#9162,#10017,#9,5153.66);
#10019= IFCSHAPEREPRESENTATION(#12,'Body','SweptSolid',(#10018));
#10020= IFCPRODUCTDEFINITIONSHAPE($,$,(#10019));
#10021= IFCBEAM('1gS_xusiPCU94IAmJathA3',#44,'main piece','IPE270','IPE270',#10015,#10020,'b/596(?)');
#10022= IFCPROPERTYSINGLEVALUE('IndicationMark',$,IFCIDENTIFIER('b/596(?)'),$);
#10023= IFCPROPERTYSET('0ufepPLkb4UQVN_KEEMu8v',#5,'AISC_EM11_Pset_PieceIdentification','PieceIdentity',(#6094,#10022,#424,#700));
#10024= IFCLOCALPLACEMENT(#42,#10);
#10025= IFCELEMENTASSEMBLY('2pXHRofK556gyFTajQu17P',#9154,'BEAM',$,$,#10024,$,'B/660',.NOTDEFINED.,.RIGID_FRAME.);
#10026= IFCCARTESIANPOINT((37103.0060882568,18992.3695246106,56714.9981994629));
#10027= IFCAXIS2PLACEMENT3D(#10026,#9,#8);
#10028= IFCLOCALPLACEMENT(#10024,#10027);
#10029= IFCCARTESIANPOINT((574.499130249023,0.,0.));
#10030= IFCAXIS2PLACEMENT3D(#10029,#4320,#740);
#10031= IFCEXTRUDEDAREASOLID(#9162,#10030,#9,574.5);
#10032= IFCSHAPEREPRESENTATION(#12,'Body','SweptSolid',(#10031));
#10033= IFCPRODUCTDEFINITIONSHAPE($,$,(#10032));
#10034= IFCBEAM('1VEpENHPLBgwn$BzKQXjIT',#9154,'main piece','IPE270','IPE270',#10028,#10033,'b/555');
#10035= IFCLOCALPLACEMENT(#42,#10);
#10036= IFCELEMENTASSEMBLY('21_EDAb9X5nh6sZ$uagri1',#9154,'BEAM',$,$,#10035,$,'B/660',.NOTDEFINED.,.RIGID_FRAME.);
#10037= IFCCARTESIANPOINT((35182.9621429443,18992.3695246106,56714.9981994629));
#10038= IFCAXIS2PLACEMENT3D(#10037,#9,#8);
#10039= IFCLOCALPLACEMENT(#10035,#10038);
#10040= IFCSHAPEREPRESENTATION(#12,'Body','SweptSolid',(#10031));
#10041= IFCPRODUCTDEFINITIONSHAPE($,$,(#10040));
#10042= IFCBEAM('31v1SpD0nB9vc0nuMHy7iT',#9154,'main piece','IPE270','IPE270',#10039,#10041,'b/555');
#10043= IFCCARTESIANPOINT((34272.6895446777,19647.1193949109,56714.9981994629));
#10044= IFCAXIS2PLACEMENT3D(#10043,#9,#7);
#10045= IFCLOCALPLACEMENT(#5792,#10044);
#10046= IFCCARTESIANPOINT((3900.,0.,0.));
#10047= IFCAXIS2PLACEMENT3D(#10046,#4320,#740);
#10048= IFCEXTRUDEDAREASOLID(#9162,#10047,#9,3900.);
#10049= IFCCARTESIANPOINT((237.779656798812,60.0096055126814,-120.));
#10050= IFCAXIS2PLACEMENT3D(#10049,#9385,#9);
#10051= IFCPLANE(#10050);
#10052= IFCHALFSPACESOLID(#10051,.F.);
#10053= IFCBOOLEANCLIPPINGRESULT(.DIFFERENCE.,#10048,#10052);
#10054= IFCSHAPEREPRESENTATION(#12,'Body','Clipping',(#10053));
#10055= IFCPRODUCTDEFINITIONSHAPE($,$,(#10054));
#10056= IFCBEAM('1huR_D7ur3KOEngncmzf99',#44,'main piece','IPE270','IPE270',#10045,#10055,'b/554(?)');
#10057= IFCLOCALPLACEMENT(#5792,#5797);
#10058= IFCSHAPEREPRESENTATION(#12,'Body','MappedRepresentation',(#9400,#9401,#9402));
#10059= IFCPRODUCTDEFINITIONSHAPE($,$,(#10058));
#10060= IFCOPENINGELEMENT('1pipcIXkjA_8l77PloqQYG',#5,$,$,'Opening',#10057,#10059,$);
#10061= IFCRELVOIDSELEMENT('2a79Y7mZzAxv9TpmfMT5OA',#5,'Drill Hole',$,#10056,#10060);
#10062= IFCPROPERTYSINGLEVALUE('IndicationMark',$,IFCIDENTIFIER('b/554(?)'),$);
#10063= IFCPROPERTYSET('2xisZ1f$HDEgAHFk_HajjZ',#5,'AISC_EM11_Pset_PieceIdentification','PieceIdentity',(#6094,#10062,#424,#700));
#10064= IFCPROPERTYSINGLEVALUE('SkewedAngleX',$,IFCREAL(-0.00108),$);
#10065= IFCPROPERTYSET('1F3IrlgPf3JhNc7_SpsqVy',#5,'AISC_EM11_Pset_SkewedEnd',$,(#702,#10064));
#10066= IFCCARTESIANPOINT((34251.7010803223,18912.1187845593,56714.9981994629));
#10067= IFCAXIS2PLACEMENT3D(#10066,#9,#7);
#10068= IFCLOCALPLACEMENT(#5725,#10067);
#10069= IFCCARTESIANPOINT((3910.9001159668,0.,0.));
#10070= IFCAXIS2PLACEMENT3D(#10069,#4320,#740);
#10071= IFCEXTRUDEDAREASOLID(#9162,#10070,#9,3910.9);
#10072= IFCCARTESIANPOINT((258.76812115428,60.0096055126814,-120.));
#10073= IFCAXIS2PLACEMENT3D(#10072,#9385,#9);
#10074= IFCPLANE(#10073);
#10075= IFCHALFSPACESOLID(#10074,.F.);
#10076= IFCBOOLEANCLIPPINGRESULT(.DIFFERENCE.,#10071,#10075);
#10077= IFCSHAPEREPRESENTATION(#12,'Body','Clipping',(#10076));
#10078= IFCPRODUCTDEFINITIONSHAPE($,$,(#10077));
#10079= IFCBEAM('0sdzuR0FD7M9ycFWmBPAZS',#44,'main piece','IPE270','IPE270',#10068,#10078,'b/553(?)');
#10080= IFCLOCALPLACEMENT(#5725,#5728);
#10081= IFCSHAPEREPRESENTATION(#12,'Body','MappedRepresentation',(#9400,#9401,#9402));
#10082= IFCPRODUCTDEFINITIONSHAPE($,$,(#10081));
#10083= IFCOPENINGELEMENT('3kfCYT0BP2cf94tls44Oui',#5,$,$,'Opening',#10080,#10082,$);
#10084= IFCRELVOIDSELEMENT('2dl$wAnMn1GgBbJ3uEs68x',#5,'Drill Hole',$,#10079,#10083);
#10085= IFCCARTESIANPOINT((36117.8052062988,18011.3953272229,56714.9981994629));
#10086= IFCAXIS2PLACEMENT3D(#10085,#9,#8);
#10087= IFCLOCALPLACEMENT(#3919,#10086);
#10088= IFCCARTESIANPOINT((820.499420166016,0.,0.));
#10089= IFCAXIS2PLACEMENT3D(#10088,#4320,#740);
#10090= IFCEXTRUDEDAREASOLID(#9162,#10089,#9,820.5);
#10091= IFCCARTESIANPOINT((2.43125306248476,31.7051351827395,-120.));
#10092= IFCAXIS2PLACEMENT3D(#10091,#9911,#9);
#10093= IFCPLANE(#10092);
#10094= IFCHALFSPACESOLID(#10093,.F.);
#10095= IFCBOOLEANCLIPPINGRESULT(.DIFFERENCE.,#10090,#10094);
#10096= IFCSHAPEREPRESENTATION(#12,'Body','Clipping',(#10095));
#10097= IFCPRODUCTDEFINITIONSHAPE($,$,(#10096));
#10098= IFCBEAM('13IaPb4PH0zQdTaLYQ3ee7',#44,'main piece','IPE270','IPE270',#10087,#10097,'b/552(?)');
#10099= IFCLOCALPLACEMENT(#3919,#3924);
#10100= IFCSHAPEREPRESENTATION(#12,'Body','MappedRepresentation',(#9896,#9897,#9898));
#10101= IFCPRODUCTDEFINITIONSHAPE($,$,(#10100));
#10102= IFCOPENINGELEMENT('2LL1_Xysb1$Q3L5jSsoWST',#5,$,$,'Opening',#10099,#10101,$);
#10103= IFCRELVOIDSELEMENT('0Jf1Y$KIz9GeUAe7AblZTy',#5,'Drill Hole',$,#10098,#10102);
#10104= IFCPROPERTYSINGLEVALUE('IndicationMark',$,IFCIDENTIFIER('b/552(?)'),$);
#10105= IFCPROPERTYSET('0aDn53Tb57F82V34ae3Y7h',#5,'AISC_EM11_Pset_PieceIdentification','PieceIdentity',(#6094,#10104,#424,#700));
#10106= IFCPROPERTYSINGLEVALUE('SkewedAngleX',$,IFCREAL(3.16717),$);
#10107= IFCPROPERTYSET('06q79OenD2ufeHs$ZU2y65',#5,'AISC_EM11_Pset_SkewedEnd',$,(#702,#10106));
#10108= IFCLOCALPLACEMENT(#42,#10);
#10109= IFCELEMENTASSEMBLY('0BRodA5hj0C8eziqDl6rZY',#9154,'BEAM',$,$,#10108,$,'B/618',.NOTDEFINED.,.RIGID_FRAME.);
#10110= IFCPROPERTYSINGLEVALUE('AssemblyMark',$,IFCIDENTIFIER('B/618'),$);
#10111= IFCPROPERTYSET('1FKChk1RbAY9rHB6I2JPWl',#5,'AISC_EM11_Pset_AssemblyIdentification','AssemblyIdentity',(#10110,#52,#53));
#10112= IFCCARTESIANPOINT((17144.9944610596,17380.1321526889,56699.9981994629));
#10113= IFCAXIS2PLACEMENT3D(#10112,#9,#7);
#10114= IFCLOCALPLACEMENT(#10108,#10113);
#10115= IFCCARTESIANPOINT((5879.9991607666,0.,0.));
#10116= IFCAXIS2PLACEMENT3D(#10115,#4320,#740);
#10117= IFCEXTRUDEDAREASOLID(#9294,#10116,#9,5880.);
#10118= IFCSHAPEREPRESENTATION(#12,'Body','SweptSolid',(#10117));
#10119= IFCPRODUCTDEFINITIONSHAPE($,$,(#10118));
#10120= IFCBEAM('1kZesxv1DBGghT38gP8VHx',#9154,'main piece','IPE300','IPE300',#10114,#10119,'b/513');
#10121= IFCPROPERTYSINGLEVALUE('IndicationMark',$,IFCIDENTIFIER('b/513'),$);
#10122= IFCPROPERTYSET('0CL$l71c11XOKimRQUS9KI',#5,'AISC_EM11_Pset_PieceIdentification','PieceIdentity',(#6094,#10121,#424,#700));
#10123= IFCLOCALPLACEMENT(#42,#10);
#10124= IFCELEMENTASSEMBLY('1BLikBb8fDzx7ytcVBYUsp',#9154,'BEAM',$,$,#10123,$,'B/655',.NOTDEFINED.,.RIGID_FRAME.);
#10125= IFCPROPERTYSINGLEVALUE('AssemblyMark',$,IFCIDENTIFIER('B/655'),$);
#10126= IFCPROPERTYSET('0ghwtmkvT98wi6XIyZbjKJ',#5,'AISC_EM11_Pset_AssemblyIdentification','AssemblyIdentity',(#10125,#52,#53));
#10127= IFCCARTESIANPOINT((29325.05103302,7372.07932676118,56729.9981994629));
#10128= IFCDIRECTION((0.000488372999876268,-0.999999880745899,0.));
#10129= IFCAXIS2PLACEMENT3D(#10127,#9,#10128);
#10130= IFCLOCALPLACEMENT(#10123,#10129);
#10131= IFCCARTESIANPOINT((1769.20053599713,0.,-7.27595761418343E-12));
#10132= IFCAXIS2PLACEMENT3D(#10131,#4320,#740);
#10133= IFCEXTRUDEDAREASOLID(#9631,#10132,#9,1769.2);
#10134= IFCSHAPEREPRESENTATION(#12,'Body','SweptSolid',(#10133));
#10135= IFCPRODUCTDEFINITIONSHAPE($,$,(#10134));
#10136= IFCBEAM('3N7a1liEf30xz7ojMLzyy0',#9154,'main piece','IPE240','IPE240',#10130,#10135,'b/550');
#10137= IFCPROPERTYSINGLEVALUE('IndicationMark',$,IFCIDENTIFIER('b/550'),$);
#10138= IFCPROPERTYSET('0QOgOWU3DAvw0l8kIY8Boq',#5,'AISC_EM11_Pset_PieceIdentification','PieceIdentity',(#6094,#10137,#424,#700));
#10139= IFCLOCALPLACEMENT(#42,#10);
#10140= IFCELEMENTASSEMBLY('3DLrNhb1L3pQJN7fdkzpP$',#9154,'BEAM',$,$,#10139,$,'B/655',.NOTDEFINED.,.RIGID_FRAME.);
#10141= IFCCARTESIANPOINT((28905.0519104004,5602.87900174898,56729.9981994629));
#10142= IFCAXIS2PLACEMENT3D(#10141,#9,#4019);
#10143= IFCLOCALPLACEMENT(#10139,#10142);
#10144= IFCCARTESIANPOINT((1769.1993713366,0.,7.27595761418343E-12));
#10145= IFCAXIS2PLACEMENT3D(#10144,#4320,#740);
#10146= IFCEXTRUDEDAREASOLID(#9631,#10145,#9,1769.2);
#10147= IFCSHAPEREPRESENTATION(#12,'Body','SweptSolid',(#10146));
#10148= IFCPRODUCTDEFINITIONSHAPE($,$,(#10147));
#10149= IFCBEAM('0ln0wa2mv2seqwdJ32g9QQ',#9154,'main piece','IPE240','IPE240',#10143,#10148,'b/550');
#10150= IFCLOCALPLACEMENT(#42,#10);
#10151= IFCELEMENTASSEMBLY('1yiCiEux91mf4kzao08S6Q',#9154,'BEAM',$,$,#10150,$,'B/654',.NOTDEFINED.,.RIGID_FRAME.);
#10152= IFCPROPERTYSINGLEVALUE('AssemblyMark',$,IFCIDENTIFIER('B/654'),$);
#10153= IFCPROPERTYSET('1lMU$Gj_rA_wFMUeLoFfN$',#5,'AISC_EM11_Pset_AssemblyIdentification','AssemblyIdentity',(#10152,#52,#53));
#10154= IFCCARTESIANPOINT((28005.3155059814,5522.62301648897,56729.9981994629));
#10155= IFCAXIS2PLACEMENT3D(#10154,#9,#4193);
#10156= IFCLOCALPLACEMENT(#10150,#10155);
#10157= IFCCARTESIANPOINT((1864.5000457913,-3.94823242235596E-19,0.));
#10158= IFCAXIS2PLACEMENT3D(#10157,#4320,#740);
#10159= IFCEXTRUDEDAREASOLID(#9631,#10158,#9,1864.5);
#10160= IFCSHAPEREPRESENTATION(#12,'Body','SweptSolid',(#10159));
#10161= IFCPRODUCTDEFINITIONSHAPE($,$,(#10160));
#10162= IFCBEAM('1hFdVBiGX2s9uCwAS5iJu5',#9154,'main piece','IPE240','IPE240',#10156,#10161,'b/549');
#10163= IFCPROPERTYSINGLEVALUE('IndicationMark',$,IFCIDENTIFIER('b/549'),$);
#10164= IFCPROPERTYSET('2N_Rj51k97IgRLnWom23QR',#5,'AISC_EM11_Pset_PieceIdentification','PieceIdentity',(#6094,#10163,#424,#700));
#10165= IFCLOCALPLACEMENT(#42,#10);
#10166= IFCELEMENTASSEMBLY('1h4KUbXGD8k84CkRL0Rpro',#9154,'BEAM',$,$,#10165,$,'B/649',.NOTDEFINED.,.RIGID_FRAME.);
#10167= IFCPROPERTYSINGLEVALUE('AssemblyMark',$,IFCIDENTIFIER('B/649'),$);
#10168= IFCPROPERTYSET('0NQpCDqgH6cQe7ElZTBdxi',#5,'AISC_EM11_Pset_AssemblyIdentification','AssemblyIdentity',(#10167,#52,#53));
#10169= IFCCARTESIANPOINT((37110.3016967773,4299.08843244356,56729.9981994629));
#10170= IFCAXIS2PLACEMENT3D(#10169,#9,#8);
#10171= IFCLOCALPLACEMENT(#10165,#10170);
#10172= IFCCARTESIANPOINT((309.99755859375,0.,0.));
#10173= IFCAXIS2PLACEMENT3D(#10172,#4320,#740);
#10174= IFCEXTRUDEDAREASOLID(#9631,#10173,#9,310.);
#10175= IFCSHAPEREPRESENTATION(#12,'Body','SweptSolid',(#10174));
#10176= IFCPRODUCTDEFINITIONSHAPE($,$,(#10175));
#10177= IFCBEAM('3qt7UWAEnBiB7f2xpJ7xpq',#9154,'main piece','IPE240','IPE240',#10171,#10176,'b/544');
#10178= IFCPROPERTYSINGLEVALUE('IndicationMark',$,IFCIDENTIFIER('b/544'),$);
#10179= IFCPROPERTYSET('1GqxnJDKb9qB4k9PRw8EjJ',#5,'AISC_EM11_Pset_PieceIdentification','PieceIdentity',(#6094,#10178,#424,#700));
#10180= IFCLOCALPLACEMENT(#42,#10);
#10181= IFCELEMENTASSEMBLY('16KrsXCSzCEf5U7S63hWHT',#9154,'BEAM',$,$,#10180,$,'B/646',.NOTDEFINED.,.RIGID_FRAME.);
#10182= IFCPROPERTYSINGLEVALUE('AssemblyMark',$,IFCIDENTIFIER('B/646'),$);
#10183= IFCPROPERTYSET('1v2Qmx0rnDPR3RPrvMb9$e',#5,'AISC_EM11_Pset_AssemblyIdentification','AssemblyIdentity',(#10182,#52,#53));
#10184= IFCCARTESIANPOINT((38169.8491210938,4689.08639158052,56729.9981994629));
#10185= IFCAXIS2PLACEMENT3D(#10184,#9,#4320);
#10186= IFCLOCALPLACEMENT(#10180,#10185);
#10187= IFCCARTESIANPOINT((1967.00286865234,0.,0.));
#10188= IFCAXIS2PLACEMENT3D(#10187,#4320,#740);
#10189= IFCEXTRUDEDAREASOLID(#9631,#10188,#9,1967.);
#10190= IFCSHAPEREPRESENTATION(#12,'Body','SweptSolid',(#10189));
#10191= IFCPRODUCTDEFINITIONSHAPE($,$,(#10190));
#10192= IFCBEAM('0ksKjslRD0kAOp65vIrWfb',#9154,'main piece','IPE240','IPE240',#10186,#10191,'b/541');
#10193= IFCPROPERTYSINGLEVALUE('IndicationMark',$,IFCIDENTIFIER('b/541'),$);
#10194= IFCPROPERTYSET('0d9TkeXq17AQx6VO3EvGQ0',#5,'AISC_EM11_Pset_PieceIdentification','PieceIdentity',(#6094,#10193,#424,#700));
#10195= IFCLOCALPLACEMENT(#42,#10);
#10196= IFCELEMENTASSEMBLY('0gSpOqiUHDcAeo0I0IhY67',#9154,'BEAM',$,$,#10195,$,'B/645',.NOTDEFINED.,.RIGID_FRAME.);
#10197= IFCPROPERTYSINGLEVALUE('AssemblyMark',$,IFCIDENTIFIER('B/645'),$);
#10198= IFCPROPERTYSET('2yBnLokerDHOF1ZTwyoY8M',#5,'AISC_EM11_Pset_AssemblyIdentification','AssemblyIdentity',(#10197,#52,#53));
#10199= IFCCARTESIANPOINT((38169.8491210938,4219.0885087375,56729.9981994629));
#10200= IFCAXIS2PLACEMENT3D(#10199,#9,#4320);
#10201= IFCLOCALPLACEMENT(#10195,#10200);
#10202= IFCCARTESIANPOINT((1950.,0.,0.));
#10203= IFCAXIS2PLACEMENT3D(#10202,#4320,#740);
#10204= IFCEXTRUDEDAREASOLID(#9631,#10203,#9,1950.);
#10205= IFCSHAPEREPRESENTATION(#12,'Body','SweptSolid',(#10204));
#10206= IFCPRODUCTDEFINITIONSHAPE($,$,(#10205));
#10207= IFCBEAM('28k_5YAn9Biw$sFK_b9LIJ',#9154,'main piece','IPE240','IPE240',#10201,#10206,'b/540');
#10208= IFCPROPERTYSINGLEVALUE('IndicationMark',$,IFCIDENTIFIER('b/540'),$);
#10209= IFCPROPERTYSET('16Mu9dhl58agWdSXCIjt6y',#5,'AISC_EM11_Pset_PieceIdentification','PieceIdentity',(#6094,#10208,#424,#700));
#10210= IFCCARTESIANPOINT((34293.2850952148,4689.44878782075,56729.9981994629));
#10211= IFCAXIS2PLACEMENT3D(#10210,#9,#7);
#10212= IFCLOCALPLACEMENT(#5941,#10211);
#10213= IFCCARTESIANPOINT((1774.52087402344,0.,0.));
#10214= IFCAXIS2PLACEMENT3D(#10213,#4320,#740);
#10215= IFCEXTRUDEDAREASOLID(#9631,#10214,#9,1774.52);
#10216= IFCCARTESIANPOINT((217.184106261702,60.0096055126814,-120.));
#10217= IFCAXIS2PLACEMENT3D(#10216,#9385,#9);
#10218= IFCPLANE(#10217);
#10219= IFCHALFSPACESOLID(#10218,.F.);
#10220= IFCBOOLEANCLIPPINGRESULT(.DIFFERENCE.,#10215,#10219);
#10221= IFCSHAPEREPRESENTATION(#12,'Body','Clipping',(#10220));
#10222= IFCPRODUCTDEFINITIONSHAPE($,$,(#10221));
#10223= IFCBEAM('2dTAJLOhvCnuHGUPXU_Opm',#44,'main piece','IPE240','IPE240',#10212,#10222,'b/548(?)');
#10224= IFCLOCALPLACEMENT(#5941,#5946);
#10225= IFCCARTESIANPOINT((0.,-3.19999990846154,0.));
#10226= IFCAXIS2PLACEMENT3D(#10225,#8,#7);
#10227= IFCEXTRUDEDAREASOLID(#404,#10226,#9,6.4);
#10228= IFCSHAPEREPRESENTATION(#12,'Body','SweptSolid',(#10227));
#10229= IFCREPRESENTATIONMAP(#10,#10228);
#10230= IFCMAPPEDITEM(#10229,#86);
#10231= IFCMAPPEDITEM(#10229,#91);
#10232= IFCMAPPEDITEM(#10229,#94);
#10233= IFCSHAPEREPRESENTATION(#12,'Body','MappedRepresentation',(#10230,#10231,#10232));
#10234= IFCPRODUCTDEFINITIONSHAPE($,$,(#10233));
#10235= IFCOPENINGELEMENT('0Ge_t2gp56TgYZHqh5zSML',#5,$,$,'Opening',#10224,#10234,$);
#10236= IFCRELVOIDSELEMENT('3TtXLIshT4Eh9c7l02x4Es',#5,'Drill Hole',$,#10223,#10235);
#10237= IFCPROPERTYSINGLEVALUE('IndicationMark',$,IFCIDENTIFIER('b/548(?)'),$);
#10238= IFCPROPERTYSET('0e3hbI_szB9xnjaUDdv4PH',#5,'AISC_EM11_Pset_PieceIdentification','PieceIdentity',(#6094,#10237,#424,#700));
#10239= IFCCARTESIANPOINT((34304.5804138184,4219.08660138887,56729.9981994629));
#10240= IFCAXIS2PLACEMENT3D(#10239,#9,#7);
#10241= IFCLOCALPLACEMENT(#6010,#10240);
#10242= IFCCARTESIANPOINT((1763.22555541992,0.,0.));
#10243= IFCAXIS2PLACEMENT3D(#10242,#4320,#740);
#10244= IFCEXTRUDEDAREASOLID(#9631,#10243,#9,1763.23);
#10245= IFCCARTESIANPOINT((205.888787658187,60.0096055126814,-120.));
#10246= IFCAXIS2PLACEMENT3D(#10245,#9385,#9);
#10247= IFCPLANE(#10246);
#10248= IFCHALFSPACESOLID(#10247,.F.);
#10249= IFCBOOLEANCLIPPINGRESULT(.DIFFERENCE.,#10244,#10248);
#10250= IFCSHAPEREPRESENTATION(#12,'Body','Clipping',(#10249));
#10251= IFCPRODUCTDEFINITIONSHAPE($,$,(#10250));
#10252= IFCBEAM('1lp7RVVIj9WhcxK5nZhfW7',#44,'main piece','IPE240','IPE240',#10241,#10251,'b/546(?)');
#10253= IFCLOCALPLACEMENT(#6010,#6015);
#10254= IFCSHAPEREPRESENTATION(#12,'Body','MappedRepresentation',(#10230,#10231,#10232));
#10255= IFCPRODUCTDEFINITIONSHAPE($,$,(#10254));
#10256= IFCOPENINGELEMENT('3Zs0ilIW9BeOlZmy3KhQQr',#5,$,$,'Opening',#10253,#10255,$);
#10257= IFCRELVOIDSELEMENT('0OoLkO4TbDERi3oi3gLDpR',#5,'Drill Hole',$,#10252,#10256);
#10258= IFCPROPERTYSINGLEVALUE('IndicationMark',$,IFCIDENTIFIER('b/546(?)'),$);
#10259= IFCPROPERTYSET('0mGhZzfGrARQVBGNdjDVBB',#5,'AISC_EM11_Pset_PieceIdentification','PieceIdentity',(#6094,#10258,#424,#700));
#10260= IFCCARTESIANPOINT((78913.0360717755,5942.54870607831,56714.9981994629));
#10261= IFCAXIS2PLACEMENT3D(#10260,#9,#7);
#10262= IFCLOCALPLACEMENT(#4351,#10261);
#10263= IFCCARTESIANPOINT((968.3113098168,-9.09494701772928E-13,7.27595761418343E-12));
#10264= IFCAXIS2PLACEMENT3D(#10263,#4320,#740);
#10265= IFCEXTRUDEDAREASOLID(#9162,#10264,#9,968.31);
#10266= IFCCARTESIANPOINT((397.615652370951,60.0090618726663,-119.999999999993));
#10267= IFCAXIS2PLACEMENT3D(#10266,#9385,#9);
#10268= IFCPLANE(#10267);
#10269= IFCHALFSPACESOLID(#10268,.F.);
#10270= IFCBOOLEANCLIPPINGRESULT(.DIFFERENCE.,#10265,#10269);
#10271= IFCSHAPEREPRESENTATION(#12,'Body','Clipping',(#10270));
#10272= IFCPRODUCTDEFINITIONSHAPE($,$,(#10271));
#10273= IFCBEAM('2h5k3Sx6nEZf_SFx10vRwX',#44,'main piece','IPE270','IPE270',#10262,#10272,'b/508(?)');
#10274= IFCLOCALPLACEMENT(#4351,#4354);
#10275= IFCCARTESIANPOINT((0.,-3.39940356250463,0.));
#10276= IFCAXIS2PLACEMENT3D(#10275,#8,#7);
#10277= IFCEXTRUDEDAREASOLID(#404,#10276,#9,6.8);
#10278= IFCSHAPEREPRESENTATION(#12,'Body','SweptSolid',(#10277));
#10279= IFCREPRESENTATIONMAP(#10,#10278);
#10280= IFCMAPPEDITEM(#10279,#86);
#10281= IFCMAPPEDITEM(#10279,#91);
#10282= IFCMAPPEDITEM(#10279,#94);
#10283= IFCSHAPEREPRESENTATION(#12,'Body','MappedRepresentation',(#10280,#10281,#10282));
#10284= IFCPRODUCTDEFINITIONSHAPE($,$,(#10283));
#10285= IFCOPENINGELEMENT('0052PmH$b7PRc3bHRsTeqj',#5,$,$,'Opening',#10274,#10284,$);
#10286= IFCRELVOIDSELEMENT('11LXznU5L3CQ6e8j7ruQ_8',#5,'Drill Hole',$,#10273,#10285);
#10287= IFCPROPERTYSINGLEVALUE('SkewedAngleX',$,IFCREAL(-0.00102),$);
#10288= IFCPROPERTYSET('0I9tmra01EDBc6iX4JwLeL',#5,'AISC_EM11_Pset_SkewedEnd',$,(#702,#10287));
#10289= IFCLOCALPLACEMENT(#42,#10);
#10290= IFCELEMENTASSEMBLY('30F8LYVLf4tAiKNADlWGj$',#9154,'BEAM',$,$,#10289,$,'B/649',.NOTDEFINED.,.RIGID_FRAME.);
#10291= IFCCARTESIANPOINT((64890.3004760742,4299.13754667085,56729.9981994629));
#10292= IFCAXIS2PLACEMENT3D(#10291,#9,#8);
#10293= IFCLOCALPLACEMENT(#10289,#10292);
#10294= IFCSHAPEREPRESENTATION(#12,'Body','SweptSolid',(#10174));
#10295= IFCPRODUCTDEFINITIONSHAPE($,$,(#10294));
#10296= IFCBEAM('3FYTE9xBPFTA5Rtwbi1MkU',#9154,'main piece','IPE240','IPE240',#10293,#10295,'b/544');
#10297= IFCCARTESIANPOINT((65952.4113769531,4689.50457776826,56729.9981994629));
#10298= IFCAXIS2PLACEMENT3D(#10297,#9,#7);
#10299= IFCLOCALPLACEMENT(#5656,#10298);
#10300= IFCCARTESIANPOINT((1754.50134277344,0.,0.));
#10301= IFCAXIS2PLACEMENT3D(#10300,#4320,#740);
#10302= IFCEXTRUDEDAREASOLID(#9631,#10301,#9,1754.5);
#10303= IFCDIRECTION((0.99999999982296,1.88169999696732E-05,0.));
#10304= IFCCARTESIANPOINT((1537.11942157033,-60.0096055126742,-120.));
#10305= IFCAXIS2PLACEMENT3D(#10304,#10303,#9);
#10306= IFCPLANE(#10305);
#10307= IFCHALFSPACESOLID(#10306,.F.);
#10308= IFCBOOLEANCLIPPINGRESULT(.DIFFERENCE.,#10302,#10307);
#10309= IFCSHAPEREPRESENTATION(#12,'Body','Clipping',(#10308));
#10310= IFCPRODUCTDEFINITIONSHAPE($,$,(#10309));
#10311= IFCBEAM('0XER4Ansj1nggZB$SnjUHu',#44,'main piece','IPE240','IPE240',#10299,#10310,'b/543(?)');
#10312= IFCLOCALPLACEMENT(#5656,#5661);
#10313= IFCSHAPEREPRESENTATION(#12,'Body','MappedRepresentation',(#10230,#10231,#10232));
#10314= IFCPRODUCTDEFINITIONSHAPE($,$,(#10313));
#10315= IFCOPENINGELEMENT('0Lj5pLgbL84eLhqUrrBOa8',#5,$,$,'Opening',#10312,#10314,$);
#10316= IFCRELVOIDSELEMENT('2vVFw1sAb0XAlTX$sZ5KIN',#5,'Drill Hole',$,#10311,#10315);
#10317= IFCPROPERTYSINGLEVALUE('IndicationMark',$,IFCIDENTIFIER('b/543(?)'),$);
#10318= IFCPROPERTYSET('26dg_3BAn5AByfcTcFcnRZ',#5,'AISC_EM11_Pset_PieceIdentification','PieceIdentity',(#6094,#10317,#424,#700));
#10319= IFCPROPERTYSET('1qpZy1ZU56a8MbaPZUFGOc',#5,'AISC_EM11_Pset_SkewedEnd_2',$,(#702,#10064));
#10320= IFCCARTESIANPOINT((65952.4037475586,4219.50526441377,56729.9981994629));
#10321= IFCAXIS2PLACEMENT3D(#10320,#9,#7);
#10322= IFCLOCALPLACEMENT(#5576,#10321);
#10323= IFCCARTESIANPOINT((1741.10412597656,0.,0.));
#10324= IFCAXIS2PLACEMENT3D(#10323,#4320,#740);
#10325= IFCEXTRUDEDAREASOLID(#9631,#10324,#9,1741.1);
#10326= IFCCARTESIANPOINT((1537.12705096486,-60.0096055126742,-120.));
#10327= IFCAXIS2PLACEMENT3D(#10326,#10303,#9);
#10328= IFCPLANE(#10327);
#10329= IFCHALFSPACESOLID(#10328,.F.);
#10330= IFCBOOLEANCLIPPINGRESULT(.DIFFERENCE.,#10325,#10329);
#10331= IFCSHAPEREPRESENTATION(#12,'Body','Clipping',(#10330));
#10332= IFCPRODUCTDEFINITIONSHAPE($,$,(#10331));
#10333= IFCBEAM('0zF3ftUDH8PgiBpodNzGYk',#44,'main piece','IPE240','IPE240',#10322,#10332,'b/542(?)');
#10334= IFCLOCALPLACEMENT(#5576,#5581);
#10335= IFCSHAPEREPRESENTATION(#12,'Body','MappedRepresentation',(#10230,#10231,#10232));
#10336= IFCPRODUCTDEFINITIONSHAPE($,$,(#10335));
#10337= IFCOPENINGELEMENT('3wtobXwXf9K9i2zK$Wmz4S',#5,$,$,'Opening',#10334,#10336,$);
#10338= IFCRELVOIDSELEMENT('0VOximF7nB5QWLUXFE4agP',#5,'Drill Hole',$,#10333,#10337);
#10339= IFCPROPERTYSINGLEVALUE('IndicationMark',$,IFCIDENTIFIER('b/542(?)'),$);
#10340= IFCPROPERTYSET('07EX5C5nDFCABBU$$9Mfgw',#5,'AISC_EM11_Pset_PieceIdentification','PieceIdentity',(#6094,#10339,#424,#700));
#10341= IFCLOCALPLACEMENT(#42,#10);
#10342= IFCELEMENTASSEMBLY('0N48dD65j80whO1GyjjGbC',#9154,'BEAM',$,$,#10341,$,'B/646',.NOTDEFINED.,.RIGID_FRAME.);
#10343= IFCCARTESIANPOINT((65797.7940673828,4689.13550580782,56729.9981994629));
#10344= IFCAXIS2PLACEMENT3D(#10343,#9,#4320);
#10345= IFCLOCALPLACEMENT(#10341,#10344);
#10346= IFCCARTESIANPOINT((1967.49877929688,0.,0.));
#10347= IFCAXIS2PLACEMENT3D(#10346,#4320,#740);
#10348= IFCEXTRUDEDAREASOLID(#9631,#10347,#9,1967.5);
#10349= IFCSHAPEREPRESENTATION(#12,'Body','SweptSolid',(#10348));
#10350= IFCPRODUCTDEFINITIONSHAPE($,$,(#10349));
#10351= IFCBEAM('2M2wZboyL4QwZjDYU_d1rK',#9154,'main piece','IPE240','IPE240',#10345,#10350,'b/541');
#10352= IFCLOCALPLACEMENT(#42,#10);
#10353= IFCELEMENTASSEMBLY('0H0y0Oxa9Cth4PgJNB4tFr',#9154,'BEAM',$,$,#10352,$,'B/645',.NOTDEFINED.,.RIGID_FRAME.);
#10354= IFCCARTESIANPOINT((63830.2952880859,4219.13714612764,56729.9981994629));
#10355= IFCAXIS2PLACEMENT3D(#10354,#9,#7);
#10356= IFCLOCALPLACEMENT(#10352,#10355);
#10357= IFCSHAPEREPRESENTATION(#12,'Body','SweptSolid',(#10204));
#10358= IFCPRODUCTDEFINITIONSHAPE($,$,(#10357));
#10359= IFCBEAM('1SzWSUjnn2xfTlhA20k82Y',#9154,'main piece','IPE240','IPE240',#10356,#10358,'b/540');
#10360= IFCLOCALPLACEMENT(#42,#10);
#10361= IFCELEMENTASSEMBLY('1ltTP1VHz9wAfwac1i8S0_',#9154,'BEAM',$,$,#10360,$,'B/617',.NOTDEFINED.,.RIGID_FRAME.);
#10362= IFCPROPERTYSINGLEVALUE('AssemblyMark',$,IFCIDENTIFIER('B/617'),$);
#10363= IFCPROPERTYSET('3p9fNts9T0YutFdo67C$RN',#5,'AISC_EM11_Pset_AssemblyIdentification','AssemblyIdentity',(#10362,#52,#53));
#10364= IFCCARTESIANPOINT((84607.9327697754,17475.2058526401,56684.9981994629));
#10365= IFCAXIS2PLACEMENT3D(#10364,#9,#4019);
#10366= IFCLOCALPLACEMENT(#10360,#10365);
#10367= IFCISHAPEPROFILEDEF(.AREA.,'IPE330',#73,160.,330.,7.5,11.5,18.);
#10368= IFCCARTESIANPOINT((7127.30789185795,0.,0.));
#10369= IFCAXIS2PLACEMENT3D(#10368,#4320,#740);
#10370= IFCEXTRUDEDAREASOLID(#10367,#10369,#9,7127.31);
#10371= IFCSHAPEREPRESENTATION(#12,'Body','SweptSolid',(#10370));
#10372= IFCPRODUCTDEFINITIONSHAPE($,$,(#10371));
#10373= IFCBEAM('0mfUjpRxz0jxZNH4m8AvSP',#9154,'main piece','IPE330','IPE330',#10366,#10372,'b/512');
#10374= IFCPROPERTYSINGLEVALUE('IndicationMark',$,IFCIDENTIFIER('b/512'),$);
#10375= IFCPROPERTYSET('1qmhjGD_54kxHPfMaSDI0L',#5,'AISC_EM11_Pset_PieceIdentification','PieceIdentity',(#6094,#10374,#424,#700));
#10376= IFCLOCALPLACEMENT(#42,#10);
#10377= IFCELEMENTASSEMBLY('05y8Jdu019yet9d3CXjhv4',#9154,'BEAM',$,$,#10376,$,'B/749',.NOTDEFINED.,.RIGID_FRAME.);
#10378= IFCPROPERTYSINGLEVALUE('AssemblyMark',$,IFCIDENTIFIER('B/749'),$);
#10379= IFCPROPERTYSET('1xoQ4vuX52dxoaZ$qNg4zD',#5,'AISC_EM11_Pset_AssemblyIdentification','AssemblyIdentity',(#10378,#52,#53));
#10380= IFCCARTESIANPOINT((84607.9403991699,8215.19608701509,56684.9981994629));
#10381= IFCAXIS2PLACEMENT3D(#10380,#9,#8);
#10382= IFCLOCALPLACEMENT(#10376,#10381);
#10383= IFCCARTESIANPOINT((9070.00923157629,0.,0.));
#10384= IFCAXIS2PLACEMENT3D(#10383,#4320,#740);
#10385= IFCEXTRUDEDAREASOLID(#10367,#10384,#9,9070.01);
#10386= IFCSHAPEREPRESENTATION(#12,'Body','SweptSolid',(#10385));
#10387= IFCPRODUCTDEFINITIONSHAPE($,$,(#10386));
#10388= IFCBEAM('1rdSYD4Fn4ZQoAn$3alAQt',#9154,'main piece','IPE330','IPE330',#10382,#10387,'b/644');
#10389= IFCPROPERTYSINGLEVALUE('IndicationMark',$,IFCIDENTIFIER('b/644'),$);
#10390= IFCPROPERTYSET('2WEQBTEifB9RFSyif08Cdr',#5,'AISC_EM11_Pset_PieceIdentification','PieceIdentity',(#6094,#10389,#424,#700));
#10391= IFCLOCALPLACEMENT(#42,#10);
#10392= IFCELEMENTASSEMBLY('0GbrhYIjz7Tfe9MT7dADh3',#9154,'BEAM',$,$,#10391,$,'B/640',.NOTDEFINED.,.RIGID_FRAME.);
#10393= IFCPROPERTYSINGLEVALUE('AssemblyMark',$,IFCIDENTIFIER('B/640'),$);
#10394= IFCPROPERTYSET('1GQJd231DCwPjt4WaX6vE5',#5,'AISC_EM11_Pset_AssemblyIdentification','AssemblyIdentity',(#10393,#52,#53));
#10395= IFCCARTESIANPOINT((84607.9442138672,897.958233011184,56684.9981994629));
#10396= IFCAXIS2PLACEMENT3D(#10395,#9,#8);
#10397= IFCLOCALPLACEMENT(#10391,#10396);
#10398= IFCCARTESIANPOINT((7150.,0.,0.));
#10399= IFCAXIS2PLACEMENT3D(#10398,#4320,#740);
#10400= IFCEXTRUDEDAREASOLID(#10367,#10399,#9,7150.);
#10401= IFCSHAPEREPRESENTATION(#12,'Body','SweptSolid',(#10400));
#10402= IFCPRODUCTDEFINITIONSHAPE($,$,(#10401));
#10403= IFCBEAM('3kE6Y_CeT8r8iPq98lSCT8',#9154,'main piece','IPE330','IPE330',#10397,#10402,'b/535');
#10404= IFCPROPERTYSINGLEVALUE('IndicationMark',$,IFCIDENTIFIER('b/535'),$);
#10405= IFCPROPERTYSET('0uFoI_opj7rOznEjBHJycr',#5,'AISC_EM11_Pset_PieceIdentification','PieceIdentity',(#6094,#10404,#424,#700));
#10406= IFCLOCALPLACEMENT(#42,#10);
#10407= IFCELEMENTASSEMBLY('0E5nRaqyjEtvCQKBSOa8x0',#9154,'BEAM',$,$,#10406,$,'B/639',.NOTDEFINED.,.RIGID_FRAME.);
#10408= IFCPROPERTYSINGLEVALUE('AssemblyMark',$,IFCIDENTIFIER('B/639'),$);
#10409= IFCPROPERTYSET('3BOXJxVyX3uAemIQ6FTacE',#5,'AISC_EM11_Pset_AssemblyIdentification','AssemblyIdentity',(#10408,#52,#53));
#10410= IFCCARTESIANPOINT((82767.6999206543,17300.4011651401,56714.9981994629));
#10411= IFCAXIS2PLACEMENT3D(#10410,#9,#740);
#10412= IFCLOCALPLACEMENT(#10406,#10411);
#10413= IFCCARTESIANPOINT((9085.205078125,0.,0.));
#10414= IFCAXIS2PLACEMENT3D(#10413,#4320,#740);
#10415= IFCEXTRUDEDAREASOLID(#9162,#10414,#9,9085.21);
#10416= IFCSHAPEREPRESENTATION(#12,'Body','SweptSolid',(#10415));
#10417= IFCPRODUCTDEFINITIONSHAPE($,$,(#10416));
#10418= IFCBEAM('2Kfs0239L9_ROU$ZEchuHr',#9154,'main piece','IPE270','IPE270',#10412,#10417,'b/534');
#10419= IFCPROPERTYSINGLEVALUE('IndicationMark',$,IFCIDENTIFIER('b/534'),$);
#10420= IFCPROPERTYSET('3bUC_4Nff5dgSYAhJZecQ1',#5,'AISC_EM11_Pset_PieceIdentification','PieceIdentity',(#6094,#10419,#424,#700));
#10421= IFCLOCALPLACEMENT(#42,#10);
#10422= IFCELEMENTASSEMBLY('0H2s3lkfb9HhiJ5eylVOjD',#9154,'BEAM',$,$,#10421,$,'B/638',.NOTDEFINED.,.RIGID_FRAME.);
#10423= IFCPROPERTYSINGLEVALUE('AssemblyMark',$,IFCIDENTIFIER('B/638'),$);
#10424= IFCPROPERTYSET('1RsaUTCUPFrv3jWhT2E969',#5,'AISC_EM11_Pset_AssemblyIdentification','AssemblyIdentity',(#10423,#52,#53));
#10425= IFCCARTESIANPOINT((80732.6962585449,8215.19608701509,56714.9981994629));
#10426= IFCAXIS2PLACEMENT3D(#10425,#9,#8);
#10427= IFCLOCALPLACEMENT(#10421,#10426);
#10428= IFCEXTRUDEDAREASOLID(#9162,#10384,#9,9070.01);
#10429= IFCSHAPEREPRESENTATION(#12,'Body','SweptSolid',(#10428));
#10430= IFCPRODUCTDEFINITIONSHAPE($,$,(#10429));
#10431= IFCBEAM('3cJGME5VDEdAWGnB$Rul5I',#9154,'main piece','IPE270','IPE270',#10427,#10430,'b/533');
#10432= IFCPROPERTYSINGLEVALUE('IndicationMark',$,IFCIDENTIFIER('b/533'),$);
#10433= IFCPROPERTYSET('3JEWnJLcnCzROlcm4sDh7Z',#5,'AISC_EM11_Pset_PieceIdentification','PieceIdentity',(#6094,#10432,#424,#700));
#10434= IFCLOCALPLACEMENT(#42,#10);
#10435= IFCELEMENTASSEMBLY('1FNp7Ih75D6PUbYSQU8soZ',#9154,'BEAM',$,$,#10434,$,'B/747',.NOTDEFINED.,.RIGID_FRAME.);
#10436= IFCPROPERTYSINGLEVALUE('AssemblyMark',$,IFCIDENTIFIER('B/747'),$);
#10437= IFCPROPERTYSET('3SXo3TYsP5Hf08V2PFW0o6',#5,'AISC_EM11_Pset_AssemblyIdentification','AssemblyIdentity',(#10436,#52,#53));
#10438= IFCCARTESIANPOINT((82767.6999206543,897.95680249971,56714.9981994629));
#10439= IFCAXIS2PLACEMENT3D(#10438,#9,#8);
#10440= IFCLOCALPLACEMENT(#10434,#10439);
#10441= IFCCARTESIANPOINT((7127.23970413208,0.,0.));
#10442= IFCAXIS2PLACEMENT3D(#10441,#4320,#740);
#10443= IFCEXTRUDEDAREASOLID(#9162,#10442,#9,7127.24);
#10444= IFCSHAPEREPRESENTATION(#12,'Body','SweptSolid',(#10443));
#10445= IFCPRODUCTDEFINITIONSHAPE($,$,(#10444));
#10446= IFCBEAM('3M9SD1_$fEegDP8WwUrRdp',#9154,'main piece','IPE270','IPE270',#10440,#10445,'b/642');
#10447= IFCPROPERTYSINGLEVALUE('IndicationMark',$,IFCIDENTIFIER('b/642'),$);
#10448= IFCPROPERTYSET('2iUlAuNIHBve$SLfztBIwf',#5,'AISC_EM11_Pset_PieceIdentification','PieceIdentity',(#6094,#10447,#424,#700));
#10449= IFCLOCALPLACEMENT(#42,#10);
#10450= IFCELEMENTASSEMBLY('1QCV9VOmrAPhvUCR1Rood8',#9154,'BEAM',$,$,#10449,$,'B/612',.NOTDEFINED.,.RIGID_FRAME.);
#10451= IFCPROPERTYSINGLEVALUE('AssemblyMark',$,IFCIDENTIFIER('B/612'),$);
#10452= IFCPROPERTYSET('1bEVEa6sn7nOURjEH$C4WS',#5,'AISC_EM11_Pset_AssemblyIdentification','AssemblyIdentity',(#10451,#52,#53));
#10453= IFCCARTESIANPOINT((81705.1274414063,817.720844400345,56714.9981994629));
#10454= IFCAXIS2PLACEMENT3D(#10453,#9,#7);
#10455= IFCLOCALPLACEMENT(#10449,#10454);
#10456= IFCCARTESIANPOINT((3150.0244140625,0.,0.));
#10457= IFCAXIS2PLACEMENT3D(#10456,#4320,#740);
#10458= IFCEXTRUDEDAREASOLID(#9162,#10457,#9,3150.02);
#10459= IFCSHAPEREPRESENTATION(#12,'Body','SweptSolid',(#10458));
#10460= IFCPRODUCTDEFINITIONSHAPE($,$,(#10459));
#10461= IFCBEAM('2l$lHRZRjAVOcvSgVexl89',#9154,'main piece','IPE270','IPE270',#10455,#10460,'b/507');
#10462= IFCPROPERTYSINGLEVALUE('IndicationMark',$,IFCIDENTIFIER('b/507'),$);
#10463= IFCPROPERTYSET('3mhWyV_Iz3Oxb4FxWhqtv_',#5,'AISC_EM11_Pset_PieceIdentification','PieceIdentity',(#6094,#10462,#424,#700));
#10464= IFCLOCALPLACEMENT(#42,#10);
#10465= IFCELEMENTASSEMBLY('3Py4RVgqHBkAF0LuuUgH7n',#9154,'BEAM',$,$,#10464,$,'B/728',.NOTDEFINED.,.RIGID_FRAME.);
#10466= IFCPROPERTYSINGLEVALUE('AssemblyMark',$,IFCIDENTIFIER('B/728'),$);
#10467= IFCPROPERTYSET('3oYUQCEa9EjwvagokD6En_',#5,'AISC_EM11_Pset_AssemblyIdentification','AssemblyIdentity',(#10466,#52,#53));
#10468= IFCCARTESIANPOINT((79340.7055969238,8025.19650663179,56699.9981994629));
#10469= IFCDIRECTION((0.29375553205504,-0.955880582179103,0.));
#10470= IFCAXIS2PLACEMENT3D(#10468,#9,#10469);
#10471= IFCLOCALPLACEMENT(#10464,#10470);
#10472= IFCCARTESIANPOINT((8176.75993704955,0.,7.27595761418343E-12));
#10473= IFCAXIS2PLACEMENT3D(#10472,#4320,#740);
#10474= IFCEXTRUDEDAREASOLID(#9294,#10473,#9,8176.76);
#10475= IFCSHAPEREPRESENTATION(#12,'Body','SweptSolid',(#10474));
#10476= IFCPRODUCTDEFINITIONSHAPE($,$,(#10475));
#10477= IFCBEAM('3XyCxj5FzAKvNVCBGzCoBE',#9154,'main piece','IPE300','IPE300',#10471,#10476,'b/623');
#10478= IFCPROPERTYSINGLEVALUE('IndicationMark',$,IFCIDENTIFIER('b/623'),$);
#10479= IFCPROPERTYSET('24widIdkv6pPz7yNQbmrNq',#5,'AISC_EM11_Pset_PieceIdentification','PieceIdentity',(#6094,#10478,#424,#700));
#10480= IFCLOCALPLACEMENT(#42,#10);
#10481= IFCELEMENTASSEMBLY('0UKitYX5TEfwuq1jba8HQK',#9154,'BEAM',$,$,#10480,$,'B/746',.NOTDEFINED.,.RIGID_FRAME.);
#10482= IFCPROPERTYSINGLEVALUE('AssemblyMark',$,IFCIDENTIFIER('B/746'),$);
#10483= IFCPROPERTYSET('2pV14$WNn8rPGdDdCvtppf',#5,'AISC_EM11_Pset_AssemblyIdentification','AssemblyIdentity',(#10482,#52,#53));
#10484= IFCCARTESIANPOINT((80883.3310241699,3599.12724698816,56714.9981994629));
#10485= IFCAXIS2PLACEMENT3D(#10484,#9,#8);
#10486= IFCLOCALPLACEMENT(#10480,#10485);
#10487= IFCCARTESIANPOINT((4426.06925964364,0.,0.));
#10488= IFCAXIS2PLACEMENT3D(#10487,#4320,#740);
#10489= IFCEXTRUDEDAREASOLID(#9162,#10488,#9,4426.07);
#10490= IFCSHAPEREPRESENTATION(#12,'Body','SweptSolid',(#10489));
#10491= IFCPRODUCTDEFINITIONSHAPE($,$,(#10490));
#10492= IFCBEAM('1GZffbnfnALu4_xsPdBk2J',#9154,'main piece','IPE270','IPE270',#10486,#10491,'b/641');
#10493= IFCPROPERTYSINGLEVALUE('IndicationMark',$,IFCIDENTIFIER('b/641'),$);
#10494= IFCPROPERTYSET('1iP8pa7NLAgfRjxQsSzx6c',#5,'AISC_EM11_Pset_PieceIdentification','PieceIdentity',(#6094,#10493,#424,#700));
#10495= IFCLOCALPLACEMENT(#42,#10);
#10496= IFCELEMENTASSEMBLY('0RQgDZwk9DLeXIQ3P5H$2_',#9154,'BEAM',$,$,#10495,$,'B/772',.NOTDEFINED.,.RIGID_FRAME.);
#10497= IFCPROPERTYSINGLEVALUE('AssemblyMark',$,IFCIDENTIFIER('B/772'),$);
#10498= IFCPROPERTYSET('0bIKm0exL4jv3xbTDXCpe6',#5,'AISC_EM11_Pset_AssemblyIdentification','AssemblyIdentity',(#10497,#52,#53));
#10499= IFCCARTESIANPOINT((74299.9989624023,512.732936990677,56714.9981994629));
#10500= IFCAXIS2PLACEMENT3D(#10499,#9,#8);
#10501= IFCLOCALPLACEMENT(#10495,#10500);
#10502= IFCCARTESIANPOINT((4814.59999084472,0.,0.));
#10503= IFCAXIS2PLACEMENT3D(#10502,#4320,#740);
#10504= IFCEXTRUDEDAREASOLID(#9162,#10503,#9,4814.6);
#10505= IFCSHAPEREPRESENTATION(#12,'Body','SweptSolid',(#10504));
#10506= IFCPRODUCTDEFINITIONSHAPE($,$,(#10505));
#10507= IFCBEAM('0cmP0DghbEnACFX5ywD7df',#9154,'main piece','IPE270','IPE270',#10501,#10506,'b/667');
#10508= IFCPROPERTYSINGLEVALUE('IndicationMark',$,IFCIDENTIFIER('b/667'),$);
#10509= IFCPROPERTYSET('0qZl4epcfDihsPwZ$Al6IC',#5,'AISC_EM11_Pset_PieceIdentification','PieceIdentity',(#6094,#10508,#424,#700));
#10510= IFCLOCALPLACEMENT(#42,#10);
#10511= IFCELEMENTASSEMBLY('0TNwJqrZXEug4$l2vlQTbD',#9154,'BEAM',$,$,#10510,$,'B/744',.NOTDEFINED.,.RIGID_FRAME.);
#10512= IFCPROPERTYSINGLEVALUE('AssemblyMark',$,IFCIDENTIFIER('B/744'),$);
#10513= IFCPROPERTYSET('10c5cpCgvFHgT4H9C5Sq5Q',#5,'AISC_EM11_Pset_AssemblyIdentification','AssemblyIdentity',(#10512,#52,#53));
#10514= IFCCARTESIANPOINT((70499.9997253418,512.730552804886,56714.9981994629));
#10515= IFCAXIS2PLACEMENT3D(#10514,#9,#8);
#10516= IFCLOCALPLACEMENT(#10510,#10515);
#10517= IFCCARTESIANPOINT((6844.69985961914,0.,0.));
#10518= IFCAXIS2PLACEMENT3D(#10517,#4320,#740);
#10519= IFCEXTRUDEDAREASOLID(#9162,#10518,#9,6844.7);
#10520= IFCSHAPEREPRESENTATION(#12,'Body','SweptSolid',(#10519));
#10521= IFCPRODUCTDEFINITIONSHAPE($,$,(#10520));
#10522= IFCBEAM('0mXTApI_fCQhU9kSkF8yrG',#9154,'main piece','IPE270','IPE270',#10516,#10521,'b/639');
#10523= IFCPROPERTYSINGLEVALUE('IndicationMark',$,IFCIDENTIFIER('b/639'),$);
#10524= IFCPROPERTYSET('0QSE4GUFbCduLhVuXw0LkL',#5,'AISC_EM11_Pset_PieceIdentification','PieceIdentity',(#6094,#10523,#424,#700));
#10525= IFCCARTESIANPOINT((65865.3038330078,7483.83565152925,56714.9981994629));
#10526= IFCAXIS2PLACEMENT3D(#10525,#9,#740);
#10527= IFCLOCALPLACEMENT(#706,#10526);
#10528= IFCCARTESIANPOINT((6971.1012840271,0.,0.));
#10529= IFCAXIS2PLACEMENT3D(#10528,#4320,#740);
#10530= IFCEXTRUDEDAREASOLID(#9162,#10529,#9,6971.1);
#10531= IFCCARTESIANPOINT((4.6535138107356,30.7586639880901,-120.));
#10532= IFCAXIS2PLACEMENT3D(#10531,#9229,#9);
#10533= IFCPLANE(#10532);
#10534= IFCHALFSPACESOLID(#10533,.F.);
#10535= IFCBOOLEANCLIPPINGRESULT(.DIFFERENCE.,#10530,#10534);
#10536= IFCDIRECTION((0.999999999779395,2.10049999921294E-05,0.));
#10537= IFCCARTESIANPOINT((6973.27301086691,-60.0107224137319,-120.));
#10538= IFCAXIS2PLACEMENT3D(#10537,#10536,#9);
#10539= IFCPLANE(#10538);
#10540= IFCHALFSPACESOLID(#10539,.F.);
#10541= IFCBOOLEANCLIPPINGRESULT(.DIFFERENCE.,#10535,#10540);
#10542= IFCSHAPEREPRESENTATION(#12,'Body','Clipping',(#10541));
#10543= IFCPRODUCTDEFINITIONSHAPE($,$,(#10542));
#10544= IFCBEAM('02T9qD2dn3ChGZO76DGwO0',#44,'main piece','IPE270','IPE270',#10527,#10543,'b/638(?)');
#10545= IFCLOCALPLACEMENT(#706,#711);
#10546= IFCSHAPEREPRESENTATION(#12,'Body','MappedRepresentation',(#9250,#9251,#9252));
#10547= IFCPRODUCTDEFINITIONSHAPE($,$,(#10546));
#10548= IFCOPENINGELEMENT('2ZuiFrOP5DdeI4i1Xwcyu8',#5,$,$,'Opening',#10545,#10547,$);
#10549= IFCRELVOIDSELEMENT('0BLft$N2L15QocaayJQo_A',#5,'Drill Hole',$,#10544,#10548);
#10550= IFCLOCALPLACEMENT(#706,#4512);
#10551= IFCCARTESIANPOINT((0.,-3.40122525171125,0.));
#10552= IFCAXIS2PLACEMENT3D(#10551,#8,#7);
#10553= IFCEXTRUDEDAREASOLID(#404,#10552,#9,6.8);
#10554= IFCSHAPEREPRESENTATION(#12,'Body','SweptSolid',(#10553));
#10555= IFCREPRESENTATIONMAP(#10,#10554);
#10556= IFCMAPPEDITEM(#10555,#86);
#10557= IFCMAPPEDITEM(#10555,#91);
#10558= IFCMAPPEDITEM(#10555,#94);
#10559= IFCSHAPEREPRESENTATION(#12,'Body','MappedRepresentation',(#10556,#10557,#10558));
#10560= IFCPRODUCTDEFINITIONSHAPE($,$,(#10559));
#10561= IFCOPENINGELEMENT('2IyXLkv99CMBe6rByfgcIg',#5,$,$,'Opening',#10550,#10560,$);
#10562= IFCRELVOIDSELEMENT('2Gr9NHsN1BNwJzy2r0$mm8',#5,'Drill Hole',$,#10544,#10561);
#10563= IFCPROPERTYSINGLEVALUE('IndicationMark',$,IFCIDENTIFIER('b/638(?)'),$);
#10564= IFCPROPERTYSET('2Ebxo8_enBEPD3uPpjBAuN',#5,'AISC_EM11_Pset_PieceIdentification','PieceIdentity',(#6094,#10563,#424,#700));
#10565= IFCPROPERTYSINGLEVALUE('SkewedAngleX',$,IFCREAL(3.27288),$);
#10566= IFCPROPERTYSET('3A0z31DKPCPPx5VTiibuEh',#5,'AISC_EM11_Pset_SkewedEnd',$,(#702,#10565));
#10567= IFCCARTESIANPOINT((63750.0847167969,512.722923410354,56714.9981994629));
#10568= IFCAXIS2PLACEMENT3D(#10567,#9,#8);
#10569= IFCLOCALPLACEMENT(#826,#10568);
#10570= IFCCARTESIANPOINT((7089.30110931396,0.,0.));
#10571= IFCAXIS2PLACEMENT3D(#10570,#4320,#740);
#10572= IFCEXTRUDEDAREASOLID(#9162,#10571,#9,7089.3);
#10573= IFCDIRECTION((0.998368955012732,-0.0570914150007292,0.));
#10574= IFCCARTESIANPOINT((7087.45728644713,-30.7586639757283,-120.));
#10575= IFCAXIS2PLACEMENT3D(#10574,#10573,#9);
#10576= IFCPLANE(#10575);
#10577= IFCHALFSPACESOLID(#10576,.F.);
#10578= IFCBOOLEANCLIPPINGRESULT(.DIFFERENCE.,#10572,#10577);
#10579= IFCDIRECTION((-0.999999999779395,-2.10049999954415E-05,0.));
#10580= IFCCARTESIANPOINT((-2.16491084743694,60.0107224137973,-120.));
#10581= IFCAXIS2PLACEMENT3D(#10580,#10579,#9);
#10582= IFCPLANE(#10581);
#10583= IFCHALFSPACESOLID(#10582,.F.);
#10584= IFCBOOLEANCLIPPINGRESULT(.DIFFERENCE.,#10578,#10583);
#10585= IFCSHAPEREPRESENTATION(#12,'Body','Clipping',(#10584));
#10586= IFCPRODUCTDEFINITIONSHAPE($,$,(#10585));
#10587= IFCBEAM('069kZO84HCSB7b79viLnzX',#44,'main piece','IPE270','IPE270',#10569,#10586,'b/637(?)');
#10588= IFCLOCALPLACEMENT(#826,#831);
#10589= IFCSHAPEREPRESENTATION(#12,'Body','MappedRepresentation',(#9250,#9251,#9252));
#10590= IFCPRODUCTDEFINITIONSHAPE($,$,(#10589));
#10591= IFCOPENINGELEMENT('23D6vgKRHC0ui6IsYB5UCz',#5,$,$,'Opening',#10588,#10590,$);
#10592= IFCRELVOIDSELEMENT('19saXWjtv9Te4US0kOZ2l7',#5,'Drill Hole',$,#10587,#10591);
#10593= IFCLOCALPLACEMENT(#826,#4588);
#10594= IFCSHAPEREPRESENTATION(#12,'Body','MappedRepresentation',(#10556,#10557,#10558));
#10595= IFCPRODUCTDEFINITIONSHAPE($,$,(#10594));
#10596= IFCOPENINGELEMENT('2pIwisAW11uwz79ul8wqHH',#5,$,$,'Opening',#10593,#10595,$);
#10597= IFCRELVOIDSELEMENT('3KWeAGsyXAUhExX61NJq5N',#5,'Drill Hole',$,#10587,#10596);
#10598= IFCPROPERTYSINGLEVALUE('IndicationMark',$,IFCIDENTIFIER('b/637(?)'),$);
#10599= IFCPROPERTYSET('0EEDaJPXX28wiwLkNyc5EC',#5,'AISC_EM11_Pset_PieceIdentification','PieceIdentity',(#6094,#10598,#424,#700));
#10600= IFCPROPERTYSINGLEVALUE('SkewedAngleX',$,IFCREAL(2.77145),$);
#10601= IFCPROPERTYSET('3L95Wcpvf30xgDr9l4ANwE',#5,'AISC_EM11_Pset_SkewedEnd_2',$,(#702,#10600));
#10602= IFCCARTESIANPOINT((61625.0836486816,7720.73502744478,56714.9981994629));
#10603= IFCAXIS2PLACEMENT3D(#10602,#9,#740);
#10604= IFCLOCALPLACEMENT(#921,#10603);
#10605= IFCCARTESIANPOINT((7208.00018310547,0.,0.));
#10606= IFCAXIS2PLACEMENT3D(#10605,#4320,#740);
#10607= IFCEXTRUDEDAREASOLID(#9162,#10606,#9,7208.);
#10608= IFCCARTESIANPOINT((-1.00281706339592,30.7586639743531,-120.));
#10609= IFCAXIS2PLACEMENT3D(#10608,#9229,#9);
#10610= IFCPLANE(#10609);
#10611= IFCHALFSPACESOLID(#10610,.F.);
#10612= IFCBOOLEANCLIPPINGRESULT(.DIFFERENCE.,#10607,#10611);
#10613= IFCCARTESIANPOINT((7210.1816643842,-60.0107224137755,-120.));
#10614= IFCAXIS2PLACEMENT3D(#10613,#10536,#9);
#10615= IFCPLANE(#10614);
#10616= IFCHALFSPACESOLID(#10615,.F.);
#10617= IFCBOOLEANCLIPPINGRESULT(.DIFFERENCE.,#10612,#10616);
#10618= IFCSHAPEREPRESENTATION(#12,'Body','Clipping',(#10617));
#10619= IFCPRODUCTDEFINITIONSHAPE($,$,(#10618));
#10620= IFCBEAM('2pihjKn9XBHwScFP1E9jSj',#44,'main piece','IPE270','IPE270',#10604,#10619,'b/631(?)');
#10621= IFCLOCALPLACEMENT(#921,#926);
#10622= IFCSHAPEREPRESENTATION(#12,'Body','MappedRepresentation',(#9250,#9251,#9252));
#10623= IFCPRODUCTDEFINITIONSHAPE($,$,(#10622));
#10624= IFCOPENINGELEMENT('1MFeeFs5H3lw9rP_N1e5Q6',#5,$,$,'Opening',#10621,#10623,$);
#10625= IFCRELVOIDSELEMENT('0bwRuwUCT7xeTnH1z8Faec',#5,'Drill Hole',$,#10620,#10624);
#10626= IFCLOCALPLACEMENT(#921,#4653);
#10627= IFCSHAPEREPRESENTATION(#12,'Body','MappedRepresentation',(#10556,#10557,#10558));
#10628= IFCPRODUCTDEFINITIONSHAPE($,$,(#10627));
#10629= IFCOPENINGELEMENT('3XR97n29LAVQ2sC1zm6MwO',#5,$,$,'Opening',#10626,#10628,$);
#10630= IFCRELVOIDSELEMENT('1AoPP$jcn1Yhce_2VMpSp4',#5,'Drill Hole',$,#10620,#10629);
#10631= IFCPROPERTYSINGLEVALUE('IndicationMark',$,IFCIDENTIFIER('b/631(?)'),$);
#10632= IFCPROPERTYSET('0vuRHlpg1C6hz_8T_YGGse',#5,'AISC_EM11_Pset_PieceIdentification','PieceIdentity',(#6094,#10631,#424,#700));
#10633= IFCCARTESIANPOINT((57390.0868530273,525.457813394485,56714.9981994629));
#10634= IFCAXIS2PLACEMENT3D(#10633,#9,#8);
#10635= IFCLOCALPLACEMENT(#1016,#10634);
#10636= IFCCARTESIANPOINT((7431.88285827637,0.,0.));
#10637= IFCAXIS2PLACEMENT3D(#10636,#4320,#740);
#10638= IFCEXTRUDEDAREASOLID(#9162,#10637,#9,7431.88);
#10639= IFCCARTESIANPOINT((7438.53694145412,-30.7586639743313,-120.));
#10640= IFCAXIS2PLACEMENT3D(#10639,#10573,#9);
#10641= IFCPLANE(#10640);
#10642= IFCHALFSPACESOLID(#10641,.F.);
#10643= IFCBOOLEANCLIPPINGRESULT(.DIFFERENCE.,#10638,#10642);
#10644= IFCCARTESIANPOINT((-14.9137165068935,60.0107224137901,-120.));
#10645= IFCAXIS2PLACEMENT3D(#10644,#10579,#9);
#10646= IFCPLANE(#10645);
#10647= IFCHALFSPACESOLID(#10646,.F.);
#10648= IFCBOOLEANCLIPPINGRESULT(.DIFFERENCE.,#10643,#10647);
#10649= IFCSHAPEREPRESENTATION(#12,'Body','Clipping',(#10648));
#10650= IFCPRODUCTDEFINITIONSHAPE($,$,(#10649));
#10651= IFCBEAM('1gXe9lIH1BUxWgwN5_9BJb',#44,'main piece','IPE270','IPE270',#10635,#10650,'b/636(?)');
#10652= IFCLOCALPLACEMENT(#1016,#1021);
#10653= IFCSHAPEREPRESENTATION(#12,'Body','MappedRepresentation',(#9250,#9251,#9252));
#10654= IFCPRODUCTDEFINITIONSHAPE($,$,(#10653));
#10655= IFCOPENINGELEMENT('3ruLSmdwH9KPghCQyUmfiu',#5,$,$,'Opening',#10652,#10654,$);
#10656= IFCRELVOIDSELEMENT('2A$SmAQHD3k9svZe3MrmA6',#5,'Drill Hole',$,#10651,#10655);
#10657= IFCLOCALPLACEMENT(#1016,#4718);
#10658= IFCSHAPEREPRESENTATION(#12,'Body','MappedRepresentation',(#10556,#10557,#10558));
#10659= IFCPRODUCTDEFINITIONSHAPE($,$,(#10658));
#10660= IFCOPENINGELEMENT('2pg4c3z_X5UQUpPYoxdkw5',#5,$,$,'Opening',#10657,#10659,$);
#10661= IFCRELVOIDSELEMENT('3Ldg9oPhz8pxhEJ3wlUBGn',#5,'Drill Hole',$,#10651,#10660);
#10662= IFCPROPERTYSINGLEVALUE('IndicationMark',$,IFCIDENTIFIER('b/636(?)'),$);
#10663= IFCPROPERTYSET('2cHhH2wdDE5O6lTnCtMMV8',#5,'AISC_EM11_Pset_PieceIdentification','PieceIdentity',(#6094,#10662,#424,#700));
#10664= IFCCARTESIANPOINT((55260.0876922607,8076.34206022066,56714.9981994629));
#10665= IFCAXIS2PLACEMENT3D(#10664,#9,#740);
#10666= IFCLOCALPLACEMENT(#1085,#10665);
#10667= IFCCARTESIANPOINT((7550.8828163147,0.,0.));
#10668= IFCAXIS2PLACEMENT3D(#10667,#4320,#740);
#10669= IFCEXTRUDEDAREASOLID(#9162,#10668,#9,7550.88);
#10670= IFCCARTESIANPOINT((-9.49623799130313,30.7586639743313,-120.));
#10671= IFCAXIS2PLACEMENT3D(#10670,#9229,#9);
#10672= IFCPLANE(#10671);
#10673= IFCHALFSPACESOLID(#10672,.F.);
#10674= IFCBOOLEANCLIPPINGRESULT(.DIFFERENCE.,#10669,#10673);
#10675= IFCCARTESIANPOINT((7565.80262377123,-60.0107224137901,-120.));
#10676= IFCAXIS2PLACEMENT3D(#10675,#10536,#9);
#10677= IFCPLANE(#10676);
#10678= IFCHALFSPACESOLID(#10677,.F.);
#10679= IFCBOOLEANCLIPPINGRESULT(.DIFFERENCE.,#10674,#10678);
#10680= IFCSHAPEREPRESENTATION(#12,'Body','Clipping',(#10679));
#10681= IFCPRODUCTDEFINITIONSHAPE($,$,(#10680));
#10682= IFCBEAM('0nZpvIjdn0JfQF28HuiNNO',#44,'main piece','IPE270','IPE270',#10666,#10681,'b/576(?)');
#10683= IFCLOCALPLACEMENT(#1085,#1090);
#10684= IFCSHAPEREPRESENTATION(#12,'Body','MappedRepresentation',(#9250,#9251,#9252));
#10685= IFCPRODUCTDEFINITIONSHAPE($,$,(#10684));
#10686= IFCOPENINGELEMENT('1ie53xOPLDnRarZNC$Ql93',#5,$,$,'Opening',#10683,#10685,$);
#10687= IFCRELVOIDSELEMENT('2fTHM0uQ19evEHh3SsCt6D',#5,'Drill Hole',$,#10682,#10686);
#10688= IFCLOCALPLACEMENT(#1085,#4783);
#10689= IFCSHAPEREPRESENTATION(#12,'Body','MappedRepresentation',(#10556,#10557,#10558));
#10690= IFCPRODUCTDEFINITIONSHAPE($,$,(#10689));
#10691= IFCOPENINGELEMENT('1wVRobqJf5$RDOSLiD6bpT',#5,$,$,'Opening',#10688,#10690,$);
#10692= IFCRELVOIDSELEMENT('14vrxytrzDEhjJMnD65D1o',#5,'Drill Hole',$,#10682,#10691);
#10693= IFCPROPERTYSINGLEVALUE('IndicationMark',$,IFCIDENTIFIER('b/576(?)'),$);
#10694= IFCPROPERTYSET('0L92E56rXBc9OobHi152d5',#5,'AISC_EM11_Pset_PieceIdentification','PieceIdentity',(#6094,#10693,#424,#700));
#10695= IFCCARTESIANPOINT((53130.0866241455,512.728168619095,56714.9981994629));
#10696= IFCAXIS2PLACEMENT3D(#10695,#9,#8);
#10697= IFCLOCALPLACEMENT(#1452,#10696);
#10698= IFCCARTESIANPOINT((7594.51103210449,0.,0.));
#10699= IFCAXIS2PLACEMENT3D(#10698,#4320,#740);
#10700= IFCEXTRUDEDAREASOLID(#9162,#10699,#9,7594.51);
#10701= IFCDIRECTION((0.999998835069158,0.00152638800010705,0.));
#10702= IFCCARTESIANPOINT((7599.58384771072,-60.7791058746443,-120.));
#10703= IFCAXIS2PLACEMENT3D(#10702,#10701,#9);
#10704= IFCPLANE(#10703);
#10705= IFCHALFSPACESOLID(#10704,.F.);
#10706= IFCBOOLEANCLIPPINGRESULT(.DIFFERENCE.,#10700,#10705);
#10707= IFCCARTESIANPOINT((-2.19339261200395,60.0107224137901,-120.));
#10708= IFCAXIS2PLACEMENT3D(#10707,#10579,#9);
#10709= IFCPLANE(#10708);
#10710= IFCHALFSPACESOLID(#10709,.F.);
#10711= IFCBOOLEANCLIPPINGRESULT(.DIFFERENCE.,#10706,#10710);
#10712= IFCSHAPEREPRESENTATION(#12,'Body','Clipping',(#10711));
#10713= IFCPRODUCTDEFINITIONSHAPE($,$,(#10712));
#10714= IFCBEAM('0u1CDtv5nDFP2hQAWXeZEr',#44,'main piece','IPE270','IPE270',#10697,#10713,'b/635(?)');
#10715= IFCLOCALPLACEMENT(#1452,#1457);
#10716= IFCCARTESIANPOINT((0.,-4.24424444579564,0.));
#10717= IFCAXIS2PLACEMENT3D(#10716,#8,#7);
#10718= IFCEXTRUDEDAREASOLID(#404,#10717,#9,6.8);
#10719= IFCSHAPEREPRESENTATION(#12,'Body','SweptSolid',(#10718));
#10720= IFCREPRESENTATIONMAP(#10,#10719);
#10721= IFCMAPPEDITEM(#10720,#86);
#10722= IFCMAPPEDITEM(#10720,#91);
#10723= IFCMAPPEDITEM(#10720,#94);
#10724= IFCSHAPEREPRESENTATION(#12,'Body','MappedRepresentation',(#10721,#10722,#10723));
#10725= IFCPRODUCTDEFINITIONSHAPE($,$,(#10724));
#10726= IFCOPENINGELEMENT('0Jp2nu2fXEVgpobAl6Y1CG',#5,$,$,'Opening',#10715,#10725,$);
#10727= IFCRELVOIDSELEMENT('2SkQ8uGcrCAwTfOgKOeuiF',#5,'Drill Hole',$,#10714,#10726);
#10728= IFCLOCALPLACEMENT(#1452,#4848);
#10729= IFCSHAPEREPRESENTATION(#12,'Body','MappedRepresentation',(#10556,#10557,#10558));
#10730= IFCPRODUCTDEFINITIONSHAPE($,$,(#10729));
#10731= IFCOPENINGELEMENT('0ATDPdAqPD3vrgcFpcI6Iy',#5,$,$,'Opening',#10728,#10730,$);
#10732= IFCRELVOIDSELEMENT('3W7Ic0GUPBCv4CBvHQQsc4',#5,'Drill Hole',$,#10714,#10731);
#10733= IFCPROPERTYSINGLEVALUE('IndicationMark',$,IFCIDENTIFIER('b/635(?)'),$);
#10734= IFCPROPERTYSET('1sCZ0HnMXC3QqyR$YtwuS1',#5,'AISC_EM11_Pset_PieceIdentification','PieceIdentity',(#6094,#10733,#424,#700));
#10735= IFCLOCALPLACEMENT(#42,#10);
#10736= IFCELEMENTASSEMBLY('0M9YwP76PBju4wB3Z1N_Kf',#9154,'BEAM',$,$,#10735,$,'B/739',.NOTDEFINED.,.RIGID_FRAME.);
#10737= IFCPROPERTYSINGLEVALUE('AssemblyMark',$,IFCIDENTIFIER('B/739'),$);
#10738= IFCPROPERTYSET('0uuu3L7uD8gBPyiVDCVZcn',#5,'AISC_EM11_Pset_AssemblyIdentification','AssemblyIdentity',(#10737,#52,#53));
#10739= IFCCARTESIANPOINT((48650.0870819092,512.728168619095,56714.9981994629));
#10740= IFCAXIS2PLACEMENT3D(#10739,#9,#8);
#10741= IFCLOCALPLACEMENT(#10735,#10740);
#10742= IFCCARTESIANPOINT((7633.39996337891,0.,0.));
#10743= IFCAXIS2PLACEMENT3D(#10742,#4320,#740);
#10744= IFCEXTRUDEDAREASOLID(#9162,#10743,#9,7633.4);
#10745= IFCSHAPEREPRESENTATION(#12,'Body','SweptSolid',(#10744));
#10746= IFCPRODUCTDEFINITIONSHAPE($,$,(#10745));
#10747= IFCBEAM('18Y5i9PVj3og1aiKRtRT2P',#9154,'main piece','IPE270','IPE270',#10741,#10746,'b/634');
#10748= IFCPROPERTYSINGLEVALUE('IndicationMark',$,IFCIDENTIFIER('b/634'),$);
#10749= IFCPROPERTYSET('3MtMq2k8P7YOeIk2s$sH2T',#5,'AISC_EM11_Pset_PieceIdentification','PieceIdentity',(#6094,#10748,#424,#700));
#10750= IFCLOCALPLACEMENT(#42,#10);
#10751= IFCELEMENTASSEMBLY('33xMosLgDDPORVYQDaWyOD',#9154,'BEAM',$,$,#10750,$,'B/738',.NOTDEFINED.,.RIGID_FRAME.);
#10752= IFCPROPERTYSINGLEVALUE('AssemblyMark',$,IFCIDENTIFIER('B/738'),$);
#10753= IFCPROPERTYSET('0FkmCpZJP81QSPgs7cvzg3',#5,'AISC_EM11_Pset_AssemblyIdentification','AssemblyIdentity',(#10752,#52,#53));
#10754= IFCCARTESIANPOINT((46603.3859374525,8085.04338468355,56714.9981994629));
#10755= IFCAXIS2PLACEMENT3D(#10754,#9,#740);
#10756= IFCLOCALPLACEMENT(#10750,#10755);
#10757= IFCCARTESIANPOINT((7572.29995727539,0.,0.));
#10758= IFCAXIS2PLACEMENT3D(#10757,#4320,#740);
#10759= IFCEXTRUDEDAREASOLID(#9162,#10758,#9,7572.3);
#10760= IFCSHAPEREPRESENTATION(#12,'Body','SweptSolid',(#10759));
#10761= IFCPRODUCTDEFINITIONSHAPE($,$,(#10760));
#10762= IFCBEAM('2jLzUF5LH2jAz_syWolVIK',#9154,'main piece','IPE270','IPE270',#10756,#10761,'b/633');
#10763= IFCPROPERTYSINGLEVALUE('IndicationMark',$,IFCIDENTIFIER('b/633'),$);
#10764= IFCPROPERTYSET('30V3bdZ814GgBUUq5Kp5n_',#5,'AISC_EM11_Pset_PieceIdentification','PieceIdentity',(#6094,#10763,#424,#700));
#10765= IFCLOCALPLACEMENT(#42,#10);
#10766= IFCELEMENTASSEMBLY('3ZspCSKCPF6QlEZGrWrh31',#9154,'BEAM',$,$,#10765,$,'B/737',.NOTDEFINED.,.RIGID_FRAME.);
#10767= IFCPROPERTYSINGLEVALUE('AssemblyMark',$,IFCIDENTIFIER('B/737'),$);
#10768= IFCPROPERTYSET('2K9_xEBRH71eRKaX49yRmZ',#5,'AISC_EM11_Pset_AssemblyIdentification','AssemblyIdentity',(#10767,#52,#53));
#10769= IFCCARTESIANPOINT((44550.0867004395,512.726261270462,56714.9981994629));
#10770= IFCAXIS2PLACEMENT3D(#10769,#9,#8);
#10771= IFCLOCALPLACEMENT(#10765,#10770);
#10772= IFCCARTESIANPOINT((7459.09976959229,0.,0.));
#10773= IFCAXIS2PLACEMENT3D(#10772,#4320,#740);
#10774= IFCEXTRUDEDAREASOLID(#9162,#10773,#9,7459.1);
#10775= IFCSHAPEREPRESENTATION(#12,'Body','SweptSolid',(#10774));
#10776= IFCPRODUCTDEFINITIONSHAPE($,$,(#10775));
#10777= IFCBEAM('0m6R62wkT9GhAjWqp0qKl_',#9154,'main piece','IPE270','IPE270',#10771,#10776,'b/632');
#10778= IFCPROPERTYSINGLEVALUE('IndicationMark',$,IFCIDENTIFIER('b/632'),$);
#10779= IFCPROPERTYSET('13Y_7zj2176vEhsbODUu$Z',#5,'AISC_EM11_Pset_PieceIdentification','PieceIdentity',(#6094,#10778,#424,#700));
#10780= IFCCARTESIANPOINT((40375.0874633789,511.295272958694,56714.9981994629));
#10781= IFCAXIS2PLACEMENT3D(#10780,#9,#8);
#10782= IFCLOCALPLACEMENT(#1536,#10781);
#10783= IFCCARTESIANPOINT((7208.90092849731,0.,0.));
#10784= IFCAXIS2PLACEMENT3D(#10783,#4320,#740);
#10785= IFCEXTRUDEDAREASOLID(#9162,#10784,#9,7208.9);
#10786= IFCDIRECTION((0.998476918062491,0.0551710440034523,0.));
#10787= IFCCARTESIANPOINT((7219.8210330641,-88.0717963263087,-120.));
#10788= IFCAXIS2PLACEMENT3D(#10787,#10786,#9);
#10789= IFCPLANE(#10788);
#10790= IFCHALFSPACESOLID(#10789,.F.);
#10791= IFCBOOLEANCLIPPINGRESULT(.DIFFERENCE.,#10785,#10790);
#10792= IFCCARTESIANPOINT((-0.788404889767946,60.0107224137682,-120.));
#10793= IFCAXIS2PLACEMENT3D(#10792,#10579,#9);
#10794= IFCPLANE(#10793);
#10795= IFCHALFSPACESOLID(#10794,.F.);
#10796= IFCBOOLEANCLIPPINGRESULT(.DIFFERENCE.,#10791,#10795);
#10797= IFCSHAPEREPRESENTATION(#12,'Body','Clipping',(#10796));
#10798= IFCPRODUCTDEFINITIONSHAPE($,$,(#10797));
#10799= IFCBEAM('1WY3Xa2zjBiuOdnRFw9x0F',#44,'main piece','IPE270','IPE270',#10782,#10798,'b/631(?)');
#10800= IFCLOCALPLACEMENT(#1536,#1540);
#10801= IFCCARTESIANPOINT((0.,-34.337374117613,0.));
#10802= IFCAXIS2PLACEMENT3D(#10801,#8,#7);
#10803= IFCEXTRUDEDAREASOLID(#404,#10802,#9,6.81);
#10804= IFCSHAPEREPRESENTATION(#12,'Body','SweptSolid',(#10803));
#10805= IFCREPRESENTATIONMAP(#10,#10804);
#10806= IFCMAPPEDITEM(#10805,#86);
#10807= IFCMAPPEDITEM(#10805,#91);
#10808= IFCMAPPEDITEM(#10805,#94);
#10809= IFCSHAPEREPRESENTATION(#12,'Body','MappedRepresentation',(#10806,#10807,#10808));
#10810= IFCPRODUCTDEFINITIONSHAPE($,$,(#10809));
#10811= IFCOPENINGELEMENT('1WWYvYkvr4SxRrLeBg7oST',#5,$,$,'Opening',#10800,#10810,$);
#10812= IFCRELVOIDSELEMENT('3c$JGs$NrBqAjIX7YFxEfC',#5,'Drill Hole',$,#10799,#10811);
#10813= IFCLOCALPLACEMENT(#1536,#4913);
#10814= IFCSHAPEREPRESENTATION(#12,'Body','MappedRepresentation',(#10556,#10557,#10558));
#10815= IFCPRODUCTDEFINITIONSHAPE($,$,(#10814));
#10816= IFCOPENINGELEMENT('2w39MP1xz79AP4YwIzLbuR',#5,$,$,'Opening',#10813,#10815,$);
#10817= IFCRELVOIDSELEMENT('2tLEdSkg1D8BcXU42PSxPN',#5,'Drill Hole',$,#10799,#10816);
#10818= IFCCARTESIANPOINT((38250.0874633789,7602.85802091402,56714.9981994629));
#10819= IFCAXIS2PLACEMENT3D(#10818,#9,#740);
#10820= IFCLOCALPLACEMENT(#1844,#10819);
#10821= IFCCARTESIANPOINT((7091.60089492798,0.,0.));
#10822= IFCAXIS2PLACEMENT3D(#10821,#4320,#740);
#10823= IFCEXTRUDEDAREASOLID(#9162,#10822,#9,7091.6);
#10824= IFCDIRECTION((-0.998476918062491,-0.0551710440034481,0.));
#10825= IFCCARTESIANPOINT((-10.881087849808,88.0717963276838,-120.));
#10826= IFCAXIS2PLACEMENT3D(#10825,#10824,#9);
#10827= IFCPLANE(#10826);
#10828= IFCHALFSPACESOLID(#10827,.F.);
#10829= IFCBOOLEANCLIPPINGRESULT(.DIFFERENCE.,#10823,#10828);
#10830= IFCCARTESIANPOINT((7092.35580234509,-60.0107224137682,-120.));
#10831= IFCAXIS2PLACEMENT3D(#10830,#10536,#9);
#10832= IFCPLANE(#10831);
#10833= IFCHALFSPACESOLID(#10832,.F.);
#10834= IFCBOOLEANCLIPPINGRESULT(.DIFFERENCE.,#10829,#10833);
#10835= IFCSHAPEREPRESENTATION(#12,'Body','Clipping',(#10834));
#10836= IFCPRODUCTDEFINITIONSHAPE($,$,(#10835));
#10837= IFCBEAM('3J2OwaJ8PFHv3NeMyDL2d1',#44,'main piece','IPE270','IPE270',#10820,#10836,'b/630(?)');
#10838= IFCLOCALPLACEMENT(#1844,#1849);
#10839= IFCSHAPEREPRESENTATION(#12,'Body','MappedRepresentation',(#10806,#10807,#10808));
#10840= IFCPRODUCTDEFINITIONSHAPE($,$,(#10839));
#10841= IFCOPENINGELEMENT('1142hp7$j7jOGU_x6Mkvi7',#5,$,$,'Opening',#10838,#10840,$);
#10842= IFCRELVOIDSELEMENT('2Y4eekQo1BYRrrcI3uVId_',#5,'Drill Hole',$,#10837,#10841);
#10843= IFCLOCALPLACEMENT(#1844,#4978);
#10844= IFCSHAPEREPRESENTATION(#12,'Body','MappedRepresentation',(#10556,#10557,#10558));
#10845= IFCPRODUCTDEFINITIONSHAPE($,$,(#10844));
#10846= IFCOPENINGELEMENT('2rIXF0QHz5ueGdvYWQ4JSp',#5,$,$,'Opening',#10843,#10845,$);
#10847= IFCRELVOIDSELEMENT('2zIwsVRBn4fw7SNkEmtcmn',#5,'Drill Hole',$,#10837,#10846);
#10848= IFCPROPERTYSINGLEVALUE('IndicationMark',$,IFCIDENTIFIER('b/630(?)'),$);
#10849= IFCPROPERTYSET('0sjj38c2z2kgltEVVnlJxC',#5,'AISC_EM11_Pset_PieceIdentification','PieceIdentity',(#6094,#10848,#424,#700));
#10850= IFCCARTESIANPOINT((36135.3070373535,511.250927102981,56714.9981994629));
#10851= IFCAXIS2PLACEMENT3D(#10850,#9,#8);
#10852= IFCLOCALPLACEMENT(#1913,#10851);
#10853= IFCCARTESIANPOINT((6974.80010986328,0.,0.));
#10854= IFCAXIS2PLACEMENT3D(#10853,#4320,#740);
#10855= IFCEXTRUDEDAREASOLID(#9162,#10854,#9,6974.8);
#10856= IFCCARTESIANPOINT((6985.67547614335,-88.0717963276838,-120.));
#10857= IFCAXIS2PLACEMENT3D(#10856,#10786,#9);
#10858= IFCPLANE(#10857);
#10859= IFCHALFSPACESOLID(#10858,.F.);
#10860= IFCBOOLEANCLIPPINGRESULT(.DIFFERENCE.,#10855,#10859);
#10861= IFCCARTESIANPOINT((-0.753335673627873,60.0107224137901,-120.));
#10862= IFCAXIS2PLACEMENT3D(#10861,#10579,#9);
#10863= IFCPLANE(#10862);
#10864= IFCHALFSPACESOLID(#10863,.F.);
#10865= IFCBOOLEANCLIPPINGRESULT(.DIFFERENCE.,#10860,#10864);
#10866= IFCSHAPEREPRESENTATION(#12,'Body','Clipping',(#10865));
#10867= IFCPRODUCTDEFINITIONSHAPE($,$,(#10866));
#10868= IFCBEAM('2peXFhmmH28gwteoXFHlVW',#44,'main piece','IPE270','IPE270',#10852,#10867,'b/629(?)');
#10869= IFCLOCALPLACEMENT(#1913,#1918);
#10870= IFCSHAPEREPRESENTATION(#12,'Body','MappedRepresentation',(#10806,#10807,#10808));
#10871= IFCPRODUCTDEFINITIONSHAPE($,$,(#10870));
#10872= IFCOPENINGELEMENT('2KLrSOc4zFouYSbeSYd4D3',#5,$,$,'Opening',#10869,#10871,$);
#10873= IFCRELVOIDSELEMENT('1XKfM$TXrA4Ao0kEh9rB0l',#5,'Drill Hole',$,#10868,#10872);
#10874= IFCLOCALPLACEMENT(#1913,#5043);
#10875= IFCSHAPEREPRESENTATION(#12,'Body','MappedRepresentation',(#10556,#10557,#10558));
#10876= IFCPRODUCTDEFINITIONSHAPE($,$,(#10875));
#10877= IFCOPENINGELEMENT('2RHNiM0P54lfMoqC0_tUe6',#5,$,$,'Opening',#10874,#10876,$);
#10878= IFCRELVOIDSELEMENT('09$29JkbH4eRTvePQGPwjc',#5,'Drill Hole',$,#10868,#10877);
#10879= IFCPROPERTYSINGLEVALUE('IndicationMark',$,IFCIDENTIFIER('b/629(?)'),$);
#10880= IFCPROPERTYSET('3ONLjaGiL1B8uCxU6FN6ro',#5,'AISC_EM11_Pset_PieceIdentification','PieceIdentity',(#6094,#10879,#424,#700));
#10881= IFCLOCALPLACEMENT(#42,#10);
#10882= IFCELEMENTASSEMBLY('0pXaAf58f7W9536b58DzP0',#9154,'BEAM',$,$,#10881,$,'B/604',.NOTDEFINED.,.RIGID_FRAME.);
#10883= IFCPROPERTYSINGLEVALUE('AssemblyMark',$,IFCIDENTIFIER('B/604'),$);
#10884= IFCPROPERTYSET('1l9D8QYHXEqxZT6AwFd76u',#5,'AISC_EM11_Pset_AssemblyIdentification','AssemblyIdentity',(#10883,#52,#53));
#10885= IFCCARTESIANPOINT((31974.9812828359,512.717205090156,56714.9981994629));
#10886= IFCAXIS2PLACEMENT3D(#10885,#9,#9416);
#10887= IFCLOCALPLACEMENT(#10881,#10886);
#10888= IFCCARTESIANPOINT((6857.39946048733,0.,-7.27595761418343E-12));
#10889= IFCAXIS2PLACEMENT3D(#10888,#4320,#740);
#10890= IFCEXTRUDEDAREASOLID(#9162,#10889,#9,6857.4);
#10891= IFCSHAPEREPRESENTATION(#12,'Body','SweptSolid',(#10890));
#10892= IFCPRODUCTDEFINITIONSHAPE($,$,(#10891));
#10893= IFCBEAM('0LxO415azEvfptfUcftS4X',#9154,'main piece','IPE270','IPE270',#10887,#10892,'b/499');
#10894= IFCPROPERTYSINGLEVALUE('IndicationMark',$,IFCIDENTIFIER('b/499'),$);
#10895= IFCPROPERTYSET('2GWShYutX3UwghwsS0P6gP',#5,'AISC_EM11_Pset_PieceIdentification','PieceIdentity',(#6094,#10894,#424,#700));
#10896= IFCLOCALPLACEMENT(#42,#10);
#10897= IFCELEMENTASSEMBLY('3V0xX8mLn4yeWZv7xTYE19',#9154,'BEAM',$,$,#10896,$,'B/733',.NOTDEFINED.,.RIGID_FRAME.);
#10898= IFCPROPERTYSINGLEVALUE('AssemblyMark',$,IFCIDENTIFIER('B/733'),$);
#10899= IFCPROPERTYSET('10Pu$FWQXCZBHQNqxzY9t4',#5,'AISC_EM11_Pset_AssemblyIdentification','AssemblyIdentity',(#10898,#52,#53));
#10900= IFCCARTESIANPOINT((29949.9835716542,512.772512610307,56714.9981994629));
#10901= IFCDIRECTION((1.11779999992498E-05,0.999999999937526,0.));
#10902= IFCAXIS2PLACEMENT3D(#10900,#9,#10901);
#10903= IFCLOCALPLACEMENT(#10896,#10902);
#10904= IFCCARTESIANPOINT((6803.22790374793,0.,0.));
#10905= IFCAXIS2PLACEMENT3D(#10904,#4320,#740);
#10906= IFCEXTRUDEDAREASOLID(#9162,#10905,#9,6803.23);
#10907= IFCSHAPEREPRESENTATION(#12,'Body','SweptSolid',(#10906));
#10908= IFCPRODUCTDEFINITIONSHAPE($,$,(#10907));
#10909= IFCBEAM('164fv4rADDHeE$ACoKdxTA',#9154,'main piece','IPE270','IPE270',#10903,#10908,'b/628');
#10910= IFCPROPERTYSINGLEVALUE('IndicationMark',$,IFCIDENTIFIER('b/628'),$);
#10911= IFCPROPERTYSET('2b0hhDMoHC59B2sO28HJBa',#5,'AISC_EM11_Pset_PieceIdentification','PieceIdentity',(#6094,#10910,#424,#700));
#10912= IFCLOCALPLACEMENT(#42,#10);
#10913= IFCELEMENTASSEMBLY('0KWSebvrr3ePjUKaPYaop8',#9154,'BEAM',$,$,#10912,$,'B/704',.NOTDEFINED.,.RIGID_FRAME.);
#10914= IFCPROPERTYSINGLEVALUE('AssemblyMark',$,IFCIDENTIFIER('B/704'),$);
#10915= IFCPROPERTYSET('02t_abIib5lekL_UiWG4tV',#5,'AISC_EM11_Pset_AssemblyIdentification','AssemblyIdentity',(#10914,#52,#53));
#10916= IFCCARTESIANPOINT((27924.9810924156,512.708607858804,56714.9981994629));
#10917= IFCAXIS2PLACEMENT3D(#10916,#9,#10901);
#10918= IFCLOCALPLACEMENT(#10912,#10917);
#10919= IFCCARTESIANPOINT((7357.42420014418,1.24639614088965E-17,-7.27595761418343E-12));
#10920= IFCAXIS2PLACEMENT3D(#10919,#4320,#740);
#10921= IFCEXTRUDEDAREASOLID(#9162,#10920,#9,7357.42);
#10922= IFCSHAPEREPRESENTATION(#12,'Body','SweptSolid',(#10921));
#10923= IFCPRODUCTDEFINITIONSHAPE($,$,(#10922));
#10924= IFCBEAM('17OaFPYK55XQtKM2WierMt',#9154,'main piece','IPE270','IPE270',#10918,#10923,'b/599');
#10925= IFCPROPERTYSINGLEVALUE('IndicationMark',$,IFCIDENTIFIER('b/599'),$);
#10926= IFCPROPERTYSET('21GdR_HB93kQbYVIiAhUb6',#5,'AISC_EM11_Pset_PieceIdentification','PieceIdentity',(#6094,#10925,#424,#700));
#10927= IFCCARTESIANPOINT((23087.3429412842,5942.50102247041,56714.9981994629));
#10928= IFCDIRECTION((-0.999998058631959,-0.00197046499927437,0.));
#10929= IFCAXIS2PLACEMENT3D(#10927,#9,#10928);
#10930= IFCLOCALPLACEMENT(#4429,#10929);
#10931= IFCCARTESIANPOINT((968.657664089706,0.,0.));
#10932= IFCAXIS2PLACEMENT3D(#10931,#4320,#740);
#10933= IFCEXTRUDEDAREASOLID(#9162,#10932,#9,968.66);
#10934= IFCDIRECTION((-0.999998095375073,0.00195172903530373,0.));
#10935= IFCCARTESIANPOINT((397.931475300418,59.0035859599311,-120.));
#10936= IFCAXIS2PLACEMENT3D(#10935,#10934,#9);
#10937= IFCPLANE(#10936);
#10938= IFCHALFSPACESOLID(#10937,.F.);
#10939= IFCBOOLEANCLIPPINGRESULT(.DIFFERENCE.,#10933,#10938);
#10940= IFCSHAPEREPRESENTATION(#12,'Body','Clipping',(#10939));
#10941= IFCPRODUCTDEFINITIONSHAPE($,$,(#10940));
#10942= IFCBEAM('2A_PWFwsz2HfhaQkGRMokb',#44,'main piece','IPE270','IPE270',#10930,#10941,'b/508(?)');
#10943= IFCLOCALPLACEMENT(#4429,#4432);
#10944= IFCCARTESIANPOINT((0.,-2.29649846165829,0.));
#10945= IFCAXIS2PLACEMENT3D(#10944,#8,#7);
#10946= IFCEXTRUDEDAREASOLID(#404,#10945,#9,6.8);
#10947= IFCSHAPEREPRESENTATION(#12,'Body','SweptSolid',(#10946));
#10948= IFCREPRESENTATIONMAP(#10,#10947);
#10949= IFCMAPPEDITEM(#10948,#86);
#10950= IFCMAPPEDITEM(#10948,#91);
#10951= IFCMAPPEDITEM(#10948,#94);
#10952= IFCSHAPEREPRESENTATION(#12,'Body','MappedRepresentation',(#10949,#10950,#10951));
#10953= IFCPRODUCTDEFINITIONSHAPE($,$,(#10952));
#10954= IFCOPENINGELEMENT('15iiz34RD8UvNEQFbOKN2b',#5,$,$,'Opening',#10943,#10953,$);
#10955= IFCRELVOIDSELEMENT('3TRtzcPUPChuKBQqbwIIHi',#5,'Drill Hole',$,#10942,#10954);
#10956= IFCPROPERTYSINGLEVALUE('SkewedAngleX',$,IFCREAL(0.11183),$);
#10957= IFCPROPERTYSET('1yYkkXxVHBwA$qjk2A0Svg',#5,'AISC_EM11_Pset_SkewedEnd',$,(#702,#10956));
#10958= IFCLOCALPLACEMENT(#42,#10);
#10959= IFCELEMENTASSEMBLY('3dfonKAirDqeKbTPBIdMBL',#9154,'BEAM',$,$,#10958,$,'B/732',.NOTDEFINED.,.RIGID_FRAME.);
#10960= IFCPROPERTYSINGLEVALUE('AssemblyMark',$,IFCIDENTIFIER('B/732'),$);
#10961= IFCPROPERTYSET('3$LpXmu4vB6vAfcwyEqc_F',#5,'AISC_EM11_Pset_AssemblyIdentification','AssemblyIdentity',(#10960,#52,#53));
#10962= IFCCARTESIANPOINT((20258.0006561788,209.248852928366,56699.9981994629));
#10963= IFCAXIS2PLACEMENT3D(#10962,#9,#9368);
#10964= IFCLOCALPLACEMENT(#10958,#10963);
#10965= IFCCARTESIANPOINT((8179.12113628128,0.,0.));
#10966= IFCAXIS2PLACEMENT3D(#10965,#4320,#740);
#10967= IFCEXTRUDEDAREASOLID(#9294,#10966,#9,8179.12);
#10968= IFCSHAPEREPRESENTATION(#12,'Body','SweptSolid',(#10967));
#10969= IFCPRODUCTDEFINITIONSHAPE($,$,(#10968));
#10970= IFCBEAM('1GlUiVcPH9FAvRmgTnmt2v',#9154,'main piece','IPE300','IPE300',#10964,#10969,'b/627');
#10971= IFCPROPERTYSINGLEVALUE('IndicationMark',$,IFCIDENTIFIER('b/627'),$);
#10972= IFCPROPERTYSET('3JBr6zd1fBpPsLvMgHUCZU',#5,'AISC_EM11_Pset_PieceIdentification','PieceIdentity',(#6094,#10971,#424,#700));
#10973= IFCLOCALPLACEMENT(#42,#10);
#10974= IFCELEMENTASSEMBLY('0dMkXdKpDElhbVa5nHZMwm',#9154,'BEAM',$,$,#10973,$,'B/618',.NOTDEFINED.,.RIGID_FRAME.);
#10975= IFCCARTESIANPOINT((17144.9944610596,8122.51992429536,56699.9981994629));
#10976= IFCAXIS2PLACEMENT3D(#10975,#9,#7);
#10977= IFCLOCALPLACEMENT(#10973,#10976);
#10978= IFCSHAPEREPRESENTATION(#12,'Body','SweptSolid',(#10117));
#10979= IFCPRODUCTDEFINITIONSHAPE($,$,(#10978));
#10980= IFCBEAM('1DXXInoV57T8iAPE6Hyxqi',#9154,'main piece','IPE300','IPE300',#10977,#10979,'b/513');
#10981= IFCLOCALPLACEMENT(#42,#10);
#10982= IFCELEMENTASSEMBLY('0TmQM_KnvCUfXYinYFzsJu',#9154,'BEAM',$,$,#10981,$,'B/617',.NOTDEFINED.,.RIGID_FRAME.);
#10983= IFCCARTESIANPOINT((17392.6732177734,17475.1314660434,56684.9981994629));
#10984= IFCAXIS2PLACEMENT3D(#10983,#9,#8);
#10985= IFCLOCALPLACEMENT(#10981,#10984);
#10986= IFCCARTESIANPOINT((7127.23731994757,0.,-1.45519152283669E-11));
#10987= IFCAXIS2PLACEMENT3D(#10986,#4320,#740);
#10988= IFCEXTRUDEDAREASOLID(#10367,#10987,#9,7127.24);
#10989= IFCSHAPEREPRESENTATION(#12,'Body','SweptSolid',(#10988));
#10990= IFCPRODUCTDEFINITIONSHAPE($,$,(#10989));
#10991= IFCBEAM('1BByD$ka1CueYppOQ_w$Rl',#9154,'main piece','IPE330','IPE330',#10985,#10990,'b/512');
#10992= IFCLOCALPLACEMENT(#42,#10);
#10993= IFCELEMENTASSEMBLY('3YDVJ2gDj6MAGlyAJtY$3y',#9154,'BEAM',$,$,#10992,$,'B/616',.NOTDEFINED.,.RIGID_FRAME.);
#10994= IFCPROPERTYSINGLEVALUE('AssemblyMark',$,IFCIDENTIFIER('B/616'),$);
#10995= IFCPROPERTYSET('1gkEjyfHnCPQ73v5c2Bz2x',#5,'AISC_EM11_Pset_AssemblyIdentification','AssemblyIdentity',(#10994,#52,#53));
#10996= IFCCARTESIANPOINT((17392.5854797363,8217.51923764986,56684.9981994629));
#10997= IFCAXIS2PLACEMENT3D(#10996,#9,#8);
#10998= IFCLOCALPLACEMENT(#10992,#10997);
#10999= IFCCARTESIANPOINT((9067.61169433594,0.,0.));
#11000= IFCAXIS2PLACEMENT3D(#10999,#4320,#740);
#11001= IFCEXTRUDEDAREASOLID(#10367,#11000,#9,9067.61);
#11002= IFCSHAPEREPRESENTATION(#12,'Body','SweptSolid',(#11001));
#11003= IFCPRODUCTDEFINITIONSHAPE($,$,(#11002));
#11004= IFCBEAM('1xYA4wnMj87w9hj8fng9Rb',#9154,'main piece','IPE330','IPE330',#10998,#11003,'b/511');
#11005= IFCPROPERTYSINGLEVALUE('IndicationMark',$,IFCIDENTIFIER('b/511'),$);
#11006= IFCPROPERTYSET('3lVrcUW7z3x8Fy7etz16w_',#5,'AISC_EM11_Pset_PieceIdentification','PieceIdentity',(#6094,#11005,#424,#700));
#11007= IFCLOCALPLACEMENT(#42,#10);
#11008= IFCELEMENTASSEMBLY('3tTmhCBHTA9wqg$hZ3Fvea',#9154,'BEAM',$,$,#11007,$,'B/615',.NOTDEFINED.,.RIGID_FRAME.);
#11009= IFCPROPERTYSINGLEVALUE('AssemblyMark',$,IFCIDENTIFIER('B/615'),$);
#11010= IFCPROPERTYSET('1gpKiifPj8MfbzbsP0sG9H',#5,'AISC_EM11_Pset_AssemblyIdentification','AssemblyIdentity',(#11009,#52,#53));
#11011= IFCCARTESIANPOINT((17392.6731414795,897.814683586565,56684.9981994629));
#11012= IFCAXIS2PLACEMENT3D(#11011,#9,#8);
#11013= IFCLOCALPLACEMENT(#11007,#11012);
#11014= IFCCARTESIANPOINT((7129.7092437757,0.,-1.45519152283669E-11));
#11015= IFCAXIS2PLACEMENT3D(#11014,#4320,#740);
#11016= IFCEXTRUDEDAREASOLID(#10367,#11015,#9,7129.71);
#11017= IFCSHAPEREPRESENTATION(#12,'Body','SweptSolid',(#11016));
#11018= IFCPRODUCTDEFINITIONSHAPE($,$,(#11017));
#11019= IFCBEAM('0_aR0KDpLBzglbyx35wAew',#9154,'main piece','IPE330','IPE330',#11013,#11018,'b/510');
#11020= IFCPROPERTYSINGLEVALUE('IndicationMark',$,IFCIDENTIFIER('b/510'),$);
#11021= IFCPROPERTYSET('0MBDORVSj2WeFHEe7tpen8',#5,'AISC_EM11_Pset_PieceIdentification','PieceIdentity',(#6094,#11020,#424,#700));
#11022= IFCLOCALPLACEMENT(#42,#10);
#11023= IFCELEMENTASSEMBLY('06ly$TrI19W9vEZDpWmxYo',#9154,'BEAM',$,$,#11022,$,'B/614',.NOTDEFINED.,.RIGID_FRAME.);
#11024= IFCPROPERTYSINGLEVALUE('AssemblyMark',$,IFCIDENTIFIER('B/614'),$);
#11025= IFCPROPERTYSET('25$PuPmnv7Wur$rPYkVaqV',#5,'AISC_EM11_Pset_AssemblyIdentification','AssemblyIdentity',(#11024,#52,#53));
#11026= IFCCARTESIANPOINT((21200.087272644,17475.1314660434,56714.9981994629));
#11027= IFCAXIS2PLACEMENT3D(#11026,#9,#8);
#11028= IFCLOCALPLACEMENT(#11022,#11027);
#11029= IFCCARTESIANPOINT((4275.1293182373,0.,0.));
#11030= IFCAXIS2PLACEMENT3D(#11029,#4320,#740);
#11031= IFCEXTRUDEDAREASOLID(#9162,#11030,#9,4275.13);
#11032= IFCSHAPEREPRESENTATION(#12,'Body','SweptSolid',(#11031));
#11033= IFCPRODUCTDEFINITIONSHAPE($,$,(#11032));
#11034= IFCBEAM('2Y6x1vUsj4mOiB7V5j$qmO',#9154,'main piece','IPE270','IPE270',#11028,#11033,'b/509');
#11035= IFCPROPERTYSINGLEVALUE('IndicationMark',$,IFCIDENTIFIER('b/509'),$);
#11036= IFCPROPERTYSET('0bFLxGQ7j4Rh8m13wOGRUR',#5,'AISC_EM11_Pset_PieceIdentification','PieceIdentity',(#6094,#11035,#424,#700));
#11037= IFCLOCALPLACEMENT(#42,#10);
#11038= IFCELEMENTASSEMBLY('3J$9oG_YrFEAgZecHJZisC',#9154,'BEAM',$,$,#11037,$,'B/613',.NOTDEFINED.,.RIGID_FRAME.);
#11039= IFCPROPERTYSINGLEVALUE('AssemblyMark',$,IFCIDENTIFIER('B/613'),$);
#11040= IFCPROPERTYSET('22bXR4V7L0UP4OpSlt2X2h',#5,'AISC_EM11_Pset_AssemblyIdentification','AssemblyIdentity',(#11039,#52,#53));
#11041= IFCCARTESIANPOINT((22119.1060180657,19557.6136897822,56714.9981994629));
#11042= IFCAXIS2PLACEMENT3D(#11041,#9,#7);
#11043= IFCLOCALPLACEMENT(#11037,#11042);
#11044= IFCCARTESIANPOINT((968.236923218865,0.,-7.27595761418343E-12));
#11045= IFCAXIS2PLACEMENT3D(#11044,#4320,#740);
#11046= IFCEXTRUDEDAREASOLID(#9162,#11045,#9,968.24);
#11047= IFCSHAPEREPRESENTATION(#12,'Body','SweptSolid',(#11046));
#11048= IFCPRODUCTDEFINITIONSHAPE($,$,(#11047));
#11049= IFCBEAM('3soDEbRvz9ofW0abZ1xJLf',#9154,'main piece','IPE270','IPE270',#11043,#11048,'b/508');
#11050= IFCPROPERTYSINGLEVALUE('IndicationMark',$,IFCIDENTIFIER('b/508'),$);
#11051= IFCPROPERTYSET('0PlvxI0fH3IQQ1DzUJ$BRs',#5,'AISC_EM11_Pset_PieceIdentification','PieceIdentity',(#6094,#11050,#424,#700));
#11052= IFCCARTESIANPOINT((31893.3607417372,18130.1741143588,56714.9981994629));
#11053= IFCDIRECTION((0.000479692999974951,0.999999884947306,0.));
#11054= IFCAXIS2PLACEMENT3D(#11052,#9,#11053);
#11055= IFCLOCALPLACEMENT(#4014,#11054);
#11056= IFCCARTESIANPOINT((6857.08124850652,0.,-7.27595761418343E-12));
#11057= IFCAXIS2PLACEMENT3D(#11056,#4320,#740);
#11058= IFCEXTRUDEDAREASOLID(#9162,#11057,#9,6857.08);
#11059= IFCDIRECTION((-0.99999987475137,-0.000500496997485613,0.));
#11060= IFCCARTESIANPOINT((10.4488585436193,60.2554813544994,-120.000000000007));
#11061= IFCAXIS2PLACEMENT3D(#11060,#11059,#9);
#11062= IFCPLANE(#11061);
#11063= IFCHALFSPACESOLID(#11062,.F.);
#11064= IFCBOOLEANCLIPPINGRESULT(.DIFFERENCE.,#11058,#11063);
#11065= IFCSHAPEREPRESENTATION(#12,'Body','Clipping',(#11064));
#11066= IFCPRODUCTDEFINITIONSHAPE($,$,(#11065));
#11067= IFCBEAM('0$57jA_7XEdgsTseRu6B5M',#44,'main piece','IPE270','IPE270',#11055,#11066,'b/499(?)');
#11068= IFCLOCALPLACEMENT(#4014,#4020);
#11069= IFCCARTESIANPOINT((0.,-3.66974116965632,0.));
#11070= IFCAXIS2PLACEMENT3D(#11069,#8,#7);
#11071= IFCEXTRUDEDAREASOLID(#404,#11070,#9,6.8);
#11072= IFCSHAPEREPRESENTATION(#12,'Body','SweptSolid',(#11071));
#11073= IFCREPRESENTATIONMAP(#10,#11072);
#11074= IFCMAPPEDITEM(#11073,#86);
#11075= IFCMAPPEDITEM(#11073,#91);
#11076= IFCMAPPEDITEM(#11073,#94);
#11077= IFCSHAPEREPRESENTATION(#12,'Body','MappedRepresentation',(#11074,#11075,#11076));
#11078= IFCPRODUCTDEFINITIONSHAPE($,$,(#11077));
#11079= IFCOPENINGELEMENT('3BXuTd5992zAMWNCm8Q752',#5,$,$,'Opening',#11068,#11078,$);
#11080= IFCRELVOIDSELEMENT('2gtJVVwab1f8zIpcRkz4Go',#5,'Drill Hole',$,#11067,#11079);
#11081= IFCPROPERTYSINGLEVALUE('IndicationMark',$,IFCIDENTIFIER('b/499(?)'),$);
#11082= IFCPROPERTYSET('0DCGQVYt1DmvOX301DgbcW',#5,'AISC_EM11_Pset_PieceIdentification','PieceIdentity',(#6094,#11081,#424,#700));
#11083= IFCPROPERTYSINGLEVALUE('SkewedAngleX',$,IFCREAL(-0.02868),$);
#11084= IFCPROPERTYSET('0L_pueK5b1XwF9tg5fOj$P',#5,'AISC_EM11_Pset_SkewedEnd',$,(#702,#11083));
#11085= IFCCARTESIANPOINT((29803.3605891494,18130.162670267,56714.9981994629));
#11086= IFCAXIS2PLACEMENT3D(#11085,#9,#11053);
#11087= IFCLOCALPLACEMENT(#4199,#11086);
#11088= IFCCARTESIANPOINT((10.4561498059593,60.2554813544921,-120.000000000007));
#11089= IFCAXIS2PLACEMENT3D(#11088,#11059,#9);
#11090= IFCPLANE(#11089);
#11091= IFCHALFSPACESOLID(#11090,.F.);
#11092= IFCBOOLEANCLIPPINGRESULT(.DIFFERENCE.,#11058,#11091);
#11093= IFCSHAPEREPRESENTATION(#12,'Body','Clipping',(#11092));
#11094= IFCPRODUCTDEFINITIONSHAPE($,$,(#11093));
#11095= IFCBEAM('3zQPq9oiz9BPQgnbOMgcf7',#44,'main piece','IPE270','IPE270',#11087,#11094,'b/499(?)');
#11096= IFCLOCALPLACEMENT(#4199,#4202);
#11097= IFCSHAPEREPRESENTATION(#12,'Body','MappedRepresentation',(#11074,#11075,#11076));
#11098= IFCPRODUCTDEFINITIONSHAPE($,$,(#11097));
#11099= IFCOPENINGELEMENT('2RROcT0dL0D8$mC8zASVUw',#5,$,$,'Opening',#11096,#11098,$);
#11100= IFCRELVOIDSELEMENT('0Y3eJ9KCj2M9RfmpWqIwRZ',#5,'Drill Hole',$,#11095,#11099);
#11101= IFCLOCALPLACEMENT(#42,#10);
#11102= IFCELEMENTASSEMBLY('2yy$bySnnFXRl1n6rvBN6C',#9154,'BEAM',$,$,#11101,$,'B/731',.NOTDEFINED.,.RIGID_FRAME.);
#11103= IFCCARTESIANPOINT((17144.9944610596,24682.167484415,56714.9981994629));
#11104= IFCAXIS2PLACEMENT3D(#11103,#9,#4193);
#11105= IFCLOCALPLACEMENT(#11101,#11104);
#11106= IFCCARTESIANPOINT((3200.67119599923,0.,0.));
#11107= IFCAXIS2PLACEMENT3D(#11106,#4320,#740);
#11108= IFCEXTRUDEDAREASOLID(#9162,#11107,#9,3200.67);
#11109= IFCSHAPEREPRESENTATION(#12,'Body','SweptSolid',(#11108));
#11110= IFCPRODUCTDEFINITIONSHAPE($,$,(#11109));
#11111= IFCBEAM('2rawVTTP16IA99XpjYvLYY',#9154,'main piece','IPE270','IPE270',#11105,#11110,'b/626');
#11112= IFCLOCALPLACEMENT(#42,#10);
#11113= IFCELEMENTASSEMBLY('1SKZf1m6fD_A9JUx2hOIlh',#9154,'BEAM',$,$,#11112,$,'B/611',.NOTDEFINED.,.RIGID_FRAME.);
#11114= IFCCARTESIANPOINT((19300.0876541138,17475.1314660434,56714.9981994629));
#11115= IFCAXIS2PLACEMENT3D(#11114,#9,#8);
#11116= IFCLOCALPLACEMENT(#11112,#11115);
#11117= IFCCARTESIANPOINT((7119.97222900391,0.,0.));
#11118= IFCAXIS2PLACEMENT3D(#11117,#4320,#740);
#11119= IFCEXTRUDEDAREASOLID(#9162,#11118,#9,7119.97);
#11120= IFCSHAPEREPRESENTATION(#12,'Body','SweptSolid',(#11119));
#11121= IFCPRODUCTDEFINITIONSHAPE($,$,(#11120));
#11122= IFCBEAM('2r58ESIfX8t9Y81dbANM2G',#9154,'main piece','IPE270','IPE270',#11116,#11121,'b/506');
#11123= IFCLOCALPLACEMENT(#42,#10);
#11124= IFCELEMENTASSEMBLY('1it1VyjZfA$PxS2dFw_uFm',#9154,'BEAM',$,$,#11123,$,'B/609',.NOTDEFINED.,.RIGID_FRAME.);
#11125= IFCPROPERTYSINGLEVALUE('AssemblyMark',$,IFCIDENTIFIER('B/609'),$);
#11126= IFCPROPERTYSET('1CGitP$CDEUB6tWB3qwO0x',#5,'AISC_EM11_Pset_AssemblyIdentification','AssemblyIdentity',(#11125,#52,#53));
#11127= IFCCARTESIANPOINT((21199.9995346069,8217.51923764986,56714.9981994629));
#11128= IFCAXIS2PLACEMENT3D(#11127,#9,#8);
#11129= IFCLOCALPLACEMENT(#11123,#11128);
#11130= IFCEXTRUDEDAREASOLID(#9162,#11000,#9,9067.61);
#11131= IFCSHAPEREPRESENTATION(#12,'Body','SweptSolid',(#11130));
#11132= IFCPRODUCTDEFINITIONSHAPE($,$,(#11131));
#11133= IFCBEAM('1rllmeanL9HBa1JHhsxs5c',#9154,'main piece','IPE270','IPE270',#11129,#11132,'b/504');
#11134= IFCPROPERTYSINGLEVALUE('IndicationMark',$,IFCIDENTIFIER('b/504'),$);
#11135= IFCPROPERTYSET('24Huoqi0rCTAspC2aOFWvL',#5,'AISC_EM11_Pset_PieceIdentification','PieceIdentity',(#6094,#11134,#424,#700));
#11136= IFCLOCALPLACEMENT(#42,#10);
#11137= IFCELEMENTASSEMBLY('29$HtxVGz0JgMGOVDmHSyg',#9154,'BEAM',$,$,#11136,$,'B/730',.NOTDEFINED.,.RIGID_FRAME.);
#11138= IFCPROPERTYSINGLEVALUE('AssemblyMark',$,IFCIDENTIFIER('B/730'),$);
#11139= IFCPROPERTYSET('0kOpgxss52qxPmmIL6Vj9I',#5,'AISC_EM11_Pset_AssemblyIdentification','AssemblyIdentity',(#11138,#52,#53));
#11140= IFCCARTESIANPOINT((21199.9995346069,3597.95054380838,56714.9981994629));
#11141= IFCAXIS2PLACEMENT3D(#11140,#9,#8);
#11142= IFCLOCALPLACEMENT(#11136,#11141);
#11143= IFCCARTESIANPOINT((4429.56911345817,0.,0.));
#11144= IFCAXIS2PLACEMENT3D(#11143,#4320,#740);
#11145= IFCEXTRUDEDAREASOLID(#9162,#11144,#9,4429.57);
#11146= IFCSHAPEREPRESENTATION(#12,'Body','SweptSolid',(#11145));
#11147= IFCPRODUCTDEFINITIONSHAPE($,$,(#11146));
#11148= IFCBEAM('2Xj4dKPFP6xB91HRnoDlNx',#9154,'main piece','IPE270','IPE270',#11142,#11147,'b/625');
#11149= IFCPROPERTYSINGLEVALUE('IndicationMark',$,IFCIDENTIFIER('b/625'),$);
#11150= IFCPROPERTYSET('0J5tlmXT12ZBhwIP8$XyWb',#5,'AISC_EM11_Pset_PieceIdentification','PieceIdentity',(#6094,#11149,#424,#700));
#11151= IFCLOCALPLACEMENT(#42,#10);
#11152= IFCELEMENTASSEMBLY('28LCwKrP10bhtfu9rqWjw_',#9154,'BEAM',$,$,#11151,$,'B/609',.NOTDEFINED.,.RIGID_FRAME.);
#11153= IFCCARTESIANPOINT((19299.9999160767,8217.51923764986,56714.9981994629));
#11154= IFCAXIS2PLACEMENT3D(#11153,#9,#8);
#11155= IFCLOCALPLACEMENT(#11151,#11154);
#11156= IFCSHAPEREPRESENTATION(#12,'Body','SweptSolid',(#11130));
#11157= IFCPRODUCTDEFINITIONSHAPE($,$,(#11156));
#11158= IFCBEAM('0p2Kz6qH97Vw_mjUwxxIF3',#9154,'main piece','IPE270','IPE270',#11155,#11157,'b/504');
#11159= IFCLOCALPLACEMENT(#42,#10);
#11160= IFCELEMENTASSEMBLY('3xsihwzHbCkfKfOGy3mkv4',#9154,'BEAM',$,$,#11159,$,'B/608',.NOTDEFINED.,.RIGID_FRAME.);
#11161= IFCPROPERTYSINGLEVALUE('AssemblyMark',$,IFCIDENTIFIER('B/608'),$);
#11162= IFCPROPERTYSET('0OpNCkjN943hgUU9xsHZGn',#5,'AISC_EM11_Pset_AssemblyIdentification','AssemblyIdentity',(#11161,#52,#53));
#11163= IFCCARTESIANPOINT((19299.9999160767,905.109836709915,56714.9981994629));
#11164= IFCAXIS2PLACEMENT3D(#11163,#9,#8);
#11165= IFCLOCALPLACEMENT(#11159,#11164);
#11166= IFCCARTESIANPOINT((7122.41554260254,0.,0.));
#11167= IFCAXIS2PLACEMENT3D(#11166,#4320,#740);
#11168= IFCEXTRUDEDAREASOLID(#9162,#11167,#9,7122.42);
#11169= IFCSHAPEREPRESENTATION(#12,'Body','SweptSolid',(#11168));
#11170= IFCPRODUCTDEFINITIONSHAPE($,$,(#11169));
#11171= IFCBEAM('0pL5dKZq999R6jy0KaFqux',#9154,'main piece','IPE270','IPE270',#11165,#11170,'b/503');
#11172= IFCPROPERTYSINGLEVALUE('IndicationMark',$,IFCIDENTIFIER('b/503'),$);
#11173= IFCPROPERTYSET('3BXjYplVrAqACi8XHpkkPQ',#5,'AISC_EM11_Pset_PieceIdentification','PieceIdentity',(#6094,#11172,#424,#700));
#11174= IFCLOCALPLACEMENT(#42,#10);
#11175= IFCELEMENTASSEMBLY('29JUZRe3L3E96gzTfXJqNS',#9154,'BEAM',$,$,#11174,$,'B/729',.NOTDEFINED.,.RIGID_FRAME.);
#11176= IFCPROPERTYSINGLEVALUE('AssemblyMark',$,IFCIDENTIFIER('B/729'),$);
#11177= IFCPROPERTYSET('1sM2ZlAR1D5vk_J8t6egrO',#5,'AISC_EM11_Pset_AssemblyIdentification','AssemblyIdentity',(#11176,#52,#53));
#11178= IFCCARTESIANPOINT((17144.9944610596,817.609979761062,56714.9981994629));
#11179= IFCAXIS2PLACEMENT3D(#11178,#9,#7);
#11180= IFCLOCALPLACEMENT(#11174,#11179);
#11181= IFCCARTESIANPOINT((3187.96163925289,1.13686837721616E-13,0.));
#11182= IFCAXIS2PLACEMENT3D(#11181,#4320,#740);
#11183= IFCEXTRUDEDAREASOLID(#9162,#11182,#9,3187.96);
#11184= IFCSHAPEREPRESENTATION(#12,'Body','SweptSolid',(#11183));
#11185= IFCPRODUCTDEFINITIONSHAPE($,$,(#11184));
#11186= IFCBEAM('3Evq4wvTPEEu35HjeghdgU',#9154,'main piece','IPE270','IPE270',#11180,#11185,'b/624');
#11187= IFCPROPERTYSINGLEVALUE('IndicationMark',$,IFCIDENTIFIER('b/624'),$);
#11188= IFCPROPERTYSET('1P5jGrabTE1fpAVS2TYPjB',#5,'AISC_EM11_Pset_PieceIdentification','PieceIdentity',(#6094,#11187,#424,#700));
#11189= IFCLOCALPLACEMENT(#42,#10);
#11190= IFCELEMENTASSEMBLY('06DN7Znhr3BuutDJrnTPn7',#9154,'BEAM',$,$,#11189,$,'B/728',.NOTDEFINED.,.RIGID_FRAME.);
#11191= IFCCARTESIANPOINT((22659.8765487671,17475.1314660434,56699.9981994629));
#11192= IFCDIRECTION((-0.293755746120962,0.955880516393611,0.));
#11193= IFCAXIS2PLACEMENT3D(#11191,#9,#11192);
#11194= IFCLOCALPLACEMENT(#11189,#11193);
#11195= IFCCARTESIANPOINT((8176.34011207737,0.,0.));
#11196= IFCAXIS2PLACEMENT3D(#11195,#4320,#740);
#11197= IFCEXTRUDEDAREASOLID(#9294,#11196,#9,8176.34);
#11198= IFCSHAPEREPRESENTATION(#12,'Body','SweptSolid',(#11197));
#11199= IFCPRODUCTDEFINITIONSHAPE($,$,(#11198));
#11200= IFCBEAM('1NwJUn$Dj1fObGs_Dmty$f',#9154,'main piece','IPE300','IPE300',#11194,#11199,'b/623');
#11201= IFCLOCALPLACEMENT(#42,#10);
#11202= IFCELEMENTASSEMBLY('0e1Wh9SsrFXPI9dE8KEGpU',#44,'BEAM',$,$,#11201,$,'B/704(?)',.NOTDEFINED.,.RIGID_FRAME.);
#11203= IFCPROPERTYSINGLEVALUE('AssemblyMark',$,IFCIDENTIFIER('B/704(?)'),$);
#11204= IFCPROPERTYSET('1QTwn8Zt17wR6riWyX4Av9',#5,'AISC_EM11_Pset_AssemblyIdentification','AssemblyIdentity',(#11203,#52,#53));
#11205= IFCCARTESIANPOINT((27716.6582017583,17630.1340600376,56714.9981994629));
#11206= IFCAXIS2PLACEMENT3D(#11205,#9,#4019);
#11207= IFCLOCALPLACEMENT(#11201,#11206);
#11208= IFCCARTESIANPOINT((7357.12814331903,-3.63797880709171E-12,0.));
#11209= IFCAXIS2PLACEMENT3D(#11208,#4320,#740);
#11210= IFCEXTRUDEDAREASOLID(#9162,#11209,#9,7357.13);
#11211= IFCSHAPEREPRESENTATION(#12,'Body','SweptSolid',(#11210));
#11212= IFCPRODUCTDEFINITIONSHAPE($,$,(#11211));
#11213= IFCBEAM('28pADPBjH4AuRB$1zK2uel',#44,'main piece','IPE270','IPE270',#11207,#11212,'b/599(?)');
#11214= IFCPROPERTYSINGLEVALUE('IndicationMark',$,IFCIDENTIFIER('b/599(?)'),$);
#11215= IFCPROPERTYSET('1WMUaQsFj6Hxsv2mxU8y2n',#5,'AISC_EM11_Pset_PieceIdentification','PieceIdentity',(#6094,#11214,#424,#700));
#11216= IFCLOCALPLACEMENT(#42,#10);
#11217= IFCELEMENTASSEMBLY('2jzpCoed5FBeO_ktFmMKGI',#9154,'BEAM',$,$,#11216,$,'B/603',.NOTDEFINED.,.RIGID_FRAME.);
#11218= IFCPROPERTYSINGLEVALUE('AssemblyMark',$,IFCIDENTIFIER('B/603'),$);
#11219= IFCPROPERTYSET('0ERQIMqmnAkhJBCicVkbOh',#5,'AISC_EM11_Pset_AssemblyIdentification','AssemblyIdentity',(#11218,#52,#53));
#11220= IFCCARTESIANPOINT((65874.9997253418,16982.9039117221,56714.9981994629));
#11221= IFCAXIS2PLACEMENT3D(#11220,#9,#740);
#11222= IFCLOCALPLACEMENT(#11216,#11221);
#11223= IFCCARTESIANPOINT((8465.00015258793,0.,0.));
#11224= IFCAXIS2PLACEMENT3D(#11223,#4320,#740);
#11225= IFCEXTRUDEDAREASOLID(#9162,#11224,#9,8465.);
#11226= IFCSHAPEREPRESENTATION(#12,'Body','SweptSolid',(#11225));
#11227= IFCPRODUCTDEFINITIONSHAPE($,$,(#11226));
#11228= IFCBEAM('3pIqJKQSn1eOmYlu9Q6EKz',#9154,'main piece','IPE270','IPE270',#11222,#11227,'b/498');
#11229= IFCPROPERTYSINGLEVALUE('IndicationMark',$,IFCIDENTIFIER('b/498'),$);
#11230= IFCPROPERTYSET('0nORk5Pw1ETQWJau9CZcnW',#5,'AISC_EM11_Pset_PieceIdentification','PieceIdentity',(#6094,#11229,#424,#700));
#11231= IFCCARTESIANPOINT((65955.2037353516,9958.54420865816,56729.9981994629));
#11232= IFCAXIS2PLACEMENT3D(#11231,#9,#4193);
#11233= IFCLOCALPLACEMENT(#5496,#11232);
#11234= IFCCARTESIANPOINT((1819.87762451956,0.,0.));
#11235= IFCAXIS2PLACEMENT3D(#11234,#4320,#740);
#11236= IFCEXTRUDEDAREASOLID(#9631,#11235,#9,1819.88);
#11237= IFCCARTESIANPOINT((1534.32696883995,-60.008803055016,-120.));
#11238= IFCAXIS2PLACEMENT3D(#11237,#9554,#9);
#11239= IFCPLANE(#11238);
#11240= IFCHALFSPACESOLID(#11239,.F.);
#11241= IFCBOOLEANCLIPPINGRESULT(.DIFFERENCE.,#11236,#11240);
#11242= IFCSHAPEREPRESENTATION(#12,'Body','Clipping',(#11241));
#11243= IFCPRODUCTDEFINITIONSHAPE($,$,(#11242));
#11244= IFCBEAM('20cY2DpKD54R5joIqMUdCO',#44,'main piece','IPE240','IPE240',#11233,#11243,'b/497(?)');
#11245= IFCLOCALPLACEMENT(#5496,#5501);
#11246= IFCCARTESIANPOINT((0.,-3.19911958807734,0.));
#11247= IFCAXIS2PLACEMENT3D(#11246,#8,#7);
#11248= IFCEXTRUDEDAREASOLID(#404,#11247,#9,6.4);
#11249= IFCSHAPEREPRESENTATION(#12,'Body','SweptSolid',(#11248));
#11250= IFCREPRESENTATIONMAP(#10,#11249);
#11251= IFCMAPPEDITEM(#11250,#86);
#11252= IFCMAPPEDITEM(#11250,#91);
#11253= IFCMAPPEDITEM(#11250,#94);
#11254= IFCSHAPEREPRESENTATION(#12,'Body','MappedRepresentation',(#11251,#11252,#11253));
#11255= IFCPRODUCTDEFINITIONSHAPE($,$,(#11254));
#11256= IFCOPENINGELEMENT('3wwvL8jqL8seGsHsafQaPE',#5,$,$,'Opening',#11245,#11255,$);
#11257= IFCRELVOIDSELEMENT('3Xr8PvaFbAGhgvaymdgabm',#5,'Drill Hole',$,#11244,#11256);
#11258= IFCPROPERTYSINGLEVALUE('IndicationMark',$,IFCIDENTIFIER('b/497(?)'),$);
#11259= IFCPROPERTYSET('3inAEh0gT0hvfS1YE0uxuP',#5,'AISC_EM11_Pset_PieceIdentification','PieceIdentity',(#6094,#11258,#424,#700));
#11260= IFCLOCALPLACEMENT(#42,#10);
#11261= IFCELEMENTASSEMBLY('2LOPu0I$v3lBjw9sFJwQTs',#9154,'BEAM',$,$,#11260,$,'B/599',.NOTDEFINED.,.RIGID_FRAME.);
#11262= IFCPROPERTYSINGLEVALUE('AssemblyMark',$,IFCIDENTIFIER('B/599'),$);
#11263= IFCPROPERTYSET('0nqEranFD12OyKTqHeA4mK',#5,'AISC_EM11_Pset_AssemblyIdentification','AssemblyIdentity',(#11262,#52,#53));
#11264= IFCCARTESIANPOINT((67140.2585724716,10031.1575594442,56729.9981994629));
#11265= IFCAXIS2PLACEMENT3D(#11264,#9,#8);
#11266= IFCLOCALPLACEMENT(#11260,#11265);
#11267= IFCCARTESIANPOINT((2736.31132420178,0.,7.27595761418343E-12));
#11268= IFCAXIS2PLACEMENT3D(#11267,#4320,#740);
#11269= IFCEXTRUDEDAREASOLID(#9631,#11268,#9,2736.31);
#11270= IFCSHAPEREPRESENTATION(#12,'Body','SweptSolid',(#11269));
#11271= IFCPRODUCTDEFINITIONSHAPE($,$,(#11270));
#11272= IFCBEAM('28d2IYpTf4sPoxAHHOjmOR',#9154,'main piece','IPE240','IPE240',#11266,#11271,'b/494');
#11273= IFCPROPERTYSINGLEVALUE('IndicationMark',$,IFCIDENTIFIER('b/494'),$);
#11274= IFCPROPERTYSET('0d6sSbhFfALwkd_bqEKzbY',#5,'AISC_EM11_Pset_PieceIdentification','PieceIdentity',(#6094,#11273,#424,#700));
#11275= IFCCARTESIANPOINT((65955.2037353516,12840.1894112949,56729.9981994629));
#11276= IFCAXIS2PLACEMENT3D(#11275,#9,#4193);
#11277= IFCLOCALPLACEMENT(#5416,#11276);
#11278= IFCCARTESIANPOINT((1842.8802490277,0.,0.));
#11279= IFCAXIS2PLACEMENT3D(#11278,#4320,#740);
#11280= IFCEXTRUDEDAREASOLID(#9631,#11279,#9,1842.88);
#11281= IFCCARTESIANPOINT((1534.32700106331,-60.0090771770156,-120.));
#11282= IFCAXIS2PLACEMENT3D(#11281,#9554,#9);
#11283= IFCPLANE(#11282);
#11284= IFCHALFSPACESOLID(#11283,.F.);
#11285= IFCBOOLEANCLIPPINGRESULT(.DIFFERENCE.,#11280,#11284);
#11286= IFCSHAPEREPRESENTATION(#12,'Body','Clipping',(#11285));
#11287= IFCPRODUCTDEFINITIONSHAPE($,$,(#11286));
#11288= IFCBEAM('3TNUD8xyn40x3EfJ2GVUKh',#44,'main piece','IPE240','IPE240',#11277,#11287,'b/496(?)');
#11289= IFCLOCALPLACEMENT(#5416,#5421);
#11290= IFCCARTESIANPOINT((0.,-3.19942030773333,0.));
#11291= IFCAXIS2PLACEMENT3D(#11290,#8,#7);
#11292= IFCEXTRUDEDAREASOLID(#404,#11291,#9,6.4);
#11293= IFCSHAPEREPRESENTATION(#12,'Body','SweptSolid',(#11292));
#11294= IFCREPRESENTATIONMAP(#10,#11293);
#11295= IFCMAPPEDITEM(#11294,#86);
#11296= IFCMAPPEDITEM(#11294,#91);
#11297= IFCMAPPEDITEM(#11294,#94);
#11298= IFCSHAPEREPRESENTATION(#12,'Body','MappedRepresentation',(#11295,#11296,#11297));
#11299= IFCPRODUCTDEFINITIONSHAPE($,$,(#11298));
#11300= IFCOPENINGELEMENT('1zHjfN8vv1f9VWxrif42QA',#5,$,$,'Opening',#11289,#11299,$);
#11301= IFCRELVOIDSELEMENT('3ASZ2ZoxHB4fnJuzCO8rPj',#5,'Drill Hole',$,#11288,#11300);
#11302= IFCPROPERTYSINGLEVALUE('IndicationMark',$,IFCIDENTIFIER('b/496(?)'),$);
#11303= IFCPROPERTYSET('3cy7q8SRbFX8H019inuQES',#5,'AISC_EM11_Pset_PieceIdentification','PieceIdentity',(#6094,#11302,#424,#700));
#11304= IFCPROPERTYSET('0wamESQTj6uOcMMiAptijj',#5,'AISC_EM11_Pset_SkewedEnd_2',$,(#702,#10287));
#11305= IFCLOCALPLACEMENT(#42,#10);
#11306= IFCELEMENTASSEMBLY('0kKlo6TtjBSBYF17GsJHza',#9154,'BEAM',$,$,#11305,$,'B/424',.NOTDEFINED.,.RIGID_FRAME.);
#11307= IFCPROPERTYSINGLEVALUE('AssemblyMark',$,IFCIDENTIFIER('B/424'),$);
#11308= IFCPROPERTYSET('07vCRMbdb9o8k00bwgFJaQ',#5,'AISC_EM11_Pset_AssemblyIdentification','AssemblyIdentity',(#11307,#52,#53));
#11309= IFCCARTESIANPOINT((47912.9902954102,11513.0428811435,56749.9981994629));
#11310= IFCAXIS2PLACEMENT3D(#11309,#9,#7);
#11311= IFCLOCALPLACEMENT(#11305,#11310);
#11312= IFCRECTANGLEHOLLOWPROFILEDEF(.AREA.,'[]200*100*4',#73,100.,200.,4.,4.,8.);
#11313= IFCCARTESIANPOINT((2874.60327148438,0.,0.));
#11314= IFCAXIS2PLACEMENT3D(#11313,#4320,#740);
#11315= IFCEXTRUDEDAREASOLID(#11312,#11314,#9,2874.6);
#11316= IFCSHAPEREPRESENTATION(#12,'Body','SweptSolid',(#11315));
#11317= IFCPRODUCTDEFINITIONSHAPE($,$,(#11316));
#11318= IFCBEAM('1CiKZbCbP1h9oymx1q6E9c',#9154,'main piece','[]200*100*4','[]200*100*4',#11311,#11317,'b/319');
#11319= IFCPROPERTYSINGLEVALUE('IndicationMark',$,IFCIDENTIFIER('b/319'),$);
#11320= IFCPROPERTYSET('0GvI_hRE53wf2VZwnkbmCr',#5,'AISC_EM11_Pset_PieceIdentification','PieceIdentity',(#6094,#11319,#424,#700));
#11321= IFCLOCALPLACEMENT(#42,#10);
#11322= IFCELEMENTASSEMBLY('2IKquE9yjBZOZHKRDXgE1b',#9154,'BEAM',$,$,#11321,$,'B/423',.NOTDEFINED.,.RIGID_FRAME.);
#11323= IFCPROPERTYSINGLEVALUE('AssemblyMark',$,IFCIDENTIFIER('B/423'),$);
#11324= IFCPROPERTYSET('0_gXR_x1XFDRO3X7VelyNR',#5,'AISC_EM11_Pset_AssemblyIdentification','AssemblyIdentity',(#11323,#52,#53));
#11325= IFCCARTESIANPOINT((47912.9902954102,13963.04078306,56749.9981994629));
#11326= IFCAXIS2PLACEMENT3D(#11325,#9,#7);
#11327= IFCLOCALPLACEMENT(#11321,#11326);
#11328= IFCCARTESIANPOINT((2870.,0.,0.));
#11329= IFCAXIS2PLACEMENT3D(#11328,#4320,#740);
#11330= IFCEXTRUDEDAREASOLID(#11312,#11329,#9,2870.);
#11331= IFCSHAPEREPRESENTATION(#12,'Body','SweptSolid',(#11330));
#11332= IFCPRODUCTDEFINITIONSHAPE($,$,(#11331));
#11333= IFCBEAM('1STLQlcAD3dxRPIgkeKG$u',#9154,'main piece','[]200*100*4','[]200*100*4',#11327,#11332,'b/318');
#11334= IFCPROPERTYSINGLEVALUE('IndicationMark',$,IFCIDENTIFIER('b/318'),$);
#11335= IFCPROPERTYSET('33d9YrKBT7HAX0MGxvNKKV',#5,'AISC_EM11_Pset_PieceIdentification','PieceIdentity',(#6094,#11334,#424,#700));
#11336= IFCLOCALPLACEMENT(#42,#10);
#11337= IFCELEMENTASSEMBLY('1iI0ren0f1UeUQlChyQFLy',#9154,'BEAM',$,$,#11336,$,'B/681',.NOTDEFINED.,.RIGID_FRAME.);
#11338= IFCPROPERTYSINGLEVALUE('AssemblyMark',$,IFCIDENTIFIER('B/681'),$);
#11339= IFCPROPERTYSET('0pMC8Cmf5D0gbgwazjTO2c',#5,'AISC_EM11_Pset_AssemblyIdentification','AssemblyIdentity',(#11338,#52,#53));
#11340= IFCCARTESIANPOINT((45150.1862640381,16569.8036691074,56714.9981994629));
#11341= IFCAXIS2PLACEMENT3D(#11340,#9,#740);
#11342= IFCLOCALPLACEMENT(#11336,#11341);
#11343= IFCCARTESIANPOINT((7551.40113830566,0.,0.));
#11344= IFCAXIS2PLACEMENT3D(#11343,#4320,#740);
#11345= IFCEXTRUDEDAREASOLID(#9162,#11344,#9,7551.4);
#11346= IFCSHAPEREPRESENTATION(#12,'Body','SweptSolid',(#11345));
#11347= IFCPRODUCTDEFINITIONSHAPE($,$,(#11346));
#11348= IFCBEAM('1OA7aHxLrB08KhmO4ZVzl0',#9154,'main piece','IPE270','IPE270',#11342,#11347,'b/576');
#11349= IFCPROPERTYSINGLEVALUE('IndicationMark',$,IFCIDENTIFIER('b/576'),$);
#11350= IFCPROPERTYSET('2FZWnwu2z9yA8zK6Tf9k_f',#5,'AISC_EM11_Pset_PieceIdentification','PieceIdentity',(#6094,#11349,#424,#700));
#11351= IFCLOCALPLACEMENT(#42,#10);
#11352= IFCELEMENTASSEMBLY('32L$59gGDA1xWWAPfaCJqp',#9154,'BEAM',$,$,#11351,$,'B/726',.NOTDEFINED.,.RIGID_FRAME.);
#11353= IFCPROPERTYSINGLEVALUE('AssemblyMark',$,IFCIDENTIFIER('B/726'),$);
#11354= IFCPROPERTYSET('0EBPXQRLbFcepMsa2ZvCdK',#5,'AISC_EM11_Pset_AssemblyIdentification','AssemblyIdentity',(#11353,#52,#53));
#11355= IFCCARTESIANPOINT((40375.0855560303,16747.880413187,56714.9981994629));
#11356= IFCDIRECTION((-1.03029999998697E-05,-0.999999999946924,0.));
#11357= IFCAXIS2PLACEMENT3D(#11355,#9,#11356);
#11358= IFCLOCALPLACEMENT(#11351,#11357);
#11359= IFCCARTESIANPOINT((8330.53629713022,-1.41124774239343E-17,-7.27595761418343E-12));
#11360= IFCAXIS2PLACEMENT3D(#11359,#4320,#740);
#11361= IFCEXTRUDEDAREASOLID(#9162,#11360,#9,8330.54);
#11362= IFCSHAPEREPRESENTATION(#12,'Body','SweptSolid',(#11361));
#11363= IFCPRODUCTDEFINITIONSHAPE($,$,(#11362));
#11364= IFCBEAM('2FosiEmOzBdxP62$CDy0Hk',#9154,'main piece','IPE270','IPE270',#11358,#11363,'b/621');
#11365= IFCPROPERTYSINGLEVALUE('IndicationMark',$,IFCIDENTIFIER('b/621'),$);
#11366= IFCPROPERTYSET('03o8rOdhr0Aholo88QM0VF',#5,'AISC_EM11_Pset_PieceIdentification','PieceIdentity',(#6094,#11365,#424,#700));
#11367= IFCLOCALPLACEMENT(#42,#10);
#11368= IFCELEMENTASSEMBLY('2CPLfSuXn4D9ReccdgGJfr',#9154,'BEAM',$,$,#11367,$,'B/725',.NOTDEFINED.,.RIGID_FRAME.);
#11369= IFCPROPERTYSINGLEVALUE('AssemblyMark',$,IFCIDENTIFIER('B/725'),$);
#11370= IFCPROPERTYSET('2J0CHHhhH4JABGJOnJxmky',#5,'AISC_EM11_Pset_AssemblyIdentification','AssemblyIdentity',(#11369,#52,#53));
#11371= IFCCARTESIANPOINT((38249.9997253418,8299.91819789493,56714.9981994629));
#11372= IFCDIRECTION((1.00199999995853E-05,0.9999999999498,0.));
#11373= IFCAXIS2PLACEMENT3D(#11371,#9,#11372);
#11374= IFCLOCALPLACEMENT(#11367,#11373);
#11375= IFCCARTESIANPOINT((8565.536907482,0.,0.));
#11376= IFCAXIS2PLACEMENT3D(#11375,#4320,#740);
#11377= IFCEXTRUDEDAREASOLID(#9162,#11376,#9,8565.54);
#11378= IFCSHAPEREPRESENTATION(#12,'Body','SweptSolid',(#11377));
#11379= IFCPRODUCTDEFINITIONSHAPE($,$,(#11378));
#11380= IFCBEAM('0507xm2vHCvf0yJRcZwpzh',#9154,'main piece','IPE270','IPE270',#11374,#11379,'b/620');
#11381= IFCPROPERTYSINGLEVALUE('IndicationMark',$,IFCIDENTIFIER('b/620'),$);
#11382= IFCPROPERTYSET('1qUw4E5qTDJ9T_o5$bUF8r',#5,'AISC_EM11_Pset_PieceIdentification','PieceIdentity',(#6094,#11381,#424,#700));
#11383= IFCLOCALPLACEMENT(#42,#10);
#11384= IFCELEMENTASSEMBLY('3GyfkhXsTABg2H7E79whqC',#9154,'BEAM',$,$,#11383,$,'B/724',.NOTDEFINED.,.RIGID_FRAME.);
#11385= IFCPROPERTYSINGLEVALUE('AssemblyMark',$,IFCIDENTIFIER('B/724'),$);
#11386= IFCPROPERTYSET('2JcMAhRxL3l9NdpgTIpUxT',#5,'AISC_EM11_Pset_AssemblyIdentification','AssemblyIdentity',(#11385,#52,#53));
#11387= IFCCARTESIANPOINT((36124.9997253418,8182.54187038028,56714.9981994629));
#11388= IFCAXIS2PLACEMENT3D(#11387,#9,#11372);
#11389= IFCLOCALPLACEMENT(#11383,#11388);
#11390= IFCCARTESIANPOINT((8800.53751783931,0.,0.));
#11391= IFCAXIS2PLACEMENT3D(#11390,#4320,#740);
#11392= IFCEXTRUDEDAREASOLID(#9162,#11391,#9,8800.54);
#11393= IFCSHAPEREPRESENTATION(#12,'Body','SweptSolid',(#11392));
#11394= IFCPRODUCTDEFINITIONSHAPE($,$,(#11393));
#11395= IFCBEAM('3RlFCkqnTB28GZyHnWNFBr',#9154,'main piece','IPE270','IPE270',#11389,#11394,'b/619');
#11396= IFCPROPERTYSINGLEVALUE('IndicationMark',$,IFCIDENTIFIER('b/619'),$);
#11397= IFCPROPERTYSET('0XlLTYL0zFHBEEYqiUrmw4',#5,'AISC_EM11_Pset_PieceIdentification','PieceIdentity',(#6094,#11396,#424,#700));
#11398= IFCLOCALPLACEMENT(#42,#10);
#11399= IFCELEMENTASSEMBLY('0LJgVZNPj7hBPH4chDhdh6',#9154,'BEAM',$,$,#11398,$,'B/599',.NOTDEFINED.,.RIGID_FRAME.);
#11400= IFCCARTESIANPOINT((34860.2578277588,10031.213237894,56729.9981994629));
#11401= IFCAXIS2PLACEMENT3D(#11400,#9,#4019);
#11402= IFCLOCALPLACEMENT(#11398,#11401);
#11403= IFCCARTESIANPOINT((2736.28652866782,5.79431210727435E-19,-7.27595761418343E-12));
#11404= IFCAXIS2PLACEMENT3D(#11403,#4320,#740);
#11405= IFCEXTRUDEDAREASOLID(#9631,#11404,#9,2736.29);
#11406= IFCSHAPEREPRESENTATION(#12,'Body','SweptSolid',(#11405));
#11407= IFCPRODUCTDEFINITIONSHAPE($,$,(#11406));
#11408= IFCBEAM('2EEjFpIuT72whkSy14dD3B',#9154,'main piece','IPE240','IPE240',#11402,#11407,'b/494');
#11409= IFCCARTESIANPOINT((34212.9857177734,9958.49271024507,56729.9981994629));
#11410= IFCAXIS2PLACEMENT3D(#11409,#9,#7);
#11411= IFCLOCALPLACEMENT(#5861,#11410);
#11412= IFCCARTESIANPOINT((1815.79971313548,-1.92255272830083E-19,-7.27595761418343E-12));
#11413= IFCAXIS2PLACEMENT3D(#11412,#4320,#740);
#11414= IFCEXTRUDEDAREASOLID(#9631,#11413,#9,1815.8);
#11415= IFCCARTESIANPOINT((297.483515208056,60.0093375163324,-120.000000000007));
#11416= IFCAXIS2PLACEMENT3D(#11415,#9385,#9);
#11417= IFCPLANE(#11416);
#11418= IFCHALFSPACESOLID(#11417,.F.);
#11419= IFCBOOLEANCLIPPINGRESULT(.DIFFERENCE.,#11414,#11418);
#11420= IFCSHAPEREPRESENTATION(#12,'Body','Clipping',(#11419));
#11421= IFCPRODUCTDEFINITIONSHAPE($,$,(#11420));
#11422= IFCBEAM('3zQrG9UoX2OOc9lp9xgpfh',#44,'main piece','IPE240','IPE240',#11411,#11421,'b/493(?)');
#11423= IFCLOCALPLACEMENT(#5861,#5866);
#11424= IFCCARTESIANPOINT((0.,-3.19970590833036,0.));
#11425= IFCAXIS2PLACEMENT3D(#11424,#8,#7);
#11426= IFCEXTRUDEDAREASOLID(#404,#11425,#9,6.4);
#11427= IFCSHAPEREPRESENTATION(#12,'Body','SweptSolid',(#11426));
#11428= IFCREPRESENTATIONMAP(#10,#11427);
#11429= IFCMAPPEDITEM(#11428,#86);
#11430= IFCMAPPEDITEM(#11428,#91);
#11431= IFCMAPPEDITEM(#11428,#94);
#11432= IFCSHAPEREPRESENTATION(#12,'Body','MappedRepresentation',(#11429,#11430,#11431));
#11433= IFCPRODUCTDEFINITIONSHAPE($,$,(#11432));
#11434= IFCOPENINGELEMENT('3lv$ySyVL4XvWHaNw_9M53',#5,$,$,'Opening',#11423,#11433,$);
#11435= IFCRELVOIDSELEMENT('0PZlTFNJX4Yhsdwbm8Ruiv',#5,'Drill Hole',$,#11422,#11434);
#11436= IFCPROPERTYSINGLEVALUE('IndicationMark',$,IFCIDENTIFIER('b/493(?)'),$);
#11437= IFCPROPERTYSET('3A5RfCW5rC$f6D0ZSlxtoz',#5,'AISC_EM11_Pset_PieceIdentification','PieceIdentity',(#6094,#11436,#424,#700));
#11438= IFCPROPERTYSINGLEVALUE('SkewedAngleX',$,IFCREAL(-0.00105),$);
#11439= IFCPROPERTYSET('2Jl_IBvqTA4ADGPAousGmr',#5,'AISC_EM11_Pset_SkewedEnd',$,(#702,#11438));
#11440= IFCLOCALPLACEMENT(#42,#10);
#11441= IFCELEMENTASSEMBLY('2Z64DwLj5EFA9$qjkDb_Sp',#9154,'BEAM',$,$,#11440,$,'B/598',.NOTDEFINED.,.RIGID_FRAME.);
#11442= IFCPROPERTYSINGLEVALUE('AssemblyMark',$,IFCIDENTIFIER('B/598'),$);
#11443= IFCPROPERTYSET('3RnTrzbpr6jRVivTDix41t',#5,'AISC_EM11_Pset_AssemblyIdentification','AssemblyIdentity',(#11442,#52,#53));
#11444= IFCCARTESIANPOINT((34213.0429382324,12843.2326103571,56729.9981994629));
#11445= IFCDIRECTION((0.999998542582782,-0.0017072879992875,0.));
#11446= IFCAXIS2PLACEMENT3D(#11444,#9,#11445);
#11447= IFCLOCALPLACEMENT(#11440,#11446);
#11448= IFCCARTESIANPOINT((1815.74513897133,3.93726964870543E-16,-7.27595761418343E-12));
#11449= IFCAXIS2PLACEMENT3D(#11448,#4320,#740);
#11450= IFCEXTRUDEDAREASOLID(#9631,#11449,#9,1815.75);
#11451= IFCSHAPEREPRESENTATION(#12,'Body','SweptSolid',(#11450));
#11452= IFCPRODUCTDEFINITIONSHAPE($,$,(#11451));
#11453= IFCBEAM('3NGRx28g10WvtOXudjDiQZ',#9154,'main piece','IPE240','IPE240',#11447,#11452,'b/493');
#11454= IFCPROPERTYSINGLEVALUE('IndicationMark',$,IFCIDENTIFIER('b/493'),$);
#11455= IFCPROPERTYSET('23amy66v1AvfArFVG3h_MK',#5,'AISC_EM11_Pset_PieceIdentification','PieceIdentity',(#6094,#11454,#424,#700));
#11456= IFCLOCALPLACEMENT(#42,#10);
#11457= IFCELEMENTASSEMBLY('0hroimHazEdvc5l6g6mv2f',#9154,'BEAM',$,$,#11456,$,'B/190',.NOTDEFINED.,.RIGID_FRAME.);
#11458= IFCPROPERTYSINGLEVALUE('AssemblyMark',$,IFCIDENTIFIER('B/190'),$);
#11459= IFCPROPERTYSET('1LxdPxehHDz92Wf3foSWgO',#5,'AISC_EM11_Pset_AssemblyIdentification','AssemblyIdentity',(#11458,#52,#53));
#11460= IFCCARTESIANPOINT((25912.755517229,10560.2281906358,56749.9981994629));
#11461= IFCAXIS2PLACEMENT3D(#11460,#9,#7);
#11462= IFCLOCALPLACEMENT(#11456,#11461);
#11463= IFCCARTESIANPOINT((3300.19760131836,0.,0.));
#11464= IFCAXIS2PLACEMENT3D(#11463,#4320,#740);
#11465= IFCEXTRUDEDAREASOLID(#11312,#11464,#9,3300.2);
#11466= IFCSHAPEREPRESENTATION(#12,'Body','SweptSolid',(#11465));
#11467= IFCPRODUCTDEFINITIONSHAPE($,$,(#11466));
#11468= IFCBEAM('3yZFMSkDHEafwaJcGbRPGp',#9154,'main piece','[]200*100*4','[]200*100*4',#11462,#11467,'b/62');
#11469= IFCPROPERTYSINGLEVALUE('IndicationMark',$,IFCIDENTIFIER('b/62'),$);
#11470= IFCPROPERTYSET('0oF5ZpA2zEXufv0RiKoqAl',#5,'AISC_EM11_Pset_PieceIdentification','PieceIdentity',(#6094,#11469,#424,#700));
#11471= IFCLOCALPLACEMENT(#42,#10);
#11472= IFCELEMENTASSEMBLY('3dky1PnL1F38Fr_atqKjl6',#9154,'BEAM',$,$,#11471,$,'B/190',.NOTDEFINED.,.RIGID_FRAME.);
#11473= IFCCARTESIANPOINT((25900.0508422852,12750.1196404819,56749.9981994629));
#11474= IFCAXIS2PLACEMENT3D(#11473,#9,#7);
#11475= IFCLOCALPLACEMENT(#11471,#11474);
#11476= IFCSHAPEREPRESENTATION(#12,'Body','SweptSolid',(#11465));
#11477= IFCPRODUCTDEFINITIONSHAPE($,$,(#11476));
#11478= IFCBEAM('1mOTpud$fBvPJxxr8jHiON',#9154,'main piece','[]200*100*4','[]200*100*4',#11475,#11477,'b/62');
#11479= IFCLOCALPLACEMENT(#42,#10);
#11480= IFCELEMENTASSEMBLY('2cUXR9uQDA4BzI$Z4a9hal',#9154,'BEAM',$,$,#11479,$,'B/190',.NOTDEFINED.,.RIGID_FRAME.);
#11481= IFCCARTESIANPOINT((25912.7478878345,14944.2368881456,56749.9981994629));
#11482= IFCAXIS2PLACEMENT3D(#11481,#9,#7);
#11483= IFCLOCALPLACEMENT(#11479,#11482);
#11484= IFCSHAPEREPRESENTATION(#12,'Body','SweptSolid',(#11465));
#11485= IFCPRODUCTDEFINITIONSHAPE($,$,(#11484));
#11486= IFCBEAM('2MnnUKMxnFYR7Fks4oll5y',#9154,'main piece','[]200*100*4','[]200*100*4',#11483,#11485,'b/62');
#11487= IFCOWNERHISTORY(#3,#4,$,.NOCHANGE.,$,$,$,1762480800);
#11488= IFCRELAGGREGATES('2bV5U8ltDCshZv98m_u1fj',#5,$,$,#37,(#39));
#11489= IFCRELAGGREGATES('2tnNmQ19VU8zrBRQ2GAJx$',#5,$,$,#39,(#41));
#11490= IFCRELAGGREGATES('1piFHx5j57Y9V2swF5Y2$n',#5,$,$,#41,(#43));
#11491= IFCRELAGGREGATES('2piyvbsL5AIAu2h5XY5Txb',#5,$,$,#46,(#9243,#2861,#106));
#11492= IFCRELAGGREGATES('08ClNyzFH1rgNpvrsdKmLp',#5,$,$,#124,(#698,#687,#678,#402,#385,#328,#304));
#11493= IFCRELAGGREGATES('1CB$LEffDEG90g8f_9CKYj',#5,$,$,#707,(#10544,#4528,#716));
#11494= IFCRELAGGREGATES('2s$1pktTf5W8ViUD_$NRaV',#5,$,$,#718,(#825,#818,#812,#799,#791,#736,#727));
#11495= IFCRELAGGREGATES('392A_4fdr7jAfi9uGjkCMd',#5,$,$,#827,(#10587,#4593,#836));
#11496= IFCRELAGGREGATES('1I0OJ1xdb8UAqqdHYLd75_',#5,$,$,#838,(#920,#914,#908,#897,#889,#854,#845));
#11497= IFCRELAGGREGATES('3$cWBTLFX66xox2GAJCpAI',#5,$,$,#922,(#10620,#4658,#931));
#11498= IFCRELAGGREGATES('3CPnGZ1P96l9EYsN2V3Qew',#5,$,$,#933,(#1015,#1009,#1003,#992,#984,#949,#940));
#11499= IFCRELAGGREGATES('3EkIGdZsb2KRxzcc7Ipoeu',#5,$,$,#1017,(#10651,#4723,#1026));
#11500= IFCRELAGGREGATES('2Mnn0cwobDPhqh2JkApF$G',#5,$,$,#1028,(#1084,#1078,#1072,#1061,#1053,#1044,#1035));
#11501= IFCRELAGGREGATES('09WZK0l1vEK8dYzqhCJIDW',#5,$,$,#1086,(#10682,#4788,#1095));
#11502= IFCRELAGGREGATES('2fpL6nG0j67x1A5oHlurLr',#5,$,$,#1097,(#1153,#1147,#1141,#1130,#1122,#1113,#1104));
#11503= IFCRELAGGREGATES('2ifGiUazj9WR2Pwso_Q9PX',#5,$,$,#1155,(#9192,#3308,#1176));
#11504= IFCRELAGGREGATES('24Fn7nzR59NPKlF30BhFnY',#5,$,$,#1178,(#1451,#1444,#1438,#1426,#1417,#1363,#1354));
#11505= IFCRELAGGREGATES('1nRQ38p$jEYASIvj9x9hmD',#5,$,$,#1453,(#10714,#4853,#1473));
#11506= IFCRELAGGREGATES('0R_C1glUvAtAgj9bnLSf3U',#5,$,$,#1475,(#1535,#1528,#1522,#1510,#1502,#1493,#1484));
#11507= IFCRELAGGREGATES('054QTa3BrCcxHINh2_v85i',#5,$,$,#1537,(#10799,#4918,#1568));
#11508= IFCRELAGGREGATES('2j4bEx38HCo8VmAlLfR36k',#5,$,$,#1570,(#1843,#1836,#1830,#1818,#1809,#1755,#1746));
#11509= IFCRELAGGREGATES('0C7FFj32f4_vUoO7yt92fK',#5,$,$,#1845,(#10837,#4983,#1854));
#11510= IFCRELAGGREGATES('1ASI3jHR90Vu8w$E6KJiFz',#5,$,$,#1856,(#1912,#1906,#1900,#1889,#1881,#1872,#1863));
#11511= IFCRELAGGREGATES('1ReiL2EWj51grh4YR9JBnN',#5,$,$,#1914,(#10868,#5048,#1923));
#11512= IFCRELAGGREGATES('0UiXoFXVD1bOp26DcNzKmI',#5,$,$,#1925,(#1981,#1975,#1969,#1958,#1950,#1941,#1932));
#11513= IFCRELAGGREGATES('0_AaWxe7D2aAPFkSWP8jxc',#5,$,$,#1983,(#9442,#2003));
#11514= IFCRELAGGREGATES('2mn7RK35XF6PQnIrZ2E8ek',#5,$,$,#2005,(#2276,#2270,#2264,#2252,#2244,#2190,#2181));
#11515= IFCRELAGGREGATES('3FxPhmBc95UxsE9FkbCzU$',#5,$,$,#2278,(#9471,#2296));
#11516= IFCRELAGGREGATES('3oL8RCt6P7vuAu1noG6gUJ',#5,$,$,#2298,(#2354,#2348,#2342,#2331,#2323,#2314,#2305));
#11517= IFCRELAGGREGATES('2syk5DZun1fv486zbEdmm0',#5,$,$,#2356,(#9530,#2383));
#11518= IFCRELAGGREGATES('39JRI73qP9BBgITwd$SI7W',#5,$,$,#2385,(#2613,#2606,#2600,#2588,#2579,#2570,#2561));
#11519= IFCRELAGGREGATES('0K910Ma3D8RQ3NleBw1efC',#5,$,$,#2615,(#9749,#2641));
#11520= IFCRELAGGREGATES('1UzjvGvbH56QNGMmfDMk8g',#5,$,$,#2643,(#2699,#2693,#2687,#2676,#2668,#2659,#2650));
#11521= IFCRELAGGREGATES('0MGHe1$x5D1fQ9hKDm9gsV',#5,$,$,#2701,(#9778,#2710));
#11522= IFCRELAGGREGATES('1Jz9oDC5L3IeqyD9jvyuyU',#5,$,$,#2712,(#2768,#2762,#2756,#2745,#2737,#2728,#2719));
#11523= IFCRELAGGREGATES('3Jk_7bUpn2$O0H4oNYoUgt',#5,$,$,#2770,(#9814,#2796));
#11524= IFCRELAGGREGATES('1iJS6GmVH9RPbEhs5s$a$3',#5,$,$,#2798,(#2854,#2848,#2842,#2831,#2823,#2814,#2805));
#11525= IFCRELAGGREGATES('2Kd7rWT6HEXwy6tsM71DII',#5,$,$,#2863,(#2923,#2916,#2910,#2898,#2890,#2881,#2872));
#11526= IFCRELAGGREGATES('1RuPLdoF1EFB$jonVbQi4R',#5,$,$,#2925,(#9836,#2946));
#11527= IFCRELAGGREGATES('2FX$PhEIT5FvpKgaSb8b0G',#5,$,$,#2948,(#3221,#3214,#3208,#3196,#3187,#3133,#3124));
#11528= IFCRELAGGREGATES('2drXA7CHf9u9ztXbLPC3DT',#5,$,$,#3223,(#9867,#3232));
#11529= IFCRELAGGREGATES('0flpsmK954Gxq$MEguEIP1',#5,$,$,#3234,(#3290,#3284,#3278,#3267,#3259,#3250,#3241));
#11530= IFCRELAGGREGATES('0G7tpqrZD5Gw71LKHGdywn',#5,$,$,#3310,(#3370,#3363,#3357,#3345,#3337,#3328,#3319));
#11531= IFCRELAGGREGATES('2RC8wuwLz2r9aNhFzEK82n',#5,$,$,#3372,(#9889,#3393));
#11532= IFCRELAGGREGATES('1CEQ4b3PnBKO8f8R6AqhtE',#5,$,$,#3395,(#3668,#3661,#3655,#3643,#3634,#3580,#3571));
#11533= IFCRELAGGREGATES('2pvJPFucf33OmuyAxUFxSb',#5,$,$,#3670,(#9919,#3679));
#11534= IFCRELAGGREGATES('3pRJcoq1f0nvE_auY$ageK',#5,$,$,#3681,(#3782,#3776,#3770,#3759,#3751,#3697,#3688));
#11535= IFCRELAGGREGATES('3_r_c3_bbDz8GCFNnmYAP9',#5,$,$,#3784,(#9982,#3793));
#11536= IFCRELAGGREGATES('2IdCu_CujAG8MZgqs5Pk8x',#5,$,$,#3795,(#3851,#3845,#3839,#3828,#3820,#3811,#3802));
#11537= IFCRELAGGREGATES('2tfNHusfvCJBsBhQwKfVga',#5,$,$,#3853,(#10003,#3860));
#11538= IFCRELAGGREGATES('04uRu0tNjDWOj0RaZYj6dr',#5,$,$,#3862,(#3918,#3912,#3906,#3895,#3887,#3878,#3869));
#11539= IFCRELAGGREGATES('1OK4xos_5C$PqwghsKODGy',#5,$,$,#3920,(#10098,#3929));
#11540= IFCRELAGGREGATES('0Z8gV4Co5E9hdK$eMJe1X$',#5,$,$,#3931,(#4013,#4007,#4001,#3990,#3982,#3947,#3938));
#11541= IFCRELAGGREGATES('09_DLQW2PCTBx$pQiZpeFo',#5,$,$,#4015,(#11067,#4036));
#11542= IFCRELAGGREGATES('2Yggh9QAT3g9d8iViM8yNd',#5,$,$,#4038,(#4198,#4191,#4185,#4173,#4164,#4155,#4146));
#11543= IFCRELAGGREGATES('2UqaC52Kf17hSk1J4f_I_d',#5,$,$,#4200,(#11095,#4207));
#11544= IFCRELAGGREGATES('2gZ7Zi8tXFEAFfz0afC42d',#5,$,$,#4209,(#4265,#4259,#4253,#4242,#4234,#4225,#4216));
#11545= IFCRELAGGREGATES('3nt4SWuAH7pOj08GozybFX',#5,$,$,#4267,(#9393,#4287));
#11546= IFCRELAGGREGATES('0uiYr5cPnFpupUySOnZPEg',#5,$,$,#4289,(#4350,#4344,#4338,#4325,#4316,#4307,#4298));
#11547= IFCRELAGGREGATES('0hs3RoDUz6lhUE$MvwPZRo',#5,$,$,#4352,(#10273,#4370));
#11548= IFCRELAGGREGATES('09g59DmlX4tg7vN4WSRmUN',#5,$,$,#4372,(#4428,#4422,#4416,#4405,#4397,#4388,#4379));
#11549= IFCRELAGGREGATES('1OEHxrYon5UuJNtkmCYFLr',#5,$,$,#4430,(#10942,#4448));
#11550= IFCRELAGGREGATES('0ajwzC$9TC2OAISsmIL83W',#5,$,$,#4450,(#4510,#4504,#4498,#4485,#4477,#4468,#4459));
#11551= IFCRELAGGREGATES('0_YemQxvf1uet17l7PcHCI',#5,$,$,#4530,(#4586,#4580,#4574,#4563,#4555,#4546,#4537));
#11552= IFCRELAGGREGATES('1IlTmz6sn79wtFGojm9Z$s',#5,$,$,#4595,(#4651,#4645,#4639,#4628,#4620,#4611,#4602));
#11553= IFCRELAGGREGATES('1RIoIiixP1CggnI0A_K3CZ',#5,$,$,#4660,(#4716,#4710,#4704,#4693,#4685,#4676,#4667));
#11554= IFCRELAGGREGATES('3Do$HiMNrESu_RegMbmj8T',#5,$,$,#4725,(#4781,#4775,#4769,#4758,#4750,#4741,#4732));
#11555= IFCRELAGGREGATES('0YCZgJmSv61w7E4CYeYuR2',#5,$,$,#4790,(#4846,#4840,#4834,#4823,#4815,#4806,#4797));
#11556= IFCRELAGGREGATES('08s7obqDrCUuArsjTFk8wB',#5,$,$,#4855,(#4911,#4905,#4899,#4888,#4880,#4871,#4862));
#11557= IFCRELAGGREGATES('3v5AfCsaDFEONmh9JLDN1$',#5,$,$,#4920,(#4976,#4970,#4964,#4953,#4945,#4936,#4927));
#11558= IFCRELAGGREGATES('2Q2orxQITCqPcEwCaYD7$n',#5,$,$,#4985,(#5041,#5035,#5029,#5018,#5010,#5001,#4992));
#11559= IFCRELAGGREGATES('17pH_etb1BrxhiXi5kQncb',#5,$,$,#5050,(#5106,#5100,#5094,#5083,#5075,#5066,#5057));
#11560= IFCRELAGGREGATES('3lyawtwuj3Ve24GJxR8dTR',#5,$,$,#5108,(#9711,#5128));
#11561= IFCRELAGGREGATES('3vaKIRZl13JPnWY0ULnhc$',#5,$,$,#5130,(#5186,#5180,#5174,#5163,#5155,#5146,#5137));
#11562= IFCRELAGGREGATES('25xakWKY98NxXSAO8qWXsb',#5,$,$,#5188,(#9680,#5208));
#11563= IFCRELAGGREGATES('1VJrOfajn42RWnptw1siLW',#5,$,$,#5210,(#5266,#5260,#5254,#5243,#5235,#5226,#5217));
#11564= IFCRELAGGREGATES('3hJ$mhQj9EU92Zjy0ob6z3',#5,$,$,#5268,(#9593,#5288));
#11565= IFCRELAGGREGATES('1zbNyiFqzEIuOWxaMUqz$R',#5,$,$,#5290,(#5346,#5340,#5334,#5323,#5315,#5306,#5297));
#11566= IFCRELAGGREGATES('0gEYCXbCP8mQjXHB_MjPw5',#5,$,$,#5348,(#9562,#5357));
#11567= IFCRELAGGREGATES('0dj8xnTpLDBg1KTLf9cAh7',#5,$,$,#5359,(#5415,#5409,#5403,#5392,#5384,#5375,#5366));
#11568= IFCRELAGGREGATES('2g77fVWmT0IPdNE_H08Nls',#5,$,$,#5417,(#11288,#5437));
#11569= IFCRELAGGREGATES('15LYy1q8X7OxcHhocoxhDk',#5,$,$,#5439,(#5495,#5489,#5483,#5472,#5464,#5455,#5446));
#11570= IFCRELAGGREGATES('0TBywFRkLFivvMXH63iuhN',#5,$,$,#5497,(#11244,#5517));
#11571= IFCRELAGGREGATES('2fov0Tt1r4IRJpwAeKpr2R',#5,$,$,#5519,(#5575,#5569,#5563,#5552,#5544,#5535,#5526));
#11572= IFCRELAGGREGATES('2MDKF8UmD2zeWSSy49my1D',#5,$,$,#5577,(#10333,#5597));
#11573= IFCRELAGGREGATES('11PocMztvEIRFWND8fm3j4',#5,$,$,#5599,(#5655,#5649,#5643,#5632,#5624,#5615,#5606));
#11574= IFCRELAGGREGATES('2icwZfJpHEZOurfB9SirXC',#5,$,$,#5657,(#10311,#5666));
#11575= IFCRELAGGREGATES('3I983aop567QMs5k5dneni',#5,$,$,#5668,(#5724,#5718,#5712,#5701,#5693,#5684,#5675));
#11576= IFCRELAGGREGATES('3o8N9kTsrFhugWDv8tqb6S',#5,$,$,#5726,(#10079,#5733));
#11577= IFCRELAGGREGATES('37RKP0ESX7fR_ITQKKbmnc',#5,$,$,#5735,(#5791,#5785,#5779,#5768,#5760,#5751,#5742));
#11578= IFCRELAGGREGATES('2bkAxEzDT1IRTny5UI$iwC',#5,$,$,#5793,(#10056,#5802));
#11579= IFCRELAGGREGATES('1K$FW5Prv2JOTvm0RfCTuS',#5,$,$,#5804,(#5860,#5854,#5848,#5837,#5829,#5820,#5811));
#11580= IFCRELAGGREGATES('1XioXJzSrF5OITqdn$oUsS',#5,$,$,#5862,(#11422,#5882));
#11581= IFCRELAGGREGATES('297s3CALj66QJc1ag2XRpr',#5,$,$,#5884,(#5940,#5934,#5928,#5917,#5909,#5900,#5891));
#11582= IFCRELAGGREGATES('2SeAjvfub0teMcViLhw95q',#5,$,$,#5942,(#10223,#5951));
#11583= IFCRELAGGREGATES('1HZqV9fnT6DAuzPu47viW0',#5,$,$,#5953,(#6009,#6003,#5997,#5986,#5978,#5969,#5960));
#11584= IFCRELAGGREGATES('2qRHdvdPf1SwXtzC2mERWl',#5,$,$,#6011,(#10252,#6020));
#11585= IFCRELAGGREGATES('2l8t6XdE5FafcYSq0qyLLq',#5,$,$,#6022,(#6078,#6072,#6066,#6055,#6047,#6038,#6029));
#11586= IFCRELAGGREGATES('2TCnThADL7PwCxMidx55Gj',#5,$,$,#6080,(#6093));
#11587= IFCRELAGGREGATES('0uuXuybGD2tODFhqfGC8nO',#5,$,$,#6102,(#6113));
#11588= IFCRELAGGREGATES('0nQN$FOR92sREjI2bLWl$X',#5,$,$,#6117,(#6128));
#11589= IFCRELAGGREGATES('1Wj18OqXz2lBSo_A7KEFMa',#5,$,$,#6132,(#6144));
#11590= IFCRELAGGREGATES('1g$cMr9jHA_wmCYk2KCPVp',#5,$,$,#6148,(#6157));
#11591= IFCRELAGGREGATES('0nGZUyYtL1HRlozieP4Iwt',#5,$,$,#6159,(#6168));
#11592= IFCRELAGGREGATES('3Flx8PK1jFQgKpHI2YFRCf',#5,$,$,#6170,(#6181));
#11593= IFCRELAGGREGATES('2qCK1qqEH72usaHhH3Mq7U',#5,$,$,#6185,(#6194));
#11594= IFCRELAGGREGATES('2dkPberzrDUg8cWFTv1lWb',#5,$,$,#6196,(#6208));
#11595= IFCRELAGGREGATES('1k5jLz9t5CH8mpz5Zj1jw_',#5,$,$,#6212,(#6221));
#11596= IFCRELAGGREGATES('2wl8UTIMbFfxRYJ6kNDlhp',#5,$,$,#6223,(#6235));
#11597= IFCRELAGGREGATES('1ZmsNsctPAH86BI3Jt34Ea',#5,$,$,#6239,(#6248));
#11598= IFCRELAGGREGATES('23CwVOlWn9xBcjeA_7yfJq',#5,$,$,#6250,(#6262));
#11599= IFCRELAGGREGATES('0lOz9CJ$XFU8jPPwVMt87U',#5,$,$,#6266,(#6275));
#11600= IFCRELAGGREGATES('1REbOy_qPE8RsRpOifUpbv',#5,$,$,#6277,(#6289));
#11601= IFCRELAGGREGATES('0rsWy6J0P2_wnw2RxSUFc0',#5,$,$,#6293,(#6299));
#11602= IFCRELAGGREGATES('2IBC9HUA13UvrM51QeR9f7',#5,$,$,#6301,(#6307));
#11603= IFCRELAGGREGATES('3XD9vUEej9YRuAiw0ouIFA',#5,$,$,#6309,(#6315));
#11604= IFCRELAGGREGATES('0ZqGa0PUT5Rw0kxfqA1VpF',#5,$,$,#6317,(#6328));
#11605= IFCRELAGGREGATES('2yj8CWAdv5nQioVRHIb7ad',#5,$,$,#6332,(#6342));
#11606= IFCRELAGGREGATES('3s2RiXAyb6YA0MR01kyFff',#5,$,$,#6346,(#6352));
#11607= IFCRELAGGREGATES('2oiFAwP710IRmcn5o5_4ag',#5,$,$,#6354,(#6364));
#11608= IFCRELAGGREGATES('1tSC2KCxTA1R5xRUBvlwzX',#5,$,$,#6368,(#6375));
#11609= IFCRELAGGREGATES('0jqhqysYH2DAh0IkOc$4My',#5,$,$,#6377,(#6383));
#11610= IFCRELAGGREGATES('2X_ZPsu$b7UA5U3CaGaRwD',#5,$,$,#6385,(#6396));
#11611= IFCRELAGGREGATES('1RN9Ru8DP3Ev63etyRrzwk',#5,$,$,#6400,(#6406));
#11612= IFCRELAGGREGATES('1OAZDsuRjBOxN3le9VvFbU',#5,$,$,#6408,(#6420));
#11613= IFCRELAGGREGATES('3hctd0rVz7qef_VX5P7aAS',#5,$,$,#6429,(#6441));
#11614= IFCRELAGGREGATES('3kHWq5fHH8zBh6PsTHRVx8',#5,$,$,#6445,(#6451));
#11615= IFCRELAGGREGATES('2AWHI7hKXBwwRoByNu5wVa',#5,$,$,#6453,(#6459));
#11616= IFCRELAGGREGATES('3KFUyE0PP3rgJdkaviFhWj',#5,$,$,#6461,(#6467));
#11617= IFCRELAGGREGATES('23XqOcA8H2JPZF8cOQZbyv',#5,$,$,#6469,(#6475));
#11618= IFCRELAGGREGATES('2KVSurK9L0pPmhfBe1BKaS',#5,$,$,#6477,(#6483));
#11619= IFCRELAGGREGATES('3VthwLPwvDr8YE7f7BV0Cp',#5,$,$,#6485,(#6491));
#11620= IFCRELAGGREGATES('2IXZF$fWP4cPe2qG3MsdOC',#5,$,$,#6493,(#6499));
#11621= IFCRELAGGREGATES('0VTKTFy3n2ew8u8ArV3921',#5,$,$,#6501,(#6507));
#11622= IFCRELAGGREGATES('33TecU24TBCeEy4HDrqjcR',#5,$,$,#6509,(#6515));
#11623= IFCRELAGGREGATES('1t7dbfjmLBuR5CEO1phHxu',#5,$,$,#6517,(#6523));
#11624= IFCRELAGGREGATES('2rdYOlNhf5C9D5OLxbSZKv',#5,$,$,#6525,(#6531));
#11625= IFCRELAGGREGATES('2ZtAzhvWf6Svx7k$$$JxjU',#5,$,$,#6533,(#6539));
#11626= IFCRELAGGREGATES('2oqJy28WbBJ9cliQh$rCRB',#5,$,$,#6541,(#6547));
#11627= IFCRELAGGREGATES('1ATNh$0qjF3QvX9ajAHjAH',#5,$,$,#6549,(#6555));
#11628= IFCRELAGGREGATES('2xJX5amZ944x1eFxRNsiBi',#5,$,$,#6557,(#6563));
#11629= IFCRELAGGREGATES('0uy$e4Hhr4IAr5ZXl1FLJ1',#5,$,$,#6565,(#6571));
#11630= IFCRELAGGREGATES('2MbPHPsVX0D9Osv4tpPyjJ',#5,$,$,#6573,(#6579));
#11631= IFCRELAGGREGATES('25mmkzyhfE$wPGkP7XJ_At',#5,$,$,#6581,(#6587));
#11632= IFCRELAGGREGATES('1TAWgcZbD539CGiFOK6ndc',#5,$,$,#6589,(#6595));
#11633= IFCRELAGGREGATES('0kWylR7VDAKuPZdGBujLN9',#5,$,$,#6597,(#6603));
#11634= IFCRELAGGREGATES('1y8UQONFf299bIKHUiu5$A',#5,$,$,#6605,(#6611));
#11635= IFCRELAGGREGATES('2gnf1FwXvF4gl4xoQ$OhUH',#5,$,$,#6613,(#6619));
#11636= IFCRELAGGREGATES('3WRoFaXez2d97BF7Fk$QEN',#5,$,$,#6621,(#6627));
#11637= IFCRELAGGREGATES('25jpOprxL7Pert0r5PbHeV',#5,$,$,#6629,(#6635));
#11638= IFCRELAGGREGATES('1$F6U6qkf7tvuOk07XnVjI',#5,$,$,#6637,(#6643));
#11639= IFCRELAGGREGATES('1N1vGDv215Pg_LTDYjk6ll',#5,$,$,#6645,(#6651));
#11640= IFCRELAGGREGATES('2Yr7pi2erFPgtH$bnMM3H$',#5,$,$,#6653,(#6659));
#11641= IFCRELAGGREGATES('15dT3yTyj2hPsUFTk8lMnv',#5,$,$,#6662,(#6704));
#11642= IFCRELAGGREGATES('3X8_Xwft58cQxDuu5TxRYr',#5,$,$,#6709,(#7996,#6884,#6876,#6853,#6845,#6822,#6814,#6779,#6766));
#11643= IFCRELAGGREGATES('0K2s7UaVPC4ggsLOMmsb5L',#5,$,$,#6798,(#6807));
#11644= IFCRELAGGREGATES('1aLyOHAY59quq41KIbxfaO',#5,$,$,#6829,(#6838));
#11645= IFCRELAGGREGATES('0BWJ8UUQbDnfcPPV31ybCi',#5,$,$,#6860,(#6869));
#11646= IFCRELAGGREGATES('0Ihmvg2$b80QxXayJjRCvw',#5,$,$,#6891,(#6900));
#11647= IFCRELAGGREGATES('0E9NjK88PADB8p4Eaoh_RS',#5,$,$,#6902,(#8008,#7008,#7000,#6977,#6969,#6948,#6940,#6917,#6909));
#11648= IFCRELAGGREGATES('27SNB3rVn8L9xmRHn5j75W',#5,$,$,#6924,(#6933));
#11649= IFCRELAGGREGATES('1vICTUcRn7Jun6MkUb$KAR',#5,$,$,#6955,(#6962));
#11650= IFCRELAGGREGATES('2sAc$1G0H26Ac_164$3sih',#5,$,$,#6984,(#6993));
#11651= IFCRELAGGREGATES('0j1TbeGv5FeQLhtOmZmI2c',#5,$,$,#7015,(#7022));
#11652= IFCRELAGGREGATES('06khwrf559GxOVREufCDay',#5,$,$,#7024,(#7988,#7140,#7132,#7109,#7101,#7068,#7060,#7039,#7031));
#11653= IFCRELAGGREGATES('0wyJwaICD1humNvjvDZOJE',#5,$,$,#7046,(#7053));
#11654= IFCRELAGGREGATES('0E3IkLLkzAuuJjbC6h9xyK',#5,$,$,#7075,(#7094));
#11655= IFCRELAGGREGATES('2UuNtOUj18x8d8m2KyHKG8',#5,$,$,#7116,(#7125));
#11656= IFCRELAGGREGATES('1TcSiZ8Av05Bncf6iwCmVd',#5,$,$,#7147,(#7154));
#11657= IFCRELAGGREGATES('1b9lPiqxD2cwmg8BPkjchM',#5,$,$,#7156,(#8002,#7260,#7252,#7229,#7221,#7200,#7192,#7171,#7163));
#11658= IFCRELAGGREGATES('2WLzlNIf57CBbPW2o_xG2P',#5,$,$,#7178,(#7185));
#11659= IFCRELAGGREGATES('2GTuYlXGH60AitTXM3LzkR',#5,$,$,#7207,(#7214));
#11660= IFCRELAGGREGATES('1R4Dy15Tf4SwFadk$NurwE',#5,$,$,#7236,(#7245));
#11661= IFCRELAGGREGATES('2uNokXguH4Wx2Ia0GZgjWO',#5,$,$,#7268,(#7278));
#11662= IFCRELAGGREGATES('1HER8LHezAVgZlR3rP8gSH',#5,$,$,#7282,(#7288));
#11663= IFCRELAGGREGATES('1jjniDry55ru9GYZVD4Gka',#5,$,$,#7290,(#7297));
#11664= IFCRELAGGREGATES('3$s2KcDAv4PxDg$XGtEP46',#5,$,$,#7301,(#7307));
#11665= IFCRELAGGREGATES('3GSnw90oHAWAaWpXdfzEJO',#5,$,$,#7309,(#7315));
#11666= IFCRELAGGREGATES('1ZjqBbzHD4T9s3m0vDofRk',#5,$,$,#7317,(#7326));
#11667= IFCRELAGGREGATES('3_dDZJF$bAMuivzS8VEtJo',#5,$,$,#7328,(#7340));
#11668= IFCRELAGGREGATES('0k9JrozMrAhe3QT_zrfMs_',#5,$,$,#7344,(#7353));
#11669= IFCRELAGGREGATES('2VJAWJbfT4FgoHce1o3KlA',#5,$,$,#7355,(#7361));
#11670= IFCRELAGGREGATES('1MbnC__vzE2w4TKrH5$w5x',#5,$,$,#7363,(#7369));
#11671= IFCRELAGGREGATES('036fg$S7rAAvesQYFO6f3o',#5,$,$,#7371,(#7378));
#11672= IFCRELAGGREGATES('2pp90kZWPBYA1L5ZVaBrjP',#5,$,$,#7380,(#7386));
#11673= IFCRELAGGREGATES('0RLmyL6_j4POOqDKeO0yXn',#5,$,$,#7388,(#7394));
#11674= IFCRELAGGREGATES('2yUlN_fMvDIAjPD2eDLSbt',#5,$,$,#7396,(#7402));
#11675= IFCRELAGGREGATES('3oyncXQ5XEuQazTetykpM_',#5,$,$,#7404,(#7414));
#11676= IFCRELAGGREGATES('167lb1A219YxXP3w6qVf6b',#5,$,$,#7418,(#7424));
#11677= IFCRELAGGREGATES('0$GY8VFBrFSgmjb5zQBtSm',#5,$,$,#7426,(#7432));
#11678= IFCRELAGGREGATES('2$UKKV0MX9VvbmsCSAagBB',#5,$,$,#7434,(#7440));
#11679= IFCRELAGGREGATES('1Dt2Ewwi92D9LyhXqCeDM4',#5,$,$,#7443,(#7842,#7813,#7793,#7481));
#11680= IFCRELAGGREGATES('3UvTGZkf9DdxmzIZMOC9gz',#5,$,$,#7483,(#7702,#7625,#7617,#7561,#7540));
#11681= IFCRELAGGREGATES('1lqC4UP8jEsPeAkKKgVWzY',#5,$,$,#7578,(#7653,#7610));
#11682= IFCRELAGGREGATES('0tZp0khYT85hJdgnj4yjOc',#5,$,$,#7706,(#9045,#7738));
#11683= IFCRELAGGREGATES('1AXuF4mm91kBtt5yTKk$OX',#5,$,$,#7875,(#7885));
#11684= IFCRELAGGREGATES('1G43OicJz41upHYiDDEdMV',#5,$,$,#7889,(#7900));
#11685= IFCRELAGGREGATES('2_tU3DHZj6nOAZLXWkV5PL',#5,$,$,#7904,(#7910));
#11686= IFCRELAGGREGATES('1hk8SnPnT9wxcdpY4eK6lp',#5,$,$,#7912,(#7918));
#11687= IFCRELAGGREGATES('0yuXAMqwvDoO_jvwYPuk_Z',#5,$,$,#7920,(#7926));
#11688= IFCRELAGGREGATES('1NmMX1uxP1W9JKQi__Wsi2',#5,$,$,#7928,(#7934));
#11689= IFCRELAGGREGATES('2UqIQOuLX0_vEKRnL8KSSY',#5,$,$,#7936,(#7942));
#11690= IFCRELAGGREGATES('2MTpAkoDj9VvQA2JQq3kMA',#5,$,$,#7944,(#7950));
#11691= IFCRELAGGREGATES('2PVP2mLV58MeLgWoFZxEfS',#5,$,$,#7952,(#7960));
#11692= IFCRELAGGREGATES('1DF1u4kLPFqvZi4YctnmxH',#5,$,$,#7964,(#7975));
#11693= IFCRELAGGREGATES('1YVUhJDuX0ognq9M6Q44fy',#5,$,$,#8011,(#8022));
#11694= IFCRELAGGREGATES('3GYpDThI92gh8n6KRmyAQS',#5,$,$,#8026,(#8037));
#11695= IFCRELAGGREGATES('1NgmJFcEX3iAtiL4JB$fsx',#5,$,$,#8041,(#8052));
#11696= IFCRELAGGREGATES('29k6_WWoHF3uQShWKMoJAk',#5,$,$,#8056,(#8069));
#11697= IFCRELAGGREGATES('1kpVsBCHj0dPm5WTLHz25J',#5,$,$,#8073,(#8085));
#11698= IFCRELAGGREGATES('2ldbaW9hr66RG6NA_2XK33',#5,$,$,#8089,(#8100));
#11699= IFCRELAGGREGATES('1El1eaJyn0o9agKZ39WUA4',#5,$,$,#8104,(#8113));
#11700= IFCRELAGGREGATES('1byZua_Cf2pg2uBZ2fzIGO',#5,$,$,#8115,(#8124));
#11701= IFCRELAGGREGATES('04nc$j9D16VPZX_idr6ha3',#5,$,$,#8126,(#8135));
#11702= IFCRELAGGREGATES('2ifg$bL7r0Yf2h1htQBmOv',#5,$,$,#8137,(#8146));
#11703= IFCRELAGGREGATES('1HSw_Ra4j1RxIeosi$6Yay',#5,$,$,#8148,(#8157));
#11704= IFCRELAGGREGATES('0KfiMQunXDzekucAKFe1MT',#5,$,$,#8159,(#8168));
#11705= IFCRELAGGREGATES('0fcxqIsXH8ruP1Qolprt1j',#5,$,$,#8170,(#8179));
#11706= IFCRELAGGREGATES('0GFD3lLPT4CgTKFwqfzhFn',#5,$,$,#8181,(#8190));
#11707= IFCRELAGGREGATES('0oDPFGaE92yf2qd9GhFkUn',#5,$,$,#8192,(#8198));
#11708= IFCRELAGGREGATES('38jasUXob5YOkaBf5TYJUd',#5,$,$,#8200,(#8209));
#11709= IFCRELAGGREGATES('1kcwguNi11$OlUey3tY6f8',#5,$,$,#8211,(#8220));
#11710= IFCRELAGGREGATES('04XD0aQrL3uQazqx3jYDdz',#5,$,$,#8222,(#8231));
#11711= IFCRELAGGREGATES('1bRAhyMSb1BOatslWHDf0f',#5,$,$,#8233,(#8239));
#11712= IFCRELAGGREGATES('0xWong9R94ghdddZQZuTZX',#5,$,$,#8241,(#8250));
#11713= IFCRELAGGREGATES('0UKyApkqf8jxbIHEuJ2UkG',#5,$,$,#8252,(#8261));
#11714= IFCRELAGGREGATES('1Rvd9raO15ewR3bpH6HVi9',#5,$,$,#8263,(#8272));
#11715= IFCRELAGGREGATES('2XWwYSBwPAgOETn43usFFR',#5,$,$,#8274,(#8284));
#11716= IFCRELAGGREGATES('3M6N6H5t53rBEgwFSHLEvE',#5,$,$,#8286,(#8295));
#11717= IFCRELAGGREGATES('3YPN1O7317Zh7EcV2VK07r',#5,$,$,#8297,(#8306));
#11718= IFCRELAGGREGATES('1VbGfQkin2ZQV2KCd_yjVr',#5,$,$,#8308,(#8314));
#11719= IFCRELAGGREGATES('3yinvty35C2hsiYX1JsKeL',#5,$,$,#8316,(#8325));
#11720= IFCRELAGGREGATES('0$YKUU6LX4hgMEiClNOmLj',#5,$,$,#8327,(#8336));
#11721= IFCRELAGGREGATES('28FuBqjj14ZBg9ClD1kOq_',#5,$,$,#8338,(#8347));
#11722= IFCRELAGGREGATES('0KbAvnjkH33u8w$NuVvHfK',#5,$,$,#8349,(#8358));
#11723= IFCRELAGGREGATES('39Di_pmvP5nQzy$gDXxLRe',#5,$,$,#8360,(#8369));
#11724= IFCRELAGGREGATES('2KThRqKnfDHBP9NMm$sXEG',#5,$,$,#8371,(#8380));
#11725= IFCRELAGGREGATES('0OaolPE1D7vRsI7WbjZS23',#5,$,$,#8382,(#8394));
#11726= IFCRELAGGREGATES('00NYjGCp128vnbpj5u20dF',#5,$,$,#8398,(#8408));
#11727= IFCRELAGGREGATES('3Y6T21HTDFORuq8qUwA$lw',#5,$,$,#8410,(#8423));
#11728= IFCRELAGGREGATES('14V30fPSr9shWpZ1vqeQXC',#5,$,$,#8427,(#8438));
#11729= IFCRELAGGREGATES('1n2JRZFxT1lwl0LH_f5sNu',#5,$,$,#8442,(#8453));
#11730= IFCRELAGGREGATES('2oxElaSRj1HAzD7bcefRED',#5,$,$,#8457,(#8467));
#11731= IFCRELAGGREGATES('1MZ3q54qX1dAqsErBw9DS9',#5,$,$,#8469,(#8478));
#11732= IFCRELAGGREGATES('2qjc0vNuL9RwykYx$rr_YP',#5,$,$,#8480,(#8486));
#11733= IFCRELAGGREGATES('1eTbSSj1n58eI84ltSG_Xh',#5,$,$,#8488,(#8494));
#11734= IFCRELAGGREGATES('3dhnjtW1P8VhV11nfnxsmJ',#5,$,$,#8496,(#8502));
#11735= IFCRELAGGREGATES('3qPs309xj1cRMouXIqm$_N',#5,$,$,#8504,(#8510));
#11736= IFCRELAGGREGATES('2kmmrOj21B2RsZfSONZuaF',#5,$,$,#8512,(#8521));
#11737= IFCRELAGGREGATES('0GccgRAX522uuZ$gFxBIjh',#5,$,$,#8523,(#8529));
#11738= IFCRELAGGREGATES('2ylH5AhjL05e5vFAVDnEdg',#5,$,$,#8531,(#8543));
#11739= IFCRELAGGREGATES('0kinFgj0f7Yg9S787Y6odH',#5,$,$,#8547,(#8553));
#11740= IFCRELAGGREGATES('3J_1TnOl10TA_y4H0uhjdC',#5,$,$,#8555,(#8565));
#11741= IFCRELAGGREGATES('3m6_sKhIv7yxR_BJP3GABt',#5,$,$,#8567,(#8579));
#11742= IFCRELAGGREGATES('0f96mrNj51tgc0XfcD0i1Q',#5,$,$,#8583,(#8595));
#11743= IFCRELAGGREGATES('0YaLx3zZL9UugGzhgqX7z8',#5,$,$,#8599,(#8605));
#11744= IFCRELAGGREGATES('1p4nri_KH8lv3h0aXRvz7R',#5,$,$,#8607,(#8618));
#11745= IFCRELAGGREGATES('2$5lHbuU1CO81PFDPpaVd_',#5,$,$,#8622,(#8632));
#11746= IFCRELAGGREGATES('32Kr$8d1rD0ALNrPIfD_wU',#5,$,$,#8634,(#8643));
#11747= IFCRELAGGREGATES('2838rNWV12yvQMxtyNWtvv',#5,$,$,#8645,(#8655));
#11748= IFCRELAGGREGATES('1FgXM57xD3vA6V8Sd_ou7S',#5,$,$,#8657,(#8666));
#11749= IFCRELAGGREGATES('1XVJBxB8D1jfNUTODH2dH1',#5,$,$,#8668,(#8678));
#11750= IFCRELAGGREGATES('2$LEsU9jb4veMx36V8otXg',#5,$,$,#8680,(#8687));
#11751= IFCRELAGGREGATES('3IT5NxSYHArQGplw2Fm6eJ',#5,$,$,#8689,(#8699));
#11752= IFCRELAGGREGATES('2p2ijg8QP2HAW_aBu6KKJH',#5,$,$,#8701,(#8712));
#11753= IFCRELAGGREGATES('1sfanXIm19xeaPwSIXVb$D',#5,$,$,#8716,(#8727));
#11754= IFCRELAGGREGATES('0EZoUsOc5EOfpgsp0T2g4_',#5,$,$,#8731,(#8737));
#11755= IFCRELAGGREGATES('2J$zHDUU56C8a0Xz9EUEzL',#5,$,$,#8739,(#8750));
#11756= IFCRELAGGREGATES('1hNtvIpRDAFOloQ_76Ewy5',#5,$,$,#8754,(#8766));
#11757= IFCRELAGGREGATES('1Av7Xiw1PC3RVDtGcGnul6',#5,$,$,#8770,(#8779));
#11758= IFCRELAGGREGATES('2c_SmmZL93dvYWYD1eNInT',#5,$,$,#8781,(#8790));
#11759= IFCRELAGGREGATES('23DlCa_jLDWu1BNUBLv27m',#5,$,$,#8792,(#8803));
#11760= IFCRELAGGREGATES('1oO2pu7rfFbhy2bCLs0Mjw',#5,$,$,#8807,(#8816));
#11761= IFCRELAGGREGATES('0LEtE3LOrCchLzqeudhvr9',#5,$,$,#8818,(#8827));
#11762= IFCRELAGGREGATES('375hQHqG1BuefMVj3O7LB1',#5,$,$,#8829,(#8835));
#11763= IFCRELAGGREGATES('2sJdW_GMf9IgAGlo3iyJNd',#5,$,$,#8837,(#8843));
#11764= IFCRELAGGREGATES('3wj9m5dFHBouZA_lXu8_zc',#5,$,$,#8845,(#8852));
#11765= IFCRELAGGREGATES('290nr99QH9jvjT6z86ZP0x',#5,$,$,#8854,(#8860));
#11766= IFCRELAGGREGATES('28j2H_RnH0euAtoL116grk',#5,$,$,#8862,(#8873));
#11767= IFCRELAGGREGATES('3Ncxmq_n55rxM32jZxkXM9',#5,$,$,#8877,(#8883));
#11768= IFCRELAGGREGATES('3Ui1SsZj57kvLnUEqEWbxv',#5,$,$,#8885,(#8891));
#11769= IFCRELAGGREGATES('2SJsUd6y93tRxXUzZxNdRS',#5,$,$,#8893,(#8899));
#11770= IFCRELAGGREGATES('0G64fPvE16VQEwTbQr$E0I',#5,$,$,#8901,(#8907));
#11771= IFCRELAGGREGATES('0mWJg9sIPCXQvgMFAJFlRe',#5,$,$,#8909,(#8918));
#11772= IFCRELAGGREGATES('3JMpM8n2H2AAM9jEorLKwe',#5,$,$,#8920,(#8929));
#11773= IFCRELAGGREGATES('07sr3$r2r1xhkGLJz0ZU7I',#5,$,$,#8931,(#8937));
#11774= IFCRELAGGREGATES('1WO1$DhMHAQeUTBsxvK0RU',#5,$,$,#8939,(#8945));
#11775= IFCRELAGGREGATES('2ehs82MoPFeuhi$FPbOfHd',#5,$,$,#8947,(#8953));
#11776= IFCRELAGGREGATES('2sUSg6QNf7zOYpGWy_q0eV',#5,$,$,#8955,(#8961));
#11777= IFCRELAGGREGATES('3AtJ4A9Nn6p87IamPEL$hB',#5,$,$,#8963,(#8969));
#11778= IFCRELAGGREGATES('2YIBKe4FL2WAc$_LL2yt9l',#5,$,$,#8971,(#8980));
#11779= IFCRELAGGREGATES('1zxSxjRkT3ixprq5G2rZq9',#5,$,$,#8982,(#8991));
#11780= IFCRELAGGREGATES('0e0JdMEebDwRaUnf4UirBK',#5,$,$,#8993,(#8999));
#11781= IFCRELAGGREGATES('1$fBJ7jFf4yg1luvQabsbX',#5,$,$,#9001,(#9007));
#11782= IFCRELAGGREGATES('23JaxEyfj0JwLgZSDRcVEZ',#5,$,$,#9009,(#9015));
#11783= IFCRELAGGREGATES('3DrZH4ns9AOPPhVdm$VCYM',#5,$,$,#9017,(#9023));
#11784= IFCRELAGGREGATES('36jmmdx6n9twrYVbFH0_dP',#5,$,$,#9025,(#9031));
#11785= IFCRELAGGREGATES('2lnS6mOSvBX9fFDfL4uv6a',#5,$,$,#9081,(#9087));
#11786= IFCRELAGGREGATES('0lN8dR9RX1neRFRtSbEET2',#5,$,$,#9089,(#9099));
#11787= IFCRELAGGREGATES('3WFPJPVrfC2QPLW$Ut7tVl',#5,$,$,#9101,(#9110));
#11788= IFCRELAGGREGATES('2eeEcI0kLA0OsArYJBM7nn',#5,$,$,#9113,(#9125));
#11789= IFCRELAGGREGATES('20LNKop3n9Rg68S_aXqoGS',#5,$,$,#9129,(#9135));
#11790= IFCRELAGGREGATES('2pHC0t4iT5c9R6L3OshKMj',#5,$,$,#9138,(#9144));
#11791= IFCRELAGGREGATES('2dxPzLcrPAdgr9P5AryXpI',#5,$,$,#9147,(#9153));
#11792= IFCRELAGGREGATES('3szVVR83f6995joJ_ALzme',#5,$,$,#9156,(#9168));
#11793= IFCRELAGGREGATES('1J$ndn0O5DT9_yG26n9vQN',#5,$,$,#9273,(#9284));
#11794= IFCRELAGGREGATES('2axN9f_zT8WfZKF$We4LHu',#5,$,$,#9288,(#9300));
#11795= IFCRELAGGREGATES('2y82iZVwv8kO4H4FVJc5mY',#5,$,$,#9304,(#9315));
#11796= IFCRELAGGREGATES('25C8pzhuj4WRJf5PALA2LU',#5,$,$,#9319,(#9330));
#11797= IFCRELAGGREGATES('3oSt8iNkn6GQa87Yd$T0gx',#5,$,$,#9334,(#9345));
#11798= IFCRELAGGREGATES('3AkU2GxYPAgheIXzJNd5hc',#5,$,$,#9349,(#9360));
#11799= IFCRELAGGREGATES('19UkBQytrD6hB7cp4Jw4Ab',#5,$,$,#9364,(#9376));
#11800= IFCRELAGGREGATES('0hecf9Kiz5exlTHatTU7P2',#5,$,$,#9412,(#9424));
#11801= IFCRELAGGREGATES('3M9qhuENH2MOd5jETpbTI7',#5,$,$,#9486,(#9497));
#11802= IFCRELAGGREGATES('2eqe4Giyv92wHhS9j_Hhi6',#5,$,$,#9501,(#9512));
#11803= IFCRELAGGREGATES('0yuY7HuQ53Y8lG8Rv0RRx6',#5,$,$,#9610,(#9621));
#11804= IFCRELAGGREGATES('3xz5t24tzA$esd3lmfKcsM',#5,$,$,#9625,(#9637));
#11805= IFCRELAGGREGATES('1$h3pR7If4zPkj1l8puxph',#5,$,$,#9641,(#9647));
#11806= IFCRELAGGREGATES('398eZU9Nj2NBo3BYz$48uk',#5,$,$,#9649,(#9658));
#11807= IFCRELAGGREGATES('0VcVqCiB95yAYEolAWBmyO',#5,$,$,#9660,(#9666));
#11808= IFCRELAGGREGATES('1PyMWCTTLFqAhaf0mKuzIC',#5,$,$,#9720,(#9732));
#11809= IFCRELAGGREGATES('0ISU5HgxnD$eGupTHPBElV',#5,$,$,#9787,(#9798));
#11810= IFCRELAGGREGATES('2_62XqRvL4kgbOIlVqAXPb',#5,$,$,#9928,(#9939));
#11811= IFCRELAGGREGATES('0muiaiPj5139jv71qoCUXn',#5,$,$,#9943,(#9954));
#11812= IFCRELAGGREGATES('1Mu7h$HOb95974Z8SVKsIo',#5,$,$,#9958,(#9968));
#11813= IFCRELAGGREGATES('0IqVqxZb97dOqJaOY7fDIY',#5,$,$,#10010,(#10021));
#11814= IFCRELAGGREGATES('3$mD2LF7j0R95BnERm2f6x',#5,$,$,#10025,(#10034));
#11815= IFCRELAGGREGATES('0T$chNZJDA_8I69lw2JiDc',#5,$,$,#10036,(#10042));
#11816= IFCRELAGGREGATES('1oHMX1ZKzDigX4L0k34_CH',#5,$,$,#10109,(#10120));
#11817= IFCRELAGGREGATES('04thtZYpn7XeHln8eB2dV8',#5,$,$,#10124,(#10136));
#11818= IFCRELAGGREGATES('0N2724IRn1b99iswC$HTS5',#5,$,$,#10140,(#10149));
#11819= IFCRELAGGREGATES('298_V8zTDE79CK1fqxXVS7',#5,$,$,#10151,(#10162));
#11820= IFCRELAGGREGATES('0kXWN_C0P1hggpmPV0NFwZ',#5,$,$,#10166,(#10177));
#11821= IFCRELAGGREGATES('2ombWUvij5M8i$FWs9FOzC',#5,$,$,#10181,(#10192));
#11822= IFCRELAGGREGATES('1y4BxZS9D6pBw2rYQk0KS4',#5,$,$,#10196,(#10207));
#11823= IFCRELAGGREGATES('2okJJbHV1DKuHJce3kc1Fb',#5,$,$,#10290,(#10296));
#11824= IFCRELAGGREGATES('0fDazeeaP11vhp593tYMCh',#5,$,$,#10342,(#10351));
#11825= IFCRELAGGREGATES('32X1WfWnfBEvT0Ah5tkJm3',#5,$,$,#10353,(#10359));
#11826= IFCRELAGGREGATES('2LyOA4M0v4f8_XUHEfxSE6',#5,$,$,#10361,(#10373));
#11827= IFCRELAGGREGATES('3VezwRAdLBz8mzVqAQFVBr',#5,$,$,#10377,(#10388));
#11828= IFCRELAGGREGATES('0lQ1VP14b3I9i8oqSYK$Ro',#5,$,$,#10392,(#10403));
#11829= IFCRELAGGREGATES('36lPK_YVjAcuSc4ugZfc5j',#5,$,$,#10407,(#10418));
#11830= IFCRELAGGREGATES('3A$WZNQL5BsBTI$5Hm5alJ',#5,$,$,#10422,(#10431));
#11831= IFCRELAGGREGATES('0AXHdf4wT0YeWjDAa15$Ge',#5,$,$,#10435,(#10446));
#11832= IFCRELAGGREGATES('368xblAez1qf8fyvWhM$ME',#5,$,$,#10450,(#10461));
#11833= IFCRELAGGREGATES('0WqYwElrr5AwM8SDvYVhXA',#5,$,$,#10465,(#10477));
#11834= IFCRELAGGREGATES('1lNIf8PG5BXxDT6ZQpKq_v',#5,$,$,#10481,(#10492));
#11835= IFCRELAGGREGATES('2LKiTmThz91hge81aLh7jl',#5,$,$,#10496,(#10507));
#11836= IFCRELAGGREGATES('3D1qLJhMrDm91vQstE9W$T',#5,$,$,#10511,(#10522));
#11837= IFCRELAGGREGATES('2WeKb6cPHFuueWp6k5qHRx',#5,$,$,#10736,(#10747));
#11838= IFCRELAGGREGATES('23S$Uxo$X4f9bslD7qRJO9',#5,$,$,#10751,(#10762));
#11839= IFCRELAGGREGATES('3JQ4O2vyL9PeislfTPRMBK',#5,$,$,#10766,(#10777));
#11840= IFCRELAGGREGATES('0ASgVp9bb4gQIIPbK9MKRr',#5,$,$,#10882,(#10893));
#11841= IFCRELAGGREGATES('0$p8hXjzv7cB6Bsn_jS9D_',#5,$,$,#10897,(#10909));
#11842= IFCRELAGGREGATES('2lJIejB7j7gPe4XQkEKsBu',#5,$,$,#10913,(#10924));
#11843= IFCRELAGGREGATES('3Os_dXe7HATgn9xM9KXkG6',#5,$,$,#10959,(#10970));
#11844= IFCRELAGGREGATES('0uOvgw1az32PSV_1hFpten',#5,$,$,#10974,(#10980));
#11845= IFCRELAGGREGATES('1sJyjTHhH9ffftYmt4v31j',#5,$,$,#10982,(#10991));
#11846= IFCRELAGGREGATES('1I7Ru1YeL40Q6o6RV0bYVf',#5,$,$,#10993,(#11004));
#11847= IFCRELAGGREGATES('30gO4WV3v9vw9o5heGo4or',#5,$,$,#11008,(#11019));
#11848= IFCRELAGGREGATES('01XH0auAnCPhEHKEooGxfO',#5,$,$,#11023,(#11034));
#11849= IFCRELAGGREGATES('1nbHNH0zjD3wtzwTvCGCP5',#5,$,$,#11038,(#11049));
#11850= IFCRELAGGREGATES('2CsEtHWTX5nOM5jF17Q8xn',#5,$,$,#11102,(#11111));
#11851= IFCRELAGGREGATES('25MqHB$yz9Bu2JrgSK6BdH',#5,$,$,#11113,(#11122));
#11852= IFCRELAGGREGATES('3tMbOUgBrFYAiukYZCgy8j',#5,$,$,#11124,(#11133));
#11853= IFCRELAGGREGATES('0DKyauicP46OGwvBHrGHuW',#5,$,$,#11137,(#11148));
#11854= IFCRELAGGREGATES('1Js1kNPxDE1PJTR$kbKo2M',#5,$,$,#11152,(#11158));
#11855= IFCRELAGGREGATES('232YUQ2eb0VPqmQaLMTIWF',#5,$,$,#11160,(#11171));
#11856= IFCRELAGGREGATES('3DfS90PH99mvvX7zeqow7u',#5,$,$,#11175,(#11186));
#11857= IFCRELAGGREGATES('3kMhvA25r4MeoikBFvzyMG',#5,$,$,#11190,(#11200));
#11858= IFCRELAGGREGATES('11W_oIXObC7RSMpLR1LFEh',#5,$,$,#11202,(#11213));
#11859= IFCRELAGGREGATES('0f09LSyI19qOUMN6ZeELqs',#5,$,$,#11217,(#11228));
#11860= IFCRELAGGREGATES('04nfEqzyHDSAm8oc3kobii',#5,$,$,#11261,(#11272));
#11861= IFCRELAGGREGATES('3MxX$g9998ee5TWEj35Zwl',#5,$,$,#11306,(#11318));
#11862= IFCRELAGGREGATES('2SCj1s$XrDtQjYeD$Wgh2P',#5,$,$,#11322,(#11333));
#11863= IFCRELAGGREGATES('2l2fwBqtb09fRy03KMf7uj',#5,$,$,#11337,(#11348));
#11864= IFCRELAGGREGATES('0w5TvZvDL2Y87wrx33n3tg',#5,$,$,#11352,(#11364));
#11865= IFCRELAGGREGATES('2xLoet$4XENuuooeuzGZBx',#5,$,$,#11368,(#11380));
#11866= IFCRELAGGREGATES('3jpxRJ_gfBwBU$2o9X5ci3',#5,$,$,#11384,(#11395));
#11867= IFCRELAGGREGATES('2EPkbxLnLE4OiFDauIAZcI',#5,$,$,#11399,(#11408));
#11868= IFCRELAGGREGATES('35G6_caRj60RSVHTZRTQ_2',#5,$,$,#11441,(#11453));
#11869= IFCRELAGGREGATES('0fsADQ8IDDsB_94UOrnjO0',#5,$,$,#11457,(#11468));
#11870= IFCRELAGGREGATES('1BKkTyaDHBlhaQJK8C$YCb',#5,$,$,#11472,(#11478));
#11871= IFCRELAGGREGATES('0p7JmlIVb06f1apLwD9QDn',#5,$,$,#11480,(#11486));
#11872= IFCRELCONTAINEDINSPATIALSTRUCTURE('0vD5cQP8vFLB6$xtK_oBbU',#5,$,$,(#11480,#11472,#11457,#11441,#11399,#11384,#11368,#11352,#11337,#11322,#11306,#11261,#11217,#11202,#11190,#11175,#11160,#11152,#11137,#11124,#11113,#11102,#11038,#11023,#11008,#10993,#10982,#10974,#10959,#10913,#10897,#10882,#10766,#10751,#10736,#10511,#10496,#10481,#10465,#10450,#10435,#10422,#10407,#10392,#10377,#10361,#10353,#10342,#10290,#10196,#10181,#10166,#10151,#10140,#10124,#10109,#10036,#10025,#10010,#9958,#9943,#9928,#9787,#9720,#9660,#9649,#9641,#9625,#9610,#9501,#9486,#9412,#9364,#9349,#9334,#9319,#9304,#9288,#9273,#9156,#9147,#9138,#9129,#9113,#9101,#9089,#9081,#9025,#9017,#9009,#9001,#8993,#8982,#8971,#8963,#8955,#8947,#8939,#8931,#8920,#8909,#8901,#8893,#8885,#8877,#8862,#8854,#8845,#8837,#8829,#8818,#8807,#8792,#8781,#8770,#8754,#8739,#8731,#8716,#8701,#8689,#8680,#8668,#8657,#8645,#8634,#8622,#8607,#8599,#8583,#8567,#8555,#8547,#8531,#8523,#8512,#8504,#8496,#8488,#8480,#8469,#8457,#8442,#8427,#8410,#8398,#8382,#8371,#8360,#8349,#8338,#8327,#8316,#8308,#8297,#8286,#8274,#8263,#8252,#8241,#8233,#8222,#8211,#8200,#8192,#8181,#8170,#8159,#8148,#8137,#8126,#8115,#8104,#8089,#8073,#8056,#8041,#8026,#8011,#7964,#7952,#7944,#7936,#7928,#7920,#7912,#7904,#7889,#7875,#7706,#7578,#7483,#7443,#7434,#7426,#7418,#7404,#7396,#7388,#7380,#7371,#7363,#7355,#7344,#7328,#7317,#7309,#7301,#7290,#7282,#7268,#7236,#7207,#7178,#7156,#7147,#7116,#7075,#7046,#7024,#7015,#6984,#6955,#6924,#6902,#6891,#6860,#6829,#6798,#6709,#6662,#6653,#6645,#6637,#6629,#6621,#6613,#6605,#6597,#6589,#6581,#6573,#6565,#6557,#6549,#6541,#6533,#6525,#6517,#6509,#6501,#6493,#6485,#6477,#6469,#6461,#6453,#6445,#6429,#6408,#6400,#6385,#6377,#6368,#6354,#6346,#6332,#6317,#6309,#6301,#6293,#6277,#6266,#6250,#6239,#6223,#6212,#6196,#6185,#6170,#6159,#6148,#6132,#6117,#6102,#6080,#6022,#6011,#5953,#5942,#5884,#5862,#5804,#5793,#5735,#5726,#5668,#5657,#5599,#5577,#5519,#5497,#5439,#5417,#5359,#5348,#5290,#5268,#5210,#5188,#5130,#5108,#5050,#4985,#4920,#4855,#4790,#4725,#4660,#4595,#4530,#4450,#4430,#4372,#4352,#4289,#4267,#4209,#4200,#4038,#4015,#3931,#3920,#3862,#3853,#3795,#3784,#3681,#3670,#3395,#3372,#3310,#3234,#3223,#2948,#2925,#2863,#2798,#2770,#2712,#2701,#2643,#2615,#2385,#2356,#2298,#2278,#2005,#1983,#1925,#1914,#1856,#1845,#1570,#1537,#1475,#1453,#1178,#1155,#1097,#1086,#1028,#1017,#933,#922,#838,#827,#718,#707,#124,#46),#43);
#11873= IFCRELCONNECTSWITHREALIZINGELEMENTS('0v4qBPj553AOFaUN14W9Ka',#5,$,$,$,#8008,#7008,(#7000),$);
#11874= IFCRELCONNECTSWITHREALIZINGELEMENTS('2dzMRFdK59wQxek3_c1FO5',#5,$,$,$,#8008,#6977,(#6969),$);
#11875= IFCRELCONNECTSWITHREALIZINGELEMENTS('0QDW6B8mLERBXGd2UvtHB3',#5,$,$,$,#8008,#6948,(#6940),$);
#11876= IFCRELCONNECTSWITHREALIZINGELEMENTS('0JrBMicYH8rwI7AHxoyr25',#5,$,$,$,#8008,#6917,(#6909),$);
#11877= IFCRELCONNECTSWITHREALIZINGELEMENTS('1QpDlTi3DDPvp6EafIrZ4n',#5,$,$,$,#8002,#7260,(#7252),$);
#11878= IFCRELCONNECTSWITHREALIZINGELEMENTS('3qD8Iyj6f8auNVeFI2QupA',#5,$,$,$,#8002,#7229,(#7221),$);
#11879= IFCRELCONNECTSWITHREALIZINGELEMENTS('3nDuVuQh9AJRqLOUTY0vaK',#5,$,$,$,#8002,#7200,(#7192),$);
#11880= IFCRELCONNECTSWITHREALIZINGELEMENTS('0vhbML3KH8HRRbpnoYo1cN',#5,$,$,$,#8002,#7171,(#7163),$);
#11881= IFCRELCONNECTSWITHREALIZINGELEMENTS('0$uYri3Mv3CgGKoAXIX2Fc',#5,$,$,$,#7996,#6884,(#6876),$);
#11882= IFCRELCONNECTSWITHREALIZINGELEMENTS('1F0r5J47bFcfKAp$FIO_td',#5,$,$,$,#7996,#6853,(#6845),$);
#11883= IFCRELCONNECTSWITHREALIZINGELEMENTS('18_Elo$pTExOd_w89ENCpM',#5,$,$,$,#7996,#6822,(#6814),$);
#11884= IFCRELCONNECTSWITHREALIZINGELEMENTS('0o89nVuuX2pwPJbDQuBd7i',#5,$,$,$,#7996,#6779,(#6766),$);
#11885= IFCRELCONNECTSWITHREALIZINGELEMENTS('2KPVjqRDf8FejfyiyYO_AU',#5,$,$,$,#7988,#7140,(#7132),$);
#11886= IFCRELCONNECTSWITHREALIZINGELEMENTS('0jk2o6$4P2uxHyBf$lm_cV',#5,$,$,$,#7988,#7109,(#7101),$);
#11887= IFCRELCONNECTSWITHREALIZINGELEMENTS('20K0Ccm0nChBtldfFyVt2_',#5,$,$,$,#7988,#7068,(#7060),$);
#11888= IFCRELCONNECTSWITHREALIZINGELEMENTS('1qbYaa3Qz2Rv8ledeI6VmX',#5,$,$,$,#7988,#7039,(#7031),$);
#11889= IFCRELCONNECTSWITHREALIZINGELEMENTS('3EM2yPF21369JHw1om7urE',#5,$,$,$,#7842,#7813,(#7793),$);
#11890= IFCRELCONNECTSWITHREALIZINGELEMENTS('27Rt6DUYf0ghVX1STh$OGE',#5,$,$,$,#7702,#7625,(#7617),$);
#11891= IFCRELCONNECTSWITHREALIZINGELEMENTS('2emyyksjv1S9In8Kc79vjt',#5,$,$,$,#7702,#7561,(#7540),$);
#11892= IFCRELCONNECTSWITHREALIZINGELEMENTS('10CogImfH9bRl_ApsUmmur',#5,$,$,$,#6078,#6055,(#6047),$);
#11893= IFCRELCONNECTSWITHREALIZINGELEMENTS('1XSfZ5kxn6RBhSalq6DcYZ',#5,$,$,$,#6078,#6072,(#6038),$);
#11894= IFCRELCONNECTSWITHREALIZINGELEMENTS('37YChtdHv7ARhuUicR4pn2',#5,$,$,$,#6078,#6066,(#6029),$);
#11895= IFCRELCONNECTSWITHREALIZINGELEMENTS('3DDrQyq9X9FAlZqGkmbpY4',#5,$,$,$,#6009,#5986,(#5978),$);
#11896= IFCRELCONNECTSWITHREALIZINGELEMENTS('3aA2OVl75Fy9zhsAuU9HaQ',#5,$,$,$,#6009,#6003,(#5969),$);
#11897= IFCRELCONNECTSWITHREALIZINGELEMENTS('3N6vLTXezCkgLC1dBogh_$',#5,$,$,$,#6009,#5997,(#5960),$);
#11898= IFCRELCONNECTSWITHREALIZINGELEMENTS('12sS88uq9ASgFDHzqlthBD',#5,$,$,$,#5940,#5917,(#5909),$);
#11899= IFCRELCONNECTSWITHREALIZINGELEMENTS('28cKFEtlLCS9CYONLz_4ye',#5,$,$,$,#5940,#5934,(#5900),$);
#11900= IFCRELCONNECTSWITHREALIZINGELEMENTS('3ebSbb3rv1AeUHZ8LIDVdF',#5,$,$,$,#5940,#5928,(#5891),$);
#11901= IFCRELCONNECTSWITHREALIZINGELEMENTS('3FPy_KKID5F8DPuYAgklie',#5,$,$,$,#5860,#5837,(#5829),$);
#11902= IFCRELCONNECTSWITHREALIZINGELEMENTS('2yHCc2Djn0veo9c$X4Fd6G',#5,$,$,$,#5860,#5854,(#5820),$);
#11903= IFCRELCONNECTSWITHREALIZINGELEMENTS('3PNnGHRH9DG86AyqKjAt7k',#5,$,$,$,#5860,#5848,(#5811),$);
#11904= IFCRELCONNECTSWITHREALIZINGELEMENTS('091PVD4LvDTAJn_Gs9eCGv',#5,$,$,$,#5791,#5768,(#5760),$);
#11905= IFCRELCONNECTSWITHREALIZINGELEMENTS('1Uoq$rI1X5dRmBkHOyeyAy',#5,$,$,$,#5791,#5785,(#5751),$);
#11906= IFCRELCONNECTSWITHREALIZINGELEMENTS('0aKTYips57_RMuxSEeuokS',#5,$,$,$,#5791,#5779,(#5742),$);
#11907= IFCRELCONNECTSWITHREALIZINGELEMENTS('3zTunFn2b60APQy$KqknNC',#5,$,$,$,#5724,#5701,(#5693),$);
#11908= IFCRELCONNECTSWITHREALIZINGELEMENTS('1UMqqNCN570P7siudNPRHL',#5,$,$,$,#5724,#5718,(#5684),$);
#11909= IFCRELCONNECTSWITHREALIZINGELEMENTS('1AIf9FJH52ZgWOqHGJdA0G',#5,$,$,$,#5724,#5712,(#5675),$);
#11910= IFCRELCONNECTSWITHREALIZINGELEMENTS('3WG6tCJ2n2lgLEZxInpvwW',#5,$,$,$,#5655,#5632,(#5624),$);
#11911= IFCRELCONNECTSWITHREALIZINGELEMENTS('0RfRQBltX5FRKdEx99UW9e',#5,$,$,$,#5655,#5649,(#5615),$);
#11912= IFCRELCONNECTSWITHREALIZINGELEMENTS('26r1vfDxHC$eTxsJVnUdRE',#5,$,$,$,#5655,#5643,(#5606),$);
#11913= IFCRELCONNECTSWITHREALIZINGELEMENTS('2Xjd13f5PCKO_wPSZdjZ8H',#5,$,$,$,#5575,#5552,(#5544),$);
#11914= IFCRELCONNECTSWITHREALIZINGELEMENTS('1lnVSXvr1C9vxMtTCmSGnq',#5,$,$,$,#5575,#5569,(#5535),$);
#11915= IFCRELCONNECTSWITHREALIZINGELEMENTS('0FVQmD9wj0cPR3HLMAWA26',#5,$,$,$,#5575,#5563,(#5526),$);
#11916= IFCRELCONNECTSWITHREALIZINGELEMENTS('0kZWF59rz0bhzApSGq0fU7',#5,$,$,$,#5495,#5472,(#5464),$);
#11917= IFCRELCONNECTSWITHREALIZINGELEMENTS('0mikhPo1T0we95YoV4uZ6K',#5,$,$,$,#5495,#5489,(#5455),$);
#11918= IFCRELCONNECTSWITHREALIZINGELEMENTS('0W9CoWQ7TDlB4QL1v6G2_Y',#5,$,$,$,#5495,#5483,(#5446),$);
#11919= IFCRELCONNECTSWITHREALIZINGELEMENTS('21R7sVb2HFEBQBnIvEET95',#5,$,$,$,#5415,#5392,(#5384),$);
#11920= IFCRELCONNECTSWITHREALIZINGELEMENTS('2jrUkec_fFyu4SgUTxr2U9',#5,$,$,$,#5415,#5409,(#5375),$);
#11921= IFCRELCONNECTSWITHREALIZINGELEMENTS('2s6U07s2j9LR_NPZTUxnZp',#5,$,$,$,#5415,#5403,(#5366),$);
#11922= IFCRELCONNECTSWITHREALIZINGELEMENTS('1RshnutLH0hOw63TldH1Sy',#5,$,$,$,#5346,#5323,(#5315),$);
#11923= IFCRELCONNECTSWITHREALIZINGELEMENTS('2GWGkfzpL6ThOBF7ZgOY_n',#5,$,$,$,#5346,#5340,(#5306),$);
#11924= IFCRELCONNECTSWITHREALIZINGELEMENTS('3cQza8CDj17hOF3M62z2kG',#5,$,$,$,#5346,#5334,(#5297),$);
#11925= IFCRELCONNECTSWITHREALIZINGELEMENTS('3J4fiTE7bE3u3gANCBaMQJ',#5,$,$,$,#5266,#5243,(#5235),$);
#11926= IFCRELCONNECTSWITHREALIZINGELEMENTS('1KP2W9whL07PwIipmQ_qZs',#5,$,$,$,#5266,#5260,(#5226),$);
#11927= IFCRELCONNECTSWITHREALIZINGELEMENTS('0I1aFxwL9AJPiNrTUHNF6v',#5,$,$,$,#5266,#5254,(#5217),$);
#11928= IFCRELCONNECTSWITHREALIZINGELEMENTS('0UmfQBFRT5nQMTQTSTeNfh',#5,$,$,$,#5186,#5163,(#5155),$);
#11929= IFCRELCONNECTSWITHREALIZINGELEMENTS('1UJedrV_nBrufaB52d$F0Z',#5,$,$,$,#5186,#5180,(#5146),$);
#11930= IFCRELCONNECTSWITHREALIZINGELEMENTS('2TnLTx7Pv28vHbe4i2dU_N',#5,$,$,$,#5186,#5174,(#5137),$);
#11931= IFCRELCONNECTSWITHREALIZINGELEMENTS('1Caj15Pz59KAcEdr9$jISP',#5,$,$,$,#5106,#5083,(#5075),$);
#11932= IFCRELCONNECTSWITHREALIZINGELEMENTS('0b6uT$QrPBqv7nJIqTH3HM',#5,$,$,$,#5106,#5100,(#5066),$);
#11933= IFCRELCONNECTSWITHREALIZINGELEMENTS('04Xfc7Npv34Aen06HCulEO',#5,$,$,$,#5106,#5094,(#5057),$);
#11934= IFCRELCONNECTSWITHREALIZINGELEMENTS('3lnwG70vPC0vA7JIgKc4B2',#5,$,$,$,#5041,#5018,(#5010),$);
#11935= IFCRELCONNECTSWITHREALIZINGELEMENTS('2HEW$Mc5P17ANInOC3pNTV',#5,$,$,$,#5041,#5035,(#5001),$);
#11936= IFCRELCONNECTSWITHREALIZINGELEMENTS('0_9Ku9g85FhAB2M934J6uJ',#5,$,$,$,#5041,#5029,(#4992),$);
#11937= IFCRELCONNECTSWITHREALIZINGELEMENTS('1c3nMEGdb6Guc2YD46rS$k',#5,$,$,$,#4976,#4953,(#4945),$);
#11938= IFCRELCONNECTSWITHREALIZINGELEMENTS('2XpzKQJjv4TPpXd9GRrIge',#5,$,$,$,#4976,#4970,(#4936),$);
#11939= IFCRELCONNECTSWITHREALIZINGELEMENTS('1tocTafUTFavsERqbjxCGZ',#5,$,$,$,#4976,#4964,(#4927),$);
#11940= IFCRELCONNECTSWITHREALIZINGELEMENTS('2bDdeswWn8WOZ_vWjzCt9F',#5,$,$,$,#4911,#4888,(#4880),$);
#11941= IFCRELCONNECTSWITHREALIZINGELEMENTS('05CVOa1YL8thssF6WvbffF',#5,$,$,$,#4911,#4905,(#4871),$);
#11942= IFCRELCONNECTSWITHREALIZINGELEMENTS('0Bf620CvT7ovTHEawZry2X',#5,$,$,$,#4911,#4899,(#4862),$);
#11943= IFCRELCONNECTSWITHREALIZINGELEMENTS('3nhMXFos93dvE1PssQe2r4',#5,$,$,$,#4846,#4823,(#4815),$);
#11944= IFCRELCONNECTSWITHREALIZINGELEMENTS('0z$$ZC2Ib4Yg$TtNF2KCgl',#5,$,$,$,#4846,#4840,(#4806),$);
#11945= IFCRELCONNECTSWITHREALIZINGELEMENTS('2QMDfBITTDnxoBYTNz8i9K',#5,$,$,$,#4846,#4834,(#4797),$);
#11946= IFCRELCONNECTSWITHREALIZINGELEMENTS('2Il2fgEBL7DgrS6eB7hWS_',#5,$,$,$,#4781,#4758,(#4750),$);
#11947= IFCRELCONNECTSWITHREALIZINGELEMENTS('1s97pR1uzBUR945rxPSSC_',#5,$,$,$,#4781,#4775,(#4741),$);
#11948= IFCRELCONNECTSWITHREALIZINGELEMENTS('3myBX3Usv52PqW8uCtIekf',#5,$,$,$,#4781,#4769,(#4732),$);
#11949= IFCRELCONNECTSWITHREALIZINGELEMENTS('0DA9FA4$j1O81KcPhQw1FH',#5,$,$,$,#4716,#4693,(#4685),$);
#11950= IFCRELCONNECTSWITHREALIZINGELEMENTS('3qejk29d1Dmxrg2FbqJxgt',#5,$,$,$,#4716,#4710,(#4676),$);
#11951= IFCRELCONNECTSWITHREALIZINGELEMENTS('2X95F0tdD3nesU12JgbkSd',#5,$,$,$,#4716,#4704,(#4667),$);
#11952= IFCRELCONNECTSWITHREALIZINGELEMENTS('3gIlnLhiL65R2elVjgbQ4X',#5,$,$,$,#4651,#4628,(#4620),$);
#11953= IFCRELCONNECTSWITHREALIZINGELEMENTS('1i$bEFbAf4oxSvkHxhbfvZ',#5,$,$,$,#4651,#4645,(#4611),$);
#11954= IFCRELCONNECTSWITHREALIZINGELEMENTS('1Kx6QWhv5E3AaRG7BZRvWh',#5,$,$,$,#4651,#4639,(#4602),$);
#11955= IFCRELCONNECTSWITHREALIZINGELEMENTS('2ulYVgb0vBkA7Xs8VrvPIF',#5,$,$,$,#4586,#4563,(#4555),$);
#11956= IFCRELCONNECTSWITHREALIZINGELEMENTS('2XV_t1biz8I8Qi1R5YzcaS',#5,$,$,$,#4586,#4580,(#4546),$);
#11957= IFCRELCONNECTSWITHREALIZINGELEMENTS('0RE53FKXb0rxudTIlFTQni',#5,$,$,$,#4586,#4574,(#4537),$);
#11958= IFCRELCONNECTSWITHREALIZINGELEMENTS('3V_$ZMEVzADgPJO324idFL',#5,$,$,$,#4510,#4485,(#4477),$);
#11959= IFCRELCONNECTSWITHREALIZINGELEMENTS('01zQl1GDn1E8MaOCCfaGEU',#5,$,$,$,#4510,#4504,(#4468),$);
#11960= IFCRELCONNECTSWITHREALIZINGELEMENTS('2sYOzj2Df87Rev5hfz4qCD',#5,$,$,$,#4510,#4498,(#4459),$);
#11961= IFCRELCONNECTSWITHREALIZINGELEMENTS('1rNj8xv4T1Vv_cnfmbraSS',#5,$,$,$,#4428,#4405,(#4397),$);
#11962= IFCRELCONNECTSWITHREALIZINGELEMENTS('35FlyrmkbCY9$_ueaiVHHz',#5,$,$,$,#4428,#4422,(#4388),$);
#11963= IFCRELCONNECTSWITHREALIZINGELEMENTS('1C9yGsTZj9kQmPHDdD8UU8',#5,$,$,$,#4428,#4416,(#4379),$);
#11964= IFCRELCONNECTSWITHREALIZINGELEMENTS('2TG5nifk5CmQ794JRASBfG',#5,$,$,$,#4350,#4325,(#4316),$);
#11965= IFCRELCONNECTSWITHREALIZINGELEMENTS('2JxByaPDnBtOB70iDbV5Zr',#5,$,$,$,#4350,#4344,(#4307),$);
#11966= IFCRELCONNECTSWITHREALIZINGELEMENTS('09y3wAzVzD6xgm6vvzI_qx',#5,$,$,$,#4350,#4338,(#4298),$);
#11967= IFCRELCONNECTSWITHREALIZINGELEMENTS('1U0UnAQ_PEOu9mQB$nBxuH',#5,$,$,$,#4265,#4242,(#4234),$);
#11968= IFCRELCONNECTSWITHREALIZINGELEMENTS('1$mpo058TBVP7$OE_BfNCf',#5,$,$,$,#4265,#4259,(#4225),$);
#11969= IFCRELCONNECTSWITHREALIZINGELEMENTS('3jB5Tdxl98yPvu3EJ9aQLG',#5,$,$,$,#4265,#4253,(#4216),$);
#11970= IFCRELCONNECTSWITHREALIZINGELEMENTS('2kyh7sN117pOCTrDgV12wy',#5,$,$,$,#4198,#4173,(#4164),$);
#11971= IFCRELCONNECTSWITHREALIZINGELEMENTS('3v4DcEP$593Qc4Kk_zuiBT',#5,$,$,$,#4198,#4191,(#4155),$);
#11972= IFCRELCONNECTSWITHREALIZINGELEMENTS('1U0_wf_u53vxJ37uER2OQU',#5,$,$,$,#4198,#4185,(#4146),$);
#11973= IFCRELCONNECTSWITHREALIZINGELEMENTS('01adiQw0L0UA9re8etQTm2',#5,$,$,$,#4013,#3990,(#3982),$);
#11974= IFCRELCONNECTSWITHREALIZINGELEMENTS('3neK8z1UvDyBo3MRESVBM7',#5,$,$,$,#4013,#4007,(#3947),$);
#11975= IFCRELCONNECTSWITHREALIZINGELEMENTS('3NJbxhNkrBgvqUfNwA$mdd',#5,$,$,$,#4013,#4001,(#3938),$);
#11976= IFCRELCONNECTSWITHREALIZINGELEMENTS('2BhK4tKSX2$QkvH8DTRtj$',#5,$,$,$,#3918,#3895,(#3887),$);
#11977= IFCRELCONNECTSWITHREALIZINGELEMENTS('1NjzOZkbv798W0xajp1fuf',#5,$,$,$,#3918,#3912,(#3878),$);
#11978= IFCRELCONNECTSWITHREALIZINGELEMENTS('2wExawdDHD1eD2NvEYPB8X',#5,$,$,$,#3918,#3906,(#3869),$);
#11979= IFCRELCONNECTSWITHREALIZINGELEMENTS('1hzgY2k4H6bBV1Ze6vJBAj',#5,$,$,$,#3851,#3828,(#3820),$);
#11980= IFCRELCONNECTSWITHREALIZINGELEMENTS('1DCdO2kZf8LAyOQHGS9EPJ',#5,$,$,$,#3851,#3845,(#3811),$);
#11981= IFCRELCONNECTSWITHREALIZINGELEMENTS('2W2KrNzhPEERPZQy4b1hzV',#5,$,$,$,#3851,#3839,(#3802),$);
#11982= IFCRELCONNECTSWITHREALIZINGELEMENTS('0Hl1KvmOXB1vewd_ehGj9N',#5,$,$,$,#3782,#3759,(#3751),$);
#11983= IFCRELCONNECTSWITHREALIZINGELEMENTS('1ebi$LZun04h61L4ODY2YG',#5,$,$,$,#3782,#3776,(#3697),$);
#11984= IFCRELCONNECTSWITHREALIZINGELEMENTS('0iVWvEDA178AJ57JwUT3qw',#5,$,$,$,#3782,#3770,(#3688),$);
#11985= IFCRELCONNECTSWITHREALIZINGELEMENTS('3vDK$oxOD9LuQYamYYa6zQ',#5,$,$,$,#3668,#3643,(#3634),$);
#11986= IFCRELCONNECTSWITHREALIZINGELEMENTS('3RAYZXIkv8QxRtWef2W$FF',#5,$,$,$,#3668,#3661,(#3580),$);
#11987= IFCRELCONNECTSWITHREALIZINGELEMENTS('07GBpJLpX3f96UuC1FmwPM',#5,$,$,$,#3668,#3655,(#3571),$);
#11988= IFCRELCONNECTSWITHREALIZINGELEMENTS('1Equiqvf1CbxFs7_FpRbms',#5,$,$,$,#3370,#3345,(#3337),$);
#11989= IFCRELCONNECTSWITHREALIZINGELEMENTS('1M_fIwP4fBMhfPJsSTMX0r',#5,$,$,$,#3370,#3363,(#3328),$);
#11990= IFCRELCONNECTSWITHREALIZINGELEMENTS('1ZdldNsd52SxxnaPcfE8Qn',#5,$,$,$,#3370,#3357,(#3319),$);
#11991= IFCRELCONNECTSWITHREALIZINGELEMENTS('0Kk$3OkAX24RJWx$ADnCCy',#5,$,$,$,#3290,#3267,(#3259),$);
#11992= IFCRELCONNECTSWITHREALIZINGELEMENTS('2jqYOffdP6rBptKGHGvUmq',#5,$,$,$,#3290,#3284,(#3250),$);
#11993= IFCRELCONNECTSWITHREALIZINGELEMENTS('08Kv2YMyn01gxZijrzhBl1',#5,$,$,$,#3290,#3278,(#3241),$);
#11994= IFCRELCONNECTSWITHREALIZINGELEMENTS('0ydTTswFn0FBehy50UcpE6',#5,$,$,$,#3221,#3196,(#3187),$);
#11995= IFCRELCONNECTSWITHREALIZINGELEMENTS('1xbpQqZTnCverItb8VNQOp',#5,$,$,$,#3221,#3214,(#3133),$);
#11996= IFCRELCONNECTSWITHREALIZINGELEMENTS('03dFJjiV1CkAXh7T87NC2b',#5,$,$,$,#3221,#3208,(#3124),$);
#11997= IFCRELCONNECTSWITHREALIZINGELEMENTS('0mP1OJJhb9fB8mOSgJdRPg',#5,$,$,$,#2923,#2898,(#2890),$);
#11998= IFCRELCONNECTSWITHREALIZINGELEMENTS('0he7GBjs53fBQjoAwWt$1Q',#5,$,$,$,#2923,#2916,(#2881),$);
#11999= IFCRELCONNECTSWITHREALIZINGELEMENTS('3pw4CuEUH4WPrjdb5QdZh7',#5,$,$,$,#2923,#2910,(#2872),$);
#12000= IFCRELCONNECTSWITHREALIZINGELEMENTS('3Ha8fUtk5FewtAkMWrNjU2',#5,$,$,$,#2854,#2831,(#2823),$);
#12001= IFCRELCONNECTSWITHREALIZINGELEMENTS('03LmgzX4PB3OSb9H$IPnmc',#5,$,$,$,#2854,#2848,(#2814),$);
#12002= IFCRELCONNECTSWITHREALIZINGELEMENTS('34n2mF3RDACQDWBU1OpzVG',#5,$,$,$,#2854,#2842,(#2805),$);
#12003= IFCRELCONNECTSWITHREALIZINGELEMENTS('1xc_FvtRj8oubIB1FS0_Fk',#5,$,$,$,#2768,#2745,(#2737),$);
#12004= IFCRELCONNECTSWITHREALIZINGELEMENTS('09mrvDMr9FuP$C5EZzRxEm',#5,$,$,$,#2768,#2762,(#2728),$);
#12005= IFCRELCONNECTSWITHREALIZINGELEMENTS('1Mv771WXT8DeUjHzbzT61q',#5,$,$,$,#2768,#2756,(#2719),$);
#12006= IFCRELCONNECTSWITHREALIZINGELEMENTS('29VoropsLFwxogHHYwrd37',#5,$,$,$,#2699,#2676,(#2668),$);
#12007= IFCRELCONNECTSWITHREALIZINGELEMENTS('1iFazzDy934feNFViFBg5t',#5,$,$,$,#2699,#2693,(#2659),$);
#12008= IFCRELCONNECTSWITHREALIZINGELEMENTS('02DTAesAr1a9nEHx5XS7Ug',#5,$,$,$,#2699,#2687,(#2650),$);
#12009= IFCRELCONNECTSWITHREALIZINGELEMENTS('2F9v9YNZv5jfgMYIyKyEgj',#5,$,$,$,#2613,#2588,(#2579),$);
#12010= IFCRELCONNECTSWITHREALIZINGELEMENTS('34fdM2bsPF8vMIYX3XaG_f',#5,$,$,$,#2613,#2606,(#2570),$);
#12011= IFCRELCONNECTSWITHREALIZINGELEMENTS('0BR4Rc0EH8$gklbawvdkEk',#5,$,$,$,#2613,#2600,(#2561),$);
#12012= IFCRELCONNECTSWITHREALIZINGELEMENTS('1lpsEyvzv3u9fI3ROt00h2',#5,$,$,$,#2354,#2331,(#2323),$);
#12013= IFCRELCONNECTSWITHREALIZINGELEMENTS('1zTPyUgELCW91cFCXR0gqE',#5,$,$,$,#2354,#2348,(#2314),$);
#12014= IFCRELCONNECTSWITHREALIZINGELEMENTS('33KZUllqP5fwdbrvPrOUZX',#5,$,$,$,#2354,#2342,(#2305),$);
#12015= IFCRELCONNECTSWITHREALIZINGELEMENTS('1$vwLxBhD4BeiIX5x4MyQu',#5,$,$,$,#2276,#2252,(#2244),$);
#12016= IFCRELCONNECTSWITHREALIZINGELEMENTS('2X0H_Aug5CIP1JIuOCQ6h3',#5,$,$,$,#2276,#2270,(#2190),$);
#12017= IFCRELCONNECTSWITHREALIZINGELEMENTS('0UiC24N3D7xwqroPK3FDJZ',#5,$,$,$,#2276,#2264,(#2181),$);
#12018= IFCRELCONNECTSWITHREALIZINGELEMENTS('1Ky$FuScf7DxZcV3A4v75C',#5,$,$,$,#1981,#1958,(#1950),$);
#12019= IFCRELCONNECTSWITHREALIZINGELEMENTS('1IQy9GVEv8j8PWIef6ea6V',#5,$,$,$,#1981,#1975,(#1941),$);
#12020= IFCRELCONNECTSWITHREALIZINGELEMENTS('0TBNanln1DigxiGgM3KatO',#5,$,$,$,#1981,#1969,(#1932),$);
#12021= IFCRELCONNECTSWITHREALIZINGELEMENTS('2WUQXBx$98vvRcSZRFadqJ',#5,$,$,$,#1912,#1889,(#1881),$);
#12022= IFCRELCONNECTSWITHREALIZINGELEMENTS('37VnmMMuX7EQkKq$Ssu2wj',#5,$,$,$,#1912,#1906,(#1872),$);
#12023= IFCRELCONNECTSWITHREALIZINGELEMENTS('0XKB1DKR16qvJD$qTC0Pjp',#5,$,$,$,#1912,#1900,(#1863),$);
#12024= IFCRELCONNECTSWITHREALIZINGELEMENTS('1KVxIYByHCLAkmvE$uH2gW',#5,$,$,$,#1843,#1818,(#1809),$);
#12025= IFCRELCONNECTSWITHREALIZINGELEMENTS('0v9LC$Dkf3Eu9eHXEnxpi6',#5,$,$,$,#1843,#1836,(#1755),$);
#12026= IFCRELCONNECTSWITHREALIZINGELEMENTS('25fL_CQ911oeQl6qqOGyv8',#5,$,$,$,#1843,#1830,(#1746),$);
#12027= IFCRELCONNECTSWITHREALIZINGELEMENTS('2v99gw$iz27eazlQ9HiwrJ',#5,$,$,$,#1535,#1510,(#1502),$);
#12028= IFCRELCONNECTSWITHREALIZINGELEMENTS('22lInf_ZH8JAd2WU1pVhs3',#5,$,$,$,#1535,#1528,(#1493),$);
#12029= IFCRELCONNECTSWITHREALIZINGELEMENTS('2$UE9iUX539ww3$vyU4RTA',#5,$,$,$,#1535,#1522,(#1484),$);
#12030= IFCRELCONNECTSWITHREALIZINGELEMENTS('3Nk8wHk_D95QbdqJJh4ROE',#5,$,$,$,#1451,#1426,(#1417),$);
#12031= IFCRELCONNECTSWITHREALIZINGELEMENTS('3naxQlqbvBt9XzFraw__Uj',#5,$,$,$,#1451,#1444,(#1363),$);
#12032= IFCRELCONNECTSWITHREALIZINGELEMENTS('0ojYRKaFT5PANulR2lFIUj',#5,$,$,$,#1451,#1438,(#1354),$);
#12033= IFCRELCONNECTSWITHREALIZINGELEMENTS('0MW9g6BrT8pO0wVUflv1cR',#5,$,$,$,#1153,#1130,(#1122),$);
#12034= IFCRELCONNECTSWITHREALIZINGELEMENTS('2N865IppH6eRXblZJGktJT',#5,$,$,$,#1153,#1147,(#1113),$);
#12035= IFCRELCONNECTSWITHREALIZINGELEMENTS('3YHVXHbAz0LxMzcg3u5mIr',#5,$,$,$,#1153,#1141,(#1104),$);
#12036= IFCRELCONNECTSWITHREALIZINGELEMENTS('1BhN2pos1FB9OlQQdI3uwe',#5,$,$,$,#1084,#1061,(#1053),$);
#12037= IFCRELCONNECTSWITHREALIZINGELEMENTS('3TMmNHixj07BtwT1EhOZAj',#5,$,$,$,#1084,#1078,(#1044),$);
#12038= IFCRELCONNECTSWITHREALIZINGELEMENTS('2BQon04arDZBCllhccKPzv',#5,$,$,$,#1084,#1072,(#1035),$);
#12039= IFCRELCONNECTSWITHREALIZINGELEMENTS('3n16jf_zLDke_LhUrQMLU9',#5,$,$,$,#1015,#992,(#984),$);
#12040= IFCRELCONNECTSWITHREALIZINGELEMENTS('2FuSiSE9X3LP$x$z_vjuH8',#5,$,$,$,#1015,#1009,(#949),$);
#12041= IFCRELCONNECTSWITHREALIZINGELEMENTS('0XhOf3I$T9GQnnEs2TAhvN',#5,$,$,$,#1015,#1003,(#940),$);
#12042= IFCRELCONNECTSWITHREALIZINGELEMENTS('3OFb6lxHPEIR6_IcygbQte',#5,$,$,$,#920,#897,(#889),$);
#12043= IFCRELCONNECTSWITHREALIZINGELEMENTS('0naNaqumT2QxnCT4zNTIHG',#5,$,$,$,#920,#914,(#854),$);
#12044= IFCRELCONNECTSWITHREALIZINGELEMENTS('2Zdj3xB1XEkRtZY8gc9z9v',#5,$,$,$,#920,#908,(#845),$);
#12045= IFCRELCONNECTSWITHREALIZINGELEMENTS('0AKCJu9Zv3ffsmRzXIT0oQ',#5,$,$,$,#825,#799,(#791),$);
#12046= IFCRELCONNECTSWITHREALIZINGELEMENTS('3j4p6nTdH5EQ4zcb5GQFAF',#5,$,$,$,#825,#818,(#736),$);
#12047= IFCRELCONNECTSWITHREALIZINGELEMENTS('3bnosp_Kr9Be4sJhICHcnH',#5,$,$,$,#825,#812,(#727),$);
#12048= IFCRELCONNECTSWITHREALIZINGELEMENTS('25wQ_LJh5AMPiuXgJn4SXW',#5,$,$,$,#698,#402,(#385),$);
#12049= IFCRELCONNECTSWITHREALIZINGELEMENTS('1D$Nlp5GD1sPM$7BFWjiFu',#5,$,$,$,#698,#687,(#328),$);
#12050= IFCRELCONNECTSWITHREALIZINGELEMENTS('0Sw5QsR8n4ZfoUPro_xpBY',#5,$,$,$,#698,#678,(#304),$);
#12051= IFCRELDEFINESBYPROPERTIES('0FJowG7k5BWApV0RE5QzmN',#5,$,$,(#11480,#11472,#11457,#11441,#11399,#11384,#11368,#11352,#11337,#11322,#11306,#11261,#11217,#11202,#11190,#11175,#11160,#11152,#11137,#11124,#11113,#11102,#11038,#11023,#11008,#10993,#10982,#10974,#10959,#10913,#10897,#10882,#10766,#10751,#10736,#10511,#10496,#10481,#10465,#10450,#10435,#10422,#10407,#10392,#10377,#10361,#10353,#10342,#10290,#10196,#10181,#10166,#10151,#10140,#10124,#10109,#10036,#10025,#10010,#9958,#9943,#9928,#9787,#9720,#9660,#9649,#9641,#9625,#9610,#9501,#9486,#9412,#9364,#9349,#9334,#9319,#9304,#9288,#9273,#9156,#9147,#9138,#9129,#9113,#9101,#9089,#9081,#9025,#9017,#9009,#9001,#8993,#8982,#8971,#8963,#8955,#8947,#8939,#8931,#8920,#8909,#8901,#8893,#8885,#8877,#8862,#8854,#8845,#8837,#8829,#8818,#8807,#8792,#8781,#8770,#8754,#8739,#8731,#8716,#8701,#8689,#8680,#8668,#8657,#8645,#8634,#8622,#8607,#8599,#8583,#8567,#8555,#8547,#8531,#8523,#8512,#8504,#8496,#8488,#8480,#8469,#8457,#8442,#8427,#8410,#8398,#8382,#8371,#8360,#8349,#8338,#8327,#8316,#8308,#8297,#8286,#8274,#8263,#8252,#8241,#8233,#8222,#8211,#8200,#8192,#8181,#8170,#8159,#8148,#8137,#8126,#8115,#8104,#8089,#8073,#8056,#8041,#8026,#8011,#7964,#7952,#7944,#7936,#7928,#7920,#7912,#7904,#7889,#7875,#7706,#7578,#7483,#7443,#7434,#7426,#7418,#7404,#7396,#7388,#7380,#7371,#7363,#7355,#7344,#7328,#7317,#7309,#7301,#7290,#7282,#7268,#7236,#7207,#7178,#7156,#7147,#7116,#7075,#7046,#7024,#7015,#6984,#6955,#6924,#6902,#6891,#6860,#6829,#6798,#6709,#6662,#6653,#6645,#6637,#6629,#6621,#6613,#6605,#6597,#6589,#6581,#6573,#6565,#6557,#6549,#6541,#6533,#6525,#6517,#6509,#6501,#6493,#6485,#6477,#6469,#6461,#6453,#6445,#6429,#6408,#6400,#6385,#6377,#6368,#6354,#6346,#6332,#6317,#6309,#6301,#6293,#6277,#6266,#6250,#6239,#6223,#6212,#6196,#6185,#6170,#6159,#6148,#6132,#6117,#6102,#6080,#6022,#6011,#5953,#5942,#5884,#5862,#5804,#5793,#5735,#5726,#5668,#5657,#5599,#5577,#5519,#5497,#5439,#5417,#5359,#5348,#5290,#5268,#5210,#5188,#5130,#5108,#5050,#4985,#4920,#4855,#4790,#4725,#4660,#4595,#4530,#4450,#4430,#4372,#4352,#4289,#4267,#4209,#4200,#4038,#4015,#3931,#3920,#3862,#3853,#3795,#3784,#3681,#3670,#3395,#3372,#3310,#3234,#3223,#2948,#2925,#2863,#2798,#2770,#2712,#2701,#2643,#2615,#2385,#2356,#2298,#2278,#2005,#1983,#1925,#1914,#1856,#1845,#1570,#1537,#1475,#1453,#1178,#1155,#1097,#1086,#1028,#1017,#933,#922,#838,#827,#718,#707,#124,#46),#48);
#12052= IFCRELDEFINESBYPROPERTIES('3LcKJKJpP9yhneO$yHWzu6',#5,$,$,(#11480,#11472,#11457,#11441,#11399,#11384,#11368,#11352,#11337,#11322,#11306,#11261,#11217,#11202,#11190,#11175,#11160,#11152,#11137,#11124,#11113,#11102,#11038,#11023,#11008,#10993,#10982,#10974,#10959,#10913,#10897,#10882,#10766,#10751,#10736,#10511,#10496,#10481,#10465,#10450,#10435,#10422,#10407,#10392,#10377,#10361,#10353,#10342,#10290,#10196,#10181,#10166,#10151,#10140,#10124,#10109,#10036,#10025,#10010,#9958,#9943,#9928,#9787,#9720,#9660,#9649,#9641,#9625,#9610,#9501,#9486,#9412,#9364,#9349,#9334,#9319,#9304,#9288,#9273,#9156,#9147,#9138,#9129,#9113,#9101,#9089,#9081,#9025,#9017,#9009,#9001,#8993,#8982,#8971,#8963,#8955,#8947,#8939,#8931,#8920,#8909,#8901,#8893,#8885,#8877,#8862,#8854,#8845,#8837,#8829,#8818,#8807,#8792,#8781,#8770,#8754,#8739,#8731,#8716,#8701,#8689,#8680,#8668,#8657,#8645,#8634,#8622,#8607,#8599,#8583,#8567,#8555,#8547,#8531,#8523,#8512,#8504,#8496,#8488,#8480,#8469,#8457,#8442,#8427,#8410,#8398,#8382,#8371,#8360,#8349,#8338,#8327,#8316,#8308,#8297,#8286,#8274,#8263,#8252,#8241,#8233,#8222,#8211,#8200,#8192,#8181,#8170,#8159,#8148,#8137,#8126,#8115,#8104,#8089,#8073,#8056,#8041,#8026,#8011,#7964,#7952,#7944,#7936,#7928,#7920,#7912,#7904,#7889,#7875,#7706,#7578,#7483,#7443,#7434,#7426,#7418,#7404,#7396,#7388,#7380,#7371,#7363,#7355,#7344,#7328,#7317,#7309,#7301,#7290,#7282,#7268,#7236,#7207,#7178,#7156,#7147,#7116,#7075,#7046,#7024,#7015,#6984,#6955,#6924,#6902,#6891,#6860,#6829,#6798,#6709,#6662,#6653,#6645,#6637,#6629,#6621,#6613,#6605,#6597,#6589,#6581,#6573,#6565,#6557,#6549,#6541,#6533,#6525,#6517,#6509,#6501,#6493,#6485,#6477,#6469,#6461,#6453,#6445,#6429,#6408,#6400,#6385,#6377,#6368,#6354,#6346,#6332,#6317,#6309,#6301,#6293,#6277,#6266,#6250,#6239,#6223,#6212,#6196,#6185,#6170,#6159,#6148,#6132,#6117,#6102,#6080,#6022,#6011,#5953,#5942,#5884,#5862,#5804,#5793,#5735,#5726,#5668,#5657,#5599,#5577,#5519,#5497,#5439,#5417,#5359,#5348,#5290,#5268,#5210,#5188,#5130,#5108,#5050,#4985,#4920,#4855,#4790,#4725,#4660,#4595,#4530,#4450,#4430,#4372,#4352,#4289,#4267,#4209,#4200,#4038,#4015,#3931,#3920,#3862,#3853,#3795,#3784,#3681,#3670,#3395,#3372,#3310,#3234,#3223,#2948,#2925,#2863,#2798,#2770,#2712,#2701,#2643,#2615,#2385,#2356,#2298,#2278,#2005,#1983,#1925,#1914,#1856,#1845,#1570,#1537,#1475,#1453,#1178,#1155,#1097,#1086,#1028,#1017,#933,#922,#838,#827,#718,#707,#124,#46),#50);
#12053= IFCRELDEFINESBYPROPERTIES('0kZCx3jTjFAuXJxP9fBMMs',#5,$,$,(#46),#54);
#12054= IFCRELDEFINESBYPROPERTIES('1EvXu6qO5AyPVGvQSo5Pzb',#5,$,$,(#6020,#5951,#5882,#5802,#5733,#5666,#5597,#5517,#5437,#5357,#5288,#5208,#5128,#5048,#4983,#4918,#4853,#4788,#4723,#4658,#4593,#4528,#4448,#4370,#4287,#4207,#4036,#3929,#3860,#3793,#3679,#3393,#3308,#3232,#2946,#2861,#2796,#2710,#2641,#2383,#2296,#2003,#1923,#1854,#1568,#1473,#1176,#1095,#1026,#931,#836,#716,#106),#113);
#12055= IFCRELDEFINESBYPROPERTIES('2XxtKT6Pz1juVTJosTdlEw',#5,$,$,(#7738,#7610,#7481,#7245,#7214,#7185,#7154,#7125,#7094,#7053,#7022,#6993,#6962,#6933,#6900,#6869,#6838,#6807,#6704,#6020,#5951,#5882,#5802,#5733,#5666,#5597,#5517,#5437,#5357,#5288,#5208,#5128,#5048,#4983,#4918,#4853,#4788,#4723,#4658,#4593,#4528,#4448,#4370,#4287,#4207,#4036,#3929,#3860,#3793,#3679,#3393,#3308,#3232,#2946,#2861,#2796,#2710,#2641,#2383,#2296,#2003,#1923,#1854,#1568,#1473,#1176,#1095,#1026,#931,#836,#716,#106),#116);
#12056= IFCRELDEFINESBYPROPERTIES('2zZFXUYvr8hf1ws5RCqj_z',#5,$,$,(#7738,#7610,#7481,#7245,#7214,#7185,#7154,#7125,#7094,#7053,#7022,#6993,#6962,#6933,#6900,#6869,#6838,#6807,#6704,#6020,#5951,#5882,#5802,#5733,#5666,#5597,#5517,#5437,#5357,#5288,#5208,#5128,#5048,#4983,#4918,#4853,#4788,#4723,#4658,#4593,#4528,#4448,#4370,#4287,#4207,#4036,#3929,#3860,#3793,#3679,#3393,#3308,#3232,#2946,#2861,#2796,#2710,#2641,#2383,#2296,#2003,#1923,#1854,#1568,#1473,#1176,#1095,#1026,#931,#836,#716,#106),#121);
#12057= IFCRELDEFINESBYPROPERTIES('3HIiOy5wfADwPaLrudhoTb',#5,$,$,(#6022,#5953,#5884,#5804,#5735,#5668,#5599,#5519,#5439,#5359,#5290,#5210,#5130,#5050,#4985,#4920,#4855,#4790,#4725,#4660,#4595,#4530,#4450,#4372,#4289,#4209,#4038,#3931,#3862,#3795,#3681,#3395,#3310,#3234,#2948,#2863,#2798,#2712,#2643,#2385,#2298,#2005,#1925,#1856,#1570,#1475,#1178,#1097,#1028,#933,#838,#718,#124),#126);
#12058= IFCRELDEFINESBYPROPERTIES('30d_YmTIj5lh2AWRafQPKs',#5,$,$,(#304),#321);
#12059= IFCRELDEFINESBYPROPERTIES('0Ro49dfaD3GflDpLHEZ2mn',#5,$,$,(#328),#330);
#12060= IFCRELDEFINESBYPROPERTIES('11L8w5oYb0nOoeaC8ZFQlo',#5,$,$,(#385),#391);
#12061= IFCRELDEFINESBYPROPERTIES('0nwRVF9pj8ugD90yB93Ctn',#5,$,$,(#11434,#11300,#11256,#11099,#11079,#10954,#10877,#10872,#10846,#10841,#10816,#10811,#10731,#10726,#10691,#10686,#10660,#10655,#10629,#10624,#10596,#10591,#10561,#10548,#10337,#10315,#10285,#10256,#10235,#10102,#10083,#10060,#10007,#9986,#9923,#9901,#9871,#9848,#9818,#9782,#9761,#9715,#9692,#9605,#9574,#9542,#9483,#9454,#9405,#9268,#9255,#9217,#9204,#9076,#7870,#7825,#7689,#7637,#7573,#7264,#7233,#7204,#7175,#7144,#7113,#7072,#7043,#7012,#6981,#6952,#6921,#6888,#6857,#6826,#6792,#6059,#5990,#5921,#5841,#5772,#5705,#5636,#5556,#5476,#5396,#5327,#5247,#5167,#5087,#5022,#4957,#4892,#4827,#4762,#4697,#4632,#4567,#4489,#4409,#4329,#4246,#4177,#3994,#3899,#3832,#3763,#3647,#3349,#3271,#3200,#2902,#2835,#2749,#2680,#2592,#2335,#2256,#1962,#1893,#1822,#1514,#1430,#1134,#1065,#996,#901,#803,#415),#421);
#12062= IFCRELDEFINESBYPROPERTIES('3Ro3tT02b1ygutCer7HOKC',#5,$,$,(#6055,#5986,#5917,#5837,#5768,#5701,#5632,#5552,#5472,#5392,#5323,#5243,#5163,#5083,#5018,#4953,#4888,#4823,#4758,#4693,#4628,#4563,#4485,#4405,#4325,#4242,#4173,#3990,#3895,#3828,#3759,#3643,#3345,#3267,#3196,#2898,#2831,#2745,#2676,#2588,#2331,#2252,#1958,#1889,#1818,#1510,#1426,#1130,#1061,#992,#897,#799,#402),#426);
#12063= IFCRELDEFINESBYPROPERTIES('2dusFpWXH9cg5QZcJyl0$V',#5,$,$,(#11486,#11478,#11468,#11453,#11422,#11408,#11395,#11380,#11364,#11348,#11333,#11318,#11288,#11272,#11244,#11228,#11213,#11200,#11186,#11171,#11158,#11148,#11133,#11122,#11111,#11095,#11067,#11049,#11034,#11019,#11004,#10991,#10980,#10970,#10942,#10924,#10909,#10893,#10868,#10837,#10799,#10777,#10762,#10747,#10714,#10682,#10651,#10620,#10587,#10544,#10522,#10507,#10492,#10477,#10461,#10446,#10431,#10418,#10403,#10388,#10373,#10359,#10351,#10333,#10311,#10296,#10273,#10252,#10223,#10207,#10192,#10177,#10162,#10149,#10136,#10120,#10098,#10079,#10056,#10042,#10034,#10021,#10003,#9982,#9968,#9954,#9939,#9919,#9889,#9867,#9836,#9814,#9798,#9778,#9749,#9732,#9711,#9680,#9666,#9658,#9647,#9637,#9621,#9593,#9562,#9530,#9512,#9497,#9471,#9442,#9424,#9393,#9376,#9360,#9345,#9330,#9315,#9300,#9284,#9243,#9192,#9168,#9153,#9144,#9135,#9125,#9110,#9099,#9087,#9045,#9031,#9023,#9015,#9007,#8999,#8991,#8980,#8969,#8961,#8953,#8945,#8937,#8929,#8918,#8907,#8899,#8891,#8883,#8873,#8860,#8852,#8843,#8835,#8827,#8816,#8803,#8790,#8779,#8766,#8750,#8737,#8727,#8712,#8699,#8687,#8678,#8666,#8655,#8643,#8632,#8618,#8605,#8595,#8579,#8565,#8553,#8543,#8529,#8521,#8510,#8502,#8494,#8486,#8478,#8467,#8453,#8438,#8423,#8408,#8394,#8380,#8369,#8358,#8347,#8336,#8325,#8314,#8306,#8295,#8284,#8272,#8261,#8250,#8239,#8231,#8220,#8209,#8198,#8190,#8179,#8168,#8157,#8146,#8135,#8124,#8113,#8100,#8085,#8069,#8052,#8037,#8022,#8008,#8002,#7996,#7988,#7842,#7813,#7702,#7653,#7625,#7561,#7260,#7229,#7200,#7171,#7140,#7109,#7068,#7039,#7008,#6977,#6948,#6917,#6884,#6853,#6822,#6779,#6078,#6072,#6066,#6055,#6009,#6003,#5997,#5986,#5940,#5934,#5928,#5917,#5860,#5854,#5848,#5837,#5791,#5785,#5779,#5768,#5724,#5718,#5712,#5701,#5655,#5649,#5643,#5632,#5575,#5569,#5563,#5552,#5495,#5489,#5483,#5472,#5415,#5409,#5403,#5392,#5346,#5340,#5334,#5323,#5266,#5260,#5254,#5243,#5186,#5180,#5174,#5163,#5106,#5100,#5094,#5083,#5041,#5035,#5029,#5018,#4976,#4970,#4964,#4953,#4911,#4905,#4899,#4888,#4846,#4840,#4834,#4823,#4781,#4775,#4769,#4758,#4716,#4710,#4704,#4693,#4651,#4645,#4639,#4628,#4586,#4580,#4574,#4563,#4510,#4504,#4498,#4485,#4428,#4422,#4416,#4405,#4350,#4344,#4338,#4325,#4265,#4259,#4253,#4242,#4198,#4191,#4185,#4173,#4013,#4007,#4001,#3990,#3918,#3912,#3906,#3895,#3851,#3845,#3839,#3828,#3782,#3776,#3770,#3759,#3668,#3661,#3655,#3643,#3370,#3363,#3357,#3345,#3290,#3284,#3278,#3267,#3221,#3214,#3208,#3196,#2923,#2916,#2910,#2898,#2854,#2848,#2842,#2831,#2768,#2762,#2756,#2745,#2699,#2693,#2687,#2676,#2613,#2606,#2600,#2588,#2354,#2348,#2342,#2331,#2276,#2270,#2264,#2252,#1981,#1975,#1969,#1958,#1912,#1906,#1900,#1889,#1843,#1836,#1830,#1818,#1535,#1528,#1522,#1510,#1451,#1444,#1438,#1426,#1153,#1147,#1141,#1130,#1084,#1078,#1072,#1061,#1015,#1009,#1003,#992,#920,#914,#908,#897,#825,#818,#812,#799,#698,#687,#678,#402),#429);
#12064= IFCRELDEFINESBYPROPERTIES('1kFoOgiPbCqegxO$UkDbJU',#5,$,$,(#6072,#6066,#6003,#5997,#5934,#5928,#5854,#5848,#5785,#5779,#5718,#5712,#5649,#5643,#5569,#5563,#5489,#5483,#5409,#5403,#5340,#5334,#5260,#5254,#5180,#5174,#5100,#5094,#5035,#5029,#4970,#4964,#4905,#4899,#4840,#4834,#4775,#4769,#4710,#4704,#4645,#4639,#4580,#4574,#4504,#4498,#4422,#4416,#4344,#4338,#4259,#4253,#4191,#4185,#4007,#4001,#3912,#3906,#3845,#3839,#3776,#3770,#3661,#3655,#3363,#3357,#3284,#3278,#3214,#3208,#2916,#2910,#2848,#2842,#2762,#2756,#2693,#2687,#2606,#2600,#2348,#2342,#2270,#2264,#1975,#1969,#1906,#1900,#1836,#1830,#1528,#1522,#1444,#1438,#1147,#1141,#1078,#1072,#1009,#1003,#914,#908,#818,#812,#687,#678),#681);
#12065= IFCRELDEFINESBYPROPERTIES('3oSvvcA2b39wgpP8mPH6q1',#5,$,$,(#6078,#6009,#5940,#5860,#5791,#5724,#5655,#5575,#5495,#5415,#5346,#5266,#5186,#5106,#5041,#4976,#4911,#4846,#4781,#4716,#4651,#4586,#4510,#4428,#4350,#4265,#4198,#4013,#3918,#3851,#3782,#3668,#3370,#3290,#3221,#2923,#2854,#2768,#2699,#2613,#2354,#2276,#1981,#1912,#1843,#1535,#1451,#1153,#1084,#1015,#920,#825,#698),#701);
#12066= IFCRELDEFINESBYPROPERTIES('3j2HsXmAT8_ukwWnHHOdw0',#5,$,$,(#11486,#11478,#11468,#11453,#11408,#11395,#11380,#11364,#11348,#11333,#11318,#11288,#11272,#11244,#11228,#11213,#11200,#11186,#11171,#11158,#11148,#11133,#11122,#11111,#11049,#11034,#11019,#11004,#10991,#10980,#10970,#10924,#10909,#10893,#10868,#10837,#10799,#10777,#10762,#10747,#10714,#10682,#10651,#10620,#10587,#10522,#10507,#10492,#10477,#10461,#10446,#10431,#10418,#10403,#10388,#10373,#10359,#10351,#10333,#10311,#10296,#10207,#10192,#10177,#10162,#10149,#10136,#10120,#10042,#10034,#10021,#10003,#9982,#9968,#9954,#9939,#9919,#9889,#9814,#9798,#9778,#9749,#9732,#9711,#9680,#9666,#9658,#9647,#9637,#9621,#9593,#9562,#9512,#9497,#9471,#9442,#9424,#9376,#9360,#9345,#9330,#9315,#9300,#9284,#9243,#9168,#9153,#9144,#9135,#9125,#9110,#9099,#9087,#9045,#9031,#9023,#9015,#9007,#8999,#8991,#8980,#8969,#8961,#8953,#8945,#8937,#8929,#8918,#8907,#8899,#8891,#8883,#8873,#8860,#8852,#8843,#8835,#8827,#8816,#8803,#8790,#8779,#8766,#8750,#8737,#8727,#8712,#8699,#8687,#8678,#8666,#8655,#8643,#8632,#8618,#8605,#8595,#8579,#8565,#8553,#8543,#8529,#8521,#8510,#8502,#8494,#8486,#8478,#8467,#8453,#8438,#8423,#8408,#8394,#8380,#8369,#8358,#8347,#8336,#8325,#8314,#8306,#8295,#8284,#8272,#8261,#8250,#8239,#8231,#8220,#8209,#8198,#8190,#8179,#8168,#8157,#8146,#8135,#8124,#8113,#8100,#8085,#8069,#8052,#8037,#8022,#8008,#8002,#7996,#7988,#7975,#7960,#7950,#7942,#7934,#7926,#7918,#7910,#7900,#7885,#7842,#7702,#7653,#7440,#7432,#7424,#7414,#7402,#7394,#7386,#7378,#7369,#7361,#7353,#7340,#7326,#7315,#7307,#7297,#7288,#7278,#6659,#6651,#6643,#6635,#6627,#6619,#6611,#6603,#6595,#6587,#6579,#6571,#6563,#6555,#6547,#6539,#6531,#6523,#6515,#6507,#6499,#6491,#6483,#6475,#6467,#6459,#6451,#6441,#6420,#6406,#6396,#6383,#6375,#6364,#6352,#6342,#6328,#6315,#6307,#6299,#6289,#6275,#6262,#6248,#6235,#6221,#6208,#6194,#6181,#6168,#6157,#6144,#6128,#6113,#6093,#6078,#6009,#5940,#5860,#5791,#5724,#5655,#5575,#5495,#5415,#5346,#5266,#5186,#5106,#5041,#4976,#4911,#4846,#4781,#4716,#4651,#4586,#4510,#4428,#4350,#4265,#4198,#4013,#3918,#3851,#3782,#3668,#3370,#3290,#3221,#2923,#2854,#2768,#2699,#2613,#2354,#2276,#1981,#1912,#1843,#1535,#1451,#1153,#1084,#1015,#920,#825,#698),#704);
#12067= IFCRELDEFINESBYPROPERTIES('1b1vPxqyvA1Qleqij0iiyK',#5,$,$,(#11486,#11478,#11468,#11453,#11422,#11408,#11395,#11380,#11364,#11348,#11333,#11318,#11272,#11228,#11213,#11200,#11186,#11171,#11158,#11148,#11133,#11122,#11111,#11095,#11067,#11049,#11034,#11019,#11004,#10991,#10980,#10970,#10942,#10924,#10909,#10893,#10868,#10837,#10799,#10777,#10762,#10747,#10714,#10682,#10651,#10620,#10544,#10522,#10507,#10492,#10477,#10461,#10446,#10431,#10418,#10403,#10388,#10373,#10359,#10351,#10296,#10273,#10252,#10223,#10207,#10192,#10177,#10162,#10149,#10136,#10120,#10098,#10079,#10056,#10042,#10034,#10021,#10003,#9982,#9968,#9954,#9939,#9919,#9889,#9867,#9836,#9814,#9798,#9778,#9749,#9732,#9666,#9658,#9647,#9637,#9621,#9530,#9512,#9497,#9471,#9442,#9424,#9393,#9376,#9360,#9345,#9330,#9315,#9300,#9284,#9243,#9192,#9168,#9153,#9144,#9135,#9125,#9110,#9099,#9087,#9045,#9031,#9023,#9015,#9007,#8999,#8991,#8980,#8969,#8961,#8953,#8945,#8937,#8929,#8918,#8907,#8899,#8891,#8883,#8873,#8860,#8852,#8843,#8835,#8827,#8816,#8803,#8790,#8779,#8766,#8750,#8737,#8727,#8712,#8699,#8687,#8678,#8666,#8655,#8643,#8632,#8618,#8605,#8595,#8579,#8565,#8553,#8543,#8529,#8521,#8510,#8502,#8494,#8486,#8478,#8467,#8453,#8438,#8423,#8408,#8394,#8380,#8369,#8358,#8347,#8336,#8325,#8314,#8306,#8295,#8284,#8272,#8261,#8250,#8239,#8231,#8220,#8209,#8198,#8190,#8179,#8168,#8157,#8146,#8135,#8124,#8113,#8100,#8085,#8069,#8052,#8037,#8022,#8008,#8002,#7996,#7988,#7975,#7960,#7950,#7942,#7934,#7926,#7918,#7910,#7900,#7885,#7842,#7702,#7653,#7440,#7432,#7424,#7414,#7402,#7394,#7386,#7378,#7369,#7361,#7353,#7340,#7326,#7315,#7307,#7297,#7288,#7278,#6659,#6651,#6643,#6635,#6627,#6619,#6611,#6603,#6595,#6587,#6579,#6571,#6563,#6555,#6547,#6539,#6531,#6523,#6515,#6507,#6499,#6491,#6483,#6475,#6467,#6459,#6451,#6441,#6420,#6406,#6396,#6383,#6375,#6364,#6352,#6342,#6328,#6315,#6307,#6299,#6289,#6275,#6262,#6248,#6235,#6221,#6208,#6194,#6181,#6168,#6157,#6144,#6128,#6113,#6093,#6078,#6009,#5940,#5860,#5791,#5724,#5655,#5575,#5495,#5415,#5346,#5266,#5186,#5106,#5041,#4976,#4911,#4846,#4781,#4716,#4651,#4586,#4510,#4428,#4350,#4265,#4198,#4013,#3918,#3851,#3782,#3668,#3370,#3290,#3221,#2923,#2854,#2768,#2699,#2613,#2354,#2276,#1981,#1912,#1843,#1535,#1451,#1153,#1084,#1015,#920,#825,#698),#705);
#12068= IFCRELDEFINESBYPROPERTIES('3HQ_2NSyrD18JkoUVjmOAz',#5,$,$,(#707),#709);
#12069= IFCRELDEFINESBYPROPERTIES('3v34RbxcbAEeRXebkUvwge',#5,$,$,(#727),#729);
#12070= IFCRELDEFINESBYPROPERTIES('0Rj$ngYLH0YwaQVPUUQ0_A',#5,$,$,(#736),#738);
#12071= IFCRELDEFINESBYPROPERTIES('3o1yw7$Lb5vBKxt3zWGOMN',#5,$,$,(#791),#793);
#12072= IFCRELDEFINESBYPROPERTIES('25vuumAmPC58H$jD2uFEDj',#5,$,$,(#827),#829);
#12073= IFCRELDEFINESBYPROPERTIES('2FzXdTDQHFgws13vxh2yQ2',#5,$,$,(#845),#847);
#12074= IFCRELDEFINESBYPROPERTIES('1FAAV9GBXBsfveWJAWIhok',#5,$,$,(#854),#856);
#12075= IFCRELDEFINESBYPROPERTIES('1Vpo_bNFP6RPftjPNdliFb',#5,$,$,(#889),#891);
#12076= IFCRELDEFINESBYPROPERTIES('1xXtEeYAL4iA_7P41wmQnI',#5,$,$,(#1537,#922),#924);
#12077= IFCRELDEFINESBYPROPERTIES('25_8KrtCvDc8DtvwxonbXf',#5,$,$,(#940),#942);
#12078= IFCRELDEFINESBYPROPERTIES('3MxGhBcHLA_fYXShjSfsYZ',#5,$,$,(#949),#951);
#12079= IFCRELDEFINESBYPROPERTIES('2hOTF0qSP7yREZadXR5og3',#5,$,$,(#984),#986);
#12080= IFCRELDEFINESBYPROPERTIES('24mfx1gQjA68Ukb5c2fBMD',#5,$,$,(#1017),#1019);
#12081= IFCRELDEFINESBYPROPERTIES('0FsAR6CJn7UvzlPh$FNS0I',#5,$,$,(#1035),#1037);
#12082= IFCRELDEFINESBYPROPERTIES('0L4KoqjgH1gwnIoCVt8z5J',#5,$,$,(#1044),#1046);
#12083= IFCRELDEFINESBYPROPERTIES('2T2arDoRD1OQbO8DjaiN1u',#5,$,$,(#1053),#1055);
#12084= IFCRELDEFINESBYPROPERTIES('2nF0uAUK1Alx0q850anBnN',#5,$,$,(#1086),#1088);
#12085= IFCRELDEFINESBYPROPERTIES('2TYM707QfAWAx84Zh_6oEU',#5,$,$,(#1104),#1106);
#12086= IFCRELDEFINESBYPROPERTIES('1c3WkFMw57Gg5QxmFJjI5U',#5,$,$,(#1113),#1115);
#12087= IFCRELDEFINESBYPROPERTIES('3e3Rj8YLv5nBj0mQV0hJ$r',#5,$,$,(#1122),#1124);
#12088= IFCRELDEFINESBYPROPERTIES('2LsHwh$8rCtOAqjwPlbvp_',#5,$,$,(#1155),#1157);
#12089= IFCRELDEFINESBYPROPERTIES('008ZT$Jnj4Wh41OyvoZsHG',#5,$,$,(#1354),#1356);
#12090= IFCRELDEFINESBYPROPERTIES('3GvCL_4$n4hOBOSuMolngC',#5,$,$,(#1363),#1365);
#12091= IFCRELDEFINESBYPROPERTIES('2PGif4bb9EGRfecKOYUyV9',#5,$,$,(#1417),#1419);
#12092= IFCRELDEFINESBYPROPERTIES('0TtHVM8BDFOB3eZwTjtQ55',#5,$,$,(#1453),#1455);
#12093= IFCRELDEFINESBYPROPERTIES('3IwVyWRejEdOWwTVAVsQ6k',#5,$,$,(#1484),#1486);
#12094= IFCRELDEFINESBYPROPERTIES('2CpEScKL94yx$xK5xoR_YJ',#5,$,$,(#1493),#1495);
#12095= IFCRELDEFINESBYPROPERTIES('1XNHW9yXbC8hYE9VxbdZVt',#5,$,$,(#1502),#1504);
#12096= IFCRELDEFINESBYPROPERTIES('3sEdgICJX1080hiTEsIhFZ',#5,$,$,(#1746),#1748);
#12097= IFCRELDEFINESBYPROPERTIES('3Dc_UZrTjADxMIcaE6wLyo',#5,$,$,(#1755),#1757);
#12098= IFCRELDEFINESBYPROPERTIES('1cp2_q2r5CzfC4T$7Yz49e',#5,$,$,(#1809),#1811);
#12099= IFCRELDEFINESBYPROPERTIES('2L7axIgyn3veLQzOQftdDh',#5,$,$,(#1845),#1847);
#12100= IFCRELDEFINESBYPROPERTIES('1S3kDMgTbENQhJKFHZtelc',#5,$,$,(#1863),#1865);
#12101= IFCRELDEFINESBYPROPERTIES('23jqOneqDBFPFuxL3oUuAl',#5,$,$,(#1872),#1874);
#12102= IFCRELDEFINESBYPROPERTIES('2g_dEQy3v0UQkb4ZRnPBah',#5,$,$,(#1881),#1883);
#12103= IFCRELDEFINESBYPROPERTIES('33WUo1Nx526hrQmhiZEVmK',#5,$,$,(#1914),#1916);
#12104= IFCRELDEFINESBYPROPERTIES('0oAd8XaA1Dv9rqgMtHt7$X',#5,$,$,(#1932),#1934);
#12105= IFCRELDEFINESBYPROPERTIES('2NBSgBHcv85QEkgliKJwkB',#5,$,$,(#1941),#1943);
#12106= IFCRELDEFINESBYPROPERTIES('0a2rFN5h58rBzAk$tSGDIf',#5,$,$,(#1950),#1952);
#12107= IFCRELDEFINESBYPROPERTIES('3V89eKMf583RlL0u5vzhWC',#5,$,$,(#2278,#1983),#1985);
#12108= IFCRELDEFINESBYPROPERTIES('3zrqAkdcz7uRJTdYEI1hB4',#5,$,$,(#2181),#2183);
#12109= IFCRELDEFINESBYPROPERTIES('2c3nmUejLB3RNIfbbwC3Z$',#5,$,$,(#2190),#2192);
#12110= IFCRELDEFINESBYPROPERTIES('1FFcL7$$vBoAp1zcmiElaX',#5,$,$,(#2244),#2246);
#12111= IFCRELDEFINESBYPROPERTIES('3$HT3Z6sf93egxtmhZBGX4',#5,$,$,(#2305),#2307);
#12112= IFCRELDEFINESBYPROPERTIES('1vHSMwJoL3IBmR4cYAE1eY',#5,$,$,(#2314),#2316);
#12113= IFCRELDEFINESBYPROPERTIES('1IHcBzu3jBcA_APM_ck$u6',#5,$,$,(#2323),#2325);
#12114= IFCRELDEFINESBYPROPERTIES('2xvt8lY7P6QQOpYxhwKplZ',#5,$,$,(#2356),#2358);
#12115= IFCRELDEFINESBYPROPERTIES('3cGYhyJDTABhmUfeqeR5Z1',#5,$,$,(#2561),#2563);
#12116= IFCRELDEFINESBYPROPERTIES('3eZ69DsHz63fJb7oar5JHe',#5,$,$,(#2570),#2572);
#12117= IFCRELDEFINESBYPROPERTIES('1IY96GOpP6Pf3J7h4gKOsu',#5,$,$,(#2579),#2581);
#12118= IFCRELDEFINESBYPROPERTIES('1rZ3ppEtD52fActQPN3mb1',#5,$,$,(#3853,#2615),#2617);
#12119= IFCRELDEFINESBYPROPERTIES('0YfDz5WUX6zxiNU8hbcNNW',#5,$,$,(#2650),#2652);
#12120= IFCRELDEFINESBYPROPERTIES('28STwRt2L4ZeAjEO0Vf6sb',#5,$,$,(#2659),#2661);
#12121= IFCRELDEFINESBYPROPERTIES('3NvIJGL2P1bwhX8yjPfVs7',#5,$,$,(#2668),#2670);
#12122= IFCRELDEFINESBYPROPERTIES('261tFtijbA89B_MeolA_FD',#5,$,$,(#2701),#2703);
#12123= IFCRELDEFINESBYPROPERTIES('30mrtAsrPAI9bEzV34mZJb',#5,$,$,(#2719),#2721);
#12124= IFCRELDEFINESBYPROPERTIES('1l$yRD9b50Vgo6u8lfMUQo',#5,$,$,(#2728),#2730);
#12125= IFCRELDEFINESBYPROPERTIES('2$J7j7JV90Rud2$u3iGcO_',#5,$,$,(#2737),#2739);
#12126= IFCRELDEFINESBYPROPERTIES('1LDWSL$f996wYYQwH1sl5X',#5,$,$,(#2770),#2772);
#12127= IFCRELDEFINESBYPROPERTIES('3cQBdChtX1hPDycLgnyFR9',#5,$,$,(#2805),#2807);
#12128= IFCRELDEFINESBYPROPERTIES('1KlFpMGkT1aw1mG2SgUoHA',#5,$,$,(#2814),#2816);
#12129= IFCRELDEFINESBYPROPERTIES('2s3dRVaAL4AuowPqTl0V4O',#5,$,$,(#2823),#2825);
#12130= IFCRELDEFINESBYPROPERTIES('0idi9q$k97FRe8V1k3X_cE',#5,$,$,(#2872),#2874);
#12131= IFCRELDEFINESBYPROPERTIES('3p_uDc6mDB88ILjKNNL8p$',#5,$,$,(#2881),#2883);
#12132= IFCRELDEFINESBYPROPERTIES('1XsJcbrS9CfPHNCF$vKlnr',#5,$,$,(#2890),#2892);
#12133= IFCRELDEFINESBYPROPERTIES('31ynpXF7f73gR_6XbIiwmI',#5,$,$,(#2925),#2927);
#12134= IFCRELDEFINESBYPROPERTIES('2JXh1dxTjDQ8mhWqLo6ffk',#5,$,$,(#3124),#3126);
#12135= IFCRELDEFINESBYPROPERTIES('3OIDfxiB120OIjVY$2OPkO',#5,$,$,(#3133),#3135);
#12136= IFCRELDEFINESBYPROPERTIES('02vQbEz5r3uQSlckdVTJmJ',#5,$,$,(#3187),#3189);
#12137= IFCRELDEFINESBYPROPERTIES('2FG7LT6dr6D8RJSYHjX8rM',#5,$,$,(#3223),#3225);
#12138= IFCRELDEFINESBYPROPERTIES('1_iRskM2TDdAW3pGKTBINI',#5,$,$,(#3241),#3243);
#12139= IFCRELDEFINESBYPROPERTIES('3v4Ca8HjL1t9KQbuv2hmlX',#5,$,$,(#3250),#3252);
#12140= IFCRELDEFINESBYPROPERTIES('0VoIQFuFj1g9AYU3Jj3h1J',#5,$,$,(#3259),#3261);
#12141= IFCRELDEFINESBYPROPERTIES('0xxhTj1v1AdPRvWClxiLfM',#5,$,$,(#3319),#3321);
#12142= IFCRELDEFINESBYPROPERTIES('04KBqv80XDIBE_NVRQ6Pr1',#5,$,$,(#3328),#3330);
#12143= IFCRELDEFINESBYPROPERTIES('0I89Y4g_DEpBHQfcX3f$f9',#5,$,$,(#3337),#3339);
#12144= IFCRELDEFINESBYPROPERTIES('0SotXoVIn8JfJoFrO_Gcmo',#5,$,$,(#3372),#3374);
#12145= IFCRELDEFINESBYPROPERTIES('2ObclwuZT3F9nUYoTcMQbv',#5,$,$,(#3571),#3573);
#12146= IFCRELDEFINESBYPROPERTIES('3iLeXQnoPALB4y5uszZceO',#5,$,$,(#3580),#3582);
#12147= IFCRELDEFINESBYPROPERTIES('0s1reu3DP7qQgSFd9wDXH7',#5,$,$,(#3634),#3636);
#12148= IFCRELDEFINESBYPROPERTIES('2YCAOD3a1CaBBcnX$4JAWc',#5,$,$,(#3670),#3672);
#12149= IFCRELDEFINESBYPROPERTIES('030D77uAj2$R6LHdugDsK9',#5,$,$,(#3688),#3690);
#12150= IFCRELDEFINESBYPROPERTIES('0JJDX7RR17YvHwMOwCdYie',#5,$,$,(#3697),#3699);
#12151= IFCRELDEFINESBYPROPERTIES('1GYmrucxn7gwKVnMFQeD$I',#5,$,$,(#3751),#3753);
#12152= IFCRELDEFINESBYPROPERTIES('2q8vF7wtf529v0v7KLJyl$',#5,$,$,(#3784),#3786);
#12153= IFCRELDEFINESBYPROPERTIES('3g6A1_q4n4dfqUxDeLsUwE',#5,$,$,(#3802),#3804);
#12154= IFCRELDEFINESBYPROPERTIES('2v9_c2t4H1G8$LLOGAMxj9',#5,$,$,(#3811),#3813);
#12155= IFCRELDEFINESBYPROPERTIES('16LMos2wb4P9AHoLSR9nDs',#5,$,$,(#3820),#3822);
#12156= IFCRELDEFINESBYPROPERTIES('0OjbCe4enAGB$t379Qzp8U',#5,$,$,(#3869),#3871);
#12157= IFCRELDEFINESBYPROPERTIES('0pG_kcNzTA2gq1lz1_l80W',#5,$,$,(#3878),#3880);
#12158= IFCRELDEFINESBYPROPERTIES('1Fjd_D7$95_O6U5pBVP5Sf',#5,$,$,(#3887),#3889);
#12159= IFCRELDEFINESBYPROPERTIES('2qVqp1v4n3URj_IcYSg5U3',#5,$,$,(#3920),#3922);
#12160= IFCRELDEFINESBYPROPERTIES('1H7tPnnIH8D8bBun_tcTlw',#5,$,$,(#3938),#3940);
#12161= IFCRELDEFINESBYPROPERTIES('3BlkvTpXr5hv8c510Q6H7B',#5,$,$,(#3947),#3949);
#12162= IFCRELDEFINESBYPROPERTIES('2D14ZFbyfBBOjuDAUnuZ5j',#5,$,$,(#3982),#3984);
#12163= IFCRELDEFINESBYPROPERTIES('0kBM4ogf17oxstF4iuOURR',#5,$,$,(#4200,#4015),#4017);
#12164= IFCRELDEFINESBYPROPERTIES('1xk_BEVcv4cueWUlJcjTr4',#5,$,$,(#4146),#4148);
#12165= IFCRELDEFINESBYPROPERTIES('3uNMTFQrP0KgxYeuCxURCo',#5,$,$,(#4155),#4157);
#12166= IFCRELDEFINESBYPROPERTIES('2vu41eGKPA5OBmdNnPnbo2',#5,$,$,(#4164),#4166);
#12167= IFCRELDEFINESBYPROPERTIES('30fHS5rc94vfPhSe49tbrO',#5,$,$,(#4216),#4218);
#12168= IFCRELDEFINESBYPROPERTIES('0MHocxwBbDNPbbx7QQNduZ',#5,$,$,(#4225),#4227);
#12169= IFCRELDEFINESBYPROPERTIES('1N3T_k0Lv7cABkT$mmWGGN',#5,$,$,(#4234),#4236);
#12170= IFCRELDEFINESBYPROPERTIES('3nH9FXl2f0kB$U3qGxkMdb',#5,$,$,(#4430,#4352,#4267),#4269);
#12171= IFCRELDEFINESBYPROPERTIES('309mBSEZ55bPYfunzSOgCL',#5,$,$,(#4298),#4300);
#12172= IFCRELDEFINESBYPROPERTIES('2o0xjyeiD99hStTN_EdQC$',#5,$,$,(#4307),#4309);
#12173= IFCRELDEFINESBYPROPERTIES('1oXSxBE657uApAQCKO6NuQ',#5,$,$,(#4316),#4318);
#12174= IFCRELDEFINESBYPROPERTIES('0vYsICr7f90Pcf8kFoPnNM',#5,$,$,(#4379),#4381);
#12175= IFCRELDEFINESBYPROPERTIES('0$Xwk1fZv2Ow4Ql5jgg$Fc',#5,$,$,(#4388),#4390);
#12176= IFCRELDEFINESBYPROPERTIES('1s8lQtZPr48BlyCLuXUmSo',#5,$,$,(#4397),#4399);
#12177= IFCRELDEFINESBYPROPERTIES('3FZ2f1Kvn7WvbBvdTj91rx',#5,$,$,(#4459),#4461);
#12178= IFCRELDEFINESBYPROPERTIES('2yK_wDUofEevh0QIH4orFe',#5,$,$,(#4468),#4470);
#12179= IFCRELDEFINESBYPROPERTIES('1dEEp$MbHFwucQU6xd1L1d',#5,$,$,(#4477),#4479);
#12180= IFCRELDEFINESBYPROPERTIES('1EWwQ6_YP218T$oMGHr5ff',#5,$,$,(#4537),#4539);
#12181= IFCRELDEFINESBYPROPERTIES('35iLFKocHCIhM_YkRunEcA',#5,$,$,(#4546),#4548);
#12182= IFCRELDEFINESBYPROPERTIES('3xwIxngdj2tglSjYSmeESv',#5,$,$,(#4555),#4557);
#12183= IFCRELDEFINESBYPROPERTIES('0BU59IPmHEiOdsTlI$1aaf',#5,$,$,(#4602),#4604);
#12184= IFCRELDEFINESBYPROPERTIES('11NTfF2CPCHeJBpKD1tHsN',#5,$,$,(#4611),#4613);
#12185= IFCRELDEFINESBYPROPERTIES('1C6QEbEoP4ZOOwwB3Abg4L',#5,$,$,(#4620),#4622);
#12186= IFCRELDEFINESBYPROPERTIES('1ItXIjZLbB$fPmJ4gp8JxC',#5,$,$,(#4667),#4669);
#12187= IFCRELDEFINESBYPROPERTIES('27Ef511qzA_Q_$KNINesA2',#5,$,$,(#4676),#4678);
#12188= IFCRELDEFINESBYPROPERTIES('0BI91ACB96cOMJXc$UNte6',#5,$,$,(#4685),#4687);
#12189= IFCRELDEFINESBYPROPERTIES('2YHZkf1Ej8EeM4LWxRiPjF',#5,$,$,(#4732),#4734);
#12190= IFCRELDEFINESBYPROPERTIES('0Jw40DAnf9DxULbA$UW1hT',#5,$,$,(#4741),#4743);
#12191= IFCRELDEFINESBYPROPERTIES('0$Nd033hDBVRjjEeOQTfr2',#5,$,$,(#4750),#4752);
#12192= IFCRELDEFINESBYPROPERTIES('00st40tfbAW8vR6RTnfTKl',#5,$,$,(#4797),#4799);
#12193= IFCRELDEFINESBYPROPERTIES('20$uzQSj13tPLObEuEnz1W',#5,$,$,(#4806),#4808);
#12194= IFCRELDEFINESBYPROPERTIES('3xWo4ueWzCTOVsbmOMIKBQ',#5,$,$,(#4815),#4817);
#12195= IFCRELDEFINESBYPROPERTIES('3Qs_K4RtDCdv2CWCtQw2w7',#5,$,$,(#4862),#4864);
#12196= IFCRELDEFINESBYPROPERTIES('2LLgUM1x191g96m8$8U1T0',#5,$,$,(#4871),#4873);
#12197= IFCRELDEFINESBYPROPERTIES('3nZ5VowAH52Q8R3giwdfGq',#5,$,$,(#4880),#4882);
#12198= IFCRELDEFINESBYPROPERTIES('2RxwjJhwvFxheqIhtTTsag',#5,$,$,(#4927),#4929);
#12199= IFCRELDEFINESBYPROPERTIES('2P3t8NrYv0RADjfY0hi8Wq',#5,$,$,(#4936),#4938);
#12200= IFCRELDEFINESBYPROPERTIES('0cvs8_RUH1RB_hiSu99ko3',#5,$,$,(#4945),#4947);
#12201= IFCRELDEFINESBYPROPERTIES('31rh3V0$b8kx85LVuFUsbP',#5,$,$,(#4992),#4994);
#12202= IFCRELDEFINESBYPROPERTIES('3LccGPECj8zA5LMSoX5NMA',#5,$,$,(#5001),#5003);
#12203= IFCRELDEFINESBYPROPERTIES('2sD17czxbFpRDV$R7d9n6v',#5,$,$,(#5010),#5012);
#12204= IFCRELDEFINESBYPROPERTIES('0i7y9zlCj0zhiKawW9uryM',#5,$,$,(#5057),#5059);
#12205= IFCRELDEFINESBYPROPERTIES('0us35Vp1f1uQH7HTo_YaLd',#5,$,$,(#5066),#5068);
#12206= IFCRELDEFINESBYPROPERTIES('2ANw7vpYn8C9TZemcvZI$7',#5,$,$,(#5075),#5077);
#12207= IFCRELDEFINESBYPROPERTIES('3hZ5DdM_f6Zu5SyM$9V1nv',#5,$,$,(#5108),#5110);
#12208= IFCRELDEFINESBYPROPERTIES('1VwflVmTT3Qx3XP4XHTzUV',#5,$,$,(#5137),#5139);
#12209= IFCRELDEFINESBYPROPERTIES('29mKGKja9E0elc6novAkyw',#5,$,$,(#5146),#5148);
#12210= IFCRELDEFINESBYPROPERTIES('1Ze3_O7xv5OeFiafUwf4eM',#5,$,$,(#5155),#5157);
#12211= IFCRELDEFINESBYPROPERTIES('3zL9IUJXnDM8JfFxGJMMS7',#5,$,$,(#5188),#5190);
#12212= IFCRELDEFINESBYPROPERTIES('1dhptrrTfCCBOeZW$qA0ez',#5,$,$,(#5217),#5219);
#12213= IFCRELDEFINESBYPROPERTIES('1QV$HqoxPBXeaJXH7MHMwk',#5,$,$,(#5226),#5228);
#12214= IFCRELDEFINESBYPROPERTIES('2mDHCXBTrDBQOxrZ01ilfC',#5,$,$,(#5235),#5237);
#12215= IFCRELDEFINESBYPROPERTIES('0cRQUAoE1Bb8oKuB4CtlOc',#5,$,$,(#5268),#5270);
#12216= IFCRELDEFINESBYPROPERTIES('0JJwKVLa98WQELmd0TFFbS',#5,$,$,(#5297),#5299);
#12217= IFCRELDEFINESBYPROPERTIES('3HzdLUbt10Zf2Z1bpB9eAC',#5,$,$,(#5306),#5308);
#12218= IFCRELDEFINESBYPROPERTIES('1wO5W1pE9CMObBaMpvJz6d',#5,$,$,(#5315),#5317);
#12219= IFCRELDEFINESBYPROPERTIES('2aJWACMgr9_w5U8uEtWmQP',#5,$,$,(#5726,#5348),#5350);
#12220= IFCRELDEFINESBYPROPERTIES('1Zxv$YRZj94uv_XqCuKmZf',#5,$,$,(#5366),#5368);
#12221= IFCRELDEFINESBYPROPERTIES('2pBJWnjVH5ABlkjhfsyOuU',#5,$,$,(#5375),#5377);
#12222= IFCRELDEFINESBYPROPERTIES('2sAqiKiE1FhwWiPbQWcaaY',#5,$,$,(#5384),#5386);
#12223= IFCRELDEFINESBYPROPERTIES('3muNuSABT3oOiPGLwoHjEI',#5,$,$,(#5417),#5419);
#12224= IFCRELDEFINESBYPROPERTIES('3ajtWMlJfCLhrcJFADailh',#5,$,$,(#5446),#5448);
#12225= IFCRELDEFINESBYPROPERTIES('3qmYpmJEf85vwoZYhFYhlo',#5,$,$,(#5455),#5457);
#12226= IFCRELDEFINESBYPROPERTIES('30sP85NN5238cjLQmtQmY1',#5,$,$,(#5464),#5466);
#12227= IFCRELDEFINESBYPROPERTIES('3VfY$Qrq9CTu$8tlXWtCig',#5,$,$,(#5497),#5499);
#12228= IFCRELDEFINESBYPROPERTIES('1obYcJrunBoh9pZTquLxYe',#5,$,$,(#5526),#5528);
#12229= IFCRELDEFINESBYPROPERTIES('0cCsZP5QzEnAQbECHOmzZj',#5,$,$,(#5535),#5537);
#12230= IFCRELDEFINESBYPROPERTIES('0CHWtjzeX6rh2siC$D3aXa',#5,$,$,(#5544),#5546);
#12231= IFCRELDEFINESBYPROPERTIES('0hk0o_LLX8Vgoj8Bk5wUjY',#5,$,$,(#5577),#5579);
#12232= IFCRELDEFINESBYPROPERTIES('0NNKxqzg5Dwfh6o394yzyg',#5,$,$,(#5606),#5608);
#12233= IFCRELDEFINESBYPROPERTIES('3nXG_$W5D6GAOedG3kFiKi',#5,$,$,(#5615),#5617);
#12234= IFCRELDEFINESBYPROPERTIES('1eqnA$AXvEPO3PLawY$c3w',#5,$,$,(#5624),#5626);
#12235= IFCRELDEFINESBYPROPERTIES('2MaQ7o7Zr259fB8fQiXgHN',#5,$,$,(#5657),#5659);
#12236= IFCRELDEFINESBYPROPERTIES('0Jc$l0q_9BCx6$Ys23_nmC',#5,$,$,(#5675),#5677);
#12237= IFCRELDEFINESBYPROPERTIES('1T1E08HSzC4AXnObmTMbcG',#5,$,$,(#5684),#5686);
#12238= IFCRELDEFINESBYPROPERTIES('1b1D18E7592QFUa9mdYjHS',#5,$,$,(#5693),#5695);
#12239= IFCRELDEFINESBYPROPERTIES('2AjtA2yYX8dBGWlcm165l3',#5,$,$,(#5742),#5744);
#12240= IFCRELDEFINESBYPROPERTIES('3nEB6Arbb3kvy6Jjkdi5vi',#5,$,$,(#5751),#5753);
#12241= IFCRELDEFINESBYPROPERTIES('2d9lz1IhvDkALrC3eKVars',#5,$,$,(#5760),#5762);
#12242= IFCRELDEFINESBYPROPERTIES('1dpGw3px9DqfcdZ1M1ow_U',#5,$,$,(#5793),#5795);
#12243= IFCRELDEFINESBYPROPERTIES('2JrZKIDf9Ap9CHaSDChEhC',#5,$,$,(#5811),#5813);
#12244= IFCRELDEFINESBYPROPERTIES('0d8DspxpzE5OaQh2vZYCZr',#5,$,$,(#5820),#5822);
#12245= IFCRELDEFINESBYPROPERTIES('3$W_SPGH5AiQbAQQNi4MkJ',#5,$,$,(#5829),#5831);
#12246= IFCRELDEFINESBYPROPERTIES('1U1HTZtZT7o84Eh4PzLNn6',#5,$,$,(#5862),#5864);
#12247= IFCRELDEFINESBYPROPERTIES('1Haoo6AyL3gOod8ycC9itj',#5,$,$,(#5891),#5893);
#12248= IFCRELDEFINESBYPROPERTIES('1VdKbyV1zE8BM9B6F1nDJo',#5,$,$,(#5900),#5902);
#12249= IFCRELDEFINESBYPROPERTIES('08tYiDnwLA_9mpRHtH63uJ',#5,$,$,(#5909),#5911);
#12250= IFCRELDEFINESBYPROPERTIES('0LzSNppUn9CeBV2LZvsQw6',#5,$,$,(#5942),#5944);
#12251= IFCRELDEFINESBYPROPERTIES('1TW6$fAT90GBPoP$C75NVf',#5,$,$,(#5960),#5962);
#12252= IFCRELDEFINESBYPROPERTIES('3iwXiMGMj4LuOkZ13NJbsN',#5,$,$,(#5969),#5971);
#12253= IFCRELDEFINESBYPROPERTIES('35U0whisLBwusJPKajl804',#5,$,$,(#5978),#5980);
#12254= IFCRELDEFINESBYPROPERTIES('3u5dOq$IP5yQwiLoQOg7Iu',#5,$,$,(#6011),#6013);
#12255= IFCRELDEFINESBYPROPERTIES('0JpMOMY1H3Ig0tPi_DsPvU',#5,$,$,(#6029),#6031);
#12256= IFCRELDEFINESBYPROPERTIES('1tMk2NZ0X1gwR8qpfoVQjS',#5,$,$,(#6038),#6040);
#12257= IFCRELDEFINESBYPROPERTIES('3rXbZqu_z90R4UR51CyCTE',#5,$,$,(#6047),#6049);
#12258= IFCRELDEFINESBYPROPERTIES('0sVWntie95FffNdYfshusc',#5,$,$,(#6148,#6080),#6082);
#12259= IFCRELDEFINESBYPROPERTIES('0PaPJVG6f2YgHtFDWtkqBc',#5,$,$,(#6157,#6093),#6096);
#12260= IFCRELDEFINESBYPROPERTIES('1BiTgS53PFwQDW0d_whCA9',#5,$,$,(#7975,#7960,#7950,#7942,#7934,#7926,#7918,#7910,#7900,#7885,#6406,#6396,#6383,#6375,#6364,#6352,#6342,#6328,#6315,#6307,#6299,#6289,#6275,#6262,#6248,#6235,#6221,#6208,#6194,#6181,#6168,#6157,#6144,#6128,#6113,#6093),#6099);
#12261= IFCRELDEFINESBYPROPERTIES('2SBKImLu9ESR6PxuttfBIX',#5,$,$,(#6159,#6102),#6104);
#12262= IFCRELDEFINESBYPROPERTIES('3zcMZovY1A$wpXA$n4gCTE',#5,$,$,(#6168,#6113),#6115);
#12263= IFCRELDEFINESBYPROPERTIES('0ZiJvdgFn1d8l2gTXpHkm9',#5,$,$,(#6117),#6119);
#12264= IFCRELDEFINESBYPROPERTIES('1hdHsHmCP3XRU$p2XJuPPR',#5,$,$,(#6128),#6130);
#12265= IFCRELDEFINESBYPROPERTIES('2DSsbYg_j0$wI7iqWUt4k1',#5,$,$,(#6185,#6132),#6134);
#12266= IFCRELDEFINESBYPROPERTIES('2psLX56LPF7wEk6oQXwSL_',#5,$,$,(#6194,#6144),#6146);
#12267= IFCRELDEFINESBYPROPERTIES('2ipDHxSr17mfhvi3HVtNvX',#5,$,$,(#6170),#6172);
#12268= IFCRELDEFINESBYPROPERTIES('32QgWp50j0fvkX3srbThHD',#5,$,$,(#6181),#6183);
#12269= IFCRELDEFINESBYPROPERTIES('0_1NBt9an09gOR9doc83R$',#5,$,$,(#6212,#6196),#6198);
#12270= IFCRELDEFINESBYPROPERTIES('1XkhGBM$D9yuxEEEqgasmD',#5,$,$,(#6221,#6208),#6210);
#12271= IFCRELDEFINESBYPROPERTIES('2J9b5qyTj7zPMWAk2zy5eN',#5,$,$,(#6239,#6223),#6225);
#12272= IFCRELDEFINESBYPROPERTIES('1DcTEhyE5CpQlhgBjmmMpY',#5,$,$,(#6248,#6235),#6237);
#12273= IFCRELDEFINESBYPROPERTIES('3slOLCJJrE6gApJPm3Z2GO',#5,$,$,(#6266,#6250),#6252);
#12274= IFCRELDEFINESBYPROPERTIES('1v7zMdveT9ehjVqPCazJgR',#5,$,$,(#6275,#6262),#6264);
#12275= IFCRELDEFINESBYPROPERTIES('0dwwLCRAz1OOwkxZuvyM9O',#5,$,$,(#6309,#6301,#6293,#6277),#6279);
#12276= IFCRELDEFINESBYPROPERTIES('0JBVigRhH9peJFQ13aixWX',#5,$,$,(#6315,#6307,#6299,#6289),#6291);
#12277= IFCRELDEFINESBYPROPERTIES('2H4BMlQpX87AfHj$YbUgE3',#5,$,$,(#6317),#6319);
#12278= IFCRELDEFINESBYPROPERTIES('0sGqfrZUbCl94i$e1lWzlg',#5,$,$,(#6328),#6330);
#12279= IFCRELDEFINESBYPROPERTIES('1lXHWYMYH8cvtJ$QRQ_yEb',#5,$,$,(#6400,#6368,#6346,#6332),#6334);
#12280= IFCRELDEFINESBYPROPERTIES('0XdQUGLmn6Be$4jAIiwJYP',#5,$,$,(#6406,#6375,#6352,#6342),#6344);
#12281= IFCRELDEFINESBYPROPERTIES('0w6hZ0_hf6axN1Gkp5Xkzz',#5,$,$,(#6377,#6354),#6356);
#12282= IFCRELDEFINESBYPROPERTIES('3nVKUOT1fBJQRrpVJehNAA',#5,$,$,(#6383,#6364),#6366);
#12283= IFCRELDEFINESBYPROPERTIES('1WraRTXG9F9AXBvWwm$OCY',#5,$,$,(#6385),#6387);
#12284= IFCRELDEFINESBYPROPERTIES('3i5aQi9Y10i80lRKjP$riH',#5,$,$,(#6396),#6398);
#12285= IFCRELDEFINESBYPROPERTIES('3iZ1KuGArDKQNi9GjCfDg6',#5,$,$,(#6408),#6410);
#12286= IFCRELDEFINESBYPROPERTIES('2U97UWqGPBz99dIwUvQCxx',#5,$,$,(#6420),#6423);
#12287= IFCRELDEFINESBYPROPERTIES('3MQRPWSkf5ZusYJkqNjadP',#5,$,$,(#7440,#7432,#7424,#7414,#7402,#7394,#7386,#7378,#7369,#7361,#7353,#7340,#7326,#7315,#7307,#7297,#7288,#7278,#6659,#6651,#6643,#6635,#6627,#6619,#6611,#6603,#6595,#6587,#6579,#6571,#6563,#6555,#6547,#6539,#6531,#6523,#6515,#6507,#6499,#6491,#6483,#6475,#6467,#6459,#6451,#6441,#6420),#6425);
#12288= IFCRELDEFINESBYPROPERTIES('3I082NRun8rvu4y02eUL4S',#5,$,$,(#6653,#6645,#6637,#6629,#6621,#6613,#6605,#6597,#6589,#6581,#6573,#6565,#6557,#6549,#6541,#6533,#6525,#6517,#6509,#6501,#6493,#6485,#6477,#6469,#6461,#6453,#6445,#6429),#6431);
#12289= IFCRELDEFINESBYPROPERTIES('0LXw9kID5DuOuAVQnXO2eY',#5,$,$,(#6659,#6651,#6643,#6635,#6627,#6619,#6611,#6603,#6595,#6587,#6579,#6571,#6563,#6555,#6547,#6539,#6531,#6523,#6515,#6507,#6499,#6491,#6483,#6475,#6467,#6459,#6451,#6441),#6443);
#12290= IFCRELDEFINESBYPROPERTIES('0ndLVa1F9Fa9jgD$H1hJaL',#5,$,$,(#7015,#6662),#6664);
#12291= IFCRELDEFINESBYPROPERTIES('0PWejz16nEUwUgwOdBLcA9',#5,$,$,(#7738,#7610,#7481,#7245,#7214,#7185,#7154,#7125,#7094,#7053,#7022,#6993,#6962,#6933,#6900,#6869,#6838,#6807,#6704),#6707);
#12292= IFCRELDEFINESBYPROPERTIES('2Miq_m37z7nvJAZnaUENLK',#5,$,$,(#7156,#7024,#6902,#6709),#6711);
#12293= IFCRELDEFINESBYPROPERTIES('3NBjQqX9LAERpe1_NqaEtC',#5,$,$,(#6766),#6770);
#12294= IFCRELDEFINESBYPROPERTIES('0vXWaqIJPEZwBVX764feEG',#5,$,$,(#7260,#7229,#7200,#7171,#7140,#7109,#7068,#7039,#7008,#6977,#6948,#6917,#6884,#6853,#6822,#6779),#6795);
#12295= IFCRELDEFINESBYPROPERTIES('2PruHldrLDpRRMQxpX$Y95',#5,$,$,(#7207,#6798),#6800);
#12296= IFCRELDEFINESBYPROPERTIES('17QA4$sPP34x727AK7Cb5L',#5,$,$,(#6814),#6816);
#12297= IFCRELDEFINESBYPROPERTIES('0uF6Cn31LBA9bQR12Jh0Do',#5,$,$,(#6829),#6831);
#12298= IFCRELDEFINESBYPROPERTIES('39L37v2tDE5xnspZ3ZKKR1',#5,$,$,(#6845),#6847);
#12299= IFCRELDEFINESBYPROPERTIES('3VevXj5t14uw7N4r7uAe__',#5,$,$,(#7178,#7046,#6955,#6860),#6862);
#12300= IFCRELDEFINESBYPROPERTIES('2xAHrNd5jAyuXSQVbdqn5j',#5,$,$,(#6876),#6878);
#12301= IFCRELDEFINESBYPROPERTIES('2$eio7FH967egheyWiYCfs',#5,$,$,(#6891),#6893);
#12302= IFCRELDEFINESBYPROPERTIES('2WBXEGHQP36Rmv1bmU1YYb',#5,$,$,(#6909),#6911);
#12303= IFCRELDEFINESBYPROPERTIES('0jdJnPeILCeBZcLll6pFh8',#5,$,$,(#7147,#6924),#6926);
#12304= IFCRELDEFINESBYPROPERTIES('2j_Tc08cf0_Qs343dKPrh$',#5,$,$,(#6940),#6942);
#12305= IFCRELDEFINESBYPROPERTIES('1wYcG4RjzB78CZf$aUuKn_',#5,$,$,(#6969),#6971);
#12306= IFCRELDEFINESBYPROPERTIES('3ZzjodQdn16O2ixClc7jL5',#5,$,$,(#7075,#6984),#6986);
#12307= IFCRELDEFINESBYPROPERTIES('26nP3MRuL1Y8LxeVnjkUkE',#5,$,$,(#7000),#7002);
#12308= IFCRELDEFINESBYPROPERTIES('1UzdL9Fsz3BeAVyzs8ZCqE',#5,$,$,(#7031),#7033);
#12309= IFCRELDEFINESBYPROPERTIES('1RJ2jKEGPAoB85eNZn9xah',#5,$,$,(#7060),#7062);
#12310= IFCRELDEFINESBYPROPERTIES('2NF5PjQ7X9tfWsNObINWnL',#5,$,$,(#7101),#7103);
#12311= IFCRELDEFINESBYPROPERTIES('1RFqvlAND1sgZxI_AmUcIv',#5,$,$,(#7116),#7118);
#12312= IFCRELDEFINESBYPROPERTIES('2TC6clkHT3Ju4ZUuizTgGA',#5,$,$,(#7132),#7134);
#12313= IFCRELDEFINESBYPROPERTIES('1n4UuLkGT7p9240Rww6021',#5,$,$,(#7163),#7165);
#12314= IFCRELDEFINESBYPROPERTIES('1YMtja$0LF_wViEQed2$35',#5,$,$,(#7192),#7194);
#12315= IFCRELDEFINESBYPROPERTIES('20$_1WeBL368A4t4G5TYBu',#5,$,$,(#7221),#7223);
#12316= IFCRELDEFINESBYPROPERTIES('3BMP_8EBDCDOVsAJH2Uj$v',#5,$,$,(#7236),#7238);
#12317= IFCRELDEFINESBYPROPERTIES('3Y3D$FpK9DYh68OTrMDRfO',#5,$,$,(#7252),#7254);
#12318= IFCRELDEFINESBYPROPERTIES('23VPoh9251Aeji22o1J2KV',#5,$,$,(#7317,#7309,#7282,#7268),#7270);
#12319= IFCRELDEFINESBYPROPERTIES('0JzrwUAdfFJfqk63wDVl3s',#5,$,$,(#7326,#7315,#7288,#7278),#7280);
#12320= IFCRELDEFINESBYPROPERTIES('1Ylf$d81z2pgNV0ZxiiMD7',#5,$,$,(#7363,#7355,#7301,#7290),#7292);
#12321= IFCRELDEFINESBYPROPERTIES('0C7CeLHv1AsQF3nWtahK7O',#5,$,$,(#7369,#7361,#7307,#7297),#7299);
#12322= IFCRELDEFINESBYPROPERTIES('1MXPIt$Ub0SwBjUM5IZ8dQ',#5,$,$,(#7434,#7426,#7396,#7388,#7380,#7371,#7344,#7328),#7330);
#12323= IFCRELDEFINESBYPROPERTIES('0QyUhs1d55fwmRF4HvEOtx',#5,$,$,(#7440,#7432,#7402,#7394,#7386,#7378,#7353,#7340),#7342);
#12324= IFCRELDEFINESBYPROPERTIES('10ZXdITL16z8ASM5e7yQ_U',#5,$,$,(#7418,#7404),#7406);
#12325= IFCRELDEFINESBYPROPERTIES('2uTbUf_2572gBzpSBeCTG6',#5,$,$,(#7424,#7414),#7416);
#12326= IFCRELDEFINESBYPROPERTIES('0a1xWStwLAQBQbYTrHhwSJ',#5,$,$,(#7443),#7445);
#12327= IFCRELDEFINESBYPROPERTIES('2ybiL6m6f1KOJQWppVSR4P',#5,$,$,(#7483),#7485);
#12328= IFCRELDEFINESBYPROPERTIES('0PwK0_5qn9y9hBBkJu7JkB',#5,$,$,(#7540),#7543);
#12329= IFCRELDEFINESBYPROPERTIES('1Nod4WF3H23QCjriaDTK3r',#5,$,$,(#7625,#7561),#7576);
#12330= IFCRELDEFINESBYPROPERTIES('2636uEVi93PuHEEET9EGDP',#5,$,$,(#7578),#7580);
#12331= IFCRELDEFINESBYPROPERTIES('3MckQz_J578BZsLbW5Erfc',#5,$,$,(#7617),#7619);
#12332= IFCRELDEFINESBYPROPERTIES('3cCA7f9_jEkOWeu7d$xMej',#5,$,$,(#7849,#7661),#7666);
#12333= IFCRELDEFINESBYPROPERTIES('0Q7P9DpLb3pOf1hB0y4_b9',#5,$,$,(#7857,#7674),#7677);
#12334= IFCRELDEFINESBYPROPERTIES('2j1UKBM$z7LASTwzECG40d',#5,$,$,(#7653),#7692);
#12335= IFCRELDEFINESBYPROPERTIES('1qDxnsckL4JRGlC5SB1rjV',#5,$,$,(#7702),#7704);
#12336= IFCRELDEFINESBYPROPERTIES('30hFjBqiP82vEC_mOnYhpX',#5,$,$,(#7706),#7708);
#12337= IFCRELDEFINESBYPROPERTIES('138u4EKrX9u8S74EPyYeq$',#5,$,$,(#7793),#7796);
#12338= IFCRELDEFINESBYPROPERTIES('2IZLziPhLAKwV8y8Z7usTu',#5,$,$,(#7813),#7828);
#12339= IFCRELDEFINESBYPROPERTIES('25MYd55nPAJODmud1SqKuy',#5,$,$,(#7842),#7873);
#12340= IFCRELDEFINESBYPROPERTIES('2DXLOTeaX7E9RrxMVIj$w9',#5,$,$,(#7875),#7877);
#12341= IFCRELDEFINESBYPROPERTIES('0MtLO1x7v09xKk7jHyYYef',#5,$,$,(#7885),#7887);
#12342= IFCRELDEFINESBYPROPERTIES('1yehmaLb9AiPbntvPzMXQO',#5,$,$,(#7944,#7936,#7928,#7920,#7912,#7904,#7889),#7891);
#12343= IFCRELDEFINESBYPROPERTIES('2syeWE_sv83hffYOHIn824',#5,$,$,(#7950,#7942,#7934,#7926,#7918,#7910,#7900),#7902);
#12344= IFCRELDEFINESBYPROPERTIES('35jki4Ub9DyfkVpXtbIOvS',#5,$,$,(#7952),#7954);
#12345= IFCRELDEFINESBYPROPERTIES('04FQT1Isj9UutuSwoLbzkC',#5,$,$,(#7960),#7962);
#12346= IFCRELDEFINESBYPROPERTIES('3ApLvGpzbDOBctST13w_2i',#5,$,$,(#7964),#7966);
#12347= IFCRELDEFINESBYPROPERTIES('0Pc6QjC5r7DgXWJJpVJIYR',#5,$,$,(#7975),#7977);
#12348= IFCRELDEFINESBYPROPERTIES('3duh9Jl8j9ywnNbwX0ZXMS',#5,$,$,(#8008,#8002,#7996,#7988),#7990);
#12349= IFCRELDEFINESBYPROPERTIES('3y2Nk9RhfChvbX_6SmRfZv',#5,$,$,(#8011),#8013);
#12350= IFCRELDEFINESBYPROPERTIES('2G_QTimSr3FxKrUbpSqEnQ',#5,$,$,(#8022),#8024);
#12351= IFCRELDEFINESBYPROPERTIES('2aFVjeEu5Ad99RXoYIsgFZ',#5,$,$,(#9101,#8026),#8028);
#12352= IFCRELDEFINESBYPROPERTIES('2XRa$WjXjECxukqjs91751',#5,$,$,(#9110,#8037),#8039);
#12353= IFCRELDEFINESBYPROPERTIES('1k0xiY_AT7BghpNuD5dQX1',#5,$,$,(#8041),#8043);
#12354= IFCRELDEFINESBYPROPERTIES('2I2$A246j9l9i_5m7FepWa',#5,$,$,(#8052),#8054);
#12355= IFCRELDEFINESBYPROPERTIES('39j_OPDGf9kOnWbA4MKIFI',#5,$,$,(#8056),#8058);
#12356= IFCRELDEFINESBYPROPERTIES('2dmL72asH2Dgi03sfCMy8Y',#5,$,$,(#8069),#8071);
#12357= IFCRELDEFINESBYPROPERTIES('3bBKIRkX592hOCLOyMYWws',#5,$,$,(#9089,#9081,#8781,#8073),#8075);
#12358= IFCRELDEFINESBYPROPERTIES('1uteV3h25FFuCzCWtXe1Um',#5,$,$,(#9099,#9087,#8790,#8085),#8087);
#12359= IFCRELDEFINESBYPROPERTIES('3um0t$DCb5VOnEFoUmSVUj',#5,$,$,(#8371,#8360,#8349,#8338,#8327,#8316,#8308,#8297,#8286,#8274,#8263,#8252,#8241,#8233,#8222,#8211,#8200,#8192,#8181,#8170,#8159,#8148,#8137,#8126,#8115,#8104,#8089),#8091);
#12360= IFCRELDEFINESBYPROPERTIES('3sW5mf3E5A5A9tM$KeAlhM',#5,$,$,(#8380,#8369,#8358,#8347,#8336,#8325,#8314,#8306,#8295,#8284,#8272,#8261,#8250,#8239,#8231,#8220,#8209,#8198,#8190,#8179,#8168,#8157,#8146,#8135,#8124,#8113,#8100),#8102);
#12361= IFCRELDEFINESBYPROPERTIES('3SADHTlnHC7BPMJE$gIOOW',#5,$,$,(#8770,#8398,#8382),#8384);
#12362= IFCRELDEFINESBYPROPERTIES('3suY8ri_H1QQd5Dd8uew3Z',#5,$,$,(#8779,#8408,#8394),#8396);
#12363= IFCRELDEFINESBYPROPERTIES('1djJxaKcvEBf37$PBh$sx_',#5,$,$,(#8410),#8412);
#12364= IFCRELDEFINESBYPROPERTIES('0ugwg2$cbEDAVvNPGNGiwa',#5,$,$,(#8423),#8425);
#12365= IFCRELDEFINESBYPROPERTIES('3rykNxw69FlxJxnVadeQ38',#5,$,$,(#8599,#8555,#8427),#8429);
#12366= IFCRELDEFINESBYPROPERTIES('3g5nuxrFH8MxJr67cdC$C4',#5,$,$,(#8605,#8565,#8438),#8440);
#12367= IFCRELDEFINESBYPROPERTIES('0Gvsa5msvAuALVZxCZQrMx',#5,$,$,(#8731,#8689,#8680,#8668,#8657,#8645,#8634,#8547,#8523,#8512,#8504,#8496,#8488,#8480,#8469,#8457,#8442),#8444);
#12368= IFCRELDEFINESBYPROPERTIES('1TGDp_raX4lBtv_rkqWt5B',#5,$,$,(#8737,#8699,#8687,#8678,#8666,#8655,#8643,#8553,#8529,#8521,#8510,#8502,#8494,#8486,#8478,#8467,#8453),#8455);
#12369= IFCRELDEFINESBYPROPERTIES('1yQtgUCXX3cRBcL23B4ixk',#5,$,$,(#8622,#8531),#8533);
#12370= IFCRELDEFINESBYPROPERTIES('18s8N5fhbCYOEfbp672fwa',#5,$,$,(#8632,#8543),#8545);
#12371= IFCRELDEFINESBYPROPERTIES('2RdLfQkPPC4fcQku_KTou6',#5,$,$,(#8567),#8569);
#12372= IFCRELDEFINESBYPROPERTIES('3_47W84_T9rgeTYB6nHWxK',#5,$,$,(#8579),#8581);
#12373= IFCRELDEFINESBYPROPERTIES('2uZ8rzsoTFN96SVCS5AUs8',#5,$,$,(#8583),#8585);
#12374= IFCRELDEFINESBYPROPERTIES('3$Ckrapy9ELhBeekZrgB6f',#5,$,$,(#8595),#8597);
#12375= IFCRELDEFINESBYPROPERTIES('2Y9jV3Da94TfGWtn72HCnb',#5,$,$,(#8607),#8609);
#12376= IFCRELDEFINESBYPROPERTIES('1j05IzzAnDP9TF5eLMVR$o',#5,$,$,(#8618),#8620);
#12377= IFCRELDEFINESBYPROPERTIES('0ZAnSoIIDB2glYa642UT53',#5,$,$,(#8701),#8703);
#12378= IFCRELDEFINESBYPROPERTIES('2RYtQ7sUn1$PklzE3sy35e',#5,$,$,(#8712),#8714);
#12379= IFCRELDEFINESBYPROPERTIES('1WI8a1Jxf5nhYOz3ltQiGC',#5,$,$,(#8716),#8718);
#12380= IFCRELDEFINESBYPROPERTIES('3bQlUzcRjC0xaOqphGN33x',#5,$,$,(#8727),#8729);
#12381= IFCRELDEFINESBYPROPERTIES('0vpOnXfiL4aOpQb3_iTQww',#5,$,$,(#8739),#8741);
#12382= IFCRELDEFINESBYPROPERTIES('01Wu7$rh11muHr8vyhfl7A',#5,$,$,(#8750),#8752);
#12383= IFCRELDEFINESBYPROPERTIES('3wOaG4_ej3XgKlZkveXRv$',#5,$,$,(#8754),#8756);
#12384= IFCRELDEFINESBYPROPERTIES('222$CGSyTDR8YDRX9wOsxW',#5,$,$,(#8766),#8768);
#12385= IFCRELDEFINESBYPROPERTIES('0wLPSfKGT9k9kG8vQMgpg7',#5,$,$,(#9025,#9017,#9009,#9001,#8993,#8982,#8963,#8955,#8947,#8939,#8931,#8920,#8909,#8901,#8893,#8885,#8877,#8854,#8845,#8837,#8829,#8818,#8807,#8792),#8794);
#12386= IFCRELDEFINESBYPROPERTIES('1_yJaxvXfBi9TF8PhmWqdO',#5,$,$,(#9031,#9023,#9015,#9007,#8999,#8991,#8969,#8961,#8953,#8945,#8937,#8929,#8918,#8907,#8899,#8891,#8883,#8860,#8852,#8843,#8835,#8827,#8816,#8803),#8805);
#12387= IFCRELDEFINESBYPROPERTIES('0JCv0c0kT6seffviMiKtAe',#5,$,$,(#8971,#8862),#8864);
#12388= IFCRELDEFINESBYPROPERTIES('0r038U5fP8LwVN2$Tkum6L',#5,$,$,(#8980,#8873),#8875);
#12389= IFCRELDEFINESBYPROPERTIES('3fcURjpY98$8kQrE_ttqKG',#5,$,$,(#9063,#9053),#9056);
#12390= IFCRELDEFINESBYPROPERTIES('2$ldjeYMXAUAg4meRJ7yBA',#5,$,$,(#9045),#9079);
#12391= IFCRELDEFINESBYPROPERTIES('0qL$JNP$D418gtB3EkbNhu',#5,$,$,(#9147,#9138,#9129,#9113),#9115);
#12392= IFCRELDEFINESBYPROPERTIES('2Q$K4LYDjEKPU5BXn9C2Y4',#5,$,$,(#9153,#9144,#9135,#9125),#9127);
#12393= IFCRELDEFINESBYPROPERTIES('0406JieI19Hh2XWgY4$nR5',#5,$,$,(#9156),#9158);
#12394= IFCRELDEFINESBYPROPERTIES('2Exwp6LbL9d9UqFVeUHmmr',#5,$,$,(#9168),#9170);
#12395= IFCRELDEFINESBYPROPERTIES('0J3l9DKv91ZhESCmva1yjl',#5,$,$,(#9192),#9220);
#12396= IFCRELDEFINESBYPROPERTIES('3rDISSR_v4u8NuQrGPRMgC',#5,$,$,(#9192),#9222);
#12397= IFCRELDEFINESBYPROPERTIES('2tRA8RS8b1uB5gBWLCab5n',#5,$,$,(#9243),#9271);
#12398= IFCRELDEFINESBYPROPERTIES('0NcA2B2bjC1Ok6YYrEvkXI',#5,$,$,(#9273),#9275);
#12399= IFCRELDEFINESBYPROPERTIES('2m$8irnPT4XQpZtiWBs0AY',#5,$,$,(#9284),#9286);
#12400= IFCRELDEFINESBYPROPERTIES('3pkYq_tov6hhRvQHcZFIcA',#5,$,$,(#9288),#9290);
#12401= IFCRELDEFINESBYPROPERTIES('3rOavjazL93wz1e0rcnR9A',#5,$,$,(#9300),#9302);
#12402= IFCRELDEFINESBYPROPERTIES('3PoLL9QK1A0e$mKrBXnI7h',#5,$,$,(#9304),#9306);
#12403= IFCRELDEFINESBYPROPERTIES('06b$Ks_X10GQdRDKew5Iqo',#5,$,$,(#9315),#9317);
#12404= IFCRELDEFINESBYPROPERTIES('1QmVMfwFbFlevqamSSBysF',#5,$,$,(#11113,#9319),#9321);
#12405= IFCRELDEFINESBYPROPERTIES('1rGio31bPB_RWZqPoWoiNj',#5,$,$,(#11122,#9330),#9332);
#12406= IFCRELDEFINESBYPROPERTIES('1RZT5_71b8Fw6$R9xcKuIf',#5,$,$,(#9334),#9336);
#12407= IFCRELDEFINESBYPROPERTIES('1$AR6fZ85E9AhAHb5XFg3Z',#5,$,$,(#9345),#9347);
#12408= IFCRELDEFINESBYPROPERTIES('0_3chRU4904Qbgx_K3ViMf',#5,$,$,(#11102,#9349),#9351);
#12409= IFCRELDEFINESBYPROPERTIES('3UUQB57s99Fx_AAsZWLuCz',#5,$,$,(#11111,#9360),#9362);
#12410= IFCRELDEFINESBYPROPERTIES('3Z9H2c8kLEdfbBeTTVaCIC',#5,$,$,(#9364),#9366);
#12411= IFCRELDEFINESBYPROPERTIES('2QIfCuNUj8M94p5AxFxaHm',#5,$,$,(#9376),#9378);
#12412= IFCRELDEFINESBYPROPERTIES('0W_ECazgL76AMnhdqg85Cs',#5,$,$,(#10942,#10273,#9393),#9408);
#12413= IFCRELDEFINESBYPROPERTIES('0rDTOJdbT9$Obs_AFA1m6y',#5,$,$,(#9393),#9410);
#12414= IFCRELDEFINESBYPROPERTIES('0gIp70zKj7oQua9AwiXvp0',#5,$,$,(#9412),#9414);
#12415= IFCRELDEFINESBYPROPERTIES('2ukkdP8bT51OIeMCdQat8s',#5,$,$,(#9424),#9426);
#12416= IFCRELDEFINESBYPROPERTIES('3lcxpff_55$eKiaM4KLXJt',#5,$,$,(#9471,#9442),#9457);
#12417= IFCRELDEFINESBYPROPERTIES('2z4RxX9jvFpg$1PvQYr4wh',#5,$,$,(#10036,#10025,#9486),#9488);
#12418= IFCRELDEFINESBYPROPERTIES('3jprispmTFdBerzFKfdwue',#5,$,$,(#10042,#10034,#9497),#9499);
#12419= IFCRELDEFINESBYPROPERTIES('0TsmXCmiT3cQeW4yS4MQhs',#5,$,$,(#9501),#9503);
#12420= IFCRELDEFINESBYPROPERTIES('3lZP0D25zE2uZF6P_nMdoQ',#5,$,$,(#9512),#9514);
#12421= IFCRELDEFINESBYPROPERTIES('2aWt94kRT8kRik0lDBrede',#5,$,$,(#9530),#9545);
#12422= IFCRELDEFINESBYPROPERTIES('0cV_S3e9P4RRdpv$nSwGH1',#5,$,$,(#9530),#9547);
#12423= IFCRELDEFINESBYPROPERTIES('3hul1iqCL4WfqxyH$THs1c',#5,$,$,(#10079,#9562),#9577);
#12424= IFCRELDEFINESBYPROPERTIES('2Jb2fZGwX5bvkUXmZTPyJx',#5,$,$,(#11244,#9711,#9593,#9562),#9579);
#12425= IFCRELDEFINESBYPROPERTIES('1_VD2RDN98BeO_IYVQcKbP',#5,$,$,(#9593),#9608);
#12426= IFCRELDEFINESBYPROPERTIES('1IIoJ5KabFJw5DlRFHZ$8U',#5,$,$,(#9610),#9612);
#12427= IFCRELDEFINESBYPROPERTIES('0idwP7rbjBXOKyW9qvhmF5',#5,$,$,(#9621),#9623);
#12428= IFCRELDEFINESBYPROPERTIES('3o5vhtLVPFVh990YrieNd5',#5,$,$,(#9660,#9649,#9641,#9625),#9627);
#12429= IFCRELDEFINESBYPROPERTIES('0vFr0VZuj0s9EPJ$55LR6c',#5,$,$,(#9666,#9658,#9647,#9637),#9639);
#12430= IFCRELDEFINESBYPROPERTIES('0dL_ykLx55yB1qrGgcVasL',#5,$,$,(#9680),#9695);
#12431= IFCRELDEFINESBYPROPERTIES('3Jier9m$53NhGuh_CprFSk',#5,$,$,(#9680),#9697);
#12432= IFCRELDEFINESBYPROPERTIES('0qgMymOd55Aw2_U9r3rr39',#5,$,$,(#9711),#9718);
#12433= IFCRELDEFINESBYPROPERTIES('3F3c7n8pj1J9SmopjB7UlD',#5,$,$,(#9720),#9722);
#12434= IFCRELDEFINESBYPROPERTIES('23AbJT3mDDoRGkAahFNLou',#5,$,$,(#9732),#9734);
#12435= IFCRELDEFINESBYPROPERTIES('0fW8kc6IPBBQgP2OqgFhV8',#5,$,$,(#10003,#9749),#9764);
#12436= IFCRELDEFINESBYPROPERTIES('3fZQPcjsv5dAuUpCdFGthd',#5,$,$,(#9778),#9785);
#12437= IFCRELDEFINESBYPROPERTIES('1Cw7loksPFegs7uqSpbs0l',#5,$,$,(#9787),#9789);
#12438= IFCRELDEFINESBYPROPERTIES('0RFBdgn7L9ThZRW55Guim4',#5,$,$,(#9798),#9800);
#12439= IFCRELDEFINESBYPROPERTIES('1AbXMYd41D4xt4rSPX2mr0',#5,$,$,(#9814),#9821);
#12440= IFCRELDEFINESBYPROPERTIES('0cxs3CKkX5lvBUR6XAv9Y2',#5,$,$,(#9836),#9851);
#12441= IFCRELDEFINESBYPROPERTIES('0DqbM45aHEButclGP0VVE9',#5,$,$,(#9867,#9836),#9853);
#12442= IFCRELDEFINESBYPROPERTIES('1snrGwg7f5Ex_UpTQay5pr',#5,$,$,(#9867),#9874);
#12443= IFCRELDEFINESBYPROPERTIES('35Mzo_gGj0$RS79yO0yyzK',#5,$,$,(#9889),#9904);
#12444= IFCRELDEFINESBYPROPERTIES('2J4Va2Gh94h90b3KnUWtPL',#5,$,$,(#9919),#9926);
#12445= IFCRELDEFINESBYPROPERTIES('1cBuZatxHBfQeYPkajUNJw',#5,$,$,(#9928),#9930);
#12446= IFCRELDEFINESBYPROPERTIES('3MuiZkF$XEJ9b_jSw_i1MG',#5,$,$,(#9939),#9941);
#12447= IFCRELDEFINESBYPROPERTIES('1L0jCPyqb4neGlIDEsTVWY',#5,$,$,(#9958,#9943),#9945);
#12448= IFCRELDEFINESBYPROPERTIES('2JflZF7fPBY9uHjHwIfYAv',#5,$,$,(#9968,#9954),#9956);
#12449= IFCRELDEFINESBYPROPERTIES('1XUX94m0bBWQp6ajYnt3K7',#5,$,$,(#9982),#9989);
#12450= IFCRELDEFINESBYPROPERTIES('2A13aTFaj2mOtk3E529FUf',#5,$,$,(#10010),#10012);
#12451= IFCRELDEFINESBYPROPERTIES('2jDG3lsZPBShnXBETZwYcF',#5,$,$,(#10021),#10023);
#12452= IFCRELDEFINESBYPROPERTIES('1i6c16bn90oAYjsIoz4wHV',#5,$,$,(#10056),#10063);
#12453= IFCRELDEFINESBYPROPERTIES('3NtEwwcqzAXxoKtr5RqERE',#5,$,$,(#10252,#10223,#10079,#10056),#10065);
#12454= IFCRELDEFINESBYPROPERTIES('3IcC9HgvbDof9ae1pLI7Nn',#5,$,$,(#10098),#10105);
#12455= IFCRELDEFINESBYPROPERTIES('3Jbh7ph2DCmhMqYaVrr737',#5,$,$,(#10098),#10107);
#12456= IFCRELDEFINESBYPROPERTIES('2TTiT1oBD3_eKBx1ApG3Pk',#5,$,$,(#10974,#10109),#10111);
#12457= IFCRELDEFINESBYPROPERTIES('1iLlnVk8PC48sOO62f2Nab',#5,$,$,(#10980,#10120),#10122);
#12458= IFCRELDEFINESBYPROPERTIES('0bGQ7dWj1BEuKcZ8QtK9fo',#5,$,$,(#10140,#10124),#10126);
#12459= IFCRELDEFINESBYPROPERTIES('2hIMUpAzr6LvjY6ben5Z1B',#5,$,$,(#10149,#10136),#10138);
#12460= IFCRELDEFINESBYPROPERTIES('0o2iWx0Hr8VuQRBowHtKDy',#5,$,$,(#10151),#10153);
#12461= IFCRELDEFINESBYPROPERTIES('3o5aBsjcj268arfh8FhVfy',#5,$,$,(#10162),#10164);
#12462= IFCRELDEFINESBYPROPERTIES('2VoU695lL03PdnG7wSURMA',#5,$,$,(#10290,#10166),#10168);
#12463= IFCRELDEFINESBYPROPERTIES('0Z8aGDYi1BmhcBIwKhlYOF',#5,$,$,(#10296,#10177),#10179);
#12464= IFCRELDEFINESBYPROPERTIES('1lyI3Vq7z1U8YWps6w_TKv',#5,$,$,(#10342,#10181),#10183);
#12465= IFCRELDEFINESBYPROPERTIES('2HBvY15wP8ThlBlTD8pmfw',#5,$,$,(#10351,#10192),#10194);
#12466= IFCRELDEFINESBYPROPERTIES('0s2I38RgfCo8dLL6TFlpMj',#5,$,$,(#10353,#10196),#10198);
#12467= IFCRELDEFINESBYPROPERTIES('0qMK4T5$j8hA9Vp3qtkNoL',#5,$,$,(#10359,#10207),#10209);
#12468= IFCRELDEFINESBYPROPERTIES('0fPtyiwtT5tebidXZ3$JtC',#5,$,$,(#10223),#10238);
#12469= IFCRELDEFINESBYPROPERTIES('0x5NH661PDnePbheOt8RLZ',#5,$,$,(#10252),#10259);
#12470= IFCRELDEFINESBYPROPERTIES('1LGEhatK590QlxPX9VXf7S',#5,$,$,(#10273),#10288);
#12471= IFCRELDEFINESBYPROPERTIES('2vCmXfXSj8peyyP1xMs35v',#5,$,$,(#10311),#10318);
#12472= IFCRELDEFINESBYPROPERTIES('2Hvn0dwRL0xuT26CXZSxda',#5,$,$,(#10333,#10311),#10319);
#12473= IFCRELDEFINESBYPROPERTIES('2JuDiA4Y9DNem1hYQ9WXIi',#5,$,$,(#10333),#10340);
#12474= IFCRELDEFINESBYPROPERTIES('1k6pCX2xr6UePAH4pocuAT',#5,$,$,(#10982,#10361),#10363);
#12475= IFCRELDEFINESBYPROPERTIES('1h4Q1cjGPFlhe_yaca$3bD',#5,$,$,(#10991,#10373),#10375);
#12476= IFCRELDEFINESBYPROPERTIES('36IzYEoM96qh07sD_ksOtL',#5,$,$,(#10377),#10379);
#12477= IFCRELDEFINESBYPROPERTIES('3bOlxzNUzB0A_deojaFDGh',#5,$,$,(#10388),#10390);
#12478= IFCRELDEFINESBYPROPERTIES('0$I9q6Dhn76QyjJmfX1JYL',#5,$,$,(#10392),#10394);
#12479= IFCRELDEFINESBYPROPERTIES('01t6_0c59CthYpOrbdp5G8',#5,$,$,(#10403),#10405);
#12480= IFCRELDEFINESBYPROPERTIES('2tCV2gUC9ENRBJOjsiukao',#5,$,$,(#10407),#10409);
#12481= IFCRELDEFINESBYPROPERTIES('0jZiw0cmn73BuuJfyQGgSW',#5,$,$,(#10418),#10420);
#12482= IFCRELDEFINESBYPROPERTIES('2upXeVRe9D7PNCk2GamAkj',#5,$,$,(#10422),#10424);
#12483= IFCRELDEFINESBYPROPERTIES('3aaNNk4Bn6ZR3YCaddBDYQ',#5,$,$,(#10431),#10433);
#12484= IFCRELDEFINESBYPROPERTIES('2WDijjsRn0Wx_JFt7Lq9Iy',#5,$,$,(#10435),#10437);
#12485= IFCRELDEFINESBYPROPERTIES('3keoclVSPAEugwy5wUekyE',#5,$,$,(#10446),#10448);
#12486= IFCRELDEFINESBYPROPERTIES('25cbuQaq581vbDm0iKeQe4',#5,$,$,(#10450),#10452);
#12487= IFCRELDEFINESBYPROPERTIES('3sprx7FWDFJOp5QtqvXMji',#5,$,$,(#10461),#10463);
#12488= IFCRELDEFINESBYPROPERTIES('3FKrMaKELBqPxfVurtfM70',#5,$,$,(#11190,#10465),#10467);
#12489= IFCRELDEFINESBYPROPERTIES('0pkXh8KXr5PQPdyuyOjFDt',#5,$,$,(#11200,#10477),#10479);
#12490= IFCRELDEFINESBYPROPERTIES('2d3I$Ave5BwPzqc2SGyggN',#5,$,$,(#10481),#10483);
#12491= IFCRELDEFINESBYPROPERTIES('0eciQHkB13DQb92VvBUhiF',#5,$,$,(#10492),#10494);
#12492= IFCRELDEFINESBYPROPERTIES('0goZ$yQvrAO8ItUChXi6zz',#5,$,$,(#10496),#10498);
#12493= IFCRELDEFINESBYPROPERTIES('3wCJTzezL4CgaX8MhCIKt0',#5,$,$,(#10507),#10509);
#12494= IFCRELDEFINESBYPROPERTIES('3IH3b3IU93rAKChZBHpI$4',#5,$,$,(#10511),#10513);
#12495= IFCRELDEFINESBYPROPERTIES('1ZR4XHwzn44QshZymsXR3m',#5,$,$,(#10522),#10524);
#12496= IFCRELDEFINESBYPROPERTIES('3caYC$XLn8886uW$iZ_A_n',#5,$,$,(#10544),#10564);
#12497= IFCRELDEFINESBYPROPERTIES('1H$DrTVXLDShtf$0b_VS8I',#5,$,$,(#10544),#10566);
#12498= IFCRELDEFINESBYPROPERTIES('2rPZyeX$j94eTWpe_jYfRD',#5,$,$,(#10587),#10599);
#12499= IFCRELDEFINESBYPROPERTIES('3jbL3iAyf0pvNpRh_W$D6s',#5,$,$,(#10587),#10601);
#12500= IFCRELDEFINESBYPROPERTIES('0kjpflD9L8qeC1OfqmyL$S',#5,$,$,(#10799,#10620),#10632);
#12501= IFCRELDEFINESBYPROPERTIES('3_u6udV8H5ce3s0CCtxkHP',#5,$,$,(#10651),#10663);
#12502= IFCRELDEFINESBYPROPERTIES('1On6_u6qn7hPue0bHZNoS0',#5,$,$,(#10682),#10694);
#12503= IFCRELDEFINESBYPROPERTIES('3H2g5FaqP4V8jmDFvD4do9',#5,$,$,(#10714),#10734);
#12504= IFCRELDEFINESBYPROPERTIES('0IyLIWHQbFReXFH2QvLpCf',#5,$,$,(#10736),#10738);
#12505= IFCRELDEFINESBYPROPERTIES('1h6HYJETDA5AmwSq25bFW0',#5,$,$,(#10747),#10749);
#12506= IFCRELDEFINESBYPROPERTIES('1FVX7mIHTBEeM42wxmZOkW',#5,$,$,(#10751),#10753);
#12507= IFCRELDEFINESBYPROPERTIES('1yeiRIdrb1ofZz2Z3Mgyof',#5,$,$,(#10762),#10764);
#12508= IFCRELDEFINESBYPROPERTIES('0pEjpX5ET96OesqKoooY0A',#5,$,$,(#10766),#10768);
#12509= IFCRELDEFINESBYPROPERTIES('3HJosl3UTARAjIICbT$bZm',#5,$,$,(#10777),#10779);
#12510= IFCRELDEFINESBYPROPERTIES('0G46wsY0bFo8SH1RxbIpXq',#5,$,$,(#10837),#10849);
#12511= IFCRELDEFINESBYPROPERTIES('2AiuvP9Bz3dAeIARNsdJUX',#5,$,$,(#10868),#10880);
#12512= IFCRELDEFINESBYPROPERTIES('3nTjuBXpT3a8S1rw8xRv6T',#5,$,$,(#10882),#10884);
#12513= IFCRELDEFINESBYPROPERTIES('0ocVnfdVv3kPw0SlUYRmKA',#5,$,$,(#10893),#10895);
#12514= IFCRELDEFINESBYPROPERTIES('1aVohw9avFvuzADFq4oEGl',#5,$,$,(#10897),#10899);
#12515= IFCRELDEFINESBYPROPERTIES('0o7KZAqDXFNeoJo37z125t',#5,$,$,(#10909),#10911);
#12516= IFCRELDEFINESBYPROPERTIES('1Cc7uiIpj5cP1mX3CRAn7n',#5,$,$,(#10913),#10915);
#12517= IFCRELDEFINESBYPROPERTIES('2mkHtZjzDB9gHkuqdrTx_R',#5,$,$,(#10924),#10926);
#12518= IFCRELDEFINESBYPROPERTIES('3y8WMX7zz0Wx9SKRXWNQnD',#5,$,$,(#10942),#10957);
#12519= IFCRELDEFINESBYPROPERTIES('2V6SwnSHTFJPwIEO7lvxaW',#5,$,$,(#10959),#10961);
#12520= IFCRELDEFINESBYPROPERTIES('320KHAZRHD48BPghIJvIub',#5,$,$,(#10970),#10972);
#12521= IFCRELDEFINESBYPROPERTIES('3dOPvya9X5p8WGh0dXcQY4',#5,$,$,(#10993),#10995);
#12522= IFCRELDEFINESBYPROPERTIES('0RaV6I2U12NRfmiNekm80W',#5,$,$,(#11004),#11006);
#12523= IFCRELDEFINESBYPROPERTIES('2KRX3qH$j2lRBPeKDTIFGL',#5,$,$,(#11008),#11010);
#12524= IFCRELDEFINESBYPROPERTIES('3oFp61Y1LA9QV$u5PlFlAx',#5,$,$,(#11019),#11021);
#12525= IFCRELDEFINESBYPROPERTIES('0OahaVc658$g7zUsa0QV0u',#5,$,$,(#11023),#11025);
#12526= IFCRELDEFINESBYPROPERTIES('3HOQY$doH5D8D5FhpHG_4T',#5,$,$,(#11034),#11036);
#12527= IFCRELDEFINESBYPROPERTIES('35XVfIiXj3hATpsF4U0J54',#5,$,$,(#11038),#11040);
#12528= IFCRELDEFINESBYPROPERTIES('3GjvuNksv2cgfNMakuJThH',#5,$,$,(#11049),#11051);
#12529= IFCRELDEFINESBYPROPERTIES('3lO$MMVmr3_8urlZgoQVpM',#5,$,$,(#11095,#11067),#11082);
#12530= IFCRELDEFINESBYPROPERTIES('0kX6U_GBj4Kx42auT4lWql',#5,$,$,(#11095,#11067),#11084);
#12531= IFCRELDEFINESBYPROPERTIES('2mSNe0_qf4JQNQZDqv_f8y',#5,$,$,(#11152,#11124),#11126);
#12532= IFCRELDEFINESBYPROPERTIES('0CBS2KeNz9mO7EYOE5mfU8',#5,$,$,(#11158,#11133),#11135);
#12533= IFCRELDEFINESBYPROPERTIES('27rP$lIUn3a8clp9td49$O',#5,$,$,(#11137),#11139);
#12534= IFCRELDEFINESBYPROPERTIES('1OjEvzPYH6hgxDnu5XzEJJ',#5,$,$,(#11148),#11150);
#12535= IFCRELDEFINESBYPROPERTIES('2rxZTRTEP8afQSY2gtlSLt',#5,$,$,(#11160),#11162);
#12536= IFCRELDEFINESBYPROPERTIES('1__Gv9Jy9CUBYleVAoVldh',#5,$,$,(#11171),#11173);
#12537= IFCRELDEFINESBYPROPERTIES('1pCa9uoqP5euQDPwx0wl7e',#5,$,$,(#11175),#11177);
#12538= IFCRELDEFINESBYPROPERTIES('1tdRZ2RTv18uzO2eVzzQeW',#5,$,$,(#11186),#11188);
#12539= IFCRELDEFINESBYPROPERTIES('1u8w_2ZCT0Lv53Iv8yc8cd',#5,$,$,(#11202),#11204);
#12540= IFCRELDEFINESBYPROPERTIES('2KB8MWyiL6UgRzwU$kPz9J',#5,$,$,(#11213),#11215);
#12541= IFCRELDEFINESBYPROPERTIES('1Xe1LQ8qvEfPomo$YjUs_Y',#5,$,$,(#11217),#11219);
#12542= IFCRELDEFINESBYPROPERTIES('1Zd7rcmknCQPKPJY8__Zvz',#5,$,$,(#11228),#11230);
#12543= IFCRELDEFINESBYPROPERTIES('15Js4d62jCTgMlKcDZIibS',#5,$,$,(#11244),#11259);
#12544= IFCRELDEFINESBYPROPERTIES('0JIhTvhZn2U8s$yKGtQr8n',#5,$,$,(#11399,#11261),#11263);
#12545= IFCRELDEFINESBYPROPERTIES('25fTailr11r8c0wDk70NbW',#5,$,$,(#11408,#11272),#11274);
#12546= IFCRELDEFINESBYPROPERTIES('34ngycR3LC982VuG5csnRB',#5,$,$,(#11288),#11303);
#12547= IFCRELDEFINESBYPROPERTIES('1RuVXMV_P6gxoB0Sc82$$Y',#5,$,$,(#11288),#11304);
#12548= IFCRELDEFINESBYPROPERTIES('1p$Q$Z74HDlvQ6N7DAUABQ',#5,$,$,(#11306),#11308);
#12549= IFCRELDEFINESBYPROPERTIES('0GffTT5Lb0N8s059rVD9YI',#5,$,$,(#11318),#11320);
#12550= IFCRELDEFINESBYPROPERTIES('1aLl3tnP90hxH0cymopoVJ',#5,$,$,(#11322),#11324);
#12551= IFCRELDEFINESBYPROPERTIES('1HNupiQ$z5oR6$y$Sa4CiR',#5,$,$,(#11333),#11335);
#12552= IFCRELDEFINESBYPROPERTIES('0wD3GIi2H4EhbgyfdG9FSF',#5,$,$,(#11337),#11339);
#12553= IFCRELDEFINESBYPROPERTIES('26cz6yjrz6GxtGr0LZSgI8',#5,$,$,(#11348),#11350);
#12554= IFCRELDEFINESBYPROPERTIES('0WpnLz2_nDeAiPK0ypzw_1',#5,$,$,(#11352),#11354);
#12555= IFCRELDEFINESBYPROPERTIES('3WS9Fz385ASP7anVSvWMhM',#5,$,$,(#11364),#11366);
#12556= IFCRELDEFINESBYPROPERTIES('3Gm4MGMYTBXeckHC_Kuh6x',#5,$,$,(#11368),#11370);
#12557= IFCRELDEFINESBYPROPERTIES('1J$6Ce1Vv7oPGYjVBATIVf',#5,$,$,(#11380),#11382);
#12558= IFCRELDEFINESBYPROPERTIES('1IDZpgtiXCAvVQ28gZsOyI',#5,$,$,(#11384),#11386);
#12559= IFCRELDEFINESBYPROPERTIES('3yp_rDwC1469XgRyzNz5_r',#5,$,$,(#11395),#11397);
#12560= IFCRELDEFINESBYPROPERTIES('1qjAekSf93L8L6pcNmtDa2',#5,$,$,(#11422),#11437);
#12561= IFCRELDEFINESBYPROPERTIES('2ynl9U9rD7cgxWkaRzFifA',#5,$,$,(#11422),#11439);
#12562= IFCRELDEFINESBYPROPERTIES('0FyicLdXX4WuTAlnexWIRD',#5,$,$,(#11441),#11443);
#12563= IFCRELDEFINESBYPROPERTIES('3U1A$YdsD0kgJOo29YWbVq',#5,$,$,(#11453),#11455);
#12564= IFCRELDEFINESBYPROPERTIES('30vUInt_fBWAjLsQxu4ptL',#5,$,$,(#11480,#11472,#11457),#11459);
#12565= IFCRELDEFINESBYPROPERTIES('0qRmFJTZDFbBL9rwtnXPG9',#5,$,$,(#11486,#11478,#11468),#11470);
#12566= IFCRELASSOCIATESMATERIAL('3deHIWifDFIBUclUg0Kgf8',#5,$,$,(#7738,#7610,#7481,#7245,#7214,#7185,#7154,#7125,#7094,#7053,#7022,#6993,#6962,#6933,#6900,#6869,#6838,#6807,#6704,#6020,#5951,#5882,#5802,#5733,#5666,#5597,#5517,#5437,#5357,#5288,#5208,#5128,#5048,#4983,#4918,#4853,#4788,#4723,#4658,#4593,#4528,#4448,#4370,#4287,#4207,#4036,#3929,#3860,#3793,#3679,#3393,#3308,#3232,#2946,#2861,#2796,#2710,#2641,#2383,#2296,#2003,#1923,#1854,#1568,#1473,#1176,#1095,#1026,#931,#836,#716,#106),#122);
#12567= IFCRELASSOCIATESMATERIAL('2k60OFrpP6WfZctj7hBdbG',#5,$,$,(#11486,#11478,#11468,#11453,#11422,#11408,#11395,#11380,#11364,#11348,#11333,#11318,#11288,#11272,#11244,#11228,#11213,#11200,#11186,#11171,#11158,#11148,#11133,#11122,#11111,#11095,#11067,#11049,#11034,#11019,#11004,#10991,#10980,#10970,#10942,#10924,#10909,#10893,#10868,#10837,#10799,#10777,#10762,#10747,#10714,#10682,#10651,#10620,#10587,#10544,#10522,#10507,#10492,#10477,#10461,#10446,#10431,#10418,#10403,#10388,#10373,#10359,#10351,#10333,#10311,#10296,#10273,#10252,#10223,#10207,#10192,#10177,#10162,#10149,#10136,#10120,#10098,#10079,#10056,#10042,#10034,#10021,#10003,#9982,#9968,#9954,#9939,#9919,#9889,#9867,#9836,#9814,#9798,#9778,#9749,#9732,#9711,#9680,#9666,#9658,#9647,#9637,#9621,#9593,#9562,#9530,#9512,#9497,#9471,#9442,#9424,#9393,#9376,#9360,#9345,#9330,#9315,#9300,#9284,#9243,#9192,#9168,#9153,#9144,#9135,#9125,#9110,#9099,#9087,#9045,#9031,#9023,#9015,#9007,#8999,#8991,#8980,#8969,#8961,#8953,#8945,#8937,#8929,#8918,#8907,#8899,#8891,#8883,#8873,#8860,#8852,#8843,#8835,#8827,#8816,#8803,#8790,#8779,#8766,#8750,#8737,#8727,#8712,#8699,#8687,#8678,#8666,#8655,#8643,#8632,#8618,#8605,#8595,#8579,#8565,#8553,#8543,#8529,#8521,#8510,#8502,#8494,#8486,#8478,#8467,#8453,#8438,#8423,#8408,#8394,#8380,#8369,#8358,#8347,#8336,#8325,#8314,#8306,#8295,#8284,#8272,#8261,#8250,#8239,#8231,#8220,#8209,#8198,#8190,#8179,#8168,#8157,#8146,#8135,#8124,#8113,#8100,#8085,#8069,#8052,#8037,#8022,#8008,#8002,#7996,#7988,#7842,#7813,#7702,#7653,#7625,#7561,#7260,#7229,#7200,#7171,#7140,#7109,#7068,#7039,#7008,#6977,#6948,#6917,#6884,#6853,#6822,#6779,#6078,#6072,#6066,#6055,#6009,#6003,#5997,#5986,#5940,#5934,#5928,#5917,#5860,#5854,#5848,#5837,#5791,#5785,#5779,#5768,#5724,#5718,#5712,#5701,#5655,#5649,#5643,#5632,#5575,#5569,#5563,#5552,#5495,#5489,#5483,#5472,#5415,#5409,#5403,#5392,#5346,#5340,#5334,#5323,#5266,#5260,#5254,#5243,#5186,#5180,#5174,#5163,#5106,#5100,#5094,#5083,#5041,#5035,#5029,#5018,#4976,#4970,#4964,#4953,#4911,#4905,#4899,#4888,#4846,#4840,#4834,#4823,#4781,#4775,#4769,#4758,#4716,#4710,#4704,#4693,#4651,#4645,#4639,#4628,#4586,#4580,#4574,#4563,#4510,#4504,#4498,#4485,#4428,#4422,#4416,#4405,#4350,#4344,#4338,#4325,#4265,#4259,#4253,#4242,#4198,#4191,#4185,#4173,#4013,#4007,#4001,#3990,#3918,#3912,#3906,#3895,#3851,#3845,#3839,#3828,#3782,#3776,#3770,#3759,#3668,#3661,#3655,#3643,#3370,#3363,#3357,#3345,#3290,#3284,#3278,#3267,#3221,#3214,#3208,#3196,#2923,#2916,#2910,#2898,#2854,#2848,#2842,#2831,#2768,#2762,#2756,#2745,#2699,#2693,#2687,#2676,#2613,#2606,#2600,#2588,#2354,#2348,#2342,#2331,#2276,#2270,#2264,#2252,#1981,#1975,#1969,#1958,#1912,#1906,#1900,#1889,#1843,#1836,#1830,#1818,#1535,#1528,#1522,#1510,#1451,#1444,#1438,#1426,#1153,#1147,#1141,#1130,#1084,#1078,#1072,#1061,#1015,#1009,#1003,#992,#920,#914,#908,#897,#825,#818,#812,#799,#698,#687,#678,#402),#430);
#12568= IFCRELASSOCIATESMATERIAL('2MWOUnxEjCkw$41TeODHMl',#5,$,$,(#7975,#7960,#7950,#7942,#7934,#7926,#7918,#7910,#7900,#7885,#6406,#6396,#6383,#6375,#6364,#6352,#6342,#6328,#6315,#6307,#6299,#6289,#6275,#6262,#6248,#6235,#6221,#6208,#6194,#6181,#6168,#6157,#6144,#6128,#6113,#6093),#6100);
#12569= IFCRELASSOCIATESMATERIAL('1LFgaiPKr7YO7Dr3adp8IR',#5,$,$,(#7440,#7432,#7424,#7414,#7402,#7394,#7386,#7378,#7369,#7361,#7353,#7340,#7326,#7315,#7307,#7297,#7288,#7278,#6659,#6651,#6643,#6635,#6627,#6619,#6611,#6603,#6595,#6587,#6579,#6571,#6563,#6555,#6547,#6539,#6531,#6523,#6515,#6507,#6499,#6491,#6483,#6475,#6467,#6459,#6451,#6441,#6420),#6426);
ENDSEC;

END-ISO-10303-21;
