ISO-10303-21;
HEADER;
FILE_DESCRIPTION(('ViewDefinition[AISC_Steel_Detailing]', 'Option [BaseQuantities:Off]', 'Option [GridExport:On]', 'Option [Assemblies:On]', 'Option [Bolts:On]', 'Option [Rebars:On]', 'Option [PourObjects:Off]', 'Option [Welds:On]', 'Option [SurfaceTreatments:On]', 'Option [LocationBy:0]', 'Option [ViewColors:Off]', 'Option [SectionedSpine:Off]', 'Option [PropertySets:On]', 'Option [Export all:Off]'),'2;1');
FILE_NAME('N13.ifc','2026-05-18T17:54:09',('GIOVANNIPC\\gcorrea'),('Structural Designer'),'IFC Database version: Work','Tekla Structures 2020 Service Pack 5, IFC Export Version: 4.0.0.0 Dec  7 2020','');
FILE_SCHEMA(('IFC2X3'));
ENDSEC;

DATA;
#1= IFCPERSON('GIOVANNIPC\\gcorrea','Undefined',$,$,$,$,$,$);
#2= IFCORGANIZATION($,'Trimble Solutions Corporation',$,$,$);
#3= IFCPERSONANDORGANIZATION(#1,#2,$);
#4= IFCAPPLICATION(#2,'2020 Service Pack 5','Tekla Structures','Multi material modeling');
#5= IFCOWNERHISTORY(#3,#4,$,.NOCHANGE.,$,$,$,1779144848);
#6= IFCCARTESIANPOINT((0.,0.,0.));
#7= IFCDIRECTION((1.,0.,0.));
#8= IFCDIRECTION((0.,1.,0.));
#9= IFCDIRECTION((0.,0.,1.));
#10= IFCAXIS2PLACEMENT3D(#6,#9,#7);
#11= IFCGEOMETRICREPRESENTATIONCONTEXT($,'Model',3,1.E-05,#10,$);
#12= IFCGEOMETRICREPRESENTATIONSUBCONTEXT('Body','Model',*,*,*,*,#11,$,.MODEL_VIEW.,$);
#13= IFCGEOMETRICREPRESENTATIONSUBCONTEXT('Axis','Model',*,*,*,*,#11,$,.GRAPH_VIEW.,$);
#14= IFCGEOMETRICREPRESENTATIONSUBCONTEXT('FootPrint','Model',*,*,*,*,#11,$,.MODEL_VIEW.,$);
#15= IFCSIUNIT(*,.LENGTHUNIT.,.MILLI.,.METRE.);
#16= IFCMEASUREWITHUNIT(IFCRATIOMEASURE(304.8),#15);
#17= IFCDIMENSIONALEXPONENTS(1,0,0,0,0,0,0);
#18= IFCCONVERSIONBASEDUNIT(#17,.LENGTHUNIT.,'FOOT',#16);
#19= IFCSIUNIT(*,.AREAUNIT.,$,.SQUARE_METRE.);
#20= IFCMEASUREWITHUNIT(IFCRATIOMEASURE(0.09290304),#19);
#21= IFCDIMENSIONALEXPONENTS(2,0,0,0,0,0,0);
#22= IFCCONVERSIONBASEDUNIT(#21,.AREAUNIT.,'SQUARE FOOT',#20);
#23= IFCSIUNIT(*,.VOLUMEUNIT.,$,.CUBIC_METRE.);
#24= IFCMEASUREWITHUNIT(IFCRATIOMEASURE(0.028316846592),#23);
#25= IFCDIMENSIONALEXPONENTS(3,0,0,0,0,0,0);
#26= IFCCONVERSIONBASEDUNIT(#25,.VOLUMEUNIT.,'CUBIC FOOT',#24);
#27= IFCSIUNIT(*,.MASSUNIT.,.KILO.,.GRAM.);
#28= IFCSIUNIT(*,.TIMEUNIT.,$,.SECOND.);
#29= IFCSIUNIT(*,.PLANEANGLEUNIT.,$,.RADIAN.);
#30= IFCMEASUREWITHUNIT(IFCRATIOMEASURE(0.0174532925199433),#29);
#31= IFCDIMENSIONALEXPONENTS(0,0,0,0,0,0,0);
#32= IFCCONVERSIONBASEDUNIT(#31,.PLANEANGLEUNIT.,'DEGREE',#30);
#33= IFCSIUNIT(*,.SOLIDANGLEUNIT.,$,.STERADIAN.);
#34= IFCSIUNIT(*,.THERMODYNAMICTEMPERATUREUNIT.,$,.DEGREE_CELSIUS.);
#35= IFCSIUNIT(*,.LUMINOUSINTENSITYUNIT.,$,.LUMEN.);
#36= IFCUNITASSIGNMENT((#15,#19,#23,#27,#28,#29,#33,#34,#35));
#37= IFCPROJECT('2G7ZFDNE16yBDU14FA92Me',#5,'Proyecto',$,$,$,$,(#11),#36);
#38= IFCLOCALPLACEMENT($,#10);
#39= IFCSITE('2xvEzEinjBTea80yOTcujY',#5,'Obra',$,$,#38,$,$,.ELEMENT.,$,$,$,$,$);
#40= IFCLOCALPLACEMENT(#38,#10);
#41= IFCBUILDING('0gUsiN8pX1c9CvxFXuRoxU',#5,'Undefined',$,$,#40,$,$,.ELEMENT.,$,$,$);
#42= IFCLOCALPLACEMENT(#40,#10);
#43= IFCBUILDINGSTOREY('29hdEUCErFze9E_VIAceOd',#5,'Undefined',$,$,#42,$,$,.ELEMENT.,0.);
#44= IFCOWNERHISTORY(#3,#4,$,.NOCHANGE.,$,$,$,1779141600);
#45= IFCLOCALPLACEMENT(#42,#10);
#46= IFCELEMENTASSEMBLY('2E2YsCFqX7FRSGcUeeym$f',#44,'BEAM',$,$,#45,$,'B/780(?)',.NOTDEFINED.,.RIGID_FRAME.);
#47= IFCPROPERTYSINGLEVALUE('OnSiteBy',$,$,$);
#48= IFCPROPERTYSET('3wr3WIEPnBmgkxN1pSG9ld',#5,'AISC_EM11_Pset_SchedulingInformation',$,(#47));
#49= IFCPROPERTYSINGLEVALUE('DrawingNumber',$,IFCIDENTIFIER(''),$);
#50= IFCPROPERTYSET('0w5i4nyEH318Owe1BMn3UH',#5,'AISC_EM11_Pset_DrawingNumber',$,(#49));
#51= IFCPROPERTYSINGLEVALUE('AssemblyMark',$,IFCIDENTIFIER('B/780(?)'),$);
#52= IFCPROPERTYSINGLEVALUE('PrelimMark',$,$,$);
#53= IFCPROPERTYSINGLEVALUE('ShippingMark',$,IFCINTEGER(0),$);
#54= IFCPROPERTYSET('2VLh8AufDBZOZZy$8INlKP',#5,'AISC_EM11_Pset_AssemblyIdentification','AssemblyIdentity',(#51,#52,#53));
#55= IFCCARTESIANPOINT((73140.1154033425,7360.03640267093,60850.));
#56= IFCDIRECTION((-1.88170000037644E-05,-0.99999999982296,0.));
#57= IFCDIRECTION((0.,0.,-1.));
#58= IFCAXIS2PLACEMENT3D(#55,#56,#57);
#59= IFCLOCALPLACEMENT(#45,#58);
#60= IFCCARTESIANPOINT((13.85640646056,0.));
#61= IFCCARTESIANPOINT((6.92820323028,12.0000000000017));
#62= IFCCARTESIANPOINT((-6.92820323028,12.0000000000017));
#63= IFCCARTESIANPOINT((-13.85640646056,0.));
#64= IFCCARTESIANPOINT((-6.92820323028,-12.0000000000017));
#65= IFCCARTESIANPOINT((6.92820323028,-12.0000000000017));
#66= IFCPOLYLINE((#60,#61,#62,#63,#64,#65,#60));
#67= IFCARBITRARYCLOSEDPROFILEDEF(.AREA.,$,#66);
#68= IFCCARTESIANPOINT((0.,-19.6599999037412,0.));
#69= IFCAXIS2PLACEMENT3D(#68,#8,#7);
#70= IFCEXTRUDEDAREASOLID(#67,#69,#9,10.56);
#71= IFCDIRECTION((1.,0.));
#72= IFCCARTESIANPOINT((0.,0.));
#73= IFCAXIS2PLACEMENT2D(#72,#71);
#74= IFCCIRCLEPROFILEDEF(.AREA.,$,#73,8.);
#75= IFCCARTESIANPOINT((0.,-9.09999990374123,0.));
#76= IFCAXIS2PLACEMENT3D(#75,#8,#7);
#77= IFCEXTRUDEDAREASOLID(#74,#76,#9,40.);
#78= IFCCIRCLEPROFILEDEF(.AREA.,$,#73,15.);
#79= IFCCARTESIANPOINT((0.,3.11053742187774,0.));
#80= IFCAXIS2PLACEMENT3D(#79,#8,#7);
#81= IFCEXTRUDEDAREASOLID(#78,#80,#9,8.);
#82= IFCCARTESIANPOINT((0.,11.1105374218777,0.));
#83= IFCAXIS2PLACEMENT3D(#82,#8,#7);
#84= IFCEXTRUDEDAREASOLID(#67,#83,#9,13.);
#85= IFCCARTESIANPOINT((60.,-2.7648638933897E-10,49.9999999999691));
#86= IFCCARTESIANTRANSFORMATIONOPERATOR3D($,$,#85,$,$);
#87= IFCSHAPEREPRESENTATION(#12,'Body','SweptSolid',(#70,#77,#81,#84));
#88= IFCREPRESENTATIONMAP(#10,#87);
#89= IFCMAPPEDITEM(#88,#86);
#90= IFCCARTESIANPOINT((120.,-2.7648638933897E-10,49.9999999999691));
#91= IFCCARTESIANTRANSFORMATIONOPERATOR3D($,$,#90,$,$);
#92= IFCMAPPEDITEM(#88,#91);
#93= IFCCARTESIANPOINT((180.,-2.7648638933897E-10,49.9999999999691));
#94= IFCCARTESIANTRANSFORMATIONOPERATOR3D($,$,#93,$,$);
#95= IFCMAPPEDITEM(#88,#94);
#96= IFCSHAPEREPRESENTATION(#12,'Body','MappedRepresentation',(#89,#92,#95));
#97= IFCCARTESIANPOINT((0.,40.,0.));
#98= IFCPOLYLINE((#68,#97));
#99= IFCSHAPEREPRESENTATION(#12,'Axis','GeometricCurveSet',(#98));
#100= IFCREPRESENTATIONMAP(#10,#99);
#101= IFCMAPPEDITEM(#100,#86);
#102= IFCMAPPEDITEM(#100,#91);
#103= IFCMAPPEDITEM(#100,#94);
#104= IFCSHAPEREPRESENTATION(#12,'Axis','MappedRepresentation',(#101,#102,#103));
#105= IFCPRODUCTDEFINITIONSHAPE($,$,(#96,#104));
#106= IFCMECHANICALFASTENER('27g6M5QwzB7gFmRpWdkUmE',#44,'Bolt assembly',$,$,#59,#105,'ID87a86585-6baf-4b1e-a3f0-6f3827b9ec0e',16.,40.);
#107= IFCPROPERTYSINGLEVALUE('BoltFieldAssembled',$,IFCBOOLEAN(.F.),$);
#108= IFCPROPERTYSINGLEVALUE('BoltGrade',$,IFCIDENTIFIER('5.6'),$);
#109= IFCPROPERTYSINGLEVALUE('BoltDiameter',$,IFCPOSITIVELENGTHMEASURE(16.),$);
#110= IFCPROPERTYSINGLEVALUE('BoltLength',$,IFCPOSITIVELENGTHMEASURE(40.),$);
#111= IFCPROPERTYSINGLEVALUE('BoltStandard',$,IFCIDENTIFIER('7968'),$);
#112= IFCPROPERTYSINGLEVALUE('BoltType',$,IFCIDENTIFIER('7968'),$);
#113= IFCPROPERTYSET('3MA0py5aH3fQs0KjAPxKpm',#5,'AISC_EM11_Pset_Bolt','BoltIdentity',(#107,#108,#109,#110,#111,#112));
#114= IFCPROPERTYSINGLEVALUE('NutSize',$,IFCPOSITIVELENGTHMEASURE(16.),$);
#115= IFCPROPERTYSINGLEVALUE('NutStandard',$,IFCIDENTIFIER('555'),$);
#116= IFCPROPERTYSET('1s2EDfgnH0TfmvVx20WNdm',#5,'AISC_EM11_Pset_Nut','NutIdentity',(#114,#115));
#117= IFCPROPERTYSINGLEVALUE('WasherThickness',$,IFCPOSITIVELENGTHMEASURE(8.),$);
#118= IFCPROPERTYSINGLEVALUE('WasherSize',$,IFCPOSITIVELENGTHMEASURE(16.),$);
#119= IFCPROPERTYSINGLEVALUE('WasherStandard',$,IFCIDENTIFIER('7989'),$);
#120= IFCPROPERTYSINGLEVALUE('HeadSideWashers',$,IFCBOOLEAN(.F.),$);
#121= IFCPROPERTYSET('1OIWOk_Gz16h8M9j_6qw2g',#5,'AISC_EM11_Pset_Washer','WasherIdentity',(#117,#118,#119,#120));
#122= IFCMATERIAL('Undefined');
#123= IFCLOCALPLACEMENT(#42,#10);
#124= IFCELEMENTASSEMBLY('17NMCxTeXBmeaAwMZL_ft1',#44,'BEAM',$,$,#123,$,'B/744(?)',.NOTDEFINED.,.RIGID_FRAME.);
#125= IFCPROPERTYSINGLEVALUE('AssemblyMark',$,IFCIDENTIFIER('B/744(?)'),$);
#126= IFCPROPERTYSET('2Ys3N94Qb4zvy3UV7UFYz0',#5,'AISC_EM11_Pset_AssemblyIdentification','AssemblyIdentity',(#125,#52,#53));
#127= IFCCARTESIANPOINT((72675.1152507545,7360.0451525788,60834.9981994629));
#128= IFCAXIS2PLACEMENT3D(#127,#56,#57);
#129= IFCLOCALPLACEMENT(#123,#128);
#130= IFCCARTESIANPOINT((0.,3.31053749774091,0.));
#131= IFCAXIS2PLACEMENT3D(#130,#8,#7);
#132= IFCEXTRUDEDAREASOLID(#78,#131,#9,8.);
#133= IFCCARTESIANPOINT((0.,11.3105374977409,0.));
#134= IFCAXIS2PLACEMENT3D(#133,#8,#7);
#135= IFCEXTRUDEDAREASOLID(#67,#134,#9,13.);
#136= IFCSHAPEREPRESENTATION(#12,'Body','SweptSolid',(#70,#77,#132,#135));
#137= IFCREPRESENTATIONMAP(#10,#136);
#138= IFCMAPPEDITEM(#137,#86);
#139= IFCMAPPEDITEM(#137,#91);
#140= IFCMAPPEDITEM(#137,#94);
#141= IFCSHAPEREPRESENTATION(#12,'Body','MappedRepresentation',(#138,#139,#140));
#142= IFCSHAPEREPRESENTATION(#12,'Axis','MappedRepresentation',(#101,#102,#103));
#143= IFCPRODUCTDEFINITIONSHAPE($,$,(#141,#142));
#144= IFCMECHANICALFASTENER('153EbL$Sb8uQKFZfpuh0Zf',#44,'Bolt assembly',$,$,#129,#143,'ID450ce955-fdc9-48e1-a50f-8e9cf8ac08e9',16.,40.);
#145= IFCLOCALPLACEMENT(#42,#10);
#146= IFCELEMENTASSEMBLY('0vZET8mqj1OfJSXejRpUuN',#44,'BEAM',$,$,#145,$,'B/705(?)',.NOTDEFINED.,.RIGID_FRAME.);
#147= IFCPROPERTYSINGLEVALUE('AssemblyMark',$,IFCIDENTIFIER('B/705(?)'),$);
#148= IFCPROPERTYSET('2txHYTPr167vmpt$M$CGZy',#5,'AISC_EM11_Pset_AssemblyIdentification','AssemblyIdentity',(#147,#52,#53));
#149= IFCCARTESIANPOINT((57029.1259278403,9008.5399633231,60835.));
#150= IFCDIRECTION((0.0571102009751412,0.998367880565365,0.));
#151= IFCAXIS2PLACEMENT3D(#149,#150,#57);
#152= IFCLOCALPLACEMENT(#145,#151);
#153= IFCCARTESIANPOINT((0.,35.3393906061168,0.));
#154= IFCAXIS2PLACEMENT3D(#153,#8,#7);
#155= IFCEXTRUDEDAREASOLID(#78,#154,#9,8.);
#156= IFCCARTESIANPOINT((0.,43.3393906061168,0.));
#157= IFCAXIS2PLACEMENT3D(#156,#8,#7);
#158= IFCEXTRUDEDAREASOLID(#67,#157,#9,13.);
#159= IFCSHAPEREPRESENTATION(#12,'Body','SweptSolid',(#70,#77,#155,#158));
#160= IFCREPRESENTATIONMAP(#10,#159);
#161= IFCMAPPEDITEM(#160,#86);
#162= IFCMAPPEDITEM(#160,#91);
#163= IFCMAPPEDITEM(#160,#94);
#164= IFCSHAPEREPRESENTATION(#12,'Body','MappedRepresentation',(#161,#162,#163));
#165= IFCSHAPEREPRESENTATION(#12,'Axis','MappedRepresentation',(#101,#102,#103));
#166= IFCPRODUCTDEFINITIONSHAPE($,$,(#164,#165));
#167= IFCMECHANICALFASTENER('3FL7egZ$H1k8KM3ZMr9s7h',#44,'Bolt assembly',$,$,#152,#166,'IDcf547a2a-8ff4-41b8-8516-0e35b52761eb',16.,40.);
#168= IFCLOCALPLACEMENT(#42,#10);
#169= IFCELEMENTASSEMBLY('12Evfs32f0rfx5t28JwKoe',#44,'BEAM',$,$,#168,$,'B/743(?)',.NOTDEFINED.,.RIGID_FRAME.);
#170= IFCPROPERTYSINGLEVALUE('AssemblyMark',$,IFCIDENTIFIER('B/743(?)'),$);
#171= IFCPROPERTYSET('3zw$U5foj0ihGZz1iKF1EB',#5,'AISC_EM11_Pset_AssemblyIdentification','AssemblyIdentity',(#170,#52,#53));
#172= IFCCARTESIANPOINT((65836.1776305218,7483.07773403622,60834.9981994629));
#173= IFCDIRECTION((-0.0571102009751339,-0.998367880565365,0.));
#174= IFCAXIS2PLACEMENT3D(#172,#173,#57);
#175= IFCLOCALPLACEMENT(#168,#174);
#176= IFCSHAPEREPRESENTATION(#12,'Body','MappedRepresentation',(#161,#162,#163));
#177= IFCSHAPEREPRESENTATION(#12,'Axis','MappedRepresentation',(#101,#102,#103));
#178= IFCPRODUCTDEFINITIONSHAPE($,$,(#176,#177));
#179= IFCMECHANICALFASTENER('1KEicOf4b6qhng$eK49Rcl',#44,'Bolt assembly',$,$,#175,#178,'ID543ac998-a449-46d2-bc6a-fe850425b9af',16.,40.);
#180= IFCLOCALPLACEMENT(#42,#10);
#181= IFCELEMENTASSEMBLY('1XfqLAmu9AnuBEB6eVp860',#44,'BEAM',$,$,#180,$,'B/742(?)',.NOTDEFINED.,.RIGID_FRAME.);
#182= IFCPROPERTYSINGLEVALUE('AssemblyMark',$,IFCIDENTIFIER('B/742(?)'),$);
#183= IFCPROPERTYSET('0anYUol3vCa8P0J3wc_n8Q',#5,'AISC_EM11_Pset_AssemblyIdentification','AssemblyIdentity',(#182,#52,#53));
#184= IFCCARTESIANPOINT((63720.9585142993,7604.07580617417,60834.9981994629));
#185= IFCAXIS2PLACEMENT3D(#184,#173,#57);
#186= IFCLOCALPLACEMENT(#180,#185);
#187= IFCSHAPEREPRESENTATION(#12,'Body','MappedRepresentation',(#161,#162,#163));
#188= IFCSHAPEREPRESENTATION(#12,'Axis','MappedRepresentation',(#101,#102,#103));
#189= IFCPRODUCTDEFINITIONSHAPE($,$,(#187,#188));
#190= IFCMECHANICALFASTENER('3jOXaVajPAAwwFNvox_skt',#44,'Bolt assembly',$,$,#186,#189,'IDed62191f-92d6-4a2b-ae8f-5f9cbbfb6bb7',16.,40.);
#191= IFCLOCALPLACEMENT(#42,#10);
#192= IFCELEMENTASSEMBLY('3JSDlAB_L5wP5eeoBLuq8y',#44,'BEAM',$,$,#191,$,'B/736(?)',.NOTDEFINED.,.RIGID_FRAME.);
#193= IFCPROPERTYSINGLEVALUE('AssemblyMark',$,IFCIDENTIFIER('B/736(?)'),$);
#194= IFCPROPERTYSET('158qL7P0fFpPDaZo5sDO4b',#5,'AISC_EM11_Pset_AssemblyIdentification','AssemblyIdentity',(#193,#52,#53));
#195= IFCCARTESIANPOINT((61595.9574461832,7725.63344082461,60834.9981994629));
#196= IFCAXIS2PLACEMENT3D(#195,#173,#57);
#197= IFCLOCALPLACEMENT(#191,#196);
#198= IFCSHAPEREPRESENTATION(#12,'Body','MappedRepresentation',(#161,#162,#163));
#199= IFCSHAPEREPRESENTATION(#12,'Axis','MappedRepresentation',(#101,#102,#103));
#200= IFCPRODUCTDEFINITIONSHAPE($,$,(#198,#199));
#201= IFCMECHANICALFASTENER('06s6gliYDCwekI2ZevqDBc',#44,'Bolt assembly',$,$,#197,#200,'ID06d86aaf-b223-4cea-8b92-0a3a39d0d2e6',16.,40.);
#202= IFCLOCALPLACEMENT(#42,#10);
#203= IFCELEMENTASSEMBLY('22zqmu32127f_cMUlSan70',#44,'BEAM',$,$,#202,$,'B/741(?)',.NOTDEFINED.,.RIGID_FRAME.);
#204= IFCPROPERTYSINGLEVALUE('AssemblyMark',$,IFCIDENTIFIER('B/741(?)'),$);
#205= IFCPROPERTYSET('0JfbJ4w9r1S8qXcy5Wbf18',#5,'AISC_EM11_Pset_AssemblyIdentification','AssemblyIdentity',(#204,#52,#53));
#206= IFCCARTESIANPOINT((57360.9606505288,7967.89035116504,60834.9981994629));
#207= IFCAXIS2PLACEMENT3D(#206,#173,#57);
#208= IFCLOCALPLACEMENT(#202,#207);
#209= IFCSHAPEREPRESENTATION(#12,'Body','MappedRepresentation',(#161,#162,#163));
#210= IFCSHAPEREPRESENTATION(#12,'Axis','MappedRepresentation',(#101,#102,#103));
#211= IFCPRODUCTDEFINITIONSHAPE($,$,(#209,#210));
#212= IFCMECHANICALFASTENER('2Htv5nLhH7fBeBrr$1bZqt',#44,'Bolt assembly',$,$,#208,#211,'ID91df9171-56b4-47a4-ba0b-d75fc1963d37',16.,40.);
#213= IFCLOCALPLACEMENT(#42,#10);
#214= IFCELEMENTASSEMBLY('1kN8LLnZz4N9ygEayXJquW',#44,'BEAM',$,$,#213,$,'B/681(?)',.NOTDEFINED.,.RIGID_FRAME.);
#215= IFCPROPERTYSINGLEVALUE('AssemblyMark',$,IFCIDENTIFIER('B/681(?)'),$);
#216= IFCPROPERTYSET('2YmZdTUff1kv2r3g0jPsZY',#5,'AISC_EM11_Pset_AssemblyIdentification','AssemblyIdentity',(#215,#52,#53));
#217= IFCCARTESIANPOINT((55230.9614897622,8089.73389452839,60834.9981994629));
#218= IFCAXIS2PLACEMENT3D(#217,#173,#57);
#219= IFCLOCALPLACEMENT(#213,#218);
#220= IFCSHAPEREPRESENTATION(#12,'Body','MappedRepresentation',(#161,#162,#163));
#221= IFCSHAPEREPRESENTATION(#12,'Axis','MappedRepresentation',(#101,#102,#103));
#222= IFCPRODUCTDEFINITIONSHAPE($,$,(#220,#221));
#223= IFCMECHANICALFASTENER('20T5nqmy5FXOLr6tDny0_U',#44,'Bolt assembly',$,$,#219,#222,'ID80745c74-c3c1-4f85-8575-1b7371f00f9e',16.,40.);
#224= IFCLOCALPLACEMENT(#42,#10);
#225= IFCELEMENTASSEMBLY('3JgQs$F85F08HLSgNE8zBM',#44,'BEAM',$,$,#224,$,'B/656(?)',.NOTDEFINED.,.RIGID_FRAME.);
#226= IFCPROPERTYSINGLEVALUE('AssemblyMark',$,IFCIDENTIFIER('B/656(?)'),$);
#227= IFCPROPERTYSET('30GXRIPBjAWxvS2xzNXeA_',#5,'AISC_EM11_Pset_AssemblyIdentification','AssemblyIdentity',(#226,#52,#53));
#228= IFCCARTESIANPOINT((52999.529974551,9132.49392488444,60835.));
#229= IFCDIRECTION((-0.00150757099941984,0.999998863614195,0.));
#230= IFCAXIS2PLACEMENT3D(#228,#229,#57);
#231= IFCLOCALPLACEMENT(#224,#230);
#232= IFCCARTESIANPOINT((0.,2.46388010547354,0.));
#233= IFCAXIS2PLACEMENT3D(#232,#8,#7);
#234= IFCEXTRUDEDAREASOLID(#78,#233,#9,8.);
#235= IFCCARTESIANPOINT((0.,10.4638801054735,0.));
#236= IFCAXIS2PLACEMENT3D(#235,#8,#7);
#237= IFCEXTRUDEDAREASOLID(#67,#236,#9,13.);
#238= IFCSHAPEREPRESENTATION(#12,'Body','SweptSolid',(#70,#77,#234,#237));
#239= IFCREPRESENTATIONMAP(#10,#238);
#240= IFCMAPPEDITEM(#239,#86);
#241= IFCMAPPEDITEM(#239,#91);
#242= IFCMAPPEDITEM(#239,#94);
#243= IFCSHAPEREPRESENTATION(#12,'Body','MappedRepresentation',(#240,#241,#242));
#244= IFCSHAPEREPRESENTATION(#12,'Axis','MappedRepresentation',(#101,#102,#103));
#245= IFCPRODUCTDEFINITIONSHAPE($,$,(#243,#244));
#246= IFCMECHANICALFASTENER('1oTAM3PSz0ROHf_7aNPh$t',#44,'Bolt assembly',$,$,#231,#245,'ID7274a583-65cf-406d-8469-f8791766bff7',16.,40.);
#247= IFCLOCALPLACEMENT(#42,#10);
#248= IFCELEMENTASSEMBLY('1ucj6zjEXB_9GZmIswegns',#44,'BEAM',$,$,#247,$,'B/740(?)',.NOTDEFINED.,.RIGID_FRAME.);
#249= IFCPROPERTYSINGLEVALUE('AssemblyMark',$,IFCIDENTIFIER('B/740(?)'),$);
#250= IFCPROPERTYSET('2TzjGwV3P9yfsY3x2fdssD',#5,'AISC_EM11_Pset_AssemblyIdentification','AssemblyIdentity',(#249,#52,#53));
#251= IFCCARTESIANPOINT((53130.8554853538,8112.69074853302,60834.9981994629));
#252= IFCDIRECTION((0.00150757099941984,-0.999998863614195,0.));
#253= IFCAXIS2PLACEMENT3D(#251,#252,#57);
#254= IFCLOCALPLACEMENT(#247,#253);
#255= IFCCARTESIANPOINT((0.,2.45576295747917,0.));
#256= IFCAXIS2PLACEMENT3D(#255,#8,#7);
#257= IFCEXTRUDEDAREASOLID(#78,#256,#9,8.);
#258= IFCCARTESIANPOINT((0.,10.4557629574792,0.));
#259= IFCAXIS2PLACEMENT3D(#258,#8,#7);
#260= IFCEXTRUDEDAREASOLID(#67,#259,#9,13.);
#261= IFCSHAPEREPRESENTATION(#12,'Body','SweptSolid',(#70,#77,#257,#260));
#262= IFCREPRESENTATIONMAP(#10,#261);
#263= IFCMAPPEDITEM(#262,#86);
#264= IFCMAPPEDITEM(#262,#91);
#265= IFCMAPPEDITEM(#262,#94);
#266= IFCSHAPEREPRESENTATION(#12,'Body','MappedRepresentation',(#263,#264,#265));
#267= IFCSHAPEREPRESENTATION(#12,'Axis','MappedRepresentation',(#101,#102,#103));
#268= IFCPRODUCTDEFINITIONSHAPE($,$,(#266,#267));
#269= IFCMECHANICALFASTENER('1y0tJvM1v64wwu6yEr_f3u',#44,'Bolt assembly',$,$,#254,#268,'ID7c0374f9-581e-4613-aeb8-1bc3b5fa90f8',16.,40.);
#270= IFCLOCALPLACEMENT(#42,#10);
#271= IFCELEMENTASSEMBLY('0c0NNS6KfFygZ4mBf0yqew',#44,'BEAM',$,$,#270,$,'B/736(?)',.NOTDEFINED.,.RIGID_FRAME.);
#272= IFCCARTESIANPOINT((40403.215113938,7728.27512822976,60834.9981994629));
#273= IFCDIRECTION((0.0551522560011072,-0.998477956020056,0.));
#274= IFCAXIS2PLACEMENT3D(#272,#273,#57);
#275= IFCLOCALPLACEMENT(#270,#274);
#276= IFCCARTESIANPOINT((0.,-44.7973741195175,0.));
#277= IFCAXIS2PLACEMENT3D(#276,#8,#7);
#278= IFCEXTRUDEDAREASOLID(#67,#277,#9,10.56);
#279= IFCCARTESIANPOINT((0.,-34.2373741195175,0.));
#280= IFCAXIS2PLACEMENT3D(#279,#8,#7);
#281= IFCEXTRUDEDAREASOLID(#74,#280,#9,40.);
#282= IFCCARTESIANPOINT((0.,-3.09999990464134,0.));
#283= IFCAXIS2PLACEMENT3D(#282,#8,#7);
#284= IFCEXTRUDEDAREASOLID(#78,#283,#9,8.);
#285= IFCCARTESIANPOINT((0.,4.90000009535866,0.));
#286= IFCAXIS2PLACEMENT3D(#285,#8,#7);
#287= IFCEXTRUDEDAREASOLID(#67,#286,#9,13.);
#288= IFCSHAPEREPRESENTATION(#12,'Body','SweptSolid',(#278,#281,#284,#287));
#289= IFCREPRESENTATIONMAP(#10,#288);
#290= IFCMAPPEDITEM(#289,#86);
#291= IFCMAPPEDITEM(#289,#91);
#292= IFCMAPPEDITEM(#289,#94);
#293= IFCSHAPEREPRESENTATION(#12,'Body','MappedRepresentation',(#290,#291,#292));
#294= IFCPOLYLINE((#276,#97));
#295= IFCSHAPEREPRESENTATION(#12,'Axis','GeometricCurveSet',(#294));
#296= IFCREPRESENTATIONMAP(#10,#295);
#297= IFCMAPPEDITEM(#296,#86);
#298= IFCMAPPEDITEM(#296,#91);
#299= IFCMAPPEDITEM(#296,#94);
#300= IFCSHAPEREPRESENTATION(#12,'Axis','MappedRepresentation',(#297,#298,#299));
#301= IFCPRODUCTDEFINITIONSHAPE($,$,(#293,#300));
#302= IFCMECHANICALFASTENER('0dwT7Afcb33fIgZf58SKWR',#44,'Bolt assembly',$,$,#275,#301,'ID27e9d1ca-a669-430e-94aa-8e914871481b',16.,40.);
#303= IFCLOCALPLACEMENT(#42,#10);
#304= IFCELEMENTASSEMBLY('11J0bB4gP7MQyP9vufbbQV',#44,'BEAM',$,$,#303,$,'B/735(?)',.NOTDEFINED.,.RIGID_FRAME.);
#305= IFCPROPERTYSINGLEVALUE('AssemblyMark',$,IFCIDENTIFIER('B/735(?)'),$);
#306= IFCPROPERTYSET('3C6cK$0jv7P8vMDvnyBwRL',#5,'AISC_EM11_Pset_AssemblyIdentification','AssemblyIdentity',(#305,#52,#53));
#307= IFCCARTESIANPOINT((38278.2151139389,7610.89793097098,60834.9981994629));
#308= IFCAXIS2PLACEMENT3D(#307,#273,#57);
#309= IFCLOCALPLACEMENT(#303,#308);
#310= IFCSHAPEREPRESENTATION(#12,'Body','MappedRepresentation',(#290,#291,#292));
#311= IFCSHAPEREPRESENTATION(#12,'Axis','MappedRepresentation',(#297,#298,#299));
#312= IFCPRODUCTDEFINITIONSHAPE($,$,(#310,#311));
#313= IFCMECHANICALFASTENER('0o8FoExtD679wHCiRgkI$T',#44,'Bolt assembly',$,$,#309,#312,'ID3220fc8e-ef73-461c-9e91-32c6eab92fdd',16.,40.);
#314= IFCLOCALPLACEMENT(#42,#10);
#315= IFCELEMENTASSEMBLY('0GPT38hqHA9uZCzeKH_lJK',#44,'BEAM',$,$,#314,$,'B/734(?)',.NOTDEFINED.,.RIGID_FRAME.);
#316= IFCPROPERTYSINGLEVALUE('AssemblyMark',$,IFCIDENTIFIER('B/734(?)'),$);
#317= IFCPROPERTYSET('2N9HBseQj4VRenNxyZ7$C0',#5,'AISC_EM11_Pset_AssemblyIdentification','AssemblyIdentity',(#316,#52,#53));
#318= IFCCARTESIANPOINT((36163.4346879135,7494.08522545349,60834.9981994629));
#319= IFCAXIS2PLACEMENT3D(#318,#273,#57);
#320= IFCLOCALPLACEMENT(#314,#319);
#321= IFCSHAPEREPRESENTATION(#12,'Body','MappedRepresentation',(#290,#291,#292));
#322= IFCSHAPEREPRESENTATION(#12,'Axis','MappedRepresentation',(#297,#298,#299));
#323= IFCPRODUCTDEFINITIONSHAPE($,$,(#321,#322));
#324= IFCMECHANICALFASTENER('2HhvDF9ljChAd_23WcYd8V',#44,'Bolt assembly',$,$,#320,#323,'ID91af934f-26fb-4cac-a9fe-0838268a721f',16.,40.);
#325= IFCLOCALPLACEMENT(#42,#10);
#326= IFCELEMENTASSEMBLY('1peYKJ9GPBa9piD8pLdPYZ',#44,'BEAM',$,$,#325,$,'B/744(?)',.NOTDEFINED.,.RIGID_FRAME.);
#327= IFCCARTESIANPOINT((72175.8237973538,18140.2586634191,60834.9981994629));
#328= IFCAXIS2PLACEMENT3D(#327,#8,#57);
#329= IFCLOCALPLACEMENT(#325,#328);
#330= IFCCARTESIANPOINT((0.,2.98211420460594,0.));
#331= IFCAXIS2PLACEMENT3D(#330,#8,#7);
#332= IFCEXTRUDEDAREASOLID(#78,#331,#9,8.);
#333= IFCCARTESIANPOINT((0.,10.9821142046059,0.));
#334= IFCAXIS2PLACEMENT3D(#333,#8,#7);
#335= IFCEXTRUDEDAREASOLID(#67,#334,#9,13.);
#336= IFCSHAPEREPRESENTATION(#12,'Body','SweptSolid',(#70,#77,#332,#335));
#337= IFCREPRESENTATIONMAP(#10,#336);
#338= IFCMAPPEDITEM(#337,#86);
#339= IFCMAPPEDITEM(#337,#91);
#340= IFCMAPPEDITEM(#337,#94);
#341= IFCSHAPEREPRESENTATION(#12,'Body','MappedRepresentation',(#338,#339,#340));
#342= IFCSHAPEREPRESENTATION(#12,'Axis','MappedRepresentation',(#101,#102,#103));
#343= IFCPRODUCTDEFINITIONSHAPE($,$,(#341,#342));
#344= IFCMECHANICALFASTENER('0YG91R0FzAPf4FxOw9IjxQ',#44,'Bolt assembly',$,$,#329,#343,'ID2240905b-00ff-4a66-910f-ed8e894adeda',16.,40.);
#345= IFCLOCALPLACEMENT(#42,#10);
#346= IFCELEMENTASSEMBLY('0hNCLxAMTB8vARIU$0NAMT',#44,'BEAM',$,$,#345,$,'B/744(?)',.NOTDEFINED.,.RIGID_FRAME.);
#347= IFCCARTESIANPOINT((70090.000020942,18140.2586634191,60834.9981994629));
#348= IFCAXIS2PLACEMENT3D(#347,#8,#57);
#349= IFCLOCALPLACEMENT(#345,#348);
#350= IFCCARTESIANPOINT((0.,3.30015618875224,0.));
#351= IFCAXIS2PLACEMENT3D(#350,#8,#7);
#352= IFCEXTRUDEDAREASOLID(#78,#351,#9,8.);
#353= IFCCARTESIANPOINT((0.,11.3001561887522,0.));
#354= IFCAXIS2PLACEMENT3D(#353,#8,#7);
#355= IFCEXTRUDEDAREASOLID(#67,#354,#9,13.);
#356= IFCSHAPEREPRESENTATION(#12,'Body','SweptSolid',(#70,#77,#352,#355));
#357= IFCREPRESENTATIONMAP(#10,#356);
#358= IFCMAPPEDITEM(#357,#86);
#359= IFCMAPPEDITEM(#357,#91);
#360= IFCMAPPEDITEM(#357,#94);
#361= IFCSHAPEREPRESENTATION(#12,'Body','MappedRepresentation',(#358,#359,#360));
#362= IFCSHAPEREPRESENTATION(#12,'Axis','MappedRepresentation',(#101,#102,#103));
#363= IFCPRODUCTDEFINITIONSHAPE($,$,(#361,#362));
#364= IFCMECHANICALFASTENER('1QEIkiudb8huyE_P8vw6a2',#44,'Bolt assembly',$,$,#349,#363,'ID5a392bac-e279-48af-8f0e-f99239e86902',16.,40.);
#365= IFCLOCALPLACEMENT(#42,#10);
#366= IFCELEMENTASSEMBLY('115OnMLZb7l8tC0D6j7ZT1',#44,'BEAM',$,$,#365,$,'B/675(?)',.NOTDEFINED.,.RIGID_FRAME.);
#367= IFCPROPERTYSINGLEVALUE('AssemblyMark',$,IFCIDENTIFIER('B/675(?)'),$);
#368= IFCPROPERTYSET('2z75kBCGL5qw5GlSvwMQvf',#5,'AISC_EM11_Pset_AssemblyIdentification','AssemblyIdentity',(#367,#52,#53));
#369= IFCCARTESIANPOINT((65845.9551740992,18017.8680775283,60834.9981994629));
#370= IFCDIRECTION((-0.057107470984367,0.998368036726822,0.));
#371= IFCAXIS2PLACEMENT3D(#369,#370,#57);
#372= IFCLOCALPLACEMENT(#365,#371);
#373= IFCCARTESIANPOINT((0.,-45.9019020313553,0.));
#374= IFCAXIS2PLACEMENT3D(#373,#8,#7);
#375= IFCEXTRUDEDAREASOLID(#67,#374,#9,10.56);
#376= IFCCARTESIANPOINT((0.,-35.3419020313553,0.));
#377= IFCAXIS2PLACEMENT3D(#376,#8,#7);
#378= IFCEXTRUDEDAREASOLID(#74,#377,#9,40.);
#379= IFCSHAPEREPRESENTATION(#12,'Body','SweptSolid',(#375,#378,#284,#287));
#380= IFCREPRESENTATIONMAP(#10,#379);
#381= IFCMAPPEDITEM(#380,#86);
#382= IFCMAPPEDITEM(#380,#91);
#383= IFCMAPPEDITEM(#380,#94);
#384= IFCSHAPEREPRESENTATION(#12,'Body','MappedRepresentation',(#381,#382,#383));
#385= IFCPOLYLINE((#373,#97));
#386= IFCSHAPEREPRESENTATION(#12,'Axis','GeometricCurveSet',(#385));
#387= IFCREPRESENTATIONMAP(#10,#386);
#388= IFCMAPPEDITEM(#387,#86);
#389= IFCMAPPEDITEM(#387,#91);
#390= IFCMAPPEDITEM(#387,#94);
#391= IFCSHAPEREPRESENTATION(#12,'Axis','MappedRepresentation',(#388,#389,#390));
#392= IFCPRODUCTDEFINITIONSHAPE($,$,(#384,#391));
#393= IFCMECHANICALFASTENER('3gNsIsbmDFzhq$HOcCk9YP',#44,'Bolt assembly',$,$,#372,#392,'IDea5f64b6-9703-4ff6-bd3f-45898cb89899',16.,40.);
#394= IFCLOCALPLACEMENT(#42,#10);
#395= IFCELEMENTASSEMBLY('1XL1qM32b9Nf52Spi2P5TN',#44,'BEAM',$,$,#394,$,'B/750(?)',.NOTDEFINED.,.RIGID_FRAME.);
#396= IFCPROPERTYSINGLEVALUE('AssemblyMark',$,IFCIDENTIFIER('B/750(?)'),$);
#397= IFCPROPERTYSET('2a27f0CZH8ZQBOju9_1dfS',#5,'AISC_EM11_Pset_AssemblyIdentification','AssemblyIdentity',(#396,#52,#53));
#398= IFCCARTESIANPOINT((63720.9587007351,17896.3165354313,60834.9981994629));
#399= IFCAXIS2PLACEMENT3D(#398,#370,#57);
#400= IFCLOCALPLACEMENT(#394,#399);
#401= IFCCARTESIANPOINT((0.,-45.8980049766828,0.));
#402= IFCAXIS2PLACEMENT3D(#401,#8,#7);
#403= IFCEXTRUDEDAREASOLID(#67,#402,#9,10.56);
#404= IFCCARTESIANPOINT((0.,-35.3380049766828,0.));
#405= IFCAXIS2PLACEMENT3D(#404,#8,#7);
#406= IFCEXTRUDEDAREASOLID(#74,#405,#9,40.);
#407= IFCSHAPEREPRESENTATION(#12,'Body','SweptSolid',(#403,#406,#284,#287));
#408= IFCREPRESENTATIONMAP(#10,#407);
#409= IFCMAPPEDITEM(#408,#86);
#410= IFCMAPPEDITEM(#408,#91);
#411= IFCMAPPEDITEM(#408,#94);
#412= IFCSHAPEREPRESENTATION(#12,'Body','MappedRepresentation',(#409,#410,#411));
#413= IFCPOLYLINE((#401,#97));
#414= IFCSHAPEREPRESENTATION(#12,'Axis','GeometricCurveSet',(#413));
#415= IFCREPRESENTATIONMAP(#10,#414);
#416= IFCMAPPEDITEM(#415,#86);
#417= IFCMAPPEDITEM(#415,#91);
#418= IFCMAPPEDITEM(#415,#94);
#419= IFCSHAPEREPRESENTATION(#12,'Axis','MappedRepresentation',(#416,#417,#418));
#420= IFCPRODUCTDEFINITIONSHAPE($,$,(#412,#419));
#421= IFCMECHANICALFASTENER('0gUX6UIZrAN9rWccWHgbTr',#44,'Bolt assembly',$,$,#400,#420,'ID2a7a119e-4a3d-4a5c-9d60-9a6811aa5775',16.,40.);
#422= IFCLOCALPLACEMENT(#42,#10);
#423= IFCELEMENTASSEMBLY('0yuaLCAsDCdxjlNak7334T',#44,'BEAM',$,$,#422,$,'B/758(?)',.NOTDEFINED.,.RIGID_FRAME.);
#424= IFCPROPERTYSINGLEVALUE('AssemblyMark',$,IFCIDENTIFIER('B/758(?)'),$);
#425= IFCPROPERTYSET('3_iceGViDDPuGRo2XbP0Lv',#5,'AISC_EM11_Pset_AssemblyIdentification','AssemblyIdentity',(#424,#52,#53));
#426= IFCCARTESIANPOINT((61595.9586995791,17774.7647915416,60834.9981994629));
#427= IFCAXIS2PLACEMENT3D(#426,#370,#57);
#428= IFCLOCALPLACEMENT(#422,#427);
#429= IFCSHAPEREPRESENTATION(#12,'Body','MappedRepresentation',(#409,#410,#411));
#430= IFCSHAPEREPRESENTATION(#12,'Axis','MappedRepresentation',(#416,#417,#418));
#431= IFCPRODUCTDEFINITIONSHAPE($,$,(#429,#430));
#432= IFCMECHANICALFASTENER('0_rkYgTSX81uV0em2lsAXV',#44,'Bolt assembly',$,$,#428,#431,'ID3ed6e8aa-75c8-4807-87c0-a300afd8a85f',16.,40.);
#433= IFCLOCALPLACEMENT(#42,#10);
#434= IFCELEMENTASSEMBLY('3dKqyCKsvA2BCwCx0JNC0v',#44,'BEAM',$,$,#433,$,'B/757(?)',.NOTDEFINED.,.RIGID_FRAME.);
#435= IFCPROPERTYSINGLEVALUE('AssemblyMark',$,IFCIDENTIFIER('B/757(?)'),$);
#436= IFCPROPERTYSET('1_CRFJzMr5af8u9f2PCPGs',#5,'AISC_EM11_Pset_AssemblyIdentification','AssemblyIdentity',(#435,#52,#53));
#437= IFCCARTESIANPOINT((57345.9607458188,17531.6614209412,60834.9981994629));
#438= IFCAXIS2PLACEMENT3D(#437,#370,#57);
#439= IFCLOCALPLACEMENT(#433,#438);
#440= IFCCARTESIANPOINT((0.,-45.897853792914,0.));
#441= IFCAXIS2PLACEMENT3D(#440,#8,#7);
#442= IFCEXTRUDEDAREASOLID(#67,#441,#9,10.56);
#443= IFCCARTESIANPOINT((0.,-35.337853792914,0.));
#444= IFCAXIS2PLACEMENT3D(#443,#8,#7);
#445= IFCEXTRUDEDAREASOLID(#74,#444,#9,40.);
#446= IFCSHAPEREPRESENTATION(#12,'Body','SweptSolid',(#442,#445,#284,#287));
#447= IFCREPRESENTATIONMAP(#10,#446);
#448= IFCMAPPEDITEM(#447,#86);
#449= IFCMAPPEDITEM(#447,#91);
#450= IFCMAPPEDITEM(#447,#94);
#451= IFCSHAPEREPRESENTATION(#12,'Body','MappedRepresentation',(#448,#449,#450));
#452= IFCPOLYLINE((#440,#97));
#453= IFCSHAPEREPRESENTATION(#12,'Axis','GeometricCurveSet',(#452));
#454= IFCREPRESENTATIONMAP(#10,#453);
#455= IFCMAPPEDITEM(#454,#86);
#456= IFCMAPPEDITEM(#454,#91);
#457= IFCMAPPEDITEM(#454,#94);
#458= IFCSHAPEREPRESENTATION(#12,'Axis','MappedRepresentation',(#455,#456,#457));
#459= IFCPRODUCTDEFINITIONSHAPE($,$,(#451,#458));
#460= IFCMECHANICALFASTENER('0XzsW9XmHCIPPk16$z7RZ5',#44,'Bolt assembly',$,$,#439,#459,'ID21f76809-8704-4c49-966e-046ffd1db8c5',16.,40.);
#461= IFCLOCALPLACEMENT(#42,#10);
#462= IFCELEMENTASSEMBLY('1ivwNEa4TDKP5OaGDqPbvf',#44,'BEAM',$,$,#461,$,'B/756(?)',.NOTDEFINED.,.RIGID_FRAME.);
#463= IFCPROPERTYSINGLEVALUE('AssemblyMark',$,IFCIDENTIFIER('B/756(?)'),$);
#464= IFCPROPERTYSET('0Jp_DlNPP6HRA2y6Aaz8Cw',#5,'AISC_EM11_Pset_AssemblyIdentification','AssemblyIdentity',(#463,#52,#53));
#465= IFCCARTESIANPOINT((55230.9609747007,17410.6816984162,60834.9981994629));
#466= IFCAXIS2PLACEMENT3D(#465,#370,#57);
#467= IFCLOCALPLACEMENT(#461,#466);
#468= IFCSHAPEREPRESENTATION(#12,'Body','MappedRepresentation',(#448,#449,#450));
#469= IFCSHAPEREPRESENTATION(#12,'Axis','MappedRepresentation',(#455,#456,#457));
#470= IFCPRODUCTDEFINITIONSHAPE($,$,(#468,#469));
#471= IFCMECHANICALFASTENER('0N5UsS$jv4AAcBdxKPPGav',#44,'Bolt assembly',$,$,#467,#470,'ID1715ed9c-fede-4428-a98b-9fb519650939',16.,40.);
#472= IFCCARTESIANPOINT((57029.1245355533,16491.8708061695,60835.));
#473= IFCDIRECTION((0.0571074709843742,-0.998368036726822,0.));
#474= IFCAXIS2PLACEMENT3D(#472,#473,#57);
#475= IFCLOCALPLACEMENT(#145,#474);
#476= IFCSHAPEREPRESENTATION(#12,'Body','MappedRepresentation',(#448,#449,#450));
#477= IFCSHAPEREPRESENTATION(#12,'Axis','MappedRepresentation',(#455,#456,#457));
#478= IFCPRODUCTDEFINITIONSHAPE($,$,(#476,#477));
#479= IFCMECHANICALFASTENER('0H_3PhC718iQD7ghUU1i98',#44,'Bolt assembly',$,$,#475,#478,'ID11f8366b-3070-48b1-a347-aab79e06c248',16.,40.);
#480= IFCLOCALPLACEMENT(#42,#10);
#481= IFCELEMENTASSEMBLY('3CHzlWo4L0lQJgTV56nTE_',#44,'BEAM',$,$,#480,$,'B/755(?)',.NOTDEFINED.,.RIGID_FRAME.);
#482= IFCPROPERTYSINGLEVALUE('AssemblyMark',$,IFCIDENTIFIER('B/755(?)'),$);
#483= IFCPROPERTYSET('0sbNT9kAvE98cN1lRtScEO',#5,'AISC_EM11_Pset_AssemblyIdentification','AssemblyIdentity',(#482,#52,#53));
#484= IFCCARTESIANPOINT((53130.9276457672,17387.9614322709,60834.9981994629));
#485= IFCDIRECTION((0.00164906200048427,0.999998640296335,0.));
#486= IFCAXIS2PLACEMENT3D(#484,#485,#57);
#487= IFCLOCALPLACEMENT(#480,#486);
#488= IFCCARTESIANPOINT((0.,4.22348038937176,0.));
#489= IFCAXIS2PLACEMENT3D(#488,#8,#7);
#490= IFCEXTRUDEDAREASOLID(#78,#489,#9,8.);
#491= IFCCARTESIANPOINT((0.,12.2234803893718,0.));
#492= IFCAXIS2PLACEMENT3D(#491,#8,#7);
#493= IFCEXTRUDEDAREASOLID(#67,#492,#9,13.);
#494= IFCSHAPEREPRESENTATION(#12,'Body','SweptSolid',(#70,#77,#490,#493));
#495= IFCREPRESENTATIONMAP(#10,#494);
#496= IFCMAPPEDITEM(#495,#86);
#497= IFCMAPPEDITEM(#495,#91);
#498= IFCMAPPEDITEM(#495,#94);
#499= IFCSHAPEREPRESENTATION(#12,'Body','MappedRepresentation',(#496,#497,#498));
#500= IFCSHAPEREPRESENTATION(#12,'Axis','MappedRepresentation',(#101,#102,#103));
#501= IFCPRODUCTDEFINITIONSHAPE($,$,(#499,#500));
#502= IFCMECHANICALFASTENER('0_RV4ugXf7JB9zXw_qkI6v',#44,'Bolt assembly',$,$,#487,#501,'ID3e6df138-aa1a-474c-b27d-87afb4b921b9',16.,40.);
#503= IFCLOCALPLACEMENT(#42,#10);
#504= IFCELEMENTASSEMBLY('3NB$tKaWPACBxAmDclevpY',#44,'BEAM',$,$,#503,$,'B/754(?)',.NOTDEFINED.,.RIGID_FRAME.);
#505= IFCPROPERTYSINGLEVALUE('AssemblyMark',$,IFCIDENTIFIER('B/754(?)'),$);
#506= IFCPROPERTYSET('3QI7dRqYb3IO8kJSAPTlEB',#5,'AISC_EM11_Pset_AssemblyIdentification','AssemblyIdentity',(#505,#52,#53));
#507= IFCCARTESIANPOINT((48890.927874649,17394.9534642826,60834.9981994629));
#508= IFCAXIS2PLACEMENT3D(#507,#485,#57);
#509= IFCLOCALPLACEMENT(#503,#508);
#510= IFCSHAPEREPRESENTATION(#12,'Body','MappedRepresentation',(#496,#497,#498));
#511= IFCSHAPEREPRESENTATION(#12,'Axis','MappedRepresentation',(#101,#102,#103));
#512= IFCPRODUCTDEFINITIONSHAPE($,$,(#510,#511));
#513= IFCMECHANICALFASTENER('00a3fZKKbEfPNo_HbYbKLr',#44,'Bolt assembly',$,$,#509,#512,'ID00903a63-5149-4ea5-95f2-f91962954575',16.,40.);
#514= IFCCARTESIANPOINT((52999.3381480292,16368.1770449015,60835.));
#515= IFCDIRECTION((-0.00164906200048426,-0.999998640296335,0.));
#516= IFCAXIS2PLACEMENT3D(#514,#515,#57);
#517= IFCLOCALPLACEMENT(#224,#516);
#518= IFCCARTESIANPOINT((0.,4.23159767285745,0.));
#519= IFCAXIS2PLACEMENT3D(#518,#8,#7);
#520= IFCEXTRUDEDAREASOLID(#78,#519,#9,8.);
#521= IFCCARTESIANPOINT((0.,12.2315976728574,0.));
#522= IFCAXIS2PLACEMENT3D(#521,#8,#7);
#523= IFCEXTRUDEDAREASOLID(#67,#522,#9,13.);
#524= IFCSHAPEREPRESENTATION(#12,'Body','SweptSolid',(#70,#77,#520,#523));
#525= IFCREPRESENTATIONMAP(#10,#524);
#526= IFCMAPPEDITEM(#525,#86);
#527= IFCMAPPEDITEM(#525,#91);
#528= IFCMAPPEDITEM(#525,#94);
#529= IFCSHAPEREPRESENTATION(#12,'Body','MappedRepresentation',(#526,#527,#528));
#530= IFCSHAPEREPRESENTATION(#12,'Axis','MappedRepresentation',(#101,#102,#103));
#531= IFCPRODUCTDEFINITIONSHAPE($,$,(#529,#530));
#532= IFCMECHANICALFASTENER('2KwNK0A$PFmQ8b$WSu9lzl',#44,'Bolt assembly',$,$,#517,#531,'ID94e97500-2bf6-4fc1-a225-fe073826ff6f',16.,40.);
#533= IFCLOCALPLACEMENT(#42,#10);
#534= IFCELEMENTASSEMBLY('0oroqsTa52uvVTnsJgEK3X',#44,'BEAM',$,$,#533,$,'B/753(?)',.NOTDEFINED.,.RIGID_FRAME.);
#535= IFCPROPERTYSINGLEVALUE('AssemblyMark',$,IFCIDENTIFIER('B/753(?)'),$);
#536= IFCPROPERTYSET('0eyvBFEhn1bBI4zea$2lVp',#5,'AISC_EM11_Pset_AssemblyIdentification','AssemblyIdentity',(#535,#52,#53));
#537= IFCCARTESIANPOINT((46788.2726010792,17420.9606787156,60834.9981994629));
#538= IFCDIRECTION((0.0552682670131471,0.998471541237588,0.));
#539= IFCAXIS2PLACEMENT3D(#537,#538,#57);
#540= IFCLOCALPLACEMENT(#533,#539);
#541= IFCCARTESIANPOINT((0.,34.3026596967396,0.));
#542= IFCAXIS2PLACEMENT3D(#541,#8,#7);
#543= IFCEXTRUDEDAREASOLID(#78,#542,#9,8.);
#544= IFCCARTESIANPOINT((0.,42.3026596967396,0.));
#545= IFCAXIS2PLACEMENT3D(#544,#8,#7);
#546= IFCEXTRUDEDAREASOLID(#67,#545,#9,13.);
#547= IFCSHAPEREPRESENTATION(#12,'Body','SweptSolid',(#70,#77,#543,#546));
#548= IFCREPRESENTATIONMAP(#10,#547);
#549= IFCMAPPEDITEM(#548,#86);
#550= IFCMAPPEDITEM(#548,#91);
#551= IFCMAPPEDITEM(#548,#94);
#552= IFCSHAPEREPRESENTATION(#12,'Body','MappedRepresentation',(#549,#550,#551));
#553= IFCSHAPEREPRESENTATION(#12,'Axis','MappedRepresentation',(#101,#102,#103));
#554= IFCPRODUCTDEFINITIONSHAPE($,$,(#552,#553));
#555= IFCMECHANICALFASTENER('2qKy8BNFLCzwm_VYcFzNZb',#44,'Bolt assembly',$,$,#540,#554,'IDb453c20b-5cf5-4cf7-ac3e-7e298ff578e5',16.,40.);
#556= IFCLOCALPLACEMENT(#42,#10);
#557= IFCELEMENTASSEMBLY('2UREkE0v10$vTEWLcCbwl7',#44,'BEAM',$,$,#556,$,'B/752(?)',.NOTDEFINED.,.RIGID_FRAME.);
#558= IFCPROPERTYSINGLEVALUE('AssemblyMark',$,IFCIDENTIFIER('B/752(?)'),$);
#559= IFCPROPERTYSET('0FZ$QXmevBFh_P99mDRTnw',#5,'AISC_EM11_Pset_AssemblyIdentification','AssemblyIdentity',(#558,#52,#53));
#560= IFCCARTESIANPOINT((44658.2734403126,17538.8622487585,60834.9981994629));
#561= IFCAXIS2PLACEMENT3D(#560,#538,#57);
#562= IFCLOCALPLACEMENT(#556,#561);
#563= IFCSHAPEREPRESENTATION(#12,'Body','MappedRepresentation',(#549,#550,#551));
#564= IFCSHAPEREPRESENTATION(#12,'Axis','MappedRepresentation',(#101,#102,#103));
#565= IFCPRODUCTDEFINITIONSHAPE($,$,(#563,#564));
#566= IFCMECHANICALFASTENER('2EcaUAp0z4PeVwBAh9AUMK',#44,'Bolt assembly',$,$,#562,#565,'ID8e9a478a-cc0f-4466-87fa-2caac929e594',16.,40.);
#567= IFCLOCALPLACEMENT(#42,#10);
#568= IFCELEMENTASSEMBLY('1_1Z7jI9D8YP14xuLfwbVT',#44,'BEAM',$,$,#567,$,'B/751(?)',.NOTDEFINED.,.RIGID_FRAME.);
#569= IFCPROPERTYSINGLEVALUE('AssemblyMark',$,IFCIDENTIFIER('B/751(?)'),$);
#570= IFCPROPERTYSET('2fCebvlkPDPwzW27cpL7UD',#5,'AISC_EM11_Pset_AssemblyIdentification','AssemblyIdentity',(#569,#52,#53));
#571= IFCCARTESIANPOINT((40403.2723721973,17774.3887765174,60834.9981994629));
#572= IFCAXIS2PLACEMENT3D(#571,#538,#57);
#573= IFCLOCALPLACEMENT(#567,#572);
#574= IFCSHAPEREPRESENTATION(#12,'Body','MappedRepresentation',(#549,#550,#551));
#575= IFCSHAPEREPRESENTATION(#12,'Axis','MappedRepresentation',(#101,#102,#103));
#576= IFCPRODUCTDEFINITIONSHAPE($,$,(#574,#575));
#577= IFCMECHANICALFASTENER('2ptOOU0ELCW9ZxJv0$Xt4O',#44,'Bolt assembly',$,$,#573,#576,'IDb3dd861e-00e5-4c80-98fb-4f903f877118',16.,40.);
#578= IFCLOCALPLACEMENT(#42,#10);
#579= IFCELEMENTASSEMBLY('0T6_$Cc0b0gftad4dTmXyP',#44,'BEAM',$,$,#578,$,'B/750(?)',.NOTDEFINED.,.RIGID_FRAME.);
#580= IFCCARTESIANPOINT((38278.2723721973,17892.0136286563,60834.9981994629));
#581= IFCAXIS2PLACEMENT3D(#580,#538,#57);
#582= IFCLOCALPLACEMENT(#578,#581);
#583= IFCSHAPEREPRESENTATION(#12,'Body','MappedRepresentation',(#549,#550,#551));
#584= IFCSHAPEREPRESENTATION(#12,'Axis','MappedRepresentation',(#101,#102,#103));
#585= IFCPRODUCTDEFINITIONSHAPE($,$,(#583,#584));
#586= IFCMECHANICALFASTENER('21wodU$0bEmBRjIIqRLbpF',#44,'Bolt assembly',$,$,#582,#585,'ID81eb29de-fc09-4ec0-b6ed-492d1b565ccf',16.,40.);
#587= IFCLOCALPLACEMENT(#42,#10);
#588= IFCELEMENTASSEMBLY('0GQCNSZHj8WxbVX9tNxlww',#44,'BEAM',$,$,#587,$,'B/657(?)',.NOTDEFINED.,.RIGID_FRAME.);
#589= IFCPROPERTYSINGLEVALUE('AssemblyMark',$,IFCIDENTIFIER('B/657(?)'),$);
#590= IFCPROPERTYSET('3ZulMPjan51gCN1iJT_OE9',#5,'AISC_EM11_Pset_AssemblyIdentification','AssemblyIdentity',(#589,#52,#53));
#591= IFCCARTESIANPOINT((36145.9920224659,18010.041469059,60834.9981994629));
#592= IFCAXIS2PLACEMENT3D(#591,#538,#57);
#593= IFCLOCALPLACEMENT(#587,#592);
#594= IFCSHAPEREPRESENTATION(#12,'Body','MappedRepresentation',(#549,#550,#551));
#595= IFCSHAPEREPRESENTATION(#12,'Axis','MappedRepresentation',(#101,#102,#103));
#596= IFCPRODUCTDEFINITIONSHAPE($,$,(#594,#595));
#597= IFCMECHANICALFASTENER('2tBz_H2rH3hPohSrSmn22d',#44,'Bolt assembly',$,$,#593,#596,'IDb72fdf91-0b54-43ad-9cab-735730c420a7',16.,40.);
#598= IFCLOCALPLACEMENT(#42,#10);
#599= IFCELEMENTASSEMBLY('0sTTup$Xb9ZPn0aVLTqrUU',#44,'BEAM',$,$,#598,$,'B/604(?)',.NOTDEFINED.,.RIGID_FRAME.);
#600= IFCPROPERTYSINGLEVALUE('AssemblyMark',$,IFCIDENTIFIER('B/604(?)'),$);
#601= IFCPROPERTYSET('2ISa4B95b2GAoBNqYjGMnX',#5,'AISC_EM11_Pset_AssemblyIdentification','AssemblyIdentity',(#600,#52,#53));
#602= IFCCARTESIANPOINT((31893.1198859998,18140.182793595,60834.9981994629));
#603= IFCDIRECTION((-1.98699999964447E-06,0.999999999998026,0.));
#604= IFCAXIS2PLACEMENT3D(#602,#603,#57);
#605= IFCLOCALPLACEMENT(#598,#604);
#606= IFCCARTESIANPOINT((0.,3.03025950099904,0.));
#607= IFCAXIS2PLACEMENT3D(#606,#8,#7);
#608= IFCEXTRUDEDAREASOLID(#78,#607,#9,8.);
#609= IFCCARTESIANPOINT((0.,11.030259500999,0.));
#610= IFCAXIS2PLACEMENT3D(#609,#8,#7);
#611= IFCEXTRUDEDAREASOLID(#67,#610,#9,13.);
#612= IFCSHAPEREPRESENTATION(#12,'Body','SweptSolid',(#70,#77,#608,#611));
#613= IFCREPRESENTATIONMAP(#10,#612);
#614= IFCMAPPEDITEM(#613,#86);
#615= IFCMAPPEDITEM(#613,#91);
#616= IFCMAPPEDITEM(#613,#94);
#617= IFCSHAPEREPRESENTATION(#12,'Body','MappedRepresentation',(#614,#615,#616));
#618= IFCSHAPEREPRESENTATION(#12,'Axis','MappedRepresentation',(#101,#102,#103));
#619= IFCPRODUCTDEFINITIONSHAPE($,$,(#617,#618));
#620= IFCMECHANICALFASTENER('17f1qr8S94cRVECqNxEmcJ',#44,'Bolt assembly',$,$,#605,#619,'ID47a41d35-21c2-4499-b7ce-3345fb3b0993',16.,40.);
#621= IFCLOCALPLACEMENT(#42,#10);
#622= IFCELEMENTASSEMBLY('2ifzd0KV15QxeCwH4Uk3rX',#44,'BEAM',$,$,#621,$,'B/604(?)',.NOTDEFINED.,.RIGID_FRAME.);
#623= IFCCARTESIANPOINT((29803.1197369095,18140.1786407647,60834.9981994629));
#624= IFCAXIS2PLACEMENT3D(#623,#603,#57);
#625= IFCLOCALPLACEMENT(#621,#624);
#626= IFCSHAPEREPRESENTATION(#12,'Body','MappedRepresentation',(#614,#615,#616));
#627= IFCSHAPEREPRESENTATION(#12,'Axis','MappedRepresentation',(#101,#102,#103));
#628= IFCPRODUCTDEFINITIONSHAPE($,$,(#626,#627));
#629= IFCMECHANICALFASTENER('2x1JtSdlvCbA72QT9ldSiI',#44,'Bolt assembly',$,$,#625,#628,'IDbb053ddc-9efe-4c94-a1c2-69d26f9dcb12',16.,40.);
#630= IFCLOCALPLACEMENT(#42,#10);
#631= IFCELEMENTASSEMBLY('3n2$SvZ7jBT9HHjkDBcc_z',#44,'BEAM',$,$,#630,$,'B/613(?)',.NOTDEFINED.,.RIGID_FRAME.);
#632= IFCPROPERTYSINGLEVALUE('AssemblyMark',$,IFCIDENTIFIER('B/613(?)'),$);
#633= IFCPROPERTYSET('148U6CQGX09RMQynQ6oSe0',#5,'AISC_EM11_Pset_AssemblyIdentification','AssemblyIdentity',(#632,#52,#53));
#634= IFCCARTESIANPOINT((79310.1835479615,19557.6128095326,60834.9981994629));
#635= IFCAXIS2PLACEMENT3D(#634,#7,#57);
#636= IFCLOCALPLACEMENT(#630,#635);
#637= IFCCARTESIANPOINT((0.,3.30004474479648,0.));
#638= IFCAXIS2PLACEMENT3D(#637,#8,#7);
#639= IFCEXTRUDEDAREASOLID(#78,#638,#9,8.);
#640= IFCCARTESIANPOINT((0.,11.3000447447965,0.));
#641= IFCAXIS2PLACEMENT3D(#640,#8,#7);
#642= IFCEXTRUDEDAREASOLID(#67,#641,#9,13.);
#643= IFCSHAPEREPRESENTATION(#12,'Body','SweptSolid',(#70,#77,#639,#642));
#644= IFCREPRESENTATIONMAP(#10,#643);
#645= IFCMAPPEDITEM(#644,#86);
#646= IFCMAPPEDITEM(#644,#91);
#647= IFCMAPPEDITEM(#644,#94);
#648= IFCSHAPEREPRESENTATION(#12,'Body','MappedRepresentation',(#645,#646,#647));
#649= IFCSHAPEREPRESENTATION(#12,'Axis','MappedRepresentation',(#101,#102,#103));
#650= IFCPRODUCTDEFINITIONSHAPE($,$,(#648,#649));
#651= IFCMECHANICALFASTENER('1$3c4ip7r1d9xaGH53vQL_',#44,'Bolt assembly',$,$,#636,#650,'ID7f0e612c-cc7d-419c-9ee4-411143e5a57e',16.,40.);
#652= IFCLOCALPLACEMENT(#42,#10);
#653= IFCELEMENTASSEMBLY('0$ZYBQ1Hb4x9zB1Rg0lM3R',#44,'BEAM',$,$,#652,$,'B/613(?)',.NOTDEFINED.,.RIGID_FRAME.);
#654= IFCCARTESIANPOINT((79310.1824587564,5942.54855412792,60834.9981994629));
#655= IFCAXIS2PLACEMENT3D(#654,#7,#57);
#656= IFCLOCALPLACEMENT(#652,#655);
#657= IFCCARTESIANPOINT((0.,3.30059634574148,0.));
#658= IFCAXIS2PLACEMENT3D(#657,#8,#7);
#659= IFCEXTRUDEDAREASOLID(#78,#658,#9,8.);
#660= IFCCARTESIANPOINT((0.,11.3005963457415,0.));
#661= IFCAXIS2PLACEMENT3D(#660,#8,#7);
#662= IFCEXTRUDEDAREASOLID(#67,#661,#9,13.);
#663= IFCSHAPEREPRESENTATION(#12,'Body','SweptSolid',(#70,#77,#659,#662));
#664= IFCREPRESENTATIONMAP(#10,#663);
#665= IFCMAPPEDITEM(#664,#86);
#666= IFCMAPPEDITEM(#664,#91);
#667= IFCMAPPEDITEM(#664,#94);
#668= IFCSHAPEREPRESENTATION(#12,'Body','MappedRepresentation',(#665,#666,#667));
#669= IFCSHAPEREPRESENTATION(#12,'Axis','MappedRepresentation',(#101,#102,#103));
#670= IFCPRODUCTDEFINITIONSHAPE($,$,(#668,#669));
#671= IFCMECHANICALFASTENER('1hCKwjeqP31vGr1YtS8SWi',#44,'Bolt assembly',$,$,#656,#670,'ID6b314ead-a346-4307-9435-062ddc21c82c',16.,40.);
#672= IFCLOCALPLACEMENT(#42,#10);
#673= IFCELEMENTASSEMBLY('3leliKzjj1oQ1Arm4oC3fE',#44,'BEAM',$,$,#672,$,'B/613(?)',.NOTDEFINED.,.RIGID_FRAME.);
#674= IFCCARTESIANPOINT((22689.9977093555,5942.7230464847,60834.9981994629));
#675= IFCDIRECTION((-0.999999999999997,8.10000001365552E-08,0.));
#676= IFCAXIS2PLACEMENT3D(#674,#675,#57);
#677= IFCLOCALPLACEMENT(#672,#676);
#678= IFCCARTESIANPOINT((0.,4.40351425744622,0.));
#679= IFCAXIS2PLACEMENT3D(#678,#8,#7);
#680= IFCEXTRUDEDAREASOLID(#78,#679,#9,8.);
#681= IFCCARTESIANPOINT((0.,12.4035142574462,0.));
#682= IFCAXIS2PLACEMENT3D(#681,#8,#7);
#683= IFCEXTRUDEDAREASOLID(#67,#682,#9,13.);
#684= IFCSHAPEREPRESENTATION(#12,'Body','SweptSolid',(#70,#77,#680,#683));
#685= IFCREPRESENTATIONMAP(#10,#684);
#686= IFCMAPPEDITEM(#685,#86);
#687= IFCMAPPEDITEM(#685,#91);
#688= IFCMAPPEDITEM(#685,#94);
#689= IFCSHAPEREPRESENTATION(#12,'Body','MappedRepresentation',(#686,#687,#688));
#690= IFCSHAPEREPRESENTATION(#12,'Axis','MappedRepresentation',(#101,#102,#103));
#691= IFCPRODUCTDEFINITIONSHAPE($,$,(#689,#690));
#692= IFCMECHANICALFASTENER('1JOyMdhHH8UfKPu0SJ$jPW',#44,'Bolt assembly',$,$,#677,#691,'ID5363c5a7-ad14-487a-9519-e00713fed660',16.,40.);
#693= IFCLOCALPLACEMENT(#42,#10);
#694= IFCELEMENTASSEMBLY('005zlLH9LD38LkEI1WWFiU',#44,'BEAM',$,$,#693,$,'B/778(?)',.NOTDEFINED.,.RIGID_FRAME.);
#695= IFCPROPERTYSINGLEVALUE('AssemblyMark',$,IFCIDENTIFIER('B/778(?)'),$);
#696= IFCPROPERTYSET('096Io3P5v5Lw_eaVZ0Qy8l',#5,'AISC_EM11_Pset_AssemblyIdentification','AssemblyIdentity',(#695,#52,#53));
#697= IFCCARTESIANPOINT((74390.1238841209,510.112222794047,60834.9981994629));
#698= IFCAXIS2PLACEMENT3D(#697,#603,#57);
#699= IFCLOCALPLACEMENT(#693,#698);
#700= IFCCARTESIANPOINT((0.,3.29877467352034,0.));
#701= IFCAXIS2PLACEMENT3D(#700,#8,#7);
#702= IFCEXTRUDEDAREASOLID(#78,#701,#9,8.);
#703= IFCCARTESIANPOINT((0.,11.2987746735203,0.));
#704= IFCAXIS2PLACEMENT3D(#703,#8,#7);
#705= IFCEXTRUDEDAREASOLID(#67,#704,#9,13.);
#706= IFCSHAPEREPRESENTATION(#12,'Body','SweptSolid',(#70,#77,#702,#705));
#707= IFCREPRESENTATIONMAP(#10,#706);
#708= IFCMAPPEDITEM(#707,#86);
#709= IFCMAPPEDITEM(#707,#91);
#710= IFCMAPPEDITEM(#707,#94);
#711= IFCSHAPEREPRESENTATION(#12,'Body','MappedRepresentation',(#708,#709,#710));
#712= IFCSHAPEREPRESENTATION(#12,'Axis','MappedRepresentation',(#101,#102,#103));
#713= IFCPRODUCTDEFINITIONSHAPE($,$,(#711,#712));
#714= IFCMECHANICALFASTENER('1llH1UbvXCXgmu8gx8HA$M',#44,'Bolt assembly',$,$,#699,#713,'ID6fbd105e-9798-4c86-ac38-22aec844afd6',16.,40.);
#715= IFCCARTESIANPOINT((72675.123731533,510.108470373712,60834.9981994629));
#716= IFCAXIS2PLACEMENT3D(#715,#603,#57);
#717= IFCLOCALPLACEMENT(#123,#716);
#718= IFCSHAPEREPRESENTATION(#12,'Body','MappedRepresentation',(#708,#709,#710));
#719= IFCSHAPEREPRESENTATION(#12,'Axis','MappedRepresentation',(#101,#102,#103));
#720= IFCPRODUCTDEFINITIONSHAPE($,$,(#718,#719));
#721= IFCMECHANICALFASTENER('35dsKXYUzBzwNAMk_a1Pag',#44,'Bolt assembly',$,$,#717,#720,'IDc59f6521-89ef-4bf7-a5ca-5aefa405992a',16.,40.);
#722= IFCCARTESIANPOINT((65865.3027171287,510.093570485333,60834.9981994629));
#723= IFCAXIS2PLACEMENT3D(#722,#603,#57);
#724= IFCLOCALPLACEMENT(#168,#723);
#725= IFCSHAPEREPRESENTATION(#12,'Body','MappedRepresentation',(#708,#709,#710));
#726= IFCSHAPEREPRESENTATION(#12,'Axis','MappedRepresentation',(#101,#102,#103));
#727= IFCPRODUCTDEFINITIONSHAPE($,$,(#725,#726));
#728= IFCMECHANICALFASTENER('3wAqSOxRv4owEMV$GezplM',#44,'Bolt assembly',$,$,#724,#727,'IDfa2b4718-edbe-44cb-a396-7ff428f73bd6',16.,40.);
#729= IFCCARTESIANPOINT((63750.0836009177,510.088942385907,60834.9981994629));
#730= IFCAXIS2PLACEMENT3D(#729,#603,#57);
#731= IFCLOCALPLACEMENT(#180,#730);
#732= IFCSHAPEREPRESENTATION(#12,'Body','MappedRepresentation',(#708,#709,#710));
#733= IFCSHAPEREPRESENTATION(#12,'Axis','MappedRepresentation',(#101,#102,#103));
#734= IFCPRODUCTDEFINITIONSHAPE($,$,(#732,#733));
#735= IFCMECHANICALFASTENER('0uLxmSiArCBvDh7XpDoXj9',#44,'Bolt assembly',$,$,#731,#734,'ID3857bc1c-b0ad-4c2f-936b-1e1ccdca1b49',16.,40.);
#736= IFCCARTESIANPOINT((61625.0825328025,510.08429288357,60834.9981994629));
#737= IFCAXIS2PLACEMENT3D(#736,#603,#57);
#738= IFCLOCALPLACEMENT(#191,#737);
#739= IFCSHAPEREPRESENTATION(#12,'Body','MappedRepresentation',(#708,#709,#710));
#740= IFCSHAPEREPRESENTATION(#12,'Axis','MappedRepresentation',(#101,#102,#103));
#741= IFCPRODUCTDEFINITIONSHAPE($,$,(#739,#740));
#742= IFCMECHANICALFASTENER('11Db3ESoXCuQpyqsXTf6za',#44,'Bolt assembly',$,$,#738,#741,'ID413650ce-7328-4ce1-acfc-d3685da46f64',16.,40.);
#743= IFCCARTESIANPOINT((57390.0857371482,510.075026710581,60834.9981994629));
#744= IFCAXIS2PLACEMENT3D(#743,#603,#57);
#745= IFCLOCALPLACEMENT(#202,#744);
#746= IFCSHAPEREPRESENTATION(#12,'Body','MappedRepresentation',(#708,#709,#710));
#747= IFCSHAPEREPRESENTATION(#12,'Axis','MappedRepresentation',(#101,#102,#103));
#748= IFCPRODUCTDEFINITIONSHAPE($,$,(#746,#747));
#749= IFCMECHANICALFASTENER('3Pm5aSEZ94Kx4aGUEPowKo',#44,'Bolt assembly',$,$,#745,#748,'IDd9c0591c-3a32-4453-b124-41e399cba532',16.,40.);
#750= IFCCARTESIANPOINT((55260.0865763816,510.070366272417,60834.9981994629));
#751= IFCAXIS2PLACEMENT3D(#750,#603,#57);
#752= IFCLOCALPLACEMENT(#213,#751);
#753= IFCSHAPEREPRESENTATION(#12,'Body','MappedRepresentation',(#708,#709,#710));
#754= IFCSHAPEREPRESENTATION(#12,'Axis','MappedRepresentation',(#101,#102,#103));
#755= IFCPRODUCTDEFINITIONSHAPE($,$,(#753,#754));
#756= IFCMECHANICALFASTENER('34B3kNh$T0aBCP_e$bSpvs',#44,'Bolt assembly',$,$,#752,#755,'IDc42c3b97-aff7-4090-b319-fa8fe5733e76',16.,40.);
#757= IFCCARTESIANPOINT((53130.0855082663,510.06570583008,60834.9981994629));
#758= IFCAXIS2PLACEMENT3D(#757,#603,#57);
#759= IFCLOCALPLACEMENT(#247,#758);
#760= IFCSHAPEREPRESENTATION(#12,'Body','MappedRepresentation',(#708,#709,#710));
#761= IFCSHAPEREPRESENTATION(#12,'Axis','MappedRepresentation',(#101,#102,#103));
#762= IFCPRODUCTDEFINITIONSHAPE($,$,(#760,#761));
#763= IFCMECHANICALFASTENER('0xDcF_02z9Jgyva5Id0aHB',#44,'Bolt assembly',$,$,#759,#762,'ID3b3663fe-002f-494e-af39-9054a702444b',16.,40.);
#764= IFCCARTESIANPOINT((40375.0863474997,510.037797891916,60834.9981994629));
#765= IFCAXIS2PLACEMENT3D(#764,#603,#57);
#766= IFCLOCALPLACEMENT(#270,#765);
#767= IFCSHAPEREPRESENTATION(#12,'Body','MappedRepresentation',(#708,#709,#710));
#768= IFCSHAPEREPRESENTATION(#12,'Axis','MappedRepresentation',(#101,#102,#103));
#769= IFCPRODUCTDEFINITIONSHAPE($,$,(#767,#768));
#770= IFCMECHANICALFASTENER('09TozBoSj8TPn2$0kLWKKk',#44,'Bolt assembly',$,$,#766,#769,'ID09772f4b-c9cb-4875-9c42-fc0b9581452e',16.,40.);
#771= IFCCARTESIANPOINT((38250.0863474997,510.033148391916,60834.9981994629));
#772= IFCAXIS2PLACEMENT3D(#771,#603,#57);
#773= IFCLOCALPLACEMENT(#303,#772);
#774= IFCSHAPEREPRESENTATION(#12,'Body','MappedRepresentation',(#708,#709,#710));
#775= IFCSHAPEREPRESENTATION(#12,'Axis','MappedRepresentation',(#101,#102,#103));
#776= IFCPRODUCTDEFINITIONSHAPE($,$,(#774,#775));
#777= IFCMECHANICALFASTENER('1_hnNAdZP1V8IclPhRv4Qj',#44,'Bolt assembly',$,$,#773,#776,'ID7eaf15ca-9e36-417c-84a6-bd9adbe446ad',16.,40.);
#778= IFCCARTESIANPOINT((36135.3059214743,510.028521252344,60834.9981994629));
#779= IFCAXIS2PLACEMENT3D(#778,#603,#57);
#780= IFCLOCALPLACEMENT(#314,#779);
#781= IFCSHAPEREPRESENTATION(#12,'Body','MappedRepresentation',(#708,#709,#710));
#782= IFCSHAPEREPRESENTATION(#12,'Axis','MappedRepresentation',(#101,#102,#103));
#783= IFCPRODUCTDEFINITIONSHAPE($,$,(#781,#782));
#784= IFCMECHANICALFASTENER('1NqdTyv0XBXgDOp8Ab5lW5',#44,'Bolt assembly',$,$,#780,#783,'ID57d2777c-e408-4b86-a358-cc82a516f805',16.,40.);
#785= IFCLOCALPLACEMENT(#42,#10);
#786= IFCELEMENTASSEMBLY('3MArD9kl53sgGxTtNB3BjD',#44,'BEAM',$,$,#785,$,'B/708(?)',.NOTDEFINED.,.RIGID_FRAME.);
#787= IFCPROPERTYSINGLEVALUE('AssemblyMark',$,IFCIDENTIFIER('B/708(?)'),$);
#788= IFCPROPERTYSET('1gD0aJhCH2Swoxay6aAifG',#5,'AISC_EM11_Pset_AssemblyIdentification','AssemblyIdentity',(#787,#52,#53));
#789= IFCCARTESIANPOINT((74283.6183738907,24990.1119897648,60834.9981994629));
#790= IFCDIRECTION((2.18799999856856E-06,-0.999999999997606,0.));
#791= IFCAXIS2PLACEMENT3D(#789,#790,#57);
#792= IFCLOCALPLACEMENT(#785,#791);
#793= IFCCARTESIANPOINT((0.,3.29153100184918,0.));
#794= IFCAXIS2PLACEMENT3D(#793,#8,#7);
#795= IFCEXTRUDEDAREASOLID(#78,#794,#9,8.);
#796= IFCCARTESIANPOINT((0.,11.2915310018492,0.));
#797= IFCAXIS2PLACEMENT3D(#796,#8,#7);
#798= IFCEXTRUDEDAREASOLID(#67,#797,#9,13.);
#799= IFCSHAPEREPRESENTATION(#12,'Body','SweptSolid',(#70,#77,#795,#798));
#800= IFCREPRESENTATIONMAP(#10,#799);
#801= IFCMAPPEDITEM(#800,#86);
#802= IFCMAPPEDITEM(#800,#91);
#803= IFCMAPPEDITEM(#800,#94);
#804= IFCSHAPEREPRESENTATION(#12,'Body','MappedRepresentation',(#801,#802,#803));
#805= IFCSHAPEREPRESENTATION(#12,'Axis','MappedRepresentation',(#101,#102,#103));
#806= IFCPRODUCTDEFINITIONSHAPE($,$,(#804,#805));
#807= IFCMECHANICALFASTENER('0sqZJa3hf3$fRup1mjU9cq',#44,'Bolt assembly',$,$,#792,#806,'ID36d234e4-0eba-43fe-96f8-cc1c2d7899b4',16.,40.);
#808= IFCCARTESIANPOINT((72180.2922650634,24990.1073876873,60834.9981994629));
#809= IFCAXIS2PLACEMENT3D(#808,#790,#57);
#810= IFCLOCALPLACEMENT(#325,#809);
#811= IFCCARTESIANPOINT((0.,2.98088891808881,0.));
#812= IFCAXIS2PLACEMENT3D(#811,#8,#7);
#813= IFCEXTRUDEDAREASOLID(#78,#812,#9,8.);
#814= IFCCARTESIANPOINT((0.,10.9808889180888,0.));
#815= IFCAXIS2PLACEMENT3D(#814,#8,#7);
#816= IFCEXTRUDEDAREASOLID(#67,#815,#9,13.);
#817= IFCSHAPEREPRESENTATION(#12,'Body','SweptSolid',(#70,#77,#813,#816));
#818= IFCREPRESENTATIONMAP(#10,#817);
#819= IFCMAPPEDITEM(#818,#86);
#820= IFCMAPPEDITEM(#818,#91);
#821= IFCMAPPEDITEM(#818,#94);
#822= IFCSHAPEREPRESENTATION(#12,'Body','MappedRepresentation',(#819,#820,#821));
#823= IFCSHAPEREPRESENTATION(#12,'Axis','MappedRepresentation',(#101,#102,#103));
#824= IFCPRODUCTDEFINITIONSHAPE($,$,(#822,#823));
#825= IFCMECHANICALFASTENER('1V_vC$ey94ous_s6CgHUYC',#44,'Bolt assembly',$,$,#810,#824,'ID5ffb933f-a3c2-44cb-8dbe-d8632a45e88c',16.,40.);
#826= IFCCARTESIANPOINT((70089.9989411381,24990.1028141255,60834.9981994629));
#827= IFCAXIS2PLACEMENT3D(#826,#790,#57);
#828= IFCLOCALPLACEMENT(#345,#827);
#829= IFCCARTESIANPOINT((0.,3.29893086278634,0.));
#830= IFCAXIS2PLACEMENT3D(#829,#8,#7);
#831= IFCEXTRUDEDAREASOLID(#78,#830,#9,8.);
#832= IFCCARTESIANPOINT((0.,11.2989308627863,0.));
#833= IFCAXIS2PLACEMENT3D(#832,#8,#7);
#834= IFCEXTRUDEDAREASOLID(#67,#833,#9,13.);
#835= IFCSHAPEREPRESENTATION(#12,'Body','SweptSolid',(#70,#77,#831,#834));
#836= IFCREPRESENTATIONMAP(#10,#835);
#837= IFCMAPPEDITEM(#836,#86);
#838= IFCMAPPEDITEM(#836,#91);
#839= IFCMAPPEDITEM(#836,#94);
#840= IFCSHAPEREPRESENTATION(#12,'Body','MappedRepresentation',(#837,#838,#839));
#841= IFCSHAPEREPRESENTATION(#12,'Axis','MappedRepresentation',(#101,#102,#103));
#842= IFCPRODUCTDEFINITIONSHAPE($,$,(#840,#841));
#843= IFCMECHANICALFASTENER('1PibFuavzAT92sT7fKPizO',#44,'Bolt assembly',$,$,#828,#842,'ID59b253f8-939f-4a74-90b6-747a5466cf58',16.,40.);
#844= IFCCARTESIANPOINT((61625.0868078083,24990.0842928977,60834.9981994629));
#845= IFCAXIS2PLACEMENT3D(#844,#790,#57);
#846= IFCLOCALPLACEMENT(#422,#845);
#847= IFCCARTESIANPOINT((0.,3.29862627412257,0.));
#848= IFCAXIS2PLACEMENT3D(#847,#8,#7);
#849= IFCEXTRUDEDAREASOLID(#78,#848,#9,8.);
#850= IFCCARTESIANPOINT((0.,11.2986262741226,0.));
#851= IFCAXIS2PLACEMENT3D(#850,#8,#7);
#852= IFCEXTRUDEDAREASOLID(#67,#851,#9,13.);
#853= IFCSHAPEREPRESENTATION(#12,'Body','SweptSolid',(#70,#77,#849,#852));
#854= IFCREPRESENTATIONMAP(#10,#853);
#855= IFCMAPPEDITEM(#854,#86);
#856= IFCMAPPEDITEM(#854,#91);
#857= IFCMAPPEDITEM(#854,#94);
#858= IFCSHAPEREPRESENTATION(#12,'Body','MappedRepresentation',(#855,#856,#857));
#859= IFCSHAPEREPRESENTATION(#12,'Axis','MappedRepresentation',(#101,#102,#103));
#860= IFCPRODUCTDEFINITIONSHAPE($,$,(#858,#859));
#861= IFCMECHANICALFASTENER('1NA1iqocj2AfDiQEsZzmyJ',#44,'Bolt assembly',$,$,#846,#860,'ID57281b34-ca6b-422a-936c-68eda3f70f13',16.,40.);
#862= IFCCARTESIANPOINT((63750.0868092061,24990.0889423977,60834.9981994629));
#863= IFCAXIS2PLACEMENT3D(#862,#790,#57);
#864= IFCLOCALPLACEMENT(#394,#863);
#865= IFCSHAPEREPRESENTATION(#12,'Body','MappedRepresentation',(#855,#856,#857));
#866= IFCSHAPEREPRESENTATION(#12,'Axis','MappedRepresentation',(#101,#102,#103));
#867= IFCPRODUCTDEFINITIONSHAPE($,$,(#865,#866));
#868= IFCMECHANICALFASTENER('1Nw7mG38n9Xed_s2W6mjsa',#44,'Bolt assembly',$,$,#864,#867,'ID57e87c10-0c8c-4986-89fe-d82806c2dda4',16.,40.);
#869= IFCLOCALPLACEMENT(#42,#10);
#870= IFCELEMENTASSEMBLY('10ppxHOPjCyPSaxdp3lp1n',#44,'BEAM',$,$,#869,$,'B/763(?)',.NOTDEFINED.,.RIGID_FRAME.);
#871= IFCPROPERTYSINGLEVALUE('AssemblyMark',$,IFCIDENTIFIER('B/763(?)'),$);
#872= IFCPROPERTYSET('2uFmtMNIbCDwOV3hjoZ8Qm',#5,'AISC_EM11_Pset_AssemblyIdentification','AssemblyIdentity',(#871,#52,#53));
#873= IFCCARTESIANPOINT((65880.9236249851,24990.0936046687,60834.9981994629));
#874= IFCAXIS2PLACEMENT3D(#873,#790,#57);
#875= IFCLOCALPLACEMENT(#869,#874);
#876= IFCCARTESIANPOINT((0.,2.50991413362014,0.));
#877= IFCAXIS2PLACEMENT3D(#876,#8,#7);
#878= IFCEXTRUDEDAREASOLID(#78,#877,#9,8.);
#879= IFCCARTESIANPOINT((0.,10.5099141336201,0.));
#880= IFCAXIS2PLACEMENT3D(#879,#8,#7);
#881= IFCEXTRUDEDAREASOLID(#67,#880,#9,13.);
#882= IFCSHAPEREPRESENTATION(#12,'Body','SweptSolid',(#70,#77,#878,#881));
#883= IFCREPRESENTATIONMAP(#10,#882);
#884= IFCMAPPEDITEM(#883,#86);
#885= IFCMAPPEDITEM(#883,#91);
#886= IFCMAPPEDITEM(#883,#94);
#887= IFCSHAPEREPRESENTATION(#12,'Body','MappedRepresentation',(#884,#885,#886));
#888= IFCSHAPEREPRESENTATION(#12,'Axis','MappedRepresentation',(#101,#102,#103));
#889= IFCPRODUCTDEFINITIONSHAPE($,$,(#887,#888));
#890= IFCMECHANICALFASTENER('0cia8$W4zDFvN_r4qchOBJ',#44,'Bolt assembly',$,$,#875,#889,'ID26b2423f-804f-4d3f-95fe-d44d26ad82d3',16.,40.);
#891= IFCCARTESIANPOINT((48890.087968906,24990.0564287203,60834.9981994629));
#892= IFCAXIS2PLACEMENT3D(#891,#790,#57);
#893= IFCLOCALPLACEMENT(#503,#892);
#894= IFCSHAPEREPRESENTATION(#12,'Body','MappedRepresentation',(#708,#709,#710));
#895= IFCSHAPEREPRESENTATION(#12,'Axis','MappedRepresentation',(#101,#102,#103));
#896= IFCPRODUCTDEFINITIONSHAPE($,$,(#894,#895));
#897= IFCMECHANICALFASTENER('0FC9k0dqX0Txx8nZhWTZ2g',#44,'Bolt assembly',$,$,#893,#896,'ID0f309b80-9f48-4077-bec8-c63ae07630aa',16.,40.);
#898= IFCCARTESIANPOINT((46760.0869007907,24990.051768278,60834.9981994629));
#899= IFCAXIS2PLACEMENT3D(#898,#790,#57);
#900= IFCLOCALPLACEMENT(#533,#899);
#901= IFCSHAPEREPRESENTATION(#12,'Body','MappedRepresentation',(#708,#709,#710));
#902= IFCSHAPEREPRESENTATION(#12,'Axis','MappedRepresentation',(#101,#102,#103));
#903= IFCPRODUCTDEFINITIONSHAPE($,$,(#901,#902));
#904= IFCMECHANICALFASTENER('1b7KW9cObEtPe01ZAsMqoz',#44,'Bolt assembly',$,$,#900,#903,'ID651d4809-9989-4edd-9a00-0632b65b4cbd',16.,40.);
#905= IFCCARTESIANPOINT((44630.0877400242,24990.0471078398,60834.9981994629));
#906= IFCAXIS2PLACEMENT3D(#905,#790,#57);
#907= IFCLOCALPLACEMENT(#556,#906);
#908= IFCSHAPEREPRESENTATION(#12,'Body','MappedRepresentation',(#708,#709,#710));
#909= IFCSHAPEREPRESENTATION(#12,'Axis','MappedRepresentation',(#101,#102,#103));
#910= IFCPRODUCTDEFINITIONSHAPE($,$,(#908,#909));
#911= IFCMECHANICALFASTENER('2DUHMzEZ9DVORQS1DOTy9w',#44,'Bolt assembly',$,$,#907,#910,'ID8d7915bd-3a32-4d7d-86da-70135877c27a',16.,40.);
#912= IFCCARTESIANPOINT((40375.0866719089,24990.0377978975,60834.9981994629));
#913= IFCAXIS2PLACEMENT3D(#912,#790,#57);
#914= IFCLOCALPLACEMENT(#567,#913);
#915= IFCSHAPEREPRESENTATION(#12,'Body','MappedRepresentation',(#708,#709,#710));
#916= IFCSHAPEREPRESENTATION(#12,'Axis','MappedRepresentation',(#101,#102,#103));
#917= IFCPRODUCTDEFINITIONSHAPE($,$,(#915,#916));
#918= IFCMECHANICALFASTENER('2Qdt8Ukwv95wXitBmbJCQV',#44,'Bolt assembly',$,$,#914,#917,'ID9a9f721e-bbae-4917-a86c-dcbc254cc69f',16.,40.);
#919= IFCCARTESIANPOINT((38250.0866719089,24990.0331483975,60834.9981994629));
#920= IFCAXIS2PLACEMENT3D(#919,#790,#57);
#921= IFCLOCALPLACEMENT(#578,#920);
#922= IFCSHAPEREPRESENTATION(#12,'Body','MappedRepresentation',(#708,#709,#710));
#923= IFCSHAPEREPRESENTATION(#12,'Axis','MappedRepresentation',(#101,#102,#103));
#924= IFCPRODUCTDEFINITIONSHAPE($,$,(#922,#923));
#925= IFCMECHANICALFASTENER('0K707AjcD4uxHSWgXcBVGO',#44,'Bolt assembly',$,$,#921,#924,'ID141c01ca-b663-44e3-b45c-82a8662df418',16.,40.);
#926= IFCLOCALPLACEMENT(#42,#10);
#927= IFCELEMENTASSEMBLY('3V$2GE8nL8IhvV4eeslOyB',#44,'BEAM',$,$,#926,$,'B/701(?)',.NOTDEFINED.,.RIGID_FRAME.);
#928= IFCPROPERTYSINGLEVALUE('AssemblyMark',$,IFCIDENTIFIER('B/701(?)'),$);
#929= IFCPROPERTYSET('1PqK4_CZ96TfHQRRm3mwBN',#5,'AISC_EM11_Pset_AssemblyIdentification','AssemblyIdentity',(#928,#52,#53));
#930= IFCCARTESIANPOINT((35935.1471730076,24990.0280833099,60834.9981994629));
#931= IFCAXIS2PLACEMENT3D(#930,#790,#57);
#932= IFCLOCALPLACEMENT(#926,#931);
#933= IFCSHAPEREPRESENTATION(#12,'Body','MappedRepresentation',(#708,#709,#710));
#934= IFCSHAPEREPRESENTATION(#12,'Axis','MappedRepresentation',(#101,#102,#103));
#935= IFCPRODUCTDEFINITIONSHAPE($,$,(#933,#934));
#936= IFCMECHANICALFASTENER('3RwBXdFgDBjwIllx4hsDMq',#44,'Bolt assembly',$,$,#932,#935,'IDdbe8b867-3ea3-4bb7-a4af-bfb12bd8d5b4',16.,40.);
#937= IFCCARTESIANPOINT((31896.8971211495,24990.0192476188,60834.9981994629));
#938= IFCAXIS2PLACEMENT3D(#937,#790,#57);
#939= IFCLOCALPLACEMENT(#598,#938);
#940= IFCCARTESIANPOINT((0.,3.03014694496288,0.));
#941= IFCAXIS2PLACEMENT3D(#940,#8,#7);
#942= IFCEXTRUDEDAREASOLID(#78,#941,#9,8.);
#943= IFCCARTESIANPOINT((0.,11.0301469449629,0.));
#944= IFCAXIS2PLACEMENT3D(#943,#8,#7);
#945= IFCEXTRUDEDAREASOLID(#67,#944,#9,13.);
#946= IFCSHAPEREPRESENTATION(#12,'Body','SweptSolid',(#70,#77,#942,#945));
#947= IFCREPRESENTATIONMAP(#10,#946);
#948= IFCMAPPEDITEM(#947,#86);
#949= IFCMAPPEDITEM(#947,#91);
#950= IFCMAPPEDITEM(#947,#94);
#951= IFCSHAPEREPRESENTATION(#12,'Body','MappedRepresentation',(#948,#949,#950));
#952= IFCSHAPEREPRESENTATION(#12,'Axis','MappedRepresentation',(#101,#102,#103));
#953= IFCPRODUCTDEFINITIONSHAPE($,$,(#951,#952));
#954= IFCMECHANICALFASTENER('1ZZr6aUfHBdeQHHJI576jA',#44,'Bolt assembly',$,$,#939,#953,'ID638f51a4-7a94-4b9e-8691-4534851c6b4a',16.,40.);
#955= IFCCARTESIANPOINT((29806.8969718577,24990.0146746984,60834.9981994629));
#956= IFCAXIS2PLACEMENT3D(#955,#790,#57);
#957= IFCLOCALPLACEMENT(#621,#956);
#958= IFCSHAPEREPRESENTATION(#12,'Body','MappedRepresentation',(#948,#949,#950));
#959= IFCSHAPEREPRESENTATION(#12,'Axis','MappedRepresentation',(#101,#102,#103));
#960= IFCPRODUCTDEFINITIONSHAPE($,$,(#958,#959));
#961= IFCMECHANICALFASTENER('13vwn1XDP7MwQ5fmQobsCN',#44,'Bolt assembly',$,$,#957,#960,'ID43e7ac41-84d6-475b-a685-a706b2976317',16.,40.);
#962= IFCLOCALPLACEMENT(#42,#10);
#963= IFCELEMENTASSEMBLY('28vL$cVlHBiwXjoXuNFYJX',#44,'BEAM',$,$,#962,$,'B/704(?)',.NOTDEFINED.,.RIGID_FRAME.);
#964= IFCPROPERTYSINGLEVALUE('AssemblyMark',$,IFCIDENTIFIER('B/704(?)'),$);
#965= IFCPROPERTYSET('1DzUX0A_b6qe$eJB7w1RZh',#5,'AISC_EM11_Pset_AssemblyIdentification','AssemblyIdentity',(#964,#52,#53));
#966= IFCCARTESIANPOINT((27716.6471980334,24990.0101012319,60834.9981994629));
#967= IFCAXIS2PLACEMENT3D(#966,#790,#57);
#968= IFCLOCALPLACEMENT(#962,#967);
#969= IFCCARTESIANPOINT((0.,3.29963706763826,0.));
#970= IFCAXIS2PLACEMENT3D(#969,#8,#7);
#971= IFCEXTRUDEDAREASOLID(#78,#970,#9,8.);
#972= IFCCARTESIANPOINT((0.,11.2996370676383,0.));
#973= IFCAXIS2PLACEMENT3D(#972,#8,#7);
#974= IFCEXTRUDEDAREASOLID(#67,#973,#9,13.);
#975= IFCSHAPEREPRESENTATION(#12,'Body','SweptSolid',(#70,#77,#971,#974));
#976= IFCREPRESENTATIONMAP(#10,#975);
#977= IFCMAPPEDITEM(#976,#86);
#978= IFCMAPPEDITEM(#976,#91);
#979= IFCMAPPEDITEM(#976,#94);
#980= IFCSHAPEREPRESENTATION(#12,'Body','MappedRepresentation',(#977,#978,#979));
#981= IFCSHAPEREPRESENTATION(#12,'Axis','MappedRepresentation',(#101,#102,#103));
#982= IFCPRODUCTDEFINITIONSHAPE($,$,(#980,#981));
#983= IFCMECHANICALFASTENER('3Amktxl5X1t8oFx61wrU40',#44,'Bolt assembly',$,$,#968,#982,'IDcac2edfb-bc58-41dc-8c8f-ec607ad5e100',16.,40.);
#984= IFCLOCALPLACEMENT(#42,#10);
#985= IFCELEMENTASSEMBLY('32EETkpjb6LvWKeBeDZUUC',#44,'BEAM',$,$,#984,$,'B/779(?)',.NOTDEFINED.,.RIGID_FRAME.);
#986= IFCPROPERTYSINGLEVALUE('AssemblyMark',$,IFCIDENTIFIER('B/779(?)'),$);
#987= IFCPROPERTYSET('2v5N4oNnT5tBINcBJDrQKL',#5,'AISC_EM11_Pset_AssemblyIdentification','AssemblyIdentity',(#986,#52,#53));
#988= IFCCARTESIANPOINT((75990.0000000021,5522.56570196149,60835.));
#989= IFCAXIS2PLACEMENT3D(#988,#675,#57);
#990= IFCLOCALPLACEMENT(#984,#989);
#991= IFCSHAPEREPRESENTATION(#12,'Body','MappedRepresentation',(#645,#646,#647));
#992= IFCSHAPEREPRESENTATION(#12,'Axis','MappedRepresentation',(#101,#102,#103));
#993= IFCPRODUCTDEFINITIONSHAPE($,$,(#991,#992));
#994= IFCMECHANICALFASTENER('2jSnbetqX8CfgETpw6waDY',#44,'Bolt assembly',$,$,#990,#993,'IDad731968-df48-4832-9a8e-773e86ea4362',16.,40.);
#995= IFCLOCALPLACEMENT(#42,#10);
#996= IFCELEMENTASSEMBLY('1YXSKlPC5ERBJC9jgwAqke',#44,'BEAM',$,$,#995,$,'B/670(?)',.NOTDEFINED.,.RIGID_FRAME.);
#997= IFCPROPERTYSINGLEVALUE('AssemblyMark',$,IFCIDENTIFIER('B/670(?)'),$);
#998= IFCPROPERTYSET('3M3Bc8xSD22hK2b0WWDW62',#5,'AISC_EM11_Pset_AssemblyIdentification','AssemblyIdentity',(#997,#52,#53));
#999= IFCCARTESIANPOINT((67490.0000000021,21287.6911607449,60834.9981994629));
#1000= IFCAXIS2PLACEMENT3D(#999,#675,#57);
#1001= IFCLOCALPLACEMENT(#995,#1000);
#1002= IFCCARTESIANPOINT((0.,3.30097266755971,0.));
#1003= IFCAXIS2PLACEMENT3D(#1002,#8,#7);
#1004= IFCEXTRUDEDAREASOLID(#78,#1003,#9,8.);
#1005= IFCCARTESIANPOINT((0.,11.3009726675597,0.));
#1006= IFCAXIS2PLACEMENT3D(#1005,#8,#7);
#1007= IFCEXTRUDEDAREASOLID(#67,#1006,#9,13.);
#1008= IFCSHAPEREPRESENTATION(#12,'Body','SweptSolid',(#70,#77,#1004,#1007));
#1009= IFCREPRESENTATIONMAP(#10,#1008);
#1010= IFCMAPPEDITEM(#1009,#86);
#1011= IFCMAPPEDITEM(#1009,#91);
#1012= IFCMAPPEDITEM(#1009,#94);
#1013= IFCSHAPEREPRESENTATION(#12,'Body','MappedRepresentation',(#1010,#1011,#1012));
#1014= IFCSHAPEREPRESENTATION(#12,'Axis','MappedRepresentation',(#101,#102,#103));
#1015= IFCPRODUCTDEFINITIONSHAPE($,$,(#1013,#1014));
#1016= IFCMECHANICALFASTENER('36fVcQAmD8iAW8fqdV7fky',#44,'Bolt assembly',$,$,#1001,#1015,'IDc6a5f99a-2b03-48b0-a808-a749df1e9bbc',16.,40.);
#1017= IFCLOCALPLACEMENT(#42,#10);
#1018= IFCELEMENTASSEMBLY('3ZAeE9E9X0weDTqp$SD_6k',#44,'BEAM',$,$,#1017,$,'B/671(?)',.NOTDEFINED.,.RIGID_FRAME.);
#1019= IFCPROPERTYSINGLEVALUE('AssemblyMark',$,IFCIDENTIFIER('B/671(?)'),$);
#1020= IFCPROPERTYSET('16f$VcdMP449jTC88cLXoN',#5,'AISC_EM11_Pset_AssemblyIdentification','AssemblyIdentity',(#1019,#52,#53));
#1021= IFCCARTESIANPOINT((67490.0000000021,20702.6930769794,60834.9981994629));
#1022= IFCAXIS2PLACEMENT3D(#1021,#675,#57);
#1023= IFCLOCALPLACEMENT(#1017,#1022);
#1024= IFCCARTESIANPOINT((0.,3.30110706357692,0.));
#1025= IFCAXIS2PLACEMENT3D(#1024,#8,#7);
#1026= IFCEXTRUDEDAREASOLID(#78,#1025,#9,8.);
#1027= IFCCARTESIANPOINT((0.,11.3011070635769,0.));
#1028= IFCAXIS2PLACEMENT3D(#1027,#8,#7);
#1029= IFCEXTRUDEDAREASOLID(#67,#1028,#9,13.);
#1030= IFCSHAPEREPRESENTATION(#12,'Body','SweptSolid',(#70,#77,#1026,#1029));
#1031= IFCREPRESENTATIONMAP(#10,#1030);
#1032= IFCMAPPEDITEM(#1031,#86);
#1033= IFCMAPPEDITEM(#1031,#91);
#1034= IFCMAPPEDITEM(#1031,#94);
#1035= IFCSHAPEREPRESENTATION(#12,'Body','MappedRepresentation',(#1032,#1033,#1034));
#1036= IFCSHAPEREPRESENTATION(#12,'Axis','MappedRepresentation',(#101,#102,#103));
#1037= IFCPRODUCTDEFINITIONSHAPE($,$,(#1035,#1036));
#1038= IFCMECHANICALFASTENER('2$UsRyGr51c9yiuzQ5sqP_',#44,'Bolt assembly',$,$,#1023,#1037,'IDbf7b66fc-4351-4198-9f2c-e3d685db467e',16.,40.);
#1039= IFCLOCALPLACEMENT(#42,#10);
#1040= IFCELEMENTASSEMBLY('1uN8BiNpr9HRTuRUuPogVA',#44,'BEAM',$,$,#1039,$,'B/674(?)',.NOTDEFINED.,.RIGID_FRAME.);
#1041= IFCPROPERTYSINGLEVALUE('AssemblyMark',$,IFCIDENTIFIER('B/674(?)'),$);
#1042= IFCPROPERTYSET('0Xb8$BGV56$f$oQTV$CX3C',#5,'AISC_EM11_Pset_AssemblyIdentification','AssemblyIdentity',(#1041,#52,#53));
#1043= IFCCARTESIANPOINT((67490.0000000021,19653.3745610174,60834.9981994629));
#1044= IFCAXIS2PLACEMENT3D(#1043,#675,#57);
#1045= IFCLOCALPLACEMENT(#1039,#1044);
#1046= IFCCARTESIANPOINT((0.,3.30082371382471,0.));
#1047= IFCAXIS2PLACEMENT3D(#1046,#8,#7);
#1048= IFCEXTRUDEDAREASOLID(#78,#1047,#9,8.);
#1049= IFCCARTESIANPOINT((0.,11.3008237138247,0.));
#1050= IFCAXIS2PLACEMENT3D(#1049,#8,#7);
#1051= IFCEXTRUDEDAREASOLID(#67,#1050,#9,13.);
#1052= IFCSHAPEREPRESENTATION(#12,'Body','SweptSolid',(#70,#77,#1048,#1051));
#1053= IFCREPRESENTATIONMAP(#10,#1052);
#1054= IFCMAPPEDITEM(#1053,#86);
#1055= IFCMAPPEDITEM(#1053,#91);
#1056= IFCMAPPEDITEM(#1053,#94);
#1057= IFCSHAPEREPRESENTATION(#12,'Body','MappedRepresentation',(#1054,#1055,#1056));
#1058= IFCSHAPEREPRESENTATION(#12,'Axis','MappedRepresentation',(#101,#102,#103));
#1059= IFCPRODUCTDEFINITIONSHAPE($,$,(#1057,#1058));
#1060= IFCMECHANICALFASTENER('3Rlf1jFlD90BARlV7U7HFC',#44,'Bolt assembly',$,$,#1045,#1059,'IDdbbe906d-3ef3-4900-b29b-bdf1de1d13cc',16.,40.);
#1061= IFCLOCALPLACEMENT(#42,#10);
#1062= IFCELEMENTASSEMBLY('0x4yB_RKLDfOsByWgGVT_f',#44,'BEAM',$,$,#1061,$,'B/658(?)',.NOTDEFINED.,.RIGID_FRAME.);
#1063= IFCPROPERTYSINGLEVALUE('AssemblyMark',$,IFCIDENTIFIER('B/658(?)'),$);
#1064= IFCPROPERTYSET('3FQ5ryzl9AgAhQsEr3v$Wb',#5,'AISC_EM11_Pset_AssemblyIdentification','AssemblyIdentity',(#1063,#52,#53));
#1065= IFCCARTESIANPOINT((67490.0000000021,18918.3749347386,60834.9981994629));
#1066= IFCAXIS2PLACEMENT3D(#1065,#675,#57);
#1067= IFCLOCALPLACEMENT(#1061,#1066);
#1068= IFCSHAPEREPRESENTATION(#12,'Body','MappedRepresentation',(#1010,#1011,#1012));
#1069= IFCSHAPEREPRESENTATION(#12,'Axis','MappedRepresentation',(#101,#102,#103));
#1070= IFCPRODUCTDEFINITIONSHAPE($,$,(#1068,#1069));
#1071= IFCMECHANICALFASTENER('0dPsNOhjfFhxOeqEneatlT',#44,'Bolt assembly',$,$,#1067,#1070,'ID276765d8-aeda-4faf-b628-d0ec68937bdd',16.,40.);
#1072= IFCLOCALPLACEMENT(#42,#10);
#1073= IFCELEMENTASSEMBLY('2CiJxnC990RBLJ7zpcp1M3',#44,'BEAM',$,$,#1072,$,'B/601(?)',.NOTDEFINED.,.RIGID_FRAME.);
#1074= IFCPROPERTYSINGLEVALUE('AssemblyMark',$,IFCIDENTIFIER('B/601(?)'),$);
#1075= IFCPROPERTYSET('39lzrmo0j4zRMteZBAfFTh',#5,'AISC_EM11_Pset_AssemblyIdentification','AssemblyIdentity',(#1074,#52,#53));
#1076= IFCCARTESIANPOINT((67490.0000000021,12840.1915276551,60849.9981994629));
#1077= IFCAXIS2PLACEMENT3D(#1076,#675,#57);
#1078= IFCLOCALPLACEMENT(#1072,#1077);
#1079= IFCCARTESIANPOINT((0.,3.10057950127241,0.));
#1080= IFCAXIS2PLACEMENT3D(#1079,#8,#7);
#1081= IFCEXTRUDEDAREASOLID(#78,#1080,#9,8.);
#1082= IFCCARTESIANPOINT((0.,11.1005795012724,0.));
#1083= IFCAXIS2PLACEMENT3D(#1082,#8,#7);
#1084= IFCEXTRUDEDAREASOLID(#67,#1083,#9,13.);
#1085= IFCSHAPEREPRESENTATION(#12,'Body','SweptSolid',(#70,#77,#1081,#1084));
#1086= IFCREPRESENTATIONMAP(#10,#1085);
#1087= IFCMAPPEDITEM(#1086,#86);
#1088= IFCMAPPEDITEM(#1086,#91);
#1089= IFCMAPPEDITEM(#1086,#94);
#1090= IFCSHAPEREPRESENTATION(#12,'Body','MappedRepresentation',(#1087,#1088,#1089));
#1091= IFCSHAPEREPRESENTATION(#12,'Axis','MappedRepresentation',(#101,#102,#103));
#1092= IFCPRODUCTDEFINITIONSHAPE($,$,(#1090,#1091));
#1093= IFCMECHANICALFASTENER('0jRwbhufT9nvhL3VDO_Byz',#44,'Bolt assembly',$,$,#1078,#1092,'ID2d6fa96b-e297-49c7-9ad5-0df358f8bf3d',16.,40.);
#1094= IFCLOCALPLACEMENT(#42,#10);
#1095= IFCELEMENTASSEMBLY('1eIhF$PBbFU9a706at$Yfh',#44,'BEAM',$,$,#1094,$,'B/602(?)',.NOTDEFINED.,.RIGID_FRAME.);
#1096= IFCPROPERTYSINGLEVALUE('AssemblyMark',$,IFCIDENTIFIER('B/602(?)'),$);
#1097= IFCPROPERTYSET('1CP0LggorAOvFJTbOGgQKv',#5,'AISC_EM11_Pset_AssemblyIdentification','AssemblyIdentity',(#1096,#52,#53));
#1098= IFCCARTESIANPOINT((67490.0000000021,9958.54742307393,60849.9981994629));
#1099= IFCAXIS2PLACEMENT3D(#1098,#675,#57);
#1100= IFCLOCALPLACEMENT(#1094,#1099);
#1101= IFCCARTESIANPOINT((0.,3.10088022092559,0.));
#1102= IFCAXIS2PLACEMENT3D(#1101,#8,#7);
#1103= IFCEXTRUDEDAREASOLID(#78,#1102,#9,8.);
#1104= IFCCARTESIANPOINT((0.,11.1008802209256,0.));
#1105= IFCAXIS2PLACEMENT3D(#1104,#8,#7);
#1106= IFCEXTRUDEDAREASOLID(#67,#1105,#9,13.);
#1107= IFCSHAPEREPRESENTATION(#12,'Body','SweptSolid',(#70,#77,#1103,#1106));
#1108= IFCREPRESENTATIONMAP(#10,#1107);
#1109= IFCMAPPEDITEM(#1108,#86);
#1110= IFCMAPPEDITEM(#1108,#91);
#1111= IFCMAPPEDITEM(#1108,#94);
#1112= IFCSHAPEREPRESENTATION(#12,'Body','MappedRepresentation',(#1109,#1110,#1111));
#1113= IFCSHAPEREPRESENTATION(#12,'Axis','MappedRepresentation',(#101,#102,#103));
#1114= IFCPRODUCTDEFINITIONSHAPE($,$,(#1112,#1113));
#1115= IFCMECHANICALFASTENER('37WoACmuDAPQvW2vPedDJN',#44,'Bolt assembly',$,$,#1100,#1114,'IDc783228c-c383-4a65-ae60-0b96689cd4d7',16.,40.);
#1116= IFCLOCALPLACEMENT(#42,#10);
#1117= IFCELEMENTASSEMBLY('3BrBC6NR19XB0oI0Gx3ygr',#44,'BEAM',$,$,#1116,$,'B/647(?)',.NOTDEFINED.,.RIGID_FRAME.);
#1118= IFCPROPERTYSINGLEVALUE('AssemblyMark',$,IFCIDENTIFIER('B/647(?)'),$);
#1119= IFCPROPERTYSET('3kmXjznbL8T9HJPaVgpQ$j',#5,'AISC_EM11_Pset_AssemblyIdentification','AssemblyIdentity',(#1118,#52,#53));
#1120= IFCCARTESIANPOINT((67490.0000000021,4219.50526440982,60849.9981994629));
#1121= IFCAXIS2PLACEMENT3D(#1120,#675,#57);
#1122= IFCLOCALPLACEMENT(#1116,#1121);
#1123= IFCCARTESIANPOINT((0.,3.0999999005453,0.));
#1124= IFCAXIS2PLACEMENT3D(#1123,#8,#7);
#1125= IFCEXTRUDEDAREASOLID(#78,#1124,#9,8.);
#1126= IFCCARTESIANPOINT((0.,11.0999999005453,0.));
#1127= IFCAXIS2PLACEMENT3D(#1126,#8,#7);
#1128= IFCEXTRUDEDAREASOLID(#67,#1127,#9,13.);
#1129= IFCSHAPEREPRESENTATION(#12,'Body','SweptSolid',(#70,#77,#1125,#1128));
#1130= IFCREPRESENTATIONMAP(#10,#1129);
#1131= IFCMAPPEDITEM(#1130,#86);
#1132= IFCMAPPEDITEM(#1130,#91);
#1133= IFCMAPPEDITEM(#1130,#94);
#1134= IFCSHAPEREPRESENTATION(#12,'Body','MappedRepresentation',(#1131,#1132,#1133));
#1135= IFCSHAPEREPRESENTATION(#12,'Axis','MappedRepresentation',(#101,#102,#103));
#1136= IFCPRODUCTDEFINITIONSHAPE($,$,(#1134,#1135));
#1137= IFCMECHANICALFASTENER('0s_Nvx_ALBl91rysSoTFQ7',#44,'Bolt assembly',$,$,#1122,#1136,'ID36f97e7b-f8a5-4bbc-9075-f3673274f687',16.,40.);
#1138= IFCLOCALPLACEMENT(#42,#10);
#1139= IFCELEMENTASSEMBLY('0huQEjttz1jOWoIyyVFC2N',#44,'BEAM',$,$,#1138,$,'B/648(?)',.NOTDEFINED.,.RIGID_FRAME.);
#1140= IFCPROPERTYSINGLEVALUE('AssemblyMark',$,IFCIDENTIFIER('B/648(?)'),$);
#1141= IFCPROPERTYSET('32amhhvX15pBcc4y4O1zT7',#5,'AISC_EM11_Pset_AssemblyIdentification','AssemblyIdentity',(#1140,#52,#53));
#1142= IFCCARTESIANPOINT((67490.0000000021,4689.50457776431,60849.9981994629));
#1143= IFCAXIS2PLACEMENT3D(#1142,#675,#57);
#1144= IFCLOCALPLACEMENT(#1138,#1143);
#1145= IFCSHAPEREPRESENTATION(#12,'Body','MappedRepresentation',(#1131,#1132,#1133));
#1146= IFCSHAPEREPRESENTATION(#12,'Axis','MappedRepresentation',(#101,#102,#103));
#1147= IFCPRODUCTDEFINITIONSHAPE($,$,(#1145,#1146));
#1148= IFCMECHANICALFASTENER('20l$Ml2QbEjfrb6VcBRK0F',#44,'Bolt assembly',$,$,#1144,#1147,'ID80bff5af-09a9-4eb6-9d65-19f98b6d400f',16.,40.);
#1149= IFCLOCALPLACEMENT(#42,#10);
#1150= IFCELEMENTASSEMBLY('1GKE_i9hL1yB4Xc0UCOqUk',#44,'BEAM',$,$,#1149,$,'B/658(?)',.NOTDEFINED.,.RIGID_FRAME.);
#1151= IFCCARTESIANPOINT((34509.9999999979,18912.1187845633,60834.9981994629));
#1152= IFCAXIS2PLACEMENT3D(#1151,#7,#57);
#1153= IFCLOCALPLACEMENT(#1149,#1152);
#1154= IFCSHAPEREPRESENTATION(#12,'Body','MappedRepresentation',(#645,#646,#647));
#1155= IFCSHAPEREPRESENTATION(#12,'Axis','MappedRepresentation',(#101,#102,#103));
#1156= IFCPRODUCTDEFINITIONSHAPE($,$,(#1154,#1155));
#1157= IFCMECHANICALFASTENER('0eXpnwP7189vZ5BjIR0ZTY',#44,'Bolt assembly',$,$,#1153,#1156,'ID28873c7a-6470-4827-98c5-2ed49b023762',16.,40.);
#1158= IFCLOCALPLACEMENT(#42,#10);
#1159= IFCELEMENTASSEMBLY('1W9cKlnm9BLh__pOL7FqUq',#44,'BEAM',$,$,#1158,$,'B/659(?)',.NOTDEFINED.,.RIGID_FRAME.);
#1160= IFCPROPERTYSINGLEVALUE('AssemblyMark',$,IFCIDENTIFIER('B/659(?)'),$);
#1161= IFCPROPERTYSET('0QtQDN$L5AKPsFb92uOO7R',#5,'AISC_EM11_Pset_AssemblyIdentification','AssemblyIdentity',(#1160,#52,#53));
#1162= IFCCARTESIANPOINT((34509.9999999979,19647.1193949148,60834.9981994629));
#1163= IFCAXIS2PLACEMENT3D(#1162,#7,#57);
#1164= IFCLOCALPLACEMENT(#1158,#1163);
#1165= IFCSHAPEREPRESENTATION(#12,'Body','MappedRepresentation',(#645,#646,#647));
#1166= IFCSHAPEREPRESENTATION(#12,'Axis','MappedRepresentation',(#101,#102,#103));
#1167= IFCPRODUCTDEFINITIONSHAPE($,$,(#1165,#1166));
#1168= IFCMECHANICALFASTENER('3zrHgVA$1BxQnYYr_zmnUM',#44,'Bolt assembly',$,$,#1164,#1167,'IDfdd51a9f-2bf0-4bed-ac62-8b5fbdc31796',16.,40.);
#1169= IFCLOCALPLACEMENT(#42,#10);
#1170= IFCELEMENTASSEMBLY('0xe1zRQ9jE0AcjsV871UsR',#44,'BEAM',$,$,#1169,$,'B/598(?)',.NOTDEFINED.,.RIGID_FRAME.);
#1171= IFCPROPERTYSINGLEVALUE('AssemblyMark',$,IFCIDENTIFIER('B/598(?)'),$);
#1172= IFCPROPERTYSET('1_IsFZhHzEzAg2c2NQZPOL',#5,'AISC_EM11_Pset_AssemblyIdentification','AssemblyIdentity',(#1171,#52,#53));
#1173= IFCCARTESIANPOINT((34509.9999999979,9958.49259843152,60849.9981994629));
#1174= IFCAXIS2PLACEMENT3D(#1173,#7,#57);
#1175= IFCLOCALPLACEMENT(#1169,#1174);
#1176= IFCCARTESIANPOINT((0.,3.1002939006722,0.));
#1177= IFCAXIS2PLACEMENT3D(#1176,#8,#7);
#1178= IFCEXTRUDEDAREASOLID(#78,#1177,#9,8.);
#1179= IFCCARTESIANPOINT((0.,11.1002939006722,0.));
#1180= IFCAXIS2PLACEMENT3D(#1179,#8,#7);
#1181= IFCEXTRUDEDAREASOLID(#67,#1180,#9,13.);
#1182= IFCSHAPEREPRESENTATION(#12,'Body','SweptSolid',(#70,#77,#1178,#1181));
#1183= IFCREPRESENTATIONMAP(#10,#1182);
#1184= IFCMAPPEDITEM(#1183,#86);
#1185= IFCMAPPEDITEM(#1183,#91);
#1186= IFCMAPPEDITEM(#1183,#94);
#1187= IFCSHAPEREPRESENTATION(#12,'Body','MappedRepresentation',(#1184,#1185,#1186));
#1188= IFCSHAPEREPRESENTATION(#12,'Axis','MappedRepresentation',(#101,#102,#103));
#1189= IFCPRODUCTDEFINITIONSHAPE($,$,(#1187,#1188));
#1190= IFCMECHANICALFASTENER('1SHAcmcVf2ZeWlPL$_ArDB',#44,'Bolt assembly',$,$,#1175,#1189,'ID5c44a9b0-99fa-428e-882f-655ffe2b534b',16.,40.);
#1191= IFCLOCALPLACEMENT(#42,#10);
#1192= IFCELEMENTASSEMBLY('2UTv$P2bD9SeGs0wENZ0cH',#44,'BEAM',$,$,#1191,$,'B/653(?)',.NOTDEFINED.,.RIGID_FRAME.);
#1193= IFCPROPERTYSINGLEVALUE('AssemblyMark',$,IFCIDENTIFIER('B/653(?)'),$);
#1194= IFCPROPERTYSET('3mt3YdNYb3KQidEAi90ccP',#5,'AISC_EM11_Pset_AssemblyIdentification','AssemblyIdentity',(#1193,#52,#53));
#1195= IFCCARTESIANPOINT((34509.9999999979,4689.44878782472,60849.9981994629));
#1196= IFCAXIS2PLACEMENT3D(#1195,#7,#57);
#1197= IFCLOCALPLACEMENT(#1191,#1196);
#1198= IFCSHAPEREPRESENTATION(#12,'Body','MappedRepresentation',(#1131,#1132,#1133));
#1199= IFCSHAPEREPRESENTATION(#12,'Axis','MappedRepresentation',(#101,#102,#103));
#1200= IFCPRODUCTDEFINITIONSHAPE($,$,(#1198,#1199));
#1201= IFCMECHANICALFASTENER('0ZhWNcxrL6Zux1wgZFjczz',#44,'Bolt assembly',$,$,#1197,#1200,'ID23ae05e6-ef55-468f-8ec1-eaa8cfb66f7d',16.,40.);
#1202= IFCLOCALPLACEMENT(#42,#10);
#1203= IFCELEMENTASSEMBLY('2jZgzbKn18ufU5lQRKnNy_',#44,'BEAM',$,$,#1202,$,'B/651(?)',.NOTDEFINED.,.RIGID_FRAME.);
#1204= IFCPROPERTYSINGLEVALUE('AssemblyMark',$,IFCIDENTIFIER('B/651(?)'),$);
#1205= IFCPROPERTYSET('1jk8rfglL9zAeGZPmwI0qq',#5,'AISC_EM11_Pset_AssemblyIdentification','AssemblyIdentity',(#1204,#52,#53));
#1206= IFCCARTESIANPOINT((34509.9999999979,4219.08660139283,60849.9981994629));
#1207= IFCAXIS2PLACEMENT3D(#1206,#7,#57);
#1208= IFCLOCALPLACEMENT(#1202,#1207);
#1209= IFCSHAPEREPRESENTATION(#12,'Body','MappedRepresentation',(#1131,#1132,#1133));
#1210= IFCSHAPEREPRESENTATION(#12,'Axis','MappedRepresentation',(#101,#102,#103));
#1211= IFCPRODUCTDEFINITIONSHAPE($,$,(#1209,#1210));
#1212= IFCMECHANICALFASTENER('0wxtxIJiv4Ygda9cicvUMQ',#44,'Bolt assembly',$,$,#1208,#1211,'ID3aef7ed2-4ece-448a-a9e4-266b26e5e59a',16.,40.);
#1213= IFCLOCALPLACEMENT(#42,#10);
#1214= IFCELEMENTASSEMBLY('06t2fPdXr9CgLxJ12$XGIX',#44,'BEAM',$,$,#1213,$,'B/1637(?)',.NOTDEFINED.,.REINFORCEMENT_UNIT.);
#1215= IFCPROPERTYSINGLEVALUE('AssemblyMark',$,IFCIDENTIFIER('B/1637(?)'),$);
#1216= IFCPROPERTYSET('1UzQupnT50jxk2UG0pNSjX',#5,'AISC_EM11_Pset_AssemblyIdentification','AssemblyIdentity',(#1215,#52,#53));
#1217= IFCCARTESIANPOINT((68000.0000000294,7870.13312430993,60375.));
#1218= IFCDIRECTION((0.99999999982296,-1.88169999966587E-05,0.));
#1219= IFCAXIS2PLACEMENT3D(#1217,#9,#1218);
#1220= IFCLOCALPLACEMENT(#1213,#1219);
#1221= IFCRECTANGLEPROFILEDEF(.AREA.,'950*1000',#73,1000.,950.);
#1222= IFCDIRECTION((3.3881317890172E-21,-1.,0.));
#1223= IFCCARTESIANPOINT((5200.03869426273,1.7618416404151E-17,0.));
#1224= IFCAXIS2PLACEMENT3D(#1223,#675,#1222);
#1225= IFCEXTRUDEDAREASOLID(#1221,#1224,#9,5200.04);
#1226= IFCSHAPEREPRESENTATION(#12,'Body','SweptSolid',(#1225));
#1227= IFCPRODUCTDEFINITIONSHAPE($,$,(#1226));
#1228= IFCBEAM('2Dy2NFXBr3oAm8cUoYrVap',#44,'main piece','950*1000','950*1000',#1220,#1227,'Hormig\S\sn_B-1/102(?)');
#1229= IFCPROPERTYSINGLEVALUE('PieceMark',$,IFCIDENTIFIER('BEAM'),$);
#1230= IFCPROPERTYSINGLEVALUE('IndicationMark',$,IFCIDENTIFIER('Hormig\S\sn_B-1/102(?)'),$);
#1231= IFCPROPERTYSINGLEVALUE('PrelimMark',$,IFCIDENTIFIER(''),$);
#1232= IFCPROPERTYSINGLEVALUE('MainPieceTag',$,IFCBOOLEAN(.T.),$);
#1233= IFCPROPERTYSET('2mH2otpwjDPPbSV7wdRGrn',#5,'AISC_EM11_Pset_PieceIdentification','PieceIdentity',(#1229,#1230,#1231,#1232));
#1234= IFCPROPERTYSINGLEVALUE('MaterialType',$,IFCIDENTIFIER('CONCRETE'),$);
#1235= IFCPROPERTYSINGLEVALUE('MaterialGrade',$,IFCIDENTIFIER('Concrete_Undefined'),$);
#1236= IFCPROPERTYSET('0Ouq0DnWH7PuI9HMKNJtVr',#5,'AISC_EM11_Pset_Material',$,(#1234,#1235));
#1237= IFCPROPERTYSINGLEVALUE('SkewedAngleY',$,IFCREAL(0.),$);
#1238= IFCPROPERTYSINGLEVALUE('SkewedAngleX',$,IFCREAL(0.),$);
#1239= IFCPROPERTYSET('3sKzy_bSzCUvVpYROg1Bve',#5,'AISC_EM11_Pset_SkewedEnd',$,(#1237,#1238));
#1240= IFCPROPERTYSET('2tkn9E_Sn3B9Iblov3ONTK',#5,'AISC_EM11_Pset_SkewedEnd_2',$,(#1237,#1238));
#1241= IFCMATERIAL('CONCRETE/Concrete_Undefined');
#1242= IFCLOCALPLACEMENT(#42,#10);
#1243= IFCELEMENTASSEMBLY('0DHqkss253sQa6mw_CtCEl',#44,'BEAM',$,$,#1242,$,'B/973(?)',.NOTDEFINED.,.REINFORCEMENT_UNIT.);
#1244= IFCPROPERTYSINGLEVALUE('AssemblyMark',$,IFCIDENTIFIER('B/973(?)'),$);
#1245= IFCPROPERTYSET('0VwL9xhSn9RAkCWMPJR1NJ',#5,'AISC_EM11_Pset_AssemblyIdentification','AssemblyIdentity',(#1244,#52,#53));
#1246= IFCCARTESIANPOINT((54800.2126434401,8625.20800541385,60375.));
#1247= IFCDIRECTION((0.998367880565365,-0.0571102009751373,0.));
#1248= IFCAXIS2PLACEMENT3D(#1246,#9,#1247);
#1249= IFCLOCALPLACEMENT(#1242,#1248);
#1250= IFCCARTESIANPOINT((13221.3662053227,-1.72724774618242E-12,7.27595761418343E-12));
#1251= IFCAXIS2PLACEMENT3D(#1250,#675,#1222);
#1252= IFCEXTRUDEDAREASOLID(#1221,#1251,#9,13221.37);
#1253= IFCSHAPEREPRESENTATION(#12,'Body','SweptSolid',(#1252));
#1254= IFCPRODUCTDEFINITIONSHAPE($,$,(#1253));
#1255= IFCBEAM('0vQh8hxvj8T9a3eNWKWOw2',#44,'main piece','950*1000','950*1000',#1249,#1254,'Hormig\S\sn_B-1/50(?)');
#1256= IFCPROPERTYSINGLEVALUE('IndicationMark',$,IFCIDENTIFIER('Hormig\S\sn_B-1/50(?)'),$);
#1257= IFCPROPERTYSET('1KHUajC9HFtwA2YD5LhU1l',#5,'AISC_EM11_Pset_PieceIdentification','PieceIdentity',(#1229,#1256,#1231,#1232));
#1258= IFCLOCALPLACEMENT(#42,#10);
#1259= IFCELEMENTASSEMBLY('1Ph79gQZH5IefU7KHBflHa',#44,'BEAM',$,$,#1258,$,'B/1638(?)',.NOTDEFINED.,.REINFORCEMENT_UNIT.);
#1260= IFCPROPERTYSINGLEVALUE('AssemblyMark',$,IFCIDENTIFIER('B/1638(?)'),$);
#1261= IFCPROPERTYSET('2r1GTWPgjDIxE7uzQzroDx',#5,'AISC_EM11_Pset_AssemblyIdentification','AssemblyIdentity',(#1260,#52,#53));
#1262= IFCCARTESIANPOINT((47186.3785805349,8613.72959691461,60375.));
#1263= IFCDIRECTION((0.999998863614195,0.00150757099941832,0.));
#1264= IFCAXIS2PLACEMENT3D(#1262,#9,#1263);
#1265= IFCLOCALPLACEMENT(#1258,#1264);
#1266= IFCCARTESIANPOINT((7613.842715168,-1.81733841458331E-12,7.27595761418343E-12));
#1267= IFCAXIS2PLACEMENT3D(#1266,#675,#1222);
#1268= IFCEXTRUDEDAREASOLID(#1221,#1267,#9,7613.84);
#1269= IFCSHAPEREPRESENTATION(#12,'Body','SweptSolid',(#1268));
#1270= IFCPRODUCTDEFINITIONSHAPE($,$,(#1269));
#1271= IFCBEAM('3K8mUN9OL749_$xejCAsKq',#44,'main piece','950*1000','950*1000',#1265,#1270,'Hormig\S\sn_B-1/103(?)');
#1272= IFCPROPERTYSINGLEVALUE('IndicationMark',$,IFCIDENTIFIER('Hormig\S\sn_B-1/103(?)'),$);
#1273= IFCPROPERTYSET('2lZoJYkOPBCPUrJFf_Lhbd',#5,'AISC_EM11_Pset_PieceIdentification','PieceIdentity',(#1229,#1272,#1231,#1232));
#1274= IFCLOCALPLACEMENT(#42,#10);
#1275= IFCELEMENTASSEMBLY('0dBSuKHzr8CvG7K8sErOZX',#44,'BEAM',$,$,#1274,$,'B/1635(?)',.NOTDEFINED.,.REINFORCEMENT_UNIT.);
#1276= IFCPROPERTYSINGLEVALUE('AssemblyMark',$,IFCIDENTIFIER('B/1635(?)'),$);
#1277= IFCPROPERTYSET('1fdsPVDD51ug6zctQ4hbzO',#5,'AISC_EM11_Pset_AssemblyIdentification','AssemblyIdentity',(#1276,#52,#53));
#1278= IFCCARTESIANPOINT((34186.3671368554,7895.65669918754,60375.));
#1279= IFCDIRECTION((0.998477956020056,0.0551522560011078,0.));
#1280= IFCAXIS2PLACEMENT3D(#1278,#9,#1279);
#1281= IFCLOCALPLACEMENT(#1274,#1280);
#1282= IFCCARTESIANPOINT((13019.8281948054,0.,-7.27595761418343E-12));
#1283= IFCAXIS2PLACEMENT3D(#1282,#675,#1222);
#1284= IFCEXTRUDEDAREASOLID(#1221,#1283,#9,13019.83);
#1285= IFCSHAPEREPRESENTATION(#12,'Body','SweptSolid',(#1284));
#1286= IFCPRODUCTDEFINITIONSHAPE($,$,(#1285));
#1287= IFCBEAM('1PrvnDpAL3QArrfzpjJ1tq',#44,'main piece','950*1000','950*1000',#1281,#1286,'Hormig\S\sn_B-1/100(?)');
#1288= IFCPROPERTYSINGLEVALUE('IndicationMark',$,IFCIDENTIFIER('Hormig\S\sn_B-1/100(?)'),$);
#1289= IFCPROPERTYSET('3iqkcBBQzEZxwzxD9eoUex',#5,'AISC_EM11_Pset_PieceIdentification','PieceIdentity',(#1229,#1288,#1231,#1232));
#1290= IFCLOCALPLACEMENT(#42,#10);
#1291= IFCELEMENTASSEMBLY('3o3BIY$790lvQ25f5bTXny',#44,'BEAM',$,$,#1290,$,'B/1637(?)',.NOTDEFINED.,.REINFORCEMENT_UNIT.);
#1292= IFCCARTESIANPOINT((68000.1943331306,17630.2586634211,60375.));
#1293= IFCAXIS2PLACEMENT3D(#1292,#9,#7);
#1294= IFCLOCALPLACEMENT(#1290,#1293);
#1295= IFCCARTESIANPOINT((5199.80621321799,0.,0.));
#1296= IFCAXIS2PLACEMENT3D(#1295,#675,#1222);
#1297= IFCEXTRUDEDAREASOLID(#1221,#1296,#9,5199.81);
#1298= IFCSHAPEREPRESENTATION(#12,'Body','SweptSolid',(#1297));
#1299= IFCPRODUCTDEFINITIONSHAPE($,$,(#1298));
#1300= IFCBEAM('0tauZIFZT5X9B5$1s7jPdA',#44,'main piece','950*1000','950*1000',#1294,#1299,'Hormig\S\sn_B-1/102(?)');
#1301= IFCLOCALPLACEMENT(#42,#10);
#1302= IFCELEMENTASSEMBLY('1Ip32PwqDER9sLw54AB6R3',#44,'BEAM',$,$,#1301,$,'B/973(?)',.NOTDEFINED.,.REINFORCEMENT_UNIT.);
#1303= IFCCARTESIANPOINT((54800.1973847896,16875.208005808,60375.));
#1304= IFCDIRECTION((0.998368036726822,0.0571074709843741,0.));
#1305= IFCAXIS2PLACEMENT3D(#1303,#9,#1304);
#1306= IFCLOCALPLACEMENT(#1301,#1305);
#1307= IFCCARTESIANPOINT((13221.5740716366,0.,0.));
#1308= IFCAXIS2PLACEMENT3D(#1307,#675,#1222);
#1309= IFCEXTRUDEDAREASOLID(#1221,#1308,#9,13221.57);
#1310= IFCSHAPEREPRESENTATION(#12,'Body','SweptSolid',(#1309));
#1311= IFCPRODUCTDEFINITIONSHAPE($,$,(#1310));
#1312= IFCBEAM('325JW46qvBBw2MkU8IxSSj',#44,'main piece','950*1000','950*1000',#1306,#1311,'Hormig\S\sn_B-1/50(?)');
#1313= IFCLOCALPLACEMENT(#42,#10);
#1314= IFCELEMENTASSEMBLY('3kw1o4ikX8zfNhRlElbZlu',#44,'BEAM',$,$,#1313,$,'B/1636(?)',.NOTDEFINED.,.REINFORCEMENT_UNIT.);
#1315= IFCPROPERTYSINGLEVALUE('AssemblyMark',$,IFCIDENTIFIER('B/1636(?)'),$);
#1316= IFCPROPERTYSET('3j6XdeJeXAKvMjKZEvU$a0',#5,'AISC_EM11_Pset_AssemblyIdentification','AssemblyIdentity',(#1315,#52,#53));
#1317= IFCCARTESIANPOINT((47193.4540590146,16887.7520142025,60375.));
#1318= IFCDIRECTION((0.999998640296335,-0.00164906200048849,0.));
#1319= IFCAXIS2PLACEMENT3D(#1317,#9,#1318);
#1320= IFCLOCALPLACEMENT(#1313,#1319);
#1321= IFCCARTESIANPOINT((7606.75366870573,0.,-7.27595761418343E-12));
#1322= IFCAXIS2PLACEMENT3D(#1321,#675,#1222);
#1323= IFCEXTRUDEDAREASOLID(#1221,#1322,#9,7606.75);
#1324= IFCSHAPEREPRESENTATION(#12,'Body','SweptSolid',(#1323));
#1325= IFCPRODUCTDEFINITIONSHAPE($,$,(#1324));
#1326= IFCBEAM('3saGIvd4v7TeLLnGhWKa8g',#44,'main piece','950*1000','950*1000',#1320,#1325,'Hormig\S\sn_B-1/101(?)');
#1327= IFCPROPERTYSINGLEVALUE('IndicationMark',$,IFCIDENTIFIER('Hormig\S\sn_B-1/101(?)'),$);
#1328= IFCPROPERTYSET('1clhIU5Uv4SxtuJ2WIQyyJ',#5,'AISC_EM11_Pset_PieceIdentification','PieceIdentity',(#1229,#1327,#1231,#1232));
#1329= IFCLOCALPLACEMENT(#42,#10);
#1330= IFCELEMENTASSEMBLY('14PS$B26PCLxqeM$aSq2KQ',#44,'BEAM',$,$,#1329,$,'B/1635(?)',.NOTDEFINED.,.REINFORCEMENT_UNIT.);
#1331= IFCCARTESIANPOINT((34193.4540593282,17607.3393449671,60375.));
#1332= IFCDIRECTION((0.998471541237587,-0.0552682670131512,0.));
#1333= IFCAXIS2PLACEMENT3D(#1331,#9,#1332);
#1334= IFCLOCALPLACEMENT(#1329,#1333);
#1335= IFCCARTESIANPOINT((13019.9003805115,0.,7.27595761418343E-12));
#1336= IFCAXIS2PLACEMENT3D(#1335,#675,#1222);
#1337= IFCEXTRUDEDAREASOLID(#1221,#1336,#9,13019.9);
#1338= IFCSHAPEREPRESENTATION(#12,'Body','SweptSolid',(#1337));
#1339= IFCPRODUCTDEFINITIONSHAPE($,$,(#1338));
#1340= IFCBEAM('2c$MSb0PvA89e3okLq0A6m',#44,'main piece','950*1000','950*1000',#1334,#1339,'Hormig\S\sn_B-1/100(?)');
#1341= IFCLOCALPLACEMENT(#42,#10);
#1342= IFCELEMENTASSEMBLY('2BNK$A1uL04hw3UBTHYowh',#44,'BEAM',$,$,#1341,$,'B/1634(?)',.NOTDEFINED.,.REINFORCEMENT_UNIT.);
#1343= IFCPROPERTYSINGLEVALUE('AssemblyMark',$,IFCIDENTIFIER('B/1634(?)'),$);
#1344= IFCPROPERTYSET('3rHcy9FGj0dOUOC0uKnrXj',#5,'AISC_EM11_Pset_AssemblyIdentification','AssemblyIdentity',(#1343,#52,#53));
#1345= IFCCARTESIANPOINT((28799.9646881943,7870.16115989824,60375.));
#1346= IFCDIRECTION((0.999999999986656,5.16599999985267E-06,0.));
#1347= IFCAXIS2PLACEMENT3D(#1345,#9,#1346);
#1348= IFCLOCALPLACEMENT(#1341,#1347);
#1349= IFCCARTESIANPOINT((4800.03531185816,0.,0.));
#1350= IFCAXIS2PLACEMENT3D(#1349,#675,#1222);
#1351= IFCEXTRUDEDAREASOLID(#1221,#1350,#9,4800.04);
#1352= IFCSHAPEREPRESENTATION(#12,'Body','SweptSolid',(#1351));
#1353= IFCPRODUCTDEFINITIONSHAPE($,$,(#1352));
#1354= IFCBEAM('3LCaCKaWzETeSmbJ7AsZ4u',#44,'main piece','950*1000','950*1000',#1348,#1353,'Hormig\S\sn_B-1/99(?)');
#1355= IFCPROPERTYSINGLEVALUE('IndicationMark',$,IFCIDENTIFIER('Hormig\S\sn_B-1/99(?)'),$);
#1356= IFCPROPERTYSET('3aKteouzL8aPb_G0waWC44',#5,'AISC_EM11_Pset_PieceIdentification','PieceIdentity',(#1229,#1355,#1231,#1232));
#1357= IFCLOCALPLACEMENT(#42,#10);
#1358= IFCELEMENTASSEMBLY('1KzTMZ4lP1mO5HQv_CssiR',#44,'BEAM',$,$,#1357,$,'B/1634(?)',.NOTDEFINED.,.REINFORCEMENT_UNIT.);
#1359= IFCCARTESIANPOINT((28799.9990204697,17630.1766475691,60375.));
#1360= IFCDIRECTION((0.999999999998026,1.98699999979044E-06,0.));
#1361= IFCAXIS2PLACEMENT3D(#1359,#9,#1360);
#1362= IFCLOCALPLACEMENT(#1357,#1361);
#1363= IFCCARTESIANPOINT((4800.00097952382,0.,7.27595761418343E-12));
#1364= IFCAXIS2PLACEMENT3D(#1363,#675,#1222);
#1365= IFCEXTRUDEDAREASOLID(#1221,#1364,#9,4800.);
#1366= IFCSHAPEREPRESENTATION(#12,'Body','SweptSolid',(#1365));
#1367= IFCPRODUCTDEFINITIONSHAPE($,$,(#1366));
#1368= IFCBEAM('3pOQaBVD96r8etmBeRmbXD',#44,'main piece','950*1000','950*1000',#1362,#1367,'Hormig\S\sn_B-1/99(?)');
#1369= IFCLOCALPLACEMENT(#42,#10);
#1370= IFCELEMENTASSEMBLY('0X1v0LzVD3qvl31Q_PYzgw',#44,'BEAM',$,$,#1369,$,'B/1633(?)',.NOTDEFINED.,.REINFORCEMENT_UNIT.);
#1371= IFCPROPERTYSINGLEVALUE('AssemblyMark',$,IFCIDENTIFIER('B/1633(?)'),$);
#1372= IFCPROPERTYSET('2UhT3Zd850Qghfu1H8JBzV',#5,'AISC_EM11_Pset_AssemblyIdentification','AssemblyIdentity',(#1371,#52,#53));
#1373= IFCCARTESIANPOINT((23099.9971588398,-945.846081267868,60375.));
#1374= IFCAXIS2PLACEMENT3D(#1373,#9,#7);
#1375= IFCLOCALPLACEMENT(#1369,#1374);
#1376= IFCRECTANGLEPROFILEDEF(.AREA.,'950*300',#73,300.,950.);
#1377= IFCCARTESIANPOINT((55800.2292175869,0.,0.));
#1378= IFCAXIS2PLACEMENT3D(#1377,#675,#1222);
#1379= IFCEXTRUDEDAREASOLID(#1376,#1378,#9,55800.23);
#1380= IFCSHAPEREPRESENTATION(#12,'Body','SweptSolid',(#1379));
#1381= IFCPRODUCTDEFINITIONSHAPE($,$,(#1380));
#1382= IFCBEAM('1YIK1awE53RxOpgIUDcXQ5',#44,'main piece','950*300','950*300',#1375,#1381,'Hormig\S\sn_B-1/98(?)');
#1383= IFCPROPERTYSINGLEVALUE('IndicationMark',$,IFCIDENTIFIER('Hormig\S\sn_B-1/98(?)'),$);
#1384= IFCPROPERTYSET('0bbK4326z22BVt6ZAf7RwF',#5,'AISC_EM11_Pset_PieceIdentification','PieceIdentity',(#1229,#1383,#1231,#1232));
#1385= IFCLOCALPLACEMENT(#42,#10);
#1386= IFCELEMENTASSEMBLY('1qRq1oJ1jDMR9eyPpLu9E3',#44,'BEAM',$,$,#1385,$,'B/1633(?)',.NOTDEFINED.,.REINFORCEMENT_UNIT.);
#1387= IFCCARTESIANPOINT((23099.9982575302,26445.951192102,60375.));
#1388= IFCAXIS2PLACEMENT3D(#1387,#9,#7);
#1389= IFCLOCALPLACEMENT(#1385,#1388);
#1390= IFCCARTESIANPOINT((55800.1826796556,0.,-7.27595761418343E-12));
#1391= IFCAXIS2PLACEMENT3D(#1390,#675,#1222);
#1392= IFCEXTRUDEDAREASOLID(#1376,#1391,#9,55800.18);
#1393= IFCSHAPEREPRESENTATION(#12,'Body','SweptSolid',(#1392));
#1394= IFCPRODUCTDEFINITIONSHAPE($,$,(#1393));
#1395= IFCBEAM('23K8xB7Yf0_wDuQo3fschE',#44,'main piece','950*300','950*300',#1389,#1394,'Hormig\S\sn_B-1/98(?)');
#1396= IFCLOCALPLACEMENT(#42,#10);
#1397= IFCELEMENTASSEMBLY('0yLqMrwL13agKgQLWClXVV',#44,'BEAM',$,$,#1396,$,'B/1632(?)',.NOTDEFINED.,.REINFORCEMENT_UNIT.);
#1398= IFCPROPERTYSINGLEVALUE('AssemblyMark',$,IFCIDENTIFIER('B/1632(?)'),$);
#1399= IFCPROPERTYSET('1J4HyvDY9CmgChruXHJL5g',#5,'AISC_EM11_Pset_AssemblyIdentification','AssemblyIdentity',(#1398,#52,#53));
#1400= IFCCARTESIANPOINT((78800.1819196869,-795.846081267868,60375.));
#1401= IFCAXIS2PLACEMENT3D(#1400,#9,#8);
#1402= IFCLOCALPLACEMENT(#1396,#1401);
#1403= IFCRECTANGLEPROFILEDEF(.AREA.,'950*200',#73,200.,950.);
#1404= IFCCARTESIANPOINT((27091.797718967,0.,7.27595761418343E-12));
#1405= IFCAXIS2PLACEMENT3D(#1404,#675,#1222);
#1406= IFCEXTRUDEDAREASOLID(#1403,#1405,#9,27091.8);
#1407= IFCSHAPEREPRESENTATION(#12,'Body','SweptSolid',(#1406));
#1408= IFCPRODUCTDEFINITIONSHAPE($,$,(#1407));
#1409= IFCBEAM('2zMZnPtIH05geGAjwP_Bod',#44,'main piece','950*200','950*200',#1402,#1408,'Hormig\S\sn_B-1/97(?)');
#1410= IFCPROPERTYSINGLEVALUE('IndicationMark',$,IFCIDENTIFIER('Hormig\S\sn_B-1/97(?)'),$);
#1411= IFCPROPERTYSET('2hOWoAAP9FFfalxHIG6Kvh',#5,'AISC_EM11_Pset_PieceIdentification','PieceIdentity',(#1229,#1410,#1231,#1232));
#1412= IFCLOCALPLACEMENT(#42,#10);
#1413= IFCELEMENTASSEMBLY('3fk7QdaovDvfZkoB4YlF1R',#44,'BEAM',$,$,#1412,$,'B/1632(?)',.NOTDEFINED.,.REINFORCEMENT_UNIT.);
#1414= IFCCARTESIANPOINT((23199.9971635294,-795.846081267868,60375.));
#1415= IFCAXIS2PLACEMENT3D(#1414,#9,#8);
#1416= IFCLOCALPLACEMENT(#1412,#1415);
#1417= IFCCARTESIANPOINT((27091.7972733702,0.,1.45519152283669E-11));
#1418= IFCAXIS2PLACEMENT3D(#1417,#675,#1222);
#1419= IFCEXTRUDEDAREASOLID(#1403,#1418,#9,27091.8);
#1420= IFCSHAPEREPRESENTATION(#12,'Body','SweptSolid',(#1419));
#1421= IFCPRODUCTDEFINITIONSHAPE($,$,(#1420));
#1422= IFCBEAM('1XRY6bqJf0o9yGUYOVAZGI',#44,'main piece','950*200','950*200',#1416,#1421,'Hormig\S\sn_B-1/97(?)');
#1423= IFCLOCALPLACEMENT(#42,#10);
#1424= IFCELEMENTASSEMBLY('01nWECxwL5BPFtcd4qyTNH',#44,'BEAM',$,$,#1423,$,'B/1631(?)',.NOTDEFINED.,.REINFORCEMENT_UNIT.);
#1425= IFCPROPERTYSINGLEVALUE('AssemblyMark',$,IFCIDENTIFIER('B/1631(?)'),$);
#1426= IFCPROPERTYSET('15C2_rxzLA1O$OKsuEXFtJ',#5,'AISC_EM11_Pset_AssemblyIdentification','AssemblyIdentity',(#1425,#52,#53));
#1427= IFCCARTESIANPOINT((78700.0366210938,8120.17260399004,60375.));
#1428= IFCAXIS2PLACEMENT3D(#1427,#9,#675);
#1429= IFCLOCALPLACEMENT(#1423,#1428);
#1430= IFCRECTANGLEPROFILEDEF(.AREA.,'950*500',#73,500.,950.);
#1431= IFCCARTESIANPOINT((1800.00097953032,0.,0.));
#1432= IFCAXIS2PLACEMENT3D(#1431,#675,#1222);
#1433= IFCEXTRUDEDAREASOLID(#1430,#1432,#9,1800.);
#1434= IFCSHAPEREPRESENTATION(#12,'Body','SweptSolid',(#1433));
#1435= IFCPRODUCTDEFINITIONSHAPE($,$,(#1434));
#1436= IFCBEAM('0OLbSfe594Rvnnwf1JZ1qG',#44,'main piece','950*500','950*500',#1429,#1435,'Hormig\S\sn_B-1/96(?)');
#1437= IFCPROPERTYSINGLEVALUE('IndicationMark',$,IFCIDENTIFIER('Hormig\S\sn_B-1/96(?)'),$);
#1438= IFCPROPERTYSET('16u0qfXOf0OfbA2KHg$o1N',#5,'AISC_EM11_Pset_PieceIdentification','PieceIdentity',(#1229,#1437,#1231,#1232));
#1439= IFCLOCALPLACEMENT(#42,#10);
#1440= IFCELEMENTASSEMBLY('3McKxP7hnAH82r0DuCbh8t',#44,'BEAM',$,$,#1439,$,'B/1631(?)',.NOTDEFINED.,.REINFORCEMENT_UNIT.);
#1441= IFCCARTESIANPOINT((78700.0366210938,17382.5760921492,60375.));
#1442= IFCAXIS2PLACEMENT3D(#1441,#9,#675);
#1443= IFCLOCALPLACEMENT(#1439,#1442);
#1444= IFCSHAPEREPRESENTATION(#12,'Body','SweptSolid',(#1433));
#1445= IFCPRODUCTDEFINITIONSHAPE($,$,(#1444));
#1446= IFCBEAM('3zSD5lvav0bO4ZBwkt51Tj',#44,'main piece','950*500','950*500',#1443,#1445,'Hormig\S\sn_B-1/96(?)');
#1447= IFCLOCALPLACEMENT(#42,#10);
#1448= IFCELEMENTASSEMBLY('2wPpH6PZD198VnOVBg5Gw0',#44,'BEAM',$,$,#1447,$,'B/1631(?)',.NOTDEFINED.,.REINFORCEMENT_UNIT.);
#1449= IFCCARTESIANPOINT((25100.,8120.17260399004,60375.));
#1450= IFCAXIS2PLACEMENT3D(#1449,#9,#675);
#1451= IFCLOCALPLACEMENT(#1447,#1450);
#1452= IFCSHAPEREPRESENTATION(#12,'Body','SweptSolid',(#1433));
#1453= IFCPRODUCTDEFINITIONSHAPE($,$,(#1452));
#1454= IFCBEAM('0KxOdo9i18swAiuF1kuu0G',#44,'main piece','950*500','950*500',#1451,#1453,'Hormig\S\sn_B-1/96(?)');
#1455= IFCLOCALPLACEMENT(#42,#10);
#1456= IFCELEMENTASSEMBLY('2JJoR3ptfCsxQDBrqYVoAl',#44,'BEAM',$,$,#1455,$,'B/1631(?)',.NOTDEFINED.,.REINFORCEMENT_UNIT.);
#1457= IFCCARTESIANPOINT((25100.,17382.5760921492,60375.));
#1458= IFCAXIS2PLACEMENT3D(#1457,#9,#675);
#1459= IFCLOCALPLACEMENT(#1455,#1458);
#1460= IFCSHAPEREPRESENTATION(#12,'Body','SweptSolid',(#1433));
#1461= IFCPRODUCTDEFINITIONSHAPE($,$,(#1460));
#1462= IFCBEAM('0uNEQMU99E1veiUDhfsgoq',#44,'main piece','950*500','950*500',#1459,#1461,'Hormig\S\sn_B-1/96(?)');
#1463= IFCLOCALPLACEMENT(#42,#10);
#1464= IFCELEMENTASSEMBLY('2hhIzJCAD7Xuxc03DCT8oY',#44,'BEAM',$,$,#1463,$,'B/1536(?)',.NOTDEFINED.,.REINFORCEMENT_UNIT.);
#1465= IFCPROPERTYSINGLEVALUE('AssemblyMark',$,IFCIDENTIFIER('B/1536(?)'),$);
#1466= IFCPROPERTYSET('2YIXF8q858EOvVQawkb2Zh',#5,'AISC_EM11_Pset_AssemblyIdentification','AssemblyIdentity',(#1465,#52,#53));
#1467= IFCCARTESIANPOINT((23099.9982575302,0.,60375.));
#1468= IFCAXIS2PLACEMENT3D(#1467,#9,#1360);
#1469= IFCLOCALPLACEMENT(#1463,#1468);
#1470= IFCCARTESIANPOINT((55800.1847487086,0.,-7.27595761418343E-12));
#1471= IFCAXIS2PLACEMENT3D(#1470,#675,#1222);
#1472= IFCEXTRUDEDAREASOLID(#1221,#1471,#9,55800.18);
#1473= IFCSHAPEREPRESENTATION(#12,'Body','SweptSolid',(#1472));
#1474= IFCPRODUCTDEFINITIONSHAPE($,$,(#1473));
#1475= IFCBEAM('3DdRHTRrf6LOwpxvzq96LU',#44,'main piece','950*1000','950*1000',#1469,#1474,'Hormig\S\sn_B-1/83(?)');
#1476= IFCPROPERTYSINGLEVALUE('IndicationMark',$,IFCIDENTIFIER('Hormig\S\sn_B-1/83(?)'),$);
#1477= IFCPROPERTYSET('0$HTYlUN90dx0pUJeWPQQH',#5,'AISC_EM11_Pset_PieceIdentification','PieceIdentity',(#1229,#1476,#1231,#1232));
#1478= IFCLOCALPLACEMENT(#42,#10);
#1479= IFCELEMENTASSEMBLY('1K7Is6UV1BO8ffA0O_S4UE',#44,'BEAM',$,$,#1478,$,'B/1536(?)',.NOTDEFINED.,.REINFORCEMENT_UNIT.);
#1480= IFCCARTESIANPOINT((23099.9982575302,25500.,60375.));
#1481= IFCAXIS2PLACEMENT3D(#1480,#9,#1360);
#1482= IFCLOCALPLACEMENT(#1478,#1481);
#1483= IFCSHAPEREPRESENTATION(#12,'Body','SweptSolid',(#1472));
#1484= IFCPRODUCTDEFINITIONSHAPE($,$,(#1483));
#1485= IFCBEAM('3ti0ZZH_L0zPtqEbgM_$lw',#44,'main piece','950*1000','950*1000',#1482,#1484,'Hormig\S\sn_B-1/83(?)');
#1486= IFCLOCALPLACEMENT(#42,#10);
#1487= IFCELEMENTASSEMBLY('1ccgeFH3zFPfMR4$hRqovd',#44,'BEAM',$,$,#1486,$,'B/1628(?)',.NOTDEFINED.,.REINFORCEMENT_UNIT.);
#1488= IFCPROPERTYSINGLEVALUE('AssemblyMark',$,IFCIDENTIFIER('B/1628(?)'),$);
#1489= IFCPROPERTYSET('2lCIpMsqz5ygrIR6LUMFPq',#5,'AISC_EM11_Pset_AssemblyIdentification','AssemblyIdentity',(#1488,#52,#53));
#1490= IFCCARTESIANPOINT((76500.,-795.846081267868,60375.));
#1491= IFCAXIS2PLACEMENT3D(#1490,#9,#8);
#1492= IFCLOCALPLACEMENT(#1486,#1491);
#1493= IFCRECTANGLEPROFILEDEF(.AREA.,'950*800',#73,800.,950.);
#1494= IFCEXTRUDEDAREASOLID(#1493,#1418,#9,27091.8);
#1495= IFCSHAPEREPRESENTATION(#12,'Body','SweptSolid',(#1494));
#1496= IFCPRODUCTDEFINITIONSHAPE($,$,(#1495));
#1497= IFCBEAM('1brZ5ob6rB18_mTjp1C5Xd',#44,'main piece','950*800','950*800',#1492,#1496,'Hormig\S\sn_B-1/93(?)');
#1498= IFCPROPERTYSINGLEVALUE('IndicationMark',$,IFCIDENTIFIER('Hormig\S\sn_B-1/93(?)'),$);
#1499= IFCPROPERTYSET('0ALOeIxqT8ghZMSHedwvt1',#5,'AISC_EM11_Pset_PieceIdentification','PieceIdentity',(#1229,#1498,#1231,#1232));
#1500= IFCLOCALPLACEMENT(#42,#10);
#1501= IFCELEMENTASSEMBLY('25m1VqDuv9GhmfLJr1Wnhw',#44,'BEAM',$,$,#1500,$,'B/1628(?)',.NOTDEFINED.,.REINFORCEMENT_UNIT.);
#1502= IFCCARTESIANPOINT((68000.,-795.846081267868,60375.));
#1503= IFCAXIS2PLACEMENT3D(#1502,#9,#8);
#1504= IFCLOCALPLACEMENT(#1500,#1503);
#1505= IFCSHAPEREPRESENTATION(#12,'Body','SweptSolid',(#1494));
#1506= IFCPRODUCTDEFINITIONSHAPE($,$,(#1505));
#1507= IFCBEAM('1YGT9Cm5XE4vngxKO6tOcD',#44,'main piece','950*800','950*800',#1504,#1506,'Hormig\S\sn_B-1/93(?)');
#1508= IFCLOCALPLACEMENT(#42,#10);
#1509= IFCELEMENTASSEMBLY('13r9gz6iP0Rf5xnYW8Unkq',#44,'BEAM',$,$,#1508,$,'B/1630(?)',.NOTDEFINED.,.REINFORCEMENT_UNIT.);
#1510= IFCPROPERTYSINGLEVALUE('AssemblyMark',$,IFCIDENTIFIER('B/1630(?)'),$);
#1511= IFCPROPERTYSET('1YTtT9HIr4tgKfL_1LM$eE',#5,'AISC_EM11_Pset_AssemblyIdentification','AssemblyIdentity',(#1510,#52,#53));
#1512= IFCCARTESIANPOINT((59500.,-795.846081267868,60375.));
#1513= IFCAXIS2PLACEMENT3D(#1512,#9,#8);
#1514= IFCLOCALPLACEMENT(#1508,#1513);
#1515= IFCRECTANGLEPROFILEDEF(.AREA.,'950*600',#73,600.,950.);
#1516= IFCEXTRUDEDAREASOLID(#1515,#1418,#9,27091.8);
#1517= IFCSHAPEREPRESENTATION(#12,'Body','SweptSolid',(#1516));
#1518= IFCPRODUCTDEFINITIONSHAPE($,$,(#1517));
#1519= IFCBEAM('051OH_pL91HPE82o2WtwJo',#44,'main piece','950*600','950*600',#1514,#1518,'Hormig\S\sn_B-1/95(?)');
#1520= IFCPROPERTYSINGLEVALUE('IndicationMark',$,IFCIDENTIFIER('Hormig\S\sn_B-1/95(?)'),$);
#1521= IFCPROPERTYSET('1l_mQ3xfH7tej1iISkL0MD',#5,'AISC_EM11_Pset_PieceIdentification','PieceIdentity',(#1229,#1520,#1231,#1232));
#1522= IFCLOCALPLACEMENT(#42,#10);
#1523= IFCELEMENTASSEMBLY('1VDULexdv9iPYBh1l8gBb$',#44,'BEAM',$,$,#1522,$,'B/1628(?)',.NOTDEFINED.,.REINFORCEMENT_UNIT.);
#1524= IFCCARTESIANPOINT((51000.,-795.846081267868,60375.));
#1525= IFCDIRECTION((3.38800000009482E-06,0.999999999994261,0.));
#1526= IFCAXIS2PLACEMENT3D(#1524,#9,#1525);
#1527= IFCLOCALPLACEMENT(#1522,#1526);
#1528= IFCSHAPEREPRESENTATION(#12,'Body','SweptSolid',(#1494));
#1529= IFCPRODUCTDEFINITIONSHAPE($,$,(#1528));
#1530= IFCBEAM('3OPkJO$EX9DuCCHrswjZLm',#44,'main piece','950*800','950*800',#1527,#1529,'Hormig\S\sn_B-1/93(?)');
#1531= IFCLOCALPLACEMENT(#42,#10);
#1532= IFCELEMENTASSEMBLY('3ylGVGmbr9rfiTDduaR41p',#44,'BEAM',$,$,#1531,$,'B/1630(?)',.NOTDEFINED.,.REINFORCEMENT_UNIT.);
#1533= IFCCARTESIANPOINT((42500.,-795.846081267868,60375.));
#1534= IFCAXIS2PLACEMENT3D(#1533,#9,#8);
#1535= IFCLOCALPLACEMENT(#1531,#1534);
#1536= IFCSHAPEREPRESENTATION(#12,'Body','SweptSolid',(#1516));
#1537= IFCPRODUCTDEFINITIONSHAPE($,$,(#1536));
#1538= IFCBEAM('3X2WpLO3n3oQdiiJ3_grNr',#44,'main piece','950*600','950*600',#1535,#1537,'Hormig\S\sn_B-1/95(?)');
#1539= IFCLOCALPLACEMENT(#42,#10);
#1540= IFCELEMENTASSEMBLY('38xR3Xk7f5zxaNPlv2gipk',#44,'BEAM',$,$,#1539,$,'B/1629(?)',.NOTDEFINED.,.REINFORCEMENT_UNIT.);
#1541= IFCPROPERTYSINGLEVALUE('AssemblyMark',$,IFCIDENTIFIER('B/1629(?)'),$);
#1542= IFCPROPERTYSET('0lXYe4iOD7y8B9pK5ly0mo',#5,'AISC_EM11_Pset_AssemblyIdentification','AssemblyIdentity',(#1541,#52,#53));
#1543= IFCCARTESIANPOINT((34000.,-795.846081267868,60375.));
#1544= IFCAXIS2PLACEMENT3D(#1543,#9,#8);
#1545= IFCLOCALPLACEMENT(#1539,#1544);
#1546= IFCCARTESIANPOINT((26295.951192102,0.,0.));
#1547= IFCAXIS2PLACEMENT3D(#1546,#675,#1222);
#1548= IFCEXTRUDEDAREASOLID(#1493,#1547,#9,26295.95);
#1549= IFCSHAPEREPRESENTATION(#12,'Body','SweptSolid',(#1548));
#1550= IFCPRODUCTDEFINITIONSHAPE($,$,(#1549));
#1551= IFCBEAM('2FLmGd84P3VvAog0tow$9q',#44,'main piece','950*800','950*800',#1545,#1550,'Hormig\S\sn_B-1/94(?)');
#1552= IFCPROPERTYSINGLEVALUE('IndicationMark',$,IFCIDENTIFIER('Hormig\S\sn_B-1/94(?)'),$);
#1553= IFCPROPERTYSET('0uP5SMp2rFXObr3jnOV_tT',#5,'AISC_EM11_Pset_PieceIdentification','PieceIdentity',(#1229,#1552,#1231,#1232));
#1554= IFCLOCALPLACEMENT(#42,#10);
#1555= IFCELEMENTASSEMBLY('1xsMEPzqrFof58z324dP2Y',#44,'BEAM',$,$,#1554,$,'B/1628(?)',.NOTDEFINED.,.REINFORCEMENT_UNIT.);
#1556= IFCCARTESIANPOINT((25500.,-795.846081267868,60375.));
#1557= IFCAXIS2PLACEMENT3D(#1556,#9,#8);
#1558= IFCLOCALPLACEMENT(#1554,#1557);
#1559= IFCSHAPEREPRESENTATION(#12,'Body','SweptSolid',(#1494));
#1560= IFCPRODUCTDEFINITIONSHAPE($,$,(#1559));
#1561= IFCBEAM('3WSsTFeI13IOvr7vO$llBp',#44,'main piece','950*800','950*800',#1558,#1560,'Hormig\S\sn_B-1/93(?)');
#1562= IFCOWNERHISTORY(#3,#4,$,.NOCHANGE.,$,$,$,1779130800);
#1563= IFCLOCALPLACEMENT(#42,#10);
#1564= IFCELEMENTASSEMBLY('2Wsbwge0f49wHnmOcxWOFf',#1562,'COLUMN',$,$,#1563,$,'C/33',.NOTDEFINED.,.REINFORCEMENT_UNIT.);
#1565= IFCPROPERTYSINGLEVALUE('AssemblyMark',$,IFCIDENTIFIER('C/33'),$);
#1566= IFCPROPERTYSET('1M3xu4NOz2j98sPYzbHYd2',#5,'AISC_EM11_Pset_AssemblyIdentification','AssemblyIdentity',(#1565,#52,#53));
#1567= IFCCARTESIANPOINT((76500.,25500.,60850.));
#1568= IFCAXIS2PLACEMENT3D(#1567,#9,#8);
#1569= IFCLOCALPLACEMENT(#1563,#1568);
#1570= IFCCIRCLEPROFILEDEF(.AREA.,'D1100',#73,550.);
#1571= IFCCARTESIANPOINT((0.,0.,4000.));
#1572= IFCAXIS2PLACEMENT3D(#1571,#57,#8);
#1573= IFCEXTRUDEDAREASOLID(#1570,#1572,#9,4000.);
#1574= IFCSHAPEREPRESENTATION(#12,'Body','SweptSolid',(#1573));
#1575= IFCPRODUCTDEFINITIONSHAPE($,$,(#1574));
#1576= IFCCOLUMN('0C0Cqh4fD2HxEc_j6E2O2O',#1562,'main piece','D1100','D1100',#1569,#1575,'Hormig\S\sn_C-1/8');
#1577= IFCPROPERTYSINGLEVALUE('PieceMark',$,IFCIDENTIFIER('COLUMN'),$);
#1578= IFCPROPERTYSINGLEVALUE('IndicationMark',$,IFCIDENTIFIER('Hormig\S\sn_C-1/8'),$);
#1579= IFCPROPERTYSET('0jEJpswOHF48dZHCxRRSxc',#5,'AISC_EM11_Pset_PieceIdentification','PieceIdentity',(#1577,#1578,#1231,#1232));
#1580= IFCPROPERTYSINGLEVALUE('MaterialGrade',$,IFCIDENTIFIER('C20/25'),$);
#1581= IFCPROPERTYSET('2r9xfphxP9CxMc0WZXyqRO',#5,'AISC_EM11_Pset_Material',$,(#1234,#1580));
#1582= IFCMATERIAL('CONCRETE/C20/25');
#1583= IFCLOCALPLACEMENT(#42,#10);
#1584= IFCELEMENTASSEMBLY('35yHdDG05CTxYH1C9H1CbA',#1562,'COLUMN',$,$,#1583,$,'C/33',.NOTDEFINED.,.REINFORCEMENT_UNIT.);
#1585= IFCCARTESIANPOINT((76500.,25500.,56850.));
#1586= IFCAXIS2PLACEMENT3D(#1585,#9,#8);
#1587= IFCLOCALPLACEMENT(#1583,#1586);
#1588= IFCSHAPEREPRESENTATION(#12,'Body','SweptSolid',(#1573));
#1589= IFCPRODUCTDEFINITIONSHAPE($,$,(#1588));
#1590= IFCCOLUMN('2A8xHO8trBjRJu2iGyPo2_',#1562,'main piece','D1100','D1100',#1587,#1589,'Hormig\S\sn_C-1/8');
#1591= IFCLOCALPLACEMENT(#42,#10);
#1592= IFCELEMENTASSEMBLY('1Cd54zmAbDNh86y10thOA$',#1562,'COLUMN',$,$,#1591,$,'C/33',.NOTDEFINED.,.REINFORCEMENT_UNIT.);
#1593= IFCCARTESIANPOINT((68000.,25500.,60850.));
#1594= IFCAXIS2PLACEMENT3D(#1593,#9,#8);
#1595= IFCLOCALPLACEMENT(#1591,#1594);
#1596= IFCSHAPEREPRESENTATION(#12,'Body','SweptSolid',(#1573));
#1597= IFCPRODUCTDEFINITIONSHAPE($,$,(#1596));
#1598= IFCCOLUMN('3az3pAhTnACPXz8T7ZksBo',#1562,'main piece','D1100','D1100',#1595,#1597,'Hormig\S\sn_C-1/8');
#1599= IFCLOCALPLACEMENT(#42,#10);
#1600= IFCELEMENTASSEMBLY('1hC9GW$Mj2Z9QlS2Er4jE6',#1562,'COLUMN',$,$,#1599,$,'C/33',.NOTDEFINED.,.REINFORCEMENT_UNIT.);
#1601= IFCCARTESIANPOINT((68000.,25500.,56850.));
#1602= IFCAXIS2PLACEMENT3D(#1601,#9,#8);
#1603= IFCLOCALPLACEMENT(#1599,#1602);
#1604= IFCSHAPEREPRESENTATION(#12,'Body','SweptSolid',(#1573));
#1605= IFCPRODUCTDEFINITIONSHAPE($,$,(#1604));
#1606= IFCCOLUMN('1snXllMYL4qhg2CDlkoLs2',#1562,'main piece','D1100','D1100',#1603,#1605,'Hormig\S\sn_C-1/8');
#1607= IFCLOCALPLACEMENT(#42,#10);
#1608= IFCELEMENTASSEMBLY('29uG$gMJL0jAiKLmoSDFfg',#1562,'COLUMN',$,$,#1607,$,'C/33',.NOTDEFINED.,.REINFORCEMENT_UNIT.);
#1609= IFCCARTESIANPOINT((59500.,25500.,60850.));
#1610= IFCAXIS2PLACEMENT3D(#1609,#9,#8);
#1611= IFCLOCALPLACEMENT(#1607,#1610);
#1612= IFCSHAPEREPRESENTATION(#12,'Body','SweptSolid',(#1573));
#1613= IFCPRODUCTDEFINITIONSHAPE($,$,(#1612));
#1614= IFCCOLUMN('03XLCmoh9D18eumZKbm6Al',#1562,'main piece','D1100','D1100',#1611,#1613,'Hormig\S\sn_C-1/8');
#1615= IFCLOCALPLACEMENT(#42,#10);
#1616= IFCELEMENTASSEMBLY('34fKKCoFP139xnoyXF$HJe',#1562,'COLUMN',$,$,#1615,$,'C/33',.NOTDEFINED.,.REINFORCEMENT_UNIT.);
#1617= IFCCARTESIANPOINT((59500.,25500.,56850.));
#1618= IFCAXIS2PLACEMENT3D(#1617,#9,#8);
#1619= IFCLOCALPLACEMENT(#1615,#1618);
#1620= IFCSHAPEREPRESENTATION(#12,'Body','SweptSolid',(#1573));
#1621= IFCPRODUCTDEFINITIONSHAPE($,$,(#1620));
#1622= IFCCOLUMN('2bEmRMoMrAVvQIlB8whwdb',#1562,'main piece','D1100','D1100',#1619,#1621,'Hormig\S\sn_C-1/8');
#1623= IFCLOCALPLACEMENT(#42,#10);
#1624= IFCELEMENTASSEMBLY('3w9KN2_fL9$xybm3ojD8o8',#1562,'COLUMN',$,$,#1623,$,'C/33',.NOTDEFINED.,.REINFORCEMENT_UNIT.);
#1625= IFCCARTESIANPOINT((51000.,25500.,60850.));
#1626= IFCAXIS2PLACEMENT3D(#1625,#9,#8);
#1627= IFCLOCALPLACEMENT(#1623,#1626);
#1628= IFCSHAPEREPRESENTATION(#12,'Body','SweptSolid',(#1573));
#1629= IFCPRODUCTDEFINITIONSHAPE($,$,(#1628));
#1630= IFCCOLUMN('3wId9qlD5EJe6gbfSNlSq8',#1562,'main piece','D1100','D1100',#1627,#1629,'Hormig\S\sn_C-1/8');
#1631= IFCLOCALPLACEMENT(#42,#10);
#1632= IFCELEMENTASSEMBLY('3kWgsh_Y1APPQDZXdesvVx',#1562,'COLUMN',$,$,#1631,$,'C/33',.NOTDEFINED.,.REINFORCEMENT_UNIT.);
#1633= IFCCARTESIANPOINT((51000.,25500.,56850.));
#1634= IFCAXIS2PLACEMENT3D(#1633,#9,#8);
#1635= IFCLOCALPLACEMENT(#1631,#1634);
#1636= IFCSHAPEREPRESENTATION(#12,'Body','SweptSolid',(#1573));
#1637= IFCPRODUCTDEFINITIONSHAPE($,$,(#1636));
#1638= IFCCOLUMN('0osBVsaPbB7PbCKh4MpZHt',#1562,'main piece','D1100','D1100',#1635,#1637,'Hormig\S\sn_C-1/8');
#1639= IFCLOCALPLACEMENT(#42,#10);
#1640= IFCELEMENTASSEMBLY('0vK_vc6tHCP802T93BYiJM',#1562,'COLUMN',$,$,#1639,$,'C/33',.NOTDEFINED.,.REINFORCEMENT_UNIT.);
#1641= IFCCARTESIANPOINT((42500.,25500.,60850.));
#1642= IFCAXIS2PLACEMENT3D(#1641,#9,#8);
#1643= IFCLOCALPLACEMENT(#1639,#1642);
#1644= IFCSHAPEREPRESENTATION(#12,'Body','SweptSolid',(#1573));
#1645= IFCPRODUCTDEFINITIONSHAPE($,$,(#1644));
#1646= IFCCOLUMN('2C4sFeYRbBROK_uQe8PSCD',#1562,'main piece','D1100','D1100',#1643,#1645,'Hormig\S\sn_C-1/8');
#1647= IFCLOCALPLACEMENT(#42,#10);
#1648= IFCELEMENTASSEMBLY('02MYkT0hb9I9Ge0SvrFHfq',#1562,'COLUMN',$,$,#1647,$,'C/33',.NOTDEFINED.,.REINFORCEMENT_UNIT.);
#1649= IFCCARTESIANPOINT((42500.,25500.,56850.));
#1650= IFCAXIS2PLACEMENT3D(#1649,#9,#8);
#1651= IFCLOCALPLACEMENT(#1647,#1650);
#1652= IFCSHAPEREPRESENTATION(#12,'Body','SweptSolid',(#1573));
#1653= IFCPRODUCTDEFINITIONSHAPE($,$,(#1652));
#1654= IFCCOLUMN('2dS_QHIWb3sv0sww3rLY_j',#1562,'main piece','D1100','D1100',#1651,#1653,'Hormig\S\sn_C-1/8');
#1655= IFCLOCALPLACEMENT(#42,#10);
#1656= IFCELEMENTASSEMBLY('3Q4Auiz$5AmgQRXfG7rIK3',#1562,'COLUMN',$,$,#1655,$,'C/33',.NOTDEFINED.,.REINFORCEMENT_UNIT.);
#1657= IFCCARTESIANPOINT((34000.,25500.,60850.));
#1658= IFCAXIS2PLACEMENT3D(#1657,#9,#8);
#1659= IFCLOCALPLACEMENT(#1655,#1658);
#1660= IFCSHAPEREPRESENTATION(#12,'Body','SweptSolid',(#1573));
#1661= IFCPRODUCTDEFINITIONSHAPE($,$,(#1660));
#1662= IFCCOLUMN('2KxTPXd359g837Y25jRzON',#1562,'main piece','D1100','D1100',#1659,#1661,'Hormig\S\sn_C-1/8');
#1663= IFCLOCALPLACEMENT(#42,#10);
#1664= IFCELEMENTASSEMBLY('3Csvh_YoX1vwUdT2az$5o6',#1562,'COLUMN',$,$,#1663,$,'C/33',.NOTDEFINED.,.REINFORCEMENT_UNIT.);
#1665= IFCCARTESIANPOINT((34000.,25500.,56850.));
#1666= IFCAXIS2PLACEMENT3D(#1665,#9,#8);
#1667= IFCLOCALPLACEMENT(#1663,#1666);
#1668= IFCSHAPEREPRESENTATION(#12,'Body','SweptSolid',(#1573));
#1669= IFCPRODUCTDEFINITIONSHAPE($,$,(#1668));
#1670= IFCCOLUMN('0zxs7TDKn8YOAFUEGyNX3y',#1562,'main piece','D1100','D1100',#1667,#1669,'Hormig\S\sn_C-1/8');
#1671= IFCLOCALPLACEMENT(#42,#10);
#1672= IFCELEMENTASSEMBLY('1EzwNWqXf9MR6NWLeL2ZFZ',#1562,'COLUMN',$,$,#1671,$,'C/33',.NOTDEFINED.,.REINFORCEMENT_UNIT.);
#1673= IFCCARTESIANPOINT((25500.,25500.,60850.));
#1674= IFCAXIS2PLACEMENT3D(#1673,#9,#8);
#1675= IFCLOCALPLACEMENT(#1671,#1674);
#1676= IFCSHAPEREPRESENTATION(#12,'Body','SweptSolid',(#1573));
#1677= IFCPRODUCTDEFINITIONSHAPE($,$,(#1676));
#1678= IFCCOLUMN('3WKEWeu$XFB87xdlWTjmd5',#1562,'main piece','D1100','D1100',#1675,#1677,'Hormig\S\sn_C-1/8');
#1679= IFCLOCALPLACEMENT(#42,#10);
#1680= IFCELEMENTASSEMBLY('1JgNSWiO93YfsyHarE_Lgi',#1562,'COLUMN',$,$,#1679,$,'C/33',.NOTDEFINED.,.REINFORCEMENT_UNIT.);
#1681= IFCCARTESIANPOINT((25500.,25500.,56850.));
#1682= IFCAXIS2PLACEMENT3D(#1681,#9,#8);
#1683= IFCLOCALPLACEMENT(#1679,#1682);
#1684= IFCSHAPEREPRESENTATION(#12,'Body','SweptSolid',(#1573));
#1685= IFCPRODUCTDEFINITIONSHAPE($,$,(#1684));
#1686= IFCCOLUMN('0M_7wRRzv3tBE3lA30xOzn',#1562,'main piece','D1100','D1100',#1683,#1685,'Hormig\S\sn_C-1/8');
#1687= IFCLOCALPLACEMENT(#42,#10);
#1688= IFCELEMENTASSEMBLY('1GNkf7bCL0RxXWBVgG2ynp',#1562,'COLUMN',$,$,#1687,$,'C/33',.NOTDEFINED.,.REINFORCEMENT_UNIT.);
#1689= IFCCARTESIANPOINT((76500.,0.,60850.));
#1690= IFCAXIS2PLACEMENT3D(#1689,#9,#8);
#1691= IFCLOCALPLACEMENT(#1687,#1690);
#1692= IFCSHAPEREPRESENTATION(#12,'Body','SweptSolid',(#1573));
#1693= IFCPRODUCTDEFINITIONSHAPE($,$,(#1692));
#1694= IFCCOLUMN('1SIKomBbT1MAaYH$A51uS2',#1562,'main piece','D1100','D1100',#1691,#1693,'Hormig\S\sn_C-1/8');
#1695= IFCLOCALPLACEMENT(#42,#10);
#1696= IFCELEMENTASSEMBLY('0by8PJDpz4KQFKEKbLOQd_',#1562,'COLUMN',$,$,#1695,$,'C/33',.NOTDEFINED.,.REINFORCEMENT_UNIT.);
#1697= IFCCARTESIANPOINT((76500.,0.,56850.));
#1698= IFCAXIS2PLACEMENT3D(#1697,#9,#8);
#1699= IFCLOCALPLACEMENT(#1695,#1698);
#1700= IFCSHAPEREPRESENTATION(#12,'Body','SweptSolid',(#1573));
#1701= IFCPRODUCTDEFINITIONSHAPE($,$,(#1700));
#1702= IFCCOLUMN('1siMsq2mDBWfvtxROXqYff',#1562,'main piece','D1100','D1100',#1699,#1701,'Hormig\S\sn_C-1/8');
#1703= IFCLOCALPLACEMENT(#42,#10);
#1704= IFCELEMENTASSEMBLY('0F2xEkaxr2wh1uCaY7F9o1',#1562,'COLUMN',$,$,#1703,$,'C/33',.NOTDEFINED.,.REINFORCEMENT_UNIT.);
#1705= IFCCARTESIANPOINT((68000.,0.,60850.));
#1706= IFCAXIS2PLACEMENT3D(#1705,#9,#8);
#1707= IFCLOCALPLACEMENT(#1703,#1706);
#1708= IFCSHAPEREPRESENTATION(#12,'Body','SweptSolid',(#1573));
#1709= IFCPRODUCTDEFINITIONSHAPE($,$,(#1708));
#1710= IFCCOLUMN('3vt69GB9P33v$RP1yLJr4t',#1562,'main piece','D1100','D1100',#1707,#1709,'Hormig\S\sn_C-1/8');
#1711= IFCLOCALPLACEMENT(#42,#10);
#1712= IFCELEMENTASSEMBLY('3TXma$3PfBWOOGCgmVmtgD',#1562,'COLUMN',$,$,#1711,$,'C/33',.NOTDEFINED.,.REINFORCEMENT_UNIT.);
#1713= IFCCARTESIANPOINT((68000.,0.,56850.));
#1714= IFCAXIS2PLACEMENT3D(#1713,#9,#8);
#1715= IFCLOCALPLACEMENT(#1711,#1714);
#1716= IFCSHAPEREPRESENTATION(#12,'Body','SweptSolid',(#1573));
#1717= IFCPRODUCTDEFINITIONSHAPE($,$,(#1716));
#1718= IFCCOLUMN('0PKFqDjOD01RkQciu3e_JO',#1562,'main piece','D1100','D1100',#1715,#1717,'Hormig\S\sn_C-1/8');
#1719= IFCLOCALPLACEMENT(#42,#10);
#1720= IFCELEMENTASSEMBLY('3R0p3sqn9FeuKB3xIEtTzi',#1562,'COLUMN',$,$,#1719,$,'C/33',.NOTDEFINED.,.REINFORCEMENT_UNIT.);
#1721= IFCCARTESIANPOINT((59500.,0.,60850.));
#1722= IFCAXIS2PLACEMENT3D(#1721,#9,#8);
#1723= IFCLOCALPLACEMENT(#1719,#1722);
#1724= IFCSHAPEREPRESENTATION(#12,'Body','SweptSolid',(#1573));
#1725= IFCPRODUCTDEFINITIONSHAPE($,$,(#1724));
#1726= IFCCOLUMN('3tAyrXD9n4UeJC7GgW5t4q',#1562,'main piece','D1100','D1100',#1723,#1725,'Hormig\S\sn_C-1/8');
#1727= IFCLOCALPLACEMENT(#42,#10);
#1728= IFCELEMENTASSEMBLY('3S7iUy24rEJ90Dpu5ubZB0',#1562,'COLUMN',$,$,#1727,$,'C/33',.NOTDEFINED.,.REINFORCEMENT_UNIT.);
#1729= IFCCARTESIANPOINT((59500.,0.,56850.));
#1730= IFCAXIS2PLACEMENT3D(#1729,#9,#8);
#1731= IFCLOCALPLACEMENT(#1727,#1730);
#1732= IFCSHAPEREPRESENTATION(#12,'Body','SweptSolid',(#1573));
#1733= IFCPRODUCTDEFINITIONSHAPE($,$,(#1732));
#1734= IFCCOLUMN('1_cVvVcQ99A9$9vqZiunkG',#1562,'main piece','D1100','D1100',#1731,#1733,'Hormig\S\sn_C-1/8');
#1735= IFCLOCALPLACEMENT(#42,#10);
#1736= IFCELEMENTASSEMBLY('1OOuM8SJXDG9v$rg1wp4NY',#1562,'COLUMN',$,$,#1735,$,'C/33',.NOTDEFINED.,.REINFORCEMENT_UNIT.);
#1737= IFCCARTESIANPOINT((51000.,0.,60850.));
#1738= IFCAXIS2PLACEMENT3D(#1737,#9,#8);
#1739= IFCLOCALPLACEMENT(#1735,#1738);
#1740= IFCSHAPEREPRESENTATION(#12,'Body','SweptSolid',(#1573));
#1741= IFCPRODUCTDEFINITIONSHAPE($,$,(#1740));
#1742= IFCCOLUMN('21v15PU11D39xc1w1Ewi_N',#1562,'main piece','D1100','D1100',#1739,#1741,'Hormig\S\sn_C-1/8');
#1743= IFCLOCALPLACEMENT(#42,#10);
#1744= IFCELEMENTASSEMBLY('045xa3$15DxABUaoe$YH8D',#1562,'COLUMN',$,$,#1743,$,'C/33',.NOTDEFINED.,.REINFORCEMENT_UNIT.);
#1745= IFCCARTESIANPOINT((51000.,0.,56850.));
#1746= IFCAXIS2PLACEMENT3D(#1745,#9,#8);
#1747= IFCLOCALPLACEMENT(#1743,#1746);
#1748= IFCSHAPEREPRESENTATION(#12,'Body','SweptSolid',(#1573));
#1749= IFCPRODUCTDEFINITIONSHAPE($,$,(#1748));
#1750= IFCCOLUMN('1QzGulo7H4owbvzfjCDbqG',#1562,'main piece','D1100','D1100',#1747,#1749,'Hormig\S\sn_C-1/8');
#1751= IFCLOCALPLACEMENT(#42,#10);
#1752= IFCELEMENTASSEMBLY('1AQmyKjyfDku5kXByoWVw_',#1562,'COLUMN',$,$,#1751,$,'C/33',.NOTDEFINED.,.REINFORCEMENT_UNIT.);
#1753= IFCCARTESIANPOINT((42500.,0.,60850.));
#1754= IFCAXIS2PLACEMENT3D(#1753,#9,#8);
#1755= IFCLOCALPLACEMENT(#1751,#1754);
#1756= IFCSHAPEREPRESENTATION(#12,'Body','SweptSolid',(#1573));
#1757= IFCPRODUCTDEFINITIONSHAPE($,$,(#1756));
#1758= IFCCOLUMN('1rfdCNCAT6ROl8ynU1_8nX',#1562,'main piece','D1100','D1100',#1755,#1757,'Hormig\S\sn_C-1/8');
#1759= IFCLOCALPLACEMENT(#42,#10);
#1760= IFCELEMENTASSEMBLY('07LEfKPKvBePjucQdpmJSn',#1562,'COLUMN',$,$,#1759,$,'C/33',.NOTDEFINED.,.REINFORCEMENT_UNIT.);
#1761= IFCCARTESIANPOINT((42500.,0.,56850.));
#1762= IFCAXIS2PLACEMENT3D(#1761,#9,#8);
#1763= IFCLOCALPLACEMENT(#1759,#1762);
#1764= IFCSHAPEREPRESENTATION(#12,'Body','SweptSolid',(#1573));
#1765= IFCPRODUCTDEFINITIONSHAPE($,$,(#1764));
#1766= IFCCOLUMN('15BjTIGLzACO$Asmdni0G3',#1562,'main piece','D1100','D1100',#1763,#1765,'Hormig\S\sn_C-1/8');
#1767= IFCLOCALPLACEMENT(#42,#10);
#1768= IFCELEMENTASSEMBLY('1YNgF1eNLAVg_UKm82OKRI',#1562,'COLUMN',$,$,#1767,$,'C/33',.NOTDEFINED.,.REINFORCEMENT_UNIT.);
#1769= IFCCARTESIANPOINT((34000.,0.,60850.));
#1770= IFCAXIS2PLACEMENT3D(#1769,#9,#8);
#1771= IFCLOCALPLACEMENT(#1767,#1770);
#1772= IFCSHAPEREPRESENTATION(#12,'Body','SweptSolid',(#1573));
#1773= IFCPRODUCTDEFINITIONSHAPE($,$,(#1772));
#1774= IFCCOLUMN('2k2D_9eUz13QEJLDjsEcm8',#1562,'main piece','D1100','D1100',#1771,#1773,'Hormig\S\sn_C-1/8');
#1775= IFCLOCALPLACEMENT(#42,#10);
#1776= IFCELEMENTASSEMBLY('0B3Rpkg3n3aOHygagqWdOK',#1562,'COLUMN',$,$,#1775,$,'C/33',.NOTDEFINED.,.REINFORCEMENT_UNIT.);
#1777= IFCCARTESIANPOINT((34000.,0.,56850.));
#1778= IFCAXIS2PLACEMENT3D(#1777,#9,#8);
#1779= IFCLOCALPLACEMENT(#1775,#1778);
#1780= IFCSHAPEREPRESENTATION(#12,'Body','SweptSolid',(#1573));
#1781= IFCPRODUCTDEFINITIONSHAPE($,$,(#1780));
#1782= IFCCOLUMN('1Pf4tEMXH07Pru7JaGS74G',#1562,'main piece','D1100','D1100',#1779,#1781,'Hormig\S\sn_C-1/8');
#1783= IFCLOCALPLACEMENT(#42,#10);
#1784= IFCELEMENTASSEMBLY('1aUDGztrb3GwL4Ky_ZkwA2',#1562,'COLUMN',$,$,#1783,$,'C/33',.NOTDEFINED.,.REINFORCEMENT_UNIT.);
#1785= IFCCARTESIANPOINT((25500.,0.,60850.));
#1786= IFCAXIS2PLACEMENT3D(#1785,#9,#8);
#1787= IFCLOCALPLACEMENT(#1783,#1786);
#1788= IFCSHAPEREPRESENTATION(#12,'Body','SweptSolid',(#1573));
#1789= IFCPRODUCTDEFINITIONSHAPE($,$,(#1788));
#1790= IFCCOLUMN('2$$Oa3Ui17mfbQJqB1o8mY',#1562,'main piece','D1100','D1100',#1787,#1789,'Hormig\S\sn_C-1/8');
#1791= IFCLOCALPLACEMENT(#42,#10);
#1792= IFCELEMENTASSEMBLY('0p8bruIF13$vb7CMKgS_bO',#1562,'COLUMN',$,$,#1791,$,'C/33',.NOTDEFINED.,.REINFORCEMENT_UNIT.);
#1793= IFCCARTESIANPOINT((25500.,0.,56850.));
#1794= IFCAXIS2PLACEMENT3D(#1793,#9,#8);
#1795= IFCLOCALPLACEMENT(#1791,#1794);
#1796= IFCSHAPEREPRESENTATION(#12,'Body','SweptSolid',(#1573));
#1797= IFCPRODUCTDEFINITIONSHAPE($,$,(#1796));
#1798= IFCCOLUMN('0I7bIsnWr56ebrNFP1lnHJ',#1562,'main piece','D1100','D1100',#1795,#1797,'Hormig\S\sn_C-1/8');
#1799= IFCOWNERHISTORY(#3,#4,$,.NOCHANGE.,$,$,$,1779116400);
#1800= IFCLOCALPLACEMENT(#42,#10);
#1801= IFCELEMENTASSEMBLY('1j7fTzvifCRxiC_uJeUuQu',#1799,'BEAM',$,$,#1800,$,'B/840',.NOTDEFINED.,.RIGID_FRAME.);
#1802= IFCPROPERTYSINGLEVALUE('AssemblyMark',$,IFCIDENTIFIER('B/840'),$);
#1803= IFCPROPERTYSET('3sVifyKG92wQ5agYf0q$Pj',#5,'AISC_EM11_Pset_AssemblyIdentification','AssemblyIdentity',(#1802,#52,#53));
#1804= IFCCARTESIANPOINT((16999.999725343,185.210482605202,109649.998199463));
#1805= IFCAXIS2PLACEMENT3D(#1804,#8,#57);
#1806= IFCLOCALPLACEMENT(#1800,#1805);
#1807= IFCCARTESIANPOINT((0.,-20.3099999966094,0.));
#1808= IFCAXIS2PLACEMENT3D(#1807,#8,#7);
#1809= IFCEXTRUDEDAREASOLID(#67,#1808,#9,10.56);
#1810= IFCCARTESIANPOINT((0.,-9.7499999966094,0.));
#1811= IFCAXIS2PLACEMENT3D(#1810,#8,#7);
#1812= IFCEXTRUDEDAREASOLID(#74,#1811,#9,40.);
#1813= IFCCARTESIANPOINT((0.,3.75000000264663,0.));
#1814= IFCAXIS2PLACEMENT3D(#1813,#8,#7);
#1815= IFCEXTRUDEDAREASOLID(#78,#1814,#9,8.);
#1816= IFCCARTESIANPOINT((0.,11.7500000026466,0.));
#1817= IFCAXIS2PLACEMENT3D(#1816,#8,#7);
#1818= IFCEXTRUDEDAREASOLID(#67,#1817,#9,13.);
#1819= IFCCARTESIANPOINT((75.,0.,50.));
#1820= IFCCARTESIANTRANSFORMATIONOPERATOR3D($,$,#1819,$,$);
#1821= IFCSHAPEREPRESENTATION(#12,'Body','SweptSolid',(#1809,#1812,#1815,#1818));
#1822= IFCREPRESENTATIONMAP(#10,#1821);
#1823= IFCMAPPEDITEM(#1822,#1820);
#1824= IFCCARTESIANPOINT((135.,0.,50.));
#1825= IFCCARTESIANTRANSFORMATIONOPERATOR3D($,$,#1824,$,$);
#1826= IFCMAPPEDITEM(#1822,#1825);
#1827= IFCCARTESIANPOINT((195.,0.,50.));
#1828= IFCCARTESIANTRANSFORMATIONOPERATOR3D($,$,#1827,$,$);
#1829= IFCMAPPEDITEM(#1822,#1828);
#1830= IFCCARTESIANPOINT((255.,0.,50.));
#1831= IFCCARTESIANTRANSFORMATIONOPERATOR3D($,$,#1830,$,$);
#1832= IFCMAPPEDITEM(#1822,#1831);
#1833= IFCSHAPEREPRESENTATION(#12,'Body','MappedRepresentation',(#1823,#1826,#1829,#1832));
#1834= IFCPOLYLINE((#1807,#97));
#1835= IFCSHAPEREPRESENTATION(#12,'Axis','GeometricCurveSet',(#1834));
#1836= IFCREPRESENTATIONMAP(#10,#1835);
#1837= IFCMAPPEDITEM(#1836,#1820);
#1838= IFCMAPPEDITEM(#1836,#1825);
#1839= IFCMAPPEDITEM(#1836,#1828);
#1840= IFCMAPPEDITEM(#1836,#1831);
#1841= IFCSHAPEREPRESENTATION(#12,'Axis','MappedRepresentation',(#1837,#1838,#1839,#1840));
#1842= IFCPRODUCTDEFINITIONSHAPE($,$,(#1833,#1841));
#1843= IFCMECHANICALFASTENER('3NtEAOxyf9HgV3FDuSnc7L',#1799,'Bolt assembly',$,$,#1806,#1842,'IDd7dce298-efca-4946-a7c3-3cde1cc661d5',16.,40.);
#1844= IFCPROPERTYSINGLEVALUE('BoltStandard',$,IFCIDENTIFIER('7990'),$);
#1845= IFCPROPERTYSINGLEVALUE('BoltType',$,IFCIDENTIFIER('7990'),$);
#1846= IFCPROPERTYSET('06kRDypPPCdQ2Qq26tAM9x',#5,'AISC_EM11_Pset_Bolt','BoltIdentity',(#107,#108,#109,#110,#1844,#1845));
#1847= IFCLOCALPLACEMENT(#42,#10);
#1848= IFCELEMENTASSEMBLY('2Te7HgpxfFEetDPMugI9ZW',#1799,'COLUMN',$,$,#1847,$,'C/47',.NOTDEFINED.,.RIGID_FRAME.);
#1849= IFCPROPERTYSINGLEVALUE('AssemblyMark',$,IFCIDENTIFIER('C/47'),$);
#1850= IFCPROPERTYSET('09j6mb2nvDv95EJiEbWPEU',#5,'AISC_EM11_Pset_AssemblyIdentification','AssemblyIdentity',(#1849,#52,#53));
#1851= IFCCARTESIANPOINT((17003.7497253418,175.210482605202,109484.998199463));
#1852= IFCAXIS2PLACEMENT3D(#1851,#8,#57);
#1853= IFCLOCALPLACEMENT(#1847,#1852);
#1854= IFCCARTESIANPOINT((-125.,0.,8.48528137423858));
#1855= IFCCARTESIANPOINT((-125.,0.,0.));
#1856= IFCCARTESIANPOINT((125.,0.,0.));
#1857= IFCCARTESIANPOINT((125.,0.,8.48528137423858));
#1858= IFCPOLYLOOP((#1854,#1855,#1856,#1857));
#1859= IFCFACEOUTERBOUND(#1858,.T.);
#1860= IFCFACE((#1859));
#1861= IFCCARTESIANPOINT((-125.,8.48528137424,0.));
#1862= IFCCARTESIANPOINT((125.,8.48528137424,0.));
#1863= IFCPOLYLOOP((#1855,#1861,#1862,#1856));
#1864= IFCFACEOUTERBOUND(#1863,.T.);
#1865= IFCFACE((#1864));
#1866= IFCPOLYLOOP((#1861,#1854,#1857,#1862));
#1867= IFCFACEOUTERBOUND(#1866,.T.);
#1868= IFCFACE((#1867));
#1869= IFCPOLYLOOP((#1862,#1857,#1856));
#1870= IFCFACEOUTERBOUND(#1869,.T.);
#1871= IFCFACE((#1870));
#1872= IFCPOLYLOOP((#1861,#1855,#1854));
#1873= IFCFACEOUTERBOUND(#1872,.T.);
#1874= IFCFACE((#1873));
#1875= IFCCARTESIANPOINT((125.,-6.,8.48528137423858));
#1876= IFCCARTESIANPOINT((125.,-6.,0.));
#1877= IFCCARTESIANPOINT((-125.,-6.,0.));
#1878= IFCCARTESIANPOINT((-125.,-6.,8.48528137423858));
#1879= IFCPOLYLOOP((#1875,#1876,#1877,#1878));
#1880= IFCFACEOUTERBOUND(#1879,.T.);
#1881= IFCFACE((#1880));
#1882= IFCCARTESIANPOINT((125.,-14.48528137424,0.));
#1883= IFCCARTESIANPOINT((-125.,-14.48528137424,0.));
#1884= IFCPOLYLOOP((#1876,#1882,#1883,#1877));
#1885= IFCFACEOUTERBOUND(#1884,.T.);
#1886= IFCFACE((#1885));
#1887= IFCPOLYLOOP((#1882,#1875,#1878,#1883));
#1888= IFCFACEOUTERBOUND(#1887,.T.);
#1889= IFCFACE((#1888));
#1890= IFCPOLYLOOP((#1883,#1878,#1877));
#1891= IFCFACEOUTERBOUND(#1890,.T.);
#1892= IFCFACE((#1891));
#1893= IFCPOLYLOOP((#1882,#1876,#1875));
#1894= IFCFACEOUTERBOUND(#1893,.T.);
#1895= IFCFACE((#1894));
#1896= IFCCLOSEDSHELL((#1860,#1865,#1868,#1871,#1874,#1881,#1886,#1889,#1892,#1895));
#1897= IFCFACETEDBREP(#1896);
#1898= IFCSHAPEREPRESENTATION(#12,'Body','Brep',(#1897));
#1899= IFCPOLYLINE((#1855,#1856));
#1900= IFCCARTESIANPOINT((125.,0.,6.));
#1901= IFCCARTESIANPOINT((-125.,0.,6.));
#1902= IFCPOLYLINE((#1900,#1901));
#1903= IFCSHAPEREPRESENTATION(#13,'Axis','GeometricCurveSet',(#1899,#1902));
#1904= IFCPRODUCTDEFINITIONSHAPE($,$,(#1898,#1903));
#1905= IFCFASTENER('0HRiMDE6r59wO_O9ACh1uW',#1799,'Weld',$,$,#1853,#1904,'ID116ec58d-386d-4527-a63e-60928cac1e20');
#1906= IFCPROPERTYSINGLEVALUE('FieldWeld',$,IFCBOOLEAN(.F.),$);
#1907= IFCPROPERTYSINGLEVALUE('WeldDescription',$,$,$);
#1908= IFCPROPERTYSINGLEVALUE('WeldCategory',$,IFCLABEL('Ninguno'),$);
#1909= IFCPROPERTYSINGLEVALUE('WPSCode',$,IFCIDENTIFIER('Ninguno'),$);
#1910= IFCPROPERTYSINGLEVALUE('WeldID',$,IFCINTEGER(114118788),$);
#1911= IFCPROPERTYSINGLEVALUE('z',$,IFCPOSITIVELENGTHMEASURE(6.),$);
#1912= IFCPROPERTYSINGLEVALUE('s',$,IFCPOSITIVELENGTHMEASURE(0.),$);
#1913= IFCPROPERTYSINGLEVALUE('n',$,$,$);
#1914= IFCPROPERTYSINGLEVALUE('l',$,IFCPOSITIVELENGTHMEASURE(250.),$);
#1915= IFCPROPERTYSINGLEVALUE('e',$,IFCPOSITIVELENGTHMEASURE(0.),$);
#1916= IFCPROPERTYSINGLEVALUE('d',$,IFCPOSITIVELENGTHMEASURE(6.),$);
#1917= IFCPROPERTYSINGLEVALUE('c',$,IFCPOSITIVELENGTHMEASURE(6.),$);
#1918= IFCPROPERTYSINGLEVALUE('a',$,IFCPOSITIVELENGTHMEASURE(0.),$);
#1919= IFCPROPERTYSINGLEVALUE('Staggered',$,IFCBOOLEAN(.F.),$);
#1920= IFCPROPERTYSINGLEVALUE('Intermittent',$,IFCBOOLEAN(.F.),$);
#1921= IFCPROPERTYSINGLEVALUE('WeldType1',$,IFCLABEL('SOLDADURA'),$);
#1922= IFCPROPERTYSET('3BMrQFiizFfwsJMYyur9ov',#5,'AISC_EM11_Pset_Weld','WeldIdentity',(#1906,#1907,#1908,#1909,#1910,#1911,#1912,#1913,#1914,#1915,#1916,#1917,#1918,#1919,#1920,#1921));
#1923= IFCCARTESIANPOINT((17006.7497253409,230.210482605202,109359.998199463));
#1924= IFCAXIS2PLACEMENT3D(#1923,#9,#1222);
#1925= IFCLOCALPLACEMENT(#1847,#1924);
#1926= IFCRECTANGLEPROFILEDEF(.AREA.,'PL6*110',#73,6.,110.);
#1927= IFCCARTESIANPOINT((0.,0.,250.));
#1928= IFCAXIS2PLACEMENT3D(#1927,#57,#8);
#1929= IFCEXTRUDEDAREASOLID(#1926,#1928,#9,250.);
#1930= IFCSHAPEREPRESENTATION(#12,'Body','SweptSolid',(#1929));
#1931= IFCPRODUCTDEFINITIONSHAPE($,$,(#1930));
#1932= IFCDISCRETEACCESSORY('2ziNstn7bAZgYUn4xaRZtA',#1799,'Support section',$,$,#1925,#1931,'1477');
#1933= IFCLOCALPLACEMENT(#1847,#1805);
#1934= IFCCIRCLEPROFILEDEF(.AREA.,$,#73,9.5);
#1935= IFCCARTESIANPOINT((0.,-9.8499999966094,0.));
#1936= IFCAXIS2PLACEMENT3D(#1935,#8,#7);
#1937= IFCEXTRUDEDAREASOLID(#1934,#1936,#9,6.2);
#1938= IFCSHAPEREPRESENTATION(#12,'Body','SweptSolid',(#1937));
#1939= IFCREPRESENTATIONMAP(#10,#1938);
#1940= IFCMAPPEDITEM(#1939,#1820);
#1941= IFCMAPPEDITEM(#1939,#1825);
#1942= IFCMAPPEDITEM(#1939,#1828);
#1943= IFCMAPPEDITEM(#1939,#1831);
#1944= IFCSHAPEREPRESENTATION(#12,'Body','MappedRepresentation',(#1940,#1941,#1942,#1943));
#1945= IFCPRODUCTDEFINITIONSHAPE($,$,(#1944));
#1946= IFCOPENINGELEMENT('1qvs3rLpb9_9Iip$K6GTMf',#5,$,$,'Opening',#1933,#1945,$);
#1947= IFCRELVOIDSELEMENT('0bxK_mhbPEfRVnK0ULdv8v',#5,'Drill Hole',$,#1932,#1946);
#1948= IFCPROPERTYSINGLEVALUE('FeatureSubTypes',$,IFCLABEL('TORNILLO'),$);
#1949= IFCPROPERTYSINGLEVALUE('RectangleOpeningWidth',$,$,$);
#1950= IFCPROPERTYSINGLEVALUE('RectangleOpeningHeight',$,$,$);
#1951= IFCPROPERTYSINGLEVALUE('OpeningDiameter',$,$,$);
#1952= IFCPROPERTYSET('0ExLU5mqr4kAD1spJN6Ukt',#5,'AISC_EM11_Pset_Opening/Cope',$,(#1948,#1949,#1950,#1951));
#1953= IFCPROPERTYSINGLEVALUE('PieceMark',$,IFCIDENTIFIER('PLACA'),$);
#1954= IFCPROPERTYSINGLEVALUE('IndicationMark',$,IFCIDENTIFIER('1477'),$);
#1955= IFCPROPERTYSINGLEVALUE('MainPieceTag',$,IFCBOOLEAN(.F.),$);
#1956= IFCPROPERTYSET('08q$e3rprBfhPjG0fsPy2M',#5,'AISC_EM11_Pset_PieceIdentification','PieceIdentity',(#1953,#1954,#1231,#1955));
#1957= IFCPROPERTYSINGLEVALUE('MaterialType',$,IFCIDENTIFIER('STEEL'),$);
#1958= IFCPROPERTYSINGLEVALUE('MaterialGrade',$,IFCIDENTIFIER('S235JR'),$);
#1959= IFCPROPERTYSET('34vnWFo3j4FOAdLmd1Kf5B',#5,'AISC_EM11_Pset_Material',$,(#1957,#1958));
#1960= IFCMATERIAL('STEEL/S235JR');
#1961= IFCOWNERHISTORY(#3,#4,$,.NOCHANGE.,$,$,$,1779120000);
#1962= IFCLOCALPLACEMENT(#42,#10);
#1963= IFCELEMENTASSEMBLY('01FZtYdlnDZP7H3s4glKff',#1961,'BEAM',$,$,#1962,$,'B/1604',.NOTDEFINED.,.RIGID_FRAME.);
#1964= IFCPROPERTYSINGLEVALUE('AssemblyMark',$,IFCIDENTIFIER('B/1604'),$);
#1965= IFCPROPERTYSET('00kv2mfDP6PQI3y2Kujoly',#5,'AISC_EM11_Pset_AssemblyIdentification','AssemblyIdentity',(#1964,#52,#53));
#1966= IFCCARTESIANPOINT((17184.9994286889,0.000507354736328125,109649.9999996));
#1967= IFCAXIS2PLACEMENT3D(#1966,#7,#57);
#1968= IFCLOCALPLACEMENT(#1962,#1967);
#1969= IFCSHAPEREPRESENTATION(#12,'Body','MappedRepresentation',(#1823,#1826,#1829,#1832));
#1970= IFCSHAPEREPRESENTATION(#12,'Axis','MappedRepresentation',(#1837,#1838,#1839,#1840));
#1971= IFCPRODUCTDEFINITIONSHAPE($,$,(#1969,#1970));
#1972= IFCMECHANICALFASTENER('26TwRWizr6R9LYCbQ9nagO',#1799,'Bolt assembly',$,$,#1968,#1971,'ID8677a6e0-b3dd-466c-9562-325689c64a98',16.,40.);
#1973= IFCCARTESIANPOINT((17174.9994300095,-3.74949264526367,109485.));
#1974= IFCAXIS2PLACEMENT3D(#1973,#7,#57);
#1975= IFCLOCALPLACEMENT(#1847,#1974);
#1976= IFCSHAPEREPRESENTATION(#12,'Body','Brep',(#1897));
#1977= IFCSHAPEREPRESENTATION(#13,'Axis','GeometricCurveSet',(#1899,#1902));
#1978= IFCPRODUCTDEFINITIONSHAPE($,$,(#1976,#1977));
#1979= IFCFASTENER('1WmQVQLLT2RR15Pis63USh',#1799,'Weld',$,$,#1975,#1978,'ID60c1a7da-5557-426d-b045-66cd860de72b');
#1980= IFCPROPERTYSINGLEVALUE('WeldID',$,IFCINTEGER(114118523),$);
#1981= IFCPROPERTYSET('2qYAzNwyHAu8HDGBJ$RRKw',#5,'AISC_EM11_Pset_Weld','WeldIdentity',(#1906,#1907,#1908,#1909,#1980,#1911,#1912,#1913,#1914,#1915,#1916,#1917,#1918,#1919,#1920,#1921));
#1982= IFCCARTESIANPOINT((17229.9994310099,-6.74949264526367,109360.00000036));
#1983= IFCAXIS2PLACEMENT3D(#1982,#9,#675);
#1984= IFCLOCALPLACEMENT(#1847,#1983);
#1985= IFCSHAPEREPRESENTATION(#12,'Body','SweptSolid',(#1929));
#1986= IFCPRODUCTDEFINITIONSHAPE($,$,(#1985));
#1987= IFCDISCRETEACCESSORY('33NJKY1fL8fP8G6_zHio_G',#1799,'Support section',$,$,#1984,#1986,'1477');
#1988= IFCLOCALPLACEMENT(#1847,#1967);
#1989= IFCSHAPEREPRESENTATION(#12,'Body','MappedRepresentation',(#1940,#1941,#1942,#1943));
#1990= IFCPRODUCTDEFINITIONSHAPE($,$,(#1989));
#1991= IFCOPENINGELEMENT('2EAUUXlZr0ohp4veiw3jWw',#5,$,$,'Opening',#1988,#1990,$);
#1992= IFCRELVOIDSELEMENT('3SJIRulAT00PXffQ1JemmV',#5,'Drill Hole',$,#1987,#1991);
#1993= IFCLOCALPLACEMENT(#42,#10);
#1994= IFCELEMENTASSEMBLY('0nPjcdmDH0tPfkTz3b$8ZQ',#1799,'BEAM',$,$,#1993,$,'B/1572',.NOTDEFINED.,.RIGID_FRAME.);
#1995= IFCPROPERTYSINGLEVALUE('AssemblyMark',$,IFCIDENTIFIER('B/1572'),$);
#1996= IFCPROPERTYSET('1OexCFtfD6JeiXyxMYDlHz',#5,'AISC_EM11_Pset_AssemblyIdentification','AssemblyIdentity',(#1995,#52,#53));
#1997= IFCCARTESIANPOINT((16999.999725343,-184.789517394798,109650.));
#1998= IFCAXIS2PLACEMENT3D(#1997,#1222,#57);
#1999= IFCLOCALPLACEMENT(#1993,#1998);
#2000= IFCSHAPEREPRESENTATION(#12,'Body','MappedRepresentation',(#1823,#1826,#1829,#1832));
#2001= IFCSHAPEREPRESENTATION(#12,'Axis','MappedRepresentation',(#1837,#1838,#1839,#1840));
#2002= IFCPRODUCTDEFINITIONSHAPE($,$,(#2000,#2001));
#2003= IFCMECHANICALFASTENER('33Q0vCtZnAqxGjGeWK7hsd',#1799,'Bolt assembly',$,$,#1999,#2002,'IDc3680e4c-de3c-4ad3-b42d-4288141ebda7',16.,40.);
#2004= IFCCARTESIANPOINT((16996.2497253418,-174.789517394798,109485.));
#2005= IFCAXIS2PLACEMENT3D(#2004,#1222,#57);
#2006= IFCLOCALPLACEMENT(#1847,#2005);
#2007= IFCSHAPEREPRESENTATION(#12,'Body','Brep',(#1897));
#2008= IFCSHAPEREPRESENTATION(#13,'Axis','GeometricCurveSet',(#1899,#1902));
#2009= IFCPRODUCTDEFINITIONSHAPE($,$,(#2007,#2008));
#2010= IFCFASTENER('3kSb7fFnT1k9dtA17z6Pin',#1799,'Weld',$,$,#2006,#2009,'IDee7251e9-3f17-41b8-99f7-2811fd199b31');
#2011= IFCPROPERTYSINGLEVALUE('WeldID',$,IFCINTEGER(114118242),$);
#2012= IFCPROPERTYSET('1v8yddpPHAQeNZYowZcLj_',#5,'AISC_EM11_Pset_Weld','WeldIdentity',(#1906,#1907,#1908,#1909,#2011,#1911,#1912,#1913,#1914,#1915,#1916,#1917,#1918,#1919,#1920,#1921));
#2013= IFCCARTESIANPOINT((16993.2497253409,-229.789517394798,109360.));
#2014= IFCAXIS2PLACEMENT3D(#2013,#9,#8);
#2015= IFCLOCALPLACEMENT(#1847,#2014);
#2016= IFCSHAPEREPRESENTATION(#12,'Body','SweptSolid',(#1929));
#2017= IFCPRODUCTDEFINITIONSHAPE($,$,(#2016));
#2018= IFCDISCRETEACCESSORY('0m2rda61f19vTPrxZM96VP',#1799,'Support section',$,$,#2015,#2017,'1477');
#2019= IFCLOCALPLACEMENT(#1847,#1998);
#2020= IFCSHAPEREPRESENTATION(#12,'Body','MappedRepresentation',(#1940,#1941,#1942,#1943));
#2021= IFCPRODUCTDEFINITIONSHAPE($,$,(#2020));
#2022= IFCOPENINGELEMENT('1phpQYQGzCuhL1XcD8WWrk',#5,$,$,'Opening',#2019,#2021,$);
#2023= IFCRELVOIDSELEMENT('1vK6ZWEyTAUfIhegdWB3SL',#5,'Drill Hole',$,#2018,#2022);
#2024= IFCLOCALPLACEMENT(#42,#10);
#2025= IFCELEMENTASSEMBLY('2Z0y1pLP1DMQCwUlpnjhWy',#1799,'BEAM',$,$,#2024,$,'B/842',.NOTDEFINED.,.RIGID_FRAME.);
#2026= IFCPROPERTYSINGLEVALUE('AssemblyMark',$,IFCIDENTIFIER('B/842'),$);
#2027= IFCPROPERTYSET('2iLB7dBkjFJhmoqoNfjEZu',#5,'AISC_EM11_Pset_AssemblyIdentification','AssemblyIdentity',(#2026,#52,#53));
#2028= IFCCARTESIANPOINT((16814.9994286889,0.000507354440236178,109650.0000004));
#2029= IFCAXIS2PLACEMENT3D(#2028,#675,#57);
#2030= IFCLOCALPLACEMENT(#2024,#2029);
#2031= IFCSHAPEREPRESENTATION(#12,'Body','MappedRepresentation',(#1823,#1826,#1829,#1832));
#2032= IFCSHAPEREPRESENTATION(#12,'Axis','MappedRepresentation',(#1837,#1838,#1839,#1840));
#2033= IFCPRODUCTDEFINITIONSHAPE($,$,(#2031,#2032));
#2034= IFCMECHANICALFASTENER('2Xm8QWW0zDwwpWQ9CUE$E_',#1799,'Bolt assembly',$,$,#2030,#2033,'IDa1c086a0-800f-4deb-ace0-68931e3bf3be',16.,40.);
#2035= IFCCARTESIANPOINT((16824.9994300095,3.75051717444148,109485.));
#2036= IFCAXIS2PLACEMENT3D(#2035,#675,#57);
#2037= IFCLOCALPLACEMENT(#1847,#2036);
#2038= IFCSHAPEREPRESENTATION(#12,'Body','Brep',(#1897));
#2039= IFCSHAPEREPRESENTATION(#13,'Axis','GeometricCurveSet',(#1899,#1902));
#2040= IFCPRODUCTDEFINITIONSHAPE($,$,(#2038,#2039));
#2041= IFCFASTENER('339r6jQavF4xGA1IpnLrCR',#1799,'Weld',$,$,#2037,#2040,'IDc32751ad-6a4e-4f13-b40a-052cf157531b');
#2042= IFCPROPERTYSINGLEVALUE('WeldID',$,IFCINTEGER(114117960),$);
#2043= IFCPROPERTYSET('0cN9dEroPBFBfkXHGDDGIu',#5,'AISC_EM11_Pset_Weld','WeldIdentity',(#1906,#1907,#1908,#1909,#2042,#1911,#1912,#1913,#1914,#1915,#1916,#1917,#1918,#1919,#1920,#1921));
#2044= IFCCARTESIANPOINT((16769.9994328512,6.75050735444289,109359.99999964));
#2045= IFCAXIS2PLACEMENT3D(#2044,#9,#7);
#2046= IFCLOCALPLACEMENT(#1847,#2045);
#2047= IFCSHAPEREPRESENTATION(#12,'Body','SweptSolid',(#1929));
#2048= IFCPRODUCTDEFINITIONSHAPE($,$,(#2047));
#2049= IFCDISCRETEACCESSORY('30aSY6ah9D$Acxoho80yaA',#1799,'Support section',$,$,#2046,#2048,'1477');
#2050= IFCLOCALPLACEMENT(#1847,#2029);
#2051= IFCSHAPEREPRESENTATION(#12,'Body','MappedRepresentation',(#1940,#1941,#1942,#1943));
#2052= IFCPRODUCTDEFINITIONSHAPE($,$,(#2051));
#2053= IFCOPENINGELEMENT('3yJy_78fL1qe0N6LhX785R',#5,$,$,'Opening',#2050,#2052,$);
#2054= IFCRELVOIDSELEMENT('3t1EtE_3LFCeLLaPt3s04w',#5,'Drill Hole',$,#2049,#2053);
#2055= IFCLOCALPLACEMENT(#42,#10);
#2056= IFCELEMENTASSEMBLY('2DKCZuRYLEa9hAxLJV_Mqj',#1961,'BEAM',$,$,#2055,$,'B/882',.NOTDEFINED.,.RIGID_FRAME.);
#2057= IFCPROPERTYSINGLEVALUE('AssemblyMark',$,IFCIDENTIFIER('B/882'),$);
#2058= IFCPROPERTYSET('05LoWsYDb1_BtS2zj$y$tz',#5,'AISC_EM11_Pset_AssemblyIdentification','AssemblyIdentity',(#2057,#52,#53));
#2059= IFCCARTESIANPOINT((17184.9994506836,25500.0000305176,109650.));
#2060= IFCAXIS2PLACEMENT3D(#2059,#7,#57);
#2061= IFCLOCALPLACEMENT(#2055,#2060);
#2062= IFCSHAPEREPRESENTATION(#12,'Body','MappedRepresentation',(#1823,#1826,#1829,#1832));
#2063= IFCSHAPEREPRESENTATION(#12,'Axis','MappedRepresentation',(#1837,#1838,#1839,#1840));
#2064= IFCPRODUCTDEFINITIONSHAPE($,$,(#2062,#2063));
#2065= IFCMECHANICALFASTENER('0b6xCJOWf1KhdD_qdFxl3j',#1799,'Bolt assembly',$,$,#2061,#2064,'ID251bb313-620a-4152-b9cd-fb49cfeef0ed',16.,40.);
#2066= IFCLOCALPLACEMENT(#42,#10);
#2067= IFCELEMENTASSEMBLY('0M7EmrmoL3yBx8JaH77xzR',#1799,'COLUMN',$,$,#2066,$,'C/47',.NOTDEFINED.,.RIGID_FRAME.);
#2068= IFCCARTESIANPOINT((17174.9994506836,25496.2500305176,109485.));
#2069= IFCAXIS2PLACEMENT3D(#2068,#7,#57);
#2070= IFCLOCALPLACEMENT(#2066,#2069);
#2071= IFCSHAPEREPRESENTATION(#12,'Body','Brep',(#1897));
#2072= IFCSHAPEREPRESENTATION(#13,'Axis','GeometricCurveSet',(#1899,#1902));
#2073= IFCPRODUCTDEFINITIONSHAPE($,$,(#2071,#2072));
#2074= IFCFASTENER('1YuxL8SSnFo92m9OT71do8',#1799,'Weld',$,$,#2070,#2073,'ID62e3b548-71cc-4fc8-90b0-258747067c88');
#2075= IFCPROPERTYSINGLEVALUE('WeldID',$,IFCINTEGER(114114681),$);
#2076= IFCPROPERTYSET('0ICZimT1H1JPkHBZJcS_51',#5,'AISC_EM11_Pset_Weld','WeldIdentity',(#1906,#1907,#1908,#1909,#2075,#1911,#1912,#1913,#1914,#1915,#1916,#1917,#1918,#1919,#1920,#1921));
#2077= IFCCARTESIANPOINT((17229.9994506836,25493.2500305176,109360.));
#2078= IFCAXIS2PLACEMENT3D(#2077,#9,#675);
#2079= IFCLOCALPLACEMENT(#2066,#2078);
#2080= IFCSHAPEREPRESENTATION(#12,'Body','SweptSolid',(#1929));
#2081= IFCPRODUCTDEFINITIONSHAPE($,$,(#2080));
#2082= IFCDISCRETEACCESSORY('1j80V44RX7svjUpyIyI0sm',#1799,'Support section',$,$,#2079,#2081,'1477');
#2083= IFCLOCALPLACEMENT(#2066,#2060);
#2084= IFCSHAPEREPRESENTATION(#12,'Body','MappedRepresentation',(#1940,#1941,#1942,#1943));
#2085= IFCPRODUCTDEFINITIONSHAPE($,$,(#2084));
#2086= IFCOPENINGELEMENT('1fHMk6wIv0UBRv4B9nnpqX',#5,$,$,'Opening',#2083,#2085,$);
#2087= IFCRELVOIDSELEMENT('0z66L6bQXFIeqplGqVeQ05',#5,'Drill Hole',$,#2082,#2086);
#2088= IFCLOCALPLACEMENT(#42,#10);
#2089= IFCELEMENTASSEMBLY('1ZHeugDCL1whOvroEskSgp',#1799,'BEAM',$,$,#2088,$,'B/874',.NOTDEFINED.,.RIGID_FRAME.);
#2090= IFCPROPERTYSINGLEVALUE('AssemblyMark',$,IFCIDENTIFIER('B/874'),$);
#2091= IFCPROPERTYSET('3D8MNX01PDLxISQ3HZwrwy',#5,'AISC_EM11_Pset_AssemblyIdentification','AssemblyIdentity',(#2090,#52,#53));
#2092= IFCCARTESIANPOINT((16999.9997253418,25315.2104826052,109650.));
#2093= IFCAXIS2PLACEMENT3D(#2092,#1222,#57);
#2094= IFCLOCALPLACEMENT(#2088,#2093);
#2095= IFCSHAPEREPRESENTATION(#12,'Body','MappedRepresentation',(#1823,#1826,#1829,#1832));
#2096= IFCSHAPEREPRESENTATION(#12,'Axis','MappedRepresentation',(#1837,#1838,#1839,#1840));
#2097= IFCPRODUCTDEFINITIONSHAPE($,$,(#2095,#2096));
#2098= IFCMECHANICALFASTENER('00h6tgLPT1cfSaQAtm7zxF',#1799,'Bolt assembly',$,$,#2094,#2097,'ID00ac6dea-5597-419a-9724-68adf01fdecf',16.,40.);
#2099= IFCCARTESIANPOINT((16996.2497253418,25325.2104826052,109485.));
#2100= IFCAXIS2PLACEMENT3D(#2099,#1222,#57);
#2101= IFCLOCALPLACEMENT(#2066,#2100);
#2102= IFCSHAPEREPRESENTATION(#12,'Body','Brep',(#1897));
#2103= IFCSHAPEREPRESENTATION(#13,'Axis','GeometricCurveSet',(#1899,#1902));
#2104= IFCPRODUCTDEFINITIONSHAPE($,$,(#2102,#2103));
#2105= IFCFASTENER('0h63svcBL9RAd0YMVBYaKQ',#1799,'Weld',$,$,#2101,#2104,'ID2b183db9-98b5-496c-a9c0-8967cb8a451a');
#2106= IFCPROPERTYSINGLEVALUE('WeldID',$,IFCINTEGER(114114402),$);
#2107= IFCPROPERTYSET('0gfPSHCh5DXhlWoNpkEYGC',#5,'AISC_EM11_Pset_Weld','WeldIdentity',(#1906,#1907,#1908,#1909,#2106,#1911,#1912,#1913,#1914,#1915,#1916,#1917,#1918,#1919,#1920,#1921));
#2108= IFCCARTESIANPOINT((16993.2497253418,25270.2104826052,109360.));
#2109= IFCAXIS2PLACEMENT3D(#2108,#9,#8);
#2110= IFCLOCALPLACEMENT(#2066,#2109);
#2111= IFCSHAPEREPRESENTATION(#12,'Body','SweptSolid',(#1929));
#2112= IFCPRODUCTDEFINITIONSHAPE($,$,(#2111));
#2113= IFCDISCRETEACCESSORY('1pfz_kU09EcAD1aUd9WTUv',#1799,'Support section',$,$,#2110,#2112,'1477');
#2114= IFCLOCALPLACEMENT(#2066,#2093);
#2115= IFCSHAPEREPRESENTATION(#12,'Body','MappedRepresentation',(#1940,#1941,#1942,#1943));
#2116= IFCPRODUCTDEFINITIONSHAPE($,$,(#2115));
#2117= IFCOPENINGELEMENT('3KVzWohET3JRXIz57Am3q4',#5,$,$,'Opening',#2114,#2116,$);
#2118= IFCRELVOIDSELEMENT('1H5BeItDP9eu5kYiOIeIFk',#5,'Drill Hole',$,#2113,#2117);
#2119= IFCLOCALPLACEMENT(#42,#10);
#2120= IFCELEMENTASSEMBLY('3R$hHvNOv9pfGjlkg_Jp2w',#1799,'BEAM',$,$,#2119,$,'B/842',.NOTDEFINED.,.RIGID_FRAME.);
#2121= IFCCARTESIANPOINT((16814.9994506836,25500.0000305176,109650.));
#2122= IFCAXIS2PLACEMENT3D(#2121,#675,#57);
#2123= IFCLOCALPLACEMENT(#2119,#2122);
#2124= IFCSHAPEREPRESENTATION(#12,'Body','MappedRepresentation',(#1823,#1826,#1829,#1832));
#2125= IFCSHAPEREPRESENTATION(#12,'Axis','MappedRepresentation',(#1837,#1838,#1839,#1840));
#2126= IFCPRODUCTDEFINITIONSHAPE($,$,(#2124,#2125));
#2127= IFCMECHANICALFASTENER('3aW_oq69r3ZejDGLl8wNAM',#1799,'Bolt assembly',$,$,#2123,#2126,'IDe483ecb4-189d-438e-8b4d-415bc8e97296',16.,40.);
#2128= IFCCARTESIANPOINT((16824.9994506836,25503.7500311176,109485.));
#2129= IFCAXIS2PLACEMENT3D(#2128,#675,#57);
#2130= IFCLOCALPLACEMENT(#2066,#2129);
#2131= IFCSHAPEREPRESENTATION(#12,'Body','Brep',(#1897));
#2132= IFCSHAPEREPRESENTATION(#13,'Axis','GeometricCurveSet',(#1899,#1902));
#2133= IFCPRODUCTDEFINITIONSHAPE($,$,(#2131,#2132));
#2134= IFCFASTENER('2YpfgJZNv579U5RWsQn8kc',#1799,'Weld',$,$,#2130,#2133,'IDa2ce9a93-8d7e-451c-9785-6e0d9ac48ba6');
#2135= IFCPROPERTYSINGLEVALUE('WeldID',$,IFCINTEGER(114114139),$);
#2136= IFCPROPERTYSET('0Lq06BSifCYf8z1RUNhTDk',#5,'AISC_EM11_Pset_Weld','WeldIdentity',(#1906,#1907,#1908,#1909,#2135,#1911,#1912,#1913,#1914,#1915,#1916,#1917,#1918,#1919,#1920,#1921));
#2137= IFCCARTESIANPOINT((16769.9994507961,25506.7500305176,109360.));
#2138= IFCAXIS2PLACEMENT3D(#2137,#9,#7);
#2139= IFCLOCALPLACEMENT(#2066,#2138);
#2140= IFCSHAPEREPRESENTATION(#12,'Body','SweptSolid',(#1929));
#2141= IFCPRODUCTDEFINITIONSHAPE($,$,(#2140));
#2142= IFCDISCRETEACCESSORY('1sw6vQDIX7DBenql9_V4_U',#1799,'Support section',$,$,#2139,#2141,'1477');
#2143= IFCLOCALPLACEMENT(#2066,#2122);
#2144= IFCSHAPEREPRESENTATION(#12,'Body','MappedRepresentation',(#1940,#1941,#1942,#1943));
#2145= IFCPRODUCTDEFINITIONSHAPE($,$,(#2144));
#2146= IFCOPENINGELEMENT('3cnN7xx0D1Z90Dzfbyyyg1',#5,$,$,'Opening',#2143,#2145,$);
#2147= IFCRELVOIDSELEMENT('1pn4j1VLHFuvu4FiLUaCEP',#5,'Drill Hole',$,#2142,#2146);
#2148= IFCLOCALPLACEMENT(#42,#10);
#2149= IFCELEMENTASSEMBLY('3_QkNgqBX1ReX4yzq$QaKE',#1799,'BEAM',$,$,#2148,$,'B/1576',.NOTDEFINED.,.RIGID_FRAME.);
#2150= IFCPROPERTYSINGLEVALUE('AssemblyMark',$,IFCIDENTIFIER('B/1576'),$);
#2151= IFCPROPERTYSET('0a4FgqCMH2EhznJNJGlqr6',#5,'AISC_EM11_Pset_AssemblyIdentification','AssemblyIdentity',(#2150,#52,#53));
#2152= IFCCARTESIANPOINT((16999.9997253755,25685.2104826052,109650.));
#2153= IFCAXIS2PLACEMENT3D(#2152,#8,#57);
#2154= IFCLOCALPLACEMENT(#2148,#2153);
#2155= IFCSHAPEREPRESENTATION(#12,'Body','MappedRepresentation',(#1823,#1826,#1829,#1832));
#2156= IFCSHAPEREPRESENTATION(#12,'Axis','MappedRepresentation',(#1837,#1838,#1839,#1840));
#2157= IFCPRODUCTDEFINITIONSHAPE($,$,(#2155,#2156));
#2158= IFCMECHANICALFASTENER('2FkwON2OX0OAwzSu5EHJbL',#1799,'Bolt assembly',$,$,#2154,#2157,'ID8fbba617-0988-4060-aebd-73814e453955',16.,40.);
#2159= IFCCARTESIANPOINT((17003.7497221755,25675.2104826052,109485.));
#2160= IFCAXIS2PLACEMENT3D(#2159,#8,#57);
#2161= IFCLOCALPLACEMENT(#2066,#2160);
#2162= IFCSHAPEREPRESENTATION(#12,'Body','Brep',(#1897));
#2163= IFCSHAPEREPRESENTATION(#13,'Axis','GeometricCurveSet',(#1899,#1902));
#2164= IFCPRODUCTDEFINITIONSHAPE($,$,(#2162,#2163));
#2165= IFCFASTENER('03bBcNts99ZOW0c7nwGA77',#1799,'Weld',$,$,#2161,#2164,'ID0394b997-df62-498d-8800-987c7a40a1c7');
#2166= IFCPROPERTYSINGLEVALUE('WeldID',$,IFCINTEGER(114113857),$);
#2167= IFCPROPERTYSET('2CARs_79H8ZRvYwypxTNrx',#5,'AISC_EM11_Pset_Weld','WeldIdentity',(#1906,#1907,#1908,#1909,#2166,#1911,#1912,#1913,#1914,#1915,#1916,#1917,#1918,#1919,#1920,#1921));
#2168= IFCCARTESIANPOINT((17006.7497253755,25730.2104832052,109360.));
#2169= IFCAXIS2PLACEMENT3D(#2168,#9,#1222);
#2170= IFCLOCALPLACEMENT(#2066,#2169);
#2171= IFCSHAPEREPRESENTATION(#12,'Body','SweptSolid',(#1929));
#2172= IFCPRODUCTDEFINITIONSHAPE($,$,(#2171));
#2173= IFCDISCRETEACCESSORY('2P3mH2hTvFOQn$63p5T6lU',#1799,'Support section',$,$,#2170,#2172,'1477');
#2174= IFCLOCALPLACEMENT(#2066,#2153);
#2175= IFCSHAPEREPRESENTATION(#12,'Body','MappedRepresentation',(#1940,#1941,#1942,#1943));
#2176= IFCPRODUCTDEFINITIONSHAPE($,$,(#2175));
#2177= IFCOPENINGELEMENT('3UD$z3ZHf0Jv42JfDOs8gW',#5,$,$,'Opening',#2174,#2176,$);
#2178= IFCRELVOIDSELEMENT('1vq86L57T22ALK3VfUYHw3',#5,'Drill Hole',$,#2173,#2177);
#2179= IFCLOCALPLACEMENT(#42,#10);
#2180= IFCELEMENTASSEMBLY('3VosX7iKX5SeIswQgHGaBx',#1799,'BEAM',$,$,#2179,$,'B/840',.NOTDEFINED.,.RIGID_FRAME.);
#2181= IFCCARTESIANPOINT((85000.0035411539,185.210482605202,109650.));
#2182= IFCAXIS2PLACEMENT3D(#2181,#8,#57);
#2183= IFCLOCALPLACEMENT(#2179,#2182);
#2184= IFCSHAPEREPRESENTATION(#12,'Body','MappedRepresentation',(#1823,#1826,#1829,#1832));
#2185= IFCSHAPEREPRESENTATION(#12,'Axis','MappedRepresentation',(#1837,#1838,#1839,#1840));
#2186= IFCPRODUCTDEFINITIONSHAPE($,$,(#2184,#2185));
#2187= IFCMECHANICALFASTENER('0j25QKLln5z9AEnyaCtRgP',#1799,'Bolt assembly',$,$,#2183,#2186,'ID2d085694-56fc-45f4-928e-c7c90cddba99',16.,40.);
#2188= IFCLOCALPLACEMENT(#42,#10);
#2189= IFCELEMENTASSEMBLY('2RzI6ZZsfFQuIIRr303CIu',#1799,'COLUMN',$,$,#2188,$,'C/47',.NOTDEFINED.,.RIGID_FRAME.);
#2190= IFCCARTESIANPOINT((85003.7535509919,175.210482605202,109485.));
#2191= IFCAXIS2PLACEMENT3D(#2190,#8,#57);
#2192= IFCLOCALPLACEMENT(#2188,#2191);
#2193= IFCSHAPEREPRESENTATION(#12,'Body','Brep',(#1897));
#2194= IFCSHAPEREPRESENTATION(#13,'Axis','GeometricCurveSet',(#1899,#1902));
#2195= IFCPRODUCTDEFINITIONSHAPE($,$,(#2193,#2194));
#2196= IFCFASTENER('3D089A5J15_gGdqD1WRZDe',#1799,'Weld',$,$,#2192,#2195,'IDcd00824a-1530-45fa-a427-d0d0606e3368');
#2197= IFCPROPERTYSINGLEVALUE('WeldID',$,IFCINTEGER(114113578),$);
#2198= IFCPROPERTYSET('0sCbnwdHL0kwDxGDDlCmrF',#5,'AISC_EM11_Pset_Weld','WeldIdentity',(#1906,#1907,#1908,#1909,#2197,#1911,#1912,#1913,#1914,#1915,#1916,#1917,#1918,#1919,#1920,#1921));
#2199= IFCCARTESIANPOINT((85006.7535411539,230.210480760202,109360.));
#2200= IFCAXIS2PLACEMENT3D(#2199,#9,#1222);
#2201= IFCLOCALPLACEMENT(#2188,#2200);
#2202= IFCSHAPEREPRESENTATION(#12,'Body','SweptSolid',(#1929));
#2203= IFCPRODUCTDEFINITIONSHAPE($,$,(#2202));
#2204= IFCDISCRETEACCESSORY('2DcS8IPBzDGBIfVACfZexR',#1799,'Support section',$,$,#2201,#2203,'1477');
#2205= IFCLOCALPLACEMENT(#2188,#2182);
#2206= IFCSHAPEREPRESENTATION(#12,'Body','MappedRepresentation',(#1940,#1941,#1942,#1943));
#2207= IFCPRODUCTDEFINITIONSHAPE($,$,(#2206));
#2208= IFCOPENINGELEMENT('2naTG834v1KxOxOZebWlcK',#5,$,$,'Opening',#2205,#2207,$);
#2209= IFCRELVOIDSELEMENT('3hixey9LfB8PSwo2Df5e7k',#5,'Drill Hole',$,#2204,#2208);
#2210= IFCLOCALPLACEMENT(#42,#10);
#2211= IFCELEMENTASSEMBLY('2e6m0VUVv19QzVqYXP4OAV',#1799,'BEAM',$,$,#2210,$,'B/842',.NOTDEFINED.,.RIGID_FRAME.);
#2212= IFCCARTESIANPOINT((85184.9994506836,0.00050735659452839,109650.));
#2213= IFCAXIS2PLACEMENT3D(#2212,#7,#57);
#2214= IFCLOCALPLACEMENT(#2210,#2213);
#2215= IFCSHAPEREPRESENTATION(#12,'Body','MappedRepresentation',(#1823,#1826,#1829,#1832));
#2216= IFCSHAPEREPRESENTATION(#12,'Axis','MappedRepresentation',(#1837,#1838,#1839,#1840));
#2217= IFCPRODUCTDEFINITIONSHAPE($,$,(#2215,#2216));
#2218= IFCMECHANICALFASTENER('3hitYA_D59e8wzAZirWlBe',#1799,'Bolt assembly',$,$,#2214,#2217,'IDebb3788a-f8d1-49a0-8ebd-2a3b3582f2e8',16.,40.);
#2219= IFCCARTESIANPOINT((85174.9994506836,-3.74948282340564,109485.));
#2220= IFCAXIS2PLACEMENT3D(#2219,#7,#57);
#2221= IFCLOCALPLACEMENT(#2188,#2220);
#2222= IFCSHAPEREPRESENTATION(#12,'Body','Brep',(#1897));
#2223= IFCSHAPEREPRESENTATION(#13,'Axis','GeometricCurveSet',(#1899,#1902));
#2224= IFCPRODUCTDEFINITIONSHAPE($,$,(#2222,#2223));
#2225= IFCFASTENER('2x73HqhoLAxu$$zqWjDO$Y',#1799,'Weld',$,$,#2221,#2224,'IDbb1c3474-af25-4aef-8fff-f7482d358fe2');
#2226= IFCPROPERTYSINGLEVALUE('WeldID',$,IFCINTEGER(114112914),$);
#2227= IFCPROPERTYSET('3FZNUZcNTBgh2ndsagLRLW',#5,'AISC_EM11_Pset_Weld','WeldIdentity',(#1906,#1907,#1908,#1909,#2226,#1911,#1912,#1913,#1914,#1915,#1916,#1917,#1918,#1919,#1920,#1921));
#2228= IFCCARTESIANPOINT((85229.9994525248,-6.74949264340593,109360.));
#2229= IFCAXIS2PLACEMENT3D(#2228,#9,#675);
#2230= IFCLOCALPLACEMENT(#2188,#2229);
#2231= IFCSHAPEREPRESENTATION(#12,'Body','SweptSolid',(#1929));
#2232= IFCPRODUCTDEFINITIONSHAPE($,$,(#2231));
#2233= IFCDISCRETEACCESSORY('2Ds4OMy212nR911bcXgF39',#1799,'Support section',$,$,#2230,#2232,'1477');
#2234= IFCLOCALPLACEMENT(#2188,#2213);
#2235= IFCSHAPEREPRESENTATION(#12,'Body','MappedRepresentation',(#1940,#1941,#1942,#1943));
#2236= IFCPRODUCTDEFINITIONSHAPE($,$,(#2235));
#2237= IFCOPENINGELEMENT('2x$Egn_29EiPSoECJGrkXY',#5,$,$,'Opening',#2234,#2236,$);
#2238= IFCRELVOIDSELEMENT('36W8gXbI969Ost3A0yadkh',#5,'Drill Hole',$,#2233,#2237);
#2239= IFCLOCALPLACEMENT(#42,#10);
#2240= IFCELEMENTASSEMBLY('1bjja7U35B8ghymjMUw7FV',#1799,'BEAM',$,$,#2239,$,'B/1576',.NOTDEFINED.,.RIGID_FRAME.);
#2241= IFCCARTESIANPOINT((85000.0035408061,-184.789517394798,109650.));
#2242= IFCAXIS2PLACEMENT3D(#2241,#1222,#57);
#2243= IFCLOCALPLACEMENT(#2239,#2242);
#2244= IFCCARTESIANPOINT((0.,3.74991751976387,0.));
#2245= IFCAXIS2PLACEMENT3D(#2244,#8,#7);
#2246= IFCEXTRUDEDAREASOLID(#78,#2245,#9,8.);
#2247= IFCCARTESIANPOINT((0.,11.7499175197639,0.));
#2248= IFCAXIS2PLACEMENT3D(#2247,#8,#7);
#2249= IFCEXTRUDEDAREASOLID(#67,#2248,#9,13.);
#2250= IFCSHAPEREPRESENTATION(#12,'Body','SweptSolid',(#1809,#1812,#2246,#2249));
#2251= IFCREPRESENTATIONMAP(#10,#2250);
#2252= IFCMAPPEDITEM(#2251,#1820);
#2253= IFCMAPPEDITEM(#2251,#1825);
#2254= IFCMAPPEDITEM(#2251,#1828);
#2255= IFCMAPPEDITEM(#2251,#1831);
#2256= IFCSHAPEREPRESENTATION(#12,'Body','MappedRepresentation',(#2252,#2253,#2254,#2255));
#2257= IFCSHAPEREPRESENTATION(#12,'Axis','MappedRepresentation',(#1837,#1838,#1839,#1840));
#2258= IFCPRODUCTDEFINITIONSHAPE($,$,(#2256,#2257));
#2259= IFCMECHANICALFASTENER('3HUzz$AEnDk9XZ_ZRmI$aY',#1799,'Bolt assembly',$,$,#2243,#2258,'IDd17bdf7f-28ec-4db8-9863-fa36f04bf922',16.,40.);
#2260= IFCCARTESIANPOINT((84996.2535820352,-174.789517394798,109485.));
#2261= IFCAXIS2PLACEMENT3D(#2260,#1222,#57);
#2262= IFCLOCALPLACEMENT(#2188,#2261);
#2263= IFCSHAPEREPRESENTATION(#12,'Body','Brep',(#1897));
#2264= IFCSHAPEREPRESENTATION(#13,'Axis','GeometricCurveSet',(#1899,#1902));
#2265= IFCPRODUCTDEFINITIONSHAPE($,$,(#2263,#2264));
#2266= IFCFASTENER('0OCdcW3j15FgRggnQXdBRm',#1799,'Weld',$,$,#2262,#2265,'ID183279a0-0ed0-453e-a6ea-ab16a19cb6f0');
#2267= IFCPROPERTYSINGLEVALUE('WeldID',$,IFCINTEGER(114112633),$);
#2268= IFCPROPERTYSET('2ZGPy0gEz8qPD0QB6y$E8i',#5,'AISC_EM11_Pset_Weld','WeldIdentity',(#1906,#1907,#1908,#1909,#2267,#1911,#1912,#1913,#1914,#1915,#1916,#1917,#1918,#1919,#1920,#1921));
#2269= IFCCARTESIANPOINT((84993.2535408061,-229.789525127298,109360.));
#2270= IFCAXIS2PLACEMENT3D(#2269,#9,#8);
#2271= IFCLOCALPLACEMENT(#2188,#2270);
#2272= IFCSHAPEREPRESENTATION(#12,'Body','SweptSolid',(#1929));
#2273= IFCPRODUCTDEFINITIONSHAPE($,$,(#2272));
#2274= IFCDISCRETEACCESSORY('1biehZCi16dBR7Ony7xV47',#1799,'Support section',$,$,#2271,#2273,'1477');
#2275= IFCLOCALPLACEMENT(#2188,#2242);
#2276= IFCSHAPEREPRESENTATION(#12,'Body','MappedRepresentation',(#1940,#1941,#1942,#1943));
#2277= IFCPRODUCTDEFINITIONSHAPE($,$,(#2276));
#2278= IFCOPENINGELEMENT('2Y8FXcsR92WxZxvMDMJP7F',#5,$,$,'Opening',#2275,#2277,$);
#2279= IFCRELVOIDSELEMENT('1IYq4IjxPCGOnUr_1pXEkO',#5,'Drill Hole',$,#2274,#2278);
#2280= IFCLOCALPLACEMENT(#42,#10);
#2281= IFCELEMENTASSEMBLY('1OS$c7JYzBaeRsNcjcASOC',#1961,'BEAM',$,$,#2280,$,'B/1578',.NOTDEFINED.,.RIGID_FRAME.);
#2282= IFCPROPERTYSINGLEVALUE('AssemblyMark',$,IFCIDENTIFIER('B/1578'),$);
#2283= IFCPROPERTYSET('3f7eL5lFHCaO1i4cb7gNys',#5,'AISC_EM11_Pset_AssemblyIdentification','AssemblyIdentity',(#2282,#52,#53));
#2284= IFCCARTESIANPOINT((84814.9994506836,0.000507354736328125,109650.));
#2285= IFCAXIS2PLACEMENT3D(#2284,#675,#57);
#2286= IFCLOCALPLACEMENT(#2280,#2285);
#2287= IFCSHAPEREPRESENTATION(#12,'Body','MappedRepresentation',(#1823,#1826,#1829,#1832));
#2288= IFCSHAPEREPRESENTATION(#12,'Axis','MappedRepresentation',(#1837,#1838,#1839,#1840));
#2289= IFCPRODUCTDEFINITIONSHAPE($,$,(#2287,#2288));
#2290= IFCMECHANICALFASTENER('1gALx69DT6Fw8dxfgv0tjH',#1799,'Bolt assembly',$,$,#2286,#2289,'ID6a295ec6-24d7-463f-a227-ee9ab9037b51',16.,40.);
#2291= IFCCARTESIANPOINT((84824.9994506836,3.75050735473633,109485.));
#2292= IFCAXIS2PLACEMENT3D(#2291,#675,#57);
#2293= IFCLOCALPLACEMENT(#2188,#2292);
#2294= IFCSHAPEREPRESENTATION(#12,'Body','Brep',(#1897));
#2295= IFCSHAPEREPRESENTATION(#13,'Axis','GeometricCurveSet',(#1899,#1902));
#2296= IFCPRODUCTDEFINITIONSHAPE($,$,(#2294,#2295));
#2297= IFCFASTENER('3XFO5ug5fDlvY3hCoZJGw2',#1799,'Weld',$,$,#2293,#2296,'IDe13d8178-a85a-4dbf-9883-accca34d0e82');
#2298= IFCPROPERTYSINGLEVALUE('WeldID',$,IFCINTEGER(114112319),$);
#2299= IFCPROPERTYSET('0x5AHp8G12vvY6Oa$vak3A',#5,'AISC_EM11_Pset_Weld','WeldIdentity',(#1906,#1907,#1908,#1909,#2298,#1911,#1912,#1913,#1914,#1915,#1916,#1917,#1918,#1919,#1920,#1921));
#2300= IFCCARTESIANPOINT((84769.9994506836,6.75050735473633,109360.));
#2301= IFCAXIS2PLACEMENT3D(#2300,#9,#7);
#2302= IFCLOCALPLACEMENT(#2188,#2301);
#2303= IFCSHAPEREPRESENTATION(#12,'Body','SweptSolid',(#1929));
#2304= IFCPRODUCTDEFINITIONSHAPE($,$,(#2303));
#2305= IFCDISCRETEACCESSORY('2797V6Ll9DhAc6oeYLIbge',#1799,'Support section',$,$,#2302,#2304,'1477');
#2306= IFCLOCALPLACEMENT(#2188,#2285);
#2307= IFCSHAPEREPRESENTATION(#12,'Body','MappedRepresentation',(#1940,#1941,#1942,#1943));
#2308= IFCPRODUCTDEFINITIONSHAPE($,$,(#2307));
#2309= IFCOPENINGELEMENT('1BEVVJNdPD$gFz7EcHitx6',#5,$,$,'Opening',#2306,#2308,$);
#2310= IFCRELVOIDSELEMENT('376R1leVj9I8TTDaFcddiC',#5,'Drill Hole',$,#2305,#2309);
#2311= IFCLOCALPLACEMENT(#42,#10);
#2312= IFCELEMENTASSEMBLY('1pXWy3QN97jebZPc$1hHq2',#1799,'BEAM',$,$,#2311,$,'B/874',.NOTDEFINED.,.RIGID_FRAME.);
#2313= IFCCARTESIANPOINT((85000.0035322714,25315.2104826052,109650.));
#2314= IFCAXIS2PLACEMENT3D(#2313,#1222,#57);
#2315= IFCLOCALPLACEMENT(#2311,#2314);
#2316= IFCSHAPEREPRESENTATION(#12,'Body','MappedRepresentation',(#1823,#1826,#1829,#1832));
#2317= IFCSHAPEREPRESENTATION(#12,'Axis','MappedRepresentation',(#1837,#1838,#1839,#1840));
#2318= IFCPRODUCTDEFINITIONSHAPE($,$,(#2316,#2317));
#2319= IFCMECHANICALFASTENER('38LVi0EPbBeB6BsSgLEKBN',#1799,'Bolt assembly',$,$,#2315,#2318,'IDc855fb00-3999-4ba0-b18b-d9ca953942d7',16.,40.);
#2320= IFCLOCALPLACEMENT(#42,#10);
#2321= IFCELEMENTASSEMBLY('3MfonTgAzATgQ$MMzCmSUx',#1799,'COLUMN',$,$,#2320,$,'C/47',.NOTDEFINED.,.RIGID_FRAME.);
#2322= IFCCARTESIANPOINT((84996.2535421211,25325.2104826052,109485.));
#2323= IFCAXIS2PLACEMENT3D(#2322,#1222,#57);
#2324= IFCLOCALPLACEMENT(#2320,#2323);
#2325= IFCSHAPEREPRESENTATION(#12,'Body','Brep',(#1897));
#2326= IFCSHAPEREPRESENTATION(#13,'Axis','GeometricCurveSet',(#1899,#1902));
#2327= IFCPRODUCTDEFINITIONSHAPE($,$,(#2325,#2326));
#2328= IFCFASTENER('0xFRHpU_n1UxdOVxznBZ4X',#1799,'Weld',$,$,#2324,#2327,'ID3b3db473-7bec-417b-b9d8-7fbf712e3121');
#2329= IFCPROPERTYSINGLEVALUE('WeldID',$,IFCINTEGER(114109053),$);
#2330= IFCPROPERTYSET('2wEG4udtD8VvvP2tMG89zz',#5,'AISC_EM11_Pset_Weld','WeldIdentity',(#1906,#1907,#1908,#1909,#2329,#1911,#1912,#1913,#1914,#1915,#1916,#1917,#1918,#1919,#1920,#1921));
#2331= IFCCARTESIANPOINT((84993.2535322714,25270.210480764,109360.));
#2332= IFCAXIS2PLACEMENT3D(#2331,#9,#8);
#2333= IFCLOCALPLACEMENT(#2320,#2332);
#2334= IFCSHAPEREPRESENTATION(#12,'Body','SweptSolid',(#1929));
#2335= IFCPRODUCTDEFINITIONSHAPE($,$,(#2334));
#2336= IFCDISCRETEACCESSORY('0RaZVURfvD3OHd78BG7cDl',#1799,'Support section',$,$,#2333,#2335,'1477');
#2337= IFCLOCALPLACEMENT(#2320,#2314);
#2338= IFCSHAPEREPRESENTATION(#12,'Body','MappedRepresentation',(#1940,#1941,#1942,#1943));
#2339= IFCPRODUCTDEFINITIONSHAPE($,$,(#2338));
#2340= IFCOPENINGELEMENT('2CRfbjL_PCtfBCgxevSuev',#5,$,$,'Opening',#2337,#2339,$);
#2341= IFCRELVOIDSELEMENT('2EtmWJk6LAjPUoUpMlRWxt',#5,'Drill Hole',$,#2336,#2340);
#2342= IFCLOCALPLACEMENT(#42,#10);
#2343= IFCELEMENTASSEMBLY('3O6aOyJhz8rvZCX4ZFPEqv',#1799,'BEAM',$,$,#2342,$,'B/842',.NOTDEFINED.,.RIGID_FRAME.);
#2344= IFCCARTESIANPOINT((85184.9994506836,25500.0000299506,109650.));
#2345= IFCAXIS2PLACEMENT3D(#2344,#7,#57);
#2346= IFCLOCALPLACEMENT(#2342,#2345);
#2347= IFCSHAPEREPRESENTATION(#12,'Body','MappedRepresentation',(#1823,#1826,#1829,#1832));
#2348= IFCSHAPEREPRESENTATION(#12,'Axis','MappedRepresentation',(#1837,#1838,#1839,#1840));
#2349= IFCPRODUCTDEFINITIONSHAPE($,$,(#2347,#2348));
#2350= IFCMECHANICALFASTENER('3MTxtIkVf5cg17VE1r$XEh',#1799,'Bolt assembly',$,$,#2346,#2349,'IDd677bdd2-b9fa-459a-a047-7ce075fe13ab',16.,40.);
#2351= IFCCARTESIANPOINT((85174.9994506836,25496.2500305306,109485.));
#2352= IFCAXIS2PLACEMENT3D(#2351,#7,#57);
#2353= IFCLOCALPLACEMENT(#2320,#2352);
#2354= IFCSHAPEREPRESENTATION(#12,'Body','Brep',(#1897));
#2355= IFCSHAPEREPRESENTATION(#13,'Axis','GeometricCurveSet',(#1899,#1902));
#2356= IFCPRODUCTDEFINITIONSHAPE($,$,(#2354,#2355));
#2357= IFCFASTENER('3rs2sWGg91dP_6V5aoVUZw',#1799,'Weld',$,$,#2353,#2356,'IDf5d82da0-42a2-419d-9f86-7c59327de8fa');
#2358= IFCPROPERTYSINGLEVALUE('WeldID',$,IFCINTEGER(114108788),$);
#2359= IFCPROPERTYSET('2evDk9x196VQbRFzRcaJ$_',#5,'AISC_EM11_Pset_Weld','WeldIdentity',(#1906,#1907,#1908,#1909,#2358,#1911,#1912,#1913,#1914,#1915,#1916,#1917,#1918,#1919,#1920,#1921));
#2360= IFCCARTESIANPOINT((85229.9994507923,25493.2500299506,109360.));
#2361= IFCAXIS2PLACEMENT3D(#2360,#9,#675);
#2362= IFCLOCALPLACEMENT(#2320,#2361);
#2363= IFCSHAPEREPRESENTATION(#12,'Body','SweptSolid',(#1929));
#2364= IFCPRODUCTDEFINITIONSHAPE($,$,(#2363));
#2365= IFCDISCRETEACCESSORY('1whcVHbZX8MPxHbXsdrfkV',#1799,'Support section',$,$,#2362,#2364,'1477');
#2366= IFCLOCALPLACEMENT(#2320,#2345);
#2367= IFCSHAPEREPRESENTATION(#12,'Body','MappedRepresentation',(#1940,#1941,#1942,#1943));
#2368= IFCPRODUCTDEFINITIONSHAPE($,$,(#2367));
#2369= IFCOPENINGELEMENT('1C1$cWN6v7cgcA9bXvBcxP',#5,$,$,'Opening',#2366,#2368,$);
#2370= IFCRELVOIDSELEMENT('33RNiDBBr3uecirNHR3gKt',#5,'Drill Hole',$,#2365,#2369);
#2371= IFCLOCALPLACEMENT(#42,#10);
#2372= IFCELEMENTASSEMBLY('0stYxtPev4XO6_4aQ8UJXP',#1961,'BEAM',$,$,#2371,$,'B/1604',.NOTDEFINED.,.RIGID_FRAME.);
#2373= IFCCARTESIANPOINT((84814.9994506836,25500.0000305176,109650.));
#2374= IFCAXIS2PLACEMENT3D(#2373,#675,#57);
#2375= IFCLOCALPLACEMENT(#2371,#2374);
#2376= IFCSHAPEREPRESENTATION(#12,'Body','MappedRepresentation',(#1823,#1826,#1829,#1832));
#2377= IFCSHAPEREPRESENTATION(#12,'Axis','MappedRepresentation',(#1837,#1838,#1839,#1840));
#2378= IFCPRODUCTDEFINITIONSHAPE($,$,(#2376,#2377));
#2379= IFCMECHANICALFASTENER('2NEgC2yDPAihbFwcriB6DQ',#1799,'Bolt assembly',$,$,#2375,#2378,'ID973aa302-f0d6-4ab2-b94f-ea6d6c2c635a',16.,40.);
#2380= IFCCARTESIANPOINT((84824.9994506836,25503.7500305176,109485.));
#2381= IFCAXIS2PLACEMENT3D(#2380,#675,#57);
#2382= IFCLOCALPLACEMENT(#2320,#2381);
#2383= IFCSHAPEREPRESENTATION(#12,'Body','Brep',(#1897));
#2384= IFCSHAPEREPRESENTATION(#13,'Axis','GeometricCurveSet',(#1899,#1902));
#2385= IFCPRODUCTDEFINITIONSHAPE($,$,(#2383,#2384));
#2386= IFCFASTENER('0gXypqay9A98M6V3ITu68x',#1799,'Weld',$,$,#2382,#2385,'ID2a87ccf4-93c2-4a24-8586-7c349de0623b');
#2387= IFCPROPERTYSINGLEVALUE('WeldID',$,IFCINTEGER(114108509),$);
#2388= IFCPROPERTYSET('3CRJYRz9z2sv_4x2X_1aWg',#5,'AISC_EM11_Pset_Weld','WeldIdentity',(#1906,#1907,#1908,#1909,#2387,#1911,#1912,#1913,#1914,#1915,#1916,#1917,#1918,#1919,#1920,#1921));
#2389= IFCCARTESIANPOINT((84769.9994506836,25506.7500305176,109360.));
#2390= IFCAXIS2PLACEMENT3D(#2389,#9,#7);
#2391= IFCLOCALPLACEMENT(#2320,#2390);
#2392= IFCSHAPEREPRESENTATION(#12,'Body','SweptSolid',(#1929));
#2393= IFCPRODUCTDEFINITIONSHAPE($,$,(#2392));
#2394= IFCDISCRETEACCESSORY('0RwYkJvdL9AO1LdUgXff1Y',#1799,'Support section',$,$,#2391,#2393,'1477');
#2395= IFCLOCALPLACEMENT(#2320,#2374);
#2396= IFCSHAPEREPRESENTATION(#12,'Body','MappedRepresentation',(#1940,#1941,#1942,#1943));
#2397= IFCPRODUCTDEFINITIONSHAPE($,$,(#2396));
#2398= IFCOPENINGELEMENT('0IxkY_PVHDoBoI_d2rnDRO',#5,$,$,'Opening',#2395,#2397,$);
#2399= IFCRELVOIDSELEMENT('16Wz3eq2T8xgFIX8LM4dH5',#5,'Drill Hole',$,#2394,#2398);
#2400= IFCLOCALPLACEMENT(#42,#10);
#2401= IFCELEMENTASSEMBLY('0ZOvLUz5TDyeFRFP5pNrs7',#1799,'BEAM',$,$,#2400,$,'B/1603',.NOTDEFINED.,.RIGID_FRAME.);
#2402= IFCPROPERTYSINGLEVALUE('AssemblyMark',$,IFCIDENTIFIER('B/1603'),$);
#2403= IFCPROPERTYSET('1blNzEfhz8IAbiKFZvHflm',#5,'AISC_EM11_Pset_AssemblyIdentification','AssemblyIdentity',(#2402,#52,#53));
#2404= IFCCARTESIANPOINT((85000.0035400391,25685.2104826052,109650.));
#2405= IFCAXIS2PLACEMENT3D(#2404,#8,#57);
#2406= IFCLOCALPLACEMENT(#2400,#2405);
#2407= IFCSHAPEREPRESENTATION(#12,'Body','MappedRepresentation',(#1823,#1826,#1829,#1832));
#2408= IFCSHAPEREPRESENTATION(#12,'Axis','MappedRepresentation',(#1837,#1838,#1839,#1840));
#2409= IFCPRODUCTDEFINITIONSHAPE($,$,(#2407,#2408));
#2410= IFCMECHANICALFASTENER('3Httpzm397PwvVn6R4NW7O',#1799,'Bolt assembly',$,$,#2406,#2409,'IDd1df7cfd-c032-4767-ae5f-c466c45e01d8',16.,40.);
#2411= IFCCARTESIANPOINT((85003.7535400391,25675.2104826052,109485.));
#2412= IFCAXIS2PLACEMENT3D(#2411,#8,#57);
#2413= IFCLOCALPLACEMENT(#2320,#2412);
#2414= IFCSHAPEREPRESENTATION(#12,'Body','Brep',(#1897));
#2415= IFCSHAPEREPRESENTATION(#13,'Axis','GeometricCurveSet',(#1899,#1902));
#2416= IFCPRODUCTDEFINITIONSHAPE($,$,(#2414,#2415));
#2417= IFCFASTENER('36rEzIFlD6mv8pGRutxHqf',#1799,'Weld',$,$,#2413,#2416,'IDc6d4ef52-3ef3-46c3-9233-41be37ed1d29');
#2418= IFCPROPERTYSINGLEVALUE('WeldID',$,IFCINTEGER(114108229),$);
#2419= IFCPROPERTYSET('2yPen2IpT4zRFyNE3afKwo',#5,'AISC_EM11_Pset_Weld','WeldIdentity',(#1906,#1907,#1908,#1909,#2418,#1911,#1912,#1913,#1914,#1915,#1916,#1917,#1918,#1919,#1920,#1921));
#2420= IFCCARTESIANPOINT((85006.7535400391,25730.2104826052,109360.));
#2421= IFCAXIS2PLACEMENT3D(#2420,#9,#1222);
#2422= IFCLOCALPLACEMENT(#2320,#2421);
#2423= IFCSHAPEREPRESENTATION(#12,'Body','SweptSolid',(#1929));
#2424= IFCPRODUCTDEFINITIONSHAPE($,$,(#2423));
#2425= IFCDISCRETEACCESSORY('0Y__O_Ebf1yf1Jo$lrDfz_',#1799,'Support section',$,$,#2422,#2424,'1477');
#2426= IFCLOCALPLACEMENT(#2320,#2405);
#2427= IFCSHAPEREPRESENTATION(#12,'Body','MappedRepresentation',(#1940,#1941,#1942,#1943));
#2428= IFCPRODUCTDEFINITIONSHAPE($,$,(#2427));
#2429= IFCOPENINGELEMENT('30a5pjB_jBlvrYcQ08JqJy',#5,$,$,'Opening',#2426,#2428,$);
#2430= IFCRELVOIDSELEMENT('2qvgk6Q353G8zxTxdQKybr',#5,'Drill Hole',$,#2425,#2429);
#2431= IFCOWNERHISTORY(#3,#4,$,.NOCHANGE.,$,$,$,1778875200);
#2432= IFCLOCALPLACEMENT(#42,#10);
#2433= IFCELEMENTASSEMBLY('1uWfQge7918xTB2s71Cg75',#2431,'COLUMN',$,$,#2432,$,'C/131',.NOTDEFINED.,.REINFORCEMENT_UNIT.);
#2434= IFCPROPERTYSINGLEVALUE('AssemblyMark',$,IFCIDENTIFIER('C/131'),$);
#2435= IFCPROPERTYSET('1fE4OknRrFagqjXX_kfsvI',#5,'AISC_EM11_Pset_AssemblyIdentification','AssemblyIdentity',(#2434,#52,#53));
#2436= IFCCARTESIANPOINT((72600.249206543,12750.2065582275,56850.));
#2437= IFCAXIS2PLACEMENT3D(#2436,#9,#1222);
#2438= IFCLOCALPLACEMENT(#2432,#2437);
#2439= IFCRECTANGLEPROFILEDEF(.AREA.,'CUT400*8760',#73,400.,8760.);
#2440= IFCEXTRUDEDAREASOLID(#2439,#1572,#9,4000.);
#2441= IFCSHAPEREPRESENTATION(#12,'Body','SweptSolid',(#2440));
#2442= IFCPRODUCTDEFINITIONSHAPE($,$,(#2441));
#2443= IFCCOLUMN('3GwiDcWt11av8MdRhfxd9P',#2431,'main piece','CUT400*8760','CUT400*8760',#2438,#2442,'Hormig\S\sn_C-1/32');
#2444= IFCPROPERTYSINGLEVALUE('IndicationMark',$,IFCIDENTIFIER('Hormig\S\sn_C-1/32'),$);
#2445= IFCPROPERTYSET('278d1erxb5I8mV1mj6Ro6M',#5,'AISC_EM11_Pset_PieceIdentification','PieceIdentity',(#1577,#2444,#1231,#1232));
#2446= IFCLOCALPLACEMENT(#42,#10);
#2447= IFCELEMENTASSEMBLY('2I8G_9kkT9SuvFNV0T2j9J',#2431,'COLUMN',$,$,#2446,$,'C/131',.NOTDEFINED.,.REINFORCEMENT_UNIT.);
#2448= IFCCARTESIANPOINT((72600.249206543,12750.2065582275,60850.));
#2449= IFCAXIS2PLACEMENT3D(#2448,#9,#1222);
#2450= IFCLOCALPLACEMENT(#2446,#2449);
#2451= IFCSHAPEREPRESENTATION(#12,'Body','SweptSolid',(#2440));
#2452= IFCPRODUCTDEFINITIONSHAPE($,$,(#2451));
#2453= IFCCOLUMN('0$vU3o4Z15dR0lOh8flz7R',#2431,'main piece','CUT400*8760','CUT400*8760',#2450,#2452,'Hormig\S\sn_C-1/32');
#2454= IFCLOCALPLACEMENT(#42,#10);
#2455= IFCELEMENTASSEMBLY('3dZDp2k795z85hleUMscvt',#2431,'COLUMN',$,$,#2454,$,'C/134',.NOTDEFINED.,.REINFORCEMENT_UNIT.);
#2456= IFCPROPERTYSINGLEVALUE('AssemblyMark',$,IFCIDENTIFIER('C/134'),$);
#2457= IFCPROPERTYSET('0o2U0beKb4yQ52JOJrng8y',#5,'AISC_EM11_Pset_AssemblyIdentification','AssemblyIdentity',(#2456,#52,#53));
#2458= IFCCARTESIANPOINT((51000.2011413574,12750.1685256958,60850.));
#2459= IFCAXIS2PLACEMENT3D(#2458,#9,#1222);
#2460= IFCLOCALPLACEMENT(#2454,#2459);
#2461= IFCRECTANGLEPROFILEDEF(.AREA.,'CUT400*7250',#73,400.,7250.);
#2462= IFCCARTESIANPOINT((0.,0.,4387.64296993532));
#2463= IFCAXIS2PLACEMENT3D(#2462,#57,#8);
#2464= IFCEXTRUDEDAREASOLID(#2461,#2463,#9,4387.64);
#2465= IFCSHAPEREPRESENTATION(#12,'Body','SweptSolid',(#2464));
#2466= IFCPRODUCTDEFINITIONSHAPE($,$,(#2465));
#2467= IFCCOLUMN('0WjClUkN18Mgtp7_XOhTY0',#2431,'main piece','CUT400*7250','CUT400*7250',#2460,#2466,'Hormig\S\sn_C-1/35');
#2468= IFCPROPERTYSINGLEVALUE('IndicationMark',$,IFCIDENTIFIER('Hormig\S\sn_C-1/35'),$);
#2469= IFCPROPERTYSET('1t154AQAD0NQrVTn51qTb4',#5,'AISC_EM11_Pset_PieceIdentification','PieceIdentity',(#1577,#2468,#1231,#1232));
#2470= IFCLOCALPLACEMENT(#42,#10);
#2471= IFCELEMENTASSEMBLY('03RmU6BZbBwvqhfAtYFw2r',#2431,'COLUMN',$,$,#2470,$,'C/125',.NOTDEFINED.,.REINFORCEMENT_UNIT.);
#2472= IFCPROPERTYSINGLEVALUE('AssemblyMark',$,IFCIDENTIFIER('C/125'),$);
#2473= IFCPROPERTYSET('2lbqh9jzT95QEhwYC7wZJR',#5,'AISC_EM11_Pset_AssemblyIdentification','AssemblyIdentity',(#2472,#52,#53));
#2474= IFCCARTESIANPOINT((51000.2011413574,12750.1685256958,56850.));
#2475= IFCAXIS2PLACEMENT3D(#2474,#9,#1222);
#2476= IFCLOCALPLACEMENT(#2470,#2475);
#2477= IFCEXTRUDEDAREASOLID(#2461,#1572,#9,4000.);
#2478= IFCSHAPEREPRESENTATION(#12,'Body','SweptSolid',(#2477));
#2479= IFCPRODUCTDEFINITIONSHAPE($,$,(#2478));
#2480= IFCCOLUMN('2mkOuR52L1HASdR96ITewK',#2431,'main piece','CUT400*7250','CUT400*7250',#2476,#2479,'Hormig\S\sn_C-1/26');
#2481= IFCPROPERTYSINGLEVALUE('IndicationMark',$,IFCIDENTIFIER('Hormig\S\sn_C-1/26'),$);
#2482= IFCPROPERTYSET('0Ebv3M4qXCyQfa49qWasne',#5,'AISC_EM11_Pset_PieceIdentification','PieceIdentity',(#1577,#2481,#1231,#1232));
#2483= IFCLOCALPLACEMENT(#42,#10);
#2484= IFCELEMENTASSEMBLY('0rEmsenBH65OpsmZxv1ZY1',#2431,'COLUMN',$,$,#2483,$,'C/131',.NOTDEFINED.,.REINFORCEMENT_UNIT.);
#2485= IFCCARTESIANPOINT((29400.1965637207,12750.1247711182,60850.));
#2486= IFCAXIS2PLACEMENT3D(#2485,#9,#1222);
#2487= IFCLOCALPLACEMENT(#2483,#2486);
#2488= IFCSHAPEREPRESENTATION(#12,'Body','SweptSolid',(#2440));
#2489= IFCPRODUCTDEFINITIONSHAPE($,$,(#2488));
#2490= IFCCOLUMN('2lEL9qpfb4j9JE1P$pCcrH',#2431,'main piece','CUT400*8760','CUT400*8760',#2487,#2489,'Hormig\S\sn_C-1/32');
#2491= IFCLOCALPLACEMENT(#42,#10);
#2492= IFCELEMENTASSEMBLY('3rNb4LNSXAQR2pWkFLNEH4',#2431,'COLUMN',$,$,#2491,$,'C/131',.NOTDEFINED.,.REINFORCEMENT_UNIT.);
#2493= IFCCARTESIANPOINT((29400.1965637207,12750.1247711182,56850.));
#2494= IFCAXIS2PLACEMENT3D(#2493,#9,#1222);
#2495= IFCLOCALPLACEMENT(#2491,#2494);
#2496= IFCSHAPEREPRESENTATION(#12,'Body','SweptSolid',(#2440));
#2497= IFCPRODUCTDEFINITIONSHAPE($,$,(#2496));
#2498= IFCCOLUMN('0CRXJxcMfAXPDwBGTI0UhB',#2431,'main piece','CUT400*8760','CUT400*8760',#2495,#2497,'Hormig\S\sn_C-1/32');
#2499= IFCLOCALPLACEMENT(#42,#10);
#2500= IFCELEMENTASSEMBLY('1HXs3HBlP3vBNTReL6qmqV',#2431,'COLUMN',$,$,#2499,$,'C/114',.NOTDEFINED.,.REINFORCEMENT_UNIT.);
#2501= IFCPROPERTYSINGLEVALUE('AssemblyMark',$,IFCIDENTIFIER('C/114'),$);
#2502= IFCPROPERTYSET('0DHkbJDQD8yw02TccB$00G',#5,'AISC_EM11_Pset_AssemblyIdentification','AssemblyIdentity',(#2501,#52,#53));
#2503= IFCCARTESIANPOINT((72249.9847412109,17380.1324005127,60850.));
#2504= IFCAXIS2PLACEMENT3D(#2503,#9,#675);
#2505= IFCLOCALPLACEMENT(#2499,#2504);
#2506= IFCRECTANGLEPROFILEDEF(.AREA.,'CUT500*8500',#73,500.,8500.);
#2507= IFCEXTRUDEDAREASOLID(#2506,#1572,#9,4000.);
#2508= IFCSHAPEREPRESENTATION(#12,'Body','SweptSolid',(#2507));
#2509= IFCPRODUCTDEFINITIONSHAPE($,$,(#2508));
#2510= IFCCOLUMN('3qOdiVRMz7OeFUnmuwtt_4',#2431,'main piece','CUT500*8500','CUT500*8500',#2505,#2509,'Hormig\S\sn_C-1/15');
#2511= IFCPROPERTYSINGLEVALUE('IndicationMark',$,IFCIDENTIFIER('Hormig\S\sn_C-1/15'),$);
#2512= IFCPROPERTYSET('3M26swpJv84wyY5He6Q$9a',#5,'AISC_EM11_Pset_PieceIdentification','PieceIdentity',(#1577,#2511,#1231,#1232));
#2513= IFCLOCALPLACEMENT(#42,#10);
#2514= IFCELEMENTASSEMBLY('2dntDd4ZnCw99wnBVvBnCO',#2431,'COLUMN',$,$,#2513,$,'C/114',.NOTDEFINED.,.REINFORCEMENT_UNIT.);
#2515= IFCCARTESIANPOINT((72249.9847412109,17380.1324005127,56850.0003051758));
#2516= IFCAXIS2PLACEMENT3D(#2515,#9,#675);
#2517= IFCLOCALPLACEMENT(#2513,#2516);
#2518= IFCCARTESIANPOINT((0.,0.,3999.99969482422));
#2519= IFCAXIS2PLACEMENT3D(#2518,#57,#8);
#2520= IFCEXTRUDEDAREASOLID(#2506,#2519,#9,4000.);
#2521= IFCSHAPEREPRESENTATION(#12,'Body','SweptSolid',(#2520));
#2522= IFCPRODUCTDEFINITIONSHAPE($,$,(#2521));
#2523= IFCCOLUMN('1926TDUJPFm8GgvJdK4Arw',#2431,'main piece','CUT500*8500','CUT500*8500',#2517,#2522,'Hormig\S\sn_C-1/15');
#2524= IFCLOCALPLACEMENT(#42,#10);
#2525= IFCELEMENTASSEMBLY('0PuKtNlUz3keu4vSsb8CZL',#2431,'COLUMN',$,$,#2524,$,'C/125',.NOTDEFINED.,.REINFORCEMENT_UNIT.);
#2526= IFCCARTESIANPOINT((51000.1973266602,16625.1561279297,60850.));
#2527= IFCAXIS2PLACEMENT3D(#2526,#9,#675);
#2528= IFCLOCALPLACEMENT(#2524,#2527);
#2529= IFCSHAPEREPRESENTATION(#12,'Body','SweptSolid',(#2477));
#2530= IFCPRODUCTDEFINITIONSHAPE($,$,(#2529));
#2531= IFCCOLUMN('0X4uSVGXP68Ro1pHjfxolz',#2431,'main piece','CUT400*7250','CUT400*7250',#2528,#2530,'Hormig\S\sn_C-1/26');
#2532= IFCLOCALPLACEMENT(#42,#10);
#2533= IFCELEMENTASSEMBLY('1KfgyF$zv0ZP3WlOi7nedS',#2431,'COLUMN',$,$,#2532,$,'C/125',.NOTDEFINED.,.REINFORCEMENT_UNIT.);
#2534= IFCCARTESIANPOINT((51000.1973266602,16625.1561279297,56850.));
#2535= IFCAXIS2PLACEMENT3D(#2534,#9,#675);
#2536= IFCLOCALPLACEMENT(#2532,#2535);
#2537= IFCSHAPEREPRESENTATION(#12,'Body','SweptSolid',(#2477));
#2538= IFCPRODUCTDEFINITIONSHAPE($,$,(#2537));
#2539= IFCCOLUMN('3GJLBXij5DRxLXza8TNWGc',#2431,'main piece','CUT400*7250','CUT400*7250',#2536,#2538,'Hormig\S\sn_C-1/26');
#2540= IFCLOCALPLACEMENT(#42,#10);
#2541= IFCELEMENTASSEMBLY('3Iim$iiznEjQhNm3LSJmac',#2431,'COLUMN',$,$,#2540,$,'C/114',.NOTDEFINED.,.REINFORCEMENT_UNIT.);
#2542= IFCCARTESIANPOINT((29750.1980895996,17380.1324005127,60850.));
#2543= IFCAXIS2PLACEMENT3D(#2542,#9,#675);
#2544= IFCLOCALPLACEMENT(#2540,#2543);
#2545= IFCSHAPEREPRESENTATION(#12,'Body','SweptSolid',(#2507));
#2546= IFCPRODUCTDEFINITIONSHAPE($,$,(#2545));
#2547= IFCCOLUMN('2zWIZCF$b0UuxSKsm7mOQm',#2431,'main piece','CUT500*8500','CUT500*8500',#2544,#2546,'Hormig\S\sn_C-1/15');
#2548= IFCLOCALPLACEMENT(#42,#10);
#2549= IFCELEMENTASSEMBLY('08Ffr4vtf1pu9DTVYJlzJ7',#2431,'COLUMN',$,$,#2548,$,'C/114',.NOTDEFINED.,.REINFORCEMENT_UNIT.);
#2550= IFCCARTESIANPOINT((29750.1980895996,17380.1324005127,56850.));
#2551= IFCAXIS2PLACEMENT3D(#2550,#9,#675);
#2552= IFCLOCALPLACEMENT(#2548,#2551);
#2553= IFCSHAPEREPRESENTATION(#12,'Body','SweptSolid',(#2507));
#2554= IFCPRODUCTDEFINITIONSHAPE($,$,(#2553));
#2555= IFCCOLUMN('0H69vrvcf0KfZf2fWAw5PV',#2431,'main piece','CUT500*8500','CUT500*8500',#2552,#2554,'Hormig\S\sn_C-1/15');
#2556= IFCLOCALPLACEMENT(#42,#10);
#2557= IFCELEMENTASSEMBLY('2qQ9Da3_f9K8SUzI_l_GbV',#2431,'COLUMN',$,$,#2556,$,'C/114',.NOTDEFINED.,.REINFORCEMENT_UNIT.);
#2558= IFCCARTESIANPOINT((72250.,8120.13312530518,60850.));
#2559= IFCAXIS2PLACEMENT3D(#2558,#9,#675);
#2560= IFCLOCALPLACEMENT(#2556,#2559);
#2561= IFCSHAPEREPRESENTATION(#12,'Body','SweptSolid',(#2507));
#2562= IFCPRODUCTDEFINITIONSHAPE($,$,(#2561));
#2563= IFCCOLUMN('1uDJTTz1j3neZhJniy8hTD',#2431,'main piece','CUT500*8500','CUT500*8500',#2560,#2562,'Hormig\S\sn_C-1/15');
#2564= IFCLOCALPLACEMENT(#42,#10);
#2565= IFCELEMENTASSEMBLY('3QM8F75y98kO_OwkqfVDzk',#2431,'COLUMN',$,$,#2564,$,'C/114',.NOTDEFINED.,.REINFORCEMENT_UNIT.);
#2566= IFCCARTESIANPOINT((72250.,8120.13312530518,56850.));
#2567= IFCAXIS2PLACEMENT3D(#2566,#9,#675);
#2568= IFCLOCALPLACEMENT(#2564,#2567);
#2569= IFCSHAPEREPRESENTATION(#12,'Body','SweptSolid',(#2507));
#2570= IFCPRODUCTDEFINITIONSHAPE($,$,(#2569));
#2571= IFCCOLUMN('14wKa88HX0ROnUfOWzFKXu',#2431,'main piece','CUT500*8500','CUT500*8500',#2568,#2570,'Hormig\S\sn_C-1/15');
#2572= IFCLOCALPLACEMENT(#42,#10);
#2573= IFCELEMENTASSEMBLY('0ypHdLLrX0VuiXqpT5oK1_',#2431,'COLUMN',$,$,#2572,$,'C/120',.NOTDEFINED.,.REINFORCEMENT_UNIT.);
#2574= IFCPROPERTYSINGLEVALUE('AssemblyMark',$,IFCIDENTIFIER('C/120'),$);
#2575= IFCPROPERTYSET('1Xaib_29b1OerBWJ$Mx1qJ',#5,'AISC_EM11_Pset_AssemblyIdentification','AssemblyIdentity',(#2574,#52,#53));
#2576= IFCCARTESIANPOINT((51000.2125854492,8875.15612792969,60850.));
#2577= IFCAXIS2PLACEMENT3D(#2576,#9,#675);
#2578= IFCLOCALPLACEMENT(#2572,#2577);
#2579= IFCRECTANGLEPROFILEDEF(.AREA.,'CUT500*7600',#73,500.,7600.);
#2580= IFCEXTRUDEDAREASOLID(#2579,#1572,#9,4000.);
#2581= IFCSHAPEREPRESENTATION(#12,'Body','SweptSolid',(#2580));
#2582= IFCPRODUCTDEFINITIONSHAPE($,$,(#2581));
#2583= IFCCOLUMN('0KVdGxoOrCFvfPcqHXlYK9',#2431,'main piece','CUT500*7600','CUT500*7600',#2578,#2582,'Hormig\S\sn_C-1/21');
#2584= IFCPROPERTYSINGLEVALUE('IndicationMark',$,IFCIDENTIFIER('Hormig\S\sn_C-1/21'),$);
#2585= IFCPROPERTYSET('3MBCYZNwH8BekYP0yaZ8wt',#5,'AISC_EM11_Pset_PieceIdentification','PieceIdentity',(#1577,#2584,#1231,#1232));
#2586= IFCLOCALPLACEMENT(#42,#10);
#2587= IFCELEMENTASSEMBLY('22sCX$o_vDIP_21GGCo9D3',#2431,'COLUMN',$,$,#2586,$,'C/120',.NOTDEFINED.,.REINFORCEMENT_UNIT.);
#2588= IFCCARTESIANPOINT((51000.2125854492,8875.15612792969,56850.));
#2589= IFCAXIS2PLACEMENT3D(#2588,#9,#675);
#2590= IFCLOCALPLACEMENT(#2586,#2589);
#2591= IFCSHAPEREPRESENTATION(#12,'Body','SweptSolid',(#2580));
#2592= IFCPRODUCTDEFINITIONSHAPE($,$,(#2591));
#2593= IFCCOLUMN('1Ay5$Fb8P9bP7DFYuzw6DZ',#2431,'main piece','CUT500*7600','CUT500*7600',#2590,#2592,'Hormig\S\sn_C-1/21');
#2594= IFCLOCALPLACEMENT(#42,#10);
#2595= IFCELEMENTASSEMBLY('2Hwayo82j3586BN8zkbV4I',#2431,'COLUMN',$,$,#2594,$,'C/114',.NOTDEFINED.,.REINFORCEMENT_UNIT.);
#2596= IFCCARTESIANPOINT((29750.2133483887,8120.13312530518,60850.));
#2597= IFCAXIS2PLACEMENT3D(#2596,#9,#675);
#2598= IFCLOCALPLACEMENT(#2594,#2597);
#2599= IFCSHAPEREPRESENTATION(#12,'Body','SweptSolid',(#2507));
#2600= IFCPRODUCTDEFINITIONSHAPE($,$,(#2599));
#2601= IFCCOLUMN('05ogRmtmzDYxtHtiaOqx_i',#2431,'main piece','CUT500*8500','CUT500*8500',#2598,#2600,'Hormig\S\sn_C-1/15');
#2602= IFCLOCALPLACEMENT(#42,#10);
#2603= IFCELEMENTASSEMBLY('2jJRDKuaj9Pwu7Y7fBSOE9',#2431,'COLUMN',$,$,#2602,$,'C/114',.NOTDEFINED.,.REINFORCEMENT_UNIT.);
#2604= IFCCARTESIANPOINT((29750.2133483887,8120.13312530518,56850.));
#2605= IFCAXIS2PLACEMENT3D(#2604,#9,#675);
#2606= IFCLOCALPLACEMENT(#2602,#2605);
#2607= IFCSHAPEREPRESENTATION(#12,'Body','SweptSolid',(#2507));
#2608= IFCPRODUCTDEFINITIONSHAPE($,$,(#2607));
#2609= IFCCOLUMN('2QVkMMQof8Aw97zNECDCaa',#2431,'main piece','CUT500*8500','CUT500*8500',#2606,#2608,'Hormig\S\sn_C-1/15');
#2610= IFCOWNERHISTORY(#3,#4,$,.NOCHANGE.,$,$,$,1774036800);
#2611= IFCCARTESIANPOINT((84999.9994506836,0.210482605201832,56850.0000011273));
#2612= IFCAXIS2PLACEMENT3D(#2611,#9,#8);
#2613= IFCLOCALPLACEMENT(#2188,#2612);
#2614= IFCRECTANGLEHOLLOWPROFILEDEF(.AREA.,'[]350*25',#73,350.,350.,25.,25.,50.);
#2615= IFCCARTESIANPOINT((0.,0.,52799.9999988727));
#2616= IFCAXIS2PLACEMENT3D(#2615,#57,#8);
#2617= IFCEXTRUDEDAREASOLID(#2614,#2616,#9,52800.);
#2618= IFCSHAPEREPRESENTATION(#12,'Body','SweptSolid',(#2617));
#2619= IFCPRODUCTDEFINITIONSHAPE($,$,(#2618));
#2620= IFCCOLUMN('3TcGTELtz7Qv0nyS_MIiA$',#2610,'main piece','[]350*25','[]350*25',#2613,#2619,'c/25');
#2621= IFCPROPERTYSINGLEVALUE('IndicationMark',$,IFCIDENTIFIER('c/25'),$);
#2622= IFCPROPERTYSET('0wGsO2wZP1yQjlz5K$YcUE',#5,'AISC_EM11_Pset_PieceIdentification','PieceIdentity',(#1577,#2621,#1231,#1232));
#2623= IFCCARTESIANPOINT((16999.999851085,0.210482605201832,56850.0000011273));
#2624= IFCAXIS2PLACEMENT3D(#2623,#9,#8);
#2625= IFCLOCALPLACEMENT(#1847,#2624);
#2626= IFCSHAPEREPRESENTATION(#12,'Body','SweptSolid',(#2617));
#2627= IFCPRODUCTDEFINITIONSHAPE($,$,(#2626));
#2628= IFCCOLUMN('08sdNbRv1FdAxjsAKIKfLg',#2610,'main piece','[]350*25','[]350*25',#2625,#2627,'c/25');
#2629= IFCCARTESIANPOINT((84999.9994506836,25500.2104826052,56850.));
#2630= IFCAXIS2PLACEMENT3D(#2629,#9,#8);
#2631= IFCLOCALPLACEMENT(#2320,#2630);
#2632= IFCSHAPEREPRESENTATION(#12,'Body','SweptSolid',(#2617));
#2633= IFCPRODUCTDEFINITIONSHAPE($,$,(#2632));
#2634= IFCCOLUMN('0SvzNcOZXCXPvGfNu24d8q',#2610,'main piece','[]350*25','[]350*25',#2631,#2633,'c/25');
#2635= IFCCARTESIANPOINT((16999.9994506836,25500.2104826052,56850.));
#2636= IFCAXIS2PLACEMENT3D(#2635,#9,#8);
#2637= IFCLOCALPLACEMENT(#2066,#2636);
#2638= IFCSHAPEREPRESENTATION(#12,'Body','SweptSolid',(#2617));
#2639= IFCPRODUCTDEFINITIONSHAPE($,$,(#2638));
#2640= IFCCOLUMN('3WXfITeBf2HBg90ulghqiv',#2610,'main piece','[]350*25','[]350*25',#2637,#2639,'c/25');
#2641= IFCOWNERHISTORY(#3,#4,$,.NOCHANGE.,$,$,$,1764183600);
#2642= IFCLOCALPLACEMENT(#42,#10);
#2643= IFCELEMENTASSEMBLY('39obH6RaTEeQs$uvBtUrna',#2641,'BEAM',$,$,#2642,$,'B/924',.NOTDEFINED.,.RIGID_FRAME.);
#2644= IFCPROPERTYSINGLEVALUE('AssemblyMark',$,IFCIDENTIFIER('B/924'),$);
#2645= IFCPROPERTYSET('09Y4N_taz6iBF_x5Ilsz9v',#5,'AISC_EM11_Pset_AssemblyIdentification','AssemblyIdentity',(#2644,#52,#53));
#2646= IFCCARTESIANPOINT((86063.2969970703,-1710.50453569072,60770.));
#2647= IFCAXIS2PLACEMENT3D(#2646,#57,#8);
#2648= IFCLOCALPLACEMENT(#2642,#2647);
#2649= IFCUSHAPEPROFILEDEF(.AREA.,'UPN160',#73,160.,65.,7.5,10.5,10.5,5.5,$,$);
#2650= IFCCARTESIANPOINT((28924.008846283,0.,0.));
#2651= IFCAXIS2PLACEMENT3D(#2650,#675,#1222);
#2652= IFCEXTRUDEDAREASOLID(#2649,#2651,#9,28924.01);
#2653= IFCSHAPEREPRESENTATION(#12,'Body','SweptSolid',(#2652));
#2654= IFCPRODUCTDEFINITIONSHAPE($,$,(#2653));
#2655= IFCBEAM('0QYbV0xmj6ZP4ileUYXR7B',#2641,'main piece','UPN160','UPN160',#2648,#2654,'b/820');
#2656= IFCPROPERTYSINGLEVALUE('IndicationMark',$,IFCIDENTIFIER('b/820'),$);
#2657= IFCPROPERTYSET('3B7iQmEoPE7vVejFr3CBr2',#5,'AISC_EM11_Pset_PieceIdentification','PieceIdentity',(#1229,#2656,#1231,#1232));
#2658= IFCLOCALPLACEMENT(#42,#10);
#2659= IFCELEMENTASSEMBLY('0ybH63NxvFXwJEtDpu4_U_',#2641,'BEAM',$,$,#2658,$,'B/888',.NOTDEFINED.,.RIGID_FRAME.);
#2660= IFCPROPERTYSINGLEVALUE('AssemblyMark',$,IFCIDENTIFIER('B/888'),$);
#2661= IFCPROPERTYSET('2YILCdGZvDSQNYvTJO_qhJ',#5,'AISC_EM11_Pset_AssemblyIdentification','AssemblyIdentity',(#2660,#52,#53));
#2662= IFCCARTESIANPOINT((15901.7006988525,-1745.50438310283,60770.));
#2663= IFCAXIS2PLACEMENT3D(#2662,#57,#7);
#2664= IFCLOCALPLACEMENT(#2658,#2663);
#2665= IFCCARTESIANPOINT((70196.5999603271,0.,0.));
#2666= IFCAXIS2PLACEMENT3D(#2665,#675,#1222);
#2667= IFCEXTRUDEDAREASOLID(#2649,#2666,#9,70196.6);
#2668= IFCSHAPEREPRESENTATION(#12,'Body','SweptSolid',(#2667));
#2669= IFCPRODUCTDEFINITIONSHAPE($,$,(#2668));
#2670= IFCBEAM('3KXmycbIf0EAGcDc0NJrUO',#2641,'main piece','UPN160','UPN160',#2664,#2669,'b/783');
#2671= IFCPROPERTYSINGLEVALUE('IndicationMark',$,IFCIDENTIFIER('b/783'),$);
#2672= IFCPROPERTYSET('0RP4NM89HEDv4NBHgTWbKO',#5,'AISC_EM11_Pset_PieceIdentification','PieceIdentity',(#1229,#2671,#1231,#1232));
#2673= IFCLOCALPLACEMENT(#42,#10);
#2674= IFCELEMENTASSEMBLY('3AerUHSkPBAQ2gtkYTLV$r',#2641,'BEAM',$,$,#2673,$,'B/923',.NOTDEFINED.,.RIGID_FRAME.);
#2675= IFCPROPERTYSINGLEVALUE('AssemblyMark',$,IFCIDENTIFIER('B/923'),$);
#2676= IFCPROPERTYSET('3QJaHgnzLE4uJsO3F8XMDF',#5,'AISC_EM11_Pset_AssemblyIdentification','AssemblyIdentity',(#2675,#52,#53));
#2677= IFCCARTESIANPOINT((15936.7005462646,27210.5059585415,60770.));
#2678= IFCAXIS2PLACEMENT3D(#2677,#57,#1222);
#2679= IFCLOCALPLACEMENT(#2673,#2678);
#2680= IFCCARTESIANPOINT((28921.0104942322,0.,0.));
#2681= IFCAXIS2PLACEMENT3D(#2680,#675,#1222);
#2682= IFCEXTRUDEDAREASOLID(#2649,#2681,#9,28921.01);
#2683= IFCSHAPEREPRESENTATION(#12,'Body','SweptSolid',(#2682));
#2684= IFCPRODUCTDEFINITIONSHAPE($,$,(#2683));
#2685= IFCBEAM('2H4Cz7BXL0evv$8AgFeFYa',#2641,'main piece','UPN160','UPN160',#2679,#2684,'b/819');
#2686= IFCPROPERTYSINGLEVALUE('IndicationMark',$,IFCIDENTIFIER('b/819'),$);
#2687= IFCPROPERTYSET('0xSMTFm9j7$Q0xnt_dmwed',#5,'AISC_EM11_Pset_PieceIdentification','PieceIdentity',(#1229,#2686,#1231,#1232));
#2688= IFCLOCALPLACEMENT(#42,#10);
#2689= IFCELEMENTASSEMBLY('3hew69x1j1gQ3C3BTK$Jmg',#2641,'BEAM',$,$,#2688,$,'B/937',.NOTDEFINED.,.RIGID_FRAME.);
#2690= IFCPROPERTYSINGLEVALUE('AssemblyMark',$,IFCIDENTIFIER('B/937'),$);
#2691= IFCPROPERTYSET('07bVxBRYz0j8$TV6DnsZv8',#5,'AISC_EM11_Pset_AssemblyIdentification','AssemblyIdentity',(#2690,#52,#53));
#2692= IFCCARTESIANPOINT((83637.4991149902,-194.830898300579,60770.));
#2693= IFCDIRECTION((0.00159451399961886,-0.999998728761745,0.));
#2694= IFCAXIS2PLACEMENT3D(#2692,#9,#2693);
#2695= IFCLOCALPLACEMENT(#2688,#2694);
#2696= IFCISHAPEPROFILEDEF(.AREA.,'IPE160',#73,82.,160.,5.,7.400000095,9.);
#2697= IFCCARTESIANPOINT((1567.8759479166,0.,7.27595761418343E-12));
#2698= IFCAXIS2PLACEMENT3D(#2697,#675,#1222);
#2699= IFCEXTRUDEDAREASOLID(#2696,#2698,#9,1567.88);
#2700= IFCSHAPEREPRESENTATION(#12,'Body','SweptSolid',(#2699));
#2701= IFCPRODUCTDEFINITIONSHAPE($,$,(#2700));
#2702= IFCBEAM('3eDDOvRyv6muXyLIsrOeq3',#2641,'main piece','IPE160','IPE160',#2695,#2701,'b/833');
#2703= IFCPROPERTYSINGLEVALUE('IndicationMark',$,IFCIDENTIFIER('b/833'),$);
#2704= IFCPROPERTYSET('0zDjyW7b95OOlzMUBBmX5g',#5,'AISC_EM11_Pset_PieceIdentification','PieceIdentity',(#1229,#2703,#1231,#1232));
#2705= IFCLOCALPLACEMENT(#42,#10);
#2706= IFCELEMENTASSEMBLY('1uMIgxU6fArBosTWki$n1S',#2641,'BEAM',$,$,#2705,$,'B/930',.NOTDEFINED.,.RIGID_FRAME.);
#2707= IFCPROPERTYSINGLEVALUE('AssemblyMark',$,IFCIDENTIFIER('B/930'),$);
#2708= IFCPROPERTYSET('31BbEk_Y185u4DzhFNY54r',#5,'AISC_EM11_Pset_AssemblyIdentification','AssemblyIdentity',(#2707,#52,#53));
#2709= IFCCARTESIANPOINT((81220.0009460449,-190.791133896282,60770.));
#2710= IFCDIRECTION((-2.53499999550147E-06,-0.999999999996787,0.));
#2711= IFCAXIS2PLACEMENT3D(#2709,#9,#2710);
#2712= IFCLOCALPLACEMENT(#2705,#2711);
#2713= IFCCARTESIANPOINT((1504.71401215084,0.,-7.27595761418343E-12));
#2714= IFCAXIS2PLACEMENT3D(#2713,#675,#1222);
#2715= IFCEXTRUDEDAREASOLID(#2696,#2714,#9,1504.71);
#2716= IFCSHAPEREPRESENTATION(#12,'Body','SweptSolid',(#2715));
#2717= IFCPRODUCTDEFINITIONSHAPE($,$,(#2716));
#2718= IFCBEAM('1n6PKZE3b2RhnSqLnqOujI',#2641,'main piece','IPE160','IPE160',#2712,#2717,'b/826');
#2719= IFCPROPERTYSINGLEVALUE('IndicationMark',$,IFCIDENTIFIER('b/826'),$);
#2720= IFCPROPERTYSET('1hMF7L8uzBF8xywetYC0Rs',#5,'AISC_EM11_Pset_PieceIdentification','PieceIdentity',(#1229,#2719,#1231,#1232));
#2721= IFCLOCALPLACEMENT(#42,#10);
#2722= IFCELEMENTASSEMBLY('1zxTfZqZbFOBOE14tjWdRe',#2641,'BEAM',$,$,#2721,$,'B/920',.NOTDEFINED.,.RIGID_FRAME.);
#2723= IFCPROPERTYSINGLEVALUE('AssemblyMark',$,IFCIDENTIFIER('B/920'),$);
#2724= IFCPROPERTYSET('22mEuOycbBdvTISJMZhZf0',#5,'AISC_EM11_Pset_AssemblyIdentification','AssemblyIdentity',(#2723,#52,#53));
#2725= IFCCARTESIANPOINT((78799.9989624023,-1095.45326615947,60770.));
#2726= IFCAXIS2PLACEMENT3D(#2725,#9,#1222);
#2727= IFCLOCALPLACEMENT(#2721,#2726);
#2728= IFCCARTESIANPOINT((600.051879882813,0.,0.));
#2729= IFCAXIS2PLACEMENT3D(#2728,#675,#1222);
#2730= IFCEXTRUDEDAREASOLID(#2696,#2729,#9,600.05);
#2731= IFCSHAPEREPRESENTATION(#12,'Body','SweptSolid',(#2730));
#2732= IFCPRODUCTDEFINITIONSHAPE($,$,(#2731));
#2733= IFCBEAM('3Nip9Sbj52aQVir4hIBGmG',#2641,'main piece','IPE160','IPE160',#2727,#2732,'b/816');
#2734= IFCPROPERTYSINGLEVALUE('IndicationMark',$,IFCIDENTIFIER('b/816'),$);
#2735= IFCPROPERTYSET('1DhbPBKaX2fOr4MkNnKFn$',#5,'AISC_EM11_Pset_PieceIdentification','PieceIdentity',(#1229,#2734,#1231,#1232));
#2736= IFCLOCALPLACEMENT(#42,#10);
#2737= IFCELEMENTASSEMBLY('2X1bWFZIv6X9MRw_2dofM9',#2641,'BEAM',$,$,#2736,$,'B/920',.NOTDEFINED.,.RIGID_FRAME.);
#2738= IFCCARTESIANPOINT((76500.0035400391,-1095.74127580302,60770.));
#2739= IFCAXIS2PLACEMENT3D(#2738,#9,#1222);
#2740= IFCLOCALPLACEMENT(#2736,#2739);
#2741= IFCCARTESIANPOINT((599.763870239258,0.,0.));
#2742= IFCAXIS2PLACEMENT3D(#2741,#675,#1222);
#2743= IFCEXTRUDEDAREASOLID(#2696,#2742,#9,599.76);
#2744= IFCSHAPEREPRESENTATION(#12,'Body','SweptSolid',(#2743));
#2745= IFCPRODUCTDEFINITIONSHAPE($,$,(#2744));
#2746= IFCBEAM('22EujeYz9AYPheWJWRQKzZ',#2641,'main piece','IPE160','IPE160',#2740,#2745,'b/816');
#2747= IFCLOCALPLACEMENT(#42,#10);
#2748= IFCELEMENTASSEMBLY('11l7ZLqzH8rRDun_Kn$ssb',#2641,'BEAM',$,$,#2747,$,'B/920',.NOTDEFINED.,.RIGID_FRAME.);
#2749= IFCCARTESIANPOINT((74375.0035400391,-1095.69549943583,60770.));
#2750= IFCAXIS2PLACEMENT3D(#2749,#9,#1222);
#2751= IFCLOCALPLACEMENT(#2747,#2750);
#2752= IFCCARTESIANPOINT((599.809646606445,0.,0.));
#2753= IFCAXIS2PLACEMENT3D(#2752,#675,#1222);
#2754= IFCEXTRUDEDAREASOLID(#2696,#2753,#9,599.81);
#2755= IFCSHAPEREPRESENTATION(#12,'Body','SweptSolid',(#2754));
#2756= IFCPRODUCTDEFINITIONSHAPE($,$,(#2755));
#2757= IFCBEAM('1n2Wqf50D6FgQpH50mzXok',#2641,'main piece','IPE160','IPE160',#2751,#2756,'b/816');
#2758= IFCLOCALPLACEMENT(#42,#10);
#2759= IFCELEMENTASSEMBLY('3p6OUbLb52HhteJN$aokch',#2641,'BEAM',$,$,#2758,$,'B/920',.NOTDEFINED.,.RIGID_FRAME.);
#2760= IFCCARTESIANPOINT((72250.0035400391,-1095.6993141331,60770.));
#2761= IFCAXIS2PLACEMENT3D(#2760,#9,#1222);
#2762= IFCLOCALPLACEMENT(#2758,#2761);
#2763= IFCCARTESIANPOINT((599.80583190918,0.,0.));
#2764= IFCAXIS2PLACEMENT3D(#2763,#675,#1222);
#2765= IFCEXTRUDEDAREASOLID(#2696,#2764,#9,599.81);
#2766= IFCSHAPEREPRESENTATION(#12,'Body','SweptSolid',(#2765));
#2767= IFCPRODUCTDEFINITIONSHAPE($,$,(#2766));
#2768= IFCBEAM('35pixEYnr1f85XlvKh_OfJ',#2641,'main piece','IPE160','IPE160',#2762,#2767,'b/816');
#2769= IFCLOCALPLACEMENT(#42,#10);
#2770= IFCELEMENTASSEMBLY('0PZiwyCLr7Zfoh3BJmlpW1',#2641,'BEAM',$,$,#2769,$,'B/920',.NOTDEFINED.,.RIGID_FRAME.);
#2771= IFCCARTESIANPOINT((70125.0035400391,-1695.50514604228,60770.));
#2772= IFCAXIS2PLACEMENT3D(#2771,#9,#8);
#2773= IFCLOCALPLACEMENT(#2769,#2772);
#2774= IFCCARTESIANPOINT((599.802017211914,0.,0.));
#2775= IFCAXIS2PLACEMENT3D(#2774,#675,#1222);
#2776= IFCEXTRUDEDAREASOLID(#2696,#2775,#9,599.8);
#2777= IFCSHAPEREPRESENTATION(#12,'Body','SweptSolid',(#2776));
#2778= IFCPRODUCTDEFINITIONSHAPE($,$,(#2777));
#2779= IFCBEAM('027fQquvXD8gTldpCK7Pyx',#2641,'main piece','IPE160','IPE160',#2773,#2778,'b/816');
#2780= IFCLOCALPLACEMENT(#42,#10);
#2781= IFCELEMENTASSEMBLY('21Wxk76br13OoW4dIp4oCn',#2641,'BEAM',$,$,#2780,$,'B/920',.NOTDEFINED.,.RIGID_FRAME.);
#2782= IFCCARTESIANPOINT((68000.,-1095.89863206523,60770.));
#2783= IFCAXIS2PLACEMENT3D(#2782,#9,#1222);
#2784= IFCLOCALPLACEMENT(#2780,#2783);
#2785= IFCCARTESIANPOINT((599.606513977051,0.,0.));
#2786= IFCAXIS2PLACEMENT3D(#2785,#675,#1222);
#2787= IFCEXTRUDEDAREASOLID(#2696,#2786,#9,599.61);
#2788= IFCSHAPEREPRESENTATION(#12,'Body','SweptSolid',(#2787));
#2789= IFCPRODUCTDEFINITIONSHAPE($,$,(#2788));
#2790= IFCBEAM('2eRjunRaX46hUmSqhonLYi',#2641,'main piece','IPE160','IPE160',#2784,#2789,'b/816');
#2791= IFCLOCALPLACEMENT(#42,#10);
#2792= IFCELEMENTASSEMBLY('1HnNjKgXrD1BoKypZXEyo8',#2641,'BEAM',$,$,#2791,$,'B/920',.NOTDEFINED.,.RIGID_FRAME.);
#2793= IFCCARTESIANPOINT((65875.0035400391,-1095.7107582249,60770.));
#2794= IFCAXIS2PLACEMENT3D(#2793,#9,#1222);
#2795= IFCLOCALPLACEMENT(#2791,#2794);
#2796= IFCCARTESIANPOINT((599.794387817383,0.,0.));
#2797= IFCAXIS2PLACEMENT3D(#2796,#675,#1222);
#2798= IFCEXTRUDEDAREASOLID(#2696,#2797,#9,599.79);
#2799= IFCSHAPEREPRESENTATION(#12,'Body','SweptSolid',(#2798));
#2800= IFCPRODUCTDEFINITIONSHAPE($,$,(#2799));
#2801= IFCBEAM('3xYgzvZ49EWfuOX9pjIcDx',#2641,'main piece','IPE160','IPE160',#2795,#2800,'b/816');
#2802= IFCLOCALPLACEMENT(#42,#10);
#2803= IFCELEMENTASSEMBLY('2$EtHLLJzBnQ0FWNPebdvS',#2641,'BEAM',$,$,#2802,$,'B/920',.NOTDEFINED.,.RIGID_FRAME.);
#2804= IFCCARTESIANPOINT((63749.5228881836,-1095.76225663798,60770.));
#2805= IFCAXIS2PLACEMENT3D(#2804,#9,#1222);
#2806= IFCLOCALPLACEMENT(#2802,#2805);
#2807= IFCCARTESIANPOINT((599.742889404297,0.,0.));
#2808= IFCAXIS2PLACEMENT3D(#2807,#675,#1222);
#2809= IFCEXTRUDEDAREASOLID(#2696,#2808,#9,599.74);
#2810= IFCSHAPEREPRESENTATION(#12,'Body','SweptSolid',(#2809));
#2811= IFCPRODUCTDEFINITIONSHAPE($,$,(#2810));
#2812= IFCBEAM('2hIIItYsf3jBiu1AAGfmIM',#2641,'main piece','IPE160','IPE160',#2806,#2811,'b/816');
#2813= IFCLOCALPLACEMENT(#42,#10);
#2814= IFCELEMENTASSEMBLY('0O3jX$aN54JAD6NA7OTJb1',#2641,'BEAM',$,$,#2813,$,'B/920',.NOTDEFINED.,.RIGID_FRAME.);
#2815= IFCCARTESIANPOINT((61625.0035400391,-1095.76607133525,60770.));
#2816= IFCAXIS2PLACEMENT3D(#2815,#9,#1222);
#2817= IFCLOCALPLACEMENT(#2813,#2816);
#2818= IFCCARTESIANPOINT((599.739074707031,0.,0.));
#2819= IFCAXIS2PLACEMENT3D(#2818,#675,#1222);
#2820= IFCEXTRUDEDAREASOLID(#2696,#2819,#9,599.74);
#2821= IFCSHAPEREPRESENTATION(#12,'Body','SweptSolid',(#2820));
#2822= IFCPRODUCTDEFINITIONSHAPE($,$,(#2821));
#2823= IFCBEAM('3$utFaovz1bALaex49tJyD',#2641,'main piece','IPE160','IPE160',#2817,#2822,'b/816');
#2824= IFCLOCALPLACEMENT(#42,#10);
#2825= IFCELEMENTASSEMBLY('2hYHd7$tr1MOWOrLoIgWFr',#2641,'BEAM',$,$,#2824,$,'B/920',.NOTDEFINED.,.RIGID_FRAME.);
#2826= IFCCARTESIANPOINT((59500.,-1095.89863206523,60770.));
#2827= IFCAXIS2PLACEMENT3D(#2826,#9,#1222);
#2828= IFCLOCALPLACEMENT(#2824,#2827);
#2829= IFCSHAPEREPRESENTATION(#12,'Body','SweptSolid',(#2787));
#2830= IFCPRODUCTDEFINITIONSHAPE($,$,(#2829));
#2831= IFCBEAM('2JaBOelDb3mPTqcEPh$Xlq',#2641,'main piece','IPE160','IPE160',#2828,#2830,'b/816');
#2832= IFCLOCALPLACEMENT(#42,#10);
#2833= IFCELEMENTASSEMBLY('2T8VWTP_vBqQpuliVwYdPu',#2641,'BEAM',$,$,#2832,$,'B/920',.NOTDEFINED.,.RIGID_FRAME.);
#2834= IFCCARTESIANPOINT((57374.9997253418,-1095.77370072978,60770.));
#2835= IFCAXIS2PLACEMENT3D(#2834,#9,#1222);
#2836= IFCLOCALPLACEMENT(#2832,#2835);
#2837= IFCCARTESIANPOINT((599.7314453125,0.,0.));
#2838= IFCAXIS2PLACEMENT3D(#2837,#675,#1222);
#2839= IFCEXTRUDEDAREASOLID(#2696,#2838,#9,599.73);
#2840= IFCSHAPEREPRESENTATION(#12,'Body','SweptSolid',(#2839));
#2841= IFCPRODUCTDEFINITIONSHAPE($,$,(#2840));
#2842= IFCBEAM('07k70Lel595vdpTNGKnY__',#2641,'main piece','IPE160','IPE160',#2836,#2841,'b/816');
#2843= IFCLOCALPLACEMENT(#42,#10);
#2844= IFCELEMENTASSEMBLY('0XwwWTKjn8Ufn1WfeNrQQa',#2641,'BEAM',$,$,#2843,$,'B/920',.NOTDEFINED.,.RIGID_FRAME.);
#2845= IFCCARTESIANPOINT((55249.9997253418,-1095.77751542704,60770.));
#2846= IFCAXIS2PLACEMENT3D(#2845,#9,#1222);
#2847= IFCLOCALPLACEMENT(#2843,#2846);
#2848= IFCCARTESIANPOINT((599.727630615234,0.,0.));
#2849= IFCAXIS2PLACEMENT3D(#2848,#675,#1222);
#2850= IFCEXTRUDEDAREASOLID(#2696,#2849,#9,599.73);
#2851= IFCSHAPEREPRESENTATION(#12,'Body','SweptSolid',(#2850));
#2852= IFCPRODUCTDEFINITIONSHAPE($,$,(#2851));
#2853= IFCBEAM('3zghcr2RPEBf_YzmY22M_K',#2641,'main piece','IPE160','IPE160',#2847,#2852,'b/816');
#2854= IFCLOCALPLACEMENT(#42,#10);
#2855= IFCELEMENTASSEMBLY('3VflFnf_b5TBFSQx9UWkk_',#2641,'BEAM',$,$,#2854,$,'B/920',.NOTDEFINED.,.RIGID_FRAME.);
#2856= IFCCARTESIANPOINT((53124.9997253418,-1095.73173905986,60770.));
#2857= IFCAXIS2PLACEMENT3D(#2856,#9,#1222);
#2858= IFCLOCALPLACEMENT(#2854,#2857);
#2859= IFCCARTESIANPOINT((599.773406982422,0.,0.));
#2860= IFCAXIS2PLACEMENT3D(#2859,#675,#1222);
#2861= IFCEXTRUDEDAREASOLID(#2696,#2860,#9,599.77);
#2862= IFCSHAPEREPRESENTATION(#12,'Body','SweptSolid',(#2861));
#2863= IFCPRODUCTDEFINITIONSHAPE($,$,(#2862));
#2864= IFCBEAM('2HA51YW1r9kvplxbDmt5w4',#2641,'main piece','IPE160','IPE160',#2858,#2863,'b/816');
#2865= IFCLOCALPLACEMENT(#42,#10);
#2866= IFCELEMENTASSEMBLY('2bH8m07oz8Ih9hjAHxHqMa',#2641,'BEAM',$,$,#2865,$,'B/920',.NOTDEFINED.,.RIGID_FRAME.);
#2867= IFCCARTESIANPOINT((50999.9987716675,-1095.89863206523,60770.));
#2868= IFCAXIS2PLACEMENT3D(#2867,#9,#790);
#2869= IFCLOCALPLACEMENT(#2865,#2868);
#2870= IFCSHAPEREPRESENTATION(#12,'Body','SweptSolid',(#2787));
#2871= IFCPRODUCTDEFINITIONSHAPE($,$,(#2870));
#2872= IFCBEAM('0dS$DRZJT2UPzdF_4ZFl$Z',#2641,'main piece','IPE160','IPE160',#2869,#2871,'b/816');
#2873= IFCLOCALPLACEMENT(#42,#10);
#2874= IFCELEMENTASSEMBLY('3xmw9I8fz1$P6qpKRywX$o',#2641,'BEAM',$,$,#2873,$,'B/920',.NOTDEFINED.,.RIGID_FRAME.);
#2875= IFCCARTESIANPOINT((48874.9997253418,-1695.50514604228,60770.));
#2876= IFCAXIS2PLACEMENT3D(#2875,#9,#8);
#2877= IFCLOCALPLACEMENT(#2873,#2876);
#2878= IFCCARTESIANPOINT((599.765777587891,0.,0.));
#2879= IFCAXIS2PLACEMENT3D(#2878,#675,#1222);
#2880= IFCEXTRUDEDAREASOLID(#2696,#2879,#9,599.77);
#2881= IFCSHAPEREPRESENTATION(#12,'Body','SweptSolid',(#2880));
#2882= IFCPRODUCTDEFINITIONSHAPE($,$,(#2881));
#2883= IFCBEAM('2t0ZJC4qf1QvFjwN1JmHAE',#2641,'main piece','IPE160','IPE160',#2877,#2882,'b/816');
#2884= IFCLOCALPLACEMENT(#42,#10);
#2885= IFCELEMENTASSEMBLY('1EoIuIcufDZ8wAx2A5YJYu',#2641,'BEAM',$,$,#2884,$,'B/920',.NOTDEFINED.,.RIGID_FRAME.);
#2886= IFCCARTESIANPOINT((46749.9997253418,-1095.6878700413,60770.));
#2887= IFCAXIS2PLACEMENT3D(#2886,#9,#1222);
#2888= IFCLOCALPLACEMENT(#2884,#2887);
#2889= IFCCARTESIANPOINT((599.817276000977,0.,0.));
#2890= IFCAXIS2PLACEMENT3D(#2889,#675,#1222);
#2891= IFCEXTRUDEDAREASOLID(#2696,#2890,#9,599.82);
#2892= IFCSHAPEREPRESENTATION(#12,'Body','SweptSolid',(#2891));
#2893= IFCPRODUCTDEFINITIONSHAPE($,$,(#2892));
#2894= IFCBEAM('09u86MQezEQBB06JephdYy',#2641,'main piece','IPE160','IPE160',#2888,#2893,'b/816');
#2895= IFCLOCALPLACEMENT(#42,#10);
#2896= IFCELEMENTASSEMBLY('1ZlZBlWVHDLBc8e7fFGGNa',#2641,'BEAM',$,$,#2895,$,'B/920',.NOTDEFINED.,.RIGID_FRAME.);
#2897= IFCCARTESIANPOINT((44624.9997253418,-1695.50514604228,60770.));
#2898= IFCAXIS2PLACEMENT3D(#2897,#9,#8);
#2899= IFCLOCALPLACEMENT(#2895,#2898);
#2900= IFCCARTESIANPOINT((599.758148193359,0.,0.));
#2901= IFCAXIS2PLACEMENT3D(#2900,#675,#1222);
#2902= IFCEXTRUDEDAREASOLID(#2696,#2901,#9,599.76);
#2903= IFCSHAPEREPRESENTATION(#12,'Body','SweptSolid',(#2902));
#2904= IFCPRODUCTDEFINITIONSHAPE($,$,(#2903));
#2905= IFCBEAM('3dy$A27Jn1fwuTH3QrWCc5',#2641,'main piece','IPE160','IPE160',#2899,#2904,'b/816');
#2906= IFCLOCALPLACEMENT(#42,#10);
#2907= IFCELEMENTASSEMBLY('000tROBePDjugNvO$Qsuqa',#2641,'BEAM',$,$,#2906,$,'B/920',.NOTDEFINED.,.RIGID_FRAME.);
#2908= IFCCARTESIANPOINT((42499.7670288086,-1095.798496262,60770.));
#2909= IFCDIRECTION((0.000388474999827174,-0.999999924543584,0.));
#2910= IFCAXIS2PLACEMENT3D(#2908,#9,#2909);
#2911= IFCLOCALPLACEMENT(#2906,#2910);
#2912= IFCCARTESIANPOINT((599.70669503205,0.,-7.27595761418343E-12));
#2913= IFCAXIS2PLACEMENT3D(#2912,#675,#1222);
#2914= IFCEXTRUDEDAREASOLID(#2696,#2913,#9,599.71);
#2915= IFCSHAPEREPRESENTATION(#12,'Body','SweptSolid',(#2914));
#2916= IFCPRODUCTDEFINITIONSHAPE($,$,(#2915));
#2917= IFCBEAM('2P3H_6EsP2N9$2z0JKl_1Q',#2641,'main piece','IPE160','IPE160',#2911,#2916,'b/816');
#2918= IFCLOCALPLACEMENT(#42,#10);
#2919= IFCELEMENTASSEMBLY('0bL9d$5jv99uPbFlTLbpH4',#2641,'BEAM',$,$,#2918,$,'B/920',.NOTDEFINED.,.RIGID_FRAME.);
#2920= IFCCARTESIANPOINT((40374.9997253418,-1695.50514604228,60770.));
#2921= IFCAXIS2PLACEMENT3D(#2920,#9,#8);
#2922= IFCLOCALPLACEMENT(#2918,#2921);
#2923= IFCCARTESIANPOINT((599.702835083008,0.,0.));
#2924= IFCAXIS2PLACEMENT3D(#2923,#675,#1222);
#2925= IFCEXTRUDEDAREASOLID(#2696,#2924,#9,599.7);
#2926= IFCSHAPEREPRESENTATION(#12,'Body','SweptSolid',(#2925));
#2927= IFCPRODUCTDEFINITIONSHAPE($,$,(#2926));
#2928= IFCBEAM('2RKw4AVSb5XQriyT93EshJ',#2641,'main piece','IPE160','IPE160',#2922,#2927,'b/816');
#2929= IFCLOCALPLACEMENT(#42,#10);
#2930= IFCELEMENTASSEMBLY('2RznLF62H5ce1EzsiYWhzf',#2641,'BEAM',$,$,#2929,$,'B/920',.NOTDEFINED.,.RIGID_FRAME.);
#2931= IFCCARTESIANPOINT((38249.9997253418,-1095.80612565654,60770.));
#2932= IFCAXIS2PLACEMENT3D(#2931,#9,#1222);
#2933= IFCLOCALPLACEMENT(#2929,#2932);
#2934= IFCCARTESIANPOINT((599.699020385742,0.,0.));
#2935= IFCAXIS2PLACEMENT3D(#2934,#675,#1222);
#2936= IFCEXTRUDEDAREASOLID(#2696,#2935,#9,599.7);
#2937= IFCSHAPEREPRESENTATION(#12,'Body','SweptSolid',(#2936));
#2938= IFCPRODUCTDEFINITIONSHAPE($,$,(#2937));
#2939= IFCBEAM('1hnww4mJf0YhDsNqtYrcYP',#2641,'main piece','IPE160','IPE160',#2933,#2938,'b/816');
#2940= IFCLOCALPLACEMENT(#42,#10);
#2941= IFCELEMENTASSEMBLY('1cdsJ1JxPAG8VW2cX076HX',#2641,'BEAM',$,$,#2940,$,'B/920',.NOTDEFINED.,.RIGID_FRAME.);
#2942= IFCCARTESIANPOINT((36124.9997253418,-1695.50514604228,60770.));
#2943= IFCAXIS2PLACEMENT3D(#2942,#9,#8);
#2944= IFCLOCALPLACEMENT(#2940,#2943);
#2945= IFCSHAPEREPRESENTATION(#12,'Body','SweptSolid',(#2850));
#2946= IFCPRODUCTDEFINITIONSHAPE($,$,(#2945));
#2947= IFCBEAM('2lSwHQ01n1m9JCv8zPfqXG',#2641,'main piece','IPE160','IPE160',#2944,#2946,'b/816');
#2948= IFCLOCALPLACEMENT(#42,#10);
#2949= IFCELEMENTASSEMBLY('1hjGxTv6D11QAyxRmfQjRq',#2641,'BEAM',$,$,#2948,$,'B/920',.NOTDEFINED.,.RIGID_FRAME.);
#2950= IFCCARTESIANPOINT((33999.7670288086,-1095.76416398661,60770.));
#2951= IFCAXIS2PLACEMENT3D(#2950,#9,#2909);
#2952= IFCLOCALPLACEMENT(#2948,#2951);
#2953= IFCCARTESIANPOINT((599.741027304968,0.,0.));
#2954= IFCAXIS2PLACEMENT3D(#2953,#675,#1222);
#2955= IFCEXTRUDEDAREASOLID(#2696,#2954,#9,599.74);
#2956= IFCSHAPEREPRESENTATION(#12,'Body','SweptSolid',(#2955));
#2957= IFCPRODUCTDEFINITIONSHAPE($,$,(#2956));
#2958= IFCBEAM('1cGeJRW5b9vut0zDk0NlxX',#2641,'main piece','IPE160','IPE160',#2952,#2957,'b/816');
#2959= IFCLOCALPLACEMENT(#42,#10);
#2960= IFCELEMENTASSEMBLY('2qUaygvjv0YueZFuinjhbq',#2641,'BEAM',$,$,#2959,$,'B/920',.NOTDEFINED.,.RIGID_FRAME.);
#2961= IFCCARTESIANPOINT((31874.9997253418,-1695.50514604228,60770.));
#2962= IFCAXIS2PLACEMENT3D(#2961,#9,#8);
#2963= IFCLOCALPLACEMENT(#2959,#2962);
#2964= IFCCARTESIANPOINT((599.687576293945,0.,0.));
#2965= IFCAXIS2PLACEMENT3D(#2964,#675,#1222);
#2966= IFCEXTRUDEDAREASOLID(#2696,#2965,#9,599.69);
#2967= IFCSHAPEREPRESENTATION(#12,'Body','SweptSolid',(#2966));
#2968= IFCPRODUCTDEFINITIONSHAPE($,$,(#2967));
#2969= IFCBEAM('3R6SFL2jDALw6INKdNW8HS',#2641,'main piece','IPE160','IPE160',#2963,#2968,'b/816');
#2970= IFCLOCALPLACEMENT(#42,#10);
#2971= IFCELEMENTASSEMBLY('2vQTFh3rn5yfXnn2FahVEz',#2641,'BEAM',$,$,#2970,$,'B/920',.NOTDEFINED.,.RIGID_FRAME.);
#2972= IFCCARTESIANPOINT((29749.9997253418,-1095.77179338115,60770.));
#2973= IFCAXIS2PLACEMENT3D(#2972,#9,#1222);
#2974= IFCLOCALPLACEMENT(#2970,#2973);
#2975= IFCCARTESIANPOINT((599.733352661133,0.,0.));
#2976= IFCAXIS2PLACEMENT3D(#2975,#675,#1222);
#2977= IFCEXTRUDEDAREASOLID(#2696,#2976,#9,599.73);
#2978= IFCSHAPEREPRESENTATION(#12,'Body','SweptSolid',(#2977));
#2979= IFCPRODUCTDEFINITIONSHAPE($,$,(#2978));
#2980= IFCBEAM('2OwPxo6KrBQRHqcBacjtol',#2641,'main piece','IPE160','IPE160',#2974,#2979,'b/816');
#2981= IFCLOCALPLACEMENT(#42,#10);
#2982= IFCELEMENTASSEMBLY('3fMu618Lv0EhyDprYcSl4F',#2641,'BEAM',$,$,#2981,$,'B/920',.NOTDEFINED.,.RIGID_FRAME.);
#2983= IFCCARTESIANPOINT((27624.9997253418,-1695.50514604228,60770.));
#2984= IFCAXIS2PLACEMENT3D(#2983,#9,#8);
#2985= IFCLOCALPLACEMENT(#2981,#2984);
#2986= IFCCARTESIANPOINT((599.679946899414,0.,0.));
#2987= IFCAXIS2PLACEMENT3D(#2986,#675,#1222);
#2988= IFCEXTRUDEDAREASOLID(#2696,#2987,#9,599.68);
#2989= IFCSHAPEREPRESENTATION(#12,'Body','SweptSolid',(#2988));
#2990= IFCPRODUCTDEFINITIONSHAPE($,$,(#2989));
#2991= IFCBEAM('1CJ7owCRX9p8jy61gY4YrL',#2641,'main piece','IPE160','IPE160',#2985,#2990,'b/816');
#2992= IFCLOCALPLACEMENT(#42,#10);
#2993= IFCELEMENTASSEMBLY('16GpMd5218c9CeIfxEQsI3',#2641,'BEAM',$,$,#2992,$,'B/920',.NOTDEFINED.,.RIGID_FRAME.);
#2994= IFCCARTESIANPOINT((25499.9997253418,-1095.82901384013,60770.));
#2995= IFCAXIS2PLACEMENT3D(#2994,#9,#1222);
#2996= IFCLOCALPLACEMENT(#2992,#2995);
#2997= IFCCARTESIANPOINT((599.676132202148,0.,0.));
#2998= IFCAXIS2PLACEMENT3D(#2997,#675,#1222);
#2999= IFCEXTRUDEDAREASOLID(#2696,#2998,#9,599.68);
#3000= IFCSHAPEREPRESENTATION(#12,'Body','SweptSolid',(#2999));
#3001= IFCPRODUCTDEFINITIONSHAPE($,$,(#3000));
#3002= IFCBEAM('3QGNQJPxrAsvXyD80RwLXX',#2641,'main piece','IPE160','IPE160',#2996,#3001,'b/816');
#3003= IFCLOCALPLACEMENT(#42,#10);
#3004= IFCELEMENTASSEMBLY('06QlDrq895zgXdQ3jeO3_i',#2641,'BEAM',$,$,#3003,$,'B/920',.NOTDEFINED.,.RIGID_FRAME.);
#3005= IFCCARTESIANPOINT((23200.0004882813,-1695.50514604228,60770.));
#3006= IFCAXIS2PLACEMENT3D(#3005,#9,#8);
#3007= IFCLOCALPLACEMENT(#3003,#3006);
#3008= IFCCARTESIANPOINT((599.721908569336,0.,0.));
#3009= IFCAXIS2PLACEMENT3D(#3008,#675,#1222);
#3010= IFCEXTRUDEDAREASOLID(#2696,#3009,#9,599.72);
#3011= IFCSHAPEREPRESENTATION(#12,'Body','SweptSolid',(#3010));
#3012= IFCPRODUCTDEFINITIONSHAPE($,$,(#3011));
#3013= IFCBEAM('2loPkoyuzDWRbAa1LQKZge',#2641,'main piece','IPE160','IPE160',#3007,#3012,'b/816');
#3014= IFCLOCALPLACEMENT(#42,#10);
#3015= IFCELEMENTASSEMBLY('0GfyTyUQjAGBbIV2_TtGMA',#2641,'BEAM',$,$,#3014,$,'B/931',.NOTDEFINED.,.RIGID_FRAME.);
#3016= IFCPROPERTYSINGLEVALUE('AssemblyMark',$,IFCIDENTIFIER('B/931'),$);
#3017= IFCPROPERTYSET('3DkOwnO75FTQx$mqw$BXCP',#5,'AISC_EM11_Pset_AssemblyIdentification','AssemblyIdentity',(#3016,#52,#53));
#3018= IFCCARTESIANPOINT((20779.3159808727,-174.960948074327,60770.));
#3019= IFCDIRECTION((0.000450121999861736,-0.999999898695088,0.));
#3020= IFCAXIS2PLACEMENT3D(#3018,#9,#3019);
#3021= IFCLOCALPLACEMENT(#3014,#3020);
#3022= IFCCARTESIANPOINT((1520.54435200683,-8.24288744903185E-17,-7.27595761418343E-12));
#3023= IFCAXIS2PLACEMENT3D(#3022,#675,#1222);
#3024= IFCEXTRUDEDAREASOLID(#2696,#3023,#9,1520.54);
#3025= IFCSHAPEREPRESENTATION(#12,'Body','SweptSolid',(#3024));
#3026= IFCPRODUCTDEFINITIONSHAPE($,$,(#3025));
#3027= IFCBEAM('1152VUKhP6NfXThyWycGRd',#2641,'main piece','IPE160','IPE160',#3021,#3026,'b/827');
#3028= IFCPROPERTYSINGLEVALUE('IndicationMark',$,IFCIDENTIFIER('b/827'),$);
#3029= IFCPROPERTYSET('0z_158ygr2_PSy8z$PnTZZ',#5,'AISC_EM11_Pset_PieceIdentification','PieceIdentity',(#1229,#3028,#1231,#1232));
#3030= IFCLOCALPLACEMENT(#42,#10);
#3031= IFCELEMENTASSEMBLY('2_1u8ZqMbEx9nKvC1JP5lc',#2641,'BEAM',$,$,#3030,$,'B/931',.NOTDEFINED.,.RIGID_FRAME.);
#3032= IFCCARTESIANPOINT((18360.0003356934,-1695.45269395488,60770.));
#3033= IFCDIRECTION((-0.00158785000057957,0.999998739365393,0.));
#3034= IFCAXIS2PLACEMENT3D(#3032,#9,#3033);
#3035= IFCLOCALPLACEMENT(#3030,#3034);
#3036= IFCCARTESIANPOINT((1520.73765775589,0.,-7.27595761418343E-12));
#3037= IFCAXIS2PLACEMENT3D(#3036,#675,#1222);
#3038= IFCEXTRUDEDAREASOLID(#2696,#3037,#9,1520.74);
#3039= IFCSHAPEREPRESENTATION(#12,'Body','SweptSolid',(#3038));
#3040= IFCPRODUCTDEFINITIONSHAPE($,$,(#3039));
#3041= IFCBEAM('1mjW7iO1bDoAF$7PF0028Q',#2641,'main piece','IPE160','IPE160',#3035,#3040,'b/827');
#3042= IFCLOCALPLACEMENT(#42,#10);
#3043= IFCELEMENTASSEMBLY('3yMJ9J2v5AERLN8_NccFaj',#2641,'BEAM',$,$,#3042,$,'B/918',.NOTDEFINED.,.RIGID_FRAME.);
#3044= IFCPROPERTYSINGLEVALUE('AssemblyMark',$,IFCIDENTIFIER('B/918'),$);
#3045= IFCPROPERTYSET('2b1Xn0wNn4M9wbSdDSlCix',#5,'AISC_EM11_Pset_AssemblyIdentification','AssemblyIdentity',(#3044,#52,#53));
#3046= IFCCARTESIANPOINT((17000.,0.,60750.));
#3047= IFCDIRECTION((-0.520367804992494,-0.853942238987681,0.));
#3048= IFCAXIS2PLACEMENT3D(#3046,#9,#3047);
#3049= IFCLOCALPLACEMENT(#3042,#3048);
#3050= IFCISHAPEPROFILEDEF(.AREA.,'IPE200',#73,100.,200.,5.599999905,8.5,12.);
#3051= IFCCARTESIANPOINT((1990.20469147722,0.,0.));
#3052= IFCAXIS2PLACEMENT3D(#3051,#675,#1222);
#3053= IFCEXTRUDEDAREASOLID(#3050,#3052,#9,1990.2);
#3054= IFCSHAPEREPRESENTATION(#12,'Body','SweptSolid',(#3053));
#3055= IFCPRODUCTDEFINITIONSHAPE($,$,(#3054));
#3056= IFCBEAM('3VImx6jrXBBfWh6IP_Jz6V',#2641,'main piece','IPE200','IPE200',#3049,#3055,'b/814');
#3057= IFCPROPERTYSINGLEVALUE('IndicationMark',$,IFCIDENTIFIER('b/814'),$);
#3058= IFCPROPERTYSET('2WZWS1_KD9QvQy7nhGsDxs',#5,'AISC_EM11_Pset_PieceIdentification','PieceIdentity',(#1229,#3057,#1231,#1232));
#3059= IFCLOCALPLACEMENT(#42,#10);
#3060= IFCELEMENTASSEMBLY('0Ik5j8axzCsQ2$u8d5dVYG',#2641,'BEAM',$,$,#3059,$,'B/915',.NOTDEFINED.,.RIGID_FRAME.);
#3061= IFCPROPERTYSINGLEVALUE('AssemblyMark',$,IFCIDENTIFIER('B/915'),$);
#3062= IFCPROPERTYSET('0Ar4yCJgX41eamHwXmhAfJ',#5,'AISC_EM11_Pset_AssemblyIdentification','AssemblyIdentity',(#3061,#52,#53));
#3063= IFCCARTESIANPOINT((16774.9993438721,-3.83036422135774E-06,60750.));
#3064= IFCAXIS2PLACEMENT3D(#3063,#9,#675);
#3065= IFCLOCALPLACEMENT(#3059,#3064);
#3066= IFCCARTESIANPOINT((788.299560546875,0.,0.));
#3067= IFCAXIS2PLACEMENT3D(#3066,#675,#1222);
#3068= IFCEXTRUDEDAREASOLID(#3050,#3067,#9,788.3);
#3069= IFCSHAPEREPRESENTATION(#12,'Body','SweptSolid',(#3068));
#3070= IFCPRODUCTDEFINITIONSHAPE($,$,(#3069));
#3071= IFCBEAM('2Flym9Buv6DhrzGKOgQl6S',#2641,'main piece','IPE200','IPE200',#3065,#3070,'b/811');
#3072= IFCPROPERTYSINGLEVALUE('IndicationMark',$,IFCIDENTIFIER('b/811'),$);
#3073= IFCPROPERTYSET('0JNnt6pxz8qejWY_$AJ_N1',#5,'AISC_EM11_Pset_PieceIdentification','PieceIdentity',(#1229,#3072,#1231,#1232));
#3074= IFCLOCALPLACEMENT(#42,#10);
#3075= IFCELEMENTASSEMBLY('0lo20qYVD0z8Igi9_$CXSR',#2641,'BEAM',$,$,#3074,$,'B/932',.NOTDEFINED.,.RIGID_FRAME.);
#3076= IFCPROPERTYSINGLEVALUE('AssemblyMark',$,IFCIDENTIFIER('B/932'),$);
#3077= IFCPROPERTYSET('2vQjaf0m50IR9OssbEiptC',#5,'AISC_EM11_Pset_AssemblyIdentification','AssemblyIdentity',(#3076,#52,#53));
#3078= IFCCARTESIANPOINT((16874.9997253418,2030.63010786397,60750.));
#3079= IFCAXIS2PLACEMENT3D(#3078,#9,#675);
#3080= IFCLOCALPLACEMENT(#3074,#3079);
#3081= IFCCARTESIANPOINT((888.299942016602,0.,0.));
#3082= IFCAXIS2PLACEMENT3D(#3081,#675,#1222);
#3083= IFCEXTRUDEDAREASOLID(#3050,#3082,#9,888.3);
#3084= IFCSHAPEREPRESENTATION(#12,'Body','SweptSolid',(#3083));
#3085= IFCPRODUCTDEFINITIONSHAPE($,$,(#3084));
#3086= IFCBEAM('0jhb4zPZT0EwcD2DJTGZXG',#2641,'main piece','IPE200','IPE200',#3080,#3085,'b/828');
#3087= IFCPROPERTYSINGLEVALUE('IndicationMark',$,IFCIDENTIFIER('b/828'),$);
#3088= IFCPROPERTYSET('3YVsYvAebB488EJI3SG5js',#5,'AISC_EM11_Pset_PieceIdentification','PieceIdentity',(#1229,#3087,#1231,#1232));
#3089= IFCLOCALPLACEMENT(#42,#10);
#3090= IFCELEMENTASSEMBLY('213ChoZa99w9XIATtaZXoc',#2641,'BEAM',$,$,#3089,$,'B/932',.NOTDEFINED.,.RIGID_FRAME.);
#3091= IFCCARTESIANPOINT((16875.7817382813,4061.29788969381,60750.));
#3092= IFCDIRECTION((-0.999999999032924,-4.39790000013307E-05,0.));
#3093= IFCAXIS2PLACEMENT3D(#3091,#9,#3092);
#3094= IFCLOCALPLACEMENT(#3089,#3093);
#3095= IFCCARTESIANPOINT((889.081955817658,6.02465367509479E-18,0.));
#3096= IFCAXIS2PLACEMENT3D(#3095,#675,#1222);
#3097= IFCEXTRUDEDAREASOLID(#3050,#3096,#9,889.08);
#3098= IFCSHAPEREPRESENTATION(#12,'Body','SweptSolid',(#3097));
#3099= IFCPRODUCTDEFINITIONSHAPE($,$,(#3098));
#3100= IFCBEAM('2Roj7KZ5z9OPGPPETepanD',#2641,'main piece','IPE200','IPE200',#3094,#3099,'b/828');
#3101= IFCLOCALPLACEMENT(#42,#10);
#3102= IFCELEMENTASSEMBLY('0KV7C7KbzCvuOgjCl7viGo',#2641,'BEAM',$,$,#3101,$,'B/932',.NOTDEFINED.,.RIGID_FRAME.);
#3103= IFCCARTESIANPOINT((16875.7493133545,6091.88890074117,60750.));
#3104= IFCAXIS2PLACEMENT3D(#3103,#9,#675);
#3105= IFCLOCALPLACEMENT(#3101,#3104);
#3106= IFCCARTESIANPOINT((889.049530029297,0.,0.));
#3107= IFCAXIS2PLACEMENT3D(#3106,#675,#1222);
#3108= IFCEXTRUDEDAREASOLID(#3050,#3107,#9,889.05);
#3109= IFCSHAPEREPRESENTATION(#12,'Body','SweptSolid',(#3108));
#3110= IFCPRODUCTDEFINITIONSHAPE($,$,(#3109));
#3111= IFCBEAM('0JzTDwzOv5IQHy0vcks_ov',#2641,'main piece','IPE200','IPE200',#3105,#3110,'b/828');
#3112= IFCLOCALPLACEMENT(#42,#10);
#3113= IFCELEMENTASSEMBLY('02txNfIenF5fVDxhbkxYEJ',#2641,'BEAM',$,$,#3112,$,'B/932',.NOTDEFINED.,.RIGID_FRAME.);
#3114= IFCCARTESIANPOINT((15986.6997833252,8122.5190124355,60750.));
#3115= IFCAXIS2PLACEMENT3D(#3114,#9,#7);
#3116= IFCLOCALPLACEMENT(#3112,#3115);
#3117= IFCSHAPEREPRESENTATION(#12,'Body','SweptSolid',(#3083));
#3118= IFCPRODUCTDEFINITIONSHAPE($,$,(#3117));
#3119= IFCBEAM('0Wd2jmZfL9burynEpZAsBb',#2641,'main piece','IPE200','IPE200',#3116,#3118,'b/828');
#3120= IFCLOCALPLACEMENT(#42,#10);
#3121= IFCELEMENTASSEMBLY('31PbVVVrT5qugvqRui2PjU',#2641,'BEAM',$,$,#3120,$,'B/932',.NOTDEFINED.,.RIGID_FRAME.);
#3122= IFCCARTESIANPOINT((16874.9997253418,10436.922546371,60750.));
#3123= IFCAXIS2PLACEMENT3D(#3122,#9,#675);
#3124= IFCLOCALPLACEMENT(#3120,#3123);
#3125= IFCSHAPEREPRESENTATION(#12,'Body','SweptSolid',(#3083));
#3126= IFCPRODUCTDEFINITIONSHAPE($,$,(#3125));
#3127= IFCBEAM('18GKtsN015GRxxycErLwiu',#2641,'main piece','IPE200','IPE200',#3124,#3126,'b/828');
#3128= IFCLOCALPLACEMENT(#42,#10);
#3129= IFCELEMENTASSEMBLY('1oOw34RpX1OepRnDq8m6rp',#2641,'BEAM',$,$,#3128,$,'B/932',.NOTDEFINED.,.RIGID_FRAME.);
#3130= IFCCARTESIANPOINT((16874.9997253418,12751.3260803066,60750.));
#3131= IFCAXIS2PLACEMENT3D(#3130,#9,#675);
#3132= IFCLOCALPLACEMENT(#3128,#3131);
#3133= IFCSHAPEREPRESENTATION(#12,'Body','SweptSolid',(#3083));
#3134= IFCPRODUCTDEFINITIONSHAPE($,$,(#3133));
#3135= IFCBEAM('0CxZfuUvD7kQXhi_g2pHWN',#2641,'main piece','IPE200','IPE200',#3132,#3134,'b/828');
#3136= IFCLOCALPLACEMENT(#42,#10);
#3137= IFCELEMENTASSEMBLY('20PgruRd9Eg82LtKVwbu7_',#2641,'BEAM',$,$,#3136,$,'B/932',.NOTDEFINED.,.RIGID_FRAME.);
#3138= IFCCARTESIANPOINT((15986.6997833252,15065.7296142421,60750.));
#3139= IFCAXIS2PLACEMENT3D(#3138,#9,#7);
#3140= IFCLOCALPLACEMENT(#3136,#3139);
#3141= IFCSHAPEREPRESENTATION(#12,'Body','SweptSolid',(#3108));
#3142= IFCPRODUCTDEFINITIONSHAPE($,$,(#3141));
#3143= IFCBEAM('0fV0aGStr4JByVnnXUqIpQ',#2641,'main piece','IPE200','IPE200',#3140,#3142,'b/828');
#3144= IFCLOCALPLACEMENT(#42,#10);
#3145= IFCELEMENTASSEMBLY('3nf5DvtW53sR$9YBjJ6dE1',#2641,'BEAM',$,$,#3144,$,'B/932',.NOTDEFINED.,.RIGID_FRAME.);
#3146= IFCCARTESIANPOINT((16875.8008117676,17380.2056274257,60750.));
#3147= IFCAXIS2PLACEMENT3D(#3146,#9,#675);
#3148= IFCLOCALPLACEMENT(#3144,#3147);
#3149= IFCCARTESIANPOINT((889.101028442383,0.,0.));
#3150= IFCAXIS2PLACEMENT3D(#3149,#675,#1222);
#3151= IFCEXTRUDEDAREASOLID(#3050,#3150,#9,889.1);
#3152= IFCSHAPEREPRESENTATION(#12,'Body','SweptSolid',(#3151));
#3153= IFCPRODUCTDEFINITIONSHAPE($,$,(#3152));
#3154= IFCBEAM('0ouv7z2rr1Bxyf3LIZfy4j',#2641,'main piece','IPE200','IPE200',#3148,#3153,'b/828');
#3155= IFCLOCALPLACEMENT(#42,#10);
#3156= IFCELEMENTASSEMBLY('2duZYIX8v73emMiV_Urf_L',#2641,'BEAM',$,$,#3155,$,'B/932',.NOTDEFINED.,.RIGID_FRAME.);
#3157= IFCCARTESIANPOINT((15986.6997833252,19410.0995025478,60750.));
#3158= IFCAXIS2PLACEMENT3D(#3157,#9,#7);
#3159= IFCLOCALPLACEMENT(#3155,#3158);
#3160= IFCSHAPEREPRESENTATION(#12,'Body','SweptSolid',(#3083));
#3161= IFCPRODUCTDEFINITIONSHAPE($,$,(#3160));
#3162= IFCBEAM('1VbSYAqKvEyBDgGMfzzEpj',#2641,'main piece','IPE200','IPE200',#3159,#3161,'b/828');
#3163= IFCLOCALPLACEMENT(#42,#10);
#3164= IFCELEMENTASSEMBLY('12VhTMLQzFOPSXAw9e4Aeh',#2641,'BEAM',$,$,#3163,$,'B/935',.NOTDEFINED.,.RIGID_FRAME.);
#3165= IFCPROPERTYSINGLEVALUE('AssemblyMark',$,IFCIDENTIFIER('B/935'),$);
#3166= IFCPROPERTYSET('1k4s8Xe2DB$BYgrX8ttzjS',#5,'AISC_EM11_Pset_AssemblyIdentification','AssemblyIdentity',(#3165,#52,#53));
#3167= IFCCARTESIANPOINT((16877.7928466808,21440.099192264,60750.));
#3168= IFCDIRECTION((-0.999999999300246,-3.74100000110922E-05,0.));
#3169= IFCAXIS2PLACEMENT3D(#3167,#9,#3168);
#3170= IFCLOCALPLACEMENT(#3163,#3169);
#3171= IFCCARTESIANPOINT((891.093063980703,-6.03828147409152E-18,0.));
#3172= IFCAXIS2PLACEMENT3D(#3171,#675,#1222);
#3173= IFCEXTRUDEDAREASOLID(#3050,#3172,#9,891.09);
#3174= IFCSHAPEREPRESENTATION(#12,'Body','SweptSolid',(#3173));
#3175= IFCPRODUCTDEFINITIONSHAPE($,$,(#3174));
#3176= IFCBEAM('3vTc1ced10rQUP9Mg8mjXL',#2641,'main piece','IPE200','IPE200',#3170,#3175,'b/831');
#3177= IFCPROPERTYSINGLEVALUE('IndicationMark',$,IFCIDENTIFIER('b/831'),$);
#3178= IFCPROPERTYSET('0C9BJkYXr1IuJk531BrIKQ',#5,'AISC_EM11_Pset_PieceIdentification','PieceIdentity',(#1229,#3177,#1231,#1232));
#3179= IFCLOCALPLACEMENT(#42,#10);
#3180= IFCELEMENTASSEMBLY('0Z2FIYENz9tvH57xy7x2MX',#2641,'BEAM',$,$,#3179,$,'B/932',.NOTDEFINED.,.RIGID_FRAME.);
#3181= IFCCARTESIANPOINT((15986.6997833252,23470.0331649624,60750.));
#3182= IFCAXIS2PLACEMENT3D(#3181,#9,#7);
#3183= IFCLOCALPLACEMENT(#3179,#3182);
#3184= IFCSHAPEREPRESENTATION(#12,'Body','SweptSolid',(#3083));
#3185= IFCPRODUCTDEFINITIONSHAPE($,$,(#3184));
#3186= IFCBEAM('1OU5jQG8P3GBg4aFS8IL3Z',#2641,'main piece','IPE200','IPE200',#3183,#3185,'b/828');
#3187= IFCLOCALPLACEMENT(#42,#10);
#3188= IFCELEMENTASSEMBLY('3Drc_RJ6jEigXOFgQe1$0_',#2641,'BEAM',$,$,#3187,$,'B/915',.NOTDEFINED.,.RIGID_FRAME.);
#3189= IFCCARTESIANPOINT((16774.9994506836,25500.2104826052,60750.));
#3190= IFCDIRECTION((-0.999999964513388,-0.000266407999868759,0.));
#3191= IFCAXIS2PLACEMENT3D(#3189,#9,#3190);
#3192= IFCLOCALPLACEMENT(#3187,#3191);
#3193= IFCCARTESIANPOINT((788.299695332517,0.,-7.27595761418343E-12));
#3194= IFCAXIS2PLACEMENT3D(#3193,#675,#1222);
#3195= IFCEXTRUDEDAREASOLID(#3050,#3194,#9,788.3);
#3196= IFCSHAPEREPRESENTATION(#12,'Body','SweptSolid',(#3195));
#3197= IFCPRODUCTDEFINITIONSHAPE($,$,(#3196));
#3198= IFCBEAM('2szvEZFpf20evTYFx0c0o$',#2641,'main piece','IPE200','IPE200',#3192,#3197,'b/811');
#3199= IFCLOCALPLACEMENT(#42,#10);
#3200= IFCELEMENTASSEMBLY('0OZvwH5j90EP6TYd8z2T0e',#2641,'BEAM',$,$,#3199,$,'B/917',.NOTDEFINED.,.RIGID_FRAME.);
#3201= IFCPROPERTYSINGLEVALUE('AssemblyMark',$,IFCIDENTIFIER('B/917'),$);
#3202= IFCPROPERTYSET('3ahTH2bELDF9Ktg6inTFpQ',#5,'AISC_EM11_Pset_AssemblyIdentification','AssemblyIdentity',(#3201,#52,#53));
#3203= IFCCARTESIANPOINT((17002.9093856812,25495.2530822597,60750.));
#3204= IFCDIRECTION((-0.526755711013009,0.850016718020993,0.));
#3205= IFCAXIS2PLACEMENT3D(#3203,#9,#3204);
#3206= IFCLOCALPLACEMENT(#3199,#3205);
#3207= IFCCARTESIANPOINT((1929.18573363913,-3.63797880709171E-12,7.27595761418343E-12));
#3208= IFCAXIS2PLACEMENT3D(#3207,#675,#1222);
#3209= IFCEXTRUDEDAREASOLID(#3050,#3208,#9,1929.19);
#3210= IFCSHAPEREPRESENTATION(#12,'Body','SweptSolid',(#3209));
#3211= IFCPRODUCTDEFINITIONSHAPE($,$,(#3210));
#3212= IFCBEAM('0PP9JhTnXESwPV2_hAawNe',#2641,'main piece','IPE200','IPE200',#3206,#3211,'b/813');
#3213= IFCPROPERTYSINGLEVALUE('IndicationMark',$,IFCIDENTIFIER('b/813'),$);
#3214= IFCPROPERTYSET('2Mht8DHMXA6gozOfSO2Kj9',#5,'AISC_EM11_Pset_PieceIdentification','PieceIdentity',(#1229,#3213,#1231,#1232));
#3215= IFCLOCALPLACEMENT(#42,#10);
#3216= IFCELEMENTASSEMBLY('0dvPrQ2gX68u35HD21WOdg',#2641,'BEAM',$,$,#3215,$,'B/916',.NOTDEFINED.,.RIGID_FRAME.);
#3217= IFCPROPERTYSINGLEVALUE('AssemblyMark',$,IFCIDENTIFIER('B/916'),$);
#3218= IFCPROPERTYSET('1sK1emO2n2beGOV1jzzt7e',#5,'AISC_EM11_Pset_AssemblyIdentification','AssemblyIdentity',(#3217,#52,#53));
#3219= IFCCARTESIANPOINT((85034.2067436661,-38.9109079520349,60750.));
#3220= IFCDIRECTION((0.519694514867726,-0.854352158782548,0.));
#3221= IFCAXIS2PLACEMENT3D(#3219,#9,#3220);
#3222= IFCLOCALPLACEMENT(#3215,#3221);
#3223= IFCCARTESIANPOINT((1909.65892561812,-1.06007365420109E-13,0.));
#3224= IFCAXIS2PLACEMENT3D(#3223,#675,#1222);
#3225= IFCEXTRUDEDAREASOLID(#3050,#3224,#9,1909.66);
#3226= IFCSHAPEREPRESENTATION(#12,'Body','SweptSolid',(#3225));
#3227= IFCPRODUCTDEFINITIONSHAPE($,$,(#3226));
#3228= IFCBEAM('1TrQpxpqbAqAx1$JRsmRx3',#2641,'main piece','IPE200','IPE200',#3222,#3227,'b/812');
#3229= IFCPROPERTYSINGLEVALUE('IndicationMark',$,IFCIDENTIFIER('b/812'),$);
#3230= IFCPROPERTYSET('1umMeukzj0o9crWf2ZUyE9',#5,'AISC_EM11_Pset_PieceIdentification','PieceIdentity',(#1229,#3229,#1231,#1232));
#3231= IFCLOCALPLACEMENT(#42,#10);
#3232= IFCELEMENTASSEMBLY('0T1vdl4on3Nu9pwuKQ8VpY',#2641,'BEAM',$,$,#3231,$,'B/915',.NOTDEFINED.,.RIGID_FRAME.);
#3233= IFCCARTESIANPOINT((85225.0020141602,-3.83036422135774E-06,60750.));
#3234= IFCAXIS2PLACEMENT3D(#3233,#9,#7);
#3235= IFCLOCALPLACEMENT(#3231,#3234);
#3236= IFCSHAPEREPRESENTATION(#12,'Body','SweptSolid',(#3068));
#3237= IFCPRODUCTDEFINITIONSHAPE($,$,(#3236));
#3238= IFCBEAM('3cGml6a1L0KvlZe5arZsIz',#2641,'main piece','IPE200','IPE200',#3235,#3237,'b/811');
#3239= IFCLOCALPLACEMENT(#42,#10);
#3240= IFCELEMENTASSEMBLY('1yEpzN9oP4uuq7lY4apu5M',#2641,'BEAM',$,$,#3239,$,'B/936',.NOTDEFINED.,.RIGID_FRAME.);
#3241= IFCPROPERTYSINGLEVALUE('AssemblyMark',$,IFCIDENTIFIER('B/936'),$);
#3242= IFCPROPERTYSET('1$MCZJzF5Ffu$26glviqhk',#5,'AISC_EM11_Pset_AssemblyIdentification','AssemblyIdentity',(#3241,#52,#53));
#3243= IFCCARTESIANPOINT((85126.4027709961,2030.63010786397,60750.));
#3244= IFCAXIS2PLACEMENT3D(#3243,#9,#7);
#3245= IFCLOCALPLACEMENT(#3239,#3244);
#3246= IFCCARTESIANPOINT((886.898803710938,0.,0.));
#3247= IFCAXIS2PLACEMENT3D(#3246,#675,#1222);
#3248= IFCEXTRUDEDAREASOLID(#3050,#3247,#9,886.9);
#3249= IFCSHAPEREPRESENTATION(#12,'Body','SweptSolid',(#3248));
#3250= IFCPRODUCTDEFINITIONSHAPE($,$,(#3249));
#3251= IFCBEAM('0I3uRnIffCzwO_Cn95KtTE',#2641,'main piece','IPE200','IPE200',#3245,#3250,'b/832');
#3252= IFCPROPERTYSINGLEVALUE('IndicationMark',$,IFCIDENTIFIER('b/832'),$);
#3253= IFCPROPERTYSET('3TIs889yjA$RH0wyfvFkIz',#5,'AISC_EM11_Pset_PieceIdentification','PieceIdentity',(#1229,#3252,#1231,#1232));
#3254= IFCLOCALPLACEMENT(#42,#10);
#3255= IFCELEMENTASSEMBLY('1KkwCUgY1DGesdXxGoIyr9',#2641,'BEAM',$,$,#3254,$,'B/935',.NOTDEFINED.,.RIGID_FRAME.);
#3256= IFCCARTESIANPOINT((85122.2066040039,4059.8997613315,60750.));
#3257= IFCDIRECTION((0.999998837005342,0.00152511900000814,0.));
#3258= IFCAXIS2PLACEMENT3D(#3256,#9,#3257);
#3259= IFCLOCALPLACEMENT(#3254,#3258);
#3260= IFCCARTESIANPOINT((891.096007047831,-1.93225645346883E-16,0.));
#3261= IFCAXIS2PLACEMENT3D(#3260,#675,#1222);
#3262= IFCEXTRUDEDAREASOLID(#3050,#3261,#9,891.1);
#3263= IFCSHAPEREPRESENTATION(#12,'Body','SweptSolid',(#3262));
#3264= IFCPRODUCTDEFINITIONSHAPE($,$,(#3263));
#3265= IFCBEAM('2A6bAQfhD4WBpyGn5W9zR4',#2641,'main piece','IPE200','IPE200',#3259,#3264,'b/831');
#3266= IFCLOCALPLACEMENT(#42,#10);
#3267= IFCELEMENTASSEMBLY('2DMYfATj91Kh4iVzGh2QH8',#2641,'BEAM',$,$,#3266,$,'B/932',.NOTDEFINED.,.RIGID_FRAME.);
#3268= IFCCARTESIANPOINT((85125.0493164063,6091.88900874127,60750.));
#3269= IFCAXIS2PLACEMENT3D(#3268,#9,#7);
#3270= IFCLOCALPLACEMENT(#3266,#3269);
#3271= IFCCARTESIANPOINT((888.252258300781,0.,0.));
#3272= IFCAXIS2PLACEMENT3D(#3271,#675,#1222);
#3273= IFCEXTRUDEDAREASOLID(#3050,#3272,#9,888.25);
#3274= IFCSHAPEREPRESENTATION(#12,'Body','SweptSolid',(#3273));
#3275= IFCPRODUCTDEFINITIONSHAPE($,$,(#3274));
#3276= IFCBEAM('1jpCrQ5Kv8v87o4JGduLev',#2641,'main piece','IPE200','IPE200',#3270,#3275,'b/828');
#3277= IFCLOCALPLACEMENT(#42,#10);
#3278= IFCELEMENTASSEMBLY('0dMw9KOwXEpu$71o8ac2Rq',#2641,'BEAM',$,$,#3277,$,'B/932',.NOTDEFINED.,.RIGID_FRAME.);
#3279= IFCCARTESIANPOINT((85124.2177124023,8122.55811308248,60750.));
#3280= IFCDIRECTION((0.999999987068142,0.000160822000011242,0.));
#3281= IFCAXIS2PLACEMENT3D(#3279,#9,#3280);
#3282= IFCLOCALPLACEMENT(#3277,#3281);
#3283= IFCCARTESIANPOINT((889.101423349161,2.40991423688783E-17,0.));
#3284= IFCAXIS2PLACEMENT3D(#3283,#675,#1222);
#3285= IFCEXTRUDEDAREASOLID(#3050,#3284,#9,889.1);
#3286= IFCSHAPEREPRESENTATION(#12,'Body','SweptSolid',(#3285));
#3287= IFCPRODUCTDEFINITIONSHAPE($,$,(#3286));
#3288= IFCBEAM('2MELu_Cdj2wv5IJrCBTjdw',#2641,'main piece','IPE200','IPE200',#3282,#3287,'b/828');
#3289= IFCLOCALPLACEMENT(#42,#10);
#3290= IFCELEMENTASSEMBLY('3ORPT55Qz2BQp9L1E5uwZw',#2641,'BEAM',$,$,#3289,$,'B/932',.NOTDEFINED.,.RIGID_FRAME.);
#3291= IFCCARTESIANPOINT((85125.0523681641,10436.9226543712,60750.));
#3292= IFCAXIS2PLACEMENT3D(#3291,#9,#7);
#3293= IFCLOCALPLACEMENT(#3289,#3292);
#3294= IFCCARTESIANPOINT((888.249206542969,0.,0.));
#3295= IFCAXIS2PLACEMENT3D(#3294,#675,#1222);
#3296= IFCEXTRUDEDAREASOLID(#3050,#3295,#9,888.25);
#3297= IFCSHAPEREPRESENTATION(#12,'Body','SweptSolid',(#3296));
#3298= IFCPRODUCTDEFINITIONSHAPE($,$,(#3297));
#3299= IFCBEAM('2fmKYAdVf0COlLH_pUJpFZ',#2641,'main piece','IPE200','IPE200',#3293,#3298,'b/828');
#3300= IFCLOCALPLACEMENT(#42,#10);
#3301= IFCELEMENTASSEMBLY('3DSSSddW10sAeXbhmOxGAV',#2641,'BEAM',$,$,#3300,$,'B/932',.NOTDEFINED.,.RIGID_FRAME.);
#3302= IFCCARTESIANPOINT((85124.98828125,12750.038858398,60750.));
#3303= IFCDIRECTION((0.999998949933765,0.001449182999903,0.));
#3304= IFCAXIS2PLACEMENT3D(#3302,#9,#3303);
#3305= IFCLOCALPLACEMENT(#3300,#3304);
#3306= IFCCARTESIANPOINT((888.314226250909,-1.92622442790203E-16,7.27595761418343E-12));
#3307= IFCAXIS2PLACEMENT3D(#3306,#675,#1222);
#3308= IFCEXTRUDEDAREASOLID(#3050,#3307,#9,888.31);
#3309= IFCSHAPEREPRESENTATION(#12,'Body','SweptSolid',(#3308));
#3310= IFCPRODUCTDEFINITIONSHAPE($,$,(#3309));
#3311= IFCBEAM('2aKC4kH2LA$gB0e2e72VFi',#2641,'main piece','IPE200','IPE200',#3305,#3310,'b/828');
#3312= IFCLOCALPLACEMENT(#42,#10);
#3313= IFCELEMENTASSEMBLY('2IT6wC051AOwiBLW5aMQBi',#2641,'BEAM',$,$,#3312,$,'B/932',.NOTDEFINED.,.RIGID_FRAME.);
#3314= IFCCARTESIANPOINT((85125.0493164063,15065.7677612148,60750.));
#3315= IFCDIRECTION((0.99999999908301,-4.28250000036531E-05,0.));
#3316= IFCAXIS2PLACEMENT3D(#3314,#9,#3315);
#3317= IFCLOCALPLACEMENT(#3312,#3316);
#3318= IFCSHAPEREPRESENTATION(#12,'Body','SweptSolid',(#3273));
#3319= IFCPRODUCTDEFINITIONSHAPE($,$,(#3318));
#3320= IFCBEAM('2_dk7uWjP759zboafJSVT6',#2641,'main piece','IPE200','IPE200',#3317,#3319,'b/828');
#3321= IFCLOCALPLACEMENT(#42,#10);
#3322= IFCELEMENTASSEMBLY('3o7iYfilX3luLSPimGI1ys',#2641,'BEAM',$,$,#3321,$,'B/932',.NOTDEFINED.,.RIGID_FRAME.);
#3323= IFCCARTESIANPOINT((85124.98828125,17380.2066891002,60750.));
#3324= IFCDIRECTION((0.99999999649389,-8.37390000406963E-05,0.));
#3325= IFCAXIS2PLACEMENT3D(#3323,#9,#3324);
#3326= IFCLOCALPLACEMENT(#3321,#3325);
#3327= IFCCARTESIANPOINT((888.313296579472,1.20388900749903E-17,0.));
#3328= IFCAXIS2PLACEMENT3D(#3327,#675,#1222);
#3329= IFCEXTRUDEDAREASOLID(#3050,#3328,#9,888.31);
#3330= IFCSHAPEREPRESENTATION(#12,'Body','SweptSolid',(#3329));
#3331= IFCPRODUCTDEFINITIONSHAPE($,$,(#3330));
#3332= IFCBEAM('3MmedMnSDBKOEkOnHzDasQ',#2641,'main piece','IPE200','IPE200',#3326,#3331,'b/828');
#3333= IFCLOCALPLACEMENT(#42,#10);
#3334= IFCELEMENTASSEMBLY('0bPoU$JXPBEAGwnhhroJxJ',#2641,'BEAM',$,$,#3333,$,'B/934',.NOTDEFINED.,.RIGID_FRAME.);
#3335= IFCPROPERTYSINGLEVALUE('AssemblyMark',$,IFCIDENTIFIER('B/934'),$);
#3336= IFCPROPERTYSET('1zuJE0VobFJvONAlQljCe_',#5,'AISC_EM11_Pset_AssemblyIdentification','AssemblyIdentity',(#3335,#52,#53));
#3337= IFCCARTESIANPOINT((85077.0299072266,19410.0996105479,60750.));
#3338= IFCAXIS2PLACEMENT3D(#3337,#9,#7);
#3339= IFCLOCALPLACEMENT(#3333,#3338);
#3340= IFCCARTESIANPOINT((936.271667480469,0.,0.));
#3341= IFCAXIS2PLACEMENT3D(#3340,#675,#1222);
#3342= IFCEXTRUDEDAREASOLID(#3050,#3341,#9,936.27);
#3343= IFCSHAPEREPRESENTATION(#12,'Body','SweptSolid',(#3342));
#3344= IFCPRODUCTDEFINITIONSHAPE($,$,(#3343));
#3345= IFCBEAM('3hDt5Tgmv05x5Lp4UmutCM',#2641,'main piece','IPE200','IPE200',#3339,#3344,'b/830');
#3346= IFCPROPERTYSINGLEVALUE('IndicationMark',$,IFCIDENTIFIER('b/830'),$);
#3347= IFCPROPERTYSET('2PdUG2$k53nupYL1uzPkuB',#5,'AISC_EM11_Pset_PieceIdentification','PieceIdentity',(#1229,#3346,#1231,#1232));
#3348= IFCLOCALPLACEMENT(#42,#10);
#3349= IFCELEMENTASSEMBLY('2SX4sd5yL2kOvXRxFERwT1',#2641,'BEAM',$,$,#3348,$,'B/933',.NOTDEFINED.,.RIGID_FRAME.);
#3350= IFCPROPERTYSINGLEVALUE('AssemblyMark',$,IFCIDENTIFIER('B/933'),$);
#3351= IFCPROPERTYSET('3FF4zAORb7xBGM3w91emJm',#5,'AISC_EM11_Pset_AssemblyIdentification','AssemblyIdentity',(#3350,#52,#53));
#3352= IFCCARTESIANPOINT((85074.1841430664,21440.0991937045,60750.));
#3353= IFCAXIS2PLACEMENT3D(#3352,#9,#7);
#3354= IFCLOCALPLACEMENT(#3348,#3353);
#3355= IFCCARTESIANPOINT((939.117431640625,0.,0.));
#3356= IFCAXIS2PLACEMENT3D(#3355,#675,#1222);
#3357= IFCEXTRUDEDAREASOLID(#3050,#3356,#9,939.12);
#3358= IFCSHAPEREPRESENTATION(#12,'Body','SweptSolid',(#3357));
#3359= IFCPRODUCTDEFINITIONSHAPE($,$,(#3358));
#3360= IFCBEAM('1esvw5RXD77AJRpMl_R92R',#2641,'main piece','IPE200','IPE200',#3354,#3359,'b/829');
#3361= IFCPROPERTYSINGLEVALUE('IndicationMark',$,IFCIDENTIFIER('b/829'),$);
#3362= IFCPROPERTYSET('0Kn6chiyvDqxqHs60EP6Uy',#5,'AISC_EM11_Pset_PieceIdentification','PieceIdentity',(#1229,#3361,#1231,#1232));
#3363= IFCLOCALPLACEMENT(#42,#10);
#3364= IFCELEMENTASSEMBLY('0nYaUOuk1Ef8wNSx4ihThU',#2641,'BEAM',$,$,#3363,$,'B/932',.NOTDEFINED.,.RIGID_FRAME.);
#3365= IFCCARTESIANPOINT((85125.0493164063,23470.0332729625,60750.));
#3366= IFCAXIS2PLACEMENT3D(#3365,#9,#7);
#3367= IFCLOCALPLACEMENT(#3363,#3366);
#3368= IFCSHAPEREPRESENTATION(#12,'Body','SweptSolid',(#3273));
#3369= IFCPRODUCTDEFINITIONSHAPE($,$,(#3368));
#3370= IFCBEAM('0RiKeGnTHEgAmGiixaw$Bk',#2641,'main piece','IPE200','IPE200',#3367,#3369,'b/828');
#3371= IFCLOCALPLACEMENT(#42,#10);
#3372= IFCELEMENTASSEMBLY('2$pOeWNkzELB7yY2wO1ZUD',#2641,'BEAM',$,$,#3371,$,'B/895',.NOTDEFINED.,.RIGID_FRAME.);
#3373= IFCPROPERTYSINGLEVALUE('AssemblyMark',$,IFCIDENTIFIER('B/895'),$);
#3374= IFCPROPERTYSET('3Goy0_MWr8iRo_gMeOdJfH',#5,'AISC_EM11_Pset_AssemblyIdentification','AssemblyIdentity',(#3373,#52,#53));
#3375= IFCCARTESIANPOINT((85229.5033569336,25500.0005810069,60750.));
#3376= IFCAXIS2PLACEMENT3D(#3375,#9,#7);
#3377= IFCLOCALPLACEMENT(#3371,#3376);
#3378= IFCCARTESIANPOINT((783.798217773438,0.,0.));
#3379= IFCAXIS2PLACEMENT3D(#3378,#675,#1222);
#3380= IFCEXTRUDEDAREASOLID(#3050,#3379,#9,783.8);
#3381= IFCSHAPEREPRESENTATION(#12,'Body','SweptSolid',(#3380));
#3382= IFCPRODUCTDEFINITIONSHAPE($,$,(#3381));
#3383= IFCBEAM('0llETti0b8mfvkIiFCFL9e',#2641,'main piece','IPE200','IPE200',#3377,#3382,'b/790');
#3384= IFCPROPERTYSINGLEVALUE('IndicationMark',$,IFCIDENTIFIER('b/790'),$);
#3385= IFCPROPERTYSET('1cgFrAmtHF9vtK3TzstWG2',#5,'AISC_EM11_Pset_PieceIdentification','PieceIdentity',(#1229,#3384,#1231,#1232));
#3386= IFCLOCALPLACEMENT(#42,#10);
#3387= IFCELEMENTASSEMBLY('1evuG20TD1suV28_GHzUcn',#2641,'BEAM',$,$,#3386,$,'B/894',.NOTDEFINED.,.RIGID_FRAME.);
#3388= IFCPROPERTYSINGLEVALUE('AssemblyMark',$,IFCIDENTIFIER('B/894'),$);
#3389= IFCPROPERTYSET('0NB7URTiLC2gcJACBiDAzq',#5,'AISC_EM11_Pset_AssemblyIdentification','AssemblyIdentity',(#3388,#52,#53));
#3390= IFCCARTESIANPOINT((85075.2806267976,25622.8112645973,60770.));
#3391= IFCDIRECTION((0.522594137095714,0.852581590156148,0.));
#3392= IFCAXIS2PLACEMENT3D(#3390,#9,#3391);
#3393= IFCLOCALPLACEMENT(#3386,#3392);
#3394= IFCCARTESIANPOINT((1841.50574675851,-1.02224104001542E-13,0.));
#3395= IFCAXIS2PLACEMENT3D(#3394,#675,#1222);
#3396= IFCEXTRUDEDAREASOLID(#2696,#3395,#9,1841.51);
#3397= IFCSHAPEREPRESENTATION(#12,'Body','SweptSolid',(#3396));
#3398= IFCPRODUCTDEFINITIONSHAPE($,$,(#3397));
#3399= IFCBEAM('1wdOWMb0v8zPSJxzpNmwtT',#2641,'main piece','IPE160','IPE160',#3393,#3398,'b/789');
#3400= IFCPROPERTYSINGLEVALUE('IndicationMark',$,IFCIDENTIFIER('b/789'),$);
#3401= IFCPROPERTYSET('3pmNoIEXvCZ8qJXbvT09qX',#5,'AISC_EM11_Pset_PieceIdentification','PieceIdentity',(#1229,#3400,#1231,#1232));
#3402= IFCLOCALPLACEMENT(#42,#10);
#3403= IFCELEMENTASSEMBLY('32AMTH3eLA2Rp9FMHYHS1n',#2641,'BEAM',$,$,#3402,$,'B/931',.NOTDEFINED.,.RIGID_FRAME.);
#3404= IFCCARTESIANPOINT((83639.9991149902,25674.5409927211,60770.));
#3405= IFCAXIS2PLACEMENT3D(#3404,#9,#1525);
#3406= IFCLOCALPLACEMENT(#3402,#3405);
#3407= IFCCARTESIANPOINT((1520.96227266363,0.,0.));
#3408= IFCAXIS2PLACEMENT3D(#3407,#675,#1222);
#3409= IFCEXTRUDEDAREASOLID(#2696,#3408,#9,1520.96);
#3410= IFCSHAPEREPRESENTATION(#12,'Body','SweptSolid',(#3409));
#3411= IFCPRODUCTDEFINITIONSHAPE($,$,(#3410));
#3412= IFCBEAM('0jXfvEtcfBt8gPZGxbYekr',#2641,'main piece','IPE160','IPE160',#3406,#3411,'b/827');
#3413= IFCLOCALPLACEMENT(#42,#10);
#3414= IFCELEMENTASSEMBLY('34WAZQctTB782kqRlS0IQ7',#2641,'BEAM',$,$,#3413,$,'B/930',.NOTDEFINED.,.RIGID_FRAME.);
#3415= IFCCARTESIANPOINT((81220.0009460449,25690.8698043667,60770.));
#3416= IFCAXIS2PLACEMENT3D(#3415,#9,#603);
#3417= IFCLOCALPLACEMENT(#3413,#3416);
#3418= IFCCARTESIANPOINT((1504.63346101775,0.,-7.27595761418343E-12));
#3419= IFCAXIS2PLACEMENT3D(#3418,#675,#1222);
#3420= IFCEXTRUDEDAREASOLID(#2696,#3419,#9,1504.63);
#3421= IFCSHAPEREPRESENTATION(#12,'Body','SweptSolid',(#3420));
#3422= IFCPRODUCTDEFINITIONSHAPE($,$,(#3421));
#3423= IFCBEAM('3v0rhUzFP0xf9dpVYKMVpP',#2641,'main piece','IPE160','IPE160',#3417,#3422,'b/826');
#3424= IFCLOCALPLACEMENT(#42,#10);
#3425= IFCELEMENTASSEMBLY('34YNbYn_55B9Z2l1lWHudB',#2641,'BEAM',$,$,#3424,$,'B/891',.NOTDEFINED.,.RIGID_FRAME.);
#3426= IFCPROPERTYSINGLEVALUE('AssemblyMark',$,IFCIDENTIFIER('B/891'),$);
#3427= IFCPROPERTYSET('0TEtWS1P5EMBrfjD_s5sVh',#5,'AISC_EM11_Pset_AssemblyIdentification','AssemblyIdentity',(#3426,#52,#53));
#3428= IFCCARTESIANPOINT((78799.9989624023,26600.4524536133,60770.));
#3429= IFCAXIS2PLACEMENT3D(#3428,#9,#8);
#3430= IFCLOCALPLACEMENT(#3424,#3429);
#3431= IFCCARTESIANPOINT((595.050811767578,0.,0.));
#3432= IFCAXIS2PLACEMENT3D(#3431,#675,#1222);
#3433= IFCEXTRUDEDAREASOLID(#2696,#3432,#9,595.05);
#3434= IFCSHAPEREPRESENTATION(#12,'Body','SweptSolid',(#3433));
#3435= IFCPRODUCTDEFINITIONSHAPE($,$,(#3434));
#3436= IFCBEAM('2WACyKePHAff5j_9oUouFg',#2641,'main piece','IPE160','IPE160',#3430,#3435,'b/786');
#3437= IFCPROPERTYSINGLEVALUE('IndicationMark',$,IFCIDENTIFIER('b/786'),$);
#3438= IFCPROPERTYSET('0mFPsWSMv1BfSGYBvAD4er',#5,'AISC_EM11_Pset_PieceIdentification','PieceIdentity',(#1229,#3437,#1231,#1232));
#3439= IFCLOCALPLACEMENT(#42,#10);
#3440= IFCELEMENTASSEMBLY('38437APlH2HvDUxJbiWqdT',#2641,'BEAM',$,$,#3439,$,'B/891',.NOTDEFINED.,.RIGID_FRAME.);
#3441= IFCCARTESIANPOINT((76500.0035400391,26600.5020446777,60770.));
#3442= IFCAXIS2PLACEMENT3D(#3441,#9,#8);
#3443= IFCLOCALPLACEMENT(#3439,#3442);
#3444= IFCCARTESIANPOINT((595.001220703125,0.,0.));
#3445= IFCAXIS2PLACEMENT3D(#3444,#675,#1222);
#3446= IFCEXTRUDEDAREASOLID(#2696,#3445,#9,595.);
#3447= IFCSHAPEREPRESENTATION(#12,'Body','SweptSolid',(#3446));
#3448= IFCPRODUCTDEFINITIONSHAPE($,$,(#3447));
#3449= IFCBEAM('3BnVKflTn23BNYzAwI242g',#2641,'main piece','IPE160','IPE160',#3443,#3448,'b/786');
#3450= IFCLOCALPLACEMENT(#42,#10);
#3451= IFCELEMENTASSEMBLY('0QAkEVuCz0jh5cx99fBHR6',#2641,'BEAM',$,$,#3450,$,'B/891',.NOTDEFINED.,.RIGID_FRAME.);
#3452= IFCCARTESIANPOINT((74375.0035400391,26600.6050415039,60770.));
#3453= IFCAXIS2PLACEMENT3D(#3452,#9,#8);
#3454= IFCLOCALPLACEMENT(#3450,#3453);
#3455= IFCCARTESIANPOINT((594.898223876953,0.,0.));
#3456= IFCAXIS2PLACEMENT3D(#3455,#675,#1222);
#3457= IFCEXTRUDEDAREASOLID(#2696,#3456,#9,594.9);
#3458= IFCSHAPEREPRESENTATION(#12,'Body','SweptSolid',(#3457));
#3459= IFCPRODUCTDEFINITIONSHAPE($,$,(#3458));
#3460= IFCBEAM('2q_CuX30HCcw5R4ss0zI3H',#2641,'main piece','IPE160','IPE160',#3454,#3459,'b/786');
#3461= IFCLOCALPLACEMENT(#42,#10);
#3462= IFCELEMENTASSEMBLY('2Sg8c9TcHArQp3Na_dcuqQ',#2641,'BEAM',$,$,#3461,$,'B/891',.NOTDEFINED.,.RIGID_FRAME.);
#3463= IFCCARTESIANPOINT((72250.0035400391,26600.4524536133,60770.));
#3464= IFCAXIS2PLACEMENT3D(#3463,#9,#8);
#3465= IFCLOCALPLACEMENT(#3461,#3464);
#3466= IFCSHAPEREPRESENTATION(#12,'Body','SweptSolid',(#3433));
#3467= IFCPRODUCTDEFINITIONSHAPE($,$,(#3466));
#3468= IFCBEAM('3ubTZ93Lb6ZPPb3pS4fk9b',#2641,'main piece','IPE160','IPE160',#3465,#3467,'b/786');
#3469= IFCLOCALPLACEMENT(#42,#10);
#3470= IFCELEMENTASSEMBLY('0NeoGO6mn9_ePPvhcF5Oyu',#2641,'BEAM',$,$,#3469,$,'B/891',.NOTDEFINED.,.RIGID_FRAME.);
#3471= IFCCARTESIANPOINT((70125.0035400391,26600.4524536133,60770.));
#3472= IFCAXIS2PLACEMENT3D(#3471,#9,#8);
#3473= IFCLOCALPLACEMENT(#3469,#3472);
#3474= IFCSHAPEREPRESENTATION(#12,'Body','SweptSolid',(#3433));
#3475= IFCPRODUCTDEFINITIONSHAPE($,$,(#3474));
#3476= IFCBEAM('03i7puE$b0T994clNAc0pX',#2641,'main piece','IPE160','IPE160',#3473,#3475,'b/786');
#3477= IFCLOCALPLACEMENT(#42,#10);
#3478= IFCELEMENTASSEMBLY('0rasQiXab4uBqleohAIfvN',#2641,'BEAM',$,$,#3477,$,'B/891',.NOTDEFINED.,.RIGID_FRAME.);
#3479= IFCCARTESIANPOINT((68000.232421875,26600.5020446777,60770.));
#3480= IFCDIRECTION((-0.000390623999891614,0.999999923706443,0.));
#3481= IFCAXIS2PLACEMENT3D(#3479,#9,#3480);
#3482= IFCLOCALPLACEMENT(#3477,#3481);
#3483= IFCSHAPEREPRESENTATION(#12,'Body','SweptSolid',(#3446));
#3484= IFCPRODUCTDEFINITIONSHAPE($,$,(#3483));
#3485= IFCBEAM('2MBRgCQT50ZR9p7N9T4i3l',#2641,'main piece','IPE160','IPE160',#3482,#3484,'b/786');
#3486= IFCLOCALPLACEMENT(#42,#10);
#3487= IFCELEMENTASSEMBLY('1JRuLBpob3Xx2bQln$ISm2',#2641,'BEAM',$,$,#3486,$,'B/891',.NOTDEFINED.,.RIGID_FRAME.);
#3488= IFCCARTESIANPOINT((65875.0035400391,26600.4524536133,60770.));
#3489= IFCAXIS2PLACEMENT3D(#3488,#9,#8);
#3490= IFCLOCALPLACEMENT(#3486,#3489);
#3491= IFCSHAPEREPRESENTATION(#12,'Body','SweptSolid',(#3433));
#3492= IFCPRODUCTDEFINITIONSHAPE($,$,(#3491));
#3493= IFCBEAM('3Rkc9L4zfDbhGoX30pg9z1',#2641,'main piece','IPE160','IPE160',#3490,#3492,'b/786');
#3494= IFCLOCALPLACEMENT(#42,#10);
#3495= IFCELEMENTASSEMBLY('01NH6Nv15DVQhZZrVwLeTP',#2641,'BEAM',$,$,#3494,$,'B/892',.NOTDEFINED.,.RIGID_FRAME.);
#3496= IFCPROPERTYSINGLEVALUE('AssemblyMark',$,IFCIDENTIFIER('B/892'),$);
#3497= IFCPROPERTYSET('1oK3ZlBNr7qxBl5uauHWhK',#5,'AISC_EM11_Pset_AssemblyIdentification','AssemblyIdentity',(#3496,#52,#53));
#3498= IFCCARTESIANPOINT((63749.5228881836,26597.6600952148,60770.));
#3499= IFCAXIS2PLACEMENT3D(#3498,#9,#8);
#3500= IFCLOCALPLACEMENT(#3494,#3499);
#3501= IFCCARTESIANPOINT((597.843170166016,0.,0.));
#3502= IFCAXIS2PLACEMENT3D(#3501,#675,#1222);
#3503= IFCEXTRUDEDAREASOLID(#2696,#3502,#9,597.84);
#3504= IFCSHAPEREPRESENTATION(#12,'Body','SweptSolid',(#3503));
#3505= IFCPRODUCTDEFINITIONSHAPE($,$,(#3504));
#3506= IFCBEAM('13D9HaKUzCDwR13i9uAYTb',#2641,'main piece','IPE160','IPE160',#3500,#3505,'b/787');
#3507= IFCPROPERTYSINGLEVALUE('IndicationMark',$,IFCIDENTIFIER('b/787'),$);
#3508= IFCPROPERTYSET('3b2ywk6Mj5i8qVy7MTIM_T',#5,'AISC_EM11_Pset_PieceIdentification','PieceIdentity',(#1229,#3507,#1231,#1232));
#3509= IFCLOCALPLACEMENT(#42,#10);
#3510= IFCELEMENTASSEMBLY('2faxPMlpDBjPp12p3TvznT',#2641,'BEAM',$,$,#3509,$,'B/891',.NOTDEFINED.,.RIGID_FRAME.);
#3511= IFCCARTESIANPOINT((61625.0035400391,27195.5032653809,60770.));
#3512= IFCAXIS2PLACEMENT3D(#3511,#9,#1222);
#3513= IFCLOCALPLACEMENT(#3509,#3512);
#3514= IFCSHAPEREPRESENTATION(#12,'Body','SweptSolid',(#3446));
#3515= IFCPRODUCTDEFINITIONSHAPE($,$,(#3514));
#3516= IFCBEAM('2s_poC6VbBbvjbQHZV8$Pc',#2641,'main piece','IPE160','IPE160',#3513,#3515,'b/786');
#3517= IFCLOCALPLACEMENT(#42,#10);
#3518= IFCELEMENTASSEMBLY('321wARhz14GOQWOG45S$on',#2641,'BEAM',$,$,#3517,$,'B/891',.NOTDEFINED.,.RIGID_FRAME.);
#3519= IFCCARTESIANPOINT((59500.,26600.5020446777,60770.));
#3520= IFCAXIS2PLACEMENT3D(#3519,#9,#8);
#3521= IFCLOCALPLACEMENT(#3517,#3520);
#3522= IFCSHAPEREPRESENTATION(#12,'Body','SweptSolid',(#3446));
#3523= IFCPRODUCTDEFINITIONSHAPE($,$,(#3522));
#3524= IFCBEAM('1BL9hSMsfDDuT8Z0qnbver',#2641,'main piece','IPE160','IPE160',#3521,#3523,'b/786');
#3525= IFCLOCALPLACEMENT(#42,#10);
#3526= IFCELEMENTASSEMBLY('01wexD6S55v9gwYEbazVhz',#2641,'BEAM',$,$,#3525,$,'B/891',.NOTDEFINED.,.RIGID_FRAME.);
#3527= IFCCARTESIANPOINT((57374.9997253418,27195.5032653809,60770.));
#3528= IFCAXIS2PLACEMENT3D(#3527,#9,#1222);
#3529= IFCLOCALPLACEMENT(#3525,#3528);
#3530= IFCSHAPEREPRESENTATION(#12,'Body','SweptSolid',(#3446));
#3531= IFCPRODUCTDEFINITIONSHAPE($,$,(#3530));
#3532= IFCBEAM('36eh4W$f18dhpuf7QHEJ6L',#2641,'main piece','IPE160','IPE160',#3529,#3531,'b/786');
#3533= IFCLOCALPLACEMENT(#42,#10);
#3534= IFCELEMENTASSEMBLY('2rF4QcmNLEWh9ANqQUWtAM',#2641,'BEAM',$,$,#3533,$,'B/891',.NOTDEFINED.,.RIGID_FRAME.);
#3535= IFCCARTESIANPOINT((55249.9997253418,26600.5020446777,60770.));
#3536= IFCAXIS2PLACEMENT3D(#3535,#9,#8);
#3537= IFCLOCALPLACEMENT(#3533,#3536);
#3538= IFCSHAPEREPRESENTATION(#12,'Body','SweptSolid',(#3446));
#3539= IFCPRODUCTDEFINITIONSHAPE($,$,(#3538));
#3540= IFCBEAM('1lI2JQDcn1MxEoVXN2He4j',#2641,'main piece','IPE160','IPE160',#3537,#3539,'b/786');
#3541= IFCLOCALPLACEMENT(#42,#10);
#3542= IFCELEMENTASSEMBLY('2YvMtJOTD4vvJC0KVLzqGe',#2641,'BEAM',$,$,#3541,$,'B/891',.NOTDEFINED.,.RIGID_FRAME.);
#3543= IFCCARTESIANPOINT((53124.9997253418,26599.6055908203,60770.));
#3544= IFCAXIS2PLACEMENT3D(#3543,#9,#8);
#3545= IFCLOCALPLACEMENT(#3541,#3544);
#3546= IFCCARTESIANPOINT((595.897674560547,0.,0.));
#3547= IFCAXIS2PLACEMENT3D(#3546,#675,#1222);
#3548= IFCEXTRUDEDAREASOLID(#2696,#3547,#9,595.9);
#3549= IFCSHAPEREPRESENTATION(#12,'Body','SweptSolid',(#3548));
#3550= IFCPRODUCTDEFINITIONSHAPE($,$,(#3549));
#3551= IFCBEAM('1CxPULr9LFWfcG1_UryRt3',#2641,'main piece','IPE160','IPE160',#3545,#3550,'b/786');
#3552= IFCLOCALPLACEMENT(#42,#10);
#3553= IFCELEMENTASSEMBLY('0YV7C1B_H7aOEcEVJnrk1P',#2641,'BEAM',$,$,#3552,$,'B/891',.NOTDEFINED.,.RIGID_FRAME.);
#3554= IFCCARTESIANPOINT((51000.,26600.3074951172,60770.));
#3555= IFCAXIS2PLACEMENT3D(#3554,#9,#8);
#3556= IFCLOCALPLACEMENT(#3552,#3555);
#3557= IFCCARTESIANPOINT((595.195770263672,0.,0.));
#3558= IFCAXIS2PLACEMENT3D(#3557,#675,#1222);
#3559= IFCEXTRUDEDAREASOLID(#2696,#3558,#9,595.2);
#3560= IFCSHAPEREPRESENTATION(#12,'Body','SweptSolid',(#3559));
#3561= IFCPRODUCTDEFINITIONSHAPE($,$,(#3560));
#3562= IFCBEAM('0HEHsqwNX2RxqadDySVQC3',#2641,'main piece','IPE160','IPE160',#3556,#3561,'b/786');
#3563= IFCLOCALPLACEMENT(#42,#10);
#3564= IFCELEMENTASSEMBLY('0xmHlDIXj6egEVFeoJC1kX',#2641,'BEAM',$,$,#3563,$,'B/891',.NOTDEFINED.,.RIGID_FRAME.);
#3565= IFCCARTESIANPOINT((48874.9997253418,26600.6050415039,60770.));
#3566= IFCAXIS2PLACEMENT3D(#3565,#9,#8);
#3567= IFCLOCALPLACEMENT(#3563,#3566);
#3568= IFCSHAPEREPRESENTATION(#12,'Body','SweptSolid',(#3457));
#3569= IFCPRODUCTDEFINITIONSHAPE($,$,(#3568));
#3570= IFCBEAM('12vWarOQvBf9AmvFmkWhme',#2641,'main piece','IPE160','IPE160',#3567,#3569,'b/786');
#3571= IFCLOCALPLACEMENT(#42,#10);
#3572= IFCELEMENTASSEMBLY('3gGWAXeEDDw8_aBm04QawR',#2641,'BEAM',$,$,#3571,$,'B/891',.NOTDEFINED.,.RIGID_FRAME.);
#3573= IFCCARTESIANPOINT((46749.9997253418,26600.6050415039,60770.));
#3574= IFCAXIS2PLACEMENT3D(#3573,#9,#8);
#3575= IFCLOCALPLACEMENT(#3571,#3574);
#3576= IFCSHAPEREPRESENTATION(#12,'Body','SweptSolid',(#3457));
#3577= IFCPRODUCTDEFINITIONSHAPE($,$,(#3576));
#3578= IFCBEAM('0gZ9rPA8PBRulxQxUoDZi6',#2641,'main piece','IPE160','IPE160',#3575,#3577,'b/786');
#3579= IFCLOCALPLACEMENT(#42,#10);
#3580= IFCELEMENTASSEMBLY('0KHnVeHcj0Sgk7jVnikG4N',#2641,'BEAM',$,$,#3579,$,'B/891',.NOTDEFINED.,.RIGID_FRAME.);
#3581= IFCCARTESIANPOINT((44624.9997253418,26600.6050415039,60770.));
#3582= IFCAXIS2PLACEMENT3D(#3581,#9,#8);
#3583= IFCLOCALPLACEMENT(#3579,#3582);
#3584= IFCSHAPEREPRESENTATION(#12,'Body','SweptSolid',(#3457));
#3585= IFCPRODUCTDEFINITIONSHAPE($,$,(#3584));
#3586= IFCBEAM('2qL$BOCqX0ZQUTMUUbbrHu',#2641,'main piece','IPE160','IPE160',#3583,#3585,'b/786');
#3587= IFCLOCALPLACEMENT(#42,#10);
#3588= IFCELEMENTASSEMBLY('3Q9bxZhrX9dwH9WPL9YAqd',#2641,'BEAM',$,$,#3587,$,'B/891',.NOTDEFINED.,.RIGID_FRAME.);
#3589= IFCCARTESIANPOINT((42500.,26600.5020446777,60770.));
#3590= IFCAXIS2PLACEMENT3D(#3589,#9,#8);
#3591= IFCLOCALPLACEMENT(#3587,#3590);
#3592= IFCSHAPEREPRESENTATION(#12,'Body','SweptSolid',(#3446));
#3593= IFCPRODUCTDEFINITIONSHAPE($,$,(#3592));
#3594= IFCBEAM('0W$C0LYcb0rOlURW2xv8sS',#2641,'main piece','IPE160','IPE160',#3591,#3593,'b/786');
#3595= IFCLOCALPLACEMENT(#42,#10);
#3596= IFCELEMENTASSEMBLY('09yKnPu4XB2wqBE$cGuPOF',#2641,'BEAM',$,$,#3595,$,'B/891',.NOTDEFINED.,.RIGID_FRAME.);
#3597= IFCCARTESIANPOINT((40374.9997253418,26600.5020446777,60770.));
#3598= IFCAXIS2PLACEMENT3D(#3597,#9,#8);
#3599= IFCLOCALPLACEMENT(#3595,#3598);
#3600= IFCSHAPEREPRESENTATION(#12,'Body','SweptSolid',(#3446));
#3601= IFCPRODUCTDEFINITIONSHAPE($,$,(#3600));
#3602= IFCBEAM('1FvkpjeeTAnvxbdIIu_5Gw',#2641,'main piece','IPE160','IPE160',#3599,#3601,'b/786');
#3603= IFCLOCALPLACEMENT(#42,#10);
#3604= IFCELEMENTASSEMBLY('1IHjxwT8f3rfWAraf$vqGH',#2641,'BEAM',$,$,#3603,$,'B/892',.NOTDEFINED.,.RIGID_FRAME.);
#3605= IFCCARTESIANPOINT((38249.9997253418,26597.6143188477,60770.));
#3606= IFCAXIS2PLACEMENT3D(#3605,#9,#8);
#3607= IFCLOCALPLACEMENT(#3603,#3606);
#3608= IFCCARTESIANPOINT((597.888946533203,0.,0.));
#3609= IFCAXIS2PLACEMENT3D(#3608,#675,#1222);
#3610= IFCEXTRUDEDAREASOLID(#2696,#3609,#9,597.89);
#3611= IFCSHAPEREPRESENTATION(#12,'Body','SweptSolid',(#3610));
#3612= IFCPRODUCTDEFINITIONSHAPE($,$,(#3611));
#3613= IFCBEAM('3GVGgzYM524gm7Gnv51Ju8',#2641,'main piece','IPE160','IPE160',#3607,#3612,'b/787');
#3614= IFCLOCALPLACEMENT(#42,#10);
#3615= IFCELEMENTASSEMBLY('3d_RnR5hzDFw7sSxi$sSRG',#2641,'BEAM',$,$,#3614,$,'B/891',.NOTDEFINED.,.RIGID_FRAME.);
#3616= IFCCARTESIANPOINT((36124.9997253418,26600.4677124023,60770.));
#3617= IFCAXIS2PLACEMENT3D(#3616,#9,#8);
#3618= IFCLOCALPLACEMENT(#3614,#3617);
#3619= IFCCARTESIANPOINT((595.035552978516,0.,0.));
#3620= IFCAXIS2PLACEMENT3D(#3619,#675,#1222);
#3621= IFCEXTRUDEDAREASOLID(#2696,#3620,#9,595.04);
#3622= IFCSHAPEREPRESENTATION(#12,'Body','SweptSolid',(#3621));
#3623= IFCPRODUCTDEFINITIONSHAPE($,$,(#3622));
#3624= IFCBEAM('028C9s8I5D5go_w2szSTZe',#2641,'main piece','IPE160','IPE160',#3618,#3623,'b/786');
#3625= IFCLOCALPLACEMENT(#42,#10);
#3626= IFCELEMENTASSEMBLY('281JlqhNbCPfJerobF9y5s',#2641,'BEAM',$,$,#3625,$,'B/891',.NOTDEFINED.,.RIGID_FRAME.);
#3627= IFCCARTESIANPOINT((34000.,26600.4524536133,60770.));
#3628= IFCAXIS2PLACEMENT3D(#3627,#9,#8);
#3629= IFCLOCALPLACEMENT(#3625,#3628);
#3630= IFCSHAPEREPRESENTATION(#12,'Body','SweptSolid',(#3433));
#3631= IFCPRODUCTDEFINITIONSHAPE($,$,(#3630));
#3632= IFCBEAM('1HwtOz0qH9iBW6VDc_b3wy',#2641,'main piece','IPE160','IPE160',#3629,#3631,'b/786');
#3633= IFCLOCALPLACEMENT(#42,#10);
#3634= IFCELEMENTASSEMBLY('1GODHQlHTFsPm7MzaQdM$Z',#2641,'BEAM',$,$,#3633,$,'B/891',.NOTDEFINED.,.RIGID_FRAME.);
#3635= IFCCARTESIANPOINT((31874.9997253418,26600.5020446777,60770.));
#3636= IFCAXIS2PLACEMENT3D(#3635,#9,#8);
#3637= IFCLOCALPLACEMENT(#3633,#3636);
#3638= IFCSHAPEREPRESENTATION(#12,'Body','SweptSolid',(#3446));
#3639= IFCPRODUCTDEFINITIONSHAPE($,$,(#3638));
#3640= IFCBEAM('0_fZS9dz52UQdAX_ibFc4U',#2641,'main piece','IPE160','IPE160',#3637,#3639,'b/786');
#3641= IFCLOCALPLACEMENT(#42,#10);
#3642= IFCELEMENTASSEMBLY('0WtZHE7$fDJfoAhYN_9$GP',#2641,'BEAM',$,$,#3641,$,'B/891',.NOTDEFINED.,.RIGID_FRAME.);
#3643= IFCCARTESIANPOINT((29749.9997253418,26600.6050415039,60770.));
#3644= IFCAXIS2PLACEMENT3D(#3643,#9,#8);
#3645= IFCLOCALPLACEMENT(#3641,#3644);
#3646= IFCSHAPEREPRESENTATION(#12,'Body','SweptSolid',(#3457));
#3647= IFCPRODUCTDEFINITIONSHAPE($,$,(#3646));
#3648= IFCBEAM('1BCd5tKxz6Wxiw3xTcmRMh',#2641,'main piece','IPE160','IPE160',#3645,#3647,'b/786');
#3649= IFCLOCALPLACEMENT(#42,#10);
#3650= IFCELEMENTASSEMBLY('07z5lvZkz4ygdWoImarcR6',#2641,'BEAM',$,$,#3649,$,'B/891',.NOTDEFINED.,.RIGID_FRAME.);
#3651= IFCCARTESIANPOINT((27624.9997253418,26600.5020446777,60770.));
#3652= IFCAXIS2PLACEMENT3D(#3651,#9,#8);
#3653= IFCLOCALPLACEMENT(#3649,#3652);
#3654= IFCSHAPEREPRESENTATION(#12,'Body','SweptSolid',(#3446));
#3655= IFCPRODUCTDEFINITIONSHAPE($,$,(#3654));
#3656= IFCBEAM('0otRJGTAr1m9VkJnLxjtYK',#2641,'main piece','IPE160','IPE160',#3653,#3655,'b/786');
#3657= IFCLOCALPLACEMENT(#42,#10);
#3658= IFCELEMENTASSEMBLY('2I2g_mdob5HPeXNr8F40ed',#2641,'BEAM',$,$,#3657,$,'B/891',.NOTDEFINED.,.RIGID_FRAME.);
#3659= IFCCARTESIANPOINT((25499.9997253418,26600.5020446777,60770.));
#3660= IFCAXIS2PLACEMENT3D(#3659,#9,#8);
#3661= IFCLOCALPLACEMENT(#3657,#3660);
#3662= IFCSHAPEREPRESENTATION(#12,'Body','SweptSolid',(#3446));
#3663= IFCPRODUCTDEFINITIONSHAPE($,$,(#3662));
#3664= IFCBEAM('0fWY65IqXBWPUlSI6U67fG',#2641,'main piece','IPE160','IPE160',#3661,#3663,'b/786');
#3665= IFCLOCALPLACEMENT(#42,#10);
#3666= IFCELEMENTASSEMBLY('1MX22j5tH2mO_pc35JamwQ',#2641,'BEAM',$,$,#3665,$,'B/890',.NOTDEFINED.,.RIGID_FRAME.);
#3667= IFCPROPERTYSINGLEVALUE('AssemblyMark',$,IFCIDENTIFIER('B/890'),$);
#3668= IFCPROPERTYSET('2nr2FhThv1KR5MM135UxzC',#5,'AISC_EM11_Pset_AssemblyIdentification','AssemblyIdentity',(#3667,#52,#53));
#3669= IFCCARTESIANPOINT((23200.0863189697,26589.6105727993,60770.));
#3670= IFCAXIS2PLACEMENT3D(#3669,#9,#8);
#3671= IFCLOCALPLACEMENT(#3665,#3670);
#3672= IFCCARTESIANPOINT((605.892181396484,0.,0.));
#3673= IFCAXIS2PLACEMENT3D(#3672,#675,#1222);
#3674= IFCEXTRUDEDAREASOLID(#2696,#3673,#9,605.89);
#3675= IFCSHAPEREPRESENTATION(#12,'Body','SweptSolid',(#3674));
#3676= IFCPRODUCTDEFINITIONSHAPE($,$,(#3675));
#3677= IFCBEAM('3dk8CWwr16Gvur1HOKiH2c',#2641,'main piece','IPE160','IPE160',#3671,#3676,'b/785');
#3678= IFCPROPERTYSINGLEVALUE('IndicationMark',$,IFCIDENTIFIER('b/785'),$);
#3679= IFCPROPERTYSET('0DeRYT48H4$gyFDcFiz2mU',#5,'AISC_EM11_Pset_PieceIdentification','PieceIdentity',(#1229,#3678,#1231,#1232));
#3680= IFCLOCALPLACEMENT(#42,#10);
#3681= IFCELEMENTASSEMBLY('2yOgOJqmPBlfvEM3qGtFiE',#2641,'BEAM',$,$,#3680,$,'B/930',.NOTDEFINED.,.RIGID_FRAME.);
#3682= IFCCARTESIANPOINT((20775.0002975464,25690.8698043667,60770.));
#3683= IFCAXIS2PLACEMENT3D(#3682,#9,#8);
#3684= IFCLOCALPLACEMENT(#3680,#3683);
#3685= IFCSHAPEREPRESENTATION(#12,'Body','SweptSolid',(#3420));
#3686= IFCPRODUCTDEFINITIONSHAPE($,$,(#3685));
#3687= IFCBEAM('0qFrn7ph5E$PnqxsVd$1pv',#2641,'main piece','IPE160','IPE160',#3684,#3686,'b/826');
#3688= IFCLOCALPLACEMENT(#42,#10);
#3689= IFCELEMENTASSEMBLY('2TMoMC1tz7$hL9BI9MFT1m',#2641,'BEAM',$,$,#3688,$,'B/930',.NOTDEFINED.,.RIGID_FRAME.);
#3690= IFCCARTESIANPOINT((18351.5013165721,25690.8698043667,60770.));
#3691= IFCDIRECTION((0.0023254140005143,0.999997296221208,0.));
#3692= IFCAXIS2PLACEMENT3D(#3690,#9,#3691);
#3693= IFCLOCALPLACEMENT(#3688,#3692);
#3694= IFCCARTESIANPOINT((1504.63752922071,0.,0.));
#3695= IFCAXIS2PLACEMENT3D(#3694,#675,#1222);
#3696= IFCEXTRUDEDAREASOLID(#2696,#3695,#9,1504.64);
#3697= IFCSHAPEREPRESENTATION(#12,'Body','SweptSolid',(#3696));
#3698= IFCPRODUCTDEFINITIONSHAPE($,$,(#3697));
#3699= IFCBEAM('30q$bbzJr759K2wCvCI7xo',#2641,'main piece','IPE160','IPE160',#3693,#3698,'b/826');
#3700= IFCLOCALPLACEMENT(#42,#10);
#3701= IFCELEMENTASSEMBLY('0tgzdTf8HDGfmO7cxSXFLZ',#2641,'BEAM',$,$,#3700,$,'B/888',.NOTDEFINED.,.RIGID_FRAME.);
#3702= IFCCARTESIANPOINT((15901.7006988525,27248.0061645508,60770.));
#3703= IFCAXIS2PLACEMENT3D(#3702,#9,#7);
#3704= IFCLOCALPLACEMENT(#3700,#3703);
#3705= IFCCARTESIANPOINT((70197.1263885498,0.,0.));
#3706= IFCAXIS2PLACEMENT3D(#3705,#675,#1222);
#3707= IFCEXTRUDEDAREASOLID(#2649,#3706,#9,70197.13);
#3708= IFCSHAPEREPRESENTATION(#12,'Body','SweptSolid',(#3707));
#3709= IFCPRODUCTDEFINITIONSHAPE($,$,(#3708));
#3710= IFCBEAM('2aCu5Fd3T2GeZtbFrTAnhT',#2641,'main piece','UPN160','UPN160',#3704,#3709,'b/783');
#3711= IFCOWNERHISTORY(#3,#4,$,.NOCHANGE.,$,$,$,1764000000);
#3712= IFCLOCALPLACEMENT(#42,#10);
#3713= IFCELEMENTASSEMBLY('1l7nX1o2n1lOA8zokhJB8u',#3711,'BEAM',$,$,#3712,$,'B/644',.NOTDEFINED.,.RIGID_FRAME.);
#3714= IFCPROPERTYSINGLEVALUE('AssemblyMark',$,IFCIDENTIFIER('B/644'),$);
#3715= IFCPROPERTYSET('2vVLSLQ1nEghuDOJtbVBmn',#5,'AISC_EM11_Pset_AssemblyIdentification','AssemblyIdentity',(#3714,#52,#53));
#3716= IFCCARTESIANPOINT((78912.9674072266,398.250057352005,60685.));
#3717= IFCAXIS2PLACEMENT3D(#3716,#9,#7);
#3718= IFCLOCALPLACEMENT(#3712,#3717);
#3719= IFCISHAPEPROFILEDEF(.AREA.,'IPE330',#73,160.,330.,7.5,11.5,18.);
#3720= IFCCARTESIANPOINT((5912.02545166016,0.,0.));
#3721= IFCAXIS2PLACEMENT3D(#3720,#675,#1222);
#3722= IFCEXTRUDEDAREASOLID(#3719,#3721,#9,5912.03);
#3723= IFCSHAPEREPRESENTATION(#12,'Body','SweptSolid',(#3722));
#3724= IFCPRODUCTDEFINITIONSHAPE($,$,(#3723));
#3725= IFCBEAM('1l9lnjLNj0yxEkk305bzfo',#3711,'main piece','IPE330','IPE330',#3718,#3724,'b/539');
#3726= IFCPROPERTYSINGLEVALUE('IndicationMark',$,IFCIDENTIFIER('b/539'),$);
#3727= IFCPROPERTYSET('0ey_o6sIbA$wizYoznTaZz',#5,'AISC_EM11_Pset_PieceIdentification','PieceIdentity',(#1229,#3726,#1231,#1232));
#3728= IFCOWNERHISTORY(#3,#4,$,.NOCHANGE.,$,$,$,1763488800);
#3729= IFCLOCALPLACEMENT(#42,#10);
#3730= IFCELEMENTASSEMBLY('394aK29Yj0kAy7YOG8sOaF',#3728,'BEAM',$,$,#3729,$,'B/781',.NOTDEFINED.,.RIGID_FRAME.);
#3731= IFCPROPERTYSINGLEVALUE('AssemblyMark',$,IFCIDENTIFIER('B/781'),$);
#3732= IFCPROPERTYSET('3Y7TqcI999LvJGRPhcs19e',#5,'AISC_EM11_Pset_AssemblyIdentification','AssemblyIdentity',(#3731,#52,#53));
#3733= IFCCARTESIANPOINT((72813.0375976563,10554.4599089662,60749.9981994629));
#3734= IFCAXIS2PLACEMENT3D(#3733,#9,#7);
#3735= IFCLOCALPLACEMENT(#3729,#3734);
#3736= IFCRECTANGLEHOLLOWPROFILEDEF(.AREA.,'[]200*100*4',#73,100.,200.,4.,4.,8.);
#3737= IFCCARTESIANPOINT((3274.38354492188,0.,0.));
#3738= IFCAXIS2PLACEMENT3D(#3737,#675,#1222);
#3739= IFCEXTRUDEDAREASOLID(#3736,#3738,#9,3274.38);
#3740= IFCSHAPEREPRESENTATION(#12,'Body','SweptSolid',(#3739));
#3741= IFCPRODUCTDEFINITIONSHAPE($,$,(#3740));
#3742= IFCBEAM('0vI3IEhnD6$e7cvm1eRR7k',#3728,'main piece','[]200*100*4','[]200*100*4',#3735,#3741,'b/676');
#3743= IFCPROPERTYSINGLEVALUE('IndicationMark',$,IFCIDENTIFIER('b/676'),$);
#3744= IFCPROPERTYSET('2RU2mQjdPAQRX3$Elrwb_q',#5,'AISC_EM11_Pset_PieceIdentification','PieceIdentity',(#1229,#3743,#1231,#1232));
#3745= IFCLOCALPLACEMENT(#42,#10);
#3746= IFCELEMENTASSEMBLY('22WfHa8L124Poia7mcgqPS',#3728,'BEAM',$,$,#3745,$,'B/781',.NOTDEFINED.,.RIGID_FRAME.);
#3747= IFCCARTESIANPOINT((72813.0375976563,12751.3221297303,60749.9981994629));
#3748= IFCAXIS2PLACEMENT3D(#3747,#9,#7);
#3749= IFCLOCALPLACEMENT(#3745,#3748);
#3750= IFCSHAPEREPRESENTATION(#12,'Body','SweptSolid',(#3739));
#3751= IFCPRODUCTDEFINITIONSHAPE($,$,(#3750));
#3752= IFCBEAM('2SKJnWoBb2EBpOiK_d0uMW',#3728,'main piece','[]200*100*4','[]200*100*4',#3749,#3751,'b/676');
#3753= IFCLOCALPLACEMENT(#42,#10);
#3754= IFCELEMENTASSEMBLY('1Y3wRpDRvCsRedQQUvXL3x',#3728,'BEAM',$,$,#3753,$,'B/781',.NOTDEFINED.,.RIGID_FRAME.);
#3755= IFCCARTESIANPOINT((72813.0375976563,14947.0618758241,60749.9981994629));
#3756= IFCAXIS2PLACEMENT3D(#3755,#9,#7);
#3757= IFCLOCALPLACEMENT(#3753,#3756);
#3758= IFCSHAPEREPRESENTATION(#12,'Body','SweptSolid',(#3739));
#3759= IFCPRODUCTDEFINITIONSHAPE($,$,(#3758));
#3760= IFCBEAM('2rdF34Qs93nfwdnCdOgib9',#3728,'main piece','[]200*100*4','[]200*100*4',#3757,#3759,'b/676');
#3761= IFCCARTESIANPOINT((73140.125,5602.76542044079,60730.));
#3762= IFCAXIS2PLACEMENT3D(#3761,#9,#8);
#3763= IFCLOCALPLACEMENT(#45,#3762);
#3764= IFCISHAPEPROFILEDEF(.AREA.,'IPE240',#73,120.,240.,6.199999809,9.800000191,15.);
#3765= IFCCARTESIANPOINT((1756.80065155029,0.,0.));
#3766= IFCAXIS2PLACEMENT3D(#3765,#675,#1222);
#3767= IFCEXTRUDEDAREASOLID(#3764,#3766,#9,1756.8);
#3768= IFCCARTESIANPOINT((1756.80065155025,-60.00000001234,-120.));
#3769= IFCAXIS2PLACEMENT3D(#3768,#7,#9);
#3770= IFCPLANE(#3769);
#3771= IFCHALFSPACESOLID(#3770,.F.);
#3772= IFCBOOLEANCLIPPINGRESULT(.DIFFERENCE.,#3767,#3771);
#3773= IFCSHAPEREPRESENTATION(#12,'Body','Clipping',(#3772));
#3774= IFCPRODUCTDEFINITIONSHAPE($,$,(#3773));
#3775= IFCBEAM('3aNsABUhjFWuVgBHzkXhFY',#44,'main piece','IPE240','IPE240',#3763,#3774,'b/675(?)');
#3776= IFCLOCALPLACEMENT(#45,#58);
#3777= IFCCARTESIANPOINT((0.,-3.18946238822936,0.));
#3778= IFCAXIS2PLACEMENT3D(#3777,#8,#7);
#3779= IFCEXTRUDEDAREASOLID(#1934,#3778,#9,6.4);
#3780= IFCSHAPEREPRESENTATION(#12,'Body','SweptSolid',(#3779));
#3781= IFCREPRESENTATIONMAP(#10,#3780);
#3782= IFCMAPPEDITEM(#3781,#86);
#3783= IFCMAPPEDITEM(#3781,#91);
#3784= IFCMAPPEDITEM(#3781,#94);
#3785= IFCSHAPEREPRESENTATION(#12,'Body','MappedRepresentation',(#3782,#3783,#3784));
#3786= IFCPRODUCTDEFINITIONSHAPE($,$,(#3785));
#3787= IFCOPENINGELEMENT('0ijpR5G8vDpvW9bA6lrFpQ',#5,$,$,'Opening',#3776,#3786,$);
#3788= IFCRELVOIDSELEMENT('1XtApdJSX9zx0yjwuS7$Td',#5,'Drill Hole',$,#3775,#3787);
#3789= IFCPROPERTYSINGLEVALUE('IndicationMark',$,IFCIDENTIFIER('b/675(?)'),$);
#3790= IFCPROPERTYSET('0hOXCBBKP7fgafxPxYrpCR',#5,'AISC_EM11_Pset_PieceIdentification','PieceIdentity',(#1229,#3789,#1231,#1232));
#3791= IFCCARTESIANPOINT((72747.8749389648,5522.56570196544,60715.));
#3792= IFCAXIS2PLACEMENT3D(#3791,#9,#7);
#3793= IFCLOCALPLACEMENT(#984,#3792);
#3794= IFCISHAPEPROFILEDEF(.AREA.,'IPE270',#73,135.,270.,6.599999905,10.19999981,15.);
#3795= IFCCARTESIANPOINT((3352.24914550781,0.,0.));
#3796= IFCAXIS2PLACEMENT3D(#3795,#675,#1222);
#3797= IFCEXTRUDEDAREASOLID(#3794,#3796,#9,3352.25);
#3798= IFCDIRECTION((0.99999999982296,1.88169999696732E-05,0.));
#3799= IFCCARTESIANPOINT((3241.65585955861,-60.009605512676,-120.));
#3800= IFCAXIS2PLACEMENT3D(#3799,#3798,#9);
#3801= IFCPLANE(#3800);
#3802= IFCHALFSPACESOLID(#3801,.F.);
#3803= IFCBOOLEANCLIPPINGRESULT(.DIFFERENCE.,#3797,#3802);
#3804= IFCSHAPEREPRESENTATION(#12,'Body','Clipping',(#3803));
#3805= IFCPRODUCTDEFINITIONSHAPE($,$,(#3804));
#3806= IFCBEAM('3CnD9KL4LCgeqG8kTOxrK8',#44,'main piece','IPE270','IPE270',#3793,#3805,'b/674(?)');
#3807= IFCLOCALPLACEMENT(#984,#989);
#3808= IFCCARTESIANPOINT((0.,-3.3999999564563,0.));
#3809= IFCAXIS2PLACEMENT3D(#3808,#8,#7);
#3810= IFCEXTRUDEDAREASOLID(#1934,#3809,#9,6.8);
#3811= IFCSHAPEREPRESENTATION(#12,'Body','SweptSolid',(#3810));
#3812= IFCREPRESENTATIONMAP(#10,#3811);
#3813= IFCMAPPEDITEM(#3812,#86);
#3814= IFCMAPPEDITEM(#3812,#91);
#3815= IFCMAPPEDITEM(#3812,#94);
#3816= IFCSHAPEREPRESENTATION(#12,'Body','MappedRepresentation',(#3813,#3814,#3815));
#3817= IFCPRODUCTDEFINITIONSHAPE($,$,(#3816));
#3818= IFCOPENINGELEMENT('2JrUVhsEf3Xf7OiIWAhhED',#5,$,$,'Opening',#3807,#3817,$);
#3819= IFCRELVOIDSELEMENT('3wX5chD$rBLRDXA8dBaruF',#5,'Drill Hole',$,#3806,#3818);
#3820= IFCPROPERTYSINGLEVALUE('IndicationMark',$,IFCIDENTIFIER('b/674(?)'),$);
#3821= IFCPROPERTYSET('0RQr_Ob5r6BgHYtM65tSq3',#5,'AISC_EM11_Pset_PieceIdentification','PieceIdentity',(#1229,#3820,#1231,#1232));
#3822= IFCPROPERTYSINGLEVALUE('SkewedAngleX',$,IFCREAL(-0.00108),$);
#3823= IFCPROPERTYSET('2A$09W$aT8ARscEqt57rLR',#5,'AISC_EM11_Pset_SkewedEnd_2',$,(#1237,#3822));
#3824= IFCCARTESIANPOINT((72675.1248474121,512.749532226675,60714.9981994629));
#3825= IFCAXIS2PLACEMENT3D(#3824,#9,#8);
#3826= IFCLOCALPLACEMENT(#123,#3825);
#3827= IFCCARTESIANPOINT((6844.69985961914,0.,0.));
#3828= IFCAXIS2PLACEMENT3D(#3827,#675,#1222);
#3829= IFCEXTRUDEDAREASOLID(#3794,#3828,#9,6844.7);
#3830= IFCCARTESIANPOINT((6846.82528967224,-60.0000000123109,-120.));
#3831= IFCAXIS2PLACEMENT3D(#3830,#7,#9);
#3832= IFCPLANE(#3831);
#3833= IFCHALFSPACESOLID(#3832,.F.);
#3834= IFCBOOLEANCLIPPINGRESULT(.DIFFERENCE.,#3829,#3833);
#3835= IFCDIRECTION((-0.999999999779395,-2.10049999955446E-05,0.));
#3836= IFCCARTESIANPOINT((-2.17199167576416,60.0107224150561,-120.));
#3837= IFCAXIS2PLACEMENT3D(#3836,#3835,#9);
#3838= IFCPLANE(#3837);
#3839= IFCHALFSPACESOLID(#3838,.F.);
#3840= IFCBOOLEANCLIPPINGRESULT(.DIFFERENCE.,#3834,#3839);
#3841= IFCSHAPEREPRESENTATION(#12,'Body','Clipping',(#3840));
#3842= IFCPRODUCTDEFINITIONSHAPE($,$,(#3841));
#3843= IFCBEAM('3TJQBKPS54MADSUvyeQfOm',#44,'main piece','IPE270','IPE270',#3826,#3842,'b/639(?)');
#3844= IFCLOCALPLACEMENT(#123,#128);
#3845= IFCCARTESIANPOINT((0.,-3.38946240845735,0.));
#3846= IFCAXIS2PLACEMENT3D(#3845,#8,#7);
#3847= IFCEXTRUDEDAREASOLID(#1934,#3846,#9,6.8);
#3848= IFCSHAPEREPRESENTATION(#12,'Body','SweptSolid',(#3847));
#3849= IFCREPRESENTATIONMAP(#10,#3848);
#3850= IFCMAPPEDITEM(#3849,#86);
#3851= IFCMAPPEDITEM(#3849,#91);
#3852= IFCMAPPEDITEM(#3849,#94);
#3853= IFCSHAPEREPRESENTATION(#12,'Body','MappedRepresentation',(#3850,#3851,#3852));
#3854= IFCPRODUCTDEFINITIONSHAPE($,$,(#3853));
#3855= IFCOPENINGELEMENT('3AammYfoHDouX920NjxPf4',#5,$,$,'Opening',#3844,#3854,$);
#3856= IFCRELVOIDSELEMENT('1HnyHantL3FfX4Jg4CUuSE',#5,'Drill Hole',$,#3843,#3855);
#3857= IFCLOCALPLACEMENT(#123,#716);
#3858= IFCCARTESIANPOINT((0.,-3.40122523148469,0.));
#3859= IFCAXIS2PLACEMENT3D(#3858,#8,#7);
#3860= IFCEXTRUDEDAREASOLID(#1934,#3859,#9,6.8);
#3861= IFCSHAPEREPRESENTATION(#12,'Body','SweptSolid',(#3860));
#3862= IFCREPRESENTATIONMAP(#10,#3861);
#3863= IFCMAPPEDITEM(#3862,#86);
#3864= IFCMAPPEDITEM(#3862,#91);
#3865= IFCMAPPEDITEM(#3862,#94);
#3866= IFCSHAPEREPRESENTATION(#12,'Body','MappedRepresentation',(#3863,#3864,#3865));
#3867= IFCPRODUCTDEFINITIONSHAPE($,$,(#3866));
#3868= IFCOPENINGELEMENT('372UPFk8z8wu4XpvvyHQmb',#5,$,$,'Opening',#3857,#3867,$);
#3869= IFCRELVOIDSELEMENT('1ZpHfZgzPEevWEMuFfYoDj',#5,'Drill Hole',$,#3843,#3868);
#3870= IFCPROPERTYSINGLEVALUE('IndicationMark',$,IFCIDENTIFIER('b/639(?)'),$);
#3871= IFCPROPERTYSET('3H1Q0I7Dj7qu9$EiV5w1sX',#5,'AISC_EM11_Pset_PieceIdentification','PieceIdentity',(#1229,#3870,#1231,#1232));
#3872= IFCLOCALPLACEMENT(#42,#10);
#3873= IFCELEMENTASSEMBLY('2PTvQ5_F15mQIwdvBlEZ8_',#3728,'BEAM',$,$,#3872,$,'B/636',.NOTDEFINED.,.RIGID_FRAME.);
#3874= IFCPROPERTYSINGLEVALUE('AssemblyMark',$,IFCIDENTIFIER('B/636'),$);
#3875= IFCPROPERTYSET('2Orlmg2kP0ihoq3Hz_OMe6',#5,'AISC_EM11_Pset_AssemblyIdentification','AssemblyIdentity',(#3874,#52,#53));
#3876= IFCCARTESIANPOINT((63749.9997253418,8636.59711087984,60715.));
#3877= IFCAXIS2PLACEMENT3D(#3876,#9,#8);
#3878= IFCLOCALPLACEMENT(#3872,#3877);
#3879= IFCCARTESIANPOINT((8227.99968719482,0.,0.));
#3880= IFCAXIS2PLACEMENT3D(#3879,#675,#1222);
#3881= IFCEXTRUDEDAREASOLID(#3794,#3880,#9,8228.);
#3882= IFCSHAPEREPRESENTATION(#12,'Body','SweptSolid',(#3881));
#3883= IFCPRODUCTDEFINITIONSHAPE($,$,(#3882));
#3884= IFCBEAM('1G4wrmYPj3cgWFz1yHs7FY',#3728,'main piece','IPE270','IPE270',#3878,#3883,'b/531');
#3885= IFCPROPERTYSINGLEVALUE('IndicationMark',$,IFCIDENTIFIER('b/531'),$);
#3886= IFCPROPERTYSET('2qZn_QjxzCrhoKQOWM8S5V',#5,'AISC_EM11_Pset_PieceIdentification','PieceIdentity',(#1229,#3885,#1231,#1232));
#3887= IFCCARTESIANPOINT((53000.2915496826,9125.15588010591,60715.));
#3888= IFCDIRECTION((-1.44949999989423E-05,0.999999999894947,0.));
#3889= IFCAXIS2PLACEMENT3D(#3887,#9,#3888);
#3890= IFCLOCALPLACEMENT(#224,#3889);
#3891= IFCCARTESIANPOINT((7237.30087355001,-1.22604645781784E-17,0.));
#3892= IFCAXIS2PLACEMENT3D(#3891,#675,#1222);
#3893= IFCEXTRUDEDAREASOLID(#3794,#3892,#9,7237.3);
#3894= IFCDIRECTION((-0.9999988570891,-0.00151189301682964,0.));
#3895= IFCCARTESIANPOINT((7.71765786922515,60.7717079390859,-120.));
#3896= IFCAXIS2PLACEMENT3D(#3895,#3894,#9);
#3897= IFCPLANE(#3896);
#3898= IFCHALFSPACESOLID(#3897,.F.);
#3899= IFCBOOLEANCLIPPINGRESULT(.DIFFERENCE.,#3893,#3898);
#3900= IFCDIRECTION((0.999998647414283,-0.00164473998079643,0.));
#3901= IFCCARTESIANPOINT((7242.45214762722,-59.1603278683688,-120.));
#3902= IFCAXIS2PLACEMENT3D(#3901,#3900,#9);
#3903= IFCPLANE(#3902);
#3904= IFCHALFSPACESOLID(#3903,.F.);
#3905= IFCBOOLEANCLIPPINGRESULT(.DIFFERENCE.,#3899,#3904);
#3906= IFCSHAPEREPRESENTATION(#12,'Body','Clipping',(#3905));
#3907= IFCPRODUCTDEFINITIONSHAPE($,$,(#3906));
#3908= IFCBEAM('0j9rK0CJr23AS8wnkw4Vkr',#44,'main piece','IPE270','IPE270',#3890,#3907,'b/551(?)');
#3909= IFCLOCALPLACEMENT(#224,#230);
#3910= IFCCARTESIANPOINT((0.,-4.23612715615602,0.));
#3911= IFCAXIS2PLACEMENT3D(#3910,#8,#7);
#3912= IFCEXTRUDEDAREASOLID(#1934,#3911,#9,6.8);
#3913= IFCSHAPEREPRESENTATION(#12,'Body','SweptSolid',(#3912));
#3914= IFCREPRESENTATIONMAP(#10,#3913);
#3915= IFCMAPPEDITEM(#3914,#86);
#3916= IFCMAPPEDITEM(#3914,#91);
#3917= IFCMAPPEDITEM(#3914,#94);
#3918= IFCSHAPEREPRESENTATION(#12,'Body','MappedRepresentation',(#3915,#3916,#3917));
#3919= IFCPRODUCTDEFINITIONSHAPE($,$,(#3918));
#3920= IFCOPENINGELEMENT('2NWg8fIQrDyfc5EooFACU3',#5,$,$,'Opening',#3909,#3919,$);
#3921= IFCRELVOIDSELEMENT('0bYY6g6a12a89iKipy06O9',#5,'Drill Hole',$,#3908,#3920);
#3922= IFCLOCALPLACEMENT(#224,#516);
#3923= IFCCARTESIANPOINT((0.,-2.46841136467881,0.));
#3924= IFCAXIS2PLACEMENT3D(#3923,#8,#7);
#3925= IFCEXTRUDEDAREASOLID(#1934,#3924,#9,6.8);
#3926= IFCSHAPEREPRESENTATION(#12,'Body','SweptSolid',(#3925));
#3927= IFCREPRESENTATIONMAP(#10,#3926);
#3928= IFCMAPPEDITEM(#3927,#86);
#3929= IFCMAPPEDITEM(#3927,#91);
#3930= IFCMAPPEDITEM(#3927,#94);
#3931= IFCSHAPEREPRESENTATION(#12,'Body','MappedRepresentation',(#3928,#3929,#3930));
#3932= IFCPRODUCTDEFINITIONSHAPE($,$,(#3931));
#3933= IFCOPENINGELEMENT('2YseeSo9v95QNRcS2ez_0l',#5,$,$,'Opening',#3922,#3932,$);
#3934= IFCRELVOIDSELEMENT('1sbYKtoZD3zQWki9mLoR9v',#5,'Drill Hole',$,#3908,#3933);
#3935= IFCPROPERTYSINGLEVALUE('IndicationMark',$,IFCIDENTIFIER('b/551(?)'),$);
#3936= IFCPROPERTYSET('0aN6YQLkbCpPuT1NASQA$9',#5,'AISC_EM11_Pset_PieceIdentification','PieceIdentity',(#1229,#3935,#1231,#1232));
#3937= IFCPROPERTYSINGLEVALUE('SkewedAngleX',$,IFCREAL(-0.08663),$);
#3938= IFCPROPERTYSET('3NI0DLsyz9E9_5fNrCliou',#5,'AISC_EM11_Pset_SkewedEnd',$,(#1237,#3937));
#3939= IFCCARTESIANPOINT((56999.9997253418,9013.7629052524,60715.));
#3940= IFCAXIS2PLACEMENT3D(#3939,#9,#8);
#3941= IFCLOCALPLACEMENT(#145,#3940);
#3942= IFCCARTESIANPOINT((7474.89929199219,0.,0.));
#3943= IFCAXIS2PLACEMENT3D(#3942,#675,#1222);
#3944= IFCEXTRUDEDAREASOLID(#3794,#3943,#9,7474.9);
#3945= IFCDIRECTION((-0.998368955012732,0.0570914150007225,0.));
#3946= IFCCARTESIANPOINT((-1.32734561299367,30.7586639761867,-120.));
#3947= IFCAXIS2PLACEMENT3D(#3946,#3945,#9);
#3948= IFCPLANE(#3947);
#3949= IFCHALFSPACESOLID(#3948,.F.);
#3950= IFCBOOLEANCLIPPINGRESULT(.DIFFERENCE.,#3944,#3949);
#3951= IFCDIRECTION((0.998366961974072,0.0571262569985306,0.));
#3952= IFCCARTESIANPOINT((7481.06646196299,-89.0632771586097,-120.));
#3953= IFCAXIS2PLACEMENT3D(#3952,#3951,#9);
#3954= IFCPLANE(#3953);
#3955= IFCHALFSPACESOLID(#3954,.F.);
#3956= IFCBOOLEANCLIPPINGRESULT(.DIFFERENCE.,#3950,#3955);
#3957= IFCSHAPEREPRESENTATION(#12,'Body','Clipping',(#3956));
#3958= IFCPRODUCTDEFINITIONSHAPE($,$,(#3957));
#3959= IFCBEAM('3VYT_N0Tv9N9I8N2CQmqcH',#44,'main piece','IPE270','IPE270',#3941,#3958,'b/600(?)');
#3960= IFCLOCALPLACEMENT(#145,#151);
#3961= IFCCARTESIANPOINT((0.,28.6286011030922,0.));
#3962= IFCAXIS2PLACEMENT3D(#3961,#8,#7);
#3963= IFCEXTRUDEDAREASOLID(#1934,#3962,#9,6.81);
#3964= IFCSHAPEREPRESENTATION(#12,'Body','SweptSolid',(#3963));
#3965= IFCREPRESENTATIONMAP(#10,#3964);
#3966= IFCMAPPEDITEM(#3965,#86);
#3967= IFCMAPPEDITEM(#3965,#91);
#3968= IFCMAPPEDITEM(#3965,#94);
#3969= IFCSHAPEREPRESENTATION(#12,'Body','MappedRepresentation',(#3966,#3967,#3968));
#3970= IFCPRODUCTDEFINITIONSHAPE($,$,(#3969));
#3971= IFCOPENINGELEMENT('3VgAgnMuvEahRcjDnbPRqu',#5,$,$,'Opening',#3960,#3970,$);
#3972= IFCRELVOIDSELEMENT('0K4Z06pN56Cv1qjpENcR_Z',#5,'Drill Hole',$,#3959,#3971);
#3973= IFCLOCALPLACEMENT(#145,#474);
#3974= IFCCARTESIANPOINT((0.,-35.4378537673231,0.));
#3975= IFCAXIS2PLACEMENT3D(#3974,#8,#7);
#3976= IFCEXTRUDEDAREASOLID(#1934,#3975,#9,6.81);
#3977= IFCSHAPEREPRESENTATION(#12,'Body','SweptSolid',(#3976));
#3978= IFCREPRESENTATIONMAP(#10,#3977);
#3979= IFCMAPPEDITEM(#3978,#86);
#3980= IFCMAPPEDITEM(#3978,#91);
#3981= IFCMAPPEDITEM(#3978,#94);
#3982= IFCSHAPEREPRESENTATION(#12,'Body','MappedRepresentation',(#3979,#3980,#3981));
#3983= IFCPRODUCTDEFINITIONSHAPE($,$,(#3982));
#3984= IFCOPENINGELEMENT('2zYxGKB$P7Xxny5PcGLMeN',#5,$,$,'Opening',#3973,#3983,$);
#3985= IFCRELVOIDSELEMENT('0U20mJzmXBPg5C75btDfUg',#5,'Drill Hole',$,#3959,#3984);
#3986= IFCPROPERTYSINGLEVALUE('IndicationMark',$,IFCIDENTIFIER('b/600(?)'),$);
#3987= IFCPROPERTYSET('0rGoxzfNj8WBOwa273_2wY',#5,'AISC_EM11_Pset_PieceIdentification','PieceIdentity',(#1229,#3986,#1231,#1232));
#3988= IFCLOCALPLACEMENT(#42,#10);
#3989= IFCELEMENTASSEMBLY('3Tzbl_vGT53BvNXtJN2WND',#3728,'BEAM',$,$,#3988,$,'B/635',.NOTDEFINED.,.RIGID_FRAME.);
#3990= IFCPROPERTYSINGLEVALUE('AssemblyMark',$,IFCIDENTIFIER('B/635'),$);
#3991= IFCPROPERTYSET('1EnDRDhL11oRUyXznsZjV2',#5,'AISC_EM11_Pset_AssemblyIdentification','AssemblyIdentity',(#3990,#52,#53));
#3992= IFCCARTESIANPOINT((61621.0019226074,8755.59182370943,60715.));
#3993= IFCAXIS2PLACEMENT3D(#3992,#9,#8);
#3994= IFCLOCALPLACEMENT(#3988,#3993);
#3995= IFCCARTESIANPOINT((7990.40031433105,0.,0.));
#3996= IFCAXIS2PLACEMENT3D(#3995,#675,#1222);
#3997= IFCEXTRUDEDAREASOLID(#3794,#3996,#9,7990.4);
#3998= IFCSHAPEREPRESENTATION(#12,'Body','SweptSolid',(#3997));
#3999= IFCPRODUCTDEFINITIONSHAPE($,$,(#3998));
#4000= IFCBEAM('2zd$EYWknCOARW4P660sCo',#3728,'main piece','IPE270','IPE270',#3994,#3999,'b/530');
#4001= IFCPROPERTYSINGLEVALUE('IndicationMark',$,IFCIDENTIFIER('b/530'),$);
#4002= IFCPROPERTYSET('2GcfSEDSP1sOwnUCRd2ctA',#5,'AISC_EM11_Pset_PieceIdentification','PieceIdentity',(#1229,#4001,#1231,#1232));
#4003= IFCLOCALPLACEMENT(#42,#10);
#4004= IFCELEMENTASSEMBLY('327tuiMXnCS8ZoMJTYfM6h',#3728,'BEAM',$,$,#4003,$,'B/680',.NOTDEFINED.,.RIGID_FRAME.);
#4005= IFCPROPERTYSINGLEVALUE('AssemblyMark',$,IFCIDENTIFIER('B/680'),$);
#4006= IFCPROPERTYSET('03MRYsPlH7E9K5SoXCs4oC',#5,'AISC_EM11_Pset_AssemblyIdentification','AssemblyIdentity',(#4005,#52,#53));
#4007= IFCCARTESIANPOINT((78913.0437011719,8116.64629687094,60699.9981994629));
#4008= IFCAXIS2PLACEMENT3D(#4007,#9,#7);
#4009= IFCLOCALPLACEMENT(#4003,#4008);
#4010= IFCISHAPEPROFILEDEF(.AREA.,'IPE300',#73,150.,300.,7.099999905,10.69999981,15.);
#4011= IFCCARTESIANPOINT((5900.,0.,0.));
#4012= IFCAXIS2PLACEMENT3D(#4011,#675,#1222);
#4013= IFCEXTRUDEDAREASOLID(#4010,#4012,#9,5900.);
#4014= IFCSHAPEREPRESENTATION(#12,'Body','SweptSolid',(#4013));
#4015= IFCPRODUCTDEFINITIONSHAPE($,$,(#4014));
#4016= IFCBEAM('0dKB2b73D8$uIS53Mc7nUv',#3728,'main piece','IPE300','IPE300',#4009,#4015,'b/575');
#4017= IFCPROPERTYSINGLEVALUE('IndicationMark',$,IFCIDENTIFIER('b/575'),$);
#4018= IFCPROPERTYSET('05oOo25r5BfwYVCcF3IE5b',#5,'AISC_EM11_Pset_PieceIdentification','PieceIdentity',(#1229,#4017,#1231,#1232));
#4019= IFCLOCALPLACEMENT(#42,#10);
#4020= IFCELEMENTASSEMBLY('3uvRrmr6DB8Q2vrQCpZHM8',#3728,'BEAM',$,$,#4019,$,'B/679',.NOTDEFINED.,.RIGID_FRAME.);
#4021= IFCPROPERTYSINGLEVALUE('AssemblyMark',$,IFCIDENTIFIER('B/679'),$);
#4022= IFCPROPERTYSET('00IrIgv99FJhI5sweTXq98',#5,'AISC_EM11_Pset_AssemblyIdentification','AssemblyIdentity',(#4021,#52,#53));
#4023= IFCCARTESIANPOINT((78912.9826660156,17380.2055856113,60699.9981994629));
#4024= IFCAXIS2PLACEMENT3D(#4023,#9,#7);
#4025= IFCLOCALPLACEMENT(#4019,#4024);
#4026= IFCCARTESIANPOINT((5892.08984375,0.,0.));
#4027= IFCAXIS2PLACEMENT3D(#4026,#675,#1222);
#4028= IFCEXTRUDEDAREASOLID(#4010,#4027,#9,5892.09);
#4029= IFCSHAPEREPRESENTATION(#12,'Body','SweptSolid',(#4028));
#4030= IFCPRODUCTDEFINITIONSHAPE($,$,(#4029));
#4031= IFCBEAM('2etFtJEUj3HgMKWqtLCiQ2',#3728,'main piece','IPE300','IPE300',#4025,#4030,'b/574');
#4032= IFCPROPERTYSINGLEVALUE('IndicationMark',$,IFCIDENTIFIER('b/574'),$);
#4033= IFCPROPERTYSET('23N0cK8YL50Ag4MGJ31TLb',#5,'AISC_EM11_Pset_PieceIdentification','PieceIdentity',(#1229,#4032,#1231,#1232));
#4034= IFCLOCALPLACEMENT(#42,#10);
#4035= IFCELEMENTASSEMBLY('1BRbOaCvj5whEsJRDYYfjA',#3728,'BEAM',$,$,#4034,$,'B/611',.NOTDEFINED.,.RIGID_FRAME.);
#4036= IFCPROPERTYSINGLEVALUE('AssemblyMark',$,IFCIDENTIFIER('B/611'),$);
#4037= IFCPROPERTYSET('1lHcFqdRn4Thq4YRrrYx4P',#5,'AISC_EM11_Pset_AssemblyIdentification','AssemblyIdentity',(#4036,#52,#53));
#4038= IFCCARTESIANPOINT((82700.2865905762,17482.4946913758,60714.9981994629));
#4039= IFCAXIS2PLACEMENT3D(#4038,#9,#8);
#4040= IFCLOCALPLACEMENT(#4034,#4039);
#4041= IFCCARTESIANPOINT((7120.01609802246,0.,0.));
#4042= IFCAXIS2PLACEMENT3D(#4041,#675,#1222);
#4043= IFCEXTRUDEDAREASOLID(#3794,#4042,#9,7120.02);
#4044= IFCSHAPEREPRESENTATION(#12,'Body','SweptSolid',(#4043));
#4045= IFCPRODUCTDEFINITIONSHAPE($,$,(#4044));
#4046= IFCBEAM('0lKMhbtnnEDvGrijIX24lH',#3728,'main piece','IPE270','IPE270',#4040,#4045,'b/506');
#4047= IFCPROPERTYSINGLEVALUE('IndicationMark',$,IFCIDENTIFIER('b/506'),$);
#4048= IFCPROPERTYSET('239SCcY8z5lhPh4GUhIRfV',#5,'AISC_EM11_Pset_PieceIdentification','PieceIdentity',(#1229,#4047,#1231,#1232));
#4049= IFCLOCALPLACEMENT(#42,#10);
#4050= IFCELEMENTASSEMBLY('3k9ElWHp11GAjBiQjMwQT9',#3728,'BEAM',$,$,#4049,$,'B/746',.NOTDEFINED.,.RIGID_FRAME.);
#4051= IFCPROPERTYSINGLEVALUE('AssemblyMark',$,IFCIDENTIFIER('B/746'),$);
#4052= IFCPROPERTYSET('0WmFmwOwvBZhgCdGiDnrzt',#5,'AISC_EM11_Pset_AssemblyIdentification','AssemblyIdentity',(#4051,#52,#53));
#4053= IFCCARTESIANPOINT((80800.2850646973,17475.2048049012,60714.9981994629));
#4054= IFCAXIS2PLACEMENT3D(#4053,#9,#8);
#4055= IFCLOCALPLACEMENT(#4049,#4054);
#4056= IFCCARTESIANPOINT((4426.19800567627,0.,0.));
#4057= IFCAXIS2PLACEMENT3D(#4056,#675,#1222);
#4058= IFCEXTRUDEDAREASOLID(#3794,#4057,#9,4426.2);
#4059= IFCSHAPEREPRESENTATION(#12,'Body','SweptSolid',(#4058));
#4060= IFCPRODUCTDEFINITIONSHAPE($,$,(#4059));
#4061= IFCBEAM('3kZqegn895sRx4u1ZyROv8',#3728,'main piece','IPE270','IPE270',#4055,#4060,'b/641');
#4062= IFCPROPERTYSINGLEVALUE('IndicationMark',$,IFCIDENTIFIER('b/641'),$);
#4063= IFCPROPERTYSET('3a93UsEwH9GRtTLYs8mOXi',#5,'AISC_EM11_Pset_PieceIdentification','PieceIdentity',(#1229,#4062,#1231,#1232));
#4064= IFCLOCALPLACEMENT(#42,#10);
#4065= IFCELEMENTASSEMBLY('3e$KuPirLC08Eo6MlrKOA$',#3728,'BEAM',$,$,#4064,$,'B/731',.NOTDEFINED.,.RIGID_FRAME.);
#4066= IFCPROPERTYSINGLEVALUE('AssemblyMark',$,IFCIDENTIFIER('B/731'),$);
#4067= IFCPROPERTYSET('1s$0xNcPP6VeAabY8uUt$0',#5,'AISC_EM11_Pset_AssemblyIdentification','AssemblyIdentity',(#4066,#52,#53));
#4068= IFCCARTESIANPOINT((81655.0099487305,24682.7158471469,60714.9981994629));
#4069= IFCAXIS2PLACEMENT3D(#4068,#9,#1360);
#4070= IFCLOCALPLACEMENT(#4064,#4069);
#4071= IFCCARTESIANPOINT((3200.14190674634,0.,0.));
#4072= IFCAXIS2PLACEMENT3D(#4071,#675,#1222);
#4073= IFCEXTRUDEDAREASOLID(#3794,#4072,#9,3200.14);
#4074= IFCSHAPEREPRESENTATION(#12,'Body','SweptSolid',(#4073));
#4075= IFCPRODUCTDEFINITIONSHAPE($,$,(#4074));
#4076= IFCBEAM('2GSGh4CBfExw_6O8s_qf9V',#3728,'main piece','IPE270','IPE270',#4070,#4075,'b/626');
#4077= IFCPROPERTYSINGLEVALUE('IndicationMark',$,IFCIDENTIFIER('b/626'),$);
#4078= IFCPROPERTYSET('3RLrkbiNP2KOE7BMrLiMk8',#5,'AISC_EM11_Pset_PieceIdentification','PieceIdentity',(#1229,#4077,#1231,#1232));
#4079= IFCLOCALPLACEMENT(#42,#10);
#4080= IFCELEMENTASSEMBLY('2YM064P8z8BxqlENWIBR0x',#3728,'BEAM',$,$,#4079,$,'B/759',.NOTDEFINED.,.RIGID_FRAME.);
#4081= IFCPROPERTYSINGLEVALUE('AssemblyMark',$,IFCIDENTIFIER('B/759'),$);
#4082= IFCPROPERTYSET('3QIsk1NF1EaPCbdblhoHEL',#5,'AISC_EM11_Pset_AssemblyIdentification','AssemblyIdentity',(#4081,#52,#53));
#4083= IFCCARTESIANPOINT((79333.9267735556,17453.2064275469,60699.9981994629));
#4084= IFCDIRECTION((0.293752275945103,0.955881582821362,0.));
#4085= IFCAXIS2PLACEMENT3D(#4083,#9,#4084);
#4086= IFCLOCALPLACEMENT(#4079,#4085);
#4087= IFCCARTESIANPOINT((8199.36075929176,0.,-1.45519152283669E-11));
#4088= IFCAXIS2PLACEMENT3D(#4087,#675,#1222);
#4089= IFCEXTRUDEDAREASOLID(#4010,#4088,#9,8199.36);
#4090= IFCSHAPEREPRESENTATION(#12,'Body','SweptSolid',(#4089));
#4091= IFCPRODUCTDEFINITIONSHAPE($,$,(#4090));
#4092= IFCBEAM('0maN$K03b1rA$QV_mSrT9M',#3728,'main piece','IPE300','IPE300',#4086,#4091,'b/654');
#4093= IFCPROPERTYSINGLEVALUE('IndicationMark',$,IFCIDENTIFIER('b/654'),$);
#4094= IFCPROPERTYSET('3gGfo_QcH77QQGljHECqRf',#5,'AISC_EM11_Pset_PieceIdentification','PieceIdentity',(#1229,#4093,#1231,#1232));
#4095= IFCCARTESIANPOINT((78913.0284423828,19557.6128503208,60714.9981994629));
#4096= IFCAXIS2PLACEMENT3D(#4095,#9,#7);
#4097= IFCLOCALPLACEMENT(#630,#4096);
#4098= IFCCARTESIANPOINT((968.215942382813,0.,0.));
#4099= IFCAXIS2PLACEMENT3D(#4098,#675,#1222);
#4100= IFCEXTRUDEDAREASOLID(#3794,#4099,#9,968.22);
#4101= IFCDIRECTION((-0.999999999824463,-1.87369999668427E-05,0.));
#4102= IFCCARTESIANPOINT((397.624311859356,60.0095646830123,-120.));
#4103= IFCAXIS2PLACEMENT3D(#4102,#4101,#9);
#4104= IFCPLANE(#4103);
#4105= IFCHALFSPACESOLID(#4104,.F.);
#4106= IFCBOOLEANCLIPPINGRESULT(.DIFFERENCE.,#4100,#4105);
#4107= IFCSHAPEREPRESENTATION(#12,'Body','Clipping',(#4106));
#4108= IFCPRODUCTDEFINITIONSHAPE($,$,(#4107));
#4109= IFCBEAM('39Z4oxuPP8Wgd84fbzMLy7',#44,'main piece','IPE270','IPE270',#4097,#4108,'b/508(?)');
#4110= IFCLOCALPLACEMENT(#630,#635);
#4111= IFCSHAPEREPRESENTATION(#12,'Body','MappedRepresentation',(#3813,#3814,#3815));
#4112= IFCPRODUCTDEFINITIONSHAPE($,$,(#4111));
#4113= IFCOPENINGELEMENT('1A32Yd48f0NuI2_681F3ue',#5,$,$,'Opening',#4110,#4112,$);
#4114= IFCRELVOIDSELEMENT('3MY728399D09nHREybvnSA',#5,'Drill Hole',$,#4109,#4113);
#4115= IFCPROPERTYSINGLEVALUE('IndicationMark',$,IFCIDENTIFIER('b/508(?)'),$);
#4116= IFCPROPERTYSET('3d_EeTptj4cgRVow_6oAcj',#5,'AISC_EM11_Pset_PieceIdentification','PieceIdentity',(#1229,#4115,#1231,#1232));
#4117= IFCPROPERTYSINGLEVALUE('SkewedAngleX',$,IFCREAL(-0.00107),$);
#4118= IFCPROPERTYSET('1peOp5_UTCVARnVIqbsDCj',#5,'AISC_EM11_Pset_SkewedEnd',$,(#1237,#4117));
#4119= IFCCARTESIANPOINT((74283.5156555176,17645.2612420444,60714.9981994629));
#4120= IFCDIRECTION((1.29349999979625E-05,0.999999999916343,0.));
#4121= IFCAXIS2PLACEMENT3D(#4119,#9,#4120);
#4122= IFCLOCALPLACEMENT(#785,#4121);
#4123= IFCCARTESIANPOINT((7342.05532018995,0.,-7.27595761418343E-12));
#4124= IFCAXIS2PLACEMENT3D(#4123,#675,#1222);
#4125= IFCEXTRUDEDAREASOLID(#3794,#4124,#9,7342.06);
#4126= IFCDIRECTION((0.999999999424038,3.39399999871705E-05,0.));
#4127= IFCCARTESIANPOINT((7344.38245448181,-60.0173253269604,-120.000000000007));
#4128= IFCAXIS2PLACEMENT3D(#4127,#4126,#9);
#4129= IFCPLANE(#4128);
#4130= IFCHALFSPACESOLID(#4129,.F.);
#4131= IFCBOOLEANCLIPPINGRESULT(.DIFFERENCE.,#4125,#4130);
#4132= IFCSHAPEREPRESENTATION(#12,'Body','Clipping',(#4131));
#4133= IFCPRODUCTDEFINITIONSHAPE($,$,(#4132));
#4134= IFCBEAM('3EQ5qf48zBuxAJW0M3VFZ7',#44,'main piece','IPE270','IPE270',#4122,#4133,'b/603(?)');
#4135= IFCLOCALPLACEMENT(#785,#791);
#4136= IFCCARTESIANPOINT((0.,-3.40846890388513,0.));
#4137= IFCAXIS2PLACEMENT3D(#4136,#8,#7);
#4138= IFCEXTRUDEDAREASOLID(#1934,#4137,#9,6.8);
#4139= IFCSHAPEREPRESENTATION(#12,'Body','SweptSolid',(#4138));
#4140= IFCREPRESENTATIONMAP(#10,#4139);
#4141= IFCMAPPEDITEM(#4140,#86);
#4142= IFCMAPPEDITEM(#4140,#91);
#4143= IFCMAPPEDITEM(#4140,#94);
#4144= IFCSHAPEREPRESENTATION(#12,'Body','MappedRepresentation',(#4141,#4142,#4143));
#4145= IFCPRODUCTDEFINITIONSHAPE($,$,(#4144));
#4146= IFCOPENINGELEMENT('2OnRSIjoTBxgEvb1jPJ1BM',#5,$,$,'Opening',#4135,#4145,$);
#4147= IFCRELVOIDSELEMENT('37sWi_SzX9bBJXGIdXqcti',#5,'Drill Hole',$,#4134,#4146);
#4148= IFCPROPERTYSINGLEVALUE('IndicationMark',$,IFCIDENTIFIER('b/603(?)'),$);
#4149= IFCPROPERTYSET('00rpDUb3nEzOMU5VXTUbYm',#5,'AISC_EM11_Pset_PieceIdentification','PieceIdentity',(#1229,#4148,#1231,#1232));
#4150= IFCCARTESIANPOINT((72180.0000305176,24987.2622033481,60714.9981994629));
#4151= IFCDIRECTION((-0.000567653999933884,-0.999999838884455,0.));
#4152= IFCAXIS2PLACEMENT3D(#4150,#9,#4151);
#4153= IFCLOCALPLACEMENT(#325,#4152);
#4154= IFCCARTESIANPOINT((6844.43774825644,0.,0.));
#4155= IFCAXIS2PLACEMENT3D(#4154,#675,#1222);
#4156= IFCEXTRUDEDAREASOLID(#3794,#4155,#9,6844.44);
#4157= IFCDIRECTION((0.99999982802587,0.000586470996794187,0.));
#4158= IFCCARTESIANPOINT((6846.5696707154,-60.2993657282786,-120.));
#4159= IFCAXIS2PLACEMENT3D(#4158,#4157,#9);
#4160= IFCPLANE(#4159);
#4161= IFCHALFSPACESOLID(#4160,.F.);
#4162= IFCBOOLEANCLIPPINGRESULT(.DIFFERENCE.,#4156,#4161);
#4163= IFCDIRECTION((-0.999999826740278,-0.000588658996415781,0.));
#4164= IFCCARTESIANPOINT((-2.41034436051996,60.3004825554381,-120.));
#4165= IFCAXIS2PLACEMENT3D(#4164,#4163,#9);
#4166= IFCPLANE(#4165);
#4167= IFCHALFSPACESOLID(#4166,.F.);
#4168= IFCBOOLEANCLIPPINGRESULT(.DIFFERENCE.,#4162,#4167);
#4169= IFCSHAPEREPRESENTATION(#12,'Body','Clipping',(#4168));
#4170= IFCPRODUCTDEFINITIONSHAPE($,$,(#4169));
#4171= IFCBEAM('1lIJvdc$bB0hni6mvEH9R8',#44,'main piece','IPE270','IPE270',#4153,#4170,'b/639(?)');
#4172= IFCLOCALPLACEMENT(#325,#328);
#4173= IFCCARTESIANPOINT((0.,-3.71788676373457,0.));
#4174= IFCAXIS2PLACEMENT3D(#4173,#8,#7);
#4175= IFCEXTRUDEDAREASOLID(#1934,#4174,#9,6.8);
#4176= IFCSHAPEREPRESENTATION(#12,'Body','SweptSolid',(#4175));
#4177= IFCREPRESENTATIONMAP(#10,#4176);
#4178= IFCMAPPEDITEM(#4177,#86);
#4179= IFCMAPPEDITEM(#4177,#91);
#4180= IFCMAPPEDITEM(#4177,#94);
#4181= IFCSHAPEREPRESENTATION(#12,'Body','MappedRepresentation',(#4178,#4179,#4180));
#4182= IFCPRODUCTDEFINITIONSHAPE($,$,(#4181));
#4183= IFCOPENINGELEMENT('3CaSITupn3vhSGmn5ab0Hi',#5,$,$,'Opening',#4172,#4182,$);
#4184= IFCRELVOIDSELEMENT('2XVE_inpbA5R96LRodqbWJ',#5,'Drill Hole',$,#4171,#4183);
#4185= IFCLOCALPLACEMENT(#325,#809);
#4186= IFCCARTESIANPOINT((0.,-3.71911205848531,0.));
#4187= IFCAXIS2PLACEMENT3D(#4186,#8,#7);
#4188= IFCEXTRUDEDAREASOLID(#1934,#4187,#9,6.8);
#4189= IFCSHAPEREPRESENTATION(#12,'Body','SweptSolid',(#4188));
#4190= IFCREPRESENTATIONMAP(#10,#4189);
#4191= IFCMAPPEDITEM(#4190,#86);
#4192= IFCMAPPEDITEM(#4190,#91);
#4193= IFCMAPPEDITEM(#4190,#94);
#4194= IFCSHAPEREPRESENTATION(#12,'Body','MappedRepresentation',(#4191,#4192,#4193));
#4195= IFCPRODUCTDEFINITIONSHAPE($,$,(#4194));
#4196= IFCOPENINGELEMENT('3xjJ43kr1CKQNRXhoxoUHc',#5,$,$,'Opening',#4185,#4195,$);
#4197= IFCRELVOIDSELEMENT('2acAoEhQb87vU9Qbju4E$y',#5,'Drill Hole',$,#4171,#4196);
#4198= IFCCARTESIANPOINT((70089.9998779297,18142.8617974643,60714.9981994629));
#4199= IFCAXIS2PLACEMENT3D(#4198,#9,#8);
#4200= IFCLOCALPLACEMENT(#345,#4199);
#4201= IFCCARTESIANPOINT((6844.44808960041,0.,0.));
#4202= IFCAXIS2PLACEMENT3D(#4201,#675,#1222);
#4203= IFCEXTRUDEDAREASOLID(#3794,#4202,#9,6844.45);
#4204= IFCCARTESIANPOINT((-2.13391582401891,60.0094630917447,-120.));
#4205= IFCAXIS2PLACEMENT3D(#4204,#4101,#9);
#4206= IFCPLANE(#4205);
#4207= IFCHALFSPACESOLID(#4206,.F.);
#4208= IFCBOOLEANCLIPPINGRESULT(.DIFFERENCE.,#4203,#4207);
#4209= IFCDIRECTION((0.999999999785216,2.07260000020664E-05,0.));
#4210= IFCCARTESIANPOINT((6846.77192974137,-60.0105799937155,-120.));
#4211= IFCAXIS2PLACEMENT3D(#4210,#4209,#9);
#4212= IFCPLANE(#4211);
#4213= IFCHALFSPACESOLID(#4212,.F.);
#4214= IFCBOOLEANCLIPPINGRESULT(.DIFFERENCE.,#4208,#4213);
#4215= IFCSHAPEREPRESENTATION(#12,'Body','Clipping',(#4214));
#4216= IFCPRODUCTDEFINITIONSHAPE($,$,(#4215));
#4217= IFCBEAM('1ed9brPuDFnOepMtSC0yjM',#44,'main piece','IPE270','IPE270',#4200,#4216,'b/639(?)');
#4218= IFCLOCALPLACEMENT(#345,#348);
#4219= IFCCARTESIANPOINT((0.,-3.39984371625908,0.));
#4220= IFCAXIS2PLACEMENT3D(#4219,#8,#7);
#4221= IFCEXTRUDEDAREASOLID(#1934,#4220,#9,6.8);
#4222= IFCSHAPEREPRESENTATION(#12,'Body','SweptSolid',(#4221));
#4223= IFCREPRESENTATIONMAP(#10,#4222);
#4224= IFCMAPPEDITEM(#4223,#86);
#4225= IFCMAPPEDITEM(#4223,#91);
#4226= IFCMAPPEDITEM(#4223,#94);
#4227= IFCSHAPEREPRESENTATION(#12,'Body','MappedRepresentation',(#4224,#4225,#4226));
#4228= IFCPRODUCTDEFINITIONSHAPE($,$,(#4227));
#4229= IFCOPENINGELEMENT('3QUiU$Av5Fm8T35cSu188y',#5,$,$,'Opening',#4218,#4228,$);
#4230= IFCRELVOIDSELEMENT('3vJFqAUuP6vuix8gvRcjoI',#5,'Drill Hole',$,#4217,#4229);
#4231= IFCLOCALPLACEMENT(#345,#827);
#4232= IFCCARTESIANPOINT((0.,-3.40106904223381,0.));
#4233= IFCAXIS2PLACEMENT3D(#4232,#8,#7);
#4234= IFCEXTRUDEDAREASOLID(#1934,#4233,#9,6.8);
#4235= IFCSHAPEREPRESENTATION(#12,'Body','SweptSolid',(#4234));
#4236= IFCREPRESENTATIONMAP(#10,#4235);
#4237= IFCMAPPEDITEM(#4236,#86);
#4238= IFCMAPPEDITEM(#4236,#91);
#4239= IFCMAPPEDITEM(#4236,#94);
#4240= IFCSHAPEREPRESENTATION(#12,'Body','MappedRepresentation',(#4237,#4238,#4239));
#4241= IFCPRODUCTDEFINITIONSHAPE($,$,(#4240));
#4242= IFCOPENINGELEMENT('1fNl0xI4T48hlg$xZBAaux',#5,$,$,'Opening',#4231,#4241,$);
#4243= IFCRELVOIDSELEMENT('3Ksa$iPOb73BJ8FR_MExEk',#5,'Drill Hole',$,#4217,#4242);
#4244= IFCLOCALPLACEMENT(#42,#10);
#4245= IFCELEMENTASSEMBLY('2l2kOB9LrBi8SQxIvuoXFC',#3728,'BEAM',$,$,#4244,$,'B/660',.NOTDEFINED.,.RIGID_FRAME.);
#4246= IFCPROPERTYSINGLEVALUE('AssemblyMark',$,IFCIDENTIFIER('B/660'),$);
#4247= IFCPROPERTYSET('2wM$ZWXD9F8vNG12fQ5cGs',#5,'AISC_EM11_Pset_AssemblyIdentification','AssemblyIdentity',(#4246,#52,#53));
#4248= IFCCARTESIANPOINT((66817.7487487793,18998.5727807407,60714.9981994629));
#4249= IFCAXIS2PLACEMENT3D(#4248,#9,#8);
#4250= IFCLOCALPLACEMENT(#4244,#4249);
#4251= IFCCARTESIANPOINT((574.600219726563,0.,0.));
#4252= IFCAXIS2PLACEMENT3D(#4251,#675,#1222);
#4253= IFCEXTRUDEDAREASOLID(#3794,#4252,#9,574.6);
#4254= IFCSHAPEREPRESENTATION(#12,'Body','SweptSolid',(#4253));
#4255= IFCPRODUCTDEFINITIONSHAPE($,$,(#4254));
#4256= IFCBEAM('2PTYoyeDP7W8gNADtAbqW2',#3728,'main piece','IPE270','IPE270',#4250,#4255,'b/555');
#4257= IFCPROPERTYSINGLEVALUE('IndicationMark',$,IFCIDENTIFIER('b/555'),$);
#4258= IFCPROPERTYSET('02vo6tToDC$gK6dnzDZKYC',#5,'AISC_EM11_Pset_PieceIdentification','PieceIdentity',(#1229,#4257,#1231,#1232));
#4259= IFCLOCALPLACEMENT(#42,#10);
#4260= IFCELEMENTASSEMBLY('2IDEwY1HDDSgAXd43iwD_j',#3728,'BEAM',$,$,#4259,$,'B/676',.NOTDEFINED.,.RIGID_FRAME.);
#4261= IFCPROPERTYSINGLEVALUE('AssemblyMark',$,IFCIDENTIFIER('B/676'),$);
#4262= IFCPROPERTYSET('3G42b4Sf15DvCA9r0rzKRZ',#5,'AISC_EM11_Pset_AssemblyIdentification','AssemblyIdentity',(#4261,#52,#53));
#4263= IFCCARTESIANPOINT((64882.7817077637,18998.6700555209,60714.9981994629));
#4264= IFCAXIS2PLACEMENT3D(#4263,#9,#603);
#4265= IFCLOCALPLACEMENT(#4259,#4264);
#4266= IFCCARTESIANPOINT((587.200049926465,-1.24344447229272E-19,-7.27595761418343E-12));
#4267= IFCAXIS2PLACEMENT3D(#4266,#675,#1222);
#4268= IFCEXTRUDEDAREASOLID(#3794,#4267,#9,587.2);
#4269= IFCSHAPEREPRESENTATION(#12,'Body','SweptSolid',(#4268));
#4270= IFCPRODUCTDEFINITIONSHAPE($,$,(#4269));
#4271= IFCBEAM('1g_5xjO9vF3u$Ob6XrzSqG',#3728,'main piece','IPE270','IPE270',#4265,#4270,'b/571');
#4272= IFCPROPERTYSINGLEVALUE('IndicationMark',$,IFCIDENTIFIER('b/571'),$);
#4273= IFCPROPERTYSET('1MXvo8Uwv2swqhjp77tuEW',#5,'AISC_EM11_Pset_PieceIdentification','PieceIdentity',(#1229,#4272,#1231,#1232));
#4274= IFCCARTESIANPOINT((65875.0836486816,18017.4288293247,60714.9981994629));
#4275= IFCDIRECTION((7.20299999207508E-06,0.999999999974058,0.));
#4276= IFCAXIS2PLACEMENT3D(#4274,#9,#4275);
#4277= IFCLOCALPLACEMENT(#365,#4276);
#4278= IFCCARTESIANPOINT((833.44286229703,0.,-7.27595761418343E-12));
#4279= IFCAXIS2PLACEMENT3D(#4278,#675,#1222);
#4280= IFCEXTRUDEDAREASOLID(#3794,#4279,#9,833.44);
#4281= IFCDIRECTION((-0.998366550467744,-0.0571334482342579,0.));
#4282= IFCCARTESIANPOINT((-2.51995439140228,89.0669233806984,-120.000000000007));
#4283= IFCAXIS2PLACEMENT3D(#4282,#4281,#9);
#4284= IFCPLANE(#4283);
#4285= IFCHALFSPACESOLID(#4284,.F.);
#4286= IFCBOOLEANCLIPPINGRESULT(.DIFFERENCE.,#4280,#4285);
#4287= IFCSHAPEREPRESENTATION(#12,'Body','Clipping',(#4286));
#4288= IFCPRODUCTDEFINITIONSHAPE($,$,(#4287));
#4289= IFCBEAM('3nKEfZZjH3ixOk8lze3oPx',#44,'main piece','IPE270','IPE270',#4277,#4288,'b/570(?)');
#4290= IFCLOCALPLACEMENT(#365,#371);
#4291= IFCCARTESIANPOINT((0.,-35.4419020313553,0.));
#4292= IFCAXIS2PLACEMENT3D(#4291,#8,#7);
#4293= IFCEXTRUDEDAREASOLID(#1934,#4292,#9,6.81);
#4294= IFCSHAPEREPRESENTATION(#12,'Body','SweptSolid',(#4293));
#4295= IFCREPRESENTATIONMAP(#10,#4294);
#4296= IFCMAPPEDITEM(#4295,#86);
#4297= IFCMAPPEDITEM(#4295,#91);
#4298= IFCMAPPEDITEM(#4295,#94);
#4299= IFCSHAPEREPRESENTATION(#12,'Body','MappedRepresentation',(#4296,#4297,#4298));
#4300= IFCPRODUCTDEFINITIONSHAPE($,$,(#4299));
#4301= IFCOPENINGELEMENT('0OVV_DFSXCbv444wmHudqe',#5,$,$,'Opening',#4290,#4300,$);
#4302= IFCRELVOIDSELEMENT('3kIve7fkDDzworvpIAvoTI',#5,'Drill Hole',$,#4289,#4301);
#4303= IFCPROPERTYSINGLEVALUE('IndicationMark',$,IFCIDENTIFIER('b/570(?)'),$);
#4304= IFCPROPERTYSET('2UKFAO_gr1AOgoiiLwJ6Mg',#5,'AISC_EM11_Pset_PieceIdentification','PieceIdentity',(#1229,#4303,#1231,#1232));
#4305= IFCPROPERTYSINGLEVALUE('SkewedAngleX',$,IFCREAL(-3.27529),$);
#4306= IFCPROPERTYSET('1tvPr0thL3EO6ApuAMmqGW',#5,'AISC_EM11_Pset_SkewedEnd',$,(#1237,#4305));
#4307= IFCCARTESIANPOINT((63830.2952880859,18918.3678170566,60714.9981994629));
#4308= IFCAXIS2PLACEMENT3D(#4307,#9,#1360);
#4309= IFCLOCALPLACEMENT(#1061,#4308);
#4310= IFCCARTESIANPOINT((3910.90393069255,8.28166120710734E-19,7.27595761418343E-12));
#4311= IFCAXIS2PLACEMENT3D(#4310,#675,#1222);
#4312= IFCEXTRUDEDAREASOLID(#3794,#4311,#9,3910.9);
#4313= IFCDIRECTION((0.999999999853624,1.71100000442162E-05,0.));
#4314= IFCCARTESIANPOINT((3659.23540800793,-60.0087341416693,-119.999999999993));
#4315= IFCAXIS2PLACEMENT3D(#4314,#4313,#9);
#4316= IFCPLANE(#4315);
#4317= IFCHALFSPACESOLID(#4316,.F.);
#4318= IFCBOOLEANCLIPPINGRESULT(.DIFFERENCE.,#4312,#4317);
#4319= IFCSHAPEREPRESENTATION(#12,'Body','Clipping',(#4318));
#4320= IFCPRODUCTDEFINITIONSHAPE($,$,(#4319));
#4321= IFCBEAM('2nEAVL2Mf14xfrdlPurkFL',#44,'main piece','IPE270','IPE270',#4309,#4320,'b/553(?)');
#4322= IFCLOCALPLACEMENT(#1061,#1066);
#4323= IFCCARTESIANPOINT((0.,-3.39904404189532,0.));
#4324= IFCAXIS2PLACEMENT3D(#4323,#8,#7);
#4325= IFCEXTRUDEDAREASOLID(#1934,#4324,#9,6.8);
#4326= IFCSHAPEREPRESENTATION(#12,'Body','SweptSolid',(#4325));
#4327= IFCREPRESENTATIONMAP(#10,#4326);
#4328= IFCMAPPEDITEM(#4327,#86);
#4329= IFCMAPPEDITEM(#4327,#91);
#4330= IFCMAPPEDITEM(#4327,#94);
#4331= IFCSHAPEREPRESENTATION(#12,'Body','MappedRepresentation',(#4328,#4329,#4330));
#4332= IFCPRODUCTDEFINITIONSHAPE($,$,(#4331));
#4333= IFCOPENINGELEMENT('30pvEGWh1F1hH2TjQKC5A5',#5,$,$,'Opening',#4322,#4332,$);
#4334= IFCRELVOIDSELEMENT('0kRby8vBb5AO_Ro1o1LD$G',#5,'Drill Hole',$,#4321,#4333);
#4335= IFCPROPERTYSINGLEVALUE('IndicationMark',$,IFCIDENTIFIER('b/553(?)'),$);
#4336= IFCPROPERTYSET('3OdGkwwGz0C9r7N7pZgGg0',#5,'AISC_EM11_Pset_PieceIdentification','PieceIdentity',(#1229,#4335,#1231,#1232));
#4337= IFCPROPERTYSINGLEVALUE('SkewedAngleX',$,IFCREAL(-0.00098),$);
#4338= IFCPROPERTYSET('2klHmh$2T87QqJYJE0lKLq',#5,'AISC_EM11_Pset_SkewedEnd_2',$,(#1237,#4337));
#4339= IFCCARTESIANPOINT((63830.310546875,19653.3684274082,60714.9981994629));
#4340= IFCAXIS2PLACEMENT3D(#4339,#9,#1360);
#4341= IFCLOCALPLACEMENT(#1039,#4340);
#4342= IFCCARTESIANPOINT((3889.90020754058,0.,0.));
#4343= IFCAXIS2PLACEMENT3D(#4342,#675,#1222);
#4344= IFCEXTRUDEDAREASOLID(#3794,#4343,#9,3889.9);
#4345= IFCCARTESIANPOINT((3659.22016337937,-60.0088546124098,-120.));
#4346= IFCAXIS2PLACEMENT3D(#4345,#4313,#9);
#4347= IFCPLANE(#4346);
#4348= IFCHALFSPACESOLID(#4347,.F.);
#4349= IFCBOOLEANCLIPPINGRESULT(.DIFFERENCE.,#4344,#4348);
#4350= IFCSHAPEREPRESENTATION(#12,'Body','Clipping',(#4349));
#4351= IFCPRODUCTDEFINITIONSHAPE($,$,(#4350));
#4352= IFCBEAM('0Svuver6XCKP_hjN7FdVWv',#44,'main piece','IPE270','IPE270',#4341,#4351,'b/569(?)');
#4353= IFCLOCALPLACEMENT(#1039,#1044);
#4354= IFCCARTESIANPOINT((0.,-3.39917619118698,0.));
#4355= IFCAXIS2PLACEMENT3D(#4354,#8,#7);
#4356= IFCEXTRUDEDAREASOLID(#1934,#4355,#9,6.8);
#4357= IFCSHAPEREPRESENTATION(#12,'Body','SweptSolid',(#4356));
#4358= IFCREPRESENTATIONMAP(#10,#4357);
#4359= IFCMAPPEDITEM(#4358,#86);
#4360= IFCMAPPEDITEM(#4358,#91);
#4361= IFCMAPPEDITEM(#4358,#94);
#4362= IFCSHAPEREPRESENTATION(#12,'Body','MappedRepresentation',(#4359,#4360,#4361));
#4363= IFCPRODUCTDEFINITIONSHAPE($,$,(#4362));
#4364= IFCOPENINGELEMENT('0Po9acL$96FwUPajBmwnLB',#5,$,$,'Opening',#4353,#4363,$);
#4365= IFCRELVOIDSELEMENT('2CpLmWIIr4Ug7ejPs9Ztui',#5,'Drill Hole',$,#4352,#4364);
#4366= IFCPROPERTYSINGLEVALUE('IndicationMark',$,IFCIDENTIFIER('b/569(?)'),$);
#4367= IFCPROPERTYSET('1RWyQqn1TF4gx4YGkFxACQ',#5,'AISC_EM11_Pset_PieceIdentification','PieceIdentity',(#1229,#4366,#1231,#1232));
#4368= IFCLOCALPLACEMENT(#42,#10);
#4369= IFCELEMENTASSEMBLY('2otK8rluH6x9yLCfmSekj6',#3728,'BEAM',$,$,#4368,$,'B/712',.NOTDEFINED.,.RIGID_FRAME.);
#4370= IFCPROPERTYSINGLEVALUE('AssemblyMark',$,IFCIDENTIFIER('B/712'),$);
#4371= IFCPROPERTYSET('1BFltvxS1BNxCK2Gg8gSEk',#5,'AISC_EM11_Pset_AssemblyIdentification','AssemblyIdentity',(#4370,#52,#53));
#4372= IFCCARTESIANPOINT((65875.0923066498,20635.1888760437,60714.9981994629));
#4373= IFCAXIS2PLACEMENT3D(#4372,#9,#1222);
#4374= IFCLOCALPLACEMENT(#4368,#4373);
#4375= IFCCARTESIANPOINT((894.317969082277,0.,0.));
#4376= IFCAXIS2PLACEMENT3D(#4375,#675,#1222);
#4377= IFCEXTRUDEDAREASOLID(#3794,#4376,#9,894.32);
#4378= IFCSHAPEREPRESENTATION(#12,'Body','SweptSolid',(#4377));
#4379= IFCPRODUCTDEFINITIONSHAPE($,$,(#4378));
#4380= IFCBEAM('1bjPRqXkT4m8otsBVcZm7E',#3728,'main piece','IPE270','IPE270',#4374,#4379,'b/607');
#4381= IFCPROPERTYSINGLEVALUE('IndicationMark',$,IFCIDENTIFIER('b/607'),$);
#4382= IFCPROPERTYSET('2hVgzuK9LCSPO2lao$qf_r',#5,'AISC_EM11_Pset_PieceIdentification','PieceIdentity',(#1229,#4381,#1231,#1232));
#4383= IFCLOCALPLACEMENT(#42,#10);
#4384= IFCELEMENTASSEMBLY('1d$kbwxkr6Fhv8dcPRiApE',#3728,'BEAM',$,$,#4383,$,'B/711',.NOTDEFINED.,.RIGID_FRAME.);
#4385= IFCPROPERTYSINGLEVALUE('AssemblyMark',$,IFCIDENTIFIER('B/711'),$);
#4386= IFCPROPERTYSET('2NwR95GZnArQ04VfhNWJF1',#5,'AISC_EM11_Pset_AssemblyIdentification','AssemblyIdentity',(#4385,#52,#53));
#4387= IFCCARTESIANPOINT((67312.6332397461,20782.9412957553,60729.9981994629));
#4388= IFCAXIS2PLACEMENT3D(#4387,#9,#8);
#4389= IFCLOCALPLACEMENT(#4383,#4388);
#4390= IFCCARTESIANPOINT((417.247772216797,0.,0.));
#4391= IFCAXIS2PLACEMENT3D(#4390,#675,#1222);
#4392= IFCEXTRUDEDAREASOLID(#3764,#4391,#9,417.25);
#4393= IFCSHAPEREPRESENTATION(#12,'Body','SweptSolid',(#4392));
#4394= IFCPRODUCTDEFINITIONSHAPE($,$,(#4393));
#4395= IFCBEAM('1k5OjyWrT0s8ohxf4ecCXT',#3728,'main piece','IPE240','IPE240',#4389,#4394,'b/606');
#4396= IFCPROPERTYSINGLEVALUE('IndicationMark',$,IFCIDENTIFIER('b/606'),$);
#4397= IFCPROPERTYSET('3eYt_aDkX9BuS0CiURoLw4',#5,'AISC_EM11_Pset_PieceIdentification','PieceIdentity',(#1229,#4396,#1231,#1232));
#4398= IFCLOCALPLACEMENT(#42,#10);
#4399= IFCELEMENTASSEMBLY('3ki1Wn_Lf4897BNDW7Z99B',#3728,'BEAM',$,$,#4398,$,'B/711',.NOTDEFINED.,.RIGID_FRAME.);
#4400= IFCCARTESIANPOINT((66142.6312561035,20782.9393884067,60729.9981994629));
#4401= IFCAXIS2PLACEMENT3D(#4400,#9,#8);
#4402= IFCLOCALPLACEMENT(#4398,#4401);
#4403= IFCSHAPEREPRESENTATION(#12,'Body','SweptSolid',(#4392));
#4404= IFCPRODUCTDEFINITIONSHAPE($,$,(#4403));
#4405= IFCBEAM('0TetUkNJvDgumZRkrZoSDo',#3728,'main piece','IPE240','IPE240',#4402,#4404,'b/606');
#4406= IFCLOCALPLACEMENT(#42,#10);
#4407= IFCELEMENTASSEMBLY('19F6tRVc52t8iSKgAUj2tV',#3728,'BEAM',$,$,#4406,$,'B/711',.NOTDEFINED.,.RIGID_FRAME.);
#4408= IFCCARTESIANPOINT((65407.531463623,20782.9374810581,60729.9981994629));
#4409= IFCAXIS2PLACEMENT3D(#4408,#9,#8);
#4410= IFCLOCALPLACEMENT(#4406,#4409);
#4411= IFCCARTESIANPOINT((417.24967956543,0.,0.));
#4412= IFCAXIS2PLACEMENT3D(#4411,#675,#1222);
#4413= IFCEXTRUDEDAREASOLID(#3764,#4412,#9,417.25);
#4414= IFCSHAPEREPRESENTATION(#12,'Body','SweptSolid',(#4413));
#4415= IFCPRODUCTDEFINITIONSHAPE($,$,(#4414));
#4416= IFCBEAM('0jL7bb_vDCNx71DLNdfzig',#3728,'main piece','IPE240','IPE240',#4410,#4415,'b/606');
#4417= IFCLOCALPLACEMENT(#42,#10);
#4418= IFCELEMENTASSEMBLY('10OTkAbZ54e8oU4D5zzaeu',#3728,'BEAM',$,$,#4417,$,'B/711',.NOTDEFINED.,.RIGID_FRAME.);
#4419= IFCCARTESIANPOINT((64890.2775878906,20782.9355737094,60729.9981994629));
#4420= IFCAXIS2PLACEMENT3D(#4419,#9,#8);
#4421= IFCLOCALPLACEMENT(#4417,#4420);
#4422= IFCSHAPEREPRESENTATION(#12,'Body','SweptSolid',(#4413));
#4423= IFCPRODUCTDEFINITIONSHAPE($,$,(#4422));
#4424= IFCBEAM('31KNeIuD93qhk3zmvGq2w0',#3728,'main piece','IPE240','IPE240',#4421,#4423,'b/606');
#4425= IFCCARTESIANPOINT((63830.3868408203,20702.6848336582,60714.9981994629));
#4426= IFCAXIS2PLACEMENT3D(#4425,#9,#1360);
#4427= IFCLOCALPLACEMENT(#1017,#4426);
#4428= IFCCARTESIANPOINT((3859.90142826035,0.,-7.27595761418343E-12));
#4429= IFCAXIS2PLACEMENT3D(#4428,#675,#1222);
#4430= IFCEXTRUDEDAREASOLID(#3794,#4429,#9,3859.9);
#4431= IFCCARTESIANPOINT((3659.1438390733,-60.008596314954,-120.000000000007));
#4432= IFCAXIS2PLACEMENT3D(#4431,#4313,#9);
#4433= IFCPLANE(#4432);
#4434= IFCHALFSPACESOLID(#4433,.F.);
#4435= IFCBOOLEANCLIPPINGRESULT(.DIFFERENCE.,#4430,#4434);
#4436= IFCSHAPEREPRESENTATION(#12,'Body','Clipping',(#4435));
#4437= IFCPRODUCTDEFINITIONSHAPE($,$,(#4436));
#4438= IFCBEAM('33F3cTIIX9dwynOEZ_v5HE',#44,'main piece','IPE270','IPE270',#4427,#4437,'b/566(?)');
#4439= IFCLOCALPLACEMENT(#1017,#1022);
#4440= IFCCARTESIANPOINT((0.,-3.39889284142484,0.));
#4441= IFCAXIS2PLACEMENT3D(#4440,#8,#7);
#4442= IFCEXTRUDEDAREASOLID(#1934,#4441,#9,6.8);
#4443= IFCSHAPEREPRESENTATION(#12,'Body','SweptSolid',(#4442));
#4444= IFCREPRESENTATIONMAP(#10,#4443);
#4445= IFCMAPPEDITEM(#4444,#86);
#4446= IFCMAPPEDITEM(#4444,#91);
#4447= IFCMAPPEDITEM(#4444,#94);
#4448= IFCSHAPEREPRESENTATION(#12,'Body','MappedRepresentation',(#4445,#4446,#4447));
#4449= IFCPRODUCTDEFINITIONSHAPE($,$,(#4448));
#4450= IFCOPENINGELEMENT('0CnHf7M85AlfaJjzxkKcN1',#5,$,$,'Opening',#4439,#4449,$);
#4451= IFCRELVOIDSELEMENT('2eKQe1oT1CHeSptkGbe8lE',#5,'Drill Hole',$,#4438,#4450);
#4452= IFCPROPERTYSINGLEVALUE('IndicationMark',$,IFCIDENTIFIER('b/566(?)'),$);
#4453= IFCPROPERTYSET('3ZWd5Q2sX7Ch_w_ubidPdU',#5,'AISC_EM11_Pset_PieceIdentification','PieceIdentity',(#1229,#4452,#1231,#1232));
#4454= IFCPROPERTYSINGLEVALUE('SkewedAngleX',$,IFCREAL(-0.00096),$);
#4455= IFCPROPERTYSET('3wYACHyVX1i8NwxPFGkM6o',#5,'AISC_EM11_Pset_SkewedEnd_2',$,(#1237,#4454));
#4456= IFCCARTESIANPOINT((63830.3868408203,21287.6839181308,60714.9981994629));
#4457= IFCAXIS2PLACEMENT3D(#4456,#9,#1360);
#4458= IFCLOCALPLACEMENT(#995,#4457);
#4459= IFCCARTESIANPOINT((3843.20068362272,0.,-7.27595761418343E-12));
#4460= IFCAXIS2PLACEMENT3D(#4459,#675,#1222);
#4461= IFCEXTRUDEDAREASOLID(#3794,#4460,#9,3843.2);
#4462= IFCCARTESIANPOINT((3659.14385347351,-60.0087188275829,-120.000000000007));
#4463= IFCAXIS2PLACEMENT3D(#4462,#4313,#9);
#4464= IFCPLANE(#4463);
#4465= IFCHALFSPACESOLID(#4464,.F.);
#4466= IFCBOOLEANCLIPPINGRESULT(.DIFFERENCE.,#4461,#4465);
#4467= IFCSHAPEREPRESENTATION(#12,'Body','Clipping',(#4466));
#4468= IFCPRODUCTDEFINITIONSHAPE($,$,(#4467));
#4469= IFCBEAM('26OvVDYZ10pRCCTZHi0$3A',#44,'main piece','IPE270','IPE270',#4458,#4468,'b/565(?)');
#4470= IFCLOCALPLACEMENT(#995,#1000);
#4471= IFCSHAPEREPRESENTATION(#12,'Body','MappedRepresentation',(#4328,#4329,#4330));
#4472= IFCPRODUCTDEFINITIONSHAPE($,$,(#4471));
#4473= IFCOPENINGELEMENT('0uDaSXLDXCpAB9NFE1L3VW',#5,$,$,'Opening',#4470,#4472,$);
#4474= IFCRELVOIDSELEMENT('3CK7edJRn78BNagdEKT_7$',#5,'Drill Hole',$,#4469,#4473);
#4475= IFCPROPERTYSINGLEVALUE('IndicationMark',$,IFCIDENTIFIER('b/565(?)'),$);
#4476= IFCPROPERTYSET('0$3cbpOlj0$O$2oVxueG34',#5,'AISC_EM11_Pset_PieceIdentification','PieceIdentity',(#1229,#4475,#1231,#1232));
#4477= IFCCARTESIANPOINT((65880.1896208668,24979.8296471835,60714.9981994629));
#4478= IFCDIRECTION((-0.00140868399972472,-0.999999007804202,0.));
#4479= IFCAXIS2PLACEMENT3D(#4477,#9,#4478);
#4480= IFCLOCALPLACEMENT(#869,#4479);
#4481= IFCCARTESIANPOINT((3624.63967421345,0.,-7.27595761418343E-12));
#4482= IFCAXIS2PLACEMENT3D(#4481,#675,#1222);
#4483= IFCEXTRUDEDAREASOLID(#3794,#4482,#9,3624.64);
#4484= IFCDIRECTION((-0.99999897799419,-0.00142968897856612,0.));
#4485= IFCCARTESIANPOINT((-9.88044614201135,60.7297524836904,-120.000000000007));
#4486= IFCAXIS2PLACEMENT3D(#4485,#4484,#9);
#4487= IFCPLANE(#4486);
#4488= IFCHALFSPACESOLID(#4487,.F.);
#4489= IFCBOOLEANCLIPPINGRESULT(.DIFFERENCE.,#4483,#4488);
#4490= IFCSHAPEREPRESENTATION(#12,'Body','Clipping',(#4489));
#4491= IFCPRODUCTDEFINITIONSHAPE($,$,(#4490));
#4492= IFCBEAM('1F1gYu0jT9Te3OcnMxKgiz',#44,'main piece','IPE270','IPE270',#4480,#4491,'b/658(?)');
#4493= IFCLOCALPLACEMENT(#869,#874);
#4494= IFCCARTESIANPOINT((0.,-4.19009234027621,0.));
#4495= IFCAXIS2PLACEMENT3D(#4494,#8,#7);
#4496= IFCEXTRUDEDAREASOLID(#1934,#4495,#9,6.8);
#4497= IFCSHAPEREPRESENTATION(#12,'Body','SweptSolid',(#4496));
#4498= IFCREPRESENTATIONMAP(#10,#4497);
#4499= IFCMAPPEDITEM(#4498,#86);
#4500= IFCMAPPEDITEM(#4498,#91);
#4501= IFCMAPPEDITEM(#4498,#94);
#4502= IFCSHAPEREPRESENTATION(#12,'Body','MappedRepresentation',(#4499,#4500,#4501));
#4503= IFCPRODUCTDEFINITIONSHAPE($,$,(#4502));
#4504= IFCOPENINGELEMENT('06R2wRQjX9e8mwZN42FgQN',#5,$,$,'Opening',#4493,#4503,$);
#4505= IFCRELVOIDSELEMENT('3dtsjI7QzC3AMxQmA8IRhI',#5,'Drill Hole',$,#4492,#4504);
#4506= IFCPROPERTYSINGLEVALUE('IndicationMark',$,IFCIDENTIFIER('b/658(?)'),$);
#4507= IFCPROPERTYSET('0pS2ujnAf49OrttLhz6C7A',#5,'AISC_EM11_Pset_PieceIdentification','PieceIdentity',(#1229,#4506,#1231,#1232));
#4508= IFCCARTESIANPOINT((63750.0836486816,17899.1751214389,60714.9981994629));
#4509= IFCAXIS2PLACEMENT3D(#4508,#9,#8);
#4510= IFCLOCALPLACEMENT(#394,#4509);
#4511= IFCCARTESIANPOINT((7088.09852600175,0.,0.));
#4512= IFCAXIS2PLACEMENT3D(#4511,#675,#1222);
#4513= IFCEXTRUDEDAREASOLID(#3794,#4512,#9,7088.1);
#4514= IFCDIRECTION((-0.998366946607074,-0.0571265255592196,0.));
#4515= IFCCARTESIANPOINT((-5.81717101165123,89.0634133288549,-120.));
#4516= IFCAXIS2PLACEMENT3D(#4515,#4514,#9);
#4517= IFCPLANE(#4516);
#4518= IFCHALFSPACESOLID(#4517,.F.);
#4519= IFCBOOLEANCLIPPINGRESULT(.DIFFERENCE.,#4513,#4518);
#4520= IFCCARTESIANPOINT((7090.44476692489,-60.0108597307553,-120.));
#4521= IFCAXIS2PLACEMENT3D(#4520,#4209,#9);
#4522= IFCPLANE(#4521);
#4523= IFCHALFSPACESOLID(#4522,.F.);
#4524= IFCBOOLEANCLIPPINGRESULT(.DIFFERENCE.,#4519,#4523);
#4525= IFCSHAPEREPRESENTATION(#12,'Body','Clipping',(#4524));
#4526= IFCPRODUCTDEFINITIONSHAPE($,$,(#4525));
#4527= IFCBEAM('0t9e7blAD0iOLOLq37kHF5',#44,'main piece','IPE270','IPE270',#4510,#4526,'b/645(?)');
#4528= IFCLOCALPLACEMENT(#394,#399);
#4529= IFCCARTESIANPOINT((0.,-35.4380049766828,0.));
#4530= IFCAXIS2PLACEMENT3D(#4529,#8,#7);
#4531= IFCEXTRUDEDAREASOLID(#1934,#4530,#9,6.81);
#4532= IFCSHAPEREPRESENTATION(#12,'Body','SweptSolid',(#4531));
#4533= IFCREPRESENTATIONMAP(#10,#4532);
#4534= IFCMAPPEDITEM(#4533,#86);
#4535= IFCMAPPEDITEM(#4533,#91);
#4536= IFCMAPPEDITEM(#4533,#94);
#4537= IFCSHAPEREPRESENTATION(#12,'Body','MappedRepresentation',(#4534,#4535,#4536));
#4538= IFCPRODUCTDEFINITIONSHAPE($,$,(#4537));
#4539= IFCOPENINGELEMENT('3rKhDNRVL4eQ3H0imoinja',#5,$,$,'Opening',#4528,#4538,$);
#4540= IFCRELVOIDSELEMENT('2rQSfznl100xAHXQc46HJG',#5,'Drill Hole',$,#4527,#4539);
#4541= IFCLOCALPLACEMENT(#394,#863);
#4542= IFCCARTESIANPOINT((0.,-3.40137590083201,0.));
#4543= IFCAXIS2PLACEMENT3D(#4542,#8,#7);
#4544= IFCEXTRUDEDAREASOLID(#1934,#4543,#9,6.8);
#4545= IFCSHAPEREPRESENTATION(#12,'Body','SweptSolid',(#4544));
#4546= IFCREPRESENTATIONMAP(#10,#4545);
#4547= IFCMAPPEDITEM(#4546,#86);
#4548= IFCMAPPEDITEM(#4546,#91);
#4549= IFCMAPPEDITEM(#4546,#94);
#4550= IFCSHAPEREPRESENTATION(#12,'Body','MappedRepresentation',(#4547,#4548,#4549));
#4551= IFCPRODUCTDEFINITIONSHAPE($,$,(#4550));
#4552= IFCOPENINGELEMENT('15ahKcNQHEygRJt5poj7a1',#5,$,$,'Opening',#4541,#4551,$);
#4553= IFCRELVOIDSELEMENT('2dYzOYWPPC3vMVhHLRLpUd',#5,'Drill Hole',$,#4527,#4552);
#4554= IFCPROPERTYSINGLEVALUE('IndicationMark',$,IFCIDENTIFIER('b/645(?)'),$);
#4555= IFCPROPERTYSET('2txFldUBv19vVlocCzf6_4',#5,'AISC_EM11_Pset_PieceIdentification','PieceIdentity',(#1229,#4554,#1231,#1232));
#4556= IFCCARTESIANPOINT((61625.0855560303,24987.2564813022,60714.9981994629));
#4557= IFCAXIS2PLACEMENT3D(#4556,#9,#1222);
#4558= IFCLOCALPLACEMENT(#422,#4557);
#4559= IFCCARTESIANPOINT((7206.50100708084,3.81508986713673E-19,0.));
#4560= IFCAXIS2PLACEMENT3D(#4559,#675,#1222);
#4561= IFCEXTRUDEDAREASOLID(#3794,#4560,#9,7206.5);
#4562= IFCCARTESIANPOINT((7215.45027440855,-89.0634113040214,-120.));
#4563= IFCAXIS2PLACEMENT3D(#4562,#3951,#9);
#4564= IFCPLANE(#4563);
#4565= IFCHALFSPACESOLID(#4564,.F.);
#4566= IFCBOOLEANCLIPPINGRESULT(.DIFFERENCE.,#4561,#4565);
#4567= IFCCARTESIANPOINT((-2.35875732130808,60.0108576888815,-120.));
#4568= IFCAXIS2PLACEMENT3D(#4567,#3835,#9);
#4569= IFCPLANE(#4568);
#4570= IFCHALFSPACESOLID(#4569,.F.);
#4571= IFCBOOLEANCLIPPINGRESULT(.DIFFERENCE.,#4566,#4570);
#4572= IFCSHAPEREPRESENTATION(#12,'Body','Clipping',(#4571));
#4573= IFCPRODUCTDEFINITIONSHAPE($,$,(#4572));
#4574= IFCBEAM('0mdttdcAXEVxp2MhE0RvgM',#44,'main piece','IPE270','IPE270',#4558,#4573,'b/653(?)');
#4575= IFCLOCALPLACEMENT(#422,#427);
#4576= IFCSHAPEREPRESENTATION(#12,'Body','MappedRepresentation',(#4534,#4535,#4536));
#4577= IFCPRODUCTDEFINITIONSHAPE($,$,(#4576));
#4578= IFCOPENINGELEMENT('1aRQTeFeP1tusW7gwLDbxv',#5,$,$,'Opening',#4575,#4577,$);
#4579= IFCRELVOIDSELEMENT('0bVUtq7AL5svyQee0zIbcP',#5,'Drill Hole',$,#4574,#4578);
#4580= IFCLOCALPLACEMENT(#422,#845);
#4581= IFCSHAPEREPRESENTATION(#12,'Body','MappedRepresentation',(#4547,#4548,#4549));
#4582= IFCPRODUCTDEFINITIONSHAPE($,$,(#4581));
#4583= IFCOPENINGELEMENT('0Svg_11vb7ewcScBTFuA47',#5,$,$,'Opening',#4580,#4582,$);
#4584= IFCRELVOIDSELEMENT('2tdtb8R29CtgQ2Y9FEnfVD',#5,'Drill Hole',$,#4574,#4583);
#4585= IFCPROPERTYSINGLEVALUE('IndicationMark',$,IFCIDENTIFIER('b/653(?)'),$);
#4586= IFCPROPERTYSET('2OkyY8oED26Q6CHag1K_Zm',#5,'AISC_EM11_Pset_PieceIdentification','PieceIdentity',(#1229,#4585,#1231,#1232));
#4587= IFCCARTESIANPOINT((57375.0855560303,17544.1688094178,60714.9981994629));
#4588= IFCAXIS2PLACEMENT3D(#4587,#9,#8);
#4589= IFCLOCALPLACEMENT(#433,#4588);
#4590= IFCCARTESIANPOINT((7442.34848022461,0.,0.));
#4591= IFCAXIS2PLACEMENT3D(#4590,#675,#1222);
#4592= IFCEXTRUDEDAREASOLID(#3794,#4591,#9,7442.35);
#4593= IFCCARTESIANPOINT((-15.4659495225533,89.0632771585952,-120.));
#4594= IFCAXIS2PLACEMENT3D(#4593,#4514,#9);
#4595= IFCPLANE(#4594);
#4596= IFCHALFSPACESOLID(#4595,.F.);
#4597= IFCBOOLEANCLIPPINGRESULT(.DIFFERENCE.,#4592,#4596);
#4598= IFCSHAPEREPRESENTATION(#12,'Body','Clipping',(#4597));
#4599= IFCPRODUCTDEFINITIONSHAPE($,$,(#4598));
#4600= IFCBEAM('24rUfjWufEHRX4gKbnqlLv',#44,'main piece','IPE270','IPE270',#4589,#4599,'b/652(?)');
#4601= IFCLOCALPLACEMENT(#433,#438);
#4602= IFCSHAPEREPRESENTATION(#12,'Body','MappedRepresentation',(#3979,#3980,#3981));
#4603= IFCPRODUCTDEFINITIONSHAPE($,$,(#4602));
#4604= IFCOPENINGELEMENT('0QiLOyhyXBCwG$HHTKK9wl',#5,$,$,'Opening',#4601,#4603,$);
#4605= IFCRELVOIDSELEMENT('11nAUHr5T0rQnFbcqehdq1',#5,'Drill Hole',$,#4600,#4604);
#4606= IFCPROPERTYSINGLEVALUE('IndicationMark',$,IFCIDENTIFIER('b/652(?)'),$);
#4607= IFCPROPERTYSET('2C1HxVls9AzeenGO94_l9p',#5,'AISC_EM11_Pset_PieceIdentification','PieceIdentity',(#1229,#4606,#1231,#1232));
#4608= IFCCARTESIANPOINT((55260.0857849121,24987.2793694858,60714.9981994629));
#4609= IFCAXIS2PLACEMENT3D(#4608,#9,#1222);
#4610= IFCLOCALPLACEMENT(#461,#4609);
#4611= IFCCARTESIANPOINT((7560.94932556152,0.,0.));
#4612= IFCAXIS2PLACEMENT3D(#4611,#675,#1222);
#4613= IFCEXTRUDEDAREASOLID(#3794,#4612,#9,7560.95);
#4614= IFCCARTESIANPOINT((7579.55623211555,-89.0632771585952,-120.));
#4615= IFCAXIS2PLACEMENT3D(#4614,#3951,#9);
#4616= IFCPLANE(#4615);
#4617= IFCHALFSPACESOLID(#4616,.F.);
#4618= IFCBOOLEANCLIPPINGRESULT(.DIFFERENCE.,#4613,#4617);
#4619= IFCSHAPEREPRESENTATION(#12,'Body','Clipping',(#4618));
#4620= IFCPRODUCTDEFINITIONSHAPE($,$,(#4619));
#4621= IFCBEAM('36ocFnR$T9xRrUJNz1q2el',#44,'main piece','IPE270','IPE270',#4610,#4620,'b/651(?)');
#4622= IFCLOCALPLACEMENT(#461,#466);
#4623= IFCSHAPEREPRESENTATION(#12,'Body','MappedRepresentation',(#3979,#3980,#3981));
#4624= IFCPRODUCTDEFINITIONSHAPE($,$,(#4623));
#4625= IFCOPENINGELEMENT('2o0O0jHK57bBDXQQrs_F7Y',#5,$,$,'Opening',#4622,#4624,$);
#4626= IFCRELVOIDSELEMENT('0bojafZmr1U90N8y4r4Hkd',#5,'Drill Hole',$,#4621,#4625);
#4627= IFCPROPERTYSINGLEVALUE('IndicationMark',$,IFCIDENTIFIER('b/651(?)'),$);
#4628= IFCPROPERTYSET('0x$HaivjzDFv3p7OEkhWrR',#5,'AISC_EM11_Pset_PieceIdentification','PieceIdentity',(#1229,#4627,#1231,#1232));
#4629= IFCCARTESIANPOINT((53130.0866241455,17375.1787682895,60714.9981994629));
#4630= IFCAXIS2PLACEMENT3D(#4629,#9,#8);
#4631= IFCLOCALPLACEMENT(#480,#4630);
#4632= IFCCARTESIANPOINT((7612.14828491211,0.,0.));
#4633= IFCAXIS2PLACEMENT3D(#4632,#675,#1222);
#4634= IFCEXTRUDEDAREASOLID(#3794,#4633,#9,7612.15);
#4635= IFCDIRECTION((-0.999998671149737,0.00163024500025496,0.));
#4636= IFCCARTESIANPOINT((13.350824381625,59.1677285500191,-120.));
#4637= IFCAXIS2PLACEMENT3D(#4636,#4635,#9);
#4638= IFCPLANE(#4637);
#4639= IFCHALFSPACESOLID(#4638,.F.);
#4640= IFCBOOLEANCLIPPINGRESULT(.DIFFERENCE.,#4634,#4639);
#4641= IFCSHAPEREPRESENTATION(#12,'Body','Clipping',(#4640));
#4642= IFCPRODUCTDEFINITIONSHAPE($,$,(#4641));
#4643= IFCBEAM('2YWvgQfJz6Q8QVckFfZ7rj',#44,'main piece','IPE270','IPE270',#4631,#4642,'b/650(?)');
#4644= IFCLOCALPLACEMENT(#480,#486);
#4645= IFCCARTESIANPOINT((0.,-2.47652848968982,0.));
#4646= IFCAXIS2PLACEMENT3D(#4645,#8,#7);
#4647= IFCEXTRUDEDAREASOLID(#1934,#4646,#9,6.8);
#4648= IFCSHAPEREPRESENTATION(#12,'Body','SweptSolid',(#4647));
#4649= IFCREPRESENTATIONMAP(#10,#4648);
#4650= IFCMAPPEDITEM(#4649,#86);
#4651= IFCMAPPEDITEM(#4649,#91);
#4652= IFCMAPPEDITEM(#4649,#94);
#4653= IFCSHAPEREPRESENTATION(#12,'Body','MappedRepresentation',(#4650,#4651,#4652));
#4654= IFCPRODUCTDEFINITIONSHAPE($,$,(#4653));
#4655= IFCOPENINGELEMENT('1ruSL7Ij15f8mQwnnjHcVv',#5,$,$,'Opening',#4644,#4654,$);
#4656= IFCRELVOIDSELEMENT('1PcDD871T5vPBTSc6fNO1q',#5,'Drill Hole',$,#4643,#4655);
#4657= IFCPROPERTYSINGLEVALUE('IndicationMark',$,IFCIDENTIFIER('b/650(?)'),$);
#4658= IFCPROPERTYSET('13OLO0AQz6Pv0Aksy4Xri9',#5,'AISC_EM11_Pset_PieceIdentification','PieceIdentity',(#1229,#4657,#1231,#1232));
#4659= IFCPROPERTYSINGLEVALUE('SkewedAngleX',$,IFCREAL(0.09341),$);
#4660= IFCPROPERTYSET('2RQ53Vgnj4Ch$c8IqvRyvo',#5,'AISC_EM11_Pset_SkewedEnd',$,(#1237,#4659));
#4661= IFCCARTESIANPOINT((48890.0868530273,17373.9790459995,60714.9981994629));
#4662= IFCAXIS2PLACEMENT3D(#4661,#9,#8);
#4663= IFCLOCALPLACEMENT(#503,#4662);
#4664= IFCCARTESIANPOINT((7613.2984161377,0.,0.));
#4665= IFCAXIS2PLACEMENT3D(#4664,#675,#1222);
#4666= IFCEXTRUDEDAREASOLID(#3794,#4665,#9,7613.3);
#4667= IFCCARTESIANPOINT((21.5425786833803,59.16772854999,-120.));
#4668= IFCAXIS2PLACEMENT3D(#4667,#4635,#9);
#4669= IFCPLANE(#4668);
#4670= IFCHALFSPACESOLID(#4669,.F.);
#4671= IFCBOOLEANCLIPPINGRESULT(.DIFFERENCE.,#4666,#4670);
#4672= IFCCARTESIANPOINT((7615.60831254372,-60.0107224145759,-120.));
#4673= IFCAXIS2PLACEMENT3D(#4672,#4209,#9);
#4674= IFCPLANE(#4673);
#4675= IFCHALFSPACESOLID(#4674,.F.);
#4676= IFCBOOLEANCLIPPINGRESULT(.DIFFERENCE.,#4671,#4675);
#4677= IFCSHAPEREPRESENTATION(#12,'Body','Clipping',(#4676));
#4678= IFCPRODUCTDEFINITIONSHAPE($,$,(#4677));
#4679= IFCBEAM('09UkX6mRfDjRRSadajYR6z',#44,'main piece','IPE270','IPE270',#4663,#4678,'b/649(?)');
#4680= IFCLOCALPLACEMENT(#503,#508);
#4681= IFCSHAPEREPRESENTATION(#12,'Body','MappedRepresentation',(#4650,#4651,#4652));
#4682= IFCPRODUCTDEFINITIONSHAPE($,$,(#4681));
#4683= IFCOPENINGELEMENT('36OLmyBe1FSwEkwrDnhfVL',#5,$,$,'Opening',#4680,#4682,$);
#4684= IFCRELVOIDSELEMENT('0KoI$1dRvCSvVleki9bgl2',#5,'Drill Hole',$,#4679,#4683);
#4685= IFCLOCALPLACEMENT(#503,#892);
#4686= IFCSHAPEREPRESENTATION(#12,'Body','MappedRepresentation',(#3863,#3864,#3865));
#4687= IFCPRODUCTDEFINITIONSHAPE($,$,(#4686));
#4688= IFCOPENINGELEMENT('0w2qSZTqTALuQ9wqntpNlJ',#5,$,$,'Opening',#4685,#4687,$);
#4689= IFCRELVOIDSELEMENT('1SF_LbxMH47wccsd62nYek',#5,'Drill Hole',$,#4679,#4688);
#4690= IFCPROPERTYSINGLEVALUE('IndicationMark',$,IFCIDENTIFIER('b/649(?)'),$);
#4691= IFCPROPERTYSET('0rAKoCh5jBvgzcPHYJRwGh',#5,'AISC_EM11_Pset_PieceIdentification','PieceIdentity',(#1229,#4690,#1231,#1232));
#4692= IFCCARTESIANPOINT((46760.0857849121,24987.2965356235,60714.9981994629));
#4693= IFCAXIS2PLACEMENT3D(#4692,#9,#1222);
#4694= IFCLOCALPLACEMENT(#533,#4693);
#4695= IFCCARTESIANPOINT((7558.39920043945,0.,0.));
#4696= IFCAXIS2PLACEMENT3D(#4695,#675,#1222);
#4697= IFCEXTRUDEDAREASOLID(#3794,#4696,#9,7558.4);
#4698= IFCDIRECTION((0.998472581030666,-0.0552494790017046,0.));
#4699= IFCCARTESIANPOINT((7562.55074568337,-31.7051351811097,-120.));
#4700= IFCAXIS2PLACEMENT3D(#4699,#4698,#9);
#4701= IFCPLANE(#4700);
#4702= IFCHALFSPACESOLID(#4701,.F.);
#4703= IFCBOOLEANCLIPPINGRESULT(.DIFFERENCE.,#4697,#4702);
#4704= IFCCARTESIANPOINT((-2.28616247736863,60.0107224145759,-120.));
#4705= IFCAXIS2PLACEMENT3D(#4704,#3835,#9);
#4706= IFCPLANE(#4705);
#4707= IFCHALFSPACESOLID(#4706,.F.);
#4708= IFCBOOLEANCLIPPINGRESULT(.DIFFERENCE.,#4703,#4707);
#4709= IFCSHAPEREPRESENTATION(#12,'Body','Clipping',(#4708));
#4710= IFCPRODUCTDEFINITIONSHAPE($,$,(#4709));
#4711= IFCBEAM('3GugVdYSP03QbELBrxBFpu',#44,'main piece','IPE270','IPE270',#4694,#4710,'b/648(?)');
#4712= IFCLOCALPLACEMENT(#533,#539);
#4713= IFCCARTESIANPOINT((0.,27.5925565216402,0.));
#4714= IFCAXIS2PLACEMENT3D(#4713,#8,#7);
#4715= IFCEXTRUDEDAREASOLID(#1934,#4714,#9,6.81);
#4716= IFCSHAPEREPRESENTATION(#12,'Body','SweptSolid',(#4715));
#4717= IFCREPRESENTATIONMAP(#10,#4716);
#4718= IFCMAPPEDITEM(#4717,#86);
#4719= IFCMAPPEDITEM(#4717,#91);
#4720= IFCMAPPEDITEM(#4717,#94);
#4721= IFCSHAPEREPRESENTATION(#12,'Body','MappedRepresentation',(#4718,#4719,#4720));
#4722= IFCPRODUCTDEFINITIONSHAPE($,$,(#4721));
#4723= IFCOPENINGELEMENT('0Wd5bZj357WApvoiBbTPZs',#5,$,$,'Opening',#4712,#4722,$);
#4724= IFCRELVOIDSELEMENT('1QsPObX8L4Ze_AJcZLso8v',#5,'Drill Hole',$,#4711,#4723);
#4725= IFCLOCALPLACEMENT(#533,#899);
#4726= IFCSHAPEREPRESENTATION(#12,'Body','MappedRepresentation',(#3863,#3864,#3865));
#4727= IFCPRODUCTDEFINITIONSHAPE($,$,(#4726));
#4728= IFCOPENINGELEMENT('1dCqu4OeD34e_qq6ejZqtT',#5,$,$,'Opening',#4725,#4727,$);
#4729= IFCRELVOIDSELEMENT('379CN28LX1QOTwEdm5Mi2K',#5,'Drill Hole',$,#4711,#4728);
#4730= IFCPROPERTYSINGLEVALUE('IndicationMark',$,IFCIDENTIFIER('b/648(?)'),$);
#4731= IFCPROPERTYSET('1cYBsWoZ9DsfPIUcF3C6YF',#5,'AISC_EM11_Pset_PieceIdentification','PieceIdentity',(#1229,#4730,#1231,#1232));
#4732= IFCCARTESIANPOINT((44630.0866241455,17546.7981835727,60714.9981994629));
#4733= IFCAXIS2PLACEMENT3D(#4732,#9,#8);
#4734= IFCLOCALPLACEMENT(#556,#4733);
#4735= IFCCARTESIANPOINT((7440.49835205078,0.,0.));
#4736= IFCAXIS2PLACEMENT3D(#4735,#675,#1222);
#4737= IFCEXTRUDEDAREASOLID(#3794,#4736,#9,7440.5);
#4738= IFCDIRECTION((-0.998472581030667,0.0552494790016844,0.));
#4739= IFCCARTESIANPOINT((-4.15082358971995,31.705135181066,-120.));
#4740= IFCAXIS2PLACEMENT3D(#4739,#4738,#9);
#4741= IFCPLANE(#4740);
#4742= IFCHALFSPACESOLID(#4741,.F.);
#4743= IFCBOOLEANCLIPPINGRESULT(.DIFFERENCE.,#4737,#4742);
#4744= IFCCARTESIANPOINT((7442.77985408999,-60.0107224145759,-120.));
#4745= IFCAXIS2PLACEMENT3D(#4744,#4209,#9);
#4746= IFCPLANE(#4745);
#4747= IFCHALFSPACESOLID(#4746,.F.);
#4748= IFCBOOLEANCLIPPINGRESULT(.DIFFERENCE.,#4743,#4747);
#4749= IFCSHAPEREPRESENTATION(#12,'Body','Clipping',(#4748));
#4750= IFCPRODUCTDEFINITIONSHAPE($,$,(#4749));
#4751= IFCBEAM('2cLkge0pv8MgzNb4RYaY9p',#44,'main piece','IPE270','IPE270',#4734,#4750,'b/647(?)');
#4752= IFCLOCALPLACEMENT(#556,#561);
#4753= IFCSHAPEREPRESENTATION(#12,'Body','MappedRepresentation',(#4718,#4719,#4720));
#4754= IFCPRODUCTDEFINITIONSHAPE($,$,(#4753));
#4755= IFCOPENINGELEMENT('15IUQ1DaH7Wvzch7vxYz3g',#5,$,$,'Opening',#4752,#4754,$);
#4756= IFCRELVOIDSELEMENT('09LltOEDjCxgCgu9tBZ6aw',#5,'Drill Hole',$,#4751,#4755);
#4757= IFCLOCALPLACEMENT(#556,#906);
#4758= IFCSHAPEREPRESENTATION(#12,'Body','MappedRepresentation',(#3863,#3864,#3865));
#4759= IFCPRODUCTDEFINITIONSHAPE($,$,(#4758));
#4760= IFCOPENINGELEMENT('0pLQgAEBf6h8K_vrDososS',#5,$,$,'Opening',#4757,#4759,$);
#4761= IFCRELVOIDSELEMENT('3YwOYSkiD4_9M1YXLzMCia',#5,'Drill Hole',$,#4751,#4760);
#4762= IFCPROPERTYSINGLEVALUE('IndicationMark',$,IFCIDENTIFIER('b/647(?)'),$);
#4763= IFCPROPERTYSET('30EQhvJ_f25xQG$qiiTldh',#5,'AISC_EM11_Pset_PieceIdentification','PieceIdentity',(#1229,#4762,#1231,#1232));
#4764= IFCLOCALPLACEMENT(#42,#10);
#4765= IFCELEMENTASSEMBLY('0RMf_TlAb4V9nKJHJOumYn',#3728,'BEAM',$,$,#4764,$,'B/664',.NOTDEFINED.,.RIGID_FRAME.);
#4766= IFCPROPERTYSINGLEVALUE('AssemblyMark',$,IFCIDENTIFIER('B/664'),$);
#4767= IFCPROPERTYSET('369wIRpRD0M89qG5b_FRAF',#5,'AISC_EM11_Pset_AssemblyIdentification','AssemblyIdentity',(#4766,#52,#53));
#4768= IFCCARTESIANPOINT((37103.0060882568,20783.9382807141,60729.9981994629));
#4769= IFCAXIS2PLACEMENT3D(#4768,#9,#8);
#4770= IFCLOCALPLACEMENT(#4764,#4769);
#4771= IFCCARTESIANPOINT((409.999847412109,0.,0.));
#4772= IFCAXIS2PLACEMENT3D(#4771,#675,#1222);
#4773= IFCEXTRUDEDAREASOLID(#3764,#4772,#9,410.);
#4774= IFCSHAPEREPRESENTATION(#12,'Body','SweptSolid',(#4773));
#4775= IFCPRODUCTDEFINITIONSHAPE($,$,(#4774));
#4776= IFCBEAM('0SQ33nZ652wgsGf4m59zf2',#3728,'main piece','IPE240','IPE240',#4770,#4775,'b/559');
#4777= IFCPROPERTYSINGLEVALUE('IndicationMark',$,IFCIDENTIFIER('b/559'),$);
#4778= IFCPROPERTYSET('17XoIdILb5cwCyQBGxiyuf',#5,'AISC_EM11_Pset_PieceIdentification','PieceIdentity',(#1229,#4777,#1231,#1232));
#4779= IFCLOCALPLACEMENT(#42,#10);
#4780= IFCELEMENTASSEMBLY('3ko0qHJnz0zwXYxFQ_D8un',#3728,'BEAM',$,$,#4779,$,'B/663',.NOTDEFINED.,.RIGID_FRAME.);
#4781= IFCPROPERTYSINGLEVALUE('AssemblyMark',$,IFCIDENTIFIER('B/663'),$);
#4782= IFCPROPERTYSET('3owlmMgQ16m9oRbOU3witp',#5,'AISC_EM11_Pset_AssemblyIdentification','AssemblyIdentity',(#4781,#52,#53));
#4783= IFCCARTESIANPOINT((36015.3653259277,21277.0374933606,60729.9981994629));
#4784= IFCAXIS2PLACEMENT3D(#4783,#9,#7);
#4785= IFCLOCALPLACEMENT(#4779,#4784);
#4786= IFCCARTESIANPOINT((2159.93881225586,0.,0.));
#4787= IFCAXIS2PLACEMENT3D(#4786,#675,#1222);
#4788= IFCEXTRUDEDAREASOLID(#3764,#4787,#9,2159.94);
#4789= IFCSHAPEREPRESENTATION(#12,'Body','SweptSolid',(#4788));
#4790= IFCPRODUCTDEFINITIONSHAPE($,$,(#4789));
#4791= IFCBEAM('2YsoqJXNj9Juj02KQ8o_dd',#3728,'main piece','IPE240','IPE240',#4785,#4790,'b/558');
#4792= IFCPROPERTYSINGLEVALUE('IndicationMark',$,IFCIDENTIFIER('b/558'),$);
#4793= IFCPROPERTYSET('2yHO0LNUzAYhAadWOJDp1K',#5,'AISC_EM11_Pset_PieceIdentification','PieceIdentity',(#1229,#4792,#1231,#1232));
#4794= IFCLOCALPLACEMENT(#42,#10);
#4795= IFCELEMENTASSEMBLY('3FNtAhGoHF$P_61UHrpWbY',#3728,'BEAM',$,$,#4794,$,'B/663',.NOTDEFINED.,.RIGID_FRAME.);
#4796= IFCCARTESIANPOINT((36015.3653259277,20707.039705885,60729.9981994629));
#4797= IFCDIRECTION((0.999998969784182,-0.00143541999969001,0.));
#4798= IFCAXIS2PLACEMENT3D(#4796,#9,#4797);
#4799= IFCLOCALPLACEMENT(#4794,#4798);
#4800= IFCCARTESIANPOINT((2159.9219639418,-3.63797880709171E-12,7.27595761418343E-12));
#4801= IFCAXIS2PLACEMENT3D(#4800,#675,#1222);
#4802= IFCEXTRUDEDAREASOLID(#3764,#4801,#9,2159.92);
#4803= IFCSHAPEREPRESENTATION(#12,'Body','SweptSolid',(#4802));
#4804= IFCPRODUCTDEFINITIONSHAPE($,$,(#4803));
#4805= IFCBEAM('3w86oJr_154vo_llQ1c9wM',#3728,'main piece','IPE240','IPE240',#4799,#4804,'b/558');
#4806= IFCCARTESIANPOINT((40375.0855560303,17782.3595544223,60714.9981994629));
#4807= IFCAXIS2PLACEMENT3D(#4806,#9,#8);
#4808= IFCLOCALPLACEMENT(#567,#4807);
#4809= IFCCARTESIANPOINT((7204.89883422852,0.,0.));
#4810= IFCAXIS2PLACEMENT3D(#4809,#675,#1222);
#4811= IFCEXTRUDEDAREASOLID(#3794,#4810,#9,7204.9);
#4812= IFCCARTESIANPOINT((-4.18566668036874,31.7051351811097,-120.));
#4813= IFCAXIS2PLACEMENT3D(#4812,#4738,#9);
#4814= IFCPLANE(#4813);
#4815= IFCHALFSPACESOLID(#4814,.F.);
#4816= IFCBOOLEANCLIPPINGRESULT(.DIFFERENCE.,#4811,#4815);
#4817= IFCCARTESIANPOINT((7207.20917329804,-60.0107224145904,-120.));
#4818= IFCAXIS2PLACEMENT3D(#4817,#4209,#9);
#4819= IFCPLANE(#4818);
#4820= IFCHALFSPACESOLID(#4819,.F.);
#4821= IFCBOOLEANCLIPPINGRESULT(.DIFFERENCE.,#4816,#4820);
#4822= IFCSHAPEREPRESENTATION(#12,'Body','Clipping',(#4821));
#4823= IFCPRODUCTDEFINITIONSHAPE($,$,(#4822));
#4824= IFCBEAM('3KV87$0Jb85fkzup51n$4H',#44,'main piece','IPE270','IPE270',#4808,#4823,'b/646(?)');
#4825= IFCLOCALPLACEMENT(#567,#572);
#4826= IFCSHAPEREPRESENTATION(#12,'Body','MappedRepresentation',(#4718,#4719,#4720));
#4827= IFCPRODUCTDEFINITIONSHAPE($,$,(#4826));
#4828= IFCOPENINGELEMENT('1iSI8rLb11jAJ4GpxNZmh8',#5,$,$,'Opening',#4825,#4827,$);
#4829= IFCRELVOIDSELEMENT('3ISSAlqp51Xg71a99Tu76Q',#5,'Drill Hole',$,#4824,#4828);
#4830= IFCLOCALPLACEMENT(#567,#913);
#4831= IFCSHAPEREPRESENTATION(#12,'Body','MappedRepresentation',(#3863,#3864,#3865));
#4832= IFCPRODUCTDEFINITIONSHAPE($,$,(#4831));
#4833= IFCOPENINGELEMENT('1Qr$yHqiX9AwQECSTqDvCO',#5,$,$,'Opening',#4830,#4832,$);
#4834= IFCRELVOIDSELEMENT('3uoW99Gt52DO5IxcrEBksT',#5,'Drill Hole',$,#4824,#4833);
#4835= IFCPROPERTYSINGLEVALUE('IndicationMark',$,IFCIDENTIFIER('b/646(?)'),$);
#4836= IFCPROPERTYSET('29d96nNt92sPcIx1swCuLb',#5,'AISC_EM11_Pset_PieceIdentification','PieceIdentity',(#1229,#4835,#1231,#1232));
#4837= IFCCARTESIANPOINT((38250.0855560303,17899.9723931674,60714.9981994629));
#4838= IFCAXIS2PLACEMENT3D(#4837,#9,#8);
#4839= IFCLOCALPLACEMENT(#578,#4838);
#4840= IFCCARTESIANPOINT((7087.29934692383,0.,0.));
#4841= IFCAXIS2PLACEMENT3D(#4840,#675,#1222);
#4842= IFCEXTRUDEDAREASOLID(#3794,#4841,#9,7087.3);
#4843= IFCCARTESIANPOINT((-4.17365328660526,31.7051351811097,-120.));
#4844= IFCAXIS2PLACEMENT3D(#4843,#4738,#9);
#4845= IFCPLANE(#4844);
#4846= IFCHALFSPACESOLID(#4845,.F.);
#4847= IFCBOOLEANCLIPPINGRESULT(.DIFFERENCE.,#4842,#4846);
#4848= IFCCARTESIANPOINT((7089.59168505293,-60.0107224145759,-120.));
#4849= IFCAXIS2PLACEMENT3D(#4848,#4209,#9);
#4850= IFCPLANE(#4849);
#4851= IFCHALFSPACESOLID(#4850,.F.);
#4852= IFCBOOLEANCLIPPINGRESULT(.DIFFERENCE.,#4847,#4851);
#4853= IFCSHAPEREPRESENTATION(#12,'Body','Clipping',(#4852));
#4854= IFCPRODUCTDEFINITIONSHAPE($,$,(#4853));
#4855= IFCBEAM('0yRend8evEyQRJjFJp$0CG',#44,'main piece','IPE270','IPE270',#4839,#4854,'b/645(?)');
#4856= IFCLOCALPLACEMENT(#578,#581);
#4857= IFCSHAPEREPRESENTATION(#12,'Body','MappedRepresentation',(#4718,#4719,#4720));
#4858= IFCPRODUCTDEFINITIONSHAPE($,$,(#4857));
#4859= IFCOPENINGELEMENT('0nO5vaBCfEGOYhD92KX7x6',#5,$,$,'Opening',#4856,#4858,$);
#4860= IFCRELVOIDSELEMENT('1e80QBfvX5vRb2BG2Kx055',#5,'Drill Hole',$,#4855,#4859);
#4861= IFCLOCALPLACEMENT(#578,#920);
#4862= IFCSHAPEREPRESENTATION(#12,'Body','MappedRepresentation',(#3863,#3864,#3865));
#4863= IFCPRODUCTDEFINITIONSHAPE($,$,(#4862));
#4864= IFCOPENINGELEMENT('2bYM8j6_n2MuPxBVJJWdQx',#5,$,$,'Opening',#4861,#4863,$);
#4865= IFCRELVOIDSELEMENT('1sPz$iKDDEP825cEYYwB$f',#5,'Drill Hole',$,#4855,#4864);
#4866= IFCCARTESIANPOINT((35935.1460571289,19833.6023827915,60714.9981994629));
#4867= IFCAXIS2PLACEMENT3D(#4866,#9,#8);
#4868= IFCLOCALPLACEMENT(#926,#4867);
#4869= IFCCARTESIANPOINT((5153.65600585938,0.,0.));
#4870= IFCAXIS2PLACEMENT3D(#4869,#675,#1222);
#4871= IFCEXTRUDEDAREASOLID(#3794,#4870,#9,5153.66);
#4872= IFCCARTESIANPOINT((5155.95663034129,-60.0107224145759,-120.));
#4873= IFCAXIS2PLACEMENT3D(#4872,#4209,#9);
#4874= IFCPLANE(#4873);
#4875= IFCHALFSPACESOLID(#4874,.F.);
#4876= IFCBOOLEANCLIPPINGRESULT(.DIFFERENCE.,#4871,#4875);
#4877= IFCSHAPEREPRESENTATION(#12,'Body','Clipping',(#4876));
#4878= IFCPRODUCTDEFINITIONSHAPE($,$,(#4877));
#4879= IFCBEAM('3y2obR_DnAjgZm7GlHCz3G',#44,'main piece','IPE270','IPE270',#4868,#4878,'b/596(?)');
#4880= IFCLOCALPLACEMENT(#926,#931);
#4881= IFCSHAPEREPRESENTATION(#12,'Body','MappedRepresentation',(#3863,#3864,#3865));
#4882= IFCPRODUCTDEFINITIONSHAPE($,$,(#4881));
#4883= IFCOPENINGELEMENT('09WZbIvH57HQGxpin70Jon',#5,$,$,'Opening',#4880,#4882,$);
#4884= IFCRELVOIDSELEMENT('16ZhsGNkj2JgvSt3KnF9KJ',#5,'Drill Hole',$,#4879,#4883);
#4885= IFCPROPERTYSINGLEVALUE('IndicationMark',$,IFCIDENTIFIER('b/596(?)'),$);
#4886= IFCPROPERTYSET('1UpEI4DM1AlvqT0Ge$pIS1',#5,'AISC_EM11_Pset_PieceIdentification','PieceIdentity',(#1229,#4885,#1231,#1232));
#4887= IFCLOCALPLACEMENT(#42,#10);
#4888= IFCELEMENTASSEMBLY('3T_z122Jb7OBN9XYwohLn1',#3728,'BEAM',$,$,#4887,$,'B/660',.NOTDEFINED.,.RIGID_FRAME.);
#4889= IFCCARTESIANPOINT((37103.0060882568,18992.3695246106,60714.9981994629));
#4890= IFCAXIS2PLACEMENT3D(#4889,#9,#8);
#4891= IFCLOCALPLACEMENT(#4887,#4890);
#4892= IFCCARTESIANPOINT((574.499130249023,0.,0.));
#4893= IFCAXIS2PLACEMENT3D(#4892,#675,#1222);
#4894= IFCEXTRUDEDAREASOLID(#3794,#4893,#9,574.5);
#4895= IFCSHAPEREPRESENTATION(#12,'Body','SweptSolid',(#4894));
#4896= IFCPRODUCTDEFINITIONSHAPE($,$,(#4895));
#4897= IFCBEAM('3_H8OYmUP52OYx407fCnrS',#3728,'main piece','IPE270','IPE270',#4891,#4896,'b/555');
#4898= IFCLOCALPLACEMENT(#42,#10);
#4899= IFCELEMENTASSEMBLY('0$WgvteszEkQOEpJAZTXgq',#3728,'BEAM',$,$,#4898,$,'B/660',.NOTDEFINED.,.RIGID_FRAME.);
#4900= IFCCARTESIANPOINT((35182.9621429443,18992.3695246106,60714.9981994629));
#4901= IFCAXIS2PLACEMENT3D(#4900,#9,#8);
#4902= IFCLOCALPLACEMENT(#4898,#4901);
#4903= IFCSHAPEREPRESENTATION(#12,'Body','SweptSolid',(#4894));
#4904= IFCPRODUCTDEFINITIONSHAPE($,$,(#4903));
#4905= IFCBEAM('1Lbs7UtfbFfQotLt17n4de',#3728,'main piece','IPE270','IPE270',#4902,#4904,'b/555');
#4906= IFCCARTESIANPOINT((34272.6895446777,19647.1193949109,60714.9981994629));
#4907= IFCAXIS2PLACEMENT3D(#4906,#9,#7);
#4908= IFCLOCALPLACEMENT(#1158,#4907);
#4909= IFCCARTESIANPOINT((3900.,0.,0.));
#4910= IFCAXIS2PLACEMENT3D(#4909,#675,#1222);
#4911= IFCEXTRUDEDAREASOLID(#3794,#4910,#9,3900.);
#4912= IFCCARTESIANPOINT((237.779656798812,60.0096055126814,-120.));
#4913= IFCAXIS2PLACEMENT3D(#4912,#4101,#9);
#4914= IFCPLANE(#4913);
#4915= IFCHALFSPACESOLID(#4914,.F.);
#4916= IFCBOOLEANCLIPPINGRESULT(.DIFFERENCE.,#4911,#4915);
#4917= IFCSHAPEREPRESENTATION(#12,'Body','Clipping',(#4916));
#4918= IFCPRODUCTDEFINITIONSHAPE($,$,(#4917));
#4919= IFCBEAM('34TI$s_aX97APts$XdkQzu',#44,'main piece','IPE270','IPE270',#4908,#4918,'b/554(?)');
#4920= IFCLOCALPLACEMENT(#1158,#1163);
#4921= IFCSHAPEREPRESENTATION(#12,'Body','MappedRepresentation',(#3813,#3814,#3815));
#4922= IFCPRODUCTDEFINITIONSHAPE($,$,(#4921));
#4923= IFCOPENINGELEMENT('0S3SnITeHDIhC8KBLlT0v$',#5,$,$,'Opening',#4920,#4922,$);
#4924= IFCRELVOIDSELEMENT('3cgXyxlRf2cBWd3NboWW1V',#5,'Drill Hole',$,#4919,#4923);
#4925= IFCPROPERTYSINGLEVALUE('IndicationMark',$,IFCIDENTIFIER('b/554(?)'),$);
#4926= IFCPROPERTYSET('1QLVOJRsT1wvbMFrPSUJpL',#5,'AISC_EM11_Pset_PieceIdentification','PieceIdentity',(#1229,#4925,#1231,#1232));
#4927= IFCPROPERTYSET('0k3ctI4Lf8feIlb$GB3L9w',#5,'AISC_EM11_Pset_SkewedEnd',$,(#1237,#3822));
#4928= IFCCARTESIANPOINT((34251.7010803223,18912.1187845593,60714.9981994629));
#4929= IFCAXIS2PLACEMENT3D(#4928,#9,#7);
#4930= IFCLOCALPLACEMENT(#1149,#4929);
#4931= IFCCARTESIANPOINT((3910.9001159668,0.,0.));
#4932= IFCAXIS2PLACEMENT3D(#4931,#675,#1222);
#4933= IFCEXTRUDEDAREASOLID(#3794,#4932,#9,3910.9);
#4934= IFCCARTESIANPOINT((258.76812115428,60.0096055126814,-120.));
#4935= IFCAXIS2PLACEMENT3D(#4934,#4101,#9);
#4936= IFCPLANE(#4935);
#4937= IFCHALFSPACESOLID(#4936,.F.);
#4938= IFCBOOLEANCLIPPINGRESULT(.DIFFERENCE.,#4933,#4937);
#4939= IFCSHAPEREPRESENTATION(#12,'Body','Clipping',(#4938));
#4940= IFCPRODUCTDEFINITIONSHAPE($,$,(#4939));
#4941= IFCBEAM('2JA616Ck146PsFRYsu2xSU',#44,'main piece','IPE270','IPE270',#4930,#4940,'b/553(?)');
#4942= IFCLOCALPLACEMENT(#1149,#1152);
#4943= IFCSHAPEREPRESENTATION(#12,'Body','MappedRepresentation',(#3813,#3814,#3815));
#4944= IFCPRODUCTDEFINITIONSHAPE($,$,(#4943));
#4945= IFCOPENINGELEMENT('0yF6YkrtH9HfgnhwPK8XtV',#5,$,$,'Opening',#4942,#4944,$);
#4946= IFCRELVOIDSELEMENT('3MJveCdbX56QCExGDdrK3I',#5,'Drill Hole',$,#4941,#4945);
#4947= IFCCARTESIANPOINT((36117.8052062988,18011.3953272229,60714.9981994629));
#4948= IFCAXIS2PLACEMENT3D(#4947,#9,#8);
#4949= IFCLOCALPLACEMENT(#587,#4948);
#4950= IFCCARTESIANPOINT((820.499420166016,0.,0.));
#4951= IFCAXIS2PLACEMENT3D(#4950,#675,#1222);
#4952= IFCEXTRUDEDAREASOLID(#3794,#4951,#9,820.5);
#4953= IFCCARTESIANPOINT((2.43125306065485,31.7051351811097,-120.));
#4954= IFCAXIS2PLACEMENT3D(#4953,#4738,#9);
#4955= IFCPLANE(#4954);
#4956= IFCHALFSPACESOLID(#4955,.F.);
#4957= IFCBOOLEANCLIPPINGRESULT(.DIFFERENCE.,#4952,#4956);
#4958= IFCSHAPEREPRESENTATION(#12,'Body','Clipping',(#4957));
#4959= IFCPRODUCTDEFINITIONSHAPE($,$,(#4958));
#4960= IFCBEAM('1F5Ie0mlzFi9f5hsKkfKDx',#44,'main piece','IPE270','IPE270',#4949,#4959,'b/552(?)');
#4961= IFCLOCALPLACEMENT(#587,#592);
#4962= IFCSHAPEREPRESENTATION(#12,'Body','MappedRepresentation',(#4718,#4719,#4720));
#4963= IFCPRODUCTDEFINITIONSHAPE($,$,(#4962));
#4964= IFCOPENINGELEMENT('2YJJnaNef3$Ov0CAV3vMBW',#5,$,$,'Opening',#4961,#4963,$);
#4965= IFCRELVOIDSELEMENT('0sx6Ua9Cr1IQ0ZYNHiNCEQ',#5,'Drill Hole',$,#4960,#4964);
#4966= IFCPROPERTYSINGLEVALUE('IndicationMark',$,IFCIDENTIFIER('b/552(?)'),$);
#4967= IFCPROPERTYSET('3dEqJxa5XBN8WHJJGKwkSb',#5,'AISC_EM11_Pset_PieceIdentification','PieceIdentity',(#1229,#4966,#1231,#1232));
#4968= IFCPROPERTYSINGLEVALUE('SkewedAngleX',$,IFCREAL(3.16717),$);
#4969= IFCPROPERTYSET('1zyjZs5QbEpurte_MkDnCE',#5,'AISC_EM11_Pset_SkewedEnd',$,(#1237,#4968));
#4970= IFCLOCALPLACEMENT(#42,#10);
#4971= IFCELEMENTASSEMBLY('17yAdwLJ92DfwL7jJZBG8c',#3728,'BEAM',$,$,#4970,$,'B/618',.NOTDEFINED.,.RIGID_FRAME.);
#4972= IFCPROPERTYSINGLEVALUE('AssemblyMark',$,IFCIDENTIFIER('B/618'),$);
#4973= IFCPROPERTYSET('0IrF6_Hs18geR0x21ZSGxq',#5,'AISC_EM11_Pset_AssemblyIdentification','AssemblyIdentity',(#4972,#52,#53));
#4974= IFCCARTESIANPOINT((17144.9944610596,17380.1321526889,60699.9981994629));
#4975= IFCAXIS2PLACEMENT3D(#4974,#9,#7);
#4976= IFCLOCALPLACEMENT(#4970,#4975);
#4977= IFCCARTESIANPOINT((5879.9991607666,0.,0.));
#4978= IFCAXIS2PLACEMENT3D(#4977,#675,#1222);
#4979= IFCEXTRUDEDAREASOLID(#4010,#4978,#9,5880.);
#4980= IFCSHAPEREPRESENTATION(#12,'Body','SweptSolid',(#4979));
#4981= IFCPRODUCTDEFINITIONSHAPE($,$,(#4980));
#4982= IFCBEAM('0bnxVarzzEQRMVJBpz4p8B',#3728,'main piece','IPE300','IPE300',#4976,#4981,'b/513');
#4983= IFCPROPERTYSINGLEVALUE('IndicationMark',$,IFCIDENTIFIER('b/513'),$);
#4984= IFCPROPERTYSET('3dA_Uavjf7NeiuCukCW6qU',#5,'AISC_EM11_Pset_PieceIdentification','PieceIdentity',(#1229,#4983,#1231,#1232));
#4985= IFCLOCALPLACEMENT(#42,#10);
#4986= IFCELEMENTASSEMBLY('0buWo7fFn64PjQERP6cWrz',#3728,'BEAM',$,$,#4985,$,'B/649',.NOTDEFINED.,.RIGID_FRAME.);
#4987= IFCPROPERTYSINGLEVALUE('AssemblyMark',$,IFCIDENTIFIER('B/649'),$);
#4988= IFCPROPERTYSET('32Kw9$Csf9XusvrkQcX$L9',#5,'AISC_EM11_Pset_AssemblyIdentification','AssemblyIdentity',(#4987,#52,#53));
#4989= IFCCARTESIANPOINT((37110.3016967773,4299.08843244356,60729.9981994629));
#4990= IFCAXIS2PLACEMENT3D(#4989,#9,#8);
#4991= IFCLOCALPLACEMENT(#4985,#4990);
#4992= IFCCARTESIANPOINT((309.99755859375,0.,0.));
#4993= IFCAXIS2PLACEMENT3D(#4992,#675,#1222);
#4994= IFCEXTRUDEDAREASOLID(#3764,#4993,#9,310.);
#4995= IFCSHAPEREPRESENTATION(#12,'Body','SweptSolid',(#4994));
#4996= IFCPRODUCTDEFINITIONSHAPE($,$,(#4995));
#4997= IFCBEAM('3oyRmCOUHEmRBH0yGA5vWn',#3728,'main piece','IPE240','IPE240',#4991,#4996,'b/544');
#4998= IFCPROPERTYSINGLEVALUE('IndicationMark',$,IFCIDENTIFIER('b/544'),$);
#4999= IFCPROPERTYSET('2ie3CXD$50yRU28YIXAVDe',#5,'AISC_EM11_Pset_PieceIdentification','PieceIdentity',(#1229,#4998,#1231,#1232));
#5000= IFCLOCALPLACEMENT(#42,#10);
#5001= IFCELEMENTASSEMBLY('1Udm4fq3z0iPaSgfPvX$wQ',#3728,'BEAM',$,$,#5000,$,'B/646',.NOTDEFINED.,.RIGID_FRAME.);
#5002= IFCPROPERTYSINGLEVALUE('AssemblyMark',$,IFCIDENTIFIER('B/646'),$);
#5003= IFCPROPERTYSET('1xi7jYjCr8iuNRw6gg384f',#5,'AISC_EM11_Pset_AssemblyIdentification','AssemblyIdentity',(#5002,#52,#53));
#5004= IFCCARTESIANPOINT((38169.8491210938,4689.08639158052,60729.9981994629));
#5005= IFCAXIS2PLACEMENT3D(#5004,#9,#675);
#5006= IFCLOCALPLACEMENT(#5000,#5005);
#5007= IFCCARTESIANPOINT((1967.00286865234,0.,0.));
#5008= IFCAXIS2PLACEMENT3D(#5007,#675,#1222);
#5009= IFCEXTRUDEDAREASOLID(#3764,#5008,#9,1967.);
#5010= IFCSHAPEREPRESENTATION(#12,'Body','SweptSolid',(#5009));
#5011= IFCPRODUCTDEFINITIONSHAPE($,$,(#5010));
#5012= IFCBEAM('2ooUDxpq15PvKG$xkTWZHt',#3728,'main piece','IPE240','IPE240',#5006,#5011,'b/541');
#5013= IFCPROPERTYSINGLEVALUE('IndicationMark',$,IFCIDENTIFIER('b/541'),$);
#5014= IFCPROPERTYSET('2s5fmpR5f7$ulG7AOGy30V',#5,'AISC_EM11_Pset_PieceIdentification','PieceIdentity',(#1229,#5013,#1231,#1232));
#5015= IFCLOCALPLACEMENT(#42,#10);
#5016= IFCELEMENTASSEMBLY('160YZvvpv8axxOGnD7Pwxd',#3728,'BEAM',$,$,#5015,$,'B/645',.NOTDEFINED.,.RIGID_FRAME.);
#5017= IFCPROPERTYSINGLEVALUE('AssemblyMark',$,IFCIDENTIFIER('B/645'),$);
#5018= IFCPROPERTYSET('1QPf6g2Pn8sBMEnX$EazcZ',#5,'AISC_EM11_Pset_AssemblyIdentification','AssemblyIdentity',(#5017,#52,#53));
#5019= IFCCARTESIANPOINT((38169.8491210938,4219.0885087375,60729.9981994629));
#5020= IFCAXIS2PLACEMENT3D(#5019,#9,#675);
#5021= IFCLOCALPLACEMENT(#5015,#5020);
#5022= IFCCARTESIANPOINT((1950.,0.,0.));
#5023= IFCAXIS2PLACEMENT3D(#5022,#675,#1222);
#5024= IFCEXTRUDEDAREASOLID(#3764,#5023,#9,1950.);
#5025= IFCSHAPEREPRESENTATION(#12,'Body','SweptSolid',(#5024));
#5026= IFCPRODUCTDEFINITIONSHAPE($,$,(#5025));
#5027= IFCBEAM('2kpfJPMWb3kvwmkaC9azjV',#3728,'main piece','IPE240','IPE240',#5021,#5026,'b/540');
#5028= IFCPROPERTYSINGLEVALUE('IndicationMark',$,IFCIDENTIFIER('b/540'),$);
#5029= IFCPROPERTYSET('0j1sZeZnjCLvs7_K$T4Ve5',#5,'AISC_EM11_Pset_PieceIdentification','PieceIdentity',(#1229,#5028,#1231,#1232));
#5030= IFCCARTESIANPOINT((34293.2850952148,4689.44878782075,60729.9981994629));
#5031= IFCAXIS2PLACEMENT3D(#5030,#9,#7);
#5032= IFCLOCALPLACEMENT(#1191,#5031);
#5033= IFCCARTESIANPOINT((1774.52087402344,0.,0.));
#5034= IFCAXIS2PLACEMENT3D(#5033,#675,#1222);
#5035= IFCEXTRUDEDAREASOLID(#3764,#5034,#9,1774.52);
#5036= IFCCARTESIANPOINT((217.184106261702,60.0096055126814,-120.));
#5037= IFCAXIS2PLACEMENT3D(#5036,#4101,#9);
#5038= IFCPLANE(#5037);
#5039= IFCHALFSPACESOLID(#5038,.F.);
#5040= IFCBOOLEANCLIPPINGRESULT(.DIFFERENCE.,#5035,#5039);
#5041= IFCSHAPEREPRESENTATION(#12,'Body','Clipping',(#5040));
#5042= IFCPRODUCTDEFINITIONSHAPE($,$,(#5041));
#5043= IFCBEAM('1oHgg2k$T3pBouP91c5TqP',#44,'main piece','IPE240','IPE240',#5032,#5042,'b/548(?)');
#5044= IFCLOCALPLACEMENT(#1191,#1196);
#5045= IFCCARTESIANPOINT((0.,-3.19999990846154,0.));
#5046= IFCAXIS2PLACEMENT3D(#5045,#8,#7);
#5047= IFCEXTRUDEDAREASOLID(#1934,#5046,#9,6.4);
#5048= IFCSHAPEREPRESENTATION(#12,'Body','SweptSolid',(#5047));
#5049= IFCREPRESENTATIONMAP(#10,#5048);
#5050= IFCMAPPEDITEM(#5049,#86);
#5051= IFCMAPPEDITEM(#5049,#91);
#5052= IFCMAPPEDITEM(#5049,#94);
#5053= IFCSHAPEREPRESENTATION(#12,'Body','MappedRepresentation',(#5050,#5051,#5052));
#5054= IFCPRODUCTDEFINITIONSHAPE($,$,(#5053));
#5055= IFCOPENINGELEMENT('0oBO1yuAr4q8I3Vj5qzMLu',#5,$,$,'Opening',#5044,#5054,$);
#5056= IFCRELVOIDSELEMENT('0wi9g_qFfCQuZ8wlfq6Pn9',#5,'Drill Hole',$,#5043,#5055);
#5057= IFCPROPERTYSINGLEVALUE('IndicationMark',$,IFCIDENTIFIER('b/548(?)'),$);
#5058= IFCPROPERTYSET('2hVO9XhNn0AAUZCN_oQ2V0',#5,'AISC_EM11_Pset_PieceIdentification','PieceIdentity',(#1229,#5057,#1231,#1232));
#5059= IFCCARTESIANPOINT((34304.5804138184,4219.08660138887,60729.9981994629));
#5060= IFCAXIS2PLACEMENT3D(#5059,#9,#7);
#5061= IFCLOCALPLACEMENT(#1202,#5060);
#5062= IFCCARTESIANPOINT((1763.22555541992,0.,0.));
#5063= IFCAXIS2PLACEMENT3D(#5062,#675,#1222);
#5064= IFCEXTRUDEDAREASOLID(#3764,#5063,#9,1763.23);
#5065= IFCCARTESIANPOINT((205.888787658187,60.0096055126814,-120.));
#5066= IFCAXIS2PLACEMENT3D(#5065,#4101,#9);
#5067= IFCPLANE(#5066);
#5068= IFCHALFSPACESOLID(#5067,.F.);
#5069= IFCBOOLEANCLIPPINGRESULT(.DIFFERENCE.,#5064,#5068);
#5070= IFCSHAPEREPRESENTATION(#12,'Body','Clipping',(#5069));
#5071= IFCPRODUCTDEFINITIONSHAPE($,$,(#5070));
#5072= IFCBEAM('16tNIDnMb61xjD6QeFOehQ',#44,'main piece','IPE240','IPE240',#5061,#5071,'b/546(?)');
#5073= IFCLOCALPLACEMENT(#1202,#1207);
#5074= IFCSHAPEREPRESENTATION(#12,'Body','MappedRepresentation',(#5050,#5051,#5052));
#5075= IFCPRODUCTDEFINITIONSHAPE($,$,(#5074));
#5076= IFCOPENINGELEMENT('1qyKrBMeT2khV1sAFydK6p',#5,$,$,'Opening',#5073,#5075,$);
#5077= IFCRELVOIDSELEMENT('3R$hp_N5T2xxAycSp_EiQM',#5,'Drill Hole',$,#5072,#5076);
#5078= IFCPROPERTYSINGLEVALUE('IndicationMark',$,IFCIDENTIFIER('b/546(?)'),$);
#5079= IFCPROPERTYSET('33LRR658H6bO5XxlfesqGs',#5,'AISC_EM11_Pset_PieceIdentification','PieceIdentity',(#1229,#5078,#1231,#1232));
#5080= IFCCARTESIANPOINT((78913.0360717755,5942.54870607831,60714.9981994629));
#5081= IFCAXIS2PLACEMENT3D(#5080,#9,#7);
#5082= IFCLOCALPLACEMENT(#652,#5081);
#5083= IFCCARTESIANPOINT((968.3113098168,-9.09494701772928E-13,1.45519152283669E-11));
#5084= IFCAXIS2PLACEMENT3D(#5083,#675,#1222);
#5085= IFCEXTRUDEDAREASOLID(#3794,#5084,#9,968.31);
#5086= IFCCARTESIANPOINT((397.615652370572,60.0090618694167,-119.999999999985));
#5087= IFCAXIS2PLACEMENT3D(#5086,#4101,#9);
#5088= IFCPLANE(#5087);
#5089= IFCHALFSPACESOLID(#5088,.F.);
#5090= IFCBOOLEANCLIPPINGRESULT(.DIFFERENCE.,#5085,#5089);
#5091= IFCSHAPEREPRESENTATION(#12,'Body','Clipping',(#5090));
#5092= IFCPRODUCTDEFINITIONSHAPE($,$,(#5091));
#5093= IFCBEAM('1lPMB0MQbDmfBvNuoEQWbB',#44,'main piece','IPE270','IPE270',#5082,#5092,'b/508(?)');
#5094= IFCLOCALPLACEMENT(#652,#655);
#5095= IFCCARTESIANPOINT((0.,-3.39940355925864,0.));
#5096= IFCAXIS2PLACEMENT3D(#5095,#8,#7);
#5097= IFCEXTRUDEDAREASOLID(#1934,#5096,#9,6.8);
#5098= IFCSHAPEREPRESENTATION(#12,'Body','SweptSolid',(#5097));
#5099= IFCREPRESENTATIONMAP(#10,#5098);
#5100= IFCMAPPEDITEM(#5099,#86);
#5101= IFCMAPPEDITEM(#5099,#91);
#5102= IFCMAPPEDITEM(#5099,#94);
#5103= IFCSHAPEREPRESENTATION(#12,'Body','MappedRepresentation',(#5100,#5101,#5102));
#5104= IFCPRODUCTDEFINITIONSHAPE($,$,(#5103));
#5105= IFCOPENINGELEMENT('2pFCVqBa5Clw$7xvtSLeF5',#5,$,$,'Opening',#5094,#5104,$);
#5106= IFCRELVOIDSELEMENT('3Uwc7kbQb3SxqFK6ZP3Hpw',#5,'Drill Hole',$,#5093,#5105);
#5107= IFCPROPERTYSINGLEVALUE('SkewedAngleX',$,IFCREAL(-0.00102),$);
#5108= IFCPROPERTYSET('2X8U5PxFr4d8Tp1xhVv7gC',#5,'AISC_EM11_Pset_SkewedEnd',$,(#1237,#5107));
#5109= IFCLOCALPLACEMENT(#42,#10);
#5110= IFCELEMENTASSEMBLY('1_eqNSVHHBFOpiSEp5KyFO',#3728,'BEAM',$,$,#5109,$,'B/649',.NOTDEFINED.,.RIGID_FRAME.);
#5111= IFCCARTESIANPOINT((64890.3004760742,4299.13754667085,60729.9981994629));
#5112= IFCAXIS2PLACEMENT3D(#5111,#9,#8);
#5113= IFCLOCALPLACEMENT(#5109,#5112);
#5114= IFCSHAPEREPRESENTATION(#12,'Body','SweptSolid',(#4994));
#5115= IFCPRODUCTDEFINITIONSHAPE($,$,(#5114));
#5116= IFCBEAM('0F7RrDOHTEGwsy8VJ612V2',#3728,'main piece','IPE240','IPE240',#5113,#5115,'b/544');
#5117= IFCCARTESIANPOINT((65952.4113769531,4689.50457776826,60729.9981994629));
#5118= IFCAXIS2PLACEMENT3D(#5117,#9,#7);
#5119= IFCLOCALPLACEMENT(#1138,#5118);
#5120= IFCCARTESIANPOINT((1754.50134277344,0.,0.));
#5121= IFCAXIS2PLACEMENT3D(#5120,#675,#1222);
#5122= IFCEXTRUDEDAREASOLID(#3764,#5121,#9,1754.5);
#5123= IFCCARTESIANPOINT((1537.11942157033,-60.0096055126742,-120.));
#5124= IFCAXIS2PLACEMENT3D(#5123,#3798,#9);
#5125= IFCPLANE(#5124);
#5126= IFCHALFSPACESOLID(#5125,.F.);
#5127= IFCBOOLEANCLIPPINGRESULT(.DIFFERENCE.,#5122,#5126);
#5128= IFCSHAPEREPRESENTATION(#12,'Body','Clipping',(#5127));
#5129= IFCPRODUCTDEFINITIONSHAPE($,$,(#5128));
#5130= IFCBEAM('2zCr24U2HApxLPYbSkFApn',#44,'main piece','IPE240','IPE240',#5119,#5129,'b/543(?)');
#5131= IFCLOCALPLACEMENT(#1138,#1143);
#5132= IFCSHAPEREPRESENTATION(#12,'Body','MappedRepresentation',(#5050,#5051,#5052));
#5133= IFCPRODUCTDEFINITIONSHAPE($,$,(#5132));
#5134= IFCOPENINGELEMENT('0SeyXIlzX6Ehz9_OuOlV1v',#5,$,$,'Opening',#5131,#5133,$);
#5135= IFCRELVOIDSELEMENT('3sBJ7YmTL5D8p$xzSiyZuM',#5,'Drill Hole',$,#5130,#5134);
#5136= IFCPROPERTYSINGLEVALUE('IndicationMark',$,IFCIDENTIFIER('b/543(?)'),$);
#5137= IFCPROPERTYSET('0dlXpdWSf1gRCNqROV0T48',#5,'AISC_EM11_Pset_PieceIdentification','PieceIdentity',(#1229,#5136,#1231,#1232));
#5138= IFCCARTESIANPOINT((65952.4037475586,4219.50526441377,60729.9981994629));
#5139= IFCAXIS2PLACEMENT3D(#5138,#9,#7);
#5140= IFCLOCALPLACEMENT(#1116,#5139);
#5141= IFCCARTESIANPOINT((1741.10412597656,0.,0.));
#5142= IFCAXIS2PLACEMENT3D(#5141,#675,#1222);
#5143= IFCEXTRUDEDAREASOLID(#3764,#5142,#9,1741.1);
#5144= IFCCARTESIANPOINT((1537.12705096486,-60.0096055126742,-120.));
#5145= IFCAXIS2PLACEMENT3D(#5144,#3798,#9);
#5146= IFCPLANE(#5145);
#5147= IFCHALFSPACESOLID(#5146,.F.);
#5148= IFCBOOLEANCLIPPINGRESULT(.DIFFERENCE.,#5143,#5147);
#5149= IFCSHAPEREPRESENTATION(#12,'Body','Clipping',(#5148));
#5150= IFCPRODUCTDEFINITIONSHAPE($,$,(#5149));
#5151= IFCBEAM('1WHQrh0$X4Tx$3kqs9PvuN',#44,'main piece','IPE240','IPE240',#5140,#5150,'b/542(?)');
#5152= IFCLOCALPLACEMENT(#1116,#1121);
#5153= IFCSHAPEREPRESENTATION(#12,'Body','MappedRepresentation',(#5050,#5051,#5052));
#5154= IFCPRODUCTDEFINITIONSHAPE($,$,(#5153));
#5155= IFCOPENINGELEMENT('3mzmxScrL5CvnByTAxBN1k',#5,$,$,'Opening',#5152,#5154,$);
#5156= IFCRELVOIDSELEMENT('2YFfxI4az0fe9rJ1tmesRX',#5,'Drill Hole',$,#5151,#5155);
#5157= IFCPROPERTYSINGLEVALUE('IndicationMark',$,IFCIDENTIFIER('b/542(?)'),$);
#5158= IFCPROPERTYSET('1yRM1FQff8k9mPL3zAY1Cq',#5,'AISC_EM11_Pset_PieceIdentification','PieceIdentity',(#1229,#5157,#1231,#1232));
#5159= IFCLOCALPLACEMENT(#42,#10);
#5160= IFCELEMENTASSEMBLY('0WFK9AS3nAAe4rbaU$As_r',#3728,'BEAM',$,$,#5159,$,'B/646',.NOTDEFINED.,.RIGID_FRAME.);
#5161= IFCCARTESIANPOINT((65797.7940673828,4689.13550580782,60729.9981994629));
#5162= IFCAXIS2PLACEMENT3D(#5161,#9,#675);
#5163= IFCLOCALPLACEMENT(#5159,#5162);
#5164= IFCCARTESIANPOINT((1967.49877929688,0.,0.));
#5165= IFCAXIS2PLACEMENT3D(#5164,#675,#1222);
#5166= IFCEXTRUDEDAREASOLID(#3764,#5165,#9,1967.5);
#5167= IFCSHAPEREPRESENTATION(#12,'Body','SweptSolid',(#5166));
#5168= IFCPRODUCTDEFINITIONSHAPE($,$,(#5167));
#5169= IFCBEAM('2liPnR7sb5ExjZT9694pAA',#3728,'main piece','IPE240','IPE240',#5163,#5168,'b/541');
#5170= IFCLOCALPLACEMENT(#42,#10);
#5171= IFCELEMENTASSEMBLY('12xowB$IH4sPpwnu46yrGS',#3728,'BEAM',$,$,#5170,$,'B/645',.NOTDEFINED.,.RIGID_FRAME.);
#5172= IFCCARTESIANPOINT((63830.2952880859,4219.13714612764,60729.9981994629));
#5173= IFCAXIS2PLACEMENT3D(#5172,#9,#7);
#5174= IFCLOCALPLACEMENT(#5170,#5173);
#5175= IFCSHAPEREPRESENTATION(#12,'Body','SweptSolid',(#5024));
#5176= IFCPRODUCTDEFINITIONSHAPE($,$,(#5175));
#5177= IFCBEAM('3233HqlCjBWf8ex_z8mpu2',#3728,'main piece','IPE240','IPE240',#5174,#5176,'b/540');
#5178= IFCLOCALPLACEMENT(#42,#10);
#5179= IFCELEMENTASSEMBLY('0bzCf6msDF4fKWhW$xZZko',#3728,'BEAM',$,$,#5178,$,'B/617',.NOTDEFINED.,.RIGID_FRAME.);
#5180= IFCPROPERTYSINGLEVALUE('AssemblyMark',$,IFCIDENTIFIER('B/617'),$);
#5181= IFCPROPERTYSET('0YVkj5N2b6Ffdv5OKPvSpy',#5,'AISC_EM11_Pset_AssemblyIdentification','AssemblyIdentity',(#5180,#52,#53));
#5182= IFCCARTESIANPOINT((84607.9327697754,17475.2058526401,60684.9981994629));
#5183= IFCAXIS2PLACEMENT3D(#5182,#9,#603);
#5184= IFCLOCALPLACEMENT(#5178,#5183);
#5185= IFCCARTESIANPOINT((7127.30789185795,0.,-7.27595761418343E-12));
#5186= IFCAXIS2PLACEMENT3D(#5185,#675,#1222);
#5187= IFCEXTRUDEDAREASOLID(#3719,#5186,#9,7127.31);
#5188= IFCSHAPEREPRESENTATION(#12,'Body','SweptSolid',(#5187));
#5189= IFCPRODUCTDEFINITIONSHAPE($,$,(#5188));
#5190= IFCBEAM('03ncXE0bPD9QUhjdYmuzEK',#3728,'main piece','IPE330','IPE330',#5184,#5189,'b/512');
#5191= IFCPROPERTYSINGLEVALUE('IndicationMark',$,IFCIDENTIFIER('b/512'),$);
#5192= IFCPROPERTYSET('1IzdoIi0PCcfCm4cp9B2$k',#5,'AISC_EM11_Pset_PieceIdentification','PieceIdentity',(#1229,#5191,#1231,#1232));
#5193= IFCLOCALPLACEMENT(#42,#10);
#5194= IFCELEMENTASSEMBLY('2GyUylXtz5tgotKltMETDc',#3728,'BEAM',$,$,#5193,$,'B/749',.NOTDEFINED.,.RIGID_FRAME.);
#5195= IFCPROPERTYSINGLEVALUE('AssemblyMark',$,IFCIDENTIFIER('B/749'),$);
#5196= IFCPROPERTYSET('0xxbdPeuL64B_VS$RvKXsE',#5,'AISC_EM11_Pset_AssemblyIdentification','AssemblyIdentity',(#5195,#52,#53));
#5197= IFCCARTESIANPOINT((84607.9403991699,8215.19608701509,60684.9981994629));
#5198= IFCAXIS2PLACEMENT3D(#5197,#9,#8);
#5199= IFCLOCALPLACEMENT(#5193,#5198);
#5200= IFCCARTESIANPOINT((9070.00923157629,0.,-7.27595761418343E-12));
#5201= IFCAXIS2PLACEMENT3D(#5200,#675,#1222);
#5202= IFCEXTRUDEDAREASOLID(#3719,#5201,#9,9070.01);
#5203= IFCSHAPEREPRESENTATION(#12,'Body','SweptSolid',(#5202));
#5204= IFCPRODUCTDEFINITIONSHAPE($,$,(#5203));
#5205= IFCBEAM('248zI4cOf1Tvqt39YxbSfn',#3728,'main piece','IPE330','IPE330',#5199,#5204,'b/644');
#5206= IFCPROPERTYSINGLEVALUE('IndicationMark',$,IFCIDENTIFIER('b/644'),$);
#5207= IFCPROPERTYSET('2WZkmo6DfCHPxAjnIRZC4s',#5,'AISC_EM11_Pset_PieceIdentification','PieceIdentity',(#1229,#5206,#1231,#1232));
#5208= IFCLOCALPLACEMENT(#42,#10);
#5209= IFCELEMENTASSEMBLY('0PBfiwjB19jBQ$gtDfHg2U',#3728,'BEAM',$,$,#5208,$,'B/640',.NOTDEFINED.,.RIGID_FRAME.);
#5210= IFCPROPERTYSINGLEVALUE('AssemblyMark',$,IFCIDENTIFIER('B/640'),$);
#5211= IFCPROPERTYSET('2lG6bEOnPFywzxhy4lOysD',#5,'AISC_EM11_Pset_AssemblyIdentification','AssemblyIdentity',(#5210,#52,#53));
#5212= IFCCARTESIANPOINT((84607.9442138672,897.958233011184,60684.9981994629));
#5213= IFCAXIS2PLACEMENT3D(#5212,#9,#8);
#5214= IFCLOCALPLACEMENT(#5208,#5213);
#5215= IFCCARTESIANPOINT((7150.,0.,0.));
#5216= IFCAXIS2PLACEMENT3D(#5215,#675,#1222);
#5217= IFCEXTRUDEDAREASOLID(#3719,#5216,#9,7150.);
#5218= IFCSHAPEREPRESENTATION(#12,'Body','SweptSolid',(#5217));
#5219= IFCPRODUCTDEFINITIONSHAPE($,$,(#5218));
#5220= IFCBEAM('1f8phLJmvEWOWfUacZMNnw',#3728,'main piece','IPE330','IPE330',#5214,#5219,'b/535');
#5221= IFCPROPERTYSINGLEVALUE('IndicationMark',$,IFCIDENTIFIER('b/535'),$);
#5222= IFCPROPERTYSET('3U5yHeCxz9OflZQn3TsdB9',#5,'AISC_EM11_Pset_PieceIdentification','PieceIdentity',(#1229,#5221,#1231,#1232));
#5223= IFCLOCALPLACEMENT(#42,#10);
#5224= IFCELEMENTASSEMBLY('2TB8xfCCL8S8bVxAU8HVn6',#3728,'BEAM',$,$,#5223,$,'B/639',.NOTDEFINED.,.RIGID_FRAME.);
#5225= IFCPROPERTYSINGLEVALUE('AssemblyMark',$,IFCIDENTIFIER('B/639'),$);
#5226= IFCPROPERTYSET('32NY7fJQX289xnHYFkCgTQ',#5,'AISC_EM11_Pset_AssemblyIdentification','AssemblyIdentity',(#5225,#52,#53));
#5227= IFCCARTESIANPOINT((82700.2865905762,17285.2042708436,60714.9981994629));
#5228= IFCAXIS2PLACEMENT3D(#5227,#9,#1222);
#5229= IFCLOCALPLACEMENT(#5223,#5228);
#5230= IFCCARTESIANPOINT((9085.205078125,0.,0.));
#5231= IFCAXIS2PLACEMENT3D(#5230,#675,#1222);
#5232= IFCEXTRUDEDAREASOLID(#3794,#5231,#9,9085.21);
#5233= IFCSHAPEREPRESENTATION(#12,'Body','SweptSolid',(#5232));
#5234= IFCPRODUCTDEFINITIONSHAPE($,$,(#5233));
#5235= IFCBEAM('24wrmpd$XCZ9h2t38zBJj4',#3728,'main piece','IPE270','IPE270',#5229,#5234,'b/534');
#5236= IFCPROPERTYSINGLEVALUE('IndicationMark',$,IFCIDENTIFIER('b/534'),$);
#5237= IFCPROPERTYSET('1$ts0q4rz12RmP$me1G1V5',#5,'AISC_EM11_Pset_PieceIdentification','PieceIdentity',(#1229,#5236,#1231,#1232));
#5238= IFCLOCALPLACEMENT(#42,#10);
#5239= IFCELEMENTASSEMBLY('3zTMlwyFH7Fwd_DWx2npgI',#3728,'BEAM',$,$,#5238,$,'B/638',.NOTDEFINED.,.RIGID_FRAME.);
#5240= IFCPROPERTYSINGLEVALUE('AssemblyMark',$,IFCIDENTIFIER('B/638'),$);
#5241= IFCPROPERTYSET('10xllsYif30QwcCTQkP1ii',#5,'AISC_EM11_Pset_AssemblyIdentification','AssemblyIdentity',(#5240,#52,#53));
#5242= IFCCARTESIANPOINT((80800.2850646973,8215.19503927623,60714.9981994629));
#5243= IFCAXIS2PLACEMENT3D(#5242,#9,#8);
#5244= IFCLOCALPLACEMENT(#5238,#5243);
#5245= IFCEXTRUDEDAREASOLID(#3794,#5201,#9,9070.01);
#5246= IFCSHAPEREPRESENTATION(#12,'Body','SweptSolid',(#5245));
#5247= IFCPRODUCTDEFINITIONSHAPE($,$,(#5246));
#5248= IFCBEAM('29juwCzg54ogXoHHHIICYq',#3728,'main piece','IPE270','IPE270',#5244,#5247,'b/533');
#5249= IFCPROPERTYSINGLEVALUE('IndicationMark',$,IFCIDENTIFIER('b/533'),$);
#5250= IFCPROPERTYSET('3soTRgWyj3a8dnUsK6ah3S',#5,'AISC_EM11_Pset_PieceIdentification','PieceIdentity',(#1229,#5249,#1231,#1232));
#5251= IFCLOCALPLACEMENT(#42,#10);
#5252= IFCELEMENTASSEMBLY('3N1fjj1JTEIeWezfC0NMqk',#3728,'BEAM',$,$,#5251,$,'B/747',.NOTDEFINED.,.RIGID_FRAME.);
#5253= IFCPROPERTYSINGLEVALUE('AssemblyMark',$,IFCIDENTIFIER('B/747'),$);
#5254= IFCPROPERTYSET('3Hgf$QyxvFNAV8V_eX2T_Q',#5,'AISC_EM11_Pset_AssemblyIdentification','AssemblyIdentity',(#5253,#52,#53));
#5255= IFCCARTESIANPOINT((82700.2865905762,897.956708435171,60714.9981994629));
#5256= IFCAXIS2PLACEMENT3D(#5255,#9,#8);
#5257= IFCLOCALPLACEMENT(#5251,#5256);
#5258= IFCCARTESIANPOINT((7127.23970413208,0.,0.));
#5259= IFCAXIS2PLACEMENT3D(#5258,#675,#1222);
#5260= IFCEXTRUDEDAREASOLID(#3794,#5259,#9,7127.24);
#5261= IFCSHAPEREPRESENTATION(#12,'Body','SweptSolid',(#5260));
#5262= IFCPRODUCTDEFINITIONSHAPE($,$,(#5261));
#5263= IFCBEAM('0M8QAVfQ9EIfu2t1P2FnD5',#3728,'main piece','IPE270','IPE270',#5257,#5262,'b/642');
#5264= IFCPROPERTYSINGLEVALUE('IndicationMark',$,IFCIDENTIFIER('b/642'),$);
#5265= IFCPROPERTYSET('2PKCKVqb50zfwfako1ABVe',#5,'AISC_EM11_Pset_PieceIdentification','PieceIdentity',(#1229,#5264,#1231,#1232));
#5266= IFCLOCALPLACEMENT(#42,#10);
#5267= IFCELEMENTASSEMBLY('2cdZG4P1L8Ugfg90N2$L_H',#3728,'BEAM',$,$,#5266,$,'B/612',.NOTDEFINED.,.RIGID_FRAME.);
#5268= IFCPROPERTYSINGLEVALUE('AssemblyMark',$,IFCIDENTIFIER('B/612'),$);
#5269= IFCPROPERTYSET('0j4CtcDaf5buQKZ2gDQha$',#5,'AISC_EM11_Pset_AssemblyIdentification','AssemblyIdentity',(#5268,#52,#53));
#5270= IFCCARTESIANPOINT((81705.1274414063,817.720844400345,60714.9981994629));
#5271= IFCAXIS2PLACEMENT3D(#5270,#9,#7);
#5272= IFCLOCALPLACEMENT(#5266,#5271);
#5273= IFCCARTESIANPOINT((3150.0244140625,0.,0.));
#5274= IFCAXIS2PLACEMENT3D(#5273,#675,#1222);
#5275= IFCEXTRUDEDAREASOLID(#3794,#5274,#9,3150.02);
#5276= IFCSHAPEREPRESENTATION(#12,'Body','SweptSolid',(#5275));
#5277= IFCPRODUCTDEFINITIONSHAPE($,$,(#5276));
#5278= IFCBEAM('2jAlwIqfn10B4cuxeTNbfz',#3728,'main piece','IPE270','IPE270',#5272,#5277,'b/507');
#5279= IFCPROPERTYSINGLEVALUE('IndicationMark',$,IFCIDENTIFIER('b/507'),$);
#5280= IFCPROPERTYSET('3rtE3Ci918yAWJx9wJQh_Y',#5,'AISC_EM11_Pset_PieceIdentification','PieceIdentity',(#1229,#5279,#1231,#1232));
#5281= IFCLOCALPLACEMENT(#42,#10);
#5282= IFCELEMENTASSEMBLY('3OvS1mb1n54P1QSizp8lqH',#3728,'BEAM',$,$,#5281,$,'B/728',.NOTDEFINED.,.RIGID_FRAME.);
#5283= IFCPROPERTYSINGLEVALUE('AssemblyMark',$,IFCIDENTIFIER('B/728'),$);
#5284= IFCPROPERTYSET('3T6bP1o9XCowZb49OpbC_s',#5,'AISC_EM11_Pset_AssemblyIdentification','AssemblyIdentity',(#5283,#52,#53));
#5285= IFCCARTESIANPOINT((79340.7055969238,8025.19650663179,60699.9981994629));
#5286= IFCDIRECTION((0.29375553205504,-0.955880582179103,0.));
#5287= IFCAXIS2PLACEMENT3D(#5285,#9,#5286);
#5288= IFCLOCALPLACEMENT(#5281,#5287);
#5289= IFCCARTESIANPOINT((8176.75993704955,0.,0.));
#5290= IFCAXIS2PLACEMENT3D(#5289,#675,#1222);
#5291= IFCEXTRUDEDAREASOLID(#4010,#5290,#9,8176.76);
#5292= IFCSHAPEREPRESENTATION(#12,'Body','SweptSolid',(#5291));
#5293= IFCPRODUCTDEFINITIONSHAPE($,$,(#5292));
#5294= IFCBEAM('2jeCjvLjH3pB$tPEmVSdxL',#3728,'main piece','IPE300','IPE300',#5288,#5293,'b/623');
#5295= IFCPROPERTYSINGLEVALUE('IndicationMark',$,IFCIDENTIFIER('b/623'),$);
#5296= IFCPROPERTYSET('3A5e6zeiD8OeL0oFZHrQ$0',#5,'AISC_EM11_Pset_PieceIdentification','PieceIdentity',(#1229,#5295,#1231,#1232));
#5297= IFCLOCALPLACEMENT(#42,#10);
#5298= IFCELEMENTASSEMBLY('1ko5Tpixz0jhrOFZdSs17j',#3728,'BEAM',$,$,#5297,$,'B/746',.NOTDEFINED.,.RIGID_FRAME.);
#5299= IFCCARTESIANPOINT((80883.3310241699,3599.12724698816,60714.9981994629));
#5300= IFCAXIS2PLACEMENT3D(#5299,#9,#8);
#5301= IFCLOCALPLACEMENT(#5297,#5300);
#5302= IFCCARTESIANPOINT((4426.06925964364,0.,0.));
#5303= IFCAXIS2PLACEMENT3D(#5302,#675,#1222);
#5304= IFCEXTRUDEDAREASOLID(#3794,#5303,#9,4426.07);
#5305= IFCSHAPEREPRESENTATION(#12,'Body','SweptSolid',(#5304));
#5306= IFCPRODUCTDEFINITIONSHAPE($,$,(#5305));
#5307= IFCBEAM('0hYNEIvMjCXu0w_M3HqNnJ',#3728,'main piece','IPE270','IPE270',#5301,#5306,'b/641');
#5308= IFCCARTESIANPOINT((74390.125,512.732842926137,60714.9981994629));
#5309= IFCAXIS2PLACEMENT3D(#5308,#9,#8);
#5310= IFCLOCALPLACEMENT(#693,#5309);
#5311= IFCCARTESIANPOINT((4929.59976196289,0.,0.));
#5312= IFCAXIS2PLACEMENT3D(#5311,#675,#1222);
#5313= IFCEXTRUDEDAREASOLID(#3794,#5312,#9,4929.6);
#5314= IFCCARTESIANPOINT((-2.15154995489263,60.0107224150852,-120.));
#5315= IFCAXIS2PLACEMENT3D(#5314,#3835,#9);
#5316= IFCPLANE(#5315);
#5317= IFCHALFSPACESOLID(#5316,.F.);
#5318= IFCBOOLEANCLIPPINGRESULT(.DIFFERENCE.,#5313,#5317);
#5319= IFCSHAPEREPRESENTATION(#12,'Body','Clipping',(#5318));
#5320= IFCPRODUCTDEFINITIONSHAPE($,$,(#5319));
#5321= IFCBEAM('2Rn3tVRFXEC8tfUz6BlgsP',#44,'main piece','IPE270','IPE270',#5310,#5320,'b/673(?)');
#5322= IFCLOCALPLACEMENT(#693,#698);
#5323= IFCSHAPEREPRESENTATION(#12,'Body','MappedRepresentation',(#3863,#3864,#3865));
#5324= IFCPRODUCTDEFINITIONSHAPE($,$,(#5323));
#5325= IFCOPENINGELEMENT('2GGACKBmD6Sg9mIa2tlZU9',#5,$,$,'Opening',#5322,#5324,$);
#5326= IFCRELVOIDSELEMENT('3kvEunTt9DCRaLbHIbfMw3',#5,'Drill Hole',$,#5321,#5325);
#5327= IFCPROPERTYSINGLEVALUE('IndicationMark',$,IFCIDENTIFIER('b/673(?)'),$);
#5328= IFCPROPERTYSET('2rsaCTXoDDmf4lnzOgBwpE',#5,'AISC_EM11_Pset_PieceIdentification','PieceIdentity',(#1229,#5327,#1231,#1232));
#5329= IFCLOCALPLACEMENT(#42,#10);
#5330= IFCELEMENTASSEMBLY('2AAQZqHZL4LBHYCAU1c2Jy',#3728,'BEAM',$,$,#5329,$,'B/744',.NOTDEFINED.,.RIGID_FRAME.);
#5331= IFCPROPERTYSINGLEVALUE('AssemblyMark',$,IFCIDENTIFIER('B/744'),$);
#5332= IFCPROPERTYSET('2wNrnqMQD9Yh5DGgJykY$N',#5,'AISC_EM11_Pset_AssemblyIdentification','AssemblyIdentity',(#5331,#52,#53));
#5333= IFCCARTESIANPOINT((70499.9997253418,512.730552804886,60714.9981994629));
#5334= IFCAXIS2PLACEMENT3D(#5333,#9,#8);
#5335= IFCLOCALPLACEMENT(#5329,#5334);
#5336= IFCSHAPEREPRESENTATION(#12,'Body','SweptSolid',(#3829));
#5337= IFCPRODUCTDEFINITIONSHAPE($,$,(#5336));
#5338= IFCBEAM('3WFfFt8ejEPRGCl6ihsS7N',#3728,'main piece','IPE270','IPE270',#5335,#5337,'b/639');
#5339= IFCPROPERTYSINGLEVALUE('IndicationMark',$,IFCIDENTIFIER('b/639'),$);
#5340= IFCPROPERTYSET('2cIP2FVOT4_9Vv5ZKbxf2y',#5,'AISC_EM11_Pset_PieceIdentification','PieceIdentity',(#1229,#5339,#1231,#1232));
#5341= IFCCARTESIANPOINT((65865.3038330078,7483.83565152925,60714.9981994629));
#5342= IFCAXIS2PLACEMENT3D(#5341,#9,#1222);
#5343= IFCLOCALPLACEMENT(#168,#5342);
#5344= IFCCARTESIANPOINT((6971.1012840271,0.,0.));
#5345= IFCAXIS2PLACEMENT3D(#5344,#675,#1222);
#5346= IFCEXTRUDEDAREASOLID(#3794,#5345,#9,6971.1);
#5347= IFCCARTESIANPOINT((4.65351381031996,30.7586639864312,-120.));
#5348= IFCAXIS2PLACEMENT3D(#5347,#3945,#9);
#5349= IFCPLANE(#5348);
#5350= IFCHALFSPACESOLID(#5349,.F.);
#5351= IFCBOOLEANCLIPPINGRESULT(.DIFFERENCE.,#5346,#5350);
#5352= IFCCARTESIANPOINT((6973.27301086672,-60.0107224150561,-120.));
#5353= IFCAXIS2PLACEMENT3D(#5352,#4209,#9);
#5354= IFCPLANE(#5353);
#5355= IFCHALFSPACESOLID(#5354,.F.);
#5356= IFCBOOLEANCLIPPINGRESULT(.DIFFERENCE.,#5351,#5355);
#5357= IFCSHAPEREPRESENTATION(#12,'Body','Clipping',(#5356));
#5358= IFCPRODUCTDEFINITIONSHAPE($,$,(#5357));
#5359= IFCBEAM('2sbEG0jzLACQdZtDcHt9w9',#44,'main piece','IPE270','IPE270',#5343,#5358,'b/638(?)');
#5360= IFCLOCALPLACEMENT(#168,#174);
#5361= IFCSHAPEREPRESENTATION(#12,'Body','MappedRepresentation',(#3966,#3967,#3968));
#5362= IFCPRODUCTDEFINITIONSHAPE($,$,(#5361));
#5363= IFCOPENINGELEMENT('0UrQ2qLo11GvhY7xH$UavD',#5,$,$,'Opening',#5360,#5362,$);
#5364= IFCRELVOIDSELEMENT('1d$uKpLJbB1h9HRpgGYszb',#5,'Drill Hole',$,#5359,#5363);
#5365= IFCLOCALPLACEMENT(#168,#723);
#5366= IFCSHAPEREPRESENTATION(#12,'Body','MappedRepresentation',(#3863,#3864,#3865));
#5367= IFCPRODUCTDEFINITIONSHAPE($,$,(#5366));
#5368= IFCOPENINGELEMENT('1z1GzAM0T6u9GYzcaluma1',#5,$,$,'Opening',#5365,#5367,$);
#5369= IFCRELVOIDSELEMENT('0aTaFoph9Eew_TzRb3ebcX',#5,'Drill Hole',$,#5359,#5368);
#5370= IFCPROPERTYSINGLEVALUE('IndicationMark',$,IFCIDENTIFIER('b/638(?)'),$);
#5371= IFCPROPERTYSET('29Cj6eRiX1t8McvnSPZ1_W',#5,'AISC_EM11_Pset_PieceIdentification','PieceIdentity',(#1229,#5370,#1231,#1232));
#5372= IFCPROPERTYSINGLEVALUE('SkewedAngleX',$,IFCREAL(3.27288),$);
#5373= IFCPROPERTYSET('0nrGRZoU50xe6B2oDQ$FFb',#5,'AISC_EM11_Pset_SkewedEnd',$,(#1237,#5372));
#5374= IFCCARTESIANPOINT((63750.0847167969,512.722923410354,60714.9981994629));
#5375= IFCAXIS2PLACEMENT3D(#5374,#9,#8);
#5376= IFCLOCALPLACEMENT(#180,#5375);
#5377= IFCCARTESIANPOINT((7089.30110931396,0.,0.));
#5378= IFCAXIS2PLACEMENT3D(#5377,#675,#1222);
#5379= IFCEXTRUDEDAREASOLID(#3794,#5378,#9,7089.3);
#5380= IFCDIRECTION((0.998368955012732,-0.0570914150007266,0.));
#5381= IFCCARTESIANPOINT((7087.45728644734,-30.7586639771034,-120.));
#5382= IFCAXIS2PLACEMENT3D(#5381,#5380,#9);
#5383= IFCPLANE(#5382);
#5384= IFCHALFSPACESOLID(#5383,.F.);
#5385= IFCBOOLEANCLIPPINGRESULT(.DIFFERENCE.,#5379,#5384);
#5386= IFCCARTESIANPOINT((-2.16491084724919,60.010722415107,-120.));
#5387= IFCAXIS2PLACEMENT3D(#5386,#3835,#9);
#5388= IFCPLANE(#5387);
#5389= IFCHALFSPACESOLID(#5388,.F.);
#5390= IFCBOOLEANCLIPPINGRESULT(.DIFFERENCE.,#5385,#5389);
#5391= IFCSHAPEREPRESENTATION(#12,'Body','Clipping',(#5390));
#5392= IFCPRODUCTDEFINITIONSHAPE($,$,(#5391));
#5393= IFCBEAM('0eDVq5Tb1AEht3E7Jh76G0',#44,'main piece','IPE270','IPE270',#5376,#5392,'b/637(?)');
#5394= IFCLOCALPLACEMENT(#180,#185);
#5395= IFCSHAPEREPRESENTATION(#12,'Body','MappedRepresentation',(#3966,#3967,#3968));
#5396= IFCPRODUCTDEFINITIONSHAPE($,$,(#5395));
#5397= IFCOPENINGELEMENT('2BRR8sXg9FDhePnmSFFAfK',#5,$,$,'Opening',#5394,#5396,$);
#5398= IFCRELVOIDSELEMENT('2a7EB4Ler1rhz4hZMJRj7a',#5,'Drill Hole',$,#5393,#5397);
#5399= IFCLOCALPLACEMENT(#180,#730);
#5400= IFCSHAPEREPRESENTATION(#12,'Body','MappedRepresentation',(#3863,#3864,#3865));
#5401= IFCPRODUCTDEFINITIONSHAPE($,$,(#5400));
#5402= IFCOPENINGELEMENT('0WIwG589rD$8Fm$pQlbW_K',#5,$,$,'Opening',#5399,#5401,$);
#5403= IFCRELVOIDSELEMENT('2ov17MWdzAIfiKZ7QXQtV2',#5,'Drill Hole',$,#5393,#5402);
#5404= IFCPROPERTYSINGLEVALUE('IndicationMark',$,IFCIDENTIFIER('b/637(?)'),$);
#5405= IFCPROPERTYSET('3nhK0Cumn6fQCIJTp5QxbS',#5,'AISC_EM11_Pset_PieceIdentification','PieceIdentity',(#1229,#5404,#1231,#1232));
#5406= IFCPROPERTYSINGLEVALUE('SkewedAngleX',$,IFCREAL(2.77145),$);
#5407= IFCPROPERTYSET('3g8i9irnX7MO4HhPM305ek',#5,'AISC_EM11_Pset_SkewedEnd_2',$,(#1237,#5406));
#5408= IFCCARTESIANPOINT((61625.0836486816,7720.73502744478,60714.9981994629));
#5409= IFCAXIS2PLACEMENT3D(#5408,#9,#1222);
#5410= IFCLOCALPLACEMENT(#191,#5409);
#5411= IFCCARTESIANPOINT((7208.00018310547,0.,0.));
#5412= IFCAXIS2PLACEMENT3D(#5411,#675,#1222);
#5413= IFCEXTRUDEDAREASOLID(#3794,#5412,#9,7208.);
#5414= IFCCARTESIANPOINT((-1.00281706352143,30.7586639761867,-120.));
#5415= IFCAXIS2PLACEMENT3D(#5414,#3945,#9);
#5416= IFCPLANE(#5415);
#5417= IFCHALFSPACESOLID(#5416,.F.);
#5418= IFCBOOLEANCLIPPINGRESULT(.DIFFERENCE.,#5413,#5417);
#5419= IFCCARTESIANPOINT((7210.18166438401,-60.0107224150852,-120.));
#5420= IFCAXIS2PLACEMENT3D(#5419,#4209,#9);
#5421= IFCPLANE(#5420);
#5422= IFCHALFSPACESOLID(#5421,.F.);
#5423= IFCBOOLEANCLIPPINGRESULT(.DIFFERENCE.,#5418,#5422);
#5424= IFCSHAPEREPRESENTATION(#12,'Body','Clipping',(#5423));
#5425= IFCPRODUCTDEFINITIONSHAPE($,$,(#5424));
#5426= IFCBEAM('09VuBxF_v2cO$0yLkee5CF',#44,'main piece','IPE270','IPE270',#5410,#5425,'b/631(?)');
#5427= IFCLOCALPLACEMENT(#191,#196);
#5428= IFCSHAPEREPRESENTATION(#12,'Body','MappedRepresentation',(#3966,#3967,#3968));
#5429= IFCPRODUCTDEFINITIONSHAPE($,$,(#5428));
#5430= IFCOPENINGELEMENT('38aFyVLqPCYvEBeONfLS7d',#5,$,$,'Opening',#5427,#5429,$);
#5431= IFCRELVOIDSELEMENT('2VX57ApOD28hOgItTuzhKt',#5,'Drill Hole',$,#5426,#5430);
#5432= IFCLOCALPLACEMENT(#191,#737);
#5433= IFCSHAPEREPRESENTATION(#12,'Body','MappedRepresentation',(#3863,#3864,#3865));
#5434= IFCPRODUCTDEFINITIONSHAPE($,$,(#5433));
#5435= IFCOPENINGELEMENT('3eRIvK9_H5kP5orxnNxoIg',#5,$,$,'Opening',#5432,#5434,$);
#5436= IFCRELVOIDSELEMENT('0pwv3wzUD1MvsEIEne_wQi',#5,'Drill Hole',$,#5426,#5435);
#5437= IFCPROPERTYSINGLEVALUE('IndicationMark',$,IFCIDENTIFIER('b/631(?)'),$);
#5438= IFCPROPERTYSET('0MQ74waCv20eZ3N6dJ$93r',#5,'AISC_EM11_Pset_PieceIdentification','PieceIdentity',(#1229,#5437,#1231,#1232));
#5439= IFCCARTESIANPOINT((57390.0868530273,525.457813394485,60714.9981994629));
#5440= IFCAXIS2PLACEMENT3D(#5439,#9,#8);
#5441= IFCLOCALPLACEMENT(#202,#5440);
#5442= IFCCARTESIANPOINT((7431.88285827637,0.,0.));
#5443= IFCAXIS2PLACEMENT3D(#5442,#675,#1222);
#5444= IFCEXTRUDEDAREASOLID(#3794,#5443,#9,7431.88);
#5445= IFCCARTESIANPOINT((7438.53694145424,-30.7586639761721,-120.));
#5446= IFCAXIS2PLACEMENT3D(#5445,#5380,#9);
#5447= IFCPLANE(#5446);
#5448= IFCHALFSPACESOLID(#5447,.F.);
#5449= IFCBOOLEANCLIPPINGRESULT(.DIFFERENCE.,#5444,#5448);
#5450= IFCCARTESIANPOINT((-14.9137165067058,60.0107224150997,-120.));
#5451= IFCAXIS2PLACEMENT3D(#5450,#3835,#9);
#5452= IFCPLANE(#5451);
#5453= IFCHALFSPACESOLID(#5452,.F.);
#5454= IFCBOOLEANCLIPPINGRESULT(.DIFFERENCE.,#5449,#5453);
#5455= IFCSHAPEREPRESENTATION(#12,'Body','Clipping',(#5454));
#5456= IFCPRODUCTDEFINITIONSHAPE($,$,(#5455));
#5457= IFCBEAM('3pABa9OIL3RgePlNmsoru$',#44,'main piece','IPE270','IPE270',#5441,#5456,'b/636(?)');
#5458= IFCLOCALPLACEMENT(#202,#207);
#5459= IFCSHAPEREPRESENTATION(#12,'Body','MappedRepresentation',(#3966,#3967,#3968));
#5460= IFCPRODUCTDEFINITIONSHAPE($,$,(#5459));
#5461= IFCOPENINGELEMENT('07Uf77n7PDFPA8_bilJye7',#5,$,$,'Opening',#5458,#5460,$);
#5462= IFCRELVOIDSELEMENT('1Q0u5Fo8X7vPZQfxyJfFpH',#5,'Drill Hole',$,#5457,#5461);
#5463= IFCLOCALPLACEMENT(#202,#744);
#5464= IFCSHAPEREPRESENTATION(#12,'Body','MappedRepresentation',(#3863,#3864,#3865));
#5465= IFCPRODUCTDEFINITIONSHAPE($,$,(#5464));
#5466= IFCOPENINGELEMENT('3Q5z1Wvxj9nAAvJrUI28nx',#5,$,$,'Opening',#5463,#5465,$);
#5467= IFCRELVOIDSELEMENT('336mVn3$X82BhGg06L_cRs',#5,'Drill Hole',$,#5457,#5466);
#5468= IFCPROPERTYSINGLEVALUE('IndicationMark',$,IFCIDENTIFIER('b/636(?)'),$);
#5469= IFCPROPERTYSET('15ioVqt8HFZgp3ig8pzItB',#5,'AISC_EM11_Pset_PieceIdentification','PieceIdentity',(#1229,#5468,#1231,#1232));
#5470= IFCCARTESIANPOINT((55260.0876922607,8076.34206022066,60714.9981994629));
#5471= IFCAXIS2PLACEMENT3D(#5470,#9,#1222);
#5472= IFCLOCALPLACEMENT(#213,#5471);
#5473= IFCCARTESIANPOINT((7550.8828163147,0.,0.));
#5474= IFCAXIS2PLACEMENT3D(#5473,#675,#1222);
#5475= IFCEXTRUDEDAREASOLID(#3794,#5474,#9,7550.88);
#5476= IFCCARTESIANPOINT((-9.49623799142864,30.7586639761721,-120.));
#5477= IFCAXIS2PLACEMENT3D(#5476,#3945,#9);
#5478= IFCPLANE(#5477);
#5479= IFCHALFSPACESOLID(#5478,.F.);
#5480= IFCBOOLEANCLIPPINGRESULT(.DIFFERENCE.,#5475,#5479);
#5481= IFCCARTESIANPOINT((7565.80262377104,-60.0107224150997,-120.));
#5482= IFCAXIS2PLACEMENT3D(#5481,#4209,#9);
#5483= IFCPLANE(#5482);
#5484= IFCHALFSPACESOLID(#5483,.F.);
#5485= IFCBOOLEANCLIPPINGRESULT(.DIFFERENCE.,#5480,#5484);
#5486= IFCSHAPEREPRESENTATION(#12,'Body','Clipping',(#5485));
#5487= IFCPRODUCTDEFINITIONSHAPE($,$,(#5486));
#5488= IFCBEAM('2NiDTLhqL1ZRQhb1QIxv6K',#44,'main piece','IPE270','IPE270',#5472,#5487,'b/576(?)');
#5489= IFCLOCALPLACEMENT(#213,#218);
#5490= IFCSHAPEREPRESENTATION(#12,'Body','MappedRepresentation',(#3966,#3967,#3968));
#5491= IFCPRODUCTDEFINITIONSHAPE($,$,(#5490));
#5492= IFCOPENINGELEMENT('2r_aduTTXF6AUINIypNYXN',#5,$,$,'Opening',#5489,#5491,$);
#5493= IFCRELVOIDSELEMENT('16DivjTb9CZRYd$r3q2za3',#5,'Drill Hole',$,#5488,#5492);
#5494= IFCLOCALPLACEMENT(#213,#751);
#5495= IFCSHAPEREPRESENTATION(#12,'Body','MappedRepresentation',(#3863,#3864,#3865));
#5496= IFCPRODUCTDEFINITIONSHAPE($,$,(#5495));
#5497= IFCOPENINGELEMENT('27dL8BeV1AgeLbP3PM5otK',#5,$,$,'Opening',#5494,#5496,$);
#5498= IFCRELVOIDSELEMENT('0J6j6vBs93cxLW5e_E1KfF',#5,'Drill Hole',$,#5488,#5497);
#5499= IFCPROPERTYSINGLEVALUE('IndicationMark',$,IFCIDENTIFIER('b/576(?)'),$);
#5500= IFCPROPERTYSET('2M999$CBb5GACnkXAUSJsY',#5,'AISC_EM11_Pset_PieceIdentification','PieceIdentity',(#1229,#5499,#1231,#1232));
#5501= IFCCARTESIANPOINT((53130.0866241455,512.728168619095,60714.9981994629));
#5502= IFCAXIS2PLACEMENT3D(#5501,#9,#8);
#5503= IFCLOCALPLACEMENT(#247,#5502);
#5504= IFCCARTESIANPOINT((7594.51103210449,0.,0.));
#5505= IFCAXIS2PLACEMENT3D(#5504,#675,#1222);
#5506= IFCEXTRUDEDAREASOLID(#3794,#5505,#9,7594.51);
#5507= IFCDIRECTION((0.999998835069158,0.00152638800010741,0.));
#5508= IFCCARTESIANPOINT((7599.58384770995,-60.7791058767907,-120.));
#5509= IFCAXIS2PLACEMENT3D(#5508,#5507,#9);
#5510= IFCPLANE(#5509);
#5511= IFCHALFSPACESOLID(#5510,.F.);
#5512= IFCBOOLEANCLIPPINGRESULT(.DIFFERENCE.,#5506,#5511);
#5513= IFCCARTESIANPOINT((-2.19339261181619,60.0107224150997,-120.));
#5514= IFCAXIS2PLACEMENT3D(#5513,#3835,#9);
#5515= IFCPLANE(#5514);
#5516= IFCHALFSPACESOLID(#5515,.F.);
#5517= IFCBOOLEANCLIPPINGRESULT(.DIFFERENCE.,#5512,#5516);
#5518= IFCSHAPEREPRESENTATION(#12,'Body','Clipping',(#5517));
#5519= IFCPRODUCTDEFINITIONSHAPE($,$,(#5518));
#5520= IFCBEAM('3A6lmLcSXEuuvoHNnkTITg',#44,'main piece','IPE270','IPE270',#5503,#5519,'b/635(?)');
#5521= IFCLOCALPLACEMENT(#247,#253);
#5522= IFCCARTESIANPOINT((0.,-4.24424444765913,0.));
#5523= IFCAXIS2PLACEMENT3D(#5522,#8,#7);
#5524= IFCEXTRUDEDAREASOLID(#1934,#5523,#9,6.8);
#5525= IFCSHAPEREPRESENTATION(#12,'Body','SweptSolid',(#5524));
#5526= IFCREPRESENTATIONMAP(#10,#5525);
#5527= IFCMAPPEDITEM(#5526,#86);
#5528= IFCMAPPEDITEM(#5526,#91);
#5529= IFCMAPPEDITEM(#5526,#94);
#5530= IFCSHAPEREPRESENTATION(#12,'Body','MappedRepresentation',(#5527,#5528,#5529));
#5531= IFCPRODUCTDEFINITIONSHAPE($,$,(#5530));
#5532= IFCOPENINGELEMENT('1Sx56$dRX7uQLQIP$TqUx2',#5,$,$,'Opening',#5521,#5531,$);
#5533= IFCRELVOIDSELEMENT('2tlLN_yubCbenjeOLlkAt4',#5,'Drill Hole',$,#5520,#5532);
#5534= IFCLOCALPLACEMENT(#247,#758);
#5535= IFCSHAPEREPRESENTATION(#12,'Body','MappedRepresentation',(#3863,#3864,#3865));
#5536= IFCPRODUCTDEFINITIONSHAPE($,$,(#5535));
#5537= IFCOPENINGELEMENT('06kE5w8lj8XQP105PKVdGM',#5,$,$,'Opening',#5534,#5536,$);
#5538= IFCRELVOIDSELEMENT('0yyVyq_jzEiO9$tdunUZ5_',#5,'Drill Hole',$,#5520,#5537);
#5539= IFCPROPERTYSINGLEVALUE('IndicationMark',$,IFCIDENTIFIER('b/635(?)'),$);
#5540= IFCPROPERTYSET('0os9zsxAv7lvnZYy6NPMl5',#5,'AISC_EM11_Pset_PieceIdentification','PieceIdentity',(#1229,#5539,#1231,#1232));
#5541= IFCLOCALPLACEMENT(#42,#10);
#5542= IFCELEMENTASSEMBLY('2vJGIeiqj0qxWtXyl7IKYV',#3728,'BEAM',$,$,#5541,$,'B/739',.NOTDEFINED.,.RIGID_FRAME.);
#5543= IFCPROPERTYSINGLEVALUE('AssemblyMark',$,IFCIDENTIFIER('B/739'),$);
#5544= IFCPROPERTYSET('0htdx2plP1EP99ypApb1Rv',#5,'AISC_EM11_Pset_AssemblyIdentification','AssemblyIdentity',(#5543,#52,#53));
#5545= IFCCARTESIANPOINT((48650.0870819092,512.728168619095,60714.9981994629));
#5546= IFCAXIS2PLACEMENT3D(#5545,#9,#8);
#5547= IFCLOCALPLACEMENT(#5541,#5546);
#5548= IFCCARTESIANPOINT((7633.39996337891,0.,0.));
#5549= IFCAXIS2PLACEMENT3D(#5548,#675,#1222);
#5550= IFCEXTRUDEDAREASOLID(#3794,#5549,#9,7633.4);
#5551= IFCSHAPEREPRESENTATION(#12,'Body','SweptSolid',(#5550));
#5552= IFCPRODUCTDEFINITIONSHAPE($,$,(#5551));
#5553= IFCBEAM('3qagf8wmD1JvCXKm$bavgL',#3728,'main piece','IPE270','IPE270',#5547,#5552,'b/634');
#5554= IFCPROPERTYSINGLEVALUE('IndicationMark',$,IFCIDENTIFIER('b/634'),$);
#5555= IFCPROPERTYSET('3tc_5cao96nQhVnyWv6i$m',#5,'AISC_EM11_Pset_PieceIdentification','PieceIdentity',(#1229,#5554,#1231,#1232));
#5556= IFCLOCALPLACEMENT(#42,#10);
#5557= IFCELEMENTASSEMBLY('04eiHKZXb8jw0uKso8AWmY',#3728,'BEAM',$,$,#5556,$,'B/738',.NOTDEFINED.,.RIGID_FRAME.);
#5558= IFCPROPERTYSINGLEVALUE('AssemblyMark',$,IFCIDENTIFIER('B/738'),$);
#5559= IFCPROPERTYSET('3ZAV96aGLD48ovMVMQbei8',#5,'AISC_EM11_Pset_AssemblyIdentification','AssemblyIdentity',(#5558,#52,#53));
#5560= IFCCARTESIANPOINT((46603.3859374525,8085.04338468355,60714.9981994629));
#5561= IFCAXIS2PLACEMENT3D(#5560,#9,#1222);
#5562= IFCLOCALPLACEMENT(#5556,#5561);
#5563= IFCCARTESIANPOINT((7572.29995727539,0.,0.));
#5564= IFCAXIS2PLACEMENT3D(#5563,#675,#1222);
#5565= IFCEXTRUDEDAREASOLID(#3794,#5564,#9,7572.3);
#5566= IFCSHAPEREPRESENTATION(#12,'Body','SweptSolid',(#5565));
#5567= IFCPRODUCTDEFINITIONSHAPE($,$,(#5566));
#5568= IFCBEAM('0w5WggfzP5O9n1raWPt0cI',#3728,'main piece','IPE270','IPE270',#5562,#5567,'b/633');
#5569= IFCPROPERTYSINGLEVALUE('IndicationMark',$,IFCIDENTIFIER('b/633'),$);
#5570= IFCPROPERTYSET('04W0TYvF97n95SE9prikYG',#5,'AISC_EM11_Pset_PieceIdentification','PieceIdentity',(#1229,#5569,#1231,#1232));
#5571= IFCLOCALPLACEMENT(#42,#10);
#5572= IFCELEMENTASSEMBLY('0kqF3w$hTALBT_GikOrGDq',#3728,'BEAM',$,$,#5571,$,'B/737',.NOTDEFINED.,.RIGID_FRAME.);
#5573= IFCPROPERTYSINGLEVALUE('AssemblyMark',$,IFCIDENTIFIER('B/737'),$);
#5574= IFCPROPERTYSET('3iumOgVKPCBues2Hq7JKPp',#5,'AISC_EM11_Pset_AssemblyIdentification','AssemblyIdentity',(#5573,#52,#53));
#5575= IFCCARTESIANPOINT((44550.0867004395,512.726261270462,60714.9981994629));
#5576= IFCAXIS2PLACEMENT3D(#5575,#9,#8);
#5577= IFCLOCALPLACEMENT(#5571,#5576);
#5578= IFCCARTESIANPOINT((7459.09976959229,0.,0.));
#5579= IFCAXIS2PLACEMENT3D(#5578,#675,#1222);
#5580= IFCEXTRUDEDAREASOLID(#3794,#5579,#9,7459.1);
#5581= IFCSHAPEREPRESENTATION(#12,'Body','SweptSolid',(#5580));
#5582= IFCPRODUCTDEFINITIONSHAPE($,$,(#5581));
#5583= IFCBEAM('1quFLxPub2vwg5GpYS1R9I',#3728,'main piece','IPE270','IPE270',#5577,#5582,'b/632');
#5584= IFCPROPERTYSINGLEVALUE('IndicationMark',$,IFCIDENTIFIER('b/632'),$);
#5585= IFCPROPERTYSET('1qYMXPuHH09P7Zx5$MFwvz',#5,'AISC_EM11_Pset_PieceIdentification','PieceIdentity',(#1229,#5584,#1231,#1232));
#5586= IFCCARTESIANPOINT((40375.0874633789,511.295272958694,60714.9981994629));
#5587= IFCAXIS2PLACEMENT3D(#5586,#9,#8);
#5588= IFCLOCALPLACEMENT(#270,#5587);
#5589= IFCCARTESIANPOINT((7208.90092849731,0.,0.));
#5590= IFCAXIS2PLACEMENT3D(#5589,#675,#1222);
#5591= IFCEXTRUDEDAREASOLID(#3794,#5590,#9,7208.9);
#5592= IFCDIRECTION((0.99847691806249,0.0551710440034526,0.));
#5593= IFCCARTESIANPOINT((7219.82103306376,-88.0717963284551,-120.));
#5594= IFCAXIS2PLACEMENT3D(#5593,#5592,#9);
#5595= IFCPLANE(#5594);
#5596= IFCHALFSPACESOLID(#5595,.F.);
#5597= IFCBOOLEANCLIPPINGRESULT(.DIFFERENCE.,#5591,#5596);
#5598= IFCCARTESIANPOINT((-0.788404889580193,60.0107224150852,-120.));
#5599= IFCAXIS2PLACEMENT3D(#5598,#3835,#9);
#5600= IFCPLANE(#5599);
#5601= IFCHALFSPACESOLID(#5600,.F.);
#5602= IFCBOOLEANCLIPPINGRESULT(.DIFFERENCE.,#5597,#5601);
#5603= IFCSHAPEREPRESENTATION(#12,'Body','Clipping',(#5602));
#5604= IFCPRODUCTDEFINITIONSHAPE($,$,(#5603));
#5605= IFCBEAM('3101NT3Lr7PvYQNOF_bZk1',#44,'main piece','IPE270','IPE270',#5588,#5604,'b/631(?)');
#5606= IFCLOCALPLACEMENT(#270,#274);
#5607= IFCCARTESIANPOINT((0.,-34.3373741195175,0.));
#5608= IFCAXIS2PLACEMENT3D(#5607,#8,#7);
#5609= IFCEXTRUDEDAREASOLID(#1934,#5608,#9,6.81);
#5610= IFCSHAPEREPRESENTATION(#12,'Body','SweptSolid',(#5609));
#5611= IFCREPRESENTATIONMAP(#10,#5610);
#5612= IFCMAPPEDITEM(#5611,#86);
#5613= IFCMAPPEDITEM(#5611,#91);
#5614= IFCMAPPEDITEM(#5611,#94);
#5615= IFCSHAPEREPRESENTATION(#12,'Body','MappedRepresentation',(#5612,#5613,#5614));
#5616= IFCPRODUCTDEFINITIONSHAPE($,$,(#5615));
#5617= IFCOPENINGELEMENT('3fdMBdRv59XBaoQNVf7DkJ',#5,$,$,'Opening',#5606,#5616,$);
#5618= IFCRELVOIDSELEMENT('1G2_WkHgv2tf9Vj3pCi43a',#5,'Drill Hole',$,#5605,#5617);
#5619= IFCLOCALPLACEMENT(#270,#765);
#5620= IFCSHAPEREPRESENTATION(#12,'Body','MappedRepresentation',(#3863,#3864,#3865));
#5621= IFCPRODUCTDEFINITIONSHAPE($,$,(#5620));
#5622= IFCOPENINGELEMENT('1eWU8R9lP3cQBGjCIpq7tf',#5,$,$,'Opening',#5619,#5621,$);
#5623= IFCRELVOIDSELEMENT('3BNlIrSbvAd8uMU6qg$Byq',#5,'Drill Hole',$,#5605,#5622);
#5624= IFCCARTESIANPOINT((38250.0874633789,7602.85802091402,60714.9981994629));
#5625= IFCAXIS2PLACEMENT3D(#5624,#9,#1222);
#5626= IFCLOCALPLACEMENT(#303,#5625);
#5627= IFCCARTESIANPOINT((7091.60089492798,0.,0.));
#5628= IFCAXIS2PLACEMENT3D(#5627,#675,#1222);
#5629= IFCEXTRUDEDAREASOLID(#3794,#5628,#9,7091.6);
#5630= IFCDIRECTION((-0.998476918062491,-0.0551710440034483,0.));
#5631= IFCCARTESIANPOINT((-10.8810878495024,88.0717963293719,-120.));
#5632= IFCAXIS2PLACEMENT3D(#5631,#5630,#9);
#5633= IFCPLANE(#5632);
#5634= IFCHALFSPACESOLID(#5633,.F.);
#5635= IFCBOOLEANCLIPPINGRESULT(.DIFFERENCE.,#5629,#5634);
#5636= IFCCARTESIANPOINT((7092.3558023449,-60.0107224150852,-120.));
#5637= IFCAXIS2PLACEMENT3D(#5636,#4209,#9);
#5638= IFCPLANE(#5637);
#5639= IFCHALFSPACESOLID(#5638,.F.);
#5640= IFCBOOLEANCLIPPINGRESULT(.DIFFERENCE.,#5635,#5639);
#5641= IFCSHAPEREPRESENTATION(#12,'Body','Clipping',(#5640));
#5642= IFCPRODUCTDEFINITIONSHAPE($,$,(#5641));
#5643= IFCBEAM('2iK8pV9UXBqO8AwPY1WnuB',#44,'main piece','IPE270','IPE270',#5626,#5642,'b/630(?)');
#5644= IFCLOCALPLACEMENT(#303,#308);
#5645= IFCSHAPEREPRESENTATION(#12,'Body','MappedRepresentation',(#5612,#5613,#5614));
#5646= IFCPRODUCTDEFINITIONSHAPE($,$,(#5645));
#5647= IFCOPENINGELEMENT('3$jg5iAob7kAXIzb0tB8qO',#5,$,$,'Opening',#5644,#5646,$);
#5648= IFCRELVOIDSELEMENT('3a82wJJqH46RavuxdfqRnT',#5,'Drill Hole',$,#5643,#5647);
#5649= IFCLOCALPLACEMENT(#303,#772);
#5650= IFCSHAPEREPRESENTATION(#12,'Body','MappedRepresentation',(#3863,#3864,#3865));
#5651= IFCPRODUCTDEFINITIONSHAPE($,$,(#5650));
#5652= IFCOPENINGELEMENT('2uL_to4L56DxYudvdEChiz',#5,$,$,'Opening',#5649,#5651,$);
#5653= IFCRELVOIDSELEMENT('0_LIFL5BzEe8lw7qVNpFWE',#5,'Drill Hole',$,#5643,#5652);
#5654= IFCPROPERTYSINGLEVALUE('IndicationMark',$,IFCIDENTIFIER('b/630(?)'),$);
#5655= IFCPROPERTYSET('2mXQ0TTlr6YBaJYhnxOGd$',#5,'AISC_EM11_Pset_PieceIdentification','PieceIdentity',(#1229,#5654,#1231,#1232));
#5656= IFCCARTESIANPOINT((36135.3070373535,511.250927102981,60714.9981994629));
#5657= IFCAXIS2PLACEMENT3D(#5656,#9,#8);
#5658= IFCLOCALPLACEMENT(#314,#5657);
#5659= IFCCARTESIANPOINT((6974.80010986328,0.,0.));
#5660= IFCAXIS2PLACEMENT3D(#5659,#675,#1222);
#5661= IFCEXTRUDEDAREASOLID(#3794,#5660,#9,6974.8);
#5662= IFCCARTESIANPOINT((6985.67547614304,-88.0717963293719,-120.));
#5663= IFCAXIS2PLACEMENT3D(#5662,#5592,#9);
#5664= IFCPLANE(#5663);
#5665= IFCHALFSPACESOLID(#5664,.F.);
#5666= IFCBOOLEANCLIPPINGRESULT(.DIFFERENCE.,#5661,#5665);
#5667= IFCCARTESIANPOINT((-0.75333567344012,60.0107224150997,-120.));
#5668= IFCAXIS2PLACEMENT3D(#5667,#3835,#9);
#5669= IFCPLANE(#5668);
#5670= IFCHALFSPACESOLID(#5669,.F.);
#5671= IFCBOOLEANCLIPPINGRESULT(.DIFFERENCE.,#5666,#5670);
#5672= IFCSHAPEREPRESENTATION(#12,'Body','Clipping',(#5671));
#5673= IFCPRODUCTDEFINITIONSHAPE($,$,(#5672));
#5674= IFCBEAM('3TmiOKjCn6LPvSbMVxT_Df',#44,'main piece','IPE270','IPE270',#5658,#5673,'b/629(?)');
#5675= IFCLOCALPLACEMENT(#314,#319);
#5676= IFCSHAPEREPRESENTATION(#12,'Body','MappedRepresentation',(#5612,#5613,#5614));
#5677= IFCPRODUCTDEFINITIONSHAPE($,$,(#5676));
#5678= IFCOPENINGELEMENT('1O5YMXAaH24RhAb52xVhDw',#5,$,$,'Opening',#5675,#5677,$);
#5679= IFCRELVOIDSELEMENT('1fUPfoWkj2RhzqvtwIaXVh',#5,'Drill Hole',$,#5674,#5678);
#5680= IFCLOCALPLACEMENT(#314,#779);
#5681= IFCSHAPEREPRESENTATION(#12,'Body','MappedRepresentation',(#3863,#3864,#3865));
#5682= IFCPRODUCTDEFINITIONSHAPE($,$,(#5681));
#5683= IFCOPENINGELEMENT('1Ik4E8YPPB0RwHIiltydz$',#5,$,$,'Opening',#5680,#5682,$);
#5684= IFCRELVOIDSELEMENT('3OM9cDWdr9t8QEMtHyxFFp',#5,'Drill Hole',$,#5674,#5683);
#5685= IFCPROPERTYSINGLEVALUE('IndicationMark',$,IFCIDENTIFIER('b/629(?)'),$);
#5686= IFCPROPERTYSET('3qxFQcF5f9ZQUFj8_jSzmH',#5,'AISC_EM11_Pset_PieceIdentification','PieceIdentity',(#1229,#5685,#1231,#1232));
#5687= IFCLOCALPLACEMENT(#42,#10);
#5688= IFCELEMENTASSEMBLY('027opoSVrAxwz$IUuEAHSm',#3728,'BEAM',$,$,#5687,$,'B/604',.NOTDEFINED.,.RIGID_FRAME.);
#5689= IFCPROPERTYSINGLEVALUE('AssemblyMark',$,IFCIDENTIFIER('B/604'),$);
#5690= IFCPROPERTYSET('3stQ0Dw59A88__uSZGK$gS',#5,'AISC_EM11_Pset_AssemblyIdentification','AssemblyIdentity',(#5689,#52,#53));
#5691= IFCCARTESIANPOINT((31760.0571746826,512.711385254018,60714.9981994629));
#5692= IFCAXIS2PLACEMENT3D(#5691,#9,#4120);
#5693= IFCLOCALPLACEMENT(#5687,#5692);
#5694= IFCCARTESIANPOINT((6857.39946048733,0.,-7.27595761418343E-12));
#5695= IFCAXIS2PLACEMENT3D(#5694,#675,#1222);
#5696= IFCEXTRUDEDAREASOLID(#3794,#5695,#9,6857.4);
#5697= IFCSHAPEREPRESENTATION(#12,'Body','SweptSolid',(#5696));
#5698= IFCPRODUCTDEFINITIONSHAPE($,$,(#5697));
#5699= IFCBEAM('0c6US_wEX6ghmEWoQMwILV',#3728,'main piece','IPE270','IPE270',#5693,#5698,'b/499');
#5700= IFCPROPERTYSINGLEVALUE('IndicationMark',$,IFCIDENTIFIER('b/499'),$);
#5701= IFCPROPERTYSET('3FVaiTDD96aRqM_Kc0KRO1',#5,'AISC_EM11_Pset_PieceIdentification','PieceIdentity',(#1229,#5700,#1231,#1232));
#5702= IFCLOCALPLACEMENT(#42,#10);
#5703= IFCELEMENTASSEMBLY('0Z5ZMGnNvAChLBF8At8$s7',#3728,'BEAM',$,$,#5702,$,'B/777',.NOTDEFINED.,.RIGID_FRAME.);
#5704= IFCPROPERTYSINGLEVALUE('AssemblyMark',$,IFCIDENTIFIER('B/777'),$);
#5705= IFCPROPERTYSET('1jWzRMrabBIOFTgqfi1Wxz',#5,'AISC_EM11_Pset_AssemblyIdentification','AssemblyIdentity',(#5704,#52,#53));
#5706= IFCCARTESIANPOINT((27580.0730819702,512.709477905385,60714.9981994629));
#5707= IFCDIRECTION((0.000515023000193663,0.999999867375646,0.));
#5708= IFCAXIS2PLACEMENT3D(#5706,#9,#5707);
#5709= IFCLOCALPLACEMENT(#5702,#5708);
#5710= IFCCARTESIANPOINT((4827.40990765711,0.,7.27595761418343E-12));
#5711= IFCAXIS2PLACEMENT3D(#5710,#675,#1222);
#5712= IFCEXTRUDEDAREASOLID(#3794,#5711,#9,4827.41);
#5713= IFCSHAPEREPRESENTATION(#12,'Body','SweptSolid',(#5712));
#5714= IFCPRODUCTDEFINITIONSHAPE($,$,(#5713));
#5715= IFCBEAM('0rx0j$0B93W8c9ruestGqn',#3728,'main piece','IPE270','IPE270',#5709,#5714,'b/672');
#5716= IFCPROPERTYSINGLEVALUE('IndicationMark',$,IFCIDENTIFIER('b/672'),$);
#5717= IFCPROPERTYSET('0LLL_fgIb1LB$S6xAK2IXn',#5,'AISC_EM11_Pset_PieceIdentification','PieceIdentity',(#1229,#5716,#1231,#1232));
#5718= IFCCARTESIANPOINT((23087.3429412842,5942.50102247041,60714.9981994629));
#5719= IFCDIRECTION((-0.999998058631959,-0.00197046499927437,0.));
#5720= IFCAXIS2PLACEMENT3D(#5718,#9,#5719);
#5721= IFCLOCALPLACEMENT(#672,#5720);
#5722= IFCCARTESIANPOINT((968.657664089706,0.,-7.27595761418343E-12));
#5723= IFCAXIS2PLACEMENT3D(#5722,#675,#1222);
#5724= IFCEXTRUDEDAREASOLID(#3794,#5723,#9,968.66);
#5725= IFCDIRECTION((-0.999998095375073,0.00195172903530375,0.));
#5726= IFCCARTESIANPOINT((397.931475300418,59.0035859599311,-120.000000000007));
#5727= IFCAXIS2PLACEMENT3D(#5726,#5725,#9);
#5728= IFCPLANE(#5727);
#5729= IFCHALFSPACESOLID(#5728,.F.);
#5730= IFCBOOLEANCLIPPINGRESULT(.DIFFERENCE.,#5724,#5729);
#5731= IFCSHAPEREPRESENTATION(#12,'Body','Clipping',(#5730));
#5732= IFCPRODUCTDEFINITIONSHAPE($,$,(#5731));
#5733= IFCBEAM('2LbJeNkvvCVRaxZ9Pk8Ih9',#44,'main piece','IPE270','IPE270',#5721,#5732,'b/508(?)');
#5734= IFCLOCALPLACEMENT(#672,#676);
#5735= IFCCARTESIANPOINT((0.,-2.29649846165918,0.));
#5736= IFCAXIS2PLACEMENT3D(#5735,#8,#7);
#5737= IFCEXTRUDEDAREASOLID(#1934,#5736,#9,6.8);
#5738= IFCSHAPEREPRESENTATION(#12,'Body','SweptSolid',(#5737));
#5739= IFCREPRESENTATIONMAP(#10,#5738);
#5740= IFCMAPPEDITEM(#5739,#86);
#5741= IFCMAPPEDITEM(#5739,#91);
#5742= IFCMAPPEDITEM(#5739,#94);
#5743= IFCSHAPEREPRESENTATION(#12,'Body','MappedRepresentation',(#5740,#5741,#5742));
#5744= IFCPRODUCTDEFINITIONSHAPE($,$,(#5743));
#5745= IFCOPENINGELEMENT('3hLFZKShjDVwob9tqdkeR8',#5,$,$,'Opening',#5734,#5744,$);
#5746= IFCRELVOIDSELEMENT('2u6xj2v9T9MPWFP9MVr$Zf',#5,'Drill Hole',$,#5733,#5745);
#5747= IFCPROPERTYSINGLEVALUE('SkewedAngleX',$,IFCREAL(0.11183),$);
#5748= IFCPROPERTYSET('1prT2LQ3L9sxUFCzbCXftr',#5,'AISC_EM11_Pset_SkewedEnd',$,(#1237,#5747));
#5749= IFCLOCALPLACEMENT(#42,#10);
#5750= IFCELEMENTASSEMBLY('2HetxbGxbF1AO0zPuuxWlf',#3728,'BEAM',$,$,#5749,$,'B/732',.NOTDEFINED.,.RIGID_FRAME.);
#5751= IFCPROPERTYSINGLEVALUE('AssemblyMark',$,IFCIDENTIFIER('B/732'),$);
#5752= IFCPROPERTYSET('2UWSXylQP728IVhvsEa5QU',#5,'AISC_EM11_Pset_AssemblyIdentification','AssemblyIdentity',(#5751,#52,#53));
#5753= IFCCARTESIANPOINT((20258.0006561788,209.248852928366,60699.9981994629));
#5754= IFCAXIS2PLACEMENT3D(#5753,#9,#4084);
#5755= IFCLOCALPLACEMENT(#5749,#5754);
#5756= IFCCARTESIANPOINT((8179.12113628129,0.,0.));
#5757= IFCAXIS2PLACEMENT3D(#5756,#675,#1222);
#5758= IFCEXTRUDEDAREASOLID(#4010,#5757,#9,8179.12);
#5759= IFCSHAPEREPRESENTATION(#12,'Body','SweptSolid',(#5758));
#5760= IFCPRODUCTDEFINITIONSHAPE($,$,(#5759));
#5761= IFCBEAM('1ycfpmDevArBaImP6z5SSY',#3728,'main piece','IPE300','IPE300',#5755,#5760,'b/627');
#5762= IFCPROPERTYSINGLEVALUE('IndicationMark',$,IFCIDENTIFIER('b/627'),$);
#5763= IFCPROPERTYSET('09DFWb8cv98esWHUS26ka0',#5,'AISC_EM11_Pset_PieceIdentification','PieceIdentity',(#1229,#5762,#1231,#1232));
#5764= IFCLOCALPLACEMENT(#42,#10);
#5765= IFCELEMENTASSEMBLY('2aZKolU5b0FOudit_7v4GY',#3728,'BEAM',$,$,#5764,$,'B/618',.NOTDEFINED.,.RIGID_FRAME.);
#5766= IFCCARTESIANPOINT((17144.9944610596,8122.51992429536,60699.9981994629));
#5767= IFCAXIS2PLACEMENT3D(#5766,#9,#7);
#5768= IFCLOCALPLACEMENT(#5764,#5767);
#5769= IFCSHAPEREPRESENTATION(#12,'Body','SweptSolid',(#4979));
#5770= IFCPRODUCTDEFINITIONSHAPE($,$,(#5769));
#5771= IFCBEAM('18Yh8XqtvAyODrNcCYpOs1',#3728,'main piece','IPE300','IPE300',#5768,#5770,'b/513');
#5772= IFCLOCALPLACEMENT(#42,#10);
#5773= IFCELEMENTASSEMBLY('1SlvnXcAjEJ9qoO3qrKkIB',#3728,'BEAM',$,$,#5772,$,'B/617',.NOTDEFINED.,.RIGID_FRAME.);
#5774= IFCCARTESIANPOINT((17392.6732177734,17475.1314660434,60684.9981994629));
#5775= IFCAXIS2PLACEMENT3D(#5774,#9,#8);
#5776= IFCLOCALPLACEMENT(#5772,#5775);
#5777= IFCCARTESIANPOINT((7127.23731994757,0.,-7.27595761418343E-12));
#5778= IFCAXIS2PLACEMENT3D(#5777,#675,#1222);
#5779= IFCEXTRUDEDAREASOLID(#3719,#5778,#9,7127.24);
#5780= IFCSHAPEREPRESENTATION(#12,'Body','SweptSolid',(#5779));
#5781= IFCPRODUCTDEFINITIONSHAPE($,$,(#5780));
#5782= IFCBEAM('2KhpVOc_1CzAlw8SVXdAMU',#3728,'main piece','IPE330','IPE330',#5776,#5781,'b/512');
#5783= IFCLOCALPLACEMENT(#42,#10);
#5784= IFCELEMENTASSEMBLY('0G6gGxCkzDYgnL0LfnJQMI',#3728,'BEAM',$,$,#5783,$,'B/616',.NOTDEFINED.,.RIGID_FRAME.);
#5785= IFCPROPERTYSINGLEVALUE('AssemblyMark',$,IFCIDENTIFIER('B/616'),$);
#5786= IFCPROPERTYSET('1XCjx7hffEhuryI6W_YKGJ',#5,'AISC_EM11_Pset_AssemblyIdentification','AssemblyIdentity',(#5785,#52,#53));
#5787= IFCCARTESIANPOINT((17392.5854797363,8217.51923764986,60684.9981994629));
#5788= IFCAXIS2PLACEMENT3D(#5787,#9,#8);
#5789= IFCLOCALPLACEMENT(#5783,#5788);
#5790= IFCCARTESIANPOINT((9067.61169433594,0.,0.));
#5791= IFCAXIS2PLACEMENT3D(#5790,#675,#1222);
#5792= IFCEXTRUDEDAREASOLID(#3719,#5791,#9,9067.61);
#5793= IFCSHAPEREPRESENTATION(#12,'Body','SweptSolid',(#5792));
#5794= IFCPRODUCTDEFINITIONSHAPE($,$,(#5793));
#5795= IFCBEAM('3Fidf4UB9918Uw8Rkmacsn',#3728,'main piece','IPE330','IPE330',#5789,#5794,'b/511');
#5796= IFCPROPERTYSINGLEVALUE('IndicationMark',$,IFCIDENTIFIER('b/511'),$);
#5797= IFCPROPERTYSET('1vWt4vTon0SOHoIqqyPetl',#5,'AISC_EM11_Pset_PieceIdentification','PieceIdentity',(#1229,#5796,#1231,#1232));
#5798= IFCLOCALPLACEMENT(#42,#10);
#5799= IFCELEMENTASSEMBLY('19wqPU7dT5WQWWW$GPdYIk',#3728,'BEAM',$,$,#5798,$,'B/615',.NOTDEFINED.,.RIGID_FRAME.);
#5800= IFCPROPERTYSINGLEVALUE('AssemblyMark',$,IFCIDENTIFIER('B/615'),$);
#5801= IFCPROPERTYSET('0$0boBLZfAoQuC8tp4oQH3',#5,'AISC_EM11_Pset_AssemblyIdentification','AssemblyIdentity',(#5800,#52,#53));
#5802= IFCCARTESIANPOINT((17392.6731414795,897.814683586565,60684.9981994629));
#5803= IFCAXIS2PLACEMENT3D(#5802,#9,#8);
#5804= IFCLOCALPLACEMENT(#5798,#5803);
#5805= IFCCARTESIANPOINT((7129.7092437757,0.,-7.27595761418343E-12));
#5806= IFCAXIS2PLACEMENT3D(#5805,#675,#1222);
#5807= IFCEXTRUDEDAREASOLID(#3719,#5806,#9,7129.71);
#5808= IFCSHAPEREPRESENTATION(#12,'Body','SweptSolid',(#5807));
#5809= IFCPRODUCTDEFINITIONSHAPE($,$,(#5808));
#5810= IFCBEAM('0E6ujWAx90Yw53ziAdRhoB',#3728,'main piece','IPE330','IPE330',#5804,#5809,'b/510');
#5811= IFCPROPERTYSINGLEVALUE('IndicationMark',$,IFCIDENTIFIER('b/510'),$);
#5812= IFCPROPERTYSET('3aLQBEhgTETQRPK7ZBnl_O',#5,'AISC_EM11_Pset_PieceIdentification','PieceIdentity',(#1229,#5811,#1231,#1232));
#5813= IFCLOCALPLACEMENT(#42,#10);
#5814= IFCELEMENTASSEMBLY('3D0wazhXf45e4Cdj6q0qbd',#3728,'BEAM',$,$,#5813,$,'B/776',.NOTDEFINED.,.RIGID_FRAME.);
#5815= IFCPROPERTYSINGLEVALUE('AssemblyMark',$,IFCIDENTIFIER('B/776'),$);
#5816= IFCPROPERTYSET('2eY0_TeizEovweKHrABBao',#5,'AISC_EM11_Pset_AssemblyIdentification','AssemblyIdentity',(#5815,#52,#53));
#5817= IFCCARTESIANPOINT((21200.087272644,17475.1314660434,60714.9981994629));
#5818= IFCDIRECTION((-0.00055739199980876,0.999999844657067,0.));
#5819= IFCAXIS2PLACEMENT3D(#5817,#9,#5818);
#5820= IFCLOCALPLACEMENT(#5813,#5819);
#5821= IFCCARTESIANPOINT((4434.79978919824,-4.80821956598699E-16,-7.27595761418343E-12));
#5822= IFCAXIS2PLACEMENT3D(#5821,#675,#1222);
#5823= IFCEXTRUDEDAREASOLID(#3794,#5822,#9,4434.8);
#5824= IFCSHAPEREPRESENTATION(#12,'Body','SweptSolid',(#5823));
#5825= IFCPRODUCTDEFINITIONSHAPE($,$,(#5824));
#5826= IFCBEAM('1RBR$0uE54tB1GW4Yey5nT',#3728,'main piece','IPE270','IPE270',#5820,#5825,'b/671');
#5827= IFCPROPERTYSINGLEVALUE('IndicationMark',$,IFCIDENTIFIER('b/671'),$);
#5828= IFCPROPERTYSET('1nA$jA$pPCdwX5dr6f9a7m',#5,'AISC_EM11_Pset_PieceIdentification','PieceIdentity',(#1229,#5827,#1231,#1232));
#5829= IFCLOCALPLACEMENT(#42,#10);
#5830= IFCELEMENTASSEMBLY('3X$tbtBEr7OAGPERTS571k',#3728,'BEAM',$,$,#5829,$,'B/613',.NOTDEFINED.,.RIGID_FRAME.);
#5831= IFCPROPERTYSINGLEVALUE('AssemblyMark',$,IFCIDENTIFIER('B/613'),$);
#5832= IFCPROPERTYSET('1u53oVmO54efcR44vGW_gT',#5,'AISC_EM11_Pset_AssemblyIdentification','AssemblyIdentity',(#5831,#52,#53));
#5833= IFCCARTESIANPOINT((22119.1060180657,19557.6136897822,60714.9981994629));
#5834= IFCAXIS2PLACEMENT3D(#5833,#9,#7);
#5835= IFCLOCALPLACEMENT(#5829,#5834);
#5836= IFCCARTESIANPOINT((968.236923218865,0.,-7.27595761418343E-12));
#5837= IFCAXIS2PLACEMENT3D(#5836,#675,#1222);
#5838= IFCEXTRUDEDAREASOLID(#3794,#5837,#9,968.24);
#5839= IFCSHAPEREPRESENTATION(#12,'Body','SweptSolid',(#5838));
#5840= IFCPRODUCTDEFINITIONSHAPE($,$,(#5839));
#5841= IFCBEAM('14aaQtdL55DvCX15l3Wn5O',#3728,'main piece','IPE270','IPE270',#5835,#5840,'b/508');
#5842= IFCPROPERTYSINGLEVALUE('IndicationMark',$,IFCIDENTIFIER('b/508'),$);
#5843= IFCPROPERTYSET('0x6DO9Nnr6kfEN8hUMJVYK',#5,'AISC_EM11_Pset_PieceIdentification','PieceIdentity',(#1229,#5842,#1231,#1232));
#5844= IFCCARTESIANPOINT((31893.3607417372,18130.1741143588,60714.9981994629));
#5845= IFCDIRECTION((0.000479692999974951,0.999999884947306,0.));
#5846= IFCAXIS2PLACEMENT3D(#5844,#9,#5845);
#5847= IFCLOCALPLACEMENT(#598,#5846);
#5848= IFCCARTESIANPOINT((6857.08124850652,0.,0.));
#5849= IFCAXIS2PLACEMENT3D(#5848,#675,#1222);
#5850= IFCEXTRUDEDAREASOLID(#3794,#5849,#9,6857.08);
#5851= IFCDIRECTION((-0.99999987475137,-0.000500496997483928,0.));
#5852= IFCCARTESIANPOINT((10.4488585453182,60.2554813546994,-120.));
#5853= IFCAXIS2PLACEMENT3D(#5852,#5851,#9);
#5854= IFCPLANE(#5853);
#5855= IFCHALFSPACESOLID(#5854,.F.);
#5856= IFCBOOLEANCLIPPINGRESULT(.DIFFERENCE.,#5850,#5855);
#5857= IFCDIRECTION((0.99999987465075,0.000500697997418717,0.));
#5858= IFCCARTESIANPOINT((6859.40575645731,-60.2555839543129,-120.));
#5859= IFCAXIS2PLACEMENT3D(#5858,#5857,#9);
#5860= IFCPLANE(#5859);
#5861= IFCHALFSPACESOLID(#5860,.F.);
#5862= IFCBOOLEANCLIPPINGRESULT(.DIFFERENCE.,#5856,#5861);
#5863= IFCSHAPEREPRESENTATION(#12,'Body','Clipping',(#5862));
#5864= IFCPRODUCTDEFINITIONSHAPE($,$,(#5863));
#5865= IFCBEAM('0ABZLhvrL9Q82Lm4FzCYe1',#44,'main piece','IPE270','IPE270',#5847,#5864,'b/499(?)');
#5866= IFCLOCALPLACEMENT(#598,#604);
#5867= IFCCARTESIANPOINT((0.,-3.66974116965281,0.));
#5868= IFCAXIS2PLACEMENT3D(#5867,#8,#7);
#5869= IFCEXTRUDEDAREASOLID(#1934,#5868,#9,6.8);
#5870= IFCSHAPEREPRESENTATION(#12,'Body','SweptSolid',(#5869));
#5871= IFCREPRESENTATIONMAP(#10,#5870);
#5872= IFCMAPPEDITEM(#5871,#86);
#5873= IFCMAPPEDITEM(#5871,#91);
#5874= IFCMAPPEDITEM(#5871,#94);
#5875= IFCSHAPEREPRESENTATION(#12,'Body','MappedRepresentation',(#5872,#5873,#5874));
#5876= IFCPRODUCTDEFINITIONSHAPE($,$,(#5875));
#5877= IFCOPENINGELEMENT('0nRRcMNuLAzAP7ZisRIurE',#5,$,$,'Opening',#5866,#5876,$);
#5878= IFCRELVOIDSELEMENT('3wL0cS0BTE7vH2P8Ipl6eS',#5,'Drill Hole',$,#5865,#5877);
#5879= IFCLOCALPLACEMENT(#598,#938);
#5880= IFCCARTESIANPOINT((0.,-3.66985372632935,0.));
#5881= IFCAXIS2PLACEMENT3D(#5880,#8,#7);
#5882= IFCEXTRUDEDAREASOLID(#1934,#5881,#9,6.8);
#5883= IFCSHAPEREPRESENTATION(#12,'Body','SweptSolid',(#5882));
#5884= IFCREPRESENTATIONMAP(#10,#5883);
#5885= IFCMAPPEDITEM(#5884,#86);
#5886= IFCMAPPEDITEM(#5884,#91);
#5887= IFCMAPPEDITEM(#5884,#94);
#5888= IFCSHAPEREPRESENTATION(#12,'Body','MappedRepresentation',(#5885,#5886,#5887));
#5889= IFCPRODUCTDEFINITIONSHAPE($,$,(#5888));
#5890= IFCOPENINGELEMENT('2rf1RmPJz60OGqSsionVUh',#5,$,$,'Opening',#5879,#5889,$);
#5891= IFCRELVOIDSELEMENT('0YS8RJHmTE4RJLfVzNocMM',#5,'Drill Hole',$,#5865,#5890);
#5892= IFCPROPERTYSINGLEVALUE('IndicationMark',$,IFCIDENTIFIER('b/499(?)'),$);
#5893= IFCPROPERTYSET('32dDBwirbFfxzQqC6ZJOvM',#5,'AISC_EM11_Pset_PieceIdentification','PieceIdentity',(#1229,#5892,#1231,#1232));
#5894= IFCPROPERTYSINGLEVALUE('SkewedAngleX',$,IFCREAL(-0.02868),$);
#5895= IFCPROPERTYSET('3xx98hVjDFPO4wo9W1f80v',#5,'AISC_EM11_Pset_SkewedEnd',$,(#1237,#5894));
#5896= IFCCARTESIANPOINT((29803.3605891494,18130.162670267,60714.9981994629));
#5897= IFCAXIS2PLACEMENT3D(#5896,#9,#5845);
#5898= IFCLOCALPLACEMENT(#621,#5897);
#5899= IFCCARTESIANPOINT((10.4561498076582,60.2554813546922,-120.));
#5900= IFCAXIS2PLACEMENT3D(#5899,#5851,#9);
#5901= IFCPLANE(#5900);
#5902= IFCHALFSPACESOLID(#5901,.F.);
#5903= IFCBOOLEANCLIPPINGRESULT(.DIFFERENCE.,#5850,#5902);
#5904= IFCCARTESIANPOINT((6859.41262762956,-60.2555839543056,-120.));
#5905= IFCAXIS2PLACEMENT3D(#5904,#5857,#9);
#5906= IFCPLANE(#5905);
#5907= IFCHALFSPACESOLID(#5906,.F.);
#5908= IFCBOOLEANCLIPPINGRESULT(.DIFFERENCE.,#5903,#5907);
#5909= IFCSHAPEREPRESENTATION(#12,'Body','Clipping',(#5908));
#5910= IFCPRODUCTDEFINITIONSHAPE($,$,(#5909));
#5911= IFCBEAM('3lwiMEbijDbe3lSywe8cbU',#44,'main piece','IPE270','IPE270',#5898,#5910,'b/499(?)');
#5912= IFCLOCALPLACEMENT(#621,#624);
#5913= IFCSHAPEREPRESENTATION(#12,'Body','MappedRepresentation',(#5872,#5873,#5874));
#5914= IFCPRODUCTDEFINITIONSHAPE($,$,(#5913));
#5915= IFCOPENINGELEMENT('3Z25JMVDL1Ugnokq7dJj5G',#5,$,$,'Opening',#5912,#5914,$);
#5916= IFCRELVOIDSELEMENT('3j1A8EdvjC7O72vkVnKGoG',#5,'Drill Hole',$,#5911,#5915);
#5917= IFCLOCALPLACEMENT(#621,#956);
#5918= IFCSHAPEREPRESENTATION(#12,'Body','MappedRepresentation',(#5885,#5886,#5887));
#5919= IFCPRODUCTDEFINITIONSHAPE($,$,(#5918));
#5920= IFCOPENINGELEMENT('3g8tDDGfz5CR2$MEBt$gr1',#5,$,$,'Opening',#5917,#5919,$);
#5921= IFCRELVOIDSELEMENT('0OVqXi5sL6ZOOkQzfNdu3L',#5,'Drill Hole',$,#5911,#5920);
#5922= IFCLOCALPLACEMENT(#42,#10);
#5923= IFCELEMENTASSEMBLY('2t1ZHY2ob9qwGzz_FxZ6u8',#3728,'BEAM',$,$,#5922,$,'B/731',.NOTDEFINED.,.RIGID_FRAME.);
#5924= IFCCARTESIANPOINT((17144.9944610596,24682.167484415,60714.9981994629));
#5925= IFCAXIS2PLACEMENT3D(#5924,#9,#1360);
#5926= IFCLOCALPLACEMENT(#5922,#5925);
#5927= IFCCARTESIANPOINT((3200.67119599923,0.,7.27595761418343E-12));
#5928= IFCAXIS2PLACEMENT3D(#5927,#675,#1222);
#5929= IFCEXTRUDEDAREASOLID(#3794,#5928,#9,3200.67);
#5930= IFCSHAPEREPRESENTATION(#12,'Body','SweptSolid',(#5929));
#5931= IFCPRODUCTDEFINITIONSHAPE($,$,(#5930));
#5932= IFCBEAM('3GiJXie3r1PgGr2Tg3ezSI',#3728,'main piece','IPE270','IPE270',#5926,#5931,'b/626');
#5933= IFCLOCALPLACEMENT(#42,#10);
#5934= IFCELEMENTASSEMBLY('3HZBeCwvT6TgLUZsG0vKwS',#3728,'BEAM',$,$,#5933,$,'B/611',.NOTDEFINED.,.RIGID_FRAME.);
#5935= IFCCARTESIANPOINT((19300.0876541138,17475.1314660434,60714.9981994629));
#5936= IFCAXIS2PLACEMENT3D(#5935,#9,#8);
#5937= IFCLOCALPLACEMENT(#5933,#5936);
#5938= IFCCARTESIANPOINT((7119.97222900391,0.,0.));
#5939= IFCAXIS2PLACEMENT3D(#5938,#675,#1222);
#5940= IFCEXTRUDEDAREASOLID(#3794,#5939,#9,7119.97);
#5941= IFCSHAPEREPRESENTATION(#12,'Body','SweptSolid',(#5940));
#5942= IFCPRODUCTDEFINITIONSHAPE($,$,(#5941));
#5943= IFCBEAM('3_noTTWtD3eheZHT6OTVfd',#3728,'main piece','IPE270','IPE270',#5937,#5942,'b/506');
#5944= IFCLOCALPLACEMENT(#42,#10);
#5945= IFCELEMENTASSEMBLY('1WzmsqwkTCexGNb1xlDQO$',#3728,'BEAM',$,$,#5944,$,'B/609',.NOTDEFINED.,.RIGID_FRAME.);
#5946= IFCPROPERTYSINGLEVALUE('AssemblyMark',$,IFCIDENTIFIER('B/609'),$);
#5947= IFCPROPERTYSET('2ulKZH2wL6gAH_DYEbeD7p',#5,'AISC_EM11_Pset_AssemblyIdentification','AssemblyIdentity',(#5946,#52,#53));
#5948= IFCCARTESIANPOINT((21199.9995346069,8217.51923764986,60714.9981994629));
#5949= IFCAXIS2PLACEMENT3D(#5948,#9,#8);
#5950= IFCLOCALPLACEMENT(#5944,#5949);
#5951= IFCEXTRUDEDAREASOLID(#3794,#5791,#9,9067.61);
#5952= IFCSHAPEREPRESENTATION(#12,'Body','SweptSolid',(#5951));
#5953= IFCPRODUCTDEFINITIONSHAPE($,$,(#5952));
#5954= IFCBEAM('2uxNv74HTAVAm5TT2BGElA',#3728,'main piece','IPE270','IPE270',#5950,#5953,'b/504');
#5955= IFCPROPERTYSINGLEVALUE('IndicationMark',$,IFCIDENTIFIER('b/504'),$);
#5956= IFCPROPERTYSET('2Mx_hHzBrF1Pc38KZ0sx48',#5,'AISC_EM11_Pset_PieceIdentification','PieceIdentity',(#1229,#5955,#1231,#1232));
#5957= IFCLOCALPLACEMENT(#42,#10);
#5958= IFCELEMENTASSEMBLY('2HuhmPPsfCfwPIIRx9BSLP',#3728,'BEAM',$,$,#5957,$,'B/730',.NOTDEFINED.,.RIGID_FRAME.);
#5959= IFCPROPERTYSINGLEVALUE('AssemblyMark',$,IFCIDENTIFIER('B/730'),$);
#5960= IFCPROPERTYSET('1R5jfs3AD3ZPI1twtRJLeS',#5,'AISC_EM11_Pset_AssemblyIdentification','AssemblyIdentity',(#5959,#52,#53));
#5961= IFCCARTESIANPOINT((21199.9995346069,3597.95054380838,60714.9981994629));
#5962= IFCAXIS2PLACEMENT3D(#5961,#9,#8);
#5963= IFCLOCALPLACEMENT(#5957,#5962);
#5964= IFCCARTESIANPOINT((4429.56911345817,0.,0.));
#5965= IFCAXIS2PLACEMENT3D(#5964,#675,#1222);
#5966= IFCEXTRUDEDAREASOLID(#3794,#5965,#9,4429.57);
#5967= IFCSHAPEREPRESENTATION(#12,'Body','SweptSolid',(#5966));
#5968= IFCPRODUCTDEFINITIONSHAPE($,$,(#5967));
#5969= IFCBEAM('0pzXfHVYbBGQrLSpvwXaIc',#3728,'main piece','IPE270','IPE270',#5963,#5968,'b/625');
#5970= IFCPROPERTYSINGLEVALUE('IndicationMark',$,IFCIDENTIFIER('b/625'),$);
#5971= IFCPROPERTYSET('1TrWslQhH2Ex69Ztg4OdZo',#5,'AISC_EM11_Pset_PieceIdentification','PieceIdentity',(#1229,#5970,#1231,#1232));
#5972= IFCLOCALPLACEMENT(#42,#10);
#5973= IFCELEMENTASSEMBLY('3UKFZdsSPBeQwtDt578e$V',#3728,'BEAM',$,$,#5972,$,'B/609',.NOTDEFINED.,.RIGID_FRAME.);
#5974= IFCCARTESIANPOINT((19299.9999160767,8217.51923764986,60714.9981994629));
#5975= IFCAXIS2PLACEMENT3D(#5974,#9,#8);
#5976= IFCLOCALPLACEMENT(#5972,#5975);
#5977= IFCSHAPEREPRESENTATION(#12,'Body','SweptSolid',(#5951));
#5978= IFCPRODUCTDEFINITIONSHAPE($,$,(#5977));
#5979= IFCBEAM('2wBmvuYirD48hs0sBalbk9',#3728,'main piece','IPE270','IPE270',#5976,#5978,'b/504');
#5980= IFCLOCALPLACEMENT(#42,#10);
#5981= IFCELEMENTASSEMBLY('0QGH1mSMbCmBUqbcZRKKvl',#3728,'BEAM',$,$,#5980,$,'B/608',.NOTDEFINED.,.RIGID_FRAME.);
#5982= IFCPROPERTYSINGLEVALUE('AssemblyMark',$,IFCIDENTIFIER('B/608'),$);
#5983= IFCPROPERTYSET('21KxTr$sT1z8HD0gDbL$Qo',#5,'AISC_EM11_Pset_AssemblyIdentification','AssemblyIdentity',(#5982,#52,#53));
#5984= IFCCARTESIANPOINT((19299.9999160767,905.109836709915,60714.9981994629));
#5985= IFCAXIS2PLACEMENT3D(#5984,#9,#8);
#5986= IFCLOCALPLACEMENT(#5980,#5985);
#5987= IFCCARTESIANPOINT((7122.41554260254,0.,0.));
#5988= IFCAXIS2PLACEMENT3D(#5987,#675,#1222);
#5989= IFCEXTRUDEDAREASOLID(#3794,#5988,#9,7122.42);
#5990= IFCSHAPEREPRESENTATION(#12,'Body','SweptSolid',(#5989));
#5991= IFCPRODUCTDEFINITIONSHAPE($,$,(#5990));
#5992= IFCBEAM('3LBSqXSV99QQovfJdkiEKh',#3728,'main piece','IPE270','IPE270',#5986,#5991,'b/503');
#5993= IFCPROPERTYSINGLEVALUE('IndicationMark',$,IFCIDENTIFIER('b/503'),$);
#5994= IFCPROPERTYSET('0emn7$1X54v8KyuB$TEu9r',#5,'AISC_EM11_Pset_PieceIdentification','PieceIdentity',(#1229,#5993,#1231,#1232));
#5995= IFCLOCALPLACEMENT(#42,#10);
#5996= IFCELEMENTASSEMBLY('11yUOxsLXEpv0IvEnnrL1L',#3728,'BEAM',$,$,#5995,$,'B/729',.NOTDEFINED.,.RIGID_FRAME.);
#5997= IFCPROPERTYSINGLEVALUE('AssemblyMark',$,IFCIDENTIFIER('B/729'),$);
#5998= IFCPROPERTYSET('0HKrPElaD3NA_278eCDifs',#5,'AISC_EM11_Pset_AssemblyIdentification','AssemblyIdentity',(#5997,#52,#53));
#5999= IFCCARTESIANPOINT((17144.9944610596,817.609979761062,60714.9981994629));
#6000= IFCAXIS2PLACEMENT3D(#5999,#9,#7);
#6001= IFCLOCALPLACEMENT(#5995,#6000);
#6002= IFCCARTESIANPOINT((3187.96163925289,1.13686837721616E-13,7.27595761418343E-12));
#6003= IFCAXIS2PLACEMENT3D(#6002,#675,#1222);
#6004= IFCEXTRUDEDAREASOLID(#3794,#6003,#9,3187.96);
#6005= IFCSHAPEREPRESENTATION(#12,'Body','SweptSolid',(#6004));
#6006= IFCPRODUCTDEFINITIONSHAPE($,$,(#6005));
#6007= IFCBEAM('3r9EeYpW9CZRxqWO1kPCH7',#3728,'main piece','IPE270','IPE270',#6001,#6006,'b/624');
#6008= IFCPROPERTYSINGLEVALUE('IndicationMark',$,IFCIDENTIFIER('b/624'),$);
#6009= IFCPROPERTYSET('28Emv3YgfAAPINCRl6IJIf',#5,'AISC_EM11_Pset_PieceIdentification','PieceIdentity',(#1229,#6008,#1231,#1232));
#6010= IFCLOCALPLACEMENT(#42,#10);
#6011= IFCELEMENTASSEMBLY('2RyFgIhIL8jh86Qyv_nBe9',#3728,'BEAM',$,$,#6010,$,'B/728',.NOTDEFINED.,.RIGID_FRAME.);
#6012= IFCCARTESIANPOINT((22659.8765487671,17475.1314660434,60699.9981994629));
#6013= IFCDIRECTION((-0.293755746120962,0.955880516393611,0.));
#6014= IFCAXIS2PLACEMENT3D(#6012,#9,#6013);
#6015= IFCLOCALPLACEMENT(#6010,#6014);
#6016= IFCCARTESIANPOINT((8176.34011207737,0.,0.));
#6017= IFCAXIS2PLACEMENT3D(#6016,#675,#1222);
#6018= IFCEXTRUDEDAREASOLID(#4010,#6017,#9,8176.34);
#6019= IFCSHAPEREPRESENTATION(#12,'Body','SweptSolid',(#6018));
#6020= IFCPRODUCTDEFINITIONSHAPE($,$,(#6019));
#6021= IFCBEAM('2MHbZQlA90zfJfU9L3G2Vm',#3728,'main piece','IPE300','IPE300',#6015,#6020,'b/623');
#6022= IFCCARTESIANPOINT((27716.6582017583,17630.1340600376,60714.9981994629));
#6023= IFCAXIS2PLACEMENT3D(#6022,#9,#603);
#6024= IFCLOCALPLACEMENT(#962,#6023);
#6025= IFCCARTESIANPOINT((7357.12814331903,-3.63797880709171E-12,0.));
#6026= IFCAXIS2PLACEMENT3D(#6025,#675,#1222);
#6027= IFCEXTRUDEDAREASOLID(#3794,#6026,#9,7357.13);
#6028= IFCCARTESIANPOINT((7359.40687861025,-60.0099362966066,-120.));
#6029= IFCAXIS2PLACEMENT3D(#6028,#3798,#9);
#6030= IFCPLANE(#6029);
#6031= IFCHALFSPACESOLID(#6030,.F.);
#6032= IFCBOOLEANCLIPPINGRESULT(.DIFFERENCE.,#6027,#6031);
#6033= IFCSHAPEREPRESENTATION(#12,'Body','Clipping',(#6032));
#6034= IFCPRODUCTDEFINITIONSHAPE($,$,(#6033));
#6035= IFCBEAM('0psAIM$fvF6OwIy6sxEBR4',#44,'main piece','IPE270','IPE270',#6024,#6034,'b/599(?)');
#6036= IFCLOCALPLACEMENT(#962,#967);
#6037= IFCCARTESIANPOINT((0.,-3.40036283736096,0.));
#6038= IFCAXIS2PLACEMENT3D(#6037,#8,#7);
#6039= IFCEXTRUDEDAREASOLID(#1934,#6038,#9,6.8);
#6040= IFCSHAPEREPRESENTATION(#12,'Body','SweptSolid',(#6039));
#6041= IFCREPRESENTATIONMAP(#10,#6040);
#6042= IFCMAPPEDITEM(#6041,#86);
#6043= IFCMAPPEDITEM(#6041,#91);
#6044= IFCMAPPEDITEM(#6041,#94);
#6045= IFCSHAPEREPRESENTATION(#12,'Body','MappedRepresentation',(#6042,#6043,#6044));
#6046= IFCPRODUCTDEFINITIONSHAPE($,$,(#6045));
#6047= IFCOPENINGELEMENT('01CpyBLqL7wO9Jf7gf8CCc',#5,$,$,'Opening',#6036,#6046,$);
#6048= IFCRELVOIDSELEMENT('2F7dqTFIrAwOQWwozZRpmV',#5,'Drill Hole',$,#6035,#6047);
#6049= IFCPROPERTYSINGLEVALUE('IndicationMark',$,IFCIDENTIFIER('b/599(?)'),$);
#6050= IFCPROPERTYSET('1SSO_4Yp5F2upcIWEV3RSX',#5,'AISC_EM11_Pset_PieceIdentification','PieceIdentity',(#1229,#6049,#1231,#1232));
#6051= IFCLOCALPLACEMENT(#42,#10);
#6052= IFCELEMENTASSEMBLY('2OeZF6yV14fO3LtTXBEX3Y',#3728,'BEAM',$,$,#6051,$,'B/603',.NOTDEFINED.,.RIGID_FRAME.);
#6053= IFCPROPERTYSINGLEVALUE('AssemblyMark',$,IFCIDENTIFIER('B/603'),$);
#6054= IFCPROPERTYSET('1LJXGxjgL1iQFBmACvFHrN',#5,'AISC_EM11_Pset_AssemblyIdentification','AssemblyIdentity',(#6053,#52,#53));
#6055= IFCCARTESIANPOINT((65874.9997253418,16982.9039117221,60714.9981994629));
#6056= IFCAXIS2PLACEMENT3D(#6055,#9,#1222);
#6057= IFCLOCALPLACEMENT(#6051,#6056);
#6058= IFCCARTESIANPOINT((8465.00015258793,0.,0.));
#6059= IFCAXIS2PLACEMENT3D(#6058,#675,#1222);
#6060= IFCEXTRUDEDAREASOLID(#3794,#6059,#9,8465.);
#6061= IFCSHAPEREPRESENTATION(#12,'Body','SweptSolid',(#6060));
#6062= IFCPRODUCTDEFINITIONSHAPE($,$,(#6061));
#6063= IFCBEAM('06rH9oG8z0zRKKdYDrKuj0',#3728,'main piece','IPE270','IPE270',#6057,#6062,'b/498');
#6064= IFCPROPERTYSINGLEVALUE('IndicationMark',$,IFCIDENTIFIER('b/498'),$);
#6065= IFCPROPERTYSET('2Nj4ssMMbBtRR3Q$uWGAph',#5,'AISC_EM11_Pset_PieceIdentification','PieceIdentity',(#1229,#6064,#1231,#1232));
#6066= IFCCARTESIANPOINT((65955.2037353516,9958.54420865816,60729.9981994629));
#6067= IFCAXIS2PLACEMENT3D(#6066,#9,#1360);
#6068= IFCLOCALPLACEMENT(#1094,#6067);
#6069= IFCCARTESIANPOINT((1819.87762451956,0.,0.));
#6070= IFCAXIS2PLACEMENT3D(#6069,#675,#1222);
#6071= IFCEXTRUDEDAREASOLID(#3764,#6070,#9,1819.88);
#6072= IFCCARTESIANPOINT((1534.32696883995,-60.008803055016,-120.));
#6073= IFCAXIS2PLACEMENT3D(#6072,#4313,#9);
#6074= IFCPLANE(#6073);
#6075= IFCHALFSPACESOLID(#6074,.F.);
#6076= IFCBOOLEANCLIPPINGRESULT(.DIFFERENCE.,#6071,#6075);
#6077= IFCSHAPEREPRESENTATION(#12,'Body','Clipping',(#6076));
#6078= IFCPRODUCTDEFINITIONSHAPE($,$,(#6077));
#6079= IFCBEAM('00la5atyv8wBrqstfgtJuq',#44,'main piece','IPE240','IPE240',#6068,#6078,'b/497(?)');
#6080= IFCLOCALPLACEMENT(#1094,#1099);
#6081= IFCCARTESIANPOINT((0.,-3.19911958807734,0.));
#6082= IFCAXIS2PLACEMENT3D(#6081,#8,#7);
#6083= IFCEXTRUDEDAREASOLID(#1934,#6082,#9,6.4);
#6084= IFCSHAPEREPRESENTATION(#12,'Body','SweptSolid',(#6083));
#6085= IFCREPRESENTATIONMAP(#10,#6084);
#6086= IFCMAPPEDITEM(#6085,#86);
#6087= IFCMAPPEDITEM(#6085,#91);
#6088= IFCMAPPEDITEM(#6085,#94);
#6089= IFCSHAPEREPRESENTATION(#12,'Body','MappedRepresentation',(#6086,#6087,#6088));
#6090= IFCPRODUCTDEFINITIONSHAPE($,$,(#6089));
#6091= IFCOPENINGELEMENT('2tMy$lCB97XgDaKDemcNpW',#5,$,$,'Opening',#6080,#6090,$);
#6092= IFCRELVOIDSELEMENT('3BVAa7aIX40Aody7Yab$c8',#5,'Drill Hole',$,#6079,#6091);
#6093= IFCPROPERTYSINGLEVALUE('IndicationMark',$,IFCIDENTIFIER('b/497(?)'),$);
#6094= IFCPROPERTYSET('0U0OxsuOT7UwvF62bHNJ65',#5,'AISC_EM11_Pset_PieceIdentification','PieceIdentity',(#1229,#6093,#1231,#1232));
#6095= IFCLOCALPLACEMENT(#42,#10);
#6096= IFCELEMENTASSEMBLY('1OYd6Av4z5KuOEmbM2y0I3',#3728,'BEAM',$,$,#6095,$,'B/599',.NOTDEFINED.,.RIGID_FRAME.);
#6097= IFCPROPERTYSINGLEVALUE('AssemblyMark',$,IFCIDENTIFIER('B/599'),$);
#6098= IFCPROPERTYSET('0Yse6KneP0PPLuj7hpN0TK',#5,'AISC_EM11_Pset_AssemblyIdentification','AssemblyIdentity',(#6097,#52,#53));
#6099= IFCCARTESIANPOINT((67140.2585724716,10031.1575594442,60729.9981994629));
#6100= IFCAXIS2PLACEMENT3D(#6099,#9,#8);
#6101= IFCLOCALPLACEMENT(#6095,#6100);
#6102= IFCCARTESIANPOINT((2736.31132420178,0.,0.));
#6103= IFCAXIS2PLACEMENT3D(#6102,#675,#1222);
#6104= IFCEXTRUDEDAREASOLID(#3764,#6103,#9,2736.31);
#6105= IFCSHAPEREPRESENTATION(#12,'Body','SweptSolid',(#6104));
#6106= IFCPRODUCTDEFINITIONSHAPE($,$,(#6105));
#6107= IFCBEAM('2c4FHsqvP97fGQdG9bWGrt',#3728,'main piece','IPE240','IPE240',#6101,#6106,'b/494');
#6108= IFCPROPERTYSINGLEVALUE('IndicationMark',$,IFCIDENTIFIER('b/494'),$);
#6109= IFCPROPERTYSET('3GWhOL1grFlvUZ$eBjLf8T',#5,'AISC_EM11_Pset_PieceIdentification','PieceIdentity',(#1229,#6108,#1231,#1232));
#6110= IFCCARTESIANPOINT((65955.2037353516,12840.1894112949,60729.9981994629));
#6111= IFCAXIS2PLACEMENT3D(#6110,#9,#1360);
#6112= IFCLOCALPLACEMENT(#1072,#6111);
#6113= IFCCARTESIANPOINT((1842.8802490277,0.,-7.27595761418343E-12));
#6114= IFCAXIS2PLACEMENT3D(#6113,#675,#1222);
#6115= IFCEXTRUDEDAREASOLID(#3764,#6114,#9,1842.88);
#6116= IFCCARTESIANPOINT((1534.32700106331,-60.0090771770156,-120.000000000007));
#6117= IFCAXIS2PLACEMENT3D(#6116,#4313,#9);
#6118= IFCPLANE(#6117);
#6119= IFCHALFSPACESOLID(#6118,.F.);
#6120= IFCBOOLEANCLIPPINGRESULT(.DIFFERENCE.,#6115,#6119);
#6121= IFCSHAPEREPRESENTATION(#12,'Body','Clipping',(#6120));
#6122= IFCPRODUCTDEFINITIONSHAPE($,$,(#6121));
#6123= IFCBEAM('3XcXqrhhH6fQNTxqNdICWO',#44,'main piece','IPE240','IPE240',#6112,#6122,'b/496(?)');
#6124= IFCLOCALPLACEMENT(#1072,#1077);
#6125= IFCCARTESIANPOINT((0.,-3.19942030773333,0.));
#6126= IFCAXIS2PLACEMENT3D(#6125,#8,#7);
#6127= IFCEXTRUDEDAREASOLID(#1934,#6126,#9,6.4);
#6128= IFCSHAPEREPRESENTATION(#12,'Body','SweptSolid',(#6127));
#6129= IFCREPRESENTATIONMAP(#10,#6128);
#6130= IFCMAPPEDITEM(#6129,#86);
#6131= IFCMAPPEDITEM(#6129,#91);
#6132= IFCMAPPEDITEM(#6129,#94);
#6133= IFCSHAPEREPRESENTATION(#12,'Body','MappedRepresentation',(#6130,#6131,#6132));
#6134= IFCPRODUCTDEFINITIONSHAPE($,$,(#6133));
#6135= IFCOPENINGELEMENT('30J5g7fl90_fcEVk1JF1gX',#5,$,$,'Opening',#6124,#6134,$);
#6136= IFCRELVOIDSELEMENT('22fiNrL0H09gWn4ABP3aUc',#5,'Drill Hole',$,#6123,#6135);
#6137= IFCPROPERTYSINGLEVALUE('IndicationMark',$,IFCIDENTIFIER('b/496(?)'),$);
#6138= IFCPROPERTYSET('2cj4gFEIH1ePnt2SyJAHlQ',#5,'AISC_EM11_Pset_PieceIdentification','PieceIdentity',(#1229,#6137,#1231,#1232));
#6139= IFCPROPERTYSET('3H4gqckynB$hMdzhPjfFDM',#5,'AISC_EM11_Pset_SkewedEnd_2',$,(#1237,#5107));
#6140= IFCLOCALPLACEMENT(#42,#10);
#6141= IFCELEMENTASSEMBLY('3Id$b3VoL1fACADtOoVzxV',#3728,'BEAM',$,$,#6140,$,'B/424',.NOTDEFINED.,.RIGID_FRAME.);
#6142= IFCPROPERTYSINGLEVALUE('AssemblyMark',$,IFCIDENTIFIER('B/424'),$);
#6143= IFCPROPERTYSET('1PGuxkLTDDvBc6BF9VroR4',#5,'AISC_EM11_Pset_AssemblyIdentification','AssemblyIdentity',(#6142,#52,#53));
#6144= IFCCARTESIANPOINT((47912.9902954102,11513.0428811435,60749.9981994629));
#6145= IFCAXIS2PLACEMENT3D(#6144,#9,#7);
#6146= IFCLOCALPLACEMENT(#6140,#6145);
#6147= IFCCARTESIANPOINT((2874.60327148438,0.,0.));
#6148= IFCAXIS2PLACEMENT3D(#6147,#675,#1222);
#6149= IFCEXTRUDEDAREASOLID(#3736,#6148,#9,2874.6);
#6150= IFCSHAPEREPRESENTATION(#12,'Body','SweptSolid',(#6149));
#6151= IFCPRODUCTDEFINITIONSHAPE($,$,(#6150));
#6152= IFCBEAM('0m31hx7PbFQOKDWB90Tfq3',#3728,'main piece','[]200*100*4','[]200*100*4',#6146,#6151,'b/319');
#6153= IFCPROPERTYSINGLEVALUE('IndicationMark',$,IFCIDENTIFIER('b/319'),$);
#6154= IFCPROPERTYSET('3eAE4zIWT8juIxAVeukmVM',#5,'AISC_EM11_Pset_PieceIdentification','PieceIdentity',(#1229,#6153,#1231,#1232));
#6155= IFCLOCALPLACEMENT(#42,#10);
#6156= IFCELEMENTASSEMBLY('0PIukZEpn4IAlR7RL_fYnC',#3728,'BEAM',$,$,#6155,$,'B/423',.NOTDEFINED.,.RIGID_FRAME.);
#6157= IFCPROPERTYSINGLEVALUE('AssemblyMark',$,IFCIDENTIFIER('B/423'),$);
#6158= IFCPROPERTYSET('16kqGgK$bBnBUkwaCv8fvD',#5,'AISC_EM11_Pset_AssemblyIdentification','AssemblyIdentity',(#6157,#52,#53));
#6159= IFCCARTESIANPOINT((47912.9902954102,13963.04078306,60749.9981994629));
#6160= IFCAXIS2PLACEMENT3D(#6159,#9,#7);
#6161= IFCLOCALPLACEMENT(#6155,#6160);
#6162= IFCCARTESIANPOINT((2870.,0.,0.));
#6163= IFCAXIS2PLACEMENT3D(#6162,#675,#1222);
#6164= IFCEXTRUDEDAREASOLID(#3736,#6163,#9,2870.);
#6165= IFCSHAPEREPRESENTATION(#12,'Body','SweptSolid',(#6164));
#6166= IFCPRODUCTDEFINITIONSHAPE($,$,(#6165));
#6167= IFCBEAM('1S_M_3Hg17r9mTTIb8QbO8',#3728,'main piece','[]200*100*4','[]200*100*4',#6161,#6166,'b/318');
#6168= IFCPROPERTYSINGLEVALUE('IndicationMark',$,IFCIDENTIFIER('b/318'),$);
#6169= IFCPROPERTYSET('03BR2rPQf2LeQlFYMnn3N0',#5,'AISC_EM11_Pset_PieceIdentification','PieceIdentity',(#1229,#6168,#1231,#1232));
#6170= IFCLOCALPLACEMENT(#42,#10);
#6171= IFCELEMENTASSEMBLY('3ZU5RWfeH6ZPCvjgr3TjZx',#3728,'BEAM',$,$,#6170,$,'B/775',.NOTDEFINED.,.RIGID_FRAME.);
#6172= IFCPROPERTYSINGLEVALUE('AssemblyMark',$,IFCIDENTIFIER('B/775'),$);
#6173= IFCPROPERTYSET('0ydM74F9b66OJovrDjasol',#5,'AISC_EM11_Pset_AssemblyIdentification','AssemblyIdentity',(#6172,#52,#53));
#6174= IFCCARTESIANPOINT((45150.1862640381,16483.6028609315,60714.9981994629));
#6175= IFCAXIS2PLACEMENT3D(#6174,#9,#1222);
#6176= IFCLOCALPLACEMENT(#6170,#6175);
#6177= IFCCARTESIANPOINT((7465.2003301298,0.,0.));
#6178= IFCAXIS2PLACEMENT3D(#6177,#675,#1222);
#6179= IFCEXTRUDEDAREASOLID(#3794,#6178,#9,7465.2);
#6180= IFCSHAPEREPRESENTATION(#12,'Body','SweptSolid',(#6179));
#6181= IFCPRODUCTDEFINITIONSHAPE($,$,(#6180));
#6182= IFCBEAM('1EnXUfaOr3PBJuS0a21vew',#3728,'main piece','IPE270','IPE270',#6176,#6181,'b/670');
#6183= IFCPROPERTYSINGLEVALUE('IndicationMark',$,IFCIDENTIFIER('b/670'),$);
#6184= IFCPROPERTYSET('3VApbl_EjEyeudRcAzpL_T',#5,'AISC_EM11_Pset_PieceIdentification','PieceIdentity',(#1229,#6183,#1231,#1232));
#6185= IFCLOCALPLACEMENT(#42,#10);
#6186= IFCELEMENTASSEMBLY('2nOw_aOavETgbH2KggvInJ',#3728,'BEAM',$,$,#6185,$,'B/774',.NOTDEFINED.,.RIGID_FRAME.);
#6187= IFCPROPERTYSINGLEVALUE('AssemblyMark',$,IFCIDENTIFIER('B/774'),$);
#6188= IFCPROPERTYSET('3UcSYM2050wBchaHShnOfq',#5,'AISC_EM11_Pset_AssemblyIdentification','AssemblyIdentity',(#6187,#52,#53));
#6189= IFCCARTESIANPOINT((40375.0855560303,16747.880413187,60714.9981994629));
#6190= IFCAXIS2PLACEMENT3D(#6189,#9,#1222);
#6191= IFCLOCALPLACEMENT(#6185,#6190);
#6192= IFCCARTESIANPOINT((7993.19944251423,0.,0.));
#6193= IFCAXIS2PLACEMENT3D(#6192,#675,#1222);
#6194= IFCEXTRUDEDAREASOLID(#3794,#6193,#9,7993.2);
#6195= IFCSHAPEREPRESENTATION(#12,'Body','SweptSolid',(#6194));
#6196= IFCPRODUCTDEFINITIONSHAPE($,$,(#6195));
#6197= IFCBEAM('3ij_NZJJD0jA_2VBqDVDFe',#3728,'main piece','IPE270','IPE270',#6191,#6196,'b/669');
#6198= IFCPROPERTYSINGLEVALUE('IndicationMark',$,IFCIDENTIFIER('b/669'),$);
#6199= IFCPROPERTYSET('27gXnV2UPDyPVdzF1IbSr1',#5,'AISC_EM11_Pset_PieceIdentification','PieceIdentity',(#1229,#6198,#1231,#1232));
#6200= IFCLOCALPLACEMENT(#42,#10);
#6201= IFCELEMENTASSEMBLY('2w4cj5kjD6ghNToECMqDwA',#3728,'BEAM',$,$,#6200,$,'B/636',.NOTDEFINED.,.RIGID_FRAME.);
#6202= IFCCARTESIANPOINT((38250.0855560303,8637.25505209362,60714.9981994629));
#6203= IFCAXIS2PLACEMENT3D(#6202,#9,#8);
#6204= IFCLOCALPLACEMENT(#6200,#6203);
#6205= IFCCARTESIANPOINT((8228.20005286583,0.,0.));
#6206= IFCAXIS2PLACEMENT3D(#6205,#675,#1222);
#6207= IFCEXTRUDEDAREASOLID(#3794,#6206,#9,8228.2);
#6208= IFCSHAPEREPRESENTATION(#12,'Body','SweptSolid',(#6207));
#6209= IFCPRODUCTDEFINITIONSHAPE($,$,(#6208));
#6210= IFCBEAM('3d5IbEi1LDi9R_LsMSyDIb',#3728,'main piece','IPE270','IPE270',#6204,#6209,'b/531');
#6211= IFCLOCALPLACEMENT(#42,#10);
#6212= IFCELEMENTASSEMBLY('1KvipKhfz8HfyJirm_jtcH',#3728,'BEAM',$,$,#6211,$,'B/773',.NOTDEFINED.,.RIGID_FRAME.);
#6213= IFCPROPERTYSINGLEVALUE('AssemblyMark',$,IFCIDENTIFIER('B/773'),$);
#6214= IFCPROPERTYSET('1z8PsYNiH7RhibiqK8MJGI',#5,'AISC_EM11_Pset_AssemblyIdentification','AssemblyIdentity',(#6213,#52,#53));
#6215= IFCCARTESIANPOINT((36125.0855560303,8519.87872457897,60714.9981994629));
#6216= IFCAXIS2PLACEMENT3D(#6215,#9,#8);
#6217= IFCLOCALPLACEMENT(#6211,#6216);
#6218= IFCCARTESIANPOINT((8463.20066321737,0.,0.));
#6219= IFCAXIS2PLACEMENT3D(#6218,#675,#1222);
#6220= IFCEXTRUDEDAREASOLID(#3794,#6219,#9,8463.2);
#6221= IFCSHAPEREPRESENTATION(#12,'Body','SweptSolid',(#6220));
#6222= IFCPRODUCTDEFINITIONSHAPE($,$,(#6221));
#6223= IFCBEAM('37lefH0g5C6PEb2enGkvHc',#3728,'main piece','IPE270','IPE270',#6217,#6222,'b/668');
#6224= IFCPROPERTYSINGLEVALUE('IndicationMark',$,IFCIDENTIFIER('b/668'),$);
#6225= IFCPROPERTYSET('2zmOp1LbT7QBTEM9xpkg6x',#5,'AISC_EM11_Pset_PieceIdentification','PieceIdentity',(#1229,#6224,#1231,#1232));
#6226= IFCLOCALPLACEMENT(#42,#10);
#6227= IFCELEMENTASSEMBLY('3XJpuYp3vAnw47GWAziNw2',#3728,'BEAM',$,$,#6226,$,'B/599',.NOTDEFINED.,.RIGID_FRAME.);
#6228= IFCCARTESIANPOINT((34860.2578277588,10031.213237894,60729.9981994629));
#6229= IFCAXIS2PLACEMENT3D(#6228,#9,#603);
#6230= IFCLOCALPLACEMENT(#6226,#6229);
#6231= IFCCARTESIANPOINT((2736.28652866782,5.79431210727435E-19,0.));
#6232= IFCAXIS2PLACEMENT3D(#6231,#675,#1222);
#6233= IFCEXTRUDEDAREASOLID(#3764,#6232,#9,2736.29);
#6234= IFCSHAPEREPRESENTATION(#12,'Body','SweptSolid',(#6233));
#6235= IFCPRODUCTDEFINITIONSHAPE($,$,(#6234));
#6236= IFCBEAM('2D4usnjcb1_ebcL3N2Mq6D',#3728,'main piece','IPE240','IPE240',#6230,#6235,'b/494');
#6237= IFCCARTESIANPOINT((34212.9857177734,9958.49271024507,60729.9981994629));
#6238= IFCAXIS2PLACEMENT3D(#6237,#9,#7);
#6239= IFCLOCALPLACEMENT(#1169,#6238);
#6240= IFCCARTESIANPOINT((1815.79971313548,-1.92255272830083E-19,-7.27595761418343E-12));
#6241= IFCAXIS2PLACEMENT3D(#6240,#675,#1222);
#6242= IFCEXTRUDEDAREASOLID(#3764,#6241,#9,1815.8);
#6243= IFCCARTESIANPOINT((297.483515208056,60.0093375163324,-120.000000000007));
#6244= IFCAXIS2PLACEMENT3D(#6243,#4101,#9);
#6245= IFCPLANE(#6244);
#6246= IFCHALFSPACESOLID(#6245,.F.);
#6247= IFCBOOLEANCLIPPINGRESULT(.DIFFERENCE.,#6242,#6246);
#6248= IFCSHAPEREPRESENTATION(#12,'Body','Clipping',(#6247));
#6249= IFCPRODUCTDEFINITIONSHAPE($,$,(#6248));
#6250= IFCBEAM('0g2aiPm7fECgtwCkwDCJbk',#44,'main piece','IPE240','IPE240',#6239,#6249,'b/493(?)');
#6251= IFCLOCALPLACEMENT(#1169,#1174);
#6252= IFCCARTESIANPOINT((0.,-3.19970590833036,0.));
#6253= IFCAXIS2PLACEMENT3D(#6252,#8,#7);
#6254= IFCEXTRUDEDAREASOLID(#1934,#6253,#9,6.4);
#6255= IFCSHAPEREPRESENTATION(#12,'Body','SweptSolid',(#6254));
#6256= IFCREPRESENTATIONMAP(#10,#6255);
#6257= IFCMAPPEDITEM(#6256,#86);
#6258= IFCMAPPEDITEM(#6256,#91);
#6259= IFCMAPPEDITEM(#6256,#94);
#6260= IFCSHAPEREPRESENTATION(#12,'Body','MappedRepresentation',(#6257,#6258,#6259));
#6261= IFCPRODUCTDEFINITIONSHAPE($,$,(#6260));
#6262= IFCOPENINGELEMENT('2HoTYCuLDAp8j8os4BLSou',#5,$,$,'Opening',#6251,#6261,$);
#6263= IFCRELVOIDSELEMENT('1y6lxFSAT1ywDHY_bWjDPo',#5,'Drill Hole',$,#6250,#6262);
#6264= IFCPROPERTYSINGLEVALUE('IndicationMark',$,IFCIDENTIFIER('b/493(?)'),$);
#6265= IFCPROPERTYSET('2YYIA2YKX9$wS6AG9bagb$',#5,'AISC_EM11_Pset_PieceIdentification','PieceIdentity',(#1229,#6264,#1231,#1232));
#6266= IFCPROPERTYSINGLEVALUE('SkewedAngleX',$,IFCREAL(-0.00105),$);
#6267= IFCPROPERTYSET('17eceKAlv2DOfm8CfYgQEL',#5,'AISC_EM11_Pset_SkewedEnd',$,(#1237,#6266));
#6268= IFCLOCALPLACEMENT(#42,#10);
#6269= IFCELEMENTASSEMBLY('1DW$4O97P5MgjG2Paz3ViX',#3728,'BEAM',$,$,#6268,$,'B/598',.NOTDEFINED.,.RIGID_FRAME.);
#6270= IFCPROPERTYSINGLEVALUE('AssemblyMark',$,IFCIDENTIFIER('B/598'),$);
#6271= IFCPROPERTYSET('2JuRqChU5EJxoAx_Y_CNho',#5,'AISC_EM11_Pset_AssemblyIdentification','AssemblyIdentity',(#6270,#52,#53));
#6272= IFCCARTESIANPOINT((34213.0429382324,12843.2326103571,60729.9981994629));
#6273= IFCDIRECTION((0.999998542582782,-0.0017072879992875,0.));
#6274= IFCAXIS2PLACEMENT3D(#6272,#9,#6273);
#6275= IFCLOCALPLACEMENT(#6268,#6274);
#6276= IFCCARTESIANPOINT((1815.74513897133,3.93726964870543E-16,-7.27595761418343E-12));
#6277= IFCAXIS2PLACEMENT3D(#6276,#675,#1222);
#6278= IFCEXTRUDEDAREASOLID(#3764,#6277,#9,1815.75);
#6279= IFCSHAPEREPRESENTATION(#12,'Body','SweptSolid',(#6278));
#6280= IFCPRODUCTDEFINITIONSHAPE($,$,(#6279));
#6281= IFCBEAM('0JEhsxcpL9ZAG9Fv5XMXvB',#3728,'main piece','IPE240','IPE240',#6275,#6280,'b/493');
#6282= IFCPROPERTYSINGLEVALUE('IndicationMark',$,IFCIDENTIFIER('b/493'),$);
#6283= IFCPROPERTYSET('0edPVxVH1Fw8PdbVl2mopo',#5,'AISC_EM11_Pset_PieceIdentification','PieceIdentity',(#1229,#6282,#1231,#1232));
#6284= IFCLOCALPLACEMENT(#42,#10);
#6285= IFCELEMENTASSEMBLY('3QmMhExDH8EBpwjsDzbWJ3',#3728,'BEAM',$,$,#6284,$,'B/190',.NOTDEFINED.,.RIGID_FRAME.);
#6286= IFCPROPERTYSINGLEVALUE('AssemblyMark',$,IFCIDENTIFIER('B/190'),$);
#6287= IFCPROPERTYSET('0mj1Juhyf5GB1DLiFbFb58',#5,'AISC_EM11_Pset_AssemblyIdentification','AssemblyIdentity',(#6286,#52,#53));
#6288= IFCCARTESIANPOINT((25912.755517229,10560.2281906358,60749.9981994629));
#6289= IFCAXIS2PLACEMENT3D(#6288,#9,#7);
#6290= IFCLOCALPLACEMENT(#6284,#6289);
#6291= IFCCARTESIANPOINT((3300.19760131836,0.,0.));
#6292= IFCAXIS2PLACEMENT3D(#6291,#675,#1222);
#6293= IFCEXTRUDEDAREASOLID(#3736,#6292,#9,3300.2);
#6294= IFCSHAPEREPRESENTATION(#12,'Body','SweptSolid',(#6293));
#6295= IFCPRODUCTDEFINITIONSHAPE($,$,(#6294));
#6296= IFCBEAM('16A1Rmi9nCefPaedvk9nrz',#3728,'main piece','[]200*100*4','[]200*100*4',#6290,#6295,'b/62');
#6297= IFCPROPERTYSINGLEVALUE('IndicationMark',$,IFCIDENTIFIER('b/62'),$);
#6298= IFCPROPERTYSET('33xrqNKcr5lxgsd2QG2AYo',#5,'AISC_EM11_Pset_PieceIdentification','PieceIdentity',(#1229,#6297,#1231,#1232));
#6299= IFCLOCALPLACEMENT(#42,#10);
#6300= IFCELEMENTASSEMBLY('0PLuWhMDbFMg8e0vF8Rml4',#3728,'BEAM',$,$,#6299,$,'B/190',.NOTDEFINED.,.RIGID_FRAME.);
#6301= IFCCARTESIANPOINT((25900.0508422852,12750.1196404819,60749.9981994629));
#6302= IFCAXIS2PLACEMENT3D(#6301,#9,#7);
#6303= IFCLOCALPLACEMENT(#6299,#6302);
#6304= IFCSHAPEREPRESENTATION(#12,'Body','SweptSolid',(#6293));
#6305= IFCPRODUCTDEFINITIONSHAPE($,$,(#6304));
#6306= IFCBEAM('35bMbX6AH3jvNV1SGWxVqM',#3728,'main piece','[]200*100*4','[]200*100*4',#6303,#6305,'b/62');
#6307= IFCLOCALPLACEMENT(#42,#10);
#6308= IFCELEMENTASSEMBLY('2XcF0v2PTCufPNC2o5oGVO',#3728,'BEAM',$,$,#6307,$,'B/190',.NOTDEFINED.,.RIGID_FRAME.);
#6309= IFCCARTESIANPOINT((25912.7478878345,14944.2368881456,60749.9981994629));
#6310= IFCAXIS2PLACEMENT3D(#6309,#9,#7);
#6311= IFCLOCALPLACEMENT(#6307,#6310);
#6312= IFCSHAPEREPRESENTATION(#12,'Body','SweptSolid',(#6293));
#6313= IFCPRODUCTDEFINITIONSHAPE($,$,(#6312));
#6314= IFCBEAM('1Htx9nF8rDOxJbFCjU69Ex',#3728,'main piece','[]200*100*4','[]200*100*4',#6311,#6313,'b/62');
#6315= IFCOWNERHISTORY(#3,#4,$,.NOCHANGE.,$,$,$,1762480800);
#6316= IFCRELAGGREGATES('2MCYAgTczCFQcfBCkYWd3S',#5,$,$,#37,(#39));
#6317= IFCRELAGGREGATES('2eUqSyluFUXiuxTU0qovLk',#5,$,$,#39,(#41));
#6318= IFCRELAGGREGATES('0TF1XgFrv9YA0U2igDayOG',#5,$,$,#41,(#43));
#6319= IFCRELAGGREGATES('1OV91zgrjBLgxyTmsdwCUx',#5,$,$,#46,(#3775,#106));
#6320= IFCRELAGGREGATES('0mzMftiMr46wrMMJnn2ow3',#5,$,$,#124,(#3843,#721,#144));
#6321= IFCRELAGGREGATES('0kkbj_Yv574QzpaJQnw7Dt',#5,$,$,#146,(#3959,#479,#167));
#6322= IFCRELAGGREGATES('05ztwu9YzDcPv6M0djib_g',#5,$,$,#169,(#5359,#728,#179));
#6323= IFCRELAGGREGATES('36JAFw_8X5YfmW9jcXiL_T',#5,$,$,#181,(#5393,#735,#190));
#6324= IFCRELAGGREGATES('2nNUjNZwr4ARcd0xsKn9iF',#5,$,$,#192,(#5426,#742,#201));
#6325= IFCRELAGGREGATES('2AZZM1UBL3nAjmVg5Nt75e',#5,$,$,#203,(#5457,#749,#212));
#6326= IFCRELAGGREGATES('2TNL1ZAlD5JhqBKdEiQNmv',#5,$,$,#214,(#5488,#756,#223));
#6327= IFCRELAGGREGATES('0QRh37Kf55CAz2meSWgZov',#5,$,$,#225,(#3908,#532,#246));
#6328= IFCRELAGGREGATES('0zXr1c1C52XBt1O23SD7bn',#5,$,$,#248,(#5520,#763,#269));
#6329= IFCRELAGGREGATES('0eCO7wwyb4puAxzcNjufnc',#5,$,$,#271,(#5605,#770,#302));
#6330= IFCRELAGGREGATES('2$fovEEIrC7xkeVKFlgIU0',#5,$,$,#304,(#5643,#777,#313));
#6331= IFCRELAGGREGATES('1loJ6Z7yH9QPEHDNQmkkBn',#5,$,$,#315,(#5674,#784,#324));
#6332= IFCRELAGGREGATES('1iEs0HIBP30BgRkzLaI3xH',#5,$,$,#326,(#4171,#825,#344));
#6333= IFCRELAGGREGATES('2GvItnArXAPhfEtkL0go10',#5,$,$,#346,(#4217,#843,#364));
#6334= IFCRELAGGREGATES('3gUCttmMzB98Sxvfy_ClKi',#5,$,$,#366,(#4289,#393));
#6335= IFCRELAGGREGATES('0AKTZ_oYrFVvsHYpH4qllY',#5,$,$,#395,(#4527,#868,#421));
#6336= IFCRELAGGREGATES('0ckFYRbuXECxd8V8QVPjd6',#5,$,$,#423,(#4574,#861,#432));
#6337= IFCRELAGGREGATES('3UevdD$jT7hvMJyv735jKu',#5,$,$,#434,(#4600,#460));
#6338= IFCRELAGGREGATES('2H5o6bHXn3kQWDoEXCWuvK',#5,$,$,#462,(#4621,#471));
#6339= IFCRELAGGREGATES('3J8_zPDDb68xzRdWYKCV2F',#5,$,$,#481,(#4643,#502));
#6340= IFCRELAGGREGATES('2B5J6lMF1CQunh1w2WM6wu',#5,$,$,#504,(#4679,#897,#513));
#6341= IFCRELAGGREGATES('1yHVL1vv13Gv6RTaQ5sLYN',#5,$,$,#534,(#4711,#904,#555));
#6342= IFCRELAGGREGATES('3bz_nBifDBCOa7gZJ9smsb',#5,$,$,#557,(#4751,#911,#566));
#6343= IFCRELAGGREGATES('22BgVX5Bb5NOJUAscavAN6',#5,$,$,#568,(#4824,#918,#577));
#6344= IFCRELAGGREGATES('1ymX0bZ3bF$AaHezh1FwAV',#5,$,$,#579,(#4855,#925,#586));
#6345= IFCRELAGGREGATES('2jw5d9w7P5k8y_7rapKZ3L',#5,$,$,#588,(#4960,#597));
#6346= IFCRELAGGREGATES('2m1kpQRxb6zgK$vMfx6Hzh',#5,$,$,#599,(#5865,#954,#620));
#6347= IFCRELAGGREGATES('1kZbvCYbX4MOEYjDr4PDlg',#5,$,$,#622,(#5911,#961,#629));
#6348= IFCRELAGGREGATES('1bdTQJ_p51_P8XQYdZu3AC',#5,$,$,#631,(#4109,#651));
#6349= IFCRELAGGREGATES('1t$uNsEPjDre_tEYhT6KvO',#5,$,$,#653,(#5093,#671));
#6350= IFCRELAGGREGATES('2NBjH2A4f4d9h94rNgC_dI',#5,$,$,#673,(#5733,#692));
#6351= IFCRELAGGREGATES('0bnpP9BvDDnfH78z6MyF7H',#5,$,$,#694,(#5321,#714));
#6352= IFCRELAGGREGATES('3TcLyBsmb88ebGjVZRdZHq',#5,$,$,#786,(#4134,#807));
#6353= IFCRELAGGREGATES('3L1kpsYPn2zvZBkLJEkx5z',#5,$,$,#870,(#4492,#890));
#6354= IFCRELAGGREGATES('1Qn5BucHb0B8Anb99Mhv$A',#5,$,$,#927,(#4879,#936));
#6355= IFCRELAGGREGATES('1ZOX5I$Yj1xQbKA$dYR7tM',#5,$,$,#963,(#6035,#983));
#6356= IFCRELAGGREGATES('0iMkXK94nByBbkAYV6pPg6',#5,$,$,#985,(#3806,#994));
#6357= IFCRELAGGREGATES('3X45Ida$55EBr5gdTEnuH2',#5,$,$,#996,(#4469,#1016));
#6358= IFCRELAGGREGATES('0fEjHLVsXAKQAL27e9Szgu',#5,$,$,#1018,(#4438,#1038));
#6359= IFCRELAGGREGATES('24HS5QshnFz9JHLzydxxeX',#5,$,$,#1040,(#4352,#1060));
#6360= IFCRELAGGREGATES('05AuvR9gj1avaW1_uvwIPk',#5,$,$,#1062,(#4321,#1071));
#6361= IFCRELAGGREGATES('1SiDC$DZHDleKUm1uwQb9U',#5,$,$,#1073,(#6123,#1093));
#6362= IFCRELAGGREGATES('2j9xuuQAb9wAsOvTZq_xf0',#5,$,$,#1095,(#6079,#1115));
#6363= IFCRELAGGREGATES('16npztbn12_xPoJA0AIMyz',#5,$,$,#1117,(#5151,#1137));
#6364= IFCRELAGGREGATES('2r40_EEpfAP8AgcHh4Yssy',#5,$,$,#1139,(#5130,#1148));
#6365= IFCRELAGGREGATES('1ffnugH1H5quZTy$jAzjx0',#5,$,$,#1150,(#4941,#1157));
#6366= IFCRELAGGREGATES('2bCc6vF$v8VRdl7nY8T$jr',#5,$,$,#1159,(#4919,#1168));
#6367= IFCRELAGGREGATES('2g$B5k4SbAXupZB4YiaMoh',#5,$,$,#1170,(#6250,#1190));
#6368= IFCRELAGGREGATES('0_HH2kPer4ShvwbpzHZSP7',#5,$,$,#1192,(#5043,#1201));
#6369= IFCRELAGGREGATES('3n_ASYNbDFowmQ0yHLd1uk',#5,$,$,#1203,(#5072,#1212));
#6370= IFCRELAGGREGATES('037r0XGuL4CvvvZq37cENO',#5,$,$,#1214,(#1228));
#6371= IFCRELAGGREGATES('3fthr64mf2aQpPXCBqyi39',#5,$,$,#1243,(#1255));
#6372= IFCRELAGGREGATES('1HOIXqbDj6ywJ2kWtpdzzK',#5,$,$,#1259,(#1271));
#6373= IFCRELAGGREGATES('3hK_1T88TBJfYSebtgvFUF',#5,$,$,#1275,(#1287));
#6374= IFCRELAGGREGATES('3MJPj$edn6MQ1Gm$E_P6eh',#5,$,$,#1291,(#1300));
#6375= IFCRELAGGREGATES('2EqMk55_v0uP2bGc0Ioe$p',#5,$,$,#1302,(#1312));
#6376= IFCRELAGGREGATES('28JyHdZtH8IOj_y9hayGK5',#5,$,$,#1314,(#1326));
#6377= IFCRELAGGREGATES('2z5yGNg3PFARlymIpZAdzM',#5,$,$,#1330,(#1340));
#6378= IFCRELAGGREGATES('35tzEBRVLCPQ7INUV5OSpN',#5,$,$,#1342,(#1354));
#6379= IFCRELAGGREGATES('1U1sb1sVj5QO58Qz1DcZ_T',#5,$,$,#1358,(#1368));
#6380= IFCRELAGGREGATES('1qm600$91AaBlQVW4cvLHY',#5,$,$,#1370,(#1382));
#6381= IFCRELAGGREGATES('3A5e$ddvXFPPp3g6UswcEL',#5,$,$,#1386,(#1395));
#6382= IFCRELAGGREGATES('16J2PeMrzCJhF2DZDd3p1n',#5,$,$,#1397,(#1409));
#6383= IFCRELAGGREGATES('2busIAvOHDyO8ABMcQ5Jkt',#5,$,$,#1413,(#1422));
#6384= IFCRELAGGREGATES('21WC$8Nu97yg_7mr8HqNw_',#5,$,$,#1424,(#1436));
#6385= IFCRELAGGREGATES('0GCnkBmHTDrudl1YaPQEgJ',#5,$,$,#1440,(#1446));
#6386= IFCRELAGGREGATES('0lQhIEz$n2fuyKMRgH9uHR',#5,$,$,#1448,(#1454));
#6387= IFCRELAGGREGATES('2g3A0NMKH9MxfbrjIDuecS',#5,$,$,#1456,(#1462));
#6388= IFCRELAGGREGATES('2guaikaPXCEghGe6WDvJXa',#5,$,$,#1464,(#1475));
#6389= IFCRELAGGREGATES('0wQbgdXMbFb8MMN7hlI1XC',#5,$,$,#1479,(#1485));
#6390= IFCRELAGGREGATES('0tE9SW7oTD0vkTvYQfEJ4l',#5,$,$,#1487,(#1497));
#6391= IFCRELAGGREGATES('3VppTvGrb06wErjac9tQzL',#5,$,$,#1501,(#1507));
#6392= IFCRELAGGREGATES('2sQ7kU2lzEvQV1Nc2qpbmZ',#5,$,$,#1509,(#1519));
#6393= IFCRELAGGREGATES('0WFrkfpbP1yuIReYkP1shn',#5,$,$,#1523,(#1530));
#6394= IFCRELAGGREGATES('1jz5u20fD47Op$IoCUTQrd',#5,$,$,#1532,(#1538));
#6395= IFCRELAGGREGATES('2N8$y1$vX4NuGlcmrP8E4f',#5,$,$,#1540,(#1551));
#6396= IFCRELAGGREGATES('2VxT5ve$v8XABaOcWIlE5$',#5,$,$,#1555,(#1561));
#6397= IFCRELAGGREGATES('2U7oDMTBPDMRkmw0zGXaVX',#5,$,$,#1564,(#1576));
#6398= IFCRELAGGREGATES('3KdM9Gx9z9RxFGUKqoObj1',#5,$,$,#1584,(#1590));
#6399= IFCRELAGGREGATES('11Lt4Yi_j5_g_c_5pDSxYu',#5,$,$,#1592,(#1598));
#6400= IFCRELAGGREGATES('3BHE2tN8L5vAjyEiadn4gv',#5,$,$,#1600,(#1606));
#6401= IFCRELAGGREGATES('21pZRqx8v47BMZqTJbhNRP',#5,$,$,#1608,(#1614));
#6402= IFCRELAGGREGATES('06AVZRleT1lOKV0p9JDQck',#5,$,$,#1616,(#1622));
#6403= IFCRELAGGREGATES('0jS2R78N99kuLY4b5Qi11L',#5,$,$,#1624,(#1630));
#6404= IFCRELAGGREGATES('1MUPKhe_D6COQpTZTiaHDN',#5,$,$,#1632,(#1638));
#6405= IFCRELAGGREGATES('28hi3Ho0b6ZQ2dtRq6MDRr',#5,$,$,#1640,(#1646));
#6406= IFCRELAGGREGATES('29LzSlB8HCHxymlEMALxdD',#5,$,$,#1648,(#1654));
#6407= IFCRELAGGREGATES('2Z7OhBZd57i9u8iQqYDuGW',#5,$,$,#1656,(#1662));
#6408= IFCRELAGGREGATES('1JT9cyat9A589Lj3xWfBsX',#5,$,$,#1664,(#1670));
#6409= IFCRELAGGREGATES('0eoJ_ek_L1d9nuvtURZ3yn',#5,$,$,#1672,(#1678));
#6410= IFCRELAGGREGATES('3Z$E7i1W52ZfWAhv7Plaw2',#5,$,$,#1680,(#1686));
#6411= IFCRELAGGREGATES('2LfGWONp1FBvIj4H7wMr3F',#5,$,$,#1688,(#1694));
#6412= IFCRELAGGREGATES('3sC_poMGj4Af27OvBnOlQY',#5,$,$,#1696,(#1702));
#6413= IFCRELAGGREGATES('1JmKHZZqzBBRyRk4h10EJo',#5,$,$,#1704,(#1710));
#6414= IFCRELAGGREGATES('1TQ$TSVar38xOIjEUbbI53',#5,$,$,#1712,(#1718));
#6415= IFCRELAGGREGATES('3WjbJXjYXEgupn$_PxwUSd',#5,$,$,#1720,(#1726));
#6416= IFCRELAGGREGATES('0lv8s27Wf8RwgI3EeLvTAM',#5,$,$,#1728,(#1734));
#6417= IFCRELAGGREGATES('0OrW$X6dP8LPOPWnDcdmRM',#5,$,$,#1736,(#1742));
#6418= IFCRELAGGREGATES('0xN$c88LDAHuqmLpauH6sq',#5,$,$,#1744,(#1750));
#6419= IFCRELAGGREGATES('2O6x4Zipn8i9SqGe6MLklT',#5,$,$,#1752,(#1758));
#6420= IFCRELAGGREGATES('2AR4L0rT9AIQnd2eJRMexK',#5,$,$,#1760,(#1766));
#6421= IFCRELAGGREGATES('3AA_I5oez1E9mKxzfjvu3k',#5,$,$,#1768,(#1774));
#6422= IFCRELAGGREGATES('1olNgZfBvFleJWVE68y1IF',#5,$,$,#1776,(#1782));
#6423= IFCRELAGGREGATES('3ZHly5blL65h8fjmnsfcIG',#5,$,$,#1784,(#1790));
#6424= IFCRELAGGREGATES('3j$VYfMDf1_v$RjNSo6s5w',#5,$,$,#1792,(#1798));
#6425= IFCRELAGGREGATES('319zN2HvzBpORuJBPdDnvn',#5,$,$,#1801,(#1843));
#6426= IFCRELAGGREGATES('19MjQ32z9FxB$c544lSp0v',#5,$,$,#1848,(#2628,#2049,#2041,#2018,#2010,#1987,#1979,#1932,#1905));
#6427= IFCRELAGGREGATES('3Il84gqjDAkw3Fo9NayIdS',#5,$,$,#1963,(#1972));
#6428= IFCRELAGGREGATES('32CSNG6lrEXP0XoZJi91RT',#5,$,$,#1994,(#2003));
#6429= IFCRELAGGREGATES('3kei5qcTjC1PRjt3u_hKru',#5,$,$,#2025,(#2034));
#6430= IFCRELAGGREGATES('3K1B_RO7L8DvgZyt0MqevG',#5,$,$,#2056,(#2065));
#6431= IFCRELAGGREGATES('0v89wBzN92IOr$q9TqUSOP',#5,$,$,#2067,(#2640,#2173,#2165,#2142,#2134,#2113,#2105,#2082,#2074));
#6432= IFCRELAGGREGATES('3eL9YpGDD2jf9nzSpy0lxx',#5,$,$,#2089,(#2098));
#6433= IFCRELAGGREGATES('2jJGHZd$H9fuIPBDfhOJ_m',#5,$,$,#2120,(#2127));
#6434= IFCRELAGGREGATES('0jtQYfy4z7iuWcaXQjcXHF',#5,$,$,#2149,(#2158));
#6435= IFCRELAGGREGATES('0RzVWgOQH2sQlyORqGRHli',#5,$,$,#2180,(#2187));
#6436= IFCRELAGGREGATES('1Ym2LL$Y10ygMbv6rJg7Wa',#5,$,$,#2189,(#2620,#2305,#2297,#2274,#2266,#2233,#2225,#2204,#2196));
#6437= IFCRELAGGREGATES('1gjzgYFMj4mgADQIUuMOqB',#5,$,$,#2211,(#2218));
#6438= IFCRELAGGREGATES('3Vp4DG0FL72Rk3iSxxs7MC',#5,$,$,#2240,(#2259));
#6439= IFCRELAGGREGATES('0R3khdjAHBNBgrJea_pn7y',#5,$,$,#2281,(#2290));
#6440= IFCRELAGGREGATES('2pcMYZONT9DfAZhaDSvU3K',#5,$,$,#2312,(#2319));
#6441= IFCRELAGGREGATES('2Ua4coqeT5QgiyUd6TE1_K',#5,$,$,#2321,(#2634,#2425,#2417,#2394,#2386,#2365,#2357,#2336,#2328));
#6442= IFCRELAGGREGATES('1SO$3LnA5CehKmP2E1uyDv',#5,$,$,#2343,(#2350));
#6443= IFCRELAGGREGATES('0JmPEg9QH7XhulY8IdJBiI',#5,$,$,#2372,(#2379));
#6444= IFCRELAGGREGATES('0j$1AAXDvDVQtF3UqNv0Jm',#5,$,$,#2401,(#2410));
#6445= IFCRELAGGREGATES('2f931ErAD99u6ZtYFQu9IZ',#5,$,$,#2433,(#2443));
#6446= IFCRELAGGREGATES('2n$7fBvSf3bxDMiLSbOsi9',#5,$,$,#2447,(#2453));
#6447= IFCRELAGGREGATES('2xqOlqVoj13vgU0BPLg8GS',#5,$,$,#2455,(#2467));
#6448= IFCRELAGGREGATES('1JtPD5WqPF2PD1W3fyT$ol',#5,$,$,#2471,(#2480));
#6449= IFCRELAGGREGATES('0H6G$WTSX4KRMPuEIFgF2w',#5,$,$,#2484,(#2490));
#6450= IFCRELAGGREGATES('3im9Pmy9vBGQYWJ$MVeWok',#5,$,$,#2492,(#2498));
#6451= IFCRELAGGREGATES('1e01bgGcb5cO5OUYTChVQu',#5,$,$,#2500,(#2510));
#6452= IFCRELAGGREGATES('10vdZpW6nExBnDjm4CbXbx',#5,$,$,#2514,(#2523));
#6453= IFCRELAGGREGATES('1E6r2Fkz54OwqBvHsq8zKI',#5,$,$,#2525,(#2531));
#6454= IFCRELAGGREGATES('3oCdQijHb1dfX0iB30_Zw5',#5,$,$,#2533,(#2539));
#6455= IFCRELAGGREGATES('0NPSBsBzz2YhFZ5XxTouSo',#5,$,$,#2541,(#2547));
#6456= IFCRELAGGREGATES('3i0xEMSdP5FQ0VjtS4QG0J',#5,$,$,#2549,(#2555));
#6457= IFCRELAGGREGATES('3sdOKASgnES8rzwqMatghF',#5,$,$,#2557,(#2563));
#6458= IFCRELAGGREGATES('0IYb2s9519APRG2erttY9T',#5,$,$,#2565,(#2571));
#6459= IFCRELAGGREGATES('0Pk_pniwL23RkRgJkUvRaK',#5,$,$,#2573,(#2583));
#6460= IFCRELAGGREGATES('1lpMojUSzCNeCxGM2myS95',#5,$,$,#2587,(#2593));
#6461= IFCRELAGGREGATES('31$hIiC2r3OfzHniF41nhs',#5,$,$,#2595,(#2601));
#6462= IFCRELAGGREGATES('3DOF99s7rEDPXyboSqttU5',#5,$,$,#2603,(#2609));
#6463= IFCRELAGGREGATES('1OPmf5XsD67Pa2I__xfhAD',#5,$,$,#2643,(#2655));
#6464= IFCRELAGGREGATES('15b9c_MGDEzOuqsA9Kins6',#5,$,$,#2659,(#2670));
#6465= IFCRELAGGREGATES('2TPmpO_sPAA9eeXDrihCKb',#5,$,$,#2674,(#2685));
#6466= IFCRELAGGREGATES('0pEy44tmf32vFdaW7I8HD2',#5,$,$,#2689,(#2702));
#6467= IFCRELAGGREGATES('3en99t4g58VOY4slKL67Ao',#5,$,$,#2706,(#2718));
#6468= IFCRELAGGREGATES('34nSn6Wmz9B9RGdlT0akP2',#5,$,$,#2722,(#2733));
#6469= IFCRELAGGREGATES('0cshaFHWb6yxmMUfHIrcOB',#5,$,$,#2737,(#2746));
#6470= IFCRELAGGREGATES('31ZS5_jiX7QO01QjMt4g$Y',#5,$,$,#2748,(#2757));
#6471= IFCRELAGGREGATES('0$RM8YnPX5qvNS9DZDujU0',#5,$,$,#2759,(#2768));
#6472= IFCRELAGGREGATES('1tj9IamP1COxZCSJDrQWOL',#5,$,$,#2770,(#2779));
#6473= IFCRELAGGREGATES('34Lfx0ocv0Gud7KNl9TyN_',#5,$,$,#2781,(#2790));
#6474= IFCRELAGGREGATES('3T30umVQH1QPd6siX97DgD',#5,$,$,#2792,(#2801));
#6475= IFCRELAGGREGATES('0XG_UAN0HE2vVUeJrsPItM',#5,$,$,#2803,(#2812));
#6476= IFCRELAGGREGATES('27OMPe1un2wBRdhyBt7XOf',#5,$,$,#2814,(#2823));
#6477= IFCRELAGGREGATES('1Bbh7_LN15yRzjAluY3h9D',#5,$,$,#2825,(#2831));
#6478= IFCRELAGGREGATES('0nyZKdhjf6jfdhA5WXH4sT',#5,$,$,#2833,(#2842));
#6479= IFCRELAGGREGATES('260OC3Tnz41e_Kc5hlHbvJ',#5,$,$,#2844,(#2853));
#6480= IFCRELAGGREGATES('2HS8uPP5rANu1ZYpGc4iGX',#5,$,$,#2855,(#2864));
#6481= IFCRELAGGREGATES('0ix$D6F45BiOoud1$Eg1Vy',#5,$,$,#2866,(#2872));
#6482= IFCRELAGGREGATES('0nr9RALHT1QBNoimx5EIC9',#5,$,$,#2874,(#2883));
#6483= IFCRELAGGREGATES('2GaB6_Won2nRQtBFdk5gWE',#5,$,$,#2885,(#2894));
#6484= IFCRELAGGREGATES('0rLQVnuQ9Ab94ULHXdSiB_',#5,$,$,#2896,(#2905));
#6485= IFCRELAGGREGATES('1NMGNL2Ev5oRvQaBuMzQIc',#5,$,$,#2907,(#2917));
#6486= IFCRELAGGREGATES('0xXspWzyT4evGcOudSXAGP',#5,$,$,#2919,(#2928));
#6487= IFCRELAGGREGATES('29IKIyl0zAnx9dfl2SAZ2l',#5,$,$,#2930,(#2939));
#6488= IFCRELAGGREGATES('0dyT$5xk96GfJ76o23ecra',#5,$,$,#2941,(#2947));
#6489= IFCRELAGGREGATES('12$0M8S357bOLvHX2cifKF',#5,$,$,#2949,(#2958));
#6490= IFCRELAGGREGATES('3Iuh1jDQPFFv9YLK7IIXgT',#5,$,$,#2960,(#2969));
#6491= IFCRELAGGREGATES('3NjLpWdIH9euqYdGPKyj$V',#5,$,$,#2971,(#2980));
#6492= IFCRELAGGREGATES('0f4RgNrO93JOk$Y5YakRdM',#5,$,$,#2982,(#2991));
#6493= IFCRELAGGREGATES('1_O1Bbs9f2YPC$UrB$SI6D',#5,$,$,#2993,(#3002));
#6494= IFCRELAGGREGATES('30gC9F_x96Vg9YrjPEmcGQ',#5,$,$,#3004,(#3013));
#6495= IFCRELAGGREGATES('1Mbz1rlAX9zukqCIeRrsYV',#5,$,$,#3015,(#3027));
#6496= IFCRELAGGREGATES('1HWrJ3N695O8VW332kvLoC',#5,$,$,#3031,(#3041));
#6497= IFCRELAGGREGATES('2bNoQv2M9F5BnfbNwf3O7u',#5,$,$,#3043,(#3056));
#6498= IFCRELAGGREGATES('3AfD0XWnH0gfUbhAzlg5Q6',#5,$,$,#3060,(#3071));
#6499= IFCRELAGGREGATES('2v7XVh5Qf5qAdSA$u5JqxJ',#5,$,$,#3075,(#3086));
#6500= IFCRELAGGREGATES('3jCR_QfD5D_Br$fbcv9D3R',#5,$,$,#3090,(#3100));
#6501= IFCRELAGGREGATES('0BpPvjmLv1CBEtE$6f9d1H',#5,$,$,#3102,(#3111));
#6502= IFCRELAGGREGATES('36E_Kknfz1$8FNE_mAY9S0',#5,$,$,#3113,(#3119));
#6503= IFCRELAGGREGATES('30O0w2zhb9BxPKdeNQaUvb',#5,$,$,#3121,(#3127));
#6504= IFCRELAGGREGATES('2sLqhZTM91pv_wjgvQ3Cai',#5,$,$,#3129,(#3135));
#6505= IFCRELAGGREGATES('3rriIiZp9BA8I2Crkdqcew',#5,$,$,#3137,(#3143));
#6506= IFCRELAGGREGATES('0pHgCqbln3ovAn8surlLgn',#5,$,$,#3145,(#3154));
#6507= IFCRELAGGREGATES('3vNVp0hsL6yPmSXIVq9Q$i',#5,$,$,#3156,(#3162));
#6508= IFCRELAGGREGATES('0Y24cgXvr6_PJ2IGx1Ye3M',#5,$,$,#3164,(#3176));
#6509= IFCRELAGGREGATES('1817RyB3nAfw0WiVm4jCVk',#5,$,$,#3180,(#3186));
#6510= IFCRELAGGREGATES('3QSkaN4Xv2AfA0LS6vM5vW',#5,$,$,#3188,(#3198));
#6511= IFCRELAGGREGATES('3E_DxIg0TB5e$Im113JVog',#5,$,$,#3200,(#3212));
#6512= IFCRELAGGREGATES('2hK4FMYQrFyg4fw8A5Y2jB',#5,$,$,#3216,(#3228));
#6513= IFCRELAGGREGATES('1p0Pd0Uc15jvhhwHElixv5',#5,$,$,#3232,(#3238));
#6514= IFCRELAGGREGATES('3QdmlKKWr3sgk2j9XzEeP2',#5,$,$,#3240,(#3251));
#6515= IFCRELAGGREGATES('1uno7Pc49DPwglgmQ4McnF',#5,$,$,#3255,(#3265));
#6516= IFCRELAGGREGATES('35kEo8eMPAiPsGxj5MFtKQ',#5,$,$,#3267,(#3276));
#6517= IFCRELAGGREGATES('0Mo1r4cPzClPZdWzRpseF3',#5,$,$,#3278,(#3288));
#6518= IFCRELAGGREGATES('0Bxlhmtn149QQ65XMfhVcz',#5,$,$,#3290,(#3299));
#6519= IFCRELAGGREGATES('08mpBPHmfB5RgRWbNVP8$F',#5,$,$,#3301,(#3311));
#6520= IFCRELAGGREGATES('2Wb21giPL7l8ECVocslMEq',#5,$,$,#3313,(#3320));
#6521= IFCRELAGGREGATES('0VbFgG1HD6neznQmWFN$Hf',#5,$,$,#3322,(#3332));
#6522= IFCRELAGGREGATES('3HlXQfONjDsfikI$wcOEQI',#5,$,$,#3334,(#3345));
#6523= IFCRELAGGREGATES('0LBkMJTBn3Bf8vZ5JeSi9c',#5,$,$,#3349,(#3360));
#6524= IFCRELAGGREGATES('0EerNBNprDNQgjv3k3wwNk',#5,$,$,#3364,(#3370));
#6525= IFCRELAGGREGATES('0CfEOZsUL6zBtAG48ieJx8',#5,$,$,#3372,(#3383));
#6526= IFCRELAGGREGATES('0fnmuThZ561ONDMdvKLXp4',#5,$,$,#3387,(#3399));
#6527= IFCRELAGGREGATES('02KhpCHMrCzfFwSB0dEL_m',#5,$,$,#3403,(#3412));
#6528= IFCRELAGGREGATES('0maqyHMLf0uQWrvjzHp7Dh',#5,$,$,#3414,(#3423));
#6529= IFCRELAGGREGATES('1YbEgcdkL8w9yvS5F54AeX',#5,$,$,#3425,(#3436));
#6530= IFCRELAGGREGATES('2Oihk0JBz3vBKzgAtFO$wL',#5,$,$,#3440,(#3449));
#6531= IFCRELAGGREGATES('1AcK0Rndv1sx2WGzJRFzeX',#5,$,$,#3451,(#3460));
#6532= IFCRELAGGREGATES('2tP4p8ZvzDp9mKiPq13EXN',#5,$,$,#3462,(#3468));
#6533= IFCRELAGGREGATES('2D8ZaozMPAxhMWA5ESXy1R',#5,$,$,#3470,(#3476));
#6534= IFCRELAGGREGATES('0ZpksYCdz2bxu2HSEdJAu$',#5,$,$,#3478,(#3485));
#6535= IFCRELAGGREGATES('2dMETefOj20wVdeDFSNU4l',#5,$,$,#3487,(#3493));
#6536= IFCRELAGGREGATES('3pF_kUceL5qwvMT7h9V8lG',#5,$,$,#3495,(#3506));
#6537= IFCRELAGGREGATES('0vloo088zC785SmDFhJVYt',#5,$,$,#3510,(#3516));
#6538= IFCRELAGGREGATES('0l8xiMf5f1FxpeNTzRhaKz',#5,$,$,#3518,(#3524));
#6539= IFCRELAGGREGATES('067T8EC3jAAgIeka5Y7ipi',#5,$,$,#3526,(#3532));
#6540= IFCRELAGGREGATES('0zHTYgxfjDWhXWmMS2yVcX',#5,$,$,#3534,(#3540));
#6541= IFCRELAGGREGATES('1RIkcNaEDB1goOG$HF$gOr',#5,$,$,#3542,(#3551));
#6542= IFCRELAGGREGATES('0hhP7aSJP43fz8bIbTXZth',#5,$,$,#3553,(#3562));
#6543= IFCRELAGGREGATES('18zk6o0sf3Rx$R1pBJqd44',#5,$,$,#3564,(#3570));
#6544= IFCRELAGGREGATES('05FtJbHUT21xRi4ynNA5dP',#5,$,$,#3572,(#3578));
#6545= IFCRELAGGREGATES('3aiwQsX4X9aOYHSk9saFSj',#5,$,$,#3580,(#3586));
#6546= IFCRELAGGREGATES('11yaOsPbL0IeD11ITkdn9Z',#5,$,$,#3588,(#3594));
#6547= IFCRELAGGREGATES('15rO5ukQT8YxNSbnxBn7$c',#5,$,$,#3596,(#3602));
#6548= IFCRELAGGREGATES('0y1ivhQyPFMQhk8mDy0Hsy',#5,$,$,#3604,(#3613));
#6549= IFCRELAGGREGATES('2LWwXxkXH9rhi5_g1sJjZp',#5,$,$,#3615,(#3624));
#6550= IFCRELAGGREGATES('0e2CCj1dnA28EoOa03DWv7',#5,$,$,#3626,(#3632));
#6551= IFCRELAGGREGATES('27WSKv4L9449TTTBgt1Jrc',#5,$,$,#3634,(#3640));
#6552= IFCRELAGGREGATES('3het3bnyTF4hww1Bm2msS0',#5,$,$,#3642,(#3648));
#6553= IFCRELAGGREGATES('1mhuzalxT74RkNcxXIXntp',#5,$,$,#3650,(#3656));
#6554= IFCRELAGGREGATES('3XwZApGG55WxvHxZpgitIJ',#5,$,$,#3658,(#3664));
#6555= IFCRELAGGREGATES('08cOxrEsb2hRswTmR0Ehho',#5,$,$,#3666,(#3677));
#6556= IFCRELAGGREGATES('0wKCg_q$P78BGjLNl4_PSA',#5,$,$,#3681,(#3687));
#6557= IFCRELAGGREGATES('0L20tI2eH6PwGhZqMbm36b',#5,$,$,#3689,(#3699));
#6558= IFCRELAGGREGATES('1uS_2AL99DnfjhJyGIjVRw',#5,$,$,#3701,(#3710));
#6559= IFCRELAGGREGATES('3sUXWCBRX1JP326b6Spmr6',#5,$,$,#3713,(#3725));
#6560= IFCRELAGGREGATES('3cz_PZNGP8qBwytfP13UG0',#5,$,$,#3730,(#3742));
#6561= IFCRELAGGREGATES('1CoMFO$8b1dPQSz6$XRkVJ',#5,$,$,#3746,(#3752));
#6562= IFCRELAGGREGATES('1UtobXNinAB9A3E9kvPhbJ',#5,$,$,#3754,(#3760));
#6563= IFCRELAGGREGATES('3uhTL4p6T05hA6sSen_1Ix',#5,$,$,#3873,(#3884));
#6564= IFCRELAGGREGATES('00vixV4Ob9QeI22xBEZRzV',#5,$,$,#3989,(#4000));
#6565= IFCRELAGGREGATES('2z0GjjHE10NgKonnNAKHRC',#5,$,$,#4004,(#4016));
#6566= IFCRELAGGREGATES('2FYZt7vk1E0ACXrCiqIqvy',#5,$,$,#4020,(#4031));
#6567= IFCRELAGGREGATES('0FxPneZX553BYu8tJd5HWR',#5,$,$,#4035,(#4046));
#6568= IFCRELAGGREGATES('1ooH6kQhPE7v5mIe_ozwJg',#5,$,$,#4050,(#4061));
#6569= IFCRELAGGREGATES('3axTecXjL9YALSeSTwGG6Z',#5,$,$,#4065,(#4076));
#6570= IFCRELAGGREGATES('17A22cb9f5MA$lUWrSNU8J',#5,$,$,#4080,(#4092));
#6571= IFCRELAGGREGATES('3oeZOOodLFxQBEyiI30Jew',#5,$,$,#4245,(#4256));
#6572= IFCRELAGGREGATES('05yt0FTs5FLf7sMjWRDQ7K',#5,$,$,#4260,(#4271));
#6573= IFCRELAGGREGATES('0D91i_bT9BXQ$f7TCy4sVO',#5,$,$,#4369,(#4380));
#6574= IFCRELAGGREGATES('0zTb0JuD55HwgNoJQYQH_B',#5,$,$,#4384,(#4395));
#6575= IFCRELAGGREGATES('3rt6mO8WHCG9g5EDf_ke3t',#5,$,$,#4399,(#4405));
#6576= IFCRELAGGREGATES('2$snvhD_P9hR88bc8y0LDI',#5,$,$,#4407,(#4416));
#6577= IFCRELAGGREGATES('1eVfTYuKn55gEhY1iVUZXL',#5,$,$,#4418,(#4424));
#6578= IFCRELAGGREGATES('2yyUbBpXPAVwa6SNdd_VUv',#5,$,$,#4765,(#4776));
#6579= IFCRELAGGREGATES('2mr$rwjoLETfvLEZ1e99P0',#5,$,$,#4780,(#4791));
#6580= IFCRELAGGREGATES('0WREdr$Wz9pQHby_MsFQ_h',#5,$,$,#4795,(#4805));
#6581= IFCRELAGGREGATES('0V2B$mpXvDaRMahgFlf3Ah',#5,$,$,#4888,(#4897));
#6582= IFCRELAGGREGATES('1RpxN5hQ5B1AvjsfUeuag7',#5,$,$,#4899,(#4905));
#6583= IFCRELAGGREGATES('1F48_ADg587wpQgV$PxTxx',#5,$,$,#4971,(#4982));
#6584= IFCRELAGGREGATES('1LJos0qqL6fOjUAkggnC8A',#5,$,$,#4986,(#4997));
#6585= IFCRELAGGREGATES('3uEaq5c5LDDw3Cxo2mKPkm',#5,$,$,#5001,(#5012));
#6586= IFCRELAGGREGATES('2L9Dj96WH5UPxxL6LZBgfs',#5,$,$,#5016,(#5027));
#6587= IFCRELAGGREGATES('1foLGPhsX8_Pt$lvu8tHr8',#5,$,$,#5110,(#5116));
#6588= IFCRELAGGREGATES('3cUyYazgTE2eMYQMCcAwTp',#5,$,$,#5160,(#5169));
#6589= IFCRELAGGREGATES('0R18S1yTv1Kg0sMsKFjnR1',#5,$,$,#5171,(#5177));
#6590= IFCRELAGGREGATES('236Ajaxgn0ExDyaL7SCyxp',#5,$,$,#5179,(#5190));
#6591= IFCRELAGGREGATES('1v1tFkfaP7z8wflXqwACTk',#5,$,$,#5194,(#5205));
#6592= IFCRELAGGREGATES('3erqxip5P39OfX_fTyIZNa',#5,$,$,#5209,(#5220));
#6593= IFCRELAGGREGATES('2I3Aitgen88A6oz2SkAQsK',#5,$,$,#5224,(#5235));
#6594= IFCRELAGGREGATES('2B6dYMPaTDFQ8dHuJSF5S4',#5,$,$,#5239,(#5248));
#6595= IFCRELAGGREGATES('1akN0STZfAIO8_LoXXHu5e',#5,$,$,#5252,(#5263));
#6596= IFCRELAGGREGATES('0Dik1mcafAOQSeVeQ0WP0C',#5,$,$,#5267,(#5278));
#6597= IFCRELAGGREGATES('1ytUc76lb69hWmWFo1DBlM',#5,$,$,#5282,(#5294));
#6598= IFCRELAGGREGATES('26fliqNnnCjQ$MUzyjSnWV',#5,$,$,#5298,(#5307));
#6599= IFCRELAGGREGATES('0W_mopZqfCZf6CeVMTF270',#5,$,$,#5330,(#5338));
#6600= IFCRELAGGREGATES('3tr9Hyfuz9NuHlw8wNy9r2',#5,$,$,#5542,(#5553));
#6601= IFCRELAGGREGATES('1p6jR$trL5MQBE19LEMrvJ',#5,$,$,#5557,(#5568));
#6602= IFCRELAGGREGATES('1uOPPeZCbAvAOjaECrf5uO',#5,$,$,#5572,(#5583));
#6603= IFCRELAGGREGATES('1$oyZHR1zB7grdS72glupW',#5,$,$,#5688,(#5699));
#6604= IFCRELAGGREGATES('3K$BQYyrP2PORfsoPcvY6i',#5,$,$,#5703,(#5715));
#6605= IFCRELAGGREGATES('35L2PHOBDC_Rb01y2VrjAo',#5,$,$,#5750,(#5761));
#6606= IFCRELAGGREGATES('0jMvtPVPDCsfQqwlhjbj9j',#5,$,$,#5765,(#5771));
#6607= IFCRELAGGREGATES('2oywqdH5T5Ygwknj6igE20',#5,$,$,#5773,(#5782));
#6608= IFCRELAGGREGATES('2TQ_9uKQ9AVgUqyZGUDG79',#5,$,$,#5784,(#5795));
#6609= IFCRELAGGREGATES('0IVRvkA1zCfOZB0kbq6oGz',#5,$,$,#5799,(#5810));
#6610= IFCRELAGGREGATES('3W25Vn_Hv9Sf2EGQMBDnuE',#5,$,$,#5814,(#5826));
#6611= IFCRELAGGREGATES('0esmvfEln13gzJfHPbf3Jg',#5,$,$,#5830,(#5841));
#6612= IFCRELAGGREGATES('27asEvDfHBkv31M9sAYXNW',#5,$,$,#5923,(#5932));
#6613= IFCRELAGGREGATES('3tud2KeBf70RshM9kMbWc2',#5,$,$,#5934,(#5943));
#6614= IFCRELAGGREGATES('2e29vlzUL3ahU5KpCmyeTh',#5,$,$,#5945,(#5954));
#6615= IFCRELAGGREGATES('3g8UIHjDjBZBDCv729GCSi',#5,$,$,#5958,(#5969));
#6616= IFCRELAGGREGATES('30i2gmI6D3veb0jj56HzkO',#5,$,$,#5973,(#5979));
#6617= IFCRELAGGREGATES('3a5hDKcZX0IerfLQLlY$hp',#5,$,$,#5981,(#5992));
#6618= IFCRELAGGREGATES('3Mv3$G5iH7cPgllDePyZCB',#5,$,$,#5996,(#6007));
#6619= IFCRELAGGREGATES('3QN1xwX2f9jujkLTRgEO4n',#5,$,$,#6011,(#6021));
#6620= IFCRELAGGREGATES('2GOZSyg5P96u6btuWSkkPZ',#5,$,$,#6052,(#6063));
#6621= IFCRELAGGREGATES('1n7otgSgn4uxEG7uVVPWps',#5,$,$,#6096,(#6107));
#6622= IFCRELAGGREGATES('26x9ZDky59lRYFVUpq3oXK',#5,$,$,#6141,(#6152));
#6623= IFCRELAGGREGATES('0aFmaSRmr9POIuO7djZEm3',#5,$,$,#6156,(#6167));
#6624= IFCRELAGGREGATES('3HAH7tRmbCRwDYurx9VfnZ',#5,$,$,#6171,(#6182));
#6625= IFCRELAGGREGATES('1wLVCFRV9EB9fnqDHKxGNI',#5,$,$,#6186,(#6197));
#6626= IFCRELAGGREGATES('3mXbCODWj5CQSbDiuVorLB',#5,$,$,#6201,(#6210));
#6627= IFCRELAGGREGATES('0cQP4f2DvCsxWKJmNTAoyy',#5,$,$,#6212,(#6223));
#6628= IFCRELAGGREGATES('1f8Fw$bnzAlvWrfEFXHmYO',#5,$,$,#6227,(#6236));
#6629= IFCRELAGGREGATES('3jwnoa0HnFsBa6NXirrdh2',#5,$,$,#6269,(#6281));
#6630= IFCRELAGGREGATES('3zQaNj_2f6xwQuiPmSPxz$',#5,$,$,#6285,(#6296));
#6631= IFCRELAGGREGATES('2T1no9Nmr8Sxam7Tbp2PI9',#5,$,$,#6300,(#6306));
#6632= IFCRELAGGREGATES('3EwJOzAUPCdvkiDV0k1VcY',#5,$,$,#6308,(#6314));
#6633= IFCRELCONTAINEDINSPATIALSTRUCTURE('1YN54ICGH7UwCK$Tgtt4S4',#5,$,$,(#6308,#6300,#6285,#6269,#6227,#6212,#6201,#6186,#6171,#6156,#6141,#6096,#6052,#6011,#5996,#5981,#5973,#5958,#5945,#5934,#5923,#5830,#5814,#5799,#5784,#5773,#5765,#5750,#5703,#5688,#5572,#5557,#5542,#5330,#5298,#5282,#5267,#5252,#5239,#5224,#5209,#5194,#5179,#5171,#5160,#5110,#5016,#5001,#4986,#4971,#4899,#4888,#4795,#4780,#4765,#4418,#4407,#4399,#4384,#4369,#4260,#4245,#4080,#4065,#4050,#4035,#4020,#4004,#3989,#3873,#3754,#3746,#3730,#3713,#3701,#3689,#3681,#3666,#3658,#3650,#3642,#3634,#3626,#3615,#3604,#3596,#3588,#3580,#3572,#3564,#3553,#3542,#3534,#3526,#3518,#3510,#3495,#3487,#3478,#3470,#3462,#3451,#3440,#3425,#3414,#3403,#3387,#3372,#3364,#3349,#3334,#3322,#3313,#3301,#3290,#3278,#3267,#3255,#3240,#3232,#3216,#3200,#3188,#3180,#3164,#3156,#3145,#3137,#3129,#3121,#3113,#3102,#3090,#3075,#3060,#3043,#3031,#3015,#3004,#2993,#2982,#2971,#2960,#2949,#2941,#2930,#2919,#2907,#2896,#2885,#2874,#2866,#2855,#2844,#2833,#2825,#2814,#2803,#2792,#2781,#2770,#2759,#2748,#2737,#2722,#2706,#2689,#2674,#2659,#2643,#2603,#2595,#2587,#2573,#2565,#2557,#2549,#2541,#2533,#2525,#2514,#2500,#2492,#2484,#2471,#2455,#2447,#2433,#2401,#2372,#2343,#2321,#2312,#2281,#2240,#2211,#2189,#2180,#2149,#2120,#2089,#2067,#2056,#2025,#1994,#1963,#1848,#1801,#1792,#1784,#1776,#1768,#1760,#1752,#1744,#1736,#1728,#1720,#1712,#1704,#1696,#1688,#1680,#1672,#1664,#1656,#1648,#1640,#1632,#1624,#1616,#1608,#1600,#1592,#1584,#1564,#1555,#1540,#1532,#1523,#1509,#1501,#1487,#1479,#1464,#1456,#1448,#1440,#1424,#1413,#1397,#1386,#1370,#1358,#1342,#1330,#1314,#1302,#1291,#1275,#1259,#1243,#1214,#1203,#1192,#1170,#1159,#1150,#1139,#1117,#1095,#1073,#1062,#1040,#1018,#996,#985,#963,#927,#870,#786,#694,#673,#653,#631,#622,#599,#588,#579,#568,#557,#534,#504,#481,#462,#434,#423,#395,#366,#346,#326,#315,#304,#271,#248,#225,#214,#203,#192,#181,#169,#146,#124,#46),#43);
#6634= IFCRELCONNECTSWITHREALIZINGELEMENTS('0i5dsJemL0DeotxDWCLavW',#5,$,$,$,#2640,#2173,(#2165),$);
#6635= IFCRELCONNECTSWITHREALIZINGELEMENTS('2yYOru8GzC2eGEq$WnYC8k',#5,$,$,$,#2640,#2142,(#2134),$);
#6636= IFCRELCONNECTSWITHREALIZINGELEMENTS('3D4SnlPyzEjPc7VvF71Qco',#5,$,$,$,#2640,#2113,(#2105),$);
#6637= IFCRELCONNECTSWITHREALIZINGELEMENTS('2ONGPAq8j4Q9REM1xib9aX',#5,$,$,$,#2640,#2082,(#2074),$);
#6638= IFCRELCONNECTSWITHREALIZINGELEMENTS('2MhBXD18r6QRnm2xlTu3rU',#5,$,$,$,#2634,#2425,(#2417),$);
#6639= IFCRELCONNECTSWITHREALIZINGELEMENTS('3JoaiqQpb29ueXsNsejY9m',#5,$,$,$,#2634,#2394,(#2386),$);
#6640= IFCRELCONNECTSWITHREALIZINGELEMENTS('3gEodcSy95hgxWzvbIibCR',#5,$,$,$,#2634,#2365,(#2357),$);
#6641= IFCRELCONNECTSWITHREALIZINGELEMENTS('3y1tglIiXBEQ0oPjp45OEa',#5,$,$,$,#2634,#2336,(#2328),$);
#6642= IFCRELCONNECTSWITHREALIZINGELEMENTS('3mV5drKQ5FueoMgEJgvVA4',#5,$,$,$,#2628,#2049,(#2041),$);
#6643= IFCRELCONNECTSWITHREALIZINGELEMENTS('09uecTTGjEfBcyQpnUbLR1',#5,$,$,$,#2628,#2018,(#2010),$);
#6644= IFCRELCONNECTSWITHREALIZINGELEMENTS('19LkvQ865B$g_DBVQA5m7c',#5,$,$,$,#2628,#1987,(#1979),$);
#6645= IFCRELCONNECTSWITHREALIZINGELEMENTS('3lmSIoCIT8vBxQ_stCbiDC',#5,$,$,$,#2628,#1932,(#1905),$);
#6646= IFCRELCONNECTSWITHREALIZINGELEMENTS('2mqE$PCBz3iec85tyQQZof',#5,$,$,$,#2620,#2305,(#2297),$);
#6647= IFCRELCONNECTSWITHREALIZINGELEMENTS('1Egxwvoqj9Hv2pfMdocMpZ',#5,$,$,$,#2620,#2274,(#2266),$);
#6648= IFCRELCONNECTSWITHREALIZINGELEMENTS('00lHioKsHABfzF2UN8yFqj',#5,$,$,$,#2620,#2233,(#2225),$);
#6649= IFCRELCONNECTSWITHREALIZINGELEMENTS('1CUxS0XgfF384RCvcmq60_',#5,$,$,$,#2620,#2204,(#2196),$);
#6650= IFCRELDEFINESBYPROPERTIES('1_Cq02B$92$Azk5dhBeSmZ',#5,$,$,(#6308,#6300,#6285,#6269,#6227,#6212,#6201,#6186,#6171,#6156,#6141,#6096,#6052,#6011,#5996,#5981,#5973,#5958,#5945,#5934,#5923,#5830,#5814,#5799,#5784,#5773,#5765,#5750,#5703,#5688,#5572,#5557,#5542,#5330,#5298,#5282,#5267,#5252,#5239,#5224,#5209,#5194,#5179,#5171,#5160,#5110,#5016,#5001,#4986,#4971,#4899,#4888,#4795,#4780,#4765,#4418,#4407,#4399,#4384,#4369,#4260,#4245,#4080,#4065,#4050,#4035,#4020,#4004,#3989,#3873,#3754,#3746,#3730,#3713,#3701,#3689,#3681,#3666,#3658,#3650,#3642,#3634,#3626,#3615,#3604,#3596,#3588,#3580,#3572,#3564,#3553,#3542,#3534,#3526,#3518,#3510,#3495,#3487,#3478,#3470,#3462,#3451,#3440,#3425,#3414,#3403,#3387,#3372,#3364,#3349,#3334,#3322,#3313,#3301,#3290,#3278,#3267,#3255,#3240,#3232,#3216,#3200,#3188,#3180,#3164,#3156,#3145,#3137,#3129,#3121,#3113,#3102,#3090,#3075,#3060,#3043,#3031,#3015,#3004,#2993,#2982,#2971,#2960,#2949,#2941,#2930,#2919,#2907,#2896,#2885,#2874,#2866,#2855,#2844,#2833,#2825,#2814,#2803,#2792,#2781,#2770,#2759,#2748,#2737,#2722,#2706,#2689,#2674,#2659,#2643,#2603,#2595,#2587,#2573,#2565,#2557,#2549,#2541,#2533,#2525,#2514,#2500,#2492,#2484,#2471,#2455,#2447,#2433,#2401,#2372,#2343,#2321,#2312,#2281,#2240,#2211,#2189,#2180,#2149,#2120,#2089,#2067,#2056,#2025,#1994,#1963,#1848,#1801,#1792,#1784,#1776,#1768,#1760,#1752,#1744,#1736,#1728,#1720,#1712,#1704,#1696,#1688,#1680,#1672,#1664,#1656,#1648,#1640,#1632,#1624,#1616,#1608,#1600,#1592,#1584,#1564,#1555,#1540,#1532,#1523,#1509,#1501,#1487,#1479,#1464,#1456,#1448,#1440,#1424,#1413,#1397,#1386,#1370,#1358,#1342,#1330,#1314,#1302,#1291,#1275,#1259,#1243,#1214,#1203,#1192,#1170,#1159,#1150,#1139,#1117,#1095,#1073,#1062,#1040,#1018,#996,#985,#963,#927,#870,#786,#694,#673,#653,#631,#622,#599,#588,#579,#568,#557,#534,#504,#481,#462,#434,#423,#395,#366,#346,#326,#315,#304,#271,#248,#225,#214,#203,#192,#181,#169,#146,#124,#46),#48);
#6651= IFCRELDEFINESBYPROPERTIES('1daMx0gKn4993XduGkuP8P',#5,$,$,(#6308,#6300,#6285,#6269,#6227,#6212,#6201,#6186,#6171,#6156,#6141,#6096,#6052,#6011,#5996,#5981,#5973,#5958,#5945,#5934,#5923,#5830,#5814,#5799,#5784,#5773,#5765,#5750,#5703,#5688,#5572,#5557,#5542,#5330,#5298,#5282,#5267,#5252,#5239,#5224,#5209,#5194,#5179,#5171,#5160,#5110,#5016,#5001,#4986,#4971,#4899,#4888,#4795,#4780,#4765,#4418,#4407,#4399,#4384,#4369,#4260,#4245,#4080,#4065,#4050,#4035,#4020,#4004,#3989,#3873,#3754,#3746,#3730,#3713,#3701,#3689,#3681,#3666,#3658,#3650,#3642,#3634,#3626,#3615,#3604,#3596,#3588,#3580,#3572,#3564,#3553,#3542,#3534,#3526,#3518,#3510,#3495,#3487,#3478,#3470,#3462,#3451,#3440,#3425,#3414,#3403,#3387,#3372,#3364,#3349,#3334,#3322,#3313,#3301,#3290,#3278,#3267,#3255,#3240,#3232,#3216,#3200,#3188,#3180,#3164,#3156,#3145,#3137,#3129,#3121,#3113,#3102,#3090,#3075,#3060,#3043,#3031,#3015,#3004,#2993,#2982,#2971,#2960,#2949,#2941,#2930,#2919,#2907,#2896,#2885,#2874,#2866,#2855,#2844,#2833,#2825,#2814,#2803,#2792,#2781,#2770,#2759,#2748,#2737,#2722,#2706,#2689,#2674,#2659,#2643,#2603,#2595,#2587,#2573,#2565,#2557,#2549,#2541,#2533,#2525,#2514,#2500,#2492,#2484,#2471,#2455,#2447,#2433,#2401,#2372,#2343,#2321,#2312,#2281,#2240,#2211,#2189,#2180,#2149,#2120,#2089,#2067,#2056,#2025,#1994,#1963,#1848,#1801,#1792,#1784,#1776,#1768,#1760,#1752,#1744,#1736,#1728,#1720,#1712,#1704,#1696,#1688,#1680,#1672,#1664,#1656,#1648,#1640,#1632,#1624,#1616,#1608,#1600,#1592,#1584,#1564,#1555,#1540,#1532,#1523,#1509,#1501,#1487,#1479,#1464,#1456,#1448,#1440,#1424,#1413,#1397,#1386,#1370,#1358,#1342,#1330,#1314,#1302,#1291,#1275,#1259,#1243,#1214,#1203,#1192,#1170,#1159,#1150,#1139,#1117,#1095,#1073,#1062,#1040,#1018,#996,#985,#963,#927,#870,#786,#694,#673,#653,#631,#622,#599,#588,#579,#568,#557,#534,#504,#481,#462,#434,#423,#395,#366,#346,#326,#315,#304,#271,#248,#225,#214,#203,#192,#181,#169,#146,#124,#46),#50);
#6652= IFCRELDEFINESBYPROPERTIES('2cFdKGgk1BWRMrKwvSGeD0',#5,$,$,(#46),#54);
#6653= IFCRELDEFINESBYPROPERTIES('05ns8tx6DDgwRpr96P$gBq',#5,$,$,(#1212,#1201,#1190,#1168,#1157,#1148,#1137,#1115,#1093,#1071,#1060,#1038,#1016,#994,#983,#961,#954,#936,#925,#918,#911,#904,#897,#890,#868,#861,#843,#825,#807,#784,#777,#770,#763,#756,#749,#742,#735,#728,#721,#714,#692,#671,#651,#629,#620,#597,#586,#577,#566,#555,#532,#513,#502,#479,#471,#460,#432,#421,#393,#364,#344,#324,#313,#302,#269,#246,#223,#212,#201,#190,#179,#167,#144,#106),#113);
#6654= IFCRELDEFINESBYPROPERTIES('1rkPRqSNj6QwqpctjDKcMc',#5,$,$,(#2410,#2379,#2350,#2319,#2290,#2259,#2218,#2187,#2158,#2127,#2098,#2065,#2034,#2003,#1972,#1843,#1212,#1201,#1190,#1168,#1157,#1148,#1137,#1115,#1093,#1071,#1060,#1038,#1016,#994,#983,#961,#954,#936,#925,#918,#911,#904,#897,#890,#868,#861,#843,#825,#807,#784,#777,#770,#763,#756,#749,#742,#735,#728,#721,#714,#692,#671,#651,#629,#620,#597,#586,#577,#566,#555,#532,#513,#502,#479,#471,#460,#432,#421,#393,#364,#344,#324,#313,#302,#269,#246,#223,#212,#201,#190,#179,#167,#144,#106),#116);
#6655= IFCRELDEFINESBYPROPERTIES('06TmPS1AjDofGf8H7LA3fZ',#5,$,$,(#2410,#2379,#2350,#2319,#2290,#2259,#2218,#2187,#2158,#2127,#2098,#2065,#2034,#2003,#1972,#1843,#1212,#1201,#1190,#1168,#1157,#1148,#1137,#1115,#1093,#1071,#1060,#1038,#1016,#994,#983,#961,#954,#936,#925,#918,#911,#904,#897,#890,#868,#861,#843,#825,#807,#784,#777,#770,#763,#756,#749,#742,#735,#728,#721,#714,#692,#671,#651,#629,#620,#597,#586,#577,#566,#555,#532,#513,#502,#479,#471,#460,#432,#421,#393,#364,#344,#324,#313,#302,#269,#246,#223,#212,#201,#190,#179,#167,#144,#106),#121);
#6656= IFCRELDEFINESBYPROPERTIES('0pNDNGXjL8GgZpd1N9WLyr',#5,$,$,(#346,#326,#124),#126);
#6657= IFCRELDEFINESBYPROPERTIES('16XDvZnSXC5wsrY16jN12A',#5,$,$,(#146),#148);
#6658= IFCRELDEFINESBYPROPERTIES('0B1XavDpr5mvKBXUNp_aQP',#5,$,$,(#169),#171);
#6659= IFCRELDEFINESBYPROPERTIES('0fjg6jwjLBmRVeP5q9xmwg',#5,$,$,(#181),#183);
#6660= IFCRELDEFINESBYPROPERTIES('2FEWrX8mT1CB7ghUntAvF4',#5,$,$,(#271,#192),#194);
#6661= IFCRELDEFINESBYPROPERTIES('3Wk4Et4HrEBPU6SWCO5xdN',#5,$,$,(#203),#205);
#6662= IFCRELDEFINESBYPROPERTIES('2LyqcEx6TAteB5pDgjoTWh',#5,$,$,(#214),#216);
#6663= IFCRELDEFINESBYPROPERTIES('11YdJKLdT4aAbzcbcnPM7_',#5,$,$,(#225),#227);
#6664= IFCRELDEFINESBYPROPERTIES('2wEanUC3r3$QjK0rO72bHA',#5,$,$,(#248),#250);
#6665= IFCRELDEFINESBYPROPERTIES('0ARIJDB_DFZPAc5oaNLGfi',#5,$,$,(#304),#306);
#6666= IFCRELDEFINESBYPROPERTIES('15nvPb4Gn75xPWN7v0XYrd',#5,$,$,(#315),#317);
#6667= IFCRELDEFINESBYPROPERTIES('1eJqAZogr94xKeCWm6z1Gd',#5,$,$,(#366),#368);
#6668= IFCRELDEFINESBYPROPERTIES('2sNthUw79DPx_zrVo39CCw',#5,$,$,(#579,#395),#397);
#6669= IFCRELDEFINESBYPROPERTIES('1rb0QjQb5928895PaNfq59',#5,$,$,(#423),#425);
#6670= IFCRELDEFINESBYPROPERTIES('11boLxlzv208e4N2XYcOXc',#5,$,$,(#434),#436);
#6671= IFCRELDEFINESBYPROPERTIES('31fc4982H6$PmRjboeOOkJ',#5,$,$,(#462),#464);
#6672= IFCRELDEFINESBYPROPERTIES('0zjaYqMsb1OutDG9y1wlPv',#5,$,$,(#481),#483);
#6673= IFCRELDEFINESBYPROPERTIES('3psWO_7PH3FhBd0LpSmTSq',#5,$,$,(#504),#506);
#6674= IFCRELDEFINESBYPROPERTIES('1FwVDb4AfE7OtUgvM2uhYD',#5,$,$,(#534),#536);
#6675= IFCRELDEFINESBYPROPERTIES('3XU4VjhqLErf_5kg6FvvEH',#5,$,$,(#557),#559);
#6676= IFCRELDEFINESBYPROPERTIES('1fadgI6gPBGOIm8uj1vHW_',#5,$,$,(#568),#570);
#6677= IFCRELDEFINESBYPROPERTIES('3_IXPP1AzCyR_$4L6KVTgl',#5,$,$,(#588),#590);
#6678= IFCRELDEFINESBYPROPERTIES('1RDywdo4b37wVkbAZok_0r',#5,$,$,(#622,#599),#601);
#6679= IFCRELDEFINESBYPROPERTIES('0gw27mQTrBlOMhK_JYnDaE',#5,$,$,(#673,#653,#631),#633);
#6680= IFCRELDEFINESBYPROPERTIES('0fRNEZ7Gj0Zwl9t212wAOy',#5,$,$,(#694),#696);
#6681= IFCRELDEFINESBYPROPERTIES('11064G7UbCOPeJM9AcVu9U',#5,$,$,(#786),#788);
#6682= IFCRELDEFINESBYPROPERTIES('3DMonV8Hj2NwhPLeTLnnni',#5,$,$,(#870),#872);
#6683= IFCRELDEFINESBYPROPERTIES('1TI96eAq19nx3BO3mx70g_',#5,$,$,(#927),#929);
#6684= IFCRELDEFINESBYPROPERTIES('0LXMYwaT91L94SekAlSg_8',#5,$,$,(#963),#965);
#6685= IFCRELDEFINESBYPROPERTIES('3oGPlR51f1Hg2PeXUEuShh',#5,$,$,(#985),#987);
#6686= IFCRELDEFINESBYPROPERTIES('2h9S1ZCjHDOxw$G76zOqps',#5,$,$,(#996),#998);
#6687= IFCRELDEFINESBYPROPERTIES('2khX7bCYb3ne6LG7VPoKB$',#5,$,$,(#1018),#1020);
#6688= IFCRELDEFINESBYPROPERTIES('3mvfsc6K178AZUTpsQwoMh',#5,$,$,(#1040),#1042);
#6689= IFCRELDEFINESBYPROPERTIES('0U1haGcGP6vRoq7fB0xWph',#5,$,$,(#1150,#1062),#1064);
#6690= IFCRELDEFINESBYPROPERTIES('35hfZI_918PPDRNhshh_LG',#5,$,$,(#1073),#1075);
#6691= IFCRELDEFINESBYPROPERTIES('3rh15PwtnE9uZrtKMXYSfz',#5,$,$,(#1095),#1097);
#6692= IFCRELDEFINESBYPROPERTIES('3_iF7rcun9EPWinIepvHt1',#5,$,$,(#1117),#1119);
#6693= IFCRELDEFINESBYPROPERTIES('32X85nPPnDOh7ThU8SCweZ',#5,$,$,(#1139),#1141);
#6694= IFCRELDEFINESBYPROPERTIES('2Rp66YPI55Yx2gVEGOaL3g',#5,$,$,(#1159),#1161);
#6695= IFCRELDEFINESBYPROPERTIES('3z3CWfPDX1ffldEd1BbJlj',#5,$,$,(#1170),#1172);
#6696= IFCRELDEFINESBYPROPERTIES('0zB40pgkrB4vhbOL04Cgu$',#5,$,$,(#1192),#1194);
#6697= IFCRELDEFINESBYPROPERTIES('0FajDdzNnB$Qe1py$Elzsk',#5,$,$,(#1203),#1205);
#6698= IFCRELDEFINESBYPROPERTIES('0HRcpvgL934RvjaeYsG57e',#5,$,$,(#1291,#1214),#1216);
#6699= IFCRELDEFINESBYPROPERTIES('38XOKtFjT1PQPfnZlRCd9Z',#5,$,$,(#1300,#1228),#1233);
#6700= IFCRELDEFINESBYPROPERTIES('3cqPPtw654qQYH3r6xBDD6',#5,$,$,(#1561,#1551,#1538,#1530,#1519,#1507,#1497,#1485,#1475,#1462,#1454,#1446,#1436,#1422,#1409,#1395,#1382,#1368,#1354,#1340,#1326,#1312,#1300,#1287,#1271,#1255,#1228),#1236);
#6701= IFCRELDEFINESBYPROPERTIES('3GUcsBMW1C6O764J9$bUtP',#5,$,$,(#6314,#6306,#6296,#6281,#6236,#6223,#6210,#6197,#6182,#6167,#6152,#6123,#6107,#6079,#6063,#6035,#6021,#6007,#5992,#5979,#5969,#5954,#5943,#5932,#5841,#5826,#5810,#5795,#5782,#5771,#5761,#5715,#5699,#5674,#5643,#5605,#5583,#5568,#5553,#5520,#5488,#5457,#5426,#5393,#5338,#5321,#5307,#5294,#5278,#5263,#5248,#5235,#5220,#5205,#5190,#5177,#5169,#5151,#5130,#5116,#5027,#5012,#4997,#4982,#4905,#4897,#4879,#4855,#4824,#4805,#4791,#4776,#4751,#4711,#4621,#4600,#4574,#4527,#4492,#4469,#4438,#4424,#4416,#4405,#4395,#4380,#4352,#4321,#4271,#4256,#4217,#4171,#4134,#4092,#4076,#4061,#4046,#4031,#4016,#4000,#3959,#3884,#3843,#3806,#3775,#3760,#3752,#3742,#3725,#3710,#3699,#3687,#3677,#3664,#3656,#3648,#3640,#3632,#3624,#3613,#3602,#3594,#3586,#3578,#3570,#3562,#3551,#3540,#3532,#3524,#3516,#3506,#3493,#3485,#3476,#3468,#3460,#3449,#3436,#3423,#3412,#3399,#3383,#3370,#3360,#3345,#3332,#3320,#3311,#3299,#3288,#3276,#3265,#3251,#3238,#3228,#3212,#3198,#3186,#3176,#3162,#3154,#3143,#3135,#3127,#3119,#3111,#3100,#3086,#3071,#3056,#3041,#3027,#3013,#3002,#2991,#2980,#2969,#2958,#2947,#2939,#2928,#2917,#2905,#2894,#2883,#2872,#2864,#2853,#2842,#2831,#2823,#2812,#2801,#2790,#2779,#2768,#2757,#2746,#2733,#2718,#2702,#2685,#2670,#2655,#2640,#2634,#2628,#2620,#2609,#2601,#2593,#2583,#2571,#2563,#2555,#2547,#2539,#2531,#2523,#2510,#2498,#2490,#2480,#2467,#2453,#2443,#1798,#1790,#1782,#1774,#1766,#1758,#1750,#1742,#1734,#1726,#1718,#1710,#1702,#1694,#1686,#1678,#1670,#1662,#1654,#1646,#1638,#1630,#1622,#1614,#1606,#1598,#1590,#1576,#1561,#1551,#1538,#1530,#1519,#1507,#1497,#1485,#1475,#1462,#1454,#1446,#1436,#1422,#1409,#1395,#1382,#1368,#1354,#1340,#1326,#1312,#1300,#1287,#1271,#1255,#1228),#1239);
#6702= IFCRELDEFINESBYPROPERTIES('2GNMkG3mH8AhmsbuH9yryt',#5,$,$,(#6314,#6306,#6296,#6281,#6250,#6236,#6223,#6210,#6197,#6182,#6167,#6152,#6107,#6063,#6035,#6021,#6007,#5992,#5979,#5969,#5954,#5943,#5932,#5911,#5865,#5841,#5826,#5810,#5795,#5782,#5771,#5761,#5733,#5715,#5699,#5674,#5643,#5605,#5583,#5568,#5553,#5520,#5488,#5457,#5426,#5359,#5338,#5321,#5307,#5294,#5278,#5263,#5248,#5235,#5220,#5205,#5190,#5177,#5169,#5116,#5093,#5072,#5043,#5027,#5012,#4997,#4982,#4960,#4941,#4919,#4905,#4897,#4879,#4855,#4824,#4805,#4791,#4776,#4751,#4711,#4679,#4643,#4621,#4600,#4574,#4527,#4492,#4424,#4416,#4405,#4395,#4380,#4289,#4271,#4256,#4217,#4171,#4134,#4109,#4092,#4076,#4061,#4046,#4031,#4016,#4000,#3959,#3908,#3884,#3843,#3775,#3760,#3752,#3742,#3725,#3710,#3699,#3687,#3677,#3664,#3656,#3648,#3640,#3632,#3624,#3613,#3602,#3594,#3586,#3578,#3570,#3562,#3551,#3540,#3532,#3524,#3516,#3506,#3493,#3485,#3476,#3468,#3460,#3449,#3436,#3423,#3412,#3399,#3383,#3370,#3360,#3345,#3332,#3320,#3311,#3299,#3288,#3276,#3265,#3251,#3238,#3228,#3212,#3198,#3186,#3176,#3162,#3154,#3143,#3135,#3127,#3119,#3111,#3100,#3086,#3071,#3056,#3041,#3027,#3013,#3002,#2991,#2980,#2969,#2958,#2947,#2939,#2928,#2917,#2905,#2894,#2883,#2872,#2864,#2853,#2842,#2831,#2823,#2812,#2801,#2790,#2779,#2768,#2757,#2746,#2733,#2718,#2702,#2685,#2670,#2655,#2640,#2634,#2628,#2620,#2609,#2601,#2593,#2583,#2571,#2563,#2555,#2547,#2539,#2531,#2523,#2510,#2498,#2490,#2480,#2467,#2453,#2443,#1798,#1790,#1782,#1774,#1766,#1758,#1750,#1742,#1734,#1726,#1718,#1710,#1702,#1694,#1686,#1678,#1670,#1662,#1654,#1646,#1638,#1630,#1622,#1614,#1606,#1598,#1590,#1576,#1561,#1551,#1538,#1530,#1519,#1507,#1497,#1485,#1475,#1462,#1454,#1446,#1436,#1422,#1409,#1395,#1382,#1368,#1354,#1340,#1326,#1312,#1300,#1287,#1271,#1255,#1228),#1240);
#6703= IFCRELDEFINESBYPROPERTIES('2EtMaTIaD6x9m$pPoxoujD',#5,$,$,(#1302,#1243),#1245);
#6704= IFCRELDEFINESBYPROPERTIES('2XlGVPGjbDdgAlt$ZNCjR3',#5,$,$,(#1312,#1255),#1257);
#6705= IFCRELDEFINESBYPROPERTIES('1md6MDS3v2Ve8dqxt8YXqM',#5,$,$,(#1259),#1261);
#6706= IFCRELDEFINESBYPROPERTIES('1lz3y9S3LFvPUwqgeU15UD',#5,$,$,(#1271),#1273);
#6707= IFCRELDEFINESBYPROPERTIES('2Z6ddr7iT9ghu8AqnWlzGE',#5,$,$,(#1330,#1275),#1277);
#6708= IFCRELDEFINESBYPROPERTIES('1Sd5UkbWzC5QcMVsWj1fk6',#5,$,$,(#1340,#1287),#1289);
#6709= IFCRELDEFINESBYPROPERTIES('1KeHvfvjTCTeBMD_CW2vDJ',#5,$,$,(#1314),#1316);
#6710= IFCRELDEFINESBYPROPERTIES('2gxk_6sQv0rf92xsRD_CrN',#5,$,$,(#1326),#1328);
#6711= IFCRELDEFINESBYPROPERTIES('1Qp5ZKNgjBGBnASIcUY8yr',#5,$,$,(#1358,#1342),#1344);
#6712= IFCRELDEFINESBYPROPERTIES('3VLnPPsOH2Sx6DwwdN3H4L',#5,$,$,(#1368,#1354),#1356);
#6713= IFCRELDEFINESBYPROPERTIES('1tnp1LYYX2UuiJNe0PTmus',#5,$,$,(#1386,#1370),#1372);
#6714= IFCRELDEFINESBYPROPERTIES('0esGrYbE1EPfy95eO5zURg',#5,$,$,(#1395,#1382),#1384);
#6715= IFCRELDEFINESBYPROPERTIES('3EjrOTf$52VwKpbw5WxPp8',#5,$,$,(#1413,#1397),#1399);
#6716= IFCRELDEFINESBYPROPERTIES('187UGxlB5F$A4NhW7pDdxA',#5,$,$,(#1422,#1409),#1411);
#6717= IFCRELDEFINESBYPROPERTIES('2jjY7ACNfFphwbhrx7o15e',#5,$,$,(#1456,#1448,#1440,#1424),#1426);
#6718= IFCRELDEFINESBYPROPERTIES('06WNRzCLX4IuSfBFVqQGC7',#5,$,$,(#1462,#1454,#1446,#1436),#1438);
#6719= IFCRELDEFINESBYPROPERTIES('3r9m0jby9DiAnXCQDJNYaM',#5,$,$,(#1479,#1464),#1466);
#6720= IFCRELDEFINESBYPROPERTIES('0maH105ln0U9wWDDuSFRHl',#5,$,$,(#1485,#1475),#1477);
#6721= IFCRELDEFINESBYPROPERTIES('1UOXg8OgX3Kf7IzN5fle73',#5,$,$,(#1555,#1523,#1501,#1487),#1489);
#6722= IFCRELDEFINESBYPROPERTIES('22tOvZX55ExhY1u54HDm6d',#5,$,$,(#1561,#1530,#1507,#1497),#1499);
#6723= IFCRELDEFINESBYPROPERTIES('1HDxg5qdb0Rh58LGLGXjKV',#5,$,$,(#1532,#1509),#1511);
#6724= IFCRELDEFINESBYPROPERTIES('3JYaJtx5X74ve4QO_eP$vU',#5,$,$,(#1538,#1519),#1521);
#6725= IFCRELDEFINESBYPROPERTIES('2nu2QMh6L23wz2sXmYOX1Y',#5,$,$,(#1540),#1542);
#6726= IFCRELDEFINESBYPROPERTIES('36AWFUwqn1vwsU3d8733i9',#5,$,$,(#1551),#1553);
#6727= IFCRELDEFINESBYPROPERTIES('2KmFJiDhzCG87vY1_nuLE6',#5,$,$,(#1792,#1784,#1776,#1768,#1760,#1752,#1744,#1736,#1728,#1720,#1712,#1704,#1696,#1688,#1680,#1672,#1664,#1656,#1648,#1640,#1632,#1624,#1616,#1608,#1600,#1592,#1584,#1564),#1566);
#6728= IFCRELDEFINESBYPROPERTIES('17uR8LlibEaRlUNeikqbS6',#5,$,$,(#1798,#1790,#1782,#1774,#1766,#1758,#1750,#1742,#1734,#1726,#1718,#1710,#1702,#1694,#1686,#1678,#1670,#1662,#1654,#1646,#1638,#1630,#1622,#1614,#1606,#1598,#1590,#1576),#1579);
#6729= IFCRELDEFINESBYPROPERTIES('1wI1QeCprEj9zpBsW$LKa4',#5,$,$,(#2609,#2601,#2593,#2583,#2571,#2563,#2555,#2547,#2539,#2531,#2523,#2510,#2498,#2490,#2480,#2467,#2453,#2443,#1798,#1790,#1782,#1774,#1766,#1758,#1750,#1742,#1734,#1726,#1718,#1710,#1702,#1694,#1686,#1678,#1670,#1662,#1654,#1646,#1638,#1630,#1622,#1614,#1606,#1598,#1590,#1576),#1581);
#6730= IFCRELDEFINESBYPROPERTIES('2_seM9_OLFF9d5mApY6b$5',#5,$,$,(#2180,#1801),#1803);
#6731= IFCRELDEFINESBYPROPERTIES('0VHggt1inCjuiUN93tzAWK',#5,$,$,(#2410,#2379,#2350,#2319,#2290,#2259,#2218,#2187,#2158,#2127,#2098,#2065,#2034,#2003,#1972,#1843),#1846);
#6732= IFCRELDEFINESBYPROPERTIES('1fVqt_n1jCl8P32LHt$_oW',#5,$,$,(#2321,#2189,#2067,#1848),#1850);
#6733= IFCRELDEFINESBYPROPERTIES('1KTpR2Jo5BugCJx8eYwA$j',#5,$,$,(#1905),#1922);
#6734= IFCRELDEFINESBYPROPERTIES('0tKMVUs1b778sg_95OURsf',#5,$,$,(#6262,#6135,#6091,#6047,#5920,#5915,#5890,#5877,#5745,#5683,#5678,#5652,#5647,#5622,#5617,#5537,#5532,#5497,#5492,#5466,#5461,#5435,#5430,#5402,#5397,#5368,#5363,#5325,#5155,#5134,#5105,#5076,#5055,#4964,#4945,#4923,#4883,#4864,#4859,#4833,#4828,#4760,#4755,#4728,#4723,#4688,#4683,#4655,#4625,#4604,#4583,#4578,#4552,#4539,#4504,#4473,#4450,#4364,#4333,#4301,#4242,#4229,#4196,#4183,#4146,#4113,#3984,#3971,#3933,#3920,#3868,#3855,#3818,#3787,#2429,#2398,#2369,#2340,#2309,#2278,#2237,#2208,#2177,#2146,#2117,#2086,#2053,#2022,#1991,#1946),#1952);
#6735= IFCRELDEFINESBYPROPERTIES('3SyEhPdAr7avoPfHqgNyq0',#5,$,$,(#2425,#2394,#2365,#2336,#2305,#2274,#2233,#2204,#2173,#2142,#2113,#2082,#2049,#2018,#1987,#1932),#1956);
#6736= IFCRELDEFINESBYPROPERTIES('3zdY46K9H7of_pK2_drtFk',#5,$,$,(#6314,#6306,#6296,#6281,#6250,#6236,#6223,#6210,#6197,#6182,#6167,#6152,#6123,#6107,#6079,#6063,#6035,#6021,#6007,#5992,#5979,#5969,#5954,#5943,#5932,#5911,#5865,#5841,#5826,#5810,#5795,#5782,#5771,#5761,#5733,#5715,#5699,#5674,#5643,#5605,#5583,#5568,#5553,#5520,#5488,#5457,#5426,#5393,#5359,#5338,#5321,#5307,#5294,#5278,#5263,#5248,#5235,#5220,#5205,#5190,#5177,#5169,#5151,#5130,#5116,#5093,#5072,#5043,#5027,#5012,#4997,#4982,#4960,#4941,#4919,#4905,#4897,#4879,#4855,#4824,#4805,#4791,#4776,#4751,#4711,#4679,#4643,#4621,#4600,#4574,#4527,#4492,#4469,#4438,#4424,#4416,#4405,#4395,#4380,#4352,#4321,#4289,#4271,#4256,#4217,#4171,#4134,#4109,#4092,#4076,#4061,#4046,#4031,#4016,#4000,#3959,#3908,#3884,#3843,#3806,#3775,#3760,#3752,#3742,#3725,#3710,#3699,#3687,#3677,#3664,#3656,#3648,#3640,#3632,#3624,#3613,#3602,#3594,#3586,#3578,#3570,#3562,#3551,#3540,#3532,#3524,#3516,#3506,#3493,#3485,#3476,#3468,#3460,#3449,#3436,#3423,#3412,#3399,#3383,#3370,#3360,#3345,#3332,#3320,#3311,#3299,#3288,#3276,#3265,#3251,#3238,#3228,#3212,#3198,#3186,#3176,#3162,#3154,#3143,#3135,#3127,#3119,#3111,#3100,#3086,#3071,#3056,#3041,#3027,#3013,#3002,#2991,#2980,#2969,#2958,#2947,#2939,#2928,#2917,#2905,#2894,#2883,#2872,#2864,#2853,#2842,#2831,#2823,#2812,#2801,#2790,#2779,#2768,#2757,#2746,#2733,#2718,#2702,#2685,#2670,#2655,#2640,#2634,#2628,#2620,#2425,#2394,#2365,#2336,#2305,#2274,#2233,#2204,#2173,#2142,#2113,#2082,#2049,#2018,#1987,#1932),#1959);
#6737= IFCRELDEFINESBYPROPERTIES('2pmukQgtj5qvJELBc8esGO',#5,$,$,(#2372,#1963),#1965);
#6738= IFCRELDEFINESBYPROPERTIES('0D_WlFBcX8G8wKb1sPisHl',#5,$,$,(#1979),#1981);
#6739= IFCRELDEFINESBYPROPERTIES('24Kp30DLT37BL7a4H43b6G',#5,$,$,(#1994),#1996);
#6740= IFCRELDEFINESBYPROPERTIES('3STwg9tZ996PR2Pbvwfp8_',#5,$,$,(#2010),#2012);
#6741= IFCRELDEFINESBYPROPERTIES('0kWA4LjFr4agjEBP6KcqSX',#5,$,$,(#2343,#2211,#2120,#2025),#2027);
#6742= IFCRELDEFINESBYPROPERTIES('1IZ5Go3yf8xg1lMRS24YHP',#5,$,$,(#2041),#2043);
#6743= IFCRELDEFINESBYPROPERTIES('3u9Sv048rBOe0MvfUosgja',#5,$,$,(#2056),#2058);
#6744= IFCRELDEFINESBYPROPERTIES('0lsiibn9P1xOgVsNdD58M8',#5,$,$,(#2074),#2076);
#6745= IFCRELDEFINESBYPROPERTIES('31Vfa6WBTESQh7s73c6M3h',#5,$,$,(#2312,#2089),#2091);
#6746= IFCRELDEFINESBYPROPERTIES('27FlKhQn52sAy7qclZC_gG',#5,$,$,(#2105),#2107);
#6747= IFCRELDEFINESBYPROPERTIES('0rWWf3ahXB2OqzL$06PZzH',#5,$,$,(#2134),#2136);
#6748= IFCRELDEFINESBYPROPERTIES('0JQ5x8LED5Tfkj3brAu4AP',#5,$,$,(#2240,#2149),#2151);
#6749= IFCRELDEFINESBYPROPERTIES('355xMlRWP8ax5cH4mH9ljQ',#5,$,$,(#2165),#2167);
#6750= IFCRELDEFINESBYPROPERTIES('2is25I2Ur0BREKBlFeP8HX',#5,$,$,(#2196),#2198);
#6751= IFCRELDEFINESBYPROPERTIES('14Fim6eVDAyA_DSb7Um94O',#5,$,$,(#2225),#2227);
#6752= IFCRELDEFINESBYPROPERTIES('0VCbb57L5EKwndOHUtmv4Z',#5,$,$,(#2266),#2268);
#6753= IFCRELDEFINESBYPROPERTIES('2HsY0zLYf6MfXr1K2yYEta',#5,$,$,(#2281),#2283);
#6754= IFCRELDEFINESBYPROPERTIES('3aNLh8VJP8jwx4McBTMpfH',#5,$,$,(#2297),#2299);
#6755= IFCRELDEFINESBYPROPERTIES('1us1uEc495t855aEiZbchM',#5,$,$,(#2328),#2330);
#6756= IFCRELDEFINESBYPROPERTIES('1SeUfg0qfCZfawvvkHMOda',#5,$,$,(#2357),#2359);
#6757= IFCRELDEFINESBYPROPERTIES('2dV5X2Oyj6mfMjJQaeqK8q',#5,$,$,(#2386),#2388);
#6758= IFCRELDEFINESBYPROPERTIES('3CyKpaDP12nf1OociZaQzA',#5,$,$,(#2401),#2403);
#6759= IFCRELDEFINESBYPROPERTIES('2AjcYsP217dfqdvzOaYMcs',#5,$,$,(#2417),#2419);
#6760= IFCRELDEFINESBYPROPERTIES('2oyCb9z7jAARVMaqiZaiWQ',#5,$,$,(#2492,#2484,#2447,#2433),#2435);
#6761= IFCRELDEFINESBYPROPERTIES('07AyUt_JX93fQflXnM8QQ3',#5,$,$,(#2498,#2490,#2453,#2443),#2445);
#6762= IFCRELDEFINESBYPROPERTIES('2CB1xYJjv3oeyN8wuJ8Veb',#5,$,$,(#2455),#2457);
#6763= IFCRELDEFINESBYPROPERTIES('14O8BeEEPBTBH80OpT$VYs',#5,$,$,(#2467),#2469);
#6764= IFCRELDEFINESBYPROPERTIES('0hu44hVyfAdB4K2f$rrvkD',#5,$,$,(#2533,#2525,#2471),#2473);
#6765= IFCRELDEFINESBYPROPERTIES('3sWImMz6fBHQIUSMm4iK4c',#5,$,$,(#2539,#2531,#2480),#2482);
#6766= IFCRELDEFINESBYPROPERTIES('3xY7gAfQD7IBB0QfPNBAtH',#5,$,$,(#2603,#2595,#2565,#2557,#2549,#2541,#2514,#2500),#2502);
#6767= IFCRELDEFINESBYPROPERTIES('265oWiLTXCYhD0BrgDuhjw',#5,$,$,(#2609,#2601,#2571,#2563,#2555,#2547,#2523,#2510),#2512);
#6768= IFCRELDEFINESBYPROPERTIES('3Sn3ywVXf3ZQH2pkx1WvBB',#5,$,$,(#2587,#2573),#2575);
#6769= IFCRELDEFINESBYPROPERTIES('3zVlOrY8H52BI$C0cj8Yzw',#5,$,$,(#2593,#2583),#2585);
#6770= IFCRELDEFINESBYPROPERTIES('1YlSKuadDBPAUQEAZSSsfv',#5,$,$,(#2640,#2634,#2628,#2620),#2622);
#6771= IFCRELDEFINESBYPROPERTIES('36KakrJfHB8g6P34UyVqXw',#5,$,$,(#2643),#2645);
#6772= IFCRELDEFINESBYPROPERTIES('0oEnGOv5P25e39qgJvTA_P',#5,$,$,(#2655),#2657);
#6773= IFCRELDEFINESBYPROPERTIES('1XOwEc_3v0DAxetTa9v0fQ',#5,$,$,(#3701,#2659),#2661);
#6774= IFCRELDEFINESBYPROPERTIES('1ln2yzkPr0YQlmKITE1Lqv',#5,$,$,(#3710,#2670),#2672);
#6775= IFCRELDEFINESBYPROPERTIES('1X_HI3Idz05hIYgRdjsKp9',#5,$,$,(#2674),#2676);
#6776= IFCRELDEFINESBYPROPERTIES('0LkKW3Ztr4qRT4opk3gelc',#5,$,$,(#2685),#2687);
#6777= IFCRELDEFINESBYPROPERTIES('0oLJwoJ2P6hxaviH9lawRE',#5,$,$,(#2689),#2691);
#6778= IFCRELDEFINESBYPROPERTIES('2Jx6Ojq7r6ZhCQjw4eHv8i',#5,$,$,(#2702),#2704);
#6779= IFCRELDEFINESBYPROPERTIES('0Y5NvSlz53duNvugHwb$8U',#5,$,$,(#3689,#3681,#3414,#2706),#2708);
#6780= IFCRELDEFINESBYPROPERTIES('32hsENLFn3nfPwpXP3Ym8x',#5,$,$,(#3699,#3687,#3423,#2718),#2720);
#6781= IFCRELDEFINESBYPROPERTIES('1PzwBXlAr8OB3yYDKjUvPs',#5,$,$,(#3004,#2993,#2982,#2971,#2960,#2949,#2941,#2930,#2919,#2907,#2896,#2885,#2874,#2866,#2855,#2844,#2833,#2825,#2814,#2803,#2792,#2781,#2770,#2759,#2748,#2737,#2722),#2724);
#6782= IFCRELDEFINESBYPROPERTIES('305NpLPC14JearWJS2n104',#5,$,$,(#3013,#3002,#2991,#2980,#2969,#2958,#2947,#2939,#2928,#2917,#2905,#2894,#2883,#2872,#2864,#2853,#2842,#2831,#2823,#2812,#2801,#2790,#2779,#2768,#2757,#2746,#2733),#2735);
#6783= IFCRELDEFINESBYPROPERTIES('0tgW1GXzD9$Qpzb_hnopIn',#5,$,$,(#3403,#3031,#3015),#3017);
#6784= IFCRELDEFINESBYPROPERTIES('2HNb8lujf8ifrp15V4lcYm',#5,$,$,(#3412,#3041,#3027),#3029);
#6785= IFCRELDEFINESBYPROPERTIES('2bz5azJX14QO$hXUZilB5R',#5,$,$,(#3043),#3045);
#6786= IFCRELDEFINESBYPROPERTIES('3SVEfRFm52OuIMdFx2Zbj_',#5,$,$,(#3056),#3058);
#6787= IFCRELDEFINESBYPROPERTIES('2ycQ2Dn$j3EB2JJkiQlKr1',#5,$,$,(#3232,#3188,#3060),#3062);
#6788= IFCRELDEFINESBYPROPERTIES('1w_riubRjCxBuBPbnpU6KY',#5,$,$,(#3238,#3198,#3071),#3073);
#6789= IFCRELDEFINESBYPROPERTIES('0$btfnrR54UfdLg9xj06mY',#5,$,$,(#3364,#3322,#3313,#3301,#3290,#3278,#3267,#3180,#3156,#3145,#3137,#3129,#3121,#3113,#3102,#3090,#3075),#3077);
#6790= IFCRELDEFINESBYPROPERTIES('3l_BQvMV5AXwm$DDL1h$qm',#5,$,$,(#3370,#3332,#3320,#3311,#3299,#3288,#3276,#3186,#3162,#3154,#3143,#3135,#3127,#3119,#3111,#3100,#3086),#3088);
#6791= IFCRELDEFINESBYPROPERTIES('0pZRFqZeD9Wf$YhWB0FqeF',#5,$,$,(#3255,#3164),#3166);
#6792= IFCRELDEFINESBYPROPERTIES('35nudyMknFhRAux3JtOpld',#5,$,$,(#3265,#3176),#3178);
#6793= IFCRELDEFINESBYPROPERTIES('3SUNx3bGP33wWzeFJ6M5UQ',#5,$,$,(#3200),#3202);
#6794= IFCRELDEFINESBYPROPERTIES('0OHpiLYiL8OAv6YM$Ym$WE',#5,$,$,(#3212),#3214);
#6795= IFCRELDEFINESBYPROPERTIES('164FBMH315OQsZYYWXIUHC',#5,$,$,(#3216),#3218);
#6796= IFCRELDEFINESBYPROPERTIES('1ZqfB4JhX6bRJhsLTLsgJu',#5,$,$,(#3228),#3230);
#6797= IFCRELDEFINESBYPROPERTIES('0yeBOoYgz7k894Dw0Xqhi6',#5,$,$,(#3240),#3242);
#6798= IFCRELDEFINESBYPROPERTIES('3QhDB9lon5hx0BQJiAu2_8',#5,$,$,(#3251),#3253);
#6799= IFCRELDEFINESBYPROPERTIES('04cX6WweH5lxCbj5BtNiKW',#5,$,$,(#3334),#3336);
#6800= IFCRELDEFINESBYPROPERTIES('3jdBP66Qb5zO_xG6z1CcRb',#5,$,$,(#3345),#3347);
#6801= IFCRELDEFINESBYPROPERTIES('2wenVxzK9CpP9psar$IYpG',#5,$,$,(#3349),#3351);
#6802= IFCRELDEFINESBYPROPERTIES('3BmloOl5L2_fVrKPNEh4fM',#5,$,$,(#3360),#3362);
#6803= IFCRELDEFINESBYPROPERTIES('2ZMGR05oHEIvIrh07iG$Za',#5,$,$,(#3372),#3374);
#6804= IFCRELDEFINESBYPROPERTIES('0$LpVWtb19qB2bEDQ33VYT',#5,$,$,(#3383),#3385);
#6805= IFCRELDEFINESBYPROPERTIES('3hQq9VEZT2WQQKq2upHwKa',#5,$,$,(#3387),#3389);
#6806= IFCRELDEFINESBYPROPERTIES('1FYlTybk99O9s8QOQLs_4L',#5,$,$,(#3399),#3401);
#6807= IFCRELDEFINESBYPROPERTIES('1_bKgKfCP10R17$h0L5GY8',#5,$,$,(#3658,#3650,#3642,#3634,#3626,#3615,#3596,#3588,#3580,#3572,#3564,#3553,#3542,#3534,#3526,#3518,#3510,#3487,#3478,#3470,#3462,#3451,#3440,#3425),#3427);
#6808= IFCRELDEFINESBYPROPERTIES('2xl8TZz692pxPvzRa1OraD',#5,$,$,(#3664,#3656,#3648,#3640,#3632,#3624,#3602,#3594,#3586,#3578,#3570,#3562,#3551,#3540,#3532,#3524,#3516,#3493,#3485,#3476,#3468,#3460,#3449,#3436),#3438);
#6809= IFCRELDEFINESBYPROPERTIES('11J2r8Akn8lvmFVm03yLKO',#5,$,$,(#3604,#3495),#3497);
#6810= IFCRELDEFINESBYPROPERTIES('2H7jcDH8vAsP$SesV9X0Gf',#5,$,$,(#3613,#3506),#3508);
#6811= IFCRELDEFINESBYPROPERTIES('24EXu8ha58EwOO8IQmIpWy',#5,$,$,(#3666),#3668);
#6812= IFCRELDEFINESBYPROPERTIES('3889q3LGL8evcQAx_sDPBc',#5,$,$,(#3677),#3679);
#6813= IFCRELDEFINESBYPROPERTIES('1hPxBQPZv5Rguvi6l$xfXS',#5,$,$,(#3713),#3715);
#6814= IFCRELDEFINESBYPROPERTIES('3BQGzT_lj64wGetTzyHNp8',#5,$,$,(#3725),#3727);
#6815= IFCRELDEFINESBYPROPERTIES('0$0bFfD$r2Ku3Z2jnRISQ6',#5,$,$,(#3754,#3746,#3730),#3732);
#6816= IFCRELDEFINESBYPROPERTIES('0ZHijckgjBXegIqf_22_GX',#5,$,$,(#3760,#3752,#3742),#3744);
#6817= IFCRELDEFINESBYPROPERTIES('1ouTuwjObAhR7TfM6wtXpR',#5,$,$,(#3775),#3790);
#6818= IFCRELDEFINESBYPROPERTIES('0regNhs6HEN8G7Ps5TlRh6',#5,$,$,(#3806),#3821);
#6819= IFCRELDEFINESBYPROPERTIES('2D6UmpdbP0tB93tD$JA70v',#5,$,$,(#5151,#5130,#3806),#3823);
#6820= IFCRELDEFINESBYPROPERTIES('06Kx5KuPHAMBM7RPu6Cs1q',#5,$,$,(#4217,#4171,#3843),#3871);
#6821= IFCRELDEFINESBYPROPERTIES('3owp7tTIjEyv6rqamf$0H$',#5,$,$,(#6201,#3873),#3875);
#6822= IFCRELDEFINESBYPROPERTIES('3EAYopbeT2$xWt41PwaYDd',#5,$,$,(#6210,#3884),#3886);
#6823= IFCRELDEFINESBYPROPERTIES('1KFKQC7K98ZxWsBQ8$NfP1',#5,$,$,(#3908),#3936);
#6824= IFCRELDEFINESBYPROPERTIES('19erWCdR51heDnsf4pNsNO',#5,$,$,(#3908),#3938);
#6825= IFCRELDEFINESBYPROPERTIES('2LlPIffWTFoBevE4mFTPpn',#5,$,$,(#3959),#3987);
#6826= IFCRELDEFINESBYPROPERTIES('0PGwzaHdPExvP5dXR$kOqj',#5,$,$,(#3989),#3991);
#6827= IFCRELDEFINESBYPROPERTIES('1P97Qt3mL4$hO5bCn$dtz1',#5,$,$,(#4000),#4002);
#6828= IFCRELDEFINESBYPROPERTIES('0mqBx56o1BSf6qpuYn24Pg',#5,$,$,(#4004),#4006);
#6829= IFCRELDEFINESBYPROPERTIES('1JdxV67w1DWv4x6J8E7Ogo',#5,$,$,(#4016),#4018);
#6830= IFCRELDEFINESBYPROPERTIES('3eL2uUpGz5dwNWA56c$ThT',#5,$,$,(#4020),#4022);
#6831= IFCRELDEFINESBYPROPERTIES('2GhJ$EaBL7CQAD38f8hsXz',#5,$,$,(#4031),#4033);
#6832= IFCRELDEFINESBYPROPERTIES('2xa0JTSGH96h_CwSwle3WZ',#5,$,$,(#5934,#4035),#4037);
#6833= IFCRELDEFINESBYPROPERTIES('3m4L8vR_5CRhG6xfyHSm5v',#5,$,$,(#5943,#4046),#4048);
#6834= IFCRELDEFINESBYPROPERTIES('0dWlaiy9f45ROgNCWGASCd',#5,$,$,(#5298,#4050),#4052);
#6835= IFCRELDEFINESBYPROPERTIES('0ak9KHGVjA1ecpjHWunKhV',#5,$,$,(#5307,#4061),#4063);
#6836= IFCRELDEFINESBYPROPERTIES('2nnP_6xbTCTRmbATrtFGYG',#5,$,$,(#5923,#4065),#4067);
#6837= IFCRELDEFINESBYPROPERTIES('0SFuFvz7rCxx_Jx_m2tAtr',#5,$,$,(#5932,#4076),#4078);
#6838= IFCRELDEFINESBYPROPERTIES('31V0T64QbCghmRm6dak9B1',#5,$,$,(#4080),#4082);
#6839= IFCRELDEFINESBYPROPERTIES('1w5o34Ls58PANHBIVQexFI',#5,$,$,(#4092),#4094);
#6840= IFCRELDEFINESBYPROPERTIES('2DajBpwW95sR48R3VlkTlx',#5,$,$,(#5733,#5093,#4109),#4116);
#6841= IFCRELDEFINESBYPROPERTIES('0KjY3Duur5Ew7tUKph7PL9',#5,$,$,(#4109),#4118);
#6842= IFCRELDEFINESBYPROPERTIES('3dIKvoNsb0cxtmSFMo5aX0',#5,$,$,(#4134),#4149);
#6843= IFCRELDEFINESBYPROPERTIES('3$I3UBhMX5jQAZr7F6Glg$',#5,$,$,(#4899,#4888,#4245),#4247);
#6844= IFCRELDEFINESBYPROPERTIES('3_Z4Bavz59yefOPC3alnXx',#5,$,$,(#4905,#4897,#4256),#4258);
#6845= IFCRELDEFINESBYPROPERTIES('3thHyVti902wYuxUiC4D_V',#5,$,$,(#4260),#4262);
#6846= IFCRELDEFINESBYPROPERTIES('3hjUT471z7x9jtx9LN6dQS',#5,$,$,(#4271),#4273);
#6847= IFCRELDEFINESBYPROPERTIES('0a2Y1dQa5DHAFAza$MMjFb',#5,$,$,(#4289),#4304);
#6848= IFCRELDEFINESBYPROPERTIES('097Gjx8xv6Lx1QNJOp2$4N',#5,$,$,(#4289),#4306);
#6849= IFCRELDEFINESBYPROPERTIES('0ivSLeXnL8du7eKJ8WYm6G',#5,$,$,(#4941,#4321),#4336);
#6850= IFCRELDEFINESBYPROPERTIES('1Y1T3CMX19tO2egiRjRex3',#5,$,$,(#6079,#4469,#4352,#4321),#4338);
#6851= IFCRELDEFINESBYPROPERTIES('0IownB1QXDsxLGTHNczvzB',#5,$,$,(#4352),#4367);
#6852= IFCRELDEFINESBYPROPERTIES('3S_tmazP9Bf9AFjJeuoqr5',#5,$,$,(#4369),#4371);
#6853= IFCRELDEFINESBYPROPERTIES('2Au9IarbXFux5Jz$rlHKxS',#5,$,$,(#4380),#4382);
#6854= IFCRELDEFINESBYPROPERTIES('0mmVq_uVX2gxBimGPZXBgn',#5,$,$,(#4418,#4407,#4399,#4384),#4386);
#6855= IFCRELDEFINESBYPROPERTIES('1XQZ4UJT1FDevMwzekNiuQ',#5,$,$,(#4424,#4416,#4405,#4395),#4397);
#6856= IFCRELDEFINESBYPROPERTIES('36grSfdJbC1OqrKQlSa$UJ',#5,$,$,(#4438),#4453);
#6857= IFCRELDEFINESBYPROPERTIES('08rIYZ7Nz1VOGQyj6tlaCZ',#5,$,$,(#4438),#4455);
#6858= IFCRELDEFINESBYPROPERTIES('3hgo2QjxjF8OV9UF_12mo$',#5,$,$,(#4469),#4476);
#6859= IFCRELDEFINESBYPROPERTIES('3skoUqIv5Ew8ZsXd$ONNFi',#5,$,$,(#4492),#4507);
#6860= IFCRELDEFINESBYPROPERTIES('2z_HnKayD4ehR0RpBeKPPz',#5,$,$,(#4855,#4527),#4555);
#6861= IFCRELDEFINESBYPROPERTIES('3vKtdnUz16F8xJ0wrftvGa',#5,$,$,(#4574),#4586);
#6862= IFCRELDEFINESBYPROPERTIES('0IH00M101CVgjvWIetIcNt',#5,$,$,(#4600),#4607);
#6863= IFCRELDEFINESBYPROPERTIES('3d2S0mmWzCiwm14ALTwIqq',#5,$,$,(#4621),#4628);
#6864= IFCRELDEFINESBYPROPERTIES('1CNN8FO4DBxOGjsK9CbPa_',#5,$,$,(#4643),#4658);
#6865= IFCRELDEFINESBYPROPERTIES('2Lvt7oVnbC2we$sz5esaL2',#5,$,$,(#4679,#4643),#4660);
#6866= IFCRELDEFINESBYPROPERTIES('1whjx2uknFffdDTAjf3tka',#5,$,$,(#4679),#4691);
#6867= IFCRELDEFINESBYPROPERTIES('0QtN6eZI57SeMmwq1$xE1b',#5,$,$,(#4711),#4731);
#6868= IFCRELDEFINESBYPROPERTIES('1Bg2ReQ3bA6PG5gykoYBqd',#5,$,$,(#4751),#4763);
#6869= IFCRELDEFINESBYPROPERTIES('2ypZdoogXA3uZS3xqUs6vJ',#5,$,$,(#4765),#4767);
#6870= IFCRELDEFINESBYPROPERTIES('1e4aNXMPb44PynjP6DTCu6',#5,$,$,(#4776),#4778);
#6871= IFCRELDEFINESBYPROPERTIES('27BANdFmLEZv1JfxOliO16',#5,$,$,(#4795,#4780),#4782);
#6872= IFCRELDEFINESBYPROPERTIES('3Ny40PH9X5WB7E4xDj3Qkp',#5,$,$,(#4805,#4791),#4793);
#6873= IFCRELDEFINESBYPROPERTIES('0GFF$9ZOD9ZuoZxEgQkDJH',#5,$,$,(#4824),#4836);
#6874= IFCRELDEFINESBYPROPERTIES('3uUnrV_kX3VQsO5tKw0KFU',#5,$,$,(#4879),#4886);
#6875= IFCRELDEFINESBYPROPERTIES('3ANEDitTT9rghZTwsXcMxv',#5,$,$,(#4919),#4926);
#6876= IFCRELDEFINESBYPROPERTIES('0AqCZybKv6jei_3X3x21uI',#5,$,$,(#5072,#5043,#4941,#4919),#4927);
#6877= IFCRELDEFINESBYPROPERTIES('03C0d2V5T2ZvpsT_wYvanH',#5,$,$,(#4960),#4967);
#6878= IFCRELDEFINESBYPROPERTIES('1u2p3Uhgb6vQBuY_Y6pGm5',#5,$,$,(#4960),#4969);
#6879= IFCRELDEFINESBYPROPERTIES('3KAw6lhrDChxh_PwRkdasn',#5,$,$,(#5765,#4971),#4973);
#6880= IFCRELDEFINESBYPROPERTIES('0MyMG9p_zB5Rznva9hAaEg',#5,$,$,(#5771,#4982),#4984);
#6881= IFCRELDEFINESBYPROPERTIES('3BAZ_fihb6lOAjK4Cj$WgA',#5,$,$,(#5110,#4986),#4988);
#6882= IFCRELDEFINESBYPROPERTIES('0THYShEAvEPAgTAvJPrenk',#5,$,$,(#5116,#4997),#4999);
#6883= IFCRELDEFINESBYPROPERTIES('1dX1p0Q$53MRE1DcBmxVOc',#5,$,$,(#5160,#5001),#5003);
#6884= IFCRELDEFINESBYPROPERTIES('1ZwDALdHH7JeAxp4pWQFuG',#5,$,$,(#5169,#5012),#5014);
#6885= IFCRELDEFINESBYPROPERTIES('0r9eCrZCX7auGAdIde_L_L',#5,$,$,(#5171,#5016),#5018);
#6886= IFCRELDEFINESBYPROPERTIES('1SvP7Vdjj0RfRT2I3Ufrr9',#5,$,$,(#5177,#5027),#5029);
#6887= IFCRELDEFINESBYPROPERTIES('2mduxN7Gb80R20xm5Bew1q',#5,$,$,(#5043),#5058);
#6888= IFCRELDEFINESBYPROPERTIES('3S_bHgT05CGvbf6SE8s5Fw',#5,$,$,(#5072),#5079);
#6889= IFCRELDEFINESBYPROPERTIES('1n9nGaQ_HFfOd4gvT0FGKq',#5,$,$,(#5093),#5108);
#6890= IFCRELDEFINESBYPROPERTIES('0THASShTf37AaGCYbpDg15',#5,$,$,(#5130),#5137);
#6891= IFCRELDEFINESBYPROPERTIES('1FztjzZD14_OcxVHIyBRy3',#5,$,$,(#5151),#5158);
#6892= IFCRELDEFINESBYPROPERTIES('1mDaAg7Mv5wv3ZdLWlIfhr',#5,$,$,(#5773,#5179),#5181);
#6893= IFCRELDEFINESBYPROPERTIES('1Z7z$hDHfDyxHAdsHDPXUN',#5,$,$,(#5782,#5190),#5192);
#6894= IFCRELDEFINESBYPROPERTIES('3tOqZWAtv678d2H1H6vI3y',#5,$,$,(#5194),#5196);
#6895= IFCRELDEFINESBYPROPERTIES('0LMDlds6nAwveWadZs1UYN',#5,$,$,(#5205),#5207);
#6896= IFCRELDEFINESBYPROPERTIES('2CnpyGuDbCCPpFzGEPoiS$',#5,$,$,(#5209),#5211);
#6897= IFCRELDEFINESBYPROPERTIES('17kH$jUIjC6wy4NSvPg1wc',#5,$,$,(#5220),#5222);
#6898= IFCRELDEFINESBYPROPERTIES('0QAcesVcrCxegd93cBLScQ',#5,$,$,(#5224),#5226);
#6899= IFCRELDEFINESBYPROPERTIES('1BW_90b3zAlfx1DTYu2KBU',#5,$,$,(#5235),#5237);
#6900= IFCRELDEFINESBYPROPERTIES('1$FeicwB5Feuzjed52762U',#5,$,$,(#5239),#5241);
#6901= IFCRELDEFINESBYPROPERTIES('2mi$Dz9g92kP1TDAtyvU0X',#5,$,$,(#5248),#5250);
#6902= IFCRELDEFINESBYPROPERTIES('3hHlpzhbz6ZvgfdEC4ckal',#5,$,$,(#5252),#5254);
#6903= IFCRELDEFINESBYPROPERTIES('2U9p1Mqz5CzxK5YjV2bSCA',#5,$,$,(#5263),#5265);
#6904= IFCRELDEFINESBYPROPERTIES('3aBBqMPa104hYStEbiE81P',#5,$,$,(#5267),#5269);
#6905= IFCRELDEFINESBYPROPERTIES('1pvb7owKr2GhtGHTqtSC8N',#5,$,$,(#5278),#5280);
#6906= IFCRELDEFINESBYPROPERTIES('2OeHJcugD2AfIZMX7jUCOL',#5,$,$,(#6011,#5282),#5284);
#6907= IFCRELDEFINESBYPROPERTIES('143H7bWIfDrwcnHH6XEyS_',#5,$,$,(#6021,#5294),#5296);
#6908= IFCRELDEFINESBYPROPERTIES('0UiaX55c5Cs9uZJl377ovi',#5,$,$,(#5321),#5328);
#6909= IFCRELDEFINESBYPROPERTIES('1PW3jarWv49eh_1qVfIg1q',#5,$,$,(#5330),#5332);
#6910= IFCRELDEFINESBYPROPERTIES('3MoToLVHjAzQLpAfkc1bB0',#5,$,$,(#5338),#5340);
#6911= IFCRELDEFINESBYPROPERTIES('1DyUYnljz3Hg34OzwjBusd',#5,$,$,(#5359),#5371);
#6912= IFCRELDEFINESBYPROPERTIES('05F5zX3Ir1Zwe0nEpmf$k3',#5,$,$,(#5359),#5373);
#6913= IFCRELDEFINESBYPROPERTIES('2sVSPtX_vFVvj2SLlS9yii',#5,$,$,(#5393),#5405);
#6914= IFCRELDEFINESBYPROPERTIES('153WgKCCXFN8PY3yneBlP1',#5,$,$,(#5393),#5407);
#6915= IFCRELDEFINESBYPROPERTIES('1An9ywAhz64OW$gOCWV$Mb',#5,$,$,(#5605,#5426),#5438);
#6916= IFCRELDEFINESBYPROPERTIES('2VXfpI_G5Chx58q$5Ref8B',#5,$,$,(#5457),#5469);
#6917= IFCRELDEFINESBYPROPERTIES('2iMwNYdUDA3PAAaK4lErdm',#5,$,$,(#5488),#5500);
#6918= IFCRELDEFINESBYPROPERTIES('1kuCQhxTDD7eQctjiaG8tF',#5,$,$,(#5520),#5540);
#6919= IFCRELDEFINESBYPROPERTIES('0ZfuBMwvX7QPsiP0RL9OHp',#5,$,$,(#5542),#5544);
#6920= IFCRELDEFINESBYPROPERTIES('3qFEuv0Wr5TfVaPgx2nwca',#5,$,$,(#5553),#5555);
#6921= IFCRELDEFINESBYPROPERTIES('2Adt11nKT1dun_ppGfm0tF',#5,$,$,(#5557),#5559);
#6922= IFCRELDEFINESBYPROPERTIES('0Y0ASLk1XC6fBKwuw98fRP',#5,$,$,(#5568),#5570);
#6923= IFCRELDEFINESBYPROPERTIES('0GWWuSjv5ExwJeTBWkJJQj',#5,$,$,(#5572),#5574);
#6924= IFCRELDEFINESBYPROPERTIES('370zF2nl9AIQtDHIevoXBH',#5,$,$,(#5583),#5585);
#6925= IFCRELDEFINESBYPROPERTIES('0J24la8oP2YRX4NClpvUQk',#5,$,$,(#5643),#5655);
#6926= IFCRELDEFINESBYPROPERTIES('2sO7dhuHf2tRTtOKq5BzTO',#5,$,$,(#5674),#5686);
#6927= IFCRELDEFINESBYPROPERTIES('05pG9CP4DFnw4xlTObMRk5',#5,$,$,(#5688),#5690);
#6928= IFCRELDEFINESBYPROPERTIES('2NDWfk0Kn8Teo5G21$Cy1C',#5,$,$,(#5699),#5701);
#6929= IFCRELDEFINESBYPROPERTIES('3ckiJukGD4ge_D0s_nGA0t',#5,$,$,(#5703),#5705);
#6930= IFCRELDEFINESBYPROPERTIES('3gLn4M5h5BWgtq2kyS72iW',#5,$,$,(#5715),#5717);
#6931= IFCRELDEFINESBYPROPERTIES('2$4IeCz5z8Mhi3sLRiQYf7',#5,$,$,(#5733),#5748);
#6932= IFCRELDEFINESBYPROPERTIES('2M_Gv0x2XBJRbgsegE$soF',#5,$,$,(#5750),#5752);
#6933= IFCRELDEFINESBYPROPERTIES('3UDPgPjVHDcecwl48HjVYm',#5,$,$,(#5761),#5763);
#6934= IFCRELDEFINESBYPROPERTIES('2xAu4qlCDAiRMi0U9h3tLB',#5,$,$,(#5784),#5786);
#6935= IFCRELDEFINESBYPROPERTIES('1HHwY9zOTBnvRtH$_KiMWC',#5,$,$,(#5795),#5797);
#6936= IFCRELDEFINESBYPROPERTIES('0bB9$T_PPDgBt2$5RLi$bO',#5,$,$,(#5799),#5801);
#6937= IFCRELDEFINESBYPROPERTIES('2tXLSYkQ17PPJUjxLe1S34',#5,$,$,(#5810),#5812);
#6938= IFCRELDEFINESBYPROPERTIES('3bJUIdrZjEJwuAKHuHXYnd',#5,$,$,(#5814),#5816);
#6939= IFCRELDEFINESBYPROPERTIES('0pOE0XiF1D1Ao58S7c5jzQ',#5,$,$,(#5826),#5828);
#6940= IFCRELDEFINESBYPROPERTIES('1Cw_XlQYzBlQuFJWOe8phe',#5,$,$,(#5830),#5832);
#6941= IFCRELDEFINESBYPROPERTIES('3R8fARLDL4SgI1uJFFBIEN',#5,$,$,(#5841),#5843);
#6942= IFCRELDEFINESBYPROPERTIES('3fU5tWobX1BBE85V11xzcP',#5,$,$,(#5911,#5865),#5893);
#6943= IFCRELDEFINESBYPROPERTIES('0KpfaWAGTCzBr8I0Uj2ut0',#5,$,$,(#5911,#5865),#5895);
#6944= IFCRELDEFINESBYPROPERTIES('01PN1H2Ov8_eWpCy9OPOGK',#5,$,$,(#5973,#5945),#5947);
#6945= IFCRELDEFINESBYPROPERTIES('1auM1mAaP1twFCpw3GE5eV',#5,$,$,(#5979,#5954),#5956);
#6946= IFCRELDEFINESBYPROPERTIES('0buWJqIO91pfpjvHdV4$mz',#5,$,$,(#5958),#5960);
#6947= IFCRELDEFINESBYPROPERTIES('1siLkCMUz0deTtwbuYGk25',#5,$,$,(#5969),#5971);
#6948= IFCRELDEFINESBYPROPERTIES('1HbZ3hqd96e8BXQ2vrl4pr',#5,$,$,(#5981),#5983);
#6949= IFCRELDEFINESBYPROPERTIES('3t$Z1XonT0jwTNMx3ky_LP',#5,$,$,(#5992),#5994);
#6950= IFCRELDEFINESBYPROPERTIES('1Ums3LMWX1fO90cN6XWZIt',#5,$,$,(#5996),#5998);
#6951= IFCRELDEFINESBYPROPERTIES('0Z1E8Gi79A3fRoWwS9qFH0',#5,$,$,(#6007),#6009);
#6952= IFCRELDEFINESBYPROPERTIES('2xyJDqI7H8k9B8yCNRwdz8',#5,$,$,(#6035),#6050);
#6953= IFCRELDEFINESBYPROPERTIES('18aOq8EbvAgQmcP7OvQDGI',#5,$,$,(#6052),#6054);
#6954= IFCRELDEFINESBYPROPERTIES('1jAL_Smjj1ge3djZI7FEMO',#5,$,$,(#6063),#6065);
#6955= IFCRELDEFINESBYPROPERTIES('0vBln77_f6cO1wIBoC364k',#5,$,$,(#6079),#6094);
#6956= IFCRELDEFINESBYPROPERTIES('1ZkEfBalHAIf3Ep6SddzyU',#5,$,$,(#6227,#6096),#6098);
#6957= IFCRELDEFINESBYPROPERTIES('34WQqC4ID0uRAgEajuRFHo',#5,$,$,(#6236,#6107),#6109);
#6958= IFCRELDEFINESBYPROPERTIES('2jLh$BUALCifNeiHwJr8RW',#5,$,$,(#6123),#6138);
#6959= IFCRELDEFINESBYPROPERTIES('0d1RJhY8D4heauKNvy15Gq',#5,$,$,(#6123),#6139);
#6960= IFCRELDEFINESBYPROPERTIES('3gC9SxgsP0b9UT5XflDSPz',#5,$,$,(#6141),#6143);
#6961= IFCRELDEFINESBYPROPERTIES('0fHGWiYxjF1w6Ye4r5BDr9',#5,$,$,(#6152),#6154);
#6962= IFCRELDEFINESBYPROPERTIES('0zYk4HCsj1ru0nQPFnsTG7',#5,$,$,(#6156),#6158);
#6963= IFCRELDEFINESBYPROPERTIES('3J3WnAghP8yvE91pIGKvi0',#5,$,$,(#6167),#6169);
#6964= IFCRELDEFINESBYPROPERTIES('0Tmm9oMar359yoummzVOGo',#5,$,$,(#6171),#6173);
#6965= IFCRELDEFINESBYPROPERTIES('1Z6scjJHH6gPGLWCmO7e4A',#5,$,$,(#6182),#6184);
#6966= IFCRELDEFINESBYPROPERTIES('20iFs3exb89Bqf$Ap7q0n5',#5,$,$,(#6186),#6188);
#6967= IFCRELDEFINESBYPROPERTIES('0sPWYUMI15NRuE9N9P7Nh$',#5,$,$,(#6197),#6199);
#6968= IFCRELDEFINESBYPROPERTIES('3qyg5jwFf1ChT7bWislY47',#5,$,$,(#6212),#6214);
#6969= IFCRELDEFINESBYPROPERTIES('1po79oPcTB79FFPYdyOrUu',#5,$,$,(#6223),#6225);
#6970= IFCRELDEFINESBYPROPERTIES('3U5sBnpBP3HhXR7o08mId8',#5,$,$,(#6250),#6265);
#6971= IFCRELDEFINESBYPROPERTIES('2fxjSUbD58eOeV$3NJehCp',#5,$,$,(#6250),#6267);
#6972= IFCRELDEFINESBYPROPERTIES('1xHGTJAHfEJuKIII2dd3YV',#5,$,$,(#6269),#6271);
#6973= IFCRELDEFINESBYPROPERTIES('2TzfxbC7D4XRk0Sd$xwyFA',#5,$,$,(#6281),#6283);
#6974= IFCRELDEFINESBYPROPERTIES('3UDBd9Nbn67fQq69aoGovY',#5,$,$,(#6308,#6300,#6285),#6287);
#6975= IFCRELDEFINESBYPROPERTIES('2iV_uxJjn4uhdkDH2KY4x9',#5,$,$,(#6314,#6306,#6296),#6298);
#6976= IFCRELASSOCIATESMATERIAL('0DM8uwrLj8afswf0lz17Yg',#5,$,$,(#2410,#2379,#2350,#2319,#2290,#2259,#2218,#2187,#2158,#2127,#2098,#2065,#2034,#2003,#1972,#1843,#1212,#1201,#1190,#1168,#1157,#1148,#1137,#1115,#1093,#1071,#1060,#1038,#1016,#994,#983,#961,#954,#936,#925,#918,#911,#904,#897,#890,#868,#861,#843,#825,#807,#784,#777,#770,#763,#756,#749,#742,#735,#728,#721,#714,#692,#671,#651,#629,#620,#597,#586,#577,#566,#555,#532,#513,#502,#479,#471,#460,#432,#421,#393,#364,#344,#324,#313,#302,#269,#246,#223,#212,#201,#190,#179,#167,#144,#106),#122);
#6977= IFCRELASSOCIATESMATERIAL('1Qe$5IEA53qxfWX70m0WEt',#5,$,$,(#1561,#1551,#1538,#1530,#1519,#1507,#1497,#1485,#1475,#1462,#1454,#1446,#1436,#1422,#1409,#1395,#1382,#1368,#1354,#1340,#1326,#1312,#1300,#1287,#1271,#1255,#1228),#1241);
#6978= IFCRELASSOCIATESMATERIAL('1LEv2GjNb34vAdBbzlnyAs',#5,$,$,(#2609,#2601,#2593,#2583,#2571,#2563,#2555,#2547,#2539,#2531,#2523,#2510,#2498,#2490,#2480,#2467,#2453,#2443,#1798,#1790,#1782,#1774,#1766,#1758,#1750,#1742,#1734,#1726,#1718,#1710,#1702,#1694,#1686,#1678,#1670,#1662,#1654,#1646,#1638,#1630,#1622,#1614,#1606,#1598,#1590,#1576),#1582);
#6979= IFCRELASSOCIATESMATERIAL('3XBVxSwoLEl8b9lzdkDOv3',#5,$,$,(#6314,#6306,#6296,#6281,#6250,#6236,#6223,#6210,#6197,#6182,#6167,#6152,#6123,#6107,#6079,#6063,#6035,#6021,#6007,#5992,#5979,#5969,#5954,#5943,#5932,#5911,#5865,#5841,#5826,#5810,#5795,#5782,#5771,#5761,#5733,#5715,#5699,#5674,#5643,#5605,#5583,#5568,#5553,#5520,#5488,#5457,#5426,#5393,#5359,#5338,#5321,#5307,#5294,#5278,#5263,#5248,#5235,#5220,#5205,#5190,#5177,#5169,#5151,#5130,#5116,#5093,#5072,#5043,#5027,#5012,#4997,#4982,#4960,#4941,#4919,#4905,#4897,#4879,#4855,#4824,#4805,#4791,#4776,#4751,#4711,#4679,#4643,#4621,#4600,#4574,#4527,#4492,#4469,#4438,#4424,#4416,#4405,#4395,#4380,#4352,#4321,#4289,#4271,#4256,#4217,#4171,#4134,#4109,#4092,#4076,#4061,#4046,#4031,#4016,#4000,#3959,#3908,#3884,#3843,#3806,#3775,#3760,#3752,#3742,#3725,#3710,#3699,#3687,#3677,#3664,#3656,#3648,#3640,#3632,#3624,#3613,#3602,#3594,#3586,#3578,#3570,#3562,#3551,#3540,#3532,#3524,#3516,#3506,#3493,#3485,#3476,#3468,#3460,#3449,#3436,#3423,#3412,#3399,#3383,#3370,#3360,#3345,#3332,#3320,#3311,#3299,#3288,#3276,#3265,#3251,#3238,#3228,#3212,#3198,#3186,#3176,#3162,#3154,#3143,#3135,#3127,#3119,#3111,#3100,#3086,#3071,#3056,#3041,#3027,#3013,#3002,#2991,#2980,#2969,#2958,#2947,#2939,#2928,#2917,#2905,#2894,#2883,#2872,#2864,#2853,#2842,#2831,#2823,#2812,#2801,#2790,#2779,#2768,#2757,#2746,#2733,#2718,#2702,#2685,#2670,#2655,#2640,#2634,#2628,#2620,#2425,#2394,#2365,#2336,#2305,#2274,#2233,#2204,#2173,#2142,#2113,#2082,#2049,#2018,#1987,#1932),#1960);
ENDSEC;

END-ISO-10303-21;
